phase,tourney_id,round_order,block_idx,row_in_block,y_true,probability
test,2017-0352,2,582,0,0.0,0.40772052488500327
test,2017-0352,2,582,1,1.0,0.52688560083612
test,2017-0352,2,582,2,1.0,0.6478315402201217
test,2017-0352,2,582,3,0.0,0.5360852891971906
test,2017-0352,2,582,4,1.0,0.5629660700436053
test,2017-0352,2,582,5,1.0,0.47285296329142723
test,2017-0352,2,582,6,1.0,0.44369273893314604
test,2017-0352,2,582,7,0.0,0.6963166590061045
test,2017-0352,2,582,8,1.0,0.6123286314465859
test,2017-0352,2,582,9,0.0,0.4565805736452701
test,2017-0352,2,582,10,0.0,0.49120461145117084
test,2017-0352,2,582,11,0.0,0.49657177350873305
test,2017-0352,2,582,12,0.0,0.5138436572294033
test,2017-0352,2,582,13,1.0,0.4771264480912139
test,2017-0352,2,582,14,1.0,0.4200419972078386
test,2017-0352,2,582,15,0.0,0.4988727691768874
test,2017-0352,3,583,0,0.0,0.08347508652989681
test,2017-0352,3,583,1,0.0,0.5239456352776309
test,2017-0352,3,583,2,1.0,0.3764411005167347
test,2017-0352,3,583,3,0.0,0.6463508125108285
test,2017-0352,3,583,4,1.0,0.48192732845555064
test,2017-0352,3,583,5,0.0,0.2590339663511518
test,2017-0352,3,583,6,1.0,0.6541003626421721
test,2017-0352,3,583,7,1.0,0.5848891509930527
test,2017-0352,3,583,8,1.0,0.4925197578973523
test,2017-0352,3,583,9,0.0,0.49615986987656013
test,2017-0352,3,583,10,1.0,0.7061004709377063
test,2017-0352,3,583,11,0.0,0.41300296861810243
test,2017-0352,3,583,12,0.0,0.6899437319473094
test,2017-0352,3,583,13,1.0,0.42598379220408006
test,2017-0352,3,583,14,0.0,0.45914633603995764
test,2017-0352,3,583,15,1.0,0.43908190648939666
test,2017-0352,4,584,0,0.0,0.5218496880913691
test,2017-0352,4,584,1,1.0,0.5757516805572659
test,2017-0352,4,584,2,1.0,0.6780868008722499
test,2017-0352,4,584,3,1.0,0.5030697634679172
test,2017-0352,4,584,4,0.0,0.5480661183068067
test,2017-0352,4,584,5,0.0,0.2837409938854937
test,2017-0352,4,584,6,1.0,0.47386394981082686
test,2017-0352,4,584,7,0.0,0.07830995623806068
test,2017-0352,5,585,0,1.0,0.47488156104700147
test,2017-0352,5,585,1,0.0,0.5861094139223322
test,2017-0352,5,585,2,0.0,0.6957869785179447
test,2017-0352,5,585,3,1.0,0.07960959754325915
test,2017-0352,6,586,0,0.0,0.7146177156717629
test,2017-0352,6,586,1,0.0,0.565572728665639
test,2017-0352,7,587,0,1.0,0.5022628341683588
test,2017-0410,2,525,0,0.0,0.4999762299541812
test,2017-0410,2,525,1,1.0,0.6122301748151048
test,2017-0410,2,525,2,1.0,0.47846446717299035
test,2017-0410,2,525,3,1.0,0.28714636821756817
test,2017-0410,2,525,4,1.0,0.6296713201820155
test,2017-0410,2,525,5,0.0,0.36332532325419903
test,2017-0410,2,525,6,1.0,0.4722059106430394
test,2017-0410,2,525,7,1.0,0.5647029251092176
test,2017-0410,2,525,8,1.0,0.4694537080631879
test,2017-0410,2,525,9,1.0,0.6057977712780096
test,2017-0410,2,525,10,0.0,0.49892645370653804
test,2017-0410,2,525,11,0.0,0.6132457551712218
test,2017-0410,2,525,12,1.0,0.4951853629285465
test,2017-0410,2,525,13,1.0,0.6018503378125485
test,2017-0410,2,525,14,1.0,0.31797640408775857
test,2017-0410,2,525,15,1.0,0.39118884539036175
test,2017-0410,2,525,16,0.0,0.41293434137325846
test,2017-0410,2,525,17,1.0,0.5063888144771019
test,2017-0410,2,525,18,0.0,0.5232304123815819
test,2017-0410,2,525,19,1.0,0.5527157559096634
test,2017-0410,2,525,20,1.0,0.5777631738318282
test,2017-0410,2,525,21,1.0,0.4923294992786984
test,2017-0410,2,525,22,1.0,0.6126910126196932
test,2017-0410,2,525,23,1.0,0.769464457874992
test,2017-0410,3,526,0,1.0,0.49354758547505456
test,2017-0410,3,526,1,1.0,0.8959428902198625
test,2017-0410,3,526,2,1.0,0.6019253883795973
test,2017-0410,3,526,3,0.0,0.27309176726662227
test,2017-0410,3,526,4,0.0,0.21236775200036406
test,2017-0410,3,526,5,0.0,0.4534274637238008
test,2017-0410,3,526,6,1.0,0.30526899002680835
test,2017-0410,3,526,7,0.0,0.6396873947439645
test,2017-0410,3,526,8,1.0,0.400265639827108
test,2017-0410,3,526,9,0.0,0.3510386697242764
test,2017-0410,3,526,10,1.0,0.49100637413466564
test,2017-0410,3,526,11,0.0,0.006079848950353467
test,2017-0410,3,526,12,1.0,0.4108906678593026
test,2017-0410,3,526,13,1.0,0.69350938904904
test,2017-0410,3,526,14,0.0,0.42131942221943197
test,2017-0410,3,526,15,0.0,0.029623122040623902
test,2017-0410,4,527,0,1.0,0.9745144194267442
test,2017-0410,4,527,1,1.0,0.423706852608909
test,2017-0410,4,527,2,1.0,0.500132508231934
test,2017-0410,4,527,3,1.0,0.5606080194349756
test,2017-0410,4,527,4,1.0,0.2954640944799263
test,2017-0410,4,527,5,1.0,0.2743348885863842
test,2017-0410,4,527,6,1.0,0.14683944351188144
test,2017-0410,4,527,7,0.0,0.008402452109941907
test,2017-0410,5,528,0,1.0,0.03919150851174422
test,2017-0410,5,528,1,1.0,0.9923492596398115
test,2017-0410,5,528,2,0.0,0.6406781128230785
test,2017-0410,5,528,3,1.0,0.5614766613568053
test,2017-0410,6,529,0,1.0,0.9734741360219223
test,2017-0410,6,529,1,1.0,0.5456944900511314
test,2017-0410,7,530,0,1.0,0.9838264396008161
test,2017-0421,2,557,0,0.0,0.28277672858765285
test,2017-0421,2,557,1,1.0,0.5711257691447277
test,2017-0421,2,557,2,1.0,0.5823422191867305
test,2017-0421,2,557,3,1.0,0.539953638055816
test,2017-0421,2,557,4,0.0,0.3640429020175822
test,2017-0421,2,557,5,0.0,0.48373677463443665
test,2017-0421,2,557,6,0.0,0.478963446232315
test,2017-0421,2,557,7,1.0,0.4734654971798148
test,2017-0421,2,557,8,0.0,0.4954847499349005
test,2017-0421,2,557,9,1.0,0.49048689443885046
test,2017-0421,2,557,10,1.0,0.5793541177370695
test,2017-0421,2,557,11,1.0,0.5891178756171634
test,2017-0421,2,557,12,0.0,0.5375534813384152
test,2017-0421,2,557,13,0.0,0.4836308151575101
test,2017-0421,2,557,14,0.0,0.5292232412054102
test,2017-0421,2,557,15,1.0,0.5001694192936961
test,2017-0421,2,557,16,0.0,0.35693838804754746
test,2017-0421,2,557,17,1.0,0.55827306127094
test,2017-0421,2,557,18,1.0,0.39192864641637987
test,2017-0421,2,557,19,0.0,0.46034097376753813
test,2017-0421,2,557,20,1.0,0.6870049951994499
test,2017-0421,2,557,21,0.0,0.48466345306965
test,2017-0421,2,557,22,1.0,0.5469795199016195
test,2017-0421,2,557,23,0.0,0.6356061466309951
test,2017-0421,3,558,0,0.0,0.6315368614332291
test,2017-0421,3,558,1,0.0,0.11592213679714604
test,2017-0421,3,558,2,1.0,0.45310892500850536
test,2017-0421,3,558,3,0.0,0.6948162923451167
test,2017-0421,3,558,4,0.0,0.4293511661934982
test,2017-0421,3,558,5,0.0,0.5246665062369503
test,2017-0421,3,558,6,1.0,0.2775947474167781
test,2017-0421,3,558,7,1.0,0.6176486942385516
test,2017-0421,3,558,8,1.0,0.505916000637135
test,2017-0421,3,558,9,0.0,0.3599879790178337
test,2017-0421,3,558,10,1.0,0.47323895622410306
test,2017-0421,3,558,11,1.0,0.3046149656619332
test,2017-0421,3,558,12,1.0,0.3420777791153766
test,2017-0421,3,558,13,0.0,0.3199787857817419
test,2017-0421,3,558,14,1.0,0.9705458785589225
test,2017-0421,3,558,15,0.0,0.43904324378723564
test,2017-0421,4,559,0,0.0,0.08185861428051656
test,2017-0421,4,559,1,1.0,0.38609431693935203
test,2017-0421,4,559,2,0.0,0.6867051502001631
test,2017-0421,4,559,3,1.0,0.541191397518742
test,2017-0421,4,559,4,1.0,0.49100610217638224
test,2017-0421,4,559,5,0.0,0.45493358534616424
test,2017-0421,4,559,6,0.0,0.9048780383468447
test,2017-0421,4,559,7,0.0,0.5333561946435914
test,2017-0421,5,560,0,0.0,0.04494833834960455
test,2017-0421,5,560,1,0.0,0.5037579532279486
test,2017-0421,5,560,2,1.0,0.41600826894661064
test,2017-0421,5,560,3,1.0,0.5198181995092273
test,2017-0421,6,561,0,0.0,0.4869057945728189
test,2017-0421,6,561,1,0.0,0.030068109096177565
test,2017-0421,7,562,0,1.0,0.04154343229707667
test,2017-5014,2,576,0,0.0,0.5
test,2017-5014,2,576,1,0.0,0.5
test,2017-5014,2,576,2,1.0,0.5
test,2017-5014,2,576,3,0.0,0.5
test,2017-5014,2,576,4,0.0,0.5
test,2017-5014,2,576,5,0.0,0.5
test,2017-5014,2,576,6,1.0,0.5
test,2017-5014,2,576,7,0.0,0.5
test,2017-5014,2,576,8,1.0,0.5
test,2017-5014,2,576,9,1.0,0.5
test,2017-5014,2,576,10,1.0,0.5
test,2017-5014,2,576,11,1.0,0.5
test,2017-5014,2,576,12,1.0,0.5
test,2017-5014,2,576,13,1.0,0.5
test,2017-5014,2,576,14,0.0,0.5
test,2017-5014,2,576,15,1.0,0.5
test,2017-5014,2,576,16,0.0,0.5
test,2017-5014,2,576,17,1.0,0.5
test,2017-5014,2,576,18,0.0,0.5
test,2017-5014,2,576,19,1.0,0.5
test,2017-5014,2,576,20,1.0,0.5
test,2017-5014,2,576,21,1.0,0.5
test,2017-5014,2,576,22,1.0,0.5
test,2017-5014,2,576,23,0.0,0.5
test,2017-5014,3,577,0,0.0,0.5
test,2017-5014,3,577,1,0.0,0.5
test,2017-5014,3,577,2,0.0,0.5
test,2017-5014,3,577,3,0.0,0.5
test,2017-5014,3,577,4,1.0,0.5
test,2017-5014,3,577,5,0.0,0.5
test,2017-5014,3,577,6,0.0,0.5
test,2017-5014,3,577,7,0.0,0.5
test,2017-5014,3,577,8,0.0,0.5
test,2017-5014,3,577,9,1.0,0.5
test,2017-5014,3,577,10,1.0,0.5
test,2017-5014,3,577,11,0.0,0.5
test,2017-5014,3,577,12,0.0,0.5
test,2017-5014,3,577,13,0.0,0.5
test,2017-5014,3,577,14,1.0,0.5
test,2017-5014,3,577,15,1.0,0.5
test,2017-5014,4,578,0,1.0,0.5
test,2017-5014,4,578,1,1.0,0.5
test,2017-5014,4,578,2,1.0,0.5
test,2017-5014,4,578,3,1.0,0.5
test,2017-5014,4,578,4,1.0,0.5
test,2017-5014,4,578,5,0.0,0.5
test,2017-5014,4,578,6,1.0,0.5
test,2017-5014,4,578,7,1.0,0.5
test,2017-5014,5,579,0,1.0,0.5
test,2017-5014,5,579,1,1.0,0.5
test,2017-5014,5,579,2,0.0,0.5
test,2017-5014,5,579,3,0.0,0.5
test,2017-5014,6,580,0,0.0,0.5
test,2017-5014,6,580,1,1.0,0.5
test,2017-5014,7,581,0,1.0,0.5
test,2017-520,1,543,0,1.0,0.9495053058906207
test,2017-520,1,543,1,1.0,0.5366081993166413
test,2017-520,1,543,2,0.0,0.6162515036204281
test,2017-520,1,543,3,1.0,0.5443786886919413
test,2017-520,1,543,4,0.0,0.4979269874979175
test,2017-520,1,543,5,1.0,0.5120895868880007
test,2017-520,1,543,6,1.0,0.3521557515987624
test,2017-520,1,543,7,0.0,0.3937761741188689
test,2017-520,1,543,8,1.0,0.5181109542582499
test,2017-520,1,543,9,0.0,0.5071785721130915
test,2017-520,1,543,10,0.0,0.41731541669125993
test,2017-520,1,543,11,1.0,0.7456588168735507
test,2017-520,1,543,12,1.0,0.5971798076421044
test,2017-520,1,543,13,1.0,0.7875901644508035
test,2017-520,1,543,14,1.0,0.7590846189695925
test,2017-520,1,543,15,1.0,0.7932349850915201
test,2017-520,1,543,16,1.0,0.574451896837966
test,2017-520,1,543,17,1.0,0.5461764709957146
test,2017-520,1,543,18,0.0,0.2493606787308534
test,2017-520,1,543,19,1.0,0.4852949958937214
test,2017-520,1,543,20,0.0,0.48395683814761314
test,2017-520,1,543,21,1.0,0.31732061247687493
test,2017-520,1,543,22,0.0,0.2908370281996492
test,2017-520,1,543,23,1.0,0.5864264650175701
test,2017-520,1,543,24,0.0,0.4642875561372708
test,2017-520,1,543,25,1.0,0.60905673780437
test,2017-520,1,543,26,1.0,0.53813687237038
test,2017-520,1,543,27,1.0,0.6593057711978882
test,2017-520,1,543,28,0.0,0.4433622348631028
test,2017-520,1,543,29,1.0,0.8518454394224495
test,2017-520,1,543,30,1.0,0.5171101683039921
test,2017-520,1,543,31,1.0,0.568626903972866
test,2017-520,1,543,32,0.0,0.5175656582426557
test,2017-520,1,543,33,1.0,0.5513185914649507
test,2017-520,1,543,34,0.0,0.5078168078029784
test,2017-520,1,543,35,0.0,0.34093210990593614
test,2017-520,1,543,36,1.0,0.4672938963817451
test,2017-520,1,543,37,0.0,0.41153451461698054
test,2017-520,1,543,38,0.0,0.39398258419914917
test,2017-520,1,543,39,0.0,0.24398697396381092
test,2017-520,1,543,40,0.0,0.4902116329454518
test,2017-520,1,543,41,1.0,0.536351534998855
test,2017-520,1,543,42,1.0,0.5255895893611978
test,2017-520,1,543,43,1.0,0.47196279905899974
test,2017-520,1,543,44,1.0,0.5690328103068212
test,2017-520,1,543,45,1.0,0.47543236707690567
test,2017-520,1,543,46,1.0,0.8815351081745517
test,2017-520,1,543,47,1.0,0.9917585230280227
test,2017-520,1,543,48,1.0,0.5177206989136067
test,2017-520,1,543,49,0.0,0.5016300938317599
test,2017-520,1,543,50,0.0,0.6097006427284533
test,2017-520,1,543,51,0.0,0.4522432841476572
test,2017-520,1,543,52,0.0,0.3681746192375992
test,2017-520,1,543,53,0.0,0.49735644177692895
test,2017-520,1,543,54,0.0,0.4423538021748107
test,2017-520,1,543,55,1.0,0.5324070751598693
test,2017-520,1,543,56,0.0,0.5167538537263581
test,2017-520,1,543,57,1.0,0.45768271925860465
test,2017-520,1,543,58,1.0,0.6078259259001778
test,2017-520,1,543,59,0.0,0.49650371788370995
test,2017-520,1,543,60,0.0,0.48582220918840147
test,2017-520,1,543,61,1.0,0.5141056370401971
test,2017-520,1,543,62,0.0,0.37558278226382
test,2017-520,1,543,63,1.0,0.5878550752265894
test,2017-520,2,544,0,0.0,0.4139146732826635
test,2017-520,2,544,1,1.0,0.6110495041215646
test,2017-520,2,544,2,0.0,0.4627052084776675
test,2017-520,2,544,3,0.0,0.45073335481815474
test,2017-520,2,544,4,1.0,0.46614242056140487
test,2017-520,2,544,5,0.0,0.2266182355450845
test,2017-520,2,544,6,0.0,0.12903983052704462
test,2017-520,2,544,7,1.0,0.43984306768148085
test,2017-520,2,544,8,1.0,0.5404335682139924
test,2017-520,2,544,9,1.0,0.5319793459080278
test,2017-520,2,544,10,0.0,0.4324741549321646
test,2017-520,2,544,11,0.0,0.00503438575759869
test,2017-520,2,544,12,1.0,0.6225445490974705
test,2017-520,2,544,13,0.0,0.657640500219857
test,2017-520,2,544,14,0.0,0.7435401304763488
test,2017-520,2,544,15,0.0,0.5086271986936706
test,2017-520,2,544,16,0.0,0.5196419990471889
test,2017-520,2,544,17,1.0,0.6024119593831092
test,2017-520,2,544,18,0.0,0.42760611869904425
test,2017-520,2,544,19,1.0,0.6940842091435123
test,2017-520,2,544,20,1.0,0.7013427599711375
test,2017-520,2,544,21,0.0,0.3003696968034949
test,2017-520,2,544,22,1.0,0.5648992220802739
test,2017-520,2,544,23,0.0,0.2567363986330731
test,2017-520,2,544,24,0.0,0.3282650678770858
test,2017-520,2,544,25,1.0,0.6735566407497618
test,2017-520,2,544,26,0.0,0.4275218173692365
test,2017-520,2,544,27,1.0,0.4587627314946162
test,2017-520,2,544,28,1.0,0.6253279495651238
test,2017-520,2,544,29,0.0,0.45635224935047264
test,2017-520,2,544,30,0.0,0.1732901242607444
test,2017-520,2,544,31,1.0,0.9720869193400732
test,2017-520,3,545,0,1.0,0.8716094352998149
test,2017-520,3,545,1,0.0,0.23412016432751612
test,2017-520,3,545,2,1.0,0.9712546454581873
test,2017-520,3,545,3,0.0,0.4525956092541845
test,2017-520,3,545,4,0.0,0.7324159765433742
test,2017-520,3,545,5,1.0,0.9946884219683334
test,2017-520,3,545,6,1.0,0.5625152429238559
test,2017-520,3,545,7,0.0,0.5412316296305675
test,2017-520,3,545,8,1.0,0.5554652496050358
test,2017-520,3,545,9,1.0,0.5220764517335889
test,2017-520,3,545,10,1.0,0.5673867390631279
test,2017-520,3,545,11,0.0,0.49540276780259884
test,2017-520,3,545,12,0.0,0.30213339038574105
test,2017-520,3,545,13,0.0,0.5673123120571935
test,2017-520,3,545,14,1.0,0.4988108602470954
test,2017-520,3,545,15,1.0,0.561382727057413
test,2017-520,4,546,0,1.0,0.9470532215506839
test,2017-520,4,546,1,1.0,0.8214269072569612
test,2017-520,4,546,2,0.0,0.008912053039331912
test,2017-520,4,546,3,1.0,0.4740694052809701
test,2017-520,4,546,4,1.0,0.5541721485470963
test,2017-520,4,546,5,1.0,0.7066631949028673
test,2017-520,4,546,6,0.0,0.427547694033258
test,2017-520,4,546,7,0.0,0.20574801143270738
test,2017-520,5,547,0,0.0,0.8534358854894378
test,2017-520,5,547,1,0.0,0.008583804925051897
test,2017-520,5,547,2,1.0,0.7031018795259429
test,2017-520,5,547,3,0.0,0.3521775988616995
test,2017-520,6,548,0,1.0,0.9483422633635596
test,2017-520,6,548,1,0.0,0.6160243924116986
test,2017-520,7,549,0,1.0,0.9758351297618266
test,2017-540,1,550,0,0.0,0.2410775963059074
test,2017-540,1,550,1,0.0,0.4999486858012254
test,2017-540,1,550,2,1.0,0.6356185656880169
test,2017-540,1,550,3,1.0,0.6327029944163722
test,2017-540,1,550,4,0.0,0.48783237191353007
test,2017-540,1,550,5,0.0,0.6055570343271843
test,2017-540,1,550,6,0.0,0.3884083792508218
test,2017-540,1,550,7,0.0,0.09537263606871325
test,2017-540,1,550,8,0.0,0.47683375069501366
test,2017-540,1,550,9,1.0,0.4853814007154904
test,2017-540,1,550,10,1.0,0.18673023702629432
test,2017-540,1,550,11,0.0,0.49882254634462736
test,2017-540,1,550,12,0.0,0.4908728964697415
test,2017-540,1,550,13,1.0,0.5248259950374565
test,2017-540,1,550,14,0.0,0.2853763406708167
test,2017-540,1,550,15,0.0,0.4999999999999998
test,2017-540,1,550,16,1.0,0.7073922039265815
test,2017-540,1,550,17,1.0,0.6036510525325691
test,2017-540,1,550,18,0.0,0.48916484635596197
test,2017-540,1,550,19,0.0,0.46762802859386415
test,2017-540,1,550,20,1.0,0.4352830801416056
test,2017-540,1,550,21,0.0,0.4498217998527815
test,2017-540,1,550,22,1.0,0.521781355407097
test,2017-540,1,550,23,1.0,0.5259499995728442
test,2017-540,1,550,24,0.0,0.6328193862814503
test,2017-540,1,550,25,1.0,0.4810465853471974
test,2017-540,1,550,26,0.0,0.4884968824176476
test,2017-540,1,550,27,1.0,0.5623628198297999
test,2017-540,1,550,28,0.0,0.04111909311412568
test,2017-540,1,550,29,1.0,0.9296686349491613
test,2017-540,1,550,30,1.0,0.3255756823553061
test,2017-540,1,550,31,0.0,0.44652259475567396
test,2017-540,1,550,32,0.0,0.2512572830348094
test,2017-540,1,550,33,1.0,0.7766567870509551
test,2017-540,1,550,34,0.0,0.4703580412221698
test,2017-540,1,550,35,1.0,0.8287299181344716
test,2017-540,1,550,36,0.0,0.5705310710356538
test,2017-540,1,550,37,1.0,0.19535349738459554
test,2017-540,1,550,38,1.0,0.4999539831074806
test,2017-540,1,550,39,0.0,0.4730892467723848
test,2017-540,1,550,40,0.0,0.31389014427932005
test,2017-540,1,550,41,0.0,0.4962175551262112
test,2017-540,1,550,42,1.0,0.5282079614532329
test,2017-540,1,550,43,1.0,0.2383566485546895
test,2017-540,1,550,44,1.0,0.5005694790383899
test,2017-540,1,550,45,0.0,0.5937485978051327
test,2017-540,1,550,46,0.0,0.346907427782969
test,2017-540,1,550,47,0.0,0.5036797777534713
test,2017-540,1,550,48,1.0,0.6720099075306125
test,2017-540,1,550,49,1.0,0.5207723350918536
test,2017-540,1,550,50,1.0,0.5543675221879071
test,2017-540,1,550,51,1.0,0.9534532901261112
test,2017-540,1,550,52,1.0,0.3368785312402983
test,2017-540,1,550,53,1.0,0.5305004913779847
test,2017-540,1,550,54,0.0,0.6777193315028731
test,2017-540,1,550,55,1.0,0.822215645732336
test,2017-540,1,550,56,0.0,0.5133155744760934
test,2017-540,1,550,57,1.0,0.5822346756187774
test,2017-540,1,550,58,1.0,0.4940945534814972
test,2017-540,1,550,59,0.0,0.4013544197486661
test,2017-540,1,550,60,0.0,0.6911422651746304
test,2017-540,1,550,61,1.0,0.5112649975239464
test,2017-540,1,550,62,1.0,0.7993702404195273
test,2017-540,1,550,63,1.0,0.36564404333519795
test,2017-540,2,551,0,1.0,0.8088354588042621
test,2017-540,2,551,1,1.0,0.6885965287671866
test,2017-540,2,551,2,0.0,0.558428473625517
test,2017-540,2,551,3,0.0,0.4166673656210887
test,2017-540,2,551,4,0.0,0.04123687200175925
test,2017-540,2,551,5,0.0,0.4821223284674275
test,2017-540,2,551,6,1.0,0.6117288917196575
test,2017-540,2,551,7,0.0,0.2733112219748833
test,2017-540,2,551,8,0.0,0.33267640246920327
test,2017-540,2,551,9,1.0,0.721897963003235
test,2017-540,2,551,10,0.0,0.5287747548600411
test,2017-540,2,551,11,0.0,0.5958624547879282
test,2017-540,2,551,12,1.0,0.49041673011737724
test,2017-540,2,551,13,1.0,0.7350028457743849
test,2017-540,2,551,14,1.0,0.795532343964651
test,2017-540,2,551,15,1.0,0.6400172968643033
test,2017-540,2,551,16,0.0,0.39080023858918145
test,2017-540,2,551,17,0.0,0.4876231603682698
test,2017-540,2,551,18,0.0,0.10367228656573192
test,2017-540,2,551,19,0.0,0.3833047375688642
test,2017-540,2,551,20,1.0,0.5960286343142893
test,2017-540,2,551,21,1.0,0.6276445840935885
test,2017-540,2,551,22,0.0,0.7767500687233405
test,2017-540,2,551,23,0.0,0.48008764784746455
test,2017-540,2,551,24,0.0,0.2974012486920872
test,2017-540,2,551,25,1.0,0.45637849164666605
test,2017-540,2,551,26,1.0,0.47444931375929145
test,2017-540,2,551,27,1.0,0.47919965517584756
test,2017-540,2,551,28,1.0,0.5293595047840645
test,2017-540,2,551,29,1.0,0.9290336372235184
test,2017-540,2,551,30,0.0,0.5075413263674599
test,2017-540,2,551,31,0.0,0.06131725206774916
test,2017-540,3,552,0,0.0,0.3916854227388759
test,2017-540,3,552,1,0.0,0.4995596123450458
test,2017-540,3,552,2,0.0,0.09783379733696071
test,2017-540,3,552,3,0.0,0.46975334963963233
test,2017-540,3,552,4,1.0,0.5652888870741187
test,2017-540,3,552,5,1.0,0.9425304654429367
test,2017-540,3,552,6,0.0,0.24425864098452169
test,2017-540,3,552,7,0.0,0.174352368910928
test,2017-540,3,552,8,1.0,0.738220286852162
test,2017-540,3,552,9,0.0,0.16490322864380677
test,2017-540,3,552,10,1.0,0.5063029316643541
test,2017-540,3,552,11,0.0,0.1529612852757338
test,2017-540,3,552,12,1.0,0.6392956118734907
test,2017-540,3,552,13,0.0,0.4712481039281017
test,2017-540,3,552,14,1.0,0.4604889483223832
test,2017-540,3,552,15,1.0,0.9483562178116713
test,2017-540,4,553,0,0.0,0.1932004117484574
test,2017-540,4,553,1,0.0,0.3149443948871299
test,2017-540,4,553,2,0.0,0.1487418129602291
test,2017-540,4,553,3,1.0,0.452622147500831
test,2017-540,4,553,4,1.0,0.8310347807817823
test,2017-540,4,553,5,1.0,0.7741165498285425
test,2017-540,4,553,6,0.0,0.3593414345107217
test,2017-540,4,553,7,0.0,0.05498224379538589
test,2017-540,5,554,0,1.0,0.18790065397167946
test,2017-540,5,554,1,1.0,0.8329862109463149
test,2017-540,5,554,2,0.0,0.5130198258927359
test,2017-540,5,554,3,0.0,0.8402235715208961
test,2017-540,6,555,0,1.0,0.8685573976372971
test,2017-540,6,555,1,0.0,0.3021587427282798
test,2017-540,7,556,0,1.0,0.6712232469919474
test,2017-560,1,569,0,0.0,0.20702922316271616
test,2017-560,1,569,1,0.0,0.4376292738445028
test,2017-560,1,569,2,0.0,0.30728921610115323
test,2017-560,1,569,3,0.0,0.5001242032890276
test,2017-560,1,569,4,0.0,0.508787925354393
test,2017-560,1,569,5,0.0,0.4574584411232452
test,2017-560,1,569,6,1.0,0.29393612026689736
test,2017-560,1,569,7,1.0,0.5200124079601456
test,2017-560,1,569,8,1.0,0.5110836588856329
test,2017-560,1,569,9,0.0,0.4443080192671084
test,2017-560,1,569,10,0.0,0.40747059562202564
test,2017-560,1,569,11,0.0,0.40600307973487165
test,2017-560,1,569,12,0.0,0.030780628540367096
test,2017-560,1,569,13,0.0,0.23741839745851331
test,2017-560,1,569,14,1.0,0.500784526192773
test,2017-560,1,569,15,0.0,0.4207210300650247
test,2017-560,1,569,16,0.0,0.5088802838331901
test,2017-560,1,569,17,0.0,0.39668342797042894
test,2017-560,1,569,18,0.0,0.4493249016906614
test,2017-560,1,569,19,1.0,0.5153789599012628
test,2017-560,1,569,20,1.0,0.4887855065859867
test,2017-560,1,569,21,0.0,0.25003655984474266
test,2017-560,1,569,22,1.0,0.5467147977121971
test,2017-560,1,569,23,0.0,0.4613383413012512
test,2017-560,1,569,24,0.0,0.6082814415725997
test,2017-560,1,569,25,0.0,0.677461925231338
test,2017-560,1,569,26,1.0,0.5271372699359183
test,2017-560,1,569,27,0.0,0.5054938560256009
test,2017-560,1,569,28,0.0,0.08721943898891561
test,2017-560,1,569,29,0.0,0.4815683849723987
test,2017-560,1,569,30,1.0,0.5246208702192167
test,2017-560,1,569,31,1.0,0.37782681357979386
test,2017-560,1,569,32,1.0,0.5763641179746396
test,2017-560,1,569,33,0.0,0.4256909012723084
test,2017-560,1,569,34,0.0,0.46420236252794117
test,2017-560,1,569,35,0.0,0.7407455120387038
test,2017-560,1,569,36,1.0,0.430626646484072
test,2017-560,1,569,37,0.0,0.43544292491723924
test,2017-560,1,569,38,0.0,0.43277496334169174
test,2017-560,1,569,39,1.0,0.5299782837042107
test,2017-560,1,569,40,1.0,0.4835041794942339
test,2017-560,1,569,41,1.0,0.5285333934664899
test,2017-560,1,569,42,0.0,0.5668725943053732
test,2017-560,1,569,43,0.0,0.5196522499858346
test,2017-560,1,569,44,1.0,0.49767923695676836
test,2017-560,1,569,45,1.0,0.6049231612010053
test,2017-560,1,569,46,0.0,0.22570808764481468
test,2017-560,1,569,47,1.0,0.712471754759694
test,2017-560,1,569,48,0.0,0.4294254026413529
test,2017-560,1,569,49,0.0,0.4974754457956878
test,2017-560,1,569,50,1.0,0.664654404333624
test,2017-560,1,569,51,0.0,0.46067368729061275
test,2017-560,1,569,52,1.0,0.47372133308584286
test,2017-560,1,569,53,1.0,0.4947093487810445
test,2017-560,1,569,54,1.0,0.5190342552576701
test,2017-560,1,569,55,0.0,0.4137971105059114
test,2017-560,1,569,56,1.0,0.5730481249400903
test,2017-560,1,569,57,1.0,0.5141275311298293
test,2017-560,1,569,58,1.0,0.7335963660802837
test,2017-560,1,569,59,1.0,0.4255884992951013
test,2017-560,1,569,60,1.0,0.5
test,2017-560,1,569,61,0.0,0.5152060943970953
test,2017-560,1,569,62,0.0,0.4983800625795287
test,2017-560,1,569,63,1.0,0.4784704627365009
test,2017-560,2,570,0,1.0,0.5067958659049194
test,2017-560,2,570,1,0.0,0.28661494275481986
test,2017-560,2,570,2,1.0,0.48879026697271627
test,2017-560,2,570,3,0.0,0.5330656906503175
test,2017-560,2,570,4,1.0,0.63236547320349
test,2017-560,2,570,5,0.0,0.4715473325021625
test,2017-560,2,570,6,1.0,0.309190822123633
test,2017-560,2,570,7,0.0,0.5144379278999888
test,2017-560,2,570,8,1.0,0.48699452172507496
test,2017-560,2,570,9,1.0,0.4964305134840067
test,2017-560,2,570,10,1.0,0.4697278807669755
test,2017-560,2,570,11,1.0,0.3635078355800921
test,2017-560,2,570,12,1.0,0.6133948985630069
test,2017-560,2,570,13,0.0,0.3255186026367941
test,2017-560,2,570,14,1.0,0.5739685509368196
test,2017-560,2,570,15,1.0,0.6920648936537398
test,2017-560,2,570,16,0.0,0.36403044425749764
test,2017-560,2,570,17,1.0,0.5101607369174387
test,2017-560,2,570,18,1.0,0.5617112875654205
test,2017-560,2,570,19,0.0,0.49658086494879133
test,2017-560,2,570,20,1.0,0.9608774253052587
test,2017-560,2,570,21,0.0,0.7583902797752476
test,2017-560,2,570,22,1.0,0.5398675610003822
test,2017-560,2,570,23,1.0,0.5534602362604374
test,2017-560,2,570,24,0.0,0.4428218359403795
test,2017-560,2,570,25,0.0,0.714588755359483
test,2017-560,2,570,26,0.0,0.4719383487120699
test,2017-560,2,570,27,0.0,0.49808552883063373
test,2017-560,2,570,28,1.0,0.5713954800736395
test,2017-560,2,570,29,0.0,0.5275156193351791
test,2017-560,2,570,30,0.0,0.08542932235421143
test,2017-560,2,570,31,1.0,0.7748890870500444
test,2017-560,3,571,0,0.0,0.47088557239879575
test,2017-560,3,571,1,1.0,0.9034185577510555
test,2017-560,3,571,2,1.0,0.24302142342060148
test,2017-560,3,571,3,0.0,0.4760581803712396
test,2017-560,3,571,4,0.0,0.401111319127279
test,2017-560,3,571,5,1.0,0.5720370363737307
test,2017-560,3,571,6,0.0,0.6587900835982661
test,2017-560,3,571,7,1.0,0.621998838529803
test,2017-560,3,571,8,1.0,0.4929099471336438
test,2017-560,3,571,9,1.0,0.5616290826099551
test,2017-560,3,571,10,1.0,0.5390209637155218
test,2017-560,3,571,11,1.0,0.947952802542587
test,2017-560,3,571,12,1.0,0.49683361653961444
test,2017-560,3,571,13,1.0,0.3514887729227777
test,2017-560,3,571,14,1.0,0.5833765389897089
test,2017-560,3,571,15,1.0,0.4970138463056759
test,2017-560,4,572,0,1.0,0.4978082591882903
test,2017-560,4,572,1,1.0,0.39968582113075046
test,2017-560,4,572,2,0.0,0.3432065085027761
test,2017-560,4,572,3,1.0,0.5066467089790264
test,2017-560,4,572,4,1.0,0.6210266682889983
test,2017-560,4,572,5,1.0,0.9635325764838318
test,2017-560,4,572,6,1.0,0.4274104256397837
test,2017-560,4,572,7,1.0,0.8616168649097562
test,2017-560,5,573,0,0.0,0.5417452641162055
test,2017-560,5,573,1,1.0,0.5598947911146651
test,2017-560,5,573,2,1.0,0.06354807674383069
test,2017-560,5,573,3,0.0,0.1020437760340314
test,2017-560,6,574,0,1.0,0.64255992195771
test,2017-560,6,574,1,1.0,0.7528164731491465
test,2017-560,7,575,0,0.0,0.16164944789267266
test,2017-580,1,504,0,0.0,0.011409550342338702
test,2017-580,1,504,1,1.0,0.5284217132732231
test,2017-580,1,504,2,0.0,0.42157507115098986
test,2017-580,1,504,3,1.0,0.4663567503742768
test,2017-580,1,504,4,1.0,0.5055773378866963
test,2017-580,1,504,5,1.0,0.7905763108535915
test,2017-580,1,504,6,0.0,0.427735535594967
test,2017-580,1,504,7,1.0,0.5441672878613019
test,2017-580,1,504,8,1.0,0.4991183151053165
test,2017-580,1,504,9,0.0,0.5137647609007318
test,2017-580,1,504,10,0.0,0.5039274517179977
test,2017-580,1,504,11,1.0,0.5194675730980434
test,2017-580,1,504,12,1.0,0.5355069335131583
test,2017-580,1,504,13,1.0,0.8498386312285972
test,2017-580,1,504,14,0.0,0.1950471734011656
test,2017-580,1,504,15,0.0,0.4268629919397022
test,2017-580,1,504,16,1.0,0.5489965735977891
test,2017-580,1,504,17,1.0,0.4817251855348736
test,2017-580,1,504,18,1.0,0.9363336127726204
test,2017-580,1,504,19,0.0,0.49639389360011965
test,2017-580,1,504,20,0.0,0.47547659982645124
test,2017-580,1,504,21,0.0,0.21761873477629393
test,2017-580,1,504,22,0.0,0.5825243686733849
test,2017-580,1,504,23,1.0,0.50244668755621
test,2017-580,1,504,24,1.0,0.4769576746596103
test,2017-580,1,504,25,1.0,0.7502815829895001
test,2017-580,1,504,26,1.0,0.5803856967611284
test,2017-580,1,504,27,0.0,0.502844561364828
test,2017-580,1,504,28,1.0,0.4845951955725023
test,2017-580,1,504,29,0.0,0.039129158298042394
test,2017-580,1,504,30,0.0,0.51678150429209
test,2017-580,1,504,31,1.0,0.49678012022442514
test,2017-580,1,504,32,0.0,0.5179758150367915
test,2017-580,1,504,33,0.0,0.18816896545598413
test,2017-580,1,504,34,1.0,0.5113193356856114
test,2017-580,1,504,35,1.0,0.6978653859192407
test,2017-580,1,504,36,1.0,0.5034605161652297
test,2017-580,1,504,37,0.0,0.4989642901521696
test,2017-580,1,504,38,1.0,0.6972509761183494
test,2017-580,1,504,39,0.0,0.4537825896001841
test,2017-580,1,504,40,0.0,0.47195814165252936
test,2017-580,1,504,41,0.0,0.4998569192954435
test,2017-580,1,504,42,0.0,0.48596689453531844
test,2017-580,1,504,43,0.0,0.5797542777144158
test,2017-580,1,504,44,0.0,0.5019382650110454
test,2017-580,1,504,45,0.0,0.5351039900308321
test,2017-580,1,504,46,1.0,0.49793431685178746
test,2017-580,1,504,47,0.0,0.27257146625381257
test,2017-580,1,504,48,0.0,0.4211851966847143
test,2017-580,1,504,49,1.0,0.4850048180224051
test,2017-580,1,504,50,0.0,0.4619380116356864
test,2017-580,1,504,51,1.0,0.5124173338510697
test,2017-580,1,504,52,1.0,0.54625089870382
test,2017-580,1,504,53,0.0,0.4367624570102717
test,2017-580,1,504,54,1.0,0.4938608872926381
test,2017-580,1,504,55,0.0,0.5186107282602835
test,2017-580,1,504,56,1.0,0.6684669426838553
test,2017-580,1,504,57,1.0,0.8682265775576677
test,2017-580,1,504,58,1.0,0.5777924209791084
test,2017-580,1,504,59,1.0,0.5097900371332895
test,2017-580,1,504,60,1.0,0.49868106392839995
test,2017-580,1,504,61,0.0,0.25257326570898975
test,2017-580,1,504,62,0.0,0.3460563405263266
test,2017-580,1,504,63,1.0,0.4746314602189831
test,2017-580,2,505,0,1.0,0.49897719153617237
test,2017-580,2,505,1,0.0,0.251685092658603
test,2017-580,2,505,2,0.0,0.15995945607947226
test,2017-580,2,505,3,0.0,0.4314505513119245
test,2017-580,2,505,4,1.0,0.6507920632055464
test,2017-580,2,505,5,1.0,0.5042164048602652
test,2017-580,2,505,6,1.0,0.5433957214949687
test,2017-580,2,505,7,0.0,0.4979814668152816
test,2017-580,2,505,8,1.0,0.6041765712205723
test,2017-580,2,505,9,0.0,0.3034943392833441
test,2017-580,2,505,10,0.0,0.48296940306597036
test,2017-580,2,505,11,1.0,0.6940267033639864
test,2017-580,2,505,12,0.0,0.39686118364913103
test,2017-580,2,505,13,1.0,0.4933960933417209
test,2017-580,2,505,14,0.0,0.41849766115765447
test,2017-580,2,505,15,1.0,0.5793287588395915
test,2017-580,2,505,16,1.0,0.7898038223900836
test,2017-580,2,505,17,1.0,0.49003869080810847
test,2017-580,2,505,18,1.0,0.5185403320498678
test,2017-580,2,505,19,1.0,0.8385394293158238
test,2017-580,2,505,20,0.0,0.22789505128608661
test,2017-580,2,505,21,0.0,0.5141757186185867
test,2017-580,2,505,22,0.0,0.05986738580929451
test,2017-580,2,505,23,1.0,0.7446042281140389
test,2017-580,2,505,24,1.0,0.6939498320206584
test,2017-580,2,505,25,0.0,0.7478201424165591
test,2017-580,2,505,26,1.0,0.5817615077910722
test,2017-580,2,505,27,1.0,0.15855745671329347
test,2017-580,2,505,28,0.0,0.5216172406997174
test,2017-580,2,505,29,1.0,0.9627129638636012
test,2017-580,2,505,30,0.0,0.993218288628448
test,2017-580,2,505,31,1.0,0.5051342839750192
test,2017-580,3,506,0,0.0,0.41302350009990346
test,2017-580,3,506,1,0.0,0.0510578353530552
test,2017-580,3,506,2,1.0,0.6307328178774404
test,2017-580,3,506,3,0.0,0.5105484533785476
test,2017-580,3,506,4,0.0,0.5448525709288334
test,2017-580,3,506,5,0.0,0.5248916753743668
test,2017-580,3,506,6,1.0,0.31906854651115035
test,2017-580,3,506,7,1.0,0.8846237104862305
test,2017-580,3,506,8,0.0,0.38210621719319177
test,2017-580,3,506,9,1.0,0.46800762967575754
test,2017-580,3,506,10,1.0,0.7319130378235554
test,2017-580,3,506,11,1.0,0.5697954261476361
test,2017-580,3,506,12,1.0,0.8385422648748916
test,2017-580,3,506,13,0.0,0.1672465567008208
test,2017-580,3,506,14,1.0,0.8102950942008128
test,2017-580,3,506,15,1.0,0.5283871766442949
test,2017-580,4,507,0,0.0,0.4300174909815818
test,2017-580,4,507,1,1.0,0.5072709618228968
test,2017-580,4,507,2,0.0,0.35108830882777614
test,2017-580,4,507,3,0.0,0.22526586480636243
test,2017-580,4,507,4,1.0,0.7504566318646311
test,2017-580,4,507,5,0.0,0.18327712578372096
test,2017-580,4,507,6,1.0,0.7690402979068889
test,2017-580,4,507,7,0.0,0.957832247385751
test,2017-580,5,508,0,1.0,0.6566332290210449
test,2017-580,5,508,1,1.0,0.7306627318025148
test,2017-580,5,508,2,0.0,0.3968921083397691
test,2017-580,5,508,3,0.0,0.0774519337296533
test,2017-580,6,509,0,0.0,0.23251641100369536
test,2017-580,6,509,1,1.0,0.7368525244401829
test,2017-580,7,510,0,1.0,0.702716198018545
test,2017-M006,1,511,0,1.0,0.5
test,2017-M006,1,511,1,0.0,0.5
test,2017-M006,1,511,2,1.0,0.5
test,2017-M006,1,511,3,1.0,0.5
test,2017-M006,1,511,4,1.0,0.5
test,2017-M006,1,511,5,0.0,0.5
test,2017-M006,1,511,6,0.0,0.5
test,2017-M006,1,511,7,1.0,0.5
test,2017-M006,1,511,8,0.0,0.5
test,2017-M006,1,511,9,1.0,0.5
test,2017-M006,1,511,10,0.0,0.5
test,2017-M006,1,511,11,0.0,0.5
test,2017-M006,1,511,12,0.0,0.5
test,2017-M006,1,511,13,0.0,0.5
test,2017-M006,1,511,14,0.0,0.5
test,2017-M006,1,511,15,0.0,0.5
test,2017-M006,1,511,16,1.0,0.5
test,2017-M006,1,511,17,0.0,0.5
test,2017-M006,1,511,18,1.0,0.5
test,2017-M006,1,511,19,0.0,0.5
test,2017-M006,1,511,20,1.0,0.5
test,2017-M006,1,511,21,0.0,0.5
test,2017-M006,1,511,22,1.0,0.5
test,2017-M006,1,511,23,0.0,0.5
test,2017-M006,1,511,24,0.0,0.5
test,2017-M006,1,511,25,0.0,0.5
test,2017-M006,1,511,26,0.0,0.5
test,2017-M006,1,511,27,0.0,0.5
test,2017-M006,1,511,28,1.0,0.5
test,2017-M006,1,511,29,1.0,0.5
test,2017-M006,1,511,30,1.0,0.5
test,2017-M006,1,511,31,0.0,0.5
test,2017-M006,2,512,0,0.0,0.5
test,2017-M006,2,512,1,0.0,0.5
test,2017-M006,2,512,2,1.0,0.5
test,2017-M006,2,512,3,0.0,0.5
test,2017-M006,2,512,4,0.0,0.5
test,2017-M006,2,512,5,0.0,0.5
test,2017-M006,2,512,6,1.0,0.5
test,2017-M006,2,512,7,0.0,0.5
test,2017-M006,2,512,8,0.0,0.5
test,2017-M006,2,512,9,0.0,0.5
test,2017-M006,2,512,10,0.0,0.5
test,2017-M006,2,512,11,0.0,0.5
test,2017-M006,2,512,12,0.0,0.5
test,2017-M006,2,512,13,1.0,0.5
test,2017-M006,2,512,14,0.0,0.5
test,2017-M006,2,512,15,0.0,0.5
test,2017-M006,2,512,16,0.0,0.5
test,2017-M006,2,512,17,1.0,0.5
test,2017-M006,2,512,18,0.0,0.5
test,2017-M006,2,512,19,1.0,0.5
test,2017-M006,2,512,20,1.0,0.5
test,2017-M006,2,512,21,0.0,0.5
test,2017-M006,2,512,22,0.0,0.5
test,2017-M006,2,512,23,0.0,0.5
test,2017-M006,2,512,24,1.0,0.5
test,2017-M006,2,512,25,1.0,0.5
test,2017-M006,2,512,26,0.0,0.5
test,2017-M006,2,512,27,0.0,0.5
test,2017-M006,2,512,28,0.0,0.5
test,2017-M006,2,512,29,1.0,0.5
test,2017-M006,2,512,30,0.0,0.5
test,2017-M006,2,512,31,1.0,0.5
test,2017-M006,3,513,0,1.0,0.5
test,2017-M006,3,513,1,0.0,0.5
test,2017-M006,3,513,2,1.0,0.5
test,2017-M006,3,513,3,1.0,0.5
test,2017-M006,3,513,4,0.0,0.5
test,2017-M006,3,513,5,1.0,0.5
test,2017-M006,3,513,6,1.0,0.5
test,2017-M006,3,513,7,0.0,0.5
test,2017-M006,3,513,8,1.0,0.5
test,2017-M006,3,513,9,1.0,0.5
test,2017-M006,3,513,10,0.0,0.5
test,2017-M006,3,513,11,0.0,0.5
test,2017-M006,3,513,12,1.0,0.5
test,2017-M006,3,513,13,0.0,0.5
test,2017-M006,3,513,14,0.0,0.5
test,2017-M006,3,513,15,1.0,0.5
test,2017-M006,4,514,0,1.0,0.5
test,2017-M006,4,514,1,1.0,0.5
test,2017-M006,4,514,2,0.0,0.5
test,2017-M006,4,514,3,0.0,0.5
test,2017-M006,4,514,4,0.0,0.5
test,2017-M006,4,514,5,0.0,0.5
test,2017-M006,4,514,6,1.0,0.5
test,2017-M006,4,514,7,0.0,0.5
test,2017-M006,5,515,0,1.0,0.5
test,2017-M006,5,515,1,0.0,0.5
test,2017-M006,5,515,2,0.0,0.5
test,2017-M006,5,515,3,1.0,0.5
test,2017-M006,6,516,0,0.0,0.5
test,2017-M006,6,516,1,1.0,0.5
test,2017-M006,7,517,0,0.0,0.5
test,2017-M007,1,518,0,0.0,0.3441777596422202
test,2017-M007,1,518,1,1.0,0.42806320995355907
test,2017-M007,1,518,2,0.0,0.5212578119200219
test,2017-M007,1,518,3,0.0,0.4240118347038064
test,2017-M007,1,518,4,0.0,0.4842415873709997
test,2017-M007,1,518,5,1.0,0.5260861065893625
test,2017-M007,1,518,6,0.0,0.4837453960788276
test,2017-M007,1,518,7,0.0,0.4993148077026266
test,2017-M007,1,518,8,0.0,0.4771316671400299
test,2017-M007,1,518,9,1.0,0.48303317144626534
test,2017-M007,1,518,10,0.0,0.36251522049019
test,2017-M007,1,518,11,1.0,0.5061354086059745
test,2017-M007,1,518,12,1.0,0.48260839220392393
test,2017-M007,1,518,13,1.0,0.5389039887655482
test,2017-M007,1,518,14,0.0,0.40881321406203514
test,2017-M007,1,518,15,1.0,0.5520611258939911
test,2017-M007,1,518,16,1.0,0.5424276194191245
test,2017-M007,1,518,17,0.0,0.5456348888499086
test,2017-M007,1,518,18,1.0,0.5340985197293978
test,2017-M007,1,518,19,0.0,0.5559412546236652
test,2017-M007,1,518,20,0.0,0.5576072634250234
test,2017-M007,1,518,21,1.0,0.5085967888012767
test,2017-M007,1,518,22,0.0,0.47761111290953395
test,2017-M007,1,518,23,0.0,0.5048653827511519
test,2017-M007,1,518,24,1.0,0.5016771268952105
test,2017-M007,1,518,25,1.0,0.538812619923303
test,2017-M007,1,518,26,0.0,0.5017788918195444
test,2017-M007,1,518,27,1.0,0.5060933334755076
test,2017-M007,1,518,28,1.0,0.5177251544736811
test,2017-M007,1,518,29,0.0,0.47808061061919294
test,2017-M007,1,518,30,0.0,0.5700455690257115
test,2017-M007,1,518,31,1.0,0.4095431157830737
test,2017-M007,2,519,0,0.0,0.14823541887329164
test,2017-M007,2,519,1,0.0,0.6264431898706253
test,2017-M007,2,519,2,1.0,0.7325571532698878
test,2017-M007,2,519,3,1.0,0.5656962056831547
test,2017-M007,2,519,4,0.0,0.4725292898185497
test,2017-M007,2,519,5,1.0,0.5389658390702081
test,2017-M007,2,519,6,1.0,0.26333702806902737
test,2017-M007,2,519,7,0.0,0.037304367804855944
test,2017-M007,2,519,8,0.0,0.3756472654029398
test,2017-M007,2,519,9,0.0,0.5636428796146103
test,2017-M007,2,519,10,0.0,0.43207922259123094
test,2017-M007,2,519,11,0.0,0.22789371928277521
test,2017-M007,2,519,12,0.0,0.5395525242797182
test,2017-M007,2,519,13,1.0,0.48237810774240064
test,2017-M007,2,519,14,1.0,0.5129534086338091
test,2017-M007,2,519,15,0.0,0.4942259556034838
test,2017-M007,2,519,16,1.0,0.5624041753458017
test,2017-M007,2,519,17,0.0,0.10225625002101772
test,2017-M007,2,519,18,1.0,0.4846217451744107
test,2017-M007,2,519,19,0.0,0.7067420402227561
test,2017-M007,2,519,20,1.0,0.5688932406396752
test,2017-M007,2,519,21,0.0,0.5068344153912518
test,2017-M007,2,519,22,1.0,0.7019615087187191
test,2017-M007,2,519,23,1.0,0.23247786804102755
test,2017-M007,2,519,24,1.0,0.5383278101661761
test,2017-M007,2,519,25,1.0,0.5625682653238743
test,2017-M007,2,519,26,0.0,0.537395189023687
test,2017-M007,2,519,27,0.0,0.578798501551166
test,2017-M007,2,519,28,1.0,0.39207903450379294
test,2017-M007,2,519,29,1.0,0.49244758928578736
test,2017-M007,2,519,30,1.0,0.7020280078316088
test,2017-M007,2,519,31,0.0,0.3673950271581329
test,2017-M007,3,520,0,1.0,0.5666386226654025
test,2017-M007,3,520,1,0.0,0.7141172300932108
test,2017-M007,3,520,2,0.0,0.5580541065731421
test,2017-M007,3,520,3,1.0,0.47447333097758887
test,2017-M007,3,520,4,1.0,0.45899365204115666
test,2017-M007,3,520,5,1.0,0.7395580465093666
test,2017-M007,3,520,6,0.0,0.49852452369596817
test,2017-M007,3,520,7,0.0,0.12225261849577647
test,2017-M007,3,520,8,1.0,0.7409431853907918
test,2017-M007,3,520,9,0.0,0.15036225208820986
test,2017-M007,3,520,10,1.0,0.2617432640016943
test,2017-M007,3,520,11,1.0,0.4703386484973074
test,2017-M007,3,520,12,0.0,0.45966087793489857
test,2017-M007,3,520,13,1.0,0.9351114308297378
test,2017-M007,3,520,14,1.0,0.5082133878008919
test,2017-M007,3,520,15,1.0,0.4691012220849741
test,2017-M007,4,521,0,1.0,0.8931922552584074
test,2017-M007,4,521,1,0.0,0.8475036867223722
test,2017-M007,4,521,2,0.0,0.48913841117413837
test,2017-M007,4,521,3,1.0,0.9432658474051014
test,2017-M007,4,521,4,1.0,0.7450486582967348
test,2017-M007,4,521,5,1.0,0.523012087989083
test,2017-M007,4,521,6,1.0,0.5300503774393052
test,2017-M007,4,521,7,0.0,0.1694831865187305
test,2017-M007,5,522,0,1.0,0.5109546080246196
test,2017-M007,5,522,1,1.0,0.8826611689119165
test,2017-M007,5,522,2,0.0,0.12857945183368052
test,2017-M007,5,522,3,1.0,0.21713403670827577
test,2017-M007,6,523,0,0.0,0.048553337692192076
test,2017-M007,6,523,1,1.0,0.8502620961028006
test,2017-M007,7,524,0,1.0,0.7422465444644807
test,2017-M009,2,537,0,1.0,0.49071632382906544
test,2017-M009,2,537,1,0.0,0.5411225936460542
test,2017-M009,2,537,2,0.0,0.5648991368022245
test,2017-M009,2,537,3,1.0,0.4698560771962898
test,2017-M009,2,537,4,0.0,0.2363057574431455
test,2017-M009,2,537,5,0.0,0.37093276046710505
test,2017-M009,2,537,6,1.0,0.5608560467568604
test,2017-M009,2,537,7,1.0,0.4976103792281225
test,2017-M009,2,537,8,1.0,0.3847473155617953
test,2017-M009,2,537,9,0.0,0.47566175931094545
test,2017-M009,2,537,10,0.0,0.26887126155723645
test,2017-M009,2,537,11,0.0,0.5025511453062165
test,2017-M009,2,537,12,0.0,0.4836558747258306
test,2017-M009,2,537,13,1.0,0.6887265085251472
test,2017-M009,2,537,14,1.0,0.7284258701474027
test,2017-M009,2,537,15,0.0,0.33358286874049425
test,2017-M009,2,537,16,0.0,0.393090785024093
test,2017-M009,2,537,17,0.0,0.44435733460760474
test,2017-M009,2,537,18,0.0,0.5109194490710667
test,2017-M009,2,537,19,0.0,0.43375313912097474
test,2017-M009,2,537,20,1.0,0.6106983813065616
test,2017-M009,2,537,21,0.0,0.4597774981704201
test,2017-M009,2,537,22,0.0,0.6567792998467568
test,2017-M009,2,537,23,1.0,0.7419935362848722
test,2017-M009,3,538,0,1.0,0.26764181312183094
test,2017-M009,3,538,1,1.0,0.6446548016264044
test,2017-M009,3,538,2,1.0,0.7417285716962649
test,2017-M009,3,538,3,1.0,0.5495907536554046
test,2017-M009,3,538,4,0.0,0.4968644570859816
test,2017-M009,3,538,5,0.0,0.5026482237851038
test,2017-M009,3,538,6,0.0,0.36457982476862677
test,2017-M009,3,538,7,0.0,0.40154830760003657
test,2017-M009,3,538,8,0.0,0.4390054207747377
test,2017-M009,3,538,9,0.0,0.3243973006492433
test,2017-M009,3,538,10,1.0,0.4906063056925558
test,2017-M009,3,538,11,0.0,0.008945519839586268
test,2017-M009,3,538,12,0.0,0.6007297713228944
test,2017-M009,3,538,13,1.0,0.5756091119586904
test,2017-M009,3,538,14,1.0,0.5317888004404014
test,2017-M009,3,538,15,1.0,0.972692573210369
test,2017-M009,4,539,0,0.0,0.045694046873661694
test,2017-M009,4,539,1,0.0,0.7054660001186235
test,2017-M009,4,539,2,1.0,0.791070507176886
test,2017-M009,4,539,3,1.0,0.28767494310916014
test,2017-M009,4,539,4,1.0,0.24456267828718897
test,2017-M009,4,539,5,1.0,0.35525140389464677
test,2017-M009,4,539,6,1.0,0.4094263009699185
test,2017-M009,4,539,7,1.0,0.9947265735651648
test,2017-M009,5,540,0,1.0,0.9564651866592618
test,2017-M009,5,540,1,0.0,0.981496467832361
test,2017-M009,5,540,2,0.0,0.5282487758869594
test,2017-M009,5,540,3,1.0,0.5885469022766537
test,2017-M009,6,541,0,1.0,0.8177233562175361
test,2017-M009,6,541,1,1.0,0.6243999896224908
test,2017-M009,7,542,0,0.0,0.9385944284270115
test,2017-M021,2,531,0,0.0,0.49074095920244654
test,2017-M021,2,531,1,0.0,0.4329742366334218
test,2017-M021,2,531,2,0.0,0.5414193593175607
test,2017-M021,2,531,3,1.0,0.688676643635988
test,2017-M021,2,531,4,1.0,0.8216371388173964
test,2017-M021,2,531,5,0.0,0.6916209791268514
test,2017-M021,2,531,6,1.0,0.7091311329437509
test,2017-M021,2,531,7,0.0,0.5086437540798946
test,2017-M021,2,531,8,0.0,0.4318457793493343
test,2017-M021,2,531,9,0.0,0.3083538884842808
test,2017-M021,2,531,10,1.0,0.33841533003003554
test,2017-M021,2,531,11,0.0,0.5555649540287955
test,2017-M021,2,531,12,0.0,0.558959733745983
test,2017-M021,2,531,13,1.0,0.5929139304475315
test,2017-M021,2,531,14,1.0,0.7597369261856515
test,2017-M021,2,531,15,1.0,0.40874764913661255
test,2017-M021,2,531,16,1.0,0.5191507870448091
test,2017-M021,2,531,17,0.0,0.6381790361357937
test,2017-M021,2,531,18,0.0,0.601860579133852
test,2017-M021,2,531,19,1.0,0.4913237845688025
test,2017-M021,2,531,20,1.0,0.5110124195240411
test,2017-M021,2,531,21,0.0,0.37147923377045755
test,2017-M021,2,531,22,1.0,0.4853180860724263
test,2017-M021,2,531,23,1.0,0.4398057659944159
test,2017-M021,3,532,0,1.0,0.8882926657010014
test,2017-M021,3,532,1,0.0,0.5035179245034391
test,2017-M021,3,532,2,1.0,0.6234339733329366
test,2017-M021,3,532,3,0.0,0.2160065234861736
test,2017-M021,3,532,4,1.0,0.26156976711346924
test,2017-M021,3,532,5,1.0,0.7228139548425264
test,2017-M021,3,532,6,1.0,0.755972017878656
test,2017-M021,3,532,7,0.0,0.45179969721089436
test,2017-M021,3,532,8,1.0,0.6072173242740703
test,2017-M021,3,532,9,0.0,0.29139065578640405
test,2017-M021,3,532,10,1.0,0.578295546353892
test,2017-M021,3,532,11,1.0,0.9828324072055121
test,2017-M021,3,532,12,0.0,0.32956416592857574
test,2017-M021,3,532,13,1.0,0.42313534987719553
test,2017-M021,3,532,14,1.0,0.9434307179065057
test,2017-M021,3,532,15,1.0,0.6809098255101879
test,2017-M021,4,533,0,0.0,0.03375236289240244
test,2017-M021,4,533,1,1.0,0.3478470695313965
test,2017-M021,4,533,2,0.0,0.32792008798389766
test,2017-M021,4,533,3,1.0,0.3765941210222489
test,2017-M021,4,533,4,0.0,0.41109552886712114
test,2017-M021,4,533,5,0.0,0.34331818644457096
test,2017-M021,4,533,6,1.0,0.11409093601397667
test,2017-M021,4,533,7,1.0,0.9921503409353917
test,2017-M021,5,534,0,0.0,0.27399968423762255
test,2017-M021,5,534,1,0.0,0.07644427432302911
test,2017-M021,5,534,2,0.0,0.021381340268231245
test,2017-M021,5,534,3,1.0,0.5583604485844449
test,2017-M021,6,535,0,1.0,0.8022850423226227
test,2017-M021,6,535,1,0.0,0.4601171289251383
test,2017-M021,7,536,0,1.0,0.9819940362571791
test,2017-M024,2,563,0,1.0,0.46830657394506825
test,2017-M024,2,563,1,0.0,0.49685702341806
test,2017-M024,2,563,2,0.0,0.6456148336961222
test,2017-M024,2,563,3,0.0,0.5779496737090322
test,2017-M024,2,563,4,1.0,0.613292577025311
test,2017-M024,2,563,5,0.0,0.4981804115413806
test,2017-M024,2,563,6,0.0,0.5522603545533895
test,2017-M024,2,563,7,1.0,0.6926925617326862
test,2017-M024,2,563,8,0.0,0.5670240055456148
test,2017-M024,2,563,9,1.0,0.5
test,2017-M024,2,563,10,1.0,0.4222770543902427
test,2017-M024,2,563,11,1.0,0.7070633079113278
test,2017-M024,2,563,12,1.0,0.4407822477042919
test,2017-M024,2,563,13,0.0,0.4976099199140589
test,2017-M024,2,563,14,0.0,0.5649833741373327
test,2017-M024,2,563,15,0.0,0.3165881795594997
test,2017-M024,2,563,16,1.0,0.4299799190964635
test,2017-M024,2,563,17,1.0,0.5046954166628443
test,2017-M024,2,563,18,1.0,0.5309861041854579
test,2017-M024,2,563,19,0.0,0.4169045822238798
test,2017-M024,2,563,20,1.0,0.6136667473683133
test,2017-M024,2,563,21,1.0,0.5337706441219109
test,2017-M024,2,563,22,0.0,0.3852564204122299
test,2017-M024,2,563,23,0.0,0.6037224556057612
test,2017-M024,3,564,0,1.0,0.827203498812155
test,2017-M024,3,564,1,0.0,0.5213586443766601
test,2017-M024,3,564,2,1.0,0.5188155874722556
test,2017-M024,3,564,3,0.0,0.7076362671363848
test,2017-M024,3,564,4,0.0,0.42277640706095176
test,2017-M024,3,564,5,1.0,0.45554008728513545
test,2017-M024,3,564,6,1.0,0.4316191834678928
test,2017-M024,3,564,7,1.0,0.6915659206983824
test,2017-M024,3,564,8,1.0,0.5088654422713478
test,2017-M024,3,564,9,1.0,0.44059439389585386
test,2017-M024,3,564,10,1.0,0.7233860975096137
test,2017-M024,3,564,11,1.0,0.2901490990021907
test,2017-M024,3,564,12,1.0,0.48982461412712913
test,2017-M024,3,564,13,1.0,0.6849171020357037
test,2017-M024,3,564,14,1.0,0.5634421867237486
test,2017-M024,3,564,15,1.0,0.5099702545802351
test,2017-M024,4,565,0,0.0,0.4840518554847779
test,2017-M024,4,565,1,0.0,0.4816299436306004
test,2017-M024,4,565,2,1.0,0.5676097076534128
test,2017-M024,4,565,3,1.0,0.7280541919161555
test,2017-M024,4,565,4,0.0,0.5198298043179443
test,2017-M024,4,565,5,0.0,0.5080799707180932
test,2017-M024,4,565,6,1.0,0.9058538475446621
test,2017-M024,4,565,7,0.0,0.29383517688769184
test,2017-M024,5,566,0,1.0,0.7038867722540885
test,2017-M024,5,566,1,0.0,0.334787299203517
test,2017-M024,5,566,2,0.0,0.30720443789401297
test,2017-M024,5,566,3,1.0,0.13458120506519242
test,2017-M024,6,567,0,1.0,0.48715952578953703
test,2017-M024,6,567,1,1.0,0.41222936321736464
test,2017-M024,7,568,0,1.0,0.5407880521673675
test,2018-0352,2,666,0,1.0,0.5222669582737688
test,2018-0352,2,666,1,1.0,0.35975069953993416
test,2018-0352,2,666,2,1.0,0.5770651745217699
test,2018-0352,2,666,3,0.0,0.4682982490134147
test,2018-0352,2,666,4,1.0,0.5724539734486903
test,2018-0352,2,666,5,1.0,0.47374883223939507
test,2018-0352,2,666,6,0.0,0.5969614877526804
test,2018-0352,2,666,7,0.0,0.4654290569108562
test,2018-0352,2,666,8,1.0,0.5088979474588885
test,2018-0352,2,666,9,1.0,0.6217801768813562
test,2018-0352,2,666,10,0.0,0.46278691036754155
test,2018-0352,2,666,11,1.0,0.5571723740356576
test,2018-0352,2,666,12,0.0,0.5754199410543134
test,2018-0352,2,666,13,1.0,0.497233435600226
test,2018-0352,2,666,14,1.0,0.5649107035716768
test,2018-0352,2,666,15,1.0,0.5172251613895755
test,2018-0352,3,667,0,0.0,0.5932247742060662
test,2018-0352,3,667,1,0.0,0.7053083821392824
test,2018-0352,3,667,2,1.0,0.5486532680669867
test,2018-0352,3,667,3,1.0,0.46873728745972626
test,2018-0352,3,667,4,1.0,0.984539981284947
test,2018-0352,3,667,5,1.0,0.4472302570067871
test,2018-0352,3,667,6,0.0,0.4003676570926919
test,2018-0352,3,667,7,0.0,0.25058131333055644
test,2018-0352,3,667,8,0.0,0.11398782435040751
test,2018-0352,3,667,9,1.0,0.5530298904778804
test,2018-0352,3,667,10,1.0,0.6959640725398801
test,2018-0352,3,667,11,1.0,0.7413353468231845
test,2018-0352,3,667,12,1.0,0.5559638203448168
test,2018-0352,3,667,13,0.0,0.34929365899781434
test,2018-0352,3,667,14,0.0,0.6139765397247771
test,2018-0352,3,667,15,1.0,0.7712524763925556
test,2018-0352,4,668,0,1.0,0.5860427752197748
test,2018-0352,4,668,1,0.0,0.015137349420502953
test,2018-0352,4,668,2,1.0,0.6148295197459153
test,2018-0352,4,668,3,1.0,0.9496043214157959
test,2018-0352,4,668,4,0.0,0.39219220931415827
test,2018-0352,4,668,5,1.0,0.2682148705369629
test,2018-0352,4,668,6,0.0,0.42904414579731703
test,2018-0352,4,668,7,1.0,0.5027714531979087
test,2018-0352,5,669,0,1.0,0.9416051887008795
test,2018-0352,5,669,1,1.0,0.8598415856447511
test,2018-0352,5,669,2,1.0,0.44648032958733896
test,2018-0352,5,669,3,0.0,0.49137589934630427
test,2018-0352,6,670,0,1.0,0.7531533387188564
test,2018-0352,6,670,1,0.0,0.4785302967141308
test,2018-0352,7,671,0,1.0,0.01649690705240145
test,2018-0410,2,609,0,0.0,0.4104413799944608
test,2018-0410,2,609,1,1.0,0.48452592240767206
test,2018-0410,2,609,2,0.0,0.3742691178207293
test,2018-0410,2,609,3,1.0,0.5475895883123818
test,2018-0410,2,609,4,0.0,0.5027503628598409
test,2018-0410,2,609,5,1.0,0.4351061504443395
test,2018-0410,2,609,6,0.0,0.5018765764523702
test,2018-0410,2,609,7,1.0,0.7469020990291201
test,2018-0410,2,609,8,1.0,0.5458194121700995
test,2018-0410,2,609,9,0.0,0.44875544600224376
test,2018-0410,2,609,10,0.0,0.49193560824949595
test,2018-0410,2,609,11,1.0,0.43004141062226114
test,2018-0410,2,609,12,0.0,0.44512067198960686
test,2018-0410,2,609,13,0.0,0.38446881829038015
test,2018-0410,2,609,14,1.0,0.47897557613654723
test,2018-0410,2,609,15,1.0,0.5266739230105945
test,2018-0410,2,609,16,1.0,0.5878164293650417
test,2018-0410,2,609,17,1.0,0.9724200139389506
test,2018-0410,2,609,18,0.0,0.41459845289499436
test,2018-0410,2,609,19,1.0,0.5311227631994768
test,2018-0410,2,609,20,0.0,0.5090253375447594
test,2018-0410,2,609,21,0.0,0.5174173972526392
test,2018-0410,2,609,22,1.0,0.6803350422218255
test,2018-0410,2,609,23,1.0,0.6457599317263685
test,2018-0410,3,610,0,1.0,0.9944171033100204
test,2018-0410,3,610,1,1.0,0.47565578257660235
test,2018-0410,3,610,2,1.0,0.9667095669303022
test,2018-0410,3,610,3,0.0,0.14776768823827827
test,2018-0410,3,610,4,1.0,0.27602041592590193
test,2018-0410,3,610,5,1.0,0.5375628276996427
test,2018-0410,3,610,6,0.0,0.4961096113398871
test,2018-0410,3,610,7,1.0,0.7392604173856704
test,2018-0410,3,610,8,1.0,0.5127589059230165
test,2018-0410,3,610,9,0.0,0.380305812213168
test,2018-0410,3,610,10,1.0,0.7130199058184987
test,2018-0410,3,610,11,0.0,0.5127895522274548
test,2018-0410,3,610,12,0.0,0.595618241889812
test,2018-0410,3,610,13,1.0,0.622873706961605
test,2018-0410,3,610,14,1.0,0.7918933822153875
test,2018-0410,3,610,15,0.0,0.7074606205120605
test,2018-0410,4,611,0,1.0,0.5483136150961353
test,2018-0410,4,611,1,1.0,0.7359514150851165
test,2018-0410,4,611,2,1.0,0.6294827907767532
test,2018-0410,4,611,3,1.0,0.6184547795305487
test,2018-0410,4,611,4,0.0,0.5691387701111885
test,2018-0410,4,611,5,0.0,0.8549440994310024
test,2018-0410,4,611,6,0.0,0.007842564023064396
test,2018-0410,4,611,7,0.0,0.3125703959641798
test,2018-0410,5,612,0,0.0,0.35281565866926107
test,2018-0410,5,612,1,0.0,0.3950395405805348
test,2018-0410,5,612,2,1.0,0.3905390746338183
test,2018-0410,5,612,3,1.0,0.9522535082382902
test,2018-0410,6,613,0,1.0,0.5728106377275237
test,2018-0410,6,613,1,0.0,0.009976307919006847
test,2018-0410,7,614,0,1.0,0.9798835362769324
test,2018-0421,2,641,0,1.0,0.554397389373779
test,2018-0421,2,641,1,0.0,0.5755993418812861
test,2018-0421,2,641,2,0.0,0.597215324331953
test,2018-0421,2,641,3,1.0,0.9838604805858412
test,2018-0421,2,641,4,0.0,0.5372758032061056
test,2018-0421,2,641,5,1.0,0.45529633164480754
test,2018-0421,2,641,6,0.0,0.5536672104719705
test,2018-0421,2,641,7,1.0,0.4708148843014824
test,2018-0421,2,641,8,1.0,0.5390954100579436
test,2018-0421,2,641,9,1.0,0.6437391923429086
test,2018-0421,2,641,10,1.0,0.5538731567745284
test,2018-0421,2,641,11,1.0,0.6647825119094367
test,2018-0421,2,641,12,0.0,0.5353653287241343
test,2018-0421,2,641,13,1.0,0.2377710608816873
test,2018-0421,2,641,14,0.0,0.41605587924334897
test,2018-0421,2,641,15,0.0,0.5869798797774906
test,2018-0421,2,641,16,0.0,0.4161651367328013
test,2018-0421,2,641,17,0.0,0.5455369490852938
test,2018-0421,2,641,18,1.0,0.6581241380863987
test,2018-0421,2,641,19,1.0,0.5336271066841201
test,2018-0421,2,641,20,0.0,0.4601666322932538
test,2018-0421,2,641,21,1.0,0.2574464224168217
test,2018-0421,2,641,22,1.0,0.4510340834843744
test,2018-0421,2,641,23,0.0,0.508956367530254
test,2018-0421,3,642,0,1.0,0.8472764884754146
test,2018-0421,3,642,1,1.0,0.8046788468420413
test,2018-0421,3,642,2,0.0,0.5510185965647425
test,2018-0421,3,642,3,0.0,0.25277324382150324
test,2018-0421,3,642,4,1.0,0.5016314598395907
test,2018-0421,3,642,5,1.0,0.5981201123988357
test,2018-0421,3,642,6,0.0,0.5816430541312698
test,2018-0421,3,642,7,0.0,0.18469207999548432
test,2018-0421,3,642,8,0.0,0.6886400299857747
test,2018-0421,3,642,9,0.0,0.4735425570959755
test,2018-0421,3,642,10,1.0,0.46424789901546887
test,2018-0421,3,642,11,1.0,0.671686466827663
test,2018-0421,3,642,12,0.0,0.017507402866399725
test,2018-0421,3,642,13,1.0,0.41967574178296396
test,2018-0421,3,642,14,1.0,0.6665867127394695
test,2018-0421,3,642,15,1.0,0.5105219100973556
test,2018-0421,4,643,0,0.0,0.31650442350989805
test,2018-0421,4,643,1,0.0,0.9815123354675894
test,2018-0421,4,643,2,0.0,0.29958562587339277
test,2018-0421,4,643,3,1.0,0.19838247741531498
test,2018-0421,4,643,4,1.0,0.4554179799362533
test,2018-0421,4,643,5,1.0,0.7639919498146579
test,2018-0421,4,643,6,0.0,0.27157044849801265
test,2018-0421,4,643,7,0.0,0.3201240699689547
test,2018-0421,5,644,0,0.0,0.5812511629141255
test,2018-0421,5,644,1,0.0,0.6024798731315111
test,2018-0421,5,644,2,0.0,0.5403980337392819
test,2018-0421,5,644,3,1.0,0.7281405386610519
test,2018-0421,6,645,0,1.0,0.91511949705768
test,2018-0421,6,645,1,1.0,0.4272925267094921
test,2018-0421,7,646,0,0.0,0.11332554078015977
test,2018-5014,2,660,0,0.0,0.5
test,2018-5014,2,660,1,0.0,0.5
test,2018-5014,2,660,2,0.0,0.5
test,2018-5014,2,660,3,0.0,0.5
test,2018-5014,2,660,4,0.0,0.5
test,2018-5014,2,660,5,0.0,0.5
test,2018-5014,2,660,6,0.0,0.5
test,2018-5014,2,660,7,1.0,0.5
test,2018-5014,2,660,8,0.0,0.5
test,2018-5014,2,660,9,0.0,0.5
test,2018-5014,2,660,10,1.0,0.5
test,2018-5014,2,660,11,0.0,0.5
test,2018-5014,2,660,12,0.0,0.5
test,2018-5014,2,660,13,0.0,0.5
test,2018-5014,2,660,14,1.0,0.5
test,2018-5014,2,660,15,1.0,0.5
test,2018-5014,2,660,16,0.0,0.5
test,2018-5014,2,660,17,0.0,0.5
test,2018-5014,2,660,18,1.0,0.5
test,2018-5014,2,660,19,0.0,0.5
test,2018-5014,2,660,20,1.0,0.5
test,2018-5014,2,660,21,1.0,0.5
test,2018-5014,2,660,22,1.0,0.5
test,2018-5014,2,660,23,1.0,0.5
test,2018-5014,3,661,0,0.0,0.5
test,2018-5014,3,661,1,1.0,0.5
test,2018-5014,3,661,2,0.0,0.5
test,2018-5014,3,661,3,1.0,0.5
test,2018-5014,3,661,4,1.0,0.5
test,2018-5014,3,661,5,1.0,0.5
test,2018-5014,3,661,6,1.0,0.5
test,2018-5014,3,661,7,0.0,0.5
test,2018-5014,3,661,8,1.0,0.5
test,2018-5014,3,661,9,1.0,0.5
test,2018-5014,3,661,10,1.0,0.5
test,2018-5014,3,661,11,0.0,0.5
test,2018-5014,3,661,12,0.0,0.5
test,2018-5014,3,661,13,1.0,0.5
test,2018-5014,3,661,14,0.0,0.5
test,2018-5014,3,661,15,1.0,0.5
test,2018-5014,4,662,0,1.0,0.5
test,2018-5014,4,662,1,0.0,0.5
test,2018-5014,4,662,2,1.0,0.5
test,2018-5014,4,662,3,1.0,0.5
test,2018-5014,4,662,4,0.0,0.5
test,2018-5014,4,662,5,1.0,0.5
test,2018-5014,4,662,6,1.0,0.5
test,2018-5014,4,662,7,1.0,0.5
test,2018-5014,5,663,0,0.0,0.5
test,2018-5014,5,663,1,1.0,0.5
test,2018-5014,5,663,2,1.0,0.5
test,2018-5014,5,663,3,1.0,0.5
test,2018-5014,6,664,0,0.0,0.5
test,2018-5014,6,664,1,0.0,0.5
test,2018-5014,7,665,0,1.0,0.5
test,2018-520,1,627,0,1.0,0.5534859799444753
test,2018-520,1,627,1,0.0,0.5206669978087544
test,2018-520,1,627,2,0.0,0.38339896927922185
test,2018-520,1,627,3,0.0,0.612984519802869
test,2018-520,1,627,4,0.0,0.49011466134425097
test,2018-520,1,627,5,0.0,0.4640355744080852
test,2018-520,1,627,6,1.0,0.5914110089661381
test,2018-520,1,627,7,0.0,0.36103409830672895
test,2018-520,1,627,8,0.0,0.4849700137008019
test,2018-520,1,627,9,1.0,0.5014191490219885
test,2018-520,1,627,10,0.0,0.29784099846721496
test,2018-520,1,627,11,1.0,0.5057706028781048
test,2018-520,1,627,12,1.0,0.4997409298840616
test,2018-520,1,627,13,1.0,0.6557505429205585
test,2018-520,1,627,14,0.0,0.4352469113645482
test,2018-520,1,627,15,1.0,0.5018996452310953
test,2018-520,1,627,16,0.0,0.34302440245944904
test,2018-520,1,627,17,1.0,0.4154527017106503
test,2018-520,1,627,18,1.0,0.3411015595942047
test,2018-520,1,627,19,1.0,0.5
test,2018-520,1,627,20,1.0,0.4870907525759455
test,2018-520,1,627,21,1.0,0.5954714969035504
test,2018-520,1,627,22,1.0,0.4296017713657839
test,2018-520,1,627,23,0.0,0.5004906723458779
test,2018-520,1,627,24,1.0,0.5003191782831451
test,2018-520,1,627,25,1.0,0.5650244254933786
test,2018-520,1,627,26,0.0,0.5137438961620577
test,2018-520,1,627,27,0.0,0.46590197081603646
test,2018-520,1,627,28,1.0,0.9961643157976557
test,2018-520,1,627,29,1.0,0.8395493574524778
test,2018-520,1,627,30,1.0,0.45787142962002725
test,2018-520,1,627,31,0.0,0.6173565535001065
test,2018-520,1,627,32,0.0,0.4617927216134724
test,2018-520,1,627,33,1.0,0.7400834338516611
test,2018-520,1,627,34,1.0,0.5
test,2018-520,1,627,35,0.0,0.4578092646848259
test,2018-520,1,627,36,0.0,0.4007421123859131
test,2018-520,1,627,37,1.0,0.5758968404059864
test,2018-520,1,627,38,0.0,0.5009315736858473
test,2018-520,1,627,39,0.0,0.4174294090567619
test,2018-520,1,627,40,1.0,0.5196839907865054
test,2018-520,1,627,41,1.0,0.5788951715757159
test,2018-520,1,627,42,0.0,0.38539946071929654
test,2018-520,1,627,43,0.0,0.19485860520509937
test,2018-520,1,627,44,0.0,0.46231103429293735
test,2018-520,1,627,45,0.0,0.5000825957768608
test,2018-520,1,627,46,1.0,0.6164997878592158
test,2018-520,1,627,47,0.0,0.0763828892085185
test,2018-520,1,627,48,0.0,0.34139076542999125
test,2018-520,1,627,49,1.0,0.31389159796122046
test,2018-520,1,627,50,1.0,0.5
test,2018-520,1,627,51,1.0,0.4623108735607109
test,2018-520,1,627,52,1.0,0.4686929368619529
test,2018-520,1,627,53,0.0,0.3847223630648393
test,2018-520,1,627,54,1.0,0.5026733503938472
test,2018-520,1,627,55,0.0,0.45033730602093025
test,2018-520,1,627,56,1.0,0.48816616562390336
test,2018-520,1,627,57,0.0,0.3516055574274945
test,2018-520,1,627,58,1.0,0.5941738555007099
test,2018-520,1,627,59,0.0,0.4506999449086471
test,2018-520,1,627,60,1.0,0.2621385888998259
test,2018-520,1,627,61,0.0,0.04011464471991342
test,2018-520,1,627,62,1.0,0.7606002248269472
test,2018-520,1,627,63,1.0,0.6122548029364662
test,2018-520,2,628,0,1.0,0.7603137679396507
test,2018-520,2,628,1,1.0,0.5538172975256649
test,2018-520,2,628,2,0.0,0.4448860839792732
test,2018-520,2,628,3,0.0,0.04642254129014689
test,2018-520,2,628,4,1.0,0.6512698727015336
test,2018-520,2,628,5,1.0,0.4580785798442479
test,2018-520,2,628,6,1.0,0.44701137392102924
test,2018-520,2,628,7,1.0,0.7170463458540296
test,2018-520,2,628,8,1.0,0.5706266621249574
test,2018-520,2,628,9,0.0,0.41188063050887236
test,2018-520,2,628,10,0.0,0.4466406949971504
test,2018-520,2,628,11,1.0,0.8820237756244468
test,2018-520,2,628,12,0.0,0.5342755944662599
test,2018-520,2,628,13,1.0,0.5954142681888639
test,2018-520,2,628,14,1.0,0.6045197529269523
test,2018-520,2,628,15,0.0,0.37193595650362904
test,2018-520,2,628,16,0.0,0.5698703142644537
test,2018-520,2,628,17,0.0,0.46128187893376876
test,2018-520,2,628,18,1.0,0.6240908509281928
test,2018-520,2,628,19,1.0,0.7594928386001463
test,2018-520,2,628,20,1.0,0.4921975489929652
test,2018-520,2,628,21,0.0,0.34349527410313957
test,2018-520,2,628,22,0.0,0.6086042859687767
test,2018-520,2,628,23,1.0,0.4977340275067603
test,2018-520,2,628,24,0.0,0.4220455023180469
test,2018-520,2,628,25,0.0,0.4554532253767441
test,2018-520,2,628,26,0.0,0.4902970427377753
test,2018-520,2,628,27,1.0,0.4514889577029359
test,2018-520,2,628,28,0.0,0.24414062728515187
test,2018-520,2,628,29,0.0,0.19040965272317442
test,2018-520,2,628,30,0.0,0.3876289531875779
test,2018-520,2,628,31,1.0,0.9951756346865207
test,2018-520,3,629,0,0.0,0.25331545468096206
test,2018-520,3,629,1,1.0,0.5137619666595727
test,2018-520,3,629,2,1.0,0.816586557710886
test,2018-520,3,629,3,1.0,0.5108842092224264
test,2018-520,3,629,4,1.0,0.9241839189003506
test,2018-520,3,629,5,0.0,0.37946009407156794
test,2018-520,3,629,6,1.0,0.9366641772101063
test,2018-520,3,629,7,0.0,0.5697662926783212
test,2018-520,3,629,8,1.0,0.6455417261157694
test,2018-520,3,629,9,1.0,0.5036058284539833
test,2018-520,3,629,10,1.0,0.5800332248053973
test,2018-520,3,629,11,0.0,0.35627421908766754
test,2018-520,3,629,12,1.0,0.6070696416766621
test,2018-520,3,629,13,0.0,0.41289120161004955
test,2018-520,3,629,14,1.0,0.5192410028198595
test,2018-520,3,629,15,1.0,0.9932263164188256
test,2018-520,4,630,0,1.0,0.7766094682118712
test,2018-520,4,630,1,1.0,0.7337968537564762
test,2018-520,4,630,2,1.0,0.8779313726467183
test,2018-520,4,630,3,1.0,0.28899011309560213
test,2018-520,4,630,4,0.0,0.4524522714383081
test,2018-520,4,630,5,1.0,0.37034161006971067
test,2018-520,4,630,6,1.0,0.49227359322027536
test,2018-520,4,630,7,1.0,0.9957152244107583
test,2018-520,5,631,0,1.0,0.710016128338277
test,2018-520,5,631,1,0.0,0.9430228605247738
test,2018-520,5,631,2,1.0,0.46311830219641686
test,2018-520,5,631,3,1.0,0.9935109050308789
test,2018-520,6,632,0,0.0,0.12358333459133203
test,2018-520,6,632,1,0.0,0.008530239478806231
test,2018-520,7,633,0,1.0,0.9364470427988794
test,2018-540,1,634,0,0.0,0.35847802237949183
test,2018-540,1,634,1,1.0,0.5517072176253006
test,2018-540,1,634,2,0.0,0.49170764960731206
test,2018-540,1,634,3,1.0,0.5000000000000009
test,2018-540,1,634,4,0.0,0.4474954633806926
test,2018-540,1,634,5,0.0,0.5900785465606162
test,2018-540,1,634,6,1.0,0.5664983725841293
test,2018-540,1,634,7,1.0,0.7690197254936232
test,2018-540,1,634,8,1.0,0.6009627541425827
test,2018-540,1,634,9,0.0,0.5021543371227473
test,2018-540,1,634,10,0.0,0.5050495675876691
test,2018-540,1,634,11,1.0,0.5
test,2018-540,1,634,12,0.0,0.4649000744749307
test,2018-540,1,634,13,0.0,0.5
test,2018-540,1,634,14,0.0,0.028757516525657723
test,2018-540,1,634,15,1.0,0.6078910508212073
test,2018-540,1,634,16,1.0,0.6405970014075387
test,2018-540,1,634,17,0.0,0.2355328167896303
test,2018-540,1,634,18,1.0,0.5712842032763656
test,2018-540,1,634,19,0.0,0.3143845112985196
test,2018-540,1,634,20,1.0,0.5016224780943221
test,2018-540,1,634,21,0.0,0.4393545356248152
test,2018-540,1,634,22,1.0,0.7266016420472478
test,2018-540,1,634,23,1.0,0.31350983997107407
test,2018-540,1,634,24,0.0,0.47305141426325187
test,2018-540,1,634,25,0.0,0.4459609608947173
test,2018-540,1,634,26,0.0,0.32101699430680253
test,2018-540,1,634,27,0.0,0.581200369894278
test,2018-540,1,634,28,0.0,0.36698333996904076
test,2018-540,1,634,29,0.0,0.4516723979579102
test,2018-540,1,634,30,0.0,0.033290587361818245
test,2018-540,1,634,31,0.0,0.4920530168844367
test,2018-540,1,634,32,1.0,0.5000000000000006
test,2018-540,1,634,33,1.0,0.34060745795723585
test,2018-540,1,634,34,0.0,0.47592826106957187
test,2018-540,1,634,35,1.0,0.4018324647882854
test,2018-540,1,634,36,0.0,0.5749842863042779
test,2018-540,1,634,37,1.0,0.4547015320902335
test,2018-540,1,634,38,0.0,0.47547264497975616
test,2018-540,1,634,39,0.0,0.4781962138944562
test,2018-540,1,634,40,0.0,0.6600431806392328
test,2018-540,1,634,41,0.0,0.4787942520101873
test,2018-540,1,634,42,1.0,0.4748242317196079
test,2018-540,1,634,43,1.0,0.5939099421176016
test,2018-540,1,634,44,1.0,0.4793467800488115
test,2018-540,1,634,45,0.0,0.6455357213212716
test,2018-540,1,634,46,1.0,0.5615369105710553
test,2018-540,1,634,47,1.0,0.8534397676421017
test,2018-540,1,634,48,1.0,0.535249724586528
test,2018-540,1,634,49,1.0,0.4986571561806644
test,2018-540,1,634,50,1.0,0.4933419109535617
test,2018-540,1,634,51,1.0,0.49904283187517245
test,2018-540,1,634,52,0.0,0.2895101280792504
test,2018-540,1,634,53,0.0,0.3432749097173608
test,2018-540,1,634,54,0.0,0.567383680903181
test,2018-540,1,634,55,1.0,0.6826980407776397
test,2018-540,1,634,56,0.0,0.49872716253029886
test,2018-540,1,634,57,1.0,0.47453204241511293
test,2018-540,1,634,58,0.0,0.2078396916186531
test,2018-540,1,634,59,1.0,0.7075289363371194
test,2018-540,1,634,60,1.0,0.5912004846331569
test,2018-540,1,634,61,0.0,0.49672593921459685
test,2018-540,1,634,62,0.0,0.4715001873179369
test,2018-540,1,634,63,1.0,0.9246237116344495
test,2018-540,2,635,0,1.0,0.9311240944155185
test,2018-540,2,635,1,0.0,0.28233429897730045
test,2018-540,2,635,2,0.0,0.6292556571710645
test,2018-540,2,635,3,0.0,0.45923943369212944
test,2018-540,2,635,4,0.0,0.29214323105894763
test,2018-540,2,635,5,0.0,0.5046773803946755
test,2018-540,2,635,6,1.0,0.619624027790595
test,2018-540,2,635,7,0.0,0.3901037356953339
test,2018-540,2,635,8,1.0,0.5818252742294131
test,2018-540,2,635,9,0.0,0.4927793423774479
test,2018-540,2,635,10,1.0,0.6720549976918576
test,2018-540,2,635,11,0.0,0.8143161352025438
test,2018-540,2,635,12,0.0,0.5830820300675322
test,2018-540,2,635,13,1.0,0.7502691489702672
test,2018-540,2,635,14,0.0,0.6578537712510062
test,2018-540,2,635,15,0.0,0.49719679673238554
test,2018-540,2,635,16,1.0,0.44291047014496265
test,2018-540,2,635,17,1.0,0.4830824045189161
test,2018-540,2,635,18,0.0,0.3098688558547447
test,2018-540,2,635,19,1.0,0.4558822728827382
test,2018-540,2,635,20,1.0,0.533547285809427
test,2018-540,2,635,21,0.0,0.9683061194738936
test,2018-540,2,635,22,1.0,0.4762034209890572
test,2018-540,2,635,23,1.0,0.29611320144902586
test,2018-540,2,635,24,0.0,0.30474402344854357
test,2018-540,2,635,25,0.0,0.5828789067953343
test,2018-540,2,635,26,1.0,0.7083302060792492
test,2018-540,2,635,27,1.0,0.6352550217605828
test,2018-540,2,635,28,0.0,0.5044436056205548
test,2018-540,2,635,29,0.0,0.36200199918053494
test,2018-540,2,635,30,0.0,0.7450095926385015
test,2018-540,2,635,31,1.0,0.9601613623824311
test,2018-540,3,636,0,0.0,0.5092615415826492
test,2018-540,3,636,1,0.0,0.5460456897915541
test,2018-540,3,636,2,1.0,0.7004991635147156
test,2018-540,3,636,3,1.0,0.547030876927481
test,2018-540,3,636,4,0.0,0.4276892275591761
test,2018-540,3,636,5,1.0,0.33431659988185136
test,2018-540,3,636,6,0.0,0.75363569946034
test,2018-540,3,636,7,1.0,0.8638787619046079
test,2018-540,3,636,8,0.0,0.45734548853140145
test,2018-540,3,636,9,0.0,0.5221545553156474
test,2018-540,3,636,10,1.0,0.5773692114868428
test,2018-540,3,636,11,1.0,0.7757235629111271
test,2018-540,3,636,12,0.0,0.6556924820221863
test,2018-540,3,636,13,1.0,0.49384168776874465
test,2018-540,3,636,14,1.0,0.3585516649751688
test,2018-540,3,636,15,1.0,0.9567809172368112
test,2018-540,4,637,0,1.0,0.6542032763592323
test,2018-540,4,637,1,0.0,0.48141389526947226
test,2018-540,4,637,2,1.0,0.620958526550219
test,2018-540,4,637,3,1.0,0.8775863442808988
test,2018-540,4,637,4,1.0,0.5680233512757351
test,2018-540,4,637,5,1.0,0.723820176500662
test,2018-540,4,637,6,1.0,0.4051594993176194
test,2018-540,4,637,7,0.0,0.0817277768236632
test,2018-540,5,638,0,1.0,0.5715869241513569
test,2018-540,5,638,1,1.0,0.8678569160736532
test,2018-540,5,638,2,0.0,0.7160442388650495
test,2018-540,5,638,3,1.0,0.06883898603201916
test,2018-540,6,639,0,1.0,0.8584908664718413
test,2018-540,6,639,1,0.0,0.2772290955431895
test,2018-540,7,640,0,1.0,0.816089270780972
test,2018-560,1,653,0,1.0,0.49307304281797365
test,2018-560,1,653,1,0.0,0.3248479409505062
test,2018-560,1,653,2,0.0,0.27553691867660723
test,2018-560,1,653,3,1.0,0.46952020742224354
test,2018-560,1,653,4,1.0,0.48945687576586155
test,2018-560,1,653,5,0.0,0.22491765391377394
test,2018-560,1,653,6,0.0,0.44119425516912614
test,2018-560,1,653,7,1.0,0.5167578963628355
test,2018-560,1,653,8,0.0,0.4168901288501534
test,2018-560,1,653,9,0.0,0.4751546114753962
test,2018-560,1,653,10,1.0,0.9192539826940787
test,2018-560,1,653,11,0.0,0.489281891135327
test,2018-560,1,653,12,1.0,0.7637294411000104
test,2018-560,1,653,13,1.0,0.6868338100151717
test,2018-560,1,653,14,0.0,0.40186745362447795
test,2018-560,1,653,15,1.0,0.6228417209675771
test,2018-560,1,653,16,0.0,0.577049046976164
test,2018-560,1,653,17,0.0,0.6060324548722402
test,2018-560,1,653,18,1.0,0.4181136709520258
test,2018-560,1,653,19,0.0,0.5297661044550239
test,2018-560,1,653,20,1.0,0.5694996464389577
test,2018-560,1,653,21,0.0,0.5529366322868566
test,2018-560,1,653,22,0.0,0.48533796380611766
test,2018-560,1,653,23,1.0,0.503824683778533
test,2018-560,1,653,24,1.0,0.5947848398728877
test,2018-560,1,653,25,1.0,0.5715792003746458
test,2018-560,1,653,26,0.0,0.5317089822749236
test,2018-560,1,653,27,1.0,0.5331128822009876
test,2018-560,1,653,28,0.0,0.1648117728169335
test,2018-560,1,653,29,1.0,0.9645072532639049
test,2018-560,1,653,30,1.0,0.6432490876690901
test,2018-560,1,653,31,0.0,0.4998432809581145
test,2018-560,1,653,32,0.0,0.5101967572762965
test,2018-560,1,653,33,1.0,0.8204718215828982
test,2018-560,1,653,34,1.0,0.5083643526979941
test,2018-560,1,653,35,0.0,0.3230052583712225
test,2018-560,1,653,36,0.0,0.3624063998002673
test,2018-560,1,653,37,0.0,0.4722573692659273
test,2018-560,1,653,38,0.0,0.47142269646153306
test,2018-560,1,653,39,0.0,0.41409682505026874
test,2018-560,1,653,40,1.0,0.5999099189562691
test,2018-560,1,653,41,1.0,0.527204186358586
test,2018-560,1,653,42,0.0,0.5093448535239572
test,2018-560,1,653,43,0.0,0.3719402373828453
test,2018-560,1,653,44,1.0,0.6419094052092904
test,2018-560,1,653,45,0.0,0.5404784205006338
test,2018-560,1,653,46,0.0,0.4922308882642252
test,2018-560,1,653,47,1.0,0.9864368765555804
test,2018-560,1,653,48,1.0,0.677897363578723
test,2018-560,1,653,49,1.0,0.6193015160204067
test,2018-560,1,653,50,1.0,0.5631353624172252
test,2018-560,1,653,51,0.0,0.4650707800731026
test,2018-560,1,653,52,0.0,0.5001467247755851
test,2018-560,1,653,53,0.0,0.517839584416891
test,2018-560,1,653,54,0.0,0.3609272893348708
test,2018-560,1,653,55,1.0,0.5071794353864025
test,2018-560,1,653,56,0.0,0.3680901272557117
test,2018-560,1,653,57,1.0,0.494587460374707
test,2018-560,1,653,58,1.0,0.5806988962344762
test,2018-560,1,653,59,0.0,0.5132163878591434
test,2018-560,1,653,60,1.0,0.6752266557198968
test,2018-560,1,653,61,0.0,0.24664513555441261
test,2018-560,1,653,62,1.0,0.4448208665771038
test,2018-560,1,653,63,1.0,0.6747264723933117
test,2018-560,2,654,0,1.0,0.5469577997444612
test,2018-560,2,654,1,0.0,0.4087822416436918
test,2018-560,2,654,2,1.0,0.6082451783066953
test,2018-560,2,654,3,0.0,0.47746278493033634
test,2018-560,2,654,4,1.0,0.655037640464965
test,2018-560,2,654,5,0.0,0.5675027208253564
test,2018-560,2,654,6,0.0,0.33460060075596815
test,2018-560,2,654,7,0.0,0.446729667824027
test,2018-560,2,654,8,1.0,0.4210685441240683
test,2018-560,2,654,9,0.0,0.6079765599812957
test,2018-560,2,654,10,1.0,0.38638532987802743
test,2018-560,2,654,11,0.0,0.015959851750585147
test,2018-560,2,654,12,0.0,0.577046021599673
test,2018-560,2,654,13,1.0,0.5754971917232117
test,2018-560,2,654,14,0.0,0.16481378735942695
test,2018-560,2,654,15,1.0,0.6194894252557234
test,2018-560,2,654,16,0.0,0.4863801290699329
test,2018-560,2,654,17,1.0,0.7926095875568511
test,2018-560,2,654,18,1.0,0.352360043326422
test,2018-560,2,654,19,1.0,0.6048943047484548
test,2018-560,2,654,20,0.0,0.8488580002323532
test,2018-560,2,654,21,1.0,0.7881645404232369
test,2018-560,2,654,22,1.0,0.5699366176552924
test,2018-560,2,654,23,0.0,0.3285902893966288
test,2018-560,2,654,24,1.0,0.5022611851678083
test,2018-560,2,654,25,0.0,0.47441274843506104
test,2018-560,2,654,26,1.0,0.4813581302304616
test,2018-560,2,654,27,1.0,0.412565081717885
test,2018-560,2,654,28,0.0,0.17477904476519315
test,2018-560,2,654,29,1.0,0.9312090046172224
test,2018-560,2,654,30,1.0,0.5919537018381845
test,2018-560,2,654,31,1.0,0.9240238797038399
test,2018-560,3,655,0,0.0,0.2960605577965386
test,2018-560,3,655,1,0.0,0.4999486542172721
test,2018-560,3,655,2,1.0,0.9293716901696156
test,2018-560,3,655,3,1.0,0.49036656202134105
test,2018-560,3,655,4,1.0,0.4367821384872306
test,2018-560,3,655,5,1.0,0.9725457435630206
test,2018-560,3,655,6,1.0,0.3742070709152812
test,2018-560,3,655,7,0.0,0.3507400552402213
test,2018-560,3,655,8,1.0,0.8196078480899578
test,2018-560,3,655,9,0.0,0.641240588088201
test,2018-560,3,655,10,0.0,0.2209687646898547
test,2018-560,3,655,11,0.0,0.44090621267489044
test,2018-560,3,655,12,0.0,0.402192901426164
test,2018-560,3,655,13,0.0,0.4229612300896405
test,2018-560,3,655,14,1.0,0.5640670015114659
test,2018-560,3,655,15,1.0,0.9068694703090727
test,2018-560,4,656,0,0.0,0.9600026302930884
test,2018-560,4,656,1,1.0,0.9808266124573064
test,2018-560,4,656,2,0.0,0.29129840438467863
test,2018-560,4,656,3,0.0,0.3236265886485721
test,2018-560,4,656,4,1.0,0.5370061715890228
test,2018-560,4,656,5,1.0,0.7263756393479884
test,2018-560,4,656,6,0.0,0.6706358601247141
test,2018-560,4,656,7,0.0,0.06791757315985235
test,2018-560,5,657,0,1.0,0.9766249885561382
test,2018-560,5,657,1,1.0,0.4263375222584061
test,2018-560,5,657,2,0.0,0.49075248962104356
test,2018-560,5,657,3,0.0,0.09698437372013602
test,2018-560,6,658,0,0.0,0.05591735782462332
test,2018-560,6,658,1,0.0,0.7469286436207213
test,2018-560,7,659,0,0.0,0.07773991078769739
test,2018-580,1,588,0,1.0,0.9690238833837208
test,2018-580,1,588,1,0.0,0.5612586291821587
test,2018-580,1,588,2,0.0,0.5862047639918682
test,2018-580,1,588,3,1.0,0.5074657352220489
test,2018-580,1,588,4,0.0,0.418013207625644
test,2018-580,1,588,5,0.0,0.6556518779296038
test,2018-580,1,588,6,0.0,0.23141344402982
test,2018-580,1,588,7,0.0,0.38144305807857043
test,2018-580,1,588,8,0.0,0.45745365411155214
test,2018-580,1,588,9,1.0,0.6784176488310913
test,2018-580,1,588,10,0.0,0.7375905657795204
test,2018-580,1,588,11,1.0,0.5728109927640344
test,2018-580,1,588,12,0.0,0.2420979619451304
test,2018-580,1,588,13,0.0,0.23780097076262166
test,2018-580,1,588,14,1.0,0.5355130374113197
test,2018-580,1,588,15,1.0,0.43477805131730846
test,2018-580,1,588,16,1.0,0.5249401307859978
test,2018-580,1,588,17,0.0,0.46221658389969744
test,2018-580,1,588,18,0.0,0.4797663495530084
test,2018-580,1,588,19,0.0,0.36034181640205776
test,2018-580,1,588,20,1.0,0.5475631574392703
test,2018-580,1,588,21,0.0,0.7714313413255836
test,2018-580,1,588,22,0.0,0.39016063605364715
test,2018-580,1,588,23,1.0,0.4985941290233847
test,2018-580,1,588,24,1.0,0.5709910407648194
test,2018-580,1,588,25,1.0,0.5145100444552664
test,2018-580,1,588,26,0.0,0.5647826278970577
test,2018-580,1,588,27,1.0,0.5264602009631004
test,2018-580,1,588,28,0.0,0.07566819290274192
test,2018-580,1,588,29,1.0,0.5323416553407788
test,2018-580,1,588,30,1.0,0.43215672378569764
test,2018-580,1,588,31,0.0,0.422610908340661
test,2018-580,1,588,32,0.0,0.5
test,2018-580,1,588,33,0.0,0.5996526289259438
test,2018-580,1,588,34,1.0,0.6783614394555921
test,2018-580,1,588,35,1.0,0.2849995849343639
test,2018-580,1,588,36,0.0,0.391108049820634
test,2018-580,1,588,37,0.0,0.5025108893988062
test,2018-580,1,588,38,0.0,0.5296035816631076
test,2018-580,1,588,39,0.0,0.2474869579972093
test,2018-580,1,588,40,0.0,0.49445030096101605
test,2018-580,1,588,41,1.0,0.44965922220296295
test,2018-580,1,588,42,0.0,0.21753696695811364
test,2018-580,1,588,43,0.0,0.4279928623899099
test,2018-580,1,588,44,0.0,0.5200297221207406
test,2018-580,1,588,45,1.0,0.6578921072632546
test,2018-580,1,588,46,0.0,0.388709722685656
test,2018-580,1,588,47,1.0,0.669492890757949
test,2018-580,1,588,48,1.0,0.4542754087901748
test,2018-580,1,588,49,1.0,0.48727855988577534
test,2018-580,1,588,50,0.0,0.5720438160305452
test,2018-580,1,588,51,1.0,0.5625658047932351
test,2018-580,1,588,52,1.0,0.4954450083238911
test,2018-580,1,588,53,1.0,0.5110232113654309
test,2018-580,1,588,54,1.0,0.603022497184511
test,2018-580,1,588,55,1.0,0.5347119046927138
test,2018-580,1,588,56,0.0,0.5009065789616569
test,2018-580,1,588,57,1.0,0.4634848293132839
test,2018-580,1,588,58,1.0,0.8190277537390626
test,2018-580,1,588,59,0.0,0.01667162277474263
test,2018-580,1,588,60,1.0,0.7110391931266029
test,2018-580,1,588,61,0.0,0.48127245885373027
test,2018-580,1,588,62,1.0,0.4721251392482204
test,2018-580,1,588,63,0.0,0.6249242073709901
test,2018-580,2,589,0,0.0,0.47173643314978386
test,2018-580,2,589,1,1.0,0.31857420766572686
test,2018-580,2,589,2,0.0,0.8122841361053146
test,2018-580,2,589,3,1.0,0.9661667148130756
test,2018-580,2,589,4,1.0,0.5475540579679556
test,2018-580,2,589,5,1.0,0.3603237574231902
test,2018-580,2,589,6,0.0,0.45557326504743006
test,2018-580,2,589,7,0.0,0.4073837682836664
test,2018-580,2,589,8,0.0,0.23776635054004935
test,2018-580,2,589,9,0.0,0.531433746109199
test,2018-580,2,589,10,1.0,0.5944822661174435
test,2018-580,2,589,11,1.0,0.6590013087115854
test,2018-580,2,589,12,1.0,0.5776223474582083
test,2018-580,2,589,13,0.0,0.4236118459308118
test,2018-580,2,589,14,0.0,0.4416695979321681
test,2018-580,2,589,15,1.0,0.49035398751244147
test,2018-580,2,589,16,0.0,0.527114330026586
test,2018-580,2,589,17,0.0,0.3306724971986559
test,2018-580,2,589,18,0.0,0.3562223107254414
test,2018-580,2,589,19,1.0,0.5039442268672518
test,2018-580,2,589,20,0.0,0.24076993763378116
test,2018-580,2,589,21,0.0,0.22870973080140863
test,2018-580,2,589,22,1.0,0.510121144845724
test,2018-580,2,589,23,1.0,0.5321869970967245
test,2018-580,2,589,24,1.0,0.4071440598410888
test,2018-580,2,589,25,0.0,0.31967859490530665
test,2018-580,2,589,26,1.0,0.5819110695019687
test,2018-580,2,589,27,0.0,0.4925687153437971
test,2018-580,2,589,28,1.0,0.5694182619665047
test,2018-580,2,589,29,1.0,0.9640296159792887
test,2018-580,2,589,30,0.0,0.08332302947507887
test,2018-580,2,589,31,1.0,0.7542102655934263
test,2018-580,3,590,0,0.0,0.5733860454540817
test,2018-580,3,590,1,1.0,0.4656683766347713
test,2018-580,3,590,2,0.0,0.06837458310305156
test,2018-580,3,590,3,0.0,0.48870184745677014
test,2018-580,3,590,4,0.0,0.46920556520176265
test,2018-580,3,590,5,0.0,0.6236203791530642
test,2018-580,3,590,6,1.0,0.9836868796490152
test,2018-580,3,590,7,1.0,0.53556179368111
test,2018-580,3,590,8,1.0,0.483815525921082
test,2018-580,3,590,9,0.0,0.5347324569616271
test,2018-580,3,590,10,1.0,0.5577316074884685
test,2018-580,3,590,11,0.0,0.6111627167028063
test,2018-580,3,590,12,1.0,0.6890746832617819
test,2018-580,3,590,13,0.0,0.22951380634491372
test,2018-580,3,590,14,1.0,0.5102719298147884
test,2018-580,3,590,15,1.0,0.9095638657433085
test,2018-580,4,591,0,0.0,0.03337487706316449
test,2018-580,4,591,1,1.0,0.7164958184689808
test,2018-580,4,591,2,1.0,0.018057474704582775
test,2018-580,4,591,3,0.0,0.5442422121557446
test,2018-580,4,591,4,0.0,0.5258636699823679
test,2018-580,4,591,5,1.0,0.5650565225286728
test,2018-580,4,591,6,0.0,0.25050206916059803
test,2018-580,4,591,7,0.0,0.10737467241773914
test,2018-580,5,592,0,1.0,0.8755661727047602
test,2018-580,5,592,1,0.0,0.38927520794457543
test,2018-580,5,592,2,1.0,0.275273084721364
test,2018-580,5,592,3,1.0,0.24076221154982835
test,2018-580,6,593,0,1.0,0.9396699194929493
test,2018-580,6,593,1,0.0,0.22936453579552177
test,2018-580,7,594,0,1.0,0.8650141692081481
test,2018-M006,1,595,0,0.0,0.5
test,2018-M006,1,595,1,0.0,0.5
test,2018-M006,1,595,2,1.0,0.5
test,2018-M006,1,595,3,1.0,0.5
test,2018-M006,1,595,4,1.0,0.5
test,2018-M006,1,595,5,1.0,0.5
test,2018-M006,1,595,6,1.0,0.5
test,2018-M006,1,595,7,1.0,0.5
test,2018-M006,1,595,8,1.0,0.5
test,2018-M006,1,595,9,1.0,0.5
test,2018-M006,1,595,10,1.0,0.5
test,2018-M006,1,595,11,1.0,0.5
test,2018-M006,1,595,12,0.0,0.5
test,2018-M006,1,595,13,0.0,0.5
test,2018-M006,1,595,14,0.0,0.5
test,2018-M006,1,595,15,0.0,0.5
test,2018-M006,1,595,16,1.0,0.5
test,2018-M006,1,595,17,0.0,0.5
test,2018-M006,1,595,18,0.0,0.5
test,2018-M006,1,595,19,1.0,0.5
test,2018-M006,1,595,20,1.0,0.5
test,2018-M006,1,595,21,1.0,0.5
test,2018-M006,1,595,22,1.0,0.5
test,2018-M006,1,595,23,1.0,0.5
test,2018-M006,1,595,24,0.0,0.5
test,2018-M006,1,595,25,1.0,0.5
test,2018-M006,1,595,26,1.0,0.5
test,2018-M006,1,595,27,1.0,0.5
test,2018-M006,1,595,28,1.0,0.5
test,2018-M006,1,595,29,0.0,0.5
test,2018-M006,1,595,30,0.0,0.5
test,2018-M006,1,595,31,1.0,0.5
test,2018-M006,2,596,0,1.0,0.5
test,2018-M006,2,596,1,0.0,0.5
test,2018-M006,2,596,2,0.0,0.5
test,2018-M006,2,596,3,1.0,0.5
test,2018-M006,2,596,4,0.0,0.5
test,2018-M006,2,596,5,0.0,0.5
test,2018-M006,2,596,6,1.0,0.5
test,2018-M006,2,596,7,1.0,0.5
test,2018-M006,2,596,8,0.0,0.5
test,2018-M006,2,596,9,1.0,0.5
test,2018-M006,2,596,10,1.0,0.5
test,2018-M006,2,596,11,1.0,0.5
test,2018-M006,2,596,12,0.0,0.5
test,2018-M006,2,596,13,0.0,0.5
test,2018-M006,2,596,14,1.0,0.5
test,2018-M006,2,596,15,0.0,0.5
test,2018-M006,2,596,16,0.0,0.5
test,2018-M006,2,596,17,0.0,0.5
test,2018-M006,2,596,18,0.0,0.5
test,2018-M006,2,596,19,0.0,0.5
test,2018-M006,2,596,20,1.0,0.5
test,2018-M006,2,596,21,1.0,0.5
test,2018-M006,2,596,22,0.0,0.5
test,2018-M006,2,596,23,1.0,0.5
test,2018-M006,2,596,24,1.0,0.5
test,2018-M006,2,596,25,0.0,0.5
test,2018-M006,2,596,26,0.0,0.5
test,2018-M006,2,596,27,1.0,0.5
test,2018-M006,2,596,28,0.0,0.5
test,2018-M006,2,596,29,0.0,0.5
test,2018-M006,2,596,30,0.0,0.5
test,2018-M006,2,596,31,0.0,0.5
test,2018-M006,3,597,0,0.0,0.5
test,2018-M006,3,597,1,0.0,0.5
test,2018-M006,3,597,2,1.0,0.5
test,2018-M006,3,597,3,1.0,0.5
test,2018-M006,3,597,4,0.0,0.5
test,2018-M006,3,597,5,1.0,0.5
test,2018-M006,3,597,6,0.0,0.5
test,2018-M006,3,597,7,1.0,0.5
test,2018-M006,3,597,8,1.0,0.5
test,2018-M006,3,597,9,1.0,0.5
test,2018-M006,3,597,10,0.0,0.5
test,2018-M006,3,597,11,0.0,0.5
test,2018-M006,3,597,12,0.0,0.5
test,2018-M006,3,597,13,1.0,0.5
test,2018-M006,3,597,14,0.0,0.5
test,2018-M006,3,597,15,0.0,0.5
test,2018-M006,4,598,0,1.0,0.5
test,2018-M006,4,598,1,0.0,0.5
test,2018-M006,4,598,2,1.0,0.5
test,2018-M006,4,598,3,0.0,0.5
test,2018-M006,4,598,4,1.0,0.5
test,2018-M006,4,598,5,1.0,0.5
test,2018-M006,4,598,6,0.0,0.5
test,2018-M006,4,598,7,0.0,0.5
test,2018-M006,5,599,0,0.0,0.5
test,2018-M006,5,599,1,0.0,0.5
test,2018-M006,5,599,2,0.0,0.5
test,2018-M006,5,599,3,0.0,0.5
test,2018-M006,6,600,0,0.0,0.5
test,2018-M006,6,600,1,0.0,0.5
test,2018-M006,7,601,0,1.0,0.5
test,2018-M007,1,602,0,0.0,0.5023183459736946
test,2018-M007,1,602,1,0.0,0.4309714207911985
test,2018-M007,1,602,2,0.0,0.5182385506100237
test,2018-M007,1,602,3,1.0,0.49793774004278457
test,2018-M007,1,602,4,1.0,0.5232121813173427
test,2018-M007,1,602,5,0.0,0.4752724936466643
test,2018-M007,1,602,6,1.0,0.4735885498855746
test,2018-M007,1,602,7,1.0,0.498632154471192
test,2018-M007,1,602,8,1.0,0.4715667876774149
test,2018-M007,1,602,9,0.0,0.501392218622075
test,2018-M007,1,602,10,0.0,0.385356696711056
test,2018-M007,1,602,11,0.0,0.49979712049404
test,2018-M007,1,602,12,1.0,0.49180542564016066
test,2018-M007,1,602,13,1.0,0.39155089112888775
test,2018-M007,1,602,14,1.0,0.5
test,2018-M007,1,602,15,1.0,0.4829759521722332
test,2018-M007,1,602,16,1.0,0.5623025645919919
test,2018-M007,1,602,17,1.0,0.4375414524946414
test,2018-M007,1,602,18,0.0,0.5028017179020304
test,2018-M007,1,602,19,1.0,0.5040202727844565
test,2018-M007,1,602,20,1.0,0.4842290640180045
test,2018-M007,1,602,21,1.0,0.4922452613625562
test,2018-M007,1,602,22,0.0,0.4995457005390137
test,2018-M007,1,602,23,1.0,0.5040474845146615
test,2018-M007,1,602,24,0.0,0.4955876811931918
test,2018-M007,1,602,25,1.0,0.46832847213371537
test,2018-M007,1,602,26,0.0,0.46255824578802424
test,2018-M007,1,602,27,0.0,0.42145052922968274
test,2018-M007,1,602,28,1.0,0.5165808177783175
test,2018-M007,1,602,29,0.0,0.48851230795913586
test,2018-M007,1,602,30,0.0,0.5440990511472382
test,2018-M007,1,602,31,0.0,0.4935431334302268
test,2018-M007,2,603,0,1.0,0.025785967872183298
test,2018-M007,2,603,1,1.0,0.6373300155779066
test,2018-M007,2,603,2,1.0,0.43919937121793556
test,2018-M007,2,603,3,1.0,0.48541412282098945
test,2018-M007,2,603,4,0.0,0.4530051025853705
test,2018-M007,2,603,5,1.0,0.42078809427894687
test,2018-M007,2,603,6,0.0,0.49285859893888184
test,2018-M007,2,603,7,1.0,0.670809036964115
test,2018-M007,2,603,8,0.0,0.34636289183330954
test,2018-M007,2,603,9,0.0,0.2463718669513633
test,2018-M007,2,603,10,0.0,0.31822337802831396
test,2018-M007,2,603,11,0.0,0.3924804502496153
test,2018-M007,2,603,12,1.0,0.6244220628552565
test,2018-M007,2,603,13,1.0,0.5633221326638987
test,2018-M007,2,603,14,1.0,0.7905482976067021
test,2018-M007,2,603,15,1.0,0.6176395991807463
test,2018-M007,2,603,16,0.0,0.29135124202831647
test,2018-M007,2,603,17,1.0,0.5913768474406522
test,2018-M007,2,603,18,0.0,0.2372184233629199
test,2018-M007,2,603,19,0.0,0.9795318980110831
test,2018-M007,2,603,20,1.0,0.58729152731807
test,2018-M007,2,603,21,1.0,0.43387028483187257
test,2018-M007,2,603,22,1.0,0.7497180922381677
test,2018-M007,2,603,23,0.0,0.5612979649534766
test,2018-M007,2,603,24,1.0,0.4175083390992648
test,2018-M007,2,603,25,0.0,0.38538024508642094
test,2018-M007,2,603,26,1.0,0.3755644449138793
test,2018-M007,2,603,27,1.0,0.7538000136293976
test,2018-M007,2,603,28,1.0,0.5339461335287027
test,2018-M007,2,603,29,1.0,0.70520977220182
test,2018-M007,2,603,30,0.0,0.16696041934978825
test,2018-M007,2,603,31,1.0,0.4846603983829992
test,2018-M007,3,604,0,1.0,0.35244535719284836
test,2018-M007,3,604,1,0.0,0.5398856212389159
test,2018-M007,3,604,2,1.0,0.6464316448781613
test,2018-M007,3,604,3,0.0,0.3062838491486934
test,2018-M007,3,604,4,0.0,0.20710746520279355
test,2018-M007,3,604,5,0.0,0.36981776768224583
test,2018-M007,3,604,6,1.0,0.3973267944990501
test,2018-M007,3,604,7,0.0,0.5317596244809618
test,2018-M007,3,604,8,1.0,0.5731806067531992
test,2018-M007,3,604,9,1.0,0.5233096503032655
test,2018-M007,3,604,10,0.0,0.7835428910413211
test,2018-M007,3,604,11,1.0,0.6698308793950871
test,2018-M007,3,604,12,0.0,0.6256412761985587
test,2018-M007,3,604,13,0.0,0.5094979257401256
test,2018-M007,3,604,14,1.0,0.45924011516287155
test,2018-M007,3,604,15,1.0,0.5875193543027811
test,2018-M007,4,605,0,1.0,0.7001164038316067
test,2018-M007,4,605,1,1.0,0.3948557659598918
test,2018-M007,4,605,2,0.0,0.3800431989523666
test,2018-M007,4,605,3,1.0,0.4816749243863532
test,2018-M007,4,605,4,0.0,0.5279757580916958
test,2018-M007,4,605,5,0.0,0.44478369603967144
test,2018-M007,4,605,6,1.0,0.599386634630159
test,2018-M007,4,605,7,0.0,0.5997038005747243
test,2018-M007,5,606,0,1.0,0.40529926411224354
test,2018-M007,5,606,1,0.0,0.4066187245827898
test,2018-M007,5,606,2,0.0,0.41642651601192177
test,2018-M007,5,606,3,1.0,0.6691478558217467
test,2018-M007,6,607,0,1.0,0.6027449709030549
test,2018-M007,6,607,1,0.0,0.4913851698210245
test,2018-M007,7,608,0,0.0,0.3409177794987264
test,2018-M009,2,621,0,1.0,0.6173081805008931
test,2018-M009,2,621,1,1.0,0.5079000797236636
test,2018-M009,2,621,2,1.0,0.6419344325356199
test,2018-M009,2,621,3,0.0,0.676872550917179
test,2018-M009,2,621,4,1.0,0.568079035769974
test,2018-M009,2,621,5,1.0,0.49200025923508234
test,2018-M009,2,621,6,1.0,0.4555044535093483
test,2018-M009,2,621,7,1.0,0.5642550116703412
test,2018-M009,2,621,8,1.0,0.6147320381869051
test,2018-M009,2,621,9,1.0,0.22923733494471352
test,2018-M009,2,621,10,1.0,0.5116843685087079
test,2018-M009,2,621,11,1.0,0.5497718341180142
test,2018-M009,2,621,12,0.0,0.5
test,2018-M009,2,621,13,0.0,0.05379802485132744
test,2018-M009,2,621,14,0.0,0.728738748349067
test,2018-M009,2,621,15,0.0,0.3802977989186372
test,2018-M009,2,621,16,0.0,0.2877117602899931
test,2018-M009,2,621,17,1.0,0.5807884115572381
test,2018-M009,2,621,18,1.0,0.459580567971266
test,2018-M009,2,621,19,0.0,0.5219438244735447
test,2018-M009,2,621,20,0.0,0.6445587414430577
test,2018-M009,2,621,21,1.0,0.5203472710348385
test,2018-M009,2,621,22,0.0,0.7697483664984867
test,2018-M009,2,621,23,0.0,0.49028576791109335
test,2018-M009,3,622,0,1.0,0.9943267783927173
test,2018-M009,3,622,1,0.0,0.5021653878119733
test,2018-M009,3,622,2,1.0,0.14884665474338812
test,2018-M009,3,622,3,0.0,0.3406009406569876
test,2018-M009,3,622,4,1.0,0.9580124636630953
test,2018-M009,3,622,5,1.0,0.5096731774051522
test,2018-M009,3,622,6,0.0,0.47672368762797585
test,2018-M009,3,622,7,1.0,0.43024356549196235
test,2018-M009,3,622,8,0.0,0.4230011534661794
test,2018-M009,3,622,9,1.0,0.6431746759596558
test,2018-M009,3,622,10,0.0,0.36668486131992056
test,2018-M009,3,622,11,0.0,0.5062333618289914
test,2018-M009,3,622,12,1.0,0.5452511445763831
test,2018-M009,3,622,13,0.0,0.45504354775687555
test,2018-M009,3,622,14,0.0,0.2762172155456538
test,2018-M009,3,622,15,0.0,0.17395736961123182
test,2018-M009,4,623,0,0.0,0.28081317882528756
test,2018-M009,4,623,1,1.0,0.651276148030168
test,2018-M009,4,623,2,1.0,0.9934492600975255
test,2018-M009,4,623,3,0.0,0.40983435826980863
test,2018-M009,4,623,4,0.0,0.07196533661668718
test,2018-M009,4,623,5,1.0,0.6183945057260869
test,2018-M009,4,623,6,1.0,0.7686779868132271
test,2018-M009,4,623,7,0.0,0.48532459773869524
test,2018-M009,5,624,0,0.0,0.4137339451324559
test,2018-M009,5,624,1,1.0,0.5280975267501622
test,2018-M009,5,624,2,0.0,0.1632029672669964
test,2018-M009,5,624,3,0.0,0.016098760847569355
test,2018-M009,6,625,0,0.0,0.2672407500919488
test,2018-M009,6,625,1,1.0,0.8857596892455488
test,2018-M009,7,626,0,0.0,0.0218264727263231
test,2018-M021,2,615,0,0.0,0.5930934578049756
test,2018-M021,2,615,1,1.0,0.7558634238019944
test,2018-M021,2,615,2,1.0,0.34435146905423303
test,2018-M021,2,615,3,1.0,0.6472039740264085
test,2018-M021,2,615,4,0.0,0.37197606935078287
test,2018-M021,2,615,5,0.0,0.6121780188128765
test,2018-M021,2,615,6,0.0,0.4070642277478255
test,2018-M021,2,615,7,0.0,0.5005312089585974
test,2018-M021,2,615,8,1.0,0.5141936277078675
test,2018-M021,2,615,9,0.0,0.13700286982935347
test,2018-M021,2,615,10,0.0,0.4948419381486747
test,2018-M021,2,615,11,1.0,0.4317709845372836
test,2018-M021,2,615,12,1.0,0.5057185508311811
test,2018-M021,2,615,13,1.0,0.39007189471335735
test,2018-M021,2,615,14,0.0,0.37297286053915985
test,2018-M021,2,615,15,1.0,0.6821813817705139
test,2018-M021,2,615,16,1.0,0.630134715152131
test,2018-M021,2,615,17,0.0,0.47867479964522136
test,2018-M021,2,615,18,1.0,0.5569922763072815
test,2018-M021,2,615,19,1.0,0.5440578610800316
test,2018-M021,2,615,20,1.0,0.5548800797843505
test,2018-M021,2,615,21,0.0,0.5043495026181903
test,2018-M021,2,615,22,0.0,0.5925075329074598
test,2018-M021,2,615,23,0.0,0.5749640062907596
test,2018-M021,3,616,0,1.0,0.9927263293892747
test,2018-M021,3,616,1,0.0,0.5067044355868923
test,2018-M021,3,616,2,0.0,0.4981272695974746
test,2018-M021,3,616,3,1.0,0.8475020887377331
test,2018-M021,3,616,4,0.0,0.3926444075185547
test,2018-M021,3,616,5,1.0,0.5499564300181657
test,2018-M021,3,616,6,0.0,0.41914899384990384
test,2018-M021,3,616,7,0.0,0.2529732074660158
test,2018-M021,3,616,8,1.0,0.034209827557687665
test,2018-M021,3,616,9,0.0,0.6407047464029313
test,2018-M021,3,616,10,1.0,0.3863307400675165
test,2018-M021,3,616,11,0.0,0.5826756710224804
test,2018-M021,3,616,12,0.0,0.4263621077562482
test,2018-M021,3,616,13,1.0,0.5628781006583733
test,2018-M021,3,616,14,1.0,0.752887391924822
test,2018-M021,3,616,15,1.0,0.30945116100439274
test,2018-M021,4,617,0,0.0,0.35815979371777373
test,2018-M021,4,617,1,1.0,0.3717214593594258
test,2018-M021,4,617,2,0.0,0.6731800804884293
test,2018-M021,4,617,3,1.0,0.3474449273336763
test,2018-M021,4,617,4,0.0,0.5891400013680309
test,2018-M021,4,617,5,0.0,0.14246512611381038
test,2018-M021,4,617,6,0.0,0.006570873634640633
test,2018-M021,4,617,7,0.0,0.6197783315584198
test,2018-M021,5,618,0,1.0,0.03177764515700611
test,2018-M021,5,618,1,0.0,0.31203753781817767
test,2018-M021,5,618,2,0.0,0.6192144757056465
test,2018-M021,5,618,3,0.0,0.4535736610148448
test,2018-M021,6,619,0,1.0,0.7399563757345055
test,2018-M021,6,619,1,1.0,0.9059235479542321
test,2018-M021,7,620,0,0.0,0.8117781427430971
test,2018-M024,2,647,0,1.0,0.45336090682633007
test,2018-M024,2,647,1,1.0,0.5187188301543552
test,2018-M024,2,647,2,0.0,0.25861156447862765
test,2018-M024,2,647,3,0.0,0.27009615359480643
test,2018-M024,2,647,4,0.0,0.48498420051636537
test,2018-M024,2,647,5,1.0,0.5309819409719199
test,2018-M024,2,647,6,0.0,0.42039327703123985
test,2018-M024,2,647,7,1.0,0.6668490766247513
test,2018-M024,2,647,8,1.0,0.4095874769692822
test,2018-M024,2,647,9,0.0,0.6197656509875865
test,2018-M024,2,647,10,0.0,0.5229358161723224
test,2018-M024,2,647,11,1.0,0.42778572851216434
test,2018-M024,2,647,12,1.0,0.0882082372382719
test,2018-M024,2,647,13,1.0,0.27312313803959815
test,2018-M024,2,647,14,1.0,0.5553382372100079
test,2018-M024,2,647,15,0.0,0.41760727992597524
test,2018-M024,2,647,16,0.0,0.41438536680172255
test,2018-M024,2,647,17,0.0,0.023268032611039983
test,2018-M024,2,647,18,0.0,0.2852100899207918
test,2018-M024,2,647,19,1.0,0.5472146004162945
test,2018-M024,2,647,20,1.0,0.5196635401710017
test,2018-M024,2,647,21,0.0,0.4814536754142442
test,2018-M024,2,647,22,0.0,0.5835807198215991
test,2018-M024,2,647,23,0.0,0.4088388432754935
test,2018-M024,3,648,0,1.0,0.716490116176336
test,2018-M024,3,648,1,1.0,0.5865722014160824
test,2018-M024,3,648,2,0.0,0.5768989644037522
test,2018-M024,3,648,3,1.0,0.9703578607358081
test,2018-M024,3,648,4,0.0,0.3147305182380759
test,2018-M024,3,648,5,1.0,0.5972070237911724
test,2018-M024,3,648,6,1.0,0.43421872867589223
test,2018-M024,3,648,7,0.0,0.17848044857930004
test,2018-M024,3,648,8,1.0,0.5585131868578573
test,2018-M024,3,648,9,1.0,0.4187082023746874
test,2018-M024,3,648,10,0.0,0.3233280531274034
test,2018-M024,3,648,11,0.0,0.5189784305236713
test,2018-M024,3,648,12,1.0,0.569407226363861
test,2018-M024,3,648,13,0.0,0.6188974768697412
test,2018-M024,3,648,14,0.0,0.44121762315785207
test,2018-M024,3,648,15,1.0,0.9629031020344258
test,2018-M024,4,649,0,0.0,0.04376352368658302
test,2018-M024,4,649,1,1.0,0.8202486677477958
test,2018-M024,4,649,2,1.0,0.5652088878229112
test,2018-M024,4,649,3,0.0,0.6190477956281073
test,2018-M024,4,649,4,1.0,0.74587097311248
test,2018-M024,4,649,5,0.0,0.5180451204593173
test,2018-M024,4,649,6,1.0,0.9337249746415095
test,2018-M024,4,649,7,0.0,0.3584166586479795
test,2018-M024,5,650,0,1.0,0.8393842464465661
test,2018-M024,5,650,1,0.0,0.69451455353666
test,2018-M024,5,650,2,1.0,0.7292749204870865
test,2018-M024,5,650,3,1.0,0.9462828906754123
test,2018-M024,6,651,0,1.0,0.9298067194813513
test,2018-M024,6,651,1,0.0,0.08673843219966659
test,2018-M024,7,652,0,0.0,0.3329345583251203
test,2019-0352,2,750,0,1.0,0.5081539951114702
test,2019-0352,2,750,1,1.0,0.4669457402984544
test,2019-0352,2,750,2,1.0,0.5761180295179869
test,2019-0352,2,750,3,0.0,0.4556312703611812
test,2019-0352,2,750,4,1.0,0.3854217623585995
test,2019-0352,2,750,5,0.0,0.4713955709589456
test,2019-0352,2,750,6,0.0,0.5042147352454804
test,2019-0352,2,750,7,0.0,0.2189187102013721
test,2019-0352,2,750,8,0.0,0.24955366980985885
test,2019-0352,2,750,9,1.0,0.5211739324472371
test,2019-0352,2,750,10,0.0,0.4496505503437667
test,2019-0352,2,750,11,1.0,0.5755304719471402
test,2019-0352,2,750,12,0.0,0.48753368873259806
test,2019-0352,2,750,13,0.0,0.5056270520496453
test,2019-0352,2,750,14,1.0,0.7916157557611061
test,2019-0352,2,750,15,1.0,0.5945089324756295
test,2019-0352,3,751,0,0.0,0.7453672198553
test,2019-0352,3,751,1,1.0,0.6308291963860037
test,2019-0352,3,751,2,1.0,0.3041884130882658
test,2019-0352,3,751,3,1.0,0.6455681408929881
test,2019-0352,3,751,4,1.0,0.3705005099410718
test,2019-0352,3,751,5,1.0,0.5037439968552282
test,2019-0352,3,751,6,0.0,0.4138934554022708
test,2019-0352,3,751,7,1.0,0.5689243997459613
test,2019-0352,3,751,8,1.0,0.4912257318877097
test,2019-0352,3,751,9,1.0,0.349844038369135
test,2019-0352,3,751,10,0.0,0.34010859152180806
test,2019-0352,3,751,11,1.0,0.5778199286505654
test,2019-0352,3,751,12,0.0,0.07571200884624309
test,2019-0352,3,751,13,1.0,0.47595816409183034
test,2019-0352,3,751,14,1.0,0.2761158292013229
test,2019-0352,3,751,15,1.0,0.9853561410315518
test,2019-0352,4,752,0,1.0,0.7231581337340229
test,2019-0352,4,752,1,1.0,0.9777196025576412
test,2019-0352,4,752,2,1.0,0.5873616078055263
test,2019-0352,4,752,3,1.0,0.3916225510966685
test,2019-0352,4,752,4,0.0,0.36369771579292276
test,2019-0352,4,752,5,0.0,0.35846592334781957
test,2019-0352,4,752,6,1.0,0.4674841566748393
test,2019-0352,4,752,7,0.0,0.3541834016003888
test,2019-0352,5,753,0,1.0,0.9691205123777381
test,2019-0352,5,753,1,1.0,0.7414303184517748
test,2019-0352,5,753,2,1.0,0.4957012223379719
test,2019-0352,5,753,3,1.0,0.8876321474746526
test,2019-0352,6,754,0,1.0,0.9418214898127628
test,2019-0352,6,754,1,0.0,0.901510741690993
test,2019-0352,7,755,0,1.0,0.9547680395352443
test,2019-0410,2,693,0,0.0,0.481288563862626
test,2019-0410,2,693,1,1.0,0.6082897161938967
test,2019-0410,2,693,2,1.0,0.4750666731191355
test,2019-0410,2,693,3,1.0,0.46012334618530576
test,2019-0410,2,693,4,0.0,0.4284667877137815
test,2019-0410,2,693,5,0.0,0.41290715139151535
test,2019-0410,2,693,6,1.0,0.7465764501966726
test,2019-0410,2,693,7,0.0,0.4396987722099571
test,2019-0410,2,693,8,0.0,0.4510766314913542
test,2019-0410,2,693,9,1.0,0.49818145338608194
test,2019-0410,2,693,10,0.0,0.7461773397553608
test,2019-0410,2,693,11,1.0,0.43141277877210565
test,2019-0410,2,693,12,1.0,0.4405138442373102
test,2019-0410,2,693,13,1.0,0.7456726468238947
test,2019-0410,2,693,14,1.0,0.5632770721669655
test,2019-0410,2,693,15,1.0,0.4343488297233303
test,2019-0410,2,693,16,1.0,0.44517496008150037
test,2019-0410,2,693,17,1.0,0.4724753202724476
test,2019-0410,2,693,18,0.0,0.5065381931999857
test,2019-0410,2,693,19,0.0,0.6348092408802041
test,2019-0410,2,693,20,0.0,0.31195045535696364
test,2019-0410,2,693,21,1.0,0.6395279785908207
test,2019-0410,2,693,22,0.0,0.2936682216406717
test,2019-0410,2,693,23,0.0,0.3955742850595881
test,2019-0410,3,694,0,0.0,0.5822253616615917
test,2019-0410,3,694,1,0.0,0.7434489864810755
test,2019-0410,3,694,2,1.0,0.48044868153827563
test,2019-0410,3,694,3,1.0,0.2895453457694431
test,2019-0410,3,694,4,0.0,0.1460717150524217
test,2019-0410,3,694,5,1.0,0.5559597167957198
test,2019-0410,3,694,6,1.0,0.5008922902316375
test,2019-0410,3,694,7,0.0,0.5937599643867701
test,2019-0410,3,694,8,0.0,0.07951160601082316
test,2019-0410,3,694,9,0.0,0.4856959520996012
test,2019-0410,3,694,10,1.0,0.7383215927477048
test,2019-0410,3,694,11,1.0,0.6694711290061925
test,2019-0410,3,694,12,1.0,0.4039838283866426
test,2019-0410,3,694,13,1.0,0.99377849045932
test,2019-0410,3,694,14,0.0,0.40070610304424026
test,2019-0410,3,694,15,0.0,0.6655032402239253
test,2019-0410,4,695,0,0.0,0.007668304891834658
test,2019-0410,4,695,1,0.0,0.59231883818436
test,2019-0410,4,695,2,0.0,0.5518658315031459
test,2019-0410,4,695,3,0.0,0.5316683019325495
test,2019-0410,4,695,4,1.0,0.11117362628721489
test,2019-0410,4,695,5,1.0,0.427363948979467
test,2019-0410,4,695,6,0.0,0.04072571917380991
test,2019-0410,4,695,7,0.0,0.49367369579544074
test,2019-0410,5,696,0,1.0,0.993367358159274
test,2019-0410,5,696,1,1.0,0.7286833022924437
test,2019-0410,5,696,2,1.0,0.6297020784294273
test,2019-0410,5,696,3,1.0,0.03980217828177571
test,2019-0410,6,697,0,0.0,0.9842429209579301
test,2019-0410,6,697,1,0.0,0.47489217948253837
test,2019-0410,7,698,0,1.0,0.7972728029264476
test,2019-0421,2,725,0,0.0,0.5508986490669484
test,2019-0421,2,725,1,1.0,0.8021018595765435
test,2019-0421,2,725,2,1.0,0.7477959678455788
test,2019-0421,2,725,3,1.0,0.49820940343878184
test,2019-0421,2,725,4,0.0,0.5601511349536371
test,2019-0421,2,725,5,0.0,0.519401971208332
test,2019-0421,2,725,6,1.0,0.28809535328444424
test,2019-0421,2,725,7,1.0,0.4883571806990918
test,2019-0421,2,725,8,1.0,0.6596421115601824
test,2019-0421,2,725,9,1.0,0.4796980069045403
test,2019-0421,2,725,10,0.0,0.4195847140712987
test,2019-0421,2,725,11,0.0,0.467574354255719
test,2019-0421,2,725,12,0.0,0.3707623638132779
test,2019-0421,2,725,13,0.0,0.4265383517586924
test,2019-0421,2,725,14,0.0,0.3522019366924978
test,2019-0421,2,725,15,1.0,0.5056149056331949
test,2019-0421,2,725,16,0.0,0.511258803728965
test,2019-0421,2,725,17,0.0,0.4985665233225787
test,2019-0421,2,725,18,0.0,0.46988678341311724
test,2019-0421,2,725,19,0.0,0.3911838499538442
test,2019-0421,2,725,20,1.0,0.3855341594818443
test,2019-0421,2,725,21,1.0,0.3812387647682179
test,2019-0421,2,725,22,1.0,0.5205458200726651
test,2019-0421,2,725,23,0.0,0.2731718078897828
test,2019-0421,3,726,0,0.0,0.6559791240471807
test,2019-0421,3,726,1,0.0,0.6501343668679684
test,2019-0421,3,726,2,1.0,0.7044730926343811
test,2019-0421,3,726,3,0.0,0.3522595531966718
test,2019-0421,3,726,4,0.0,0.6859263097033039
test,2019-0421,3,726,5,0.0,0.4213280582680704
test,2019-0421,3,726,6,0.0,0.5506514937802488
test,2019-0421,3,726,7,0.0,0.493394049408468
test,2019-0421,3,726,8,1.0,0.9141623645682555
test,2019-0421,3,726,9,1.0,0.24412095432831205
test,2019-0421,3,726,10,0.0,0.516383680383274
test,2019-0421,3,726,11,1.0,0.4659368075591755
test,2019-0421,3,726,12,1.0,0.207843991524485
test,2019-0421,3,726,13,1.0,0.4492344776581113
test,2019-0421,3,726,14,1.0,0.7441762232118686
test,2019-0421,3,726,15,1.0,0.6508750950522352
test,2019-0421,4,727,0,1.0,0.27182042736037015
test,2019-0421,4,727,1,0.0,0.4636115252014468
test,2019-0421,4,727,2,0.0,0.38215165984980987
test,2019-0421,4,727,3,0.0,0.34830890855712404
test,2019-0421,4,727,4,0.0,0.4045852151303033
test,2019-0421,4,727,5,1.0,0.6165085054185557
test,2019-0421,4,727,6,1.0,0.49947036941334966
test,2019-0421,4,727,7,1.0,0.91501485216607
test,2019-0421,5,728,0,0.0,0.5893844523881929
test,2019-0421,5,728,1,0.0,0.4338177577668624
test,2019-0421,5,728,2,1.0,0.3380835444437215
test,2019-0421,5,728,3,0.0,0.1049723733222067
test,2019-0421,6,729,0,1.0,0.3525826767083456
test,2019-0421,6,729,1,0.0,0.14878985587981894
test,2019-0421,7,730,0,1.0,0.8903126952954463
test,2019-5014,2,744,0,0.0,0.5
test,2019-5014,2,744,1,1.0,0.5
test,2019-5014,2,744,2,1.0,0.5
test,2019-5014,2,744,3,0.0,0.5
test,2019-5014,2,744,4,1.0,0.5
test,2019-5014,2,744,5,0.0,0.5
test,2019-5014,2,744,6,1.0,0.5
test,2019-5014,2,744,7,0.0,0.5
test,2019-5014,2,744,8,0.0,0.5
test,2019-5014,2,744,9,0.0,0.5
test,2019-5014,2,744,10,0.0,0.5
test,2019-5014,2,744,11,1.0,0.5
test,2019-5014,2,744,12,0.0,0.5
test,2019-5014,2,744,13,0.0,0.5
test,2019-5014,2,744,14,0.0,0.5
test,2019-5014,2,744,15,0.0,0.5
test,2019-5014,2,744,16,0.0,0.5
test,2019-5014,2,744,17,1.0,0.5
test,2019-5014,2,744,18,0.0,0.5
test,2019-5014,2,744,19,0.0,0.5
test,2019-5014,2,744,20,1.0,0.5
test,2019-5014,2,744,21,1.0,0.5
test,2019-5014,2,744,22,0.0,0.5
test,2019-5014,2,744,23,1.0,0.5
test,2019-5014,3,745,0,0.0,0.5
test,2019-5014,3,745,1,0.0,0.5
test,2019-5014,3,745,2,1.0,0.5
test,2019-5014,3,745,3,0.0,0.5
test,2019-5014,3,745,4,0.0,0.5
test,2019-5014,3,745,5,1.0,0.5
test,2019-5014,3,745,6,1.0,0.5
test,2019-5014,3,745,7,1.0,0.5
test,2019-5014,3,745,8,1.0,0.5
test,2019-5014,3,745,9,1.0,0.5
test,2019-5014,3,745,10,1.0,0.5
test,2019-5014,3,745,11,1.0,0.5
test,2019-5014,3,745,12,1.0,0.5
test,2019-5014,3,745,13,1.0,0.5
test,2019-5014,3,745,14,0.0,0.5
test,2019-5014,3,745,15,0.0,0.5
test,2019-5014,4,746,0,0.0,0.5
test,2019-5014,4,746,1,1.0,0.5
test,2019-5014,4,746,2,1.0,0.5
test,2019-5014,4,746,3,1.0,0.5
test,2019-5014,4,746,4,0.0,0.5
test,2019-5014,4,746,5,0.0,0.5
test,2019-5014,4,746,6,1.0,0.5
test,2019-5014,4,746,7,1.0,0.5
test,2019-5014,5,747,0,1.0,0.5
test,2019-5014,5,747,1,0.0,0.5
test,2019-5014,5,747,2,0.0,0.5
test,2019-5014,5,747,3,1.0,0.5
test,2019-5014,6,748,0,1.0,0.5
test,2019-5014,6,748,1,0.0,0.5
test,2019-5014,7,749,0,0.0,0.5
test,2019-520,1,711,0,1.0,0.570522909728645
test,2019-520,1,711,1,0.0,0.5
test,2019-520,1,711,2,1.0,0.5834238689326692
test,2019-520,1,711,3,1.0,0.5628661995956302
test,2019-520,1,711,4,1.0,0.503340610157595
test,2019-520,1,711,5,0.0,0.5477053301035857
test,2019-520,1,711,6,1.0,0.4918905214723866
test,2019-520,1,711,7,0.0,0.4782065536484794
test,2019-520,1,711,8,0.0,0.19670706531382734
test,2019-520,1,711,9,0.0,0.48915223367704175
test,2019-520,1,711,10,1.0,0.5273831075547822
test,2019-520,1,711,11,0.0,0.5159436908415221
test,2019-520,1,711,12,1.0,0.7384893238121001
test,2019-520,1,711,13,1.0,0.582198040893673
test,2019-520,1,711,14,1.0,0.64022500600404
test,2019-520,1,711,15,0.0,0.35006503710656633
test,2019-520,1,711,16,0.0,0.6255137150206189
test,2019-520,1,711,17,0.0,0.35048152189988063
test,2019-520,1,711,18,1.0,0.5759748385793843
test,2019-520,1,711,19,0.0,0.3924706507362346
test,2019-520,1,711,20,1.0,0.6067927461327827
test,2019-520,1,711,21,1.0,0.5198168965256376
test,2019-520,1,711,22,1.0,0.7863901095076133
test,2019-520,1,711,23,0.0,0.5324622487705044
test,2019-520,1,711,24,1.0,0.5584209992227073
test,2019-520,1,711,25,1.0,0.6180958368922717
test,2019-520,1,711,26,0.0,0.4872661129667854
test,2019-520,1,711,27,1.0,0.4838063628455067
test,2019-520,1,711,28,0.0,0.46783928998262314
test,2019-520,1,711,29,1.0,0.8187521500674895
test,2019-520,1,711,30,0.0,0.5309479556345078
test,2019-520,1,711,31,1.0,0.5608804827000812
test,2019-520,1,711,32,0.0,0.4319973131783436
test,2019-520,1,711,33,1.0,0.5983585043101298
test,2019-520,1,711,34,1.0,0.4764818959615578
test,2019-520,1,711,35,0.0,0.502679938210435
test,2019-520,1,711,36,1.0,0.7594791259675724
test,2019-520,1,711,37,1.0,0.9469141086013634
test,2019-520,1,711,38,0.0,0.5119413718106887
test,2019-520,1,711,39,1.0,0.6586994804899162
test,2019-520,1,711,40,0.0,0.5047178841194714
test,2019-520,1,711,41,0.0,0.5262637338791373
test,2019-520,1,711,42,1.0,0.9614104961876527
test,2019-520,1,711,43,1.0,0.5289160467604395
test,2019-520,1,711,44,0.0,0.5134618540807246
test,2019-520,1,711,45,1.0,0.47756793263931585
test,2019-520,1,711,46,0.0,0.32722844978008114
test,2019-520,1,711,47,1.0,0.7483749495232043
test,2019-520,1,711,48,0.0,0.40305167899069977
test,2019-520,1,711,49,0.0,0.5
test,2019-520,1,711,50,1.0,0.5079396623839861
test,2019-520,1,711,51,0.0,0.5
test,2019-520,1,711,52,1.0,0.5551558742603759
test,2019-520,1,711,53,0.0,0.41563351048199915
test,2019-520,1,711,54,0.0,0.613415864303717
test,2019-520,1,711,55,1.0,0.43480135164441486
test,2019-520,1,711,56,0.0,0.42321278107864874
test,2019-520,1,711,57,0.0,0.49834416073803545
test,2019-520,1,711,58,1.0,0.6316150548103207
test,2019-520,1,711,59,1.0,0.7147486390194524
test,2019-520,1,711,60,1.0,0.49273705938417967
test,2019-520,1,711,61,0.0,0.49949303575603055
test,2019-520,1,711,62,0.0,0.004534794054430568
test,2019-520,1,711,63,0.0,0.5
test,2019-520,2,712,0,1.0,0.3661317940663743
test,2019-520,2,712,1,1.0,0.995344595536662
test,2019-520,2,712,2,1.0,0.7137415915909177
test,2019-520,2,712,3,0.0,0.5868319145329842
test,2019-520,2,712,4,0.0,0.5034891304073693
test,2019-520,2,712,5,0.0,0.3753107322923608
test,2019-520,2,712,6,1.0,0.5882703752553896
test,2019-520,2,712,7,1.0,0.6447059123978923
test,2019-520,2,712,8,1.0,0.7704945155206975
test,2019-520,2,712,9,0.0,0.054347672233043785
test,2019-520,2,712,10,1.0,0.5686794132033065
test,2019-520,2,712,11,1.0,0.2144248508688879
test,2019-520,2,712,12,1.0,0.5928340665579346
test,2019-520,2,712,13,1.0,0.5732723532074963
test,2019-520,2,712,14,1.0,0.5306580454961631
test,2019-520,2,712,15,0.0,0.5331335376409212
test,2019-520,2,712,16,1.0,0.6614099092416519
test,2019-520,2,712,17,1.0,0.80546413248875
test,2019-520,2,712,18,1.0,0.4875377393095316
test,2019-520,2,712,19,0.0,0.32715225216475563
test,2019-520,2,712,20,1.0,0.5167805768321068
test,2019-520,2,712,21,1.0,0.35889720390511864
test,2019-520,2,712,22,0.0,0.5502647357560854
test,2019-520,2,712,23,0.0,0.5661634705633203
test,2019-520,2,712,24,0.0,0.3124715365358168
test,2019-520,2,712,25,0.0,0.3339998682178948
test,2019-520,2,712,26,1.0,0.5390068172244614
test,2019-520,2,712,27,1.0,0.8189455690016976
test,2019-520,2,712,28,0.0,0.3600961638596874
test,2019-520,2,712,29,1.0,0.9622024089436508
test,2019-520,2,712,30,0.0,0.5693810406986576
test,2019-520,2,712,31,0.0,0.4272613590517314
test,2019-520,3,713,0,1.0,0.5822684247959522
test,2019-520,3,713,1,1.0,0.5938264424218478
test,2019-520,3,713,2,1.0,0.7988520469003492
test,2019-520,3,713,3,0.0,0.3433151997974396
test,2019-520,3,713,4,1.0,0.46313230107969633
test,2019-520,3,713,5,1.0,0.5748113161314504
test,2019-520,3,713,6,1.0,0.5853895051823778
test,2019-520,3,713,7,0.0,0.35164276365886254
test,2019-520,3,713,8,1.0,0.7799557262346323
test,2019-520,3,713,9,0.0,0.04062538551314103
test,2019-520,3,713,10,1.0,0.6635369650853765
test,2019-520,3,713,11,1.0,0.8935952321249364
test,2019-520,3,713,12,1.0,0.6531389635621766
test,2019-520,3,713,13,1.0,0.5031370588225457
test,2019-520,3,713,14,0.0,0.011956431794815661
test,2019-520,3,713,15,0.0,0.4831954785905167
test,2019-520,4,714,0,0.0,0.005159332676296066
test,2019-520,4,714,1,0.0,0.33040568029735784
test,2019-520,4,714,2,0.0,0.45078132499403734
test,2019-520,4,714,3,1.0,0.44049336041003245
test,2019-520,4,714,4,1.0,0.9168565944591701
test,2019-520,4,714,5,1.0,0.3830107877248744
test,2019-520,4,714,6,1.0,0.9241231642014909
test,2019-520,4,714,7,1.0,0.4202285315472483
test,2019-520,5,715,0,1.0,0.9219730743179515
test,2019-520,5,715,1,1.0,0.9838231830212539
test,2019-520,5,715,2,1.0,0.37938756365972537
test,2019-520,5,715,3,1.0,0.8530563022418289
test,2019-520,6,716,0,0.0,0.012454898569615418
test,2019-520,6,716,1,0.0,0.5894804465711363
test,2019-520,7,717,0,0.0,0.10193441722623177
test,2019-540,1,718,0,0.0,0.19712152467080213
test,2019-540,1,718,1,0.0,0.22195823331041528
test,2019-540,1,718,2,0.0,0.6987665392968354
test,2019-540,1,718,3,1.0,0.49737282003722966
test,2019-540,1,718,4,0.0,0.5
test,2019-540,1,718,5,1.0,0.5611691936516425
test,2019-540,1,718,6,0.0,0.2896083650366004
test,2019-540,1,718,7,0.0,0.5624618736712945
test,2019-540,1,718,8,1.0,0.9052787393091523
test,2019-540,1,718,9,0.0,0.38588709086336365
test,2019-540,1,718,10,1.0,0.7531534090869191
test,2019-540,1,718,11,1.0,0.6133496072388044
test,2019-540,1,718,12,0.0,0.5004026964240419
test,2019-540,1,718,13,0.0,0.3886900941399216
test,2019-540,1,718,14,0.0,0.4361769885499657
test,2019-540,1,718,15,0.0,0.38914197180275323
test,2019-540,1,718,16,0.0,0.4478976129353065
test,2019-540,1,718,17,0.0,0.4730529258279291
test,2019-540,1,718,18,0.0,0.30575067451374943
test,2019-540,1,718,19,0.0,0.39122201867204626
test,2019-540,1,718,20,0.0,0.5181283325123439
test,2019-540,1,718,21,1.0,0.6255257508151071
test,2019-540,1,718,22,0.0,0.45751300891449964
test,2019-540,1,718,23,0.0,0.5000194083087488
test,2019-540,1,718,24,1.0,0.6329817812866707
test,2019-540,1,718,25,1.0,0.5437664307241856
test,2019-540,1,718,26,0.0,0.6070181099094674
test,2019-540,1,718,27,0.0,0.48820627005248735
test,2019-540,1,718,28,0.0,0.4533057247658436
test,2019-540,1,718,29,1.0,0.6228122754211831
test,2019-540,1,718,30,0.0,0.5326188490795979
test,2019-540,1,718,31,1.0,0.6358584810052147
test,2019-540,1,718,32,0.0,0.2964562541306874
test,2019-540,1,718,33,1.0,0.6273569698217832
test,2019-540,1,718,34,1.0,0.5390765380475985
test,2019-540,1,718,35,0.0,0.5354566504822256
test,2019-540,1,718,36,0.0,0.5158246676175811
test,2019-540,1,718,37,0.0,0.4292260240005013
test,2019-540,1,718,38,0.0,0.48160213989231054
test,2019-540,1,718,39,1.0,0.6894771030416366
test,2019-540,1,718,40,0.0,0.540228185660187
test,2019-540,1,718,41,1.0,0.4949278933197331
test,2019-540,1,718,42,1.0,0.5
test,2019-540,1,718,43,0.0,0.2948372185158064
test,2019-540,1,718,44,0.0,0.3902958595644993
test,2019-540,1,718,45,0.0,0.4836833920008132
test,2019-540,1,718,46,0.0,0.3577005117323278
test,2019-540,1,718,47,1.0,0.7118878009657444
test,2019-540,1,718,48,0.0,0.6783065050773769
test,2019-540,1,718,49,0.0,0.4795968100102674
test,2019-540,1,718,50,1.0,0.2928977174474099
test,2019-540,1,718,51,1.0,0.6254726783702925
test,2019-540,1,718,52,0.0,0.48013845183703846
test,2019-540,1,718,53,1.0,0.5216244580909501
test,2019-540,1,718,54,1.0,0.9072174748417204
test,2019-540,1,718,55,1.0,0.5402265208590596
test,2019-540,1,718,56,1.0,0.5882271342189117
test,2019-540,1,718,57,1.0,0.5000194083087488
test,2019-540,1,718,58,1.0,0.5577970619297464
test,2019-540,1,718,59,0.0,0.7169964526644703
test,2019-540,1,718,60,0.0,0.5
test,2019-540,1,718,61,1.0,0.5027183126239084
test,2019-540,1,718,62,1.0,0.976247257558499
test,2019-540,1,718,63,1.0,0.5195550149952955
test,2019-540,2,719,0,1.0,0.9717317988355303
test,2019-540,2,719,1,0.0,0.399590891919468
test,2019-540,2,719,2,0.0,0.32923562512677806
test,2019-540,2,719,3,1.0,0.5026392267950995
test,2019-540,2,719,4,1.0,0.33082264880524875
test,2019-540,2,719,5,0.0,0.600376045660999
test,2019-540,2,719,6,0.0,0.5173213193416619
test,2019-540,2,719,7,1.0,0.44368482898382544
test,2019-540,2,719,8,0.0,0.23032997414293888
test,2019-540,2,719,9,0.0,0.6680433252708974
test,2019-540,2,719,10,1.0,0.6412884339319307
test,2019-540,2,719,11,0.0,0.8473595193686478
test,2019-540,2,719,12,1.0,0.6919472216636476
test,2019-540,2,719,13,1.0,0.5576763823907012
test,2019-540,2,719,14,1.0,0.5637326101926685
test,2019-540,2,719,15,1.0,0.6317421134675224
test,2019-540,2,719,16,0.0,0.451927787928612
test,2019-540,2,719,17,0.0,0.7996216744624635
test,2019-540,2,719,18,1.0,0.5422614130582747
test,2019-540,2,719,19,1.0,0.07375975179746351
test,2019-540,2,719,20,0.0,0.4743906996594493
test,2019-540,2,719,21,0.0,0.2811011823515864
test,2019-540,2,719,22,1.0,0.44345950085973995
test,2019-540,2,719,23,0.0,0.4184844279976284
test,2019-540,2,719,24,1.0,0.5832267350372816
test,2019-540,2,719,25,0.0,0.1832282931280238
test,2019-540,2,719,26,1.0,0.7234081491091549
test,2019-540,2,719,27,1.0,0.44374174855653176
test,2019-540,2,719,28,1.0,0.5994086970291338
test,2019-540,2,719,29,0.0,0.4743477762059588
test,2019-540,2,719,30,1.0,0.9249051181098633
test,2019-540,2,719,31,1.0,0.4200760980531925
test,2019-540,3,720,0,0.0,0.4818988875978477
test,2019-540,3,720,1,1.0,0.5313735193815661
test,2019-540,3,720,2,1.0,0.5653974359919207
test,2019-540,3,720,3,1.0,0.8034508395822507
test,2019-540,3,720,4,0.0,0.5775019336317242
test,2019-540,3,720,5,1.0,0.5990633625940439
test,2019-540,3,720,6,0.0,0.272227022307018
test,2019-540,3,720,7,0.0,0.08712803824539292
test,2019-540,3,720,8,1.0,0.4463162027748099
test,2019-540,3,720,9,1.0,0.5160224081410332
test,2019-540,3,720,10,1.0,0.3944791744376681
test,2019-540,3,720,11,1.0,0.4772501741360548
test,2019-540,3,720,12,1.0,0.28415597226147216
test,2019-540,3,720,13,0.0,0.5184388341409263
test,2019-540,3,720,14,0.0,0.04286465922460118
test,2019-540,3,720,15,0.0,0.5293445270057913
test,2019-540,4,721,0,0.0,0.05026147052774426
test,2019-540,4,721,1,0.0,0.4218491938681921
test,2019-540,4,721,2,0.0,0.3430510728195158
test,2019-540,4,721,3,0.0,0.22922099529137796
test,2019-540,4,721,4,0.0,0.2871313897066184
test,2019-540,4,721,5,1.0,0.38783585743807614
test,2019-540,4,721,6,0.0,0.35258657908688007
test,2019-540,4,721,7,1.0,0.9114378363439394
test,2019-540,5,722,0,1.0,0.4707824954769257
test,2019-540,5,722,1,1.0,0.9499119728906952
test,2019-540,5,722,2,1.0,0.5826520631735993
test,2019-540,5,722,3,0.0,0.2253455825241489
test,2019-540,6,723,0,1.0,0.8787840930959584
test,2019-540,6,723,1,0.0,0.19139786717024657
test,2019-540,7,724,0,0.0,0.708079363686321
test,2019-560,1,737,0,1.0,0.49410086880684567
test,2019-560,1,737,1,0.0,0.4864942936110339
test,2019-560,1,737,2,0.0,0.22486526722361352
test,2019-560,1,737,3,0.0,0.4982272590845916
test,2019-560,1,737,4,0.0,0.38651990221665106
test,2019-560,1,737,5,1.0,0.4771166886997261
test,2019-560,1,737,6,1.0,0.6020618048852152
test,2019-560,1,737,7,0.0,0.7614045347017642
test,2019-560,1,737,8,1.0,0.4885351872161466
test,2019-560,1,737,9,0.0,0.5022765485679193
test,2019-560,1,737,10,0.0,0.7700551530172153
test,2019-560,1,737,11,1.0,0.5334496906131605
test,2019-560,1,737,12,0.0,0.35218465114055303
test,2019-560,1,737,13,0.0,0.503281791841517
test,2019-560,1,737,14,1.0,0.6026483335515532
test,2019-560,1,737,15,1.0,0.42573891210558906
test,2019-560,1,737,16,1.0,0.48769912342236443
test,2019-560,1,737,17,0.0,0.49950030285333435
test,2019-560,1,737,18,1.0,0.3474930859560685
test,2019-560,1,737,19,1.0,0.5672144831135165
test,2019-560,1,737,20,1.0,0.501917170400767
test,2019-560,1,737,21,0.0,0.3730482583032061
test,2019-560,1,737,22,1.0,0.5035118471316381
test,2019-560,1,737,23,0.0,0.4931244369627209
test,2019-560,1,737,24,1.0,0.4993679593963082
test,2019-560,1,737,25,0.0,0.5711272370527726
test,2019-560,1,737,26,1.0,0.662312618818789
test,2019-560,1,737,27,1.0,0.988314880697713
test,2019-560,1,737,28,1.0,0.39541134860588895
test,2019-560,1,737,29,0.0,0.5453051076575879
test,2019-560,1,737,30,1.0,0.5295869919389434
test,2019-560,1,737,31,1.0,0.7914074922905268
test,2019-560,1,737,32,0.0,0.4063610408439542
test,2019-560,1,737,33,0.0,0.47272565318064447
test,2019-560,1,737,34,0.0,0.4760703157266895
test,2019-560,1,737,35,0.0,0.5380747004217665
test,2019-560,1,737,36,0.0,0.49818259478266025
test,2019-560,1,737,37,1.0,0.25967229673682474
test,2019-560,1,737,38,1.0,0.517671734820265
test,2019-560,1,737,39,1.0,0.600754532500741
test,2019-560,1,737,40,0.0,0.44596651362185563
test,2019-560,1,737,41,0.0,0.4944424465931014
test,2019-560,1,737,42,1.0,0.780269905750503
test,2019-560,1,737,43,0.0,0.03892027403308118
test,2019-560,1,737,44,1.0,0.5424178805971475
test,2019-560,1,737,45,0.0,0.5655827258527065
test,2019-560,1,737,46,1.0,0.5923518556348253
test,2019-560,1,737,47,1.0,0.6060969616994251
test,2019-560,1,737,48,0.0,0.5020833656071685
test,2019-560,1,737,49,1.0,0.4949543185328265
test,2019-560,1,737,50,0.0,0.3295182268017032
test,2019-560,1,737,51,1.0,0.6359613187445285
test,2019-560,1,737,52,0.0,0.49986168617345283
test,2019-560,1,737,53,0.0,0.6876256527287111
test,2019-560,1,737,54,1.0,0.6261572455557671
test,2019-560,1,737,55,1.0,0.5350745261817509
test,2019-560,1,737,56,0.0,0.41393567723301805
test,2019-560,1,737,57,0.0,0.32919739886744287
test,2019-560,1,737,58,0.0,0.20641448916713728
test,2019-560,1,737,59,0.0,0.5801291409247187
test,2019-560,1,737,60,0.0,0.426563974076216
test,2019-560,1,737,61,0.0,0.09493031036279266
test,2019-560,1,737,62,0.0,0.23924850560224847
test,2019-560,1,737,63,0.0,0.6949666109483832
test,2019-560,2,738,0,1.0,0.9215210449232046
test,2019-560,2,738,1,0.0,0.582577755035109
test,2019-560,2,738,2,0.0,0.20061144821289909
test,2019-560,2,738,3,0.0,0.2758072218690507
test,2019-560,2,738,4,0.0,0.5178888485702261
test,2019-560,2,738,5,1.0,0.377215162953487
test,2019-560,2,738,6,1.0,0.5892931691627467
test,2019-560,2,738,7,0.0,0.04782819822338664
test,2019-560,2,738,8,1.0,0.5669350126876094
test,2019-560,2,738,9,1.0,0.5163117872719853
test,2019-560,2,738,10,1.0,0.43488476545565524
test,2019-560,2,738,11,0.0,0.5052265997783003
test,2019-560,2,738,12,0.0,0.3099902281528328
test,2019-560,2,738,13,1.0,0.4753415271354367
test,2019-560,2,738,14,0.0,0.22155537290581215
test,2019-560,2,738,15,0.0,0.01304966402740022
test,2019-560,2,738,16,0.0,0.36165600196537717
test,2019-560,2,738,17,1.0,0.5436135968815
test,2019-560,2,738,18,0.0,0.5161671660175888
test,2019-560,2,738,19,1.0,0.5143062973393434
test,2019-560,2,738,20,0.0,0.3282839026921572
test,2019-560,2,738,21,1.0,0.6748802013151415
test,2019-560,2,738,22,0.0,0.5486010371347168
test,2019-560,2,738,23,1.0,0.3659010643043909
test,2019-560,2,738,24,0.0,0.5283326319542698
test,2019-560,2,738,25,0.0,0.411692649391518
test,2019-560,2,738,26,0.0,0.23517493728863942
test,2019-560,2,738,27,1.0,0.4847725264181233
test,2019-560,2,738,28,0.0,0.5371620396396729
test,2019-560,2,738,29,0.0,0.41565693003257814
test,2019-560,2,738,30,1.0,0.6703613990850336
test,2019-560,2,738,31,0.0,0.3690479361510344
test,2019-560,3,739,0,1.0,0.5102525477840879
test,2019-560,3,739,1,1.0,0.9494055001554228
test,2019-560,3,739,2,0.0,0.48604642249617325
test,2019-560,3,739,3,1.0,0.5832043321215518
test,2019-560,3,739,4,0.0,0.7581439641164779
test,2019-560,3,739,5,0.0,0.2644229536887017
test,2019-560,3,739,6,0.0,0.4696352831916456
test,2019-560,3,739,7,1.0,0.9863048938070982
test,2019-560,3,739,8,0.0,0.5412142743607049
test,2019-560,3,739,9,0.0,0.21615768343635988
test,2019-560,3,739,10,1.0,0.5097121008784331
test,2019-560,3,739,11,1.0,0.6727771330774536
test,2019-560,3,739,12,0.0,0.31791659511203557
test,2019-560,3,739,13,0.0,0.46874164674996804
test,2019-560,3,739,14,0.0,0.10479107842569442
test,2019-560,3,739,15,0.0,0.47236022145809226
test,2019-560,4,740,0,1.0,0.39099981594914174
test,2019-560,4,740,1,0.0,0.32619645499468086
test,2019-560,4,740,2,0.0,0.6867125874956741
test,2019-560,4,740,3,1.0,0.6920291725162386
test,2019-560,4,740,4,0.0,0.0832952801883246
test,2019-560,4,740,5,0.0,0.22457773469519596
test,2019-560,4,740,6,1.0,0.050699762816506955
test,2019-560,4,740,7,0.0,0.2453456496404816
test,2019-560,5,741,0,0.0,0.09004336610594826
test,2019-560,5,741,1,0.0,0.6330076766892486
test,2019-560,5,741,2,1.0,0.10325614765906053
test,2019-560,5,741,3,0.0,0.6354132481952176
test,2019-560,6,742,0,1.0,0.9212079110299736
test,2019-560,6,742,1,1.0,0.5219109032821005
test,2019-560,7,743,0,0.0,0.21768625773282876
test,2019-580,1,672,0,0.0,0.8677681239372331
test,2019-580,1,672,1,1.0,0.6505811452797411
test,2019-580,1,672,2,0.0,0.40126398164246774
test,2019-580,1,672,3,1.0,0.6187146489803504
test,2019-580,1,672,4,0.0,0.4951018649120377
test,2019-580,1,672,5,1.0,0.6691254121922839
test,2019-580,1,672,6,1.0,0.7230935934451489
test,2019-580,1,672,7,1.0,0.6172903716179635
test,2019-580,1,672,8,1.0,0.6427027103129102
test,2019-580,1,672,9,1.0,0.583289088776244
test,2019-580,1,672,10,1.0,0.5870710645512389
test,2019-580,1,672,11,0.0,0.43306085197597255
test,2019-580,1,672,12,0.0,0.6168339769081348
test,2019-580,1,672,13,1.0,0.5314041158988049
test,2019-580,1,672,14,1.0,0.467187321400164
test,2019-580,1,672,15,0.0,0.4974918191679032
test,2019-580,1,672,16,0.0,0.4283675526174703
test,2019-580,1,672,17,1.0,0.5167253760175257
test,2019-580,1,672,18,1.0,0.38631499181212225
test,2019-580,1,672,19,1.0,0.5089917871907133
test,2019-580,1,672,20,0.0,0.5271612455665223
test,2019-580,1,672,21,0.0,0.40953278844168234
test,2019-580,1,672,22,1.0,0.4960036694478284
test,2019-580,1,672,23,1.0,0.45687303991071254
test,2019-580,1,672,24,1.0,0.5066621133362165
test,2019-580,1,672,25,0.0,0.4975052437255969
test,2019-580,1,672,26,1.0,0.7928520276241008
test,2019-580,1,672,27,0.0,0.3669873700048712
test,2019-580,1,672,28,1.0,0.5797329753777551
test,2019-580,1,672,29,1.0,0.5479315635344683
test,2019-580,1,672,30,1.0,0.47511257415672864
test,2019-580,1,672,31,0.0,0.4697503975442902
test,2019-580,1,672,32,0.0,0.4784187381695085
test,2019-580,1,672,33,1.0,0.48689304770918573
test,2019-580,1,672,34,1.0,0.4272342904326872
test,2019-580,1,672,35,0.0,0.2871524501427099
test,2019-580,1,672,36,1.0,0.4971615513477732
test,2019-580,1,672,37,0.0,0.49590764609623134
test,2019-580,1,672,38,1.0,0.6050480918550801
test,2019-580,1,672,39,1.0,0.5136188928809794
test,2019-580,1,672,40,0.0,0.35011824427799604
test,2019-580,1,672,41,1.0,0.5689452005437176
test,2019-580,1,672,42,0.0,0.30251027485620385
test,2019-580,1,672,43,0.0,0.7805527741879768
test,2019-580,1,672,44,1.0,0.7911561355825848
test,2019-580,1,672,45,1.0,0.5354183434141733
test,2019-580,1,672,46,0.0,0.009566207381978036
test,2019-580,1,672,47,1.0,0.6605800719720264
test,2019-580,1,672,48,0.0,0.04511266581015577
test,2019-580,1,672,49,0.0,0.4923366939999254
test,2019-580,1,672,50,0.0,0.5074225195041081
test,2019-580,1,672,51,0.0,0.6035366263497447
test,2019-580,1,672,52,1.0,0.5876506074611714
test,2019-580,1,672,53,1.0,0.9266392865031197
test,2019-580,1,672,54,0.0,0.4395364757840439
test,2019-580,1,672,55,1.0,0.8025759497803194
test,2019-580,1,672,56,1.0,0.5447123120570635
test,2019-580,1,672,57,0.0,0.42010956956636714
test,2019-580,1,672,58,0.0,0.475254610068145
test,2019-580,1,672,59,0.0,0.30330080506814006
test,2019-580,1,672,60,0.0,0.3837358830622963
test,2019-580,1,672,61,1.0,0.5272106273444211
test,2019-580,1,672,62,0.0,0.5545948784830017
test,2019-580,1,672,63,1.0,0.6086257589711012
test,2019-580,2,673,0,0.0,0.360347429015445
test,2019-580,2,673,1,1.0,0.5555168002007174
test,2019-580,2,673,2,0.0,0.3054422045067136
test,2019-580,2,673,3,1.0,0.6198186094971758
test,2019-580,2,673,4,1.0,0.7048062420032631
test,2019-580,2,673,5,1.0,0.6001096967710069
test,2019-580,2,673,6,1.0,0.4275840239327963
test,2019-580,2,673,7,1.0,0.5137063170552771
test,2019-580,2,673,8,1.0,0.5534050452011223
test,2019-580,2,673,9,1.0,0.5636722032845624
test,2019-580,2,673,10,1.0,0.7143871808008122
test,2019-580,2,673,11,1.0,0.7455808765583009
test,2019-580,2,673,12,1.0,0.5833074731522571
test,2019-580,2,673,13,1.0,0.5942692041915747
test,2019-580,2,673,14,1.0,0.6674438025359201
test,2019-580,2,673,15,0.0,0.5382293539375809
test,2019-580,2,673,16,0.0,0.4464090332292696
test,2019-580,2,673,17,0.0,0.4420051437385277
test,2019-580,2,673,18,1.0,0.8253388414028362
test,2019-580,2,673,19,0.0,0.6506682725736513
test,2019-580,2,673,20,0.0,0.6114707054369907
test,2019-580,2,673,21,1.0,0.40203263110175336
test,2019-580,2,673,22,0.0,0.6216010542983952
test,2019-580,2,673,23,0.0,0.6621597748207881
test,2019-580,2,673,24,0.0,0.5243436313536717
test,2019-580,2,673,25,1.0,0.960761126454748
test,2019-580,2,673,26,1.0,0.5317888318545071
test,2019-580,2,673,27,1.0,0.9156282804225606
test,2019-580,2,673,28,1.0,0.9743209867846683
test,2019-580,2,673,29,0.0,0.3893767151549493
test,2019-580,2,673,30,0.0,0.4795804711364047
test,2019-580,2,673,31,1.0,0.5052249105158688
test,2019-580,3,674,0,1.0,0.7250256822848421
test,2019-580,3,674,1,0.0,0.24128090324244572
test,2019-580,3,674,2,0.0,0.4694546468516411
test,2019-580,3,674,3,1.0,0.7530122471010982
test,2019-580,3,674,4,1.0,0.5135945243554009
test,2019-580,3,674,5,0.0,0.07805426773128374
test,2019-580,3,674,6,0.0,0.32369886620320115
test,2019-580,3,674,7,0.0,0.015824106368938738
test,2019-580,3,674,8,0.0,0.6052342563299096
test,2019-580,3,674,9,0.0,0.3798508378380091
test,2019-580,3,674,10,0.0,0.31901853650754786
test,2019-580,3,674,11,0.0,0.47903328207472273
test,2019-580,3,674,12,1.0,0.4187985552658264
test,2019-580,3,674,13,0.0,0.03988388237661458
test,2019-580,3,674,14,0.0,0.41499654102862
test,2019-580,3,674,15,0.0,0.3484576859680937
test,2019-580,4,675,0,0.0,0.2778890295173205
test,2019-580,4,675,1,1.0,0.35205242444385915
test,2019-580,4,675,2,1.0,0.9878303645955728
test,2019-580,4,675,3,1.0,0.5017851208368911
test,2019-580,4,675,4,1.0,0.2940404099659259
test,2019-580,4,675,5,0.0,0.3688469102546073
test,2019-580,4,675,6,1.0,0.06360361444394727
test,2019-580,4,675,7,0.0,0.20877389223468057
test,2019-580,5,676,0,1.0,0.5067430434083847
test,2019-580,5,676,1,1.0,0.2977774927112167
test,2019-580,5,676,2,1.0,0.9592946128530926
test,2019-580,5,676,3,0.0,0.11204902991907642
test,2019-580,6,677,0,1.0,0.9829120843600917
test,2019-580,6,677,1,0.0,0.17398162839522904
test,2019-580,7,678,0,0.0,0.11578673729696833
test,2019-M006,1,679,0,1.0,0.5
test,2019-M006,1,679,1,1.0,0.5
test,2019-M006,1,679,2,0.0,0.5
test,2019-M006,1,679,3,0.0,0.5
test,2019-M006,1,679,4,1.0,0.5
test,2019-M006,1,679,5,1.0,0.5
test,2019-M006,1,679,6,0.0,0.5
test,2019-M006,1,679,7,1.0,0.5
test,2019-M006,1,679,8,1.0,0.5
test,2019-M006,1,679,9,0.0,0.5
test,2019-M006,1,679,10,0.0,0.5
test,2019-M006,1,679,11,1.0,0.5
test,2019-M006,1,679,12,0.0,0.5
test,2019-M006,1,679,13,0.0,0.5
test,2019-M006,1,679,14,1.0,0.5
test,2019-M006,1,679,15,1.0,0.5
test,2019-M006,1,679,16,0.0,0.5
test,2019-M006,1,679,17,1.0,0.5
test,2019-M006,1,679,18,0.0,0.5
test,2019-M006,1,679,19,0.0,0.5
test,2019-M006,1,679,20,0.0,0.5
test,2019-M006,1,679,21,1.0,0.5
test,2019-M006,1,679,22,1.0,0.5
test,2019-M006,1,679,23,1.0,0.5
test,2019-M006,1,679,24,1.0,0.5
test,2019-M006,1,679,25,0.0,0.5
test,2019-M006,1,679,26,1.0,0.5
test,2019-M006,1,679,27,0.0,0.5
test,2019-M006,1,679,28,1.0,0.5
test,2019-M006,1,679,29,1.0,0.5
test,2019-M006,1,679,30,1.0,0.5
test,2019-M006,1,679,31,1.0,0.5
test,2019-M006,2,680,0,1.0,0.5
test,2019-M006,2,680,1,0.0,0.5
test,2019-M006,2,680,2,1.0,0.5
test,2019-M006,2,680,3,0.0,0.5
test,2019-M006,2,680,4,0.0,0.5
test,2019-M006,2,680,5,1.0,0.5
test,2019-M006,2,680,6,0.0,0.5
test,2019-M006,2,680,7,1.0,0.5
test,2019-M006,2,680,8,1.0,0.5
test,2019-M006,2,680,9,1.0,0.5
test,2019-M006,2,680,10,1.0,0.5
test,2019-M006,2,680,11,1.0,0.5
test,2019-M006,2,680,12,1.0,0.5
test,2019-M006,2,680,13,0.0,0.5
test,2019-M006,2,680,14,0.0,0.5
test,2019-M006,2,680,15,0.0,0.5
test,2019-M006,2,680,16,1.0,0.5
test,2019-M006,2,680,17,1.0,0.5
test,2019-M006,2,680,18,1.0,0.5
test,2019-M006,2,680,19,0.0,0.5
test,2019-M006,2,680,20,0.0,0.5
test,2019-M006,2,680,21,1.0,0.5
test,2019-M006,2,680,22,1.0,0.5
test,2019-M006,2,680,23,1.0,0.5
test,2019-M006,2,680,24,1.0,0.5
test,2019-M006,2,680,25,0.0,0.5
test,2019-M006,2,680,26,0.0,0.5
test,2019-M006,2,680,27,1.0,0.5
test,2019-M006,2,680,28,1.0,0.5
test,2019-M006,2,680,29,1.0,0.5
test,2019-M006,2,680,30,0.0,0.5
test,2019-M006,2,680,31,1.0,0.5
test,2019-M006,3,681,0,1.0,0.5
test,2019-M006,3,681,1,1.0,0.5
test,2019-M006,3,681,2,1.0,0.5
test,2019-M006,3,681,3,1.0,0.5
test,2019-M006,3,681,4,0.0,0.5
test,2019-M006,3,681,5,1.0,0.5
test,2019-M006,3,681,6,0.0,0.5
test,2019-M006,3,681,7,0.0,0.5
test,2019-M006,3,681,8,1.0,0.5
test,2019-M006,3,681,9,0.0,0.5
test,2019-M006,3,681,10,1.0,0.5
test,2019-M006,3,681,11,0.0,0.5
test,2019-M006,3,681,12,0.0,0.5
test,2019-M006,3,681,13,0.0,0.5
test,2019-M006,3,681,14,0.0,0.5
test,2019-M006,3,681,15,0.0,0.5
test,2019-M006,4,682,0,0.0,0.5
test,2019-M006,4,682,1,0.0,0.5
test,2019-M006,4,682,2,1.0,0.5
test,2019-M006,4,682,3,0.0,0.5
test,2019-M006,4,682,4,0.0,0.5
test,2019-M006,4,682,5,0.0,0.5
test,2019-M006,4,682,6,0.0,0.5
test,2019-M006,4,682,7,0.0,0.5
test,2019-M006,5,683,0,0.0,0.5
test,2019-M006,5,683,1,1.0,0.5
test,2019-M006,5,683,2,0.0,0.5
test,2019-M006,5,683,3,1.0,0.5
test,2019-M006,6,684,0,1.0,0.5
test,2019-M006,6,684,1,1.0,0.5
test,2019-M006,7,685,0,1.0,0.5
test,2019-M007,1,686,0,0.0,0.5082699442620922
test,2019-M007,1,686,1,0.0,0.4992048778272506
test,2019-M007,1,686,2,0.0,0.5139184339703826
test,2019-M007,1,686,3,0.0,0.5280754249371928
test,2019-M007,1,686,4,1.0,0.6196623644028725
test,2019-M007,1,686,5,1.0,0.5646073083645702
test,2019-M007,1,686,6,1.0,0.569233454872832
test,2019-M007,1,686,7,1.0,0.510111936498264
test,2019-M007,1,686,8,1.0,0.5002741572538655
test,2019-M007,1,686,9,1.0,0.5649775444701677
test,2019-M007,1,686,10,0.0,0.5063412855388985
test,2019-M007,1,686,11,0.0,0.5153437178596109
test,2019-M007,1,686,12,1.0,0.5037198767600443
test,2019-M007,1,686,13,1.0,0.5628752369596379
test,2019-M007,1,686,14,1.0,0.5070033031002024
test,2019-M007,1,686,15,1.0,0.5343329104736196
test,2019-M007,1,686,16,1.0,0.4718417336256234
test,2019-M007,1,686,17,1.0,0.5036835310004246
test,2019-M007,1,686,18,0.0,0.47122304847060914
test,2019-M007,1,686,19,0.0,0.46699455971171544
test,2019-M007,1,686,20,1.0,0.5553228425746605
test,2019-M007,1,686,21,1.0,0.43136256620508373
test,2019-M007,1,686,22,1.0,0.47455208429384094
test,2019-M007,1,686,23,0.0,0.4026152020383027
test,2019-M007,1,686,24,0.0,0.48588129051731227
test,2019-M007,1,686,25,0.0,0.48348284221092963
test,2019-M007,1,686,26,1.0,0.5008846152973623
test,2019-M007,1,686,27,0.0,0.5347878823664147
test,2019-M007,1,686,28,0.0,0.5127343066584136
test,2019-M007,1,686,29,0.0,0.4493210658299055
test,2019-M007,1,686,30,0.0,0.4993318413677886
test,2019-M007,1,686,31,1.0,0.540617285693131
test,2019-M007,2,687,0,1.0,0.7630658435910048
test,2019-M007,2,687,1,1.0,0.38306757911315265
test,2019-M007,2,687,2,1.0,0.5454044986105608
test,2019-M007,2,687,3,1.0,0.7668687545751935
test,2019-M007,2,687,4,0.0,0.42102653259829353
test,2019-M007,2,687,5,1.0,0.6412251177659951
test,2019-M007,2,687,6,1.0,0.4225173602179462
test,2019-M007,2,687,7,0.0,0.009545425234530426
test,2019-M007,2,687,8,1.0,0.38570737791064935
test,2019-M007,2,687,9,1.0,0.6949067907525666
test,2019-M007,2,687,10,1.0,0.3120492518356808
test,2019-M007,2,687,11,0.0,0.5002332619468497
test,2019-M007,2,687,12,0.0,0.5477929505341573
test,2019-M007,2,687,13,1.0,0.25335201601546464
test,2019-M007,2,687,14,0.0,0.04116800064666924
test,2019-M007,2,687,15,0.0,0.2853639518576862
test,2019-M007,2,687,16,0.0,0.48142528574958465
test,2019-M007,2,687,17,0.0,0.4039274852057129
test,2019-M007,2,687,18,1.0,0.5927967519186842
test,2019-M007,2,687,19,1.0,0.44506170718695687
test,2019-M007,2,687,20,0.0,0.3779730777000038
test,2019-M007,2,687,21,1.0,0.6023021709990576
test,2019-M007,2,687,22,1.0,0.5564991315590119
test,2019-M007,2,687,23,1.0,0.20307381896355872
test,2019-M007,2,687,24,1.0,0.5332906989676699
test,2019-M007,2,687,25,0.0,0.5163610115193772
test,2019-M007,2,687,26,1.0,0.21325445766112142
test,2019-M007,2,687,27,0.0,0.37063505463133
test,2019-M007,2,687,28,1.0,0.4992575901239068
test,2019-M007,2,687,29,1.0,0.5979566924435813
test,2019-M007,2,687,30,0.0,0.409975425373619
test,2019-M007,2,687,31,0.0,0.5437534881741214
test,2019-M007,3,688,0,0.0,0.25952037080838336
test,2019-M007,3,688,1,1.0,0.2621481429241408
test,2019-M007,3,688,2,0.0,0.37655143925595236
test,2019-M007,3,688,3,0.0,0.00877975155483468
test,2019-M007,3,688,4,0.0,0.5001949980497838
test,2019-M007,3,688,5,1.0,0.43390189475523605
test,2019-M007,3,688,6,0.0,0.5345564365805853
test,2019-M007,3,688,7,0.0,0.411514623974515
test,2019-M007,3,688,8,1.0,0.36700895665884714
test,2019-M007,3,688,9,0.0,0.3663095016578015
test,2019-M007,3,688,10,1.0,0.5457457310236924
test,2019-M007,3,688,11,0.0,0.3109408328870417
test,2019-M007,3,688,12,0.0,0.0620306677939173
test,2019-M007,3,688,13,1.0,0.5266041308716972
test,2019-M007,3,688,14,1.0,0.3052397851629842
test,2019-M007,3,688,15,0.0,0.36269574958576706
test,2019-M007,4,689,0,1.0,0.4938344185340374
test,2019-M007,4,689,1,0.0,0.5902086379263445
test,2019-M007,4,689,2,1.0,0.944651615712235
test,2019-M007,4,689,3,1.0,0.6443926210422486
test,2019-M007,4,689,4,1.0,0.47536645721954746
test,2019-M007,4,689,5,0.0,0.2960481865363537
test,2019-M007,4,689,6,0.0,0.9801817747021033
test,2019-M007,4,689,7,0.0,0.528095758137547
test,2019-M007,5,690,0,0.0,0.4848450563406398
test,2019-M007,5,690,1,0.0,0.09494535739714752
test,2019-M007,5,690,2,1.0,0.38570165331860634
test,2019-M007,5,690,3,0.0,0.5268836391168218
test,2019-M007,6,691,0,0.0,0.07645948957998933
test,2019-M007,6,691,1,1.0,0.776491840559941
test,2019-M007,7,692,0,1.0,0.8693113537572599
test,2019-M009,2,705,0,1.0,0.4568533009532565
test,2019-M009,2,705,1,1.0,0.43108891320166215
test,2019-M009,2,705,2,0.0,0.4063264667602486
test,2019-M009,2,705,3,1.0,0.6657587577996525
test,2019-M009,2,705,4,0.0,0.6547859767830061
test,2019-M009,2,705,5,0.0,0.4945309735933962
test,2019-M009,2,705,6,0.0,0.5935443626429199
test,2019-M009,2,705,7,0.0,0.373174023493857
test,2019-M009,2,705,8,1.0,0.4794771900766627
test,2019-M009,2,705,9,0.0,0.3368704423401758
test,2019-M009,2,705,10,1.0,0.4520829724726403
test,2019-M009,2,705,11,0.0,0.6115945428678861
test,2019-M009,2,705,12,0.0,0.5337114982052067
test,2019-M009,2,705,13,1.0,0.4012880417361159
test,2019-M009,2,705,14,1.0,0.7985456840069339
test,2019-M009,2,705,15,1.0,0.47879755005077435
test,2019-M009,2,705,16,1.0,0.5147091521774558
test,2019-M009,2,705,17,1.0,0.5035668943227244
test,2019-M009,2,705,18,0.0,0.34162483713412256
test,2019-M009,2,705,19,1.0,0.5512781087242543
test,2019-M009,2,705,20,1.0,0.5511629845351784
test,2019-M009,2,705,21,0.0,0.5073751726250825
test,2019-M009,2,705,22,0.0,0.5176298525213622
test,2019-M009,2,705,23,0.0,0.39171740102885233
test,2019-M009,3,706,0,0.0,0.5648870001461186
test,2019-M009,3,706,1,1.0,0.9912397754022406
test,2019-M009,3,706,2,0.0,0.5406807861980013
test,2019-M009,3,706,3,0.0,0.8808539234266757
test,2019-M009,3,706,4,1.0,0.5450407136115243
test,2019-M009,3,706,5,1.0,0.9554447910223685
test,2019-M009,3,706,6,1.0,0.51632632427591
test,2019-M009,3,706,7,1.0,0.43934144423788163
test,2019-M009,3,706,8,0.0,0.6103600233585194
test,2019-M009,3,706,9,1.0,0.24542587623586365
test,2019-M009,3,706,10,0.0,0.4924899183646339
test,2019-M009,3,706,11,0.0,0.5258540440683096
test,2019-M009,3,706,12,1.0,0.6985159014376574
test,2019-M009,3,706,13,0.0,0.22656218594889782
test,2019-M009,3,706,14,1.0,0.8541265738866117
test,2019-M009,3,706,15,0.0,0.3361729868329074
test,2019-M009,4,707,0,1.0,0.5526034539608701
test,2019-M009,4,707,1,1.0,0.9157594959068276
test,2019-M009,4,707,2,0.0,0.3573974677866747
test,2019-M009,4,707,3,1.0,0.6179407201802093
test,2019-M009,4,707,4,1.0,0.3668292746617157
test,2019-M009,4,707,5,1.0,0.6238351639510257
test,2019-M009,4,707,6,0.0,0.2563055409754393
test,2019-M009,4,707,7,1.0,0.9915763797687411
test,2019-M009,5,708,0,1.0,0.9311553850016652
test,2019-M009,5,708,1,0.0,0.6429900066407579
test,2019-M009,5,708,2,0.0,0.35476041809602105
test,2019-M009,5,708,3,1.0,0.9744008043320059
test,2019-M009,6,709,0,1.0,0.9284277790743308
test,2019-M009,6,709,1,0.0,0.02678419971303255
test,2019-M009,7,710,0,0.0,0.13297313855031492
test,2019-M021,2,699,0,0.0,0.4407802029350364
test,2019-M021,2,699,1,0.0,0.3273804278357474
test,2019-M021,2,699,2,0.0,0.5675476219980471
test,2019-M021,2,699,3,1.0,0.45784094984734064
test,2019-M021,2,699,4,1.0,0.6778794290785934
test,2019-M021,2,699,5,0.0,0.5894848812522732
test,2019-M021,2,699,6,0.0,0.3636450302837416
test,2019-M021,2,699,7,0.0,0.4998461021599519
test,2019-M021,2,699,8,0.0,0.4857217753850162
test,2019-M021,2,699,9,1.0,0.5366944687210826
test,2019-M021,2,699,10,1.0,0.7491356880152039
test,2019-M021,2,699,11,1.0,0.4882051115436488
test,2019-M021,2,699,12,0.0,0.526091617239715
test,2019-M021,2,699,13,1.0,0.8308962690549029
test,2019-M021,2,699,14,0.0,0.4330732735014379
test,2019-M021,2,699,15,1.0,0.32517080676447613
test,2019-M021,2,699,16,1.0,0.6154846027942216
test,2019-M021,2,699,17,0.0,0.5797297554099717
test,2019-M021,2,699,18,1.0,0.5484308515401392
test,2019-M021,2,699,19,1.0,0.5223884975457718
test,2019-M021,2,699,20,0.0,0.5546666593940287
test,2019-M021,2,699,21,0.0,0.5595174838870921
test,2019-M021,2,699,22,0.0,0.6516731635346319
test,2019-M021,2,699,23,0.0,0.6153247180020732
test,2019-M021,3,700,0,0.0,0.4502300864697091
test,2019-M021,3,700,1,1.0,0.4077375790283016
test,2019-M021,3,700,2,1.0,0.5628925083365176
test,2019-M021,3,700,3,1.0,0.94842217196446
test,2019-M021,3,700,4,1.0,0.8732858076854041
test,2019-M021,3,700,5,0.0,0.43575761767238114
test,2019-M021,3,700,6,0.0,0.4255240849360171
test,2019-M021,3,700,7,0.0,0.5149198482732747
test,2019-M021,3,700,8,1.0,0.5555931464698629
test,2019-M021,3,700,9,0.0,0.5689609885658613
test,2019-M021,3,700,10,1.0,0.9333252703489742
test,2019-M021,3,700,11,0.0,0.23509876456384896
test,2019-M021,3,700,12,1.0,0.6056078120411423
test,2019-M021,3,700,13,1.0,0.3168242671852184
test,2019-M021,3,700,14,1.0,0.9927249882482718
test,2019-M021,3,700,15,0.0,0.31608023065897345
test,2019-M021,4,701,0,0.0,0.0057616825159801256
test,2019-M021,4,701,1,0.0,0.5078305398213551
test,2019-M021,4,701,2,0.0,0.204939436618327
test,2019-M021,4,701,3,0.0,0.6808888135529849
test,2019-M021,4,701,4,1.0,0.7261681609662805
test,2019-M021,4,701,5,0.0,0.4368457351111235
test,2019-M021,4,701,6,1.0,0.537898510742117
test,2019-M021,4,701,7,1.0,0.9222863899718547
test,2019-M021,5,702,0,1.0,0.8921387515529552
test,2019-M021,5,702,1,0.0,0.019995052243048858
test,2019-M021,5,702,2,1.0,0.2942181122288349
test,2019-M021,5,702,3,0.0,0.09658875211078648
test,2019-M021,6,703,0,1.0,0.42054344396082277
test,2019-M021,6,703,1,1.0,0.009751214358549094
test,2019-M021,7,704,0,0.0,0.1368360783543103
test,2019-M024,2,731,0,1.0,0.7590504466452428
test,2019-M024,2,731,1,1.0,0.5874818609419519
test,2019-M024,2,731,2,0.0,0.5284202120280521
test,2019-M024,2,731,3,0.0,0.4050809002517114
test,2019-M024,2,731,4,0.0,0.38165883419784463
test,2019-M024,2,731,5,0.0,0.37476969185909953
test,2019-M024,2,731,6,0.0,0.4883337550672589
test,2019-M024,2,731,7,0.0,0.4012013897384135
test,2019-M024,2,731,8,0.0,0.4767270788712209
test,2019-M024,2,731,9,0.0,0.46523887678314624
test,2019-M024,2,731,10,1.0,0.4328713025106948
test,2019-M024,2,731,11,0.0,0.5267015101184456
test,2019-M024,2,731,12,0.0,0.5649994792746897
test,2019-M024,2,731,13,0.0,0.5723525551296926
test,2019-M024,2,731,14,0.0,0.2441576237214522
test,2019-M024,2,731,15,1.0,0.5435165680509965
test,2019-M024,2,731,16,1.0,0.5284819748731632
test,2019-M024,2,731,17,1.0,0.6080620474827451
test,2019-M024,2,731,18,1.0,0.4113975240627423
test,2019-M024,2,731,19,1.0,0.5035765152520045
test,2019-M024,2,731,20,0.0,0.5426001845506194
test,2019-M024,2,731,21,0.0,0.7855742352794634
test,2019-M024,2,731,22,0.0,0.4225801842311575
test,2019-M024,2,731,23,1.0,0.19881446436103115
test,2019-M024,3,732,0,1.0,0.5997260086055437
test,2019-M024,3,732,1,1.0,0.5547672096056742
test,2019-M024,3,732,2,1.0,0.45481954475751735
test,2019-M024,3,732,3,1.0,0.23450259032584184
test,2019-M024,3,732,4,0.0,0.4822780193496449
test,2019-M024,3,732,5,0.0,0.017940889771053608
test,2019-M024,3,732,6,1.0,0.297287597394278
test,2019-M024,3,732,7,0.0,0.5396764921603
test,2019-M024,3,732,8,1.0,0.6087381810779552
test,2019-M024,3,732,9,0.0,0.03526635782684176
test,2019-M024,3,732,10,1.0,0.24060837089945342
test,2019-M024,3,732,11,1.0,0.4992787860340315
test,2019-M024,3,732,12,0.0,0.6370269953851734
test,2019-M024,3,732,13,0.0,0.658107701805437
test,2019-M024,3,732,14,1.0,0.675803662777996
test,2019-M024,3,732,15,0.0,0.27324796715097016
test,2019-M024,4,733,0,0.0,0.2229610066802709
test,2019-M024,4,733,1,0.0,0.021170070270586004
test,2019-M024,4,733,2,0.0,0.6195210163107822
test,2019-M024,4,733,3,1.0,0.055455597553450586
test,2019-M024,4,733,4,1.0,0.5754195326369924
test,2019-M024,4,733,5,1.0,0.666989586699937
test,2019-M024,4,733,6,1.0,0.5414850317831409
test,2019-M024,4,733,7,0.0,0.4512525713395752
test,2019-M024,5,734,0,0.0,0.022617572139115177
test,2019-M024,5,734,1,0.0,0.5366503833256313
test,2019-M024,5,734,2,0.0,0.5747779518005078
test,2019-M024,5,734,3,0.0,0.41409648833399737
test,2019-M024,6,735,0,0.0,0.9769441634628612
test,2019-M024,6,735,1,0.0,0.6466773059796287
test,2019-M024,7,736,0,0.0,0.3771174909651419
test,2020-0352,2,789,0,0.0,0.49817757135649693
test,2020-0352,2,789,1,0.0,0.4773970130491089
test,2020-0352,2,789,2,1.0,0.5198241180430758
test,2020-0352,2,789,3,1.0,0.5659770141213828
test,2020-0352,2,789,4,0.0,0.4085246490323403
test,2020-0352,2,789,5,0.0,0.4186995658173649
test,2020-0352,2,789,6,1.0,0.4982156606702295
test,2020-0352,2,789,7,0.0,0.5519129775682058
test,2020-0352,2,789,8,1.0,0.5221217533988509
test,2020-0352,2,789,9,1.0,0.5462133215692475
test,2020-0352,2,789,10,0.0,0.17575591832730802
test,2020-0352,2,789,11,1.0,0.5075270274703632
test,2020-0352,2,789,12,1.0,0.6640531759450491
test,2020-0352,2,789,13,1.0,0.49069616979783226
test,2020-0352,2,789,14,1.0,0.3233550086016751
test,2020-0352,2,789,15,0.0,0.45676501343348636
test,2020-0352,2,789,16,1.0,0.49713532462077836
test,2020-0352,2,789,17,0.0,0.32055118741997835
test,2020-0352,2,789,18,0.0,0.5231996213606415
test,2020-0352,2,789,19,1.0,0.44612624309860727
test,2020-0352,2,789,20,1.0,0.8163700959514311
test,2020-0352,2,789,21,0.0,0.2422231319737548
test,2020-0352,2,789,22,1.0,0.4999801464010128
test,2020-0352,2,789,23,0.0,0.582324091225355
test,2020-0352,3,790,0,1.0,0.7929288930290785
test,2020-0352,3,790,1,0.0,0.689667856776684
test,2020-0352,3,790,2,0.0,0.1863322302037407
test,2020-0352,3,790,3,0.0,0.5328478214831789
test,2020-0352,3,790,4,0.0,0.4494540562567327
test,2020-0352,3,790,5,1.0,0.5401106289104004
test,2020-0352,3,790,6,1.0,0.8923382904743449
test,2020-0352,3,790,7,0.0,0.5980834769240285
test,2020-0352,3,790,8,1.0,0.4759269315258901
test,2020-0352,3,790,9,0.0,0.6453014696964259
test,2020-0352,3,790,10,1.0,0.6740191814538209
test,2020-0352,3,790,11,0.0,0.46127084288494763
test,2020-0352,3,790,12,0.0,0.16310417578936906
test,2020-0352,3,790,13,1.0,0.6136283701894972
test,2020-0352,3,790,14,0.0,0.6221802376800372
test,2020-0352,3,790,15,0.0,0.4758128005218495
test,2020-0352,4,791,0,0.0,0.07743848444252897
test,2020-0352,4,791,1,0.0,0.4135148010547745
test,2020-0352,4,791,2,0.0,0.37528104919158245
test,2020-0352,4,791,3,1.0,0.7620784716726644
test,2020-0352,4,791,4,0.0,0.41780267262935145
test,2020-0352,4,791,5,1.0,0.7034443989296626
test,2020-0352,4,791,6,0.0,0.7760119416702819
test,2020-0352,4,791,7,1.0,0.8213292450880069
test,2020-0352,5,792,0,0.0,0.09226102711535053
test,2020-0352,5,792,1,1.0,0.27442571959408785
test,2020-0352,5,792,2,0.0,0.34817881522087296
test,2020-0352,5,792,3,1.0,0.78344606967153
test,2020-0352,6,793,0,0.0,0.8356433361767596
test,2020-0352,6,793,1,0.0,0.6156917955337293
test,2020-0352,7,794,0,1.0,0.45593464728249233
test,2020-520,1,782,0,0.0,0.8101465892878802
test,2020-520,1,782,1,1.0,0.7453653520828276
test,2020-520,1,782,2,0.0,0.44454527250194165
test,2020-520,1,782,3,1.0,0.4509557097122072
test,2020-520,1,782,4,1.0,0.502381600516858
test,2020-520,1,782,5,1.0,0.3686172703597137
test,2020-520,1,782,6,0.0,0.5049906621948755
test,2020-520,1,782,7,1.0,0.5166833110410679
test,2020-520,1,782,8,0.0,0.39621493639592387
test,2020-520,1,782,9,1.0,0.6192612541343515
test,2020-520,1,782,10,1.0,0.4544190911677103
test,2020-520,1,782,11,0.0,0.45264852581591725
test,2020-520,1,782,12,0.0,0.5362702574075162
test,2020-520,1,782,13,1.0,0.5039913211785365
test,2020-520,1,782,14,1.0,0.5056318930715772
test,2020-520,1,782,15,1.0,0.7616346704946644
test,2020-520,1,782,16,0.0,0.004719668533902533
test,2020-520,1,782,17,0.0,0.03219417819280063
test,2020-520,1,782,18,1.0,0.8871609599578568
test,2020-520,1,782,19,1.0,0.5090311077757381
test,2020-520,1,782,20,0.0,0.3847123210132289
test,2020-520,1,782,21,1.0,0.44068034989071164
test,2020-520,1,782,22,0.0,0.500237762537972
test,2020-520,1,782,23,0.0,0.4121754623270633
test,2020-520,1,782,24,0.0,0.5641462228744307
test,2020-520,1,782,25,0.0,0.44515441248657517
test,2020-520,1,782,26,1.0,0.4950841643865713
test,2020-520,1,782,27,0.0,0.5709502987708029
test,2020-520,1,782,28,1.0,0.5923902188084694
test,2020-520,1,782,29,0.0,0.39637078733666353
test,2020-520,1,782,30,0.0,0.41249648374741604
test,2020-520,1,782,31,0.0,0.499859247675259
test,2020-520,1,782,32,0.0,0.48665003712140625
test,2020-520,1,782,33,1.0,0.5887856864938154
test,2020-520,1,782,34,1.0,0.5523713158561554
test,2020-520,1,782,35,1.0,0.41175392665060134
test,2020-520,1,782,36,0.0,0.5664124140866376
test,2020-520,1,782,37,1.0,0.47037800372144717
test,2020-520,1,782,38,1.0,0.48815556373678054
test,2020-520,1,782,39,1.0,0.47918536599230344
test,2020-520,1,782,40,0.0,0.500140752324741
test,2020-520,1,782,41,0.0,0.34930183171878953
test,2020-520,1,782,42,0.0,0.4996080404963192
test,2020-520,1,782,43,0.0,0.36086760453528693
test,2020-520,1,782,44,1.0,0.4485859215848008
test,2020-520,1,782,45,0.0,0.5
test,2020-520,1,782,46,1.0,0.5107861806151276
test,2020-520,1,782,47,1.0,0.5499355158248237
test,2020-520,1,782,48,0.0,0.5077837218186566
test,2020-520,1,782,49,0.0,0.6066724040635179
test,2020-520,1,782,50,1.0,0.433146224556367
test,2020-520,1,782,51,1.0,0.5419343004263152
test,2020-520,1,782,52,0.0,0.45446873214702216
test,2020-520,1,782,53,1.0,0.5240166668074497
test,2020-520,1,782,54,1.0,0.41254298231285574
test,2020-520,1,782,55,1.0,0.7558630047261242
test,2020-520,1,782,56,1.0,0.6696960398697724
test,2020-520,1,782,57,1.0,0.526308874908378
test,2020-520,1,782,58,0.0,0.5513331973866296
test,2020-520,1,782,59,1.0,0.6496062302177577
test,2020-520,1,782,60,0.0,0.5199071402946573
test,2020-520,1,782,61,1.0,0.4919632014730838
test,2020-520,1,782,62,1.0,0.5042596728846527
test,2020-520,1,782,63,0.0,0.2001213718418258
test,2020-520,2,783,0,1.0,0.3975519755833186
test,2020-520,2,783,1,0.0,0.03398152454171911
test,2020-520,2,783,2,0.0,0.5037250517598628
test,2020-520,2,783,3,0.0,0.37360129718948204
test,2020-520,2,783,4,0.0,0.4578893747043345
test,2020-520,2,783,5,1.0,0.6297315559342568
test,2020-520,2,783,6,0.0,0.4794996571350843
test,2020-520,2,783,7,0.0,0.44613379145897764
test,2020-520,2,783,8,1.0,0.45352189068491083
test,2020-520,2,783,9,0.0,0.4572726732652974
test,2020-520,2,783,10,1.0,0.45688916694297954
test,2020-520,2,783,11,1.0,0.6714039905534728
test,2020-520,2,783,12,1.0,0.4328688091809334
test,2020-520,2,783,13,0.0,0.35138508961867904
test,2020-520,2,783,14,0.0,0.4801803223329784
test,2020-520,2,783,15,0.0,0.3664531643588352
test,2020-520,2,783,16,0.0,0.005086443132167276
test,2020-520,2,783,17,0.0,0.7257257387402745
test,2020-520,2,783,18,1.0,0.44979259003723837
test,2020-520,2,783,19,1.0,0.42914794801514233
test,2020-520,2,783,20,0.0,0.4111279368406036
test,2020-520,2,783,21,1.0,0.4130220319168611
test,2020-520,2,783,22,0.0,0.40333705596379954
test,2020-520,2,783,23,1.0,0.7215712487549362
test,2020-520,2,783,24,0.0,0.07427682933774368
test,2020-520,2,783,25,0.0,0.363191477683901
test,2020-520,2,783,26,0.0,0.5086292640532858
test,2020-520,2,783,27,0.0,0.2356412176019324
test,2020-520,2,783,28,1.0,0.7971139425947016
test,2020-520,2,783,29,0.0,0.5055451950586562
test,2020-520,2,783,30,1.0,0.48038388425280715
test,2020-520,2,783,31,0.0,0.464699244043721
test,2020-520,3,784,0,1.0,0.5919595225125818
test,2020-520,3,784,1,1.0,0.5372183435813114
test,2020-520,3,784,2,0.0,0.535967049610609
test,2020-520,3,784,3,0.0,0.5030450357777548
test,2020-520,3,784,4,0.0,0.5440232428054919
test,2020-520,3,784,5,0.0,0.03502963905059923
test,2020-520,3,784,6,0.0,0.3797372237752824
test,2020-520,3,784,7,1.0,0.7750011317976325
test,2020-520,3,784,8,0.0,0.5149692278368457
test,2020-520,3,784,9,0.0,0.21149590314027628
test,2020-520,3,784,10,1.0,0.9933187525392295
test,2020-520,3,784,11,0.0,0.4974375088853728
test,2020-520,3,784,12,1.0,0.5639128344806318
test,2020-520,3,784,13,0.0,0.3367231255275977
test,2020-520,3,784,14,1.0,0.8919059406272287
test,2020-520,3,784,15,1.0,0.21189821869121672
test,2020-520,4,785,0,0.0,0.005608405707796013
test,2020-520,4,785,1,0.0,0.6971836443547339
test,2020-520,4,785,2,0.0,0.06926401863106427
test,2020-520,4,785,3,1.0,0.7696671181943716
test,2020-520,4,785,4,0.0,0.3898188961662311
test,2020-520,4,785,5,1.0,0.6084441568487596
test,2020-520,4,785,6,0.0,0.05683009142865993
test,2020-520,4,785,7,0.0,0.3266683944239678
test,2020-520,5,786,0,1.0,0.1922928566174519
test,2020-520,5,786,1,0.0,0.009754304398638619
test,2020-520,5,786,2,0.0,0.3501918965061867
test,2020-520,5,786,3,0.0,0.06193268276945135
test,2020-520,6,787,0,0.0,0.030422988458204726
test,2020-520,6,787,1,0.0,0.1387176743351098
test,2020-520,7,788,0,0.0,0.14153244785923805
test,2020-560,1,769,0,0.0,0.5
test,2020-560,1,769,1,1.0,0.5
test,2020-560,1,769,2,1.0,0.5
test,2020-560,1,769,3,1.0,0.5
test,2020-560,1,769,4,1.0,0.5
test,2020-560,1,769,5,1.0,0.5
test,2020-560,1,769,6,1.0,0.5
test,2020-560,1,769,7,0.0,0.5
test,2020-560,1,769,8,0.0,0.5
test,2020-560,1,769,9,1.0,0.5
test,2020-560,1,769,10,1.0,0.5
test,2020-560,1,769,11,0.0,0.5
test,2020-560,1,769,12,0.0,0.5
test,2020-560,1,769,13,1.0,0.5
test,2020-560,1,769,14,1.0,0.5
test,2020-560,1,769,15,0.0,0.5
test,2020-560,1,769,16,1.0,0.5
test,2020-560,1,769,17,1.0,0.5
test,2020-560,1,769,18,1.0,0.5
test,2020-560,1,769,19,0.0,0.5
test,2020-560,1,769,20,1.0,0.5
test,2020-560,1,769,21,1.0,0.5
test,2020-560,1,769,22,1.0,0.5
test,2020-560,1,769,23,1.0,0.5
test,2020-560,1,769,24,1.0,0.5
test,2020-560,1,769,25,0.0,0.5
test,2020-560,1,769,26,0.0,0.5
test,2020-560,1,769,27,1.0,0.5
test,2020-560,1,769,28,1.0,0.5
test,2020-560,1,769,29,1.0,0.5
test,2020-560,1,769,30,0.0,0.5
test,2020-560,1,769,31,1.0,0.5
test,2020-560,1,769,32,1.0,0.5
test,2020-560,1,769,33,0.0,0.5
test,2020-560,1,769,34,1.0,0.5
test,2020-560,1,769,35,1.0,0.5
test,2020-560,1,769,36,1.0,0.5
test,2020-560,1,769,37,0.0,0.5
test,2020-560,1,769,38,1.0,0.5
test,2020-560,1,769,39,0.0,0.5
test,2020-560,1,769,40,1.0,0.5
test,2020-560,1,769,41,1.0,0.5
test,2020-560,1,769,42,1.0,0.5
test,2020-560,1,769,43,1.0,0.5
test,2020-560,1,769,44,0.0,0.5
test,2020-560,1,769,45,0.0,0.5
test,2020-560,1,769,46,1.0,0.5
test,2020-560,1,769,47,1.0,0.5
test,2020-560,1,769,48,1.0,0.5
test,2020-560,1,769,49,0.0,0.5
test,2020-560,1,769,50,1.0,0.5
test,2020-560,1,769,51,1.0,0.5
test,2020-560,1,769,52,1.0,0.5
test,2020-560,1,769,53,0.0,0.5
test,2020-560,1,769,54,1.0,0.5
test,2020-560,1,769,55,0.0,0.5
test,2020-560,1,769,56,0.0,0.5
test,2020-560,1,769,57,0.0,0.5
test,2020-560,1,769,58,0.0,0.5
test,2020-560,1,769,59,1.0,0.5
test,2020-560,1,769,60,0.0,0.5
test,2020-560,1,769,61,1.0,0.5
test,2020-560,1,769,62,1.0,0.5
test,2020-560,1,769,63,1.0,0.5
test,2020-560,2,770,0,0.0,0.5
test,2020-560,2,770,1,1.0,0.5
test,2020-560,2,770,2,0.0,0.5
test,2020-560,2,770,3,0.0,0.5
test,2020-560,2,770,4,0.0,0.5
test,2020-560,2,770,5,0.0,0.5
test,2020-560,2,770,6,0.0,0.5
test,2020-560,2,770,7,0.0,0.5
test,2020-560,2,770,8,0.0,0.5
test,2020-560,2,770,9,1.0,0.5
test,2020-560,2,770,10,0.0,0.5
test,2020-560,2,770,11,1.0,0.5
test,2020-560,2,770,12,1.0,0.5
test,2020-560,2,770,13,1.0,0.5
test,2020-560,2,770,14,1.0,0.5
test,2020-560,2,770,15,1.0,0.5
test,2020-560,2,770,16,1.0,0.5
test,2020-560,2,770,17,0.0,0.5
test,2020-560,2,770,18,1.0,0.5
test,2020-560,2,770,19,1.0,0.5
test,2020-560,2,770,20,0.0,0.5
test,2020-560,2,770,21,0.0,0.5
test,2020-560,2,770,22,0.0,0.5
test,2020-560,2,770,23,0.0,0.5
test,2020-560,2,770,24,1.0,0.5
test,2020-560,2,770,25,0.0,0.5
test,2020-560,2,770,26,0.0,0.5
test,2020-560,2,770,27,1.0,0.5
test,2020-560,2,770,28,1.0,0.5
test,2020-560,2,770,29,1.0,0.5
test,2020-560,2,770,30,1.0,0.5
test,2020-560,2,770,31,1.0,0.5
test,2020-560,3,771,0,0.0,0.5
test,2020-560,3,771,1,1.0,0.5
test,2020-560,3,771,2,1.0,0.5
test,2020-560,3,771,3,0.0,0.5
test,2020-560,3,771,4,1.0,0.5
test,2020-560,3,771,5,0.0,0.5
test,2020-560,3,771,6,1.0,0.5
test,2020-560,3,771,7,1.0,0.5
test,2020-560,3,771,8,0.0,0.5
test,2020-560,3,771,9,1.0,0.5
test,2020-560,3,771,10,0.0,0.5
test,2020-560,3,771,11,1.0,0.5
test,2020-560,3,771,12,0.0,0.5
test,2020-560,3,771,13,1.0,0.5
test,2020-560,3,771,14,0.0,0.5
test,2020-560,3,771,15,0.0,0.5
test,2020-560,4,772,0,0.0,0.5
test,2020-560,4,772,1,0.0,0.5
test,2020-560,4,772,2,0.0,0.5
test,2020-560,4,772,3,0.0,0.5
test,2020-560,4,772,4,1.0,0.5
test,2020-560,4,772,5,0.0,0.5
test,2020-560,4,772,6,1.0,0.5
test,2020-560,4,772,7,0.0,0.5
test,2020-560,5,773,0,0.0,0.5
test,2020-560,5,773,1,0.0,0.5
test,2020-560,5,773,2,0.0,0.5
test,2020-560,5,773,3,0.0,0.5
test,2020-560,6,774,0,0.0,0.5
test,2020-560,6,774,1,0.0,0.5
test,2020-560,7,775,0,1.0,0.5
test,2020-580,1,756,0,1.0,0.6962060226820557
test,2020-580,1,756,1,1.0,0.5021554016319916
test,2020-580,1,756,2,1.0,0.5358991265006674
test,2020-580,1,756,3,1.0,0.6801257730589956
test,2020-580,1,756,4,0.0,0.4792752008694043
test,2020-580,1,756,5,0.0,0.4875987670833931
test,2020-580,1,756,6,1.0,0.4955876811931918
test,2020-580,1,756,7,0.0,0.15678390830446698
test,2020-580,1,756,8,1.0,0.5373912958197579
test,2020-580,1,756,9,0.0,0.5
test,2020-580,1,756,10,0.0,0.24557343282703187
test,2020-580,1,756,11,1.0,0.28654501261891696
test,2020-580,1,756,12,0.0,0.49975109483984986
test,2020-580,1,756,13,0.0,0.5072077105200595
test,2020-580,1,756,14,1.0,0.6765206470220312
test,2020-580,1,756,15,0.0,0.33921155939318487
test,2020-580,1,756,16,1.0,0.5796794108309262
test,2020-580,1,756,17,0.0,0.3114955570862426
test,2020-580,1,756,18,0.0,0.47164366014189935
test,2020-580,1,756,19,1.0,0.5089794761444076
test,2020-580,1,756,20,1.0,0.5088937774026533
test,2020-580,1,756,21,0.0,0.3257854715720131
test,2020-580,1,756,22,0.0,0.017072681888250164
test,2020-580,1,756,23,1.0,0.5035089316486573
test,2020-580,1,756,24,0.0,0.42109454048144995
test,2020-580,1,756,25,1.0,0.6159196672756928
test,2020-580,1,756,26,0.0,0.38742399830274393
test,2020-580,1,756,27,0.0,0.4945277591991785
test,2020-580,1,756,28,0.0,0.5395063186335353
test,2020-580,1,756,29,0.0,0.048449290632701834
test,2020-580,1,756,30,1.0,0.48235231321254396
test,2020-580,1,756,31,1.0,0.4999767721274174
test,2020-580,1,756,32,1.0,0.474642514631042
test,2020-580,1,756,33,1.0,0.5574370377165231
test,2020-580,1,756,34,1.0,0.6835708744426717
test,2020-580,1,756,35,1.0,0.5461590755666642
test,2020-580,1,756,36,1.0,0.5370671755495772
test,2020-580,1,756,37,0.0,0.5525805507690041
test,2020-580,1,756,38,0.0,0.5497116667091949
test,2020-580,1,756,39,1.0,0.4999999999999998
test,2020-580,1,756,40,0.0,0.407042081796778
test,2020-580,1,756,41,0.0,0.5085689270524331
test,2020-580,1,756,42,0.0,0.20156730971262926
test,2020-580,1,756,43,1.0,0.609042077670349
test,2020-580,1,756,44,1.0,0.7491409043176636
test,2020-580,1,756,45,1.0,0.5633277811552736
test,2020-580,1,756,46,0.0,0.43663200097486954
test,2020-580,1,756,47,1.0,0.6572478031230811
test,2020-580,1,756,48,1.0,0.6344851187557056
test,2020-580,1,756,49,1.0,0.5777034082339254
test,2020-580,1,756,50,0.0,0.44287765117303807
test,2020-580,1,756,51,0.0,0.051450197654085296
test,2020-580,1,756,52,0.0,0.4977232671146743
test,2020-580,1,756,53,1.0,0.45174620036691077
test,2020-580,1,756,54,1.0,0.5278518184525821
test,2020-580,1,756,55,1.0,0.5397697949212135
test,2020-580,1,756,56,1.0,0.5319585860686212
test,2020-580,1,756,57,0.0,0.49963581039548405
test,2020-580,1,756,58,0.0,0.7341987470128664
test,2020-580,1,756,59,1.0,0.5000000000000002
test,2020-580,1,756,60,0.0,0.5253590859203754
test,2020-580,1,756,61,1.0,0.7773969138384145
test,2020-580,1,756,62,1.0,0.5297299914424912
test,2020-580,1,756,63,1.0,0.5711189394929476
test,2020-580,2,757,0,0.0,0.45867036509691156
test,2020-580,2,757,1,1.0,0.5389408177234293
test,2020-580,2,757,2,1.0,0.5498945456654911
test,2020-580,2,757,3,0.0,0.7842791310320854
test,2020-580,2,757,4,0.0,0.06277908216095353
test,2020-580,2,757,5,1.0,0.5325685184521716
test,2020-580,2,757,6,1.0,0.6956600065116855
test,2020-580,2,757,7,0.0,0.28773089392271745
test,2020-580,2,757,8,1.0,0.7377507634559815
test,2020-580,2,757,9,1.0,0.5930759499757606
test,2020-580,2,757,10,0.0,0.47160330689172725
test,2020-580,2,757,11,0.0,0.402543058757281
test,2020-580,2,757,12,0.0,0.3943686531863388
test,2020-580,2,757,13,1.0,0.6296518732483167
test,2020-580,2,757,14,0.0,0.314428650096822
test,2020-580,2,757,15,0.0,0.3610236641813203
test,2020-580,2,757,16,1.0,0.6607823321367117
test,2020-580,2,757,17,0.0,0.3531281057313856
test,2020-580,2,757,18,1.0,0.8325002733442318
test,2020-580,2,757,19,1.0,0.7529359543611469
test,2020-580,2,757,20,1.0,0.5459311811434933
test,2020-580,2,757,21,0.0,0.21927103848468982
test,2020-580,2,757,22,0.0,0.34301250347667733
test,2020-580,2,757,23,1.0,0.33159263062115585
test,2020-580,2,757,24,1.0,0.5159033083222823
test,2020-580,2,757,25,1.0,0.4984532245594192
test,2020-580,2,757,26,0.0,0.30785004095303753
test,2020-580,2,757,27,0.0,0.48274948567708115
test,2020-580,2,757,28,1.0,0.4975787476776485
test,2020-580,2,757,29,0.0,0.012412004923653713
test,2020-580,2,757,30,1.0,0.6066565983266342
test,2020-580,2,757,31,0.0,0.053575783312311914
test,2020-580,3,758,0,1.0,0.5817714309463301
test,2020-580,3,758,1,1.0,0.43420077452829386
test,2020-580,3,758,2,1.0,0.9844021458932796
test,2020-580,3,758,3,1.0,0.5551778910189529
test,2020-580,3,758,4,0.0,0.3923941528314652
test,2020-580,3,758,5,1.0,0.9388266352697385
test,2020-580,3,758,6,0.0,0.4916603542359241
test,2020-580,3,758,7,1.0,0.5675060265184816
test,2020-580,3,758,8,1.0,0.4532864998383688
test,2020-580,3,758,9,0.0,0.4903527795246877
test,2020-580,3,758,10,0.0,0.48181898764670245
test,2020-580,3,758,11,0.0,0.32177662850765115
test,2020-580,3,758,12,1.0,0.7467984549500346
test,2020-580,3,758,13,1.0,0.6261256957724022
test,2020-580,3,758,14,0.0,0.32617056918949333
test,2020-580,3,758,15,1.0,0.923326418980285
test,2020-580,4,759,0,0.0,0.019766001693986502
test,2020-580,4,759,1,1.0,0.42030023903117514
test,2020-580,4,759,2,0.0,0.057061529080282426
test,2020-580,4,759,3,1.0,0.47701602693844725
test,2020-580,4,759,4,0.0,0.4977325687377183
test,2020-580,4,759,5,0.0,0.3354460657292599
test,2020-580,4,759,6,0.0,0.5238982108907928
test,2020-580,4,759,7,1.0,0.9104835482736348
test,2020-580,5,760,0,0.0,0.05017137694421851
test,2020-580,5,760,1,0.0,0.06580309951120887
test,2020-580,5,760,2,0.0,0.7550524176894753
test,2020-580,5,760,3,1.0,0.10269183726315777
test,2020-580,6,761,0,1.0,0.7948001215397402
test,2020-580,6,761,1,0.0,0.4999982967535732
test,2020-580,7,762,0,0.0,0.0354746457010745
test,2020-M009,2,776,0,0.0,0.457924748449604
test,2020-M009,2,776,1,1.0,0.5075014401989054
test,2020-M009,2,776,2,0.0,0.5171853321381801
test,2020-M009,2,776,3,0.0,0.7815776596394799
test,2020-M009,2,776,4,1.0,0.5051919072910452
test,2020-M009,2,776,5,0.0,0.40396774309569894
test,2020-M009,2,776,6,0.0,0.4345826995758937
test,2020-M009,2,776,7,1.0,0.5761000206223084
test,2020-M009,2,776,8,0.0,0.4967701810910403
test,2020-M009,2,776,9,1.0,0.48347673572802974
test,2020-M009,2,776,10,0.0,0.6044234675868544
test,2020-M009,2,776,11,1.0,0.4999875918300697
test,2020-M009,2,776,12,0.0,0.34526823950191343
test,2020-M009,2,776,13,1.0,0.43600378821313956
test,2020-M009,2,776,14,0.0,0.519026074195128
test,2020-M009,2,776,15,0.0,0.5642184340420636
test,2020-M009,2,776,16,1.0,0.629357352353021
test,2020-M009,2,776,17,1.0,0.4219020901704029
test,2020-M009,2,776,18,1.0,0.43542557554022127
test,2020-M009,2,776,19,0.0,0.49836259463224725
test,2020-M009,2,776,20,0.0,0.5356110749130643
test,2020-M009,2,776,21,1.0,0.3965129075066586
test,2020-M009,2,776,22,1.0,0.6636342341426416
test,2020-M009,3,777,0,1.0,0.5100576853397066
test,2020-M009,3,777,1,0.0,0.5718837610416435
test,2020-M009,3,777,2,0.0,0.3870001705904609
test,2020-M009,3,777,3,1.0,0.2821076522583563
test,2020-M009,3,777,4,0.0,0.34655030664965464
test,2020-M009,3,777,5,1.0,0.5437846746113971
test,2020-M009,3,777,6,0.0,0.8144356422152629
test,2020-M009,3,777,7,1.0,0.4210498217893507
test,2020-M009,3,777,8,1.0,0.5056894432010712
test,2020-M009,3,777,9,1.0,0.442298825269651
test,2020-M009,3,777,10,0.0,0.46219768081770746
test,2020-M009,3,777,11,1.0,0.38081911837215815
test,2020-M009,3,777,12,0.0,0.7200881783858375
test,2020-M009,3,777,13,1.0,0.4034464045687802
test,2020-M009,3,777,14,1.0,0.9613724793428076
test,2020-M009,3,777,15,0.0,0.006152590995536795
test,2020-M009,4,778,0,0.0,0.45833688609689704
test,2020-M009,4,778,1,0.0,0.047051256407250955
test,2020-M009,4,778,2,0.0,0.005903850133244171
test,2020-M009,4,778,3,0.0,0.3924450731358823
test,2020-M009,4,778,4,0.0,0.40235932865210405
test,2020-M009,4,778,5,0.0,0.525530971091976
test,2020-M009,4,778,6,1.0,0.3717667194676976
test,2020-M009,4,778,7,0.0,0.5784034619909326
test,2020-M009,5,779,0,1.0,0.9570015527230513
test,2020-M009,5,779,1,1.0,0.5019313417334064
test,2020-M009,5,779,2,0.0,0.6083236106778092
test,2020-M009,5,779,3,0.0,0.9937372145289262
test,2020-M009,6,780,0,1.0,0.9513013999901521
test,2020-M009,6,780,1,0.0,0.2571184689586917
test,2020-M009,7,781,0,1.0,0.8630743523025738
test,2020-M024,2,763,0,0.0,0.2403560582329949
test,2020-M024,2,763,1,0.0,0.5232737354994526
test,2020-M024,2,763,2,0.0,0.43549546250873633
test,2020-M024,2,763,3,0.0,0.4890672595372132
test,2020-M024,2,763,4,0.0,0.627246075894339
test,2020-M024,2,763,5,0.0,0.4785150075865969
test,2020-M024,2,763,6,0.0,0.4852664301815946
test,2020-M024,2,763,7,0.0,0.5085481738333086
test,2020-M024,2,763,8,1.0,0.46163376296573017
test,2020-M024,2,763,9,1.0,0.6713470795510067
test,2020-M024,2,763,10,0.0,0.4345580689018172
test,2020-M024,2,763,11,1.0,0.7007113679186668
test,2020-M024,2,763,12,0.0,0.5
test,2020-M024,2,763,13,0.0,0.4651179285905621
test,2020-M024,2,763,14,0.0,0.4114025497351608
test,2020-M024,2,763,15,1.0,0.722130110029815
test,2020-M024,2,763,16,0.0,0.5109685072442409
test,2020-M024,2,763,17,1.0,0.619062054901168
test,2020-M024,2,763,18,0.0,0.16970100553636835
test,2020-M024,2,763,19,1.0,0.6884816998630028
test,2020-M024,2,763,20,1.0,0.3739538885766883
test,2020-M024,2,763,21,1.0,0.5361107674812623
test,2020-M024,2,763,22,1.0,0.570149318934233
test,2020-M024,2,763,23,0.0,0.4624703590590367
test,2020-M024,3,764,0,0.0,0.7286698450131054
test,2020-M024,3,764,1,1.0,0.33039465484520625
test,2020-M024,3,764,2,1.0,0.7320406105406689
test,2020-M024,3,764,3,1.0,0.7517733251592706
test,2020-M024,3,764,4,1.0,0.6831950121565931
test,2020-M024,3,764,5,1.0,0.4481552768817913
test,2020-M024,3,764,6,0.0,0.5476986221040425
test,2020-M024,3,764,7,0.0,0.47435098301585116
test,2020-M024,3,764,8,1.0,0.5847173846827647
test,2020-M024,3,764,9,1.0,0.47783075353271415
test,2020-M024,3,764,10,1.0,0.7322003439143288
test,2020-M024,3,764,11,1.0,0.5420427704370451
test,2020-M024,3,764,12,0.0,0.6794692976838415
test,2020-M024,3,764,13,1.0,0.5254586022277846
test,2020-M024,3,764,14,0.0,0.010068843179467732
test,2020-M024,3,764,15,0.0,0.4967312643423181
test,2020-M024,4,765,0,0.0,0.013837015730807353
test,2020-M024,4,765,1,0.0,0.2816397957565987
test,2020-M024,4,765,2,0.0,0.43706149490095475
test,2020-M024,4,765,3,0.0,0.4874185631966124
test,2020-M024,4,765,4,1.0,0.3992602121777166
test,2020-M024,4,765,5,0.0,0.5533500282269438
test,2020-M024,4,765,6,1.0,0.5241568841063442
test,2020-M024,4,765,7,0.0,0.6976245027295755
test,2020-M024,5,766,0,1.0,0.9827897112280731
test,2020-M024,5,766,1,0.0,0.4748891591252302
test,2020-M024,5,766,2,1.0,0.6447156081882328
test,2020-M024,5,766,3,1.0,0.7501958365949416
test,2020-M024,6,767,0,0.0,0.03438784153536996
test,2020-M024,6,767,1,1.0,0.6695861551654383
test,2020-M024,7,768,0,0.0,0.04623411952190949
train,2011-1536,2,27,0,1.0,0.538316588525426
train,2011-1536,2,27,1,1.0,0.4719710094692956
train,2011-1536,2,27,2,0.0,0.5418413850492191
train,2011-1536,2,27,3,1.0,0.5107870436645876
train,2011-1536,2,27,4,1.0,0.45943019269417407
train,2011-1536,2,27,5,0.0,0.4992908349007688
train,2011-1536,2,27,6,0.0,0.565003983262082
train,2011-1536,2,27,7,0.0,0.8421047120644364
train,2011-1536,2,27,8,1.0,0.2955691984742374
train,2011-1536,2,27,9,0.0,0.47627394018048624
train,2011-1536,2,27,10,0.0,0.4711497102199001
train,2011-1536,2,27,11,1.0,0.25771225458258756
train,2011-1536,2,27,12,1.0,0.5333543066445656
train,2011-1536,2,27,13,1.0,0.6441692077801324
train,2011-1536,2,27,14,0.0,0.5147255750528432
train,2011-1536,2,27,15,1.0,0.5568975323941763
train,2011-1536,2,27,16,1.0,0.3223642124338721
train,2011-1536,2,27,17,1.0,0.3916511382348845
train,2011-1536,2,27,18,1.0,0.4255979295719007
train,2011-1536,2,27,19,0.0,0.5289797456678003
train,2011-1536,2,27,20,0.0,0.6142862995919457
train,2011-1536,2,27,21,1.0,0.5503517444545368
train,2011-1536,2,27,22,0.0,0.5083911308965449
train,2011-1536,2,27,23,0.0,0.4963414160750022
train,2011-1536,3,28,0,1.0,0.759050792769096
train,2011-1536,3,28,1,1.0,0.5281687894605399
train,2011-1536,3,28,2,1.0,0.5079195458750884
train,2011-1536,3,28,3,0.0,0.09066816615262961
train,2011-1536,3,28,4,0.0,0.42243837775911697
train,2011-1536,3,28,5,0.0,0.5109779296996133
train,2011-1536,3,28,6,1.0,0.5768017245664142
train,2011-1536,3,28,7,1.0,0.746745369734838
train,2011-1536,3,28,8,0.0,0.34482099721842757
train,2011-1536,3,28,9,1.0,0.4815739858441871
train,2011-1536,3,28,10,0.0,0.5615972628081396
train,2011-1536,3,28,11,1.0,0.8647757641881842
train,2011-1536,3,28,12,0.0,0.7805355712989167
train,2011-1536,3,28,13,0.0,0.4737564737610897
train,2011-1536,3,28,14,1.0,0.4778516245414336
train,2011-1536,3,28,15,1.0,0.9974474326195688
train,2011-1536,4,29,0,1.0,0.9958841023507863
train,2011-1536,4,29,1,0.0,0.61128398920828
train,2011-1536,4,29,2,0.0,0.3784101261996315
train,2011-1536,4,29,3,0.0,0.5549731264257803
train,2011-1536,4,29,4,0.0,0.5897323836003009
train,2011-1536,4,29,5,0.0,0.10147774878846395
train,2011-1536,4,29,6,1.0,0.665718665421399
train,2011-1536,4,29,7,0.0,0.10392001660677679
train,2011-1536,5,30,0,1.0,0.9971448532984358
train,2011-1536,5,30,1,0.0,0.31044057029592803
train,2011-1536,5,30,2,1.0,0.44395037284514977
train,2011-1536,5,30,3,1.0,0.2764570908765392
train,2011-1536,6,31,0,1.0,0.975036706291738
train,2011-1536,6,31,1,0.0,0.2640815745721694
train,2011-1536,7,32,0,1.0,0.009844796022299747
train,2011-352,2,78,0,0.0,0.5692360535663845
train,2011-352,2,78,1,1.0,0.5373529673170055
train,2011-352,2,78,2,1.0,0.6277082789086781
train,2011-352,2,78,3,0.0,0.5188281429257945
train,2011-352,2,78,4,0.0,0.5200321607033236
train,2011-352,2,78,5,1.0,0.5805309946066707
train,2011-352,2,78,6,1.0,0.5747511087458749
train,2011-352,2,78,7,0.0,0.4894822505656299
train,2011-352,2,78,8,0.0,0.569356818999523
train,2011-352,2,78,9,0.0,0.4268131043256399
train,2011-352,2,78,10,1.0,0.4974793467516825
train,2011-352,2,78,11,0.0,0.6727945618328414
train,2011-352,2,78,12,1.0,0.5132485988272596
train,2011-352,2,78,13,1.0,0.4372009707848189
train,2011-352,2,78,14,1.0,0.4790274886282732
train,2011-352,2,78,15,0.0,0.5837707855148135
train,2011-352,3,79,0,0.0,0.03202502352925471
train,2011-352,3,79,1,1.0,0.38815806521344737
train,2011-352,3,79,2,1.0,0.503110970994694
train,2011-352,3,79,3,1.0,0.7660831292092682
train,2011-352,3,79,4,0.0,0.44315548802241816
train,2011-352,3,79,5,1.0,0.9435667805152738
train,2011-352,3,79,6,0.0,0.3689896226481364
train,2011-352,3,79,7,1.0,0.7768692179202891
train,2011-352,3,79,8,0.0,0.015580885315890095
train,2011-352,3,79,9,1.0,0.5205359386293728
train,2011-352,3,79,10,0.0,0.5056966633200726
train,2011-352,3,79,11,0.0,0.17939227640656927
train,2011-352,3,79,12,1.0,0.47194293142236793
train,2011-352,3,79,13,1.0,0.6223551457573555
train,2011-352,3,79,14,0.0,0.6327233274612025
train,2011-352,3,79,15,1.0,0.6880944957132518
train,2011-352,4,80,0,1.0,0.9377548873273364
train,2011-352,4,80,1,1.0,0.647041495994471
train,2011-352,4,80,2,1.0,0.8049200412763244
train,2011-352,4,80,3,1.0,0.24443976505586434
train,2011-352,4,80,4,1.0,0.6092912656494499
train,2011-352,4,80,5,0.0,0.012528282530034279
train,2011-352,4,80,6,1.0,0.7997229538689729
train,2011-352,4,80,7,1.0,0.5270486800950219
train,2011-352,5,81,0,0.0,0.05186120301079438
train,2011-352,5,81,1,0.0,0.8528162247797252
train,2011-352,5,81,2,1.0,0.04981206430284302
train,2011-352,5,81,3,0.0,0.5799933015111969
train,2011-352,6,82,0,1.0,0.8541443518822119
train,2011-352,6,82,1,1.0,0.7973838154226005
train,2011-352,7,83,0,1.0,0.8147991758581649
train,2011-403,1,14,0,1.0,0.4922304448175644
train,2011-403,1,14,1,1.0,0.5283314293617917
train,2011-403,1,14,2,1.0,0.5002754238766802
train,2011-403,1,14,3,1.0,0.49781504641643204
train,2011-403,1,14,4,1.0,0.488396344048376
train,2011-403,1,14,5,0.0,0.4921882455039195
train,2011-403,1,14,6,1.0,0.5561083273653444
train,2011-403,1,14,7,1.0,0.4624469891167068
train,2011-403,1,14,8,0.0,0.3822388273444896
train,2011-403,1,14,9,1.0,0.5226301005080642
train,2011-403,1,14,10,1.0,0.5791457841858879
train,2011-403,1,14,11,1.0,0.49971381391084835
train,2011-403,1,14,12,0.0,0.4998958134747161
train,2011-403,1,14,13,0.0,0.5810625920738716
train,2011-403,1,14,14,1.0,0.5020196418046137
train,2011-403,1,14,15,1.0,0.5054686558371355
train,2011-403,1,14,16,1.0,0.5280678336160267
train,2011-403,1,14,17,1.0,0.5250811366820354
train,2011-403,1,14,18,0.0,0.5414620042956589
train,2011-403,1,14,19,0.0,0.4782298816188128
train,2011-403,1,14,20,0.0,0.5293511023826939
train,2011-403,1,14,21,0.0,0.4274281644539322
train,2011-403,1,14,22,1.0,0.5131289502188322
train,2011-403,1,14,23,1.0,0.7567355569043134
train,2011-403,1,14,24,0.0,0.48806288387747643
train,2011-403,1,14,25,0.0,0.3890905908194518
train,2011-403,1,14,26,1.0,0.46184933009420615
train,2011-403,1,14,27,1.0,0.5006602426901308
train,2011-403,1,14,28,1.0,0.48449275082919624
train,2011-403,1,14,29,0.0,0.6994068788580662
train,2011-403,1,14,30,0.0,0.45449366636735794
train,2011-403,1,14,31,1.0,0.48819053562184805
train,2011-403,2,15,0,1.0,0.5918014332846979
train,2011-403,2,15,1,1.0,0.9777789950836928
train,2011-403,2,15,2,0.0,0.43557200536579466
train,2011-403,2,15,3,0.0,0.4480945810283434
train,2011-403,2,15,4,0.0,0.30537455800057905
train,2011-403,2,15,5,0.0,0.4616461132894917
train,2011-403,2,15,6,1.0,0.5155106425389709
train,2011-403,2,15,7,1.0,0.04368771501739469
train,2011-403,2,15,8,1.0,0.6887435213642549
train,2011-403,2,15,9,1.0,0.647636372125858
train,2011-403,2,15,10,1.0,0.595740175753478
train,2011-403,2,15,11,0.0,0.6965628242901015
train,2011-403,2,15,12,0.0,0.37910799401126233
train,2011-403,2,15,13,1.0,0.4655911077767892
train,2011-403,2,15,14,1.0,0.3200017642502085
train,2011-403,2,15,15,0.0,0.262243402598009
train,2011-403,2,15,16,1.0,0.13350817229727138
train,2011-403,2,15,17,1.0,0.3654619081419622
train,2011-403,2,15,18,1.0,0.6298432204246416
train,2011-403,2,15,19,1.0,0.4365609864840754
train,2011-403,2,15,20,0.0,0.3590358611913611
train,2011-403,2,15,21,0.0,0.6545332278288757
train,2011-403,2,15,22,0.0,0.4741730780702358
train,2011-403,2,15,23,1.0,0.9733940175826578
train,2011-403,2,15,24,0.0,0.5453308805189971
train,2011-403,2,15,25,1.0,0.552566903885333
train,2011-403,2,15,26,1.0,0.5315889427371113
train,2011-403,2,15,27,1.0,0.7719239672699331
train,2011-403,2,15,28,1.0,0.7542725434946788
train,2011-403,2,15,29,1.0,0.5180084655727301
train,2011-403,2,15,30,1.0,0.9175193041716941
train,2011-403,2,15,31,0.0,0.4504596151747618
train,2011-403,3,16,0,1.0,0.7478052714301815
train,2011-403,3,16,1,0.0,0.7116418665182496
train,2011-403,3,16,2,1.0,0.5225775651649819
train,2011-403,3,16,3,1.0,0.9789960512788571
train,2011-403,3,16,4,0.0,0.09056954017818097
train,2011-403,3,16,5,0.0,0.5640472819452199
train,2011-403,3,16,6,0.0,0.4399149141992987
train,2011-403,3,16,7,1.0,0.7428397895953496
train,2011-403,3,16,8,0.0,0.03417692853384843
train,2011-403,3,16,9,1.0,0.5477903213392468
train,2011-403,3,16,10,0.0,0.5237866422999747
train,2011-403,3,16,11,0.0,0.4492002256466667
train,2011-403,3,16,12,0.0,0.40926389381185707
train,2011-403,3,16,13,1.0,0.39669614762533917
train,2011-403,3,16,14,0.0,0.4171636860249587
train,2011-403,3,16,15,1.0,0.47548944375804053
train,2011-403,4,17,0,0.0,0.028732387729995847
train,2011-403,4,17,1,1.0,0.9730240461129296
train,2011-403,4,17,2,1.0,0.48565534016424666
train,2011-403,4,17,3,0.0,0.5580674321229961
train,2011-403,4,17,4,0.0,0.30428148490900386
train,2011-403,4,17,5,0.0,0.4538075604905776
train,2011-403,4,17,6,0.0,0.3017269600818786
train,2011-403,4,17,7,0.0,0.10458144126722976
train,2011-403,5,18,0,1.0,0.970301676038279
train,2011-403,5,18,1,1.0,0.5157176136174138
train,2011-403,5,18,2,1.0,0.967552758785171
train,2011-403,5,18,3,1.0,0.8224827405498946
train,2011-403,6,19,0,1.0,0.9271934596020485
train,2011-403,6,19,1,1.0,0.21189400483054915
train,2011-403,7,20,0,0.0,0.3095519759060798
train,2011-404,1,7,0,0.0,0.5
train,2011-404,1,7,1,0.0,0.5
train,2011-404,1,7,2,1.0,0.5
train,2011-404,1,7,3,0.0,0.5
train,2011-404,1,7,4,1.0,0.5
train,2011-404,1,7,5,1.0,0.5
train,2011-404,1,7,6,0.0,0.5
train,2011-404,1,7,7,0.0,0.5
train,2011-404,1,7,8,1.0,0.5
train,2011-404,1,7,9,0.0,0.5
train,2011-404,1,7,10,0.0,0.5
train,2011-404,1,7,11,0.0,0.5
train,2011-404,1,7,12,0.0,0.5
train,2011-404,1,7,13,1.0,0.5
train,2011-404,1,7,14,1.0,0.5
train,2011-404,1,7,15,1.0,0.5
train,2011-404,1,7,16,1.0,0.5
train,2011-404,1,7,17,0.0,0.5
train,2011-404,1,7,18,0.0,0.5
train,2011-404,1,7,19,1.0,0.5
train,2011-404,1,7,20,1.0,0.5
train,2011-404,1,7,21,0.0,0.5
train,2011-404,1,7,22,1.0,0.5
train,2011-404,1,7,23,1.0,0.5
train,2011-404,1,7,24,1.0,0.5
train,2011-404,1,7,25,1.0,0.5
train,2011-404,1,7,26,0.0,0.5
train,2011-404,1,7,27,1.0,0.5
train,2011-404,1,7,28,1.0,0.5
train,2011-404,1,7,29,0.0,0.5
train,2011-404,1,7,30,1.0,0.5
train,2011-404,1,7,31,1.0,0.5
train,2011-404,2,8,0,0.0,0.5
train,2011-404,2,8,1,1.0,0.5
train,2011-404,2,8,2,1.0,0.5
train,2011-404,2,8,3,0.0,0.5
train,2011-404,2,8,4,1.0,0.5
train,2011-404,2,8,5,1.0,0.5
train,2011-404,2,8,6,1.0,0.5
train,2011-404,2,8,7,1.0,0.5
train,2011-404,2,8,8,1.0,0.5
train,2011-404,2,8,9,1.0,0.5
train,2011-404,2,8,10,0.0,0.5
train,2011-404,2,8,11,1.0,0.5
train,2011-404,2,8,12,0.0,0.5
train,2011-404,2,8,13,0.0,0.5
train,2011-404,2,8,14,1.0,0.5
train,2011-404,2,8,15,0.0,0.5
train,2011-404,2,8,16,1.0,0.5
train,2011-404,2,8,17,1.0,0.5
train,2011-404,2,8,18,1.0,0.5
train,2011-404,2,8,19,1.0,0.5
train,2011-404,2,8,20,1.0,0.5
train,2011-404,2,8,21,0.0,0.5
train,2011-404,2,8,22,0.0,0.5
train,2011-404,2,8,23,0.0,0.5
train,2011-404,2,8,24,1.0,0.5
train,2011-404,2,8,25,0.0,0.5
train,2011-404,2,8,26,1.0,0.5
train,2011-404,2,8,27,1.0,0.5
train,2011-404,2,8,28,0.0,0.5
train,2011-404,2,8,29,1.0,0.5
train,2011-404,2,8,30,0.0,0.5
train,2011-404,2,8,31,1.0,0.5
train,2011-404,3,9,0,0.0,0.5
train,2011-404,3,9,1,0.0,0.5
train,2011-404,3,9,2,1.0,0.5
train,2011-404,3,9,3,0.0,0.5
train,2011-404,3,9,4,1.0,0.5
train,2011-404,3,9,5,1.0,0.5
train,2011-404,3,9,6,0.0,0.5
train,2011-404,3,9,7,1.0,0.5
train,2011-404,3,9,8,1.0,0.5
train,2011-404,3,9,9,1.0,0.5
train,2011-404,3,9,10,1.0,0.5
train,2011-404,3,9,11,1.0,0.5
train,2011-404,3,9,12,1.0,0.5
train,2011-404,3,9,13,0.0,0.5
train,2011-404,3,9,14,0.0,0.5
train,2011-404,3,9,15,0.0,0.5
train,2011-404,4,10,0,0.0,0.5
train,2011-404,4,10,1,0.0,0.5
train,2011-404,4,10,2,1.0,0.5
train,2011-404,4,10,3,0.0,0.5
train,2011-404,4,10,4,0.0,0.5
train,2011-404,4,10,5,0.0,0.5
train,2011-404,4,10,6,0.0,0.5
train,2011-404,4,10,7,0.0,0.5
train,2011-404,5,11,0,0.0,0.5
train,2011-404,5,11,1,0.0,0.5
train,2011-404,5,11,2,1.0,0.5
train,2011-404,5,11,3,1.0,0.5
train,2011-404,6,12,0,1.0,0.5
train,2011-404,6,12,1,1.0,0.5
train,2011-404,7,13,0,1.0,0.5
train,2011-410,2,21,0,0.0,0.5530745534446365
train,2011-410,2,21,1,1.0,0.571008062026056
train,2011-410,2,21,2,1.0,0.5504774126086373
train,2011-410,2,21,3,1.0,0.4508729027010825
train,2011-410,2,21,4,0.0,0.4221764088259573
train,2011-410,2,21,5,1.0,0.4804639381273257
train,2011-410,2,21,6,1.0,0.6056945658380571
train,2011-410,2,21,7,0.0,0.5616963160478909
train,2011-410,2,21,8,0.0,0.5963391972682347
train,2011-410,2,21,9,0.0,0.5023891087254003
train,2011-410,2,21,10,0.0,0.504915864195241
train,2011-410,2,21,11,1.0,0.6551396527087584
train,2011-410,2,21,12,0.0,0.3916435780519005
train,2011-410,2,21,13,0.0,0.46377603371704323
train,2011-410,2,21,14,1.0,0.5545625751610643
train,2011-410,2,21,15,1.0,0.6049068258851775
train,2011-410,2,21,16,0.0,0.5829535064354812
train,2011-410,2,21,17,1.0,0.5103919180041052
train,2011-410,2,21,18,1.0,0.7768324302210821
train,2011-410,2,21,19,0.0,0.7226034035604891
train,2011-410,2,21,20,1.0,0.5168740823316126
train,2011-410,2,21,21,1.0,0.47507737257364757
train,2011-410,2,21,22,0.0,0.3505556114600466
train,2011-410,2,21,23,0.0,0.5523408064042905
train,2011-410,3,22,0,0.0,0.16027838403458977
train,2011-410,3,22,1,0.0,0.554665872488769
train,2011-410,3,22,2,1.0,0.42787022057704205
train,2011-410,3,22,3,1.0,0.584729271440181
train,2011-410,3,22,4,0.0,0.7952983723777471
train,2011-410,3,22,5,0.0,0.6787286750661777
train,2011-410,3,22,6,1.0,0.7907867711911117
train,2011-410,3,22,7,1.0,0.7019107609450177
train,2011-410,3,22,8,1.0,0.7685149867088145
train,2011-410,3,22,9,1.0,0.5814854441328913
train,2011-410,3,22,10,1.0,0.4824047686859804
train,2011-410,3,22,11,0.0,0.3678876025209518
train,2011-410,3,22,12,0.0,0.5147699922912297
train,2011-410,3,22,13,1.0,0.5397821475826722
train,2011-410,3,22,14,0.0,0.002861115552740579
train,2011-410,3,22,15,1.0,0.5019800293915591
train,2011-410,4,23,0,1.0,0.9955807741879715
train,2011-410,4,23,1,1.0,0.5981631228068593
train,2011-410,4,23,2,1.0,0.3688440318625216
train,2011-410,4,23,3,1.0,0.28977403698561766
train,2011-410,4,23,4,1.0,0.8238428116130572
train,2011-410,4,23,5,0.0,0.5559653620937379
train,2011-410,4,23,6,1.0,0.891772858970183
train,2011-410,4,23,7,0.0,0.4838430014280375
train,2011-410,5,24,0,0.0,0.0066089264666236835
train,2011-410,5,24,1,0.0,0.3640287501330437
train,2011-410,5,24,2,1.0,0.7765984363367712
train,2011-410,5,24,3,1.0,0.1985646598726043
train,2011-410,6,25,0,0.0,0.5092586092199368
train,2011-410,6,25,1,1.0,0.9943024374083153
train,2011-410,7,26,0,1.0,0.9806960621956181
train,2011-416,2,33,0,1.0,0.5268511900363498
train,2011-416,2,33,1,0.0,0.44563018691568096
train,2011-416,2,33,2,0.0,0.5475543666237939
train,2011-416,2,33,3,0.0,0.3502733801827056
train,2011-416,2,33,4,0.0,0.4003310077222935
train,2011-416,2,33,5,0.0,0.3725494024207386
train,2011-416,2,33,6,1.0,0.5469072150798839
train,2011-416,2,33,7,1.0,0.5253673600157068
train,2011-416,2,33,8,1.0,0.5221563535917922
train,2011-416,2,33,9,1.0,0.4655968800264057
train,2011-416,2,33,10,0.0,0.3834739180022174
train,2011-416,2,33,11,1.0,0.37868923535184706
train,2011-416,2,33,12,0.0,0.48521925452166215
train,2011-416,2,33,13,0.0,0.5026231804502308
train,2011-416,2,33,14,1.0,0.4496895622427116
train,2011-416,2,33,15,1.0,0.4961040445849165
train,2011-416,2,33,16,1.0,0.6560907115854314
train,2011-416,2,33,17,1.0,0.5020727976286224
train,2011-416,2,33,18,0.0,0.2928053950790089
train,2011-416,2,33,19,1.0,0.41787507782404
train,2011-416,2,33,20,1.0,0.5564266858045357
train,2011-416,2,33,21,0.0,0.640438734772155
train,2011-416,2,33,22,1.0,0.5516789931898632
train,2011-416,2,33,23,1.0,0.8040948576085732
train,2011-416,3,34,0,0.0,0.37182553739631696
train,2011-416,3,34,1,0.0,0.24453032619470277
train,2011-416,3,34,2,0.0,0.5952384172687054
train,2011-416,3,34,3,1.0,0.6104630030200874
train,2011-416,3,34,4,1.0,0.5298715619381271
train,2011-416,3,34,5,1.0,0.44373424327868866
train,2011-416,3,34,6,0.0,0.7392955326869534
train,2011-416,3,34,7,1.0,0.4724033880831678
train,2011-416,3,34,8,0.0,0.5027281439477065
train,2011-416,3,34,9,0.0,0.07476581333182908
train,2011-416,3,34,10,0.0,0.5354058999018184
train,2011-416,3,34,11,1.0,0.8246436652776823
train,2011-416,3,34,12,0.0,0.38250721434449475
train,2011-416,3,34,13,0.0,0.591994476491023
train,2011-416,3,34,14,0.0,0.6404874846185384
train,2011-416,3,34,15,1.0,0.9975076870649116
train,2011-416,4,35,0,1.0,0.9961421188876749
train,2011-416,4,35,1,1.0,0.1317050896661227
train,2011-416,4,35,2,1.0,0.6462490031553382
train,2011-416,4,35,3,1.0,0.5624370146173471
train,2011-416,4,35,4,1.0,0.5789669550749903
train,2011-416,4,35,5,1.0,0.8291794680856032
train,2011-416,4,35,6,1.0,0.5793320027110015
train,2011-416,4,35,7,0.0,0.40275474410736467
train,2011-416,5,36,0,1.0,0.995810600252957
train,2011-416,5,36,1,1.0,0.5180506015471714
train,2011-416,5,36,2,0.0,0.47005682765311413
train,2011-416,5,36,3,0.0,0.2919642422671956
train,2011-416,6,37,0,0.0,0.006342983386400363
train,2011-416,6,37,1,0.0,0.12198420042638822
train,2011-416,7,38,0,0.0,0.9612814453234974
train,2011-421,2,53,0,0.0,0.5468302537196866
train,2011-421,2,53,1,0.0,0.2777041111386231
train,2011-421,2,53,2,1.0,0.6611601645831026
train,2011-421,2,53,3,1.0,0.745319133814279
train,2011-421,2,53,4,0.0,0.4466244841153532
train,2011-421,2,53,5,1.0,0.3549410554258007
train,2011-421,2,53,6,0.0,0.42044873670298666
train,2011-421,2,53,7,0.0,0.5463401388654423
train,2011-421,2,53,8,1.0,0.49146892756663885
train,2011-421,2,53,9,1.0,0.7479774537387549
train,2011-421,2,53,10,0.0,0.4083176128463532
train,2011-421,2,53,11,1.0,0.5020204295925113
train,2011-421,2,53,12,1.0,0.4398564731412614
train,2011-421,2,53,13,1.0,0.4788597566371345
train,2011-421,2,53,14,0.0,0.5403591263086174
train,2011-421,2,53,15,0.0,0.5401682405025315
train,2011-421,2,53,16,0.0,0.3354891128180998
train,2011-421,2,53,17,1.0,0.5534174633042932
train,2011-421,2,53,18,0.0,0.4306379839795874
train,2011-421,2,53,19,0.0,0.40685867090772987
train,2011-421,2,53,20,0.0,0.4423318493676253
train,2011-421,2,53,21,1.0,0.49702033970156384
train,2011-421,2,53,22,1.0,0.36627222060442194
train,2011-421,2,53,23,1.0,0.38043770643407915
train,2011-421,3,54,0,1.0,0.05575142621737543
train,2011-421,3,54,1,0.0,0.5783960627400737
train,2011-421,3,54,2,0.0,0.42734109321471003
train,2011-421,3,54,3,1.0,0.6610402411190293
train,2011-421,3,54,4,1.0,0.07029164644093908
train,2011-421,3,54,5,1.0,0.687554483400654
train,2011-421,3,54,6,1.0,0.39421050680464464
train,2011-421,3,54,7,1.0,0.5019046480754404
train,2011-421,3,54,8,1.0,0.6267827179323884
train,2011-421,3,54,9,1.0,0.7149363297146847
train,2011-421,3,54,10,1.0,0.7580788125579838
train,2011-421,3,54,11,1.0,0.9796598229711692
train,2011-421,3,54,12,1.0,0.4486304520421008
train,2011-421,3,54,13,1.0,0.6684257131069042
train,2011-421,3,54,14,0.0,0.6108862269376484
train,2011-421,3,54,15,0.0,0.046069319492168165
train,2011-421,4,55,0,0.0,0.04214055954106965
train,2011-421,4,55,1,1.0,0.06728847675283481
train,2011-421,4,55,2,1.0,0.379383805831084
train,2011-421,4,55,3,0.0,0.2975755503642319
train,2011-421,4,55,4,1.0,0.5576627276135944
train,2011-421,4,55,5,1.0,0.6339670809149575
train,2011-421,4,55,6,0.0,0.5197090313829478
train,2011-421,4,55,7,0.0,0.3170276943681515
train,2011-421,5,56,0,0.0,0.194272261897198
train,2011-421,5,56,1,0.0,0.04506940176719928
train,2011-421,5,56,2,0.0,0.4636398526074528
train,2011-421,5,56,3,1.0,0.3548313654482071
train,2011-421,6,57,0,1.0,0.9251760221269925
train,2011-421,6,57,1,1.0,0.6408286377832916
train,2011-421,7,58,0,1.0,0.953508065191786
train,2011-422,2,59,0,1.0,0.4580841078073407
train,2011-422,2,59,1,1.0,0.507333818707794
train,2011-422,2,59,2,1.0,0.19783918767933106
train,2011-422,2,59,3,1.0,0.49812348071597556
train,2011-422,2,59,4,1.0,0.5611252103714798
train,2011-422,2,59,5,0.0,0.26297746317391063
train,2011-422,2,59,6,0.0,0.5976979192716498
train,2011-422,2,59,7,1.0,0.46563618336588214
train,2011-422,2,59,8,0.0,0.45451444049690093
train,2011-422,2,59,9,0.0,0.4285638966169598
train,2011-422,2,59,10,0.0,0.521751792005903
train,2011-422,2,59,11,1.0,0.498893744606207
train,2011-422,2,59,12,0.0,0.7000651582264679
train,2011-422,2,59,13,1.0,0.5745376900226249
train,2011-422,2,59,14,1.0,0.6511684572649615
train,2011-422,2,59,15,1.0,0.5847016759365159
train,2011-422,2,59,16,0.0,0.36389731972306366
train,2011-422,2,59,17,0.0,0.5002052096413087
train,2011-422,2,59,18,1.0,0.5436397570847379
train,2011-422,2,59,19,1.0,0.6822813527173244
train,2011-422,2,59,20,0.0,0.2610069507367483
train,2011-422,2,59,21,0.0,0.46423437019571845
train,2011-422,2,59,22,0.0,0.3186297958036439
train,2011-422,2,59,23,0.0,0.36934435121413906
train,2011-422,3,60,0,1.0,0.9146162478254672
train,2011-422,3,60,1,1.0,0.4966570028905675
train,2011-422,3,60,2,0.0,0.4945372279395345
train,2011-422,3,60,3,0.0,0.4084721534027544
train,2011-422,3,60,4,1.0,0.4247806119354922
train,2011-422,3,60,5,1.0,0.1900389776555826
train,2011-422,3,60,6,0.0,0.5008588611660103
train,2011-422,3,60,7,0.0,0.2780685908528777
train,2011-422,3,60,8,1.0,0.698599363154548
train,2011-422,3,60,9,1.0,0.8121326693768766
train,2011-422,3,60,10,1.0,0.5935966305096891
train,2011-422,3,60,11,1.0,0.9246211791739418
train,2011-422,3,60,12,1.0,0.5624991403179769
train,2011-422,3,60,13,1.0,0.5405908205585678
train,2011-422,3,60,14,0.0,0.3921663599570548
train,2011-422,3,60,15,1.0,0.9869429696764443
train,2011-422,4,61,0,0.0,0.021412688113699944
train,2011-422,4,61,1,0.0,0.3739321347452894
train,2011-422,4,61,2,0.0,0.3106530829161242
train,2011-422,4,61,3,0.0,0.5667192343285916
train,2011-422,4,61,4,0.0,0.09736944258217436
train,2011-422,4,61,5,0.0,0.35021875529371443
train,2011-422,4,61,6,1.0,0.8913931740051273
train,2011-422,4,61,7,1.0,0.9595999552858706
train,2011-422,5,62,0,1.0,0.9613852024545964
train,2011-422,5,62,1,0.0,0.9309201896719944
train,2011-422,5,62,2,0.0,0.12382628709383825
train,2011-422,5,62,3,1.0,0.18675255932496224
train,2011-422,6,63,0,1.0,0.9472030456366618
train,2011-422,6,63,1,1.0,0.7347242808810812
train,2011-422,7,64,0,0.0,0.8316714842481694
train,2011-5014,2,72,0,1.0,0.5
train,2011-5014,2,72,1,0.0,0.5
train,2011-5014,2,72,2,0.0,0.5
train,2011-5014,2,72,3,0.0,0.5
train,2011-5014,2,72,4,1.0,0.5
train,2011-5014,2,72,5,0.0,0.5
train,2011-5014,2,72,6,0.0,0.5
train,2011-5014,2,72,7,1.0,0.5
train,2011-5014,2,72,8,1.0,0.5
train,2011-5014,2,72,9,0.0,0.5
train,2011-5014,2,72,10,1.0,0.5
train,2011-5014,2,72,11,0.0,0.5
train,2011-5014,2,72,12,1.0,0.5
train,2011-5014,2,72,13,1.0,0.5
train,2011-5014,2,72,14,1.0,0.5
train,2011-5014,2,72,15,1.0,0.5
train,2011-5014,2,72,16,1.0,0.5
train,2011-5014,2,72,17,1.0,0.5
train,2011-5014,2,72,18,0.0,0.5
train,2011-5014,2,72,19,1.0,0.5
train,2011-5014,2,72,20,1.0,0.5
train,2011-5014,2,72,21,1.0,0.5
train,2011-5014,2,72,22,1.0,0.5
train,2011-5014,2,72,23,0.0,0.5
train,2011-5014,3,73,0,1.0,0.5
train,2011-5014,3,73,1,1.0,0.5
train,2011-5014,3,73,2,0.0,0.5
train,2011-5014,3,73,3,1.0,0.5
train,2011-5014,3,73,4,0.0,0.5
train,2011-5014,3,73,5,1.0,0.5
train,2011-5014,3,73,6,0.0,0.5
train,2011-5014,3,73,7,0.0,0.5
train,2011-5014,3,73,8,1.0,0.5
train,2011-5014,3,73,9,0.0,0.5
train,2011-5014,3,73,10,1.0,0.5
train,2011-5014,3,73,11,0.0,0.5
train,2011-5014,3,73,12,1.0,0.5
train,2011-5014,3,73,13,1.0,0.5
train,2011-5014,3,73,14,1.0,0.5
train,2011-5014,3,73,15,1.0,0.5
train,2011-5014,4,74,0,0.0,0.5
train,2011-5014,4,74,1,0.0,0.5
train,2011-5014,4,74,2,0.0,0.5
train,2011-5014,4,74,3,1.0,0.5
train,2011-5014,4,74,4,0.0,0.5
train,2011-5014,4,74,5,1.0,0.5
train,2011-5014,4,74,6,0.0,0.5
train,2011-5014,4,74,7,1.0,0.5
train,2011-5014,5,75,0,1.0,0.5
train,2011-5014,5,75,1,0.0,0.5
train,2011-5014,5,75,2,0.0,0.5
train,2011-5014,5,75,3,0.0,0.5
train,2011-5014,6,76,0,1.0,0.5
train,2011-5014,6,76,1,1.0,0.5
train,2011-5014,7,77,0,0.0,0.5
train,2011-520,1,39,0,0.0,0.3829759347934411
train,2011-520,1,39,1,0.0,0.45669000189509534
train,2011-520,1,39,2,1.0,0.5094240512155698
train,2011-520,1,39,3,1.0,0.4217424220382335
train,2011-520,1,39,4,1.0,0.5053219896902597
train,2011-520,1,39,5,1.0,0.26600462688115106
train,2011-520,1,39,6,0.0,0.42680028734608
train,2011-520,1,39,7,0.0,0.5212257073928827
train,2011-520,1,39,8,1.0,0.5
train,2011-520,1,39,9,0.0,0.4867751639168582
train,2011-520,1,39,10,1.0,0.47102908972160906
train,2011-520,1,39,11,1.0,0.43042868513006377
train,2011-520,1,39,12,1.0,0.5602293979942632
train,2011-520,1,39,13,1.0,0.662615666619182
train,2011-520,1,39,14,1.0,0.8134622816666871
train,2011-520,1,39,15,0.0,0.4626073593973021
train,2011-520,1,39,16,0.0,0.48912111779813877
train,2011-520,1,39,17,0.0,0.5187566781011026
train,2011-520,1,39,18,1.0,0.5713569492230677
train,2011-520,1,39,19,0.0,0.47442579607211993
train,2011-520,1,39,20,0.0,0.4639901387663973
train,2011-520,1,39,21,1.0,0.7385104360663104
train,2011-520,1,39,22,0.0,0.4742999928265958
train,2011-520,1,39,23,0.0,0.3690513880778045
train,2011-520,1,39,24,0.0,0.6430342158922219
train,2011-520,1,39,25,0.0,0.3335669800407396
train,2011-520,1,39,26,0.0,0.5421575899806593
train,2011-520,1,39,27,1.0,0.46473917304615836
train,2011-520,1,39,28,1.0,0.9970473820481157
train,2011-520,1,39,29,1.0,0.9646506425998331
train,2011-520,1,39,30,1.0,0.4806121578508703
train,2011-520,1,39,31,1.0,0.5
train,2011-520,1,39,32,1.0,0.39189725581863166
train,2011-520,1,39,33,1.0,0.8323410482166796
train,2011-520,1,39,34,1.0,0.39992965662269064
train,2011-520,1,39,35,1.0,0.7687952056981864
train,2011-520,1,39,36,0.0,0.41273363279937825
train,2011-520,1,39,37,1.0,0.5575271826933834
train,2011-520,1,39,38,0.0,0.46304121919153696
train,2011-520,1,39,39,0.0,0.49504535524290766
train,2011-520,1,39,40,1.0,0.5909657958373408
train,2011-520,1,39,41,1.0,0.49362314769653554
train,2011-520,1,39,42,1.0,0.5536773979327746
train,2011-520,1,39,43,1.0,0.4056284428661534
train,2011-520,1,39,44,1.0,0.5870150621320462
train,2011-520,1,39,45,1.0,0.49186577326894837
train,2011-520,1,39,46,1.0,0.5104879025708253
train,2011-520,1,39,47,1.0,0.339228753742053
train,2011-520,1,39,48,0.0,0.42202476017334867
train,2011-520,1,39,49,1.0,0.5004262647599286
train,2011-520,1,39,50,1.0,0.44519996802335965
train,2011-520,1,39,51,1.0,0.8535275352092493
train,2011-520,1,39,52,1.0,0.5352489399656081
train,2011-520,1,39,53,0.0,0.4761136924777135
train,2011-520,1,39,54,1.0,0.4610745713840279
train,2011-520,1,39,55,1.0,0.49494215309526335
train,2011-520,1,39,56,0.0,0.35250191196980696
train,2011-520,1,39,57,0.0,0.4274687143238936
train,2011-520,1,39,58,1.0,0.48696024842813346
train,2011-520,1,39,59,0.0,0.44180141719227767
train,2011-520,1,39,60,0.0,0.37355965186370294
train,2011-520,1,39,61,1.0,0.5241597909597584
train,2011-520,1,39,62,0.0,0.550151429383068
train,2011-520,1,39,63,1.0,0.6843606353120255
train,2011-520,2,40,0,0.0,0.34871986902590413
train,2011-520,2,40,1,1.0,0.4869723295173892
train,2011-520,2,40,2,0.0,0.31862949449900557
train,2011-520,2,40,3,1.0,0.5735448158281936
train,2011-520,2,40,4,1.0,0.896985588547218
train,2011-520,2,40,5,1.0,0.6825397632909712
train,2011-520,2,40,6,1.0,0.5846059109004507
train,2011-520,2,40,7,1.0,0.5329637647750245
train,2011-520,2,40,8,1.0,0.5849093912241051
train,2011-520,2,40,9,0.0,0.41964393907482544
train,2011-520,2,40,10,1.0,0.4268177419204261
train,2011-520,2,40,11,0.0,0.4832581855849359
train,2011-520,2,40,12,1.0,0.5045668069649953
train,2011-520,2,40,13,1.0,0.48658306318216765
train,2011-520,2,40,14,1.0,0.21608398526212141
train,2011-520,2,40,15,0.0,0.47336725744929553
train,2011-520,2,40,16,1.0,0.39117135770640205
train,2011-520,2,40,17,0.0,0.4571891125216888
train,2011-520,2,40,18,0.0,0.4108321701715642
train,2011-520,2,40,19,1.0,0.5142286775731709
train,2011-520,2,40,20,1.0,0.5060188746819967
train,2011-520,2,40,21,1.0,0.6068686550662358
train,2011-520,2,40,22,0.0,0.19471705709374312
train,2011-520,2,40,23,1.0,0.47724285590060844
train,2011-520,2,40,24,1.0,0.5391792786427098
train,2011-520,2,40,25,1.0,0.5871533283555483
train,2011-520,2,40,26,0.0,0.1692352731235154
train,2011-520,2,40,27,0.0,0.41255301146993706
train,2011-520,2,40,28,0.0,0.17361368260128796
train,2011-520,2,40,29,0.0,0.0341227551019749
train,2011-520,2,40,30,0.0,0.677380772665206
train,2011-520,2,40,31,0.0,0.0031892451810282066
train,2011-520,3,41,0,1.0,0.8839994063877695
train,2011-520,3,41,1,0.0,0.7599274477736077
train,2011-520,3,41,2,0.0,0.04362768474559244
train,2011-520,3,41,3,0.0,0.4078976885809063
train,2011-520,3,41,4,0.0,0.5224093519203933
train,2011-520,3,41,5,0.0,0.5404538930280022
train,2011-520,3,41,6,1.0,0.5413252335841094
train,2011-520,3,41,7,1.0,0.625408038662735
train,2011-520,3,41,8,0.0,0.16456104728137275
train,2011-520,3,41,9,1.0,0.490973624877669
train,2011-520,3,41,10,0.0,0.512771498579148
train,2011-520,3,41,11,1.0,0.5804146176439146
train,2011-520,3,41,12,1.0,0.6535295872225848
train,2011-520,3,41,13,0.0,0.1996103626574261
train,2011-520,3,41,14,0.0,0.46380872379266985
train,2011-520,3,41,15,0.0,0.0034801611817858093
train,2011-520,4,42,0,0.0,0.0739450628463261
train,2011-520,4,42,1,1.0,0.47798706761664195
train,2011-520,4,42,2,0.0,0.21664121197305636
train,2011-520,4,42,3,0.0,0.746186491623903
train,2011-520,4,42,4,0.0,0.491139445140568
train,2011-520,4,42,5,0.0,0.4104727953713637
train,2011-520,4,42,6,1.0,0.7400433752669208
train,2011-520,4,42,7,0.0,0.0069775111784236045
train,2011-520,5,43,0,1.0,0.9651736452445152
train,2011-520,5,43,1,0.0,0.20757384818806573
train,2011-520,5,43,2,1.0,0.6362147159647048
train,2011-520,5,43,3,0.0,0.013070785646681404
train,2011-520,6,44,0,1.0,0.20838224625158236
train,2011-520,6,44,1,0.0,0.006106116806930312
train,2011-520,7,45,0,1.0,0.9606791015884228
train,2011-540,1,46,0,1.0,0.7732159019704105
train,2011-540,1,46,1,1.0,0.7894509273424813
train,2011-540,1,46,2,0.0,0.31207709559762215
train,2011-540,1,46,3,1.0,0.33244741000321226
train,2011-540,1,46,4,1.0,0.3635109298430219
train,2011-540,1,46,5,1.0,0.4559876055672091
train,2011-540,1,46,6,0.0,0.4762279362973866
train,2011-540,1,46,7,0.0,0.4861942868705612
train,2011-540,1,46,8,1.0,0.5868466437008198
train,2011-540,1,46,9,1.0,0.6303328532892237
train,2011-540,1,46,10,0.0,0.5414751958842993
train,2011-540,1,46,11,0.0,0.4195497946812367
train,2011-540,1,46,12,1.0,0.5697846325938066
train,2011-540,1,46,13,1.0,0.9724074102486914
train,2011-540,1,46,14,0.0,0.2087377144030504
train,2011-540,1,46,15,1.0,0.628836121702491
train,2011-540,1,46,16,0.0,0.4913865956694373
train,2011-540,1,46,17,1.0,0.5087700339704295
train,2011-540,1,46,18,0.0,0.5104129786733077
train,2011-540,1,46,19,1.0,0.5653512734336354
train,2011-540,1,46,20,0.0,0.7568205524345265
train,2011-540,1,46,21,1.0,0.7112547036002854
train,2011-540,1,46,22,0.0,0.4739802025831893
train,2011-540,1,46,23,0.0,0.352873421719087
train,2011-540,1,46,24,0.0,0.3195244200501532
train,2011-540,1,46,25,1.0,0.5955089996028082
train,2011-540,1,46,26,0.0,0.5353105714071602
train,2011-540,1,46,27,0.0,0.7332382543028051
train,2011-540,1,46,28,1.0,0.5
train,2011-540,1,46,29,0.0,0.04757727874939843
train,2011-540,1,46,30,1.0,0.49333652568830005
train,2011-540,1,46,31,1.0,0.7163813749328813
train,2011-540,1,46,32,1.0,0.5091640451087115
train,2011-540,1,46,33,1.0,0.6024957140689471
train,2011-540,1,46,34,0.0,0.43018592497443997
train,2011-540,1,46,35,0.0,0.46493921715941844
train,2011-540,1,46,36,0.0,0.5356377138694685
train,2011-540,1,46,37,1.0,0.46285438121490846
train,2011-540,1,46,38,1.0,0.6358506080974868
train,2011-540,1,46,39,0.0,0.4067389433473294
train,2011-540,1,46,40,0.0,0.4543029568697081
train,2011-540,1,46,41,1.0,0.6747685179826939
train,2011-540,1,46,42,1.0,0.5454108917596008
train,2011-540,1,46,43,0.0,0.06861114503589968
train,2011-540,1,46,44,0.0,0.4728645206740808
train,2011-540,1,46,45,0.0,0.46375321556198823
train,2011-540,1,46,46,1.0,0.7519595109005225
train,2011-540,1,46,47,1.0,0.40128606386480187
train,2011-540,1,46,48,1.0,0.9268527473836614
train,2011-540,1,46,49,0.0,0.45347307232146966
train,2011-540,1,46,50,1.0,0.6213944205016968
train,2011-540,1,46,51,1.0,0.5724158988672654
train,2011-540,1,46,52,0.0,0.40260904200573316
train,2011-540,1,46,53,1.0,0.514986506971377
train,2011-540,1,46,54,0.0,0.6692106715459512
train,2011-540,1,46,55,0.0,0.5567853917519431
train,2011-540,1,46,56,1.0,0.8570064358034524
train,2011-540,1,46,57,1.0,0.5159106392454281
train,2011-540,1,46,58,1.0,0.5
train,2011-540,1,46,59,1.0,0.47216650738395766
train,2011-540,1,46,60,0.0,0.38903090559982306
train,2011-540,1,46,61,0.0,0.5746780166212462
train,2011-540,1,46,62,1.0,0.49432111398511897
train,2011-540,1,46,63,1.0,0.4303663217385488
train,2011-540,2,47,0,0.0,0.596765581033478
train,2011-540,2,47,1,0.0,0.43910989215963436
train,2011-540,2,47,2,1.0,0.8490685360252919
train,2011-540,2,47,3,0.0,0.5656043707423464
train,2011-540,2,47,4,0.0,0.44438690097458833
train,2011-540,2,47,5,1.0,0.6633568955592606
train,2011-540,2,47,6,1.0,0.9239479905586649
train,2011-540,2,47,7,1.0,0.26377289184829744
train,2011-540,2,47,8,1.0,0.5205421516797398
train,2011-540,2,47,9,1.0,0.549757335986221
train,2011-540,2,47,10,0.0,0.4382318325640869
train,2011-540,2,47,11,0.0,0.4564392485583807
train,2011-540,2,47,12,1.0,0.5456327540673164
train,2011-540,2,47,13,1.0,0.9394835447104546
train,2011-540,2,47,14,1.0,0.9572345634211888
train,2011-540,2,47,15,1.0,0.3232687496944157
train,2011-540,2,47,16,0.0,0.4142551441536273
train,2011-540,2,47,17,0.0,0.5135542340513152
train,2011-540,2,47,18,1.0,0.5697078387192888
train,2011-540,2,47,19,0.0,0.42682925494014096
train,2011-540,2,47,20,1.0,0.6866926368695357
train,2011-540,2,47,21,0.0,0.4978115345235243
train,2011-540,2,47,22,1.0,0.3114244249665942
train,2011-540,2,47,23,0.0,0.382384915427229
train,2011-540,2,47,24,0.0,0.6310798932102647
train,2011-540,2,47,25,1.0,0.43355458704458083
train,2011-540,2,47,26,1.0,0.5414307068331302
train,2011-540,2,47,27,1.0,0.46849737678077163
train,2011-540,2,47,28,1.0,0.5393132137732687
train,2011-540,2,47,29,0.0,0.27500040211110266
train,2011-540,2,47,30,0.0,0.049703291585504614
train,2011-540,2,47,31,0.0,0.614164759649085
train,2011-540,3,48,0,0.0,0.4921935836030529
train,2011-540,3,48,1,0.0,0.4101844592693633
train,2011-540,3,48,2,0.0,0.5144676566259009
train,2011-540,3,48,3,1.0,0.5113541121263948
train,2011-540,3,48,4,1.0,0.28986238020578525
train,2011-540,3,48,5,1.0,0.9232461897582274
train,2011-540,3,48,6,0.0,0.451163639237664
train,2011-540,3,48,7,1.0,0.8206462222826858
train,2011-540,3,48,8,1.0,0.5046859116495983
train,2011-540,3,48,9,1.0,0.18757277751951373
train,2011-540,3,48,10,0.0,0.5195316941235958
train,2011-540,3,48,11,0.0,0.35835086098981894
train,2011-540,3,48,12,1.0,0.9277323373543528
train,2011-540,3,48,13,1.0,0.792895683958819
train,2011-540,3,48,14,0.0,0.3075136041069133
train,2011-540,3,48,15,1.0,0.931046118116354
train,2011-540,4,49,0,0.0,0.3218789675598369
train,2011-540,4,49,1,1.0,0.3684673809056598
train,2011-540,4,49,2,1.0,0.8908212142080105
train,2011-540,4,49,3,1.0,0.8052034021879245
train,2011-540,4,49,4,0.0,0.20778946859312375
train,2011-540,4,49,5,1.0,0.9332690649222694
train,2011-540,4,49,6,1.0,0.5599167398265493
train,2011-540,4,49,7,1.0,0.9063789859854715
train,2011-540,5,50,0,1.0,0.7348241181968492
train,2011-540,5,50,1,0.0,0.6771154462370554
train,2011-540,5,50,2,1.0,0.8244984831418495
train,2011-540,5,50,3,0.0,0.2571727674454227
train,2011-540,6,51,0,1.0,0.3388545614978349
train,2011-540,6,51,1,0.0,0.621545506648519
train,2011-540,7,52,0,0.0,0.8637908038729124
train,2011-560,1,65,0,0.0,0.07483777862576795
train,2011-560,1,65,1,0.0,0.2558390293443782
train,2011-560,1,65,2,0.0,0.37547160230181625
train,2011-560,1,65,3,0.0,0.513405583116203
train,2011-560,1,65,4,1.0,0.5002349182039373
train,2011-560,1,65,5,0.0,0.18478239576302477
train,2011-560,1,65,6,1.0,0.4776659897945982
train,2011-560,1,65,7,1.0,0.5611116093428641
train,2011-560,1,65,8,1.0,0.5239256896306745
train,2011-560,1,65,9,0.0,0.5073836042235315
train,2011-560,1,65,10,0.0,0.3278368572569728
train,2011-560,1,65,11,1.0,0.5110011202955036
train,2011-560,1,65,12,1.0,0.4828255014244904
train,2011-560,1,65,13,0.0,0.029836184487042366
train,2011-560,1,65,14,0.0,0.2690297369172884
train,2011-560,1,65,15,0.0,0.36152585859379505
train,2011-560,1,65,16,0.0,0.44586544441060194
train,2011-560,1,65,17,1.0,0.6355970879107826
train,2011-560,1,65,18,1.0,0.5397521179543765
train,2011-560,1,65,19,0.0,0.476404700089162
train,2011-560,1,65,20,1.0,0.7966945207559724
train,2011-560,1,65,21,1.0,0.6375154227426826
train,2011-560,1,65,22,1.0,0.5071654539997447
train,2011-560,1,65,23,0.0,0.5300915985506541
train,2011-560,1,65,24,1.0,0.47099661282917626
train,2011-560,1,65,25,0.0,0.4191869834121414
train,2011-560,1,65,26,0.0,0.40663440201001755
train,2011-560,1,65,27,0.0,0.5090714224677814
train,2011-560,1,65,28,0.0,0.4955006263906063
train,2011-560,1,65,29,0.0,0.013002592134863121
train,2011-560,1,65,30,0.0,0.47943096125571055
train,2011-560,1,65,31,1.0,0.6525951619456772
train,2011-560,1,65,32,0.0,0.49892810076190763
train,2011-560,1,65,33,0.0,0.16413654166621522
train,2011-560,1,65,34,0.0,0.5140946761865902
train,2011-560,1,65,35,1.0,0.5124754595366637
train,2011-560,1,65,36,0.0,0.4465365715851192
train,2011-560,1,65,37,0.0,0.4922803533376642
train,2011-560,1,65,38,1.0,0.5125963130311643
train,2011-560,1,65,39,1.0,0.41536725004102565
train,2011-560,1,65,40,1.0,0.5376273537237471
train,2011-560,1,65,41,0.0,0.48990870594990377
train,2011-560,1,65,42,1.0,0.8211616820067945
train,2011-560,1,65,43,1.0,0.5429651612833031
train,2011-560,1,65,44,1.0,0.4072820760156752
train,2011-560,1,65,45,0.0,0.38670823835573276
train,2011-560,1,65,46,0.0,0.34189577569472496
train,2011-560,1,65,47,0.0,0.037908265933617
train,2011-560,1,65,48,0.0,0.5090267515274708
train,2011-560,1,65,49,0.0,0.5
train,2011-560,1,65,50,0.0,0.38274247504737624
train,2011-560,1,65,51,1.0,0.5277930438393329
train,2011-560,1,65,52,1.0,0.4012713549686395
train,2011-560,1,65,53,1.0,0.7232707854356253
train,2011-560,1,65,54,0.0,0.4863649353419148
train,2011-560,1,65,55,1.0,0.5125673082080585
train,2011-560,1,65,56,1.0,0.6660983659487353
train,2011-560,1,65,57,0.0,0.30006880067552405
train,2011-560,1,65,58,1.0,0.5045037245190547
train,2011-560,1,65,59,0.0,0.5214557265875002
train,2011-560,1,65,60,1.0,0.5418153260950944
train,2011-560,1,65,61,1.0,0.5723677176980205
train,2011-560,1,65,62,0.0,0.4952644428285282
train,2011-560,1,65,63,1.0,0.49954419911078973
train,2011-560,2,66,0,1.0,0.7255369101761105
train,2011-560,2,66,1,1.0,0.645919445094311
train,2011-560,2,66,2,1.0,0.3059252072986779
train,2011-560,2,66,3,1.0,0.5392449949845165
train,2011-560,2,66,4,0.0,0.42990480866799247
train,2011-560,2,66,5,1.0,0.5928968541485448
train,2011-560,2,66,6,0.0,0.3999635080842985
train,2011-560,2,66,7,1.0,0.5349508224260154
train,2011-560,2,66,8,1.0,0.8215106901455389
train,2011-560,2,66,9,1.0,0.44244823332409516
train,2011-560,2,66,10,1.0,0.5748036149519602
train,2011-560,2,66,11,0.0,0.0402444010604089
train,2011-560,2,66,12,1.0,0.6154525412366648
train,2011-560,2,66,13,0.0,0.40693269745668315
train,2011-560,2,66,14,0.0,0.49762228591169444
train,2011-560,2,66,15,0.0,0.34134683949099676
train,2011-560,2,66,16,1.0,0.8229709750499589
train,2011-560,2,66,17,1.0,0.5283914996327607
train,2011-560,2,66,18,0.0,0.5744132587554205
train,2011-560,2,66,19,0.0,0.33189550182486305
train,2011-560,2,66,20,1.0,0.9693064099969929
train,2011-560,2,66,21,1.0,0.32525941980007783
train,2011-560,2,66,22,1.0,0.5397045244181523
train,2011-560,2,66,23,0.0,0.5469064647438199
train,2011-560,2,66,24,1.0,0.7722439802406136
train,2011-560,2,66,25,0.0,0.5430668853593312
train,2011-560,2,66,26,1.0,0.5821365615671361
train,2011-560,2,66,27,1.0,0.7064428199413595
train,2011-560,2,66,28,0.0,0.1649160687225934
train,2011-560,2,66,29,0.0,0.27413440317078547
train,2011-560,2,66,30,1.0,0.9863420432867639
train,2011-560,2,66,31,0.0,0.0642217372740619
train,2011-560,3,67,0,0.0,0.5128896839623902
train,2011-560,3,67,1,1.0,0.9672841617406791
train,2011-560,3,67,2,1.0,0.8346299655294391
train,2011-560,3,67,3,1.0,0.5074315615696975
train,2011-560,3,67,4,1.0,0.7495950858147606
train,2011-560,3,67,5,0.0,0.32531644829953094
train,2011-560,3,67,6,0.0,0.05286601039684976
train,2011-560,3,67,7,1.0,0.43606668831681233
train,2011-560,3,67,8,1.0,0.48995893825118025
train,2011-560,3,67,9,0.0,0.2831027479428548
train,2011-560,3,67,10,0.0,0.2989697135897332
train,2011-560,3,67,11,0.0,0.5004019660701307
train,2011-560,3,67,12,1.0,0.9381779209179039
train,2011-560,3,67,13,0.0,0.44577119822857164
train,2011-560,3,67,14,0.0,0.6918385223254426
train,2011-560,3,67,15,0.0,0.5640089978746663
train,2011-560,4,68,0,0.0,0.3537996854398663
train,2011-560,4,68,1,1.0,0.9547659254212733
train,2011-560,4,68,2,0.0,0.5921006659650732
train,2011-560,4,68,3,0.0,0.5248814300850311
train,2011-560,4,68,4,1.0,0.9600227397466365
train,2011-560,4,68,5,0.0,0.42625968729791763
train,2011-560,4,68,6,1.0,0.9793235413188284
train,2011-560,4,68,7,0.0,0.06524667711324006
train,2011-560,5,69,0,0.0,0.24586072500945932
train,2011-560,5,69,1,0.0,0.06887852721370162
train,2011-560,5,69,2,0.0,0.1516145998565852
train,2011-560,5,69,3,0.0,0.028748503777034792
train,2011-560,6,70,0,0.0,0.5790999333341664
train,2011-560,6,70,1,0.0,0.32590975990549037
train,2011-560,7,71,0,1.0,0.8099766355801524
train,2011-580,1,0,0,1.0,0.9844961971699219
train,2011-580,1,0,1,1.0,0.5324448463777393
train,2011-580,1,0,2,0.0,0.28208210137206063
train,2011-580,1,0,3,1.0,0.7667606705611313
train,2011-580,1,0,4,1.0,0.4999999999999998
train,2011-580,1,0,5,0.0,0.4380105096209344
train,2011-580,1,0,6,1.0,0.7755227224574014
train,2011-580,1,0,7,1.0,0.4694819601910584
train,2011-580,1,0,8,0.0,0.48613037737759013
train,2011-580,1,0,9,1.0,0.4721879501818685
train,2011-580,1,0,10,0.0,0.4712865794272246
train,2011-580,1,0,11,0.0,0.512023974177301
train,2011-580,1,0,12,0.0,0.48654735924449116
train,2011-580,1,0,13,0.0,0.24826710198463936
train,2011-580,1,0,14,1.0,0.6441307153105306
train,2011-580,1,0,15,0.0,0.4783277672570619
train,2011-580,1,0,16,1.0,0.5043357145577149
train,2011-580,1,0,17,0.0,0.2701500816000753
train,2011-580,1,0,18,0.0,0.39649080078918403
train,2011-580,1,0,19,0.0,0.5003010249593574
train,2011-580,1,0,20,1.0,0.46096751928456997
train,2011-580,1,0,21,1.0,0.6328054757761357
train,2011-580,1,0,22,0.0,0.3007711858777951
train,2011-580,1,0,23,1.0,0.5101985199153939
train,2011-580,1,0,24,1.0,0.6260564936616779
train,2011-580,1,0,25,0.0,0.48857255624710677
train,2011-580,1,0,26,0.0,0.48812467627025974
train,2011-580,1,0,27,1.0,0.4092697580010091
train,2011-580,1,0,28,0.0,0.5141114104666628
train,2011-580,1,0,29,0.0,0.061007282794419686
train,2011-580,1,0,30,1.0,0.5000601074093288
train,2011-580,1,0,31,0.0,0.4967864578524564
train,2011-580,1,0,32,0.0,0.33032687334469474
train,2011-580,1,0,33,1.0,0.9623593076904124
train,2011-580,1,0,34,1.0,0.5101985543996665
train,2011-580,1,0,35,1.0,0.5064834580923236
train,2011-580,1,0,36,0.0,0.567781330146863
train,2011-580,1,0,37,0.0,0.4727783363215971
train,2011-580,1,0,38,1.0,0.6308388777356948
train,2011-580,1,0,39,1.0,0.7953359370166211
train,2011-580,1,0,40,0.0,0.495132356817355
train,2011-580,1,0,41,0.0,0.5238236196721369
train,2011-580,1,0,42,0.0,0.34298900463140264
train,2011-580,1,0,43,0.0,0.4432970235378166
train,2011-580,1,0,44,1.0,0.5083559915836573
train,2011-580,1,0,45,1.0,0.5121270560363549
train,2011-580,1,0,46,1.0,0.87962876131585
train,2011-580,1,0,47,0.0,0.03781684927124521
train,2011-580,1,0,48,0.0,0.2654405566928001
train,2011-580,1,0,49,0.0,0.49425109437060893
train,2011-580,1,0,50,1.0,0.7356223933728313
train,2011-580,1,0,51,0.0,0.614138210596784
train,2011-580,1,0,52,1.0,0.5923444144044641
train,2011-580,1,0,53,0.0,0.5030269567003685
train,2011-580,1,0,54,1.0,0.269634026782318
train,2011-580,1,0,55,0.0,0.5050365422318639
train,2011-580,1,0,56,1.0,0.6440683165342003
train,2011-580,1,0,57,0.0,0.327295725670637
train,2011-580,1,0,58,0.0,0.4672557610582643
train,2011-580,1,0,59,1.0,0.5568096572752662
train,2011-580,1,0,60,1.0,0.49850260888419773
train,2011-580,1,0,61,1.0,0.5303222197987285
train,2011-580,1,0,62,0.0,0.472142985474017
train,2011-580,1,0,63,1.0,0.5793801680144031
train,2011-580,2,1,0,1.0,0.6142490812724696
train,2011-580,2,1,1,1.0,0.5535067500748736
train,2011-580,2,1,2,1.0,0.48272819684265145
train,2011-580,2,1,3,1.0,0.4715464973915342
train,2011-580,2,1,4,0.0,0.46833173537284695
train,2011-580,2,1,5,1.0,0.36947335841061874
train,2011-580,2,1,6,0.0,0.12530020459017682
train,2011-580,2,1,7,1.0,0.45038596349917603
train,2011-580,2,1,8,1.0,0.659585088661122
train,2011-580,2,1,9,0.0,0.19990546504831905
train,2011-580,2,1,10,1.0,0.665574756746977
train,2011-580,2,1,11,1.0,0.5041186543753996
train,2011-580,2,1,12,0.0,0.04050653325465412
train,2011-580,2,1,13,0.0,0.3463400413691149
train,2011-580,2,1,14,0.0,0.30383995684009296
train,2011-580,2,1,15,0.0,0.4671852505833844
train,2011-580,2,1,16,0.0,0.5815152496181966
train,2011-580,2,1,17,1.0,0.5632184745008632
train,2011-580,2,1,18,1.0,0.7675745585461121
train,2011-580,2,1,19,1.0,0.48727110217387076
train,2011-580,2,1,20,1.0,0.4816728966235461
train,2011-580,2,1,21,0.0,0.31082674235421687
train,2011-580,2,1,22,0.0,0.8077610845803547
train,2011-580,2,1,23,1.0,0.34194155253607944
train,2011-580,2,1,24,0.0,0.3331458781198828
train,2011-580,2,1,25,1.0,0.5257526699954672
train,2011-580,2,1,26,1.0,0.44448822318446235
train,2011-580,2,1,27,1.0,0.4478261992664035
train,2011-580,2,1,28,0.0,0.03967658653750867
train,2011-580,2,1,29,0.0,0.03036737772959501
train,2011-580,2,1,30,0.0,0.06189472479389814
train,2011-580,2,1,31,1.0,0.736828965145394
train,2011-580,3,2,0,1.0,0.9549637854131693
train,2011-580,3,2,1,0.0,0.37180070286025313
train,2011-580,3,2,2,0.0,0.017667657109542042
train,2011-580,3,2,3,0.0,0.3659057772396505
train,2011-580,3,2,4,0.0,0.6772009500167641
train,2011-580,3,2,5,1.0,0.8719839506408665
train,2011-580,3,2,6,0.0,0.490009219034023
train,2011-580,3,2,7,0.0,0.3444349065186882
train,2011-580,3,2,8,1.0,0.5939588861173658
train,2011-580,3,2,9,1.0,0.9537745476379742
train,2011-580,3,2,10,0.0,0.6906301194395891
train,2011-580,3,2,11,0.0,0.7730617736420089
train,2011-580,3,2,12,1.0,0.7381668384358867
train,2011-580,3,2,13,1.0,0.6526802819171927
train,2011-580,3,2,14,1.0,0.3449263108211216
train,2011-580,3,2,15,1.0,0.9316785206080639
train,2011-580,4,3,0,1.0,0.9694881262211723
train,2011-580,4,3,1,1.0,0.2414909365576481
train,2011-580,4,3,2,1.0,0.9563885261339585
train,2011-580,4,3,3,1.0,0.5767601321235979
train,2011-580,4,3,4,0.0,0.05912963103451655
train,2011-580,4,3,5,1.0,0.29850771140655097
train,2011-580,4,3,6,0.0,0.33498151147002403
train,2011-580,4,3,7,1.0,0.8546524718319206
train,2011-580,5,4,0,1.0,0.956658682060606
train,2011-580,5,4,1,0.0,0.12188357834114398
train,2011-580,5,4,2,1.0,0.9414954420487327
train,2011-580,5,4,3,1.0,0.13174165514605077
train,2011-580,6,5,0,1.0,0.2962829497173936
train,2011-580,6,5,1,1.0,0.8759212458030208
train,2011-580,7,6,0,0.0,0.38627948807098594
train,2012-1536,2,111,0,0.0,0.5478872520917824
train,2012-1536,2,111,1,1.0,0.5412817682551415
train,2012-1536,2,111,2,1.0,0.7091284785285817
train,2012-1536,2,111,3,1.0,0.6245772931982316
train,2012-1536,2,111,4,1.0,0.626629913274794
train,2012-1536,2,111,5,1.0,0.5338156171467873
train,2012-1536,2,111,6,1.0,0.48624167363615683
train,2012-1536,2,111,7,1.0,0.5571022543674028
train,2012-1536,2,111,8,0.0,0.48914540222556363
train,2012-1536,2,111,9,0.0,0.312406231445687
train,2012-1536,2,111,10,0.0,0.49873347931111217
train,2012-1536,2,111,11,1.0,0.5888760874713669
train,2012-1536,2,111,12,0.0,0.44764568968310087
train,2012-1536,2,111,13,1.0,0.6154104603201217
train,2012-1536,2,111,14,0.0,0.4737076582729969
train,2012-1536,2,111,15,0.0,0.3739542799435627
train,2012-1536,2,111,16,0.0,0.5237225056098913
train,2012-1536,2,111,17,0.0,0.19742345049672297
train,2012-1536,2,111,18,1.0,0.4431422911725446
train,2012-1536,2,111,19,1.0,0.4751450819106078
train,2012-1536,2,111,20,0.0,0.48448693897315576
train,2012-1536,2,111,21,1.0,0.5000032744124016
train,2012-1536,2,111,22,1.0,0.5102773684433143
train,2012-1536,2,111,23,1.0,0.506056237651703
train,2012-1536,3,112,0,0.0,0.0034096545576600534
train,2012-1536,3,112,1,1.0,0.8025032131926265
train,2012-1536,3,112,2,1.0,0.6173763803932304
train,2012-1536,3,112,3,0.0,0.3286346593883779
train,2012-1536,3,112,4,0.0,0.3137908270580068
train,2012-1536,3,112,5,0.0,0.37452423310458277
train,2012-1536,3,112,6,1.0,0.48765575445170173
train,2012-1536,3,112,7,1.0,0.7362758257127822
train,2012-1536,3,112,8,1.0,0.7256384116502594
train,2012-1536,3,112,9,0.0,0.5267199348503597
train,2012-1536,3,112,10,0.0,0.3577621980816621
train,2012-1536,3,112,11,1.0,0.8408063774341384
train,2012-1536,3,112,12,0.0,0.38318592028662957
train,2012-1536,3,112,13,0.0,0.44220368106376334
train,2012-1536,3,112,14,1.0,0.9210009197512061
train,2012-1536,3,112,15,0.0,0.5123393122953755
train,2012-1536,4,113,0,0.0,0.14960124260511526
train,2012-1536,4,113,1,1.0,0.359290011211565
train,2012-1536,4,113,2,1.0,0.6289091630236486
train,2012-1536,4,113,3,0.0,0.5076911201184221
train,2012-1536,4,113,4,1.0,0.34932027084969025
train,2012-1536,4,113,5,1.0,0.47201175125078176
train,2012-1536,4,113,6,1.0,0.008159297027324696
train,2012-1536,4,113,7,0.0,0.1937697319182669
train,2012-1536,5,114,0,1.0,0.5624701871209868
train,2012-1536,5,114,1,0.0,0.9249353097205855
train,2012-1536,5,114,2,0.0,0.3597088833738212
train,2012-1536,5,114,3,0.0,0.8366972794426878
train,2012-1536,6,115,0,1.0,0.836954284007889
train,2012-1536,6,115,1,0.0,0.36748137322139757
train,2012-1536,7,116,0,1.0,0.792872147263585
train,2012-352,2,162,0,0.0,0.49470940939327096
train,2012-352,2,162,1,1.0,0.48216415638105187
train,2012-352,2,162,2,0.0,0.41181276181123877
train,2012-352,2,162,3,0.0,0.5242492378536616
train,2012-352,2,162,4,1.0,0.5314899800651419
train,2012-352,2,162,5,0.0,0.6117723574156358
train,2012-352,2,162,6,0.0,0.4876435631804349
train,2012-352,2,162,7,0.0,0.5660906365470669
train,2012-352,2,162,8,1.0,0.43122014504976314
train,2012-352,2,162,9,1.0,0.4837937584650135
train,2012-352,2,162,10,1.0,0.5326716915980432
train,2012-352,2,162,11,1.0,0.4936685868748316
train,2012-352,2,162,12,1.0,0.4429853283721547
train,2012-352,2,162,13,0.0,0.3494440655798583
train,2012-352,2,162,14,1.0,0.5859313823117116
train,2012-352,2,162,15,1.0,0.44213633033720934
train,2012-352,3,163,0,1.0,0.49129497213844187
train,2012-352,3,163,1,0.0,0.5508774151441412
train,2012-352,3,163,2,0.0,0.33127441435069105
train,2012-352,3,163,3,0.0,0.3091411993677886
train,2012-352,3,163,4,0.0,0.44318014233467024
train,2012-352,3,163,5,0.0,0.30368686264902095
train,2012-352,3,163,6,1.0,0.7384490088966115
train,2012-352,3,163,7,0.0,0.35465413176821897
train,2012-352,3,163,8,1.0,0.012665171231396112
train,2012-352,3,163,9,0.0,0.6314850858926313
train,2012-352,3,163,10,1.0,0.5874025597143758
train,2012-352,3,163,11,0.0,0.03959063598837096
train,2012-352,3,163,12,1.0,0.8013630504776119
train,2012-352,3,163,13,1.0,0.5614057198159635
train,2012-352,3,163,14,0.0,0.37665340772173866
train,2012-352,3,163,15,0.0,0.6013800178843964
train,2012-352,4,164,0,1.0,0.7397248150343965
train,2012-352,4,164,1,1.0,0.5660378744564142
train,2012-352,4,164,2,0.0,0.9615881886963378
train,2012-352,4,164,3,1.0,0.5130765305886295
train,2012-352,4,164,4,1.0,0.5784215138616734
train,2012-352,4,164,5,1.0,0.3613050676506144
train,2012-352,4,164,6,0.0,0.498220666973263
train,2012-352,4,164,7,1.0,0.757893055804944
train,2012-352,5,165,0,1.0,0.42218764264358744
train,2012-352,5,165,1,0.0,0.7436602599115528
train,2012-352,5,165,2,0.0,0.5493703600828361
train,2012-352,5,165,3,1.0,0.4229327931881932
train,2012-352,6,166,0,1.0,0.45023456784683186
train,2012-352,6,166,1,0.0,0.3423639595829928
train,2012-352,7,167,0,0.0,0.32880736681632255
train,2012-403,1,98,0,1.0,0.4578886583081679
train,2012-403,1,98,1,1.0,0.7244509042703152
train,2012-403,1,98,2,0.0,0.49997019510886226
train,2012-403,1,98,3,1.0,0.4770995660361442
train,2012-403,1,98,4,0.0,0.6079433314302438
train,2012-403,1,98,5,0.0,0.528591517676563
train,2012-403,1,98,6,0.0,0.45109090803874785
train,2012-403,1,98,7,0.0,0.5027538182853377
train,2012-403,1,98,8,1.0,0.4809778647657164
train,2012-403,1,98,9,1.0,0.4570627114183933
train,2012-403,1,98,10,0.0,0.5677557631335732
train,2012-403,1,98,11,1.0,0.5033574003781837
train,2012-403,1,98,12,1.0,0.5096689543825359
train,2012-403,1,98,13,0.0,0.5592041969019544
train,2012-403,1,98,14,0.0,0.49158580490965237
train,2012-403,1,98,15,1.0,0.6122440052718935
train,2012-403,1,98,16,0.0,0.5146566334288752
train,2012-403,1,98,17,0.0,0.5262070661619839
train,2012-403,1,98,18,1.0,0.5169282738657254
train,2012-403,1,98,19,1.0,0.6390379046741276
train,2012-403,1,98,20,0.0,0.4862562328638073
train,2012-403,1,98,21,0.0,0.4769713641662351
train,2012-403,1,98,22,1.0,0.48799219534867816
train,2012-403,1,98,23,1.0,0.5154794010460743
train,2012-403,1,98,24,1.0,0.5466655880535345
train,2012-403,1,98,25,0.0,0.5071722749468908
train,2012-403,1,98,26,1.0,0.5544156071513069
train,2012-403,1,98,27,1.0,0.3726130045487016
train,2012-403,1,98,28,0.0,0.4966238605716823
train,2012-403,1,98,29,0.0,0.40447232544143136
train,2012-403,1,98,30,1.0,0.5826184071446523
train,2012-403,1,98,31,0.0,0.5003616224152905
train,2012-403,2,99,0,0.0,0.04358484366788582
train,2012-403,2,99,1,1.0,0.5409809396690403
train,2012-403,2,99,2,0.0,0.5142883323425385
train,2012-403,2,99,3,1.0,0.47165550720028004
train,2012-403,2,99,4,1.0,0.4535306890294927
train,2012-403,2,99,5,1.0,0.4572418318300938
train,2012-403,2,99,6,0.0,0.4056174011930617
train,2012-403,2,99,7,0.0,0.14606704112531332
train,2012-403,2,99,8,0.0,0.06967137547598376
train,2012-403,2,99,9,1.0,0.48613577373710676
train,2012-403,2,99,10,0.0,0.46887201529365796
train,2012-403,2,99,11,1.0,0.644573930912918
train,2012-403,2,99,12,0.0,0.4071136825652188
train,2012-403,2,99,13,1.0,0.5740247687626768
train,2012-403,2,99,14,0.0,0.21141543562325527
train,2012-403,2,99,15,1.0,0.7547933382812296
train,2012-403,2,99,16,0.0,0.6020313126256186
train,2012-403,2,99,17,0.0,0.3612951978503655
train,2012-403,2,99,18,1.0,0.5732847528672724
train,2012-403,2,99,19,0.0,0.4433817460974591
train,2012-403,2,99,20,1.0,0.6707297686866375
train,2012-403,2,99,21,0.0,0.42409779782072854
train,2012-403,2,99,22,1.0,0.7922369686328286
train,2012-403,2,99,23,0.0,0.028784352545649303
train,2012-403,2,99,24,0.0,0.4227353578810208
train,2012-403,2,99,25,1.0,0.6334690633541852
train,2012-403,2,99,26,1.0,0.5978698214742455
train,2012-403,2,99,27,0.0,0.5983982999964702
train,2012-403,2,99,28,1.0,0.6707345891440837
train,2012-403,2,99,29,1.0,0.6539420320291294
train,2012-403,2,99,30,1.0,0.5343284369851722
train,2012-403,2,99,31,1.0,0.9831638469365285
train,2012-403,3,100,0,1.0,0.4141703229499064
train,2012-403,3,100,1,0.0,0.8878842220007935
train,2012-403,3,100,2,1.0,0.6204771003113931
train,2012-403,3,100,3,0.0,0.41526239563402995
train,2012-403,3,100,4,1.0,0.646363862184049
train,2012-403,3,100,5,0.0,0.011788176520652394
train,2012-403,3,100,6,0.0,0.5841929980734489
train,2012-403,3,100,7,1.0,0.6655978403699049
train,2012-403,3,100,8,1.0,0.5735145504055281
train,2012-403,3,100,9,1.0,0.9348045978848027
train,2012-403,3,100,10,1.0,0.5598216451866631
train,2012-403,3,100,11,0.0,0.6196549603566756
train,2012-403,3,100,12,0.0,0.20448739920273287
train,2012-403,3,100,13,1.0,0.9388867629715306
train,2012-403,3,100,14,0.0,0.39100259489432493
train,2012-403,3,100,15,0.0,0.8067723689617697
train,2012-403,4,101,0,0.0,0.2816629865605876
train,2012-403,4,101,1,0.0,0.06117439365414428
train,2012-403,4,101,2,0.0,0.1738103148655757
train,2012-403,4,101,3,1.0,0.8936571169357225
train,2012-403,4,101,4,1.0,0.6159430366264799
train,2012-403,4,101,5,1.0,0.2098418549835465
train,2012-403,4,101,6,1.0,0.48697937034185884
train,2012-403,4,101,7,0.0,0.019647508668096628
train,2012-403,5,102,0,1.0,0.7675039191631117
train,2012-403,5,102,1,1.0,0.8904574560370833
train,2012-403,5,102,2,1.0,0.35258071832653026
train,2012-403,5,102,3,1.0,0.9717927655150813
train,2012-403,6,103,0,0.0,0.5815984684785763
train,2012-403,6,103,1,1.0,0.9791702812354229
train,2012-403,7,104,0,0.0,0.17641547153404466
train,2012-404,1,91,0,0.0,0.5
train,2012-404,1,91,1,1.0,0.5
train,2012-404,1,91,2,1.0,0.5
train,2012-404,1,91,3,0.0,0.5
train,2012-404,1,91,4,1.0,0.5
train,2012-404,1,91,5,1.0,0.5
train,2012-404,1,91,6,1.0,0.5
train,2012-404,1,91,7,0.0,0.5
train,2012-404,1,91,8,1.0,0.5
train,2012-404,1,91,9,0.0,0.5
train,2012-404,1,91,10,1.0,0.5
train,2012-404,1,91,11,0.0,0.5
train,2012-404,1,91,12,1.0,0.5
train,2012-404,1,91,13,0.0,0.5
train,2012-404,1,91,14,0.0,0.5
train,2012-404,1,91,15,0.0,0.5
train,2012-404,1,91,16,0.0,0.5
train,2012-404,1,91,17,0.0,0.5
train,2012-404,1,91,18,0.0,0.5
train,2012-404,1,91,19,0.0,0.5
train,2012-404,1,91,20,1.0,0.5
train,2012-404,1,91,21,0.0,0.5
train,2012-404,1,91,22,1.0,0.5
train,2012-404,1,91,23,1.0,0.5
train,2012-404,1,91,24,1.0,0.5
train,2012-404,1,91,25,0.0,0.5
train,2012-404,1,91,26,1.0,0.5
train,2012-404,1,91,27,0.0,0.5
train,2012-404,1,91,28,0.0,0.5
train,2012-404,1,91,29,1.0,0.5
train,2012-404,1,91,30,0.0,0.5
train,2012-404,1,91,31,0.0,0.5
train,2012-404,2,92,0,0.0,0.5
train,2012-404,2,92,1,0.0,0.5
train,2012-404,2,92,2,1.0,0.5
train,2012-404,2,92,3,1.0,0.5
train,2012-404,2,92,4,0.0,0.5
train,2012-404,2,92,5,1.0,0.5
train,2012-404,2,92,6,0.0,0.5
train,2012-404,2,92,7,1.0,0.5
train,2012-404,2,92,8,0.0,0.5
train,2012-404,2,92,9,1.0,0.5
train,2012-404,2,92,10,1.0,0.5
train,2012-404,2,92,11,1.0,0.5
train,2012-404,2,92,12,1.0,0.5
train,2012-404,2,92,13,1.0,0.5
train,2012-404,2,92,14,0.0,0.5
train,2012-404,2,92,15,1.0,0.5
train,2012-404,2,92,16,1.0,0.5
train,2012-404,2,92,17,0.0,0.5
train,2012-404,2,92,18,1.0,0.5
train,2012-404,2,92,19,1.0,0.5
train,2012-404,2,92,20,0.0,0.5
train,2012-404,2,92,21,1.0,0.5
train,2012-404,2,92,22,0.0,0.5
train,2012-404,2,92,23,0.0,0.5
train,2012-404,2,92,24,0.0,0.5
train,2012-404,2,92,25,0.0,0.5
train,2012-404,2,92,26,1.0,0.5
train,2012-404,2,92,27,0.0,0.5
train,2012-404,2,92,28,1.0,0.5
train,2012-404,2,92,29,0.0,0.5
train,2012-404,2,92,30,0.0,0.5
train,2012-404,2,92,31,0.0,0.5
train,2012-404,3,93,0,1.0,0.5
train,2012-404,3,93,1,1.0,0.5
train,2012-404,3,93,2,1.0,0.5
train,2012-404,3,93,3,1.0,0.5
train,2012-404,3,93,4,0.0,0.5
train,2012-404,3,93,5,0.0,0.5
train,2012-404,3,93,6,1.0,0.5
train,2012-404,3,93,7,0.0,0.5
train,2012-404,3,93,8,1.0,0.5
train,2012-404,3,93,9,0.0,0.5
train,2012-404,3,93,10,1.0,0.5
train,2012-404,3,93,11,0.0,0.5
train,2012-404,3,93,12,0.0,0.5
train,2012-404,3,93,13,0.0,0.5
train,2012-404,3,93,14,1.0,0.5
train,2012-404,3,93,15,0.0,0.5
train,2012-404,4,94,0,0.0,0.5
train,2012-404,4,94,1,0.0,0.5
train,2012-404,4,94,2,1.0,0.5
train,2012-404,4,94,3,0.0,0.5
train,2012-404,4,94,4,0.0,0.5
train,2012-404,4,94,5,1.0,0.5
train,2012-404,4,94,6,0.0,0.5
train,2012-404,4,94,7,1.0,0.5
train,2012-404,5,95,0,0.0,0.5
train,2012-404,5,95,1,1.0,0.5
train,2012-404,5,95,2,0.0,0.5
train,2012-404,5,95,3,0.0,0.5
train,2012-404,6,96,0,0.0,0.5
train,2012-404,6,96,1,1.0,0.5
train,2012-404,7,97,0,1.0,0.5
train,2012-410,2,105,0,1.0,0.5036559138742411
train,2012-410,2,105,1,1.0,0.46705180992970974
train,2012-410,2,105,2,0.0,0.5360911606719125
train,2012-410,2,105,3,0.0,0.4810499101738301
train,2012-410,2,105,4,0.0,0.40058244177060826
train,2012-410,2,105,5,1.0,0.5692620402921369
train,2012-410,2,105,6,1.0,0.5115939759208427
train,2012-410,2,105,7,1.0,0.7331937942809551
train,2012-410,2,105,8,0.0,0.5020787874724509
train,2012-410,2,105,9,1.0,0.550429539970785
train,2012-410,2,105,10,0.0,0.4627835933212592
train,2012-410,2,105,11,0.0,0.61879412183029
train,2012-410,2,105,12,0.0,0.5682880984561182
train,2012-410,2,105,13,0.0,0.449987081464419
train,2012-410,2,105,14,1.0,0.40095186499035135
train,2012-410,2,105,15,0.0,0.5997233206454295
train,2012-410,2,105,16,0.0,0.3739698018344637
train,2012-410,2,105,17,1.0,0.5787608914957153
train,2012-410,2,105,18,0.0,0.4376486806897093
train,2012-410,2,105,19,0.0,0.3384629709846872
train,2012-410,2,105,20,0.0,0.6268154700904288
train,2012-410,2,105,21,1.0,0.8293226867425566
train,2012-410,2,105,22,1.0,0.6491836175762308
train,2012-410,2,105,23,1.0,0.5220777050353617
train,2012-410,3,106,0,1.0,0.9965745339459434
train,2012-410,3,106,1,0.0,0.5379989565253496
train,2012-410,3,106,2,0.0,0.5485646810555426
train,2012-410,3,106,3,1.0,0.6916114129140144
train,2012-410,3,106,4,1.0,0.7277391067660155
train,2012-410,3,106,5,1.0,0.26375827719860356
train,2012-410,3,106,6,0.0,0.5576072750961129
train,2012-410,3,106,7,1.0,0.5391409202961763
train,2012-410,3,106,8,1.0,0.46178087244873933
train,2012-410,3,106,9,0.0,0.40002926076812695
train,2012-410,3,106,10,0.0,0.39853256254084046
train,2012-410,3,106,11,0.0,0.7468039658475711
train,2012-410,3,106,12,1.0,0.7931324740755052
train,2012-410,3,106,13,0.0,0.4828400978149904
train,2012-410,3,106,14,1.0,0.490843893809471
train,2012-410,3,106,15,0.0,0.059361699571477175
train,2012-410,4,107,0,0.0,0.05214757088864254
train,2012-410,4,107,1,0.0,0.6177530021762382
train,2012-410,4,107,2,0.0,0.3531380198816197
train,2012-410,4,107,3,1.0,0.625728341122635
train,2012-410,4,107,4,0.0,0.7397593433077404
train,2012-410,4,107,5,0.0,0.5972425169383548
train,2012-410,4,107,6,0.0,0.0033679632710144933
train,2012-410,4,107,7,0.0,0.41030539250880166
train,2012-410,5,108,0,0.0,0.06984704207389954
train,2012-410,5,108,1,1.0,0.4646336669943016
train,2012-410,5,108,2,1.0,0.4426961402207844
train,2012-410,5,108,3,1.0,0.9903528768830063
train,2012-410,6,109,0,1.0,0.9003270829539827
train,2012-410,6,109,1,1.0,0.9930566421315208
train,2012-410,7,110,0,1.0,0.9412378369455591
train,2012-416,2,117,0,0.0,0.5205761472060919
train,2012-416,2,117,1,0.0,0.42270263783820544
train,2012-416,2,117,2,1.0,0.6209752970320684
train,2012-416,2,117,3,1.0,0.599075597554367
train,2012-416,2,117,4,1.0,0.45514672509609716
train,2012-416,2,117,5,0.0,0.5109602591411913
train,2012-416,2,117,6,0.0,0.4102453709639515
train,2012-416,2,117,7,1.0,0.670095775010327
train,2012-416,2,117,8,0.0,0.647900576368861
train,2012-416,2,117,9,0.0,0.4779146767846472
train,2012-416,2,117,10,1.0,0.6733400834732957
train,2012-416,2,117,11,0.0,0.49423976208772086
train,2012-416,2,117,12,1.0,0.5498684588441857
train,2012-416,2,117,13,1.0,0.8841918446992978
train,2012-416,2,117,14,0.0,0.5387277697729329
train,2012-416,2,117,15,0.0,0.4785308457067172
train,2012-416,2,117,16,1.0,0.4240891851246089
train,2012-416,2,117,17,0.0,0.3605758482162114
train,2012-416,2,117,18,0.0,0.5295831691228984
train,2012-416,2,117,19,0.0,0.4583845594737663
train,2012-416,2,117,20,1.0,0.3831545426854668
train,2012-416,2,117,21,0.0,0.5288061722342193
train,2012-416,2,117,22,1.0,0.6830790808547729
train,2012-416,2,117,23,1.0,0.4741291676108006
train,2012-416,3,118,0,1.0,0.9962974709534879
train,2012-416,3,118,1,0.0,0.5216635436100047
train,2012-416,3,118,2,1.0,0.7176357389992968
train,2012-416,3,118,3,1.0,0.7345447936533507
train,2012-416,3,118,4,1.0,0.6025426161858858
train,2012-416,3,118,5,1.0,0.32445147149414183
train,2012-416,3,118,6,1.0,0.6198076909865853
train,2012-416,3,118,7,0.0,0.4242388276444324
train,2012-416,3,118,8,0.0,0.4868116508033621
train,2012-416,3,118,9,1.0,0.4192172405914408
train,2012-416,3,118,10,0.0,0.306988147329333
train,2012-416,3,118,11,0.0,0.07155956255413848
train,2012-416,3,118,12,0.0,0.3705667645104143
train,2012-416,3,118,13,1.0,0.5022365368913326
train,2012-416,3,118,14,0.0,0.47380533300153244
train,2012-416,3,118,15,0.0,0.06955174815474977
train,2012-416,4,119,0,0.0,0.1040321761408769
train,2012-416,4,119,1,1.0,0.8939334358602498
train,2012-416,4,119,2,0.0,0.7107472057795617
train,2012-416,4,119,3,1.0,0.7332022103336695
train,2012-416,4,119,4,0.0,0.4252220944536586
train,2012-416,4,119,5,0.0,0.4814129975760432
train,2012-416,4,119,6,0.0,0.003191240033647581
train,2012-416,4,119,7,0.0,0.46289823329013446
train,2012-416,5,120,0,0.0,0.12650199324609832
train,2012-416,5,120,1,0.0,0.30828701333696046
train,2012-416,5,120,2,1.0,0.9899869945460129
train,2012-416,5,120,3,0.0,0.08986613173140974
train,2012-416,6,121,0,0.0,0.462434537760351
train,2012-416,6,121,1,1.0,0.9820584477845052
train,2012-416,7,122,0,0.0,0.05086696289566917
train,2012-421,2,137,0,0.0,0.4931984556857139
train,2012-421,2,137,1,1.0,0.5261964009566851
train,2012-421,2,137,2,1.0,0.5073689050947648
train,2012-421,2,137,3,0.0,0.6754241445278901
train,2012-421,2,137,4,0.0,0.48046984905660317
train,2012-421,2,137,5,1.0,0.5214848743507965
train,2012-421,2,137,6,1.0,0.632804757524861
train,2012-421,2,137,7,1.0,0.4836204668233792
train,2012-421,2,137,8,1.0,0.4656529352883521
train,2012-421,2,137,9,0.0,0.5090781169379128
train,2012-421,2,137,10,1.0,0.4991815395678398
train,2012-421,2,137,11,1.0,0.506450477995996
train,2012-421,2,137,12,0.0,0.4911475822910186
train,2012-421,2,137,13,0.0,0.5288270109245116
train,2012-421,2,137,14,1.0,0.5212974489128281
train,2012-421,2,137,15,0.0,0.4120911647327381
train,2012-421,3,138,0,1.0,0.9490582332476756
train,2012-421,3,138,1,0.0,0.5399433192772067
train,2012-421,3,138,2,0.0,0.3648644932133935
train,2012-421,3,138,3,1.0,0.7288688926683469
train,2012-421,3,138,4,1.0,0.6216493878772035
train,2012-421,3,138,5,1.0,0.5864551744197317
train,2012-421,3,138,6,1.0,0.7600673893435922
train,2012-421,3,138,7,1.0,0.6567003305677739
train,2012-421,3,138,8,0.0,0.49579364831164174
train,2012-421,3,138,9,0.0,0.4650905818251671
train,2012-421,3,138,10,0.0,0.010118284393649177
train,2012-421,3,138,11,0.0,0.5127907342635004
train,2012-421,3,138,12,0.0,0.5647035531306426
train,2012-421,3,138,13,0.0,0.6197872435382359
train,2012-421,3,138,14,1.0,0.17212222721498227
train,2012-421,3,138,15,0.0,0.5300616815636022
train,2012-421,4,139,0,0.0,0.5421998015776132
train,2012-421,4,139,1,1.0,0.9883942376594519
train,2012-421,4,139,2,1.0,0.4409592794614996
train,2012-421,4,139,3,0.0,0.4923885747249192
train,2012-421,4,139,4,0.0,0.6832434944626214
train,2012-421,4,139,5,0.0,0.4697784278043648
train,2012-421,4,139,6,0.0,0.9487754171761027
train,2012-421,4,139,7,1.0,0.6103921132042057
train,2012-421,5,140,0,0.0,0.45562842659023206
train,2012-421,5,140,1,0.0,0.014704784791614564
train,2012-421,5,140,2,1.0,0.6316987303551862
train,2012-421,5,140,3,0.0,0.6139838807912661
train,2012-421,6,141,0,0.0,0.018667373014747322
train,2012-421,6,141,1,1.0,0.5579705963355124
train,2012-421,7,142,0,1.0,0.9770304361371575
train,2012-422,2,143,0,1.0,0.5425263523320643
train,2012-422,2,143,1,1.0,0.5305975832382923
train,2012-422,2,143,2,1.0,0.7058016282822304
train,2012-422,2,143,3,1.0,0.49732828873687274
train,2012-422,2,143,4,1.0,0.6261001332376179
train,2012-422,2,143,5,1.0,0.6009120372342457
train,2012-422,2,143,6,1.0,0.46901183777472577
train,2012-422,2,143,7,0.0,0.47659289035432806
train,2012-422,2,143,8,1.0,0.5808421903839724
train,2012-422,2,143,9,1.0,0.3691925760172759
train,2012-422,2,143,10,1.0,0.5080498676588925
train,2012-422,2,143,11,0.0,0.6081406732942742
train,2012-422,2,143,12,0.0,0.6058723616713036
train,2012-422,2,143,13,0.0,0.5128013292401997
train,2012-422,2,143,14,0.0,0.5203836057195265
train,2012-422,2,143,15,1.0,0.5202272107492857
train,2012-422,2,143,16,1.0,0.5308706225068877
train,2012-422,2,143,17,0.0,0.39246422807836523
train,2012-422,2,143,18,0.0,0.5162409224292022
train,2012-422,2,143,19,0.0,0.49051676439414454
train,2012-422,2,143,20,0.0,0.47872931876932273
train,2012-422,2,143,21,0.0,0.5834881689567564
train,2012-422,2,143,22,1.0,0.22444051201418258
train,2012-422,2,143,23,1.0,0.6196877503434228
train,2012-422,3,144,0,0.0,0.009496838269825381
train,2012-422,3,144,1,1.0,0.6265747341613073
train,2012-422,3,144,2,1.0,0.6460385791743218
train,2012-422,3,144,3,1.0,0.3380284764090825
train,2012-422,3,144,4,1.0,0.9349150968431333
train,2012-422,3,144,5,1.0,0.5062933366550465
train,2012-422,3,144,6,1.0,0.45389871324840836
train,2012-422,3,144,7,1.0,0.5761103114445927
train,2012-422,3,144,8,0.0,0.22145435890574866
train,2012-422,3,144,9,1.0,0.6140469056758987
train,2012-422,3,144,10,1.0,0.4802764111832885
train,2012-422,3,144,11,1.0,0.4043684406044365
train,2012-422,3,144,12,0.0,0.5346581653281206
train,2012-422,3,144,13,1.0,0.777159409097695
train,2012-422,3,144,14,1.0,0.5223909056398097
train,2012-422,3,144,15,1.0,0.9503877811948758
train,2012-422,4,145,0,1.0,0.9570321733028854
train,2012-422,4,145,1,0.0,0.353339558130869
train,2012-422,4,145,2,0.0,0.6666018823908689
train,2012-422,4,145,3,1.0,0.6488944877549863
train,2012-422,4,145,4,0.0,0.9157830467435863
train,2012-422,4,145,5,1.0,0.6204578255453802
train,2012-422,4,145,6,1.0,0.981734013022771
train,2012-422,4,145,7,1.0,0.5822852108695128
train,2012-422,5,146,0,0.0,0.12914171726560242
train,2012-422,5,146,1,0.0,0.5148301524498409
train,2012-422,5,146,2,1.0,0.5135709092511239
train,2012-422,5,146,3,0.0,0.015188946553893874
train,2012-422,6,147,0,0.0,0.022747143808571613
train,2012-422,6,147,1,1.0,0.9274317786041172
train,2012-422,7,148,0,1.0,0.18735386791640915
train,2012-5014,2,156,0,0.0,0.5
train,2012-5014,2,156,1,1.0,0.5
train,2012-5014,2,156,2,0.0,0.5
train,2012-5014,2,156,3,0.0,0.5
train,2012-5014,2,156,4,1.0,0.5
train,2012-5014,2,156,5,1.0,0.5
train,2012-5014,2,156,6,1.0,0.5
train,2012-5014,2,156,7,1.0,0.5
train,2012-5014,2,156,8,1.0,0.5
train,2012-5014,2,156,9,1.0,0.5
train,2012-5014,2,156,10,0.0,0.5
train,2012-5014,2,156,11,1.0,0.5
train,2012-5014,2,156,12,1.0,0.5
train,2012-5014,2,156,13,1.0,0.5
train,2012-5014,2,156,14,1.0,0.5
train,2012-5014,2,156,15,1.0,0.5
train,2012-5014,2,156,16,0.0,0.5
train,2012-5014,2,156,17,1.0,0.5
train,2012-5014,2,156,18,1.0,0.5
train,2012-5014,2,156,19,0.0,0.5
train,2012-5014,2,156,20,1.0,0.5
train,2012-5014,2,156,21,0.0,0.5
train,2012-5014,2,156,22,0.0,0.5
train,2012-5014,2,156,23,1.0,0.5
train,2012-5014,3,157,0,1.0,0.5
train,2012-5014,3,157,1,1.0,0.5
train,2012-5014,3,157,2,1.0,0.5
train,2012-5014,3,157,3,0.0,0.5
train,2012-5014,3,157,4,1.0,0.5
train,2012-5014,3,157,5,1.0,0.5
train,2012-5014,3,157,6,1.0,0.5
train,2012-5014,3,157,7,1.0,0.5
train,2012-5014,3,157,8,0.0,0.5
train,2012-5014,3,157,9,0.0,0.5
train,2012-5014,3,157,10,0.0,0.5
train,2012-5014,3,157,11,1.0,0.5
train,2012-5014,3,157,12,0.0,0.5
train,2012-5014,3,157,13,1.0,0.5
train,2012-5014,3,157,14,0.0,0.5
train,2012-5014,3,157,15,0.0,0.5
train,2012-5014,4,158,0,1.0,0.5
train,2012-5014,4,158,1,1.0,0.5
train,2012-5014,4,158,2,0.0,0.5
train,2012-5014,4,158,3,0.0,0.5
train,2012-5014,4,158,4,1.0,0.5
train,2012-5014,4,158,5,0.0,0.5
train,2012-5014,4,158,6,1.0,0.5
train,2012-5014,4,158,7,0.0,0.5
train,2012-5014,5,159,0,1.0,0.5
train,2012-5014,5,159,1,1.0,0.5
train,2012-5014,5,159,2,1.0,0.5
train,2012-5014,5,159,3,1.0,0.5
train,2012-5014,6,160,0,0.0,0.5
train,2012-5014,6,160,1,0.0,0.5
train,2012-5014,7,161,0,0.0,0.5
train,2012-520,1,123,0,0.0,0.29075751160194047
train,2012-520,1,123,1,0.0,0.4880251718419152
train,2012-520,1,123,2,1.0,0.5834663986418541
train,2012-520,1,123,3,0.0,0.39363804639809075
train,2012-520,1,123,4,1.0,0.5010946573816953
train,2012-520,1,123,5,1.0,0.5650704991616667
train,2012-520,1,123,6,0.0,0.5688718590505619
train,2012-520,1,123,7,0.0,0.47518368796874516
train,2012-520,1,123,8,0.0,0.49549973738375197
train,2012-520,1,123,9,0.0,0.6003718077933178
train,2012-520,1,123,10,1.0,0.4860249938923464
train,2012-520,1,123,11,1.0,0.5
train,2012-520,1,123,12,1.0,0.45409028170609206
train,2012-520,1,123,13,0.0,0.08009360754213848
train,2012-520,1,123,14,1.0,0.6721899016178962
train,2012-520,1,123,15,0.0,0.49721933841712523
train,2012-520,1,123,16,0.0,0.48217081106864956
train,2012-520,1,123,17,1.0,0.4184135819267125
train,2012-520,1,123,18,0.0,0.28865894278608145
train,2012-520,1,123,19,1.0,0.9975318096952033
train,2012-520,1,123,20,0.0,0.5094187304602935
train,2012-520,1,123,21,0.0,0.3447277684132233
train,2012-520,1,123,22,1.0,0.8825108529571725
train,2012-520,1,123,23,1.0,0.4995168516740084
train,2012-520,1,123,24,1.0,0.4561183331081716
train,2012-520,1,123,25,1.0,0.4609709794744474
train,2012-520,1,123,26,0.0,0.6813778737217587
train,2012-520,1,123,27,0.0,0.4996070522037134
train,2012-520,1,123,28,0.0,0.5068704276552987
train,2012-520,1,123,29,1.0,0.9440427863007353
train,2012-520,1,123,30,1.0,0.5415060151869743
train,2012-520,1,123,31,0.0,0.4999730005401626
train,2012-520,1,123,32,0.0,0.5110113781709007
train,2012-520,1,123,33,0.0,0.2564502703219005
train,2012-520,1,123,34,0.0,0.5338273675786729
train,2012-520,1,123,35,1.0,0.49970954131910034
train,2012-520,1,123,36,1.0,0.4995666461165867
train,2012-520,1,123,37,1.0,0.5600586468917195
train,2012-520,1,123,38,1.0,0.4985838467899284
train,2012-520,1,123,39,0.0,0.49307912671579524
train,2012-520,1,123,40,0.0,0.31484710168965774
train,2012-520,1,123,41,1.0,0.49296062042441874
train,2012-520,1,123,42,0.0,0.5021138906853648
train,2012-520,1,123,43,0.0,0.37177164782819744
train,2012-520,1,123,44,1.0,0.5399153009174906
train,2012-520,1,123,45,0.0,0.49752158187056017
train,2012-520,1,123,46,0.0,0.5150007903460875
train,2012-520,1,123,47,0.0,0.37000568986462007
train,2012-520,1,123,48,1.0,0.6169398973473608
train,2012-520,1,123,49,1.0,0.4866122891176045
train,2012-520,1,123,50,0.0,0.15056279177506354
train,2012-520,1,123,51,1.0,0.6284659512798556
train,2012-520,1,123,52,0.0,0.5057339278085119
train,2012-520,1,123,53,1.0,0.5063345470688694
train,2012-520,1,123,54,0.0,0.46896985045788664
train,2012-520,1,123,55,1.0,0.45485821212847444
train,2012-520,1,123,56,1.0,0.5660302195676504
train,2012-520,1,123,57,1.0,0.5245201493698595
train,2012-520,1,123,58,0.0,0.5394891495347004
train,2012-520,1,123,59,1.0,0.48360773376397115
train,2012-520,1,123,60,0.0,0.4972976457249197
train,2012-520,1,123,61,1.0,0.5248668290366841
train,2012-520,1,123,62,0.0,0.48449517325772373
train,2012-520,1,123,63,0.0,0.46792155850377315
train,2012-520,2,124,0,0.0,0.49150823869093124
train,2012-520,2,124,1,0.0,0.47638443847379064
train,2012-520,2,124,2,0.0,0.29275818884358845
train,2012-520,2,124,3,1.0,0.5168558680899473
train,2012-520,2,124,4,1.0,0.5562075512178255
train,2012-520,2,124,5,1.0,0.6335027655325968
train,2012-520,2,124,6,1.0,0.381668622674085
train,2012-520,2,124,7,0.0,0.30932433901017836
train,2012-520,2,124,8,1.0,0.526428808533178
train,2012-520,2,124,9,0.0,0.3997272415068045
train,2012-520,2,124,10,0.0,0.41369024516858904
train,2012-520,2,124,11,1.0,0.5421705435991984
train,2012-520,2,124,12,1.0,0.5097125856475594
train,2012-520,2,124,13,1.0,0.7189845531485896
train,2012-520,2,124,14,0.0,0.4953751697709727
train,2012-520,2,124,15,1.0,0.4828486689992636
train,2012-520,2,124,16,0.0,0.3645273184899181
train,2012-520,2,124,17,0.0,0.4154397181828794
train,2012-520,2,124,18,0.0,0.48935777023114274
train,2012-520,2,124,19,1.0,0.5031614843588982
train,2012-520,2,124,20,0.0,0.0812799554150638
train,2012-520,2,124,21,1.0,0.6598845559428983
train,2012-520,2,124,22,0.0,0.5184590523420641
train,2012-520,2,124,23,0.0,0.2999478493376231
train,2012-520,2,124,24,1.0,0.6581456693237993
train,2012-520,2,124,25,1.0,0.8857950737924675
train,2012-520,2,124,26,0.0,0.44767583669903316
train,2012-520,2,124,27,1.0,0.8482796575340908
train,2012-520,2,124,28,1.0,0.4334177487313494
train,2012-520,2,124,29,0.0,0.5421129897938276
train,2012-520,2,124,30,0.0,0.002283953614296604
train,2012-520,2,124,31,1.0,0.9503645993332506
train,2012-520,3,125,0,0.0,0.5119888728568518
train,2012-520,3,125,1,0.0,0.049459330972923515
train,2012-520,3,125,2,0.0,0.002425562572750445
train,2012-520,3,125,3,0.0,0.46130370032382156
train,2012-520,3,125,4,0.0,0.3088363646408402
train,2012-520,3,125,5,1.0,0.6070824095092474
train,2012-520,3,125,6,0.0,0.3966880100496035
train,2012-520,3,125,7,1.0,0.6666015178746405
train,2012-520,3,125,8,1.0,0.49821019135264666
train,2012-520,3,125,9,0.0,0.21714711943667436
train,2012-520,3,125,10,0.0,0.2508314979008905
train,2012-520,3,125,11,0.0,0.4595208705478667
train,2012-520,3,125,12,0.0,0.08006938611866136
train,2012-520,3,125,13,1.0,0.6271972393842343
train,2012-520,3,125,14,0.0,0.42970413834693083
train,2012-520,3,125,15,1.0,0.16429120857728838
train,2012-520,4,126,0,1.0,0.9958393537872929
train,2012-520,4,126,1,1.0,0.5605766147223733
train,2012-520,4,126,2,0.0,0.5690990755667754
train,2012-520,4,126,3,1.0,0.8328992914673979
train,2012-520,4,126,4,1.0,0.3901104672224957
train,2012-520,4,126,5,0.0,0.08323855520327343
train,2012-520,4,126,6,1.0,0.43348848263284356
train,2012-520,4,126,7,1.0,0.9109821877266622
train,2012-520,5,127,0,0.0,0.006539986105517385
train,2012-520,5,127,1,0.0,0.26456441305854467
train,2012-520,5,127,2,0.0,0.1608530762716409
train,2012-520,5,127,3,0.0,0.10438545523179553
train,2012-520,6,128,0,0.0,0.013710547997500426
train,2012-520,6,128,1,1.0,0.6483736895701955
train,2012-520,7,129,0,0.0,0.05626422707817981
train,2012-540,1,130,0,1.0,0.9187539359433883
train,2012-540,1,130,1,1.0,0.5
train,2012-540,1,130,2,0.0,0.6738775254027899
train,2012-540,1,130,3,0.0,0.46305702933739745
train,2012-540,1,130,4,0.0,0.2190824763931502
train,2012-540,1,130,5,1.0,0.4419296429572279
train,2012-540,1,130,6,1.0,0.4869035172553861
train,2012-540,1,130,7,1.0,0.6464511235637588
train,2012-540,1,130,8,0.0,0.49942693101468066
train,2012-540,1,130,9,1.0,0.6845495659350961
train,2012-540,1,130,10,1.0,0.47689533758143876
train,2012-540,1,130,11,1.0,0.5009605276009492
train,2012-540,1,130,12,1.0,0.4026248366336159
train,2012-540,1,130,13,0.0,0.05459623984356609
train,2012-540,1,130,14,1.0,0.2782070519201904
train,2012-540,1,130,15,0.0,0.3447650043495572
train,2012-540,1,130,16,1.0,0.4586910521353337
train,2012-540,1,130,17,0.0,0.576980170116118
train,2012-540,1,130,18,1.0,0.5791358591759602
train,2012-540,1,130,19,0.0,0.5215657525764336
train,2012-540,1,130,20,0.0,0.5923574536665968
train,2012-540,1,130,21,1.0,0.4555030610241742
train,2012-540,1,130,22,1.0,0.49270151559586384
train,2012-540,1,130,23,0.0,0.45029574257467925
train,2012-540,1,130,24,0.0,0.5123677484069309
train,2012-540,1,130,25,0.0,0.47702153112337353
train,2012-540,1,130,26,0.0,0.3367765109980974
train,2012-540,1,130,27,1.0,0.38416021935474076
train,2012-540,1,130,28,1.0,0.7972776154275513
train,2012-540,1,130,29,0.0,0.583899122107328
train,2012-540,1,130,30,0.0,0.24408198408964574
train,2012-540,1,130,31,1.0,0.4999999999999998
train,2012-540,1,130,32,1.0,0.4314464428712501
train,2012-540,1,130,33,0.0,0.5355001823383431
train,2012-540,1,130,34,1.0,0.5500621731908144
train,2012-540,1,130,35,1.0,0.2742517102221929
train,2012-540,1,130,36,0.0,0.4674987497409557
train,2012-540,1,130,37,0.0,0.4974329416339477
train,2012-540,1,130,38,0.0,0.7326650836621564
train,2012-540,1,130,39,0.0,0.26777044023522995
train,2012-540,1,130,40,1.0,0.5854011337158377
train,2012-540,1,130,41,1.0,0.47959366307127793
train,2012-540,1,130,42,1.0,0.40494869908834685
train,2012-540,1,130,43,0.0,0.40226989321368206
train,2012-540,1,130,44,0.0,0.4732723929499672
train,2012-540,1,130,45,1.0,0.4081511432843662
train,2012-540,1,130,46,0.0,0.3864767629905152
train,2012-540,1,130,47,0.0,0.09132272338196558
train,2012-540,1,130,48,1.0,0.5393750835322132
train,2012-540,1,130,49,0.0,0.30256580880270656
train,2012-540,1,130,50,0.0,0.5
train,2012-540,1,130,51,0.0,0.4068383172025418
train,2012-540,1,130,52,1.0,0.5
train,2012-540,1,130,53,0.0,0.06609127065750514
train,2012-540,1,130,54,1.0,0.5133278600731572
train,2012-540,1,130,55,1.0,0.5479035188508535
train,2012-540,1,130,56,0.0,0.32714446210759374
train,2012-540,1,130,57,0.0,0.47716527927170993
train,2012-540,1,130,58,0.0,0.1988041750497293
train,2012-540,1,130,59,0.0,0.4467170541024248
train,2012-540,1,130,60,1.0,0.7513336877986165
train,2012-540,1,130,61,0.0,0.4524048481499948
train,2012-540,1,130,62,0.0,0.41638636678851754
train,2012-540,1,130,63,0.0,0.5551730888680722
train,2012-540,2,131,0,0.0,0.49643436530586127
train,2012-540,2,131,1,0.0,0.4207360969651616
train,2012-540,2,131,2,1.0,0.7049532046711532
train,2012-540,2,131,3,0.0,0.3124681891131535
train,2012-540,2,131,4,1.0,0.49191156257609686
train,2012-540,2,131,5,0.0,0.5934518443148463
train,2012-540,2,131,6,1.0,0.7433547403478189
train,2012-540,2,131,7,0.0,0.5124100739039982
train,2012-540,2,131,8,1.0,0.9226402032598415
train,2012-540,2,131,9,1.0,0.3691417158091687
train,2012-540,2,131,10,0.0,0.18585084679670688
train,2012-540,2,131,11,1.0,0.6768763175718112
train,2012-540,2,131,12,1.0,0.6750165254824753
train,2012-540,2,131,13,0.0,0.34741220356420316
train,2012-540,2,131,14,1.0,0.7080354317169428
train,2012-540,2,131,15,0.0,0.7615147182990988
train,2012-540,2,131,16,1.0,0.627755348746637
train,2012-540,2,131,17,0.0,0.48996951225381175
train,2012-540,2,131,18,0.0,0.38340272739586545
train,2012-540,2,131,19,1.0,0.9112168187147452
train,2012-540,2,131,20,1.0,0.42077201981813817
train,2012-540,2,131,21,0.0,0.6108075745190243
train,2012-540,2,131,22,1.0,0.6196715896476022
train,2012-540,2,131,23,0.0,0.4585881665601464
train,2012-540,2,131,24,1.0,0.46103709215963884
train,2012-540,2,131,25,1.0,0.5783749723745123
train,2012-540,2,131,26,0.0,0.3826309587155847
train,2012-540,2,131,27,1.0,0.6670134621949432
train,2012-540,2,131,28,1.0,0.8889457515822589
train,2012-540,2,131,29,1.0,0.679301247199696
train,2012-540,2,131,30,1.0,0.12139679885886329
train,2012-540,2,131,31,0.0,0.34628240422231565
train,2012-540,3,132,0,1.0,0.5836177109247066
train,2012-540,3,132,1,1.0,0.7024714157626968
train,2012-540,3,132,2,1.0,0.716293325413911
train,2012-540,3,132,3,0.0,0.5234693834740063
train,2012-540,3,132,4,1.0,0.6984098118475436
train,2012-540,3,132,5,0.0,0.18663547158681518
train,2012-540,3,132,6,0.0,0.19161260955766135
train,2012-540,3,132,7,0.0,0.40042068707050416
train,2012-540,3,132,8,0.0,0.4836287376126142
train,2012-540,3,132,9,1.0,0.16018071851048035
train,2012-540,3,132,10,1.0,0.4358906709397436
train,2012-540,3,132,11,0.0,0.403343849644599
train,2012-540,3,132,12,0.0,0.09326925251144554
train,2012-540,3,132,13,1.0,0.6608715783484185
train,2012-540,3,132,14,0.0,0.44478387129746183
train,2012-540,3,132,15,1.0,0.5605738292982899
train,2012-540,4,133,0,0.0,0.12985118467802437
train,2012-540,4,133,1,1.0,0.6837315906790445
train,2012-540,4,133,2,0.0,0.30256041755062546
train,2012-540,4,133,3,0.0,0.3151461779290019
train,2012-540,4,133,4,0.0,0.5672265697433799
train,2012-540,4,133,5,1.0,0.8354278686786377
train,2012-540,4,133,6,0.0,0.42501782570360147
train,2012-540,4,133,7,0.0,0.1605065652974194
train,2012-540,5,134,0,0.0,0.5371593734127956
train,2012-540,5,134,1,0.0,0.16246669805683087
train,2012-540,5,134,2,0.0,0.11775344376091039
train,2012-540,5,134,3,1.0,0.7414680975880817
train,2012-540,6,135,0,0.0,0.3168519584454017
train,2012-540,6,135,1,1.0,0.7251850982519344
train,2012-540,7,136,0,0.0,0.5144153097331101
train,2012-560,1,149,0,1.0,0.9912476468077098
train,2012-560,1,149,1,1.0,0.494684988592035
train,2012-560,1,149,2,0.0,0.4196084806103683
train,2012-560,1,149,3,0.0,0.5011823569916413
train,2012-560,1,149,4,1.0,0.4937332423136257
train,2012-560,1,149,5,0.0,0.3597295587172083
train,2012-560,1,149,6,1.0,0.6603695754647195
train,2012-560,1,149,7,1.0,0.49808798312548597
train,2012-560,1,149,8,1.0,0.5852865973198418
train,2012-560,1,149,9,1.0,0.49724190721840683
train,2012-560,1,149,10,1.0,0.5534830489596403
train,2012-560,1,149,11,0.0,0.43265955196291483
train,2012-560,1,149,12,1.0,0.5132631608042626
train,2012-560,1,149,13,1.0,0.5667398823669264
train,2012-560,1,149,14,0.0,0.0727637798137195
train,2012-560,1,149,15,0.0,0.3097727722887769
train,2012-560,1,149,16,0.0,0.22385538836429794
train,2012-560,1,149,17,0.0,0.45437789250168253
train,2012-560,1,149,18,0.0,0.5556051554065121
train,2012-560,1,149,19,1.0,0.5139575309211073
train,2012-560,1,149,20,0.0,0.5094379255675696
train,2012-560,1,149,21,1.0,0.4202278015022953
train,2012-560,1,149,22,1.0,0.6252948345086361
train,2012-560,1,149,23,0.0,0.6085619172548554
train,2012-560,1,149,24,0.0,0.3298896798489496
train,2012-560,1,149,25,0.0,0.23232353821705817
train,2012-560,1,149,26,0.0,0.38312941297800446
train,2012-560,1,149,27,1.0,0.48957223277071393
train,2012-560,1,149,28,1.0,0.5001787304099966
train,2012-560,1,149,29,1.0,0.975990335616918
train,2012-560,1,149,30,1.0,0.4913972387897622
train,2012-560,1,149,31,1.0,0.5008126267301012
train,2012-560,1,149,32,0.0,0.5224188268632829
train,2012-560,1,149,33,1.0,0.828375486216588
train,2012-560,1,149,34,0.0,0.5464517493722968
train,2012-560,1,149,35,1.0,0.5336993863232133
train,2012-560,1,149,36,1.0,0.6504201857191296
train,2012-560,1,149,37,1.0,0.5004954591795286
train,2012-560,1,149,38,0.0,0.38005989030616655
train,2012-560,1,149,39,0.0,0.4381031075723725
train,2012-560,1,149,40,0.0,0.6404019816305493
train,2012-560,1,149,41,0.0,0.474879860133049
train,2012-560,1,149,42,0.0,0.18170372579607014
train,2012-560,1,149,43,0.0,0.44124913730541276
train,2012-560,1,149,44,0.0,0.5056943926195124
train,2012-560,1,149,45,1.0,0.4881432526756898
train,2012-560,1,149,46,1.0,0.6935199281028355
train,2012-560,1,149,47,0.0,0.38463829657883425
train,2012-560,1,149,48,1.0,0.5328268209800737
train,2012-560,1,149,49,1.0,0.4544817955073144
train,2012-560,1,149,50,1.0,0.5106286434603025
train,2012-560,1,149,51,1.0,0.4996967559789697
train,2012-560,1,149,52,1.0,0.4324713757075599
train,2012-560,1,149,53,0.0,0.5022414020856507
train,2012-560,1,149,54,0.0,0.5007686169435636
train,2012-560,1,149,55,0.0,0.5058530040313868
train,2012-560,1,149,56,1.0,0.6412456673982019
train,2012-560,1,149,57,0.0,0.30211495549437906
train,2012-560,1,149,58,0.0,0.5351852948589827
train,2012-560,1,149,59,1.0,0.5
train,2012-560,1,149,60,1.0,0.4059758631908912
train,2012-560,1,149,61,1.0,0.4097099355127877
train,2012-560,1,149,62,0.0,0.3984349282254251
train,2012-560,1,149,63,1.0,0.6521819513780392
train,2012-560,2,150,0,1.0,0.6032456421304783
train,2012-560,2,150,1,1.0,0.630651475704709
train,2012-560,2,150,2,0.0,0.2998541941267315
train,2012-560,2,150,3,1.0,0.4546067275607632
train,2012-560,2,150,4,1.0,0.5700195320196613
train,2012-560,2,150,5,1.0,0.49441444359358855
train,2012-560,2,150,6,1.0,0.7267210141957365
train,2012-560,2,150,7,1.0,0.4060506606307105
train,2012-560,2,150,8,0.0,0.2036599784589928
train,2012-560,2,150,9,0.0,0.5572534991036864
train,2012-560,2,150,10,0.0,0.5096836837197759
train,2012-560,2,150,11,1.0,0.7165193957522052
train,2012-560,2,150,12,1.0,0.6398907535756543
train,2012-560,2,150,13,0.0,0.5122756122394967
train,2012-560,2,150,14,0.0,0.30858441438063045
train,2012-560,2,150,15,0.0,0.41953957096475564
train,2012-560,2,150,16,1.0,0.6408895456113899
train,2012-560,2,150,17,1.0,0.631063105915108
train,2012-560,2,150,18,1.0,0.5350434966784369
train,2012-560,2,150,19,1.0,0.5563084911592725
train,2012-560,2,150,20,1.0,0.9274977450280801
train,2012-560,2,150,21,1.0,0.7759028214321959
train,2012-560,2,150,22,1.0,0.5611694460915371
train,2012-560,2,150,23,0.0,0.32317029121989527
train,2012-560,2,150,24,0.0,0.4437914210632701
train,2012-560,2,150,25,0.0,0.3823805353804213
train,2012-560,2,150,26,0.0,0.37850080651843115
train,2012-560,2,150,27,0.0,0.39249258883062876
train,2012-560,2,150,28,1.0,0.1744816301036071
train,2012-560,2,150,29,0.0,0.3967805236133691
train,2012-560,2,150,30,1.0,0.9770748757398338
train,2012-560,2,150,31,1.0,0.9909816762289991
train,2012-560,3,151,0,1.0,0.6243213680252674
train,2012-560,3,151,1,1.0,0.9629433713897452
train,2012-560,3,151,2,1.0,0.9861242912065946
train,2012-560,3,151,3,0.0,0.3946749825039785
train,2012-560,3,151,4,1.0,0.8010427301264614
train,2012-560,3,151,5,0.0,0.28165079752328986
train,2012-560,3,151,6,0.0,0.29844051812802846
train,2012-560,3,151,7,0.0,0.3488202227293387
train,2012-560,3,151,8,1.0,0.3535385966153604
train,2012-560,3,151,9,1.0,0.5624758497167245
train,2012-560,3,151,10,0.0,0.4201119055304411
train,2012-560,3,151,11,1.0,0.9227254030850984
train,2012-560,3,151,12,1.0,0.7315730398241228
train,2012-560,3,151,13,0.0,0.4229132633218453
train,2012-560,3,151,14,0.0,0.31981737089020695
train,2012-560,3,151,15,1.0,0.4469200357557206
train,2012-560,4,152,0,0.0,0.019948340464609943
train,2012-560,4,152,1,0.0,0.6266976483808658
train,2012-560,4,152,2,1.0,0.5248061059180037
train,2012-560,4,152,3,1.0,0.5274365514114462
train,2012-560,4,152,4,0.0,0.4213921880099353
train,2012-560,4,152,5,0.0,0.10960143283501808
train,2012-560,4,152,6,1.0,0.7143312256279755
train,2012-560,4,152,7,0.0,0.0813677484969378
train,2012-560,5,153,0,0.0,0.028124164623825568
train,2012-560,5,153,1,0.0,0.4067377179667473
train,2012-560,5,153,2,0.0,0.09840970648283183
train,2012-560,5,153,3,0.0,0.9274850347516074
train,2012-560,6,154,0,0.0,0.026644618109235765
train,2012-560,6,154,1,0.0,0.23184542837430344
train,2012-560,7,155,0,1.0,0.14504358721789157
train,2012-580,1,84,0,0.0,0.44806876567291953
train,2012-580,1,84,1,0.0,0.443686720829343
train,2012-580,1,84,2,1.0,0.5252757700387851
train,2012-580,1,84,3,0.0,0.5
train,2012-580,1,84,4,0.0,0.41048090883931215
train,2012-580,1,84,5,0.0,0.3391114842601764
train,2012-580,1,84,6,1.0,0.6940774046752161
train,2012-580,1,84,7,0.0,0.49029106982740006
train,2012-580,1,84,8,0.0,0.5145067176485041
train,2012-580,1,84,9,1.0,0.46410514104649014
train,2012-580,1,84,10,0.0,0.40719103562282766
train,2012-580,1,84,11,0.0,0.423378504373289
train,2012-580,1,84,12,0.0,0.5181990519264499
train,2012-580,1,84,13,1.0,0.9495309476775787
train,2012-580,1,84,14,1.0,0.7003810158103851
train,2012-580,1,84,15,0.0,0.46948491209308035
train,2012-580,1,84,16,0.0,0.4992288702687558
train,2012-580,1,84,17,1.0,0.5350847345896769
train,2012-580,1,84,18,1.0,0.6087140508147437
train,2012-580,1,84,19,0.0,0.5844707428791032
train,2012-580,1,84,20,0.0,0.05655513015157005
train,2012-580,1,84,21,1.0,0.6393939422639942
train,2012-580,1,84,22,0.0,0.18978778986138253
train,2012-580,1,84,23,0.0,0.45404557740225016
train,2012-580,1,84,24,1.0,0.5346965983158211
train,2012-580,1,84,25,0.0,0.48900098310210444
train,2012-580,1,84,26,0.0,0.5858036794288543
train,2012-580,1,84,27,0.0,0.5006042463972781
train,2012-580,1,84,28,1.0,0.5052612000648156
train,2012-580,1,84,29,0.0,0.012487037250223106
train,2012-580,1,84,30,0.0,0.4989958202861907
train,2012-580,1,84,31,1.0,0.4166665989847996
train,2012-580,1,84,32,0.0,0.5
train,2012-580,1,84,33,1.0,0.8771242217338618
train,2012-580,1,84,34,0.0,0.5001233701703737
train,2012-580,1,84,35,0.0,0.4788880776563778
train,2012-580,1,84,36,0.0,0.5209641321256869
train,2012-580,1,84,37,0.0,0.4085973827056529
train,2012-580,1,84,38,1.0,0.31384332952364086
train,2012-580,1,84,39,0.0,0.3569525927590424
train,2012-580,1,84,40,1.0,0.5356915050340132
train,2012-580,1,84,41,1.0,0.4552290796617333
train,2012-580,1,84,42,0.0,0.36454311533628714
train,2012-580,1,84,43,0.0,0.34699708879956537
train,2012-580,1,84,44,1.0,0.6300200431441415
train,2012-580,1,84,45,1.0,0.5205029760966223
train,2012-580,1,84,46,0.0,0.425035816421826
train,2012-580,1,84,47,0.0,0.16934543893446838
train,2012-580,1,84,48,1.0,0.7037561257809019
train,2012-580,1,84,49,0.0,0.4948042169602106
train,2012-580,1,84,50,0.0,0.22368123299621798
train,2012-580,1,84,51,1.0,0.976206739206236
train,2012-580,1,84,52,1.0,0.49698443679395793
train,2012-580,1,84,53,1.0,0.497066085743378
train,2012-580,1,84,54,1.0,0.5117168297001227
train,2012-580,1,84,55,1.0,0.5432081339233942
train,2012-580,1,84,56,1.0,0.5008994629656981
train,2012-580,1,84,57,1.0,0.7032357866806473
train,2012-580,1,84,58,0.0,0.395286117410093
train,2012-580,1,84,59,1.0,0.49086965467990096
train,2012-580,1,84,60,1.0,0.356430485373153
train,2012-580,1,84,61,0.0,0.41762349709689683
train,2012-580,1,84,62,1.0,0.5037095087704384
train,2012-580,1,84,63,0.0,0.5066037228619561
train,2012-580,2,85,0,1.0,0.6988624146663973
train,2012-580,2,85,1,1.0,0.6076444701363377
train,2012-580,2,85,2,0.0,0.524074205273023
train,2012-580,2,85,3,1.0,0.6274011525782116
train,2012-580,2,85,4,0.0,0.21698604853774447
train,2012-580,2,85,5,1.0,0.6041873577839634
train,2012-580,2,85,6,1.0,0.505348967500158
train,2012-580,2,85,7,0.0,0.46155009870009245
train,2012-580,2,85,8,0.0,0.5998065007640205
train,2012-580,2,85,9,1.0,0.4667961397207977
train,2012-580,2,85,10,1.0,0.9755434656454878
train,2012-580,2,85,11,1.0,0.6221366317422573
train,2012-580,2,85,12,0.0,0.3411388062611102
train,2012-580,2,85,13,1.0,0.8807440571354488
train,2012-580,2,85,14,0.0,0.5146141439013581
train,2012-580,2,85,15,0.0,0.47438536935245507
train,2012-580,2,85,16,0.0,0.577300248512697
train,2012-580,2,85,17,0.0,0.3216878236935886
train,2012-580,2,85,18,0.0,0.5517988004249296
train,2012-580,2,85,19,0.0,0.4669417206202042
train,2012-580,2,85,20,1.0,0.9491826457221005
train,2012-580,2,85,21,0.0,0.2977745642998706
train,2012-580,2,85,22,1.0,0.5245255457421772
train,2012-580,2,85,23,0.0,0.38250626819717837
train,2012-580,2,85,24,0.0,0.4330173385800819
train,2012-580,2,85,25,0.0,0.7823577638802165
train,2012-580,2,85,26,0.0,0.5194231844226944
train,2012-580,2,85,27,0.0,0.7688928115304555
train,2012-580,2,85,28,1.0,0.48129078836880607
train,2012-580,2,85,29,1.0,0.5293945935195059
train,2012-580,2,85,30,1.0,0.929960102936374
train,2012-580,2,85,31,0.0,0.01289739334699562
train,2012-580,3,86,0,1.0,0.7416380471179098
train,2012-580,3,86,1,0.0,0.014957183624562845
train,2012-580,3,86,2,0.0,0.056831322229592245
train,2012-580,3,86,3,0.0,0.5771940889038494
train,2012-580,3,86,4,0.0,0.6248171852764306
train,2012-580,3,86,5,0.0,0.04097254532529925
train,2012-580,3,86,6,1.0,0.4261181049236903
train,2012-580,3,86,7,1.0,0.6898751739605095
train,2012-580,3,86,8,0.0,0.4412932734605143
train,2012-580,3,86,9,1.0,0.8698585538820924
train,2012-580,3,86,10,1.0,0.41296156247185434
train,2012-580,3,86,11,1.0,0.31505568478829077
train,2012-580,3,86,12,0.0,0.08794446118014879
train,2012-580,3,86,13,1.0,0.6669526648660643
train,2012-580,3,86,14,0.0,0.49826801033185114
train,2012-580,3,86,15,1.0,0.5826226026852478
train,2012-580,4,87,0,1.0,0.9124102991743679
train,2012-580,4,87,1,1.0,0.7969396362452449
train,2012-580,4,87,2,0.0,0.029012972746628077
train,2012-580,4,87,3,0.0,0.41791700187368286
train,2012-580,4,87,4,1.0,0.13960476663010227
train,2012-580,4,87,5,1.0,0.9415858585454457
train,2012-580,4,87,6,1.0,0.5326417881617708
train,2012-580,4,87,7,0.0,0.020844999177832255
train,2012-580,5,88,0,0.0,0.2315534326094902
train,2012-580,5,88,1,0.0,0.05978603107116944
train,2012-580,5,88,2,1.0,0.9274082542984418
train,2012-580,5,88,3,1.0,0.9650575300542277
train,2012-580,6,89,0,0.0,0.6742926585888673
train,2012-580,6,89,1,0.0,0.19959240327917513
train,2012-580,7,90,0,0.0,0.21812435279927261
train,2013-1536,2,195,0,1.0,0.5281661405142234
train,2013-1536,2,195,1,1.0,0.5206991702924232
train,2013-1536,2,195,2,0.0,0.2769664335652125
train,2013-1536,2,195,3,0.0,0.4946687410883189
train,2013-1536,2,195,4,1.0,0.8224071837899996
train,2013-1536,2,195,5,1.0,0.48933366171508436
train,2013-1536,2,195,6,0.0,0.47750645228833777
train,2013-1536,2,195,7,0.0,0.46038548920837263
train,2013-1536,2,195,8,1.0,0.5856991484027415
train,2013-1536,2,195,9,0.0,0.43249054392802483
train,2013-1536,2,195,10,1.0,0.5043595793951862
train,2013-1536,2,195,11,0.0,0.5310746264371885
train,2013-1536,2,195,12,0.0,0.47988070832509205
train,2013-1536,2,195,13,0.0,0.4626376387087704
train,2013-1536,2,195,14,0.0,0.22761232352769298
train,2013-1536,2,195,15,0.0,0.5263440839049552
train,2013-1536,2,195,16,0.0,0.41553180801675965
train,2013-1536,2,195,17,1.0,0.30795714105544636
train,2013-1536,2,195,18,0.0,0.5304621398887336
train,2013-1536,2,195,19,0.0,0.4994512867672413
train,2013-1536,2,195,20,0.0,0.4910204933095219
train,2013-1536,2,195,21,0.0,0.39069433285712596
train,2013-1536,2,195,22,0.0,0.4497218306555664
train,2013-1536,2,195,23,0.0,0.5719249441880868
train,2013-1536,3,196,0,0.0,0.17594368568227328
train,2013-1536,3,196,1,0.0,0.525372220646964
train,2013-1536,3,196,2,1.0,0.5091354277355737
train,2013-1536,3,196,3,1.0,0.3890065931293229
train,2013-1536,3,196,4,1.0,0.7937898120231907
train,2013-1536,3,196,5,0.0,0.6809052339189091
train,2013-1536,3,196,6,0.0,0.0030536539084723025
train,2013-1536,3,196,7,0.0,0.29171937353662697
train,2013-1536,3,196,8,0.0,0.7014751685708355
train,2013-1536,3,196,9,1.0,0.5373576251005284
train,2013-1536,3,196,10,1.0,0.6064219321495457
train,2013-1536,3,196,11,1.0,0.5336845819857567
train,2013-1536,3,196,12,0.0,0.26357362368486953
train,2013-1536,3,196,13,0.0,0.30522605955191484
train,2013-1536,3,196,14,1.0,0.028259496680843616
train,2013-1536,3,196,15,0.0,0.31007602485281227
train,2013-1536,4,197,0,1.0,0.5653896389704981
train,2013-1536,4,197,1,0.0,0.6392833924880778
train,2013-1536,4,197,2,1.0,0.6845455609715447
train,2013-1536,4,197,3,1.0,0.99395269224184
train,2013-1536,4,197,4,1.0,0.6566404685521979
train,2013-1536,4,197,5,0.0,0.5610961867061922
train,2013-1536,4,197,6,1.0,0.1447223079087599
train,2013-1536,4,197,7,0.0,0.49940130916709347
train,2013-1536,5,198,0,0.0,0.5484059876763887
train,2013-1536,5,198,1,1.0,0.5659650897563759
train,2013-1536,5,198,2,0.0,0.013610760124452184
train,2013-1536,5,198,3,1.0,0.4226584272181567
train,2013-1536,6,199,0,0.0,0.43889642237563226
train,2013-1536,6,199,1,1.0,0.996184041873967
train,2013-1536,7,200,0,0.0,0.011238064070059626
train,2013-352,2,246,0,0.0,0.5155874468986097
train,2013-352,2,246,1,1.0,0.4888045185896757
train,2013-352,2,246,2,0.0,0.5177742501092476
train,2013-352,2,246,3,0.0,0.5529419030606852
train,2013-352,2,246,4,1.0,0.380823960118795
train,2013-352,2,246,5,1.0,0.4477631291213097
train,2013-352,2,246,6,1.0,0.47030769929262434
train,2013-352,2,246,7,0.0,0.5954814577170666
train,2013-352,2,246,8,0.0,0.5492602497318806
train,2013-352,2,246,9,1.0,0.5963986007878076
train,2013-352,2,246,10,1.0,0.6467620822399935
train,2013-352,2,246,11,0.0,0.5843309501812665
train,2013-352,2,246,12,1.0,0.4504503744366814
train,2013-352,2,246,13,1.0,0.5805597821405353
train,2013-352,2,246,14,0.0,0.4353227464133829
train,2013-352,2,246,15,1.0,0.45726685720308524
train,2013-352,3,247,0,1.0,0.9854885539762007
train,2013-352,3,247,1,0.0,0.23685786400360268
train,2013-352,3,247,2,0.0,0.5099217401325354
train,2013-352,3,247,3,0.0,0.5355221971614139
train,2013-352,3,247,4,0.0,0.4193526757889616
train,2013-352,3,247,5,0.0,0.48798830516372654
train,2013-352,3,247,6,1.0,0.6805905098152711
train,2013-352,3,247,7,0.0,0.08325758160470949
train,2013-352,3,247,8,1.0,0.8173994365569353
train,2013-352,3,247,9,1.0,0.6303596789774607
train,2013-352,3,247,10,1.0,0.6886515134273664
train,2013-352,3,247,11,1.0,0.7661129491466006
train,2013-352,3,247,12,0.0,0.7166697755461001
train,2013-352,3,247,13,0.0,0.4158368373571385
train,2013-352,3,247,14,1.0,0.9680078445574789
train,2013-352,3,247,15,0.0,0.3496165631317449
train,2013-352,4,248,0,0.0,0.03707808234823506
train,2013-352,4,248,1,0.0,0.32600733418619177
train,2013-352,4,248,2,0.0,0.34189307885638537
train,2013-352,4,248,3,1.0,0.9046758792011187
train,2013-352,4,248,4,1.0,0.6905432850757958
train,2013-352,4,248,5,0.0,0.046885840590283535
train,2013-352,4,248,6,1.0,0.6785938545655814
train,2013-352,4,248,7,0.0,0.3004138039991498
train,2013-352,5,249,0,0.0,0.07831097615829063
train,2013-352,5,249,1,0.0,0.5787629446546149
train,2013-352,5,249,2,0.0,0.12833878573236895
train,2013-352,5,249,3,1.0,0.9559812273659423
train,2013-352,6,250,0,1.0,0.09969490642806499
train,2013-352,6,250,1,0.0,0.2071881538132227
train,2013-352,7,251,0,0.0,0.06192769862974992
train,2013-403,1,182,0,1.0,0.500038463749636
train,2013-403,1,182,1,0.0,0.5034002848931968
train,2013-403,1,182,2,0.0,0.5108024199242608
train,2013-403,1,182,3,1.0,0.49501027853821283
train,2013-403,1,182,4,1.0,0.552442023426094
train,2013-403,1,182,5,1.0,0.49587972627047905
train,2013-403,1,182,6,0.0,0.47912036352738274
train,2013-403,1,182,7,0.0,0.42216525972629154
train,2013-403,1,182,8,1.0,0.512050638965088
train,2013-403,1,182,9,1.0,0.498552343149888
train,2013-403,1,182,10,0.0,0.37764609224745976
train,2013-403,1,182,11,1.0,0.5071485526440344
train,2013-403,1,182,12,1.0,0.5042393788092742
train,2013-403,1,182,13,0.0,0.5014602876757888
train,2013-403,1,182,14,0.0,0.5052024065525039
train,2013-403,1,182,15,1.0,0.5835019975369722
train,2013-403,1,182,16,0.0,0.5022759064139555
train,2013-403,1,182,17,0.0,0.34918023938086623
train,2013-403,1,182,18,0.0,0.5027192277961008
train,2013-403,1,182,19,1.0,0.48819108827707325
train,2013-403,1,182,20,1.0,0.48945904722786854
train,2013-403,1,182,21,1.0,0.5366508382214481
train,2013-403,1,182,22,0.0,0.4873323095588052
train,2013-403,1,182,23,0.0,0.4681978152100053
train,2013-403,1,182,24,1.0,0.4920141113281011
train,2013-403,1,182,25,1.0,0.527674771034092
train,2013-403,1,182,26,0.0,0.4979151734014232
train,2013-403,1,182,27,0.0,0.4945601337823192
train,2013-403,1,182,28,1.0,0.48788327466198056
train,2013-403,1,182,29,1.0,0.503881619639217
train,2013-403,1,182,30,1.0,0.5460164444382742
train,2013-403,1,182,31,1.0,0.3412923507155674
train,2013-403,2,183,0,0.0,0.03516154761791306
train,2013-403,2,183,1,0.0,0.47454051493090116
train,2013-403,2,183,2,0.0,0.6115562924485317
train,2013-403,2,183,3,1.0,0.5783567584370423
train,2013-403,2,183,4,1.0,0.6239958635368471
train,2013-403,2,183,5,0.0,0.42607396270173653
train,2013-403,2,183,6,0.0,0.49005010828186746
train,2013-403,2,183,7,0.0,0.217434310717327
train,2013-403,2,183,8,0.0,0.19055155438388136
train,2013-403,2,183,9,1.0,0.426958519490373
train,2013-403,2,183,10,0.0,0.3419256545086228
train,2013-403,2,183,11,1.0,0.6582254158032148
train,2013-403,2,183,12,1.0,0.4028738069629861
train,2013-403,2,183,13,1.0,0.5488719397589835
train,2013-403,2,183,14,1.0,0.6332373896393385
train,2013-403,2,183,15,1.0,0.2963479813277551
train,2013-403,2,183,16,0.0,0.410269348735488
train,2013-403,2,183,17,1.0,0.48803098793088656
train,2013-403,2,183,18,1.0,0.49015463165604967
train,2013-403,2,183,19,1.0,0.3946437633662546
train,2013-403,2,183,20,1.0,0.551446460492919
train,2013-403,2,183,21,0.0,0.6600062351196565
train,2013-403,2,183,22,1.0,0.3958597191434898
train,2013-403,2,183,23,1.0,0.773004418580419
train,2013-403,2,183,24,1.0,0.6221276003726126
train,2013-403,2,183,25,0.0,0.5380202730258405
train,2013-403,2,183,26,1.0,0.589738839774867
train,2013-403,2,183,27,0.0,0.4168807668206389
train,2013-403,2,183,28,1.0,0.6471318505979603
train,2013-403,2,183,29,1.0,0.40286749388578197
train,2013-403,2,183,30,0.0,0.49291850353821376
train,2013-403,2,183,31,1.0,0.9912371807263423
train,2013-403,3,184,0,1.0,0.5297256737322713
train,2013-403,3,184,1,0.0,0.24011426243460926
train,2013-403,3,184,2,0.0,0.4772605928020785
train,2013-403,3,184,3,1.0,0.672331489560659
train,2013-403,3,184,4,0.0,0.48514338383430555
train,2013-403,3,184,5,1.0,0.9910892573771684
train,2013-403,3,184,6,1.0,0.4321209952680158
train,2013-403,3,184,7,1.0,0.5132656390172635
train,2013-403,3,184,8,1.0,0.5801615623393338
train,2013-403,3,184,9,0.0,0.03666646196093832
train,2013-403,3,184,10,0.0,0.4750026164891344
train,2013-403,3,184,11,0.0,0.5056689497190701
train,2013-403,3,184,12,1.0,0.7816572334840601
train,2013-403,3,184,13,1.0,0.785921464816167
train,2013-403,3,184,14,1.0,0.511802330099389
train,2013-403,3,184,15,0.0,0.39899025995504067
train,2013-403,4,185,0,1.0,0.5075023320339854
train,2013-403,4,185,1,0.0,0.03896989492659532
train,2013-403,4,185,2,1.0,0.2781753713503065
train,2013-403,4,185,3,0.0,0.31984747936533137
train,2013-403,4,185,4,0.0,0.39075698599727293
train,2013-403,4,185,5,1.0,0.7420497488303776
train,2013-403,4,185,6,0.0,0.487834503651312
train,2013-403,4,185,7,0.0,0.9868259207042017
train,2013-403,5,186,0,1.0,0.933927650197362
train,2013-403,5,186,1,1.0,0.33179162020890246
train,2013-403,5,186,2,0.0,0.24039453061697774
train,2013-403,5,186,3,0.0,0.46987310082200573
train,2013-403,6,187,0,0.0,0.08432459624709435
train,2013-403,6,187,1,1.0,0.5860194673813638
train,2013-403,7,188,0,0.0,0.11527158832740327
train,2013-404,1,175,0,0.0,0.5
train,2013-404,1,175,1,1.0,0.5
train,2013-404,1,175,2,1.0,0.5
train,2013-404,1,175,3,0.0,0.5
train,2013-404,1,175,4,0.0,0.5
train,2013-404,1,175,5,1.0,0.5
train,2013-404,1,175,6,0.0,0.5
train,2013-404,1,175,7,1.0,0.5
train,2013-404,1,175,8,1.0,0.5
train,2013-404,1,175,9,0.0,0.5
train,2013-404,1,175,10,1.0,0.5
train,2013-404,1,175,11,0.0,0.5
train,2013-404,1,175,12,1.0,0.5
train,2013-404,1,175,13,0.0,0.5
train,2013-404,1,175,14,0.0,0.5
train,2013-404,1,175,15,1.0,0.5
train,2013-404,1,175,16,0.0,0.5
train,2013-404,1,175,17,1.0,0.5
train,2013-404,1,175,18,1.0,0.5
train,2013-404,1,175,19,0.0,0.5
train,2013-404,1,175,20,1.0,0.5
train,2013-404,1,175,21,1.0,0.5
train,2013-404,1,175,22,0.0,0.5
train,2013-404,1,175,23,1.0,0.5
train,2013-404,1,175,24,0.0,0.5
train,2013-404,1,175,25,0.0,0.5
train,2013-404,1,175,26,0.0,0.5
train,2013-404,1,175,27,0.0,0.5
train,2013-404,1,175,28,0.0,0.5
train,2013-404,1,175,29,0.0,0.5
train,2013-404,1,175,30,1.0,0.5
train,2013-404,1,175,31,1.0,0.5
train,2013-404,2,176,0,1.0,0.5
train,2013-404,2,176,1,1.0,0.5
train,2013-404,2,176,2,0.0,0.5
train,2013-404,2,176,3,1.0,0.5
train,2013-404,2,176,4,1.0,0.5
train,2013-404,2,176,5,0.0,0.5
train,2013-404,2,176,6,1.0,0.5
train,2013-404,2,176,7,0.0,0.5
train,2013-404,2,176,8,0.0,0.5
train,2013-404,2,176,9,0.0,0.5
train,2013-404,2,176,10,1.0,0.5
train,2013-404,2,176,11,0.0,0.5
train,2013-404,2,176,12,0.0,0.5
train,2013-404,2,176,13,0.0,0.5
train,2013-404,2,176,14,0.0,0.5
train,2013-404,2,176,15,0.0,0.5
train,2013-404,2,176,16,0.0,0.5
train,2013-404,2,176,17,1.0,0.5
train,2013-404,2,176,18,0.0,0.5
train,2013-404,2,176,19,0.0,0.5
train,2013-404,2,176,20,0.0,0.5
train,2013-404,2,176,21,1.0,0.5
train,2013-404,2,176,22,0.0,0.5
train,2013-404,2,176,23,0.0,0.5
train,2013-404,2,176,24,1.0,0.5
train,2013-404,2,176,25,0.0,0.5
train,2013-404,2,176,26,0.0,0.5
train,2013-404,2,176,27,1.0,0.5
train,2013-404,2,176,28,1.0,0.5
train,2013-404,2,176,29,1.0,0.5
train,2013-404,2,176,30,1.0,0.5
train,2013-404,2,176,31,0.0,0.5
train,2013-404,3,177,0,1.0,0.5
train,2013-404,3,177,1,0.0,0.5
train,2013-404,3,177,2,1.0,0.5
train,2013-404,3,177,3,1.0,0.5
train,2013-404,3,177,4,0.0,0.5
train,2013-404,3,177,5,1.0,0.5
train,2013-404,3,177,6,1.0,0.5
train,2013-404,3,177,7,1.0,0.5
train,2013-404,3,177,8,0.0,0.5
train,2013-404,3,177,9,1.0,0.5
train,2013-404,3,177,10,0.0,0.5
train,2013-404,3,177,11,0.0,0.5
train,2013-404,3,177,12,1.0,0.5
train,2013-404,3,177,13,1.0,0.5
train,2013-404,3,177,14,1.0,0.5
train,2013-404,3,177,15,0.0,0.5
train,2013-404,4,178,0,1.0,0.5
train,2013-404,4,178,1,1.0,0.5
train,2013-404,4,178,2,0.0,0.5
train,2013-404,4,178,3,0.0,0.5
train,2013-404,4,178,4,0.0,0.5
train,2013-404,4,178,5,1.0,0.5
train,2013-404,4,178,6,1.0,0.5
train,2013-404,4,178,7,1.0,0.5
train,2013-404,5,179,0,1.0,0.5
train,2013-404,5,179,1,0.0,0.5
train,2013-404,5,179,2,1.0,0.5
train,2013-404,5,179,3,0.0,0.5
train,2013-404,6,180,0,0.0,0.5
train,2013-404,6,180,1,0.0,0.5
train,2013-404,7,181,0,0.0,0.5
train,2013-410,2,189,0,0.0,0.5778110646927803
train,2013-410,2,189,1,1.0,0.5373714102196161
train,2013-410,2,189,2,0.0,0.4454594670952855
train,2013-410,2,189,3,1.0,0.6668171644988843
train,2013-410,2,189,4,1.0,0.5209960196396667
train,2013-410,2,189,5,1.0,0.5306742165329117
train,2013-410,2,189,6,1.0,0.5014210339870409
train,2013-410,2,189,7,0.0,0.591740726665332
train,2013-410,2,189,8,1.0,0.4242610163512084
train,2013-410,2,189,9,1.0,0.5995432060777164
train,2013-410,2,189,10,1.0,0.4396446305241699
train,2013-410,2,189,11,0.0,0.5339022766801356
train,2013-410,2,189,12,1.0,0.4897587590715673
train,2013-410,2,189,13,0.0,0.4261584918845442
train,2013-410,2,189,14,0.0,0.5058580923735311
train,2013-410,2,189,15,1.0,0.6945365296051701
train,2013-410,2,189,16,1.0,0.7322685935372352
train,2013-410,2,189,17,0.0,0.548104274410627
train,2013-410,2,189,18,0.0,0.38528729488246294
train,2013-410,2,189,19,0.0,0.857858022191526
train,2013-410,2,189,20,1.0,0.4795262650410243
train,2013-410,2,189,21,1.0,0.5279711359892835
train,2013-410,2,189,22,0.0,0.6314916919567091
train,2013-410,2,189,23,1.0,0.6870028248392032
train,2013-410,3,190,0,1.0,0.6439783177453782
train,2013-410,3,190,1,1.0,0.6411969772802507
train,2013-410,3,190,2,1.0,0.422695218002808
train,2013-410,3,190,3,1.0,0.563726319025889
train,2013-410,3,190,4,0.0,0.3236677943850889
train,2013-410,3,190,5,1.0,0.6428818263419622
train,2013-410,3,190,6,0.0,0.4521346714735093
train,2013-410,3,190,7,0.0,0.6302026821532164
train,2013-410,3,190,8,1.0,0.601576986327823
train,2013-410,3,190,9,1.0,0.9970024623450862
train,2013-410,3,190,10,0.0,0.46008343370651633
train,2013-410,3,190,11,0.0,0.3119327046769425
train,2013-410,3,190,12,0.0,0.5223565233096614
train,2013-410,3,190,13,1.0,0.6118961821961035
train,2013-410,3,190,14,1.0,0.5935304449864798
train,2013-410,3,190,15,1.0,0.9280825263094311
train,2013-410,4,191,0,1.0,0.9099559722909281
train,2013-410,4,191,1,1.0,0.39854368432278303
train,2013-410,4,191,2,0.0,0.527288671245463
train,2013-410,4,191,3,0.0,0.40600008269195187
train,2013-410,4,191,4,1.0,0.4446542621789224
train,2013-410,4,191,5,0.0,0.0044257963200649165
train,2013-410,4,191,6,1.0,0.5949083059674455
train,2013-410,4,191,7,0.0,0.6563889055134581
train,2013-410,5,192,0,1.0,0.9398838074015513
train,2013-410,5,192,1,0.0,0.5937458132055604
train,2013-410,5,192,2,1.0,0.9973173449701203
train,2013-410,5,192,3,1.0,0.47531691968773143
train,2013-410,6,193,0,1.0,0.9309693249634309
train,2013-410,6,193,1,0.0,0.007986460827866148
train,2013-410,7,194,0,0.0,0.9466206959254184
train,2013-416,2,201,0,0.0,0.43630571116588895
train,2013-416,2,201,1,1.0,0.5611690810246025
train,2013-416,2,201,2,0.0,0.22242777106769157
train,2013-416,2,201,3,0.0,0.4259436563075935
train,2013-416,2,201,4,1.0,0.3511325900862999
train,2013-416,2,201,5,0.0,0.5101248603026144
train,2013-416,2,201,6,1.0,0.5462287660581264
train,2013-416,2,201,7,1.0,0.5645974998554112
train,2013-416,2,201,8,1.0,0.5480100159331747
train,2013-416,2,201,9,1.0,0.558263890643922
train,2013-416,2,201,10,1.0,0.5195775169575039
train,2013-416,2,201,11,0.0,0.1765909320321095
train,2013-416,2,201,12,0.0,0.6648585748442853
train,2013-416,2,201,13,0.0,0.5089299628469804
train,2013-416,2,201,14,1.0,0.4280947630548971
train,2013-416,2,201,15,1.0,0.602999656307007
train,2013-416,2,201,16,0.0,0.5232092031250959
train,2013-416,2,201,17,0.0,0.3496354259406342
train,2013-416,2,201,18,1.0,0.6416207811054915
train,2013-416,2,201,19,0.0,0.5699698689128649
train,2013-416,2,201,20,1.0,0.4774337509315042
train,2013-416,2,201,21,0.0,0.3921556910705479
train,2013-416,2,201,22,1.0,0.288352515314922
train,2013-416,2,201,23,0.0,0.5278829181588715
train,2013-416,3,202,0,0.0,0.1556487418402808
train,2013-416,3,202,1,1.0,0.4754275823641066
train,2013-416,3,202,2,0.0,0.47064131247004964
train,2013-416,3,202,3,0.0,0.7697253783749408
train,2013-416,3,202,4,1.0,0.469345725267352
train,2013-416,3,202,5,0.0,0.5751972073422658
train,2013-416,3,202,6,0.0,0.3466275232338013
train,2013-416,3,202,7,0.0,0.004738445303705765
train,2013-416,3,202,8,0.0,0.4197284251281838
train,2013-416,3,202,9,1.0,0.6521896929583225
train,2013-416,3,202,10,0.0,0.6101154400531015
train,2013-416,3,202,11,0.0,0.5211776004527463
train,2013-416,3,202,12,0.0,0.283122785204269
train,2013-416,3,202,13,0.0,0.7553197762856729
train,2013-416,3,202,14,0.0,0.5425171148556713
train,2013-416,3,202,15,0.0,0.04059221633849616
train,2013-416,4,203,0,1.0,0.9524550351010624
train,2013-416,4,203,1,1.0,0.9947183394227046
train,2013-416,4,203,2,1.0,0.68830953485176
train,2013-416,4,203,3,0.0,0.5963547924841195
train,2013-416,4,203,4,1.0,0.5097329104635013
train,2013-416,4,203,5,1.0,0.3486222648518954
train,2013-416,4,203,6,1.0,0.6754853509016407
train,2013-416,4,203,7,0.0,0.23702226156763273
train,2013-416,5,204,0,0.0,0.9118780168915657
train,2013-416,5,204,1,0.0,0.01449307900263308
train,2013-416,5,204,2,0.0,0.494014108149749
train,2013-416,5,204,3,1.0,0.8362465038182741
train,2013-416,6,205,0,1.0,0.9884354700025128
train,2013-416,6,205,1,0.0,0.16990029175735055
train,2013-416,7,206,0,0.0,0.016837422854222434
train,2013-421,2,221,0,1.0,0.5076377701833235
train,2013-421,2,221,1,1.0,0.43590271567898725
train,2013-421,2,221,2,1.0,0.35629085709802794
train,2013-421,2,221,3,1.0,0.5589763193626771
train,2013-421,2,221,4,1.0,0.5407501092400512
train,2013-421,2,221,5,0.0,0.48196741282038924
train,2013-421,2,221,6,0.0,0.4969567570986391
train,2013-421,2,221,7,0.0,0.477653990532851
train,2013-421,2,221,8,0.0,0.29920502839479096
train,2013-421,2,221,9,1.0,0.4880402735837153
train,2013-421,2,221,10,1.0,0.40615523830267825
train,2013-421,2,221,11,0.0,0.5221224990779427
train,2013-421,2,221,12,1.0,0.37694206655745605
train,2013-421,2,221,13,0.0,0.5575344696035003
train,2013-421,2,221,14,0.0,0.49568717948184193
train,2013-421,2,221,15,1.0,0.46894667622357233
train,2013-421,2,221,16,0.0,0.5752308867769775
train,2013-421,2,221,17,0.0,0.5143217558147619
train,2013-421,2,221,18,0.0,0.44482021616528317
train,2013-421,2,221,19,1.0,0.43966278249594093
train,2013-421,2,221,20,0.0,0.48155375185541976
train,2013-421,2,221,21,1.0,0.47848103320358654
train,2013-421,2,221,22,1.0,0.5407016224417922
train,2013-421,2,221,23,1.0,0.5476328069976761
train,2013-421,3,222,0,0.0,0.03471222640875998
train,2013-421,3,222,1,1.0,0.4985307570507141
train,2013-421,3,222,2,0.0,0.4393686720866571
train,2013-421,3,222,3,1.0,0.6638992701259214
train,2013-421,3,222,4,1.0,0.25331313988353793
train,2013-421,3,222,5,0.0,0.7094573349750762
train,2013-421,3,222,6,1.0,0.3835186467815037
train,2013-421,3,222,7,0.0,0.24503248227520338
train,2013-421,3,222,8,0.0,0.6536299672512872
train,2013-421,3,222,9,0.0,0.3312863769974412
train,2013-421,3,222,10,0.0,0.09237114469674859
train,2013-421,3,222,11,0.0,0.30859430715418723
train,2013-421,3,222,12,0.0,0.40023299885375524
train,2013-421,3,222,13,1.0,0.5278840108207635
train,2013-421,3,222,14,1.0,0.5112083616572195
train,2013-421,3,222,15,0.0,0.012311371322640586
train,2013-421,4,223,0,1.0,0.9878545294208091
train,2013-421,4,223,1,1.0,0.6650072882158221
train,2013-421,4,223,2,1.0,0.4900074002045577
train,2013-421,4,223,3,1.0,0.20521415915785246
train,2013-421,4,223,4,0.0,0.4246310040215797
train,2013-421,4,223,5,1.0,0.45217137784432
train,2013-421,4,223,6,1.0,0.03566043001518085
train,2013-421,4,223,7,1.0,0.8611334658080233
train,2013-421,5,224,0,0.0,0.029092266620568144
train,2013-421,5,224,1,1.0,0.9008760031288706
train,2013-421,5,224,2,1.0,0.3799656391577974
train,2013-421,5,224,3,0.0,0.45985386072392237
train,2013-421,6,225,0,1.0,0.09562185005231325
train,2013-421,6,225,1,1.0,0.6094588232702219
train,2013-421,7,226,0,1.0,0.8688854428613728
train,2013-422,2,227,0,1.0,0.5848401382745833
train,2013-422,2,227,1,1.0,0.42629889745640576
train,2013-422,2,227,2,1.0,0.7069236249292767
train,2013-422,2,227,3,0.0,0.5161517366231274
train,2013-422,2,227,4,0.0,0.4119616296111477
train,2013-422,2,227,5,1.0,0.4196334458639265
train,2013-422,2,227,6,1.0,0.48364647060880445
train,2013-422,2,227,7,1.0,0.47161728782826234
train,2013-422,2,227,8,0.0,0.4964185361737228
train,2013-422,2,227,9,0.0,0.35148814022665004
train,2013-422,2,227,10,1.0,0.6606790456416585
train,2013-422,2,227,11,0.0,0.4901465020073937
train,2013-422,2,227,12,1.0,0.5310796751983203
train,2013-422,2,227,13,0.0,0.6597563134151532
train,2013-422,2,227,14,1.0,0.47297726564492065
train,2013-422,2,227,15,1.0,0.5811519398799107
train,2013-422,2,227,16,1.0,0.6145371669985131
train,2013-422,2,227,17,1.0,0.4446803274949817
train,2013-422,2,227,18,0.0,0.44315989736820144
train,2013-422,2,227,19,0.0,0.5025308478248542
train,2013-422,2,227,20,0.0,0.5183885068979511
train,2013-422,2,227,21,1.0,0.45209732886196924
train,2013-422,2,227,22,1.0,0.5849075915935242
train,2013-422,2,227,23,0.0,0.4364794622940658
train,2013-422,3,228,0,0.0,0.051519610133263345
train,2013-422,3,228,1,1.0,0.46045460262164145
train,2013-422,3,228,2,1.0,0.41387897876285584
train,2013-422,3,228,3,0.0,0.23556082819731597
train,2013-422,3,228,4,1.0,0.942487806244174
train,2013-422,3,228,5,0.0,0.06442740127937983
train,2013-422,3,228,6,1.0,0.6684958395956425
train,2013-422,3,228,7,0.0,0.48142698270835055
train,2013-422,3,228,8,1.0,0.43062301169531364
train,2013-422,3,228,9,1.0,0.42390892227910015
train,2013-422,3,228,10,0.0,0.47791698073210953
train,2013-422,3,228,11,1.0,0.781347779633518
train,2013-422,3,228,12,1.0,0.40218595480777014
train,2013-422,3,228,13,1.0,0.38854301520055523
train,2013-422,3,228,14,1.0,0.5533848744112817
train,2013-422,3,228,15,1.0,0.9811672093676633
train,2013-422,4,229,0,0.0,0.012618267524450466
train,2013-422,4,229,1,1.0,0.23682748860549332
train,2013-422,4,229,2,0.0,0.3593902322700233
train,2013-422,4,229,3,0.0,0.09041529714340363
train,2013-422,4,229,4,1.0,0.934836716027611
train,2013-422,4,229,5,1.0,0.7316383561673989
train,2013-422,4,229,6,1.0,0.9492176875117857
train,2013-422,4,229,7,1.0,0.41733367082952955
train,2013-422,5,230,0,1.0,0.6700341881420231
train,2013-422,5,230,1,1.0,0.39369750112377616
train,2013-422,5,230,2,1.0,0.12484247428185297
train,2013-422,5,230,3,0.0,0.9753282870878432
train,2013-422,6,231,0,0.0,0.4486288682026825
train,2013-422,6,231,1,1.0,0.7864125525877279
train,2013-422,7,232,0,0.0,0.1314770890025488
train,2013-5014,2,240,0,0.0,0.5
train,2013-5014,2,240,1,0.0,0.5
train,2013-5014,2,240,2,1.0,0.5
train,2013-5014,2,240,3,0.0,0.5
train,2013-5014,2,240,4,1.0,0.5
train,2013-5014,2,240,5,1.0,0.5
train,2013-5014,2,240,6,1.0,0.5
train,2013-5014,2,240,7,0.0,0.5
train,2013-5014,2,240,8,0.0,0.5
train,2013-5014,2,240,9,1.0,0.5
train,2013-5014,2,240,10,1.0,0.5
train,2013-5014,2,240,11,1.0,0.5
train,2013-5014,2,240,12,1.0,0.5
train,2013-5014,2,240,13,0.0,0.5
train,2013-5014,2,240,14,0.0,0.5
train,2013-5014,2,240,15,0.0,0.5
train,2013-5014,2,240,16,0.0,0.5
train,2013-5014,2,240,17,1.0,0.5
train,2013-5014,2,240,18,1.0,0.5
train,2013-5014,2,240,19,0.0,0.5
train,2013-5014,2,240,20,0.0,0.5
train,2013-5014,2,240,21,0.0,0.5
train,2013-5014,2,240,22,0.0,0.5
train,2013-5014,2,240,23,1.0,0.5
train,2013-5014,3,241,0,0.0,0.5
train,2013-5014,3,241,1,0.0,0.5
train,2013-5014,3,241,2,0.0,0.5
train,2013-5014,3,241,3,1.0,0.5
train,2013-5014,3,241,4,1.0,0.5
train,2013-5014,3,241,5,1.0,0.5
train,2013-5014,3,241,6,1.0,0.5
train,2013-5014,3,241,7,1.0,0.5
train,2013-5014,3,241,8,1.0,0.5
train,2013-5014,3,241,9,0.0,0.5
train,2013-5014,3,241,10,0.0,0.5
train,2013-5014,3,241,11,1.0,0.5
train,2013-5014,3,241,12,0.0,0.5
train,2013-5014,3,241,13,1.0,0.5
train,2013-5014,3,241,14,1.0,0.5
train,2013-5014,3,241,15,0.0,0.5
train,2013-5014,4,242,0,0.0,0.5
train,2013-5014,4,242,1,0.0,0.5
train,2013-5014,4,242,2,0.0,0.5
train,2013-5014,4,242,3,0.0,0.5
train,2013-5014,4,242,4,1.0,0.5
train,2013-5014,4,242,5,0.0,0.5
train,2013-5014,4,242,6,1.0,0.5
train,2013-5014,4,242,7,0.0,0.5
train,2013-5014,5,243,0,0.0,0.5
train,2013-5014,5,243,1,1.0,0.5
train,2013-5014,5,243,2,0.0,0.5
train,2013-5014,5,243,3,0.0,0.5
train,2013-5014,6,244,0,0.0,0.5
train,2013-5014,6,244,1,0.0,0.5
train,2013-5014,7,245,0,0.0,0.5
train,2013-520,1,207,0,1.0,0.8700312475343017
train,2013-520,1,207,1,1.0,0.4897558535357696
train,2013-520,1,207,2,0.0,0.4818328554900459
train,2013-520,1,207,3,1.0,0.5516695693683449
train,2013-520,1,207,4,1.0,0.5000488327503969
train,2013-520,1,207,5,0.0,0.2413988771404964
train,2013-520,1,207,6,1.0,0.6093523543034813
train,2013-520,1,207,7,0.0,0.523750207532034
train,2013-520,1,207,8,0.0,0.483163049170404
train,2013-520,1,207,9,1.0,0.5639092431912017
train,2013-520,1,207,10,1.0,0.6234753950721473
train,2013-520,1,207,11,0.0,0.4968022713723721
train,2013-520,1,207,12,1.0,0.5087957521503591
train,2013-520,1,207,13,0.0,0.0024756879229661448
train,2013-520,1,207,14,1.0,0.5963782684594612
train,2013-520,1,207,15,0.0,0.563100738448832
train,2013-520,1,207,16,0.0,0.1962809637687456
train,2013-520,1,207,17,0.0,0.40802995615059906
train,2013-520,1,207,18,0.0,0.4975817144899575
train,2013-520,1,207,19,1.0,0.49792227851666143
train,2013-520,1,207,20,0.0,0.5504173248251264
train,2013-520,1,207,21,1.0,0.6439524283739149
train,2013-520,1,207,22,1.0,0.6747004157289155
train,2013-520,1,207,23,1.0,0.4817872397621676
train,2013-520,1,207,24,1.0,0.511563816648521
train,2013-520,1,207,25,0.0,0.5318192366638846
train,2013-520,1,207,26,1.0,0.6240302009962343
train,2013-520,1,207,27,0.0,0.49988870580331163
train,2013-520,1,207,28,1.0,0.44317740641217646
train,2013-520,1,207,29,0.0,0.03664211967374889
train,2013-520,1,207,30,0.0,0.5228990352740305
train,2013-520,1,207,31,0.0,0.41500112787460064
train,2013-520,1,207,32,0.0,0.49969894433071665
train,2013-520,1,207,33,1.0,0.6666303140428964
train,2013-520,1,207,34,0.0,0.5
train,2013-520,1,207,35,0.0,0.42703346987372615
train,2013-520,1,207,36,1.0,0.5264514569470188
train,2013-520,1,207,37,0.0,0.49778859855635804
train,2013-520,1,207,38,1.0,0.5162261735665091
train,2013-520,1,207,39,0.0,0.3588666798231818
train,2013-520,1,207,40,1.0,0.40505154467257565
train,2013-520,1,207,41,1.0,0.5486661206018087
train,2013-520,1,207,42,0.0,0.5828595124145399
train,2013-520,1,207,43,0.0,0.4466390930030569
train,2013-520,1,207,44,1.0,0.5201005370677219
train,2013-520,1,207,45,1.0,0.5465168240313966
train,2013-520,1,207,46,0.0,0.25872593958853246
train,2013-520,1,207,47,1.0,0.7926223833433804
train,2013-520,1,207,48,1.0,0.5487926116968819
train,2013-520,1,207,49,1.0,0.5001613823469179
train,2013-520,1,207,50,0.0,0.71889716039739
train,2013-520,1,207,51,1.0,0.5639299143442112
train,2013-520,1,207,52,1.0,0.6377479512381368
train,2013-520,1,207,53,0.0,0.6610961137515818
train,2013-520,1,207,54,1.0,0.5638525340586618
train,2013-520,1,207,55,1.0,0.5098368337344619
train,2013-520,1,207,56,1.0,0.6375445779686311
train,2013-520,1,207,57,0.0,0.27615617921739805
train,2013-520,1,207,58,1.0,0.5970116187542492
train,2013-520,1,207,59,1.0,0.5209776868982611
train,2013-520,1,207,60,1.0,0.5
train,2013-520,1,207,61,0.0,0.4305256098761482
train,2013-520,1,207,62,0.0,0.5163217319877603
train,2013-520,1,207,63,1.0,0.507932472218072
train,2013-520,2,208,0,1.0,0.5788497977011756
train,2013-520,2,208,1,0.0,0.28356096407956216
train,2013-520,2,208,2,1.0,0.574695833175824
train,2013-520,2,208,3,0.0,0.42971086305713396
train,2013-520,2,208,4,1.0,0.5637772412041653
train,2013-520,2,208,5,0.0,0.22198627576610794
train,2013-520,2,208,6,0.0,0.3584148018508276
train,2013-520,2,208,7,1.0,0.5364916876341539
train,2013-520,2,208,8,0.0,0.5406041921972857
train,2013-520,2,208,9,0.0,0.4180746343255593
train,2013-520,2,208,10,0.0,0.47567295366069234
train,2013-520,2,208,11,1.0,0.6142305089808917
train,2013-520,2,208,12,1.0,0.6727143717213038
train,2013-520,2,208,13,1.0,0.5260516545592494
train,2013-520,2,208,14,0.0,0.34196815413683457
train,2013-520,2,208,15,1.0,0.5654208074860029
train,2013-520,2,208,16,0.0,0.47694063708519446
train,2013-520,2,208,17,1.0,0.7759740883585466
train,2013-520,2,208,18,1.0,0.5986440039284766
train,2013-520,2,208,19,0.0,0.43046408593952296
train,2013-520,2,208,20,0.0,0.38073906564707494
train,2013-520,2,208,21,1.0,0.9977046746313041
train,2013-520,2,208,22,0.0,0.7310193487532909
train,2013-520,2,208,23,0.0,0.4764042909615129
train,2013-520,2,208,24,0.0,0.3639322052158179
train,2013-520,2,208,25,0.0,0.4323307246273948
train,2013-520,2,208,26,0.0,0.5424605033609297
train,2013-520,2,208,27,1.0,0.6338502420928381
train,2013-520,2,208,28,1.0,0.685393346502126
train,2013-520,2,208,29,1.0,0.8740067395103779
train,2013-520,2,208,30,0.0,0.03780908243197026
train,2013-520,2,208,31,0.0,0.35690320314812835
train,2013-520,3,209,0,1.0,0.7889182913579585
train,2013-520,3,209,1,1.0,0.6425637469758438
train,2013-520,3,209,2,0.0,0.1609699694904845
train,2013-520,3,209,3,1.0,0.6381919563657742
train,2013-520,3,209,4,1.0,0.48705153613506147
train,2013-520,3,209,5,0.0,0.3038974567746122
train,2013-520,3,209,6,0.0,0.5379176797232822
train,2013-520,3,209,7,1.0,0.6501688177554601
train,2013-520,3,209,8,1.0,0.4573916115500993
train,2013-520,3,209,9,0.0,0.40598073900216924
train,2013-520,3,209,10,0.0,0.28510741013661084
train,2013-520,3,209,11,1.0,0.5228574108087467
train,2013-520,3,209,12,0.0,0.0040589437894682084
train,2013-520,3,209,13,0.0,0.48021035596932765
train,2013-520,3,209,14,0.0,0.3802707266565145
train,2013-520,3,209,15,1.0,0.9353842897379803
train,2013-520,4,210,0,1.0,0.7801149880366952
train,2013-520,4,210,1,1.0,0.6685519801346206
train,2013-520,4,210,2,0.0,0.22144426584407023
train,2013-520,4,210,3,1.0,0.41361951102795674
train,2013-520,4,210,4,1.0,0.6135643402730767
train,2013-520,4,210,5,0.0,0.0038526559401419144
train,2013-520,4,210,6,0.0,0.5355054859933321
train,2013-520,4,210,7,0.0,0.07719430023950505
train,2013-520,5,211,0,1.0,0.29119299341711036
train,2013-520,5,211,1,0.0,0.3015909721118982
train,2013-520,5,211,2,0.0,0.009166229204867954
train,2013-520,5,211,3,1.0,0.931312835034524
train,2013-520,6,212,0,1.0,0.5749870380768607
train,2013-520,6,212,1,1.0,0.9387158824894312
train,2013-520,7,213,0,0.0,0.010284638436282334
train,2013-540,1,214,0,1.0,0.9719191096657811
train,2013-540,1,214,1,0.0,0.1795142408135844
train,2013-540,1,214,2,1.0,0.6226672869755914
train,2013-540,1,214,3,1.0,0.49444263828320734
train,2013-540,1,214,4,1.0,0.4814909713591181
train,2013-540,1,214,5,1.0,0.5403041074713127
train,2013-540,1,214,6,0.0,0.6430006500994309
train,2013-540,1,214,7,0.0,0.49565148051825225
train,2013-540,1,214,8,0.0,0.4377020272088856
train,2013-540,1,214,9,1.0,0.4718654445590906
train,2013-540,1,214,10,1.0,0.5196402846508815
train,2013-540,1,214,11,1.0,0.5072243398287656
train,2013-540,1,214,12,1.0,0.5153764625938531
train,2013-540,1,214,13,0.0,0.3511790012050468
train,2013-540,1,214,14,1.0,0.6868046092966252
train,2013-540,1,214,15,1.0,0.5648681263478634
train,2013-540,1,214,16,1.0,0.5028152951469814
train,2013-540,1,214,17,1.0,0.5218428133435952
train,2013-540,1,214,18,1.0,0.43593145118010934
train,2013-540,1,214,19,1.0,0.5018644335989605
train,2013-540,1,214,20,1.0,0.6355114051993095
train,2013-540,1,214,21,1.0,0.7630052081287829
train,2013-540,1,214,22,1.0,0.502271359835542
train,2013-540,1,214,23,0.0,0.415428029278355
train,2013-540,1,214,24,1.0,0.6691005235838142
train,2013-540,1,214,25,1.0,0.426049936808322
train,2013-540,1,214,26,0.0,0.5
train,2013-540,1,214,27,0.0,0.5014153972033961
train,2013-540,1,214,28,0.0,0.2929680647655211
train,2013-540,1,214,29,1.0,0.5818059197275023
train,2013-540,1,214,30,1.0,0.38672435909302066
train,2013-540,1,214,31,1.0,0.5120439471618845
train,2013-540,1,214,32,0.0,0.41947422837711407
train,2013-540,1,214,33,0.0,0.38404186162570453
train,2013-540,1,214,34,0.0,0.4843549286510408
train,2013-540,1,214,35,1.0,0.5146388799150068
train,2013-540,1,214,36,0.0,0.2691752657047035
train,2013-540,1,214,37,0.0,0.5280639446064452
train,2013-540,1,214,38,0.0,0.5026442122001579
train,2013-540,1,214,39,0.0,0.5870471621011203
train,2013-540,1,214,40,1.0,0.7715385285251646
train,2013-540,1,214,41,1.0,0.4759783827549557
train,2013-540,1,214,42,0.0,0.4977865318827344
train,2013-540,1,214,43,0.0,0.44507046728478067
train,2013-540,1,214,44,1.0,0.36615880585056887
train,2013-540,1,214,45,0.0,0.468157128403415
train,2013-540,1,214,46,0.0,0.1692784703386151
train,2013-540,1,214,47,1.0,0.9786531785489898
train,2013-540,1,214,48,0.0,0.5229003237998319
train,2013-540,1,214,49,0.0,0.621360834356496
train,2013-540,1,214,50,1.0,0.5318247910233423
train,2013-540,1,214,51,0.0,0.46315733452172336
train,2013-540,1,214,52,1.0,0.4153789537696602
train,2013-540,1,214,53,1.0,0.5150091314946972
train,2013-540,1,214,54,0.0,0.45899150205847583
train,2013-540,1,214,55,0.0,0.5754466343705793
train,2013-540,1,214,56,0.0,0.26627812373794146
train,2013-540,1,214,57,0.0,0.46328341036746706
train,2013-540,1,214,58,0.0,0.5534248494325995
train,2013-540,1,214,59,0.0,0.2701851707816501
train,2013-540,1,214,60,1.0,0.12342954731860349
train,2013-540,1,214,61,0.0,0.47993102449164815
train,2013-540,1,214,62,1.0,0.5272898230154244
train,2013-540,1,214,63,0.0,0.4671976872782109
train,2013-540,2,215,0,1.0,0.4663745967084286
train,2013-540,2,215,1,1.0,0.23449701889663951
train,2013-540,2,215,2,0.0,0.5053280656874901
train,2013-540,2,215,3,1.0,0.30312185197629443
train,2013-540,2,215,4,1.0,0.5783382443049151
train,2013-540,2,215,5,0.0,0.40463066105744544
train,2013-540,2,215,6,0.0,0.7552988369768553
train,2013-540,2,215,7,0.0,0.502196361567206
train,2013-540,2,215,8,1.0,0.11551342442842673
train,2013-540,2,215,9,0.0,0.5066018686378245
train,2013-540,2,215,10,1.0,0.5730102258664127
train,2013-540,2,215,11,1.0,0.03258388508739361
train,2013-540,2,215,12,1.0,0.3861064209184324
train,2013-540,2,215,13,1.0,0.5205996648982286
train,2013-540,2,215,14,0.0,0.6059471128211265
train,2013-540,2,215,15,1.0,0.6191214774855152
train,2013-540,2,215,16,0.0,0.47565157782328643
train,2013-540,2,215,17,0.0,0.30028132119085454
train,2013-540,2,215,18,1.0,0.7271737359258946
train,2013-540,2,215,19,0.0,0.4901948957119254
train,2013-540,2,215,20,1.0,0.6355832804830434
train,2013-540,2,215,21,1.0,0.6934747803774827
train,2013-540,2,215,22,0.0,0.44353819646613085
train,2013-540,2,215,23,1.0,0.5567714783585104
train,2013-540,2,215,24,0.0,0.3498624907329098
train,2013-540,2,215,25,1.0,0.8477322200276408
train,2013-540,2,215,26,1.0,0.7797521178022306
train,2013-540,2,215,27,1.0,0.546789913864177
train,2013-540,2,215,28,1.0,0.6234194005079534
train,2013-540,2,215,29,0.0,0.7997235803034349
train,2013-540,2,215,30,0.0,0.1843201563005738
train,2013-540,2,215,31,0.0,0.03288130326500662
train,2013-540,3,216,0,0.0,0.3503437738382452
train,2013-540,3,216,1,0.0,0.21904258951482067
train,2013-540,3,216,2,1.0,0.9691488247215216
train,2013-540,3,216,3,1.0,0.6687885536512647
train,2013-540,3,216,4,1.0,0.6255198179045066
train,2013-540,3,216,5,0.0,0.46563995832970023
train,2013-540,3,216,6,1.0,0.38109618468899786
train,2013-540,3,216,7,1.0,0.5601900958831965
train,2013-540,3,216,8,1.0,0.4598457754643043
train,2013-540,3,216,9,0.0,0.4346831515826837
train,2013-540,3,216,10,0.0,0.4651135891902571
train,2013-540,3,216,11,0.0,0.26723123827401596
train,2013-540,3,216,12,1.0,0.6555404649188493
train,2013-540,3,216,13,0.0,0.41613143976192796
train,2013-540,3,216,14,1.0,0.5039183170442836
train,2013-540,3,216,15,1.0,0.5131526511489684
train,2013-540,4,217,0,1.0,0.9403498208097465
train,2013-540,4,217,1,1.0,0.6304821114807421
train,2013-540,4,217,2,0.0,0.5671808786101286
train,2013-540,4,217,3,1.0,0.5113226419151253
train,2013-540,4,217,4,0.0,0.6313762695831411
train,2013-540,4,217,5,0.0,0.5483689765513338
train,2013-540,4,217,6,0.0,0.6650094102469515
train,2013-540,4,217,7,1.0,0.546579735710893
train,2013-540,5,218,0,1.0,0.9366083330360868
train,2013-540,5,218,1,0.0,0.4640889102747603
train,2013-540,5,218,2,0.0,0.5187518609942666
train,2013-540,5,218,3,1.0,0.6740675942264271
train,2013-540,6,219,0,0.0,0.034664749161178954
train,2013-540,6,219,1,0.0,0.26908269922318795
train,2013-540,7,220,0,1.0,0.8545461480313132
train,2013-560,1,233,0,1.0,0.36403517614020997
train,2013-560,1,233,1,0.0,0.6362058973218979
train,2013-560,1,233,2,0.0,0.3898193088032058
train,2013-560,1,233,3,1.0,0.6064872597201989
train,2013-560,1,233,4,0.0,0.5174214060497434
train,2013-560,1,233,5,0.0,0.48103922112793324
train,2013-560,1,233,6,0.0,0.543274228071001
train,2013-560,1,233,7,1.0,0.5138886157335537
train,2013-560,1,233,8,0.0,0.49468465497874636
train,2013-560,1,233,9,0.0,0.47653511310511687
train,2013-560,1,233,10,1.0,0.4254966899375143
train,2013-560,1,233,11,0.0,0.5197892169178316
train,2013-560,1,233,12,1.0,0.492872890287782
train,2013-560,1,233,13,0.0,0.06064712300268687
train,2013-560,1,233,14,1.0,0.7184905335941586
train,2013-560,1,233,15,1.0,0.6037449275672325
train,2013-560,1,233,16,1.0,0.5564917049287103
train,2013-560,1,233,17,1.0,0.9627749429166924
train,2013-560,1,233,18,1.0,0.5946961059398944
train,2013-560,1,233,19,0.0,0.45253035882230197
train,2013-560,1,233,20,1.0,0.5029912435382412
train,2013-560,1,233,21,1.0,0.6673320422798615
train,2013-560,1,233,22,0.0,0.542796398570125
train,2013-560,1,233,23,1.0,0.5390243651339167
train,2013-560,1,233,24,0.0,0.49466577602235684
train,2013-560,1,233,25,1.0,0.5625722976379337
train,2013-560,1,233,26,0.0,0.542880505241088
train,2013-560,1,233,27,1.0,0.5433378398033576
train,2013-560,1,233,28,0.0,0.49447509750281193
train,2013-560,1,233,29,0.0,0.0142897926454774
train,2013-560,1,233,30,1.0,0.4942539859589792
train,2013-560,1,233,31,0.0,0.37978015068958987
train,2013-560,1,233,32,0.0,0.5312270113836957
train,2013-560,1,233,33,1.0,0.8460880028386518
train,2013-560,1,233,34,1.0,0.6863732921976767
train,2013-560,1,233,35,0.0,0.5539008442822234
train,2013-560,1,233,36,1.0,0.6239924297223581
train,2013-560,1,233,37,0.0,0.5025995899479173
train,2013-560,1,233,38,1.0,0.6239516670242756
train,2013-560,1,233,39,1.0,0.7807809880648927
train,2013-560,1,233,40,1.0,0.44188730986212116
train,2013-560,1,233,41,0.0,0.5024659851287533
train,2013-560,1,233,42,1.0,0.5048719979745636
train,2013-560,1,233,43,1.0,0.568324700305067
train,2013-560,1,233,44,1.0,0.6462535315020473
train,2013-560,1,233,45,0.0,0.5032523460576771
train,2013-560,1,233,46,1.0,0.5037174799774089
train,2013-560,1,233,47,1.0,0.9546072295468722
train,2013-560,1,233,48,1.0,0.774959482706823
train,2013-560,1,233,49,1.0,0.4874142004070665
train,2013-560,1,233,50,1.0,0.5155816370658282
train,2013-560,1,233,51,0.0,0.3506403227951178
train,2013-560,1,233,52,0.0,0.5019955993608435
train,2013-560,1,233,53,1.0,0.4812234334068651
train,2013-560,1,233,54,0.0,0.604314480729694
train,2013-560,1,233,55,0.0,0.28373873747802375
train,2013-560,1,233,56,0.0,0.4912228329251231
train,2013-560,1,233,57,0.0,0.4977349803885187
train,2013-560,1,233,58,1.0,0.5643679973413318
train,2013-560,1,233,59,0.0,0.4338531785094584
train,2013-560,1,233,60,0.0,0.5011067570999188
train,2013-560,1,233,61,0.0,0.5000618929210899
train,2013-560,1,233,62,0.0,0.28500279863726646
train,2013-560,1,233,63,0.0,0.5
train,2013-560,2,234,0,0.0,0.34838718163803406
train,2013-560,2,234,1,0.0,0.40196722467987217
train,2013-560,2,234,2,1.0,0.7008115584669723
train,2013-560,2,234,3,0.0,0.5050194213098174
train,2013-560,2,234,4,1.0,0.49996135168271844
train,2013-560,2,234,5,1.0,0.6849566485293064
train,2013-560,2,234,6,0.0,0.04670743736310841
train,2013-560,2,234,7,1.0,0.35808140158096485
train,2013-560,2,234,8,1.0,0.5808624481389085
train,2013-560,2,234,9,1.0,0.4764883909619138
train,2013-560,2,234,10,0.0,0.22645977428442995
train,2013-560,2,234,11,0.0,0.43339801312455295
train,2013-560,2,234,12,1.0,0.5121242544252809
train,2013-560,2,234,13,1.0,0.8457196650988451
train,2013-560,2,234,14,1.0,0.4610511095888166
train,2013-560,2,234,15,1.0,0.49382127557508537
train,2013-560,2,234,16,0.0,0.4178637453371919
train,2013-560,2,234,17,0.0,0.4821311685186862
train,2013-560,2,234,18,1.0,0.5419689281098051
train,2013-560,2,234,19,1.0,0.5454508730400682
train,2013-560,2,234,20,1.0,0.963510519439374
train,2013-560,2,234,21,0.0,0.6696175845840083
train,2013-560,2,234,22,1.0,0.6220902431175268
train,2013-560,2,234,23,0.0,0.4594637632803803
train,2013-560,2,234,24,1.0,0.680894460674388
train,2013-560,2,234,25,0.0,0.4636462883695437
train,2013-560,2,234,26,1.0,0.40611109205200413
train,2013-560,2,234,27,0.0,0.2824692199828668
train,2013-560,2,234,28,0.0,0.6242469052297999
train,2013-560,2,234,29,0.0,0.5484005782112478
train,2013-560,2,234,30,1.0,0.9611969633361748
train,2013-560,2,234,31,1.0,0.9851873980136935
train,2013-560,3,235,0,0.0,0.3462846462172908
train,2013-560,3,235,1,1.0,0.9853145097337955
train,2013-560,3,235,2,0.0,0.05254889899914754
train,2013-560,3,235,3,1.0,0.3032576306904603
train,2013-560,3,235,4,0.0,0.40863142249462797
train,2013-560,3,235,5,1.0,0.9504310233797318
train,2013-560,3,235,6,1.0,0.7686288080113794
train,2013-560,3,235,7,1.0,0.6275032470123592
train,2013-560,3,235,8,1.0,0.6598249049124035
train,2013-560,3,235,9,0.0,0.2321390979398149
train,2013-560,3,235,10,0.0,0.4422020589264349
train,2013-560,3,235,11,0.0,0.5079896037183247
train,2013-560,3,235,12,0.0,0.04573904924414679
train,2013-560,3,235,13,0.0,0.4085490150909685
train,2013-560,3,235,14,1.0,0.42489962684743804
train,2013-560,3,235,15,0.0,0.4733888867223581
train,2013-560,4,236,0,0.0,0.06826749903807752
train,2013-560,4,236,1,0.0,0.9312373187840373
train,2013-560,4,236,2,0.0,0.35689345879665674
train,2013-560,4,236,3,1.0,0.4953544028904374
train,2013-560,4,236,4,1.0,0.2753362531329856
train,2013-560,4,236,5,1.0,0.9562916808160459
train,2013-560,4,236,6,1.0,0.5393615028517535
train,2013-560,4,236,7,1.0,0.9824078593736403
train,2013-560,5,237,0,1.0,0.9259348445752463
train,2013-560,5,237,1,1.0,0.43172309117976504
train,2013-560,5,237,2,1.0,0.08900207779962348
train,2013-560,5,237,3,1.0,0.9716967466720695
train,2013-560,6,238,0,1.0,0.895284480026781
train,2013-560,6,238,1,0.0,0.048706549712216995
train,2013-560,7,239,0,1.0,0.28960114907439544
train,2013-580,1,168,0,0.0,0.029894335532101298
train,2013-580,1,168,1,1.0,0.5268066065798365
train,2013-580,1,168,2,1.0,0.6260960942631811
train,2013-580,1,168,3,0.0,0.49273452673408125
train,2013-580,1,168,4,0.0,0.5035011851165697
train,2013-580,1,168,5,1.0,0.566948417648748
train,2013-580,1,168,6,1.0,0.5555406436021126
train,2013-580,1,168,7,0.0,0.4956560463127483
train,2013-580,1,168,8,0.0,0.5
train,2013-580,1,168,9,0.0,0.39726283078356434
train,2013-580,1,168,10,1.0,0.6022532041140225
train,2013-580,1,168,11,0.0,0.5002700005403465
train,2013-580,1,168,12,1.0,0.40478262538621995
train,2013-580,1,168,13,0.0,0.2421901102256292
train,2013-580,1,168,14,1.0,0.8271658947757219
train,2013-580,1,168,15,0.0,0.44427012527157794
train,2013-580,1,168,16,0.0,0.515040749985254
train,2013-580,1,168,17,1.0,0.5170483893651562
train,2013-580,1,168,18,0.0,0.3842193585895199
train,2013-580,1,168,19,0.0,0.5073402774307951
train,2013-580,1,168,20,1.0,0.629772402155801
train,2013-580,1,168,21,0.0,0.6369609750957779
train,2013-580,1,168,22,0.0,0.32904536599347567
train,2013-580,1,168,23,0.0,0.5146124972604896
train,2013-580,1,168,24,1.0,0.4477758225695627
train,2013-580,1,168,25,0.0,0.31646628207959027
train,2013-580,1,168,26,1.0,0.5665505561237908
train,2013-580,1,168,27,0.0,0.4167311281715462
train,2013-580,1,168,28,0.0,0.5011334568075287
train,2013-580,1,168,29,0.0,0.33615355989515316
train,2013-580,1,168,30,1.0,0.47544652458274445
train,2013-580,1,168,31,1.0,0.5003010262222529
train,2013-580,1,168,32,0.0,0.012272097494997252
train,2013-580,1,168,33,0.0,0.43109271912945896
train,2013-580,1,168,34,0.0,0.5240269807054775
train,2013-580,1,168,35,0.0,0.38390482199681547
train,2013-580,1,168,36,0.0,0.4997170707340564
train,2013-580,1,168,37,1.0,0.5133234158664088
train,2013-580,1,168,38,0.0,0.3322536669802983
train,2013-580,1,168,39,0.0,0.3107167955392654
train,2013-580,1,168,40,1.0,0.5441937754494841
train,2013-580,1,168,41,1.0,0.5533389116381418
train,2013-580,1,168,42,1.0,0.42008305969856374
train,2013-580,1,168,43,0.0,0.5063478229613312
train,2013-580,1,168,44,1.0,0.5000945902247299
train,2013-580,1,168,45,0.0,0.5002829292659435
train,2013-580,1,168,46,0.0,0.29850899274674064
train,2013-580,1,168,47,1.0,0.9612232312828589
train,2013-580,1,168,48,1.0,0.4501889346891829
train,2013-580,1,168,49,0.0,0.5141875175057419
train,2013-580,1,168,50,0.0,0.2707792858064122
train,2013-580,1,168,51,1.0,0.5139792244547862
train,2013-580,1,168,52,1.0,0.6625090283099334
train,2013-580,1,168,53,0.0,0.44891308260005885
train,2013-580,1,168,54,0.0,0.49985454471212176
train,2013-580,1,168,55,0.0,0.4889018598060927
train,2013-580,1,168,56,1.0,0.5326930325441354
train,2013-580,1,168,57,1.0,0.6408583445284499
train,2013-580,1,168,58,0.0,0.325883622539413
train,2013-580,1,168,59,0.0,0.5932612849845441
train,2013-580,1,168,60,0.0,0.4879413294976276
train,2013-580,1,168,61,1.0,0.5811471643562296
train,2013-580,1,168,62,1.0,0.5447089210695404
train,2013-580,1,168,63,1.0,0.47548184673869875
train,2013-580,2,169,0,0.0,0.47897471814769765
train,2013-580,2,169,1,1.0,0.639778801935645
train,2013-580,2,169,2,1.0,0.6664410412951589
train,2013-580,2,169,3,0.0,0.3633684741050075
train,2013-580,2,169,4,0.0,0.5336829178677622
train,2013-580,2,169,5,0.0,0.3861189736186503
train,2013-580,2,169,6,1.0,0.8202696127302723
train,2013-580,2,169,7,0.0,0.48525828376156915
train,2013-580,2,169,8,0.0,0.3456167342825389
train,2013-580,2,169,9,1.0,0.654489706031087
train,2013-580,2,169,10,0.0,0.3835886746210588
train,2013-580,2,169,11,1.0,0.9626172850258793
train,2013-580,2,169,12,0.0,0.493434107189673
train,2013-580,2,169,13,1.0,0.6741728338012304
train,2013-580,2,169,14,0.0,0.39713154585510546
train,2013-580,2,169,15,1.0,0.6316714313640681
train,2013-580,2,169,16,1.0,0.5616105343868384
train,2013-580,2,169,17,1.0,0.5667383643644982
train,2013-580,2,169,18,1.0,0.3974545511648365
train,2013-580,2,169,19,1.0,0.6187487871469085
train,2013-580,2,169,20,0.0,0.20711577335813888
train,2013-580,2,169,21,0.0,0.173011445383038
train,2013-580,2,169,22,1.0,0.5334261794630253
train,2013-580,2,169,23,0.0,0.3985082174693392
train,2013-580,2,169,24,0.0,0.3864635927184291
train,2013-580,2,169,25,1.0,0.5325012698892486
train,2013-580,2,169,26,1.0,0.6695054114627211
train,2013-580,2,169,27,1.0,0.5487529662616275
train,2013-580,2,169,28,1.0,0.6628086341078873
train,2013-580,2,169,29,1.0,0.9422312947296316
train,2013-580,2,169,30,1.0,0.9889869926828918
train,2013-580,2,169,31,0.0,0.28182011982464067
train,2013-580,3,170,0,0.0,0.1847482074279593
train,2013-580,3,170,1,0.0,0.5114571994896033
train,2013-580,3,170,2,1.0,0.9673143722407455
train,2013-580,3,170,3,0.0,0.44427915093017123
train,2013-580,3,170,4,1.0,0.6454087438249761
train,2013-580,3,170,5,1.0,0.9594130112881704
train,2013-580,3,170,6,0.0,0.46899177586930235
train,2013-580,3,170,7,1.0,0.39816487694969505
train,2013-580,3,170,8,0.0,0.5752762334524559
train,2013-580,3,170,9,0.0,0.43237308369349176
train,2013-580,3,170,10,0.0,0.5683125590979037
train,2013-580,3,170,11,1.0,0.559106597017506
train,2013-580,3,170,12,0.0,0.28804507828920545
train,2013-580,3,170,13,0.0,0.1967581662459294
train,2013-580,3,170,14,0.0,0.4885340050280755
train,2013-580,3,170,15,0.0,0.01934575210984313
train,2013-580,4,171,0,1.0,0.9409258652729836
train,2013-580,4,171,1,1.0,0.6571584533090512
train,2013-580,4,171,2,0.0,0.08364106820102646
train,2013-580,4,171,3,1.0,0.6340234085494887
train,2013-580,4,171,4,1.0,0.40798475574019755
train,2013-580,4,171,5,1.0,0.75768464100734
train,2013-580,4,171,6,1.0,0.7310529500079281
train,2013-580,4,171,7,0.0,0.024695495523936357
train,2013-580,5,172,0,0.0,0.12432452038264069
train,2013-580,5,172,1,0.0,0.08137161511225484
train,2013-580,5,172,2,1.0,0.7314383248393586
train,2013-580,5,172,3,1.0,0.9466963187465286
train,2013-580,6,173,0,1.0,0.40730888606306737
train,2013-580,6,173,1,1.0,0.9587553158247524
train,2013-580,7,174,0,1.0,0.742556930102788
train,2014-1536,2,279,0,0.0,0.4875681896133971
train,2014-1536,2,279,1,1.0,0.38413226653107796
train,2014-1536,2,279,2,0.0,0.4474118615979395
train,2014-1536,2,279,3,0.0,0.55979516791203
train,2014-1536,2,279,4,1.0,0.462752187408042
train,2014-1536,2,279,5,1.0,0.5773353384205436
train,2014-1536,2,279,6,0.0,0.34473894041901915
train,2014-1536,2,279,7,1.0,0.366561871737338
train,2014-1536,2,279,8,0.0,0.23512642256727165
train,2014-1536,2,279,9,0.0,0.3632258380653108
train,2014-1536,2,279,10,0.0,0.15216891863334095
train,2014-1536,2,279,11,1.0,0.5244049559099188
train,2014-1536,2,279,12,0.0,0.515435353939722
train,2014-1536,2,279,13,0.0,0.41999432031158007
train,2014-1536,2,279,14,1.0,0.5839119505432941
train,2014-1536,2,279,15,0.0,0.4445184182519375
train,2014-1536,2,279,16,0.0,0.4415827574330297
train,2014-1536,2,279,17,1.0,0.5787400137140528
train,2014-1536,2,279,18,1.0,0.35299764844592907
train,2014-1536,2,279,19,0.0,0.45343126669038114
train,2014-1536,2,279,20,0.0,0.5626251516231394
train,2014-1536,2,279,21,1.0,0.4477826938286235
train,2014-1536,2,279,22,1.0,0.6427208757649356
train,2014-1536,2,279,23,0.0,0.5766666414002344
train,2014-1536,3,280,0,1.0,0.5749805633104458
train,2014-1536,3,280,1,0.0,0.6087957249519622
train,2014-1536,3,280,2,0.0,0.508011393383986
train,2014-1536,3,280,3,0.0,0.11484125838781024
train,2014-1536,3,280,4,0.0,0.6403450473266151
train,2014-1536,3,280,5,1.0,0.42847451173294837
train,2014-1536,3,280,6,0.0,0.5021912598115427
train,2014-1536,3,280,7,0.0,0.4494687995961507
train,2014-1536,3,280,8,0.0,0.8014550757778739
train,2014-1536,3,280,9,0.0,0.8525505594527633
train,2014-1536,3,280,10,0.0,0.7417051025559529
train,2014-1536,3,280,11,0.0,0.6204214289970553
train,2014-1536,3,280,12,0.0,0.3373548736030067
train,2014-1536,3,280,13,0.0,0.42572660466563766
train,2014-1536,3,280,14,0.0,0.46414487890930667
train,2014-1536,3,280,15,0.0,0.006493999943507147
train,2014-1536,4,281,0,0.0,0.004437851541667552
train,2014-1536,4,281,1,1.0,0.6547571009091676
train,2014-1536,4,281,2,1.0,0.5293539254499622
train,2014-1536,4,281,3,0.0,0.4349311364788915
train,2014-1536,4,281,4,1.0,0.5006332130622457
train,2014-1536,4,281,5,0.0,0.10918424641342239
train,2014-1536,4,281,6,1.0,0.5712981007172315
train,2014-1536,4,281,7,0.0,0.46318363081543257
train,2014-1536,5,282,0,0.0,0.00916410271514695
train,2014-1536,5,282,1,1.0,0.362876638270626
train,2014-1536,5,282,2,0.0,0.41392668643270414
train,2014-1536,5,282,3,1.0,0.8229684751995051
train,2014-1536,6,283,0,0.0,0.004850348094751349
train,2014-1536,6,283,1,1.0,0.17801679513737334
train,2014-1536,7,284,0,0.0,0.009680952226960905
train,2014-352,2,330,0,1.0,0.5332580095780758
train,2014-352,2,330,1,0.0,0.41014338244167586
train,2014-352,2,330,2,1.0,0.6036434078706847
train,2014-352,2,330,3,0.0,0.5073503498408867
train,2014-352,2,330,4,1.0,0.5859743044786174
train,2014-352,2,330,5,1.0,0.5007103705773461
train,2014-352,2,330,6,0.0,0.4244166848720525
train,2014-352,2,330,7,0.0,0.49914553296031
train,2014-352,2,330,8,1.0,0.5191216833277451
train,2014-352,2,330,9,0.0,0.6428507598285215
train,2014-352,2,330,10,1.0,0.7212573114017761
train,2014-352,2,330,11,0.0,0.5054674559213296
train,2014-352,2,330,12,1.0,0.4407005479083519
train,2014-352,2,330,13,1.0,0.5950972674765875
train,2014-352,2,330,14,1.0,0.4376949629042648
train,2014-352,2,330,15,0.0,0.31551489823703854
train,2014-352,3,331,0,0.0,0.1867776815544571
train,2014-352,3,331,1,1.0,0.6203247710167585
train,2014-352,3,331,2,0.0,0.6869966799623188
train,2014-352,3,331,3,0.0,0.5577828710980008
train,2014-352,3,331,4,1.0,0.9540716189383981
train,2014-352,3,331,5,0.0,0.40132794086107865
train,2014-352,3,331,6,0.0,0.48902582194207656
train,2014-352,3,331,7,1.0,0.7825510262475421
train,2014-352,3,331,8,0.0,0.13771918965236637
train,2014-352,3,331,9,0.0,0.47260708099286636
train,2014-352,3,331,10,0.0,0.5737913007206814
train,2014-352,3,331,11,1.0,0.8156241073029142
train,2014-352,3,331,12,1.0,0.5739237696678244
train,2014-352,3,331,13,0.0,0.5518629062946571
train,2014-352,3,331,14,1.0,0.9017313391509376
train,2014-352,3,331,15,0.0,0.020398378198379793
train,2014-352,4,332,0,1.0,0.7402087291017595
train,2014-352,4,332,1,0.0,0.022811773753729475
train,2014-352,4,332,2,1.0,0.9211847207426036
train,2014-352,4,332,3,0.0,0.6363143135501977
train,2014-352,4,332,4,1.0,0.2543363497656764
train,2014-352,4,332,5,0.0,0.42510576165733804
train,2014-352,4,332,6,0.0,0.03320038762707798
train,2014-352,4,332,7,1.0,0.6946944582070863
train,2014-352,5,333,0,1.0,0.5056600561293367
train,2014-352,5,333,1,0.0,0.17445079313039558
train,2014-352,5,333,2,1.0,0.6806270002582171
train,2014-352,5,333,3,0.0,0.9454163142035164
train,2014-352,6,334,0,0.0,0.060524561390948355
train,2014-352,6,334,1,0.0,0.6434609060214282
train,2014-352,7,335,0,1.0,0.9724488284141213
train,2014-403,1,266,0,0.0,0.5008362360467181
train,2014-403,1,266,1,1.0,0.5002824047329911
train,2014-403,1,266,2,1.0,0.4997932172524359
train,2014-403,1,266,3,1.0,0.49701579146598085
train,2014-403,1,266,4,1.0,0.5457575851989168
train,2014-403,1,266,5,0.0,0.5700354263900841
train,2014-403,1,266,6,1.0,0.5075336339368252
train,2014-403,1,266,7,1.0,0.6010425428476355
train,2014-403,1,266,8,0.0,0.4762147384558901
train,2014-403,1,266,9,0.0,0.4791871253252799
train,2014-403,1,266,10,0.0,0.5171582029135795
train,2014-403,1,266,11,0.0,0.49935487951018825
train,2014-403,1,266,12,0.0,0.49373429238540173
train,2014-403,1,266,13,0.0,0.5022478053943406
train,2014-403,1,266,14,0.0,0.47439165915465176
train,2014-403,1,266,15,1.0,0.5063181924106545
train,2014-403,1,266,16,0.0,0.4970598017891532
train,2014-403,1,266,17,1.0,0.5278374584709979
train,2014-403,1,266,18,1.0,0.5253868084106886
train,2014-403,1,266,19,1.0,0.5708255247813958
train,2014-403,1,266,20,1.0,0.5070869796566235
train,2014-403,1,266,21,1.0,0.5907331397809916
train,2014-403,1,266,22,1.0,0.4906673724651309
train,2014-403,1,266,23,1.0,0.49452812631914533
train,2014-403,1,266,24,1.0,0.4640652702800717
train,2014-403,1,266,25,0.0,0.5020592230208715
train,2014-403,1,266,26,1.0,0.5231179524041202
train,2014-403,1,266,27,1.0,0.5448218383313845
train,2014-403,1,266,28,0.0,0.4086313157854563
train,2014-403,1,266,29,1.0,0.48485071581282163
train,2014-403,1,266,30,1.0,0.35567928419101813
train,2014-403,1,266,31,0.0,0.40823384585836137
train,2014-403,2,267,0,0.0,0.019276889989805417
train,2014-403,2,267,1,0.0,0.5138246443250989
train,2014-403,2,267,2,1.0,0.4986704221627439
train,2014-403,2,267,3,0.0,0.4108447520769699
train,2014-403,2,267,4,1.0,0.7319195980888359
train,2014-403,2,267,5,1.0,0.4750145369577077
train,2014-403,2,267,6,1.0,0.5834597218356757
train,2014-403,2,267,7,1.0,0.9396700911507764
train,2014-403,2,267,8,1.0,0.8287164690814709
train,2014-403,2,267,9,0.0,0.5467196674294428
train,2014-403,2,267,10,0.0,0.43502568821205595
train,2014-403,2,267,11,1.0,0.556889173125056
train,2014-403,2,267,12,1.0,0.7323397256521991
train,2014-403,2,267,13,0.0,0.31507662207673853
train,2014-403,2,267,14,1.0,0.4126784432146012
train,2014-403,2,267,15,0.0,0.17807920366974797
train,2014-403,2,267,16,0.0,0.05742131898618952
train,2014-403,2,267,17,0.0,0.6399124123754771
train,2014-403,2,267,18,0.0,0.5510308086993936
train,2014-403,2,267,19,0.0,0.3052033849583934
train,2014-403,2,267,20,0.0,0.5118657808776322
train,2014-403,2,267,21,0.0,0.48914036583070436
train,2014-403,2,267,22,0.0,0.6314451842172051
train,2014-403,2,267,23,1.0,0.8747370843548542
train,2014-403,2,267,24,0.0,0.4908748553388684
train,2014-403,2,267,25,1.0,0.42763727728783485
train,2014-403,2,267,26,0.0,0.35574198612787034
train,2014-403,2,267,27,1.0,0.5499867392813543
train,2014-403,2,267,28,1.0,0.42474716416414504
train,2014-403,2,267,29,1.0,0.4908773995043194
train,2014-403,2,267,30,0.0,0.038526960612909646
train,2014-403,2,267,31,0.0,0.5364512272256124
train,2014-403,3,268,0,0.0,0.4419804523424478
train,2014-403,3,268,1,0.0,0.13237909139151374
train,2014-403,3,268,2,0.0,0.4933049236879992
train,2014-403,3,268,3,1.0,0.6137898035524729
train,2014-403,3,268,4,0.0,0.4860897585249224
train,2014-403,3,268,5,1.0,0.9656168754119289
train,2014-403,3,268,6,0.0,0.3506249396199601
train,2014-403,3,268,7,1.0,0.8151958800349498
train,2014-403,3,268,8,1.0,0.647165543603275
train,2014-403,3,268,9,0.0,0.015662818210122074
train,2014-403,3,268,10,0.0,0.4107424053266741
train,2014-403,3,268,11,0.0,0.33439115166089445
train,2014-403,3,268,12,1.0,0.9170317194052793
train,2014-403,3,268,13,0.0,0.1949783279117596
train,2014-403,3,268,14,1.0,0.5246059950618813
train,2014-403,3,268,15,1.0,0.9528952789247662
train,2014-403,4,269,0,1.0,0.6460120215477926
train,2014-403,4,269,1,1.0,0.9730025783362837
train,2014-403,4,269,2,1.0,0.8277694989080173
train,2014-403,4,269,3,1.0,0.2162285346254547
train,2014-403,4,269,4,1.0,0.8833255362101888
train,2014-403,4,269,5,0.0,0.8482987846458171
train,2014-403,4,269,6,1.0,0.6348948183499649
train,2014-403,4,269,7,0.0,0.034729402584483315
train,2014-403,5,270,0,1.0,0.8314424889018602
train,2014-403,5,270,1,0.0,0.9272628423209671
train,2014-403,5,270,2,1.0,0.7731721383752899
train,2014-403,5,270,3,0.0,0.0512659635205346
train,2014-403,6,271,0,1.0,0.9758046755746912
train,2014-403,6,271,1,0.0,0.1296603513634234
train,2014-403,7,272,0,1.0,0.7121853228643519
train,2014-404,1,259,0,1.0,0.5
train,2014-404,1,259,1,0.0,0.5
train,2014-404,1,259,2,1.0,0.5
train,2014-404,1,259,3,1.0,0.5
train,2014-404,1,259,4,1.0,0.5
train,2014-404,1,259,5,0.0,0.5
train,2014-404,1,259,6,0.0,0.5
train,2014-404,1,259,7,1.0,0.5
train,2014-404,1,259,8,0.0,0.5
train,2014-404,1,259,9,0.0,0.5
train,2014-404,1,259,10,0.0,0.5
train,2014-404,1,259,11,0.0,0.5
train,2014-404,1,259,12,0.0,0.5
train,2014-404,1,259,13,1.0,0.5
train,2014-404,1,259,14,1.0,0.5
train,2014-404,1,259,15,1.0,0.5
train,2014-404,1,259,16,1.0,0.5
train,2014-404,1,259,17,0.0,0.5
train,2014-404,1,259,18,0.0,0.5
train,2014-404,1,259,19,0.0,0.5
train,2014-404,1,259,20,1.0,0.5
train,2014-404,1,259,21,1.0,0.5
train,2014-404,1,259,22,0.0,0.5
train,2014-404,1,259,23,1.0,0.5
train,2014-404,1,259,24,1.0,0.5
train,2014-404,1,259,25,0.0,0.5
train,2014-404,1,259,26,0.0,0.5
train,2014-404,1,259,27,1.0,0.5
train,2014-404,1,259,28,0.0,0.5
train,2014-404,1,259,29,0.0,0.5
train,2014-404,1,259,30,0.0,0.5
train,2014-404,1,259,31,1.0,0.5
train,2014-404,2,260,0,1.0,0.5
train,2014-404,2,260,1,1.0,0.5
train,2014-404,2,260,2,1.0,0.5
train,2014-404,2,260,3,0.0,0.5
train,2014-404,2,260,4,0.0,0.5
train,2014-404,2,260,5,0.0,0.5
train,2014-404,2,260,6,0.0,0.5
train,2014-404,2,260,7,1.0,0.5
train,2014-404,2,260,8,0.0,0.5
train,2014-404,2,260,9,1.0,0.5
train,2014-404,2,260,10,1.0,0.5
train,2014-404,2,260,11,0.0,0.5
train,2014-404,2,260,12,0.0,0.5
train,2014-404,2,260,13,1.0,0.5
train,2014-404,2,260,14,1.0,0.5
train,2014-404,2,260,15,0.0,0.5
train,2014-404,2,260,16,1.0,0.5
train,2014-404,2,260,17,1.0,0.5
train,2014-404,2,260,18,1.0,0.5
train,2014-404,2,260,19,0.0,0.5
train,2014-404,2,260,20,1.0,0.5
train,2014-404,2,260,21,1.0,0.5
train,2014-404,2,260,22,1.0,0.5
train,2014-404,2,260,23,1.0,0.5
train,2014-404,2,260,24,0.0,0.5
train,2014-404,2,260,25,0.0,0.5
train,2014-404,2,260,26,0.0,0.5
train,2014-404,2,260,27,0.0,0.5
train,2014-404,2,260,28,1.0,0.5
train,2014-404,2,260,29,0.0,0.5
train,2014-404,2,260,30,0.0,0.5
train,2014-404,2,260,31,0.0,0.5
train,2014-404,3,261,0,1.0,0.5
train,2014-404,3,261,1,0.0,0.5
train,2014-404,3,261,2,1.0,0.5
train,2014-404,3,261,3,1.0,0.5
train,2014-404,3,261,4,0.0,0.5
train,2014-404,3,261,5,1.0,0.5
train,2014-404,3,261,6,1.0,0.5
train,2014-404,3,261,7,0.0,0.5
train,2014-404,3,261,8,0.0,0.5
train,2014-404,3,261,9,0.0,0.5
train,2014-404,3,261,10,0.0,0.5
train,2014-404,3,261,11,0.0,0.5
train,2014-404,3,261,12,0.0,0.5
train,2014-404,3,261,13,1.0,0.5
train,2014-404,3,261,14,1.0,0.5
train,2014-404,3,261,15,1.0,0.5
train,2014-404,4,262,0,1.0,0.5
train,2014-404,4,262,1,1.0,0.5
train,2014-404,4,262,2,0.0,0.5
train,2014-404,4,262,3,1.0,0.5
train,2014-404,4,262,4,1.0,0.5
train,2014-404,4,262,5,0.0,0.5
train,2014-404,4,262,6,1.0,0.5
train,2014-404,4,262,7,1.0,0.5
train,2014-404,5,263,0,0.0,0.5
train,2014-404,5,263,1,0.0,0.5
train,2014-404,5,263,2,1.0,0.5
train,2014-404,5,263,3,0.0,0.5
train,2014-404,6,264,0,1.0,0.5
train,2014-404,6,264,1,1.0,0.5
train,2014-404,7,265,0,0.0,0.5
train,2014-410,2,273,0,1.0,0.35857679435364104
train,2014-410,2,273,1,1.0,0.5724986783346869
train,2014-410,2,273,2,1.0,0.4209800629088742
train,2014-410,2,273,3,1.0,0.5168251814219668
train,2014-410,2,273,4,0.0,0.4690661896243532
train,2014-410,2,273,5,0.0,0.4415020958046986
train,2014-410,2,273,6,1.0,0.4995500222275851
train,2014-410,2,273,7,1.0,0.707540175632607
train,2014-410,2,273,8,0.0,0.3597570636880044
train,2014-410,2,273,9,1.0,0.408637512553767
train,2014-410,2,273,10,0.0,0.6039335374310163
train,2014-410,2,273,11,1.0,0.4713044242209851
train,2014-410,2,273,12,1.0,0.5131719826010982
train,2014-410,2,273,13,1.0,0.6287773059808889
train,2014-410,2,273,14,1.0,0.5071763646560283
train,2014-410,2,273,15,0.0,0.5491604309702828
train,2014-410,2,273,16,0.0,0.42013404357815204
train,2014-410,2,273,17,1.0,0.5872054259936001
train,2014-410,2,273,18,1.0,0.5227883684608138
train,2014-410,2,273,19,0.0,0.41748236612289186
train,2014-410,2,273,20,1.0,0.517240291249571
train,2014-410,2,273,21,1.0,0.46981435811943495
train,2014-410,2,273,22,0.0,0.3582165261650764
train,2014-410,2,273,23,0.0,0.42490663298312675
train,2014-410,3,274,0,1.0,0.3609512837767966
train,2014-410,3,274,1,1.0,0.35869792536596845
train,2014-410,3,274,2,1.0,0.673823760148984
train,2014-410,3,274,3,0.0,0.17449422416380778
train,2014-410,3,274,4,0.0,0.3449555459205896
train,2014-410,3,274,5,1.0,0.5923431653094435
train,2014-410,3,274,6,0.0,0.4517387360521447
train,2014-410,3,274,7,1.0,0.5582171190502556
train,2014-410,3,274,8,0.0,0.06559240851362155
train,2014-410,3,274,9,1.0,0.7384298673488197
train,2014-410,3,274,10,0.0,0.5227439102831537
train,2014-410,3,274,11,1.0,0.6722214270018548
train,2014-410,3,274,12,0.0,0.1770643195220131
train,2014-410,3,274,13,1.0,0.5289165693857032
train,2014-410,3,274,14,0.0,0.44693101329895285
train,2014-410,3,274,15,1.0,0.99770679207808
train,2014-410,4,275,0,1.0,0.996494840854716
train,2014-410,4,275,1,0.0,0.6615404754320415
train,2014-410,4,275,2,0.0,0.46843894272570463
train,2014-410,4,275,3,1.0,0.42304446523138345
train,2014-410,4,275,4,0.0,0.3841817702654634
train,2014-410,4,275,5,1.0,0.8682853585413571
train,2014-410,4,275,6,0.0,0.05290699941670478
train,2014-410,4,275,7,1.0,0.7864506743360932
train,2014-410,5,276,0,0.0,0.9872802958251282
train,2014-410,5,276,1,0.0,0.30343856239133443
train,2014-410,5,276,2,1.0,0.6680386527875581
train,2014-410,5,276,3,1.0,0.9171219083335782
train,2014-410,6,277,0,1.0,0.20704343229904343
train,2014-410,6,277,1,1.0,0.29530048644888374
train,2014-410,7,278,0,0.0,0.7160859484193635
train,2014-416,2,285,0,0.0,0.7468045384038078
train,2014-416,2,285,1,0.0,0.38071416018944426
train,2014-416,2,285,2,0.0,0.3924280768798688
train,2014-416,2,285,3,1.0,0.3928920703117868
train,2014-416,2,285,4,1.0,0.45883229793490404
train,2014-416,2,285,5,1.0,0.5050442730809748
train,2014-416,2,285,6,1.0,0.5265413634504734
train,2014-416,2,285,7,1.0,0.5114284486162023
train,2014-416,2,285,8,1.0,0.5715306092956529
train,2014-416,2,285,9,1.0,0.48142452585867523
train,2014-416,2,285,10,0.0,0.5214834379222227
train,2014-416,2,285,11,0.0,0.403214935440559
train,2014-416,2,285,12,0.0,0.44508251490948225
train,2014-416,2,285,13,0.0,0.4767930315037238
train,2014-416,2,285,14,1.0,0.4948302005042042
train,2014-416,2,285,15,0.0,0.3893575018397396
train,2014-416,2,285,16,1.0,0.4765105944029466
train,2014-416,2,285,17,0.0,0.4917623948057841
train,2014-416,2,285,18,0.0,0.34451214243788775
train,2014-416,2,285,19,1.0,0.5164872298470535
train,2014-416,2,285,20,1.0,0.4572776478472657
train,2014-416,2,285,21,1.0,0.34871320695470226
train,2014-416,2,285,22,1.0,0.5335722994395865
train,2014-416,2,285,23,0.0,0.4945081983660055
train,2014-416,3,286,0,1.0,0.5146105453209631
train,2014-416,3,286,1,0.0,0.33272343174434826
train,2014-416,3,286,2,1.0,0.9034096845714963
train,2014-416,3,286,3,0.0,0.8494071768882817
train,2014-416,3,286,4,1.0,0.6108323030413265
train,2014-416,3,286,5,0.0,0.2722334463318007
train,2014-416,3,286,6,0.0,0.41590005771502525
train,2014-416,3,286,7,0.0,0.3533833488677959
train,2014-416,3,286,8,1.0,0.5671797326392053
train,2014-416,3,286,9,0.0,0.10545182467499671
train,2014-416,3,286,10,0.0,0.4686393578523762
train,2014-416,3,286,11,0.0,0.15400466750046454
train,2014-416,3,286,12,0.0,0.4160222231300705
train,2014-416,3,286,13,1.0,0.5808031485136659
train,2014-416,3,286,14,0.0,0.4746681589177742
train,2014-416,3,286,15,1.0,0.9945280133102721
train,2014-416,4,287,0,1.0,0.9941557439835245
train,2014-416,4,287,1,0.0,0.7661938950361764
train,2014-416,4,287,2,1.0,0.3309808528472365
train,2014-416,4,287,3,0.0,0.44154620226793345
train,2014-416,4,287,4,1.0,0.83789298557554
train,2014-416,4,287,5,0.0,0.15088084778715807
train,2014-416,4,287,6,0.0,0.5033078613207562
train,2014-416,4,287,7,1.0,0.3149167934879272
train,2014-416,5,288,0,0.0,0.00677471582734409
train,2014-416,5,288,1,0.0,0.5850096691851152
train,2014-416,5,288,2,1.0,0.5134984482464536
train,2014-416,5,288,3,0.0,0.4661920084875708
train,2014-416,6,289,0,0.0,0.005576537483158712
train,2014-416,6,289,1,0.0,0.10499081916262831
train,2014-416,7,290,0,0.0,0.9476638749494315
train,2014-421,2,305,0,1.0,0.6090594940678277
train,2014-421,2,305,1,0.0,0.25540781651321426
train,2014-421,2,305,2,0.0,0.3280112134975413
train,2014-421,2,305,3,1.0,0.5503181184201849
train,2014-421,2,305,4,1.0,0.49469462297133915
train,2014-421,2,305,5,1.0,0.5085286976479224
train,2014-421,2,305,6,1.0,0.5913955212977929
train,2014-421,2,305,7,0.0,0.5757279354080097
train,2014-421,2,305,8,1.0,0.566408409254266
train,2014-421,2,305,9,0.0,0.36343359125349484
train,2014-421,2,305,10,0.0,0.486789875671021
train,2014-421,2,305,11,1.0,0.4722106862236635
train,2014-421,2,305,12,0.0,0.49057464914101206
train,2014-421,2,305,13,0.0,0.43654400328802706
train,2014-421,2,305,14,1.0,0.550883595709717
train,2014-421,2,305,15,1.0,0.49543344091159186
train,2014-421,2,305,16,0.0,0.5307571878241937
train,2014-421,2,305,17,0.0,0.5157593805850446
train,2014-421,2,305,18,1.0,0.5495239918982241
train,2014-421,2,305,19,1.0,0.3531611774080275
train,2014-421,2,305,20,0.0,0.41168494886488843
train,2014-421,2,305,21,1.0,0.46894102653011105
train,2014-421,2,305,22,1.0,0.4416871648030213
train,2014-421,2,305,23,1.0,0.512442051124105
train,2014-421,3,306,0,0.0,0.04955363162397094
train,2014-421,3,306,1,1.0,0.6295605611837561
train,2014-421,3,306,2,0.0,0.45534598065119825
train,2014-421,3,306,3,0.0,0.18229881632384257
train,2014-421,3,306,4,0.0,0.18518450853416976
train,2014-421,3,306,5,0.0,0.4523471974731894
train,2014-421,3,306,6,1.0,0.5171157938534409
train,2014-421,3,306,7,0.0,0.3743455519946285
train,2014-421,3,306,8,1.0,0.525743956141864
train,2014-421,3,306,9,1.0,0.5753145274402739
train,2014-421,3,306,10,0.0,0.1753951258657857
train,2014-421,3,306,11,0.0,0.06097345245030841
train,2014-421,3,306,12,1.0,0.528074090610649
train,2014-421,3,306,13,0.0,0.33220746874680146
train,2014-421,3,306,14,1.0,0.6708206268714657
train,2014-421,3,306,15,0.0,0.013682664299872846
train,2014-421,4,307,0,0.0,0.971888847208336
train,2014-421,4,307,1,0.0,0.15575679807406304
train,2014-421,4,307,2,1.0,0.3513516913672113
train,2014-421,4,307,3,1.0,0.5264757644066038
train,2014-421,4,307,4,1.0,0.23000418822055993
train,2014-421,4,307,5,1.0,0.7537194817415881
train,2014-421,4,307,6,0.0,0.08032783827824157
train,2014-421,4,307,7,1.0,0.21039753321574464
train,2014-421,5,308,0,1.0,0.23960096454922664
train,2014-421,5,308,1,0.0,0.565782642881396
train,2014-421,5,308,2,1.0,0.47849761699085247
train,2014-421,5,308,3,0.0,0.17966786128224158
train,2014-421,6,309,0,0.0,0.0679683397323615
train,2014-421,6,309,1,0.0,0.1714063661474378
train,2014-421,7,310,0,0.0,0.7776827542055637
train,2014-422,2,311,0,1.0,0.6077701208198479
train,2014-422,2,311,1,1.0,0.5774278430364402
train,2014-422,2,311,2,0.0,0.8624878736505734
train,2014-422,2,311,3,0.0,0.4622985520867739
train,2014-422,2,311,4,1.0,0.4854844719299997
train,2014-422,2,311,5,0.0,0.5524759044413505
train,2014-422,2,311,6,0.0,0.44762294026890004
train,2014-422,2,311,7,1.0,0.5044621348411343
train,2014-422,2,311,8,0.0,0.39606933709644326
train,2014-422,2,311,9,0.0,0.5276694745187521
train,2014-422,2,311,10,1.0,0.5435357760934304
train,2014-422,2,311,11,0.0,0.32184217695307826
train,2014-422,2,311,12,1.0,0.4672191355691076
train,2014-422,2,311,13,1.0,0.5112207187594007
train,2014-422,2,311,14,1.0,0.47490669531392543
train,2014-422,2,311,15,0.0,0.4004705463128913
train,2014-422,2,311,16,1.0,0.48426210550673643
train,2014-422,2,311,17,1.0,0.5618272043066177
train,2014-422,2,311,18,1.0,0.495007332649173
train,2014-422,2,311,19,0.0,0.5240178822907766
train,2014-422,2,311,20,0.0,0.4615974648098415
train,2014-422,2,311,21,1.0,0.5399839987281358
train,2014-422,2,311,22,0.0,0.506947055661662
train,2014-422,2,311,23,0.0,0.48228819843286064
train,2014-422,3,312,0,1.0,0.5689345178289519
train,2014-422,3,312,1,0.0,0.31480178812145543
train,2014-422,3,312,2,0.0,0.06400670677377482
train,2014-422,3,312,3,0.0,0.8018134133560799
train,2014-422,3,312,4,1.0,0.5556618971427889
train,2014-422,3,312,5,1.0,0.4165298221921001
train,2014-422,3,312,6,0.0,0.3717545791657728
train,2014-422,3,312,7,1.0,0.4715368533490429
train,2014-422,3,312,8,1.0,0.6029906028894989
train,2014-422,3,312,9,1.0,0.9498523785747012
train,2014-422,3,312,10,0.0,0.5111085979745104
train,2014-422,3,312,11,0.0,0.18672830188521472
train,2014-422,3,312,12,0.0,0.2691053798731119
train,2014-422,3,312,13,1.0,0.5858100851279291
train,2014-422,3,312,14,1.0,0.628035373748144
train,2014-422,3,312,15,1.0,0.9794904941863011
train,2014-422,4,313,0,0.0,0.9730451001984679
train,2014-422,4,313,1,1.0,0.9410565338933052
train,2014-422,4,313,2,0.0,0.28753104953005926
train,2014-422,4,313,3,0.0,0.37599923737871116
train,2014-422,4,313,4,0.0,0.48456960125166987
train,2014-422,4,313,5,1.0,0.8698883445344823
train,2014-422,4,313,6,0.0,0.31988397109315436
train,2014-422,4,313,7,1.0,0.5381267750460774
train,2014-422,5,314,0,1.0,0.5596101517243689
train,2014-422,5,314,1,1.0,0.23728351580920906
train,2014-422,5,314,2,0.0,0.4358660310359733
train,2014-422,5,314,3,1.0,0.6062930424462386
train,2014-422,6,315,0,0.0,0.26739733068970784
train,2014-422,6,315,1,1.0,0.9416162456819895
train,2014-422,7,316,0,1.0,0.8536876543275038
train,2014-5014,2,324,0,1.0,0.5
train,2014-5014,2,324,1,1.0,0.5
train,2014-5014,2,324,2,0.0,0.5
train,2014-5014,2,324,3,1.0,0.5
train,2014-5014,2,324,4,1.0,0.5
train,2014-5014,2,324,5,0.0,0.5
train,2014-5014,2,324,6,0.0,0.5
train,2014-5014,2,324,7,1.0,0.5
train,2014-5014,2,324,8,1.0,0.5
train,2014-5014,2,324,9,1.0,0.5
train,2014-5014,2,324,10,0.0,0.5
train,2014-5014,2,324,11,0.0,0.5
train,2014-5014,2,324,12,0.0,0.5
train,2014-5014,2,324,13,0.0,0.5
train,2014-5014,2,324,14,0.0,0.5
train,2014-5014,2,324,15,0.0,0.5
train,2014-5014,2,324,16,1.0,0.5
train,2014-5014,2,324,17,0.0,0.5
train,2014-5014,2,324,18,0.0,0.5
train,2014-5014,2,324,19,0.0,0.5
train,2014-5014,2,324,20,0.0,0.5
train,2014-5014,2,324,21,0.0,0.5
train,2014-5014,2,324,22,1.0,0.5
train,2014-5014,2,324,23,0.0,0.5
train,2014-5014,3,325,0,1.0,0.5
train,2014-5014,3,325,1,0.0,0.5
train,2014-5014,3,325,2,0.0,0.5
train,2014-5014,3,325,3,0.0,0.5
train,2014-5014,3,325,4,1.0,0.5
train,2014-5014,3,325,5,1.0,0.5
train,2014-5014,3,325,6,0.0,0.5
train,2014-5014,3,325,7,1.0,0.5
train,2014-5014,3,325,8,0.0,0.5
train,2014-5014,3,325,9,1.0,0.5
train,2014-5014,3,325,10,0.0,0.5
train,2014-5014,3,325,11,1.0,0.5
train,2014-5014,3,325,12,1.0,0.5
train,2014-5014,3,325,13,0.0,0.5
train,2014-5014,3,325,14,1.0,0.5
train,2014-5014,3,325,15,1.0,0.5
train,2014-5014,4,326,0,1.0,0.5
train,2014-5014,4,326,1,1.0,0.5
train,2014-5014,4,326,2,1.0,0.5
train,2014-5014,4,326,3,0.0,0.5
train,2014-5014,4,326,4,1.0,0.5
train,2014-5014,4,326,5,1.0,0.5
train,2014-5014,4,326,6,0.0,0.5
train,2014-5014,4,326,7,1.0,0.5
train,2014-5014,5,327,0,1.0,0.5
train,2014-5014,5,327,1,0.0,0.5
train,2014-5014,5,327,2,1.0,0.5
train,2014-5014,5,327,3,1.0,0.5
train,2014-5014,6,328,0,1.0,0.5
train,2014-5014,6,328,1,1.0,0.5
train,2014-5014,7,329,0,0.0,0.5
train,2014-520,1,291,0,0.0,0.4746547567037074
train,2014-520,1,291,1,0.0,0.43647303469053206
train,2014-520,1,291,2,1.0,0.726915245452806
train,2014-520,1,291,3,1.0,0.5155680686280888
train,2014-520,1,291,4,1.0,0.5025526060385389
train,2014-520,1,291,5,0.0,0.39724542244520245
train,2014-520,1,291,6,0.0,0.36353321762716334
train,2014-520,1,291,7,0.0,0.3821952277541058
train,2014-520,1,291,8,1.0,0.5162145499185722
train,2014-520,1,291,9,0.0,0.4100392423154333
train,2014-520,1,291,10,0.0,0.4161298227561978
train,2014-520,1,291,11,1.0,0.49995134721614776
train,2014-520,1,291,12,0.0,0.5192085826847969
train,2014-520,1,291,13,0.0,0.7555586038324885
train,2014-520,1,291,14,1.0,0.8924190737850607
train,2014-520,1,291,15,1.0,0.6538723768809414
train,2014-520,1,291,16,1.0,0.5205344783549719
train,2014-520,1,291,17,1.0,0.41859082622986254
train,2014-520,1,291,18,1.0,0.49775343998088534
train,2014-520,1,291,19,1.0,0.4819415823975623
train,2014-520,1,291,20,0.0,0.6233199542710374
train,2014-520,1,291,21,1.0,0.33594403760388525
train,2014-520,1,291,22,0.0,0.5836514742571103
train,2014-520,1,291,23,1.0,0.4998486043419491
train,2014-520,1,291,24,1.0,0.1810199749595268
train,2014-520,1,291,25,0.0,0.417696445883276
train,2014-520,1,291,26,1.0,0.5131413552429983
train,2014-520,1,291,27,0.0,0.44961605054096526
train,2014-520,1,291,28,1.0,0.9965115592989348
train,2014-520,1,291,29,1.0,0.9663935184269961
train,2014-520,1,291,30,0.0,0.34598980397167134
train,2014-520,1,291,31,1.0,0.5255552792867588
train,2014-520,1,291,32,1.0,0.54527413767145
train,2014-520,1,291,33,1.0,0.4637443871965462
train,2014-520,1,291,34,1.0,0.6049631956796252
train,2014-520,1,291,35,0.0,0.46657685069934846
train,2014-520,1,291,36,1.0,0.5444725038892038
train,2014-520,1,291,37,0.0,0.4423377314374071
train,2014-520,1,291,38,0.0,0.35412131394162677
train,2014-520,1,291,39,0.0,0.2563856562574547
train,2014-520,1,291,40,0.0,0.6613138511919449
train,2014-520,1,291,41,0.0,0.49570405298750303
train,2014-520,1,291,42,1.0,0.644083269549031
train,2014-520,1,291,43,0.0,0.3813958095658704
train,2014-520,1,291,44,0.0,0.5
train,2014-520,1,291,45,1.0,0.46848641443903083
train,2014-520,1,291,46,0.0,0.36005681566513265
train,2014-520,1,291,47,0.0,0.12505199824777827
train,2014-520,1,291,48,1.0,0.5041629091338529
train,2014-520,1,291,49,0.0,0.5135335037711861
train,2014-520,1,291,50,0.0,0.27199895596380463
train,2014-520,1,291,51,1.0,0.49993535820074864
train,2014-520,1,291,52,0.0,0.46797150943216903
train,2014-520,1,291,53,1.0,0.5755486336142653
train,2014-520,1,291,54,1.0,0.5
train,2014-520,1,291,55,1.0,0.41250127647495044
train,2014-520,1,291,56,1.0,0.5048156965738243
train,2014-520,1,291,57,1.0,0.6313705435840111
train,2014-520,1,291,58,0.0,0.4652927605867303
train,2014-520,1,291,59,0.0,0.39456356057329545
train,2014-520,1,291,60,0.0,0.4206588114817709
train,2014-520,1,291,61,0.0,0.5711036653886251
train,2014-520,1,291,62,1.0,0.6203397546690981
train,2014-520,1,291,63,0.0,0.44843698168360513
train,2014-520,2,292,0,1.0,0.5679878345828117
train,2014-520,2,292,1,1.0,0.5202645774344886
train,2014-520,2,292,2,1.0,0.4502445143468583
train,2014-520,2,292,3,1.0,0.6434154611338736
train,2014-520,2,292,4,0.0,0.12806847803149302
train,2014-520,2,292,5,0.0,0.513627389986741
train,2014-520,2,292,6,1.0,0.6222323531174428
train,2014-520,2,292,7,1.0,0.37197674724652957
train,2014-520,2,292,8,0.0,0.43521939176746904
train,2014-520,2,292,9,1.0,0.6111862077674033
train,2014-520,2,292,10,0.0,0.37010207022038105
train,2014-520,2,292,11,0.0,0.3587996411659484
train,2014-520,2,292,12,0.0,0.4630728513211223
train,2014-520,2,292,13,0.0,0.4758538091161384
train,2014-520,2,292,14,0.0,0.37685869588836163
train,2014-520,2,292,15,0.0,0.3759368835750342
train,2014-520,2,292,16,1.0,0.7396645200695268
train,2014-520,2,292,17,1.0,0.606552455518689
train,2014-520,2,292,18,1.0,0.5313105387462231
train,2014-520,2,292,19,0.0,0.39854521915203484
train,2014-520,2,292,20,1.0,0.4101575832987092
train,2014-520,2,292,21,0.0,0.3443859937377566
train,2014-520,2,292,22,0.0,0.10416198293330228
train,2014-520,2,292,23,0.0,0.5457647086262277
train,2014-520,2,292,24,0.0,0.4459365017793218
train,2014-520,2,292,25,1.0,0.6133777546623979
train,2014-520,2,292,26,0.0,0.5088048924394222
train,2014-520,2,292,27,0.0,0.4416903849581175
train,2014-520,2,292,28,0.0,0.27093098010081645
train,2014-520,2,292,29,0.0,0.05479938312700557
train,2014-520,2,292,30,1.0,0.4314208639782781
train,2014-520,2,292,31,0.0,0.005007577963962617
train,2014-520,3,293,0,0.0,0.5146526015418565
train,2014-520,3,293,1,0.0,0.5412592521845325
train,2014-520,3,293,2,1.0,0.9488528060221345
train,2014-520,3,293,3,0.0,0.28239845636568606
train,2014-520,3,293,4,0.0,0.4757671370266254
train,2014-520,3,293,5,1.0,0.8255241669212579
train,2014-520,3,293,6,0.0,0.44189267729712095
train,2014-520,3,293,7,1.0,0.3976205106748846
train,2014-520,3,293,8,1.0,0.6524891344707902
train,2014-520,3,293,9,1.0,0.4906317902172096
train,2014-520,3,293,10,1.0,0.6437912155643712
train,2014-520,3,293,11,1.0,0.4500446394977033
train,2014-520,3,293,12,1.0,0.6454978438681445
train,2014-520,3,293,13,1.0,0.8427949407034863
train,2014-520,3,293,14,1.0,0.5288307008122483
train,2014-520,3,293,15,1.0,0.9958175275879396
train,2014-520,4,294,0,0.0,0.09523694026942996
train,2014-520,4,294,1,0.0,0.4527157133787327
train,2014-520,4,294,2,0.0,0.7805332803887929
train,2014-520,4,294,3,1.0,0.6912907353674617
train,2014-520,4,294,4,1.0,0.40610617010151495
train,2014-520,4,294,5,0.0,0.5203077320720841
train,2014-520,4,294,6,1.0,0.8840656695970728
train,2014-520,4,294,7,1.0,0.995672406993121
train,2014-520,5,295,0,1.0,0.9409361873891227
train,2014-520,5,295,1,1.0,0.4534601623786079
train,2014-520,5,295,2,0.0,0.43882802174388824
train,2014-520,5,295,3,1.0,0.9608302066623864
train,2014-520,6,296,0,1.0,0.9258653009356903
train,2014-520,6,296,1,0.0,0.0091351002863975
train,2014-520,7,297,0,0.0,0.10963423750013848
train,2014-540,1,298,0,0.0,0.17521412793328986
train,2014-540,1,298,1,1.0,0.46556879974713616
train,2014-540,1,298,2,1.0,0.29657972357008566
train,2014-540,1,298,3,1.0,0.6035112898549433
train,2014-540,1,298,4,0.0,0.4068618374066928
train,2014-540,1,298,5,1.0,0.5
train,2014-540,1,298,6,0.0,0.20148348356888707
train,2014-540,1,298,7,0.0,0.4429205486345374
train,2014-540,1,298,8,0.0,0.5033629696833188
train,2014-540,1,298,9,0.0,0.35120076322512267
train,2014-540,1,298,10,1.0,0.6461365792609367
train,2014-540,1,298,11,0.0,0.34805325352978944
train,2014-540,1,298,12,1.0,0.4914336034177937
train,2014-540,1,298,13,1.0,0.5
train,2014-540,1,298,14,1.0,0.9603078158471154
train,2014-540,1,298,15,1.0,0.7121431025129973
train,2014-540,1,298,16,0.0,0.38167445114322035
train,2014-540,1,298,17,1.0,0.48993034947208325
train,2014-540,1,298,18,1.0,0.7410580309339044
train,2014-540,1,298,19,1.0,0.49891001863826123
train,2014-540,1,298,20,1.0,0.5394047758838103
train,2014-540,1,298,21,0.0,0.402690687690754
train,2014-540,1,298,22,0.0,0.3826964244436653
train,2014-540,1,298,23,0.0,0.43257491436975964
train,2014-540,1,298,24,1.0,0.7007251131780936
train,2014-540,1,298,25,1.0,0.5027137761885128
train,2014-540,1,298,26,1.0,0.6606976564411807
train,2014-540,1,298,27,1.0,0.5660822458477709
train,2014-540,1,298,28,1.0,0.6087620854408816
train,2014-540,1,298,29,1.0,0.8720067081669187
train,2014-540,1,298,30,1.0,0.8380660629628462
train,2014-540,1,298,31,0.0,0.5028539318729035
train,2014-540,1,298,32,1.0,0.4197092889858091
train,2014-540,1,298,33,0.0,0.420929273847072
train,2014-540,1,298,34,0.0,0.32254106593381415
train,2014-540,1,298,35,0.0,0.3312819608548017
train,2014-540,1,298,36,1.0,0.35196962880493216
train,2014-540,1,298,37,1.0,0.5776155447498744
train,2014-540,1,298,38,1.0,0.4605438450189147
train,2014-540,1,298,39,1.0,0.48043532442548115
train,2014-540,1,298,40,0.0,0.31165561657731594
train,2014-540,1,298,41,0.0,0.48310020711190904
train,2014-540,1,298,42,0.0,0.4860670169328056
train,2014-540,1,298,43,0.0,0.26080567528683585
train,2014-540,1,298,44,0.0,0.5689560920507153
train,2014-540,1,298,45,1.0,0.5521325642039692
train,2014-540,1,298,46,1.0,0.4805859449078942
train,2014-540,1,298,47,1.0,0.5018017962722535
train,2014-540,1,298,48,0.0,0.053885976005878744
train,2014-540,1,298,49,1.0,0.4920691355060374
train,2014-540,1,298,50,0.0,0.49456800642370785
train,2014-540,1,298,51,0.0,0.3389438150058043
train,2014-540,1,298,52,1.0,0.38794065783744835
train,2014-540,1,298,53,1.0,0.5082088076189754
train,2014-540,1,298,54,1.0,0.5766570625642947
train,2014-540,1,298,55,1.0,0.333514716878997
train,2014-540,1,298,56,0.0,0.3665098891087729
train,2014-540,1,298,57,0.0,0.05905159935571712
train,2014-540,1,298,58,0.0,0.37658261363989265
train,2014-540,1,298,59,0.0,0.25322993577825703
train,2014-540,1,298,60,0.0,0.4349793420002074
train,2014-540,1,298,61,1.0,0.5083878041945314
train,2014-540,1,298,62,0.0,0.7339282660519856
train,2014-540,1,298,63,1.0,0.541523114261647
train,2014-540,2,299,0,1.0,0.42457076555297196
train,2014-540,2,299,1,0.0,0.07714393134235811
train,2014-540,2,299,2,1.0,0.4109090376609348
train,2014-540,2,299,3,1.0,0.3432462117002982
train,2014-540,2,299,4,0.0,0.5012022530983178
train,2014-540,2,299,5,0.0,0.07379370294817045
train,2014-540,2,299,6,1.0,0.4262645933382314
train,2014-540,2,299,7,1.0,0.5526152095983055
train,2014-540,2,299,8,0.0,0.7392977576877324
train,2014-540,2,299,9,0.0,0.4092356484561527
train,2014-540,2,299,10,0.0,0.703037836660399
train,2014-540,2,299,11,0.0,0.3102419877334504
train,2014-540,2,299,12,0.0,0.48519750986421684
train,2014-540,2,299,13,1.0,0.5714577007802265
train,2014-540,2,299,14,0.0,0.3737170754268766
train,2014-540,2,299,15,0.0,0.6191120090862866
train,2014-540,2,299,16,0.0,0.15990434863403832
train,2014-540,2,299,17,1.0,0.5536406581673841
train,2014-540,2,299,18,1.0,0.5068947145204874
train,2014-540,2,299,19,0.0,0.5335529377349668
train,2014-540,2,299,20,1.0,0.9621663448748604
train,2014-540,2,299,21,1.0,0.5919488639543629
train,2014-540,2,299,22,1.0,0.8081439057237685
train,2014-540,2,299,23,0.0,0.705318045404358
train,2014-540,2,299,24,1.0,0.5081289892539825
train,2014-540,2,299,25,0.0,0.3422486954074043
train,2014-540,2,299,26,1.0,0.2609753769610514
train,2014-540,2,299,27,1.0,0.5134897569851263
train,2014-540,2,299,28,0.0,0.6497403158876267
train,2014-540,2,299,29,0.0,0.21611439851496536
train,2014-540,2,299,30,1.0,0.4233354530027012
train,2014-540,2,299,31,1.0,0.4745836720970417
train,2014-540,3,300,0,0.0,0.24118139407648523
train,2014-540,3,300,1,0.0,0.20573918724894627
train,2014-540,3,300,2,1.0,0.8061199268142373
train,2014-540,3,300,3,1.0,0.5311191322942961
train,2014-540,3,300,4,1.0,0.4875013669210818
train,2014-540,3,300,5,1.0,0.4570567822828358
train,2014-540,3,300,6,1.0,0.9346800144180523
train,2014-540,3,300,7,1.0,0.38100242215248065
train,2014-540,3,300,8,1.0,0.9125050324118441
train,2014-540,3,300,9,0.0,0.4459601620824492
train,2014-540,3,300,10,1.0,0.5376066815402436
train,2014-540,3,300,11,0.0,0.36538860552703123
train,2014-540,3,300,12,0.0,0.08063328030241874
train,2014-540,3,300,13,1.0,0.5894817136243737
train,2014-540,3,300,14,0.0,0.5143975350388884
train,2014-540,3,300,15,1.0,0.8232628073837015
train,2014-540,4,301,0,0.0,0.7859002366900539
train,2014-540,4,301,1,0.0,0.592762862507193
train,2014-540,4,301,2,0.0,0.09886998046259204
train,2014-540,4,301,3,0.0,0.8016227190701042
train,2014-540,4,301,4,0.0,0.21189524791307496
train,2014-540,4,301,5,1.0,0.9241411918717022
train,2014-540,4,301,6,1.0,0.7077063857912993
train,2014-540,4,301,7,1.0,0.6173099092125073
train,2014-540,5,302,0,1.0,0.4183207349189559
train,2014-540,5,302,1,1.0,0.7200832448906461
train,2014-540,5,302,2,1.0,0.19618663903056488
train,2014-540,5,302,3,0.0,0.3334250643072519
train,2014-540,6,303,0,1.0,0.9258534706391833
train,2014-540,6,303,1,0.0,0.4864341967253385
train,2014-540,7,304,0,0.0,0.4721860890899423
train,2014-560,1,317,0,0.0,0.45454269481842374
train,2014-560,1,317,1,1.0,0.48466866238640743
train,2014-560,1,317,2,0.0,0.5103281929002662
train,2014-560,1,317,3,1.0,0.5049551148779028
train,2014-560,1,317,4,1.0,0.49173847799992143
train,2014-560,1,317,5,1.0,0.5051194432411396
train,2014-560,1,317,6,1.0,0.6861167980203193
train,2014-560,1,317,7,1.0,0.7671605492346588
train,2014-560,1,317,8,1.0,0.45275560864119896
train,2014-560,1,317,9,1.0,0.5218648876688984
train,2014-560,1,317,10,1.0,0.33803091845141797
train,2014-560,1,317,11,0.0,0.42330417584554986
train,2014-560,1,317,12,1.0,0.4867633766033124
train,2014-560,1,317,13,1.0,0.4949664627864991
train,2014-560,1,317,14,1.0,0.8226786357928775
train,2014-560,1,317,15,0.0,0.066828794597093
train,2014-560,1,317,16,1.0,0.4272933989182238
train,2014-560,1,317,17,0.0,0.4100861532092169
train,2014-560,1,317,18,0.0,0.6110511008598243
train,2014-560,1,317,19,1.0,0.4965607889251804
train,2014-560,1,317,20,0.0,0.5001948841119298
train,2014-560,1,317,21,1.0,0.8658740982830823
train,2014-560,1,317,22,1.0,0.6830434639412426
train,2014-560,1,317,23,0.0,0.5084638293975982
train,2014-560,1,317,24,0.0,0.4290762346511211
train,2014-560,1,317,25,0.0,0.40313664009670497
train,2014-560,1,317,26,1.0,0.47167489014918385
train,2014-560,1,317,27,0.0,0.40252190207954597
train,2014-560,1,317,28,0.0,0.4991826494349374
train,2014-560,1,317,29,1.0,0.9861295107413329
train,2014-560,1,317,30,0.0,0.029311697382516343
train,2014-560,1,317,31,0.0,0.5041664272567241
train,2014-560,1,317,32,0.0,0.5210405977195371
train,2014-560,1,317,33,1.0,0.5016773045611329
train,2014-560,1,317,34,0.0,0.23700838955292675
train,2014-560,1,317,35,0.0,0.3587046295973731
train,2014-560,1,317,36,1.0,0.5074210792574759
train,2014-560,1,317,37,1.0,0.5271749629987916
train,2014-560,1,317,38,1.0,0.5254056078627515
train,2014-560,1,317,39,0.0,0.49282658387634243
train,2014-560,1,317,40,1.0,0.5176664385109109
train,2014-560,1,317,41,1.0,0.5520608372972664
train,2014-560,1,317,42,1.0,0.686249976223142
train,2014-560,1,317,43,0.0,0.4999088196716651
train,2014-560,1,317,44,1.0,0.5987223856258748
train,2014-560,1,317,45,1.0,0.5040695641515103
train,2014-560,1,317,46,0.0,0.4914111307291236
train,2014-560,1,317,47,0.0,0.49793731670256874
train,2014-560,1,317,48,1.0,0.5863668641674727
train,2014-560,1,317,49,0.0,0.5423479307909818
train,2014-560,1,317,50,0.0,0.5071777975322075
train,2014-560,1,317,51,1.0,0.5361773764576409
train,2014-560,1,317,52,0.0,0.16652139686162376
train,2014-560,1,317,53,1.0,0.5038290641081066
train,2014-560,1,317,54,0.0,0.5157021104697871
train,2014-560,1,317,55,1.0,0.5841971890822015
train,2014-560,1,317,56,0.0,0.441617314312757
train,2014-560,1,317,57,1.0,0.49989973849406844
train,2014-560,1,317,58,1.0,0.5614258193328245
train,2014-560,1,317,59,0.0,0.38345955569475015
train,2014-560,1,317,60,0.0,0.37662654830088443
train,2014-560,1,317,61,0.0,0.5001948841119298
train,2014-560,1,317,62,1.0,0.5188526671344293
train,2014-560,1,317,63,0.0,0.5039271806740917
train,2014-560,2,318,0,1.0,0.4179616740825161
train,2014-560,2,318,1,1.0,0.6540220437851695
train,2014-560,2,318,2,0.0,0.4416660200175437
train,2014-560,2,318,3,0.0,0.3760571917681701
train,2014-560,2,318,4,0.0,0.17421594094194737
train,2014-560,2,318,5,1.0,0.4438409039386103
train,2014-560,2,318,6,0.0,0.5092336328735572
train,2014-560,2,318,7,1.0,0.5939982894734224
train,2014-560,2,318,8,0.0,0.2817722427283634
train,2014-560,2,318,9,0.0,0.4753721287964155
train,2014-560,2,318,10,0.0,0.37223724383425427
train,2014-560,2,318,11,1.0,0.5867210201723819
train,2014-560,2,318,12,1.0,0.5103031683968449
train,2014-560,2,318,13,0.0,0.5878790401604389
train,2014-560,2,318,14,1.0,0.6398949254827311
train,2014-560,2,318,15,1.0,0.4992912084708485
train,2014-560,2,318,16,1.0,0.5106929058712528
train,2014-560,2,318,17,0.0,0.3240924527334588
train,2014-560,2,318,18,1.0,0.7659075246398378
train,2014-560,2,318,19,0.0,0.5229338470028608
train,2014-560,2,318,20,1.0,0.40772165217301026
train,2014-560,2,318,21,1.0,0.8167518804446291
train,2014-560,2,318,22,1.0,0.9338886194438949
train,2014-560,2,318,23,0.0,0.5254276338627528
train,2014-560,2,318,24,1.0,0.4499839900902235
train,2014-560,2,318,25,0.0,0.10500158450964298
train,2014-560,2,318,26,1.0,0.6813470580685055
train,2014-560,2,318,27,1.0,0.5261979933667364
train,2014-560,2,318,28,1.0,0.7892589772263505
train,2014-560,2,318,29,0.0,0.028197116906677516
train,2014-560,2,318,30,1.0,0.5698347029897879
train,2014-560,2,318,31,0.0,0.015450853497824142
train,2014-560,3,319,0,1.0,0.24363112999082856
train,2014-560,3,319,1,0.0,0.5790298320940511
train,2014-560,3,319,2,0.0,0.03385269905573344
train,2014-560,3,319,3,0.0,0.4934259639632537
train,2014-560,3,319,4,1.0,0.36858793642026316
train,2014-560,3,319,5,1.0,0.5844650052721395
train,2014-560,3,319,6,1.0,0.5280308063336172
train,2014-560,3,319,7,1.0,0.3809723849041681
train,2014-560,3,319,8,0.0,0.19270048194032954
train,2014-560,3,319,9,0.0,0.35822766428970737
train,2014-560,3,319,10,1.0,0.6759988689338176
train,2014-560,3,319,11,0.0,0.23961158449758066
train,2014-560,3,319,12,1.0,0.8105190895222915
train,2014-560,3,319,13,0.0,0.06768114294069491
train,2014-560,3,319,14,0.0,0.10788553212884941
train,2014-560,3,319,15,0.0,0.021664816245822522
train,2014-560,4,320,0,1.0,0.9676238453187501
train,2014-560,4,320,1,1.0,0.527500253968896
train,2014-560,4,320,2,1.0,0.4996586253108691
train,2014-560,4,320,3,1.0,0.7968973082856062
train,2014-560,4,320,4,1.0,0.5518910739531286
train,2014-560,4,320,5,0.0,0.43669716000638953
train,2014-560,4,320,6,1.0,0.629004412654401
train,2014-560,4,320,7,0.0,0.023617098189328434
train,2014-560,5,321,0,0.0,0.0481951040442021
train,2014-560,5,321,1,0.0,0.6698798466912088
train,2014-560,5,321,2,0.0,0.695080736521185
train,2014-560,5,321,3,0.0,0.194263375048114
train,2014-560,6,322,0,1.0,0.06843563932597908
train,2014-560,6,322,1,0.0,0.9688494689681474
train,2014-560,7,323,0,1.0,0.4571918286972325
train,2014-580,1,252,0,1.0,0.5211108675837518
train,2014-580,1,252,1,0.0,0.49514988982716035
train,2014-580,1,252,2,1.0,0.6447977358701857
train,2014-580,1,252,3,1.0,0.5981497717736676
train,2014-580,1,252,4,1.0,0.5141803840068245
train,2014-580,1,252,5,1.0,0.7590332092480689
train,2014-580,1,252,6,1.0,0.27067013285533326
train,2014-580,1,252,7,0.0,0.5487048730811088
train,2014-580,1,252,8,1.0,0.4990287461387465
train,2014-580,1,252,9,0.0,0.5009078384037617
train,2014-580,1,252,10,0.0,0.4180951769633458
train,2014-580,1,252,11,0.0,0.60544491599674
train,2014-580,1,252,12,0.0,0.5009507917547597
train,2014-580,1,252,13,1.0,0.9504233551375036
train,2014-580,1,252,14,1.0,0.7221064259869411
train,2014-580,1,252,15,1.0,0.6049257995549127
train,2014-580,1,252,16,1.0,0.49308422069450636
train,2014-580,1,252,17,0.0,0.47863703837534244
train,2014-580,1,252,18,1.0,0.5443265929853499
train,2014-580,1,252,19,1.0,0.5070759758170962
train,2014-580,1,252,20,0.0,0.4890737806027941
train,2014-580,1,252,21,1.0,0.6668071855141038
train,2014-580,1,252,22,1.0,0.5697936169175963
train,2014-580,1,252,23,1.0,0.5002435537469746
train,2014-580,1,252,24,0.0,0.4964582558756687
train,2014-580,1,252,25,0.0,0.5505941887298923
train,2014-580,1,252,26,0.0,0.400208959733097
train,2014-580,1,252,27,0.0,0.5117454645442214
train,2014-580,1,252,28,0.0,0.03244354983965768
train,2014-580,1,252,29,0.0,0.010116282935275774
train,2014-580,1,252,30,0.0,0.5162517209143107
train,2014-580,1,252,31,1.0,0.4824511642038579
train,2014-580,1,252,32,1.0,0.49599656195375535
train,2014-580,1,252,33,1.0,0.9496753269935992
train,2014-580,1,252,34,1.0,0.3980681724595572
train,2014-580,1,252,35,0.0,0.5743740954209985
train,2014-580,1,252,36,1.0,0.5040385854368468
train,2014-580,1,252,37,0.0,0.3810986025168598
train,2014-580,1,252,38,0.0,0.46254782095235464
train,2014-580,1,252,39,0.0,0.5525233775956409
train,2014-580,1,252,40,1.0,0.7393396534945191
train,2014-580,1,252,41,1.0,0.6578818703298999
train,2014-580,1,252,42,1.0,0.5940801882906246
train,2014-580,1,252,43,0.0,0.3660701752117378
train,2014-580,1,252,44,0.0,0.410111173530221
train,2014-580,1,252,45,1.0,0.47882041205595194
train,2014-580,1,252,46,1.0,0.7270747168889894
train,2014-580,1,252,47,1.0,0.8451147759271725
train,2014-580,1,252,48,1.0,0.558948987626851
train,2014-580,1,252,49,0.0,0.44774475786408213
train,2014-580,1,252,50,1.0,0.8191499670523423
train,2014-580,1,252,51,1.0,0.5
train,2014-580,1,252,52,1.0,0.49988268442276484
train,2014-580,1,252,53,0.0,0.39105517086486496
train,2014-580,1,252,54,0.0,0.5073516437524443
train,2014-580,1,252,55,1.0,0.4951792725152761
train,2014-580,1,252,56,0.0,0.5043033981645701
train,2014-580,1,252,57,1.0,0.6334291199681368
train,2014-580,1,252,58,1.0,0.5464413952843659
train,2014-580,1,252,59,0.0,0.49903577643945835
train,2014-580,1,252,60,0.0,0.42089093328872723
train,2014-580,1,252,61,0.0,0.38594860176981
train,2014-580,1,252,62,1.0,0.34951319182247764
train,2014-580,1,252,63,1.0,0.5085467400952736
train,2014-580,2,253,0,1.0,0.5556594595987169
train,2014-580,2,253,1,0.0,0.3917726042826894
train,2014-580,2,253,2,1.0,0.46797050620592917
train,2014-580,2,253,3,0.0,0.5891603631534958
train,2014-580,2,253,4,1.0,0.5548423700256324
train,2014-580,2,253,5,0.0,0.501720315472405
train,2014-580,2,253,6,0.0,0.28272829241287795
train,2014-580,2,253,7,0.0,0.41283323035872094
train,2014-580,2,253,8,1.0,0.5603790615967827
train,2014-580,2,253,9,0.0,0.402890856984956
train,2014-580,2,253,10,0.0,0.5807838883040793
train,2014-580,2,253,11,0.0,0.16267200711737542
train,2014-580,2,253,12,1.0,0.8188675096177386
train,2014-580,2,253,13,0.0,0.3352751559921201
train,2014-580,2,253,14,0.0,0.602745099294363
train,2014-580,2,253,15,0.0,0.5019068382135075
train,2014-580,2,253,16,1.0,0.7519514628335571
train,2014-580,2,253,17,1.0,0.5536535582684688
train,2014-580,2,253,18,1.0,0.49516875979218505
train,2014-580,2,253,19,0.0,0.42764138445881766
train,2014-580,2,253,20,1.0,0.9501593241434082
train,2014-580,2,253,21,0.0,0.7188145070171422
train,2014-580,2,253,22,1.0,0.5370783896805413
train,2014-580,2,253,23,0.0,0.46427894214836635
train,2014-580,2,253,24,1.0,0.5152497645969962
train,2014-580,2,253,25,0.0,0.4088632303666893
train,2014-580,2,253,26,1.0,0.4653222630285286
train,2014-580,2,253,27,0.0,0.05437739047645859
train,2014-580,2,253,28,1.0,0.4825288228340325
train,2014-580,2,253,29,1.0,0.6010277034167435
train,2014-580,2,253,30,0.0,0.010625454930035728
train,2014-580,2,253,31,1.0,0.9699415223900184
train,2014-580,3,254,0,1.0,0.6729038313424457
train,2014-580,3,254,1,0.0,0.04648218156951987
train,2014-580,3,254,2,0.0,0.01295560391177984
train,2014-580,3,254,3,1.0,0.41203685661231004
train,2014-580,3,254,4,1.0,0.38375714901174124
train,2014-580,3,254,5,1.0,0.7694900825728725
train,2014-580,3,254,6,1.0,0.48137964520044885
train,2014-580,3,254,7,1.0,0.6036674585757762
train,2014-580,3,254,8,0.0,0.18746759334541346
train,2014-580,3,254,9,1.0,0.9448491810585099
train,2014-580,3,254,10,0.0,0.37777545400895207
train,2014-580,3,254,11,1.0,0.4474213597899416
train,2014-580,3,254,12,0.0,0.07124940096591639
train,2014-580,3,254,13,1.0,0.49588643333421584
train,2014-580,3,254,14,0.0,0.6313330447159292
train,2014-580,3,254,15,0.0,0.43540834650532406
train,2014-580,4,255,0,0.0,0.013777848553859037
train,2014-580,4,255,1,0.0,0.42206696795763476
train,2014-580,4,255,2,0.0,0.18790945240172854
train,2014-580,4,255,3,1.0,0.7417073987741736
train,2014-580,4,255,4,0.0,0.16048718602497808
train,2014-580,4,255,5,0.0,0.051440937850487804
train,2014-580,4,255,6,1.0,0.529749588054958
train,2014-580,4,255,7,1.0,0.9562859745434523
train,2014-580,5,256,0,0.0,0.9658528525616856
train,2014-580,5,256,1,0.0,0.558565870362231
train,2014-580,5,256,2,0.0,0.4857057732119731
train,2014-580,5,256,3,0.0,0.039589523040778556
train,2014-580,6,257,0,1.0,0.48881957807418625
train,2014-580,6,257,1,0.0,0.4336438247790895
train,2014-580,7,258,0,1.0,0.12815266702279723
train,2015-1536,2,363,0,0.0,0.5147370481989004
train,2015-1536,2,363,1,1.0,0.4446914383520117
train,2015-1536,2,363,2,0.0,0.48711936049509963
train,2015-1536,2,363,3,1.0,0.5413607885387739
train,2015-1536,2,363,4,0.0,0.35658228103368345
train,2015-1536,2,363,5,0.0,0.6901414506796386
train,2015-1536,2,363,6,0.0,0.4207858725954985
train,2015-1536,2,363,7,1.0,0.5
train,2015-1536,2,363,8,0.0,0.5221465732449092
train,2015-1536,2,363,9,0.0,0.2958411011714795
train,2015-1536,2,363,10,0.0,0.1911898637724822
train,2015-1536,2,363,11,1.0,0.4732634115977473
train,2015-1536,2,363,12,1.0,0.4975612503880639
train,2015-1536,2,363,13,0.0,0.38117401938615675
train,2015-1536,2,363,14,1.0,0.6694551736496889
train,2015-1536,2,363,15,1.0,0.627794596328759
train,2015-1536,2,363,16,1.0,0.6537954473170797
train,2015-1536,2,363,17,0.0,0.5165364322819889
train,2015-1536,2,363,18,0.0,0.41415383074156636
train,2015-1536,2,363,19,1.0,0.3768559256331677
train,2015-1536,2,363,20,0.0,0.6346352665783713
train,2015-1536,2,363,21,0.0,0.49087421092213274
train,2015-1536,2,363,22,0.0,0.39829420659042203
train,2015-1536,2,363,23,0.0,0.4378118144058167
train,2015-1536,3,364,0,0.0,0.4769193210129371
train,2015-1536,3,364,1,0.0,0.6082647568608539
train,2015-1536,3,364,2,0.0,0.4775855368023482
train,2015-1536,3,364,3,1.0,0.43671371003466064
train,2015-1536,3,364,4,0.0,0.3178610733544906
train,2015-1536,3,364,5,0.0,0.7539232476308008
train,2015-1536,3,364,6,0.0,0.37771918925199127
train,2015-1536,3,364,7,1.0,0.8804633515272672
train,2015-1536,3,364,8,0.0,0.2406801410105355
train,2015-1536,3,364,9,0.0,0.403135820435217
train,2015-1536,3,364,10,1.0,0.5254640251124526
train,2015-1536,3,364,11,1.0,0.9958031236988826
train,2015-1536,3,364,12,1.0,0.6681069600804287
train,2015-1536,3,364,13,1.0,0.6506473520428967
train,2015-1536,3,364,14,0.0,0.5601609655962025
train,2015-1536,3,364,15,1.0,0.18274236816257503
train,2015-1536,4,365,0,1.0,0.4947871311494211
train,2015-1536,4,365,1,1.0,0.5564106954123919
train,2015-1536,4,365,2,1.0,0.4780681303908253
train,2015-1536,4,365,3,0.0,0.23832996572606782
train,2015-1536,4,365,4,1.0,0.6017728107642623
train,2015-1536,4,365,5,0.0,0.43668614225044494
train,2015-1536,4,365,6,1.0,0.5739682887007455
train,2015-1536,4,365,7,0.0,0.004969237850791744
train,2015-1536,5,366,0,1.0,0.19587255021520128
train,2015-1536,5,366,1,1.0,0.7322515383500254
train,2015-1536,5,366,2,0.0,0.01584451080756943
train,2015-1536,5,366,3,1.0,0.5808451545759027
train,2015-1536,6,367,0,0.0,0.014677645876354041
train,2015-1536,6,367,1,0.0,0.5337387439072351
train,2015-1536,7,368,0,1.0,0.012231422987943061
train,2015-352,2,414,0,0.0,0.49932817022778514
train,2015-352,2,414,1,0.0,0.557938194880572
train,2015-352,2,414,2,1.0,0.5436559789504457
train,2015-352,2,414,3,1.0,0.4374566661258412
train,2015-352,2,414,4,0.0,0.5399087663979811
train,2015-352,2,414,5,1.0,0.5035952684794917
train,2015-352,2,414,6,1.0,0.5055786575412824
train,2015-352,2,414,7,1.0,0.49520629476191264
train,2015-352,2,414,8,1.0,0.569601340818169
train,2015-352,2,414,9,0.0,0.40265623683239227
train,2015-352,2,414,10,0.0,0.40984307058397434
train,2015-352,2,414,11,0.0,0.5201205867228238
train,2015-352,2,414,12,0.0,0.5172499945059783
train,2015-352,2,414,13,0.0,0.5194586426353741
train,2015-352,2,414,14,0.0,0.3865476579552328
train,2015-352,2,414,15,1.0,0.3453445797722191
train,2015-352,3,415,0,0.0,0.32897072071539885
train,2015-352,3,415,1,0.0,0.03983561661585723
train,2015-352,3,415,2,0.0,0.6624752887427539
train,2015-352,3,415,3,1.0,0.6844024813368036
train,2015-352,3,415,4,0.0,0.288300492112147
train,2015-352,3,415,5,1.0,0.5388184826560961
train,2015-352,3,415,6,1.0,0.9590649074929065
train,2015-352,3,415,7,1.0,0.6559204265626798
train,2015-352,3,415,8,0.0,0.08938643677484906
train,2015-352,3,415,9,1.0,0.32262691994531933
train,2015-352,3,415,10,1.0,0.6565274723639404
train,2015-352,3,415,11,0.0,0.25984946698252154
train,2015-352,3,415,12,1.0,0.790610984137678
train,2015-352,3,415,13,0.0,0.4676669096829474
train,2015-352,3,415,14,1.0,0.9913987063271091
train,2015-352,3,415,15,1.0,0.7778931585999931
train,2015-352,4,416,0,0.0,0.49683534731556583
train,2015-352,4,416,1,0.0,0.0141028530246642
train,2015-352,4,416,2,1.0,0.7541938232007953
train,2015-352,4,416,3,1.0,0.05746680100665523
train,2015-352,4,416,4,0.0,0.5954111225098184
train,2015-352,4,416,5,1.0,0.9552098482998006
train,2015-352,4,416,6,0.0,0.1684632356146104
train,2015-352,4,416,7,0.0,0.332144355506321
train,2015-352,5,417,0,1.0,0.9590642041300815
train,2015-352,5,417,1,0.0,0.7651445468255321
train,2015-352,5,417,2,0.0,0.4885292289895739
train,2015-352,5,417,3,1.0,0.8933152515391094
train,2015-352,6,418,0,1.0,0.9648606086429686
train,2015-352,6,418,1,0.0,0.11907586314403706
train,2015-352,7,419,0,1.0,0.8321480104672526
train,2015-403,1,350,0,1.0,0.520988953000335
train,2015-403,1,350,1,0.0,0.4939593376766918
train,2015-403,1,350,2,1.0,0.4966347296089322
train,2015-403,1,350,3,0.0,0.5022725337502473
train,2015-403,1,350,4,1.0,0.5002224106528574
train,2015-403,1,350,5,0.0,0.47350645672708114
train,2015-403,1,350,6,1.0,0.497406919767191
train,2015-403,1,350,7,1.0,0.392283837295026
train,2015-403,1,350,8,1.0,0.5269012513164595
train,2015-403,1,350,9,0.0,0.392254782598456
train,2015-403,1,350,10,0.0,0.5022232034377592
train,2015-403,1,350,11,1.0,0.4999269796937552
train,2015-403,1,350,12,1.0,0.5073213368294017
train,2015-403,1,350,13,1.0,0.5119705714984358
train,2015-403,1,350,14,1.0,0.49721080125783806
train,2015-403,1,350,15,1.0,0.563539514009237
train,2015-403,1,350,16,0.0,0.553931863246169
train,2015-403,1,350,17,0.0,0.5059964690884887
train,2015-403,1,350,18,0.0,0.4812598638622756
train,2015-403,1,350,19,1.0,0.6155026971629135
train,2015-403,1,350,20,0.0,0.47844544158113733
train,2015-403,1,350,21,0.0,0.5662248825801467
train,2015-403,1,350,22,0.0,0.5174378369751436
train,2015-403,1,350,23,1.0,0.5082824411677794
train,2015-403,1,350,24,0.0,0.47189827574538784
train,2015-403,1,350,25,1.0,0.4981753607632595
train,2015-403,1,350,26,0.0,0.5309740328181021
train,2015-403,1,350,27,0.0,0.4423534753902769
train,2015-403,1,350,28,0.0,0.49517444463549243
train,2015-403,1,350,29,1.0,0.4973564173821543
train,2015-403,1,350,30,0.0,0.5277165651365027
train,2015-403,1,350,31,1.0,0.4630254679370808
train,2015-403,2,351,0,1.0,0.5991356644934586
train,2015-403,2,351,1,1.0,0.9365681999449542
train,2015-403,2,351,2,0.0,0.47232185059815324
train,2015-403,2,351,3,0.0,0.5061803367429266
train,2015-403,2,351,4,0.0,0.4913287262414334
train,2015-403,2,351,5,1.0,0.618573909672007
train,2015-403,2,351,6,1.0,0.523802650780522
train,2015-403,2,351,7,0.0,0.16684872234270048
train,2015-403,2,351,8,0.0,0.06805451720039583
train,2015-403,2,351,9,1.0,0.47844497327177354
train,2015-403,2,351,10,0.0,0.4475715111793636
train,2015-403,2,351,11,0.0,0.6111349225237541
train,2015-403,2,351,12,0.0,0.5473927939715326
train,2015-403,2,351,13,1.0,0.5012274655306911
train,2015-403,2,351,14,0.0,0.15953880202078244
train,2015-403,2,351,15,0.0,0.17312027001822938
train,2015-403,2,351,16,1.0,0.7009074979617291
train,2015-403,2,351,17,1.0,0.6626787166180191
train,2015-403,2,351,18,0.0,0.4491218161861785
train,2015-403,2,351,19,1.0,0.5052547239105312
train,2015-403,2,351,20,1.0,0.5290739042090556
train,2015-403,2,351,21,0.0,0.4904830408599183
train,2015-403,2,351,22,0.0,0.501733087696932
train,2015-403,2,351,23,1.0,0.7362343971660035
train,2015-403,2,351,24,1.0,0.5079116082527073
train,2015-403,2,351,25,1.0,0.46372457738417344
train,2015-403,2,351,26,1.0,0.6406384512891494
train,2015-403,2,351,27,1.0,0.3257188407204695
train,2015-403,2,351,28,1.0,0.809090687400953
train,2015-403,2,351,29,0.0,0.5333590207526135
train,2015-403,2,351,30,0.0,0.009404092481810783
train,2015-403,2,351,31,1.0,0.5109232844731391
train,2015-403,3,352,0,1.0,0.9911589719951875
train,2015-403,3,352,1,0.0,0.567605504165445
train,2015-403,3,352,2,0.0,0.37601701333174536
train,2015-403,3,352,3,1.0,0.8042466942271153
train,2015-403,3,352,4,1.0,0.8159225754178976
train,2015-403,3,352,5,1.0,0.5793439019721119
train,2015-403,3,352,6,0.0,0.42317115854779375
train,2015-403,3,352,7,0.0,0.8195535591434905
train,2015-403,3,352,8,0.0,0.9243118085904742
train,2015-403,3,352,9,1.0,0.5329371395477066
train,2015-403,3,352,10,1.0,0.23548341055772673
train,2015-403,3,352,11,0.0,0.17744196729214717
train,2015-403,3,352,12,1.0,0.9338424588998947
train,2015-403,3,352,13,1.0,0.6555940940021219
train,2015-403,3,352,14,1.0,0.5257828675449849
train,2015-403,3,352,15,0.0,0.3653002001360496
train,2015-403,4,353,0,1.0,0.7305111245635088
train,2015-403,4,353,1,0.0,0.11964469972590222
train,2015-403,4,353,2,1.0,0.47897791396000516
train,2015-403,4,353,3,1.0,0.44530850258875326
train,2015-403,4,353,4,0.0,0.1801844045713528
train,2015-403,4,353,5,0.0,0.30555880904491267
train,2015-403,4,353,6,0.0,0.012945927168813088
train,2015-403,4,353,7,1.0,0.391149813985166
train,2015-403,5,354,0,0.0,0.2027571955581111
train,2015-403,5,354,1,1.0,0.9284127372368789
train,2015-403,5,354,2,0.0,0.6864272957614234
train,2015-403,5,354,3,0.0,0.03828494059430005
train,2015-403,6,355,0,0.0,0.2672571430413579
train,2015-403,6,355,1,0.0,0.020888790229334125
train,2015-403,7,356,0,1.0,0.8802319226112616
train,2015-404,1,343,0,0.0,0.5
train,2015-404,1,343,1,1.0,0.5
train,2015-404,1,343,2,0.0,0.5
train,2015-404,1,343,3,0.0,0.5
train,2015-404,1,343,4,0.0,0.5
train,2015-404,1,343,5,0.0,0.5
train,2015-404,1,343,6,0.0,0.5
train,2015-404,1,343,7,0.0,0.5
train,2015-404,1,343,8,0.0,0.5
train,2015-404,1,343,9,1.0,0.5
train,2015-404,1,343,10,0.0,0.5
train,2015-404,1,343,11,1.0,0.5
train,2015-404,1,343,12,0.0,0.5
train,2015-404,1,343,13,0.0,0.5
train,2015-404,1,343,14,1.0,0.5
train,2015-404,1,343,15,1.0,0.5
train,2015-404,1,343,16,1.0,0.5
train,2015-404,1,343,17,0.0,0.5
train,2015-404,1,343,18,0.0,0.5
train,2015-404,1,343,19,1.0,0.5
train,2015-404,1,343,20,0.0,0.5
train,2015-404,1,343,21,0.0,0.5
train,2015-404,1,343,22,0.0,0.5
train,2015-404,1,343,23,0.0,0.5
train,2015-404,1,343,24,0.0,0.5
train,2015-404,1,343,25,1.0,0.5
train,2015-404,1,343,26,1.0,0.5
train,2015-404,1,343,27,1.0,0.5
train,2015-404,1,343,28,1.0,0.5
train,2015-404,1,343,29,1.0,0.5
train,2015-404,1,343,30,1.0,0.5
train,2015-404,1,343,31,0.0,0.5
train,2015-404,2,344,0,0.0,0.5
train,2015-404,2,344,1,1.0,0.5
train,2015-404,2,344,2,0.0,0.5
train,2015-404,2,344,3,0.0,0.5
train,2015-404,2,344,4,0.0,0.5
train,2015-404,2,344,5,1.0,0.5
train,2015-404,2,344,6,0.0,0.5
train,2015-404,2,344,7,1.0,0.5
train,2015-404,2,344,8,1.0,0.5
train,2015-404,2,344,9,0.0,0.5
train,2015-404,2,344,10,0.0,0.5
train,2015-404,2,344,11,1.0,0.5
train,2015-404,2,344,12,1.0,0.5
train,2015-404,2,344,13,1.0,0.5
train,2015-404,2,344,14,1.0,0.5
train,2015-404,2,344,15,1.0,0.5
train,2015-404,2,344,16,1.0,0.5
train,2015-404,2,344,17,0.0,0.5
train,2015-404,2,344,18,0.0,0.5
train,2015-404,2,344,19,1.0,0.5
train,2015-404,2,344,20,0.0,0.5
train,2015-404,2,344,21,0.0,0.5
train,2015-404,2,344,22,1.0,0.5
train,2015-404,2,344,23,1.0,0.5
train,2015-404,2,344,24,0.0,0.5
train,2015-404,2,344,25,0.0,0.5
train,2015-404,2,344,26,0.0,0.5
train,2015-404,2,344,27,1.0,0.5
train,2015-404,2,344,28,0.0,0.5
train,2015-404,2,344,29,0.0,0.5
train,2015-404,2,344,30,0.0,0.5
train,2015-404,2,344,31,0.0,0.5
train,2015-404,3,345,0,0.0,0.5
train,2015-404,3,345,1,0.0,0.5
train,2015-404,3,345,2,0.0,0.5
train,2015-404,3,345,3,1.0,0.5
train,2015-404,3,345,4,1.0,0.5
train,2015-404,3,345,5,1.0,0.5
train,2015-404,3,345,6,1.0,0.5
train,2015-404,3,345,7,0.0,0.5
train,2015-404,3,345,8,1.0,0.5
train,2015-404,3,345,9,1.0,0.5
train,2015-404,3,345,10,0.0,0.5
train,2015-404,3,345,11,1.0,0.5
train,2015-404,3,345,12,0.0,0.5
train,2015-404,3,345,13,1.0,0.5
train,2015-404,3,345,14,0.0,0.5
train,2015-404,3,345,15,1.0,0.5
train,2015-404,4,346,0,1.0,0.5
train,2015-404,4,346,1,0.0,0.5
train,2015-404,4,346,2,0.0,0.5
train,2015-404,4,346,3,1.0,0.5
train,2015-404,4,346,4,1.0,0.5
train,2015-404,4,346,5,1.0,0.5
train,2015-404,4,346,6,1.0,0.5
train,2015-404,4,346,7,1.0,0.5
train,2015-404,5,347,0,0.0,0.5
train,2015-404,5,347,1,0.0,0.5
train,2015-404,5,347,2,1.0,0.5
train,2015-404,5,347,3,0.0,0.5
train,2015-404,6,348,0,0.0,0.5
train,2015-404,6,348,1,0.0,0.5
train,2015-404,7,349,0,0.0,0.5
train,2015-410,2,357,0,0.0,0.5026764054061211
train,2015-410,2,357,1,0.0,0.5379917007300605
train,2015-410,2,357,2,1.0,0.3466311806858693
train,2015-410,2,357,3,0.0,0.2708406871573964
train,2015-410,2,357,4,1.0,0.44852555419099044
train,2015-410,2,357,5,1.0,0.44298219576976977
train,2015-410,2,357,6,0.0,0.523320178027888
train,2015-410,2,357,7,0.0,0.46017020129865854
train,2015-410,2,357,8,1.0,0.6336487932085956
train,2015-410,2,357,9,1.0,0.5454988067924095
train,2015-410,2,357,10,1.0,0.4773187417547967
train,2015-410,2,357,11,0.0,0.49542442569576733
train,2015-410,2,357,12,0.0,0.3415831809091817
train,2015-410,2,357,13,0.0,0.5008988873333506
train,2015-410,2,357,14,1.0,0.5902330725170118
train,2015-410,2,357,15,0.0,0.3180758846919141
train,2015-410,2,357,16,1.0,0.3210744992506844
train,2015-410,2,357,17,1.0,0.6466672019709447
train,2015-410,2,357,18,1.0,0.6675147614281707
train,2015-410,2,357,19,0.0,0.4942580946958078
train,2015-410,2,357,20,1.0,0.5889090909626107
train,2015-410,2,357,21,0.0,0.503819069455273
train,2015-410,2,357,22,0.0,0.4386891537099933
train,2015-410,2,357,23,1.0,0.775383440266148
train,2015-410,3,358,0,1.0,0.8046379349796472
train,2015-410,3,358,1,1.0,0.46000870691969864
train,2015-410,3,358,2,0.0,0.7043409409631025
train,2015-410,3,358,3,0.0,0.35700769088479045
train,2015-410,3,358,4,0.0,0.4108325824408883
train,2015-410,3,358,5,1.0,0.5621901380926135
train,2015-410,3,358,6,0.0,0.6218009163386916
train,2015-410,3,358,7,0.0,0.3101352724180414
train,2015-410,3,358,8,1.0,0.46349697867463996
train,2015-410,3,358,9,1.0,0.6180301579685852
train,2015-410,3,358,10,1.0,0.9967860990156667
train,2015-410,3,358,11,0.0,0.4907734024477387
train,2015-410,3,358,12,0.0,0.08785662018554452
train,2015-410,3,358,13,0.0,0.46996430323659927
train,2015-410,3,358,14,1.0,0.7375230644176969
train,2015-410,3,358,15,1.0,0.9510291609211894
train,2015-410,4,359,0,0.0,0.05108351555705058
train,2015-410,4,359,1,1.0,0.35794569063088566
train,2015-410,4,359,2,0.0,0.751735982594649
train,2015-410,4,359,3,0.0,0.14544453704349908
train,2015-410,4,359,4,1.0,0.635613671140049
train,2015-410,4,359,5,0.0,0.5364130135232241
train,2015-410,4,359,6,0.0,0.653956550420242
train,2015-410,4,359,7,0.0,0.004026444782280219
train,2015-410,5,360,0,0.0,0.07076142739590621
train,2015-410,5,360,1,0.0,0.034874741774848
train,2015-410,5,360,2,1.0,0.5902375962621677
train,2015-410,5,360,3,0.0,0.49810205638906896
train,2015-410,6,361,0,0.0,0.9344315280010415
train,2015-410,6,361,1,0.0,0.5115203597219028
train,2015-410,7,362,0,1.0,0.9345485729938843
train,2015-416,2,369,0,0.0,0.26225754823082453
train,2015-416,2,369,1,1.0,0.5975274494483583
train,2015-416,2,369,2,1.0,0.4501695027914139
train,2015-416,2,369,3,1.0,0.505410316695707
train,2015-416,2,369,4,1.0,0.5478110344785834
train,2015-416,2,369,5,1.0,0.37970844343992205
train,2015-416,2,369,6,1.0,0.5217043839948258
train,2015-416,2,369,7,0.0,0.31781704536905725
train,2015-416,2,369,8,1.0,0.48725133054718794
train,2015-416,2,369,9,0.0,0.4648025472403305
train,2015-416,2,369,10,1.0,0.608851763467293
train,2015-416,2,369,11,1.0,0.5104660952191956
train,2015-416,2,369,12,0.0,0.42239382056531166
train,2015-416,2,369,13,1.0,0.656011282497702
train,2015-416,2,369,14,0.0,0.46204625623978657
train,2015-416,2,369,15,1.0,0.6581995442379937
train,2015-416,2,369,16,1.0,0.47011169821321036
train,2015-416,2,369,17,1.0,0.7409146323071821
train,2015-416,2,369,18,1.0,0.8650980741222112
train,2015-416,2,369,19,0.0,0.49795441639696275
train,2015-416,2,369,20,1.0,0.5831627991817133
train,2015-416,2,369,21,0.0,0.46060412630680153
train,2015-416,2,369,22,0.0,0.4298952152360868
train,2015-416,2,369,23,0.0,0.6265307995784644
train,2015-416,3,370,0,1.0,0.3756218991907952
train,2015-416,3,370,1,1.0,0.6596613730943847
train,2015-416,3,370,2,0.0,0.229412842737747
train,2015-416,3,370,3,0.0,0.004193966706416937
train,2015-416,3,370,4,1.0,0.32385340599360635
train,2015-416,3,370,5,1.0,0.4844835278823746
train,2015-416,3,370,6,0.0,0.3860985335041001
train,2015-416,3,370,7,1.0,0.8544566587665996
train,2015-416,3,370,8,1.0,0.4480005644030231
train,2015-416,3,370,9,1.0,0.7695165556018931
train,2015-416,3,370,10,1.0,0.4724863303221223
train,2015-416,3,370,11,1.0,0.8135233263074794
train,2015-416,3,370,12,1.0,0.5031799734001249
train,2015-416,3,370,13,0.0,0.5170851870315105
train,2015-416,3,370,14,1.0,0.7380522980857995
train,2015-416,3,370,15,0.0,0.09601607854359889
train,2015-416,4,371,0,0.0,0.052895191301352375
train,2015-416,4,371,1,1.0,0.7556204178152677
train,2015-416,4,371,2,1.0,0.16955828485443686
train,2015-416,4,371,3,1.0,0.8444262230172791
train,2015-416,4,371,4,0.0,0.3254427490595057
train,2015-416,4,371,5,1.0,0.9940992027798786
train,2015-416,4,371,6,1.0,0.3385876184881242
train,2015-416,4,371,7,0.0,0.30805581727162445
train,2015-416,5,372,0,1.0,0.9013980797798724
train,2015-416,5,372,1,1.0,0.8617567977731143
train,2015-416,5,372,2,1.0,0.01587977711157883
train,2015-416,5,372,3,0.0,0.5181088772123735
train,2015-416,6,373,0,1.0,0.7762936369085311
train,2015-416,6,373,1,1.0,0.4296166112679689
train,2015-416,7,374,0,1.0,0.863878999283484
train,2015-421,2,389,0,0.0,0.4657965011421226
train,2015-421,2,389,1,1.0,0.5093860166364209
train,2015-421,2,389,2,1.0,0.46231341391486425
train,2015-421,2,389,3,1.0,0.4920691828065348
train,2015-421,2,389,4,0.0,0.6451846354485871
train,2015-421,2,389,5,1.0,0.5279826126292995
train,2015-421,2,389,6,1.0,0.522748730095055
train,2015-421,2,389,7,1.0,0.5337658952147268
train,2015-421,2,389,8,1.0,0.681962973688833
train,2015-421,2,389,9,0.0,0.42391666359058844
train,2015-421,2,389,10,0.0,0.4911378192876256
train,2015-421,2,389,11,0.0,0.5120564343212687
train,2015-421,2,389,12,0.0,0.6276523020094259
train,2015-421,2,389,13,0.0,0.40490665420892885
train,2015-421,2,389,14,0.0,0.4813370385793424
train,2015-421,2,389,15,1.0,0.6020033134593384
train,2015-421,2,389,16,1.0,0.6052719437433143
train,2015-421,2,389,17,1.0,0.8332563414041836
train,2015-421,2,389,18,0.0,0.5541414172855418
train,2015-421,2,389,19,1.0,0.5020107415502205
train,2015-421,2,389,20,1.0,0.5794210450738841
train,2015-421,2,389,21,0.0,0.49335814264219513
train,2015-421,2,389,22,0.0,0.455239799976094
train,2015-421,2,389,23,0.0,0.4883225836035293
train,2015-421,3,390,0,0.0,0.13643347020061422
train,2015-421,3,390,1,1.0,0.37638695022285745
train,2015-421,3,390,2,1.0,0.801466579194464
train,2015-421,3,390,3,0.0,0.705034456138977
train,2015-421,3,390,4,1.0,0.7942466691808635
train,2015-421,3,390,5,1.0,0.9376741392003264
train,2015-421,3,390,6,0.0,0.5306793266771125
train,2015-421,3,390,7,0.0,0.6363391892238264
train,2015-421,3,390,8,1.0,0.5767410833146535
train,2015-421,3,390,9,0.0,0.5911883944175816
train,2015-421,3,390,10,1.0,0.6428360589384903
train,2015-421,3,390,11,1.0,0.22453089611670296
train,2015-421,3,390,12,0.0,0.46012379671188713
train,2015-421,3,390,13,1.0,0.17778101617512138
train,2015-421,3,390,14,1.0,0.9922735704310995
train,2015-421,3,390,15,1.0,0.4269912558496679
train,2015-421,4,391,0,1.0,0.9916563530442792
train,2015-421,4,391,1,0.0,0.49794187487927394
train,2015-421,4,391,2,0.0,0.5019066095402294
train,2015-421,4,391,3,1.0,0.8977876144994217
train,2015-421,4,391,4,0.0,0.21835060452713026
train,2015-421,4,391,5,0.0,0.20180146656739348
train,2015-421,4,391,6,1.0,0.9373561838065072
train,2015-421,4,391,7,1.0,0.6313135752180603
train,2015-421,5,392,0,0.0,0.630153945793989
train,2015-421,5,392,1,1.0,0.9896190839346408
train,2015-421,5,392,2,0.0,0.8017889725707003
train,2015-421,5,392,3,1.0,0.7889662742350427
train,2015-421,6,393,0,0.0,0.012687353650567924
train,2015-421,6,393,1,0.0,0.20478536034810726
train,2015-421,7,394,0,1.0,0.15174064080259272
train,2015-422,2,395,0,0.0,0.6137438937872054
train,2015-422,2,395,1,1.0,0.48134205852014555
train,2015-422,2,395,2,0.0,0.7221267302877937
train,2015-422,2,395,3,0.0,0.5585575253954349
train,2015-422,2,395,4,0.0,0.5059863451957688
train,2015-422,2,395,5,0.0,0.49842772169859884
train,2015-422,2,395,6,0.0,0.4692768327921944
train,2015-422,2,395,7,1.0,0.48997350263171874
train,2015-422,2,395,8,0.0,0.5769250402975035
train,2015-422,2,395,9,0.0,0.3041628845659766
train,2015-422,2,395,10,0.0,0.4865469514704428
train,2015-422,2,395,11,1.0,0.4177903970123803
train,2015-422,2,395,12,1.0,0.498004407045942
train,2015-422,2,395,13,1.0,0.6128784987678254
train,2015-422,2,395,14,0.0,0.5395358961240755
train,2015-422,2,395,15,0.0,0.4612762119806626
train,2015-422,2,395,16,0.0,0.4782521412660848
train,2015-422,2,395,17,1.0,0.6301849521287046
train,2015-422,2,395,18,1.0,0.5518682418722436
train,2015-422,2,395,19,1.0,0.6159555716898444
train,2015-422,2,395,20,1.0,0.6062512555163954
train,2015-422,2,395,21,1.0,0.5626936163573918
train,2015-422,2,395,22,1.0,0.5543909219496795
train,2015-422,2,395,23,0.0,0.5828156076201382
train,2015-422,3,396,0,0.0,0.06991597609681613
train,2015-422,3,396,1,0.0,0.37535642716833867
train,2015-422,3,396,2,0.0,0.45893446345825734
train,2015-422,3,396,3,0.0,0.10643449825045681
train,2015-422,3,396,4,1.0,0.6874658617019749
train,2015-422,3,396,5,0.0,0.4815502476292226
train,2015-422,3,396,6,1.0,0.6924638808825786
train,2015-422,3,396,7,1.0,0.8097201357215364
train,2015-422,3,396,8,0.0,0.4048109183915402
train,2015-422,3,396,9,1.0,0.9518710507809044
train,2015-422,3,396,10,0.0,0.41574069807150243
train,2015-422,3,396,11,0.0,0.4788237848881219
train,2015-422,3,396,12,0.0,0.4282538270759777
train,2015-422,3,396,13,1.0,0.7921913197684325
train,2015-422,3,396,14,0.0,0.6485913452640167
train,2015-422,3,396,15,0.0,0.009177630752616479
train,2015-422,4,397,0,1.0,0.989840761629346
train,2015-422,4,397,1,0.0,0.28340183396427154
train,2015-422,4,397,2,1.0,0.6376028708083812
train,2015-422,4,397,3,1.0,0.479055141365698
train,2015-422,4,397,4,1.0,0.9610086664161973
train,2015-422,4,397,5,0.0,0.8866982528233834
train,2015-422,4,397,6,0.0,0.10327121878842399
train,2015-422,4,397,7,0.0,0.5033577342605386
train,2015-422,5,398,0,1.0,0.9668699242396311
train,2015-422,5,398,1,0.0,0.7750062797997836
train,2015-422,5,398,2,1.0,0.9347040740718942
train,2015-422,5,398,3,1.0,0.8732288765979943
train,2015-422,6,399,0,0.0,0.01350546102169444
train,2015-422,6,399,1,0.0,0.6847870085196074
train,2015-422,7,400,0,0.0,0.8384528741797516
train,2015-5014,2,408,0,0.0,0.5
train,2015-5014,2,408,1,0.0,0.5
train,2015-5014,2,408,2,1.0,0.5
train,2015-5014,2,408,3,1.0,0.5
train,2015-5014,2,408,4,1.0,0.5
train,2015-5014,2,408,5,0.0,0.5
train,2015-5014,2,408,6,0.0,0.5
train,2015-5014,2,408,7,0.0,0.5
train,2015-5014,2,408,8,1.0,0.5
train,2015-5014,2,408,9,1.0,0.5
train,2015-5014,2,408,10,1.0,0.5
train,2015-5014,2,408,11,1.0,0.5
train,2015-5014,2,408,12,1.0,0.5
train,2015-5014,2,408,13,1.0,0.5
train,2015-5014,2,408,14,1.0,0.5
train,2015-5014,2,408,15,0.0,0.5
train,2015-5014,2,408,16,0.0,0.5
train,2015-5014,2,408,17,0.0,0.5
train,2015-5014,2,408,18,1.0,0.5
train,2015-5014,2,408,19,0.0,0.5
train,2015-5014,2,408,20,1.0,0.5
train,2015-5014,2,408,21,1.0,0.5
train,2015-5014,2,408,22,0.0,0.5
train,2015-5014,2,408,23,1.0,0.5
train,2015-5014,3,409,0,1.0,0.5
train,2015-5014,3,409,1,0.0,0.5
train,2015-5014,3,409,2,1.0,0.5
train,2015-5014,3,409,3,0.0,0.5
train,2015-5014,3,409,4,0.0,0.5
train,2015-5014,3,409,5,0.0,0.5
train,2015-5014,3,409,6,0.0,0.5
train,2015-5014,3,409,7,0.0,0.5
train,2015-5014,3,409,8,0.0,0.5
train,2015-5014,3,409,9,0.0,0.5
train,2015-5014,3,409,10,1.0,0.5
train,2015-5014,3,409,11,1.0,0.5
train,2015-5014,3,409,12,1.0,0.5
train,2015-5014,3,409,13,0.0,0.5
train,2015-5014,3,409,14,1.0,0.5
train,2015-5014,3,409,15,0.0,0.5
train,2015-5014,4,410,0,0.0,0.5
train,2015-5014,4,410,1,1.0,0.5
train,2015-5014,4,410,2,0.0,0.5
train,2015-5014,4,410,3,1.0,0.5
train,2015-5014,4,410,4,0.0,0.5
train,2015-5014,4,410,5,0.0,0.5
train,2015-5014,4,410,6,0.0,0.5
train,2015-5014,4,410,7,1.0,0.5
train,2015-5014,5,411,0,1.0,0.5
train,2015-5014,5,411,1,1.0,0.5
train,2015-5014,5,411,2,0.0,0.5
train,2015-5014,5,411,3,0.0,0.5
train,2015-5014,6,412,0,1.0,0.5
train,2015-5014,6,412,1,0.0,0.5
train,2015-5014,7,413,0,1.0,0.5
train,2015-520,1,375,0,0.0,0.15188633458185802
train,2015-520,1,375,1,1.0,0.4186656419025418
train,2015-520,1,375,2,1.0,0.557147828519619
train,2015-520,1,375,3,0.0,0.44056360095792824
train,2015-520,1,375,4,0.0,0.47215157747157
train,2015-520,1,375,5,1.0,0.5
train,2015-520,1,375,6,0.0,0.43477871017156805
train,2015-520,1,375,7,0.0,0.5375300408306438
train,2015-520,1,375,8,1.0,0.5648227532622424
train,2015-520,1,375,9,0.0,0.3942267467864867
train,2015-520,1,375,10,1.0,0.5580981358007464
train,2015-520,1,375,11,1.0,0.5333976518781486
train,2015-520,1,375,12,1.0,0.512756440384645
train,2015-520,1,375,13,0.0,0.17365812588966414
train,2015-520,1,375,14,1.0,0.9946877713435235
train,2015-520,1,375,15,1.0,0.577443705043248
train,2015-520,1,375,16,1.0,0.5007651200232534
train,2015-520,1,375,17,1.0,0.6035477811749056
train,2015-520,1,375,18,0.0,0.3850995822141502
train,2015-520,1,375,19,0.0,0.5116667118883368
train,2015-520,1,375,20,0.0,0.52370916992647
train,2015-520,1,375,21,0.0,0.7421588544316267
train,2015-520,1,375,22,0.0,0.4467438330059987
train,2015-520,1,375,23,0.0,0.4949724324157263
train,2015-520,1,375,24,1.0,0.508985953880552
train,2015-520,1,375,25,0.0,0.39950825122445816
train,2015-520,1,375,26,1.0,0.5133851529192082
train,2015-520,1,375,27,1.0,0.49988135535558914
train,2015-520,1,375,28,0.0,0.5046267762777645
train,2015-520,1,375,29,1.0,0.9738803559301623
train,2015-520,1,375,30,1.0,0.6255733900544406
train,2015-520,1,375,31,1.0,0.523015581689458
train,2015-520,1,375,32,1.0,0.5483070688198652
train,2015-520,1,375,33,0.0,0.5078299800952538
train,2015-520,1,375,34,1.0,0.7192386577358486
train,2015-520,1,375,35,0.0,0.514473069358467
train,2015-520,1,375,36,1.0,0.5347974049656175
train,2015-520,1,375,37,0.0,0.11102925309470922
train,2015-520,1,375,38,1.0,0.4673859228792662
train,2015-520,1,375,39,1.0,0.7019181127509673
train,2015-520,1,375,40,0.0,0.4052242065692285
train,2015-520,1,375,41,0.0,0.40005026817001593
train,2015-520,1,375,42,0.0,0.49009366877859767
train,2015-520,1,375,43,1.0,0.6096429589588052
train,2015-520,1,375,44,1.0,0.3686751189128513
train,2015-520,1,375,45,1.0,0.5101948557145489
train,2015-520,1,375,46,1.0,0.5067855305449481
train,2015-520,1,375,47,0.0,0.1468201930596875
train,2015-520,1,375,48,0.0,0.2071570069988245
train,2015-520,1,375,49,0.0,0.46332511513137226
train,2015-520,1,375,50,1.0,0.6129429298226344
train,2015-520,1,375,51,1.0,0.8529512588097492
train,2015-520,1,375,52,1.0,0.576974765769535
train,2015-520,1,375,53,1.0,0.500398524095182
train,2015-520,1,375,54,0.0,0.28421640126753756
train,2015-520,1,375,55,0.0,0.4585042121972922
train,2015-520,1,375,56,0.0,0.45861533349127154
train,2015-520,1,375,57,1.0,0.59399524678634
train,2015-520,1,375,58,0.0,0.4555667327286897
train,2015-520,1,375,59,0.0,0.30841298100018966
train,2015-520,1,375,60,1.0,0.48959572796207895
train,2015-520,1,375,61,0.0,0.36667356653060895
train,2015-520,1,375,62,0.0,0.3499781510865272
train,2015-520,1,375,63,0.0,0.5184048508902153
train,2015-520,2,376,0,1.0,0.5264567902483264
train,2015-520,2,376,1,1.0,0.4481117342172131
train,2015-520,2,376,2,1.0,0.39112694865868614
train,2015-520,2,376,3,0.0,0.3065592672429411
train,2015-520,2,376,4,1.0,0.28556006234244824
train,2015-520,2,376,5,0.0,0.827090937931756
train,2015-520,2,376,6,1.0,0.424275747355737
train,2015-520,2,376,7,1.0,0.8476121870947111
train,2015-520,2,376,8,1.0,0.49810299572383065
train,2015-520,2,376,9,0.0,0.611021482101803
train,2015-520,2,376,10,1.0,0.5115698536324933
train,2015-520,2,376,11,1.0,0.6523002700047051
train,2015-520,2,376,12,1.0,0.7443331577584827
train,2015-520,2,376,13,1.0,0.8672576222178825
train,2015-520,2,376,14,0.0,0.4088235739372466
train,2015-520,2,376,15,0.0,0.4493679940785992
train,2015-520,2,376,16,0.0,0.39898976075872067
train,2015-520,2,376,17,1.0,0.500453796767143
train,2015-520,2,376,18,0.0,0.5209792415232227
train,2015-520,2,376,19,0.0,0.44153155704654257
train,2015-520,2,376,20,0.0,0.18216660196248022
train,2015-520,2,376,21,1.0,0.9857379395517865
train,2015-520,2,376,22,0.0,0.6038250397900037
train,2015-520,2,376,23,0.0,0.6398600232675753
train,2015-520,2,376,24,0.0,0.44407786179065356
train,2015-520,2,376,25,1.0,0.5435428621810989
train,2015-520,2,376,26,1.0,0.4970805130670862
train,2015-520,2,376,27,0.0,0.5152521851320966
train,2015-520,2,376,28,1.0,0.4598672891959871
train,2015-520,2,376,29,0.0,0.22721325184828042
train,2015-520,2,376,30,1.0,0.9764972171581296
train,2015-520,2,376,31,1.0,0.6978225149167483
train,2015-520,3,377,0,0.0,0.3941145706417441
train,2015-520,3,377,1,1.0,0.5460592744452357
train,2015-520,3,377,2,1.0,0.8486131885060998
train,2015-520,3,377,3,0.0,0.34553035109963515
train,2015-520,3,377,4,1.0,0.8413791914118233
train,2015-520,3,377,5,1.0,0.7230131134798296
train,2015-520,3,377,6,0.0,0.4953473224133423
train,2015-520,3,377,7,0.0,0.4974343656504102
train,2015-520,3,377,8,0.0,0.2707710149198007
train,2015-520,3,377,9,1.0,0.8753253108915737
train,2015-520,3,377,10,0.0,0.4801585830217535
train,2015-520,3,377,11,0.0,0.514728031193743
train,2015-520,3,377,12,0.0,0.21168461103874853
train,2015-520,3,377,13,0.0,0.0056098412832237265
train,2015-520,3,377,14,0.0,0.44054655659094405
train,2015-520,3,377,15,1.0,0.9748715264180476
train,2015-520,4,378,0,0.0,0.28419448218509535
train,2015-520,4,378,1,1.0,0.76915974046934
train,2015-520,4,378,2,1.0,0.37989298210775446
train,2015-520,4,378,3,0.0,0.3067391552140663
train,2015-520,4,378,4,1.0,0.8377758716821891
train,2015-520,4,378,5,1.0,0.7648918197158812
train,2015-520,4,378,6,1.0,0.9925677199396417
train,2015-520,4,378,7,0.0,0.038193634177767194
train,2015-520,5,379,0,0.0,0.5207554973089351
train,2015-520,5,379,1,0.0,0.5210094051027734
train,2015-520,5,379,2,1.0,0.37379778327521723
train,2015-520,5,379,3,1.0,0.18169239541468094
train,2015-520,6,380,0,0.0,0.31070185296099434
train,2015-520,6,380,1,1.0,0.913250493524976
train,2015-520,7,381,0,0.0,0.9002358815364331
train,2015-540,1,382,0,0.0,0.4550361993246641
train,2015-540,1,382,1,0.0,0.39085624423437315
train,2015-540,1,382,2,1.0,0.646585673249182
train,2015-540,1,382,3,1.0,0.5472537263575888
train,2015-540,1,382,4,0.0,0.4934475366716143
train,2015-540,1,382,5,1.0,0.8655730857810671
train,2015-540,1,382,6,1.0,0.9681965380607684
train,2015-540,1,382,7,1.0,0.3677734938121093
train,2015-540,1,382,8,0.0,0.3579637261167912
train,2015-540,1,382,9,1.0,0.415563843977149
train,2015-540,1,382,10,0.0,0.5522661415938553
train,2015-540,1,382,11,1.0,0.6646769430151545
train,2015-540,1,382,12,1.0,0.43048143089444596
train,2015-540,1,382,13,0.0,0.3327728174711126
train,2015-540,1,382,14,0.0,0.4378223222187182
train,2015-540,1,382,15,0.0,0.42039054867629544
train,2015-540,1,382,16,1.0,0.5200716305746156
train,2015-540,1,382,17,0.0,0.4920678598708049
train,2015-540,1,382,18,0.0,0.3348294192096705
train,2015-540,1,382,19,0.0,0.4873123053394898
train,2015-540,1,382,20,0.0,0.5018280726666371
train,2015-540,1,382,21,0.0,0.2431414151114102
train,2015-540,1,382,22,0.0,0.22805986241709247
train,2015-540,1,382,23,1.0,0.3699164656551563
train,2015-540,1,382,24,1.0,0.4635157675237667
train,2015-540,1,382,25,1.0,0.5497463042331998
train,2015-540,1,382,26,1.0,0.5783626195330924
train,2015-540,1,382,27,1.0,0.5151098883627682
train,2015-540,1,382,28,1.0,0.3468084459486904
train,2015-540,1,382,29,0.0,0.14778449899565194
train,2015-540,1,382,30,0.0,0.49152754152214817
train,2015-540,1,382,31,0.0,0.5747445096965343
train,2015-540,1,382,32,0.0,0.36327976698246
train,2015-540,1,382,33,1.0,0.6056331021083694
train,2015-540,1,382,34,1.0,0.5073316654710951
train,2015-540,1,382,35,0.0,0.5026506238363766
train,2015-540,1,382,36,0.0,0.3942519508573013
train,2015-540,1,382,37,1.0,0.3417554543195888
train,2015-540,1,382,38,0.0,0.5020520034430398
train,2015-540,1,382,39,1.0,0.7874869136679673
train,2015-540,1,382,40,0.0,0.3489898687322003
train,2015-540,1,382,41,0.0,0.24719571188929396
train,2015-540,1,382,42,0.0,0.41742884145078124
train,2015-540,1,382,43,0.0,0.4248903855770924
train,2015-540,1,382,44,1.0,0.3990585686308325
train,2015-540,1,382,45,1.0,0.42693630203815847
train,2015-540,1,382,46,1.0,0.8316437169046694
train,2015-540,1,382,47,0.0,0.3537201209628961
train,2015-540,1,382,48,0.0,0.5
train,2015-540,1,382,49,1.0,0.5317291603066412
train,2015-540,1,382,50,1.0,0.9750260603190692
train,2015-540,1,382,51,0.0,0.495125180305957
train,2015-540,1,382,52,0.0,0.45640034019609804
train,2015-540,1,382,53,0.0,0.4656310781456076
train,2015-540,1,382,54,1.0,0.22748108496982924
train,2015-540,1,382,55,1.0,0.4707239502460567
train,2015-540,1,382,56,1.0,0.6765578646073488
train,2015-540,1,382,57,1.0,0.5490195066170582
train,2015-540,1,382,58,0.0,0.6243946487693356
train,2015-540,1,382,59,0.0,0.34006781748879844
train,2015-540,1,382,60,0.0,0.3252731814839899
train,2015-540,1,382,61,1.0,0.758411247211144
train,2015-540,1,382,62,0.0,0.6238450155691858
train,2015-540,1,382,63,0.0,0.1906586274694772
train,2015-540,2,383,0,1.0,0.25516409345983865
train,2015-540,2,383,1,1.0,0.7847053726391606
train,2015-540,2,383,2,1.0,0.5165689475389696
train,2015-540,2,383,3,1.0,0.7276846077838376
train,2015-540,2,383,4,0.0,0.049657306719661544
train,2015-540,2,383,5,0.0,0.831935815104884
train,2015-540,2,383,6,0.0,0.5585542667274728
train,2015-540,2,383,7,1.0,0.48676951896692044
train,2015-540,2,383,8,0.0,0.3252103010779284
train,2015-540,2,383,9,1.0,0.5955437661008581
train,2015-540,2,383,10,0.0,0.47721038823412576
train,2015-540,2,383,11,0.0,0.6252116832784439
train,2015-540,2,383,12,0.0,0.49228367624188213
train,2015-540,2,383,13,1.0,0.478928998935168
train,2015-540,2,383,14,0.0,0.6739660797520829
train,2015-540,2,383,15,0.0,0.45865056315705804
train,2015-540,2,383,16,0.0,0.40216631338089176
train,2015-540,2,383,17,1.0,0.8384748155033778
train,2015-540,2,383,18,1.0,0.5950506852767016
train,2015-540,2,383,19,1.0,0.6271776583270501
train,2015-540,2,383,20,1.0,0.6665314148975289
train,2015-540,2,383,21,0.0,0.33115862831744386
train,2015-540,2,383,22,1.0,0.37066407324520523
train,2015-540,2,383,23,0.0,0.3427111710391769
train,2015-540,2,383,24,1.0,0.7604090574440178
train,2015-540,2,383,25,1.0,0.7441527796665531
train,2015-540,2,383,26,1.0,0.49223358442018633
train,2015-540,2,383,27,0.0,0.4711239539078419
train,2015-540,2,383,28,0.0,0.5068283679256204
train,2015-540,2,383,29,0.0,0.43194709974023704
train,2015-540,2,383,30,1.0,0.9365607341969725
train,2015-540,2,383,31,1.0,0.8911404701789973
train,2015-540,3,384,0,1.0,0.4076975070949867
train,2015-540,3,384,1,1.0,0.9095316468753184
train,2015-540,3,384,2,1.0,0.9688614153888448
train,2015-540,3,384,3,0.0,0.4871789426207559
train,2015-540,3,384,4,0.0,0.42091109905802077
train,2015-540,3,384,5,1.0,0.766310340674513
train,2015-540,3,384,6,1.0,0.9237407585868761
train,2015-540,3,384,7,1.0,0.47833448087039593
train,2015-540,3,384,8,0.0,0.505833291252261
train,2015-540,3,384,9,0.0,0.6007092765762726
train,2015-540,3,384,10,1.0,0.24908251723859587
train,2015-540,3,384,11,0.0,0.5321399079570951
train,2015-540,3,384,12,1.0,0.5354407902691335
train,2015-540,3,384,13,0.0,0.5412923409605732
train,2015-540,3,384,14,0.0,0.37914254789141444
train,2015-540,3,384,15,1.0,0.6809275884699851
train,2015-540,4,385,0,1.0,0.9429195961028869
train,2015-540,4,385,1,0.0,0.6247884147695658
train,2015-540,4,385,2,0.0,0.07188521101695085
train,2015-540,4,385,3,1.0,0.3350077629381366
train,2015-540,4,385,4,1.0,0.6032282335968916
train,2015-540,4,385,5,0.0,0.39764649945818764
train,2015-540,4,385,6,0.0,0.2537088866933344
train,2015-540,4,385,7,1.0,0.7890827948110887
train,2015-540,5,386,0,1.0,0.896098803299046
train,2015-540,5,386,1,0.0,0.028958067219817526
train,2015-540,5,386,2,0.0,0.5136965248329328
train,2015-540,5,386,3,1.0,0.8296169703733599
train,2015-540,6,387,0,1.0,0.3952514058656127
train,2015-540,6,387,1,0.0,0.15815466117530627
train,2015-540,7,388,0,0.0,0.7268385752988115
train,2015-560,1,401,0,1.0,0.5383409366536913
train,2015-560,1,401,1,0.0,0.5658135375235144
train,2015-560,1,401,2,0.0,0.392818432225719
train,2015-560,1,401,3,1.0,0.5823849030209747
train,2015-560,1,401,4,0.0,0.5204114598034254
train,2015-560,1,401,5,1.0,0.49669202385313055
train,2015-560,1,401,6,1.0,0.7049587679187524
train,2015-560,1,401,7,0.0,0.6323518048105347
train,2015-560,1,401,8,1.0,0.516761864170007
train,2015-560,1,401,9,0.0,0.47277713343159355
train,2015-560,1,401,10,1.0,0.7944468387516922
train,2015-560,1,401,11,1.0,0.704730716648545
train,2015-560,1,401,12,1.0,0.38362589798686425
train,2015-560,1,401,13,1.0,0.4464013475565518
train,2015-560,1,401,14,0.0,0.7852895709451809
train,2015-560,1,401,15,1.0,0.9264847226717692
train,2015-560,1,401,16,1.0,0.9694611538781123
train,2015-560,1,401,17,0.0,0.5017871074395339
train,2015-560,1,401,18,0.0,0.46872814082030484
train,2015-560,1,401,19,0.0,0.3195455020491749
train,2015-560,1,401,20,1.0,0.6261661646540907
train,2015-560,1,401,21,1.0,0.5844221142112391
train,2015-560,1,401,22,0.0,0.31782884876226236
train,2015-560,1,401,23,1.0,0.5267948124631089
train,2015-560,1,401,24,0.0,0.5162166206129202
train,2015-560,1,401,25,0.0,0.5737870273524137
train,2015-560,1,401,26,1.0,0.5399113167426597
train,2015-560,1,401,27,0.0,0.4013231286465497
train,2015-560,1,401,28,1.0,0.4995287489146199
train,2015-560,1,401,29,1.0,0.4460741807426352
train,2015-560,1,401,30,1.0,0.990665862295016
train,2015-560,1,401,31,0.0,0.507668037113514
train,2015-560,1,401,32,0.0,0.5040407308648841
train,2015-560,1,401,33,0.0,0.5
train,2015-560,1,401,34,0.0,0.23054453921701484
train,2015-560,1,401,35,1.0,0.7594760837649157
train,2015-560,1,401,36,0.0,0.48005475695164257
train,2015-560,1,401,37,0.0,0.4159824069362515
train,2015-560,1,401,38,1.0,0.5939194283012561
train,2015-560,1,401,39,1.0,0.4919533457945179
train,2015-560,1,401,40,0.0,0.38494104281256614
train,2015-560,1,401,41,1.0,0.6800313305071418
train,2015-560,1,401,42,1.0,0.6893812697458191
train,2015-560,1,401,43,0.0,0.4498771956334463
train,2015-560,1,401,44,1.0,0.5472295389125755
train,2015-560,1,401,45,1.0,0.4475008521148157
train,2015-560,1,401,46,0.0,0.5996258155677557
train,2015-560,1,401,47,1.0,0.5274243107954243
train,2015-560,1,401,48,0.0,0.17875593798343503
train,2015-560,1,401,49,0.0,0.4931673545504094
train,2015-560,1,401,50,0.0,0.46389143675938926
train,2015-560,1,401,51,0.0,0.49883701942443814
train,2015-560,1,401,52,0.0,0.04152660636288429
train,2015-560,1,401,53,0.0,0.5418563641461136
train,2015-560,1,401,54,1.0,0.5189236269810287
train,2015-560,1,401,55,1.0,0.5230783479145941
train,2015-560,1,401,56,1.0,0.43203108884804137
train,2015-560,1,401,57,1.0,0.42673823325818
train,2015-560,1,401,58,1.0,0.4963154148773768
train,2015-560,1,401,59,1.0,0.4885729581924563
train,2015-560,1,401,60,1.0,0.4971284941176778
train,2015-560,1,401,61,1.0,0.5104846502887382
train,2015-560,1,401,62,0.0,0.5174524347722619
train,2015-560,1,401,63,1.0,0.6313468463633067
train,2015-560,2,402,0,1.0,0.5108024997266701
train,2015-560,2,402,1,0.0,0.4417520316502203
train,2015-560,2,402,2,1.0,0.6287162186953223
train,2015-560,2,402,3,0.0,0.48143685933185104
train,2015-560,2,402,4,0.0,0.035416275253356166
train,2015-560,2,402,5,1.0,0.40677435810869944
train,2015-560,2,402,6,0.0,0.4899646686264451
train,2015-560,2,402,7,1.0,0.5003370337783605
train,2015-560,2,402,8,0.0,0.30852216796399456
train,2015-560,2,402,9,1.0,0.5749605067874136
train,2015-560,2,402,10,0.0,0.4794724943617281
train,2015-560,2,402,11,1.0,0.803053134101488
train,2015-560,2,402,12,0.0,0.5147900529470366
train,2015-560,2,402,13,1.0,0.5354421946638858
train,2015-560,2,402,14,0.0,0.24172498234670342
train,2015-560,2,402,15,1.0,0.5793230397699937
train,2015-560,2,402,16,1.0,0.42612506227106345
train,2015-560,2,402,17,0.0,0.2990810761771542
train,2015-560,2,402,18,1.0,0.5018665887473808
train,2015-560,2,402,19,0.0,0.20934764320773191
train,2015-560,2,402,20,0.0,0.3014163770680958
train,2015-560,2,402,21,1.0,0.561163391409034
train,2015-560,2,402,22,0.0,0.07440509811205492
train,2015-560,2,402,23,0.0,0.4359999837904949
train,2015-560,2,402,24,0.0,0.43312464870885986
train,2015-560,2,402,25,0.0,0.48160301201803674
train,2015-560,2,402,26,1.0,0.5432048937448698
train,2015-560,2,402,27,0.0,0.4685102575220823
train,2015-560,2,402,28,1.0,0.7809576263090511
train,2015-560,2,402,29,1.0,0.9688440082285249
train,2015-560,2,402,30,1.0,0.586031067785084
train,2015-560,2,402,31,1.0,0.9902730627700749
train,2015-560,3,403,0,1.0,0.9675080974518235
train,2015-560,3,403,1,0.0,0.5058384673122119
train,2015-560,3,403,2,1.0,0.9575475878339135
train,2015-560,3,403,3,0.0,0.31484944230604184
train,2015-560,3,403,4,0.0,0.3519875858105855
train,2015-560,3,403,5,0.0,0.19921014248540383
train,2015-560,3,403,6,0.0,0.41191945233013916
train,2015-560,3,403,7,0.0,0.45444456059926636
train,2015-560,3,403,8,1.0,0.7777596580401418
train,2015-560,3,403,9,1.0,0.3353287654008908
train,2015-560,3,403,10,0.0,0.3111557238515246
train,2015-560,3,403,11,0.0,0.20108600485669856
train,2015-560,3,403,12,0.0,0.6529626152352612
train,2015-560,3,403,13,1.0,0.08728593564957964
train,2015-560,3,403,14,0.0,0.5043866774709759
train,2015-560,3,403,15,1.0,0.985661460706907
train,2015-560,4,404,0,0.0,0.06536854587009824
train,2015-560,4,404,1,0.0,0.6632152321280204
train,2015-560,4,404,2,1.0,0.05461756451532928
train,2015-560,4,404,3,1.0,0.7270123350147082
train,2015-560,4,404,4,0.0,0.4250590874868501
train,2015-560,4,404,5,1.0,0.7488249508858985
train,2015-560,4,404,6,0.0,0.3742214521334356
train,2015-560,4,404,7,1.0,0.9880482115991102
train,2015-560,5,405,0,0.0,0.07565728667125998
train,2015-560,5,405,1,1.0,0.5910545180219814
train,2015-560,5,405,2,1.0,0.37106136299002557
train,2015-560,5,405,3,0.0,0.02656587424287859
train,2015-560,6,406,0,0.0,0.09664279876427742
train,2015-560,6,406,1,1.0,0.9712989528533448
train,2015-560,7,407,0,0.0,0.27842839637866157
train,2015-580,1,336,0,1.0,0.4840501323085893
train,2015-580,1,336,1,0.0,0.5466489462200462
train,2015-580,1,336,2,0.0,0.4839165410320463
train,2015-580,1,336,3,1.0,0.6489832601331079
train,2015-580,1,336,4,0.0,0.46748119056341403
train,2015-580,1,336,5,1.0,0.5193891865566276
train,2015-580,1,336,6,1.0,0.8059682653076056
train,2015-580,1,336,7,0.0,0.55432474667584
train,2015-580,1,336,8,1.0,0.5256834404343129
train,2015-580,1,336,9,0.0,0.5672253850868467
train,2015-580,1,336,10,1.0,0.4285522790990971
train,2015-580,1,336,11,1.0,0.4987306598058615
train,2015-580,1,336,12,0.0,0.48718738233503006
train,2015-580,1,336,13,0.0,0.5112633749411195
train,2015-580,1,336,14,0.0,0.18529487471072875
train,2015-580,1,336,15,0.0,0.2865218381002611
train,2015-580,1,336,16,0.0,0.48262838903979344
train,2015-580,1,336,17,0.0,0.43407090074917654
train,2015-580,1,336,18,1.0,0.395978178087139
train,2015-580,1,336,19,0.0,0.042373643864274536
train,2015-580,1,336,20,1.0,0.56220188409619
train,2015-580,1,336,21,1.0,0.519233475536388
train,2015-580,1,336,22,0.0,0.3691015673860924
train,2015-580,1,336,23,0.0,0.4784274451485553
train,2015-580,1,336,24,1.0,0.5119602751231369
train,2015-580,1,336,25,0.0,0.496718671159377
train,2015-580,1,336,26,1.0,0.6693843958459195
train,2015-580,1,336,27,1.0,0.6055046193915549
train,2015-580,1,336,28,0.0,0.5001998386374257
train,2015-580,1,336,29,0.0,0.5031295817855187
train,2015-580,1,336,30,0.0,0.010199260978979371
train,2015-580,1,336,31,0.0,0.48911533659672257
train,2015-580,1,336,32,1.0,0.5627927544294012
train,2015-580,1,336,33,0.0,0.37993392441443924
train,2015-580,1,336,34,1.0,0.7889399308600195
train,2015-580,1,336,35,0.0,0.20444916605802566
train,2015-580,1,336,36,0.0,0.4841863333208927
train,2015-580,1,336,37,1.0,0.5870226857505257
train,2015-580,1,336,38,0.0,0.4389746595125709
train,2015-580,1,336,39,0.0,0.4830036766555626
train,2015-580,1,336,40,0.0,0.5062841328922757
train,2015-580,1,336,41,0.0,0.42136163395985193
train,2015-580,1,336,42,1.0,0.49871185608337404
train,2015-580,1,336,43,0.0,0.4260099844103165
train,2015-580,1,336,44,1.0,0.5058336130313481
train,2015-580,1,336,45,0.0,0.47169115467859946
train,2015-580,1,336,46,0.0,0.4839248928813259
train,2015-580,1,336,47,0.0,0.49230880350983935
train,2015-580,1,336,48,0.0,0.062267371652618614
train,2015-580,1,336,49,0.0,0.7275206196941071
train,2015-580,1,336,50,0.0,0.49446350541179807
train,2015-580,1,336,51,0.0,0.46647627182295626
train,2015-580,1,336,52,0.0,0.0834262187067427
train,2015-580,1,336,53,1.0,0.5294765807008532
train,2015-580,1,336,54,1.0,0.511885145361613
train,2015-580,1,336,55,1.0,0.585344031267805
train,2015-580,1,336,56,1.0,0.5011390789455726
train,2015-580,1,336,57,0.0,0.4917732569562265
train,2015-580,1,336,58,1.0,0.6440820258853991
train,2015-580,1,336,59,1.0,0.5028203234083694
train,2015-580,1,336,60,0.0,0.2909492995748115
train,2015-580,1,336,61,1.0,0.5082595979949064
train,2015-580,1,336,62,1.0,0.5056931178142122
train,2015-580,1,336,63,1.0,0.43055136148207096
train,2015-580,2,337,0,1.0,0.4932285699011588
train,2015-580,2,337,1,1.0,0.6397145693414154
train,2015-580,2,337,2,0.0,0.28783628470134176
train,2015-580,2,337,3,0.0,0.501622958482623
train,2015-580,2,337,4,1.0,0.9513126560653729
train,2015-580,2,337,5,1.0,0.577950119946386
train,2015-580,2,337,6,0.0,0.5128268808566333
train,2015-580,2,337,7,1.0,0.5769468738133315
train,2015-580,2,337,8,1.0,0.45287110904186934
train,2015-580,2,337,9,1.0,0.4060910316085036
train,2015-580,2,337,10,1.0,0.45678891548243467
train,2015-580,2,337,11,0.0,0.06601090344984012
train,2015-580,2,337,12,0.0,0.48248150141298374
train,2015-580,2,337,13,0.0,0.48257557947807644
train,2015-580,2,337,14,1.0,0.7893574437256681
train,2015-580,2,337,15,0.0,0.5086961506042003
train,2015-580,2,337,16,1.0,0.6207809228535885
train,2015-580,2,337,17,0.0,0.20146190697191213
train,2015-580,2,337,18,0.0,0.5417497744425471
train,2015-580,2,337,19,0.0,0.44866959973414594
train,2015-580,2,337,20,0.0,0.4727013126896455
train,2015-580,2,337,21,0.0,0.18500952356289793
train,2015-580,2,337,22,1.0,0.6990771915530918
train,2015-580,2,337,23,1.0,0.46430806740153396
train,2015-580,2,337,24,0.0,0.5716530691462975
train,2015-580,2,337,25,1.0,0.6124421645360096
train,2015-580,2,337,26,1.0,0.4676414855758396
train,2015-580,2,337,27,0.0,0.33236228262729905
train,2015-580,2,337,28,1.0,0.7821393544309427
train,2015-580,2,337,29,0.0,0.03971371505135513
train,2015-580,2,337,30,0.0,0.3926019623826723
train,2015-580,2,337,31,1.0,0.9891976466026098
train,2015-580,3,338,0,0.0,0.30626123783716874
train,2015-580,3,338,1,1.0,0.3493471704214293
train,2015-580,3,338,2,1.0,0.04552579475437732
train,2015-580,3,338,3,0.0,0.48339418546498975
train,2015-580,3,338,4,0.0,0.5102923995387705
train,2015-580,3,338,5,1.0,0.9314714655490995
train,2015-580,3,338,6,1.0,0.9507868356923227
train,2015-580,3,338,7,1.0,0.4226857354423701
train,2015-580,3,338,8,1.0,0.5285292631814733
train,2015-580,3,338,9,1.0,0.7860982992370157
train,2015-580,3,338,10,1.0,0.8245883411425132
train,2015-580,3,338,11,0.0,0.5328544264402366
train,2015-580,3,338,12,1.0,0.7937757064397255
train,2015-580,3,338,13,0.0,0.31544298272608223
train,2015-580,3,338,14,1.0,0.5591237568281031
train,2015-580,3,338,15,1.0,0.9839251068974681
train,2015-580,4,339,0,1.0,0.39210033330844846
train,2015-580,4,339,1,0.0,0.09045456749866378
train,2015-580,4,339,2,0.0,0.0946515465843045
train,2015-580,4,339,3,0.0,0.21047620716878693
train,2015-580,4,339,4,1.0,0.51068580240251
train,2015-580,4,339,5,1.0,0.7956379109781789
train,2015-580,4,339,6,1.0,0.5878062499704111
train,2015-580,4,339,7,0.0,0.012504891433382556
train,2015-580,5,340,0,1.0,0.9231804334855559
train,2015-580,5,340,1,1.0,0.17345139161762713
train,2015-580,5,340,2,1.0,0.4397041378904328
train,2015-580,5,340,3,1.0,0.9720133936979882
train,2015-580,6,341,0,0.0,0.28580269702595207
train,2015-580,6,341,1,0.0,0.05403815949637638
train,2015-580,7,342,0,0.0,0.13252915794984263
val,2016-0352,2,498,0,1.0,0.47634776870785167
val,2016-0352,2,498,1,0.0,0.3587941842675281
val,2016-0352,2,498,2,1.0,0.6356938359185285
val,2016-0352,2,498,3,0.0,0.45461538476514907
val,2016-0352,2,498,4,1.0,0.4699285385768555
val,2016-0352,2,498,5,0.0,0.5475124789574242
val,2016-0352,2,498,6,1.0,0.4431516079612078
val,2016-0352,2,498,7,0.0,0.48003466349618873
val,2016-0352,2,498,8,1.0,0.4915101523198093
val,2016-0352,2,498,9,0.0,0.45434107345753283
val,2016-0352,2,498,10,0.0,0.5069272651463468
val,2016-0352,2,498,11,0.0,0.49519647440066417
val,2016-0352,2,498,12,0.0,0.298550578574408
val,2016-0352,2,498,13,1.0,0.4865729141055224
val,2016-0352,2,498,14,1.0,0.5556132703580552
val,2016-0352,2,498,15,1.0,0.590770947632705
val,2016-0352,3,499,0,0.0,0.5652337537617249
val,2016-0352,3,499,1,1.0,0.12039191956464863
val,2016-0352,3,499,2,1.0,0.5310720028855237
val,2016-0352,3,499,3,0.0,0.2944526733782947
val,2016-0352,3,499,4,0.0,0.3575126988771008
val,2016-0352,3,499,5,0.0,0.006428903140897331
val,2016-0352,3,499,6,1.0,0.6608080948117367
val,2016-0352,3,499,7,0.0,0.48925802809561075
val,2016-0352,3,499,8,0.0,0.23825123471776527
val,2016-0352,3,499,9,1.0,0.8307082760250929
val,2016-0352,3,499,10,0.0,0.5124405971685508
val,2016-0352,3,499,11,1.0,0.7547731625238913
val,2016-0352,3,499,12,1.0,0.5743381852390617
val,2016-0352,3,499,13,0.0,0.30751438325068087
val,2016-0352,3,499,14,0.0,0.0810048457331774
val,2016-0352,3,499,15,0.0,0.5602913239995119
val,2016-0352,4,500,0,0.0,0.06348977855427526
val,2016-0352,4,500,1,0.0,0.34505390761966287
val,2016-0352,4,500,2,1.0,0.697255437081148
val,2016-0352,4,500,3,1.0,0.38319998051111
val,2016-0352,4,500,4,0.0,0.32211521255579373
val,2016-0352,4,500,5,1.0,0.7459504806949683
val,2016-0352,4,500,6,1.0,0.9861869630075902
val,2016-0352,4,500,7,1.0,0.35342042445030125
val,2016-0352,5,501,0,0.0,0.14851851053819967
val,2016-0352,5,501,1,0.0,0.6258165205966957
val,2016-0352,5,501,2,1.0,0.6514292612479451
val,2016-0352,5,501,3,0.0,0.979350461288529
val,2016-0352,6,502,0,1.0,0.8941700872264599
val,2016-0352,6,502,1,1.0,0.302053271081415
val,2016-0352,7,503,0,1.0,0.8881331449277845
val,2016-0410,2,441,0,0.0,0.49206301009284
val,2016-0410,2,441,1,1.0,0.4441053102921693
val,2016-0410,2,441,2,0.0,0.5066134591371065
val,2016-0410,2,441,3,1.0,0.5871495130863815
val,2016-0410,2,441,4,1.0,0.6056183967225602
val,2016-0410,2,441,5,1.0,0.6209627952925926
val,2016-0410,2,441,6,1.0,0.630931058299995
val,2016-0410,2,441,7,1.0,0.6904414579590933
val,2016-0410,2,441,8,1.0,0.5665567759129087
val,2016-0410,2,441,9,1.0,0.6515607893000747
val,2016-0410,2,441,10,0.0,0.5010214349930379
val,2016-0410,2,441,11,0.0,0.5286939744203395
val,2016-0410,2,441,12,1.0,0.47643653149747317
val,2016-0410,2,441,13,0.0,0.6204115942686286
val,2016-0410,2,441,14,0.0,0.486355700530299
val,2016-0410,2,441,15,0.0,0.5404339364041494
val,2016-0410,2,441,16,0.0,0.3225415483811674
val,2016-0410,2,441,17,0.0,0.8032122013898543
val,2016-0410,2,441,18,0.0,0.33143002962632656
val,2016-0410,2,441,19,0.0,0.5037294175647267
val,2016-0410,2,441,20,0.0,0.4673687018480779
val,2016-0410,2,441,21,0.0,0.4321949067101224
val,2016-0410,2,441,22,0.0,0.47775897264953193
val,2016-0410,2,441,23,1.0,0.5111496093257989
val,2016-0410,3,442,0,0.0,0.4212560029526444
val,2016-0410,3,442,1,1.0,0.02556519145835371
val,2016-0410,3,442,2,0.0,0.37295553342542903
val,2016-0410,3,442,3,0.0,0.6632046220397093
val,2016-0410,3,442,4,1.0,0.778370461017124
val,2016-0410,3,442,5,1.0,0.6580218522621728
val,2016-0410,3,442,6,1.0,0.4016946950719865
val,2016-0410,3,442,7,0.0,0.29695967417112396
val,2016-0410,3,442,8,0.0,0.004924122476026318
val,2016-0410,3,442,9,0.0,0.47313313184796857
val,2016-0410,3,442,10,0.0,0.5878951031577595
val,2016-0410,3,442,11,1.0,0.800909323128249
val,2016-0410,3,442,12,1.0,0.3552986393181249
val,2016-0410,3,442,13,1.0,0.258236094279847
val,2016-0410,3,442,14,0.0,0.42381805516994486
val,2016-0410,3,442,15,1.0,0.786867507049577
val,2016-0410,4,443,0,1.0,0.7274279458744304
val,2016-0410,4,443,1,1.0,0.5970961068363643
val,2016-0410,4,443,2,0.0,0.009290433542427727
val,2016-0410,4,443,3,1.0,0.6708322722902059
val,2016-0410,4,443,4,1.0,0.7970644582815668
val,2016-0410,4,443,5,1.0,0.4889780595373943
val,2016-0410,4,443,6,0.0,0.46093830571366673
val,2016-0410,4,443,7,0.0,0.19598198871612216
val,2016-0410,5,444,0,0.0,0.31798297085536664
val,2016-0410,5,444,1,0.0,0.03785121250286994
val,2016-0410,5,444,2,0.0,0.7217586935817304
val,2016-0410,5,444,3,0.0,0.40372741486882274
val,2016-0410,6,445,0,0.0,0.017444474971224505
val,2016-0410,6,445,1,1.0,0.42467533856045864
val,2016-0410,7,446,0,1.0,0.9893742267457606
val,2016-0421,2,473,0,1.0,0.5963441021136915
val,2016-0421,2,473,1,0.0,0.5405293431690384
val,2016-0421,2,473,2,0.0,0.4819062507880299
val,2016-0421,2,473,3,1.0,0.5421932719924545
val,2016-0421,2,473,4,1.0,0.49957294476008685
val,2016-0421,2,473,5,0.0,0.37359260185680154
val,2016-0421,2,473,6,0.0,0.5048676653582309
val,2016-0421,2,473,7,1.0,0.5341175489169728
val,2016-0421,2,473,8,1.0,0.4242878049988055
val,2016-0421,2,473,9,1.0,0.639053925506097
val,2016-0421,2,473,10,0.0,0.4257916053369542
val,2016-0421,2,473,11,0.0,0.4127037174633148
val,2016-0421,2,473,12,0.0,0.5362443449656333
val,2016-0421,2,473,13,1.0,0.6132019461532947
val,2016-0421,2,473,14,1.0,0.4329882450420426
val,2016-0421,2,473,15,1.0,0.5145478880226664
val,2016-0421,2,473,16,0.0,0.5202911803451096
val,2016-0421,2,473,17,0.0,0.5246808935128481
val,2016-0421,2,473,18,1.0,0.7046411191003952
val,2016-0421,2,473,19,1.0,0.45411950898655745
val,2016-0421,2,473,20,0.0,0.4793502515779422
val,2016-0421,2,473,21,1.0,0.4972820661105233
val,2016-0421,2,473,22,1.0,0.558548702093076
val,2016-0421,2,473,23,1.0,0.47029060120724636
val,2016-0421,3,474,0,0.0,0.0060243639270544
val,2016-0421,3,474,1,1.0,0.55011510748247
val,2016-0421,3,474,2,0.0,0.20393381497315347
val,2016-0421,3,474,3,1.0,0.6859148259526515
val,2016-0421,3,474,4,0.0,0.5377199986423548
val,2016-0421,3,474,5,0.0,0.41545156038108444
val,2016-0421,3,474,6,0.0,0.6262918129332677
val,2016-0421,3,474,7,0.0,0.36756246327299824
val,2016-0421,3,474,8,0.0,0.5117082718398421
val,2016-0421,3,474,9,1.0,0.4333014294315946
val,2016-0421,3,474,10,0.0,0.21014612258162585
val,2016-0421,3,474,11,0.0,0.368936306597639
val,2016-0421,3,474,12,0.0,0.7164308338560103
val,2016-0421,3,474,13,0.0,0.5379566915856774
val,2016-0421,3,474,14,1.0,0.702523097296729
val,2016-0421,3,474,15,0.0,0.45300206226431944
val,2016-0421,4,475,0,1.0,0.7705380401108035
val,2016-0421,4,475,1,0.0,0.37773875439356586
val,2016-0421,4,475,2,1.0,0.5464694125952662
val,2016-0421,4,475,3,0.0,0.4233255739130074
val,2016-0421,4,475,4,1.0,0.6991832271051599
val,2016-0421,4,475,5,0.0,0.2160535537402555
val,2016-0421,4,475,6,1.0,0.9935672306224331
val,2016-0421,4,475,7,0.0,0.22844085662158317
val,2016-0421,5,476,0,1.0,0.6487987768047658
val,2016-0421,5,476,1,1.0,0.6710927766801968
val,2016-0421,5,476,2,0.0,0.5644225122146266
val,2016-0421,5,476,3,0.0,0.02145088075943523
val,2016-0421,6,477,0,1.0,0.5033191369477186
val,2016-0421,6,477,1,0.0,0.009506123561867913
val,2016-0421,7,478,0,0.0,0.020659767523364715
val,2016-5014,2,492,0,0.0,0.5
val,2016-5014,2,492,1,1.0,0.5
val,2016-5014,2,492,2,0.0,0.5
val,2016-5014,2,492,3,1.0,0.5
val,2016-5014,2,492,4,0.0,0.5
val,2016-5014,2,492,5,0.0,0.5
val,2016-5014,2,492,6,1.0,0.5
val,2016-5014,2,492,7,0.0,0.5
val,2016-5014,2,492,8,1.0,0.5
val,2016-5014,2,492,9,0.0,0.5
val,2016-5014,2,492,10,1.0,0.5
val,2016-5014,2,492,11,0.0,0.5
val,2016-5014,2,492,12,0.0,0.5
val,2016-5014,2,492,13,0.0,0.5
val,2016-5014,2,492,14,0.0,0.5
val,2016-5014,2,492,15,0.0,0.5
val,2016-5014,2,492,16,1.0,0.5
val,2016-5014,2,492,17,1.0,0.5
val,2016-5014,2,492,18,1.0,0.5
val,2016-5014,2,492,19,0.0,0.5
val,2016-5014,2,492,20,1.0,0.5
val,2016-5014,2,492,21,1.0,0.5
val,2016-5014,2,492,22,0.0,0.5
val,2016-5014,2,492,23,1.0,0.5
val,2016-5014,3,493,0,1.0,0.5
val,2016-5014,3,493,1,1.0,0.5
val,2016-5014,3,493,2,1.0,0.5
val,2016-5014,3,493,3,1.0,0.5
val,2016-5014,3,493,4,0.0,0.5
val,2016-5014,3,493,5,0.0,0.5
val,2016-5014,3,493,6,0.0,0.5
val,2016-5014,3,493,7,0.0,0.5
val,2016-5014,3,493,8,1.0,0.5
val,2016-5014,3,493,9,0.0,0.5
val,2016-5014,3,493,10,0.0,0.5
val,2016-5014,3,493,11,1.0,0.5
val,2016-5014,3,493,12,0.0,0.5
val,2016-5014,3,493,13,1.0,0.5
val,2016-5014,3,493,14,1.0,0.5
val,2016-5014,3,493,15,1.0,0.5
val,2016-5014,4,494,0,1.0,0.5
val,2016-5014,4,494,1,0.0,0.5
val,2016-5014,4,494,2,1.0,0.5
val,2016-5014,4,494,3,1.0,0.5
val,2016-5014,4,494,4,0.0,0.5
val,2016-5014,4,494,5,0.0,0.5
val,2016-5014,4,494,6,0.0,0.5
val,2016-5014,4,494,7,1.0,0.5
val,2016-5014,5,495,0,1.0,0.5
val,2016-5014,5,495,1,0.0,0.5
val,2016-5014,5,495,2,0.0,0.5
val,2016-5014,5,495,3,1.0,0.5
val,2016-5014,6,496,0,0.0,0.5
val,2016-5014,6,496,1,0.0,0.5
val,2016-5014,7,497,0,0.0,0.5
val,2016-520,1,459,0,1.0,0.912130477702368
val,2016-520,1,459,1,0.0,0.5000971602028255
val,2016-520,1,459,2,1.0,0.4938265816396703
val,2016-520,1,459,3,0.0,0.531363163402572
val,2016-520,1,459,4,0.0,0.3803965201177688
val,2016-520,1,459,5,0.0,0.5273779227282703
val,2016-520,1,459,6,0.0,0.3660306940154169
val,2016-520,1,459,7,0.0,0.3300868827607067
val,2016-520,1,459,8,0.0,0.393941496455407
val,2016-520,1,459,9,0.0,0.4473757173512614
val,2016-520,1,459,10,0.0,0.5372253383780026
val,2016-520,1,459,11,0.0,0.6709326704969832
val,2016-520,1,459,12,1.0,0.5347459896913348
val,2016-520,1,459,13,0.0,0.500909028479205
val,2016-520,1,459,14,0.0,0.005440875732882801
val,2016-520,1,459,15,0.0,0.24888333075537442
val,2016-520,1,459,16,0.0,0.4963550147077718
val,2016-520,1,459,17,1.0,0.4670447576326394
val,2016-520,1,459,18,0.0,0.3002616385287981
val,2016-520,1,459,19,0.0,0.4415271510558671
val,2016-520,1,459,20,1.0,0.5218814428649453
val,2016-520,1,459,21,0.0,0.3629439491557859
val,2016-520,1,459,22,0.0,0.17582264004568182
val,2016-520,1,459,23,0.0,0.42376869161728214
val,2016-520,1,459,24,1.0,0.43252720874471495
val,2016-520,1,459,25,1.0,0.5243630325859736
val,2016-520,1,459,26,1.0,0.506826346683097
val,2016-520,1,459,27,1.0,0.4929628022764834
val,2016-520,1,459,28,0.0,0.5002916444475416
val,2016-520,1,459,29,1.0,0.5002852788372008
val,2016-520,1,459,30,0.0,0.016554662576567118
val,2016-520,1,459,31,1.0,0.5
val,2016-520,1,459,32,1.0,0.5
val,2016-520,1,459,33,0.0,0.4940879400330257
val,2016-520,1,459,34,0.0,0.3858936237482017
val,2016-520,1,459,35,1.0,0.593574206340178
val,2016-520,1,459,36,1.0,0.5534380313718418
val,2016-520,1,459,37,1.0,0.5421014765489812
val,2016-520,1,459,38,0.0,0.47414225970424795
val,2016-520,1,459,39,0.0,0.5248256587676515
val,2016-520,1,459,40,1.0,0.5040586559140091
val,2016-520,1,459,41,0.0,0.3796663813948015
val,2016-520,1,459,42,1.0,0.683340447133806
val,2016-520,1,459,43,0.0,0.5151928532582388
val,2016-520,1,459,44,1.0,0.5051906699094648
val,2016-520,1,459,45,0.0,0.26680159044341906
val,2016-520,1,459,46,1.0,0.4692439747990937
val,2016-520,1,459,47,0.0,0.17711990128293364
val,2016-520,1,459,48,0.0,0.5489407259639278
val,2016-520,1,459,49,0.0,0.49956829056010776
val,2016-520,1,459,50,0.0,0.480374530823039
val,2016-520,1,459,51,1.0,0.49983434161050816
val,2016-520,1,459,52,1.0,0.4863092744684608
val,2016-520,1,459,53,1.0,0.6104615779189858
val,2016-520,1,459,54,0.0,0.46763153074189817
val,2016-520,1,459,55,1.0,0.5173882172376321
val,2016-520,1,459,56,1.0,0.5599542129799325
val,2016-520,1,459,57,1.0,0.4994043460890889
val,2016-520,1,459,58,1.0,0.6178216410694818
val,2016-520,1,459,59,0.0,0.4637705233030354
val,2016-520,1,459,60,0.0,0.2912146337118743
val,2016-520,1,459,61,1.0,0.5042575779843897
val,2016-520,1,459,62,1.0,0.4318115428280188
val,2016-520,1,459,63,0.0,0.6067822176597478
val,2016-520,2,460,0,1.0,0.5533826994634433
val,2016-520,2,460,1,1.0,0.8378338371852293
val,2016-520,2,460,2,1.0,0.5545492906172702
val,2016-520,2,460,3,1.0,0.583099749969441
val,2016-520,2,460,4,0.0,0.261355229058135
val,2016-520,2,460,5,0.0,0.538229212830131
val,2016-520,2,460,6,1.0,0.6143419003749123
val,2016-520,2,460,7,0.0,0.3671436031774491
val,2016-520,2,460,8,0.0,0.4576498184197965
val,2016-520,2,460,9,0.0,0.48531955740130184
val,2016-520,2,460,10,0.0,0.4636849188839303
val,2016-520,2,460,11,0.0,0.34840983739403986
val,2016-520,2,460,12,0.0,0.6309961591980603
val,2016-520,2,460,13,0.0,0.41595807791176914
val,2016-520,2,460,14,0.0,0.29417948337859057
val,2016-520,2,460,15,0.0,0.4568047563736979
val,2016-520,2,460,16,1.0,0.6244667329397909
val,2016-520,2,460,17,0.0,0.4368207260884
val,2016-520,2,460,18,0.0,0.4561975041625045
val,2016-520,2,460,19,1.0,0.5884837032060892
val,2016-520,2,460,20,0.0,0.00561164612273231
val,2016-520,2,460,21,1.0,0.7432891445648983
val,2016-520,2,460,22,1.0,0.7058929721210793
val,2016-520,2,460,23,0.0,0.46307050252627247
val,2016-520,2,460,24,0.0,0.29394481352356977
val,2016-520,2,460,25,0.0,0.07150641995397461
val,2016-520,2,460,26,1.0,0.5211713270599627
val,2016-520,2,460,27,0.0,0.5178377612703539
val,2016-520,2,460,28,0.0,0.3407861688084174
val,2016-520,2,460,29,0.0,0.016976951656765053
val,2016-520,2,460,30,0.0,0.41590608030535076
val,2016-520,2,460,31,1.0,0.5717726472973932
val,2016-520,3,461,0,0.0,0.018914199803519133
val,2016-520,3,461,1,1.0,0.5196209459923132
val,2016-520,3,461,2,1.0,0.7956614605389377
val,2016-520,3,461,3,0.0,0.4173612595516357
val,2016-520,3,461,4,1.0,0.9232109031610469
val,2016-520,3,461,5,0.0,0.5279492516841988
val,2016-520,3,461,6,0.0,0.4185893446931879
val,2016-520,3,461,7,0.0,0.20988627038602153
val,2016-520,3,461,8,0.0,0.5630219864185922
val,2016-520,3,461,9,1.0,0.5057616896188304
val,2016-520,3,461,10,0.0,0.35409518463083905
val,2016-520,3,461,11,1.0,0.36163567164111243
val,2016-520,3,461,12,1.0,0.43338393188275987
val,2016-520,3,461,13,0.0,0.36715417117615384
val,2016-520,3,461,14,0.0,0.9905439198692163
val,2016-520,3,461,15,1.0,0.5593705174567772
val,2016-520,4,462,0,0.0,0.0883982566667408
val,2016-520,4,462,1,0.0,0.6516955447145015
val,2016-520,4,462,2,1.0,0.7927735451628108
val,2016-520,4,462,3,1.0,0.3994394551856461
val,2016-520,4,462,4,0.0,0.452537946543226
val,2016-520,4,462,5,0.0,0.5659501202699764
val,2016-520,4,462,6,0.0,0.030760038903078043
val,2016-520,4,462,7,1.0,0.40050613968181237
val,2016-520,5,463,0,1.0,0.8587174200045289
val,2016-520,5,463,1,0.0,0.20904512276146517
val,2016-520,5,463,2,0.0,0.44304358003672983
val,2016-520,5,463,3,1.0,0.9276706482013138
val,2016-520,6,464,0,1.0,0.7092875880693184
val,2016-520,6,464,1,0.0,0.045274020680783504
val,2016-520,7,465,0,0.0,0.20342693381607113
val,2016-540,1,466,0,0.0,0.01880991073721959
val,2016-540,1,466,1,1.0,0.5067342483495106
val,2016-540,1,466,2,1.0,0.7266571158624977
val,2016-540,1,466,3,1.0,0.5130411620983757
val,2016-540,1,466,4,1.0,0.608282899593948
val,2016-540,1,466,5,0.0,0.18916922507320372
val,2016-540,1,466,6,0.0,0.46750080306088254
val,2016-540,1,466,7,0.0,0.24431200199384656
val,2016-540,1,466,8,0.0,0.3736178982679052
val,2016-540,1,466,9,1.0,0.47430759393675004
val,2016-540,1,466,10,1.0,0.5772603702214295
val,2016-540,1,466,11,0.0,0.49063195673781007
val,2016-540,1,466,12,0.0,0.5009506013969605
val,2016-540,1,466,13,0.0,0.02926931778914891
val,2016-540,1,466,14,1.0,0.7222642792744097
val,2016-540,1,466,15,1.0,0.5137613491095072
val,2016-540,1,466,16,1.0,0.6023895371592451
val,2016-540,1,466,17,1.0,0.42227847024546167
val,2016-540,1,466,18,1.0,0.42323635688397554
val,2016-540,1,466,19,1.0,0.5174673200054417
val,2016-540,1,466,20,1.0,0.6023791115853069
val,2016-540,1,466,21,1.0,0.6435253638616276
val,2016-540,1,466,22,1.0,0.5516508347321708
val,2016-540,1,466,23,0.0,0.13697089082996516
val,2016-540,1,466,24,1.0,0.43649880729838425
val,2016-540,1,466,25,1.0,0.30506278344284377
val,2016-540,1,466,26,1.0,0.5989104189641421
val,2016-540,1,466,27,1.0,0.5133891449962207
val,2016-540,1,466,28,0.0,0.4516169547836165
val,2016-540,1,466,29,1.0,0.9419713372548322
val,2016-540,1,466,30,0.0,0.3884744062865173
val,2016-540,1,466,31,1.0,0.741844797165669
val,2016-540,1,466,32,0.0,0.43778865626821345
val,2016-540,1,466,33,0.0,0.40452742419446736
val,2016-540,1,466,34,1.0,0.5609703194447349
val,2016-540,1,466,35,0.0,0.46179883631675794
val,2016-540,1,466,36,1.0,0.7268090408062026
val,2016-540,1,466,37,1.0,0.5316110239881382
val,2016-540,1,466,38,0.0,0.39295028907461627
val,2016-540,1,466,39,0.0,0.27294265850397775
val,2016-540,1,466,40,1.0,0.5429473270118975
val,2016-540,1,466,41,0.0,0.4999369826316507
val,2016-540,1,466,42,0.0,0.6142543277911657
val,2016-540,1,466,43,1.0,0.6272664814412692
val,2016-540,1,466,44,1.0,0.4689950200155805
val,2016-540,1,466,45,0.0,0.44553753222284914
val,2016-540,1,466,46,0.0,0.34271924244191576
val,2016-540,1,466,47,1.0,0.6675236657564282
val,2016-540,1,466,48,1.0,0.38475474468385706
val,2016-540,1,466,49,1.0,0.45881230304801357
val,2016-540,1,466,50,0.0,0.6969704467343057
val,2016-540,1,466,51,0.0,0.44157182970561143
val,2016-540,1,466,52,1.0,0.4952763166857423
val,2016-540,1,466,53,1.0,0.4935214783243079
val,2016-540,1,466,54,1.0,0.7859335217098048
val,2016-540,1,466,55,0.0,0.3690754344246249
val,2016-540,1,466,56,1.0,0.44513182787722344
val,2016-540,1,466,57,0.0,0.31354300918378053
val,2016-540,1,466,58,0.0,0.3665660023583714
val,2016-540,1,466,59,0.0,0.49623917467743067
val,2016-540,1,466,60,1.0,0.5
val,2016-540,1,466,61,0.0,0.4398424770661406
val,2016-540,1,466,62,1.0,0.48054630583441693
val,2016-540,1,466,63,0.0,0.4124851784797597
val,2016-540,2,467,0,1.0,0.7057054465900312
val,2016-540,2,467,1,0.0,0.287798035701767
val,2016-540,2,467,2,1.0,0.6923608858670254
val,2016-540,2,467,3,0.0,0.38280112182466813
val,2016-540,2,467,4,1.0,0.7663698698773252
val,2016-540,2,467,5,1.0,0.47444382215978936
val,2016-540,2,467,6,0.0,0.3182652460672284
val,2016-540,2,467,7,1.0,0.646414458247028
val,2016-540,2,467,8,0.0,0.5982951317416718
val,2016-540,2,467,9,0.0,0.34048176970496885
val,2016-540,2,467,10,1.0,0.5410522452537663
val,2016-540,2,467,11,1.0,0.532964636249989
val,2016-540,2,467,12,0.0,0.6118545043723396
val,2016-540,2,467,13,1.0,0.3927574068877125
val,2016-540,2,467,14,0.0,0.4029642802321536
val,2016-540,2,467,15,1.0,0.24161614709615936
val,2016-540,2,467,16,1.0,0.2757345882900279
val,2016-540,2,467,17,1.0,0.7474013914220491
val,2016-540,2,467,18,0.0,0.45148577855766503
val,2016-540,2,467,19,0.0,0.43303930036427785
val,2016-540,2,467,20,0.0,0.5815444634823406
val,2016-540,2,467,21,0.0,0.4147859372137128
val,2016-540,2,467,22,0.0,0.5833279195568727
val,2016-540,2,467,23,0.0,0.5272840641627128
val,2016-540,2,467,24,0.0,0.4164770222128238
val,2016-540,2,467,25,0.0,0.18586081212765165
val,2016-540,2,467,26,0.0,0.4548404816947725
val,2016-540,2,467,27,0.0,0.35370037892033923
val,2016-540,2,467,28,0.0,0.4931141706378101
val,2016-540,2,467,29,1.0,0.9704566487027229
val,2016-540,2,467,30,0.0,0.08917908679258964
val,2016-540,2,467,31,1.0,0.9675683611862415
val,2016-540,3,468,0,0.0,0.3677221871242378
val,2016-540,3,468,1,0.0,0.15818968819109455
val,2016-540,3,468,2,1.0,0.978058985454684
val,2016-540,3,468,3,1.0,0.43099287810521547
val,2016-540,3,468,4,1.0,0.5742326786403442
val,2016-540,3,468,5,1.0,0.6720056805997947
val,2016-540,3,468,6,1.0,0.3954201180936882
val,2016-540,3,468,7,1.0,0.4283821193016776
val,2016-540,3,468,8,1.0,0.5369603924039796
val,2016-540,3,468,9,0.0,0.4668825250745011
val,2016-540,3,468,10,0.0,0.23429741398090728
val,2016-540,3,468,11,0.0,0.6558569402232448
val,2016-540,3,468,12,0.0,0.04267064904928437
val,2016-540,3,468,13,1.0,0.745037250572854
val,2016-540,3,468,14,0.0,0.4648870531645293
val,2016-540,3,468,15,0.0,0.9019696592032846
val,2016-540,4,469,0,1.0,0.9454640442203512
val,2016-540,4,469,1,1.0,0.5231900671186426
val,2016-540,4,469,2,0.0,0.7398018103474583
val,2016-540,4,469,3,0.0,0.2389437081351632
val,2016-540,4,469,4,0.0,0.24400200819474635
val,2016-540,4,469,5,1.0,0.9010431169730424
val,2016-540,4,469,6,0.0,0.33055572870352545
val,2016-540,4,469,7,1.0,0.32122999053309664
val,2016-540,5,470,0,0.0,0.07019947303966158
val,2016-540,5,470,1,0.0,0.2691849950391072
val,2016-540,5,470,2,0.0,0.18797954310647752
val,2016-540,5,470,3,1.0,0.4413488308874236
val,2016-540,6,471,0,0.0,0.07405210861794567
val,2016-540,6,471,1,1.0,0.1397278970398803
val,2016-540,7,472,0,0.0,0.14524847404571925
val,2016-560,1,485,0,0.0,0.043714890424971065
val,2016-560,1,485,1,0.0,0.5800604236785608
val,2016-560,1,485,2,1.0,0.5619531109087084
val,2016-560,1,485,3,0.0,0.5028750256115682
val,2016-560,1,485,4,1.0,0.5
val,2016-560,1,485,5,1.0,0.6371242368084241
val,2016-560,1,485,6,1.0,0.56072122620838
val,2016-560,1,485,7,0.0,0.49510666666031183
val,2016-560,1,485,8,1.0,0.5031902718075977
val,2016-560,1,485,9,1.0,0.5075247471351177
val,2016-560,1,485,10,0.0,0.5357833752682689
val,2016-560,1,485,11,0.0,0.46486726431684045
val,2016-560,1,485,12,1.0,0.566247852491584
val,2016-560,1,485,13,0.0,0.11700543021837169
val,2016-560,1,485,14,0.0,0.19350240612751063
val,2016-560,1,485,15,1.0,0.5647106706922799
val,2016-560,1,485,16,1.0,0.5183058256178373
val,2016-560,1,485,17,1.0,0.52445232450574
val,2016-560,1,485,18,1.0,0.680289135734727
val,2016-560,1,485,19,1.0,0.5468798120433224
val,2016-560,1,485,20,0.0,0.5033046200701973
val,2016-560,1,485,21,0.0,0.22086266643760283
val,2016-560,1,485,22,0.0,0.7102244570025112
val,2016-560,1,485,23,0.0,0.5021882136413333
val,2016-560,1,485,24,0.0,0.494152945181337
val,2016-560,1,485,25,1.0,0.712762536895301
val,2016-560,1,485,26,0.0,0.4279431034779755
val,2016-560,1,485,27,1.0,0.5004665744003706
val,2016-560,1,485,28,0.0,0.49410369286563
val,2016-560,1,485,29,1.0,0.9929950418973764
val,2016-560,1,485,30,1.0,0.49556976400815483
val,2016-560,1,485,31,0.0,0.5031450858430703
val,2016-560,1,485,32,1.0,0.5433901376375594
val,2016-560,1,485,33,1.0,0.5446717607374486
val,2016-560,1,485,34,1.0,0.5009220508658236
val,2016-560,1,485,35,1.0,0.5961043343958586
val,2016-560,1,485,36,0.0,0.2913278635726956
val,2016-560,1,485,37,0.0,0.4001800377113416
val,2016-560,1,485,38,1.0,0.518826219647608
val,2016-560,1,485,39,1.0,0.5614328207207517
val,2016-560,1,485,40,1.0,0.4478897234755614
val,2016-560,1,485,41,0.0,0.466489816940534
val,2016-560,1,485,42,1.0,0.5477541960092778
val,2016-560,1,485,43,0.0,0.412230257380043
val,2016-560,1,485,44,1.0,0.7120495063029053
val,2016-560,1,485,45,0.0,0.48297876596622713
val,2016-560,1,485,46,1.0,0.5
val,2016-560,1,485,47,0.0,0.1968287630240845
val,2016-560,1,485,48,0.0,0.3362831959188652
val,2016-560,1,485,49,0.0,0.545938010907006
val,2016-560,1,485,50,0.0,0.5130691489895509
val,2016-560,1,485,51,0.0,0.4988673975219039
val,2016-560,1,485,52,0.0,0.5003101656748036
val,2016-560,1,485,53,0.0,0.5191102347146648
val,2016-560,1,485,54,0.0,0.4533306091184588
val,2016-560,1,485,55,0.0,0.38479501220701173
val,2016-560,1,485,56,1.0,0.557162895172569
val,2016-560,1,485,57,1.0,0.506116646141941
val,2016-560,1,485,58,1.0,0.5659927736912851
val,2016-560,1,485,59,1.0,0.49919720584535665
val,2016-560,1,485,60,1.0,0.47196453428805923
val,2016-560,1,485,61,0.0,0.553259238592812
val,2016-560,1,485,62,1.0,0.4996386624138378
val,2016-560,1,485,63,0.0,0.3103932270969966
val,2016-560,2,486,0,0.0,0.4361754177744477
val,2016-560,2,486,1,1.0,0.7081784278154685
val,2016-560,2,486,2,0.0,0.45559220494661645
val,2016-560,2,486,3,0.0,0.5396257435364378
val,2016-560,2,486,4,0.0,0.4852178314660546
val,2016-560,2,486,5,1.0,0.8030706933179546
val,2016-560,2,486,6,0.0,0.6293738626658627
val,2016-560,2,486,7,1.0,0.510838574300082
val,2016-560,2,486,8,1.0,0.5586660734853051
val,2016-560,2,486,9,1.0,0.4866526059296257
val,2016-560,2,486,10,1.0,0.6193866376616335
val,2016-560,2,486,11,0.0,0.5712442716492618
val,2016-560,2,486,12,1.0,0.8140807621213569
val,2016-560,2,486,13,1.0,0.5446393481986265
val,2016-560,2,486,14,0.0,0.3492272768447151
val,2016-560,2,486,15,1.0,0.492412651173883
val,2016-560,2,486,16,1.0,0.531562437611307
val,2016-560,2,486,17,0.0,0.3248363330581547
val,2016-560,2,486,18,0.0,0.4209322107408829
val,2016-560,2,486,19,1.0,0.5296815161484714
val,2016-560,2,486,20,1.0,0.5217768909005798
val,2016-560,2,486,21,1.0,0.8604771536734865
val,2016-560,2,486,22,0.0,0.20663234243562156
val,2016-560,2,486,23,0.0,0.4749513442476777
val,2016-560,2,486,24,0.0,0.6451126288560587
val,2016-560,2,486,25,1.0,0.774383756655481
val,2016-560,2,486,26,1.0,0.5241942246576043
val,2016-560,2,486,27,1.0,0.707270114471675
val,2016-560,2,486,28,0.0,0.6843698741249464
val,2016-560,2,486,29,1.0,0.9528291919631849
val,2016-560,2,486,30,0.0,0.4057217914018168
val,2016-560,2,486,31,0.0,0.005523058341948115
val,2016-560,3,487,0,0.0,0.5570271125076997
val,2016-560,3,487,1,0.0,0.6910099996113318
val,2016-560,3,487,2,0.0,0.04407415981206167
val,2016-560,3,487,3,1.0,0.6863376174735669
val,2016-560,3,487,4,0.0,0.41209011018574626
val,2016-560,3,487,5,1.0,0.7947414095773799
val,2016-560,3,487,6,0.0,0.20758343611095717
val,2016-560,3,487,7,1.0,0.33391609956932333
val,2016-560,3,487,8,0.0,0.4641371791970223
val,2016-560,3,487,9,0.0,0.48584834406901445
val,2016-560,3,487,10,1.0,0.6348284131967801
val,2016-560,3,487,11,1.0,0.4455306870993871
val,2016-560,3,487,12,1.0,0.8701376956086788
val,2016-560,3,487,13,1.0,0.20987959612835605
val,2016-560,3,487,14,1.0,0.6027935395699333
val,2016-560,3,487,15,0.0,0.008068145895594337
val,2016-560,4,488,0,1.0,0.8999755980012478
val,2016-560,4,488,1,0.0,0.26442047517622863
val,2016-560,4,488,2,1.0,0.7839596949690475
val,2016-560,4,488,3,1.0,0.5960314139125914
val,2016-560,4,488,4,1.0,0.6136328720283104
val,2016-560,4,488,5,0.0,0.874254581810973
val,2016-560,4,488,6,1.0,0.7422289718071235
val,2016-560,4,488,7,1.0,0.9932635355135865
val,2016-560,5,489,0,1.0,0.1560758497764822
val,2016-560,5,489,1,0.0,0.31342857463421075
val,2016-560,5,489,2,0.0,0.39679151551572633
val,2016-560,5,489,3,0.0,0.020844685015816884
val,2016-560,6,490,0,0.0,0.5879013005819395
val,2016-560,6,490,1,0.0,0.01181465529422653
val,2016-560,7,491,0,0.0,0.9751823857785805
val,2016-580,1,420,0,1.0,0.9611812621606559
val,2016-580,1,420,1,1.0,0.4530467686236972
val,2016-580,1,420,2,0.0,0.45230729282664617
val,2016-580,1,420,3,0.0,0.486602409890163
val,2016-580,1,420,4,0.0,0.5963052120825828
val,2016-580,1,420,5,1.0,0.4988293928055377
val,2016-580,1,420,6,0.0,0.2968653053839921
val,2016-580,1,420,7,0.0,0.4818233720399172
val,2016-580,1,420,8,1.0,0.5016997180625318
val,2016-580,1,420,9,0.0,0.5363415263975218
val,2016-580,1,420,10,1.0,0.5258243837066056
val,2016-580,1,420,11,0.0,0.41626789548924037
val,2016-580,1,420,12,1.0,0.5
val,2016-580,1,420,13,1.0,0.5907792975480436
val,2016-580,1,420,14,0.0,0.03293224696311752
val,2016-580,1,420,15,1.0,0.7069612513036487
val,2016-580,1,420,16,1.0,0.5018928998611495
val,2016-580,1,420,17,0.0,0.5000456670625982
val,2016-580,1,420,18,0.0,0.49018757890619735
val,2016-580,1,420,19,1.0,0.4754221545819292
val,2016-580,1,420,20,1.0,0.4928861217694123
val,2016-580,1,420,21,0.0,0.5105228913948778
val,2016-580,1,420,22,1.0,0.7539274140116418
val,2016-580,1,420,23,0.0,0.428868220166049
val,2016-580,1,420,24,1.0,0.5034427075913316
val,2016-580,1,420,25,0.0,0.5063854326852216
val,2016-580,1,420,26,0.0,0.5776919504002043
val,2016-580,1,420,27,1.0,0.5739519605667823
val,2016-580,1,420,28,1.0,0.4996108855839111
val,2016-580,1,420,29,0.0,0.547187130241704
val,2016-580,1,420,30,1.0,0.9934379590812138
val,2016-580,1,420,31,1.0,0.5030934384824545
val,2016-580,1,420,32,0.0,0.5052813726186858
val,2016-580,1,420,33,1.0,0.42382029655317766
val,2016-580,1,420,34,0.0,0.8592386966958084
val,2016-580,1,420,35,1.0,0.8133909764293038
val,2016-580,1,420,36,0.0,0.4989131796830574
val,2016-580,1,420,37,0.0,0.5444456981925253
val,2016-580,1,420,38,1.0,0.5
val,2016-580,1,420,39,0.0,0.48741251301573324
val,2016-580,1,420,40,1.0,0.6794405688823437
val,2016-580,1,420,41,0.0,0.47350603211101555
val,2016-580,1,420,42,0.0,0.507903661757479
val,2016-580,1,420,43,1.0,0.6652607885659563
val,2016-580,1,420,44,0.0,0.5013871492114217
val,2016-580,1,420,45,1.0,0.5113361052340145
val,2016-580,1,420,46,1.0,0.546616221145717
val,2016-580,1,420,47,0.0,0.239000290936134
val,2016-580,1,420,48,1.0,0.7901447981081134
val,2016-580,1,420,49,1.0,0.5323022635337608
val,2016-580,1,420,50,1.0,0.5238290502099664
val,2016-580,1,420,51,0.0,0.5130839220320048
val,2016-580,1,420,52,1.0,0.5514060462192945
val,2016-580,1,420,53,0.0,0.4955402793776303
val,2016-580,1,420,54,1.0,0.5589267953941837
val,2016-580,1,420,55,1.0,0.6240198776885126
val,2016-580,1,420,56,1.0,0.5028699606412563
val,2016-580,1,420,57,0.0,0.48370043096134957
val,2016-580,1,420,58,0.0,0.33599527916855476
val,2016-580,1,420,59,1.0,0.683714252354379
val,2016-580,1,420,60,1.0,0.5003966072049075
val,2016-580,1,420,61,1.0,0.5404726548779349
val,2016-580,1,420,62,1.0,0.5170849409004746
val,2016-580,1,420,63,1.0,0.31865773562014316
val,2016-580,2,421,0,0.0,0.4929091331298087
val,2016-580,2,421,1,1.0,0.47868259199598273
val,2016-580,2,421,2,0.0,0.5124730924338755
val,2016-580,2,421,3,1.0,0.537873414495567
val,2016-580,2,421,4,1.0,0.6093078596371597
val,2016-580,2,421,5,0.0,0.22850199337351734
val,2016-580,2,421,6,0.0,0.545191291237493
val,2016-580,2,421,7,1.0,0.4983458393241958
val,2016-580,2,421,8,1.0,0.674731110421621
val,2016-580,2,421,9,1.0,0.7114588133075868
val,2016-580,2,421,10,1.0,0.5372723646743411
val,2016-580,2,421,11,0.0,0.614061145735429
val,2016-580,2,421,12,0.0,0.27185973606269653
val,2016-580,2,421,13,0.0,0.69050153455366
val,2016-580,2,421,14,0.0,0.4914791815184722
val,2016-580,2,421,15,0.0,0.4430639212068553
val,2016-580,2,421,16,0.0,0.46944783965825865
val,2016-580,2,421,17,0.0,0.29616916428345863
val,2016-580,2,421,18,1.0,0.5405110438504525
val,2016-580,2,421,19,0.0,0.5146925933646065
val,2016-580,2,421,20,1.0,0.5897573076212143
val,2016-580,2,421,21,0.0,0.04941774419492287
val,2016-580,2,421,22,1.0,0.7760830304343811
val,2016-580,2,421,23,0.0,0.471776459454062
val,2016-580,2,421,24,0.0,0.19934693904254228
val,2016-580,2,421,25,1.0,0.6180560473419181
val,2016-580,2,421,26,1.0,0.5022324740200643
val,2016-580,2,421,27,1.0,0.5840546036693396
val,2016-580,2,421,28,0.0,0.1866476911243077
val,2016-580,2,421,29,0.0,0.04113455673077607
val,2016-580,2,421,30,1.0,0.9930939771823033
val,2016-580,2,421,31,0.0,0.504480746839509
val,2016-580,3,422,0,1.0,0.5711846699038841
val,2016-580,3,422,1,1.0,0.6132526600114782
val,2016-580,3,422,2,0.0,0.04285062339129469
val,2016-580,3,422,3,1.0,0.5508284656025323
val,2016-580,3,422,4,0.0,0.24157046797775375
val,2016-580,3,422,5,1.0,0.791362896544603
val,2016-580,3,422,6,0.0,0.34599758362677663
val,2016-580,3,422,7,1.0,0.6205051167500474
val,2016-580,3,422,8,1.0,0.49593329313119816
val,2016-580,3,422,9,1.0,0.772169411379601
val,2016-580,3,422,10,0.0,0.6780215407887955
val,2016-580,3,422,11,0.0,0.49951612440053866
val,2016-580,3,422,12,0.0,0.047500979826774314
val,2016-580,3,422,13,1.0,0.756364150367432
val,2016-580,3,422,14,0.0,0.20289050552400806
val,2016-580,3,422,15,0.0,0.00966415825403009
val,2016-580,4,423,0,1.0,0.9501165151462114
val,2016-580,4,423,1,1.0,0.5221508466152202
val,2016-580,4,423,2,1.0,0.35213744527771
val,2016-580,4,423,3,1.0,0.5999095404286033
val,2016-580,4,423,4,1.0,0.7689160147405881
val,2016-580,4,423,5,1.0,0.9607800524298713
val,2016-580,4,423,6,0.0,0.5348371469279225
val,2016-580,4,423,7,0.0,0.01134231580898874
val,2016-580,5,424,0,1.0,0.8672648697799011
val,2016-580,5,424,1,0.0,0.394129438442685
val,2016-580,5,424,2,0.0,0.1327194307391843
val,2016-580,5,424,3,0.0,0.0271803561051163
val,2016-580,6,425,0,0.0,0.09685020578940233
val,2016-580,6,425,1,0.0,0.17259848799972655
val,2016-580,7,426,0,0.0,0.12261998671030637
val,2016-M006,1,427,0,0.0,0.5
val,2016-M006,1,427,1,0.0,0.5
val,2016-M006,1,427,2,1.0,0.5
val,2016-M006,1,427,3,1.0,0.5
val,2016-M006,1,427,4,0.0,0.5
val,2016-M006,1,427,5,1.0,0.5
val,2016-M006,1,427,6,1.0,0.5
val,2016-M006,1,427,7,0.0,0.5
val,2016-M006,1,427,8,0.0,0.5
val,2016-M006,1,427,9,0.0,0.5
val,2016-M006,1,427,10,0.0,0.5
val,2016-M006,1,427,11,1.0,0.5
val,2016-M006,1,427,12,0.0,0.5
val,2016-M006,1,427,13,0.0,0.5
val,2016-M006,1,427,14,1.0,0.5
val,2016-M006,1,427,15,0.0,0.5
val,2016-M006,1,427,16,1.0,0.5
val,2016-M006,1,427,17,0.0,0.5
val,2016-M006,1,427,18,1.0,0.5
val,2016-M006,1,427,19,0.0,0.5
val,2016-M006,1,427,20,1.0,0.5
val,2016-M006,1,427,21,0.0,0.5
val,2016-M006,1,427,22,1.0,0.5
val,2016-M006,1,427,23,0.0,0.5
val,2016-M006,1,427,24,0.0,0.5
val,2016-M006,1,427,25,0.0,0.5
val,2016-M006,1,427,26,1.0,0.5
val,2016-M006,1,427,27,0.0,0.5
val,2016-M006,1,427,28,0.0,0.5
val,2016-M006,1,427,29,0.0,0.5
val,2016-M006,1,427,30,0.0,0.5
val,2016-M006,1,427,31,1.0,0.5
val,2016-M006,2,428,0,0.0,0.5
val,2016-M006,2,428,1,0.0,0.5
val,2016-M006,2,428,2,1.0,0.5
val,2016-M006,2,428,3,0.0,0.5
val,2016-M006,2,428,4,1.0,0.5
val,2016-M006,2,428,5,0.0,0.5
val,2016-M006,2,428,6,1.0,0.5
val,2016-M006,2,428,7,0.0,0.5
val,2016-M006,2,428,8,0.0,0.5
val,2016-M006,2,428,9,0.0,0.5
val,2016-M006,2,428,10,0.0,0.5
val,2016-M006,2,428,11,1.0,0.5
val,2016-M006,2,428,12,0.0,0.5
val,2016-M006,2,428,13,0.0,0.5
val,2016-M006,2,428,14,1.0,0.5
val,2016-M006,2,428,15,1.0,0.5
val,2016-M006,2,428,16,0.0,0.5
val,2016-M006,2,428,17,0.0,0.5
val,2016-M006,2,428,18,1.0,0.5
val,2016-M006,2,428,19,0.0,0.5
val,2016-M006,2,428,20,0.0,0.5
val,2016-M006,2,428,21,1.0,0.5
val,2016-M006,2,428,22,0.0,0.5
val,2016-M006,2,428,23,0.0,0.5
val,2016-M006,2,428,24,0.0,0.5
val,2016-M006,2,428,25,1.0,0.5
val,2016-M006,2,428,26,1.0,0.5
val,2016-M006,2,428,27,0.0,0.5
val,2016-M006,2,428,28,0.0,0.5
val,2016-M006,2,428,29,1.0,0.5
val,2016-M006,2,428,30,1.0,0.5
val,2016-M006,2,428,31,1.0,0.5
val,2016-M006,3,429,0,1.0,0.5
val,2016-M006,3,429,1,0.0,0.5
val,2016-M006,3,429,2,0.0,0.5
val,2016-M006,3,429,3,1.0,0.5
val,2016-M006,3,429,4,1.0,0.5
val,2016-M006,3,429,5,0.0,0.5
val,2016-M006,3,429,6,1.0,0.5
val,2016-M006,3,429,7,0.0,0.5
val,2016-M006,3,429,8,0.0,0.5
val,2016-M006,3,429,9,1.0,0.5
val,2016-M006,3,429,10,1.0,0.5
val,2016-M006,3,429,11,1.0,0.5
val,2016-M006,3,429,12,0.0,0.5
val,2016-M006,3,429,13,1.0,0.5
val,2016-M006,3,429,14,1.0,0.5
val,2016-M006,3,429,15,0.0,0.5
val,2016-M006,4,430,0,1.0,0.5
val,2016-M006,4,430,1,1.0,0.5
val,2016-M006,4,430,2,0.0,0.5
val,2016-M006,4,430,3,1.0,0.5
val,2016-M006,4,430,4,1.0,0.5
val,2016-M006,4,430,5,1.0,0.5
val,2016-M006,4,430,6,0.0,0.5
val,2016-M006,4,430,7,1.0,0.5
val,2016-M006,5,431,0,0.0,0.5
val,2016-M006,5,431,1,1.0,0.5
val,2016-M006,5,431,2,1.0,0.5
val,2016-M006,5,431,3,1.0,0.5
val,2016-M006,6,432,0,1.0,0.5
val,2016-M006,6,432,1,0.0,0.5
val,2016-M006,7,433,0,1.0,0.5
val,2016-M007,1,434,0,0.0,0.4902831391230715
val,2016-M007,1,434,1,1.0,0.5087446123415136
val,2016-M007,1,434,2,0.0,0.5036112897947657
val,2016-M007,1,434,3,1.0,0.4853924574365249
val,2016-M007,1,434,4,0.0,0.5071740147979678
val,2016-M007,1,434,5,1.0,0.5097884971137855
val,2016-M007,1,434,6,1.0,0.5158414860652973
val,2016-M007,1,434,7,0.0,0.5011404634421469
val,2016-M007,1,434,8,0.0,0.4964662571848588
val,2016-M007,1,434,9,1.0,0.5249247452948314
val,2016-M007,1,434,10,0.0,0.4575363221702772
val,2016-M007,1,434,11,0.0,0.5176810397764504
val,2016-M007,1,434,12,1.0,0.5282904506301714
val,2016-M007,1,434,13,1.0,0.5074364385970077
val,2016-M007,1,434,14,0.0,0.5023474377848591
val,2016-M007,1,434,15,0.0,0.5137120917234097
val,2016-M007,1,434,16,0.0,0.5031716849469001
val,2016-M007,1,434,17,1.0,0.507589484784611
val,2016-M007,1,434,18,0.0,0.4990327248009951
val,2016-M007,1,434,19,0.0,0.4790210280762669
val,2016-M007,1,434,20,1.0,0.4996310019981221
val,2016-M007,1,434,21,1.0,0.5193328609568038
val,2016-M007,1,434,22,0.0,0.39080044133974784
val,2016-M007,1,434,23,1.0,0.6372208107827979
val,2016-M007,1,434,24,1.0,0.49440295846619625
val,2016-M007,1,434,25,1.0,0.5419923666520338
val,2016-M007,1,434,26,0.0,0.49989208214050795
val,2016-M007,1,434,27,0.0,0.49139925685474944
val,2016-M007,1,434,28,0.0,0.4914344705572246
val,2016-M007,1,434,29,1.0,0.5419608946799408
val,2016-M007,1,434,30,0.0,0.49973655197887323
val,2016-M007,1,434,31,0.0,0.4847331114619714
val,2016-M007,2,435,0,1.0,0.4744540385453347
val,2016-M007,2,435,1,0.0,0.004991159987968595
val,2016-M007,2,435,2,1.0,0.33757760897539146
val,2016-M007,2,435,3,0.0,0.47500711959912134
val,2016-M007,2,435,4,0.0,0.44457643022432025
val,2016-M007,2,435,5,0.0,0.534990484210191
val,2016-M007,2,435,6,0.0,0.49144496491919604
val,2016-M007,2,435,7,0.0,0.21570035663973103
val,2016-M007,2,435,8,1.0,0.39445274478807313
val,2016-M007,2,435,9,0.0,0.42987728856932217
val,2016-M007,2,435,10,0.0,0.46371359987163324
val,2016-M007,2,435,11,1.0,0.5129543581867443
val,2016-M007,2,435,12,1.0,0.6887729883430848
val,2016-M007,2,435,13,0.0,0.5174702123837954
val,2016-M007,2,435,14,0.0,0.30418889376238584
val,2016-M007,2,435,15,0.0,0.24033200937182095
val,2016-M007,2,435,16,0.0,0.902276324402236
val,2016-M007,2,435,17,0.0,0.5018226558385754
val,2016-M007,2,435,18,0.0,0.4970848735449073
val,2016-M007,2,435,19,0.0,0.2918195514715907
val,2016-M007,2,435,20,1.0,0.2706362492587237
val,2016-M007,2,435,21,1.0,0.4918571085248225
val,2016-M007,2,435,22,1.0,0.4316859009993824
val,2016-M007,2,435,23,0.0,0.7715776889558961
val,2016-M007,2,435,24,0.0,0.49799655134170157
val,2016-M007,2,435,25,1.0,0.549752050431961
val,2016-M007,2,435,26,1.0,0.7806789566934147
val,2016-M007,2,435,27,0.0,0.3851357252642668
val,2016-M007,2,435,28,1.0,0.7765835514458356
val,2016-M007,2,435,29,1.0,0.5711061840413555
val,2016-M007,2,435,30,0.0,0.04407372393525006
val,2016-M007,2,435,31,1.0,0.5009448363893207
val,2016-M007,3,436,0,1.0,0.5182244820724679
val,2016-M007,3,436,1,1.0,0.25179588794910096
val,2016-M007,3,436,2,1.0,0.7104125817250053
val,2016-M007,3,436,3,0.0,0.4711523508940366
val,2016-M007,3,436,4,0.0,0.38727222246362597
val,2016-M007,3,436,5,1.0,0.6959942121245991
val,2016-M007,3,436,6,1.0,0.5464243650870868
val,2016-M007,3,436,7,1.0,0.410562649211449
val,2016-M007,3,436,8,1.0,0.9944445437720402
val,2016-M007,3,436,9,0.0,0.48184816842510436
val,2016-M007,3,436,10,0.0,0.3583224025439682
val,2016-M007,3,436,11,1.0,0.79384025996998
val,2016-M007,3,436,12,0.0,0.6715980402360616
val,2016-M007,3,436,13,1.0,0.5084025220861969
val,2016-M007,3,436,14,0.0,0.7560568684145776
val,2016-M007,3,436,15,0.0,0.9443178869204589
val,2016-M007,4,437,0,0.0,0.2868315045686743
val,2016-M007,4,437,1,1.0,0.9937374406637796
val,2016-M007,4,437,2,1.0,0.6152558800641287
val,2016-M007,4,437,3,1.0,0.5134530810332849
val,2016-M007,4,437,4,1.0,0.5987947911868463
val,2016-M007,4,437,5,0.0,0.3414711071565224
val,2016-M007,4,437,6,1.0,0.49991567353187183
val,2016-M007,4,437,7,1.0,0.46653584166445466
val,2016-M007,5,438,0,1.0,0.9770039531102892
val,2016-M007,5,438,1,1.0,0.4094159363987767
val,2016-M007,5,438,2,0.0,0.6608254579215743
val,2016-M007,5,438,3,1.0,0.677905270019853
val,2016-M007,6,439,0,1.0,0.9933897083322057
val,2016-M007,6,439,1,0.0,0.2660663383774117
val,2016-M007,7,440,0,0.0,0.019875857887949107
val,2016-M009,2,453,0,0.0,0.4734810859844479
val,2016-M009,2,453,1,0.0,0.42232073103372986
val,2016-M009,2,453,2,0.0,0.46144620140559167
val,2016-M009,2,453,3,0.0,0.48102054388277093
val,2016-M009,2,453,4,1.0,0.5464883342761349
val,2016-M009,2,453,5,1.0,0.6022107181483091
val,2016-M009,2,453,6,0.0,0.38719818756721025
val,2016-M009,2,453,7,1.0,0.47819889180041364
val,2016-M009,2,453,8,0.0,0.17975892202354596
val,2016-M009,2,453,9,0.0,0.6967417828330668
val,2016-M009,2,453,10,1.0,0.5713010439629307
val,2016-M009,2,453,11,0.0,0.5208996009097274
val,2016-M009,2,453,12,0.0,0.5180419743444277
val,2016-M009,2,453,13,0.0,0.39441533899883147
val,2016-M009,2,453,14,0.0,0.5125225463450861
val,2016-M009,2,453,15,1.0,0.574109080344989
val,2016-M009,2,453,16,0.0,0.6214534271887687
val,2016-M009,2,453,17,1.0,0.27461379616855397
val,2016-M009,2,453,18,1.0,0.6218977242476098
val,2016-M009,2,453,19,0.0,0.29553107065116974
val,2016-M009,2,453,20,1.0,0.3741221767679861
val,2016-M009,2,453,21,1.0,0.5303431452657696
val,2016-M009,2,453,22,1.0,0.5401674883896581
val,2016-M009,2,453,23,0.0,0.32627336995599426
val,2016-M009,3,454,0,0.0,0.02631775274961927
val,2016-M009,3,454,1,1.0,0.5628558195747383
val,2016-M009,3,454,2,0.0,0.5606039171151127
val,2016-M009,3,454,3,0.0,0.010571233897319945
val,2016-M009,3,454,4,1.0,0.7509367384085657
val,2016-M009,3,454,5,0.0,0.38083465518229115
val,2016-M009,3,454,6,1.0,0.5573269950234303
val,2016-M009,3,454,7,0.0,0.29178170699367056
val,2016-M009,3,454,8,0.0,0.5251492991439015
val,2016-M009,3,454,9,0.0,0.2120092759968341
val,2016-M009,3,454,10,1.0,0.5703160356280055
val,2016-M009,3,454,11,1.0,0.7861946613525168
val,2016-M009,3,454,12,0.0,0.28782414244941223
val,2016-M009,3,454,13,1.0,0.5450148989177068
val,2016-M009,3,454,14,1.0,0.4486023800082413
val,2016-M009,3,454,15,0.0,0.10626001192557548
val,2016-M009,4,455,0,0.0,0.13791091402896705
val,2016-M009,4,455,1,0.0,0.6780166931705429
val,2016-M009,4,455,2,1.0,0.19636488984398046
val,2016-M009,4,455,3,0.0,0.3645923928503503
val,2016-M009,4,455,4,0.0,0.7178830213181725
val,2016-M009,4,455,5,1.0,0.9924637642031079
val,2016-M009,4,455,6,0.0,0.04062904416510609
val,2016-M009,4,455,7,0.0,0.780879919827897
val,2016-M009,5,456,0,1.0,0.830326387324684
val,2016-M009,5,456,1,0.0,0.550442637037036
val,2016-M009,5,456,2,1.0,0.5861728512829287
val,2016-M009,5,456,3,0.0,0.8629022898447835
val,2016-M009,6,457,0,1.0,0.8274691035701052
val,2016-M009,6,457,1,1.0,0.9473423246633562
val,2016-M009,7,458,0,0.0,0.8791916341401939
val,2016-M021,2,447,0,0.0,0.48469846092395746
val,2016-M021,2,447,1,1.0,0.5722899579152252
val,2016-M021,2,447,2,0.0,0.6614240222544003
val,2016-M021,2,447,3,1.0,0.6269260618201609
val,2016-M021,2,447,4,0.0,0.22263374150309206
val,2016-M021,2,447,5,0.0,0.5131722800683612
val,2016-M021,2,447,6,0.0,0.548805529914152
val,2016-M021,2,447,7,0.0,0.5049357945808672
val,2016-M021,2,447,8,0.0,0.5867694400271605
val,2016-M021,2,447,9,1.0,0.4051586251233124
val,2016-M021,2,447,10,0.0,0.5504574979857982
val,2016-M021,2,447,11,0.0,0.49323700869021125
val,2016-M021,2,447,12,0.0,0.5304141248961485
val,2016-M021,2,447,13,0.0,0.42629116026143216
val,2016-M021,2,447,14,0.0,0.6889102824023099
val,2016-M021,2,447,15,0.0,0.20915101214326287
val,2016-M021,2,447,16,1.0,0.546577054490477
val,2016-M021,2,447,17,1.0,0.48529117281380263
val,2016-M021,2,447,18,0.0,0.5130474454398477
val,2016-M021,2,447,19,0.0,0.5074245638361843
val,2016-M021,2,447,20,0.0,0.5017740971871677
val,2016-M021,2,447,21,1.0,0.6703808450043595
val,2016-M021,2,447,22,1.0,0.6112026751905245
val,2016-M021,2,447,23,1.0,0.6062127649905503
val,2016-M021,3,448,0,0.0,0.44088492024922793
val,2016-M021,3,448,1,0.0,0.47223053539926624
val,2016-M021,3,448,2,1.0,0.6855176336552756
val,2016-M021,3,448,3,1.0,0.15071611454819248
val,2016-M021,3,448,4,1.0,0.5340742003695608
val,2016-M021,3,448,5,1.0,0.4541068656859642
val,2016-M021,3,448,6,1.0,0.3892766177012414
val,2016-M021,3,448,7,0.0,0.0036459795088179987
val,2016-M021,3,448,8,1.0,0.9604444649726596
val,2016-M021,3,448,9,1.0,0.38596871750106854
val,2016-M021,3,448,10,1.0,0.4662325741450991
val,2016-M021,3,448,11,0.0,0.5915239064489558
val,2016-M021,3,448,12,1.0,0.8506273718499836
val,2016-M021,3,448,13,1.0,0.7025523108941992
val,2016-M021,3,448,14,0.0,0.40266903535449183
val,2016-M021,3,448,15,0.0,0.2465748831804708
val,2016-M021,4,449,0,1.0,0.7053497217883314
val,2016-M021,4,449,1,0.0,0.5398739428189775
val,2016-M021,4,449,2,1.0,0.9962299262053739
val,2016-M021,4,449,3,1.0,0.6269159991855224
val,2016-M021,4,449,4,0.0,0.6747443320755129
val,2016-M021,4,449,5,0.0,0.6097296898675657
val,2016-M021,4,449,6,0.0,0.05884727058652091
val,2016-M021,4,449,7,0.0,0.6716690634999131
val,2016-M021,5,450,0,1.0,0.638109042015202
val,2016-M021,5,450,1,1.0,0.576948713789122
val,2016-M021,5,450,2,1.0,0.9958309604628345
val,2016-M021,5,450,3,0.0,0.07197913993780791
val,2016-M021,6,451,0,0.0,0.9807533407839618
val,2016-M021,6,451,1,0.0,0.09545674666999102
val,2016-M021,7,452,0,0.0,0.23308807570901804
val,2016-M024,2,479,0,1.0,0.6752936495634992
val,2016-M024,2,479,1,0.0,0.5374017796233687
val,2016-M024,2,479,2,1.0,0.5108449978795411
val,2016-M024,2,479,3,1.0,0.6488382326110085
val,2016-M024,2,479,4,0.0,0.6993246321994169
val,2016-M024,2,479,5,0.0,0.4990248256312255
val,2016-M024,2,479,6,0.0,0.6023460966548672
val,2016-M024,2,479,7,0.0,0.5574952141464136
val,2016-M024,2,479,8,1.0,0.5408239228381176
val,2016-M024,2,479,9,1.0,0.6549421291236257
val,2016-M024,2,479,10,0.0,0.47818485691118845
val,2016-M024,2,479,11,1.0,0.5005428770579461
val,2016-M024,2,479,12,1.0,0.41196760483053585
val,2016-M024,2,479,13,0.0,0.3437201741489172
val,2016-M024,2,479,14,1.0,0.5092064335523312
val,2016-M024,2,479,15,0.0,0.5378225393226455
val,2016-M024,2,479,16,0.0,0.41463463255780647
val,2016-M024,2,479,17,0.0,0.3432180978556783
val,2016-M024,2,479,18,1.0,0.5225962154264118
val,2016-M024,2,479,19,0.0,0.4053495178131417
val,2016-M024,2,479,20,0.0,0.33709045499078905
val,2016-M024,2,479,21,0.0,0.5003927125589289
val,2016-M024,2,479,22,1.0,0.43544699962066735
val,2016-M024,2,479,23,1.0,0.5638645182780029
val,2016-M024,3,480,0,1.0,0.4820861316259963
val,2016-M024,3,480,1,1.0,0.9381835113779494
val,2016-M024,3,480,2,1.0,0.45502348529262
val,2016-M024,3,480,3,0.0,0.24844612217069767
val,2016-M024,3,480,4,0.0,0.47252098011752597
val,2016-M024,3,480,5,0.0,0.521802914458114
val,2016-M024,3,480,6,0.0,0.3952333116477438
val,2016-M024,3,480,7,1.0,0.5278591173225046
val,2016-M024,3,480,8,1.0,0.7819922694012493
val,2016-M024,3,480,9,1.0,0.47059787248889684
val,2016-M024,3,480,10,1.0,0.44778543141866256
val,2016-M024,3,480,11,1.0,0.8915949367541781
val,2016-M024,3,480,12,0.0,0.5916091085795014
val,2016-M024,3,480,13,0.0,0.2241598822241537
val,2016-M024,3,480,14,1.0,0.5083354991969277
val,2016-M024,3,480,15,0.0,0.21518366137471406
val,2016-M024,4,481,0,0.0,0.656414472674647
val,2016-M024,4,481,1,0.0,0.7673602981642096
val,2016-M024,4,481,2,1.0,0.36901800042910343
val,2016-M024,4,481,3,0.0,0.6457174470748264
val,2016-M024,4,481,4,0.0,0.28399583246672416
val,2016-M024,4,481,5,1.0,0.2119183196497359
val,2016-M024,4,481,6,0.0,0.09990344219099366
val,2016-M024,4,481,7,0.0,0.8847408663051977
val,2016-M024,5,482,0,1.0,0.6711546806234111
val,2016-M024,5,482,1,0.0,0.343799724763205
val,2016-M024,5,482,2,0.0,0.3432255066073921
val,2016-M024,5,482,3,1.0,0.9366333480340449
val,2016-M024,6,483,0,0.0,0.4617668910386449
val,2016-M024,6,483,1,0.0,0.10205732601145018
val,2016-M024,7,484,0,1.0,0.11335716246504562
