phase,tourney_id,round_order,block_idx,row_in_block,y_true,probability
test,2017-0352,2,582,0,0.0,0.5000000059444574
test,2017-0352,2,582,1,1.0,0.5000000031723175
test,2017-0352,2,582,2,1.0,0.4999999940555427
test,2017-0352,2,582,3,0.0,0.4999999968276825
test,2017-0352,2,582,4,1.0,0.4999999949468475
test,2017-0352,2,582,5,1.0,0.500000005326001
test,2017-0352,2,582,6,1.0,0.5000000060535967
test,2017-0352,2,582,7,1.0,0.4999999996034603
test,2017-0352,2,582,8,0.0,0.5000000133077265
test,2017-0352,2,582,9,1.0,0.4999999742176442
test,2017-0352,2,582,10,1.0,0.5000000021682354
test,2017-0352,2,582,11,0.0,0.4999999969295459
test,2017-0352,2,582,12,1.0,0.49999999802093953
test,2017-0352,2,582,13,0.0,0.4999999862047843
test,2017-0352,2,582,14,1.0,0.5000000038307917
test,2017-0352,2,582,15,0.0,0.500000018535502
test,2017-0352,3,583,0,0.0,0.5000000092186383
test,2017-0352,3,583,1,1.0,0.49999999726423994
test,2017-0352,3,583,2,0.0,0.5000000130312401
test,2017-0352,3,583,3,1.0,0.4999999932224455
test,2017-0352,3,583,4,1.0,0.5000000030595402
test,2017-0352,3,583,5,1.0,0.5000000130312401
test,2017-0352,3,583,6,1.0,0.500000039482984
test,2017-0352,3,583,7,0.0,0.4999999915962689
test,2017-0352,3,583,8,1.0,0.5000000062173058
test,2017-0352,3,583,9,1.0,0.4999999946667231
test,2017-0352,3,583,10,1.0,0.5000000098480086
test,2017-0352,3,583,11,0.0,0.5000000031686795
test,2017-0352,3,583,12,1.0,0.49999999683132046
test,2017-0352,3,583,13,1.0,0.5000000027830538
test,2017-0352,3,583,14,0.0,0.4999999969404598
test,2017-0352,3,583,15,0.0,0.5000000203726813
test,2017-0352,4,584,0,1.0,0.5000000062318577
test,2017-0352,4,584,1,1.0,0.49999999720967025
test,2017-0352,4,584,2,0.0,0.4999999848114385
test,2017-0352,4,584,3,0.0,0.49999999449210014
test,2017-0352,4,584,4,0.0,0.4999999843203114
test,2017-0352,4,584,5,1.0,0.5000000067811925
test,2017-0352,4,584,6,1.0,0.49999999376814236
test,2017-0352,4,584,7,0.0,0.5000000005456968
test,2017-0352,5,585,0,0.0,0.49999999110514176
test,2017-0352,5,585,1,1.0,0.5000000090258254
test,2017-0352,5,585,2,0.0,0.5000000130203262
test,2017-0352,5,585,3,1.0,0.5000000060499588
test,2017-0352,6,586,0,1.0,0.49999997936174617
test,2017-0352,6,586,1,0.0,0.49999999418287194
test,2017-0352,7,587,0,1.0,0.5000000058244041
test,2017-0410,2,525,0,1.0,0.5000000103900675
test,2017-0410,2,525,1,0.0,0.5000000021645974
test,2017-0410,2,525,2,1.0,0.5000000067884685
test,2017-0410,2,525,3,0.0,0.49999998902421794
test,2017-0410,2,525,4,1.0,0.5000000022992026
test,2017-0410,2,525,5,1.0,0.49999999746432877
test,2017-0410,2,525,6,0.0,0.4999999854771886
test,2017-0410,2,525,7,0.0,0.5000000158106559
test,2017-0410,2,525,8,0.0,0.49999999220017344
test,2017-0410,2,525,9,0.0,0.5000000021645974
test,2017-0410,2,525,10,0.0,0.5000000286963768
test,2017-0410,2,525,11,1.0,0.49999998508792487
test,2017-0410,2,525,12,0.0,0.4999999823994585
test,2017-0410,2,525,13,0.0,0.5
test,2017-0410,2,525,14,1.0,0.49999999158899294
test,2017-0410,2,525,15,0.0,0.4999999920546543
test,2017-0410,2,525,16,0.0,0.4999999949795893
test,2017-0410,2,525,17,0.0,0.5000000053332769
test,2017-0410,2,525,18,1.0,0.49999999202918843
test,2017-0410,2,525,19,0.0,0.5
test,2017-0410,2,525,20,1.0,0.5000000080399332
test,2017-0410,2,525,21,1.0,0.49999999478313845
test,2017-0410,2,525,22,1.0,0.499999986255716
test,2017-0410,2,525,23,0.0,0.4999999866922735
test,2017-0410,3,526,0,0.0,0.49999999014471536
test,2017-0410,3,526,1,0.0,0.49999999619103624
test,2017-0410,3,526,2,1.0,0.4999999993815436
test,2017-0410,3,526,3,0.0,0.49999999202555045
test,2017-0410,3,526,4,1.0,0.4999999904648575
test,2017-0410,3,526,5,1.0,0.5000000021609594
test,2017-0410,3,526,6,0.0,0.500000014926627
test,2017-0410,3,526,7,0.0,0.49999999801730155
test,2017-0410,3,526,8,1.0,0.49999998460407374
test,2017-0410,3,526,9,0.0,0.5000000055115379
test,2017-0410,3,526,10,0.0,0.49999998419298214
test,2017-0410,3,526,11,1.0,0.4999999907886376
test,2017-0410,3,526,12,1.0,0.49999999664578354
test,2017-0410,3,526,13,1.0,0.49999999375359044
test,2017-0410,3,526,14,1.0,0.49999999014471536
test,2017-0410,3,526,15,1.0,0.500000005326001
test,2017-0410,4,527,0,1.0,0.5
test,2017-0410,4,527,1,0.0,0.5000000055115379
test,2017-0410,4,527,2,1.0,0.4999999742176442
test,2017-0410,4,527,3,0.0,0.49999998826024245
test,2017-0410,4,527,4,0.0,0.5000000033505785
test,2017-0410,4,527,5,0.0,0.499999998111889
test,2017-0410,4,527,6,1.0,0.49999999098508846
test,2017-0410,4,527,7,1.0,0.4999999809188012
test,2017-0410,5,528,0,1.0,0.49999999131250655
test,2017-0410,5,528,1,1.0,0.500000011503289
test,2017-0410,5,528,2,0.0,0.4999999944811862
test,2017-0410,5,528,3,0.0,0.5000000158142939
test,2017-0410,6,529,0,0.0,0.5000000005347829
test,2017-0410,6,529,1,1.0,0.4999999972169462
test,2017-0410,7,530,0,1.0,0.49999999673309503
test,2017-0421,2,557,0,0.0,0.5000000145191734
test,2017-0421,2,557,1,1.0,0.5000000030704541
test,2017-0421,2,557,2,0.0,0.49999999081410346
test,2017-0421,2,557,3,0.0,0.4999999862047843
test,2017-0421,2,557,4,0.0,0.4999999949468475
test,2017-0421,2,557,5,1.0,0.4999999580322764
test,2017-0421,2,557,6,0.0,0.4999999805659172
test,2017-0421,2,557,7,0.0,0.4999999968276825
test,2017-0421,2,557,8,1.0,0.5
test,2017-0421,2,557,9,1.0,0.5000000090112735
test,2017-0421,2,557,10,0.0,0.5000000088839442
test,2017-0421,2,557,11,0.0,0.499999966697942
test,2017-0421,2,557,12,1.0,0.49999998626299197
test,2017-0421,2,557,13,0.0,0.5000000098407327
test,2017-0421,2,557,14,1.0,0.500000005326001
test,2017-0421,2,557,15,0.0,0.4999999982319423
test,2017-0421,2,557,16,1.0,0.5000000289473974
test,2017-0421,2,557,17,0.0,0.49999999173815013
test,2017-0421,2,557,18,1.0,0.4999999911015038
test,2017-0421,2,557,19,0.0,0.5000000247673597
test,2017-0421,2,557,20,0.0,0.5000000103864295
test,2017-0421,2,557,21,1.0,0.4999999946739991
test,2017-0421,2,557,22,0.0,0.5
test,2017-0421,2,557,23,0.0,0.4999999940555427
test,2017-0421,3,558,0,1.0,0.5000000151921995
test,2017-0421,3,558,1,0.0,0.5000000092186383
test,2017-0421,3,558,2,0.0,0.49999999131250655
test,2017-0421,3,558,3,1.0,0.4999999771098373
test,2017-0421,3,558,4,0.0,0.4999999896135705
test,2017-0421,3,558,5,0.0,0.5000000079744495
test,2017-0421,3,558,6,0.0,0.4999999901519913
test,2017-0421,3,558,7,0.0,0.4999999930987542
test,2017-0421,3,558,8,1.0,0.5000000062427716
test,2017-0421,3,558,9,0.0,0.49999998559360387
test,2017-0421,3,558,10,0.0,0.5000000175459718
test,2017-0421,3,558,11,1.0,0.5000000160544005
test,2017-0421,3,558,12,1.0,0.49999998091152525
test,2017-0421,3,558,13,0.0,0.5000000176005415
test,2017-0421,3,558,14,0.0,0.4999999944993761
test,2017-0421,3,558,15,1.0,0.4999999978390406
test,2017-0421,4,559,0,0.0,0.4999999886458682
test,2017-0421,4,559,1,0.0,0.5000000103900675
test,2017-0421,4,559,2,0.0,0.5
test,2017-0421,4,559,3,0.0,0.4999999954416126
test,2017-0421,4,559,4,0.0,0.4999999952196959
test,2017-0421,4,559,5,1.0,0.4999999850842869
test,2017-0421,4,559,6,0.0,0.5
test,2017-0421,4,559,7,0.0,0.5000000207328412
test,2017-0421,5,560,0,0.0,0.49999999782812665
test,2017-0421,5,560,1,1.0,0.5000000237923814
test,2017-0421,5,560,2,0.0,0.5000000045583874
test,2017-0421,5,560,3,1.0,0.5000000056897989
test,2017-0421,6,561,0,1.0,0.5000000177242327
test,2017-0421,6,561,1,0.0,0.5000000058171281
test,2017-0421,7,562,0,1.0,0.5000000121581252
test,2017-5014,2,576,0,1.0,0.4999999846113497
test,2017-5014,2,576,1,1.0,0.4999999752981239
test,2017-5014,2,576,2,1.0,0.4999999882493285
test,2017-5014,2,576,3,1.0,0.500000005326001
test,2017-5014,2,576,4,1.0,0.49999999160354486
test,2017-5014,2,576,5,0.0,0.5
test,2017-5014,2,576,6,1.0,0.4999999977844709
test,2017-5014,2,576,7,1.0,0.5000000130276021
test,2017-5014,2,576,8,0.0,0.4999999759129424
test,2017-5014,2,576,9,0.0,0.5000000047875801
test,2017-5014,2,576,10,0.0,0.4999999857245711
test,2017-5014,2,576,11,1.0,0.49999999720967025
test,2017-5014,2,576,12,1.0,0.5000000088839442
test,2017-5014,2,576,13,0.0,0.4999999706851667
test,2017-5014,2,576,14,0.0,0.4999999854808266
test,2017-5014,2,576,15,0.0,0.5000000145191734
test,2017-5014,2,576,16,1.0,0.4999999949468475
test,2017-5014,2,576,17,0.0,0.4999999913234205
test,2017-5014,2,576,18,0.0,0.5000000050167728
test,2017-5014,2,576,19,0.0,0.5000000130276021
test,2017-5014,2,576,20,1.0,0.5000000268046279
test,2017-5014,2,576,21,1.0,0.49999999202555045
test,2017-5014,2,576,22,0.0,0.5000000031723175
test,2017-5014,2,576,23,1.0,0.4999999958017725
test,2017-5014,3,577,0,1.0,0.49999999078136165
test,2017-5014,3,577,1,1.0,0.5000000098480086
test,2017-5014,3,577,2,1.0,0.5000000098480086
test,2017-5014,3,577,3,0.0,0.4999999854735506
test,2017-5014,3,577,4,0.0,0.5000000078107405
test,2017-5014,3,577,5,1.0,0.4999999906540324
test,2017-5014,3,577,6,1.0,0.4999999940555427
test,2017-5014,3,577,7,1.0,0.5000000062427716
test,2017-5014,3,577,8,1.0,0.5000000136933522
test,2017-5014,3,577,9,1.0,0.500000008232746
test,2017-5014,3,577,10,1.0,0.5000000174222805
test,2017-5014,3,577,11,1.0,0.5000000033469405
test,2017-5014,3,577,12,1.0,0.4999999946667231
test,2017-5014,3,577,13,0.0,0.4999999901519913
test,2017-5014,3,577,14,1.0,0.5000000175459718
test,2017-5014,3,577,15,1.0,0.49999999726423994
test,2017-5014,4,578,0,0.0,0.5
test,2017-5014,4,578,1,0.0,0.5
test,2017-5014,4,578,2,0.0,0.49999999449210014
test,2017-5014,4,578,3,1.0,0.4999999863066477
test,2017-5014,4,578,4,1.0,0.49999998899147613
test,2017-5014,4,578,5,1.0,0.4999999932188075
test,2017-5014,4,578,6,0.0,0.49999999823921826
test,2017-5014,4,578,7,0.0,0.4999999901556293
test,2017-5014,5,579,0,1.0,0.5000000021718733
test,2017-5014,5,579,1,0.0,0.499999995205144
test,2017-5014,5,579,2,0.0,0.49999998418934416
test,2017-5014,5,579,3,1.0,0.4999999877036317
test,2017-5014,6,580,0,1.0,0.4999999878382369
test,2017-5014,6,580,1,0.0,0.5000000177242327
test,2017-5014,7,581,0,1.0,0.5000000055733835
test,2017-520,1,543,0,1.0,0.49999999755164026
test,2017-520,1,543,1,0.0,0.5000000165709935
test,2017-520,1,543,2,1.0,0.5000000128238753
test,2017-520,1,543,3,0.0,0.4999999859319359
test,2017-520,1,543,4,1.0,0.5000000044092303
test,2017-520,1,543,5,1.0,0.5000000069412636
test,2017-520,1,543,6,0.0,0.5000000087748049
test,2017-520,1,543,7,1.0,0.4999999976789695
test,2017-520,1,543,8,1.0,0.4999999943793228
test,2017-520,1,543,9,1.0,0.4999999889769242
test,2017-520,1,543,10,0.0,0.5
test,2017-520,1,543,11,1.0,0.49999999122519506
test,2017-520,1,543,12,0.0,0.5000000026739144
test,2017-520,1,543,13,0.0,0.5
test,2017-520,1,543,14,0.0,0.5000000128238753
test,2017-520,1,543,15,0.0,0.500000001720764
test,2017-520,1,543,16,1.0,0.5000000116124284
test,2017-520,1,543,17,0.0,0.5000000078653102
test,2017-520,1,543,18,0.0,0.5000000044092303
test,2017-520,1,543,19,0.0,0.49999999717692845
test,2017-520,1,543,20,1.0,0.5
test,2017-520,1,543,21,1.0,0.4999999866631697
test,2017-520,1,543,22,0.0,0.4999999976789695
test,2017-520,1,543,23,1.0,0.4999999977881089
test,2017-520,1,543,24,1.0,0.5000000073378033
test,2017-520,1,543,25,0.0,0.49999998074054025
test,2017-520,1,543,26,1.0,0.5000000177678885
test,2017-520,1,543,27,1.0,0.5
test,2017-520,1,543,28,1.0,0.49999999707506504
test,2017-520,1,543,29,0.0,0.4999999932842911
test,2017-520,1,543,30,1.0,0.5
test,2017-520,1,543,31,0.0,0.500000001193257
test,2017-520,1,543,32,0.0,0.4999999983701855
test,2017-520,1,543,33,1.0,0.5000000062391337
test,2017-520,1,543,34,1.0,0.500000010131771
test,2017-520,1,543,35,1.0,0.4999999920873961
test,2017-520,1,543,36,0.0,0.499999997078703
test,2017-520,1,543,37,1.0,0.49999999880674295
test,2017-520,1,543,38,0.0,0.5
test,2017-520,1,543,39,1.0,0.49999999559076974
test,2017-520,1,543,40,1.0,0.500000010993972
test,2017-520,1,543,41,0.0,0.4999999928113539
test,2017-520,1,543,42,1.0,0.5000000109575922
test,2017-520,1,543,43,1.0,0.5000000135514711
test,2017-520,1,543,44,0.0,0.5
test,2017-520,1,543,45,1.0,0.4999999932842911
test,2017-520,1,543,46,1.0,0.4999999910978658
test,2017-520,1,543,47,0.0,0.5000000144646037
test,2017-520,1,543,48,1.0,0.5000000067157089
test,2017-520,1,543,49,1.0,0.4999999878600648
test,2017-520,1,543,50,1.0,0.5000000017280399
test,2017-520,1,543,51,1.0,0.5000000065701897
test,2017-520,1,543,52,0.0,0.4999999848405423
test,2017-520,1,543,53,1.0,0.49999998877319746
test,2017-520,1,543,54,1.0,0.5000000012805685
test,2017-520,1,543,55,1.0,0.4999999983701855
test,2017-520,1,543,56,1.0,0.4999999909268808
test,2017-520,1,543,57,1.0,0.49999999548526836
test,2017-520,1,543,58,0.0,0.4999999950123311
test,2017-520,1,543,59,0.0,0.4999999997635314
test,2017-520,1,543,60,0.0,0.5000000035142875
test,2017-520,1,543,61,0.0,0.5000000042564352
test,2017-520,1,543,62,1.0,0.5
test,2017-520,1,543,63,0.0,0.4999999953361112
test,2017-520,2,544,0,1.0,0.49999999755164026
test,2017-520,2,544,1,0.0,0.5
test,2017-520,2,544,2,1.0,0.5000000093787094
test,2017-520,2,544,3,0.0,0.4999999912688508
test,2017-520,2,544,4,1.0,0.4999999934261723
test,2017-520,2,544,5,0.0,0.500000010993972
test,2017-520,2,544,6,0.0,0.49999999827196007
test,2017-520,2,544,7,0.0,0.5
test,2017-520,2,544,8,0.0,0.5000000204599928
test,2017-520,2,544,9,1.0,0.5000000029322109
test,2017-520,2,544,10,1.0,0.5000000087711669
test,2017-520,2,544,11,1.0,0.4999999894644134
test,2017-520,2,544,12,0.0,0.4999999848405423
test,2017-520,2,544,13,0.0,0.4999999984938768
test,2017-520,2,544,14,1.0,0.5000000061299943
test,2017-520,2,544,15,0.0,0.49999999252759153
test,2017-520,2,544,16,1.0,0.5000000087711669
test,2017-520,2,544,17,0.0,0.4999999860665411
test,2017-520,2,544,18,1.0,0.5000000092804839
test,2017-520,2,544,19,0.0,0.5000000104228093
test,2017-520,2,544,20,0.0,0.4999999973224476
test,2017-520,2,544,21,0.0,0.5000000087711669
test,2017-520,2,544,22,0.0,0.49999999746432877
test,2017-520,2,544,23,1.0,0.5000000018444553
test,2017-520,2,544,24,1.0,0.49999999454303184
test,2017-520,2,544,25,1.0,0.49999999880674295
test,2017-520,2,544,26,0.0,0.49999998074054025
test,2017-520,2,544,27,1.0,0.5000000121581252
test,2017-520,2,544,28,1.0,0.5000000062282197
test,2017-520,2,544,29,1.0,0.4999999770770955
test,2017-520,2,544,30,0.0,0.4999999946230674
test,2017-520,2,544,31,1.0,0.5000000025356712
test,2017-520,3,545,0,1.0,0.49999999746796675
test,2017-520,3,545,1,1.0,0.49999999457577365
test,2017-520,3,545,2,0.0,0.4999999834362825
test,2017-520,3,545,3,0.0,0.500000002924935
test,2017-520,3,545,4,1.0,0.5000000014770194
test,2017-520,3,545,5,1.0,0.4999999944448064
test,2017-520,3,545,6,1.0,0.4999999930478225
test,2017-520,3,545,7,1.0,0.4999999975443643
test,2017-520,3,545,8,0.0,0.49999999361898523
test,2017-520,3,545,9,1.0,0.5000000133404683
test,2017-520,3,545,10,1.0,0.5000000115287548
test,2017-520,3,545,11,0.0,0.4999999916944944
test,2017-520,3,545,12,0.0,0.5000000087820808
test,2017-520,3,545,13,1.0,0.5000000014770194
test,2017-520,3,545,14,0.0,0.5000000071158865
test,2017-520,3,545,15,0.0,0.49999999548526836
test,2017-520,4,546,0,0.0,0.4999999945321179
test,2017-520,4,546,1,0.0,0.4999999970677891
test,2017-520,4,546,2,0.0,0.5000000038235157
test,2017-520,4,546,3,1.0,0.49999999363353714
test,2017-520,4,546,4,1.0,0.4999999963474693
test,2017-520,4,546,5,1.0,0.49999999169813236
test,2017-520,4,546,6,1.0,0.4999999967003532
test,2017-520,4,546,7,0.0,0.5000000054205884
test,2017-520,5,547,0,0.0,0.5000000025356712
test,2017-520,5,547,1,1.0,0.49999999190913513
test,2017-520,5,547,2,0.0,0.5000000121435733
test,2017-520,5,547,3,0.0,0.4999999887695595
test,2017-520,6,548,0,1.0,0.4999999944448064
test,2017-520,6,548,1,1.0,0.4999999932697392
test,2017-520,7,549,0,1.0,0.4999999961801223
test,2017-540,1,550,0,0.0,0.4999999940555427
test,2017-540,1,550,1,1.0,0.5
test,2017-540,1,550,2,1.0,0.500000010983058
test,2017-540,1,550,3,1.0,0.499999992618541
test,2017-540,1,550,4,1.0,0.4999999969295459
test,2017-540,1,550,5,1.0,0.5000000082254701
test,2017-540,1,550,6,1.0,0.4999999921892595
test,2017-540,1,550,7,1.0,0.4999999992651283
test,2017-540,1,550,8,0.0,0.4999999917745299
test,2017-540,1,550,9,0.0,0.5000000035397534
test,2017-540,1,550,10,1.0,0.4999999736974133
test,2017-540,1,550,11,1.0,0.5000000151921995
test,2017-540,1,550,12,1.0,0.49999998853672883
test,2017-540,1,550,13,0.0,0.5000000082836777
test,2017-540,1,550,14,1.0,0.49999999611827667
test,2017-540,1,550,15,1.0,0.4999999969404598
test,2017-540,1,550,16,0.0,0.4999999848078005
test,2017-540,1,550,17,1.0,0.49999999700594344
test,2017-540,1,550,18,0.0,0.4999999796273186
test,2017-540,1,550,19,1.0,0.5000000021682354
test,2017-540,1,550,20,0.0,0.49999999664214556
test,2017-540,1,550,21,1.0,0.5
test,2017-540,1,550,22,1.0,0.5000000236359483
test,2017-540,1,550,23,0.0,0.49999998103521653
test,2017-540,1,550,24,0.0,0.5000000050640665
test,2017-540,1,550,25,0.0,0.5000000078107405
test,2017-540,1,550,26,1.0,0.5000000073632691
test,2017-540,1,550,27,0.0,0.49999998886778485
test,2017-540,1,550,28,0.0,0.5000000049076334
test,2017-540,1,550,29,0.0,0.49999999721330823
test,2017-540,1,550,30,0.0,0.5000000114632712
test,2017-540,1,550,31,1.0,0.49999999700594344
test,2017-540,1,550,32,0.0,0.49999997318082023
test,2017-540,1,550,33,1.0,0.5000000029067451
test,2017-540,1,550,34,0.0,0.49999998098064685
test,2017-540,1,550,35,1.0,0.5000000208419806
test,2017-540,1,550,36,1.0,0.5000000047839421
test,2017-540,1,550,37,0.0,0.5000000089494279
test,2017-540,1,550,38,1.0,0.49999998838029575
test,2017-540,1,550,39,1.0,0.5000000031650416
test,2017-540,1,550,40,1.0,0.49999999709325493
test,2017-540,1,550,41,0.0,0.5000000031650416
test,2017-540,1,550,42,1.0,0.5000000035397534
test,2017-540,1,550,43,0.0,0.5000000091786205
test,2017-540,1,550,44,1.0,0.5000000006184564
test,2017-540,1,550,45,1.0,0.5000000086838554
test,2017-540,1,550,46,0.0,0.5000000179497874
test,2017-540,1,550,47,1.0,0.4999999917745299
test,2017-540,1,550,48,0.0,0.4999999920364644
test,2017-540,1,550,49,1.0,0.4999999896099325
test,2017-540,1,550,50,0.0,0.49999999683495844
test,2017-540,1,550,51,1.0,0.5000000055151759
test,2017-540,1,550,52,0.0,0.5000000006184564
test,2017-540,1,550,53,1.0,0.5000000062391337
test,2017-540,1,550,54,0.0,0.5000000030704541
test,2017-540,1,550,55,1.0,0.5000000130312401
test,2017-540,1,550,56,0.0,0.49999999098508846
test,2017-540,1,550,57,1.0,0.499999992618541
test,2017-540,1,550,58,0.0,0.5000000176005415
test,2017-540,1,550,59,0.0,0.49999998923158273
test,2017-540,1,550,60,1.0,0.4999999882020348
test,2017-540,1,550,61,1.0,0.49999999160718284
test,2017-540,1,550,62,0.0,0.49999997620034264
test,2017-540,1,550,63,1.0,0.49999999160718284
test,2017-540,2,551,0,0.0,0.4999999901556293
test,2017-540,2,551,1,0.0,0.4999999915926309
test,2017-540,2,551,2,0.0,0.5000000332729542
test,2017-540,2,551,3,1.0,0.5000000014988473
test,2017-540,2,551,4,0.0,0.4999999978354026
test,2017-540,2,551,5,0.0,0.4999999946703611
test,2017-540,2,551,6,1.0,0.4999999964675226
test,2017-540,2,551,7,1.0,0.5000000111249392
test,2017-540,2,551,8,1.0,0.5000000050604285
test,2017-540,2,551,9,1.0,0.5000000020481821
test,2017-540,2,551,10,1.0,0.5
test,2017-540,2,551,11,0.0,0.4999999978354026
test,2017-540,2,551,12,0.0,0.5000000059480953
test,2017-540,2,551,13,1.0,0.500000005329639
test,2017-540,2,551,14,1.0,0.5000000077925506
test,2017-540,2,551,15,1.0,0.5000000145228114
test,2017-540,2,551,16,0.0,0.500000005329639
test,2017-540,2,551,17,1.0,0.49999998395287554
test,2017-540,2,551,18,1.0,0.4999999942046998
test,2017-540,2,551,19,1.0,0.5000000069703674
test,2017-540,2,551,20,0.0,0.4999999786959961
test,2017-540,2,551,21,1.0,0.500000002233719
test,2017-540,2,551,22,1.0,0.4999999786959961
test,2017-540,2,551,23,1.0,0.500000012358214
test,2017-540,2,551,24,1.0,0.5000000130312401
test,2017-540,2,551,25,0.0,0.5000000077925506
test,2017-540,2,551,26,0.0,0.4999999824103724
test,2017-540,2,551,27,0.0,0.49999999202918843
test,2017-540,2,551,28,1.0,0.5000000133040885
test,2017-540,2,551,29,0.0,0.49999999683132046
test,2017-540,2,551,30,1.0,0.49999998479688657
test,2017-540,2,551,31,1.0,0.4999999951032806
test,2017-540,3,552,0,1.0,0.500000022493623
test,2017-540,3,552,1,1.0,0.49999999358260544
test,2017-540,3,552,2,0.0,0.5000000020481821
test,2017-540,3,552,3,0.0,0.5000000199797796
test,2017-540,3,552,4,1.0,0.4999999968458724
test,2017-540,3,552,5,0.0,0.4999999993306119
test,2017-540,3,552,6,0.0,0.4999999823994585
test,2017-540,3,552,7,1.0,0.5000000067884685
test,2017-540,3,552,8,1.0,0.5000000139152689
test,2017-540,3,552,9,0.0,0.4999999901519913
test,2017-540,3,552,10,1.0,0.5000000056425051
test,2017-540,3,552,11,1.0,0.5000000068102963
test,2017-540,3,552,12,1.0,0.49999998092607717
test,2017-540,3,552,13,0.0,0.4999999741266947
test,2017-540,3,552,14,0.0,0.4999999901519913
test,2017-540,3,552,15,1.0,0.5000000140571501
test,2017-540,4,553,0,1.0,0.5000000149084372
test,2017-540,4,553,1,0.0,0.49999998887142283
test,2017-540,4,553,2,0.0,0.5000000062354957
test,2017-540,4,553,3,1.0,0.499999998111889
test,2017-540,4,553,4,0.0,0.4999999848078005
test,2017-540,4,553,5,1.0,0.5000000084801286
test,2017-540,4,553,6,1.0,0.49999999543797463
test,2017-540,4,553,7,0.0,0.5000000048930815
test,2017-540,5,554,0,0.0,0.4999999920364644
test,2017-540,5,554,1,0.0,0.5000000111394911
test,2017-540,5,554,2,0.0,0.4999999894098437
test,2017-540,5,554,3,0.0,0.4999999932188075
test,2017-540,6,555,0,1.0,0.49999998887142283
test,2017-540,6,555,1,0.0,0.5
test,2017-540,7,556,0,1.0,0.4999999878345989
test,2017-560,1,569,0,0.0,0.4999999921346898
test,2017-560,1,569,1,0.0,0.500000010990334
test,2017-560,1,569,2,0.0,0.49999998958810465
test,2017-560,1,569,3,1.0,0.49999999747160473
test,2017-560,1,569,4,0.0,0.49999998817656893
test,2017-560,1,569,5,1.0,0.4999999941028364
test,2017-560,1,569,6,1.0,0.4999999916872184
test,2017-560,1,569,7,0.0,0.4999999926512828
test,2017-560,1,569,8,1.0,0.5000000195068424
test,2017-560,1,569,9,1.0,0.5000000028157956
test,2017-560,1,569,10,0.0,0.500000001200533
test,2017-560,1,569,11,1.0,0.49999999050487526
test,2017-560,1,569,12,1.0,0.49999999747160473
test,2017-560,1,569,13,0.0,0.4999999932842911
test,2017-560,1,569,14,0.0,0.4999999939682312
test,2017-560,1,569,15,1.0,0.49999999894134817
test,2017-560,1,569,16,0.0,0.5000000011132215
test,2017-560,1,569,17,0.0,0.4999999959618436
test,2017-560,1,569,18,0.0,0.5000000044092303
test,2017-560,1,569,19,0.0,0.5000000011132215
test,2017-560,1,569,20,1.0,0.4999999955980457
test,2017-560,1,569,21,0.0,0.4999999910978658
test,2017-560,1,569,22,1.0,0.499999989009666
test,2017-560,1,569,23,1.0,0.5
test,2017-560,1,569,24,1.0,0.5000000062354957
test,2017-560,1,569,25,1.0,0.5000000042637112
test,2017-560,1,569,26,1.0,0.49999999339706847
test,2017-560,1,569,27,0.0,0.49999999500869313
test,2017-560,1,569,28,1.0,0.49999999617648433
test,2017-560,1,569,29,0.0,0.49999998956991476
test,2017-560,1,569,30,1.0,0.49999999535066314
test,2017-560,1,569,31,1.0,0.49999998073690227
test,2017-560,1,569,32,1.0,0.4999999957362889
test,2017-560,1,569,33,0.0,0.49999999827196007
test,2017-560,1,569,34,0.0,0.5000000122854544
test,2017-560,1,569,35,1.0,0.5000000073305273
test,2017-560,1,569,36,1.0,0.500000010648364
test,2017-560,1,569,37,0.0,0.49999999747160473
test,2017-560,1,569,38,0.0,0.4999999926512828
test,2017-560,1,569,39,1.0,0.5000000080908649
test,2017-560,1,569,40,0.0,0.5000000029322109
test,2017-560,1,569,41,0.0,0.4999999975480023
test,2017-560,1,569,42,1.0,0.4999999970677891
test,2017-560,1,569,43,0.0,0.5000000024519977
test,2017-560,1,569,44,0.0,0.4999999957362889
test,2017-560,1,569,45,0.0,0.5000000159780029
test,2017-560,1,569,46,0.0,0.5000000024519977
test,2017-560,1,569,47,1.0,0.5000000078653102
test,2017-560,1,569,48,1.0,0.4999999973188096
test,2017-560,1,569,49,0.0,0.5000000041727617
test,2017-560,1,569,50,0.0,0.49999997970735416
test,2017-560,1,569,51,0.0,0.4999999902756826
test,2017-560,1,569,52,0.0,0.4999999878527888
test,2017-560,1,569,53,1.0,0.49999999093779474
test,2017-560,1,569,54,0.0,0.5000000148211257
test,2017-560,1,569,55,1.0,0.49999999625651986
test,2017-560,1,569,56,1.0,0.5000000089021341
test,2017-560,1,569,57,1.0,0.4999999782958185
test,2017-560,1,569,58,1.0,0.5000000150066626
test,2017-560,1,569,59,1.0,0.4999999932842911
test,2017-560,1,569,60,0.0,0.5000000080872269
test,2017-560,1,569,61,1.0,0.49999999827196007
test,2017-560,1,569,62,1.0,0.5000000054678821
test,2017-560,1,569,63,0.0,0.5000000076543074
test,2017-560,2,570,0,1.0,0.499999989868229
test,2017-560,2,570,1,1.0,0.5000000149993866
test,2017-560,2,570,2,0.0,0.5000000092804839
test,2017-560,2,570,3,0.0,0.5000000029685907
test,2017-560,2,570,4,1.0,0.5000000098807504
test,2017-560,2,570,5,1.0,0.5000000054533302
test,2017-560,2,570,6,1.0,0.4999999919127731
test,2017-560,2,570,7,1.0,0.5
test,2017-560,2,570,8,1.0,0.5000000079089659
test,2017-560,2,570,9,1.0,0.49999999747160473
test,2017-560,2,570,10,0.0,0.5000000046493369
test,2017-560,2,570,11,0.0,0.5000000078653102
test,2017-560,2,570,12,1.0,0.5000000194959284
test,2017-560,2,570,13,1.0,0.5000000139407348
test,2017-560,2,570,14,1.0,0.4999999916180968
test,2017-560,2,570,15,0.0,0.49999998958810465
test,2017-560,2,570,16,1.0,0.49999998936254997
test,2017-560,2,570,17,1.0,0.49999999827196007
test,2017-560,2,570,18,1.0,0.49999999122883304
test,2017-560,2,570,19,0.0,0.5
test,2017-560,2,570,20,0.0,0.49999999827196007
test,2017-560,2,570,21,1.0,0.49999999753708835
test,2017-560,2,570,22,0.0,0.500000001717126
test,2017-560,2,570,23,1.0,0.49999999827196007
test,2017-560,2,570,24,0.0,0.49999999705687515
test,2017-560,2,570,25,1.0,0.4999999866777216
test,2017-560,2,570,26,1.0,0.5000000065774657
test,2017-560,2,570,27,0.0,0.49999998645216687
test,2017-560,2,570,28,1.0,0.49999999110514176
test,2017-560,2,570,29,0.0,0.500000009607902
test,2017-560,2,570,30,0.0,0.5000000105355866
test,2017-560,2,570,31,1.0,0.5000000062354957
test,2017-560,3,571,0,1.0,0.5000000092804839
test,2017-560,3,571,1,1.0,0.4999999919127731
test,2017-560,3,571,2,1.0,0.4999999755600584
test,2017-560,3,571,3,1.0,0.5000000017280399
test,2017-560,3,571,4,1.0,0.4999999919127731
test,2017-560,3,571,5,1.0,0.5000000115251169
test,2017-560,3,571,6,0.0,0.5000000187574187
test,2017-560,3,571,7,0.0,0.49999998050770955
test,2017-560,3,571,8,1.0,0.5000000101172191
test,2017-560,3,571,9,0.0,0.4999999878564268
test,2017-560,3,571,10,1.0,0.4999999954816304
test,2017-560,3,571,11,1.0,0.5000000029322109
test,2017-560,3,571,12,0.0,0.49999998839484766
test,2017-560,3,571,13,0.0,0.500000010986696
test,2017-560,3,571,14,1.0,0.499999989013304
test,2017-560,3,571,15,0.0,0.5000000024592737
test,2017-560,4,572,0,0.0,0.5000000140207703
test,2017-560,4,572,1,0.0,0.49999999204374035
test,2017-560,4,572,2,0.0,0.49999998421117203
test,2017-560,4,572,3,1.0,0.5000000114596332
test,2017-560,4,572,4,0.0,0.4999999895844667
test,2017-560,4,572,5,1.0,0.5000000062354957
test,2017-560,4,572,6,1.0,0.5000000069412636
test,2017-560,4,572,7,0.0,0.5000000011496013
test,2017-560,5,573,0,0.0,0.4999999848223524
test,2017-560,5,573,1,1.0,0.5000000033469405
test,2017-560,5,573,2,1.0,0.5000000095496944
test,2017-560,5,573,3,0.0,0.5000000073960109
test,2017-560,6,574,0,1.0,0.5000000105792424
test,2017-560,6,574,1,1.0,0.4999999853789632
test,2017-560,7,575,0,1.0,0.49999998203202267
test,2017-580,1,504,0,0.0,0.4999999945321179
test,2017-580,1,504,1,1.0,0.5
test,2017-580,1,504,2,1.0,0.5000000024519977
test,2017-580,1,504,3,0.0,0.4999999794599716
test,2017-580,1,504,4,1.0,0.49999999827196007
test,2017-580,1,504,5,1.0,0.5000000098807504
test,2017-580,1,504,6,0.0,0.499999989009666
test,2017-580,1,504,7,1.0,0.5000000041727617
test,2017-580,1,504,8,1.0,0.49999998716884875
test,2017-580,1,504,9,0.0,0.50000000961154
test,2017-580,1,504,10,1.0,0.5000000156505848
test,2017-580,1,504,11,0.0,0.5
test,2017-580,1,504,12,0.0,0.4999999987267074
test,2017-580,1,504,13,0.0,0.5000000013387762
test,2017-580,1,504,14,1.0,0.4999999954816304
test,2017-580,1,504,15,0.0,0.49999998817656893
test,2017-580,1,504,16,1.0,0.5000000042637112
test,2017-580,1,504,17,0.0,0.4999999970677891
test,2017-580,1,504,18,1.0,0.5000000073487172
test,2017-580,1,504,19,0.0,0.5000000073305273
test,2017-580,1,504,20,1.0,0.49999999500869313
test,2017-580,1,504,21,1.0,0.4999999984938768
test,2017-580,1,504,22,0.0,0.4999999910978658
test,2017-580,1,504,23,0.0,0.4999999937645044
test,2017-580,1,504,24,0.0,0.5000000037434802
test,2017-580,1,504,25,0.0,0.4999999866486178
test,2017-580,1,504,26,1.0,0.5000000054205884
test,2017-580,1,504,27,0.0,0.499999998799467
test,2017-580,1,504,28,0.0,0.49999999305873644
test,2017-580,1,504,29,1.0,0.5000000049913069
test,2017-580,1,504,30,0.0,0.5000000140644261
test,2017-580,1,504,31,1.0,0.49999999248757376
test,2017-580,1,504,32,1.0,0.5000000017280399
test,2017-580,1,504,33,1.0,0.49999999635110726
test,2017-580,1,504,34,1.0,0.5000000069412636
test,2017-580,1,504,35,1.0,0.5000000026811904
test,2017-580,1,504,36,0.0,0.4999999926694727
test,2017-580,1,504,37,1.0,0.5000000087748049
test,2017-580,1,504,38,1.0,0.5000000067157089
test,2017-580,1,504,39,1.0,0.4999999760620995
test,2017-580,1,504,40,1.0,0.5
test,2017-580,1,504,41,0.0,0.49999999747160473
test,2017-580,1,504,42,0.0,0.500000001720764
test,2017-580,1,504,43,0.0,0.5000000033032848
test,2017-580,1,504,44,0.0,0.4999999936226232
test,2017-580,1,504,45,1.0,0.49999999827196007
test,2017-580,1,504,46,0.0,0.5000000065738277
test,2017-580,1,504,47,0.0,0.5
test,2017-580,1,504,48,0.0,0.49999997954000713
test,2017-580,1,504,49,1.0,0.49999999122519506
test,2017-580,1,504,50,1.0,0.4999999923456926
test,2017-580,1,504,51,1.0,0.49999999305873644
test,2017-580,1,504,52,1.0,0.5000000036634447
test,2017-580,1,504,53,0.0,0.5000000062354957
test,2017-580,1,504,54,1.0,0.5000000054205884
test,2017-580,1,504,55,1.0,0.5000000042637112
test,2017-580,1,504,56,0.0,0.49999999863211997
test,2017-580,1,504,57,0.0,0.5000000097243174
test,2017-580,1,504,58,0.0,0.4999999943793228
test,2017-580,1,504,59,1.0,0.4999999872816261
test,2017-580,1,504,60,0.0,0.5000000104118953
test,2017-580,1,504,61,1.0,0.499999998279236
test,2017-580,1,504,62,1.0,0.4999999957362889
test,2017-580,1,504,63,0.0,0.5
test,2017-580,2,505,0,1.0,0.5000000078653102
test,2017-580,2,505,1,1.0,0.4999999909414327
test,2017-580,2,505,2,0.0,0.5000000038198777
test,2017-580,2,505,3,1.0,0.5000000183499651
test,2017-580,2,505,4,0.0,0.49999999548890633
test,2017-580,2,505,5,1.0,0.4999999955944077
test,2017-580,2,505,6,0.0,0.49999999827196007
test,2017-580,2,505,7,1.0,0.5000000151594577
test,2017-580,2,505,8,1.0,0.5000000149993866
test,2017-580,2,505,9,0.0,0.49999999753708835
test,2017-580,2,505,10,0.0,0.4999999988976924
test,2017-580,2,505,11,1.0,0.5000000076579454
test,2017-580,2,505,12,0.0,0.499999989013304
test,2017-580,2,505,13,0.0,0.5000000088948582
test,2017-580,2,505,14,0.0,0.49999998008206603
test,2017-580,2,505,15,0.0,0.5000000054205884
test,2017-580,2,505,16,0.0,0.4999999957399269
test,2017-580,2,505,17,0.0,0.500000002404704
test,2017-580,2,505,18,1.0,0.5000000082982297
test,2017-580,2,505,19,1.0,0.4999999957399269
test,2017-580,2,505,20,0.0,0.5000000087711669
test,2017-580,2,505,21,0.0,0.4999999909414327
test,2017-580,2,505,22,1.0,0.5000000090585672
test,2017-580,2,505,23,0.0,0.49999999110514176
test,2017-580,2,505,24,0.0,0.5
test,2017-580,2,505,25,0.0,0.5000000187610567
test,2017-580,2,505,26,1.0,0.5000000121399353
test,2017-580,2,505,27,1.0,0.4999999805040716
test,2017-580,2,505,28,0.0,0.5
test,2017-580,2,505,29,0.0,0.49999999753708835
test,2017-580,2,505,30,1.0,0.49999999747160473
test,2017-580,2,505,31,0.0,0.49999999222927727
test,2017-580,3,506,0,0.0,0.49999998936254997
test,2017-580,3,506,1,1.0,0.49999999457941163
test,2017-580,3,506,2,1.0,0.49999999748251867
test,2017-580,3,506,3,1.0,0.5000000067193469
test,2017-580,3,506,4,1.0,0.4999999780739018
test,2017-580,3,506,5,0.0,0.5000000088948582
test,2017-580,3,506,6,1.0,0.5000000073378033
test,2017-580,3,506,7,0.0,0.5000000159743649
test,2017-580,3,506,8,1.0,0.5000000128275133
test,2017-580,3,506,9,0.0,0.5000000179825292
test,2017-580,3,506,10,1.0,0.4999999975407263
test,2017-580,3,506,11,0.0,0.4999999895771907
test,2017-580,3,506,12,1.0,0.4999999916908564
test,2017-580,3,506,13,0.0,0.5000000062427716
test,2017-580,3,506,14,0.0,0.5000000088948582
test,2017-580,3,506,15,1.0,0.4999999987667252
test,2017-580,4,507,0,0.0,0.49999999500869313
test,2017-580,4,507,1,1.0,0.49999999560532166
test,2017-580,4,507,2,1.0,0.50000001063745
test,2017-580,4,507,3,0.0,0.5000000119798642
test,2017-580,4,507,4,1.0,0.5000000116051524
test,2017-580,4,507,5,1.0,0.4999999941028364
test,2017-580,4,507,6,1.0,0.5000000062354957
test,2017-580,4,507,7,0.0,0.5000000061263563
test,2017-580,5,508,0,1.0,0.5000000086183718
test,2017-580,5,508,1,1.0,0.49999998675775714
test,2017-580,5,508,2,1.0,0.49999999608553486
test,2017-580,5,508,3,1.0,0.5000000011023076
test,2017-580,6,509,0,0.0,0.5000000096442818
test,2017-580,6,509,1,1.0,0.5000000015934347
test,2017-580,7,510,0,1.0,0.5000000050713425
test,2017-M006,1,511,0,1.0,0.5000000113432179
test,2017-M006,1,511,1,0.0,0.5000000133040885
test,2017-M006,1,511,2,0.0,0.49999999683132046
test,2017-M006,1,511,3,1.0,0.5
test,2017-M006,1,511,4,0.0,0.4999999824467522
test,2017-M006,1,511,5,0.0,0.4999999854771886
test,2017-M006,1,511,6,1.0,0.5
test,2017-M006,1,511,7,0.0,0.5000000062427716
test,2017-M006,1,511,8,0.0,0.5000000031686795
test,2017-M006,1,511,9,1.0,0.49999998480052454
test,2017-M006,1,511,10,1.0,0.49999997584745876
test,2017-M006,1,511,11,0.0,0.4999999949432095
test,2017-M006,1,511,12,1.0,0.5000000151921995
test,2017-M006,1,511,13,1.0,0.499999977510015
test,2017-M006,1,511,14,0.0,0.5000000114596332
test,2017-M006,1,511,15,1.0,0.5000000059517333
test,2017-M006,1,511,16,0.0,0.4999999746032699
test,2017-M006,1,511,17,1.0,0.49999999098872644
test,2017-M006,1,511,18,1.0,0.4999999917090463
test,2017-M006,1,511,19,0.0,0.4999999954088708
test,2017-M006,1,511,20,1.0,0.49999999387364374
test,2017-M006,1,511,21,0.0,0.5000000137442839
test,2017-M006,1,511,22,0.0,0.49999999131250655
test,2017-M006,1,511,23,1.0,0.49999998696148396
test,2017-M006,1,511,24,1.0,0.4999999915962689
test,2017-M006,1,511,25,0.0,0.4999999913343344
test,2017-M006,1,511,26,0.0,0.499999981457222
test,2017-M006,1,511,27,0.0,0.5000000117433956
test,2017-M006,1,511,28,0.0,0.5000000113432179
test,2017-M006,1,511,29,0.0,0.5000000053405529
test,2017-M006,1,511,30,0.0,0.499999986255716
test,2017-M006,1,511,31,0.0,0.5000000212421583
test,2017-M006,2,512,0,1.0,0.5000000006184564
test,2017-M006,2,512,1,1.0,0.5000000019790605
test,2017-M006,2,512,2,1.0,0.5
test,2017-M006,2,512,3,1.0,0.5000000095751602
test,2017-M006,2,512,4,0.0,0.5000000006693881
test,2017-M006,2,512,5,1.0,0.5000000085528882
test,2017-M006,2,512,6,1.0,0.4999999941028364
test,2017-M006,2,512,7,1.0,0.499999989016942
test,2017-M006,2,512,8,1.0,0.5
test,2017-M006,2,512,9,1.0,0.4999999977044354
test,2017-M006,2,512,10,0.0,0.5000000460677256
test,2017-M006,2,512,11,1.0,0.5000000133077265
test,2017-M006,2,512,12,0.0,0.4999999949468475
test,2017-M006,2,512,13,1.0,0.5000000240870577
test,2017-M006,2,512,14,1.0,0.499999981464498
test,2017-M006,2,512,15,1.0,0.4999999968276825
test,2017-M006,2,512,16,1.0,0.4999999937645044
test,2017-M006,2,512,17,0.0,0.500000001884473
test,2017-M006,2,512,18,1.0,0.5000000083964551
test,2017-M006,2,512,19,0.0,0.5000000082254701
test,2017-M006,2,512,20,1.0,0.4999999786814442
test,2017-M006,2,512,21,0.0,0.5000000049549271
test,2017-M006,2,512,22,1.0,0.5000000035397534
test,2017-M006,2,512,23,1.0,0.500000002226443
test,2017-M006,2,512,24,0.0,0.5000000059444574
test,2017-M006,2,512,25,1.0,0.4999999855863279
test,2017-M006,2,512,26,0.0,0.5
test,2017-M006,2,512,27,1.0,0.5000000062354957
test,2017-M006,2,512,28,0.0,0.4999999786814442
test,2017-M006,2,512,29,1.0,0.5000000110048859
test,2017-M006,2,512,30,0.0,0.5
test,2017-M006,2,512,31,0.0,0.4999999894062057
test,2017-M006,3,513,0,1.0,0.49999999171632226
test,2017-M006,3,513,1,0.0,0.5000000098480086
test,2017-M006,3,513,2,0.0,0.5000000102336344
test,2017-M006,3,513,3,0.0,0.5000000031686795
test,2017-M006,3,513,4,1.0,0.499999996740371
test,2017-M006,3,513,5,0.0,0.5000000047912181
test,2017-M006,3,513,6,0.0,0.5
test,2017-M006,3,513,7,1.0,0.4999999888605089
test,2017-M006,3,513,8,1.0,0.4999999863066477
test,2017-M006,3,513,9,1.0,0.5000000006730261
test,2017-M006,3,513,10,0.0,0.5000000103864295
test,2017-M006,3,513,11,1.0,0.5000000053332769
test,2017-M006,3,513,12,1.0,0.49999999726423994
test,2017-M006,3,513,13,1.0,0.5000000022992026
test,2017-M006,3,513,14,1.0,0.5000000056388672
test,2017-M006,3,513,15,1.0,0.4999999647006917
test,2017-M006,4,514,0,1.0,0.5000000053332769
test,2017-M006,4,514,1,1.0,0.5
test,2017-M006,4,514,2,0.0,0.4999999780047802
test,2017-M006,4,514,3,0.0,0.5000000082291081
test,2017-M006,4,514,4,0.0,0.49999999953070073
test,2017-M006,4,514,5,1.0,0.5000000060535967
test,2017-M006,4,514,6,0.0,0.4999999949432095
test,2017-M006,4,514,7,0.0,0.49999999376814236
test,2017-M006,5,515,0,1.0,0.5000000086947693
test,2017-M006,5,515,1,0.0,0.5000000021718733
test,2017-M006,5,515,2,0.0,0.4999999859464878
test,2017-M006,5,515,3,1.0,0.49999999177089194
test,2017-M006,6,516,0,0.0,0.5000000049913069
test,2017-M006,6,516,1,0.0,0.5000000058171281
test,2017-M006,7,517,0,1.0,0.5000000020227162
test,2017-M007,1,518,0,1.0,0.500000019743311
test,2017-M007,1,518,1,0.0,0.5
test,2017-M007,1,518,2,1.0,0.49999999794817995
test,2017-M007,1,518,3,1.0,0.5000000165782694
test,2017-M007,1,518,4,0.0,0.5000000039253791
test,2017-M007,1,518,5,0.0,0.5000000030595402
test,2017-M007,1,518,6,0.0,0.500000005835318
test,2017-M007,1,518,7,1.0,0.5000000111285772
test,2017-M007,1,518,8,1.0,0.5000000030595402
test,2017-M007,1,518,9,1.0,0.5000000030595402
test,2017-M007,1,518,10,0.0,0.5000000055115379
test,2017-M007,1,518,11,0.0,0.5000000219952199
test,2017-M007,1,518,12,1.0,0.5
test,2017-M007,1,518,13,1.0,0.5000000165273377
test,2017-M007,1,518,14,1.0,0.5000000114596332
test,2017-M007,1,518,15,1.0,0.5000000107393134
test,2017-M007,1,518,16,1.0,0.4999999805550033
test,2017-M007,1,518,17,0.0,0.4999999975771061
test,2017-M007,1,518,18,1.0,0.5000000126128725
test,2017-M007,1,518,19,1.0,0.5000000113432179
test,2017-M007,1,518,20,0.0,0.49999999579449655
test,2017-M007,1,518,21,0.0,0.4999999915962689
test,2017-M007,1,518,22,0.0,0.5000000078071025
test,2017-M007,1,518,23,0.0,0.49999999683132046
test,2017-M007,1,518,24,0.0,0.50000000205182
test,2017-M007,1,518,25,0.0,0.5000000145228114
test,2017-M007,1,518,26,1.0,0.4999999694300641
test,2017-M007,1,518,27,0.0,0.5000000027794158
test,2017-M007,1,518,28,0.0,0.5000000033469405
test,2017-M007,1,518,29,0.0,0.49999999726060196
test,2017-M007,1,518,30,0.0,0.49999999448846216
test,2017-M007,1,518,31,0.0,0.5000000021609594
test,2017-M007,2,519,0,1.0,0.5000000006184564
test,2017-M007,2,519,1,1.0,0.5000000027903297
test,2017-M007,2,519,2,0.0,0.4999999752981239
test,2017-M007,2,519,3,0.0,0.5000000086765795
test,2017-M007,2,519,4,1.0,0.5000000195796019
test,2017-M007,2,519,5,1.0,0.5000000240870577
test,2017-M007,2,519,6,1.0,0.4999999938154361
test,2017-M007,2,519,7,1.0,0.4999999968276825
test,2017-M007,2,519,8,0.0,0.4999999932224455
test,2017-M007,2,519,9,1.0,0.500000018535502
test,2017-M007,2,519,10,0.0,0.5
test,2017-M007,2,519,11,0.0,0.49999999202555045
test,2017-M007,2,519,12,1.0,0.4999999971987563
test,2017-M007,2,519,13,0.0,0.499999981464498
test,2017-M007,2,519,14,0.0,0.5000000095751602
test,2017-M007,2,519,15,0.0,0.4999999968276825
test,2017-M007,2,519,16,0.0,0.5000000189538696
test,2017-M007,2,519,17,1.0,0.5000000052968971
test,2017-M007,2,519,18,0.0,0.4999999969295459
test,2017-M007,2,519,19,0.0,0.5000000145373633
test,2017-M007,2,519,20,0.0,0.4999999696083251
test,2017-M007,2,519,21,1.0,0.5000000101572368
test,2017-M007,2,519,22,0.0,0.4999999971005309
test,2017-M007,2,519,23,0.0,0.5000000098407327
test,2017-M007,2,519,24,1.0,0.49999999218198354
test,2017-M007,2,519,25,1.0,0.5000000166692189
test,2017-M007,2,519,26,1.0,0.49999999171632226
test,2017-M007,2,519,27,1.0,0.5000000038307917
test,2017-M007,2,519,28,1.0,0.5000000103864295
test,2017-M007,2,519,29,0.0,0.5000000007312337
test,2017-M007,2,519,30,0.0,0.500000025400368
test,2017-M007,2,519,31,0.0,0.5000000027903297
test,2017-M007,3,520,0,1.0,0.4999999988649506
test,2017-M007,3,520,1,0.0,0.5000000079744495
test,2017-M007,3,520,2,1.0,0.499999989016942
test,2017-M007,3,520,3,1.0,0.4999999805695552
test,2017-M007,3,520,4,0.0,0.5000000057880243
test,2017-M007,3,520,5,1.0,0.49999999496867537
test,2017-M007,3,520,6,0.0,0.49999998546627467
test,2017-M007,3,520,7,0.0,0.49999999823921826
test,2017-M007,3,520,8,0.0,0.4999999912834027
test,2017-M007,3,520,9,0.0,0.5000000021609594
test,2017-M007,3,520,10,0.0,0.5000000088912202
test,2017-M007,3,520,11,0.0,0.5000000136933522
test,2017-M007,3,520,12,1.0,0.5000000120307959
test,2017-M007,3,520,13,1.0,0.4999999869687599
test,2017-M007,3,520,14,0.0,0.5000000151921995
test,2017-M007,3,520,15,1.0,0.4999999850806489
test,2017-M007,4,521,0,0.0,0.5000000122854544
test,2017-M007,4,521,1,0.0,0.4999999848114385
test,2017-M007,4,521,2,0.0,0.499999986255716
test,2017-M007,4,521,3,1.0,0.5000000021645974
test,2017-M007,4,521,4,0.0,0.49999997711711325
test,2017-M007,4,521,5,0.0,0.4999999969295459
test,2017-M007,4,521,6,0.0,0.49999999953070073
test,2017-M007,4,521,7,0.0,0.5000000102445483
test,2017-M007,5,522,0,1.0,0.499999995205144
test,2017-M007,5,522,1,1.0,0.49999998886414687
test,2017-M007,5,522,2,1.0,0.4999999877036317
test,2017-M007,5,522,3,1.0,0.5
test,2017-M007,6,523,0,0.0,0.5000000076870492
test,2017-M007,6,523,1,1.0,0.500000001724402
test,2017-M007,7,524,0,1.0,0.5000000055733835
test,2017-M009,2,537,0,1.0,0.5000000033396645
test,2017-M009,2,537,1,1.0,0.5000000053332769
test,2017-M009,2,537,2,0.0,0.49999999321153155
test,2017-M009,2,537,3,1.0,0.5000000031614036
test,2017-M009,2,537,4,1.0,0.4999999914398358
test,2017-M009,2,537,5,1.0,0.499999992622179
test,2017-M009,2,537,6,1.0,0.5000000187465048
test,2017-M009,2,537,7,0.0,0.4999999762076186
test,2017-M009,2,537,8,0.0,0.49999998697603587
test,2017-M009,2,537,9,0.0,0.5000000029031071
test,2017-M009,2,537,10,0.0,0.4999999937754183
test,2017-M009,2,537,11,0.0,0.5000000031614036
test,2017-M009,2,537,12,0.0,0.500000007552444
test,2017-M009,2,537,13,1.0,0.4999999972715159
test,2017-M009,2,537,14,1.0,0.49999998104613047
test,2017-M009,2,537,15,1.0,0.500000005496986
test,2017-M009,2,537,16,1.0,0.4999999954452506
test,2017-M009,2,537,17,0.0,0.5000000029031071
test,2017-M009,2,537,18,0.0,0.500000008411007
test,2017-M009,2,537,19,0.0,0.4999999968385964
test,2017-M009,2,537,20,0.0,0.49999999509236664
test,2017-M009,2,537,21,0.0,0.4999999864776327
test,2017-M009,2,537,22,0.0,0.49999997529084794
test,2017-M009,2,537,23,0.0,0.49999998820567276
test,2017-M009,3,538,0,0.0,0.5000000140644261
test,2017-M009,3,538,1,0.0,0.49999999520878197
test,2017-M009,3,538,2,1.0,0.5000000133077265
test,2017-M009,3,538,3,0.0,0.49999999202555045
test,2017-M009,3,538,4,0.0,0.49999999520878197
test,2017-M009,3,538,5,1.0,0.5000000166983227
test,2017-M009,3,538,6,1.0,0.4999999972678779
test,2017-M009,3,538,7,1.0,0.5000000130276021
test,2017-M009,3,538,8,0.0,0.49999999448846216
test,2017-M009,3,538,9,0.0,0.5000000133077265
test,2017-M009,3,538,10,0.0,0.5000000011277734
test,2017-M009,3,538,11,1.0,0.49999999611827667
test,2017-M009,3,538,12,1.0,0.5000000035361154
test,2017-M009,3,538,13,1.0,0.5000000098552846
test,2017-M009,3,538,14,0.0,0.500000005326001
test,2017-M009,3,538,15,0.0,0.499999992451194
test,2017-M009,4,539,0,1.0,0.5000000053332769
test,2017-M009,4,539,1,0.0,0.49999997916893335
test,2017-M009,4,539,2,0.0,0.5000000130203262
test,2017-M009,4,539,3,0.0,0.499999981464498
test,2017-M009,4,539,4,0.0,0.4999999759129424
test,2017-M009,4,539,5,1.0,0.5
test,2017-M009,4,539,6,0.0,0.49999997916893335
test,2017-M009,4,539,7,1.0,0.4999999877145456
test,2017-M009,5,540,0,1.0,0.49999999014471536
test,2017-M009,5,540,1,1.0,0.5000000060499588
test,2017-M009,5,540,2,0.0,0.49999999110877974
test,2017-M009,5,540,3,0.0,0.499999998115527
test,2017-M009,6,541,0,0.0,0.49999999683132046
test,2017-M009,6,541,1,0.0,0.5000000088912202
test,2017-M009,7,542,0,0.0,0.49999999014107743
test,2017-M021,2,531,0,1.0,0.5000000038307917
test,2017-M021,2,531,1,1.0,0.4999999972169462
test,2017-M021,2,531,2,0.0,0.5000000103900675
test,2017-M021,2,531,3,1.0,0.5000000053332769
test,2017-M021,2,531,4,1.0,0.4999999908104655
test,2017-M021,2,531,5,1.0,0.49999998521525413
test,2017-M021,2,531,6,1.0,0.49999999218198354
test,2017-M021,2,531,7,1.0,0.49999998886778485
test,2017-M021,2,531,8,0.0,0.4999999896099325
test,2017-M021,2,531,9,1.0,0.499999981464498
test,2017-M021,2,531,10,1.0,0.49999999897772796
test,2017-M021,2,531,11,0.0,0.5000000007312337
test,2017-M021,2,531,12,1.0,0.5000000158106559
test,2017-M021,2,531,13,1.0,0.5000000033396645
test,2017-M021,2,531,14,0.0,0.49999998886778485
test,2017-M021,2,531,15,0.0,0.49999999693318387
test,2017-M021,2,531,16,0.0,0.4999999823994585
test,2017-M021,2,531,17,1.0,0.5000000031614036
test,2017-M021,2,531,18,0.0,0.4999999759093044
test,2017-M021,2,531,19,0.0,0.49999998508792487
test,2017-M021,2,531,20,1.0,0.5000000079708116
test,2017-M021,2,531,21,0.0,0.5000000027284841
test,2017-M021,2,531,22,0.0,0.5
test,2017-M021,2,531,23,0.0,0.49999998593921186
test,2017-M021,3,532,0,1.0,0.5
test,2017-M021,3,532,1,0.0,0.5
test,2017-M021,3,532,2,1.0,0.4999999843203114
test,2017-M021,3,532,3,0.0,0.5000000031577656
test,2017-M021,3,532,4,0.0,0.4999999866922735
test,2017-M021,3,532,5,0.0,0.5000000107393134
test,2017-M021,3,532,6,0.0,0.49999999510691856
test,2017-M021,3,532,7,0.0,0.5
test,2017-M021,3,532,8,1.0,0.5000000087020453
test,2017-M021,3,532,9,1.0,0.49999998825660447
test,2017-M021,3,532,10,0.0,0.49999999176725396
test,2017-M021,3,532,11,0.0,0.49999999823921826
test,2017-M021,3,532,12,1.0,0.4999999854771886
test,2017-M021,3,532,13,0.0,0.5000000006184564
test,2017-M021,3,532,14,1.0,0.500000005326001
test,2017-M021,3,532,15,0.0,0.4999999902720446
test,2017-M021,4,533,0,1.0,0.5000000059408194
test,2017-M021,4,533,1,1.0,0.5000000035288394
test,2017-M021,4,533,2,0.0,0.5000000166619429
test,2017-M021,4,533,3,1.0,0.500000001888111
test,2017-M021,4,533,4,0.0,0.5000000166619429
test,2017-M021,4,533,5,0.0,0.5000000062354957
test,2017-M021,4,533,6,0.0,0.5000000030631782
test,2017-M021,4,533,7,1.0,0.49999998571729515
test,2017-M021,5,534,0,1.0,0.49999999683495844
test,2017-M021,5,534,1,0.0,0.499999989013304
test,2017-M021,5,534,2,1.0,0.4999999994652171
test,2017-M021,5,534,3,1.0,0.49999998145358404
test,2017-M021,6,535,0,0.0,0.5000000092222763
test,2017-M021,6,535,1,0.0,0.49999999447391025
test,2017-M021,7,536,0,1.0,0.49999999394276534
test,2017-M024,2,563,0,0.0,0.49999996941551217
test,2017-M024,2,563,1,0.0,0.5000000031723175
test,2017-M024,2,563,2,1.0,0.500000001884473
test,2017-M024,2,563,3,1.0,0.49999999202555045
test,2017-M024,2,563,4,1.0,0.4999999940555427
test,2017-M024,2,563,5,0.0,0.4999999940555427
test,2017-M024,2,563,6,0.0,0.49999999171632226
test,2017-M024,2,563,7,1.0,0.5000000136933522
test,2017-M024,2,563,8,1.0,0.500000005326001
test,2017-M024,2,563,9,1.0,0.4999999873798515
test,2017-M024,2,563,10,0.0,0.5000000031723175
test,2017-M024,2,563,11,0.0,0.5000000145191734
test,2017-M024,2,563,12,0.0,0.5000000200343493
test,2017-M024,2,563,13,1.0,0.500000005326001
test,2017-M024,2,563,14,0.0,0.4999999979045242
test,2017-M024,2,563,15,1.0,0.5000000006184564
test,2017-M024,2,563,16,0.0,0.5000000006184564
test,2017-M024,2,563,17,1.0,0.5000000024228939
test,2017-M024,2,563,18,1.0,0.500000013737008
test,2017-M024,2,563,19,1.0,0.5000000145482772
test,2017-M024,2,563,20,1.0,0.4999999791616574
test,2017-M024,2,563,21,0.0,0.5000000179825292
test,2017-M024,2,563,22,0.0,0.4999999848078005
test,2017-M024,2,563,23,1.0,0.4999999768988345
test,2017-M024,3,564,0,0.0,0.5000000038853614
test,2017-M024,3,564,1,0.0,0.5000000052095857
test,2017-M024,3,564,2,0.0,0.49999998624844005
test,2017-M024,3,564,3,1.0,0.5000000187574187
test,2017-M024,3,564,4,0.0,0.5
test,2017-M024,3,564,5,1.0,0.4999999752290023
test,2017-M024,3,564,6,0.0,0.49999999617648433
test,2017-M024,3,564,7,1.0,0.49999999416832
test,2017-M024,3,564,8,1.0,0.500000005500624
test,2017-M024,3,564,9,0.0,0.4999999921892595
test,2017-M024,3,564,10,0.0,0.49999997807753976
test,2017-M024,3,564,11,0.0,0.5000000098480086
test,2017-M024,3,564,12,1.0,0.4999999862047843
test,2017-M024,3,564,13,0.0,0.4999999901519913
test,2017-M024,3,564,14,1.0,0.5000000090149115
test,2017-M024,3,564,15,0.0,0.4999999731880962
test,2017-M024,4,565,0,0.0,0.5000000268119038
test,2017-M024,4,565,1,0.0,0.5000000067811925
test,2017-M024,4,565,2,1.0,0.5000000031723175
test,2017-M024,4,565,3,1.0,0.4999999854735506
test,2017-M024,4,565,4,0.0,0.49999998826024245
test,2017-M024,4,565,5,1.0,0.4999999863066477
test,2017-M024,4,565,6,1.0,0.4999999967258191
test,2017-M024,4,565,7,0.0,0.49999998125349526
test,2017-M024,5,566,0,1.0,0.5000000200379873
test,2017-M024,5,566,1,0.0,0.4999999812498573
test,2017-M024,5,566,2,1.0,0.49999998863859224
test,2017-M024,5,566,3,0.0,0.4999999857245711
test,2017-M024,6,567,0,1.0,0.4999999853534973
test,2017-M024,6,567,1,0.0,0.4999999816536729
test,2017-M024,7,568,0,0.0,0.5000000018517312
test,2018-0352,2,666,0,1.0,0.5000000079744495
test,2018-0352,2,666,1,1.0,0.49999999202555045
test,2018-0352,2,666,2,0.0,0.5000000089530658
test,2018-0352,2,666,3,0.0,0.5000000145191734
test,2018-0352,2,666,4,1.0,0.5
test,2018-0352,2,666,5,1.0,0.4999999859464878
test,2018-0352,2,666,6,1.0,0.5000000021682354
test,2018-0352,2,666,7,1.0,0.4999999946739991
test,2018-0352,2,666,8,1.0,0.5000000130276021
test,2018-0352,2,666,9,1.0,0.4999999993815436
test,2018-0352,2,666,10,1.0,0.4999999969295459
test,2018-0352,2,666,11,0.0,0.500000005326001
test,2018-0352,2,666,12,1.0,0.5000000098407327
test,2018-0352,2,666,13,1.0,0.49999999783176463
test,2018-0352,2,666,14,0.0,0.5000000059444574
test,2018-0352,2,666,15,1.0,0.5000000038817234
test,2018-0352,3,667,0,0.0,0.4999999915962689
test,2018-0352,3,667,1,1.0,0.5000000027830538
test,2018-0352,3,667,2,0.0,0.5000000098480086
test,2018-0352,3,667,3,1.0,0.5000000021609594
test,2018-0352,3,667,4,0.0,0.49999999683132046
test,2018-0352,3,667,5,0.0,0.5000000147738319
test,2018-0352,3,667,6,1.0,0.5000000098480086
test,2018-0352,3,667,7,1.0,0.5000000208383426
test,2018-0352,3,667,8,0.0,0.5000000111394911
test,2018-0352,3,667,9,0.0,0.500000010983058
test,2018-0352,3,667,10,0.0,0.4999999824103724
test,2018-0352,3,667,11,1.0,0.5000000039144652
test,2018-0352,3,667,12,1.0,0.5000000098480086
test,2018-0352,3,667,13,0.0,0.4999999915962689
test,2018-0352,3,667,14,0.0,0.5000000195796019
test,2018-0352,3,667,15,1.0,0.5000000240943336
test,2018-0352,4,668,0,0.0,0.49999996941915015
test,2018-0352,4,668,1,1.0,0.5000000145264494
test,2018-0352,4,668,2,0.0,0.4999999932188075
test,2018-0352,4,668,3,0.0,0.4999999921856215
test,2018-0352,4,668,4,0.0,0.50000002539673
test,2018-0352,4,668,5,0.0,0.5000000088912202
test,2018-0352,4,668,6,0.0,0.49999999376814236
test,2018-0352,4,668,7,1.0,0.4999999968276825
test,2018-0352,5,669,0,1.0,0.49999999014835333
test,2018-0352,5,669,1,0.0,0.49999999217834556
test,2018-0352,5,669,2,0.0,0.5
test,2018-0352,5,669,3,0.0,0.5000000062391337
test,2018-0352,6,670,0,1.0,0.5000000029467628
test,2018-0352,6,670,1,0.0,0.4999999878382369
test,2018-0352,7,671,0,1.0,0.5000000092004484
test,2018-0410,2,609,0,0.0,0.4999999972715159
test,2018-0410,2,609,1,1.0,0.5000000113577698
test,2018-0410,2,609,2,1.0,0.5000000111322151
test,2018-0410,2,609,3,0.0,0.5000000189538696
test,2018-0410,2,609,4,1.0,0.5000000098407327
test,2018-0410,2,609,5,1.0,0.4999999971987563
test,2018-0410,2,609,6,1.0,0.5000000220243237
test,2018-0410,2,609,7,0.0,0.5000000160434865
test,2018-0410,2,609,8,0.0,0.5000000092586561
test,2018-0410,2,609,9,0.0,0.5000000053332769
test,2018-0410,2,609,10,0.0,0.5000000088912202
test,2018-0410,2,609,11,1.0,0.5000000142827048
test,2018-0410,2,609,12,0.0,0.49999999794817995
test,2018-0410,2,609,13,1.0,0.4999999946667231
test,2018-0410,2,609,14,0.0,0.500000013911631
test,2018-0410,2,609,15,0.0,0.500000007552444
test,2018-0410,2,609,16,1.0,0.5000000095642463
test,2018-0410,2,609,17,0.0,0.4999999946667231
test,2018-0410,2,609,18,0.0,0.499999995205144
test,2018-0410,2,609,19,0.0,0.4999999968385964
test,2018-0410,2,609,20,1.0,0.49999999693318387
test,2018-0410,2,609,21,1.0,0.5000000053332769
test,2018-0410,2,609,22,1.0,0.49999998902421794
test,2018-0410,2,609,23,0.0,0.5000000059553713
test,2018-0410,3,610,0,1.0,0.4999999983338057
test,2018-0410,3,610,1,1.0,0.5000000151885615
test,2018-0410,3,610,2,1.0,0.5
test,2018-0410,3,610,3,1.0,0.4999999968422344
test,2018-0410,3,610,4,1.0,0.5000000160616764
test,2018-0410,3,610,5,1.0,0.49999999497231334
test,2018-0410,3,610,6,1.0,0.5000000006184564
test,2018-0410,3,610,7,1.0,0.49999998624844005
test,2018-0410,3,610,8,1.0,0.5000000153959263
test,2018-0410,3,610,9,0.0,0.4999999969295459
test,2018-0410,3,610,10,0.0,0.49999998941348167
test,2018-0410,3,610,11,0.0,0.499999997944542
test,2018-0410,3,610,12,1.0,0.49999999933788786
test,2018-0410,3,610,13,0.0,0.49999998887142283
test,2018-0410,3,610,14,0.0,0.5000000208383426
test,2018-0410,3,610,15,0.0,0.49999998419298214
test,2018-0410,4,611,0,0.0,0.499999998111889
test,2018-0410,4,611,1,1.0,0.49999998696512193
test,2018-0410,4,611,2,0.0,0.5000000015024852
test,2018-0410,4,611,3,1.0,0.4999999966494215
test,2018-0410,4,611,4,1.0,0.5000000140607881
test,2018-0410,4,611,5,0.0,0.5000000031686795
test,2018-0410,4,611,6,1.0,0.4999999809188012
test,2018-0410,4,611,7,0.0,0.49999999521241995
test,2018-0410,5,612,0,0.0,0.5000000208456186
test,2018-0410,5,612,1,1.0,0.5000000151921995
test,2018-0410,5,612,2,1.0,0.5000000117615855
test,2018-0410,5,612,3,1.0,0.4999999939500413
test,2018-0410,6,613,0,0.0,0.5000000208492565
test,2018-0410,6,613,1,1.0,0.4999999877145456
test,2018-0410,7,614,0,1.0,0.5000000017607817
test,2018-0421,2,641,0,0.0,0.500000010983058
test,2018-0421,2,641,1,1.0,0.5000000082254701
test,2018-0421,2,641,2,1.0,0.5000000067775545
test,2018-0421,2,641,3,0.0,0.5
test,2018-0421,2,641,4,1.0,0.4999999913234205
test,2018-0421,2,641,5,1.0,0.5000000195796019
test,2018-0421,2,641,6,0.0,0.5000000031723175
test,2018-0421,2,641,7,1.0,0.5000000220170477
test,2018-0421,2,641,8,0.0,0.49999999218198354
test,2018-0421,2,641,9,0.0,0.4999999833307811
test,2018-0421,2,641,10,0.0,0.4999999968276825
test,2018-0421,2,641,11,0.0,0.5000000059444574
test,2018-0421,2,641,12,1.0,0.5000000059444574
test,2018-0421,2,641,13,1.0,0.5000000030559022
test,2018-0421,2,641,14,0.0,0.4999999726787791
test,2018-0421,2,641,15,1.0,0.5000000130276021
test,2018-0421,2,641,16,1.0,0.5000000079744495
test,2018-0421,2,641,17,1.0,0.5000000031723175
test,2018-0421,2,641,18,0.0,0.5000000103864295
test,2018-0421,2,641,19,0.0,0.4999999752326403
test,2018-0421,2,641,20,0.0,0.5000000050531526
test,2018-0421,2,641,21,0.0,0.4999999859464878
test,2018-0421,2,641,22,1.0,0.4999999907849996
test,2018-0421,2,641,23,0.0,0.5000000207292032
test,2018-0421,3,642,0,1.0,0.4999999828069121
test,2018-0421,3,642,1,1.0,0.4999999946667231
test,2018-0421,3,642,2,1.0,0.49999996941915015
test,2018-0421,3,642,3,0.0,0.4999999901519913
test,2018-0421,3,642,4,1.0,0.500000008403731
test,2018-0421,3,642,5,1.0,0.5000000090149115
test,2018-0421,3,642,6,0.0,0.4999999901519913
test,2018-0421,3,642,7,0.0,0.4999999812425813
test,2018-0421,3,642,8,1.0,0.49999999202555045
test,2018-0421,3,642,9,1.0,0.5000000017607817
test,2018-0421,3,642,10,1.0,0.500000008232746
test,2018-0421,3,642,11,0.0,0.4999999824103724
test,2018-0421,3,642,12,1.0,0.5000000086874934
test,2018-0421,3,642,13,0.0,0.49999999176725396
test,2018-0421,3,642,14,0.0,0.4999999786923581
test,2018-0421,3,642,15,0.0,0.49999999520878197
test,2018-0421,4,643,0,1.0,0.5
test,2018-0421,4,643,1,1.0,0.5000000050567905
test,2018-0421,4,643,2,0.0,0.4999999969295459
test,2018-0421,4,643,3,1.0,0.49999999110877974
test,2018-0421,4,643,4,0.0,0.4999999877145456
test,2018-0421,4,643,5,0.0,0.49999996941915015
test,2018-0421,4,643,6,1.0,0.4999999961255526
test,2018-0421,4,643,7,1.0,0.5000000093459676
test,2018-0421,5,644,0,0.0,0.5000000047948561
test,2018-0421,5,644,1,0.0,0.49999998865678213
test,2018-0421,5,644,2,0.0,0.4999999932188075
test,2018-0421,5,644,3,0.0,0.5000000190811988
test,2018-0421,6,645,0,1.0,0.4999999822757672
test,2018-0421,6,645,1,0.0,0.5000000087420631
test,2018-0421,7,646,0,0.0,0.5000000132567948
test,2018-5014,2,660,0,1.0,0.4999999896135705
test,2018-5014,2,660,1,1.0,0.5000000059444574
test,2018-5014,2,660,2,0.0,0.5000000079744495
test,2018-5014,2,660,3,0.0,0.49999999783176463
test,2018-5014,2,660,4,0.0,0.5
test,2018-5014,2,660,5,0.0,0.49999999015926727
test,2018-5014,2,660,6,1.0,0.5000000006184564
test,2018-5014,2,660,7,1.0,0.5000000060535967
test,2018-5014,2,660,8,1.0,0.5000000079744495
test,2018-5014,2,660,9,0.0,0.4999999968276825
test,2018-5014,2,660,10,1.0,0.5000000169638952
test,2018-5014,2,660,11,0.0,0.49999998354905983
test,2018-5014,2,660,12,1.0,0.5000000145191734
test,2018-5014,2,660,13,1.0,0.4999999969295459
test,2018-5014,2,660,14,1.0,0.5
test,2018-5014,2,660,15,0.0,0.5000000165273377
test,2018-5014,2,660,16,0.0,0.4999999946739991
test,2018-5014,2,660,17,1.0,0.5000000098407327
test,2018-5014,2,660,18,0.0,0.5000000189538696
test,2018-5014,2,660,19,0.0,0.49999996941551217
test,2018-5014,2,660,20,1.0,0.5000000048894435
test,2018-5014,2,660,21,1.0,0.5
test,2018-5014,2,660,22,0.0,0.500000005326001
test,2018-5014,2,660,23,1.0,0.4999999946739991
test,2018-5014,3,661,0,1.0,0.4999999869687599
test,2018-5014,3,661,1,1.0,0.5000000056388672
test,2018-5014,3,661,2,1.0,0.5000000151921995
test,2018-5014,3,661,3,0.0,0.5000000056388672
test,2018-5014,3,661,4,1.0,0.5000000114669092
test,2018-5014,3,661,5,0.0,0.499999998115527
test,2018-5014,3,661,6,0.0,0.5
test,2018-5014,3,661,7,1.0,0.5000000031686795
test,2018-5014,3,661,8,0.0,0.5000000020481821
test,2018-5014,3,661,9,0.0,0.49999999723149813
test,2018-5014,3,661,10,0.0,0.5000000133004505
test,2018-5014,3,661,11,0.0,0.4999999869687599
test,2018-5014,3,661,12,1.0,0.5000000197505869
test,2018-5014,3,661,13,0.0,0.5000000047912181
test,2018-5014,3,661,14,0.0,0.5000000031686795
test,2018-5014,3,661,15,0.0,0.5
test,2018-5014,4,662,0,1.0,0.5000000093459676
test,2018-5014,4,662,1,1.0,0.5000000031723175
test,2018-5014,4,662,2,0.0,0.4999999848114385
test,2018-5014,4,662,3,1.0,0.4999999873798515
test,2018-5014,4,662,4,1.0,0.4999999901556293
test,2018-5014,4,662,5,1.0,0.4999999791616574
test,2018-5014,4,662,6,0.0,0.4999999978354026
test,2018-5014,4,662,7,0.0,0.5
test,2018-5014,5,663,0,0.0,0.50000001441731
test,2018-5014,5,663,1,0.0,0.49999999014835333
test,2018-5014,5,663,2,0.0,0.5
test,2018-5014,5,663,3,0.0,0.49999999217834556
test,2018-5014,6,664,0,1.0,0.4999999908031895
test,2018-5014,6,664,1,1.0,0.5000000029467628
test,2018-5014,7,665,0,0.0,0.5
test,2018-520,1,627,0,0.0,0.5000000059044396
test,2018-520,1,627,1,1.0,0.49999999305509846
test,2018-520,1,627,2,1.0,0.49999999880674295
test,2018-520,1,627,3,1.0,0.4999999936226232
test,2018-520,1,627,4,0.0,0.49999999305873644
test,2018-520,1,627,5,0.0,0.499999991927325
test,2018-520,1,627,6,0.0,0.499999973406375
test,2018-520,1,627,7,1.0,0.5000000042564352
test,2018-520,1,627,8,0.0,0.5000000040417945
test,2018-520,1,627,9,0.0,0.49999999093415676
test,2018-520,1,627,10,0.0,0.5000000018371793
test,2018-520,1,627,11,1.0,0.5000000126601662
test,2018-520,1,627,12,0.0,0.4999999936226232
test,2018-520,1,627,13,1.0,0.5000000121399353
test,2018-520,1,627,14,0.0,0.499999984218448
test,2018-520,1,627,15,1.0,0.5
test,2018-520,1,627,16,1.0,0.49999999909778126
test,2018-520,1,627,17,0.0,0.4999999904975993
test,2018-520,1,627,18,0.0,0.49999999122519506
test,2018-520,1,627,19,0.0,0.5000000135514711
test,2018-520,1,627,20,0.0,0.5000000025356712
test,2018-520,1,627,21,1.0,0.49999998099519877
test,2018-520,1,627,22,1.0,0.4999999991778168
test,2018-520,1,627,23,0.0,0.5000000073414412
test,2018-520,1,627,24,1.0,0.49999999707506504
test,2018-520,1,627,25,1.0,0.49999999618739827
test,2018-520,1,627,26,0.0,0.49999999827196007
test,2018-520,1,627,27,0.0,0.5000000073414412
test,2018-520,1,627,28,1.0,0.49999999618739827
test,2018-520,1,627,29,0.0,0.49999998050770955
test,2018-520,1,627,30,0.0,0.5000000053914846
test,2018-520,1,627,31,0.0,0.5000000025356712
test,2018-520,1,627,32,1.0,0.5000000065701897
test,2018-520,1,627,33,1.0,0.4999999906140146
test,2018-520,1,627,34,0.0,0.5000000073378033
test,2018-520,1,627,35,1.0,0.4999999953361112
test,2018-520,1,627,36,1.0,0.5000000054242264
test,2018-520,1,627,37,0.0,0.4999999937608664
test,2018-520,1,627,38,0.0,0.5000000054606062
test,2018-520,1,627,39,0.0,0.5000000104155333
test,2018-520,1,627,40,1.0,0.5000000078653102
test,2018-520,1,627,41,0.0,0.5000000017280399
test,2018-520,1,627,42,0.0,0.49999998936618795
test,2018-520,1,627,43,1.0,0.4999999848405423
test,2018-520,1,627,44,0.0,0.499999997078703
test,2018-520,1,627,45,1.0,0.5000000023210305
test,2018-520,1,627,46,0.0,0.49999999169813236
test,2018-520,1,627,47,1.0,0.4999999934298103
test,2018-520,1,627,48,0.0,0.4999999906140146
test,2018-520,1,627,49,0.0,0.49999999574356485
test,2018-520,1,627,50,0.0,0.500000010633812
test,2018-520,1,627,51,1.0,0.4999999899082468
test,2018-520,1,627,52,0.0,0.5000000276486389
test,2018-520,1,627,53,1.0,0.5
test,2018-520,1,627,54,0.0,0.5000000151594577
test,2018-520,1,627,55,1.0,0.4999999950123311
test,2018-520,1,627,56,1.0,0.5000000041836756
test,2018-520,1,627,57,1.0,0.49999999707506504
test,2018-520,1,627,58,1.0,0.49999999827196007
test,2018-520,1,627,59,0.0,0.49999999574356485
test,2018-520,1,627,60,0.0,0.49999999266219675
test,2018-520,1,627,61,1.0,0.5000000087748049
test,2018-520,1,627,62,0.0,0.49999998285056785
test,2018-520,1,627,63,0.0,0.49999999574356485
test,2018-520,2,628,0,0.0,0.500000001193257
test,2018-520,2,628,1,0.0,0.49999999872306944
test,2018-520,2,628,2,1.0,0.49999999574356485
test,2018-520,2,628,3,0.0,0.49999999574356485
test,2018-520,2,628,4,1.0,0.5000000024483597
test,2018-520,2,628,5,1.0,0.5000000078725861
test,2018-520,2,628,6,1.0,0.5000000047184585
test,2018-520,2,628,7,0.0,0.5000000151594577
test,2018-520,2,628,8,0.0,0.5000000121581252
test,2018-520,2,628,9,0.0,0.4999999970677891
test,2018-520,2,628,10,0.0,0.4999999937572284
test,2018-520,2,628,11,0.0,0.5000000065738277
test,2018-520,2,628,12,0.0,0.49999999304054654
test,2018-520,2,628,13,0.0,0.5000000140171323
test,2018-520,2,628,14,1.0,0.5000000104118953
test,2018-520,2,628,15,0.0,0.500000001193257
test,2018-520,2,628,16,0.0,0.5
test,2018-520,2,628,17,1.0,0.5000000204599928
test,2018-520,2,628,18,1.0,0.5
test,2018-520,2,628,19,1.0,0.4999999937572284
test,2018-520,2,628,20,1.0,0.4999999959618436
test,2018-520,2,628,21,1.0,0.5000000015061232
test,2018-520,2,628,22,1.0,0.5000000184736564
test,2018-520,2,628,23,0.0,0.5000000078071025
test,2018-520,2,628,24,0.0,0.4999999864485289
test,2018-520,2,628,25,1.0,0.5
test,2018-520,2,628,26,0.0,0.4999999884712452
test,2018-520,2,628,27,0.0,0.49999999738065526
test,2018-520,2,628,28,1.0,0.5000000057152647
test,2018-520,2,628,29,0.0,0.4999999878418749
test,2018-520,2,628,30,1.0,0.49999999827196007
test,2018-520,2,628,31,1.0,0.5000000017826096
test,2018-520,3,629,0,0.0,0.5000000045147317
test,2018-520,3,629,1,1.0,0.4999999929095793
test,2018-520,3,629,2,1.0,0.5000000194959284
test,2018-520,3,629,3,1.0,0.5000000104155333
test,2018-520,3,629,4,0.0,0.5000000089021341
test,2018-520,3,629,5,0.0,0.5000000079162419
test,2018-520,3,629,6,0.0,0.4999999957326509
test,2018-520,3,629,7,0.0,0.5000000025320332
test,2018-520,3,629,8,0.0,0.500000010993972
test,2018-520,3,629,9,0.0,0.4999999866595317
test,2018-520,3,629,10,0.0,0.49999998500425136
test,2018-520,3,629,11,1.0,0.4999999912179191
test,2018-520,3,629,12,0.0,0.4999999921346898
test,2018-520,3,629,13,1.0,0.5000000152940629
test,2018-520,3,629,14,0.0,0.5000000165637175
test,2018-520,3,629,15,1.0,0.4999999961801223
test,2018-520,4,630,0,1.0,0.5
test,2018-520,4,630,1,1.0,0.5000000062427716
test,2018-520,4,630,2,0.0,0.4999999945321179
test,2018-520,4,630,3,0.0,0.49999999559076974
test,2018-520,4,630,4,0.0,0.5000000071195245
test,2018-520,4,630,5,1.0,0.500000016658305
test,2018-520,4,630,6,0.0,0.5000000280815584
test,2018-520,4,630,7,1.0,0.49999999738065526
test,2018-520,5,631,0,1.0,0.49999998958810465
test,2018-520,5,631,1,0.0,0.5000000025356712
test,2018-520,5,631,2,0.0,0.5
test,2018-520,5,631,3,1.0,0.5000000084619387
test,2018-520,6,632,0,1.0,0.5
test,2018-520,6,632,1,1.0,0.4999999840292731
test,2018-520,7,633,0,1.0,0.49999999444116844
test,2018-540,1,634,0,1.0,0.5
test,2018-540,1,634,1,1.0,0.4999999896099325
test,2018-540,1,634,2,0.0,0.4999999896099325
test,2018-540,1,634,3,1.0,0.4999999854735506
test,2018-540,1,634,4,1.0,0.49999999837746145
test,2018-540,1,634,5,1.0,0.49999998853672883
test,2018-540,1,634,6,0.0,0.49999997807753976
test,2018-540,1,634,7,1.0,0.5000000194340828
test,2018-540,1,634,8,0.0,0.5000000021682354
test,2018-540,1,634,9,0.0,0.49999999664214556
test,2018-540,1,634,10,1.0,0.5000000055151759
test,2018-540,1,634,11,0.0,0.49999998421117203
test,2018-540,1,634,12,1.0,0.5000000035397534
test,2018-540,1,634,13,1.0,0.4999999995234248
test,2018-540,1,634,14,1.0,0.5000000371801434
test,2018-540,1,634,15,1.0,0.5000000093496055
test,2018-540,1,634,16,1.0,0.5000000079926394
test,2018-540,1,634,17,1.0,0.4999999992651283
test,2018-540,1,634,18,1.0,0.4999999921892595
test,2018-540,1,634,19,1.0,0.5000000052968971
test,2018-540,1,634,20,0.0,0.500000005326001
test,2018-540,1,634,21,0.0,0.4999999917745299
test,2018-540,1,634,22,0.0,0.4999999848078005
test,2018-540,1,634,23,1.0,0.5000000098480086
test,2018-540,1,634,24,1.0,0.5000000086838554
test,2018-540,1,634,25,1.0,0.5000000021682354
test,2018-540,1,634,26,0.0,0.5000000117361196
test,2018-540,1,634,27,1.0,0.5000000050640665
test,2018-540,1,634,28,1.0,0.5000000240906957
test,2018-540,1,634,29,1.0,0.5000000021682354
test,2018-540,1,634,30,0.0,0.49999999783176463
test,2018-540,1,634,31,0.0,0.49999999683495844
test,2018-540,1,634,32,0.0,0.5000000137915777
test,2018-540,1,634,33,1.0,0.5000000103900675
test,2018-540,1,634,34,0.0,0.5000000021682354
test,2018-540,1,634,35,0.0,0.5000000083928171
test,2018-540,1,634,36,0.0,0.49999999617284635
test,2018-540,1,634,37,0.0,0.5000000021682354
test,2018-540,1,634,38,0.0,0.5000000140644261
test,2018-540,1,634,39,0.0,0.49999999664214556
test,2018-540,1,634,40,1.0,0.5000000021464075
test,2018-540,1,634,41,0.0,0.49999999131614453
test,2018-540,1,634,42,0.0,0.49999999721330823
test,2018-540,1,634,43,0.0,0.5000000021682354
test,2018-540,1,634,44,0.0,0.49999999509236664
test,2018-540,1,634,45,0.0,0.5000000092259143
test,2018-540,1,634,46,0.0,0.4999999833307811
test,2018-540,1,634,47,0.0,0.5000000052132236
test,2018-540,1,634,48,0.0,0.4999999901519913
test,2018-540,1,634,49,1.0,0.4999999792671587
test,2018-540,1,634,50,1.0,0.5000000049076334
test,2018-540,1,634,51,0.0,0.4999999756182661
test,2018-540,1,634,52,1.0,0.5000000151921995
test,2018-540,1,634,53,1.0,0.49999999683495844
test,2018-540,1,634,54,1.0,0.5000000059444574
test,2018-540,1,634,55,0.0,0.49999998853672883
test,2018-540,1,634,56,0.0,0.5000000006184564
test,2018-540,1,634,57,0.0,0.4999999945030141
test,2018-540,1,634,58,0.0,0.4999999917745299
test,2018-540,1,634,59,0.0,0.5
test,2018-540,1,634,60,0.0,0.5000000022992026
test,2018-540,1,634,61,1.0,0.49999999143255985
test,2018-540,1,634,62,0.0,0.499999992618541
test,2018-540,1,634,63,1.0,0.5
test,2018-540,2,635,0,0.0,0.4999999940519047
test,2018-540,2,635,1,1.0,0.5000000019790605
test,2018-540,2,635,2,0.0,0.5000000189611455
test,2018-540,2,635,3,0.0,0.4999999834144546
test,2018-540,2,635,4,0.0,0.499999998111889
test,2018-540,2,635,5,1.0,0.5000000172003638
test,2018-540,2,635,6,0.0,0.5000000133040885
test,2018-540,2,635,7,1.0,0.5000000031686795
test,2018-540,2,635,8,0.0,0.49999997506893124
test,2018-540,2,635,9,0.0,0.5000000056425051
test,2018-540,2,635,10,0.0,0.49999998853672883
test,2018-540,2,635,11,0.0,0.49999998418934416
test,2018-540,2,635,12,0.0,0.49999999683132046
test,2018-540,2,635,13,1.0,0.5000000047875801
test,2018-540,2,635,14,1.0,0.49999998838029575
test,2018-540,2,635,15,1.0,0.5000000050604285
test,2018-540,2,635,16,1.0,0.4999999930296326
test,2018-540,2,635,17,1.0,0.500000030209776
test,2018-540,2,635,18,0.0,0.4999999866959115
test,2018-540,2,635,19,0.0,0.5000000021645974
test,2018-540,2,635,20,0.0,0.5000000236177584
test,2018-540,2,635,21,0.0,0.5000000213040039
test,2018-540,2,635,22,0.0,0.499999987641786
test,2018-540,2,635,23,0.0,0.5000000102372724
test,2018-540,2,635,24,1.0,0.5000000103937055
test,2018-540,2,635,25,0.0,0.500000005329639
test,2018-540,2,635,26,0.0,0.4999999901556293
test,2018-540,2,635,27,0.0,0.5000000117397576
test,2018-540,2,635,28,1.0,0.5000000151921995
test,2018-540,2,635,29,0.0,0.5000000038817234
test,2018-540,2,635,30,1.0,0.49999998629937176
test,2018-540,2,635,31,1.0,0.5
test,2018-540,3,636,0,0.0,0.5000000053369149
test,2018-540,3,636,1,0.0,0.5000000247637217
test,2018-540,3,636,2,0.0,0.5000000038744474
test,2018-540,3,636,3,1.0,0.5000000151958375
test,2018-540,3,636,4,0.0,0.499999998111889
test,2018-540,3,636,5,0.0,0.5000000077925506
test,2018-540,3,636,6,0.0,0.5000000160471245
test,2018-540,3,636,7,1.0,0.5
test,2018-540,3,636,8,0.0,0.4999999901519913
test,2018-540,3,636,9,0.0,0.49999997797567636
test,2018-540,3,636,10,0.0,0.4999999667197699
test,2018-540,3,636,11,1.0,0.5000000133150024
test,2018-540,3,636,12,1.0,0.5000000004802132
test,2018-540,3,636,13,0.0,0.49999997460690787
test,2018-540,3,636,14,1.0,0.4999999952196959
test,2018-540,3,636,15,1.0,0.49999999176725396
test,2018-540,4,637,0,1.0,0.49999998656130623
test,2018-540,4,637,1,0.0,0.4999999848078005
test,2018-540,4,637,2,0.0,0.50000001304943
test,2018-540,4,637,3,1.0,0.4999999901556293
test,2018-540,4,637,4,1.0,0.5000000137079041
test,2018-540,4,637,5,1.0,0.5000000189502316
test,2018-540,4,637,6,1.0,0.5000000093496055
test,2018-540,4,637,7,1.0,0.5000000117361196
test,2018-540,5,638,0,0.0,0.5000000190848368
test,2018-540,5,638,1,1.0,0.500000010986696
test,2018-540,5,638,2,0.0,0.4999999892170308
test,2018-540,5,638,3,0.0,0.4999999824140104
test,2018-540,6,639,0,1.0,0.5000000092295522
test,2018-540,6,639,1,1.0,0.4999999956635293
test,2018-540,7,640,0,0.0,0.5000000134677975
test,2018-560,1,653,0,1.0,0.499999998799467
test,2018-560,1,653,1,0.0,0.49999998935163603
test,2018-560,1,653,2,0.0,0.49999998935163603
test,2018-560,1,653,3,0.0,0.4999999926694727
test,2018-560,1,653,4,0.0,0.49999998991552275
test,2018-560,1,653,5,1.0,0.500000024887413
test,2018-560,1,653,6,0.0,0.499999989009666
test,2018-560,1,653,7,0.0,0.49999998958810465
test,2018-560,1,653,8,0.0,0.5000000016407284
test,2018-560,1,653,9,0.0,0.5
test,2018-560,1,653,10,0.0,0.4999999932842911
test,2018-560,1,653,11,0.0,0.5000000133186404
test,2018-560,1,653,12,0.0,0.4999999822393874
test,2018-560,1,653,13,1.0,0.5000000140571501
test,2018-560,1,653,14,0.0,0.5
test,2018-560,1,653,15,1.0,0.4999999916872184
test,2018-560,1,653,16,1.0,0.4999999937608664
test,2018-560,1,653,17,1.0,0.4999999954816304
test,2018-560,1,653,18,0.0,0.49999998986459104
test,2018-560,1,653,19,1.0,0.5000000025283953
test,2018-560,1,653,20,1.0,0.49999999747160473
test,2018-560,1,653,21,0.0,0.5000000042637112
test,2018-560,1,653,22,0.0,0.5000000056206773
test,2018-560,1,653,23,0.0,0.4999999964857125
test,2018-560,1,653,24,0.0,0.4999999932842911
test,2018-560,1,653,25,0.0,0.4999999866595317
test,2018-560,1,653,26,0.0,0.4999999962637958
test,2018-560,1,653,27,0.0,0.4999999934261723
test,2018-560,1,653,28,0.0,0.4999999964857125
test,2018-560,1,653,29,1.0,0.500000020078005
test,2018-560,1,653,30,1.0,0.49999998786370276
test,2018-560,1,653,31,0.0,0.5000000054678821
test,2018-560,1,653,32,1.0,0.4999999957362889
test,2018-560,1,653,33,0.0,0.49999999457941163
test,2018-560,1,653,34,0.0,0.49999999747160473
test,2018-560,1,653,35,1.0,0.5000000156505848
test,2018-560,1,653,36,1.0,0.5000000116051524
test,2018-560,1,653,37,1.0,0.5000000073305273
test,2018-560,1,653,38,1.0,0.4999999957362889
test,2018-560,1,653,39,1.0,0.49999999122519506
test,2018-560,1,653,40,0.0,0.5000000067157089
test,2018-560,1,653,41,0.0,0.5000000049913069
test,2018-560,1,653,42,1.0,0.5
test,2018-560,1,653,43,0.0,0.5
test,2018-560,1,653,44,0.0,0.49999999070860207
test,2018-560,1,653,45,0.0,0.5
test,2018-560,1,653,46,0.0,0.5000000040381565
test,2018-560,1,653,47,1.0,0.5
test,2018-560,1,653,48,0.0,0.49999998517887434
test,2018-560,1,653,49,0.0,0.49999999747160473
test,2018-560,1,653,50,1.0,0.49999998716884875
test,2018-560,1,653,51,0.0,0.499999984891474
test,2018-560,1,653,52,0.0,0.5000000067157089
test,2018-560,1,653,53,0.0,0.49999998734347173
test,2018-560,1,653,54,0.0,0.5
test,2018-560,1,653,55,0.0,0.4999999843494152
test,2018-560,1,653,56,1.0,0.5000000112340786
test,2018-560,1,653,57,1.0,0.5000000089021341
test,2018-560,1,653,58,1.0,0.499999984724127
test,2018-560,1,653,59,0.0,0.4999999943793228
test,2018-560,1,653,60,0.0,0.49999998606290313
test,2018-560,1,653,61,0.0,0.5000000033032848
test,2018-560,1,653,62,1.0,0.5000000025283953
test,2018-560,1,653,63,1.0,0.5000000018299033
test,2018-560,2,654,0,1.0,0.49999999060673866
test,2018-560,2,654,1,1.0,0.4999999877036317
test,2018-560,2,654,2,0.0,0.5000000128311513
test,2018-560,2,654,3,0.0,0.5000000087711669
test,2018-560,2,654,4,0.0,0.49999999457941163
test,2018-560,2,654,5,0.0,0.49999999548890633
test,2018-560,2,654,6,0.0,0.5000000042600732
test,2018-560,2,654,7,0.0,0.49999999827196007
test,2018-560,2,654,8,0.0,0.5000000025283953
test,2018-560,2,654,9,0.0,0.5000000042600732
test,2018-560,2,654,10,0.0,0.4999999934225343
test,2018-560,2,654,11,1.0,0.5
test,2018-560,2,654,12,1.0,0.4999999957399269
test,2018-560,2,654,13,0.0,0.5000000097243174
test,2018-560,2,654,14,0.0,0.499999998803105
test,2018-560,2,654,15,0.0,0.49999998936254997
test,2018-560,2,654,16,0.0,0.499999998803105
test,2018-560,2,654,17,1.0,0.5000000049039954
test,2018-560,2,654,18,1.0,0.5000000038271537
test,2018-560,2,654,19,0.0,0.4999999957399269
test,2018-560,2,654,20,1.0,0.4999999920910341
test,2018-560,2,654,21,1.0,0.5000000148138497
test,2018-560,2,654,22,1.0,0.5000000115142029
test,2018-560,2,654,23,0.0,0.49999999595092964
test,2018-560,2,654,24,0.0,0.4999999848405423
test,2018-560,2,654,25,1.0,0.49999999747160473
test,2018-560,2,654,26,1.0,0.4999999943756848
test,2018-560,2,654,27,1.0,0.49999999500869313
test,2018-560,2,654,28,1.0,0.5000000015061232
test,2018-560,2,654,29,0.0,0.5000000088948582
test,2018-560,2,654,30,1.0,0.5000000054205884
test,2018-560,2,654,31,0.0,0.5000000121326593
test,2018-560,3,655,0,1.0,0.5000000077634468
test,2018-560,3,655,1,0.0,0.49999999264764483
test,2018-560,3,655,2,1.0,0.4999999934298103
test,2018-560,3,655,3,0.0,0.5
test,2018-560,3,655,4,0.0,0.5
test,2018-560,3,655,5,1.0,0.5000000042637112
test,2018-560,3,655,6,1.0,0.499999983345333
test,2018-560,3,655,7,1.0,0.499999989013304
test,2018-560,3,655,8,1.0,0.5000000121435733
test,2018-560,3,655,9,0.0,0.49999998936254997
test,2018-560,3,655,10,1.0,0.5000000192703737
test,2018-560,3,655,11,1.0,0.49999999213105184
test,2018-560,3,655,12,0.0,0.49999998665225576
test,2018-560,3,655,13,0.0,0.4999999803767423
test,2018-560,3,655,14,0.0,0.5000000088948582
test,2018-560,3,655,15,1.0,0.4999999840256351
test,2018-560,4,656,0,1.0,0.49999999827559805
test,2018-560,4,656,1,1.0,0.5000000025356712
test,2018-560,4,656,2,0.0,0.5
test,2018-560,4,656,3,0.0,0.49999998517887434
test,2018-560,4,656,4,1.0,0.5000000086147338
test,2018-560,4,656,5,0.0,0.49999999212741386
test,2018-560,4,656,6,0.0,0.5000000140644261
test,2018-560,4,656,7,1.0,0.4999999944629963
test,2018-560,5,657,0,0.0,0.49999999608553486
test,2018-560,5,657,1,0.0,0.500000015275873
test,2018-560,5,657,2,1.0,0.499999993477104
test,2018-560,5,657,3,1.0,0.4999999949250196
test,2018-560,6,658,0,0.0,0.49999999195642886
test,2018-560,6,658,1,0.0,0.4999999853789632
test,2018-560,7,659,0,0.0,0.5000000072323019
test,2018-580,1,588,0,0.0,0.4999999964857125
test,2018-580,1,588,1,1.0,0.5
test,2018-580,1,588,2,1.0,0.4999999926512828
test,2018-580,1,588,3,1.0,0.5000000029322109
test,2018-580,1,588,4,0.0,0.5000000025283953
test,2018-580,1,588,5,0.0,0.5000000115142029
test,2018-580,1,588,6,0.0,0.49999999707506504
test,2018-580,1,588,7,0.0,0.5000000121362973
test,2018-580,1,588,8,0.0,0.49999998606290313
test,2018-580,1,588,9,1.0,0.5000000128311513
test,2018-580,1,588,10,1.0,0.5000000116051524
test,2018-580,1,588,11,1.0,0.49999999827196007
test,2018-580,1,588,12,1.0,0.5000000067157089
test,2018-580,1,588,13,1.0,0.5000000038198777
test,2018-580,1,588,14,1.0,0.4999999910978658
test,2018-580,1,588,15,0.0,0.5000000138315954
test,2018-580,1,588,16,1.0,0.5000000090622052
test,2018-580,1,588,17,1.0,0.5
test,2018-580,1,588,18,1.0,0.5
test,2018-580,1,588,19,0.0,0.5000000067157089
test,2018-580,1,588,20,1.0,0.5000000087748049
test,2018-580,1,588,21,0.0,0.5000000150066626
test,2018-580,1,588,22,0.0,0.500000008578354
test,2018-580,1,588,23,0.0,0.5000000067157089
test,2018-580,1,588,24,0.0,0.5000000122854544
test,2018-580,1,588,25,0.0,0.5000000073305273
test,2018-580,1,588,26,1.0,0.4999999957362889
test,2018-580,1,588,27,1.0,0.49999998991552275
test,2018-580,1,588,28,0.0,0.4999999945503078
test,2018-580,1,588,29,0.0,0.499999989009666
test,2018-580,1,588,30,0.0,0.5000000026811904
test,2018-580,1,588,31,1.0,0.5000000142936187
test,2018-580,1,588,32,1.0,0.4999999937645044
test,2018-580,1,588,33,0.0,0.5000000160071068
test,2018-580,1,588,34,0.0,0.5000000042637112
test,2018-580,1,588,35,1.0,0.4999999910978658
test,2018-580,1,588,36,0.0,0.4999999849933374
test,2018-580,1,588,37,1.0,0.5000000116051524
test,2018-580,1,588,38,1.0,0.5000000133404683
test,2018-580,1,588,39,1.0,0.5000000078653102
test,2018-580,1,588,40,1.0,0.5000000148211257
test,2018-580,1,588,41,0.0,0.5000000063773768
test,2018-580,1,588,42,1.0,0.500000010648364
test,2018-580,1,588,43,1.0,0.49999999669671524
test,2018-580,1,588,44,0.0,0.5000000041727617
test,2018-580,1,588,45,1.0,0.49999999500869313
test,2018-580,1,588,46,0.0,0.5000000069412636
test,2018-580,1,588,47,1.0,0.5000000214167812
test,2018-580,1,588,48,0.0,0.4999999957362889
test,2018-580,1,588,49,1.0,0.4999999954816304
test,2018-580,1,588,50,0.0,0.49999999625651986
test,2018-580,1,588,51,0.0,0.4999999926512828
test,2018-580,1,588,52,1.0,0.5000000038198777
test,2018-580,1,588,53,0.0,0.4999999930514605
test,2018-580,1,588,54,0.0,0.5000000190266292
test,2018-580,1,588,55,1.0,0.499999998799467
test,2018-580,1,588,56,0.0,0.49999999559076974
test,2018-580,1,588,57,1.0,0.49999999305873644
test,2018-580,1,588,58,1.0,0.5000000073305273
test,2018-580,1,588,59,1.0,0.5000000098807504
test,2018-580,1,588,60,0.0,0.4999999916872184
test,2018-580,1,588,61,0.0,0.5000000179788913
test,2018-580,1,588,62,0.0,0.5000000054678821
test,2018-580,1,588,63,0.0,0.5
test,2018-580,2,589,0,0.0,0.4999999938663678
test,2018-580,2,589,1,1.0,0.5
test,2018-580,2,589,2,0.0,0.4999999957399269
test,2018-580,2,589,3,0.0,0.5000000040490704
test,2018-580,2,589,4,0.0,0.5000000078653102
test,2018-580,2,589,5,0.0,0.5000000078653102
test,2018-580,2,589,6,0.0,0.4999999955944077
test,2018-580,2,589,7,0.0,0.5000000062500476
test,2018-580,2,589,8,0.0,0.4999999936226232
test,2018-580,2,589,9,0.0,0.5000000062500476
test,2018-580,2,589,10,0.0,0.5000000153522706
test,2018-580,2,589,11,1.0,0.5000000078653102
test,2018-580,2,589,12,0.0,0.4999999955944077
test,2018-580,2,589,13,0.0,0.5000000069412636
test,2018-580,2,589,14,1.0,0.5000000242544047
test,2018-580,2,589,15,1.0,0.5000000073523552
test,2018-580,2,589,16,1.0,0.5000000025283953
test,2018-580,2,589,17,1.0,0.5000000080872269
test,2018-580,2,589,18,1.0,0.5
test,2018-580,2,589,19,0.0,0.4999999957399269
test,2018-580,2,589,20,1.0,0.5000000112377165
test,2018-580,2,589,21,1.0,0.5000000104118953
test,2018-580,2,589,22,1.0,0.5000000044055923
test,2018-580,2,589,23,1.0,0.5000000012514647
test,2018-580,2,589,24,1.0,0.5000000042600732
test,2018-580,2,589,25,1.0,0.49999999327701516
test,2018-580,2,589,26,1.0,0.4999999877036317
test,2018-580,2,589,27,1.0,0.49999999265855877
test,2018-580,2,589,28,1.0,0.5000000285399437
test,2018-580,2,589,29,0.0,0.5000000065774657
test,2018-580,2,589,30,0.0,0.5000000080872269
test,2018-580,2,589,31,1.0,0.5
test,2018-580,3,590,0,0.0,0.5000000062427716
test,2018-580,3,590,1,0.0,0.500000009618816
test,2018-580,3,590,2,0.0,0.49999999827196007
test,2018-580,3,590,3,0.0,0.4999999912179191
test,2018-580,3,590,4,0.0,0.5000000015061232
test,2018-580,3,590,5,1.0,0.49999999213105184
test,2018-580,3,590,6,1.0,0.5000000054569682
test,2018-580,3,590,7,1.0,0.5000000054569682
test,2018-580,3,590,8,0.0,0.49999998988278094
test,2018-580,3,590,9,1.0,0.4999999866449798
test,2018-580,3,590,10,1.0,0.5000000025174813
test,2018-580,3,590,11,0.0,0.49999999595092964
test,2018-580,3,590,12,1.0,0.5000000024592737
test,2018-580,3,590,13,0.0,0.49999998958810465
test,2018-580,3,590,14,1.0,0.5000000012805685
test,2018-580,3,590,15,0.0,0.4999999964966264
test,2018-580,4,591,0,1.0,0.49999999746432877
test,2018-580,4,591,1,1.0,0.5000000151558197
test,2018-580,4,591,2,0.0,0.5
test,2018-580,4,591,3,0.0,0.49999999746432877
test,2018-580,4,591,4,0.0,0.5000000016443664
test,2018-580,4,591,5,1.0,0.49999999841020326
test,2018-580,4,591,6,0.0,0.49999999212741386
test,2018-580,4,591,7,1.0,0.5000000084692147
test,2018-580,5,592,0,1.0,0.49999999184001354
test,2018-580,5,592,1,1.0,0.5
test,2018-580,5,592,2,0.0,0.5000000022482709
test,2018-580,5,592,3,1.0,0.5000000146319508
test,2018-580,6,593,0,0.0,0.5000000023173925
test,2018-580,6,593,1,0.0,0.4999999927749741
test,2018-580,7,594,0,1.0,0.4999999904503056
test,2018-M006,1,595,0,0.0,0.4999999889951141
test,2018-M006,1,595,1,1.0,0.5000000098480086
test,2018-M006,1,595,2,0.0,0.5000000151921995
test,2018-M006,1,595,3,1.0,0.4999999869723979
test,2018-M006,1,595,4,0.0,0.500000005493348
test,2018-M006,1,595,5,0.0,0.5000000031686795
test,2018-M006,1,595,6,0.0,0.4999999984902388
test,2018-M006,1,595,7,0.0,0.5000000062427716
test,2018-M006,1,595,8,0.0,0.4999999780047802
test,2018-M006,1,595,9,1.0,0.5000000092259143
test,2018-M006,1,595,10,0.0,0.5000000145228114
test,2018-M006,1,595,11,1.0,0.5000000021609594
test,2018-M006,1,595,12,1.0,0.49999998960629455
test,2018-M006,1,595,13,1.0,0.5000000031686795
test,2018-M006,1,595,14,1.0,0.5000000169638952
test,2018-M006,1,595,15,1.0,0.5000000090112735
test,2018-M006,1,595,16,0.0,0.4999999949432095
test,2018-M006,1,595,17,0.0,0.49999999465944717
test,2018-M006,1,595,18,0.0,0.5000000145228114
test,2018-M006,1,595,19,1.0,0.4999999949432095
test,2018-M006,1,595,20,0.0,0.5
test,2018-M006,1,595,21,0.0,0.4999999885403668
test,2018-M006,1,595,22,1.0,0.5000000055042619
test,2018-M006,1,595,23,0.0,0.5000000132713467
test,2018-M006,1,595,24,0.0,0.49999999469946493
test,2018-M006,1,595,25,1.0,0.4999999978390406
test,2018-M006,1,595,26,0.0,0.5000000247018761
test,2018-M006,1,595,27,1.0,0.5000000195905159
test,2018-M006,1,595,28,1.0,0.49999998825660447
test,2018-M006,1,595,29,0.0,0.5000000079780875
test,2018-M006,1,595,30,1.0,0.5000000024228939
test,2018-M006,1,595,31,0.0,0.49999999683132046
test,2018-M006,2,596,0,0.0,0.5000000062282197
test,2018-M006,2,596,1,0.0,0.5000000031723175
test,2018-M006,2,596,2,1.0,0.4999999975771061
test,2018-M006,2,596,3,0.0,0.499999989016942
test,2018-M006,2,596,4,1.0,0.5000000059444574
test,2018-M006,2,596,5,0.0,0.4999999946739991
test,2018-M006,2,596,6,0.0,0.4999999994543032
test,2018-M006,2,596,7,1.0,0.4999999917745299
test,2018-M006,2,596,8,0.0,0.5000000090112735
test,2018-M006,2,596,9,0.0,0.49999999202555045
test,2018-M006,2,596,10,0.0,0.4999999940555427
test,2018-M006,2,596,11,0.0,0.500000005326001
test,2018-M006,2,596,12,0.0,0.499999998115527
test,2018-M006,2,596,13,1.0,0.500000013911631
test,2018-M006,2,596,14,0.0,0.4999999964602466
test,2018-M006,2,596,15,1.0,0.5000000175859896
test,2018-M006,2,596,16,1.0,0.5000000035397534
test,2018-M006,2,596,17,1.0,0.49999999720967025
test,2018-M006,2,596,18,0.0,0.4999999799656507
test,2018-M006,2,596,19,1.0,0.5000000136860763
test,2018-M006,2,596,20,1.0,0.5
test,2018-M006,2,596,21,1.0,0.5000000153886504
test,2018-M006,2,596,22,0.0,0.5000000145191734
test,2018-M006,2,596,23,0.0,0.4999999971005309
test,2018-M006,2,596,24,0.0,0.5000000130276021
test,2018-M006,2,596,25,0.0,0.5000000145191734
test,2018-M006,2,596,26,0.0,0.49999998854764277
test,2018-M006,2,596,27,1.0,0.5000000030704541
test,2018-M006,2,596,28,0.0,0.4999999848078005
test,2018-M006,2,596,29,1.0,0.5000000007312337
test,2018-M006,2,596,30,0.0,0.5000000136933522
test,2018-M006,2,596,31,1.0,0.5000000098407327
test,2018-M006,3,597,0,1.0,0.4999999791616574
test,2018-M006,3,597,1,0.0,0.4999999888605089
test,2018-M006,3,597,2,1.0,0.4999999969404598
test,2018-M006,3,597,3,1.0,0.5000000243853719
test,2018-M006,3,597,4,0.0,0.5000000050640665
test,2018-M006,3,597,5,0.0,0.49999999081410346
test,2018-M006,3,597,6,1.0,0.5000000130312401
test,2018-M006,3,597,7,1.0,0.500000025400368
test,2018-M006,3,597,8,1.0,0.5
test,2018-M006,3,597,9,1.0,0.5000000149193511
test,2018-M006,3,597,10,1.0,0.49999999202555045
test,2018-M006,3,597,11,0.0,0.500000005500624
test,2018-M006,3,597,12,0.0,0.49999998609564494
test,2018-M006,3,597,13,1.0,0.5000000053332769
test,2018-M006,3,597,14,1.0,0.4999999901519913
test,2018-M006,3,597,15,1.0,0.49999999098508846
test,2018-M006,4,598,0,1.0,0.4999999968276825
test,2018-M006,4,598,1,1.0,0.5000000086838554
test,2018-M006,4,598,2,1.0,0.49999999202555045
test,2018-M006,4,598,3,0.0,0.49999998559360387
test,2018-M006,4,598,4,1.0,0.5000000158106559
test,2018-M006,4,598,5,1.0,0.5000000133077265
test,2018-M006,4,598,6,0.0,0.4999999901556293
test,2018-M006,4,598,7,1.0,0.499999989013304
test,2018-M006,5,599,0,1.0,0.4999999968385964
test,2018-M006,5,599,1,1.0,0.49999998558268993
test,2018-M006,5,599,2,0.0,0.500000001884473
test,2018-M006,5,599,3,1.0,0.5000000208383426
test,2018-M006,6,600,0,0.0,0.4999999982355803
test,2018-M006,6,600,1,1.0,0.49999999705323717
test,2018-M006,7,601,0,1.0,0.5000000121581252
test,2018-M007,1,602,0,1.0,0.5
test,2018-M007,1,602,1,1.0,0.49999998571729515
test,2018-M007,1,602,2,0.0,0.4999999885403668
test,2018-M007,1,602,3,0.0,0.5000000031686795
test,2018-M007,1,602,4,1.0,0.5000000200307113
test,2018-M007,1,602,5,0.0,0.5000000053405529
test,2018-M007,1,602,6,0.0,0.4999999882020348
test,2018-M007,1,602,7,0.0,0.49999998143175617
test,2018-M007,1,602,8,0.0,0.5000000103937055
test,2018-M007,1,602,9,0.0,0.5000000031686795
test,2018-M007,1,602,10,1.0,0.5000000109757821
test,2018-M007,1,602,11,1.0,0.5
test,2018-M007,1,602,12,0.0,0.49999999465944717
test,2018-M007,1,602,13,1.0,0.5000000053405529
test,2018-M007,1,602,14,0.0,0.5000000126165105
test,2018-M007,1,602,15,1.0,0.5000000073705451
test,2018-M007,1,602,16,1.0,0.5000000061263563
test,2018-M007,1,602,17,0.0,0.5000000137006282
test,2018-M007,1,602,18,0.0,0.5000000079780875
test,2018-M007,1,602,19,1.0,0.4999999940482667
test,2018-M007,1,602,20,1.0,0.5000000006184564
test,2018-M007,1,602,21,1.0,0.49999999387364374
test,2018-M007,1,602,22,0.0,0.4999999952233339
test,2018-M007,1,602,23,1.0,0.5000000043946784
test,2018-M007,1,602,24,0.0,0.49999999801730155
test,2018-M007,1,602,25,0.0,0.5
test,2018-M007,1,602,26,1.0,0.5000000169638952
test,2018-M007,1,602,27,0.0,0.4999999978390406
test,2018-M007,1,602,28,1.0,0.4999999780047802
test,2018-M007,1,602,29,0.0,0.49999998902421794
test,2018-M007,1,602,30,1.0,0.500000008403731
test,2018-M007,1,602,31,1.0,0.5000000137879397
test,2018-M007,2,603,0,0.0,0.4999999917745299
test,2018-M007,2,603,1,1.0,0.4999999940555427
test,2018-M007,2,603,2,0.0,0.49999998507701093
test,2018-M007,2,603,3,0.0,0.4999999968276825
test,2018-M007,2,603,4,0.0,0.5
test,2018-M007,2,603,5,1.0,0.5
test,2018-M007,2,603,6,1.0,0.5000000067775545
test,2018-M007,2,603,7,0.0,0.4999999824140104
test,2018-M007,2,603,8,0.0,0.5
test,2018-M007,2,603,9,1.0,0.4999999886495062
test,2018-M007,2,603,10,1.0,0.5000000103864295
test,2018-M007,2,603,11,1.0,0.49999999218198354
test,2018-M007,2,603,12,1.0,0.5000000243890099
test,2018-M007,2,603,13,1.0,0.5000000052968971
test,2018-M007,2,603,14,0.0,0.49999996470796765
test,2018-M007,2,603,15,1.0,0.5000000062354957
test,2018-M007,2,603,16,1.0,0.5000000067775545
test,2018-M007,2,603,17,1.0,0.5000000082836777
test,2018-M007,2,603,18,0.0,0.5000000056461431
test,2018-M007,2,603,19,0.0,0.49999999202555045
test,2018-M007,2,603,20,1.0,0.4999999666615622
test,2018-M007,2,603,21,1.0,0.500000005326001
test,2018-M007,2,603,22,0.0,0.49999999098872644
test,2018-M007,2,603,23,1.0,0.5000000055115379
test,2018-M007,2,603,24,1.0,0.5000000059444574
test,2018-M007,2,603,25,1.0,0.5
test,2018-M007,2,603,26,1.0,0.500000005326001
test,2018-M007,2,603,27,1.0,0.5000000145482772
test,2018-M007,2,603,28,0.0,0.5000000045911293
test,2018-M007,2,603,29,1.0,0.5000000133077265
test,2018-M007,2,603,30,0.0,0.49999999015926727
test,2018-M007,2,603,31,1.0,0.5000000050531526
test,2018-M007,3,604,0,1.0,0.4999999969404598
test,2018-M007,3,604,1,0.0,0.5000000031686795
test,2018-M007,3,604,2,0.0,0.5
test,2018-M007,3,604,3,1.0,0.5000000240943336
test,2018-M007,3,604,4,0.0,0.49999999520878197
test,2018-M007,3,604,5,1.0,0.5000000286891009
test,2018-M007,3,604,6,1.0,0.4999999888605089
test,2018-M007,3,604,7,0.0,0.5000000030595402
test,2018-M007,3,604,8,1.0,0.4999999889951141
test,2018-M007,3,604,9,0.0,0.5
test,2018-M007,3,604,10,1.0,0.49999999202555045
test,2018-M007,3,604,11,0.0,0.4999999954416126
test,2018-M007,3,604,12,1.0,0.5000000243853719
test,2018-M007,3,604,13,0.0,0.5000000190884748
test,2018-M007,3,604,14,0.0,0.4999999791616574
test,2018-M007,3,604,15,1.0,0.5000000160544005
test,2018-M007,4,605,0,1.0,0.5000000130203262
test,2018-M007,4,605,1,0.0,0.49999999405918066
test,2018-M007,4,605,2,1.0,0.5000000144063961
test,2018-M007,4,605,3,1.0,0.5000000047803042
test,2018-M007,4,605,4,0.0,0.4999999907886376
test,2018-M007,4,605,5,1.0,0.5000000079744495
test,2018-M007,4,605,6,1.0,0.5000000031723175
test,2018-M007,4,605,7,1.0,0.5000000088912202
test,2018-M007,5,606,0,1.0,0.49999998558268993
test,2018-M007,5,606,1,0.0,0.49999999014835333
test,2018-M007,5,606,2,0.0,0.499999998115527
test,2018-M007,5,606,3,1.0,0.5000000187501428
test,2018-M007,6,607,0,0.0,0.4999999908031895
test,2018-M007,6,607,1,0.0,0.4999999916944944
test,2018-M007,7,608,0,1.0,0.5000000083055056
test,2018-M009,2,621,0,0.0,0.4999999968385964
test,2018-M009,2,621,1,1.0,0.49999999478313845
test,2018-M009,2,621,2,1.0,0.49999999131250655
test,2018-M009,2,621,3,1.0,0.5000000055151759
test,2018-M009,2,621,4,1.0,0.5000000050567905
test,2018-M009,2,621,5,1.0,0.5000000137915777
test,2018-M009,2,621,6,1.0,0.5000000133077265
test,2018-M009,2,621,7,1.0,0.4999999666470103
test,2018-M009,2,621,8,0.0,0.5
test,2018-M009,2,621,9,1.0,0.5000000053332769
test,2018-M009,2,621,10,1.0,0.4999999931824277
test,2018-M009,2,621,11,1.0,0.49999999479769036
test,2018-M009,2,621,12,0.0,0.49999999202918843
test,2018-M009,2,621,13,1.0,0.5000000086874934
test,2018-M009,2,621,14,1.0,0.5000000176005415
test,2018-M009,2,621,15,1.0,0.4999999791580194
test,2018-M009,2,621,16,1.0,0.4999999949795893
test,2018-M009,2,621,17,0.0,0.5000000160434865
test,2018-M009,2,621,18,1.0,0.5000000179788913
test,2018-M009,2,621,19,0.0,0.5000000098407327
test,2018-M009,2,621,20,1.0,0.4999999827923602
test,2018-M009,2,621,21,1.0,0.49999999321153155
test,2018-M009,2,621,22,1.0,0.4999999914398358
test,2018-M009,2,621,23,0.0,0.4999999978354026
test,2018-M009,3,622,0,0.0,0.4999999947031029
test,2018-M009,3,622,1,1.0,0.4999999969295459
test,2018-M009,3,622,2,0.0,0.5000000078107405
test,2018-M009,3,622,3,1.0,0.4999999859355739
test,2018-M009,3,622,4,1.0,0.5000000031577656
test,2018-M009,3,622,5,1.0,0.5000000286927389
test,2018-M009,3,622,6,1.0,0.4999999752944859
test,2018-M009,3,622,7,1.0,0.4999999780229701
test,2018-M009,3,622,8,1.0,0.5
test,2018-M009,3,622,9,0.0,0.5000000140644261
test,2018-M009,3,622,10,1.0,0.5000000130276021
test,2018-M009,3,622,11,0.0,0.49999999520878197
test,2018-M009,3,622,12,0.0,0.5000000122818165
test,2018-M009,3,622,13,1.0,0.5000000031577656
test,2018-M009,3,622,14,1.0,0.49999999448846216
test,2018-M009,3,622,15,1.0,0.5000000018990249
test,2018-M009,4,623,0,1.0,0.5000000098480086
test,2018-M009,4,623,1,1.0,0.499999981464498
test,2018-M009,4,623,2,1.0,0.5
test,2018-M009,4,623,3,0.0,0.49999999245483195
test,2018-M009,4,623,4,1.0,0.5000000059408194
test,2018-M009,4,623,5,1.0,0.5
test,2018-M009,4,623,6,1.0,0.499999989016942
test,2018-M009,4,623,7,0.0,0.499999998111889
test,2018-M009,5,624,0,0.0,0.49999998145358404
test,2018-M009,5,624,1,0.0,0.49999999014471536
test,2018-M009,5,624,2,1.0,0.500000010986696
test,2018-M009,5,624,3,1.0,0.5000000017680577
test,2018-M009,6,625,0,1.0,0.5
test,2018-M009,6,625,1,1.0,0.49999999077772367
test,2018-M009,7,626,0,1.0,0.4999999809188012
test,2018-M021,2,615,0,0.0,0.5
test,2018-M021,2,615,1,1.0,0.49999999938881956
test,2018-M021,2,615,2,1.0,0.5000000109757821
test,2018-M021,2,615,3,1.0,0.49999998825660447
test,2018-M021,2,615,4,0.0,0.5000000059553713
test,2018-M021,2,615,5,0.0,0.5000000031614036
test,2018-M021,2,615,6,0.0,0.49999998104613047
test,2018-M021,2,615,7,0.0,0.5000000092222763
test,2018-M021,2,615,8,0.0,0.49999998886778485
test,2018-M021,2,615,9,1.0,0.5000000109757821
test,2018-M021,2,615,10,0.0,0.5000000098407327
test,2018-M021,2,615,11,1.0,0.5000000030668161
test,2018-M021,2,615,12,0.0,0.5
test,2018-M021,2,615,13,0.0,0.500000008232746
test,2018-M021,2,615,14,1.0,0.4999999946667231
test,2018-M021,2,615,15,1.0,0.5000000059699232
test,2018-M021,2,615,16,1.0,0.500000008232746
test,2018-M021,2,615,17,0.0,0.4999999972715159
test,2018-M021,2,615,18,0.0,0.5000000057916623
test,2018-M021,2,615,19,1.0,0.5000000019863364
test,2018-M021,2,615,20,0.0,0.49999999691499397
test,2018-M021,2,615,21,1.0,0.4999999886422302
test,2018-M021,2,615,22,0.0,0.5000000151885615
test,2018-M021,2,615,23,1.0,0.4999999866922735
test,2018-M021,3,616,0,1.0,0.49999998571729515
test,2018-M021,3,616,1,1.0,0.4999999852188921
test,2018-M021,3,616,2,1.0,0.4999999949432095
test,2018-M021,3,616,3,0.0,0.5000000024301698
test,2018-M021,3,616,4,0.0,0.4999999756146281
test,2018-M021,3,616,5,0.0,0.49999998024941306
test,2018-M021,3,616,6,0.0,0.5000000056425051
test,2018-M021,3,616,7,1.0,0.49999998825660447
test,2018-M021,3,616,8,1.0,0.5
test,2018-M021,3,616,9,0.0,0.5
test,2018-M021,3,616,10,0.0,0.5000000171967258
test,2018-M021,3,616,11,0.0,0.49999999510691856
test,2018-M021,3,616,12,0.0,0.5000000027321221
test,2018-M021,3,616,13,1.0,0.5000000219188223
test,2018-M021,3,616,14,0.0,0.4999999869723979
test,2018-M021,3,616,15,1.0,0.5000000059480953
test,2018-M021,4,617,0,1.0,0.5000000098480086
test,2018-M021,4,617,1,1.0,0.5000000274230842
test,2018-M021,4,617,2,1.0,0.5000000086765795
test,2018-M021,4,617,3,1.0,0.500000025400368
test,2018-M021,4,617,4,1.0,0.49999998480052454
test,2018-M021,4,617,5,1.0,0.49999999683132046
test,2018-M021,4,617,6,0.0,0.499999988503987
test,2018-M021,4,617,7,0.0,0.5000000171967258
test,2018-M021,5,618,0,0.0,0.4999999939500413
test,2018-M021,5,618,1,0.0,0.5000000088912202
test,2018-M021,5,618,2,0.0,0.5000000092259143
test,2018-M021,5,618,3,0.0,0.4999999802421371
test,2018-M021,6,619,0,1.0,0.5000000190811988
test,2018-M021,6,619,1,0.0,0.5000000175823516
test,2018-M021,7,620,0,1.0,0.5000000130312401
test,2018-M024,2,647,0,0.0,0.4999999968276825
test,2018-M024,2,647,1,1.0,0.5
test,2018-M024,2,647,2,1.0,0.5000000153886504
test,2018-M024,2,647,3,0.0,0.500000010983058
test,2018-M024,2,647,4,0.0,0.5000000079744495
test,2018-M024,2,647,5,1.0,0.4999999969295459
test,2018-M024,2,647,6,1.0,0.49999999015926727
test,2018-M024,2,647,7,0.0,0.49999998626299197
test,2018-M024,2,647,8,0.0,0.500000013737008
test,2018-M024,2,647,9,0.0,0.49999997750273906
test,2018-M024,2,647,10,0.0,0.4999999940555427
test,2018-M024,2,647,11,0.0,0.4999999859464878
test,2018-M024,2,647,12,0.0,0.5000000062354957
test,2018-M024,2,647,13,0.0,0.5000000088984962
test,2018-M024,2,647,14,0.0,0.49999998419298214
test,2018-M024,2,647,15,0.0,0.5000000092150003
test,2018-M024,2,647,16,1.0,0.500000010983058
test,2018-M024,2,647,17,0.0,0.5
test,2018-M024,2,647,18,0.0,0.4999999866922735
test,2018-M024,2,647,19,1.0,0.5000000106847438
test,2018-M024,2,647,20,0.0,0.4999999937645044
test,2018-M024,2,647,21,0.0,0.500000005500624
test,2018-M024,2,647,22,0.0,0.4999999946739991
test,2018-M024,2,647,23,0.0,0.5000000117361196
test,2018-M024,3,648,0,0.0,0.4999999888605089
test,2018-M024,3,648,1,1.0,0.49999999078136165
test,2018-M024,3,648,2,0.0,0.5000000166619429
test,2018-M024,3,648,3,1.0,0.5000000149193511
test,2018-M024,3,648,4,1.0,0.5000000069012458
test,2018-M024,3,648,5,1.0,0.5000000114669092
test,2018-M024,3,648,6,1.0,0.5
test,2018-M024,3,648,7,1.0,0.5000000067775545
test,2018-M024,3,648,8,0.0,0.49999998559360387
test,2018-M024,3,648,9,1.0,0.4999999932224455
test,2018-M024,3,648,10,0.0,0.4999999901519913
test,2018-M024,3,648,11,0.0,0.5
test,2018-M024,3,648,12,1.0,0.5000000050640665
test,2018-M024,3,648,13,0.0,0.49999999683132046
test,2018-M024,3,648,14,1.0,0.5000000056388672
test,2018-M024,3,648,15,0.0,0.5000000031686795
test,2018-M024,4,649,0,0.0,0.5000000031723175
test,2018-M024,4,649,1,1.0,0.4999999946667231
test,2018-M024,4,649,2,0.0,0.49999998279963614
test,2018-M024,4,649,3,0.0,0.5000000231048034
test,2018-M024,4,649,4,0.0,0.5
test,2018-M024,4,649,5,0.0,0.5000000030704541
test,2018-M024,4,649,6,0.0,0.5000000030704541
test,2018-M024,4,649,7,1.0,0.5000000047803042
test,2018-M024,5,650,0,0.0,0.49999999782812665
test,2018-M024,5,650,1,1.0,0.49999998144994606
test,2018-M024,5,650,2,1.0,0.5000000098516466
test,2018-M024,5,650,3,1.0,0.4999999920328264
test,2018-M024,6,651,0,0.0,0.4999999948413461
test,2018-M024,6,651,1,1.0,0.4999999908031895
test,2018-M024,7,652,0,1.0,0.5000000029613147
test,2019-0352,2,750,0,0.0,0.5000000113504939
test,2019-0352,2,750,1,1.0,0.4999999904248397
test,2019-0352,2,750,2,0.0,0.4999999854808266
test,2019-0352,2,750,3,1.0,0.4999999946739991
test,2019-0352,2,750,4,0.0,0.49999999202555045
test,2019-0352,2,750,5,0.0,0.5000000098407327
test,2019-0352,2,750,6,1.0,0.5000000055115379
test,2019-0352,2,750,7,1.0,0.5000000090112735
test,2019-0352,2,750,8,0.0,0.499999986088369
test,2019-0352,2,750,9,1.0,0.4999999940555427
test,2019-0352,2,750,10,1.0,0.49999999611827667
test,2019-0352,2,750,11,1.0,0.5000000224972609
test,2019-0352,2,750,12,1.0,0.5000000323889253
test,2019-0352,2,750,13,0.0,0.5
test,2019-0352,2,750,14,0.0,0.499999998115527
test,2019-0352,2,750,15,0.0,0.5000000095751602
test,2019-0352,3,751,0,1.0,0.49999997807753976
test,2019-0352,3,751,1,0.0,0.500000002914021
test,2019-0352,3,751,2,1.0,0.4999999901519913
test,2019-0352,3,751,3,1.0,0.5000000117470336
test,2019-0352,3,751,4,0.0,0.5000000111394911
test,2019-0352,3,751,5,1.0,0.5000000158070179
test,2019-0352,3,751,6,1.0,0.5000000017607817
test,2019-0352,3,751,7,0.0,0.500000002914021
test,2019-0352,3,751,8,1.0,0.49999998342536855
test,2019-0352,3,751,9,1.0,0.49999999520878197
test,2019-0352,3,751,10,0.0,0.5000000079744495
test,2019-0352,3,751,11,1.0,0.4999999848078005
test,2019-0352,3,751,12,1.0,0.5000000056788849
test,2019-0352,3,751,13,1.0,0.5000000207219273
test,2019-0352,3,751,14,1.0,0.5
test,2019-0352,3,751,15,0.0,0.4999999850806489
test,2019-0352,4,752,0,0.0,0.5000000038744474
test,2019-0352,4,752,1,1.0,0.5
test,2019-0352,4,752,2,1.0,0.5000000103900675
test,2019-0352,4,752,3,0.0,0.5000000031723175
test,2019-0352,4,752,4,0.0,0.5000000050567905
test,2019-0352,4,752,5,1.0,0.5000000195796019
test,2019-0352,4,752,6,0.0,0.5000000190811988
test,2019-0352,4,752,7,0.0,0.49999999376814236
test,2019-0352,5,753,0,0.0,0.5000000050567905
test,2019-0352,5,753,1,0.0,0.4999999937608664
test,2019-0352,5,753,2,0.0,0.5000000142754288
test,2019-0352,5,753,3,0.0,0.5000000092259143
test,2019-0352,6,754,0,0.0,0.5000000028667273
test,2019-0352,6,754,1,0.0,0.5
test,2019-0352,7,755,0,1.0,0.5000000085310603
test,2019-0410,2,693,0,0.0,0.5000000021645974
test,2019-0410,2,693,1,0.0,0.5
test,2019-0410,2,693,2,1.0,0.5000000089494279
test,2019-0410,2,693,3,0.0,0.5000000114559953
test,2019-0410,2,693,4,1.0,0.5000000137442839
test,2019-0410,2,693,5,1.0,0.4999999866922735
test,2019-0410,2,693,6,1.0,0.49999998902421794
test,2019-0410,2,693,7,1.0,0.49999999202918843
test,2019-0410,2,693,8,0.0,0.5000000021645974
test,2019-0410,2,693,9,0.0,0.49999998571729515
test,2019-0410,2,693,10,0.0,0.49999999404462875
test,2019-0410,2,693,11,1.0,0.500000001022272
test,2019-0410,2,693,12,1.0,0.5000000031614036
test,2019-0410,2,693,13,1.0,0.49999999666033546
test,2019-0410,2,693,14,1.0,0.4999999979590939
test,2019-0410,2,693,15,1.0,0.4999999946667231
test,2019-0410,2,693,16,1.0,0.49999999303690856
test,2019-0410,2,693,17,1.0,0.5000000130239641
test,2019-0410,2,693,18,0.0,0.5000000207364792
test,2019-0410,2,693,19,1.0,0.5000000079708116
test,2019-0410,2,693,20,0.0,0.5000000140607881
test,2019-0410,2,693,21,1.0,0.49999999509236664
test,2019-0410,2,693,22,1.0,0.4999999978354026
test,2019-0410,2,693,23,0.0,0.4999999886422302
test,2019-0410,3,694,0,0.0,0.5000000067739165
test,2019-0410,3,694,1,0.0,0.499999989013304
test,2019-0410,3,694,2,0.0,0.5000000059480953
test,2019-0410,3,694,3,0.0,0.49999999664578354
test,2019-0410,3,694,4,0.0,0.5000000003747118
test,2019-0410,3,694,5,1.0,0.5000000103900675
test,2019-0410,3,694,6,1.0,0.5000000243853719
test,2019-0410,3,694,7,1.0,0.5000000286927389
test,2019-0410,3,694,8,1.0,0.500000010986696
test,2019-0410,3,694,9,0.0,0.4999999946739991
test,2019-0410,3,694,10,1.0,0.5000000047912181
test,2019-0410,3,694,11,1.0,0.4999999943574949
test,2019-0410,3,694,12,1.0,0.4999999786814442
test,2019-0410,3,694,13,1.0,0.49999999611827667
test,2019-0410,3,694,14,1.0,0.49999999801730155
test,2019-0410,3,694,15,0.0,0.4999999978390406
test,2019-0410,4,695,0,1.0,0.4999999877145456
test,2019-0410,4,695,1,0.0,0.5000000082909537
test,2019-0410,4,695,2,0.0,0.5000000208310666
test,2019-0410,4,695,3,1.0,0.5
test,2019-0410,4,695,4,1.0,0.49999999783176463
test,2019-0410,4,695,5,0.0,0.49999999521241995
test,2019-0410,4,695,6,1.0,0.4999999920328264
test,2019-0410,4,695,7,0.0,0.49999999098508846
test,2019-0410,5,696,0,0.0,0.499999997766281
test,2019-0410,5,696,1,1.0,0.499999989013304
test,2019-0410,5,696,2,0.0,0.500000008407369
test,2019-0410,5,696,3,1.0,0.5000000098552846
test,2019-0410,6,697,0,0.0,0.5000000017607817
test,2019-0410,6,697,1,0.0,0.5000000151958375
test,2019-0410,7,698,0,0.0,0.5000000056497811
test,2019-0421,2,725,0,1.0,0.5000000006184564
test,2019-0421,2,725,1,1.0,0.5000000213185558
test,2019-0421,2,725,2,1.0,0.5000000240870577
test,2019-0421,2,725,3,0.0,0.5000000031723175
test,2019-0421,2,725,4,1.0,0.4999999949468475
test,2019-0421,2,725,5,0.0,0.5000000059444574
test,2019-0421,2,725,6,0.0,0.4999999949468475
test,2019-0421,2,725,7,1.0,0.5000000021682354
test,2019-0421,2,725,8,0.0,0.4999999888605089
test,2019-0421,2,725,9,0.0,0.5
test,2019-0421,2,725,10,0.0,0.5000000083964551
test,2019-0421,2,725,11,0.0,0.5000000133077265
test,2019-0421,2,725,12,0.0,0.5000000092150003
test,2019-0421,2,725,13,0.0,0.5000000175459718
test,2019-0421,2,725,14,1.0,0.500000013737008
test,2019-0421,2,725,15,1.0,0.500000013737008
test,2019-0421,2,725,16,1.0,0.5
test,2019-0421,2,725,17,0.0,0.5000000082254701
test,2019-0421,2,725,18,0.0,0.5000000095751602
test,2019-0421,2,725,19,1.0,0.5
test,2019-0421,2,725,20,1.0,0.49999999722422217
test,2019-0421,2,725,21,1.0,0.49999999081410346
test,2019-0421,2,725,22,1.0,0.49999999081410346
test,2019-0421,2,725,23,1.0,0.4999999866922735
test,2019-0421,3,726,0,1.0,0.5000000151921995
test,2019-0421,3,726,1,0.0,0.4999999943611329
test,2019-0421,3,726,2,1.0,0.5000000153959263
test,2019-0421,3,726,3,0.0,0.5
test,2019-0421,3,726,4,0.0,0.499999997085979
test,2019-0421,3,726,5,1.0,0.4999999921892595
test,2019-0421,3,726,6,0.0,0.5000000149193511
test,2019-0421,3,726,7,1.0,0.5000000030631782
test,2019-0421,3,726,8,0.0,0.4999999947067409
test,2019-0421,3,726,9,0.0,0.500000002914021
test,2019-0421,3,726,10,1.0,0.49999999176725396
test,2019-0421,3,726,11,0.0,0.4999999901519913
test,2019-0421,3,726,12,1.0,0.49999997807753976
test,2019-0421,3,726,13,1.0,0.5000000060499588
test,2019-0421,3,726,14,0.0,0.4999999848078005
test,2019-0421,3,726,15,1.0,0.5000000158070179
test,2019-0421,4,727,0,0.0,0.5000000130203262
test,2019-0421,4,727,1,0.0,0.49999998697967385
test,2019-0421,4,727,2,1.0,0.5000000130203262
test,2019-0421,4,727,3,1.0,0.5000000047803042
test,2019-0421,4,727,4,0.0,0.5
test,2019-0421,4,727,5,0.0,0.5000000029067451
test,2019-0421,4,727,6,0.0,0.4999999960746209
test,2019-0421,4,727,7,1.0,0.500000002233719
test,2019-0421,5,728,0,0.0,0.49999998697967385
test,2019-0421,5,728,1,0.0,0.5
test,2019-0421,5,728,2,1.0,0.5000000103900675
test,2019-0421,5,728,3,1.0,0.5000000017607817
test,2019-0421,6,729,0,0.0,0.5
test,2019-0421,6,729,1,0.0,0.5000000132495188
test,2019-0421,7,730,0,0.0,0.5000000177315087
test,2019-5014,2,744,0,0.0,0.5000000092150003
test,2019-5014,2,744,1,1.0,0.5000000021682354
test,2019-5014,2,744,2,1.0,0.5000000240870577
test,2019-5014,2,744,3,0.0,0.5000000028994691
test,2019-5014,2,744,4,1.0,0.5000000028994691
test,2019-5014,2,744,5,1.0,0.4999999993815436
test,2019-5014,2,744,6,1.0,0.5
test,2019-5014,2,744,7,1.0,0.5000000257823558
test,2019-5014,2,744,8,1.0,0.5000000019790605
test,2019-5014,2,744,9,0.0,0.5000000208383426
test,2019-5014,2,744,10,1.0,0.5000000117506715
test,2019-5014,2,744,11,1.0,0.5000000265754352
test,2019-5014,2,744,12,1.0,0.49999998419298214
test,2019-5014,2,744,13,0.0,0.5
test,2019-5014,2,744,14,1.0,0.4999999966530595
test,2019-5014,2,744,15,1.0,0.5
test,2019-5014,2,744,16,0.0,0.49999999387364374
test,2019-5014,2,744,17,0.0,0.5
test,2019-5014,2,744,18,0.0,0.5
test,2019-5014,2,744,19,1.0,0.5000000111394911
test,2019-5014,2,744,20,0.0,0.4999999886495062
test,2019-5014,2,744,21,1.0,0.5000000028994691
test,2019-5014,2,744,22,0.0,0.49999999448846216
test,2019-5014,2,744,23,0.0,0.499999986088369
test,2019-5014,3,745,0,1.0,0.5000000027830538
test,2019-5014,3,745,1,0.0,0.5000000033469405
test,2019-5014,3,745,2,0.0,0.4999999946667231
test,2019-5014,3,745,3,1.0,0.4999999859355739
test,2019-5014,3,745,4,0.0,0.5000000031686795
test,2019-5014,3,745,5,1.0,0.4999999888605089
test,2019-5014,3,745,6,0.0,0.4999999888605089
test,2019-5014,3,745,7,1.0,0.49999997342456487
test,2019-5014,3,745,8,0.0,0.499999998115527
test,2019-5014,3,745,9,0.0,0.49999999176725396
test,2019-5014,3,745,10,0.0,0.49999998419298214
test,2019-5014,3,745,11,0.0,0.5
test,2019-5014,3,745,12,0.0,0.499999997085979
test,2019-5014,3,745,13,1.0,0.5000000219224603
test,2019-5014,3,745,14,1.0,0.5000000098480086
test,2019-5014,3,745,15,1.0,0.5000000092186383
test,2019-5014,4,746,0,0.0,0.5
test,2019-5014,4,746,1,1.0,0.49999998125349526
test,2019-5014,4,746,2,1.0,0.49999999709325493
test,2019-5014,4,746,3,0.0,0.4999999952196959
test,2019-5014,4,746,4,1.0,0.4999999791616574
test,2019-5014,4,746,5,1.0,0.5000000133077265
test,2019-5014,4,746,6,0.0,0.49999999449210014
test,2019-5014,4,746,7,0.0,0.4999999901556293
test,2019-5014,5,747,0,1.0,0.5000000050567905
test,2019-5014,5,747,1,0.0,0.4999999791616574
test,2019-5014,5,747,2,1.0,0.5000000111358531
test,2019-5014,5,747,3,0.0,0.49999998697967385
test,2019-5014,6,748,0,0.0,0.49999999551801017
test,2019-5014,6,748,1,0.0,0.4999999982355803
test,2019-5014,7,749,0,1.0,0.5
test,2019-520,1,711,0,0.0,0.49999998223211145
test,2019-520,1,711,1,0.0,0.5000000042564352
test,2019-520,1,711,2,0.0,0.4999999986612238
test,2019-520,1,711,3,1.0,0.5000000017280399
test,2019-520,1,711,4,1.0,0.5
test,2019-520,1,711,5,1.0,0.5000000204636308
test,2019-520,1,711,6,0.0,0.5000000138352334
test,2019-520,1,711,7,1.0,0.4999999977881089
test,2019-520,1,711,8,0.0,0.4999999904975993
test,2019-520,1,711,9,1.0,0.4999999985266186
test,2019-520,1,711,10,1.0,0.5
test,2019-520,1,711,11,1.0,0.49999999746432877
test,2019-520,1,711,12,0.0,0.5
test,2019-520,1,711,13,0.0,0.5000000195286702
test,2019-520,1,711,14,0.0,0.4999999906140146
test,2019-520,1,711,15,1.0,0.5000000214240572
test,2019-520,1,711,16,0.0,0.4999999950123311
test,2019-520,1,711,17,1.0,0.49999998877319746
test,2019-520,1,711,18,1.0,0.49999999731517164
test,2019-520,1,711,19,0.0,0.4999999984174792
test,2019-520,1,711,20,0.0,0.5000000165709935
test,2019-520,1,711,21,1.0,0.499999989875505
test,2019-520,1,711,22,1.0,0.5000000061336323
test,2019-520,1,711,23,1.0,0.5000000017280399
test,2019-520,1,711,24,0.0,0.5000000083018676
test,2019-520,1,711,25,1.0,0.5000000121362973
test,2019-520,1,711,26,0.0,0.5000000116124284
test,2019-520,1,711,27,0.0,0.5
test,2019-520,1,711,28,0.0,0.4999999939682312
test,2019-520,1,711,29,1.0,0.49999998957355274
test,2019-520,1,711,30,1.0,0.49999999871943146
test,2019-520,1,711,31,0.0,0.5
test,2019-520,1,711,32,0.0,0.5000000042564352
test,2019-520,1,711,33,0.0,0.4999999943793228
test,2019-520,1,711,34,0.0,0.4999999904975993
test,2019-520,1,711,35,0.0,0.5000000029722287
test,2019-520,1,711,36,1.0,0.5000000121399353
test,2019-520,1,711,37,0.0,0.5
test,2019-520,1,711,38,1.0,0.5000000063773768
test,2019-520,1,711,39,1.0,0.4999999866813596
test,2019-520,1,711,40,1.0,0.5
test,2019-520,1,711,41,0.0,0.49999999266219675
test,2019-520,1,711,42,1.0,0.4999999936226232
test,2019-520,1,711,43,1.0,0.5000000133186404
test,2019-520,1,711,44,1.0,0.5000000065701897
test,2019-520,1,711,45,1.0,0.49999999409556045
test,2019-520,1,711,46,1.0,0.4999999950123311
test,2019-520,1,711,47,1.0,0.49999998877319746
test,2019-520,1,711,48,0.0,0.5
test,2019-520,1,711,49,0.0,0.49999998817293095
test,2019-520,1,711,50,1.0,0.5000000054606062
test,2019-520,1,711,51,1.0,0.5000000056206773
test,2019-520,1,711,52,1.0,0.5000000025356712
test,2019-520,1,711,53,0.0,0.4999999960818969
test,2019-520,1,711,54,1.0,0.4999999921346898
test,2019-520,1,711,55,1.0,0.49999999559076974
test,2019-520,1,711,56,0.0,0.5000000004947651
test,2019-520,1,711,57,1.0,0.4999999961328286
test,2019-520,1,711,58,0.0,0.5000000056206773
test,2019-520,1,711,59,1.0,0.5000000046638888
test,2019-520,1,711,60,1.0,0.5000000026739144
test,2019-520,1,711,61,1.0,0.5000000062464096
test,2019-520,1,711,62,0.0,0.5000000121362973
test,2019-520,1,711,63,0.0,0.5
test,2019-520,2,712,0,0.0,0.500000002750312
test,2019-520,2,712,1,1.0,0.49999999443753046
test,2019-520,2,712,2,0.0,0.5000000026775524
test,2019-520,2,712,3,1.0,0.4999999973224476
test,2019-520,2,712,4,1.0,0.5000000063701009
test,2019-520,2,712,5,0.0,0.5000000063701009
test,2019-520,2,712,6,0.0,0.49999999574356485
test,2019-520,2,712,7,0.0,0.5000000083055056
test,2019-520,2,712,8,0.0,0.4999999878418749
test,2019-520,2,712,9,1.0,0.4999999911015038
test,2019-520,2,712,10,1.0,0.4999999930660124
test,2019-520,2,712,11,1.0,0.500000001193257
test,2019-520,2,712,12,1.0,0.5000000167055987
test,2019-520,2,712,13,1.0,0.5000000121581252
test,2019-520,2,712,14,1.0,0.49999999961437425
test,2019-520,2,712,15,0.0,0.5000000192594598
test,2019-520,2,712,16,0.0,0.4999999695100997
test,2019-520,2,712,17,0.0,0.49999998900602804
test,2019-520,2,712,18,1.0,0.5000000017280399
test,2019-520,2,712,19,0.0,0.5000000017280399
test,2019-520,2,712,20,1.0,0.49999999457941163
test,2019-520,2,712,21,0.0,0.4999999887695595
test,2019-520,2,712,22,1.0,0.5000000165709935
test,2019-520,2,712,23,1.0,0.49999998936254997
test,2019-520,2,712,24,0.0,0.5000000065738277
test,2019-520,2,712,25,1.0,0.49999999122883304
test,2019-520,2,712,26,0.0,0.50000001063745
test,2019-520,2,712,27,1.0,0.4999999925130396
test,2019-520,2,712,28,1.0,0.5000000156433089
test,2019-520,2,712,29,0.0,0.49999999746432877
test,2019-520,2,712,30,0.0,0.49999999827196007
test,2019-520,2,712,31,1.0,0.4999999959618436
test,2019-520,3,713,0,1.0,0.4999999975443643
test,2019-520,3,713,1,0.0,0.5000000067193469
test,2019-520,3,713,2,0.0,0.4999999934225343
test,2019-520,3,713,3,1.0,0.5000000121362973
test,2019-520,3,713,4,0.0,0.4999999892024789
test,2019-520,3,713,5,0.0,0.4999999916944944
test,2019-520,3,713,6,1.0,0.5000000040454324
test,2019-520,3,713,7,0.0,0.49999998786370276
test,2019-520,3,713,8,0.0,0.5000000045147317
test,2019-520,3,713,9,1.0,0.5000000025320332
test,2019-520,3,713,10,0.0,0.4999999982646841
test,2019-520,3,713,11,0.0,0.4999999955944077
test,2019-520,3,713,12,0.0,0.5000000087820808
test,2019-520,3,713,13,0.0,0.49999999428837333
test,2019-520,3,713,14,1.0,0.4999999988503987
test,2019-520,3,713,15,0.0,0.49999999361898523
test,2019-520,4,714,0,1.0,0.4999999988503987
test,2019-520,4,714,1,1.0,0.49999998484781827
test,2019-520,4,714,2,1.0,0.49999999746796675
test,2019-520,4,714,3,1.0,0.49999999169813236
test,2019-520,4,714,4,0.0,0.5000000065811037
test,2019-520,4,714,5,1.0,0.500000016658305
test,2019-520,4,714,6,1.0,0.4999999959582056
test,2019-520,4,714,7,0.0,0.5
test,2019-520,5,715,0,1.0,0.49999998958810465
test,2019-520,5,715,1,0.0,0.49999999930514605
test,2019-520,5,715,2,0.0,0.49999999825740815
test,2019-520,5,715,3,1.0,0.49999999212741386
test,2019-520,6,716,0,0.0,0.5000000055551936
test,2019-520,6,716,1,0.0,0.5000000025320332
test,2019-520,7,717,0,1.0,0.49999999444116844
test,2019-540,1,718,0,1.0,0.49999999783176463
test,2019-540,1,718,1,0.0,0.4999999869687599
test,2019-540,1,718,2,0.0,0.5000000056388672
test,2019-540,1,718,3,1.0,0.500000005835318
test,2019-540,1,718,4,1.0,0.5
test,2019-540,1,718,5,0.0,0.4999999833307811
test,2019-540,1,718,6,1.0,0.4999999946739991
test,2019-540,1,718,7,1.0,0.49999999285137164
test,2019-540,1,718,8,0.0,0.49999999726423994
test,2019-540,1,718,9,0.0,0.49999998146086
test,2019-540,1,718,10,0.0,0.499999986084731
test,2019-540,1,718,11,0.0,0.49999999160718284
test,2019-540,1,718,12,1.0,0.5000000327054295
test,2019-540,1,718,13,1.0,0.5000000061263563
test,2019-540,1,718,14,1.0,0.4999999854589987
test,2019-540,1,718,15,0.0,0.5000000105574145
test,2019-540,1,718,16,1.0,0.5000000186337274
test,2019-540,1,718,17,0.0,0.5000000220206857
test,2019-540,1,718,18,0.0,0.4999999663268682
test,2019-540,1,718,19,0.0,0.49999999726423994
test,2019-540,1,718,20,0.0,0.49999999683495844
test,2019-540,1,718,21,1.0,0.500000005326001
test,2019-540,1,718,22,0.0,0.49999999664214556
test,2019-540,1,718,23,1.0,0.500000005326001
test,2019-540,1,718,24,1.0,0.5000000240906957
test,2019-540,1,718,25,1.0,0.5000000033578544
test,2019-540,1,718,26,0.0,0.5
test,2019-540,1,718,27,0.0,0.4999999804094841
test,2019-540,1,718,28,0.0,0.5000000021682354
test,2019-540,1,718,29,0.0,0.4999999940555427
test,2019-540,1,718,30,0.0,0.5000000027866918
test,2019-540,1,718,31,0.0,0.4999999995234248
test,2019-540,1,718,32,1.0,0.500000007727067
test,2019-540,1,718,33,0.0,0.4999999896099325
test,2019-540,1,718,34,0.0,0.5000000079635356
test,2019-540,1,718,35,0.0,0.5000000052968971
test,2019-540,1,718,36,1.0,0.4999999947758625
test,2019-540,1,718,37,0.0,0.5000000137879397
test,2019-540,1,718,38,1.0,0.5000000055151759
test,2019-540,1,718,39,1.0,0.5000000247673597
test,2019-540,1,718,40,0.0,0.500000010983058
test,2019-540,1,718,41,0.0,0.4999999946739991
test,2019-540,1,718,42,0.0,0.4999999946739991
test,2019-540,1,718,43,0.0,0.49999999723149813
test,2019-540,1,718,44,1.0,0.500000014410034
test,2019-540,1,718,45,1.0,0.5000000079635356
test,2019-540,1,718,46,0.0,0.49999999721330823
test,2019-540,1,718,47,1.0,0.5000000151921995
test,2019-540,1,718,48,1.0,0.49999998898783815
test,2019-540,1,718,49,0.0,0.5
test,2019-540,1,718,50,1.0,0.49999998202110874
test,2019-540,1,718,51,1.0,0.5
test,2019-540,1,718,52,1.0,0.5000000133077265
test,2019-540,1,718,53,0.0,0.50000000205182
test,2019-540,1,718,54,1.0,0.500000010983058
test,2019-540,1,718,55,1.0,0.4999999944848242
test,2019-540,1,718,56,0.0,0.5000000103900675
test,2019-540,1,718,57,0.0,0.5000000117361196
test,2019-540,1,718,58,0.0,0.5000000207328412
test,2019-540,1,718,59,1.0,0.5000000021682354
test,2019-540,1,718,60,0.0,0.5000000133077265
test,2019-540,1,718,61,1.0,0.5000000091786205
test,2019-540,1,718,62,0.0,0.5000000082254701
test,2019-540,1,718,63,0.0,0.49999998446219257
test,2019-540,2,719,0,1.0,0.5000000021645974
test,2019-540,2,719,1,0.0,0.4999999978354026
test,2019-540,2,719,2,0.0,0.5000000057916623
test,2019-540,2,719,3,0.0,0.4999999866959115
test,2019-540,2,719,4,0.0,0.5000000029067451
test,2019-540,2,719,5,0.0,0.5000000240906957
test,2019-540,2,719,6,0.0,0.5000000059480953
test,2019-540,2,719,7,0.0,0.500000035706762
test,2019-540,2,719,8,0.0,0.49999997689519654
test,2019-540,2,719,9,0.0,0.4999999734172889
test,2019-540,2,719,10,1.0,0.5000000048967195
test,2019-540,2,719,11,0.0,0.49999998418934416
test,2019-540,2,719,12,0.0,0.4999999943574949
test,2019-540,2,719,13,1.0,0.5000000133040885
test,2019-540,2,719,14,1.0,0.49999999131614453
test,2019-540,2,719,15,1.0,0.5000000128966349
test,2019-540,2,719,16,0.0,0.500000005329639
test,2019-540,2,719,17,1.0,0.500000005329639
test,2019-540,2,719,18,1.0,0.49999998902057996
test,2019-540,2,719,19,1.0,0.4999999869687599
test,2019-540,2,719,20,0.0,0.5000000113504939
test,2019-540,2,719,21,1.0,0.5000000145228114
test,2019-540,2,719,22,0.0,0.5000000142899808
test,2019-540,2,719,23,1.0,0.4999999949759513
test,2019-540,2,719,24,0.0,0.4999999946703611
test,2019-540,2,719,25,1.0,0.5000000098443707
test,2019-540,2,719,26,1.0,0.500000001888111
test,2019-540,2,719,27,1.0,0.49999998647399474
test,2019-540,2,719,28,0.0,0.49999998002385837
test,2019-540,2,719,29,0.0,0.5000000090149115
test,2019-540,2,719,30,1.0,0.5000000086838554
test,2019-540,2,719,31,1.0,0.5000000079708116
test,2019-540,3,720,0,1.0,0.4999999848078005
test,2019-540,3,720,1,1.0,0.500000010986696
test,2019-540,3,720,2,1.0,0.49999999078136165
test,2019-540,3,720,3,1.0,0.5000000151921995
test,2019-540,3,720,4,1.0,0.5000000037543941
test,2019-540,3,720,5,0.0,0.4999999886495062
test,2019-540,3,720,6,1.0,0.4999999867141014
test,2019-540,3,720,7,0.0,0.5000000079780875
test,2019-540,3,720,8,1.0,0.5000000110085239
test,2019-540,3,720,9,0.0,0.500000018542778
test,2019-540,3,720,10,1.0,0.4999999889987521
test,2019-540,3,720,11,0.0,0.500000010986696
test,2019-540,3,720,12,0.0,0.5000000258733053
test,2019-540,3,720,13,1.0,0.4999999896099325
test,2019-540,3,720,14,1.0,0.5
test,2019-540,3,720,15,0.0,0.4999999713181751
test,2019-540,4,721,0,0.0,0.5000000111285772
test,2019-540,4,721,1,1.0,0.49999999435385695
test,2019-540,4,721,2,1.0,0.4999999939464033
test,2019-540,4,721,3,0.0,0.4999999901556293
test,2019-540,4,721,4,1.0,0.4999999866922735
test,2019-540,4,721,5,0.0,0.5000000194340828
test,2019-540,4,721,6,1.0,0.4999999972715159
test,2019-540,4,721,7,1.0,0.5000000059408194
test,2019-540,5,722,0,1.0,0.49999998091516323
test,2019-540,5,722,1,1.0,0.5000000078107405
test,2019-540,5,722,2,0.0,0.4999999938845577
test,2019-540,5,722,3,1.0,0.5000000086911314
test,2019-540,6,723,0,0.0,0.4999999939464033
test,2019-540,6,723,1,0.0,0.4999999946558092
test,2019-540,7,724,0,1.0,0.5000000029576768
test,2019-560,1,737,0,0.0,0.5000000042637112
test,2019-560,1,737,1,1.0,0.5
test,2019-560,1,737,2,1.0,0.5
test,2019-560,1,737,3,1.0,0.4999999959618436
test,2019-560,1,737,4,1.0,0.5
test,2019-560,1,737,5,0.0,0.5000000042637112
test,2019-560,1,737,6,0.0,0.4999999959618436
test,2019-560,1,737,7,1.0,0.500000010648364
test,2019-560,1,737,8,0.0,0.5000000017280399
test,2019-560,1,737,9,0.0,0.4999999923456926
test,2019-560,1,737,10,0.0,0.5
test,2019-560,1,737,11,0.0,0.5000000126274244
test,2019-560,1,737,12,1.0,0.5000000094951247
test,2019-560,1,737,13,0.0,0.5
test,2019-560,1,737,14,1.0,0.49999998786370276
test,2019-560,1,737,15,0.0,0.5000000069412636
test,2019-560,1,737,16,1.0,0.5
test,2019-560,1,737,17,0.0,0.4999999936226232
test,2019-560,1,737,18,0.0,0.5000000110194378
test,2019-560,1,737,19,0.0,0.5000000150066626
test,2019-560,1,737,20,1.0,0.49999999822466634
test,2019-560,1,737,21,1.0,0.5000000023283064
test,2019-560,1,737,22,0.0,0.5000000190048013
test,2019-560,1,737,23,0.0,0.4999999920910341
test,2019-560,1,737,24,1.0,0.4999999829669832
test,2019-560,1,737,25,0.0,0.5000000093896233
test,2019-560,1,737,26,0.0,0.4999999991778168
test,2019-560,1,737,27,1.0,0.5000000042637112
test,2019-560,1,737,28,0.0,0.5000000148211257
test,2019-560,1,737,29,1.0,0.5
test,2019-560,1,737,30,1.0,0.5000000045183697
test,2019-560,1,737,31,0.0,0.5000000067157089
test,2019-560,1,737,32,0.0,0.5000000063773768
test,2019-560,1,737,33,0.0,0.5000000042637112
test,2019-560,1,737,34,0.0,0.4999999926694727
test,2019-560,1,737,35,0.0,0.4999999742321961
test,2019-560,1,737,36,1.0,0.4999999916144588
test,2019-560,1,737,37,0.0,0.5000000063773768
test,2019-560,1,737,38,1.0,0.49999999747160473
test,2019-560,1,737,39,0.0,0.5000000118234311
test,2019-560,1,737,40,1.0,0.4999999843348633
test,2019-560,1,737,41,1.0,0.5
test,2019-560,1,737,42,0.0,0.4999999866595317
test,2019-560,1,737,43,1.0,0.5000000062354957
test,2019-560,1,737,44,0.0,0.5000000156505848
test,2019-560,1,737,45,0.0,0.49999999894134817
test,2019-560,1,737,46,1.0,0.5000000062354957
test,2019-560,1,737,47,0.0,0.49999999011924956
test,2019-560,1,737,48,1.0,0.4999999856918293
test,2019-560,1,737,49,0.0,0.499999998799467
test,2019-560,1,737,50,0.0,0.49999999428473535
test,2019-560,1,737,51,1.0,0.5000000025283953
test,2019-560,1,737,52,1.0,0.5000000023283064
test,2019-560,1,737,53,1.0,0.5
test,2019-560,1,737,54,0.0,0.49999998050770955
test,2019-560,1,737,55,1.0,0.5
test,2019-560,1,737,56,0.0,0.49999999747160473
test,2019-560,1,737,57,0.0,0.4999999985193426
test,2019-560,1,737,58,1.0,0.5000000107975211
test,2019-560,1,737,59,1.0,0.4999999926512828
test,2019-560,1,737,60,0.0,0.4999999916872184
test,2019-560,1,737,61,1.0,0.49999999617648433
test,2019-560,1,737,62,0.0,0.4999999849933374
test,2019-560,1,737,63,0.0,0.5000000038198777
test,2019-560,2,738,0,0.0,0.5000000121326593
test,2019-560,2,738,1,1.0,0.5000000054533302
test,2019-560,2,738,2,0.0,0.49999998223211145
test,2019-560,2,738,3,0.0,0.49999998904240783
test,2019-560,2,738,4,0.0,0.5000000040490704
test,2019-560,2,738,5,1.0,0.4999999875872163
test,2019-560,2,738,6,0.0,0.5000000229301804
test,2019-560,2,738,7,1.0,0.5000000090585672
test,2019-560,2,738,8,0.0,0.49999998283237795
test,2019-560,2,738,9,1.0,0.49999999747160473
test,2019-560,2,738,10,0.0,0.5000000296531653
test,2019-560,2,738,11,0.0,0.5
test,2019-560,2,738,12,1.0,0.4999999957399269
test,2019-560,2,738,13,0.0,0.5000000026775524
test,2019-560,2,738,14,1.0,0.5000000148138497
test,2019-560,2,738,15,0.0,0.49999999305873644
test,2019-560,2,738,16,0.0,0.49999998839484766
test,2019-560,2,738,17,1.0,0.5000000078653102
test,2019-560,2,738,18,0.0,0.49999998008206603
test,2019-560,2,738,19,1.0,0.49999999060673866
test,2019-560,2,738,20,0.0,0.5000000055588316
test,2019-560,2,738,21,0.0,0.4999999984211172
test,2019-560,2,738,22,0.0,0.49999998936254997
test,2019-560,2,738,23,0.0,0.5000000090585672
test,2019-560,2,738,24,0.0,0.49999998936254997
test,2019-560,2,738,25,1.0,0.5000000042600732
test,2019-560,2,738,26,0.0,0.4999999988976924
test,2019-560,2,738,27,1.0,0.49999999827196007
test,2019-560,2,738,28,0.0,0.5
test,2019-560,2,738,29,0.0,0.49999999753708835
test,2019-560,2,738,30,1.0,0.4999999973224476
test,2019-560,2,738,31,0.0,0.49999999170177034
test,2019-560,3,739,0,1.0,0.5000000121326593
test,2019-560,3,739,1,0.0,0.49999999093415676
test,2019-560,3,739,2,0.0,0.5
test,2019-560,3,739,3,0.0,0.5000000040490704
test,2019-560,3,739,4,0.0,0.4999999954816304
test,2019-560,3,739,5,0.0,0.4999999906176526
test,2019-560,3,739,6,0.0,0.5000000069449015
test,2019-560,3,739,7,0.0,0.49999999305509846
test,2019-560,3,739,8,0.0,0.5000000101172191
test,2019-560,3,739,9,1.0,0.5
test,2019-560,3,739,10,0.0,0.5000000133331923
test,2019-560,3,739,11,0.0,0.49999998665225576
test,2019-560,3,739,12,0.0,0.49999998607381707
test,2019-560,3,739,13,0.0,0.5000000071158865
test,2019-560,3,739,14,0.0,0.5000000080872269
test,2019-560,3,739,15,1.0,0.4999999834362825
test,2019-560,4,740,0,1.0,0.4999999755709723
test,2019-560,4,740,1,0.0,0.499999989013304
test,2019-560,4,740,2,1.0,0.5000000063773768
test,2019-560,4,740,3,0.0,0.4999999932915671
test,2019-560,4,740,4,1.0,0.5000000043946784
test,2019-560,4,740,5,1.0,0.5000000204017852
test,2019-560,4,740,6,0.0,0.5000000042637112
test,2019-560,4,740,7,0.0,0.5000000158179319
test,2019-560,5,741,0,1.0,0.5000000077743607
test,2019-560,5,741,1,0.0,0.4999999978681444
test,2019-560,5,741,2,0.0,0.4999999954306987
test,2019-560,5,741,3,0.0,0.49999998886414687
test,2019-560,6,742,0,1.0,0.49999998675411916
test,2019-560,6,742,1,1.0,0.500000004969479
test,2019-560,7,743,0,1.0,0.4999999853753252
test,2019-580,1,672,0,1.0,0.4999999932842911
test,2019-580,1,672,1,0.0,0.5000000044019544
test,2019-580,1,672,2,0.0,0.49999999011924956
test,2019-580,1,672,3,1.0,0.4999999988467607
test,2019-580,1,672,4,1.0,0.5000000026811904
test,2019-580,1,672,5,1.0,0.5000000093896233
test,2019-580,1,672,6,1.0,0.5000000078653102
test,2019-580,1,672,7,1.0,0.5000000023283064
test,2019-580,1,672,8,1.0,0.49999999767169356
test,2019-580,1,672,9,1.0,0.4999999954816304
test,2019-580,1,672,10,1.0,0.5000000087748049
test,2019-580,1,672,11,1.0,0.5000000017280399
test,2019-580,1,672,12,1.0,0.4999999921346898
test,2019-580,1,672,13,1.0,0.5000000083127816
test,2019-580,1,672,14,0.0,0.5000000089021341
test,2019-580,1,672,15,1.0,0.4999999959618436
test,2019-580,1,672,16,0.0,0.4999999975480023
test,2019-580,1,672,17,1.0,0.4999999973188096
test,2019-580,1,672,18,1.0,0.500000001200533
test,2019-580,1,672,19,0.0,0.49999998817656893
test,2019-580,1,672,20,0.0,0.5000000226064003
test,2019-580,1,672,21,1.0,0.49999999703504727
test,2019-580,1,672,22,1.0,0.49999998839484766
test,2019-580,1,672,23,0.0,0.5000000087748049
test,2019-580,1,672,24,1.0,0.49999999747160473
test,2019-580,1,672,25,0.0,0.4999999945321179
test,2019-580,1,672,26,0.0,0.5000000058971636
test,2019-580,1,672,27,0.0,0.4999999945321179
test,2019-580,1,672,28,1.0,0.5000000086147338
test,2019-580,1,672,29,1.0,0.5000000073487172
test,2019-580,1,672,30,1.0,0.5000000065738277
test,2019-580,1,672,31,0.0,0.5000000100844773
test,2019-580,1,672,32,1.0,0.4999999947722245
test,2019-580,1,672,33,0.0,0.5
test,2019-580,1,672,34,1.0,0.500000010135409
test,2019-580,1,672,35,1.0,0.500000002924935
test,2019-580,1,672,36,0.0,0.5000000025283953
test,2019-580,1,672,37,1.0,0.5000000017280399
test,2019-580,1,672,38,0.0,0.4999999843494152
test,2019-580,1,672,39,1.0,0.4999999970677891
test,2019-580,1,672,40,0.0,0.49999997583290684
test,2019-580,1,672,41,0.0,0.5
test,2019-580,1,672,42,1.0,0.5000000063773768
test,2019-580,1,672,43,1.0,0.5000000019972504
test,2019-580,1,672,44,0.0,0.4999999984938768
test,2019-580,1,672,45,0.0,0.49999999835927156
test,2019-580,1,672,46,0.0,0.5
test,2019-580,1,672,47,0.0,0.49999998608109303
test,2019-580,1,672,48,0.0,0.5
test,2019-580,1,672,49,0.0,0.5000000069412636
test,2019-580,1,672,50,1.0,0.49999999524516175
test,2019-580,1,672,51,1.0,0.4999999876527
test,2019-580,1,672,52,0.0,0.5000000045183697
test,2019-580,1,672,53,0.0,0.5000000038235157
test,2019-580,1,672,54,1.0,0.5000000054678821
test,2019-580,1,672,55,0.0,0.5000000018299033
test,2019-580,1,672,56,1.0,0.5000000038198777
test,2019-580,1,672,57,1.0,0.4999999834362825
test,2019-580,1,672,58,1.0,0.49999998737257556
test,2019-580,1,672,59,1.0,0.499999998799467
test,2019-580,1,672,60,0.0,0.5
test,2019-580,1,672,61,1.0,0.49999999535066314
test,2019-580,1,672,62,1.0,0.49999999841020326
test,2019-580,1,672,63,1.0,0.4999999921346898
test,2019-580,2,673,0,1.0,0.49999999060673866
test,2019-580,2,673,1,1.0,0.5
test,2019-580,2,673,2,1.0,0.5000000061336323
test,2019-580,2,673,3,0.0,0.5000000105355866
test,2019-580,2,673,4,1.0,0.5000000093932613
test,2019-580,2,673,5,0.0,0.5000000040490704
test,2019-580,2,673,6,1.0,0.50000001063745
test,2019-580,2,673,7,0.0,0.49999998958810465
test,2019-580,2,673,8,1.0,0.49999999122883304
test,2019-580,2,673,9,0.0,0.5
test,2019-580,2,673,10,0.0,0.4999999695100997
test,2019-580,2,673,11,1.0,0.4999999762112566
test,2019-580,2,673,12,0.0,0.500000009607902
test,2019-580,2,673,13,1.0,0.5000000029285729
test,2019-580,2,673,14,1.0,0.5000000039108272
test,2019-580,2,673,15,0.0,0.500000030551746
test,2019-580,2,673,16,1.0,0.5000000058935257
test,2019-580,2,673,17,1.0,0.5
test,2019-580,2,673,18,1.0,0.500000016651029
test,2019-580,2,673,19,1.0,0.5000000023283064
test,2019-580,2,673,20,1.0,0.4999999943756848
test,2019-580,2,673,21,0.0,0.5
test,2019-580,2,673,22,1.0,0.5000000088948582
test,2019-580,2,673,23,0.0,0.5000000115142029
test,2019-580,2,673,24,1.0,0.5000000062500476
test,2019-580,2,673,25,1.0,0.5000000090585672
test,2019-580,2,673,26,1.0,0.5000000078653102
test,2019-580,2,673,27,0.0,0.5000000080872269
test,2019-580,2,673,28,1.0,0.5
test,2019-580,2,673,29,0.0,0.5
test,2019-580,2,673,30,0.0,0.5
test,2019-580,2,673,31,1.0,0.49999999827196007
test,2019-580,3,674,0,1.0,0.5000000160071068
test,2019-580,3,674,1,1.0,0.5000000063773768
test,2019-580,3,674,2,1.0,0.5000000025174813
test,2019-580,3,674,3,1.0,0.4999999937572284
test,2019-580,3,674,4,1.0,0.49999999836290954
test,2019-580,3,674,5,1.0,0.49999999618739827
test,2019-580,3,674,6,0.0,0.49999998665225576
test,2019-580,3,674,7,1.0,0.5000000080872269
test,2019-580,3,674,8,0.0,0.4999999851825123
test,2019-580,3,674,9,1.0,0.5000000065701897
test,2019-580,3,674,10,0.0,0.4999999770698195
test,2019-580,3,674,11,0.0,0.4999999912179191
test,2019-580,3,674,12,0.0,0.5000000121435733
test,2019-580,3,674,13,1.0,0.49999999110514176
test,2019-580,3,674,14,0.0,0.5000000088948582
test,2019-580,3,674,15,1.0,0.5000000177642505
test,2019-580,4,675,0,0.0,0.500000008763891
test,2019-580,4,675,1,0.0,0.5000000024483597
test,2019-580,4,675,2,1.0,0.49999999212741386
test,2019-580,4,675,3,1.0,0.49999999746432877
test,2019-580,4,675,4,0.0,0.5000000121508492
test,2019-580,4,675,5,1.0,0.49999999851570465
test,2019-580,4,675,6,1.0,0.5000000065811037
test,2019-580,4,675,7,1.0,0.4999999856918293
test,2019-580,5,676,0,1.0,0.5000000076215656
test,2019-580,5,676,1,1.0,0.49999999184001354
test,2019-580,5,676,2,1.0,0.5000000080472091
test,2019-580,5,676,3,0.0,0.5000000073960109
test,2019-580,6,677,0,1.0,0.5000000023173925
test,2019-580,6,677,1,1.0,0.4999999888968887
test,2019-580,7,678,0,0.0,0.4999999926003511
test,2019-M006,1,679,0,1.0,0.49999998507701093
test,2019-M006,1,679,1,0.0,0.5
test,2019-M006,1,679,2,1.0,0.49999998960629455
test,2019-M006,1,679,3,1.0,0.49999998135899665
test,2019-M006,1,679,4,1.0,0.49999999131250655
test,2019-M006,1,679,5,0.0,0.499999998111889
test,2019-M006,1,679,6,1.0,0.5000000103937055
test,2019-M006,1,679,7,0.0,0.4999999989559001
test,2019-M006,1,679,8,1.0,0.4999999954088708
test,2019-M006,1,679,9,1.0,0.5000000194449967
test,2019-M006,1,679,10,0.0,0.49999998898783815
test,2019-M006,1,679,11,0.0,0.5000000079780875
test,2019-M006,1,679,12,1.0,0.5000000062427716
test,2019-M006,1,679,13,0.0,0.5000000176041794
test,2019-M006,1,679,14,0.0,0.4999999873834895
test,2019-M006,1,679,15,0.0,0.4999999908213794
test,2019-M006,1,679,16,0.0,0.50000000205182
test,2019-M006,1,679,17,0.0,0.4999999866959115
test,2019-M006,1,679,18,0.0,0.5000000135187292
test,2019-M006,1,679,19,0.0,0.500000013907993
test,2019-M006,1,679,20,1.0,0.4999999921928975
test,2019-M006,1,679,21,0.0,0.4999999978390406
test,2019-M006,1,679,22,0.0,0.5000000021609594
test,2019-M006,1,679,23,0.0,0.49999999131250655
test,2019-M006,1,679,24,0.0,0.4999999917090463
test,2019-M006,1,679,25,1.0,0.4999999915962689
test,2019-M006,1,679,26,0.0,0.500000013907993
test,2019-M006,1,679,27,1.0,0.5000000085638021
test,2019-M006,1,679,28,1.0,0.5000000187537808
test,2019-M006,1,679,29,0.0,0.5000000021609594
test,2019-M006,1,679,30,0.0,0.5000000109757821
test,2019-M006,1,679,31,1.0,0.49999997875784175
test,2019-M006,2,680,0,1.0,0.500000005326001
test,2019-M006,2,680,1,1.0,0.49999998394923756
test,2019-M006,2,680,2,0.0,0.5000000027903297
test,2019-M006,2,680,3,1.0,0.4999999873798515
test,2019-M006,2,680,4,1.0,0.4999999946739991
test,2019-M006,2,680,5,1.0,0.4999999968276825
test,2019-M006,2,680,6,1.0,0.5000000107793312
test,2019-M006,2,680,7,0.0,0.5
test,2019-M006,2,680,8,1.0,0.4999999969295459
test,2019-M006,2,680,9,0.0,0.5000000035397534
test,2019-M006,2,680,10,0.0,0.49999998419298214
test,2019-M006,2,680,11,0.0,0.49999999448846216
test,2019-M006,2,680,12,1.0,0.4999999846113497
test,2019-M006,2,680,13,1.0,0.5000000050531526
test,2019-M006,2,680,14,0.0,0.4999999791616574
test,2019-M006,2,680,15,1.0,0.5000000151921995
test,2019-M006,2,680,16,1.0,0.4999999907849996
test,2019-M006,2,680,17,1.0,0.5000000111394911
test,2019-M006,2,680,18,0.0,0.5000000092150003
test,2019-M006,2,680,19,1.0,0.5000000187537808
test,2019-M006,2,680,20,0.0,0.5000000021682354
test,2019-M006,2,680,21,0.0,0.49999999783176463
test,2019-M006,2,680,22,1.0,0.5000000126274244
test,2019-M006,2,680,23,0.0,0.49999998042039806
test,2019-M006,2,680,24,0.0,0.5000000027903297
test,2019-M006,2,680,25,0.0,0.500000001884473
test,2019-M006,2,680,26,0.0,0.5
test,2019-M006,2,680,27,1.0,0.4999999780011422
test,2019-M006,2,680,28,0.0,0.4999999946739991
test,2019-M006,2,680,29,0.0,0.4999999993815436
test,2019-M006,2,680,30,1.0,0.4999999966530595
test,2019-M006,2,680,31,0.0,0.4999999960782589
test,2019-M006,3,681,0,0.0,0.4999999854735506
test,2019-M006,3,681,1,0.0,0.49999998848579713
test,2019-M006,3,681,2,0.0,0.5000000130312401
test,2019-M006,3,681,3,1.0,0.5000000098480086
test,2019-M006,3,681,4,1.0,0.500000030209776
test,2019-M006,3,681,5,0.0,0.4999999978390406
test,2019-M006,3,681,6,1.0,0.49999998091152525
test,2019-M006,3,681,7,1.0,0.5000000189575076
test,2019-M006,3,681,8,1.0,0.4999999946667231
test,2019-M006,3,681,9,1.0,0.49999996761471266
test,2019-M006,3,681,10,0.0,0.5000000047912181
test,2019-M006,3,681,11,1.0,0.5000000021609594
test,2019-M006,3,681,12,0.0,0.4999999752944859
test,2019-M006,3,681,13,0.0,0.4999999889951141
test,2019-M006,3,681,14,1.0,0.499999989016942
test,2019-M006,3,681,15,0.0,0.49999998333805706
test,2019-M006,4,682,0,0.0,0.5000000088912202
test,2019-M006,4,682,1,1.0,0.4999999968276825
test,2019-M006,4,682,2,1.0,0.5000000172003638
test,2019-M006,4,682,3,1.0,0.5000000219952199
test,2019-M006,4,682,4,0.0,0.49999999709325493
test,2019-M006,4,682,5,1.0,0.49999997808117774
test,2019-M006,4,682,6,0.0,0.49999998394923756
test,2019-M006,4,682,7,0.0,0.5000000060535967
test,2019-M006,5,683,0,0.0,0.5000000190811988
test,2019-M006,5,683,1,1.0,0.49999998886414687
test,2019-M006,5,683,2,1.0,0.5000000133113645
test,2019-M006,5,683,3,0.0,0.5000000082291081
test,2019-M006,6,684,0,0.0,0.4999999944266165
test,2019-M006,6,684,1,1.0,0.49999998960629455
test,2019-M006,7,685,0,0.0,0.5
test,2019-M007,1,686,0,1.0,0.5000000058607839
test,2019-M007,1,686,1,1.0,0.5000000006184564
test,2019-M007,1,686,2,1.0,0.5000000033469405
test,2019-M007,1,686,3,0.0,0.4999999920219125
test,2019-M007,1,686,4,1.0,0.4999999873834895
test,2019-M007,1,686,5,0.0,0.5000000006657501
test,2019-M007,1,686,6,1.0,0.5000000062427716
test,2019-M007,1,686,7,1.0,0.5000000103937055
test,2019-M007,1,686,8,0.0,0.5
test,2019-M007,1,686,9,0.0,0.49999998865678213
test,2019-M007,1,686,10,0.0,0.4999999966530595
test,2019-M007,1,686,11,0.0,0.500000013907993
test,2019-M007,1,686,12,1.0,0.49999998865678213
test,2019-M007,1,686,13,1.0,0.49999999265855877
test,2019-M007,1,686,14,0.0,0.4999999838037184
test,2019-M007,1,686,15,1.0,0.49999999683132046
test,2019-M007,1,686,16,0.0,0.5000000145228114
test,2019-M007,1,686,17,0.0,0.5000000050349627
test,2019-M007,1,686,18,1.0,0.5000000053405529
test,2019-M007,1,686,19,0.0,0.5000000030595402
test,2019-M007,1,686,20,1.0,0.4999999728497641
test,2019-M007,1,686,21,1.0,0.49999997256963974
test,2019-M007,1,686,22,1.0,0.499999992622179
test,2019-M007,1,686,23,0.0,0.5000000243926479
test,2019-M007,1,686,24,1.0,0.49999999098872644
test,2019-M007,1,686,25,0.0,0.4999999993815436
test,2019-M007,1,686,26,0.0,0.49999997797931434
test,2019-M007,1,686,27,0.0,0.5
test,2019-M007,1,686,28,0.0,0.500000013907993
test,2019-M007,1,686,29,1.0,0.5000000194449967
test,2019-M007,1,686,30,0.0,0.5000000007348717
test,2019-M007,1,686,31,0.0,0.49999999722422217
test,2019-M007,2,687,0,0.0,0.4999999843203114
test,2019-M007,2,687,1,1.0,0.49999999720967025
test,2019-M007,2,687,2,0.0,0.5000000050531526
test,2019-M007,2,687,3,1.0,0.500000013911631
test,2019-M007,2,687,4,0.0,0.5000000056461431
test,2019-M007,2,687,5,0.0,0.4999999966530595
test,2019-M007,2,687,6,0.0,0.4999999954088708
test,2019-M007,2,687,7,0.0,0.5000000079744495
test,2019-M007,2,687,8,1.0,0.5000000111394911
test,2019-M007,2,687,9,0.0,0.499999980256689
test,2019-M007,2,687,10,1.0,0.4999999848078005
test,2019-M007,2,687,11,0.0,0.4999999752326403
test,2019-M007,2,687,12,1.0,0.5000000419677235
test,2019-M007,2,687,13,1.0,0.5000000021682354
test,2019-M007,2,687,14,0.0,0.4999999886495062
test,2019-M007,2,687,15,0.0,0.49999998394923756
test,2019-M007,2,687,16,0.0,0.49999998854764277
test,2019-M007,2,687,17,1.0,0.5000000090112735
test,2019-M007,2,687,18,0.0,0.4999999947031029
test,2019-M007,2,687,19,1.0,0.5000000113504939
test,2019-M007,2,687,20,0.0,0.5
test,2019-M007,2,687,21,1.0,0.500000005326001
test,2019-M007,2,687,22,0.0,0.5000000243890099
test,2019-M007,2,687,23,1.0,0.49999999015926727
test,2019-M007,2,687,24,1.0,0.4999999968276825
test,2019-M007,2,687,25,0.0,0.4999999949468475
test,2019-M007,2,687,26,1.0,0.5000000056461431
test,2019-M007,2,687,27,0.0,0.5000000028994691
test,2019-M007,2,687,28,1.0,0.500000005326001
test,2019-M007,2,687,29,0.0,0.4999999946739991
test,2019-M007,2,687,30,0.0,0.5000000019790605
test,2019-M007,2,687,31,0.0,0.4999999993306119
test,2019-M007,3,688,0,1.0,0.5000000247055141
test,2019-M007,3,688,1,1.0,0.49999999202555045
test,2019-M007,3,688,2,0.0,0.4999999943611329
test,2019-M007,3,688,3,1.0,0.5000000007385097
test,2019-M007,3,688,4,0.0,0.500000002914021
test,2019-M007,3,688,5,0.0,0.5000000062427716
test,2019-M007,3,688,6,1.0,0.5
test,2019-M007,3,688,7,0.0,0.4999999896135705
test,2019-M007,3,688,8,0.0,0.4999999854735506
test,2019-M007,3,688,9,1.0,0.4999999944993761
test,2019-M007,3,688,10,1.0,0.49999999078136165
test,2019-M007,3,688,11,0.0,0.49999999493593356
test,2019-M007,3,688,12,0.0,0.5
test,2019-M007,3,688,13,0.0,0.5000000113868737
test,2019-M007,3,688,14,1.0,0.4999999915962689
test,2019-M007,3,688,15,1.0,0.5000000175896275
test,2019-M007,4,689,0,0.0,0.49999999131614453
test,2019-M007,4,689,1,1.0,0.4999999857209331
test,2019-M007,4,689,2,0.0,0.5000000130203262
test,2019-M007,4,689,3,0.0,0.499999980260327
test,2019-M007,4,689,4,0.0,0.49999999177089194
test,2019-M007,4,689,5,0.0,0.49999998125349526
test,2019-M007,4,689,6,0.0,0.5000000053332769
test,2019-M007,4,689,7,0.0,0.5000000050567905
test,2019-M007,5,690,0,0.0,0.5000000092259143
test,2019-M007,5,690,1,1.0,0.49999998241764837
test,2019-M007,5,690,2,1.0,0.5000000050567905
test,2019-M007,5,690,3,0.0,0.49999997591658035
test,2019-M007,6,691,0,0.0,0.4999999944266165
test,2019-M007,6,691,1,1.0,0.5000000127911335
test,2019-M007,7,692,0,1.0,0.4999999795290932
test,2019-M009,2,705,0,1.0,0.5000000111322151
test,2019-M009,2,705,1,0.0,0.5000000092222763
test,2019-M009,2,705,2,1.0,0.499999994346581
test,2019-M009,2,705,3,1.0,0.5000000021645974
test,2019-M009,2,705,4,1.0,0.499999995205144
test,2019-M009,2,705,5,1.0,0.5000000091895345
test,2019-M009,2,705,6,0.0,0.5000000033396645
test,2019-M009,2,705,7,1.0,0.5000000066102075
test,2019-M009,2,705,8,1.0,0.4999999889951141
test,2019-M009,2,705,9,0.0,0.49999998091152525
test,2019-M009,2,705,10,1.0,0.5000000019863364
test,2019-M009,2,705,11,1.0,0.5000000194304448
test,2019-M009,2,705,12,0.0,0.49999999693318387
test,2019-M009,2,705,13,1.0,0.49999997750273906
test,2019-M009,2,705,14,1.0,0.49999998902421794
test,2019-M009,2,705,15,1.0,0.4999999949432095
test,2019-M009,2,705,16,1.0,0.49999999938881956
test,2019-M009,2,705,17,0.0,0.5000000031614036
test,2019-M009,2,705,18,1.0,0.49999999404462875
test,2019-M009,2,705,19,0.0,0.500000007377821
test,2019-M009,2,705,20,0.0,0.49999999321153155
test,2019-M009,2,705,21,0.0,0.5000000031614036
test,2019-M009,2,705,22,1.0,0.5000000053332769
test,2019-M009,2,705,23,0.0,0.4999999946667231
test,2019-M009,3,706,0,0.0,0.5000000031577656
test,2019-M009,3,706,1,1.0,0.4999999907886376
test,2019-M009,3,706,2,0.0,0.4999999848114385
test,2019-M009,3,706,3,0.0,0.5000000027866918
test,2019-M009,3,706,4,0.0,0.4999999940519047
test,2019-M009,3,706,5,0.0,0.4999999907886376
test,2019-M009,3,706,6,1.0,0.4999999921892595
test,2019-M009,3,706,7,0.0,0.5000000103900675
test,2019-M009,3,706,8,1.0,0.500000018546416
test,2019-M009,3,706,9,1.0,0.49999999810097506
test,2019-M009,3,706,10,0.0,0.5000000147811079
test,2019-M009,3,706,11,0.0,0.5000000047912181
test,2019-M009,3,706,12,1.0,0.49999998103521653
test,2019-M009,3,706,13,1.0,0.5000000019826984
test,2019-M009,3,706,14,0.0,0.4999999964638846
test,2019-M009,3,706,15,1.0,0.5
test,2019-M009,4,707,0,1.0,0.4999999713108991
test,2019-M009,4,707,1,1.0,0.500000010983058
test,2019-M009,4,707,2,1.0,0.5000000151994755
test,2019-M009,4,707,3,0.0,0.5000000160507625
test,2019-M009,4,707,4,0.0,0.49999998394923756
test,2019-M009,4,707,5,0.0,0.5000000031686795
test,2019-M009,4,707,6,0.0,0.5000000158106559
test,2019-M009,4,707,7,0.0,0.5000000060535967
test,2019-M009,5,708,0,1.0,0.49999999014471536
test,2019-M009,5,708,1,1.0,0.4999999902574927
test,2019-M009,5,708,2,0.0,0.49999999176725396
test,2019-M009,5,708,3,1.0,0.49999999672945705
test,2019-M009,6,709,0,1.0,0.5000000207182893
test,2019-M009,6,709,1,1.0,0.4999999857209331
test,2019-M009,7,710,0,0.0,0.5000000092222763
test,2019-M021,2,699,0,1.0,0.5000000142827048
test,2019-M021,2,699,1,1.0,0.499999994346581
test,2019-M021,2,699,2,0.0,0.4999999968385964
test,2019-M021,2,699,3,0.0,0.5000000213149178
test,2019-M021,2,699,4,0.0,0.5000000053332769
test,2019-M021,2,699,5,0.0,0.5000000033396645
test,2019-M021,2,699,6,0.0,0.5000000091895345
test,2019-M021,2,699,7,0.0,0.4999999866922735
test,2019-M021,2,699,8,1.0,0.4999999968385964
test,2019-M021,2,699,9,0.0,0.4999999848114385
test,2019-M021,2,699,10,1.0,0.5000000085601641
test,2019-M021,2,699,11,1.0,0.49999998825660447
test,2019-M021,2,699,12,0.0,0.5000000053332769
test,2019-M021,2,699,13,0.0,0.5000000109757821
test,2019-M021,2,699,14,0.0,0.4999999969913915
test,2019-M021,2,699,15,0.0,0.49999999131250655
test,2019-M021,2,699,16,0.0,0.5
test,2019-M021,2,699,17,1.0,0.5000000053332769
test,2019-M021,2,699,18,0.0,0.5
test,2019-M021,2,699,19,0.0,0.4999999873652996
test,2019-M021,2,699,20,1.0,0.4999999824503902
test,2019-M021,2,699,21,1.0,0.5000000059553713
test,2019-M021,2,699,22,1.0,0.5000000049076334
test,2019-M021,2,699,23,0.0,0.49999997875420377
test,2019-M021,3,700,0,1.0,0.5000000243853719
test,2019-M021,3,700,1,0.0,0.49999998887142283
test,2019-M021,3,700,2,1.0,0.5000000199761416
test,2019-M021,3,700,3,0.0,0.5000000244217517
test,2019-M021,3,700,4,1.0,0.4999999943574949
test,2019-M021,3,700,5,1.0,0.5000000050567905
test,2019-M021,3,700,6,1.0,0.5000000021609594
test,2019-M021,3,700,7,0.0,0.5000000098552846
test,2019-M021,3,700,8,1.0,0.5000000047912181
test,2019-M021,3,700,9,1.0,0.5000000207328412
test,2019-M021,3,700,10,1.0,0.49999999202555045
test,2019-M021,3,700,11,0.0,0.5000000022955646
test,2019-M021,3,700,12,0.0,0.49999999387364374
test,2019-M021,3,700,13,0.0,0.499999989013304
test,2019-M021,3,700,14,0.0,0.5000000142827048
test,2019-M021,3,700,15,0.0,0.5000000158070179
test,2019-M021,4,701,0,0.0,0.5000000092186383
test,2019-M021,4,701,1,1.0,0.5000000056534191
test,2019-M021,4,701,2,0.0,0.499999998111889
test,2019-M021,4,701,3,0.0,0.4999999889987521
test,2019-M021,4,701,4,1.0,0.5000000078107405
test,2019-M021,4,701,5,1.0,0.49999999176725396
test,2019-M021,4,701,6,0.0,0.4999999901519913
test,2019-M021,4,701,7,0.0,0.5
test,2019-M021,5,702,0,1.0,0.49999999014471536
test,2019-M021,5,702,1,0.0,0.5000000038853614
test,2019-M021,5,702,2,0.0,0.5000000047948561
test,2019-M021,5,702,3,0.0,0.5
test,2019-M021,6,703,0,1.0,0.5000000031686795
test,2019-M021,6,703,1,0.0,0.4999999857209331
test,2019-M021,7,704,0,0.0,0.5000000050604285
test,2019-M024,2,731,0,1.0,0.5000000240870577
test,2019-M024,2,731,1,0.0,0.49999999015926727
test,2019-M024,2,731,2,1.0,0.500000005326001
test,2019-M024,2,731,3,0.0,0.5000000060535967
test,2019-M024,2,731,4,1.0,0.5000000055115379
test,2019-M024,2,731,5,1.0,0.5000000019790605
test,2019-M024,2,731,6,1.0,0.4999999833307811
test,2019-M024,2,731,7,1.0,0.49999999160354486
test,2019-M024,2,731,8,0.0,0.4999999968276825
test,2019-M024,2,731,9,0.0,0.49999999015926727
test,2019-M024,2,731,10,1.0,0.500000013911631
test,2019-M024,2,731,11,0.0,0.5000000136933522
test,2019-M024,2,731,12,1.0,0.4999999896135705
test,2019-M024,2,731,13,1.0,0.4999999949468475
test,2019-M024,2,731,14,1.0,0.4999999866922735
test,2019-M024,2,731,15,0.0,0.5000000117361196
test,2019-M024,2,731,16,0.0,0.5000000061263563
test,2019-M024,2,731,17,1.0,0.4999999833307811
test,2019-M024,2,731,18,0.0,0.49999997875784175
test,2019-M024,2,731,19,0.0,0.5000000021682354
test,2019-M024,2,731,20,0.0,0.5000000219988578
test,2019-M024,2,731,21,0.0,0.5000000083964551
test,2019-M024,2,731,22,1.0,0.4999999792707967
test,2019-M024,2,731,23,0.0,0.5000000243890099
test,2019-M024,3,732,0,0.0,0.49999999722422217
test,2019-M024,3,732,1,0.0,0.5000000095678843
test,2019-M024,3,732,2,0.0,0.5000000265754352
test,2019-M024,3,732,3,1.0,0.4999999836618372
test,2019-M024,3,732,4,0.0,0.500000006188202
test,2019-M024,3,732,5,1.0,0.4999999901519913
test,2019-M024,3,732,6,1.0,0.4999999812425813
test,2019-M024,3,732,7,1.0,0.5000000060499588
test,2019-M024,3,732,8,1.0,0.5000000047912181
test,2019-M024,3,732,9,0.0,0.4999999944993761
test,2019-M024,3,732,10,1.0,0.5000000053332769
test,2019-M024,3,732,11,0.0,0.499999998115527
test,2019-M024,3,732,12,0.0,0.5
test,2019-M024,3,732,13,0.0,0.5000000151921995
test,2019-M024,3,732,14,1.0,0.4999999946667231
test,2019-M024,3,732,15,1.0,0.4999999954125088
test,2019-M024,4,733,0,0.0,0.5
test,2019-M024,4,733,1,0.0,0.5
test,2019-M024,4,733,2,1.0,0.49999998697967385
test,2019-M024,4,733,3,1.0,0.5000000031723175
test,2019-M024,4,733,4,1.0,0.5000000047803042
test,2019-M024,4,733,5,1.0,0.5000000153886504
test,2019-M024,4,733,6,1.0,0.4999999780047802
test,2019-M024,4,733,7,0.0,0.4999999937754183
test,2019-M024,5,734,0,0.0,0.4999999968385964
test,2019-M024,5,734,1,1.0,0.5000000098516466
test,2019-M024,5,734,2,0.0,0.5
test,2019-M024,5,734,3,0.0,0.4999999813662726
test,2019-M024,6,735,0,0.0,0.4999999908031895
test,2019-M024,6,735,1,1.0,0.4999999968713382
test,2019-M024,7,736,0,1.0,0.5000000173131411
test,2020-0352,2,789,0,1.0,0.4999999882638804
test,2020-0352,2,789,1,0.0,0.5000000027903297
test,2020-0352,2,789,2,1.0,0.4999999954088708
test,2020-0352,2,789,3,1.0,0.5
test,2020-0352,2,789,4,0.0,0.4999999765350367
test,2020-0352,2,789,5,0.0,0.4999999917745299
test,2020-0352,2,789,6,1.0,0.5000000082254701
test,2020-0352,2,789,7,1.0,0.5
test,2020-0352,2,789,8,1.0,0.4999999813662726
test,2020-0352,2,789,9,0.0,0.5000000095751602
test,2020-0352,2,789,10,1.0,0.5000000091858965
test,2020-0352,2,789,11,0.0,0.5000000224972609
test,2020-0352,2,789,12,0.0,0.5000000133077265
test,2020-0352,2,789,13,0.0,0.4999999966530595
test,2020-0352,2,789,14,1.0,0.4999999848078005
test,2020-0352,2,789,15,1.0,0.49999999783176463
test,2020-0352,2,789,16,1.0,0.49999999511055654
test,2020-0352,2,789,17,0.0,0.4999999855863279
test,2020-0352,2,789,18,0.0,0.5000000027357601
test,2020-0352,2,789,19,1.0,0.5
test,2020-0352,2,789,20,1.0,0.5000000155341695
test,2020-0352,2,789,21,1.0,0.5000000047875801
test,2020-0352,2,789,22,0.0,0.5000000006184564
test,2020-0352,2,789,23,1.0,0.5000000021682354
test,2020-0352,3,790,0,1.0,0.5000000247709977
test,2020-0352,3,790,1,1.0,0.4999999889951141
test,2020-0352,3,790,2,1.0,0.5000000079744495
test,2020-0352,3,790,3,1.0,0.49999998333805706
test,2020-0352,3,790,4,1.0,0.4999999954416126
test,2020-0352,3,790,5,1.0,0.4999999915962689
test,2020-0352,3,790,6,0.0,0.500000003259629
test,2020-0352,3,790,7,0.0,0.5000000053332769
test,2020-0352,3,790,8,0.0,0.5000000050640665
test,2020-0352,3,790,9,1.0,0.5000000137515599
test,2020-0352,3,790,10,0.0,0.4999999848078005
test,2020-0352,3,790,11,0.0,0.4999999875908543
test,2020-0352,3,790,12,1.0,0.4999999978390406
test,2020-0352,3,790,13,0.0,0.4999999854735506
test,2020-0352,3,790,14,1.0,0.49999998460407374
test,2020-0352,3,790,15,1.0,0.5
test,2020-0352,4,791,0,1.0,0.4999999961255526
test,2020-0352,4,791,1,1.0,0.4999999949432095
test,2020-0352,4,791,2,0.0,0.4999999752326403
test,2020-0352,4,791,3,1.0,0.4999999946667231
test,2020-0352,4,791,4,1.0,0.4999999846113497
test,2020-0352,4,791,5,1.0,0.5000000151885615
test,2020-0352,4,791,6,0.0,0.5000000158106559
test,2020-0352,4,791,7,1.0,0.5000000166692189
test,2020-0352,5,792,0,1.0,0.4999999907740857
test,2020-0352,5,792,1,0.0,0.4999999848078005
test,2020-0352,5,792,2,0.0,0.4999999694264261
test,2020-0352,5,792,3,1.0,0.5000000139189069
test,2020-0352,6,793,0,1.0,0.5000000177242327
test,2020-0352,6,793,1,0.0,0.4999999982355803
test,2020-0352,7,794,0,1.0,0.5
test,2020-520,1,782,0,0.0,0.49999999548526836
test,2020-520,1,782,1,1.0,0.5000000028230716
test,2020-520,1,782,2,0.0,0.49999998904240783
test,2020-520,1,782,3,1.0,0.5000000047257345
test,2020-520,1,782,4,1.0,0.49999999746432877
test,2020-520,1,782,5,1.0,0.5000000093859853
test,2020-520,1,782,6,1.0,0.4999999953361112
test,2020-520,1,782,7,1.0,0.5
test,2020-520,1,782,8,0.0,0.4999999866813596
test,2020-520,1,782,9,0.0,0.49999999827196007
test,2020-520,1,782,10,0.0,0.500000005664333
test,2020-520,1,782,11,0.0,0.5
test,2020-520,1,782,12,1.0,0.5000000044092303
test,2020-520,1,782,13,1.0,0.49999999574356485
test,2020-520,1,782,14,0.0,0.49999999717692845
test,2020-520,1,782,15,1.0,0.5000000121399353
test,2020-520,1,782,16,0.0,0.5000000144646037
test,2020-520,1,782,17,0.0,0.49999999574356485
test,2020-520,1,782,18,1.0,0.4999999895844667
test,2020-520,1,782,19,1.0,0.5000000017280399
test,2020-520,1,782,20,0.0,0.5000000042564352
test,2020-520,1,782,21,0.0,0.5000000073414412
test,2020-520,1,782,22,0.0,0.5000000093859853
test,2020-520,1,782,23,0.0,0.4999999928113539
test,2020-520,1,782,24,1.0,0.4999999921346898
test,2020-520,1,782,25,1.0,0.5000000023210305
test,2020-520,1,782,26,1.0,0.4999999976789695
test,2020-520,1,782,27,1.0,0.5000000054606062
test,2020-520,1,782,28,0.0,0.4999999959582056
test,2020-520,1,782,29,0.0,0.49999999574356485
test,2020-520,1,782,30,0.0,0.5000000073414412
test,2020-520,1,782,31,1.0,0.4999999973260856
test,2020-520,1,782,32,1.0,0.5
test,2020-520,1,782,33,0.0,0.49999998517523636
test,2020-520,1,782,34,1.0,0.5000000125801307
test,2020-520,1,782,35,1.0,0.5000000054606062
test,2020-520,1,782,36,1.0,0.5000000062464096
test,2020-520,1,782,37,0.0,0.5000000063773768
test,2020-520,1,782,38,1.0,0.5000000079126039
test,2020-520,1,782,39,1.0,0.5000000115251169
test,2020-520,1,782,40,0.0,0.4999999973260856
test,2020-520,1,782,41,0.0,0.5000000078653102
test,2020-520,1,782,42,1.0,0.49999999618739827
test,2020-520,1,782,43,0.0,0.499999990723154
test,2020-520,1,782,44,1.0,0.4999999733408913
test,2020-520,1,782,45,0.0,0.5000000258733053
test,2020-520,1,782,46,0.0,0.5000000083819032
test,2020-520,1,782,47,1.0,0.4999999932842911
test,2020-520,1,782,48,1.0,0.5000000057079887
test,2020-520,1,782,49,1.0,0.49999999707506504
test,2020-520,1,782,50,1.0,0.5000000040417945
test,2020-520,1,782,51,0.0,0.5000000145482772
test,2020-520,1,782,52,1.0,0.500000010633812
test,2020-520,1,782,53,1.0,0.500000004987669
test,2020-520,1,782,54,0.0,0.4999999976789695
test,2020-520,1,782,55,1.0,0.5000000083018676
test,2020-520,1,782,56,0.0,0.5000000044092303
test,2020-520,1,782,57,0.0,0.5000000124200596
test,2020-520,1,782,58,1.0,0.5000000025356712
test,2020-520,1,782,59,1.0,0.5000000067157089
test,2020-520,1,782,60,0.0,0.5000000017280399
test,2020-520,1,782,61,1.0,0.49999999574356485
test,2020-520,1,782,62,1.0,0.49999999266219675
test,2020-520,1,782,63,0.0,0.5000000122963684
test,2020-520,2,783,0,1.0,0.4999999959618436
test,2020-520,2,783,1,1.0,0.5000000116124284
test,2020-520,2,783,2,1.0,0.5000000024483597
test,2020-520,2,783,3,0.0,0.5000000025356712
test,2020-520,2,783,4,1.0,0.5000000051841198
test,2020-520,2,783,5,1.0,0.5000000026775524
test,2020-520,2,783,6,0.0,0.49999999011924956
test,2020-520,2,783,7,1.0,0.5000000023137545
test,2020-520,2,783,8,0.0,0.49999999454303184
test,2020-520,2,783,9,1.0,0.49999999705323717
test,2020-520,2,783,10,0.0,0.49999998421481
test,2020-520,2,783,11,0.0,0.49999999574356485
test,2020-520,2,783,12,0.0,0.4999999961837603
test,2020-520,2,783,13,0.0,0.4999999932879291
test,2020-520,2,783,14,1.0,0.4999999939645932
test,2020-520,2,783,15,1.0,0.500000010993972
test,2020-520,2,783,16,0.0,0.49999999931606
test,2020-520,2,783,17,1.0,0.5000000062427716
test,2020-520,2,783,18,0.0,0.5000000086074579
test,2020-520,2,783,19,0.0,0.49999999827196007
test,2020-520,2,783,20,0.0,0.4999999932879291
test,2020-520,2,783,21,0.0,0.5000000133259164
test,2020-520,2,783,22,1.0,0.5000000043983164
test,2020-520,2,783,23,1.0,0.5000000078725861
test,2020-520,2,783,24,0.0,0.500000004987669
test,2020-520,2,783,25,1.0,0.49999999827196007
test,2020-520,2,783,26,0.0,0.4999999968968041
test,2020-520,2,783,27,1.0,0.5000000083891791
test,2020-520,2,783,28,0.0,0.500000009607902
test,2020-520,2,783,29,0.0,0.49999999304054654
test,2020-520,2,783,30,1.0,0.4999999960782589
test,2020-520,2,783,31,1.0,0.5000000179752533
test,2020-520,3,784,0,0.0,0.5000000115287548
test,2020-520,3,784,1,1.0,0.5000000098698365
test,2020-520,3,784,2,0.0,0.5000000063810148
test,2020-520,3,784,3,1.0,0.5000000042673491
test,2020-520,3,784,4,1.0,0.5000000104155333
test,2020-520,3,784,5,1.0,0.4999999975443643
test,2020-520,3,784,6,0.0,0.49999999328065314
test,2020-520,3,784,7,1.0,0.5000000100844773
test,2020-520,3,784,8,1.0,0.4999999960928108
test,2020-520,3,784,9,1.0,0.499999979394488
test,2020-520,3,784,10,1.0,0.4999999944448064
test,2020-520,3,784,11,0.0,0.4999999910978658
test,2020-520,3,784,12,0.0,0.4999999906176526
test,2020-520,3,784,13,1.0,0.5000000104155333
test,2020-520,3,784,14,1.0,0.5000000017353159
test,2020-520,3,784,15,1.0,0.4999999847568688
test,2020-520,4,785,0,1.0,0.4999999855281203
test,2020-520,4,785,1,0.0,0.5000000054205884
test,2020-520,4,785,2,1.0,0.5000000169748091
test,2020-520,4,785,3,1.0,0.4999999809915608
test,2020-520,4,785,4,1.0,0.5
test,2020-520,4,785,5,1.0,0.5
test,2020-520,4,785,6,0.0,0.5000000078689482
test,2020-520,4,785,7,1.0,0.5000000015861588
test,2020-520,5,786,0,1.0,0.49999998597195366
test,2020-520,5,786,1,0.0,0.5000000105392246
test,2020-520,5,786,2,0.0,0.4999999959582056
test,2020-520,5,786,3,1.0,0.5
test,2020-520,6,787,0,1.0,0.5000000084655767
test,2020-520,6,787,1,0.0,0.5000000040381565
test,2020-520,7,788,0,0.0,0.5000000080835889
test,2020-560,1,769,0,1.0,0.5000000044019544
test,2020-560,1,769,1,0.0,0.4999999936226232
test,2020-560,1,769,2,0.0,0.500000015108526
test,2020-560,1,769,3,0.0,0.49999999061037664
test,2020-560,1,769,4,1.0,0.5000000042637112
test,2020-560,1,769,5,1.0,0.49999999635110726
test,2020-560,1,769,6,0.0,0.49999998485145625
test,2020-560,1,769,7,0.0,0.4999999919127731
test,2020-560,1,769,8,0.0,0.4999999939682312
test,2020-560,1,769,9,0.0,0.4999999954816304
test,2020-560,1,769,10,1.0,0.5000000017280399
test,2020-560,1,769,11,1.0,0.4999999957362889
test,2020-560,1,769,12,0.0,0.5
test,2020-560,1,769,13,1.0,0.5000000049913069
test,2020-560,1,769,14,1.0,0.5000000069412636
test,2020-560,1,769,15,0.0,0.5000000016407284
test,2020-560,1,769,16,1.0,0.49999999827196007
test,2020-560,1,769,17,0.0,0.4999999943793228
test,2020-560,1,769,18,0.0,0.499999998799467
test,2020-560,1,769,19,0.0,0.5000000042637112
test,2020-560,1,769,20,0.0,0.49999999084684527
test,2020-560,1,769,21,1.0,0.4999999957362889
test,2020-560,1,769,22,0.0,0.5
test,2020-560,1,769,23,0.0,0.5000000067157089
test,2020-560,1,769,24,0.0,0.5
test,2020-560,1,769,25,0.0,0.5000000192630978
test,2020-560,1,769,26,0.0,0.5000000025283953
test,2020-560,1,769,27,0.0,0.49999998716884875
test,2020-560,1,769,28,0.0,0.49999998839484766
test,2020-560,1,769,29,0.0,0.5000000063773768
test,2020-560,1,769,30,1.0,0.5000000025283953
test,2020-560,1,769,31,0.0,0.4999999934261723
test,2020-560,1,769,32,1.0,0.5000000042637112
test,2020-560,1,769,33,1.0,0.5000000069412636
test,2020-560,1,769,34,0.0,0.5000000028157956
test,2020-560,1,769,35,1.0,0.4999999849933374
test,2020-560,1,769,36,0.0,0.5000000144682417
test,2020-560,1,769,37,0.0,0.5000000069412636
test,2020-560,1,769,38,1.0,0.5000000111067493
test,2020-560,1,769,39,1.0,0.5000000026811904
test,2020-560,1,769,40,1.0,0.5000000017280399
test,2020-560,1,769,41,1.0,0.49999999305873644
test,2020-560,1,769,42,0.0,0.4999999934261723
test,2020-560,1,769,43,0.0,0.5000000239379006
test,2020-560,1,769,44,1.0,0.5000000094951247
test,2020-560,1,769,45,1.0,0.5000000143627403
test,2020-560,1,769,46,1.0,0.4999999955980457
test,2020-560,1,769,47,0.0,0.49999999305873644
test,2020-560,1,769,48,1.0,0.500000010648364
test,2020-560,1,769,49,0.0,0.5000000017280399
test,2020-560,1,769,50,0.0,0.4999999973188096
test,2020-560,1,769,51,1.0,0.5000000190266292
test,2020-560,1,769,52,1.0,0.5
test,2020-560,1,769,53,1.0,0.5000000063773768
test,2020-560,1,769,54,0.0,0.49999998517887434
test,2020-560,1,769,55,0.0,0.4999999843494152
test,2020-560,1,769,56,0.0,0.4999999988867785
test,2020-560,1,769,57,0.0,0.49999999827196007
test,2020-560,1,769,58,1.0,0.49999999093779474
test,2020-560,1,769,59,1.0,0.4999999846513674
test,2020-560,1,769,60,1.0,0.500000025069312
test,2020-560,1,769,61,0.0,0.49999998606290313
test,2020-560,1,769,62,0.0,0.5000000121472112
test,2020-560,1,769,63,0.0,0.49999999457941163
test,2020-560,2,770,0,0.0,0.49999999374995246
test,2020-560,2,770,1,1.0,0.5000000038271537
test,2020-560,2,770,2,1.0,0.49999999894498615
test,2020-560,2,770,3,0.0,0.4999999984211172
test,2020-560,2,770,4,1.0,0.5000000121399353
test,2020-560,2,770,5,0.0,0.5
test,2020-560,2,770,6,0.0,0.5
test,2020-560,2,770,7,0.0,0.5
test,2020-560,2,770,8,0.0,0.49999999595092964
test,2020-560,2,770,9,0.0,0.5
test,2020-560,2,770,10,1.0,0.4999999988540367
test,2020-560,2,770,11,1.0,0.50000001063745
test,2020-560,2,770,12,0.0,0.5000000023283064
test,2020-560,2,770,13,1.0,0.5000000044055923
test,2020-560,2,770,14,1.0,0.499999989013304
test,2020-560,2,770,15,1.0,0.4999999939682312
test,2020-560,2,770,16,0.0,0.5000000116051524
test,2020-560,2,770,17,0.0,0.49999998817656893
test,2020-560,2,770,18,1.0,0.5000000121399353
test,2020-560,2,770,19,1.0,0.5
test,2020-560,2,770,20,0.0,0.4999999957399269
test,2020-560,2,770,21,1.0,0.49999999753708835
test,2020-560,2,770,22,0.0,0.4999999957399269
test,2020-560,2,770,23,0.0,0.5
test,2020-560,2,770,24,1.0,0.4999999957399269
test,2020-560,2,770,25,0.0,0.49999999305873644
test,2020-560,2,770,26,1.0,0.49999998488783604
test,2020-560,2,770,27,1.0,0.49999998936254997
test,2020-560,2,770,28,1.0,0.5000000014879333
test,2020-560,2,770,29,1.0,0.49999999827196007
test,2020-560,2,770,30,1.0,0.49999998936254997
test,2020-560,2,770,31,1.0,0.5000000078653102
test,2020-560,3,771,0,1.0,0.5000000083091436
test,2020-560,3,771,1,1.0,0.500000001204171
test,2020-560,3,771,2,1.0,0.5000000025174813
test,2020-560,3,771,3,0.0,0.49999998936254997
test,2020-560,3,771,4,0.0,0.49999997946724756
test,2020-560,3,771,5,0.0,0.4999999878564268
test,2020-560,3,771,6,0.0,0.5
test,2020-560,3,771,7,0.0,0.5000000040490704
test,2020-560,3,771,8,1.0,0.49999999560532166
test,2020-560,3,771,9,0.0,0.49999998839484766
test,2020-560,3,771,10,1.0,0.49999999595092964
test,2020-560,3,771,11,0.0,0.5000000144609658
test,2020-560,3,771,12,0.0,0.5000000121435733
test,2020-560,3,771,13,1.0,0.5000000167092367
test,2020-560,3,771,14,0.0,0.5000000104118953
test,2020-560,3,771,15,0.0,0.5
test,2020-560,4,772,0,0.0,0.5
test,2020-560,4,772,1,0.0,0.5000000011496013
test,2020-560,4,772,2,1.0,0.5000000042637112
test,2020-560,4,772,3,0.0,0.49999998784915084
test,2020-560,4,772,4,1.0,0.4999999936226232
test,2020-560,4,772,5,0.0,0.49999999212741386
test,2020-560,4,772,6,1.0,0.4999999916908564
test,2020-560,4,772,7,1.0,0.49999999341889634
test,2020-560,5,773,0,0.0,0.4999999984065653
test,2020-560,5,773,1,0.0,0.4999999926039891
test,2020-560,5,773,2,1.0,0.5000000072323019
test,2020-560,5,773,3,1.0,0.5000000072323019
test,2020-560,6,774,0,1.0,0.4999999904430296
test,2020-560,6,774,1,1.0,0.5000000072250259
test,2020-560,7,775,0,1.0,0.4999999904503056
test,2020-580,1,756,0,1.0,0.500000016654667
test,2020-580,1,756,1,0.0,0.5000000014806574
test,2020-580,1,756,2,0.0,0.4999999955980457
test,2020-580,1,756,3,1.0,0.5000000042637112
test,2020-580,1,756,4,0.0,0.5000000175969035
test,2020-580,1,756,5,0.0,0.4999999945321179
test,2020-580,1,756,6,1.0,0.49999999305873644
test,2020-580,1,756,7,0.0,0.4999999926694727
test,2020-580,1,756,8,0.0,0.4999999941028364
test,2020-580,1,756,9,0.0,0.5000000079089659
test,2020-580,1,756,10,0.0,0.499999975112587
test,2020-580,1,756,11,0.0,0.4999999936226232
test,2020-580,1,756,12,1.0,0.5000000152394932
test,2020-580,1,756,13,1.0,0.5000000101135811
test,2020-580,1,756,14,1.0,0.5000000078653102
test,2020-580,1,756,15,0.0,0.5000000029322109
test,2020-580,1,756,16,1.0,0.5000000101135811
test,2020-580,1,756,17,0.0,0.4999999925166776
test,2020-580,1,756,18,0.0,0.4999999936226232
test,2020-580,1,756,19,0.0,0.5000000017753337
test,2020-580,1,756,20,1.0,0.5000000109575922
test,2020-580,1,756,21,1.0,0.500000010990334
test,2020-580,1,756,22,1.0,0.4999999959618436
test,2020-580,1,756,23,1.0,0.5
test,2020-580,1,756,24,0.0,0.4999999973188096
test,2020-580,1,756,25,0.0,0.49999999841020326
test,2020-580,1,756,26,0.0,0.4999999957362889
test,2020-580,1,756,27,1.0,0.49999998991552275
test,2020-580,1,756,28,1.0,0.5000000012478267
test,2020-580,1,756,29,1.0,0.4999999988467607
test,2020-580,1,756,30,0.0,0.5000000044092303
test,2020-580,1,756,31,1.0,0.500000010648364
test,2020-580,1,756,32,1.0,0.499999997598934
test,2020-580,1,756,33,1.0,0.500000010648364
test,2020-580,1,756,34,0.0,0.49999998958810465
test,2020-580,1,756,35,0.0,0.5000000226064003
test,2020-580,1,756,36,1.0,0.4999999971842044
test,2020-580,1,756,37,1.0,0.4999999957362889
test,2020-580,1,756,38,1.0,0.5000000042637112
test,2020-580,1,756,39,0.0,0.5000000083127816
test,2020-580,1,756,40,1.0,0.499999979394488
test,2020-580,1,756,41,0.0,0.49999999305873644
test,2020-580,1,756,42,1.0,0.5000000205400283
test,2020-580,1,756,43,1.0,0.5000000162581273
test,2020-580,1,756,44,0.0,0.4999999866813596
test,2020-580,1,756,45,1.0,0.5
test,2020-580,1,756,46,0.0,0.5000000018299033
test,2020-580,1,756,47,1.0,0.5000000065738277
test,2020-580,1,756,48,1.0,0.500000001200533
test,2020-580,1,756,49,0.0,0.5000000049913069
test,2020-580,1,756,50,1.0,0.5000000087748049
test,2020-580,1,756,51,1.0,0.49999999747160473
test,2020-580,1,756,52,1.0,0.4999999926694727
test,2020-580,1,756,53,1.0,0.5000000078653102
test,2020-580,1,756,54,1.0,0.49999999559076974
test,2020-580,1,756,55,1.0,0.49999998935163603
test,2020-580,1,756,56,0.0,0.5000000257678039
test,2020-580,1,756,57,0.0,0.4999999973188096
test,2020-580,1,756,58,1.0,0.5000000080908649
test,2020-580,1,756,59,1.0,0.5000000049913069
test,2020-580,1,756,60,1.0,0.49999999747160473
test,2020-580,1,756,61,1.0,0.5000000093896233
test,2020-580,1,756,62,0.0,0.49999998935163603
test,2020-580,1,756,63,1.0,0.500000001200533
test,2020-580,2,757,0,0.0,0.50000001063745
test,2020-580,2,757,1,0.0,0.5000000045110937
test,2020-580,2,757,2,1.0,0.49999999753708835
test,2020-580,2,757,3,1.0,0.49999999500869313
test,2020-580,2,757,4,1.0,0.5
test,2020-580,2,757,5,0.0,0.5000000042600732
test,2020-580,2,757,6,1.0,0.5000000088948582
test,2020-580,2,757,7,0.0,0.4999999984938768
test,2020-580,2,757,8,0.0,0.5000000042600732
test,2020-580,2,757,9,1.0,0.4999999877036317
test,2020-580,2,757,10,1.0,0.4999999943756848
test,2020-580,2,757,11,1.0,0.5000000128311513
test,2020-580,2,757,12,1.0,0.5000000194959284
test,2020-580,2,757,13,1.0,0.49999998904240783
test,2020-580,2,757,14,0.0,0.4999999984938768
test,2020-580,2,757,15,0.0,0.5000000029285729
test,2020-580,2,757,16,1.0,0.5000000135478331
test,2020-580,2,757,17,0.0,0.5000000069412636
test,2020-580,2,757,18,1.0,0.4999999941064744
test,2020-580,2,757,19,1.0,0.5000000204599928
test,2020-580,2,757,20,1.0,0.50000001063745
test,2020-580,2,757,21,1.0,0.5000000104118953
test,2020-580,2,757,22,0.0,0.49999999264764483
test,2020-580,2,757,23,0.0,0.5000000051368261
test,2020-580,2,757,24,0.0,0.49999999231658876
test,2020-580,2,757,25,0.0,0.5000000110048859
test,2020-580,2,757,26,1.0,0.5000000121399353
test,2020-580,2,757,27,0.0,0.49999999170177034
test,2020-580,2,757,28,0.0,0.5000000063773768
test,2020-580,2,757,29,0.0,0.49999999305873644
test,2020-580,2,757,30,1.0,0.5
test,2020-580,2,757,31,1.0,0.4999999931897037
test,2020-580,3,758,0,0.0,0.4999999878564268
test,2020-580,3,758,1,0.0,0.5000000038235157
test,2020-580,3,758,2,1.0,0.5000000225991243
test,2020-580,3,758,3,1.0,0.49999998770726967
test,2020-580,3,758,4,1.0,0.5000000023246685
test,2020-580,3,758,5,1.0,0.5000000017280399
test,2020-580,3,758,6,0.0,0.49999999748251867
test,2020-580,3,758,7,0.0,0.4999999988976924
test,2020-580,3,758,8,1.0,0.49999999213105184
test,2020-580,3,758,9,0.0,0.49999998665225576
test,2020-580,3,758,10,1.0,0.5000000069449015
test,2020-580,3,758,11,0.0,0.5000000192703737
test,2020-580,3,758,12,0.0,0.4999999984938768
test,2020-580,3,758,13,1.0,0.49999999110514176
test,2020-580,3,758,14,0.0,0.499999997598934
test,2020-580,3,758,15,1.0,0.4999999919127731
test,2020-580,4,759,0,1.0,0.5000000165600795
test,2020-580,4,759,1,1.0,0.49999999851570465
test,2020-580,4,759,2,1.0,0.49999999746432877
test,2020-580,4,759,3,1.0,0.500000008763891
test,2020-580,4,759,4,1.0,0.5000000078725861
test,2020-580,4,759,5,0.0,0.5000000121508492
test,2020-580,4,759,6,0.0,0.5000000065811037
test,2020-580,4,759,7,1.0,0.49999998802013584
test,2020-580,5,760,0,0.0,0.500000005842594
test,2020-580,5,760,1,0.0,0.5000000023210305
test,2020-580,5,760,2,1.0,0.5000000111358531
test,2020-580,5,760,3,0.0,0.4999999949250196
test,2020-580,6,761,0,0.0,0.4999999976826075
test,2020-580,6,761,1,0.0,0.5000000095569703
test,2020-580,7,762,0,1.0,0.5000000023210305
test,2020-M009,2,776,0,1.0,0.4999999968385964
test,2020-M009,2,776,1,0.0,0.5000000031614036
test,2020-M009,2,776,2,1.0,0.49999999176725396
test,2020-M009,2,776,3,0.0,0.4999999978354026
test,2020-M009,2,776,4,1.0,0.49999999043575366
test,2020-M009,2,776,5,1.0,0.5
test,2020-M009,2,776,6,0.0,0.49999997711347527
test,2020-M009,2,776,7,0.0,0.4999999885440048
test,2020-M009,2,776,8,0.0,0.49999997750273906
test,2020-M009,2,776,9,1.0,0.4999999978354026
test,2020-M009,2,776,10,0.0,0.5000000049076334
test,2020-M009,2,776,11,1.0,0.4999999780011422
test,2020-M009,2,776,12,0.0,0.49999999693318387
test,2020-M009,2,776,13,1.0,0.500000002230081
test,2020-M009,2,776,14,0.0,0.5000000130239641
test,2020-M009,2,776,15,1.0,0.4999999796273186
test,2020-M009,2,776,16,0.0,0.49999999811916496
test,2020-M009,2,776,17,1.0,0.5000000062391337
test,2020-M009,2,776,18,1.0,0.4999999848114385
test,2020-M009,2,776,19,1.0,0.5000000031614036
test,2020-M009,2,776,20,0.0,0.5000000111322151
test,2020-M009,2,776,21,0.0,0.5000000137442839
test,2020-M009,2,776,22,0.0,0.5000000050240487
test,2020-M009,3,777,0,1.0,0.4999999866922735
test,2020-M009,3,777,1,0.0,0.49999999202555045
test,2020-M009,3,777,2,0.0,0.5000000153959263
test,2020-M009,3,777,3,0.0,0.5000000019826984
test,2020-M009,3,777,4,0.0,0.49999996960104914
test,2020-M009,3,777,5,1.0,0.49999999394276534
test,2020-M009,3,777,6,0.0,0.49999999497231334
test,2020-M009,3,777,7,0.0,0.49999998145358404
test,2020-M009,3,777,8,1.0,0.4999999915999069
test,2020-M009,3,777,9,1.0,0.4999999968422344
test,2020-M009,3,777,10,0.0,0.49999998333805706
test,2020-M009,3,777,11,1.0,0.49999998002385837
test,2020-M009,3,777,12,0.0,0.4999999921892595
test,2020-M009,3,777,13,0.0,0.5
test,2020-M009,3,777,14,0.0,0.4999999968422344
test,2020-M009,3,777,15,0.0,0.5000000092113623
test,2020-M009,4,778,0,0.0,0.49999998887142283
test,2020-M009,4,778,1,0.0,0.49999999683132046
test,2020-M009,4,778,2,0.0,0.5000000038780854
test,2020-M009,4,778,3,0.0,0.5000000286891009
test,2020-M009,4,778,4,1.0,0.5
test,2020-M009,4,778,5,1.0,0.49999999672945705
test,2020-M009,4,778,6,1.0,0.49999998480052454
test,2020-M009,4,778,7,0.0,0.5000000117397576
test,2020-M009,5,779,0,1.0,0.5000000149157131
test,2020-M009,5,779,1,0.0,0.5000000133040885
test,2020-M009,5,779,2,1.0,0.49999998770726967
test,2020-M009,5,779,3,0.0,0.500000011503289
test,2020-M009,6,780,0,1.0,0.5000000053405529
test,2020-M009,6,780,1,1.0,0.49999998849671107
test,2020-M009,7,781,0,1.0,0.5000000207146513
test,2020-M024,2,763,0,0.0,0.49999999098872644
test,2020-M024,2,763,1,1.0,0.4999999886495062
test,2020-M024,2,763,2,0.0,0.5000000030704541
test,2020-M024,2,763,3,0.0,0.4999999917745299
test,2020-M024,2,763,4,1.0,0.4999999809224392
test,2020-M024,2,763,5,1.0,0.5000000103864295
test,2020-M024,2,763,6,0.0,0.5000000079744495
test,2020-M024,2,763,7,0.0,0.4999999977044354
test,2020-M024,2,763,8,1.0,0.49999999560895964
test,2020-M024,2,763,9,1.0,0.500000001884473
test,2020-M024,2,763,10,1.0,0.500000005326001
test,2020-M024,2,763,11,1.0,0.5
test,2020-M024,2,763,12,1.0,0.49999999202555045
test,2020-M024,2,763,13,1.0,0.5000000271938916
test,2020-M024,2,763,14,0.0,0.5000000153886504
test,2020-M024,2,763,15,1.0,0.5000000107793312
test,2020-M024,2,763,16,0.0,0.4999999904248397
test,2020-M024,2,763,17,1.0,0.500000014413672
test,2020-M024,2,763,18,0.0,0.4999999969295459
test,2020-M024,2,763,19,0.0,0.500000001884473
test,2020-M024,2,763,20,1.0,0.4999999854808266
test,2020-M024,2,763,21,0.0,0.5000000050531526
test,2020-M024,2,763,22,1.0,0.5
test,2020-M024,2,763,23,1.0,0.5000000028994691
test,2020-M024,3,764,0,0.0,0.5000000030595402
test,2020-M024,3,764,1,0.0,0.5
test,2020-M024,3,764,2,0.0,0.49999997750273906
test,2020-M024,3,764,3,1.0,0.4999999932224455
test,2020-M024,3,764,4,0.0,0.4999999759056664
test,2020-M024,3,764,5,1.0,0.4999999906540324
test,2020-M024,3,764,6,0.0,0.49999995802863845
test,2020-M024,3,764,7,0.0,0.5
test,2020-M024,3,764,8,0.0,0.4999999901519913
test,2020-M024,3,764,9,1.0,0.4999999844731065
test,2020-M024,3,764,10,1.0,0.500000018535502
test,2020-M024,3,764,11,1.0,0.5000000079744495
test,2020-M024,3,764,12,0.0,0.49999998571729515
test,2020-M024,3,764,13,1.0,0.49999999493593356
test,2020-M024,3,764,14,1.0,0.5000000145264494
test,2020-M024,3,764,15,1.0,0.49999999131250655
test,2020-M024,4,765,0,0.0,0.5
test,2020-M024,4,765,1,0.0,0.4999999825886334
test,2020-M024,4,765,2,0.0,0.5000000151885615
test,2020-M024,4,765,3,1.0,0.5000000132749847
test,2020-M024,4,765,4,1.0,0.4999999863066477
test,2020-M024,4,765,5,0.0,0.499999986255716
test,2020-M024,4,765,6,0.0,0.5000000031723175
test,2020-M024,4,765,7,0.0,0.4999999950996426
test,2020-M024,5,766,0,1.0,0.4999999949432095
test,2020-M024,5,766,1,0.0,0.5000000151921995
test,2020-M024,5,766,2,1.0,0.49999998381099436
test,2020-M024,5,766,3,1.0,0.5000000111358531
test,2020-M024,6,767,0,0.0,0.49999999500869313
test,2020-M024,6,767,1,0.0,0.49999999727879185
test,2020-M024,7,768,0,1.0,0.49999999255669536
train,2011-1536,2,27,0,0.0,0.49999999015926727
train,2011-1536,2,27,1,1.0,0.5000000151885615
train,2011-1536,2,27,2,0.0,0.5000000169675332
train,2011-1536,2,27,3,1.0,0.49999998632119963
train,2011-1536,2,27,4,0.0,0.4999999978354026
train,2011-1536,2,27,5,1.0,0.499999986088369
train,2011-1536,2,27,6,1.0,0.49999998697603587
train,2011-1536,2,27,7,0.0,0.5000000027284841
train,2011-1536,2,27,8,1.0,0.5000000053332769
train,2011-1536,2,27,9,0.0,0.499999994346581
train,2011-1536,2,27,10,1.0,0.5000000086874934
train,2011-1536,2,27,11,1.0,0.5000000140607881
train,2011-1536,2,27,12,1.0,0.5000000038780854
train,2011-1536,2,27,13,1.0,0.4999999863066477
train,2011-1536,2,27,14,1.0,0.5000000377076503
train,2011-1536,2,27,15,0.0,0.4999999944848242
train,2011-1536,2,27,16,0.0,0.4999999946667231
train,2011-1536,2,27,17,1.0,0.5000000103900675
train,2011-1536,2,27,18,0.0,0.4999999804094841
train,2011-1536,2,27,19,1.0,0.49999998303246684
train,2011-1536,2,27,20,0.0,0.5000000103900675
train,2011-1536,2,27,21,1.0,0.5000000027284841
train,2011-1536,2,27,22,0.0,0.5000000030086085
train,2011-1536,2,27,23,0.0,0.4999999812498573
train,2011-1536,3,28,0,1.0,0.49999998559724185
train,2011-1536,3,28,1,0.0,0.5000000050567905
train,2011-1536,3,28,2,0.0,0.5000000136897143
train,2011-1536,3,28,3,0.0,0.49999999959982233
train,2011-1536,3,28,4,1.0,0.5000000084000931
train,2011-1536,3,28,5,1.0,0.49999999176725396
train,2011-1536,3,28,6,1.0,0.5000000048930815
train,2011-1536,3,28,7,1.0,0.5000000050567905
train,2011-1536,3,28,8,1.0,0.500000005326001
train,2011-1536,3,28,9,0.0,0.5000000079890015
train,2011-1536,3,28,10,1.0,0.5000000055115379
train,2011-1536,3,28,11,0.0,0.49999999721330823
train,2011-1536,3,28,12,1.0,0.5000000082909537
train,2011-1536,3,28,13,0.0,0.4999999868705345
train,2011-1536,3,28,14,1.0,0.5
train,2011-1536,3,28,15,0.0,0.5000000038817234
train,2011-1536,4,29,0,0.0,0.5000000190811988
train,2011-1536,4,29,1,0.0,0.5000000006621121
train,2011-1536,4,29,2,1.0,0.5000000050531526
train,2011-1536,4,29,3,1.0,0.5000000111285772
train,2011-1536,4,29,4,0.0,0.5000000090149115
train,2011-1536,4,29,5,0.0,0.5000000195868779
train,2011-1536,4,29,6,1.0,0.5
train,2011-1536,4,29,7,0.0,0.5
train,2011-1536,5,30,0,1.0,0.49999999460851546
train,2011-1536,5,30,1,1.0,0.49999999176725396
train,2011-1536,5,30,2,0.0,0.5000000139152689
train,2011-1536,5,30,3,0.0,0.49999998546991264
train,2011-1536,6,31,0,1.0,0.4999999939464033
train,2011-1536,6,31,1,1.0,0.5000000059590093
train,2011-1536,7,32,0,1.0,0.5000000092222763
train,2011-352,2,78,0,0.0,0.4999999947867764
train,2011-352,2,78,1,0.0,0.49999999171632226
train,2011-352,2,78,2,1.0,0.5000000151521817
train,2011-352,2,78,3,0.0,0.5000000117361196
train,2011-352,2,78,4,1.0,0.49999998419298214
train,2011-352,2,78,5,0.0,0.5000000050167728
train,2011-352,2,78,6,0.0,0.5000000111394911
train,2011-352,2,78,7,0.0,0.5000000030704541
train,2011-352,2,78,8,1.0,0.4999999979045242
train,2011-352,2,78,9,1.0,0.5000000056461431
train,2011-352,2,78,10,0.0,0.49999998394923756
train,2011-352,2,78,11,1.0,0.500000013042154
train,2011-352,2,78,12,0.0,0.5
train,2011-352,2,78,13,0.0,0.4999999759129424
train,2011-352,2,78,14,0.0,0.5000000056461431
train,2011-352,2,78,15,0.0,0.49999999160354486
train,2011-352,3,79,0,0.0,0.4999999882675184
train,2011-352,3,79,1,1.0,0.5000000021609594
train,2011-352,3,79,2,0.0,0.5000000197505869
train,2011-352,3,79,3,1.0,0.5000000031686795
train,2011-352,3,79,4,0.0,0.4999999977007974
train,2011-352,3,79,5,0.0,0.4999999969404598
train,2011-352,3,79,6,1.0,0.500000013904355
train,2011-352,3,79,7,1.0,0.49999999795181793
train,2011-352,3,79,8,0.0,0.4999999946667231
train,2011-352,3,79,9,0.0,0.5
train,2011-352,3,79,10,1.0,0.500000007381459
train,2011-352,3,79,11,1.0,0.5
train,2011-352,3,79,12,0.0,0.4999999977007974
train,2011-352,3,79,13,0.0,0.4999999725732777
train,2011-352,3,79,14,1.0,0.4999999889951141
train,2011-352,3,79,15,1.0,0.4999999823994585
train,2011-352,4,80,0,0.0,0.4999999978354026
train,2011-352,4,80,1,0.0,0.4999999833307811
train,2011-352,4,80,2,0.0,0.4999999969295459
train,2011-352,4,80,3,0.0,0.5000000031723175
train,2011-352,4,80,4,0.0,0.50000000583168
train,2011-352,4,80,5,0.0,0.5000000050567905
train,2011-352,4,80,6,1.0,0.49999999795181793
train,2011-352,4,80,7,1.0,0.5000000247018761
train,2011-352,5,81,0,1.0,0.5
train,2011-352,5,81,1,0.0,0.49999999510691856
train,2011-352,5,81,2,1.0,0.5
train,2011-352,5,81,3,0.0,0.4999999667124939
train,2011-352,6,82,0,1.0,0.49999998960629455
train,2011-352,6,82,1,0.0,0.50000001751323
train,2011-352,7,83,0,1.0,0.49999999703868525
train,2011-403,1,14,0,0.0,0.4999999859464878
train,2011-403,1,14,1,0.0,0.5000000111285772
train,2011-403,1,14,2,1.0,0.49999999131250655
train,2011-403,1,14,3,1.0,0.4999999892570486
train,2011-403,1,14,4,0.0,0.5000000079344318
train,2011-403,1,14,5,0.0,0.5000000055115379
train,2011-403,1,14,6,0.0,0.5000000117433956
train,2011-403,1,14,7,0.0,0.49999999448846216
train,2011-403,1,14,8,1.0,0.5
train,2011-403,1,14,9,1.0,0.4999999966530595
train,2011-403,1,14,10,0.0,0.4999999921928975
train,2011-403,1,14,11,0.0,0.4999999904321157
train,2011-403,1,14,12,1.0,0.4999999915962689
train,2011-403,1,14,13,1.0,0.4999999833016773
train,2011-403,1,14,14,1.0,0.49999998098064685
train,2011-403,1,14,15,0.0,0.5000000111285772
train,2011-403,1,14,16,1.0,0.5000000058826117
train,2011-403,1,14,17,1.0,0.5000000085638021
train,2011-403,1,14,18,0.0,0.5000000109757821
train,2011-403,1,14,19,0.0,0.49999999801730155
train,2011-403,1,14,20,0.0,0.5000000103937055
train,2011-403,1,14,21,1.0,0.4999999766914698
train,2011-403,1,14,22,1.0,0.5000000033469405
train,2011-403,1,14,23,1.0,0.5000000307954906
train,2011-403,1,14,24,1.0,0.5000000082909537
train,2011-403,1,14,25,1.0,0.5000000137879397
train,2011-403,1,14,26,1.0,0.5000000038780854
train,2011-403,1,14,27,1.0,0.5000000117433956
train,2011-403,1,14,28,0.0,0.5000000166655809
train,2011-403,1,14,29,1.0,0.50000002539673
train,2011-403,1,14,30,1.0,0.49999999683132046
train,2011-403,1,14,31,0.0,0.5000000208419806
train,2011-403,2,15,0,0.0,0.49999999720967025
train,2011-403,2,15,1,0.0,0.4999999968276825
train,2011-403,2,15,2,1.0,0.5000000151921995
train,2011-403,2,15,3,0.0,0.49999999802093953
train,2011-403,2,15,4,0.0,0.4999999896135705
train,2011-403,2,15,5,0.0,0.4999999855863279
train,2011-403,2,15,6,0.0,0.4999999780848157
train,2011-403,2,15,7,0.0,0.5000000140535121
train,2011-403,2,15,8,1.0,0.5000000208383426
train,2011-403,2,15,9,0.0,0.5
train,2011-403,2,15,10,0.0,0.4999999968276825
train,2011-403,2,15,11,1.0,0.5000000083964551
train,2011-403,2,15,12,0.0,0.5000000006693881
train,2011-403,2,15,13,1.0,0.4999999833307811
train,2011-403,2,15,14,0.0,0.5000000027357601
train,2011-403,2,15,15,0.0,0.500000005842594
train,2011-403,2,15,16,1.0,0.4999999913234205
train,2011-403,2,15,17,0.0,0.500000018535502
train,2011-403,2,15,18,0.0,0.4999999966530595
train,2011-403,2,15,19,0.0,0.49999999171632226
train,2011-403,2,15,20,1.0,0.5000000033469405
train,2011-403,2,15,21,0.0,0.5000000179752533
train,2011-403,2,15,22,1.0,0.4999999917745299
train,2011-403,2,15,23,1.0,0.5
train,2011-403,2,15,24,1.0,0.499999992614903
train,2011-403,2,15,25,1.0,0.5000000165819074
train,2011-403,2,15,26,0.0,0.4999999883730198
train,2011-403,2,15,27,1.0,0.5000000031723175
train,2011-403,2,15,28,1.0,0.5000000133077265
train,2011-403,2,15,29,0.0,0.5000000079890015
train,2011-403,2,15,30,0.0,0.4999999982319423
train,2011-403,2,15,31,0.0,0.5000000107283995
train,2011-403,3,16,0,0.0,0.4999999866995495
train,2011-403,3,16,1,0.0,0.5000000086874934
train,2011-403,3,16,2,0.0,0.499999992618541
train,2011-403,3,16,3,0.0,0.5
train,2011-403,3,16,4,1.0,0.499999996740371
train,2011-403,3,16,5,1.0,0.4999999820429366
train,2011-403,3,16,6,0.0,0.500000005500624
train,2011-403,3,16,7,1.0,0.49999999416832
train,2011-403,3,16,8,0.0,0.49999999683132046
train,2011-403,3,16,9,1.0,0.5000000231048034
train,2011-403,3,16,10,1.0,0.5000000297404767
train,2011-403,3,16,11,1.0,0.5000000047912181
train,2011-403,3,16,12,0.0,0.4999999946667231
train,2011-403,3,16,13,0.0,0.4999999930987542
train,2011-403,3,16,14,0.0,0.4999999966530595
train,2011-403,3,16,15,1.0,0.49999999520878197
train,2011-403,4,17,0,1.0,0.5000000201252988
train,2011-403,4,17,1,0.0,0.5000000050567905
train,2011-403,4,17,2,1.0,0.4999999956671673
train,2011-403,4,17,3,1.0,0.4999999901556293
train,2011-403,4,17,4,0.0,0.5000000176005415
train,2011-403,4,17,5,1.0,0.5000000033469405
train,2011-403,4,17,6,1.0,0.5000000059080776
train,2011-403,4,17,7,1.0,0.4999999994543032
train,2011-403,5,18,0,1.0,0.49999998558268993
train,2011-403,5,18,1,0.0,0.4999999854771886
train,2011-403,5,18,2,0.0,0.49999999782812665
train,2011-403,5,18,3,0.0,0.5000000171894499
train,2011-403,6,19,0,0.0,0.5
train,2011-403,6,19,1,1.0,0.4999999944266165
train,2011-403,7,20,0,1.0,0.5000000085310603
train,2011-404,1,7,0,0.0,0.49999999709325493
train,2011-404,1,7,1,1.0,0.5000000027794158
train,2011-404,1,7,2,0.0,0.5
train,2011-404,1,7,3,0.0,0.5000000156105671
train,2011-404,1,7,4,0.0,0.5000000102263584
train,2011-404,1,7,5,0.0,0.5000000114596332
train,2011-404,1,7,6,0.0,0.5000000038198777
train,2011-404,1,7,7,1.0,0.5
train,2011-404,1,7,8,0.0,0.5000000035324774
train,2011-404,1,7,9,0.0,0.4999999869723979
train,2011-404,1,7,10,0.0,0.49999999220017344
train,2011-404,1,7,11,1.0,0.49999998865678213
train,2011-404,1,7,12,0.0,0.49999998621206027
train,2011-404,1,7,13,0.0,0.49999998728890205
train,2011-404,1,7,14,1.0,0.49999998825660447
train,2011-404,1,7,15,1.0,0.49999999393912736
train,2011-404,1,7,16,1.0,0.4999999686260707
train,2011-404,1,7,17,0.0,0.49999998621206027
train,2011-404,1,7,18,1.0,0.5000000062209438
train,2011-404,1,7,19,1.0,0.5000000048930815
train,2011-404,1,7,20,1.0,0.5000000031686795
train,2011-404,1,7,21,1.0,0.5
train,2011-404,1,7,22,1.0,0.4999999966530595
train,2011-404,1,7,23,0.0,0.4999999915962689
train,2011-404,1,7,24,1.0,0.4999999892570486
train,2011-404,1,7,25,0.0,0.5000000160507625
train,2011-404,1,7,26,1.0,0.5000000078071025
train,2011-404,1,7,27,0.0,0.5000000111285772
train,2011-404,1,7,28,1.0,0.49999999683132046
train,2011-404,1,7,29,0.0,0.49999999510691856
train,2011-404,1,7,30,1.0,0.5
train,2011-404,1,7,31,1.0,0.49999999448846216
train,2011-404,2,8,0,0.0,0.5000000031723175
train,2011-404,2,8,1,0.0,0.5
train,2011-404,2,8,2,1.0,0.5000000052132236
train,2011-404,2,8,3,1.0,0.5000000079744495
train,2011-404,2,8,4,0.0,0.4999999892716005
train,2011-404,2,8,5,1.0,0.500000018535502
train,2011-404,2,8,6,1.0,0.5000000050167728
train,2011-404,2,8,7,0.0,0.49999999511055654
train,2011-404,2,8,8,1.0,0.5000000086765795
train,2011-404,2,8,9,1.0,0.49999999616920837
train,2011-404,2,8,10,1.0,0.4999999971005309
train,2011-404,2,8,11,1.0,0.49999999171632226
train,2011-404,2,8,12,1.0,0.5000000033469405
train,2011-404,2,8,13,0.0,0.49999999435385695
train,2011-404,2,8,14,0.0,0.49999996029873733
train,2011-404,2,8,15,0.0,0.4999999968276825
train,2011-404,2,8,16,1.0,0.5000000033469405
train,2011-404,2,8,17,0.0,0.5000000048494257
train,2011-404,2,8,18,1.0,0.4999999854626367
train,2011-404,2,8,19,0.0,0.49999999144711177
train,2011-404,2,8,20,1.0,0.5000000047875801
train,2011-404,2,8,21,0.0,0.500000018535502
train,2011-404,2,8,22,0.0,0.4999999964602466
train,2011-404,2,8,23,0.0,0.49999999419742386
train,2011-404,2,8,24,0.0,0.49999996672340785
train,2011-404,2,8,25,1.0,0.4999999947031029
train,2011-404,2,8,26,0.0,0.4999999883730198
train,2011-404,2,8,27,0.0,0.5000000031723175
train,2011-404,2,8,28,1.0,0.500000018535502
train,2011-404,2,8,29,0.0,0.4999999888605089
train,2011-404,2,8,30,1.0,0.4999999994543032
train,2011-404,2,8,31,1.0,0.4999999966530595
train,2011-404,3,9,0,0.0,0.5000000160544005
train,2011-404,3,9,1,1.0,0.500000018535502
train,2011-404,3,9,2,0.0,0.4999999759056664
train,2011-404,3,9,3,0.0,0.5000000091858965
train,2011-404,3,9,4,1.0,0.4999999944993761
train,2011-404,3,9,5,0.0,0.5000000171930878
train,2011-404,3,9,6,1.0,0.5000000158070179
train,2011-404,3,9,7,1.0,0.5000000027757778
train,2011-404,3,9,8,1.0,0.5000000061336323
train,2011-404,3,9,9,0.0,0.5000000052204996
train,2011-404,3,9,10,0.0,0.5000000111394911
train,2011-404,3,9,11,1.0,0.4999999848078005
train,2011-404,3,9,12,0.0,0.49999998609564494
train,2011-404,3,9,13,0.0,0.5000000020481821
train,2011-404,3,9,14,0.0,0.4999999911015038
train,2011-404,3,9,15,1.0,0.4999999812425813
train,2011-404,4,10,0,1.0,0.5
train,2011-404,4,10,1,0.0,0.5000000133077265
train,2011-404,4,10,2,0.0,0.5000000050567905
train,2011-404,4,10,3,1.0,0.4999999946667231
train,2011-404,4,10,4,0.0,0.500000018531864
train,2011-404,4,10,5,1.0,0.5000000208383426
train,2011-404,4,10,6,1.0,0.5000000332693162
train,2011-404,4,10,7,1.0,0.4999999994543032
train,2011-404,5,11,0,1.0,0.5000000021718733
train,2011-404,5,11,1,1.0,0.5000000053369149
train,2011-404,5,11,2,0.0,0.49999998144994606
train,2011-404,5,11,3,0.0,0.5000000279687811
train,2011-404,6,12,0,1.0,0.5000000029467628
train,2011-404,6,12,1,1.0,0.4999999822757672
train,2011-404,7,13,0,1.0,0.5000000085310603
train,2011-410,2,21,0,0.0,0.5000000060572347
train,2011-410,2,21,1,1.0,0.5000000234504114
train,2011-410,2,21,2,1.0,0.4999999978354026
train,2011-410,2,21,3,0.0,0.4999999968385964
train,2011-410,2,21,4,0.0,0.4999999949432095
train,2011-410,2,21,5,1.0,0.4999999746360117
train,2011-410,2,21,6,0.0,0.5000000113577698
train,2011-410,2,21,7,0.0,0.49999999938881956
train,2011-410,2,21,8,0.0,0.499999992622179
train,2011-410,2,21,9,1.0,0.49999997797567636
train,2011-410,2,21,10,1.0,0.4999999968385964
train,2011-410,2,21,11,0.0,0.5000000033396645
train,2011-410,2,21,12,0.0,0.4999999978354026
train,2011-410,2,21,13,1.0,0.5000000220243237
train,2011-410,2,21,14,0.0,0.500000025404006
train,2011-410,2,21,15,1.0,0.4999999977007974
train,2011-410,2,21,16,0.0,0.5000000053332769
train,2011-410,2,21,17,0.0,0.4999999848114385
train,2011-410,2,21,18,1.0,0.49999999158899294
train,2011-410,2,21,19,0.0,0.49999998593921186
train,2011-410,2,21,20,1.0,0.5000000027284841
train,2011-410,2,21,21,0.0,0.49999998820567276
train,2011-410,2,21,22,0.0,0.49999998926068656
train,2011-410,2,21,23,0.0,0.5000000268155418
train,2011-410,3,22,0,0.0,0.4999999921892595
train,2011-410,3,22,1,1.0,0.5000000091786205
train,2011-410,3,22,2,0.0,0.5000000190193532
train,2011-410,3,22,3,0.0,0.49999999176725396
train,2011-410,3,22,4,0.0,0.5000000027321221
train,2011-410,3,22,5,0.0,0.4999999940919225
train,2011-410,3,22,6,1.0,0.4999999914398358
train,2011-410,3,22,7,1.0,0.49999998546991264
train,2011-410,3,22,8,0.0,0.4999999883839337
train,2011-410,3,22,9,1.0,0.5000000151885615
train,2011-410,3,22,10,0.0,0.49999999375359044
train,2011-410,3,22,11,1.0,0.5000000312647899
train,2011-410,3,22,12,1.0,0.5000000160616764
train,2011-410,3,22,13,1.0,0.4999999946739991
train,2011-410,3,22,14,0.0,0.5
train,2011-410,3,22,15,1.0,0.5000000050567905
train,2011-410,4,23,0,1.0,0.49999999612191465
train,2011-410,4,23,1,1.0,0.500000008407369
train,2011-410,4,23,2,0.0,0.5000000220134098
train,2011-410,4,23,3,0.0,0.49999998624844005
train,2011-410,4,23,4,1.0,0.49999997750637704
train,2011-410,4,23,5,0.0,0.5000000061299943
train,2011-410,4,23,6,0.0,0.5000000130203262
train,2011-410,4,23,7,0.0,0.5000000029031071
train,2011-410,5,24,0,1.0,0.49999998571729515
train,2011-410,5,24,1,0.0,0.4999999799692887
train,2011-410,5,24,2,1.0,0.4999999804131221
train,2011-410,5,24,3,0.0,0.5000000082800398
train,2011-410,6,25,0,1.0,0.49999999693318387
train,2011-410,6,25,1,1.0,0.4999999877145456
train,2011-410,7,26,0,1.0,0.5000000053114491
train,2011-416,2,33,0,1.0,0.4999999978899723
train,2011-416,2,33,1,0.0,0.5000000056534191
train,2011-416,2,33,2,0.0,0.5
train,2011-416,2,33,3,0.0,0.49999997797567636
train,2011-416,2,33,4,1.0,0.49999999110877974
train,2011-416,2,33,5,1.0,0.5000000053332769
train,2011-416,2,33,6,0.0,0.4999999978354026
train,2011-416,2,33,7,1.0,0.5000000091895345
train,2011-416,2,33,8,1.0,0.5000000056861609
train,2011-416,2,33,9,0.0,0.5000000047948561
train,2011-416,2,33,10,1.0,0.49999999478313845
train,2011-416,2,33,11,1.0,0.5000000006111804
train,2011-416,2,33,12,1.0,0.49999998330531525
train,2011-416,2,33,13,0.0,0.49999998926068656
train,2011-416,2,33,14,1.0,0.5000000117433956
train,2011-416,2,33,15,0.0,0.5000000103900675
train,2011-416,2,33,16,1.0,0.5000000056534191
train,2011-416,2,33,17,1.0,0.4999999954452506
train,2011-416,2,33,18,1.0,0.5
train,2011-416,2,33,19,0.0,0.5000000031614036
train,2011-416,2,33,20,1.0,0.5000000086874934
train,2011-416,2,33,21,0.0,0.4999999839565135
train,2011-416,2,33,22,0.0,0.5000000053332769
train,2011-416,2,33,23,0.0,0.500000013911631
train,2011-416,3,34,0,1.0,0.5
train,2011-416,3,34,1,1.0,0.4999999848114385
train,2011-416,3,34,2,0.0,0.4999999889987521
train,2011-416,3,34,3,1.0,0.5000000062464096
train,2011-416,3,34,4,1.0,0.4999999978390406
train,2011-416,3,34,5,0.0,0.499999992618541
train,2011-416,3,34,6,0.0,0.49999998647399474
train,2011-416,3,34,7,1.0,0.5000000111285772
train,2011-416,3,34,8,1.0,0.49999998571729515
train,2011-416,3,34,9,0.0,0.5000000030704541
train,2011-416,3,34,10,0.0,0.5000000050567905
train,2011-416,3,34,11,0.0,0.5000000031577656
train,2011-416,3,34,12,0.0,0.4999999848114385
train,2011-416,3,34,13,1.0,0.5000000050276867
train,2011-416,3,34,14,1.0,0.4999999949432095
train,2011-416,3,34,15,1.0,0.49999999611827667
train,2011-416,4,35,0,0.0,0.500000003270543
train,2011-416,4,35,1,1.0,0.49999999783176463
train,2011-416,4,35,2,1.0,0.5000000171967258
train,2011-416,4,35,3,1.0,0.5000000030631782
train,2011-416,4,35,4,0.0,0.49999998960265657
train,2011-416,4,35,5,1.0,0.5000000053332769
train,2011-416,4,35,6,0.0,0.4999999901519913
train,2011-416,4,35,7,1.0,0.5
train,2011-416,5,36,0,0.0,0.5000000190811988
train,2011-416,5,36,1,0.0,0.5000000133040885
train,2011-416,5,36,2,0.0,0.49999999898136593
train,2011-416,5,36,3,1.0,0.4999999949432095
train,2011-416,6,37,0,0.0,0.5000000038817234
train,2011-416,6,37,1,1.0,0.4999999969295459
train,2011-416,7,38,0,1.0,0.5000000092222763
train,2011-421,2,53,0,1.0,0.500000007385097
train,2011-421,2,53,1,0.0,0.4999999940373528
train,2011-421,2,53,2,0.0,0.4999999922038114
train,2011-421,2,53,3,1.0,0.5000000190775609
train,2011-421,2,53,4,0.0,0.4999999917745299
train,2011-421,2,53,5,1.0,0.5000000240870577
train,2011-421,2,53,6,0.0,0.4999999960782589
train,2011-421,2,53,7,1.0,0.5000000029940566
train,2011-421,2,53,8,0.0,0.4999999833307811
train,2011-421,2,53,9,0.0,0.499999989016942
train,2011-421,2,53,10,0.0,0.500000007385097
train,2011-421,2,53,11,1.0,0.5000000027357601
train,2011-421,2,53,12,0.0,0.49999998394923756
train,2011-421,2,53,13,0.0,0.49999999849751475
train,2011-421,2,53,14,0.0,0.500000005326001
train,2011-421,2,53,15,1.0,0.49999999720967025
train,2011-421,2,53,16,0.0,0.49999999726423994
train,2011-421,2,53,17,1.0,0.5000000005456968
train,2011-421,2,53,18,1.0,0.5000000219151843
train,2011-421,2,53,19,1.0,0.5000000005456968
train,2011-421,2,53,20,0.0,0.4999999768988345
train,2011-421,2,53,21,0.0,0.5000000024301698
train,2011-421,2,53,22,0.0,0.4999999966530595
train,2011-421,2,53,23,0.0,0.49999999783176463
train,2011-421,3,54,0,0.0,0.4999999961146387
train,2011-421,3,54,1,0.0,0.5000000027357601
train,2011-421,3,54,2,0.0,0.49999997807753976
train,2011-421,3,54,3,0.0,0.49999998333805706
train,2011-421,3,54,4,0.0,0.4999999886640581
train,2011-421,3,54,5,0.0,0.4999999940555427
train,2011-421,3,54,6,1.0,0.5000000058862497
train,2011-421,3,54,7,0.0,0.5000000103864295
train,2011-421,3,54,8,1.0,0.5000000006220944
train,2011-421,3,54,9,0.0,0.4999999883730198
train,2011-421,3,54,10,0.0,0.5000000079744495
train,2011-421,3,54,11,0.0,0.500000008232746
train,2011-421,3,54,12,0.0,0.5000000136933522
train,2011-421,3,54,13,1.0,0.5000000160544005
train,2011-421,3,54,14,1.0,0.5
train,2011-421,3,54,15,0.0,0.499999989016942
train,2011-421,4,55,0,0.0,0.5000000098443707
train,2011-421,4,55,1,0.0,0.4999999968276825
train,2011-421,4,55,2,0.0,0.5
train,2011-421,4,55,3,0.0,0.5000000020481821
train,2011-421,4,55,4,0.0,0.500000019739673
train,2011-421,4,55,5,0.0,0.5000000107720552
train,2011-421,4,55,6,0.0,0.5000000033469405
train,2011-421,4,55,7,0.0,0.5
train,2011-421,5,56,0,1.0,0.5000000053369149
train,2011-421,5,56,1,0.0,0.5000000050567905
train,2011-421,5,56,2,0.0,0.49999999466308515
train,2011-421,5,56,3,0.0,0.500000016651029
train,2011-421,6,57,0,1.0,0.5
train,2011-421,6,57,1,0.0,0.49999999188730726
train,2011-421,7,58,0,1.0,0.5
train,2011-422,2,59,0,1.0,0.4999999947867764
train,2011-422,2,59,1,1.0,0.4999999780848157
train,2011-422,2,59,2,1.0,0.499999989016942
train,2011-422,2,59,3,0.0,0.5000000006184564
train,2011-422,2,59,4,0.0,0.500000007385097
train,2011-422,2,59,5,1.0,0.5000000077961886
train,2011-422,2,59,6,0.0,0.49999999783176463
train,2011-422,2,59,7,1.0,0.49999998394923756
train,2011-422,2,59,8,1.0,0.5000000091858965
train,2011-422,2,59,9,0.0,0.49999998330895323
train,2011-422,2,59,10,0.0,0.5000000031723175
train,2011-422,2,59,11,0.0,0.5
train,2011-422,2,59,12,1.0,0.4999999966530595
train,2011-422,2,59,13,1.0,0.5000000061263563
train,2011-422,2,59,14,1.0,0.49999999448846216
train,2011-422,2,59,15,0.0,0.5000000031723175
train,2011-422,2,59,16,0.0,0.5
train,2011-422,2,59,17,0.0,0.49999999849751475
train,2011-422,2,59,18,0.0,0.4999999966530595
train,2011-422,2,59,19,1.0,0.49999998394923756
train,2011-422,2,59,20,0.0,0.4999999977044354
train,2011-422,2,59,21,0.0,0.5000000056461431
train,2011-422,2,59,22,1.0,0.49999999015926727
train,2011-422,2,59,23,1.0,0.5000000175859896
train,2011-422,3,60,0,1.0,0.4999999939500413
train,2011-422,3,60,1,0.0,0.5000000021100277
train,2011-422,3,60,2,0.0,0.5000000197505869
train,2011-422,3,60,3,1.0,0.500000010983058
train,2011-422,3,60,4,0.0,0.5000000240943336
train,2011-422,3,60,5,1.0,0.499999989016942
train,2011-422,3,60,6,0.0,0.4999999966530595
train,2011-422,3,60,7,1.0,0.4999999823994585
train,2011-422,3,60,8,0.0,0.4999999888605089
train,2011-422,3,60,9,1.0,0.5000000117470336
train,2011-422,3,60,10,0.0,0.4999999921892595
train,2011-422,3,60,11,1.0,0.4999999869687599
train,2011-422,3,60,12,0.0,0.4999999944993761
train,2011-422,3,60,13,0.0,0.5000000050313247
train,2011-422,3,60,14,1.0,0.5000000103864295
train,2011-422,3,60,15,0.0,0.49999999683132046
train,2011-422,4,61,0,1.0,0.5000000031723175
train,2011-422,4,61,1,1.0,0.5000000160507625
train,2011-422,4,61,2,1.0,0.5000000133077265
train,2011-422,4,61,3,1.0,0.5000000091786205
train,2011-422,4,61,4,1.0,0.5000000140535121
train,2011-422,4,61,5,0.0,0.4999999946667231
train,2011-422,4,61,6,1.0,0.4999999967258191
train,2011-422,4,61,7,0.0,0.5
train,2011-422,5,62,0,0.0,0.5000000050567905
train,2011-422,5,62,1,0.0,0.49999998886414687
train,2011-422,5,62,2,1.0,0.5000000084000931
train,2011-422,5,62,3,1.0,0.5000000092259143
train,2011-422,6,63,0,1.0,0.49999999255669536
train,2011-422,6,63,1,0.0,0.4999999971332727
train,2011-422,7,64,0,0.0,0.4999999971332727
train,2011-5014,2,72,0,1.0,0.5000000027903297
train,2011-5014,2,72,1,0.0,0.4999999913234205
train,2011-5014,2,72,2,1.0,0.4999999892716005
train,2011-5014,2,72,3,0.0,0.499999986957846
train,2011-5014,2,72,4,1.0,0.5000000027357601
train,2011-5014,2,72,5,1.0,0.4999999859464878
train,2011-5014,2,72,6,0.0,0.5000000031723175
train,2011-5014,2,72,7,0.0,0.4999999882020348
train,2011-5014,2,72,8,0.0,0.5
train,2011-5014,2,72,9,0.0,0.5000000006184564
train,2011-5014,2,72,10,1.0,0.5000000086765795
train,2011-5014,2,72,11,1.0,0.5
train,2011-5014,2,72,12,0.0,0.5000000055115379
train,2011-5014,2,72,13,1.0,0.49999998419298214
train,2011-5014,2,72,14,0.0,0.5000000004729372
train,2011-5014,2,72,15,0.0,0.5000000064210326
train,2011-5014,2,72,16,0.0,0.5000000082254701
train,2011-5014,2,72,17,1.0,0.49999999783176463
train,2011-5014,2,72,18,0.0,0.5000000091858965
train,2011-5014,2,72,19,0.0,0.5000000140535121
train,2011-5014,2,72,20,0.0,0.4999999946739991
train,2011-5014,2,72,21,1.0,0.4999999834726623
train,2011-5014,2,72,22,0.0,0.5000000117506715
train,2011-5014,2,72,23,0.0,0.4999999913234205
train,2011-5014,3,73,0,1.0,0.5000000061336323
train,2011-5014,3,73,1,1.0,0.5000000031686795
train,2011-5014,3,73,2,1.0,0.5000000091858965
train,2011-5014,3,73,3,0.0,0.500000010983058
train,2011-5014,3,73,4,1.0,0.4999999969404598
train,2011-5014,3,73,5,0.0,0.5000000027357601
train,2011-5014,3,73,6,0.0,0.49999999202555045
train,2011-5014,3,73,7,0.0,0.4999999966530595
train,2011-5014,3,73,8,1.0,0.5000000062427716
train,2011-5014,3,73,9,0.0,0.49999998853309086
train,2011-5014,3,73,10,1.0,0.5000000006220944
train,2011-5014,3,73,11,0.0,0.5000000224972609
train,2011-5014,3,73,12,1.0,0.5000000050313247
train,2011-5014,3,73,13,0.0,0.4999999888605089
train,2011-5014,3,73,14,1.0,0.5000000107356755
train,2011-5014,3,73,15,1.0,0.49999999078136165
train,2011-5014,4,74,0,0.0,0.4999999887331797
train,2011-5014,4,74,1,1.0,0.500000008407369
train,2011-5014,4,74,2,0.0,0.5000000091786205
train,2011-5014,4,74,3,0.0,0.4999999946667231
train,2011-5014,4,74,4,1.0,0.4999999833307811
train,2011-5014,4,74,5,0.0,0.500000010986696
train,2011-5014,4,74,6,0.0,0.4999999946667231
train,2011-5014,4,74,7,1.0,0.499999986088369
train,2011-5014,5,75,0,0.0,0.5000000080071914
train,2011-5014,5,75,1,1.0,0.4999999854771886
train,2011-5014,5,75,2,0.0,0.5000000022919266
train,2011-5014,5,75,3,1.0,0.5000000030777301
train,2011-5014,6,76,0,1.0,0.4999999919127731
train,2011-5014,6,76,1,0.0,0.49999998687417246
train,2011-5014,7,77,0,1.0,0.5000000164254743
train,2011-520,1,39,0,1.0,0.50000000858563
train,2011-520,1,39,1,1.0,0.5000000015024852
train,2011-520,1,39,2,1.0,0.5000000090731191
train,2011-520,1,39,3,0.0,0.5000000080835889
train,2011-520,1,39,4,1.0,0.49999998936618795
train,2011-520,1,39,5,1.0,0.5000000067157089
train,2011-520,1,39,6,0.0,0.4999999959582056
train,2011-520,1,39,7,1.0,0.500000011677912
train,2011-520,1,39,8,0.0,0.5000000047257345
train,2011-520,1,39,9,0.0,0.5
train,2011-520,1,39,10,0.0,0.5000000076543074
train,2011-520,1,39,11,0.0,0.500000009276846
train,2011-520,1,39,12,0.0,0.5000000017280399
train,2011-520,1,39,13,0.0,0.49999998877319746
train,2011-520,1,39,14,0.0,0.4999999934298103
train,2011-520,1,39,15,1.0,0.5000000132531568
train,2011-520,1,39,16,1.0,0.49999999707506504
train,2011-520,1,39,17,1.0,0.500000009276846
train,2011-520,1,39,18,0.0,0.499999990723154
train,2011-520,1,39,19,1.0,0.49999999755164026
train,2011-520,1,39,20,0.0,0.4999999825013219
train,2011-520,1,39,21,1.0,0.49999999707506504
train,2011-520,1,39,22,1.0,0.5
train,2011-520,1,39,23,1.0,0.500000010993972
train,2011-520,1,39,24,1.0,0.5000000166619429
train,2011-520,1,39,25,1.0,0.5000000011132215
train,2011-520,1,39,26,1.0,0.5
train,2011-520,1,39,27,0.0,0.5000000069412636
train,2011-520,1,39,28,1.0,0.49999997690974846
train,2011-520,1,39,29,1.0,0.4999999959582056
train,2011-520,1,39,30,0.0,0.5000000063773768
train,2011-520,1,39,31,1.0,0.5000000065701897
train,2011-520,1,39,32,0.0,0.4999999950123311
train,2011-520,1,39,33,0.0,0.5000000035070116
train,2011-520,1,39,34,1.0,0.4999999983701855
train,2011-520,1,39,35,0.0,0.5000000061227183
train,2011-520,1,39,36,0.0,0.5000000071158865
train,2011-520,1,39,37,1.0,0.5000000014733814
train,2011-520,1,39,38,0.0,0.4999999958236004
train,2011-520,1,39,39,0.0,0.49999998877319746
train,2011-520,1,39,40,0.0,0.49999999548526836
train,2011-520,1,39,41,0.0,0.500000010633812
train,2011-520,1,39,42,1.0,0.4999999883875717
train,2011-520,1,39,43,0.0,0.5000000121399353
train,2011-520,1,39,44,0.0,0.5000000016298145
train,2011-520,1,39,45,0.0,0.49999999755164026
train,2011-520,1,39,46,1.0,0.49999999375359044
train,2011-520,1,39,47,0.0,0.5000000089021341
train,2011-520,1,39,48,0.0,0.5000000017280399
train,2011-520,1,39,49,0.0,0.4999999805004336
train,2011-520,1,39,50,1.0,0.4999999981628207
train,2011-520,1,39,51,0.0,0.49999999707506504
train,2011-520,1,39,52,0.0,0.49999999375359044
train,2011-520,1,39,53,1.0,0.5000000065701897
train,2011-520,1,39,54,0.0,0.5000000050131348
train,2011-520,1,39,55,1.0,0.5000000126601662
train,2011-520,1,39,56,0.0,0.4999999843494152
train,2011-520,1,39,57,0.0,0.4999999987667252
train,2011-520,1,39,58,0.0,0.4999999799802026
train,2011-520,1,39,59,0.0,0.49999999559076974
train,2011-520,1,39,60,0.0,0.49999999305873644
train,2011-520,1,39,61,1.0,0.5000000156651367
train,2011-520,1,39,62,0.0,0.5
train,2011-520,1,39,63,0.0,0.4999999973260856
train,2011-520,2,40,0,1.0,0.5000000040381565
train,2011-520,2,40,1,1.0,0.4999999973224476
train,2011-520,2,40,2,0.0,0.5000000107429514
train,2011-520,2,40,3,0.0,0.49999999746432877
train,2011-520,2,40,4,0.0,0.5000000025356712
train,2011-520,2,40,5,1.0,0.4999999932879291
train,2011-520,2,40,6,1.0,0.49999999755164026
train,2011-520,2,40,7,0.0,0.5000000073414412
train,2011-520,2,40,8,0.0,0.5
train,2011-520,2,40,9,0.0,0.5000000070940587
train,2011-520,2,40,10,0.0,0.5000000062427716
train,2011-520,2,40,11,1.0,0.4999999937572284
train,2011-520,2,40,12,0.0,0.49999998716884875
train,2011-520,2,40,13,0.0,0.5000000024483597
train,2011-520,2,40,14,0.0,0.4999999860665411
train,2011-520,2,40,15,1.0,0.4999999901265255
train,2011-520,2,40,16,1.0,0.4999999902720446
train,2011-520,2,40,17,0.0,0.4999999932879291
train,2011-520,2,40,18,1.0,0.500000010993972
train,2011-520,2,40,19,1.0,0.4999999914252839
train,2011-520,2,40,20,0.0,0.49999998772909754
train,2011-520,2,40,21,0.0,0.4999999932879291
train,2011-520,2,40,22,0.0,0.4999999904975993
train,2011-520,2,40,23,0.0,0.49999999574356485
train,2011-520,2,40,24,0.0,0.5000000042564352
train,2011-520,2,40,25,0.0,0.49999999212741386
train,2011-520,2,40,26,0.0,0.5000000029322109
train,2011-520,2,40,27,0.0,0.5000000038162398
train,2011-520,2,40,28,1.0,0.49999999093415676
train,2011-520,2,40,29,1.0,0.49999999212741386
train,2011-520,2,40,30,0.0,0.49999999815554474
train,2011-520,2,40,31,1.0,0.49999999885767465
train,2011-520,3,41,0,1.0,0.5000000044055923
train,2011-520,3,41,1,0.0,0.49999999049032334
train,2011-520,3,41,2,0.0,0.5000000078653102
train,2011-520,3,41,3,1.0,0.500000001200533
train,2011-520,3,41,4,1.0,0.4999999926658347
train,2011-520,3,41,5,0.0,0.5000000087820808
train,2011-520,3,41,6,1.0,0.4999999957326509
train,2011-520,3,41,7,0.0,0.49999998718340066
train,2011-520,3,41,8,1.0,0.49999998436032916
train,2011-520,3,41,9,0.0,0.500000002404704
train,2011-520,3,41,10,1.0,0.4999999894644134
train,2011-520,3,41,11,1.0,0.500000010993972
train,2011-520,3,41,12,1.0,0.5000000037362042
train,2011-520,3,41,13,0.0,0.4999999959545676
train,2011-520,3,41,14,0.0,0.5000000042673491
train,2011-520,3,41,15,1.0,0.4999999988503987
train,2011-520,4,42,0,1.0,0.5000000042600732
train,2011-520,4,42,1,1.0,0.5000000028230716
train,2011-520,4,42,2,0.0,0.49999999827196007
train,2011-520,4,42,3,1.0,0.5000000156469468
train,2011-520,4,42,4,0.0,0.49999999028295855
train,2011-520,4,42,5,1.0,0.49999999841384124
train,2011-520,4,42,6,0.0,0.49999999169813236
train,2011-520,4,42,7,0.0,0.5000000121290213
train,2011-520,5,43,0,0.0,0.4999999912179191
train,2011-520,5,43,1,1.0,0.4999999934225343
train,2011-520,5,43,2,0.0,0.4999999991960067
train,2011-520,5,43,3,0.0,0.5000000121362973
train,2011-520,6,44,0,0.0,0.5000000025320332
train,2011-520,6,44,1,1.0,0.49999998945349944
train,2011-520,7,45,0,0.0,0.5000000055588316
train,2011-540,1,46,0,0.0,0.5
train,2011-540,1,46,1,0.0,0.4999999834144546
train,2011-540,1,46,2,1.0,0.49999999726423994
train,2011-540,1,46,3,0.0,0.49999997256600176
train,2011-540,1,46,4,0.0,0.4999999799656507
train,2011-540,1,46,5,0.0,0.5000000021682354
train,2011-540,1,46,6,0.0,0.500000005326001
train,2011-540,1,46,7,1.0,0.5000000033578544
train,2011-540,1,46,8,0.0,0.5000000117433956
train,2011-540,1,46,9,1.0,0.4999999946739991
train,2011-540,1,46,10,1.0,0.4999999952160579
train,2011-540,1,46,11,0.0,0.4999999742176442
train,2011-540,1,46,12,0.0,0.5000000086838554
train,2011-540,1,46,13,0.0,0.4999999937608664
train,2011-540,1,46,14,1.0,0.5000000133077265
train,2011-540,1,46,15,0.0,0.49999999171632226
train,2011-540,1,46,16,0.0,0.4999999995234248
train,2011-540,1,46,17,1.0,0.49999999603460316
train,2011-540,1,46,18,0.0,0.5000000027866918
train,2011-540,1,46,19,0.0,0.49999999160718284
train,2011-540,1,46,20,1.0,0.5000000078107405
train,2011-540,1,46,21,1.0,0.4999999969295459
train,2011-540,1,46,22,0.0,0.5000000021682354
train,2011-540,1,46,23,0.0,0.49999999756983016
train,2011-540,1,46,24,0.0,0.5000000322033884
train,2011-540,1,46,25,0.0,0.49999997318082023
train,2011-540,1,46,26,0.0,0.4999999920364644
train,2011-540,1,46,27,0.0,0.5000000007348717
train,2011-540,1,46,28,0.0,0.4999999833307811
train,2011-540,1,46,29,1.0,0.500000007727067
train,2011-540,1,46,30,1.0,0.5000000175859896
train,2011-540,1,46,31,0.0,0.5000000052132236
train,2011-540,1,46,32,1.0,0.500000024381734
train,2011-540,1,46,33,1.0,0.5000000050640665
train,2011-540,1,46,34,1.0,0.4999999774991011
train,2011-540,1,46,35,1.0,0.49999999783176463
train,2011-540,1,46,36,0.0,0.5000000058789738
train,2011-540,1,46,37,0.0,0.5000000177824404
train,2011-540,1,46,38,1.0,0.5
train,2011-540,1,46,39,0.0,0.49999997797931434
train,2011-540,1,46,40,1.0,0.499999997769919
train,2011-540,1,46,41,0.0,0.5000000052241376
train,2011-540,1,46,42,0.0,0.49999999934152584
train,2011-540,1,46,43,0.0,0.49999999617284635
train,2011-540,1,46,44,1.0,0.5000000189647835
train,2011-540,1,46,45,0.0,0.5
train,2011-540,1,46,46,1.0,0.5000000022992026
train,2011-540,1,46,47,0.0,0.4999999917745299
train,2011-540,1,46,48,0.0,0.49999999783176463
train,2011-540,1,46,49,0.0,0.5000000117361196
train,2011-540,1,46,50,0.0,0.4999999834144546
train,2011-540,1,46,51,0.0,0.5000000086838554
train,2011-540,1,46,52,0.0,0.5000000021682354
train,2011-540,1,46,53,0.0,0.49999999723149813
train,2011-540,1,46,54,1.0,0.5000000156724127
train,2011-540,1,46,55,0.0,0.49999999611827667
train,2011-540,1,46,56,1.0,0.500000010983058
train,2011-540,1,46,57,1.0,0.5000000145410013
train,2011-540,1,46,58,0.0,0.5000000033578544
train,2011-540,1,46,59,0.0,0.49999999664214556
train,2011-540,1,46,60,1.0,0.5000000086838554
train,2011-540,1,46,61,0.0,0.49999999783176463
train,2011-540,1,46,62,0.0,0.5000000033578544
train,2011-540,1,46,63,0.0,0.49999998926068656
train,2011-540,2,47,0,0.0,0.5000000086838554
train,2011-540,2,47,1,1.0,0.5000000033469405
train,2011-540,2,47,2,1.0,0.49999999693318387
train,2011-540,2,47,3,1.0,0.4999999759093044
train,2011-540,2,47,4,1.0,0.5000000033469405
train,2011-540,2,47,5,1.0,0.5000000171130523
train,2011-540,2,47,6,1.0,0.5000000117397576
train,2011-540,2,47,7,1.0,0.5000000137479219
train,2011-540,2,47,8,1.0,0.5000000111249392
train,2011-540,2,47,9,0.0,0.5000000052168616
train,2011-540,2,47,10,0.0,0.5000000137479219
train,2011-540,2,47,11,0.0,0.5000000113504939
train,2011-540,2,47,12,0.0,0.5000000107356755
train,2011-540,2,47,13,0.0,0.5000000098443707
train,2011-540,2,47,14,1.0,0.5000000117543095
train,2011-540,2,47,15,0.0,0.5000000156833266
train,2011-540,2,47,16,0.0,0.49999998960629455
train,2011-540,2,47,17,1.0,0.5
train,2011-540,2,47,18,0.0,0.4999999966530595
train,2011-540,2,47,19,0.0,0.5
train,2011-540,2,47,20,1.0,0.5000000111249392
train,2011-540,2,47,21,0.0,0.500000013042154
train,2011-540,2,47,22,0.0,0.49999999098508846
train,2011-540,2,47,23,0.0,0.49999999683132046
train,2011-540,2,47,24,0.0,0.4999999908104655
train,2011-540,2,47,25,0.0,0.4999999668325472
train,2011-540,2,47,26,0.0,0.5000000087056833
train,2011-540,2,47,27,1.0,0.49999999262581696
train,2011-540,2,47,28,1.0,0.5000000027357601
train,2011-540,2,47,29,0.0,0.500000014410034
train,2011-540,2,47,30,1.0,0.49999998279963614
train,2011-540,2,47,31,1.0,0.49999999170177034
train,2011-540,3,48,0,1.0,0.5000000048421498
train,2011-540,3,48,1,1.0,0.5000000151921995
train,2011-540,3,48,2,0.0,0.49999999466308515
train,2011-540,3,48,3,0.0,0.4999999917090463
train,2011-540,3,48,4,1.0,0.500000002917659
train,2011-540,3,48,5,1.0,0.5000000055078999
train,2011-540,3,48,6,0.0,0.5
train,2011-540,3,48,7,1.0,0.5000000053369149
train,2011-540,3,48,8,0.0,0.500000005835318
train,2011-540,3,48,9,1.0,0.4999999940482667
train,2011-540,3,48,10,0.0,0.5000000019826984
train,2011-540,3,48,11,0.0,0.5
train,2011-540,3,48,12,0.0,0.5000000019826984
train,2011-540,3,48,13,0.0,0.49999998104613047
train,2011-540,3,48,14,1.0,0.49999999693682184
train,2011-540,3,48,15,0.0,0.5000000084728526
train,2011-540,4,49,0,0.0,0.49999999617284635
train,2011-540,4,49,1,0.0,0.49999998887142283
train,2011-540,4,49,2,0.0,0.4999999978354026
train,2011-540,4,49,3,0.0,0.4999999854771886
train,2011-540,4,49,4,0.0,0.5000000090112735
train,2011-540,4,49,5,0.0,0.4999999915962689
train,2011-540,4,49,6,0.0,0.5000000079708116
train,2011-540,4,49,7,0.0,0.5000000190848368
train,2011-540,5,50,0,0.0,0.5000000079635356
train,2011-540,5,50,1,0.0,0.49999999683495844
train,2011-540,5,50,2,0.0,0.4999999909814505
train,2011-540,5,50,3,0.0,0.5000000092259143
train,2011-540,6,51,0,1.0,0.5
train,2011-540,6,51,1,1.0,0.49999998770726967
train,2011-540,7,52,0,1.0,0.5000000085274223
train,2011-560,1,65,0,1.0,0.4999999988467607
train,2011-560,1,65,1,1.0,0.4999999973188096
train,2011-560,1,65,2,0.0,0.4999999973733793
train,2011-560,1,65,3,1.0,0.5000000049913069
train,2011-560,1,65,4,0.0,0.5000000016407284
train,2011-560,1,65,5,0.0,0.49999999305873644
train,2011-560,1,65,6,1.0,0.49999998786370276
train,2011-560,1,65,7,1.0,0.5000000174950401
train,2011-560,1,65,8,1.0,0.49999999582723836
train,2011-560,1,65,9,0.0,0.4999999937645044
train,2011-560,1,65,10,0.0,0.49999998958810465
train,2011-560,1,65,11,0.0,0.4999999910978658
train,2011-560,1,65,12,1.0,0.4999999938663678
train,2011-560,1,65,13,1.0,0.49999999747160473
train,2011-560,1,65,14,0.0,0.49999999841020326
train,2011-560,1,65,15,0.0,0.5000000116378942
train,2011-560,1,65,16,1.0,0.5000000026811904
train,2011-560,1,65,17,0.0,0.5
train,2011-560,1,65,18,0.0,0.4999999970677891
train,2011-560,1,65,19,1.0,0.49999999669671524
train,2011-560,1,65,20,0.0,0.49999998935163603
train,2011-560,1,65,21,1.0,0.4999999916872184
train,2011-560,1,65,22,1.0,0.49999999841020326
train,2011-560,1,65,23,0.0,0.49999998073690227
train,2011-560,1,65,24,0.0,0.5000000047548383
train,2011-560,1,65,25,0.0,0.49999999339706847
train,2011-560,1,65,26,0.0,0.5000000045183697
train,2011-560,1,65,27,1.0,0.5000000012732926
train,2011-560,1,65,28,0.0,0.5
train,2011-560,1,65,29,0.0,0.49999999747160473
train,2011-560,1,65,30,1.0,0.5000000049913069
train,2011-560,1,65,31,0.0,0.49999997970735416
train,2011-560,1,65,32,1.0,0.5000000073305273
train,2011-560,1,65,33,1.0,0.5000000069412636
train,2011-560,1,65,34,1.0,0.4999999934261723
train,2011-560,1,65,35,0.0,0.4999999959618436
train,2011-560,1,65,36,0.0,0.5000000011132215
train,2011-560,1,65,37,0.0,0.5000000069412636
train,2011-560,1,65,38,1.0,0.5000000012478267
train,2011-560,1,65,39,1.0,0.5000000058971636
train,2011-560,1,65,40,1.0,0.5000000017280399
train,2011-560,1,65,41,1.0,0.4999999910978658
train,2011-560,1,65,42,0.0,0.4999999864485289
train,2011-560,1,65,43,0.0,0.4999999857063812
train,2011-560,1,65,44,1.0,0.5000000050531526
train,2011-560,1,65,45,0.0,0.5000000025283953
train,2011-560,1,65,46,1.0,0.49999999093779474
train,2011-560,1,65,47,0.0,0.49999999061037664
train,2011-560,1,65,48,0.0,0.4999999975480023
train,2011-560,1,65,49,0.0,0.5000000076033757
train,2011-560,1,65,50,0.0,0.5000000087748049
train,2011-560,1,65,51,0.0,0.5000000083127816
train,2011-560,1,65,52,0.0,0.49999998073690227
train,2011-560,1,65,53,0.0,0.4999999878527888
train,2011-560,1,65,54,0.0,0.49999999747160473
train,2011-560,1,65,55,0.0,0.4999999887659215
train,2011-560,1,65,56,1.0,0.5000000132313289
train,2011-560,1,65,57,1.0,0.5000000092913979
train,2011-560,1,65,58,1.0,0.4999999926512828
train,2011-560,1,65,59,0.0,0.5000000062354957
train,2011-560,1,65,60,1.0,0.4999999968276825
train,2011-560,1,65,61,0.0,0.4999999985193426
train,2011-560,1,65,62,1.0,0.5
train,2011-560,1,65,63,0.0,0.4999999971842044
train,2011-560,2,66,0,1.0,0.5000000224354153
train,2011-560,2,66,1,1.0,0.4999999957399269
train,2011-560,2,66,2,0.0,0.5000000056243152
train,2011-560,2,66,3,1.0,0.5000000104228093
train,2011-560,2,66,4,1.0,0.4999999905012373
train,2011-560,2,66,5,1.0,0.5
train,2011-560,2,66,6,1.0,0.4999999909414327
train,2011-560,2,66,7,0.0,0.4999999848041625
train,2011-560,2,66,8,0.0,0.5000000024629117
train,2011-560,2,66,9,0.0,0.500000002924935
train,2011-560,2,66,10,1.0,0.5000000192630978
train,2011-560,2,66,11,1.0,0.5
train,2011-560,2,66,12,0.0,0.5
train,2011-560,2,66,13,0.0,0.5000000044055923
train,2011-560,2,66,14,0.0,0.4999999847059371
train,2011-560,2,66,15,0.0,0.5000000079089659
train,2011-560,2,66,16,1.0,0.5
train,2011-560,2,66,17,1.0,0.5000000080872269
train,2011-560,2,66,18,0.0,0.5
train,2011-560,2,66,19,1.0,0.5000000015061232
train,2011-560,2,66,20,1.0,0.5000000090585672
train,2011-560,2,66,21,0.0,0.5000000082982297
train,2011-560,2,66,22,1.0,0.5000000067229848
train,2011-560,2,66,23,0.0,0.49999999705687515
train,2011-560,2,66,24,1.0,0.5000000151594577
train,2011-560,2,66,25,0.0,0.49999998073690227
train,2011-560,2,66,26,1.0,0.5000000065992936
train,2011-560,2,66,27,0.0,0.5000000087711669
train,2011-560,2,66,28,1.0,0.5000000025283953
train,2011-560,2,66,29,1.0,0.499999989013304
train,2011-560,2,66,30,0.0,0.4999999957399269
train,2011-560,2,66,31,0.0,0.5000000105355866
train,2011-560,3,67,0,0.0,0.5000000115323928
train,2011-560,3,67,1,1.0,0.5000000087820808
train,2011-560,3,67,2,1.0,0.4999999988540367
train,2011-560,3,67,3,1.0,0.500000005667971
train,2011-560,3,67,4,1.0,0.5000000025174813
train,2011-560,3,67,5,1.0,0.4999999867468432
train,2011-560,3,67,6,0.0,0.4999999920873961
train,2011-560,3,67,7,1.0,0.4999999878564268
train,2011-560,3,67,8,1.0,0.5000000237705535
train,2011-560,3,67,9,1.0,0.4999999884748832
train,2011-560,3,67,10,1.0,0.5000000054569682
train,2011-560,3,67,11,0.0,0.5000000025174813
train,2011-560,3,67,12,1.0,0.49999998958810465
train,2011-560,3,67,13,1.0,0.49999999328065314
train,2011-560,3,67,14,0.0,0.5000000133331923
train,2011-560,3,67,15,0.0,0.5000000219260983
train,2011-560,4,68,0,1.0,0.5000000116051524
train,2011-560,4,68,1,1.0,0.5000000122017809
train,2011-560,4,68,2,0.0,0.4999999807332643
train,2011-560,4,68,3,1.0,0.5
train,2011-560,4,68,4,1.0,0.5
train,2011-560,4,68,5,1.0,0.4999999973224476
train,2011-560,4,68,6,0.0,0.49999999305873644
train,2011-560,4,68,7,0.0,0.5000000068139343
train,2011-560,5,69,0,0.0,0.5000000073960109
train,2011-560,5,69,1,1.0,0.4999999884894351
train,2011-560,5,69,2,0.0,0.5000000023210305
train,2011-560,5,69,3,1.0,0.5000000063664629
train,2011-560,6,70,0,1.0,0.4999999903557181
train,2011-560,6,70,1,0.0,0.4999999976826075
train,2011-560,7,71,0,0.0,0.4999999926003511
train,2011-580,1,0,0,1.0,0.5
train,2011-580,1,0,1,0.0,0.4999999955980457
train,2011-580,1,0,2,1.0,0.5
train,2011-580,1,0,3,1.0,0.5000000194922904
train,2011-580,1,0,4,1.0,0.4999999930514605
train,2011-580,1,0,5,0.0,0.499999990381184
train,2011-580,1,0,6,0.0,0.49999999747160473
train,2011-580,1,0,7,1.0,0.5000000151994755
train,2011-580,1,0,8,0.0,0.5000000026811904
train,2011-580,1,0,9,1.0,0.49999998956991476
train,2011-580,1,0,10,0.0,0.49999998796920414
train,2011-580,1,0,11,0.0,0.49999999582723836
train,2011-580,1,0,12,0.0,0.499999991403456
train,2011-580,1,0,13,0.0,0.4999999959618436
train,2011-580,1,0,14,0.0,0.5000000035142875
train,2011-580,1,0,15,0.0,0.4999999987267074
train,2011-580,1,0,16,1.0,0.4999999864485289
train,2011-580,1,0,17,1.0,0.5
train,2011-580,1,0,18,1.0,0.49999999459396355
train,2011-580,1,0,19,1.0,0.5000000179788913
train,2011-580,1,0,20,0.0,0.5000000115142029
train,2011-580,1,0,21,1.0,0.5000000026811904
train,2011-580,1,0,22,0.0,0.4999999822393874
train,2011-580,1,0,23,1.0,0.5000000087748049
train,2011-580,1,0,24,1.0,0.5000000073487172
train,2011-580,1,0,25,1.0,0.5000000219224603
train,2011-580,1,0,26,1.0,0.5000000026266207
train,2011-580,1,0,27,0.0,0.4999999936226232
train,2011-580,1,0,28,1.0,0.5000000089021341
train,2011-580,1,0,29,1.0,0.4999999988467607
train,2011-580,1,0,30,1.0,0.4999999835563358
train,2011-580,1,0,31,0.0,0.5000000042637112
train,2011-580,1,0,32,0.0,0.5000000067157089
train,2011-580,1,0,33,0.0,0.49999999061037664
train,2011-580,1,0,34,1.0,0.5000000017280399
train,2011-580,1,0,35,0.0,0.5000000179788913
train,2011-580,1,0,36,0.0,0.5000000054205884
train,2011-580,1,0,37,1.0,0.49999999767169356
train,2011-580,1,0,38,0.0,0.5
train,2011-580,1,0,39,1.0,0.5
train,2011-580,1,0,40,0.0,0.5000000066029315
train,2011-580,1,0,41,1.0,0.5000000093896233
train,2011-580,1,0,42,1.0,0.49999999827196007
train,2011-580,1,0,43,0.0,0.5
train,2011-580,1,0,44,1.0,0.5000000067157089
train,2011-580,1,0,45,1.0,0.4999999955980457
train,2011-580,1,0,46,0.0,0.49999999305873644
train,2011-580,1,0,47,1.0,0.4999999975480023
train,2011-580,1,0,48,0.0,0.5000000078653102
train,2011-580,1,0,49,0.0,0.499999974930688
train,2011-580,1,0,50,0.0,0.4999999936226232
train,2011-580,1,0,51,1.0,0.49999998073690227
train,2011-580,1,0,52,1.0,0.49999999817009666
train,2011-580,1,0,53,1.0,0.4999999898864189
train,2011-580,1,0,54,1.0,0.5000000104300852
train,2011-580,1,0,55,0.0,0.5
train,2011-580,1,0,56,0.0,0.5000000017280399
train,2011-580,1,0,57,1.0,0.5000000014806574
train,2011-580,1,0,58,1.0,0.49999999827196007
train,2011-580,1,0,59,0.0,0.49999999827196007
train,2011-580,1,0,60,0.0,0.49999998008206603
train,2011-580,1,0,61,1.0,0.5000000083127816
train,2011-580,1,0,62,1.0,0.5000000065738277
train,2011-580,1,0,63,1.0,0.49999999683132046
train,2011-580,2,1,0,0.0,0.49999999851206667
train,2011-580,2,1,1,0.0,0.4999999984211172
train,2011-580,2,1,2,1.0,0.4999999895771907
train,2011-580,2,1,3,1.0,0.49999999827196007
train,2011-580,2,1,4,0.0,0.5000000023283064
train,2011-580,2,1,5,1.0,0.49999999305873644
train,2011-580,2,1,6,0.0,0.49999999305873644
train,2011-580,2,1,7,1.0,0.5000000049913069
train,2011-580,2,1,8,0.0,0.5000000067229848
train,2011-580,2,1,9,0.0,0.49999998240309645
train,2011-580,2,1,10,0.0,0.4999999916180968
train,2011-580,2,1,11,0.0,0.4999999984211172
train,2011-580,2,1,12,1.0,0.5000000042600732
train,2011-580,2,1,13,0.0,0.4999999848405423
train,2011-580,2,1,14,1.0,0.5000000078653102
train,2011-580,2,1,15,1.0,0.5000000042600732
train,2011-580,2,1,16,1.0,0.4999999878600648
train,2011-580,2,1,17,0.0,0.5000000056243152
train,2011-580,2,1,18,1.0,0.49999999835927156
train,2011-580,2,1,19,1.0,0.5000000018371793
train,2011-580,2,1,20,1.0,0.5000000071013346
train,2011-580,2,1,21,0.0,0.4999999980645953
train,2011-580,2,1,22,1.0,0.49999999535066314
train,2011-580,2,1,23,0.0,0.499999989868229
train,2011-580,2,1,24,0.0,0.5000000042600732
train,2011-580,2,1,25,0.0,0.4999999909414327
train,2011-580,2,1,26,0.0,0.4999999824649421
train,2011-580,2,1,27,1.0,0.5000000118234311
train,2011-580,2,1,28,0.0,0.49999999500869313
train,2011-580,2,1,29,0.0,0.49999999827196007
train,2011-580,2,1,30,0.0,0.5000000144682417
train,2011-580,2,1,31,0.0,0.4999999946667231
train,2011-580,3,2,0,0.0,0.5000000040490704
train,2011-580,3,2,1,0.0,0.5000000071158865
train,2011-580,3,2,2,1.0,0.5
train,2011-580,3,2,3,0.0,0.500000010986696
train,2011-580,3,2,4,0.0,0.5000000083091436
train,2011-580,3,2,5,1.0,0.4999999975407263
train,2011-580,3,2,6,0.0,0.5000000083091436
train,2011-580,3,2,7,1.0,0.5000000033032848
train,2011-580,3,2,8,0.0,0.49999998936254997
train,2011-580,3,2,9,1.0,0.5000000024592737
train,2011-580,3,2,10,0.0,0.5000000056170393
train,2011-580,3,2,11,0.0,0.5000000069449015
train,2011-580,3,2,12,0.0,0.499999997598934
train,2011-580,3,2,13,1.0,0.5
train,2011-580,3,2,14,0.0,0.49999998936254997
train,2011-580,3,2,15,1.0,0.49999998553903424
train,2011-580,4,3,0,0.0,0.49999999560532166
train,2011-580,4,3,1,1.0,0.4999999957362889
train,2011-580,4,3,2,1.0,0.5000000042637112
train,2011-580,4,3,3,1.0,0.5000000116560841
train,2011-580,4,3,4,1.0,0.5000000122017809
train,2011-580,4,3,5,0.0,0.500000010986696
train,2011-580,4,3,6,1.0,0.49999998202110874
train,2011-580,4,3,7,0.0,0.5000000158179319
train,2011-580,5,4,0,0.0,0.4999999984065653
train,2011-580,5,4,1,0.0,0.500000005842594
train,2011-580,5,4,2,1.0,0.5000000086183718
train,2011-580,5,4,3,1.0,0.4999999967585609
train,2011-580,6,5,0,1.0,0.5000000023173925
train,2011-580,6,5,1,1.0,0.5000000128929969
train,2011-580,7,6,0,0.0,0.5000000022482709
train,2012-1536,2,111,0,0.0,0.4999999839565135
train,2012-1536,2,111,1,0.0,0.5000000130239641
train,2012-1536,2,111,2,0.0,0.49999998203202267
train,2012-1536,2,111,3,1.0,0.4999999945030141
train,2012-1536,2,111,4,0.0,0.499999994346581
train,2012-1536,2,111,5,1.0,0.5000000053332769
train,2012-1536,2,111,6,1.0,0.5000000052023097
train,2012-1536,2,111,7,1.0,0.5000000165273377
train,2012-1536,2,111,8,0.0,0.49999999938881956
train,2012-1536,2,111,9,1.0,0.4999999946667231
train,2012-1536,2,111,10,0.0,0.49999999158899294
train,2012-1536,2,111,11,1.0,0.49999998886778485
train,2012-1536,2,111,12,1.0,0.5000000166619429
train,2012-1536,2,111,13,0.0,0.5000000021645974
train,2012-1536,2,111,14,1.0,0.5000000243890099
train,2012-1536,2,111,15,0.0,0.5000000297441147
train,2012-1536,2,111,16,1.0,0.49999998872590373
train,2012-1536,2,111,17,0.0,0.5000000027830538
train,2012-1536,2,111,18,1.0,0.5000000021645974
train,2012-1536,2,111,19,1.0,0.49999999176725396
train,2012-1536,2,111,20,1.0,0.5000000058789738
train,2012-1536,2,111,21,0.0,0.5
train,2012-1536,2,111,22,1.0,0.5000000077998266
train,2012-1536,2,111,23,0.0,0.49999997459599393
train,2012-1536,3,112,0,1.0,0.5000000017607817
train,2012-1536,3,112,1,1.0,0.500000003266905
train,2012-1536,3,112,2,1.0,0.500000008232746
train,2012-1536,3,112,3,0.0,0.5000000064283086
train,2012-1536,3,112,4,1.0,0.5000000031577656
train,2012-1536,3,112,5,0.0,0.5000000088948582
train,2012-1536,3,112,6,0.0,0.4999999848114385
train,2012-1536,3,112,7,0.0,0.5000000113504939
train,2012-1536,3,112,8,1.0,0.4999999915999069
train,2012-1536,3,112,9,1.0,0.49999998926068656
train,2012-1536,3,112,10,1.0,0.4999999896099325
train,2012-1536,3,112,11,0.0,0.5000000111285772
train,2012-1536,3,112,12,1.0,0.4999999946739991
train,2012-1536,3,112,13,1.0,0.49999999205829226
train,2012-1536,3,112,14,1.0,0.5000000031577656
train,2012-1536,3,112,15,1.0,0.5000000061263563
train,2012-1536,4,113,0,0.0,0.4999999946667231
train,2012-1536,4,113,1,0.0,0.5000000033505785
train,2012-1536,4,113,2,1.0,0.4999999908104655
train,2012-1536,4,113,3,0.0,0.5
train,2012-1536,4,113,4,1.0,0.4999999913234205
train,2012-1536,4,113,5,0.0,0.4999999970968929
train,2012-1536,4,113,6,0.0,0.49999999672945705
train,2012-1536,4,113,7,1.0,0.5000000021682354
train,2012-1536,5,114,0,1.0,0.500000018546416
train,2012-1536,5,114,1,1.0,0.49999999131250655
train,2012-1536,5,114,2,1.0,0.5000000113614078
train,2012-1536,5,114,3,1.0,0.5000000139152689
train,2012-1536,6,115,0,0.0,0.49999999447391025
train,2012-1536,6,115,1,1.0,0.499999998108251
train,2012-1536,7,116,0,0.0,0.5000000111322151
train,2012-352,2,162,0,0.0,0.5
train,2012-352,2,162,1,1.0,0.5000000166692189
train,2012-352,2,162,2,1.0,0.5000000203726813
train,2012-352,2,162,3,0.0,0.4999999951542123
train,2012-352,2,162,4,1.0,0.5000000021682354
train,2012-352,2,162,5,1.0,0.500000025400368
train,2012-352,2,162,6,0.0,0.4999999854626367
train,2012-352,2,162,7,1.0,0.5000000117506715
train,2012-352,2,162,8,0.0,0.5
train,2012-352,2,162,9,1.0,0.49999999783176463
train,2012-352,2,162,10,0.0,0.5000000082254701
train,2012-352,2,162,11,0.0,0.5000000112668204
train,2012-352,2,162,12,1.0,0.5000000083964551
train,2012-352,2,162,13,0.0,0.5
train,2012-352,2,162,14,0.0,0.5000000006693881
train,2012-352,2,162,15,0.0,0.49999998419298214
train,2012-352,3,163,0,0.0,0.49999999202555045
train,2012-352,3,163,1,0.0,0.5000000225845724
train,2012-352,3,163,2,1.0,0.5
train,2012-352,3,163,3,0.0,0.5000000176005415
train,2012-352,3,163,4,1.0,0.5000000006220944
train,2012-352,3,163,5,1.0,0.5000000190884748
train,2012-352,3,163,6,1.0,0.5000000031686795
train,2012-352,3,163,7,1.0,0.4999999882529665
train,2012-352,3,163,8,0.0,0.4999999901519913
train,2012-352,3,163,9,1.0,0.5000000045583874
train,2012-352,3,163,10,1.0,0.4999999937572284
train,2012-352,3,163,11,0.0,0.4999999937572284
train,2012-352,3,163,12,0.0,0.4999999941028364
train,2012-352,3,163,13,1.0,0.4999999810424925
train,2012-352,3,163,14,0.0,0.5000000151921995
train,2012-352,3,163,15,1.0,0.5000000197505869
train,2012-352,4,164,0,0.0,0.5000000064319465
train,2012-352,4,164,1,1.0,0.5000000056497811
train,2012-352,4,164,2,1.0,0.500000011332304
train,2012-352,4,164,3,0.0,0.5000000055078999
train,2012-352,4,164,4,0.0,0.5000000091786205
train,2012-352,4,164,5,0.0,0.5000000136860763
train,2012-352,4,164,6,1.0,0.500000001888111
train,2012-352,4,164,7,0.0,0.4999999946667231
train,2012-352,5,165,0,1.0,0.4999999863102857
train,2012-352,5,165,1,0.0,0.5000000133113645
train,2012-352,5,165,2,1.0,0.5000000230975274
train,2012-352,5,165,3,0.0,0.5000000145228114
train,2012-352,6,166,0,1.0,0.5000000184736564
train,2012-352,6,166,1,1.0,0.4999999899373506
train,2012-352,7,167,0,1.0,0.49999997296981746
train,2012-403,1,98,0,0.0,0.500000007377821
train,2012-403,1,98,1,0.0,0.49999999770807335
train,2012-403,1,98,2,0.0,0.5
train,2012-403,1,98,3,0.0,0.4999999915962689
train,2012-403,1,98,4,0.0,0.4999999915962689
train,2012-403,1,98,5,0.0,0.5000000031686795
train,2012-403,1,98,6,0.0,0.4999999901519913
train,2012-403,1,98,7,0.0,0.5000000091786205
train,2012-403,1,98,8,0.0,0.49999999722422217
train,2012-403,1,98,9,1.0,0.49999999794817995
train,2012-403,1,98,10,1.0,0.5000000102445483
train,2012-403,1,98,11,0.0,0.5000000031686795
train,2012-403,1,98,12,1.0,0.5000000029067451
train,2012-403,1,98,13,0.0,0.49999998769635573
train,2012-403,1,98,14,0.0,0.49999998774728743
train,2012-403,1,98,15,0.0,0.4999999843203114
train,2012-403,1,98,16,1.0,0.4999999993815436
train,2012-403,1,98,17,0.0,0.49999999450665206
train,2012-403,1,98,18,0.0,0.5000000050567905
train,2012-403,1,98,19,1.0,0.49999999465944717
train,2012-403,1,98,20,0.0,0.5000000029576768
train,2012-403,1,98,21,0.0,0.5000000024228939
train,2012-403,1,98,22,0.0,0.49999999945794116
train,2012-403,1,98,23,1.0,0.5
train,2012-403,1,98,24,0.0,0.5000000060608727
train,2012-403,1,98,25,1.0,0.5000000086874934
train,2012-403,1,98,26,0.0,0.5
train,2012-403,1,98,27,0.0,0.4999999911124177
train,2012-403,1,98,28,0.0,0.5000000111285772
train,2012-403,1,98,29,1.0,0.4999999921928975
train,2012-403,1,98,30,0.0,0.4999999966530595
train,2012-403,1,98,31,0.0,0.5000000110048859
train,2012-403,2,99,0,1.0,0.4999999907849996
train,2012-403,2,99,1,0.0,0.5000000031723175
train,2012-403,2,99,2,0.0,0.49999999802093953
train,2012-403,2,99,3,0.0,0.4999999989850039
train,2012-403,2,99,4,0.0,0.4999999702558853
train,2012-403,2,99,5,1.0,0.500000007385097
train,2012-403,2,99,6,0.0,0.4999999940373528
train,2012-403,2,99,7,0.0,0.4999999968276825
train,2012-403,2,99,8,0.0,0.4999999877145456
train,2012-403,2,99,9,1.0,0.5000000249237928
train,2012-403,2,99,10,1.0,0.4999999854626367
train,2012-403,2,99,11,1.0,0.5
train,2012-403,2,99,12,1.0,0.5
train,2012-403,2,99,13,1.0,0.49999999218198354
train,2012-403,2,99,14,1.0,0.5000000048894435
train,2012-403,2,99,15,0.0,0.4999999968276825
train,2012-403,2,99,16,0.0,0.5
train,2012-403,2,99,17,1.0,0.5000000085528882
train,2012-403,2,99,18,1.0,0.5000000045620254
train,2012-403,2,99,19,1.0,0.5000000033469405
train,2012-403,2,99,20,1.0,0.5000000050531526
train,2012-403,2,99,21,1.0,0.5000000055115379
train,2012-403,2,99,22,1.0,0.5000000007312337
train,2012-403,2,99,23,1.0,0.5
train,2012-403,2,99,24,1.0,0.5000000078180165
train,2012-403,2,99,25,1.0,0.500000018535502
train,2012-403,2,99,26,0.0,0.5000000088984962
train,2012-403,2,99,27,1.0,0.5
train,2012-403,2,99,28,1.0,0.49999997750273906
train,2012-403,2,99,29,0.0,0.49999999387364374
train,2012-403,2,99,30,0.0,0.4999999949468475
train,2012-403,2,99,31,0.0,0.4999999946739991
train,2012-403,3,100,0,0.0,0.500000008232746
train,2012-403,3,100,1,1.0,0.5000000031686795
train,2012-403,3,100,2,0.0,0.5000000113614078
train,2012-403,3,100,3,0.0,0.5
train,2012-403,3,100,4,0.0,0.4999999993779056
train,2012-403,3,100,5,1.0,0.49999999493593356
train,2012-403,3,100,6,1.0,0.5000000006220944
train,2012-403,3,100,7,0.0,0.5000000144063961
train,2012-403,3,100,8,1.0,0.5
train,2012-403,3,100,9,0.0,0.5000000060499588
train,2012-403,3,100,10,0.0,0.5000000160544005
train,2012-403,3,100,11,1.0,0.49999998329076334
train,2012-403,3,100,12,0.0,0.499999989016942
train,2012-403,3,100,13,1.0,0.4999999951032806
train,2012-403,3,100,14,0.0,0.4999999938663678
train,2012-403,3,100,15,0.0,0.5000000048967195
train,2012-403,4,101,0,0.0,0.4999999946667231
train,2012-403,4,101,1,1.0,0.5000000017607817
train,2012-403,4,101,2,1.0,0.49999999795181793
train,2012-403,4,101,3,1.0,0.500000008407369
train,2012-403,4,101,4,0.0,0.5000000117506715
train,2012-403,4,101,5,0.0,0.5000000031723175
train,2012-403,4,101,6,1.0,0.4999999756146281
train,2012-403,4,101,7,1.0,0.5000000053332769
train,2012-403,5,102,0,0.0,0.5000000092259143
train,2012-403,5,102,1,1.0,0.5000000117579475
train,2012-403,5,102,2,0.0,0.5000000031614036
train,2012-403,5,102,3,0.0,0.4999999854771886
train,2012-403,6,103,0,0.0,0.4999999886094884
train,2012-403,6,103,1,1.0,0.5000000029467628
train,2012-403,7,104,0,0.0,0.5000000028667273
train,2012-404,1,91,0,0.0,0.49999998902421794
train,2012-404,1,91,1,0.0,0.5000000109757821
train,2012-404,1,91,2,1.0,0.5000000174986781
train,2012-404,1,91,3,0.0,0.4999999805550033
train,2012-404,1,91,4,1.0,0.5000000055115379
train,2012-404,1,91,5,0.0,0.4999999915962689
train,2012-404,1,91,6,1.0,0.5000000253567123
train,2012-404,1,91,7,0.0,0.49999999131250655
train,2012-404,1,91,8,0.0,0.5000000019826984
train,2012-404,1,91,9,0.0,0.5000000137879397
train,2012-404,1,91,10,0.0,0.5000000110121618
train,2012-404,1,91,11,1.0,0.499999977510015
train,2012-404,1,91,12,1.0,0.5000000137879397
train,2012-404,1,91,13,1.0,0.5000000160507625
train,2012-404,1,91,14,1.0,0.4999999843203114
train,2012-404,1,91,15,1.0,0.4999999969404598
train,2012-404,1,91,16,0.0,0.49999997560735215
train,2012-404,1,91,17,1.0,0.5000000149921107
train,2012-404,1,91,18,1.0,0.49999998825660447
train,2012-404,1,91,19,0.0,0.5000000109757821
train,2012-404,1,91,20,0.0,0.5
train,2012-404,1,91,21,1.0,0.4999999866959115
train,2012-404,1,91,22,0.0,0.5
train,2012-404,1,91,23,0.0,0.5000000058826117
train,2012-404,1,91,24,0.0,0.5
train,2012-404,1,91,25,1.0,0.49999999131250655
train,2012-404,1,91,26,0.0,0.5000000087093213
train,2012-404,1,91,27,1.0,0.49999999465944717
train,2012-404,1,91,28,0.0,0.4999999978390406
train,2012-404,1,91,29,0.0,0.4999999907740857
train,2012-404,1,91,30,1.0,0.5000000092259143
train,2012-404,1,91,31,0.0,0.49999999952706276
train,2012-404,2,92,0,1.0,0.5000000022955646
train,2012-404,2,92,1,1.0,0.4999999907849996
train,2012-404,2,92,2,0.0,0.4999999969295459
train,2012-404,2,92,3,1.0,0.5000000006184564
train,2012-404,2,92,4,1.0,0.499999986088369
train,2012-404,2,92,5,0.0,0.500000018535502
train,2012-404,2,92,6,0.0,0.5
train,2012-404,2,92,7,0.0,0.49999999616920837
train,2012-404,2,92,8,0.0,0.49999999448846216
train,2012-404,2,92,9,1.0,0.5000000133077265
train,2012-404,2,92,10,0.0,0.4999999944993761
train,2012-404,2,92,11,0.0,0.4999999964602466
train,2012-404,2,92,12,1.0,0.5000000038126018
train,2012-404,2,92,13,1.0,0.4999999920546543
train,2012-404,2,92,14,1.0,0.4999999947867764
train,2012-404,2,92,15,0.0,0.5000000176005415
train,2012-404,2,92,16,0.0,0.4999999968276825
train,2012-404,2,92,17,1.0,0.49999999794817995
train,2012-404,2,92,18,0.0,0.5000000062354957
train,2012-404,2,92,19,0.0,0.499999964296876
train,2012-404,2,92,20,1.0,0.5000000091858965
train,2012-404,2,92,21,0.0,0.5
train,2012-404,2,92,22,0.0,0.5000000082254701
train,2012-404,2,92,23,1.0,0.4999999969295459
train,2012-404,2,92,24,0.0,0.5000000030704541
train,2012-404,2,92,25,0.0,0.499999989016942
train,2012-404,2,92,26,0.0,0.5000000151921995
train,2012-404,2,92,27,0.0,0.4999999971005309
train,2012-404,2,92,28,1.0,0.4999999892716005
train,2012-404,2,92,29,1.0,0.4999999993815436
train,2012-404,2,92,30,1.0,0.5000000086765795
train,2012-404,2,92,31,1.0,0.500000025400368
train,2012-404,3,93,0,0.0,0.5
train,2012-404,3,93,1,1.0,0.49999999683132046
train,2012-404,3,93,2,0.0,0.49999999202555045
train,2012-404,3,93,3,1.0,0.4999999946667231
train,2012-404,3,93,4,0.0,0.5000000027357601
train,2012-404,3,93,5,1.0,0.49999998559360387
train,2012-404,3,93,6,1.0,0.5000000219224603
train,2012-404,3,93,7,1.0,0.5
train,2012-404,3,93,8,0.0,0.49999998419298214
train,2012-404,3,93,9,0.0,0.5000000122854544
train,2012-404,3,93,10,1.0,0.4999999966530595
train,2012-404,3,93,11,1.0,0.5
train,2012-404,3,93,12,1.0,0.5000000031686795
train,2012-404,3,93,13,0.0,0.5000000111394911
train,2012-404,3,93,14,0.0,0.49999999496867537
train,2012-404,3,93,15,0.0,0.49999998863859224
train,2012-404,4,94,0,0.0,0.5000000005456968
train,2012-404,4,94,1,1.0,0.49999999131614453
train,2012-404,4,94,2,0.0,0.49999999720967025
train,2012-404,4,94,3,1.0,0.5000000130203262
train,2012-404,4,94,4,0.0,0.49999998125349526
train,2012-404,4,94,5,1.0,0.4999999978354026
train,2012-404,4,94,6,0.0,0.5000000133077265
train,2012-404,4,94,7,1.0,0.5000000086838554
train,2012-404,5,95,0,1.0,0.49999999946157914
train,2012-404,5,95,1,1.0,0.49999998697967385
train,2012-404,5,95,2,1.0,0.5000000240834197
train,2012-404,5,95,3,1.0,0.5000000053369149
train,2012-404,6,96,0,0.0,0.4999999944266165
train,2012-404,6,96,1,0.0,0.49999998248676997
train,2012-404,7,97,0,1.0,0.4999999795290932
train,2012-410,2,105,0,1.0,0.49999999220017344
train,2012-410,2,105,1,1.0,0.5000000111322151
train,2012-410,2,105,2,0.0,0.5000000107393134
train,2012-410,2,105,3,0.0,0.5000000071522663
train,2012-410,2,105,4,1.0,0.4999999796273186
train,2012-410,2,105,5,0.0,0.49999997797567636
train,2012-410,2,105,6,0.0,0.5000000062391337
train,2012-410,2,105,7,0.0,0.5000000145482772
train,2012-410,2,105,8,0.0,0.5000000050204108
train,2012-410,2,105,9,0.0,0.4999999917054083
train,2012-410,2,105,10,0.0,0.4999999848114385
train,2012-410,2,105,11,1.0,0.5000000062391337
train,2012-410,2,105,12,1.0,0.49999998837665777
train,2012-410,2,105,13,1.0,0.49999997750273906
train,2012-410,2,105,14,1.0,0.49999999394276534
train,2012-410,2,105,15,1.0,0.499999992622179
train,2012-410,2,105,16,1.0,0.5000000006111804
train,2012-410,2,105,17,1.0,0.5000000038780854
train,2012-410,2,105,18,1.0,0.5000000053332769
train,2012-410,2,105,19,0.0,0.5000000109757821
train,2012-410,2,105,20,1.0,0.4999999896099325
train,2012-410,2,105,21,1.0,0.5000000173567969
train,2012-410,2,105,22,0.0,0.5000000021645974
train,2012-410,2,105,23,1.0,0.4999999920546543
train,2012-410,3,106,0,1.0,0.5
train,2012-410,3,106,1,1.0,0.500000010986696
train,2012-410,3,106,2,0.0,0.5
train,2012-410,3,106,3,1.0,0.5000000033542165
train,2012-410,3,106,4,1.0,0.4999999946739991
train,2012-410,3,106,5,1.0,0.5000000082909537
train,2012-410,3,106,6,0.0,0.499999994171958
train,2012-410,3,106,7,0.0,0.5000000018990249
train,2012-410,3,106,8,0.0,0.5000000078107405
train,2012-410,3,106,9,0.0,0.4999999883839337
train,2012-410,3,106,10,0.0,0.5000000019826984
train,2012-410,3,106,11,0.0,0.4999999914398358
train,2012-410,3,106,12,0.0,0.5000000006184564
train,2012-410,3,106,13,0.0,0.5000000166619429
train,2012-410,3,106,14,1.0,0.5000000140644261
train,2012-410,3,106,15,0.0,0.500000002055458
train,2012-410,4,107,0,0.0,0.4999999913234205
train,2012-410,4,107,1,1.0,0.5000000090149115
train,2012-410,4,107,2,1.0,0.5000000189502316
train,2012-410,4,107,3,1.0,0.5000000033505785
train,2012-410,4,107,4,1.0,0.5000000059408194
train,2012-410,4,107,5,1.0,0.5
train,2012-410,4,107,6,1.0,0.49999999612191465
train,2012-410,4,107,7,1.0,0.5000000062354957
train,2012-410,5,108,0,1.0,0.4999999969295459
train,2012-410,5,108,1,1.0,0.5000000049003575
train,2012-410,5,108,2,1.0,0.49999999466308515
train,2012-410,5,108,3,0.0,0.5000000038853614
train,2012-410,6,109,0,0.0,0.5000000079671736
train,2012-410,6,109,1,0.0,0.5000000038817234
train,2012-410,7,110,0,0.0,0.5000000092222763
train,2012-416,2,117,0,1.0,0.5000000079708116
train,2012-416,2,117,1,0.0,0.5000000052168616
train,2012-416,2,117,2,0.0,0.49999999218198354
train,2012-416,2,117,3,1.0,0.5000000136788003
train,2012-416,2,117,4,0.0,0.49999999938881956
train,2012-416,2,117,5,1.0,0.5000000103900675
train,2012-416,2,117,6,0.0,0.5000000197505869
train,2012-416,2,117,7,1.0,0.5000000160434865
train,2012-416,2,117,8,1.0,0.5000000297441147
train,2012-416,2,117,9,0.0,0.49999999478313845
train,2012-416,2,117,10,0.0,0.500000008411007
train,2012-416,2,117,11,1.0,0.4999999946667231
train,2012-416,2,117,12,1.0,0.5000000086874934
train,2012-416,2,117,13,1.0,0.5000000027284841
train,2012-416,2,117,14,1.0,0.4999999940882845
train,2012-416,2,117,15,1.0,0.499999994346581
train,2012-416,2,117,16,1.0,0.5000000090112735
train,2012-416,2,117,17,1.0,0.4999999848114385
train,2012-416,2,117,18,1.0,0.5000000190884748
train,2012-416,2,117,19,1.0,0.4999999972715159
train,2012-416,2,117,20,0.0,0.499999994346581
train,2012-416,2,117,21,0.0,0.4999999938809197
train,2012-416,2,117,22,0.0,0.4999999938809197
train,2012-416,2,117,23,0.0,0.49999999693318387
train,2012-416,3,118,0,1.0,0.4999999887295417
train,2012-416,3,118,1,0.0,0.4999999859355739
train,2012-416,3,118,2,0.0,0.5000000151885615
train,2012-416,3,118,3,0.0,0.49999999510691856
train,2012-416,3,118,4,1.0,0.5000000117433956
train,2012-416,3,118,5,0.0,0.5000000085601641
train,2012-416,3,118,6,0.0,0.500000005326001
train,2012-416,3,118,7,1.0,0.5000000033542165
train,2012-416,3,118,8,0.0,0.5000000166983227
train,2012-416,3,118,9,1.0,0.4999999896099325
train,2012-416,3,118,10,1.0,0.5
train,2012-416,3,118,11,1.0,0.5000000021609594
train,2012-416,3,118,12,0.0,0.5000000050567905
train,2012-416,3,118,13,1.0,0.5
train,2012-416,3,118,14,1.0,0.5000000151885615
train,2012-416,3,118,15,1.0,0.49999999202555045
train,2012-416,4,119,0,1.0,0.5000000031686795
train,2012-416,4,119,1,0.0,0.49999999783176463
train,2012-416,4,119,2,1.0,0.500000007385097
train,2012-416,4,119,3,0.0,0.5000000091895345
train,2012-416,4,119,4,0.0,0.500000008407369
train,2012-416,4,119,5,0.0,0.4999999866922735
train,2012-416,4,119,6,1.0,0.4999999877145456
train,2012-416,4,119,7,1.0,0.4999999901519913
train,2012-416,5,120,0,1.0,0.5
train,2012-416,5,120,1,1.0,0.4999999908104655
train,2012-416,5,120,2,1.0,0.49999998281418806
train,2012-416,5,120,3,0.0,0.5000000052241376
train,2012-416,6,121,0,1.0,0.5000000031686795
train,2012-416,6,121,1,1.0,0.5000000053114491
train,2012-416,7,122,0,1.0,0.49999999077772367
train,2012-421,2,137,0,0.0,0.5000000021682354
train,2012-421,2,137,1,0.0,0.49999999129431666
train,2012-421,2,137,2,0.0,0.4999999786814442
train,2012-421,2,137,3,1.0,0.5000000086765795
train,2012-421,2,137,4,0.0,0.49999999448846216
train,2012-421,2,137,5,1.0,0.5000000114523573
train,2012-421,2,137,6,0.0,0.5
train,2012-421,2,137,7,1.0,0.499999980256689
train,2012-421,2,137,8,1.0,0.5000000029940566
train,2012-421,2,137,9,0.0,0.4999999913234205
train,2012-421,2,137,10,1.0,0.49999999802093953
train,2012-421,2,137,11,1.0,0.49999999448846216
train,2012-421,2,137,12,1.0,0.4999999977044354
train,2012-421,2,137,13,1.0,0.5000000160507625
train,2012-421,2,137,14,0.0,0.5000000190157152
train,2012-421,2,137,15,0.0,0.4999999882638804
train,2012-421,3,138,0,1.0,0.5000000200307113
train,2012-421,3,138,1,1.0,0.500000002914021
train,2012-421,3,138,2,1.0,0.5000000274267222
train,2012-421,3,138,3,1.0,0.5000000111394911
train,2012-421,3,138,4,0.0,0.5
train,2012-421,3,138,5,1.0,0.5
train,2012-421,3,138,6,1.0,0.5
train,2012-421,3,138,7,1.0,0.49999999176725396
train,2012-421,3,138,8,1.0,0.5000000151921995
train,2012-421,3,138,9,1.0,0.4999999966530595
train,2012-421,3,138,10,1.0,0.49999999202555045
train,2012-421,3,138,11,0.0,0.4999999791616574
train,2012-421,3,138,12,1.0,0.5000000053332769
train,2012-421,3,138,13,1.0,0.4999999869687599
train,2012-421,3,138,14,1.0,0.5
train,2012-421,3,138,15,0.0,0.49999999897772796
train,2012-421,4,139,0,1.0,0.5000000031723175
train,2012-421,4,139,1,0.0,0.5000000098443707
train,2012-421,4,139,2,0.0,0.4999999969295459
train,2012-421,4,139,3,1.0,0.49999998146813596
train,2012-421,4,139,4,1.0,0.4999999866922735
train,2012-421,4,139,5,0.0,0.4999999702558853
train,2012-421,4,139,6,0.0,0.4999999950996426
train,2012-421,4,139,7,0.0,0.4999999968276825
train,2012-421,5,140,0,1.0,0.5000000107866072
train,2012-421,5,140,1,0.0,0.5
train,2012-421,5,140,2,1.0,0.49999998824205255
train,2012-421,5,140,3,1.0,0.49999999466308515
train,2012-421,6,141,0,0.0,0.49999999188730726
train,2012-421,6,141,1,0.0,0.5000000228137651
train,2012-421,7,142,0,0.0,0.4999999950159691
train,2012-422,2,143,0,1.0,0.4999999982319423
train,2012-422,2,143,1,1.0,0.5000000111394911
train,2012-422,2,143,2,1.0,0.5000000059444574
train,2012-422,2,143,3,1.0,0.4999999946739991
train,2012-422,2,143,4,1.0,0.5000000027903297
train,2012-422,2,143,5,1.0,0.49999999783176463
train,2012-422,2,143,6,0.0,0.5000000175859896
train,2012-422,2,143,7,0.0,0.5000000140535121
train,2012-422,2,143,8,0.0,0.49999999611827667
train,2012-422,2,143,9,1.0,0.5000000133077265
train,2012-422,2,143,10,1.0,0.4999999882493285
train,2012-422,2,143,11,0.0,0.4999999913234205
train,2012-422,2,143,12,0.0,0.499999986957846
train,2012-422,2,143,13,0.0,0.4999999896135705
train,2012-422,2,143,14,1.0,0.4999999966530595
train,2012-422,2,143,15,0.0,0.5000000010149961
train,2012-422,2,143,16,1.0,0.500000013042154
train,2012-422,2,143,17,1.0,0.4999999977044354
train,2012-422,2,143,18,1.0,0.49999999053761707
train,2012-422,2,143,19,0.0,0.5000000147156243
train,2012-422,2,143,20,1.0,0.5000000213185558
train,2012-422,2,143,21,0.0,0.5
train,2012-422,2,143,22,1.0,0.5
train,2012-422,2,143,23,1.0,0.5000000047875801
train,2012-422,3,144,0,0.0,0.5000000020481821
train,2012-422,3,144,1,1.0,0.499999986954208
train,2012-422,3,144,2,1.0,0.5000000307991286
train,2012-422,3,144,3,0.0,0.5
train,2012-422,3,144,4,0.0,0.5000000067775545
train,2012-422,3,144,5,1.0,0.5000000133004505
train,2012-422,3,144,6,1.0,0.5000000137515599
train,2012-422,3,144,7,0.0,0.4999999901519913
train,2012-422,3,144,8,0.0,0.49999998333805706
train,2012-422,3,144,9,1.0,0.5000000031686795
train,2012-422,3,144,10,0.0,0.5000000078107405
train,2012-422,3,144,11,1.0,0.5000000091858965
train,2012-422,3,144,12,0.0,0.5
train,2012-422,3,144,13,0.0,0.4999999946667231
train,2012-422,3,144,14,1.0,0.5000000058971636
train,2012-422,3,144,15,1.0,0.5000000078107405
train,2012-422,4,145,0,0.0,0.5000000111394911
train,2012-422,4,145,1,0.0,0.4999999968276825
train,2012-422,4,145,2,0.0,0.5
train,2012-422,4,145,3,0.0,0.4999999952196959
train,2012-422,4,145,4,0.0,0.5000000030704541
train,2012-422,4,145,5,1.0,0.500000018531864
train,2012-422,4,145,6,0.0,0.499999989013304
train,2012-422,4,145,7,0.0,0.49999999435021897
train,2012-422,5,146,0,1.0,0.4999999968385964
train,2012-422,5,146,1,0.0,0.5000000133113645
train,2012-422,5,146,2,1.0,0.5000000098516466
train,2012-422,5,146,3,1.0,0.49999999014835333
train,2012-422,6,147,0,1.0,0.4999999908031895
train,2012-422,6,147,1,1.0,0.5000000020336302
train,2012-422,7,148,0,0.0,0.5000000029613147
train,2012-5014,2,156,0,0.0,0.5000000086765795
train,2012-5014,2,156,1,1.0,0.5000000021682354
train,2012-5014,2,156,2,1.0,0.5000000006184564
train,2012-5014,2,156,3,1.0,0.5000000031541276
train,2012-5014,2,156,4,0.0,0.4999999949832273
train,2012-5014,2,156,5,0.0,0.5000000059044396
train,2012-5014,2,156,6,0.0,0.5000000086765795
train,2012-5014,2,156,7,0.0,0.49999999387364374
train,2012-5014,2,156,8,0.0,0.500000007385097
train,2012-5014,2,156,9,0.0,0.49999999448846216
train,2012-5014,2,156,10,1.0,0.5000000236359483
train,2012-5014,2,156,11,0.0,0.4999999932224455
train,2012-5014,2,156,12,0.0,0.49999999435385695
train,2012-5014,2,156,13,1.0,0.5000000111394911
train,2012-5014,2,156,14,1.0,0.5000000117506715
train,2012-5014,2,156,15,1.0,0.49999999218198354
train,2012-5014,2,156,16,0.0,0.4999999946739991
train,2012-5014,2,156,17,1.0,0.500000003270543
train,2012-5014,2,156,18,0.0,0.4999999896135705
train,2012-5014,2,156,19,0.0,0.4999999971987563
train,2012-5014,2,156,20,0.0,0.4999999848078005
train,2012-5014,2,156,21,1.0,0.5000000035397534
train,2012-5014,2,156,22,0.0,0.49999999806823325
train,2012-5014,2,156,23,0.0,0.4999999977044354
train,2012-5014,3,157,0,0.0,0.49999999496867537
train,2012-5014,3,157,1,1.0,0.5000000086874934
train,2012-5014,3,157,2,0.0,0.5000000137515599
train,2012-5014,3,157,3,0.0,0.4999999941028364
train,2012-5014,3,157,4,1.0,0.4999999966530595
train,2012-5014,3,157,5,1.0,0.4999999866995495
train,2012-5014,3,157,6,1.0,0.49999999202555045
train,2012-5014,3,157,7,1.0,0.5000000043291948
train,2012-5014,3,157,8,1.0,0.5000000021609594
train,2012-5014,3,157,9,1.0,0.4999999969404598
train,2012-5014,3,157,10,0.0,0.4999999791616574
train,2012-5014,3,157,11,0.0,0.49999999897772796
train,2012-5014,3,157,12,1.0,0.4999999972169462
train,2012-5014,3,157,13,0.0,0.5000000021609594
train,2012-5014,3,157,14,0.0,0.4999999873652996
train,2012-5014,3,157,15,1.0,0.500000005500624
train,2012-5014,4,158,0,1.0,0.5000000021645974
train,2012-5014,4,158,1,1.0,0.5000000059408194
train,2012-5014,4,158,2,1.0,0.5000000117506715
train,2012-5014,4,158,3,1.0,0.49999997808117774
train,2012-5014,4,158,4,0.0,0.4999999946667231
train,2012-5014,4,158,5,0.0,0.500000001888111
train,2012-5014,4,158,6,0.0,0.49999998418934416
train,2012-5014,4,158,7,0.0,0.49999999131614453
train,2012-5014,5,159,0,1.0,0.49999998697967385
train,2012-5014,5,159,1,0.0,0.4999999937608664
train,2012-5014,5,159,2,0.0,0.4999999920328264
train,2012-5014,5,159,3,0.0,0.5
train,2012-5014,6,160,0,0.0,0.49999999418287194
train,2012-5014,6,160,1,0.0,0.5000000074433046
train,2012-5014,7,161,0,1.0,0.4999999971332727
train,2012-520,1,123,0,1.0,0.49999999409556045
train,2012-520,1,123,1,0.0,0.49999999559076974
train,2012-520,1,123,2,1.0,0.5000000224426913
train,2012-520,1,123,3,1.0,0.5000000132276909
train,2012-520,1,123,4,0.0,0.5000000065701897
train,2012-520,1,123,5,1.0,0.5000000194922904
train,2012-520,1,123,6,0.0,0.5000000014733814
train,2012-520,1,123,7,1.0,0.5000000093859853
train,2012-520,1,123,8,0.0,0.5000000047693902
train,2012-520,1,123,9,1.0,0.49999999559076974
train,2012-520,1,123,10,1.0,0.5000000024483597
train,2012-520,1,123,11,0.0,0.5000000003929017
train,2012-520,1,123,12,1.0,0.4999999981628207
train,2012-520,1,123,13,0.0,0.49999999559076974
train,2012-520,1,123,14,0.0,0.49999999574356485
train,2012-520,1,123,15,1.0,0.5000000203108357
train,2012-520,1,123,16,1.0,0.49999998606290313
train,2012-520,1,123,17,0.0,0.4999999904975993
train,2012-520,1,123,18,1.0,0.500000009276846
train,2012-520,1,123,19,0.0,0.5000000038126018
train,2012-520,1,123,20,1.0,0.5000000041763997
train,2012-520,1,123,21,1.0,0.49999999827196007
train,2012-520,1,123,22,1.0,0.5000000033069227
train,2012-520,1,123,23,0.0,0.5000000037362042
train,2012-520,1,123,24,0.0,0.5000000059044396
train,2012-520,1,123,25,0.0,0.49999998957355274
train,2012-520,1,123,26,0.0,0.499999991407094
train,2012-520,1,123,27,0.0,0.5000000169638952
train,2012-520,1,123,28,1.0,0.5000000069412636
train,2012-520,1,123,29,0.0,0.5
train,2012-520,1,123,30,1.0,0.5000000038671715
train,2012-520,1,123,31,1.0,0.5000000033069227
train,2012-520,1,123,32,0.0,0.5000000148247636
train,2012-520,1,123,33,0.0,0.49999998201747076
train,2012-520,1,123,34,1.0,0.49999999624196795
train,2012-520,1,123,35,1.0,0.49999998074054025
train,2012-520,1,123,36,0.0,0.4999999958236004
train,2012-520,1,123,37,0.0,0.49999998936618795
train,2012-520,1,123,38,0.0,0.5000000087056833
train,2012-520,1,123,39,0.0,0.49999999169813236
train,2012-520,1,123,40,1.0,0.5
train,2012-520,1,123,41,1.0,0.49999999409556045
train,2012-520,1,123,42,1.0,0.5000000186118996
train,2012-520,1,123,43,0.0,0.5000000087748049
train,2012-520,1,123,44,1.0,0.5000000012332748
train,2012-520,1,123,45,1.0,0.5000000062464096
train,2012-520,1,123,46,0.0,0.49999999305873644
train,2012-520,1,123,47,1.0,0.49999998517523636
train,2012-520,1,123,48,0.0,0.5000000025356712
train,2012-520,1,123,49,1.0,0.49999999444116844
train,2012-520,1,123,50,0.0,0.5000000090658432
train,2012-520,1,123,51,1.0,0.5000000093859853
train,2012-520,1,123,52,0.0,0.49999998817293095
train,2012-520,1,123,53,0.0,0.4999999932842911
train,2012-520,1,123,54,0.0,0.4999999950123311
train,2012-520,1,123,55,1.0,0.5
train,2012-520,1,123,56,0.0,0.5000000017280399
train,2012-520,1,123,57,0.0,0.49999997621853254
train,2012-520,1,123,58,0.0,0.49999998900602804
train,2012-520,1,123,59,1.0,0.5000000042564352
train,2012-520,1,123,60,0.0,0.4999999876636139
train,2012-520,1,123,61,0.0,0.4999999952742656
train,2012-520,1,123,62,0.0,0.4999999919164111
train,2012-520,1,123,63,1.0,0.5000000090658432
train,2012-520,2,124,0,0.0,0.5000000175350579
train,2012-520,2,124,1,1.0,0.4999999959618436
train,2012-520,2,124,2,1.0,0.4999999932879291
train,2012-520,2,124,3,0.0,0.5000000063701009
train,2012-520,2,124,4,0.0,0.5
train,2012-520,2,124,5,1.0,0.4999999930660124
train,2012-520,2,124,6,0.0,0.49999999122883304
train,2012-520,2,124,7,0.0,0.5
train,2012-520,2,124,8,0.0,0.4999999950123311
train,2012-520,2,124,9,1.0,0.4999999934261723
train,2012-520,2,124,10,1.0,0.5000000105355866
train,2012-520,2,124,11,1.0,0.4999999932879291
train,2012-520,2,124,12,1.0,0.5000000093787094
train,2012-520,2,124,13,1.0,0.500000010128133
train,2012-520,2,124,14,1.0,0.500000016992999
train,2012-520,2,124,15,0.0,0.4999999878418749
train,2012-520,2,124,16,0.0,0.49999998958810465
train,2012-520,2,124,17,1.0,0.500000023865141
train,2012-520,2,124,18,0.0,0.49999999339706847
train,2012-520,2,124,19,1.0,0.5000000053769327
train,2012-520,2,124,20,1.0,0.5000000062427716
train,2012-520,2,124,21,0.0,0.49999999011924956
train,2012-520,2,124,22,1.0,0.49999998716884875
train,2012-520,2,124,23,1.0,0.5000000026775524
train,2012-520,2,124,24,0.0,0.5000000059008016
train,2012-520,2,124,25,1.0,0.4999999958236004
train,2012-520,2,124,26,0.0,0.49999999409919843
train,2012-520,2,124,27,1.0,0.4999999820247467
train,2012-520,2,124,28,0.0,0.5000000059008016
train,2012-520,2,124,29,1.0,0.49999998177736416
train,2012-520,2,124,30,0.0,0.5000000055624696
train,2012-520,2,124,31,0.0,0.5
train,2012-520,3,125,0,0.0,0.5000000093823473
train,2012-520,3,125,1,1.0,0.5000000195104803
train,2012-520,3,125,2,1.0,0.4999999961801223
train,2012-520,3,125,3,1.0,0.4999999910978658
train,2012-520,3,125,4,0.0,0.5000000042673491
train,2012-520,3,125,5,1.0,0.4999999955944077
train,2012-520,3,125,6,1.0,0.5000000024556357
train,2012-520,3,125,7,0.0,0.5000000042673491
train,2012-520,3,125,8,0.0,0.49999999500505515
train,2012-520,3,125,9,0.0,0.5000000073341653
train,2012-520,3,125,10,1.0,0.49999999487044994
train,2012-520,3,125,11,1.0,0.5
train,2012-520,3,125,12,0.0,0.5000000049949449
train,2012-520,3,125,13,1.0,0.5000000087820808
train,2012-520,3,125,14,1.0,0.5
train,2012-520,3,125,15,1.0,0.5000000070904207
train,2012-520,4,126,0,1.0,0.49999999443753046
train,2012-520,4,126,1,1.0,0.5000000026775524
train,2012-520,4,126,2,0.0,0.49999999327701516
train,2012-520,4,126,3,0.0,0.500000014068064
train,2012-520,4,126,4,1.0,0.5000000015024852
train,2012-520,4,126,5,0.0,0.49999999559076974
train,2012-520,4,126,6,1.0,0.5000000042600732
train,2012-520,4,126,7,1.0,0.49999999836290954
train,2012-520,5,127,0,0.0,0.5000000038235157
train,2012-520,5,127,1,1.0,0.4999999859355739
train,2012-520,5,127,2,1.0,0.49999998958810465
train,2012-520,5,127,3,0.0,0.5
train,2012-520,6,128,0,1.0,0.5000000035215635
train,2012-520,6,128,1,0.0,0.49999999746796675
train,2012-520,7,129,0,1.0,0.4999999919164111
train,2012-540,1,130,0,1.0,0.499999996736733
train,2012-540,1,130,1,0.0,0.5000000052241376
train,2012-540,1,130,2,0.0,0.5000000052241376
train,2012-540,1,130,3,0.0,0.5000000031650416
train,2012-540,1,130,4,1.0,0.5000000083928171
train,2012-540,1,130,5,1.0,0.499999972020305
train,2012-540,1,130,6,1.0,0.49999999783176463
train,2012-540,1,130,7,1.0,0.4999999908031895
train,2012-540,1,130,8,1.0,0.4999999946739991
train,2012-540,1,130,9,1.0,0.5000000050276867
train,2012-540,1,130,10,0.0,0.5000000024301698
train,2012-540,1,130,11,1.0,0.4999999862084223
train,2012-540,1,130,12,0.0,0.5000000071486284
train,2012-540,1,130,13,0.0,0.49999999721330823
train,2012-540,1,130,14,1.0,0.49999999409556045
train,2012-540,1,130,15,0.0,0.49999999387364374
train,2012-540,1,130,16,1.0,0.500000019746949
train,2012-540,1,130,17,1.0,0.5000000052241376
train,2012-540,1,130,18,1.0,0.5000000033578544
train,2012-540,1,130,19,1.0,0.49999999387364374
train,2012-540,1,130,20,0.0,0.499999989016942
train,2012-540,1,130,21,1.0,0.5000000179643393
train,2012-540,1,130,22,0.0,0.5000000031650416
train,2012-540,1,130,23,1.0,0.500000005326001
train,2012-540,1,130,24,0.0,0.5000000048457878
train,2012-540,1,130,25,0.0,0.4999999980100256
train,2012-540,1,130,26,1.0,0.4999999917745299
train,2012-540,1,130,27,1.0,0.5000000055151759
train,2012-540,1,130,28,0.0,0.4999999946739991
train,2012-540,1,130,29,1.0,0.5000000103900675
train,2012-540,1,130,30,0.0,0.5000000031650416
train,2012-540,1,130,31,0.0,0.49999999173451215
train,2012-540,1,130,32,0.0,0.5000000078107405
train,2012-540,1,130,33,0.0,0.5
train,2012-540,1,130,34,1.0,0.5000000079635356
train,2012-540,1,130,35,1.0,0.499999989016942
train,2012-540,1,130,36,0.0,0.4999999977007974
train,2012-540,1,130,37,0.0,0.499999986957846
train,2012-540,1,130,38,0.0,0.500000003263267
train,2012-540,1,130,39,1.0,0.500000005326001
train,2012-540,1,130,40,1.0,0.5000000107393134
train,2012-540,1,130,41,0.0,0.5000000122417987
train,2012-540,1,130,42,0.0,0.5000000166692189
train,2012-540,1,130,43,1.0,0.49999999387364374
train,2012-540,1,130,44,1.0,0.5000000078107405
train,2012-540,1,130,45,0.0,0.49999999683495844
train,2012-540,1,130,46,1.0,0.5000000086838554
train,2012-540,1,130,47,1.0,0.5000000140644261
train,2012-540,1,130,48,1.0,0.5000000079635356
train,2012-540,1,130,49,0.0,0.4999999908213794
train,2012-540,1,130,50,1.0,0.5000000088984962
train,2012-540,1,130,51,0.0,0.4999999667306838
train,2012-540,1,130,52,1.0,0.5000000003929017
train,2012-540,1,130,53,1.0,0.500000005326001
train,2012-540,1,130,54,1.0,0.4999999943574949
train,2012-540,1,130,55,1.0,0.49999999664214556
train,2012-540,1,130,56,0.0,0.5000000225008989
train,2012-540,1,130,57,0.0,0.4999999932151695
train,2012-540,1,130,58,0.0,0.49999997868872015
train,2012-540,1,130,59,0.0,0.49999998825660447
train,2012-540,1,130,60,1.0,0.5000000047839421
train,2012-540,1,130,61,0.0,0.5000000113395799
train,2012-540,1,130,62,0.0,0.4999999920364644
train,2012-540,1,130,63,0.0,0.5000000022992026
train,2012-540,2,131,0,0.0,0.5000000022919266
train,2012-540,2,131,1,1.0,0.5000000208383426
train,2012-540,2,131,2,1.0,0.5000000067848305
train,2012-540,2,131,3,0.0,0.499999998111889
train,2012-540,2,131,4,1.0,0.4999999915926309
train,2012-540,2,131,5,0.0,0.49999999170177034
train,2012-540,2,131,6,1.0,0.5
train,2012-540,2,131,7,1.0,0.5000000122417987
train,2012-540,2,131,8,0.0,0.4999999854771886
train,2012-540,2,131,9,1.0,0.5000000112631824
train,2012-540,2,131,10,1.0,0.4999999843166734
train,2012-540,2,131,11,1.0,0.4999999765641405
train,2012-540,2,131,12,1.0,0.4999999993815436
train,2012-540,2,131,13,0.0,0.4999999966530595
train,2012-540,2,131,14,0.0,0.5
train,2012-540,2,131,15,1.0,0.49999998771090765
train,2012-540,2,131,16,1.0,0.5000000021645974
train,2012-540,2,131,17,0.0,0.49999998334169504
train,2012-540,2,131,18,1.0,0.5000000137952156
train,2012-540,2,131,19,1.0,0.5000000078180165
train,2012-540,2,131,20,1.0,0.500000012358214
train,2012-540,2,131,21,0.0,0.49999999478313845
train,2012-540,2,131,22,1.0,0.5000000061263563
train,2012-540,2,131,23,1.0,0.4999999946703611
train,2012-540,2,131,24,1.0,0.49999999683132046
train,2012-540,2,131,25,1.0,0.5000000078362064
train,2012-540,2,131,26,0.0,0.49999999218198354
train,2012-540,2,131,27,1.0,0.49999998334169504
train,2012-540,2,131,28,0.0,0.5000000078180165
train,2012-540,2,131,29,0.0,0.49999999683132046
train,2012-540,2,131,30,0.0,0.4999999857100192
train,2012-540,2,131,31,1.0,0.49999999794817995
train,2012-540,3,132,0,1.0,0.5000000027830538
train,2012-540,3,132,1,1.0,0.5000000031541276
train,2012-540,3,132,2,1.0,0.49999998395287554
train,2012-540,3,132,3,1.0,0.4999999940919225
train,2012-540,3,132,4,1.0,0.5000000086911314
train,2012-540,3,132,5,0.0,0.4999999968458724
train,2012-540,3,132,6,0.0,0.4999999915926309
train,2012-540,3,132,7,0.0,0.5
train,2012-540,3,132,8,1.0,0.5000000208347046
train,2012-540,3,132,9,1.0,0.4999999854771886
train,2012-540,3,132,10,0.0,0.49999999664578354
train,2012-540,3,132,11,1.0,0.5000000060535967
train,2012-540,3,132,12,1.0,0.5
train,2012-540,3,132,13,0.0,0.500000012358214
train,2012-540,3,132,14,0.0,0.5
train,2012-540,3,132,15,0.0,0.49999999176725396
train,2012-540,4,133,0,0.0,0.50000001304943
train,2012-540,4,133,1,0.0,0.5
train,2012-540,4,133,2,1.0,0.49999999320789357
train,2012-540,4,133,3,0.0,0.5000000243853719
train,2012-540,4,133,4,0.0,0.5000000021645974
train,2012-540,4,133,5,1.0,0.5
train,2012-540,4,133,6,0.0,0.499999992614903
train,2012-540,4,133,7,0.0,0.5000000050567905
train,2012-540,5,134,0,1.0,0.500000010986696
train,2012-540,5,134,1,1.0,0.5000000175932655
train,2012-540,5,134,2,1.0,0.5000000021718733
train,2012-540,5,134,3,0.0,0.5000000020481821
train,2012-540,6,135,0,1.0,0.5000000030740921
train,2012-540,6,135,1,1.0,0.4999999968385964
train,2012-540,7,136,0,0.0,0.5000000058171281
train,2012-560,1,149,0,0.0,0.4999999957362889
train,2012-560,1,149,1,1.0,0.4999999925166776
train,2012-560,1,149,2,0.0,0.5000000045183697
train,2012-560,1,149,3,1.0,0.4999999926694727
train,2012-560,1,149,4,1.0,0.5000000151485438
train,2012-560,1,149,5,1.0,0.5000000030449883
train,2012-560,1,149,6,1.0,0.5000000063773768
train,2012-560,1,149,7,0.0,0.5
train,2012-560,1,149,8,0.0,0.5
train,2012-560,1,149,9,1.0,0.4999999937645044
train,2012-560,1,149,10,1.0,0.5000000093896233
train,2012-560,1,149,11,0.0,0.5000000079089659
train,2012-560,1,149,12,1.0,0.4999999985193426
train,2012-560,1,149,13,0.0,0.49999998564453557
train,2012-560,1,149,14,1.0,0.5000000112340786
train,2012-560,1,149,15,0.0,0.4999999957362889
train,2012-560,1,149,16,1.0,0.5000000133186404
train,2012-560,1,149,17,1.0,0.5000000148211257
train,2012-560,1,149,18,1.0,0.5000000008221832
train,2012-560,1,149,19,0.0,0.5000000135514711
train,2012-560,1,149,20,0.0,0.5000000049913069
train,2012-560,1,149,21,1.0,0.49999999827196007
train,2012-560,1,149,22,1.0,0.5000000092913979
train,2012-560,1,149,23,1.0,0.4999999762221705
train,2012-560,1,149,24,1.0,0.5000000011132215
train,2012-560,1,149,25,0.0,0.49999999122519506
train,2012-560,1,149,26,0.0,0.49999999669671524
train,2012-560,1,149,27,1.0,0.499999998799467
train,2012-560,1,149,28,1.0,0.49999999093779474
train,2012-560,1,149,29,1.0,0.5000000073487172
train,2012-560,1,149,30,0.0,0.4999999973188096
train,2012-560,1,149,31,1.0,0.5000000069412636
train,2012-560,1,149,32,0.0,0.49999999582723836
train,2012-560,1,149,33,1.0,0.5000000069412636
train,2012-560,1,149,34,1.0,0.500000005151378
train,2012-560,1,149,35,0.0,0.49999998391285777
train,2012-560,1,149,36,0.0,0.5000000083127816
train,2012-560,1,149,37,1.0,0.4999999937645044
train,2012-560,1,149,38,0.0,0.5000000042637112
train,2012-560,1,149,39,0.0,0.49999998945349944
train,2012-560,1,149,40,0.0,0.49999999747160473
train,2012-560,1,149,41,1.0,0.4999999937645044
train,2012-560,1,149,42,1.0,0.5000000025283953
train,2012-560,1,149,43,1.0,0.4999999914216459
train,2012-560,1,149,44,0.0,0.5000000024519977
train,2012-560,1,149,45,1.0,0.5000000062354957
train,2012-560,1,149,46,0.0,0.49999998517887434
train,2012-560,1,149,47,0.0,0.5000000231375452
train,2012-560,1,149,48,0.0,0.49999998935163603
train,2012-560,1,149,49,1.0,0.5000000039144652
train,2012-560,1,149,50,1.0,0.500000008578354
train,2012-560,1,149,51,1.0,0.5000000132313289
train,2012-560,1,149,52,0.0,0.5000000139370968
train,2012-560,1,149,53,1.0,0.4999999949795893
train,2012-560,1,149,54,1.0,0.49999999617648433
train,2012-560,1,149,55,1.0,0.5000000049913069
train,2012-560,1,149,56,0.0,0.49999998247221805
train,2012-560,1,149,57,0.0,0.4999999926694727
train,2012-560,1,149,58,0.0,0.5
train,2012-560,1,149,59,1.0,0.4999999959618436
train,2012-560,1,149,60,0.0,0.49999999835927156
train,2012-560,1,149,61,0.0,0.49999999703504727
train,2012-560,1,149,62,0.0,0.5
train,2012-560,1,149,63,0.0,0.5000000069412636
train,2012-560,2,150,0,0.0,0.5000000151594577
train,2012-560,2,150,1,0.0,0.4999999769061105
train,2012-560,2,150,2,1.0,0.5000000056243152
train,2012-560,2,150,3,0.0,0.5000000016407284
train,2012-560,2,150,4,1.0,0.4999999943320291
train,2012-560,2,150,5,1.0,0.49999999122883304
train,2012-560,2,150,6,0.0,0.49999998958810465
train,2012-560,2,150,7,0.0,0.49999999305873644
train,2012-560,2,150,8,1.0,0.4999999936226232
train,2012-560,2,150,9,0.0,0.5000000026775524
train,2012-560,2,150,10,1.0,0.5000000056243152
train,2012-560,2,150,11,1.0,0.49999998592465994
train,2012-560,2,150,12,1.0,0.49999999141436996
train,2012-560,2,150,13,0.0,0.4999999839892553
train,2012-560,2,150,14,1.0,0.5
train,2012-560,2,150,15,0.0,0.4999999971842044
train,2012-560,2,150,16,1.0,0.5000000015061232
train,2012-560,2,150,17,1.0,0.5000000088948582
train,2012-560,2,150,18,0.0,0.5000000049913069
train,2012-560,2,150,19,0.0,0.49999999851206667
train,2012-560,2,150,20,1.0,0.5000000067229848
train,2012-560,2,150,21,1.0,0.5000000047257345
train,2012-560,2,150,22,0.0,0.4999999878600648
train,2012-560,2,150,23,0.0,0.49999999548890633
train,2012-560,2,150,24,0.0,0.5000000017280399
train,2012-560,2,150,25,1.0,0.5000000045110937
train,2012-560,2,150,26,0.0,0.49999999122883304
train,2012-560,2,150,27,0.0,0.5
train,2012-560,2,150,28,0.0,0.500000002921297
train,2012-560,2,150,29,1.0,0.4999999934225343
train,2012-560,2,150,30,0.0,0.4999999909414327
train,2012-560,2,150,31,1.0,0.5000000087711669
train,2012-560,3,151,0,0.0,0.5000000046493369
train,2012-560,3,151,1,1.0,0.5000000029322109
train,2012-560,3,151,2,0.0,0.49999999748251867
train,2012-560,3,151,3,1.0,0.5000000026775524
train,2012-560,3,151,4,1.0,0.5000000087820808
train,2012-560,3,151,5,1.0,0.5000000078689482
train,2012-560,3,151,6,1.0,0.4999999957362889
train,2012-560,3,151,7,1.0,0.4999999973224476
train,2012-560,3,151,8,0.0,0.5000000029322109
train,2012-560,3,151,9,0.0,0.499999983345333
train,2012-560,3,151,10,0.0,0.49999999110514176
train,2012-560,3,151,11,0.0,0.4999999920873961
train,2012-560,3,151,12,1.0,0.4999999984938768
train,2012-560,3,151,13,0.0,0.5000000067193469
train,2012-560,3,151,14,1.0,0.5000000042637112
train,2012-560,3,151,15,0.0,0.5000000237705535
train,2012-560,4,152,0,1.0,0.5000000042637112
train,2012-560,4,152,1,1.0,0.5000000078725861
train,2012-560,4,152,2,0.0,0.5000000073341653
train,2012-560,4,152,3,0.0,0.4999999981628207
train,2012-560,4,152,4,1.0,0.5000000106265361
train,2012-560,4,152,5,0.0,0.5000000039217412
train,2012-560,4,152,6,1.0,0.50000001063745
train,2012-560,4,152,7,0.0,0.5000000025356712
train,2012-560,5,153,0,0.0,0.5000000072323019
train,2012-560,5,153,1,1.0,0.49999999572537496
train,2012-560,5,153,2,1.0,0.499999995030521
train,2012-560,5,153,3,1.0,0.5000000081599865
train,2012-560,6,154,0,0.0,0.499999989358912
train,2012-560,6,154,1,1.0,0.4999999964093149
train,2012-560,7,155,0,0.0,0.4999999977517291
train,2012-580,1,84,0,1.0,0.5000000014115358
train,2012-580,1,84,1,1.0,0.5000000069412636
train,2012-580,1,84,2,1.0,0.4999999937645044
train,2012-580,1,84,3,1.0,0.4999999959618436
train,2012-580,1,84,4,1.0,0.5000000044019544
train,2012-580,1,84,5,0.0,0.49999999070860207
train,2012-580,1,84,6,1.0,0.49999999921783456
train,2012-580,1,84,7,0.0,0.4999999938663678
train,2012-580,1,84,8,1.0,0.4999999957362889
train,2012-580,1,84,9,1.0,0.5000000083127816
train,2012-580,1,84,10,0.0,0.5000000062354957
train,2012-580,1,84,11,1.0,0.49999999459396355
train,2012-580,1,84,12,1.0,0.5
train,2012-580,1,84,13,1.0,0.5000000049913069
train,2012-580,1,84,14,0.0,0.5000000028157956
train,2012-580,1,84,15,0.0,0.49999998004568624
train,2012-580,1,84,16,1.0,0.5000000063773768
train,2012-580,1,84,17,1.0,0.5000000151994755
train,2012-580,1,84,18,1.0,0.4999999941028364
train,2012-580,1,84,19,1.0,0.4999999973188096
train,2012-580,1,84,20,1.0,0.49999999617648433
train,2012-580,1,84,21,0.0,0.5000000044019544
train,2012-580,1,84,22,1.0,0.4999999975480023
train,2012-580,1,84,23,0.0,0.4999999970641511
train,2012-580,1,84,24,1.0,0.4999999934261723
train,2012-580,1,84,25,0.0,0.49999998935163603
train,2012-580,1,84,26,0.0,0.49999999500869313
train,2012-580,1,84,27,1.0,0.49999999305873644
train,2012-580,1,84,28,0.0,0.5
train,2012-580,1,84,29,0.0,0.4999999957362889
train,2012-580,1,84,30,0.0,0.5
train,2012-580,1,84,31,1.0,0.49999999070860207
train,2012-580,1,84,32,1.0,0.4999999941028364
train,2012-580,1,84,33,0.0,0.49999999747160473
train,2012-580,1,84,34,1.0,0.4999999867686711
train,2012-580,1,84,35,0.0,0.5000000098807504
train,2012-580,1,84,36,0.0,0.5000000065738277
train,2012-580,1,84,37,1.0,0.4999999945321179
train,2012-580,1,84,38,0.0,0.5000000047548383
train,2012-580,1,84,39,0.0,0.49999998073690227
train,2012-580,1,84,40,1.0,0.4999999932842911
train,2012-580,1,84,41,1.0,0.5000000024519977
train,2012-580,1,84,42,1.0,0.5000000045183697
train,2012-580,1,84,43,0.0,0.500000010648364
train,2012-580,1,84,44,0.0,0.49999999012288754
train,2012-580,1,84,45,0.0,0.4999999934261723
train,2012-580,1,84,46,1.0,0.49999999298961484
train,2012-580,1,84,47,0.0,0.49999998817656893
train,2012-580,1,84,48,1.0,0.5000000011532393
train,2012-580,1,84,49,1.0,0.5000000050204108
train,2012-580,1,84,50,1.0,0.5000000012732926
train,2012-580,1,84,51,1.0,0.5000000017280399
train,2012-580,1,84,52,0.0,0.499999999312422
train,2012-580,1,84,53,0.0,0.4999999926694727
train,2012-580,1,84,54,1.0,0.5
train,2012-580,1,84,55,0.0,0.49999999817009666
train,2012-580,1,84,56,0.0,0.5000000062354957
train,2012-580,1,84,57,0.0,0.4999999794599716
train,2012-580,1,84,58,0.0,0.500000008578354
train,2012-580,1,84,59,0.0,0.5000000148211257
train,2012-580,1,84,60,1.0,0.5000000118234311
train,2012-580,1,84,61,0.0,0.499999975112587
train,2012-580,1,84,62,0.0,0.5000000042637112
train,2012-580,1,84,63,0.0,0.5000000016407284
train,2012-580,2,85,0,1.0,0.5000000078653102
train,2012-580,2,85,1,1.0,0.5
train,2012-580,2,85,2,0.0,0.5000000015061232
train,2012-580,2,85,3,0.0,0.49999998073690227
train,2012-580,2,85,4,1.0,0.5000000249820005
train,2012-580,2,85,5,0.0,0.4999999925203156
train,2012-580,2,85,6,0.0,0.5
train,2012-580,2,85,7,1.0,0.49999999327701516
train,2012-580,2,85,8,1.0,0.5000000219297362
train,2012-580,2,85,9,1.0,0.5
train,2012-580,2,85,10,0.0,0.4999999987667252
train,2012-580,2,85,11,1.0,0.49999999548890633
train,2012-580,2,85,12,0.0,0.5000000026775524
train,2012-580,2,85,13,0.0,0.4999999825013219
train,2012-580,2,85,14,0.0,0.5000000160107447
train,2012-580,2,85,15,0.0,0.5000000087711669
train,2012-580,2,85,16,1.0,0.5000000017280399
train,2012-580,2,85,17,1.0,0.5000000094987627
train,2012-580,2,85,18,0.0,0.5000000082982297
train,2012-580,2,85,19,1.0,0.5000000050204108
train,2012-580,2,85,20,1.0,0.5000000049913069
train,2012-580,2,85,21,1.0,0.4999999820247467
train,2012-580,2,85,22,1.0,0.50000000858563
train,2012-580,2,85,23,1.0,0.5000000026775524
train,2012-580,2,85,24,1.0,0.5000000080799509
train,2012-580,2,85,25,1.0,0.49999999305873644
train,2012-580,2,85,26,0.0,0.49999999110514176
train,2012-580,2,85,27,1.0,0.4999999919127731
train,2012-580,2,85,28,0.0,0.49999999264764483
train,2012-580,2,85,29,1.0,0.5000000093932613
train,2012-580,2,85,30,0.0,0.5000000080872269
train,2012-580,2,85,31,0.0,0.5
train,2012-580,3,86,0,0.0,0.500000005140464
train,2012-580,3,86,1,0.0,0.5000000024592737
train,2012-580,3,86,2,1.0,0.4999999944448064
train,2012-580,3,86,3,0.0,0.5000000204599928
train,2012-580,3,86,4,1.0,0.5
train,2012-580,3,86,5,0.0,0.5000000175277819
train,2012-580,3,86,6,0.0,0.49999998666680767
train,2012-580,3,86,7,1.0,0.5000000148174877
train,2012-580,3,86,8,1.0,0.499999999312422
train,2012-580,3,86,9,1.0,0.500000013562385
train,2012-580,3,86,10,0.0,0.5000000062427716
train,2012-580,3,86,11,1.0,0.4999999916908564
train,2012-580,3,86,12,0.0,0.49999999378633225
train,2012-580,3,86,13,0.0,0.5000000132531568
train,2012-580,3,86,14,1.0,0.5000000026775524
train,2012-580,3,86,15,0.0,0.5000000133331923
train,2012-580,4,87,0,0.0,0.5000000026266207
train,2012-580,4,87,1,0.0,0.49999998936254997
train,2012-580,4,87,2,1.0,0.49999999110514176
train,2012-580,4,87,3,1.0,0.5000000166619429
train,2012-580,4,87,4,1.0,0.499999991236109
train,2012-580,4,87,5,0.0,0.4999999932915671
train,2012-580,4,87,6,1.0,0.4999999926658347
train,2012-580,4,87,7,1.0,0.5000000069412636
train,2012-580,5,88,0,0.0,0.5000000132422429
train,2012-580,5,88,1,1.0,0.4999999904503056
train,2012-580,5,88,2,1.0,0.500000010299118
train,2012-580,5,88,3,1.0,0.500000010641088
train,2012-580,6,89,0,1.0,0.4999999949286576
train,2012-580,6,89,1,1.0,0.4999999977517291
train,2012-580,7,90,0,1.0,0.5000000073996489
train,2013-1536,2,195,0,1.0,0.5000000019863364
train,2013-1536,2,195,1,1.0,0.5000000027939677
train,2013-1536,2,195,2,1.0,0.49999999158899294
train,2013-1536,2,195,3,0.0,0.49999998104613047
train,2013-1536,2,195,4,1.0,0.5000000027284841
train,2013-1536,2,195,5,0.0,0.49999998825660447
train,2013-1536,2,195,6,1.0,0.4999999960236892
train,2013-1536,2,195,7,1.0,0.5000000059553713
train,2013-1536,2,195,8,1.0,0.4999999978354026
train,2013-1536,2,195,9,0.0,0.4999999944848242
train,2013-1536,2,195,10,0.0,0.49999996464976
train,2013-1536,2,195,11,1.0,0.5000000045547495
train,2013-1536,2,195,12,0.0,0.4999999970968929
train,2013-1536,2,195,13,1.0,0.5000000062391337
train,2013-1536,2,195,14,1.0,0.5000000033396645
train,2013-1536,2,195,15,1.0,0.5000000056534191
train,2013-1536,2,195,16,1.0,0.49999998886778485
train,2013-1536,2,195,17,1.0,0.5000000004765752
train,2013-1536,2,195,18,0.0,0.4999999812498573
train,2013-1536,2,195,19,1.0,0.5000000027830538
train,2013-1536,2,195,20,0.0,0.5
train,2013-1536,2,195,21,0.0,0.5000000033396645
train,2013-1536,2,195,22,1.0,0.49999999794817995
train,2013-1536,2,195,23,0.0,0.500000018535502
train,2013-1536,3,196,0,0.0,0.5
train,2013-1536,3,196,1,0.0,0.5000000160616764
train,2013-1536,3,196,2,0.0,0.5000000274303602
train,2013-1536,3,196,3,0.0,0.4999999978390406
train,2013-1536,3,196,4,0.0,0.5000000113504939
train,2013-1536,3,196,5,0.0,0.5
train,2013-1536,3,196,6,0.0,0.5000000171967258
train,2013-1536,3,196,7,0.0,0.5000000064283086
train,2013-1536,3,196,8,1.0,0.5000000175859896
train,2013-1536,3,196,9,1.0,0.5000000086802174
train,2013-1536,3,196,10,0.0,0.500000005326001
train,2013-1536,3,196,11,1.0,0.5000000010149961
train,2013-1536,3,196,12,0.0,0.500000013911631
train,2013-1536,3,196,13,0.0,0.500000005326001
train,2013-1536,3,196,14,1.0,0.5000000030704541
train,2013-1536,3,196,15,1.0,0.4999999969295459
train,2013-1536,4,197,0,0.0,0.500000008407369
train,2013-1536,4,197,1,1.0,0.5000000059408194
train,2013-1536,4,197,2,1.0,0.4999999935716915
train,2013-1536,4,197,3,0.0,0.5000000038780854
train,2013-1536,4,197,4,0.0,0.5000000145155354
train,2013-1536,4,197,5,0.0,0.5000000055115379
train,2013-1536,4,197,6,0.0,0.5000000078107405
train,2013-1536,4,197,7,1.0,0.500000008407369
train,2013-1536,5,198,0,0.0,0.5000000053369149
train,2013-1536,5,198,1,0.0,0.4999999950996426
train,2013-1536,5,198,2,1.0,0.5000000053005351
train,2013-1536,5,198,3,1.0,0.5000000023028406
train,2013-1536,6,199,0,1.0,0.49999998668499757
train,2013-1536,6,199,1,1.0,0.4999999994652171
train,2013-1536,7,200,0,0.0,0.5000000038817234
train,2013-352,2,246,0,1.0,0.5000000062354957
train,2013-352,2,246,1,1.0,0.5000000149229891
train,2013-352,2,246,2,0.0,0.5000000079890015
train,2013-352,2,246,3,1.0,0.49999999218198354
train,2013-352,2,246,4,1.0,0.5000000050531526
train,2013-352,2,246,5,0.0,0.4999999882493285
train,2013-352,2,246,6,0.0,0.4999999937645044
train,2013-352,2,246,7,1.0,0.49999998626299197
train,2013-352,2,246,8,1.0,0.500000019743311
train,2013-352,2,246,9,0.0,0.500000013042154
train,2013-352,2,246,10,0.0,0.4999999932224455
train,2013-352,2,246,11,1.0,0.5000000068976078
train,2013-352,2,246,12,1.0,0.5000000060535967
train,2013-352,2,246,13,1.0,0.49999999783176463
train,2013-352,2,246,14,0.0,0.500000013911631
train,2013-352,2,246,15,0.0,0.5000000079744495
train,2013-352,3,247,0,0.0,0.5
train,2013-352,3,247,1,0.0,0.49999997807753976
train,2013-352,3,247,2,0.0,0.5
train,2013-352,3,247,3,0.0,0.500000010983058
train,2013-352,3,247,4,0.0,0.5
train,2013-352,3,247,5,1.0,0.5000000140644261
train,2013-352,3,247,6,1.0,0.5000000006220944
train,2013-352,3,247,7,0.0,0.5000000175896275
train,2013-352,3,247,8,0.0,0.49999998333805706
train,2013-352,3,247,9,1.0,0.4999999915962689
train,2013-352,3,247,10,0.0,0.4999999951032806
train,2013-352,3,247,11,1.0,0.49999998042039806
train,2013-352,3,247,12,0.0,0.500000010983058
train,2013-352,3,247,13,1.0,0.5000000144063961
train,2013-352,3,247,14,1.0,0.4999999877145456
train,2013-352,3,247,15,0.0,0.4999999993779056
train,2013-352,4,248,0,0.0,0.5000000236395863
train,2013-352,4,248,1,0.0,0.49999999435021897
train,2013-352,4,248,2,1.0,0.4999999908213794
train,2013-352,4,248,3,0.0,0.4999999921856215
train,2013-352,4,248,4,1.0,0.5000000067811925
train,2013-352,4,248,5,1.0,0.49999998125349526
train,2013-352,4,248,6,1.0,0.5
train,2013-352,4,248,7,1.0,0.5
train,2013-352,5,249,0,0.0,0.5000000038926373
train,2013-352,5,249,1,0.0,0.500000022489985
train,2013-352,5,249,2,0.0,0.5000000130203262
train,2013-352,5,249,3,1.0,0.5000000053369149
train,2013-352,6,250,0,1.0,0.49999999496867537
train,2013-352,6,250,1,0.0,0.49999999705323717
train,2013-352,7,251,0,1.0,0.500000013566023
train,2013-403,1,182,0,1.0,0.4999999969404598
train,2013-403,1,182,1,0.0,0.5000000061263563
train,2013-403,1,182,2,1.0,0.49999998825660447
train,2013-403,1,182,3,1.0,0.4999999966530595
train,2013-403,1,182,4,0.0,0.5000000146101229
train,2013-403,1,182,5,1.0,0.49999999131250655
train,2013-403,1,182,6,0.0,0.4999999969404598
train,2013-403,1,182,7,1.0,0.5
train,2013-403,1,182,8,1.0,0.500000002739398
train,2013-403,1,182,9,0.0,0.49999998480052454
train,2013-403,1,182,10,0.0,0.5000000117979653
train,2013-403,1,182,11,1.0,0.5000000113432179
train,2013-403,1,182,12,1.0,0.49999997943450575
train,2013-403,1,182,13,0.0,0.5000000110121618
train,2013-403,1,182,14,1.0,0.5
train,2013-403,1,182,15,0.0,0.5000000055115379
train,2013-403,1,182,16,0.0,0.4999999969404598
train,2013-403,1,182,17,0.0,0.5000000056534191
train,2013-403,1,182,18,0.0,0.5000000055115379
train,2013-403,1,182,19,0.0,0.4999999942046998
train,2013-403,1,182,20,1.0,0.5000000062427716
train,2013-403,1,182,21,0.0,0.49999999823921826
train,2013-403,1,182,22,1.0,0.49999999177089194
train,2013-403,1,182,23,1.0,0.5000000137442839
train,2013-403,1,182,24,0.0,0.5
train,2013-403,1,182,25,1.0,0.5000000079780875
train,2013-403,1,182,26,0.0,0.499999984389433
train,2013-403,1,182,27,0.0,0.500000013907993
train,2013-403,1,182,28,0.0,0.49999999657302396
train,2013-403,1,182,29,1.0,0.5000000031686795
train,2013-403,1,182,30,0.0,0.5000000021609594
train,2013-403,1,182,31,1.0,0.49999999945794116
train,2013-403,2,183,0,1.0,0.49999999511055654
train,2013-403,2,183,1,0.0,0.49999999160354486
train,2013-403,2,183,2,0.0,0.5000000203726813
train,2013-403,2,183,3,1.0,0.5000000033469405
train,2013-403,2,183,4,0.0,0.49999999015926727
train,2013-403,2,183,5,0.0,0.4999999759129424
train,2013-403,2,183,6,1.0,0.49999999357896746
train,2013-403,2,183,7,0.0,0.5000000050531526
train,2013-403,2,183,8,0.0,0.4999999888605089
train,2013-403,2,183,9,0.0,0.500000003270543
train,2013-403,2,183,10,1.0,0.5000000067775545
train,2013-403,2,183,11,0.0,0.49999999202555045
train,2013-403,2,183,12,0.0,0.4999999977044354
train,2013-403,2,183,13,1.0,0.500000009607902
train,2013-403,2,183,14,1.0,0.5000000179752533
train,2013-403,2,183,15,0.0,0.500000018535502
train,2013-403,2,183,16,0.0,0.49999999387364374
train,2013-403,2,183,17,1.0,0.5
train,2013-403,2,183,18,0.0,0.5000000145373633
train,2013-403,2,183,19,0.0,0.5000000027903297
train,2013-403,2,183,20,1.0,0.4999999791616574
train,2013-403,2,183,21,1.0,0.4999999968276825
train,2013-403,2,183,22,0.0,0.5000000071522663
train,2013-403,2,183,23,1.0,0.4999999886495062
train,2013-403,2,183,24,0.0,0.4999999796273186
train,2013-403,2,183,25,1.0,0.499999992614903
train,2013-403,2,183,26,1.0,0.5000000033469405
train,2013-403,2,183,27,0.0,0.5000000030704541
train,2013-403,2,183,28,1.0,0.500000005842594
train,2013-403,2,183,29,0.0,0.4999999977044354
train,2013-403,2,183,30,0.0,0.5000000055115379
train,2013-403,2,183,31,0.0,0.5000000050531526
train,2013-403,3,184,0,1.0,0.4999999921892595
train,2013-403,3,184,1,0.0,0.5000000035397534
train,2013-403,3,184,2,1.0,0.49999997689519654
train,2013-403,3,184,3,1.0,0.5
train,2013-403,3,184,4,1.0,0.5000000086874934
train,2013-403,3,184,5,0.0,0.49999999131250655
train,2013-403,3,184,6,0.0,0.5000000027830538
train,2013-403,3,184,7,0.0,0.5000000027757778
train,2013-403,3,184,8,0.0,0.4999999966530595
train,2013-403,3,184,9,1.0,0.5
train,2013-403,3,184,10,1.0,0.5000000079962774
train,2013-403,3,184,11,1.0,0.49999999110877974
train,2013-403,3,184,12,1.0,0.5000000092186383
train,2013-403,3,184,13,0.0,0.4999999828069121
train,2013-403,3,184,14,0.0,0.499999998115527
train,2013-403,3,184,15,1.0,0.5
train,2013-403,4,185,0,1.0,0.4999999945030141
train,2013-403,4,185,1,1.0,0.5000000010113581
train,2013-403,4,185,2,0.0,0.4999999901556293
train,2013-403,4,185,3,1.0,0.499999998111889
train,2013-403,4,185,4,0.0,0.5
train,2013-403,4,185,5,1.0,0.4999999964638846
train,2013-403,4,185,6,0.0,0.4999999966530595
train,2013-403,4,185,7,0.0,0.5
train,2013-403,5,186,0,1.0,0.4999999932188075
train,2013-403,5,186,1,0.0,0.5000000133113645
train,2013-403,5,186,2,1.0,0.49999999693682184
train,2013-403,5,186,3,0.0,0.49999999466308515
train,2013-403,6,187,0,1.0,0.5000000078507583
train,2013-403,6,187,1,1.0,0.4999999864448909
train,2013-403,7,188,0,1.0,0.5000000164254743
train,2013-404,1,175,0,0.0,0.49999999416468205
train,2013-404,1,175,1,0.0,0.5000000045911293
train,2013-404,1,175,2,0.0,0.49999998609200696
train,2013-404,1,175,3,1.0,0.49999998825660447
train,2013-404,1,175,4,1.0,0.499999986255716
train,2013-404,1,175,5,0.0,0.4999999923747964
train,2013-404,1,175,6,0.0,0.5000000078071025
train,2013-404,1,175,7,1.0,0.49999999469946493
train,2013-404,1,175,8,0.0,0.5000000086874934
train,2013-404,1,175,9,0.0,0.5
train,2013-404,1,175,10,0.0,0.49999999510691856
train,2013-404,1,175,11,1.0,0.5
train,2013-404,1,175,12,1.0,0.5000000055115379
train,2013-404,1,175,13,0.0,0.5000000062427716
train,2013-404,1,175,14,1.0,0.5000000056534191
train,2013-404,1,175,15,0.0,0.49999998654311634
train,2013-404,1,175,16,0.0,0.5
train,2013-404,1,175,17,0.0,0.49999998528073775
train,2013-404,1,175,18,1.0,0.5000000156796887
train,2013-404,1,175,19,0.0,0.49999999465944717
train,2013-404,1,175,20,0.0,0.5000000053405529
train,2013-404,1,175,21,1.0,0.4999999877145456
train,2013-404,1,175,22,1.0,0.49999999657302396
train,2013-404,1,175,23,0.0,0.4999999921928975
train,2013-404,1,175,24,1.0,0.5000000045620254
train,2013-404,1,175,25,1.0,0.5000000133040885
train,2013-404,1,175,26,1.0,0.5000000079926394
train,2013-404,1,175,27,0.0,0.5000000137442839
train,2013-404,1,175,28,0.0,0.49999999683132046
train,2013-404,1,175,29,0.0,0.49999999387364374
train,2013-404,1,175,30,1.0,0.49999999177089194
train,2013-404,1,175,31,1.0,0.4999999904321157
train,2013-404,2,176,0,0.0,0.4999999904248397
train,2013-404,2,176,1,0.0,0.5
train,2013-404,2,176,2,0.0,0.5000000021682354
train,2013-404,2,176,3,1.0,0.49999997256600176
train,2013-404,2,176,4,1.0,0.5000000231011654
train,2013-404,2,176,5,0.0,0.5000000059044396
train,2013-404,2,176,6,1.0,0.500000005326001
train,2013-404,2,176,7,1.0,0.4999999939464033
train,2013-404,2,176,8,1.0,0.5000000289473974
train,2013-404,2,176,9,0.0,0.500000003270543
train,2013-404,2,176,10,0.0,0.49999998104613047
train,2013-404,2,176,11,0.0,0.5
train,2013-404,2,176,12,1.0,0.4999999866922735
train,2013-404,2,176,13,0.0,0.4999999892716005
train,2013-404,2,176,14,0.0,0.4999999892716005
train,2013-404,2,176,15,0.0,0.4999999882020348
train,2013-404,2,176,16,0.0,0.5000000145191734
train,2013-404,2,176,17,1.0,0.5000000208383426
train,2013-404,2,176,18,0.0,0.4999999913234205
train,2013-404,2,176,19,0.0,0.5000000021682354
train,2013-404,2,176,20,1.0,0.49999999218198354
train,2013-404,2,176,21,1.0,0.5000000033469405
train,2013-404,2,176,22,1.0,0.4999999941028364
train,2013-404,2,176,23,1.0,0.5000000062354957
train,2013-404,2,176,24,0.0,0.4999999946739991
train,2013-404,2,176,25,1.0,0.5000000117979653
train,2013-404,2,176,26,0.0,0.49999998419298214
train,2013-404,2,176,27,1.0,0.5000000031723175
train,2013-404,2,176,28,1.0,0.4999999911015038
train,2013-404,2,176,29,0.0,0.4999999908068275
train,2013-404,2,176,30,0.0,0.499999989016942
train,2013-404,2,176,31,0.0,0.4999999969295459
train,2013-404,3,177,0,0.0,0.4999999943611329
train,2013-404,3,177,1,0.0,0.4999999882529665
train,2013-404,3,177,2,0.0,0.5
train,2013-404,3,177,3,0.0,0.500000001884473
train,2013-404,3,177,4,1.0,0.5000000038162398
train,2013-404,3,177,5,1.0,0.4999999969404598
train,2013-404,3,177,6,1.0,0.5000000053332769
train,2013-404,3,177,7,1.0,0.5000000243853719
train,2013-404,3,177,8,0.0,0.5000000197505869
train,2013-404,3,177,9,1.0,0.5000000021609594
train,2013-404,3,177,10,0.0,0.4999999966530595
train,2013-404,3,177,11,0.0,0.5
train,2013-404,3,177,12,1.0,0.49999999078136165
train,2013-404,3,177,13,0.0,0.4999999763640517
train,2013-404,3,177,14,1.0,0.4999999866995495
train,2013-404,3,177,15,1.0,0.5000000058971636
train,2013-404,4,178,0,1.0,0.5000000021645974
train,2013-404,4,178,1,1.0,0.4999999887331797
train,2013-404,4,178,2,1.0,0.500000019739673
train,2013-404,4,178,3,1.0,0.5000000133077265
train,2013-404,4,178,4,0.0,0.4999999901556293
train,2013-404,4,178,5,0.0,0.4999999915926309
train,2013-404,4,178,6,0.0,0.5000000079744495
train,2013-404,4,178,7,0.0,0.5000000098443707
train,2013-404,5,179,0,0.0,0.5000000060499588
train,2013-404,5,179,1,0.0,0.5000000064392225
train,2013-404,5,179,2,0.0,0.4999999932188075
train,2013-404,5,179,3,1.0,0.5
train,2013-404,6,180,0,0.0,0.5000000159743649
train,2013-404,6,180,1,0.0,0.4999999908031895
train,2013-404,7,181,0,0.0,0.5000000177315087
train,2013-410,2,189,0,1.0,0.4999999804094841
train,2013-410,2,189,1,0.0,0.5000000021645974
train,2013-410,2,189,2,1.0,0.49999998330531525
train,2013-410,2,189,3,0.0,0.5000000003710738
train,2013-410,2,189,4,0.0,0.49999998886778485
train,2013-410,2,189,5,1.0,0.49999998333805706
train,2013-410,2,189,6,1.0,0.49999999321153155
train,2013-410,2,189,7,1.0,0.4999999972169462
train,2013-410,2,189,8,1.0,0.499999986957846
train,2013-410,2,189,9,1.0,0.5000000158106559
train,2013-410,2,189,10,0.0,0.5
train,2013-410,2,189,11,1.0,0.5000000133077265
train,2013-410,2,189,12,0.0,0.5000000142827048
train,2013-410,2,189,13,1.0,0.5000000052168616
train,2013-410,2,189,14,0.0,0.4999999937608664
train,2013-410,2,189,15,0.0,0.5000000021645974
train,2013-410,2,189,16,0.0,0.49999999666033546
train,2013-410,2,189,17,1.0,0.4999999937608664
train,2013-410,2,189,18,0.0,0.5000000189538696
train,2013-410,2,189,19,0.0,0.49999998801649786
train,2013-410,2,189,20,1.0,0.49999999131250655
train,2013-410,2,189,21,0.0,0.5000000050204108
train,2013-410,2,189,22,1.0,0.5
train,2013-410,2,189,23,1.0,0.4999999885440048
train,2013-410,3,190,0,1.0,0.5000000062464096
train,2013-410,3,190,1,1.0,0.5000000091786205
train,2013-410,3,190,2,1.0,0.49999999387364374
train,2013-410,3,190,3,1.0,0.500000010986696
train,2013-410,3,190,4,1.0,0.4999999866922735
train,2013-410,3,190,5,1.0,0.4999999977044354
train,2013-410,3,190,6,1.0,0.500000007381459
train,2013-410,3,190,7,0.0,0.49999998825660447
train,2013-410,3,190,8,1.0,0.49999999543797463
train,2013-410,3,190,9,1.0,0.4999999847386789
train,2013-410,3,190,10,0.0,0.5000000050276867
train,2013-410,3,190,11,1.0,0.5000000048930815
train,2013-410,3,190,12,0.0,0.5000000171967258
train,2013-410,3,190,13,1.0,0.500000018546416
train,2013-410,3,190,14,0.0,0.5000000052168616
train,2013-410,3,190,15,1.0,0.500000005326001
train,2013-410,4,191,0,0.0,0.49999999683132046
train,2013-410,4,191,1,1.0,0.4999999809188012
train,2013-410,4,191,2,1.0,0.5000000114559953
train,2013-410,4,191,3,1.0,0.49999998480052454
train,2013-410,4,191,4,1.0,0.50000000102591
train,2013-410,4,191,5,0.0,0.4999999982355803
train,2013-410,4,191,6,0.0,0.500000008407369
train,2013-410,4,191,7,0.0,0.5000000189502316
train,2013-410,5,192,0,1.0,0.5000000092259143
train,2013-410,5,192,1,1.0,0.4999999943611329
train,2013-410,5,192,2,0.0,0.5000000122927304
train,2013-410,5,192,3,1.0,0.5000000053369149
train,2013-410,6,193,0,0.0,0.499999989009666
train,2013-410,6,193,1,0.0,0.5000000092222763
train,2013-410,7,194,0,0.0,0.49999999077772367
train,2013-416,2,201,0,0.0,0.5000000117361196
train,2013-416,2,201,1,0.0,0.5000000086874934
train,2013-416,2,201,2,0.0,0.5
train,2013-416,2,201,3,1.0,0.500000018535502
train,2013-416,2,201,4,1.0,0.5000000258660293
train,2013-416,2,201,5,0.0,0.5000000219224603
train,2013-416,2,201,6,1.0,0.5000000027284841
train,2013-416,2,201,7,1.0,0.49999998104613047
train,2013-416,2,201,8,0.0,0.5
train,2013-416,2,201,9,1.0,0.5000000112740963
train,2013-416,2,201,10,0.0,0.500000013042154
train,2013-416,2,201,11,0.0,0.5
train,2013-416,2,201,12,1.0,0.5000000111322151
train,2013-416,2,201,13,0.0,0.5000000021645974
train,2013-416,2,201,14,0.0,0.4999999968385964
train,2013-416,2,201,15,1.0,0.5
train,2013-416,2,201,16,1.0,0.4999999946667231
train,2013-416,2,201,17,1.0,0.4999999848114385
train,2013-416,2,201,18,0.0,0.49999999158899294
train,2013-416,2,201,19,1.0,0.5000000140607881
train,2013-416,2,201,20,1.0,0.5000000059553713
train,2013-416,2,201,21,1.0,0.499999994346581
train,2013-416,2,201,22,1.0,0.5000000021645974
train,2013-416,2,201,23,0.0,0.49999998559724185
train,2013-416,3,202,0,1.0,0.4999999968422344
train,2013-416,3,202,1,0.0,0.5
train,2013-416,3,202,2,0.0,0.5000000084000931
train,2013-416,3,202,3,1.0,0.5000000144027581
train,2013-416,3,202,4,0.0,0.49999998887142283
train,2013-416,3,202,5,1.0,0.500000010986696
train,2013-416,3,202,6,1.0,0.5000000151885615
train,2013-416,3,202,7,1.0,0.5000000017607817
train,2013-416,3,202,8,0.0,0.5000000030086085
train,2013-416,3,202,9,1.0,0.49999999497231334
train,2013-416,3,202,10,0.0,0.5
train,2013-416,3,202,11,0.0,0.5000000085601641
train,2013-416,3,202,12,0.0,0.49999998887142283
train,2013-416,3,202,13,1.0,0.49999999664578354
train,2013-416,3,202,14,0.0,0.49999999543797463
train,2013-416,3,202,15,1.0,0.5000000145228114
train,2013-416,4,203,0,1.0,0.5000000086765795
train,2013-416,4,203,1,1.0,0.49999998872226575
train,2013-416,4,203,2,1.0,0.49999999647116056
train,2013-416,4,203,3,0.0,0.500000001888111
train,2013-416,4,203,4,1.0,0.5000000030631782
train,2013-416,4,203,5,1.0,0.500000019739673
train,2013-416,4,203,6,1.0,0.4999999935716915
train,2013-416,4,203,7,1.0,0.5000000021682354
train,2013-416,5,204,0,0.0,0.49999999204010237
train,2013-416,5,204,1,1.0,0.5000000053005351
train,2013-416,5,204,2,0.0,0.4999999950996426
train,2013-416,5,204,3,1.0,0.4999999824140104
train,2013-416,6,205,0,1.0,0.4999999828069121
train,2013-416,6,205,1,1.0,0.4999999888605089
train,2013-416,7,206,0,1.0,0.49999999394276534
train,2013-421,2,221,0,1.0,0.49999999409556045
train,2013-421,2,221,1,1.0,0.5000000005456968
train,2013-421,2,221,2,1.0,0.5000000055115379
train,2013-421,2,221,3,0.0,0.5000000022955646
train,2013-421,2,221,4,1.0,0.49999999700594344
train,2013-421,2,221,5,0.0,0.4999999968458724
train,2013-421,2,221,6,0.0,0.49999999448846216
train,2013-421,2,221,7,1.0,0.5000000175859896
train,2013-421,2,221,8,0.0,0.4999999913234205
train,2013-421,2,221,9,0.0,0.49999998297789716
train,2013-421,2,221,10,1.0,0.5000000189538696
train,2013-421,2,221,11,1.0,0.49999998222847347
train,2013-421,2,221,12,0.0,0.5000000136933522
train,2013-421,2,221,13,1.0,0.4999999768988345
train,2013-421,2,221,14,0.0,0.5
train,2013-421,2,221,15,0.0,0.49999999201099854
train,2013-421,2,221,16,1.0,0.49999999435385695
train,2013-421,2,221,17,0.0,0.49999999202555045
train,2013-421,2,221,18,1.0,0.5000000061263563
train,2013-421,2,221,19,0.0,0.5000000071522663
train,2013-421,2,221,20,1.0,0.4999999913234205
train,2013-421,2,221,21,1.0,0.49999999435385695
train,2013-421,2,221,22,0.0,0.49999999783176463
train,2013-421,2,221,23,1.0,0.5
train,2013-421,3,222,0,0.0,0.5
train,2013-421,3,222,1,1.0,0.500000013045792
train,2013-421,3,222,2,0.0,0.4999999866995495
train,2013-421,3,222,3,1.0,0.5000000151921995
train,2013-421,3,222,4,1.0,0.5000000035397534
train,2013-421,3,222,5,1.0,0.5000000060354068
train,2013-421,3,222,6,0.0,0.49999999176725396
train,2013-421,3,222,7,1.0,0.5000000166619429
train,2013-421,3,222,8,1.0,0.5000000133004505
train,2013-421,3,222,9,0.0,0.5000000022992026
train,2013-421,3,222,10,0.0,0.4999999882857083
train,2013-421,3,222,11,1.0,0.4999999974570528
train,2013-421,3,222,12,0.0,0.4999999824103724
train,2013-421,3,222,13,1.0,0.500000005500624
train,2013-421,3,222,14,0.0,0.500000013045792
train,2013-421,3,222,15,0.0,0.5000000020481821
train,2013-421,4,223,0,1.0,0.5000000031723175
train,2013-421,4,223,1,0.0,0.49999999435021897
train,2013-421,4,223,2,1.0,0.49999999806823325
train,2013-421,4,223,3,1.0,0.49999999709325493
train,2013-421,4,223,4,0.0,0.5
train,2013-421,4,223,5,0.0,0.500000001888111
train,2013-421,4,223,6,1.0,0.4999999989886419
train,2013-421,4,223,7,0.0,0.5000000236395863
train,2013-421,5,224,0,0.0,0.49999999466308515
train,2013-421,5,224,1,1.0,0.4999999847386789
train,2013-421,5,224,2,1.0,0.5000000160434865
train,2013-421,5,224,3,1.0,0.5000000059080776
train,2013-421,6,225,0,0.0,0.5000000085346983
train,2013-421,6,225,1,1.0,0.5000000027212081
train,2013-421,7,226,0,0.0,0.5000000159780029
train,2013-422,2,227,0,1.0,0.5000000082836777
train,2013-422,2,227,1,1.0,0.5000000103864295
train,2013-422,2,227,2,0.0,0.49999999511055654
train,2013-422,2,227,3,0.0,0.500000018535502
train,2013-422,2,227,4,1.0,0.5000000166910468
train,2013-422,2,227,5,1.0,0.5000000055115379
train,2013-422,2,227,6,0.0,0.5000000003710738
train,2013-422,2,227,7,0.0,0.5000000175859896
train,2013-422,2,227,8,0.0,0.4999999949832273
train,2013-422,2,227,9,0.0,0.49999998507701093
train,2013-422,2,227,10,1.0,0.49999998104613047
train,2013-422,2,227,11,1.0,0.5000000022955646
train,2013-422,2,227,12,1.0,0.49999999802093953
train,2013-422,2,227,13,1.0,0.499999989016942
train,2013-422,2,227,14,1.0,0.5000000021682354
train,2013-422,2,227,15,0.0,0.49999999218198354
train,2013-422,2,227,16,0.0,0.500000007385097
train,2013-422,2,227,17,0.0,0.500000007385097
train,2013-422,2,227,18,1.0,0.4999999939464033
train,2013-422,2,227,19,0.0,0.5000000022955646
train,2013-422,2,227,20,1.0,0.5000000052132236
train,2013-422,2,227,21,0.0,0.49999999160354486
train,2013-422,2,227,22,1.0,0.4999999855863279
train,2013-422,2,227,23,1.0,0.49999999726423994
train,2013-422,3,228,0,1.0,0.500000008403731
train,2013-422,3,228,1,0.0,0.5
train,2013-422,3,228,2,0.0,0.5000000033469405
train,2013-422,3,228,3,0.0,0.4999999828069121
train,2013-422,3,228,4,1.0,0.5000000017607817
train,2013-422,3,228,5,1.0,0.5000000078107405
train,2013-422,3,228,6,0.0,0.5000000030595402
train,2013-422,3,228,7,0.0,0.4999999791616574
train,2013-422,3,228,8,0.0,0.5000000059444574
train,2013-422,3,228,9,0.0,0.5
train,2013-422,3,228,10,0.0,0.49999999897772796
train,2013-422,3,228,11,0.0,0.5000000113614078
train,2013-422,3,228,12,1.0,0.5000000240943336
train,2013-422,3,228,13,0.0,0.5000000137515599
train,2013-422,3,228,14,1.0,0.5000000166619429
train,2013-422,3,228,15,1.0,0.5000000031686795
train,2013-422,4,229,0,0.0,0.49999999131614453
train,2013-422,4,229,1,0.0,0.4999999886458682
train,2013-422,4,229,2,0.0,0.49999998418934416
train,2013-422,4,229,3,0.0,0.5000000031723175
train,2013-422,4,229,4,1.0,0.4999999877145456
train,2013-422,4,229,5,0.0,0.4999999833307811
train,2013-422,4,229,6,0.0,0.49999999376814236
train,2013-422,4,229,7,1.0,0.5000000107720552
train,2013-422,5,230,0,0.0,0.49999998697967385
train,2013-422,5,230,1,1.0,0.4999999939500413
train,2013-422,5,230,2,0.0,0.49999999510691856
train,2013-422,5,230,3,1.0,0.5000000187501428
train,2013-422,6,231,0,1.0,0.5000000083055056
train,2013-422,6,231,1,1.0,0.4999999840256351
train,2013-422,7,232,0,1.0,0.4999999739557097
train,2013-5014,2,240,0,0.0,0.4999999866922735
train,2013-5014,2,240,1,0.0,0.4999999882493285
train,2013-5014,2,240,2,0.0,0.5000000056461431
train,2013-5014,2,240,3,0.0,0.4999999941574061
train,2013-5014,2,240,4,1.0,0.5000000103864295
train,2013-5014,2,240,5,1.0,0.5000000107283995
train,2013-5014,2,240,6,0.0,0.4999999917745299
train,2013-5014,2,240,7,0.0,0.4999999834180926
train,2013-5014,2,240,8,1.0,0.4999999859464878
train,2013-5014,2,240,9,0.0,0.5000000061263563
train,2013-5014,2,240,10,0.0,0.5000000033469405
train,2013-5014,2,240,11,1.0,0.5
train,2013-5014,2,240,12,0.0,0.49999998626299197
train,2013-5014,2,240,13,0.0,0.5000000098407327
train,2013-5014,2,240,14,1.0,0.5000000171967258
train,2013-5014,2,240,15,0.0,0.49999999173815013
train,2013-5014,2,240,16,1.0,0.5000000187537808
train,2013-5014,2,240,17,0.0,0.4999999888605089
train,2013-5014,2,240,18,1.0,0.49999999783176463
train,2013-5014,2,240,19,1.0,0.5000000045620254
train,2013-5014,2,240,20,1.0,0.500000003270543
train,2013-5014,2,240,21,1.0,0.49999999202555045
train,2013-5014,2,240,22,1.0,0.5000000056461431
train,2013-5014,2,240,23,1.0,0.4999999940555427
train,2013-5014,3,241,0,0.0,0.5000000005311449
train,2013-5014,3,241,1,0.0,0.5000000240943336
train,2013-5014,3,241,2,1.0,0.500000013904355
train,2013-5014,3,241,3,0.0,0.5000000197505869
train,2013-5014,3,241,4,1.0,0.5000000208383426
train,2013-5014,3,241,5,0.0,0.5000000053332769
train,2013-5014,3,241,6,0.0,0.5000000079744495
train,2013-5014,3,241,7,1.0,0.5000000086874934
train,2013-5014,3,241,8,0.0,0.4999999995234248
train,2013-5014,3,241,9,1.0,0.500000013904355
train,2013-5014,3,241,10,0.0,0.5000000058971636
train,2013-5014,3,241,11,0.0,0.5000000195796019
train,2013-5014,3,241,12,1.0,0.5
train,2013-5014,3,241,13,0.0,0.5000000052204996
train,2013-5014,3,241,14,1.0,0.4999999969404598
train,2013-5014,3,241,15,0.0,0.5000000022992026
train,2013-5014,4,242,0,0.0,0.499999989013304
train,2013-5014,4,242,1,0.0,0.49999999177089194
train,2013-5014,4,242,2,0.0,0.499999989013304
train,2013-5014,4,242,3,1.0,0.5000000098443707
train,2013-5014,4,242,4,0.0,0.5000000133077265
train,2013-5014,4,242,5,1.0,0.4999999866922735
train,2013-5014,4,242,6,1.0,0.4999999961255526
train,2013-5014,4,242,7,1.0,0.5000000165855454
train,2013-5014,5,243,0,0.0,0.5000000050567905
train,2013-5014,5,243,1,1.0,0.499999997944542
train,2013-5014,5,243,2,1.0,0.5000000151921995
train,2013-5014,5,243,3,0.0,0.5000000038926373
train,2013-5014,6,244,0,1.0,0.5
train,2013-5014,6,244,1,0.0,0.4999999822757672
train,2013-5014,7,245,0,0.0,0.5000000092004484
train,2013-520,1,207,0,0.0,0.5000000025356712
train,2013-520,1,207,1,1.0,0.4999999973260856
train,2013-520,1,207,2,1.0,0.500000017000275
train,2013-520,1,207,3,1.0,0.49999999599822337
train,2013-520,1,207,4,1.0,0.4999999904975993
train,2013-520,1,207,5,1.0,0.49999999169813236
train,2013-520,1,207,6,0.0,0.49999999129431666
train,2013-520,1,207,7,0.0,0.5000000042564352
train,2013-520,1,207,8,1.0,0.5000000024483597
train,2013-520,1,207,9,1.0,0.500000010633812
train,2013-520,1,207,10,1.0,0.49999999498686526
train,2013-520,1,207,11,1.0,0.5000000083018676
train,2013-520,1,207,12,0.0,0.49999998936618795
train,2013-520,1,207,13,1.0,0.49999998553539626
train,2013-520,1,207,14,1.0,0.4999999906140146
train,2013-520,1,207,15,0.0,0.5000000041763997
train,2013-520,1,207,16,0.0,0.5000000054606062
train,2013-520,1,207,17,0.0,0.4999999973260856
train,2013-520,1,207,18,0.0,0.49999998074054025
train,2013-520,1,207,19,1.0,0.5000000076070137
train,2013-520,1,207,20,0.0,0.49999999755164026
train,2013-520,1,207,21,1.0,0.5
train,2013-520,1,207,22,1.0,0.4999999885294529
train,2013-520,1,207,23,1.0,0.4999999973260856
train,2013-520,1,207,24,1.0,0.5000000015024852
train,2013-520,1,207,25,0.0,0.49999999559076974
train,2013-520,1,207,26,0.0,0.4999999894644134
train,2013-520,1,207,27,1.0,0.5000000017280399
train,2013-520,1,207,28,0.0,0.5000000056206773
train,2013-520,1,207,29,1.0,0.5000000069412636
train,2013-520,1,207,30,1.0,0.49999999871943146
train,2013-520,1,207,31,0.0,0.5000000018371793
train,2013-520,1,207,32,1.0,0.5000000017280399
train,2013-520,1,207,33,0.0,0.5000000083018676
train,2013-520,1,207,34,0.0,0.5
train,2013-520,1,207,35,0.0,0.49999999093415676
train,2013-520,1,207,36,0.0,0.4999999895844667
train,2013-520,1,207,37,1.0,0.5
train,2013-520,1,207,38,1.0,0.5000000057079887
train,2013-520,1,207,39,1.0,0.5000000026739144
train,2013-520,1,207,40,0.0,0.4999999934298103
train,2013-520,1,207,41,1.0,0.5000000065701897
train,2013-520,1,207,42,1.0,0.5
train,2013-520,1,207,43,0.0,0.49999999122519506
train,2013-520,1,207,44,1.0,0.4999999970277713
train,2013-520,1,207,45,1.0,0.49999999444116844
train,2013-520,1,207,46,1.0,0.5000000060317689
train,2013-520,1,207,47,0.0,0.5000000164363883
train,2013-520,1,207,48,0.0,0.4999999895844667
train,2013-520,1,207,49,0.0,0.49999999375359044
train,2013-520,1,207,50,1.0,0.4999999976789695
train,2013-520,1,207,51,0.0,0.5000000116124284
train,2013-520,1,207,52,1.0,0.5000000104264473
train,2013-520,1,207,53,1.0,0.5000000123363861
train,2013-520,1,207,54,0.0,0.4999999983701855
train,2013-520,1,207,55,0.0,0.49999999574356485
train,2013-520,1,207,56,1.0,0.49999999141436996
train,2013-520,1,207,57,1.0,0.49999999409556045
train,2013-520,1,207,58,1.0,0.5000000089021341
train,2013-520,1,207,59,0.0,0.49999999498686526
train,2013-520,1,207,60,0.0,0.5000000065701897
train,2013-520,1,207,61,0.0,0.4999999859319359
train,2013-520,1,207,62,0.0,0.5000000079126039
train,2013-520,1,207,63,0.0,0.49999999827196007
train,2013-520,2,208,0,0.0,0.49999999835927156
train,2013-520,2,208,1,1.0,0.49999999827196007
train,2013-520,2,208,2,1.0,0.500000010128133
train,2013-520,2,208,3,1.0,0.5000000140644261
train,2013-520,2,208,4,1.0,0.4999999970677891
train,2013-520,2,208,5,0.0,0.5
train,2013-520,2,208,6,0.0,0.4999999973224476
train,2013-520,2,208,7,0.0,0.49999999574356485
train,2013-520,2,208,8,0.0,0.4999999934261723
train,2013-520,2,208,9,0.0,0.4999999961837603
train,2013-520,2,208,10,1.0,0.5000000148211257
train,2013-520,2,208,11,1.0,0.4999999906212906
train,2013-520,2,208,12,0.0,0.4999999919127731
train,2013-520,2,208,13,1.0,0.500000002397428
train,2013-520,2,208,14,1.0,0.49999999815554474
train,2013-520,2,208,15,0.0,0.5000000062427716
train,2013-520,2,208,16,1.0,0.5000000090658432
train,2013-520,2,208,17,1.0,0.500000001193257
train,2013-520,2,208,18,0.0,0.5000000045074557
train,2013-520,2,208,19,1.0,0.5000000039217412
train,2013-520,2,208,20,1.0,0.49999998716884875
train,2013-520,2,208,21,0.0,0.500000005151378
train,2013-520,2,208,22,1.0,0.49999999851570465
train,2013-520,2,208,23,1.0,0.5000000175350579
train,2013-520,2,208,24,0.0,0.5000000024483597
train,2013-520,2,208,25,1.0,0.5000000043983164
train,2013-520,2,208,26,0.0,0.49999998958810465
train,2013-520,2,208,27,0.0,0.4999999950123311
train,2013-520,2,208,28,0.0,0.5000000017280399
train,2013-520,2,208,29,1.0,0.5000000043983164
train,2013-520,2,208,30,1.0,0.5000000098807504
train,2013-520,2,208,31,1.0,0.49999999702413334
train,2013-520,3,209,0,0.0,0.5000000061299943
train,2013-520,3,209,1,0.0,0.5000000166619429
train,2013-520,3,209,2,0.0,0.5
train,2013-520,3,209,3,1.0,0.49999998786370276
train,2013-520,3,209,4,1.0,0.4999999961801223
train,2013-520,3,209,5,0.0,0.5
train,2013-520,3,209,6,0.0,0.49999999487044994
train,2013-520,3,209,7,1.0,0.4999999941028364
train,2013-520,3,209,8,1.0,0.49999998900602804
train,2013-520,3,209,9,1.0,0.5000000045147317
train,2013-520,3,209,10,1.0,0.49999998421117203
train,2013-520,3,209,11,1.0,0.4999999848441803
train,2013-520,3,209,12,0.0,0.499999999308784
train,2013-520,3,209,13,1.0,0.5000000026811904
train,2013-520,3,209,14,0.0,0.5000000149957486
train,2013-520,3,209,15,1.0,0.4999999975443643
train,2013-520,4,210,0,1.0,0.5000000017280399
train,2013-520,4,210,1,1.0,0.4999999959582056
train,2013-520,4,210,2,1.0,0.4999999768515408
train,2013-520,4,210,3,0.0,0.5000000026775524
train,2013-520,4,210,4,1.0,0.5
train,2013-520,4,210,5,0.0,0.49999999931969796
train,2013-520,4,210,6,0.0,0.4999999957399269
train,2013-520,4,210,7,1.0,0.5000000087784429
train,2013-520,5,211,0,1.0,0.5000000025356712
train,2013-520,5,211,1,1.0,0.49999999533247325
train,2013-520,5,211,2,0.0,0.5000000038235157
train,2013-520,5,211,3,0.0,0.5
train,2013-520,6,212,0,0.0,0.5000000116124284
train,2013-520,6,212,1,1.0,0.49999999190913513
train,2013-520,7,213,0,0.0,0.4999999964784365
train,2013-540,1,214,0,0.0,0.4999999859355739
train,2013-540,1,214,1,0.0,0.49999998825660447
train,2013-540,1,214,2,1.0,0.5000000052241376
train,2013-540,1,214,3,1.0,0.5000000053878466
train,2013-540,1,214,4,1.0,0.500000007545168
train,2013-540,1,214,5,1.0,0.499999989016942
train,2013-540,1,214,6,1.0,0.5000000056425051
train,2013-540,1,214,7,1.0,0.49999999664214556
train,2013-540,1,214,8,1.0,0.5000000083928171
train,2013-540,1,214,9,0.0,0.4999999866922735
train,2013-540,1,214,10,0.0,0.5
train,2013-540,1,214,11,0.0,0.4999999940555427
train,2013-540,1,214,12,1.0,0.49999999783176463
train,2013-540,1,214,13,1.0,0.4999999908213794
train,2013-540,1,214,14,0.0,0.4999999892534106
train,2013-540,1,214,15,1.0,0.5000000083928171
train,2013-540,1,214,16,1.0,0.5000000111322151
train,2013-540,1,214,17,1.0,0.5000000377112883
train,2013-540,1,214,18,1.0,0.499999998115527
train,2013-540,1,214,19,0.0,0.500000013042154
train,2013-540,1,214,20,0.0,0.5000000083928171
train,2013-540,1,214,21,1.0,0.5000000031650416
train,2013-540,1,214,22,0.0,0.49999999607098294
train,2013-540,1,214,23,1.0,0.5000000113541319
train,2013-540,1,214,24,0.0,0.5000000006184564
train,2013-540,1,214,25,0.0,0.49999999683495844
train,2013-540,1,214,26,0.0,0.49999999493593356
train,2013-540,1,214,27,1.0,0.4999999946739991
train,2013-540,1,214,28,1.0,0.49999999794817995
train,2013-540,1,214,29,0.0,0.5000000107393134
train,2013-540,1,214,30,0.0,0.5
train,2013-540,1,214,31,0.0,0.49999998838029575
train,2013-540,1,214,32,0.0,0.5000000082254701
train,2013-540,1,214,33,1.0,0.5000000158070179
train,2013-540,1,214,34,1.0,0.5000000022992026
train,2013-540,1,214,35,0.0,0.5000000094732968
train,2013-540,1,214,36,1.0,0.49999999160718284
train,2013-540,1,214,37,1.0,0.5000000050640665
train,2013-540,1,214,38,1.0,0.5000000091786205
train,2013-540,1,214,39,1.0,0.5000000137551979
train,2013-540,1,214,40,1.0,0.5000000151921995
train,2013-540,1,214,41,0.0,0.4999999917745299
train,2013-540,1,214,42,0.0,0.4999999882638804
train,2013-540,1,214,43,1.0,0.5000000055151759
train,2013-540,1,214,44,1.0,0.49999999721330823
train,2013-540,1,214,45,0.0,0.4999999947758625
train,2013-540,1,214,46,0.0,0.49999999131614453
train,2013-540,1,214,47,1.0,0.4999999869687599
train,2013-540,1,214,48,0.0,0.4999999857573129
train,2013-540,1,214,49,0.0,0.5000000050640665
train,2013-540,1,214,50,1.0,0.5000000062391337
train,2013-540,1,214,51,0.0,0.4999999839565135
train,2013-540,1,214,52,1.0,0.5000000060572347
train,2013-540,1,214,53,1.0,0.5000000189647835
train,2013-540,1,214,54,1.0,0.5000000219224603
train,2013-540,1,214,55,0.0,0.4999999920364644
train,2013-540,1,214,56,0.0,0.5000000033578544
train,2013-540,1,214,57,0.0,0.5000000062209438
train,2013-540,1,214,58,0.0,0.5000000060354068
train,2013-540,1,214,59,1.0,0.5000000021682354
train,2013-540,1,214,60,0.0,0.5000000017607817
train,2013-540,1,214,61,1.0,0.500000014410034
train,2013-540,1,214,62,1.0,0.4999999995234248
train,2013-540,1,214,63,1.0,0.499999992618541
train,2013-540,2,215,0,1.0,0.49999996633778215
train,2013-540,2,215,1,0.0,0.49999998334169504
train,2013-540,2,215,2,1.0,0.4999999946703611
train,2013-540,2,215,3,1.0,0.5000000175896275
train,2013-540,2,215,4,0.0,0.5000000114632712
train,2013-540,2,215,5,0.0,0.5000000027866918
train,2013-540,2,215,6,1.0,0.50000000205182
train,2013-540,2,215,7,0.0,0.5000000082145561
train,2013-540,2,215,8,0.0,0.5000000009458745
train,2013-540,2,215,9,1.0,0.5000000111249392
train,2013-540,2,215,10,0.0,0.49999998960629455
train,2013-540,2,215,11,1.0,0.5000000082145561
train,2013-540,2,215,12,0.0,0.4999999859464878
train,2013-540,2,215,13,1.0,0.4999999951032806
train,2013-540,2,215,14,1.0,0.4999999915926309
train,2013-540,2,215,15,1.0,0.5000000058862497
train,2013-540,2,215,16,1.0,0.49999998902057996
train,2013-540,2,215,17,0.0,0.4999999966530595
train,2013-540,2,215,18,0.0,0.5000000103937055
train,2013-540,2,215,19,0.0,0.5000000086838554
train,2013-540,2,215,20,1.0,0.4999999908104655
train,2013-540,2,215,21,0.0,0.5
train,2013-540,2,215,22,1.0,0.5000000175896275
train,2013-540,2,215,23,1.0,0.5000000111249392
train,2013-540,2,215,24,0.0,0.4999999943574949
train,2013-540,2,215,25,0.0,0.49999998902057996
train,2013-540,2,215,26,1.0,0.49999999721330823
train,2013-540,2,215,27,0.0,0.5000000050604285
train,2013-540,2,215,28,1.0,0.5000000307954906
train,2013-540,2,215,29,0.0,0.5000000117543095
train,2013-540,2,215,30,1.0,0.500000005329639
train,2013-540,2,215,31,0.0,0.49999998824569053
train,2013-540,3,216,0,0.0,0.500000008407369
train,2013-540,3,216,1,0.0,0.5
train,2013-540,3,216,2,1.0,0.5000000117506715
train,2013-540,3,216,3,1.0,0.4999999896099325
train,2013-540,3,216,4,1.0,0.5000000120817276
train,2013-540,3,216,5,1.0,0.49999999200736056
train,2013-540,3,216,6,1.0,0.4999999834726623
train,2013-540,3,216,7,0.0,0.49999998025305104
train,2013-540,3,216,8,1.0,0.4999999771207512
train,2013-540,3,216,9,1.0,0.4999999951032806
train,2013-540,3,216,10,0.0,0.4999999848078005
train,2013-540,3,216,11,1.0,0.500000013038516
train,2013-540,3,216,12,0.0,0.500000005835318
train,2013-540,3,216,13,1.0,0.49999999358260544
train,2013-540,3,216,14,1.0,0.5000000133150024
train,2013-540,3,216,15,1.0,0.5000000059517333
train,2013-540,4,217,0,0.0,0.4999999915962689
train,2013-540,4,217,1,0.0,0.5000000148720574
train,2013-540,4,217,2,1.0,0.5000000258769433
train,2013-540,4,217,3,0.0,0.49999998201747076
train,2013-540,4,217,4,1.0,0.5000000077961886
train,2013-540,4,217,5,1.0,0.49999999081410346
train,2013-540,4,217,6,1.0,0.5
train,2013-540,4,217,7,1.0,0.5
train,2013-540,5,218,0,1.0,0.5000000090185495
train,2013-540,5,218,1,1.0,0.5000000113432179
train,2013-540,5,218,2,0.0,0.4999999756182661
train,2013-540,5,218,3,1.0,0.4999999920364644
train,2013-540,6,219,0,1.0,0.49999998865678213
train,2013-540,6,219,1,1.0,0.49999999014471536
train,2013-540,7,220,0,0.0,0.4999999971332727
train,2013-560,1,233,0,0.0,0.5
train,2013-560,1,233,1,1.0,0.49999998716884875
train,2013-560,1,233,2,1.0,0.50000000514774
train,2013-560,1,233,3,1.0,0.5000000045183697
train,2013-560,1,233,4,0.0,0.49999998247221805
train,2013-560,1,233,5,0.0,0.5000000017280399
train,2013-560,1,233,6,0.0,0.49999999827196007
train,2013-560,1,233,7,0.0,0.5000000069412636
train,2013-560,1,233,8,0.0,0.5000000044019544
train,2013-560,1,233,9,0.0,0.49999999582723836
train,2013-560,1,233,10,0.0,0.49999999582723836
train,2013-560,1,233,11,0.0,0.5000000069594535
train,2013-560,1,233,12,1.0,0.4999999921346898
train,2013-560,1,233,13,1.0,0.5000000062136678
train,2013-560,1,233,14,1.0,0.5000000078653102
train,2013-560,1,233,15,1.0,0.5
train,2013-560,1,233,16,0.0,0.500000008578354
train,2013-560,1,233,17,1.0,0.49999999444116844
train,2013-560,1,233,18,0.0,0.5000000067157089
train,2013-560,1,233,19,1.0,0.5
train,2013-560,1,233,20,1.0,0.4999999955980457
train,2013-560,1,233,21,1.0,0.5000000025283953
train,2013-560,1,233,22,1.0,0.5000000128311513
train,2013-560,1,233,23,1.0,0.5000000008221832
train,2013-560,1,233,24,1.0,0.4999999926694727
train,2013-560,1,233,25,1.0,0.49999998485145625
train,2013-560,1,233,26,0.0,0.5000000049913069
train,2013-560,1,233,27,1.0,0.4999999894571374
train,2013-560,1,233,28,1.0,0.49999998716884875
train,2013-560,1,233,29,0.0,0.49999998839484766
train,2013-560,1,233,30,0.0,0.5000000024519977
train,2013-560,1,233,31,0.0,0.5000000040381565
train,2013-560,1,233,32,1.0,0.5000000073487172
train,2013-560,1,233,33,1.0,0.500000010648364
train,2013-560,1,233,34,1.0,0.4999999937645044
train,2013-560,1,233,35,0.0,0.499999998799467
train,2013-560,1,233,36,1.0,0.49999999122519506
train,2013-560,1,233,37,0.0,0.49999999093779474
train,2013-560,1,233,38,1.0,0.5000000128311513
train,2013-560,1,233,39,0.0,0.49999998073690227
train,2013-560,1,233,40,0.0,0.5000000028157956
train,2013-560,1,233,41,0.0,0.49999998817656893
train,2013-560,1,233,42,0.0,0.5000000049913069
train,2013-560,1,233,43,0.0,0.5000000117579475
train,2013-560,1,233,44,1.0,0.5000000177606125
train,2013-560,1,233,45,1.0,0.4999999928113539
train,2013-560,1,233,46,0.0,0.5000000042637112
train,2013-560,1,233,47,0.0,0.49999999827196007
train,2013-560,1,233,48,0.0,0.5000000156505848
train,2013-560,1,233,49,1.0,0.500000001200533
train,2013-560,1,233,50,0.0,0.5
train,2013-560,1,233,51,0.0,0.5
train,2013-560,1,233,52,0.0,0.5000000073305273
train,2013-560,1,233,53,0.0,0.49999999500869313
train,2013-560,1,233,54,0.0,0.5000000250729499
train,2013-560,1,233,55,0.0,0.49999998008206603
train,2013-560,1,233,56,1.0,0.499999989009666
train,2013-560,1,233,57,1.0,0.49999998364728526
train,2013-560,1,233,58,1.0,0.5000000014806574
train,2013-560,1,233,59,1.0,0.5000000035142875
train,2013-560,1,233,60,0.0,0.5000000040381565
train,2013-560,1,233,61,1.0,0.49999998594284983
train,2013-560,1,233,62,1.0,0.5000000092913979
train,2013-560,1,233,63,0.0,0.5000000096297299
train,2013-560,2,234,0,1.0,0.5000000046493369
train,2013-560,2,234,1,0.0,0.4999999955834938
train,2013-560,2,234,2,0.0,0.4999999866777216
train,2013-560,2,234,3,1.0,0.5000000160107447
train,2013-560,2,234,4,1.0,0.4999999941064744
train,2013-560,2,234,5,0.0,0.49999998904240783
train,2013-560,2,234,6,1.0,0.5000000017280399
train,2013-560,2,234,7,0.0,0.5000000205400283
train,2013-560,2,234,8,0.0,0.5000000044055923
train,2013-560,2,234,9,0.0,0.5000000179752533
train,2013-560,2,234,10,0.0,0.5000000073414412
train,2013-560,2,234,11,1.0,0.49999999747160473
train,2013-560,2,234,12,1.0,0.49999999747160473
train,2013-560,2,234,13,0.0,0.4999999866777216
train,2013-560,2,234,14,1.0,0.49999999747160473
train,2013-560,2,234,15,1.0,0.49999998421117203
train,2013-560,2,234,16,0.0,0.5000000192630978
train,2013-560,2,234,17,1.0,0.5000000044055923
train,2013-560,2,234,18,1.0,0.50000000858563
train,2013-560,2,234,19,1.0,0.5000000115396688
train,2013-560,2,234,20,1.0,0.5000000024629117
train,2013-560,2,234,21,1.0,0.4999999851861503
train,2013-560,2,234,22,0.0,0.5000000062500476
train,2013-560,2,234,23,1.0,0.5000000026775524
train,2013-560,2,234,24,1.0,0.5000000069412636
train,2013-560,2,234,25,1.0,0.4999999984211172
train,2013-560,2,234,26,1.0,0.4999999971842044
train,2013-560,2,234,27,1.0,0.49999999827196007
train,2013-560,2,234,28,1.0,0.5000000045110937
train,2013-560,2,234,29,0.0,0.49999999444116844
train,2013-560,2,234,30,0.0,0.49999999931969796
train,2013-560,2,234,31,1.0,0.5000000087711669
train,2013-560,3,235,0,0.0,0.5000000093823473
train,2013-560,3,235,1,1.0,0.5000000025174813
train,2013-560,3,235,2,0.0,0.5000000038126018
train,2013-560,3,235,3,0.0,0.5000000237705535
train,2013-560,3,235,4,1.0,0.5000000046493369
train,2013-560,3,235,5,0.0,0.49999998988278094
train,2013-560,3,235,6,0.0,0.5000000073378033
train,2013-560,3,235,7,0.0,0.499999988165655
train,2013-560,3,235,8,1.0,0.49999999827196007
train,2013-560,3,235,9,1.0,0.5000000088948582
train,2013-560,3,235,10,0.0,0.5
train,2013-560,3,235,11,0.0,0.5000000041691237
train,2013-560,3,235,12,1.0,0.5000000008112693
train,2013-560,3,235,13,1.0,0.49999999560532166
train,2013-560,3,235,14,1.0,0.4999999957362889
train,2013-560,3,235,15,1.0,0.500000014068064
train,2013-560,4,236,0,0.0,0.49999999931606
train,2013-560,4,236,1,0.0,0.5000000043946784
train,2013-560,4,236,2,0.0,0.5000000046602509
train,2013-560,4,236,3,1.0,0.49999998936254997
train,2013-560,4,236,4,0.0,0.50000001063745
train,2013-560,4,236,5,1.0,0.5000000049913069
train,2013-560,4,236,6,1.0,0.5000000026775524
train,2013-560,4,236,7,1.0,0.49999999755164026
train,2013-560,5,237,0,1.0,0.499999998970452
train,2013-560,5,237,1,1.0,0.5000000067375368
train,2013-560,5,237,2,0.0,0.5000000061590981
train,2013-560,5,237,3,0.0,0.49999999608553486
train,2013-560,6,238,0,0.0,0.5000000034851837
train,2013-560,6,238,1,0.0,0.49999999608553486
train,2013-560,7,239,0,0.0,0.5000000073996489
train,2013-580,1,168,0,0.0,0.5000000089021341
train,2013-580,1,168,1,0.0,0.4999999936226232
train,2013-580,1,168,2,0.0,0.4999999842038961
train,2013-580,1,168,3,0.0,0.49999999535066314
train,2013-580,1,168,4,1.0,0.49999999500869313
train,2013-580,1,168,5,0.0,0.5000000042637112
train,2013-580,1,168,6,0.0,0.500000016654667
train,2013-580,1,168,7,1.0,0.49999999827196007
train,2013-580,1,168,8,0.0,0.4999999937645044
train,2013-580,1,168,9,1.0,0.4999999957362889
train,2013-580,1,168,10,1.0,0.500000001200533
train,2013-580,1,168,11,1.0,0.4999999973188096
train,2013-580,1,168,12,0.0,0.500000026608177
train,2013-580,1,168,13,1.0,0.5000000070103852
train,2013-580,1,168,14,0.0,0.49999998008206603
train,2013-580,1,168,15,0.0,0.5000000049913069
train,2013-580,1,168,16,1.0,0.5
train,2013-580,1,168,17,0.0,0.5000000056206773
train,2013-580,1,168,18,0.0,0.4999999985193426
train,2013-580,1,168,19,1.0,0.5000000044019544
train,2013-580,1,168,20,0.0,0.4999999842038961
train,2013-580,1,168,21,1.0,0.49999999827196007
train,2013-580,1,168,22,0.0,0.4999999943793228
train,2013-580,1,168,23,0.0,0.49999999339706847
train,2013-580,1,168,24,1.0,0.5000000104300852
train,2013-580,1,168,25,1.0,0.5000000224354153
train,2013-580,1,168,26,1.0,0.4999999934261723
train,2013-580,1,168,27,1.0,0.5000000044092303
train,2013-580,1,168,28,1.0,0.49999999747160473
train,2013-580,1,168,29,0.0,0.4999999971842044
train,2013-580,1,168,30,1.0,0.5000000045183697
train,2013-580,1,168,31,0.0,0.4999999926512828
train,2013-580,1,168,32,1.0,0.5000000025283953
train,2013-580,1,168,33,1.0,0.5
train,2013-580,1,168,34,0.0,0.5000000012478267
train,2013-580,1,168,35,0.0,0.5
train,2013-580,1,168,36,1.0,0.5000000098807504
train,2013-580,1,168,37,1.0,0.5000000083127816
train,2013-580,1,168,38,0.0,0.4999999866813596
train,2013-580,1,168,39,1.0,0.5000000073305273
train,2013-580,1,168,40,1.0,0.49999998786370276
train,2013-580,1,168,41,1.0,0.5000000073305273
train,2013-580,1,168,42,1.0,0.49999999190913513
train,2013-580,1,168,43,0.0,0.4999999945321179
train,2013-580,1,168,44,0.0,0.5
train,2013-580,1,168,45,0.0,0.5000000087748049
train,2013-580,1,168,46,1.0,0.5000000037434802
train,2013-580,1,168,47,0.0,0.5
train,2013-580,1,168,48,0.0,0.4999999907013261
train,2013-580,1,168,49,0.0,0.5000000156505848
train,2013-580,1,168,50,0.0,0.4999999794599716
train,2013-580,1,168,51,1.0,0.4999999972678779
train,2013-580,1,168,52,1.0,0.5000000025283953
train,2013-580,1,168,53,0.0,0.4999999932842911
train,2013-580,1,168,54,1.0,0.5000000029322109
train,2013-580,1,168,55,0.0,0.5000000049913069
train,2013-580,1,168,56,0.0,0.4999999929132173
train,2013-580,1,168,57,0.0,0.49999999695501174
train,2013-580,1,168,58,1.0,0.5
train,2013-580,1,168,59,0.0,0.5000000105465006
train,2013-580,1,168,60,1.0,0.4999999973188096
train,2013-580,1,168,61,1.0,0.500000010990334
train,2013-580,1,168,62,0.0,0.49999999582723836
train,2013-580,1,168,63,1.0,0.5000000040381565
train,2013-580,2,169,0,0.0,0.4999999958345143
train,2013-580,2,169,1,1.0,0.5000000038271537
train,2013-580,2,169,2,1.0,0.5000000132313289
train,2013-580,2,169,3,0.0,0.499999989013304
train,2013-580,2,169,4,0.0,0.5000000132422429
train,2013-580,2,169,5,1.0,0.49999999753708835
train,2013-580,2,169,6,0.0,0.49999999122883304
train,2013-580,2,169,7,1.0,0.5000000038198777
train,2013-580,2,169,8,1.0,0.5000000038198777
train,2013-580,2,169,9,1.0,0.5000000023283064
train,2013-580,2,169,10,0.0,0.5000000087711669
train,2013-580,2,169,11,0.0,0.49999999500869313
train,2013-580,2,169,12,1.0,0.5000000042600732
train,2013-580,2,169,13,1.0,0.5000000026775524
train,2013-580,2,169,14,1.0,0.5
train,2013-580,2,169,15,1.0,0.5000000184736564
train,2013-580,2,169,16,0.0,0.5000000017280399
train,2013-580,2,169,17,1.0,0.49999999548890633
train,2013-580,2,169,18,1.0,0.5000000017280399
train,2013-580,2,169,19,0.0,0.4999999973224476
train,2013-580,2,169,20,0.0,0.5
train,2013-580,2,169,21,1.0,0.5000000063773768
train,2013-580,2,169,22,1.0,0.4999999943756848
train,2013-580,2,169,23,1.0,0.49999999707142706
train,2013-580,2,169,24,0.0,0.49999998421117203
train,2013-580,2,169,25,1.0,0.5
train,2013-580,2,169,26,1.0,0.5000000062354957
train,2013-580,2,169,27,0.0,0.49999999707142706
train,2013-580,2,169,28,1.0,0.4999999955944077
train,2013-580,2,169,29,1.0,0.5000000062500476
train,2013-580,2,169,30,1.0,0.5000000025283953
train,2013-580,2,169,31,1.0,0.500000016651029
train,2013-580,3,170,0,1.0,0.5
train,2013-580,3,170,1,0.0,0.5000000121435733
train,2013-580,3,170,2,0.0,0.5000000088948582
train,2013-580,3,170,3,0.0,0.4999999848587322
train,2013-580,3,170,4,1.0,0.5
train,2013-580,3,170,5,0.0,0.4999999859319359
train,2013-580,3,170,6,0.0,0.5000000083091436
train,2013-580,3,170,7,1.0,0.4999999937608664
train,2013-580,3,170,8,0.0,0.5000000078689482
train,2013-580,3,170,9,0.0,0.5000000043946784
train,2013-580,3,170,10,1.0,0.49999998421481
train,2013-580,3,170,11,0.0,0.5000000062427716
train,2013-580,3,170,12,0.0,0.5000000073378033
train,2013-580,3,170,13,1.0,0.5000000162654032
train,2013-580,3,170,14,0.0,0.499999983003363
train,2013-580,3,170,15,1.0,0.5000000025174813
train,2013-580,4,171,0,1.0,0.49999999110514176
train,2013-580,4,171,1,1.0,0.5000000042637112
train,2013-580,4,171,2,1.0,0.5000000067084329
train,2013-580,4,171,3,1.0,0.4999999983556336
train,2013-580,4,171,4,1.0,0.5000000026775524
train,2013-580,4,171,5,1.0,0.4999999971805664
train,2013-580,4,171,6,1.0,0.4999999948740879
train,2013-580,4,171,7,1.0,0.5000000042637112
train,2013-580,5,172,0,0.0,0.5000000023210305
train,2013-580,5,172,1,0.0,0.4999999977517291
train,2013-580,5,172,2,1.0,0.49999999326246325
train,2013-580,5,172,3,1.0,0.4999999941574061
train,2013-580,6,173,0,0.0,0.4999999954306987
train,2013-580,6,173,1,1.0,0.500000010641088
train,2013-580,7,174,0,0.0,0.5000000022482709
train,2014-1536,2,279,0,1.0,0.49999998771090765
train,2014-1536,2,279,1,1.0,0.5000000030668161
train,2014-1536,2,279,2,0.0,0.49999999693318387
train,2014-1536,2,279,3,0.0,0.5
train,2014-1536,2,279,4,1.0,0.5000000175859896
train,2014-1536,2,279,5,1.0,0.4999999866922735
train,2014-1536,2,279,6,1.0,0.49999999200736056
train,2014-1536,2,279,7,1.0,0.5000000033396645
train,2014-1536,2,279,8,0.0,0.4999999968385964
train,2014-1536,2,279,9,0.0,0.49999999131250655
train,2014-1536,2,279,10,1.0,0.5000000033396645
train,2014-1536,2,279,11,0.0,0.5000000050567905
train,2014-1536,2,279,12,1.0,0.5000000082945917
train,2014-1536,2,279,13,1.0,0.499999994346581
train,2014-1536,2,279,14,0.0,0.49999998697603587
train,2014-1536,2,279,15,1.0,0.5000000086874934
train,2014-1536,2,279,16,1.0,0.5000000022992026
train,2014-1536,2,279,17,0.0,0.500000012354576
train,2014-1536,2,279,18,1.0,0.5000000170184649
train,2014-1536,2,279,19,1.0,0.49999999098872644
train,2014-1536,2,279,20,0.0,0.5
train,2014-1536,2,279,21,0.0,0.5000000052023097
train,2014-1536,2,279,22,0.0,0.499999994346581
train,2014-1536,2,279,23,1.0,0.5000000219224603
train,2014-1536,3,280,0,0.0,0.4999999869723979
train,2014-1536,3,280,1,1.0,0.5000000107393134
train,2014-1536,3,280,2,0.0,0.4999999872779881
train,2014-1536,3,280,3,1.0,0.4999999914398358
train,2014-1536,3,280,4,0.0,0.5
train,2014-1536,3,280,5,1.0,0.4999999993815436
train,2014-1536,3,280,6,1.0,0.499999989013304
train,2014-1536,3,280,7,0.0,0.49999999202555045
train,2014-1536,3,280,8,0.0,0.4999999915999069
train,2014-1536,3,280,9,0.0,0.4999999978390406
train,2014-1536,3,280,10,0.0,0.4999999993815436
train,2014-1536,3,280,11,0.0,0.4999999915999069
train,2014-1536,3,280,12,0.0,0.5000000064283086
train,2014-1536,3,280,13,1.0,0.5
train,2014-1536,3,280,14,1.0,0.4999999877181836
train,2014-1536,3,280,15,1.0,0.49999999394276534
train,2014-1536,4,281,0,0.0,0.5
train,2014-1536,4,281,1,1.0,0.5000000049003575
train,2014-1536,4,281,2,0.0,0.5000000030631782
train,2014-1536,4,281,3,1.0,0.49999998104976845
train,2014-1536,4,281,4,0.0,0.5000000027866918
train,2014-1536,4,281,5,1.0,0.49999996672704583
train,2014-1536,4,281,6,1.0,0.4999999922038114
train,2014-1536,4,281,7,1.0,0.4999999915926309
train,2014-1536,5,282,0,0.0,0.5000000171858119
train,2014-1536,5,282,1,0.0,0.5000000053369149
train,2014-1536,5,282,2,0.0,0.5000000050313247
train,2014-1536,5,282,3,1.0,0.49999998342536855
train,2014-1536,6,283,0,1.0,0.49999999611827667
train,2014-1536,6,283,1,1.0,0.5000000035397534
train,2014-1536,7,284,0,1.0,0.5000000017607817
train,2014-352,2,330,0,0.0,0.5000000045620254
train,2014-352,2,330,1,1.0,0.49999999218198354
train,2014-352,2,330,2,0.0,0.4999999917745299
train,2014-352,2,330,3,1.0,0.4999999913234205
train,2014-352,2,330,4,1.0,0.5000000055115379
train,2014-352,2,330,5,1.0,0.49999998626299197
train,2014-352,2,330,6,0.0,0.4999999944993761
train,2014-352,2,330,7,1.0,0.49999998854764277
train,2014-352,2,330,8,1.0,0.49999998507701093
train,2014-352,2,330,9,0.0,0.4999999946739991
train,2014-352,2,330,10,0.0,0.500000013737008
train,2014-352,2,330,11,1.0,0.5000000117506715
train,2014-352,2,330,12,0.0,0.49999999448846216
train,2014-352,2,330,13,0.0,0.5000000089057721
train,2014-352,2,330,14,0.0,0.5000000219151843
train,2014-352,2,330,15,1.0,0.49999999783176463
train,2014-352,3,331,0,0.0,0.5000000021609594
train,2014-352,3,331,1,1.0,0.5000000048967195
train,2014-352,3,331,2,0.0,0.5
train,2014-352,3,331,3,0.0,0.4999999921892595
train,2014-352,3,331,4,1.0,0.49999999683132046
train,2014-352,3,331,5,0.0,0.49999998559360387
train,2014-352,3,331,6,0.0,0.5000000158070179
train,2014-352,3,331,7,1.0,0.5000000228901627
train,2014-352,3,331,8,1.0,0.5000000114669092
train,2014-352,3,331,9,1.0,0.4999999977007974
train,2014-352,3,331,10,1.0,0.4999999993779056
train,2014-352,3,331,11,1.0,0.49999999416832
train,2014-352,3,331,12,0.0,0.4999999882529665
train,2014-352,3,331,13,1.0,0.4999999863066477
train,2014-352,3,331,14,0.0,0.4999999937572284
train,2014-352,3,331,15,0.0,0.499999989016942
train,2014-352,4,332,0,0.0,0.5000000085601641
train,2014-352,4,332,1,0.0,0.5000000050567905
train,2014-352,4,332,2,0.0,0.5
train,2014-352,4,332,3,1.0,0.499999989013304
train,2014-352,4,332,4,1.0,0.500000019739673
train,2014-352,4,332,5,0.0,0.4999999866922735
train,2014-352,4,332,6,1.0,0.5
train,2014-352,4,332,7,1.0,0.500000013911631
train,2014-352,5,333,0,1.0,0.5000000035433914
train,2014-352,5,333,1,0.0,0.5000000030777301
train,2014-352,5,333,2,1.0,0.49999999356077757
train,2014-352,5,333,3,0.0,0.49999998886414687
train,2014-352,6,334,0,1.0,0.5000000102518243
train,2014-352,6,334,1,1.0,0.5
train,2014-352,7,335,0,0.0,0.5000000074433046
train,2014-403,1,266,0,0.0,0.5000000033469405
train,2014-403,1,266,1,1.0,0.49999998865678213
train,2014-403,1,266,2,1.0,0.5000000052241376
train,2014-403,1,266,3,1.0,0.4999999952233339
train,2014-403,1,266,4,0.0,0.49999997807753976
train,2014-403,1,266,5,1.0,0.5000000078071025
train,2014-403,1,266,6,1.0,0.49999999683132046
train,2014-403,1,266,7,1.0,0.5000000047766662
train,2014-403,1,266,8,0.0,0.5000000061263563
train,2014-403,1,266,9,1.0,0.4999999828032741
train,2014-403,1,266,10,0.0,0.4999999847350409
train,2014-403,1,266,11,0.0,0.5000000062427716
train,2014-403,1,266,12,0.0,0.5000000024228939
train,2014-403,1,266,13,1.0,0.500000003426976
train,2014-403,1,266,14,0.0,0.4999999885403668
train,2014-403,1,266,15,0.0,0.4999999854626367
train,2014-403,1,266,16,0.0,0.5000000120780896
train,2014-403,1,266,17,1.0,0.49999999465944717
train,2014-403,1,266,18,1.0,0.4999999937572284
train,2014-403,1,266,19,0.0,0.5000000117433956
train,2014-403,1,266,20,1.0,0.4999999869723979
train,2014-403,1,266,21,1.0,0.49999998887142283
train,2014-403,1,266,22,1.0,0.500000002739398
train,2014-403,1,266,23,1.0,0.4999999969404598
train,2014-403,1,266,24,0.0,0.5000000062427716
train,2014-403,1,266,25,1.0,0.5000000095387804
train,2014-403,1,266,26,1.0,0.5000000031686795
train,2014-403,1,266,27,1.0,0.5000000033469405
train,2014-403,1,266,28,0.0,0.5000000031686795
train,2014-403,1,266,29,1.0,0.49999999177089194
train,2014-403,1,266,30,1.0,0.4999999960746209
train,2014-403,1,266,31,0.0,0.5000000053405529
train,2014-403,2,267,0,0.0,0.5
train,2014-403,2,267,1,1.0,0.500000007385097
train,2014-403,2,267,2,1.0,0.4999999947867764
train,2014-403,2,267,3,0.0,0.4999999796273186
train,2014-403,2,267,4,1.0,0.5000000149229891
train,2014-403,2,267,5,0.0,0.49999999435385695
train,2014-403,2,267,6,1.0,0.49999998984276317
train,2014-403,2,267,7,0.0,0.4999999969295459
train,2014-403,2,267,8,1.0,0.4999999886495062
train,2014-403,2,267,9,1.0,0.5000000052132236
train,2014-403,2,267,10,1.0,0.49999998297789716
train,2014-403,2,267,11,0.0,0.4999999823994585
train,2014-403,2,267,12,0.0,0.500000007385097
train,2014-403,2,267,13,1.0,0.49999999448846216
train,2014-403,2,267,14,1.0,0.5000000110048859
train,2014-403,2,267,15,0.0,0.4999999888605089
train,2014-403,2,267,16,0.0,0.5000000219151843
train,2014-403,2,267,17,0.0,0.49999999783176463
train,2014-403,2,267,18,1.0,0.4999999848078005
train,2014-403,2,267,19,0.0,0.49999996979022404
train,2014-403,2,267,20,0.0,0.4999999966530595
train,2014-403,2,267,21,0.0,0.4999999994543032
train,2014-403,2,267,22,1.0,0.4999999869723979
train,2014-403,2,267,23,0.0,0.5000000021682354
train,2014-403,2,267,24,1.0,0.49999999218198354
train,2014-403,2,267,25,0.0,0.5000000050531526
train,2014-403,2,267,26,0.0,0.49999999511055654
train,2014-403,2,267,27,1.0,0.49999999218198354
train,2014-403,2,267,28,1.0,0.4999999873798515
train,2014-403,2,267,29,1.0,0.5
train,2014-403,2,267,30,0.0,0.5000000005456968
train,2014-403,2,267,31,0.0,0.500000019743311
train,2014-403,3,268,0,0.0,0.5000000033469405
train,2014-403,3,268,1,0.0,0.5000000021609594
train,2014-403,3,268,2,1.0,0.49999999657302396
train,2014-403,3,268,3,0.0,0.49999999202555045
train,2014-403,3,268,4,1.0,0.4999999943611329
train,2014-403,3,268,5,1.0,0.4999999939500413
train,2014-403,3,268,6,1.0,0.5000000240943336
train,2014-403,3,268,7,0.0,0.4999999888605089
train,2014-403,3,268,8,0.0,0.5000000197505869
train,2014-403,3,268,9,0.0,0.5000000020481821
train,2014-403,3,268,10,1.0,0.4999999944993761
train,2014-403,3,268,11,0.0,0.4999999946667231
train,2014-403,3,268,12,1.0,0.5000000090149115
train,2014-403,3,268,13,0.0,0.5000000165746314
train,2014-403,3,268,14,0.0,0.5000000140644261
train,2014-403,3,268,15,1.0,0.49999999176725396
train,2014-403,4,269,0,1.0,0.49999998922794475
train,2014-403,4,269,1,1.0,0.5000000086838554
train,2014-403,4,269,2,0.0,0.4999999969295459
train,2014-403,4,269,3,0.0,0.4999999964638846
train,2014-403,4,269,4,1.0,0.5000000021645974
train,2014-403,4,269,5,1.0,0.4999999966530595
train,2014-403,4,269,6,0.0,0.49999998104613047
train,2014-403,4,269,7,1.0,0.5000000017607817
train,2014-403,5,270,0,0.0,0.5000000030777301
train,2014-403,5,270,1,0.0,0.5000000078216544
train,2014-403,5,270,2,0.0,0.499999983348971
train,2014-403,5,270,3,0.0,0.5000000171894499
train,2014-403,6,271,0,1.0,0.5000000102518243
train,2014-403,6,271,1,0.0,0.5000000159743649
train,2014-403,7,272,0,0.0,0.49999999146893964
train,2014-404,1,259,0,0.0,0.5000000022919266
train,2014-404,1,259,1,0.0,0.5
train,2014-404,1,259,2,0.0,0.5000000110121618
train,2014-404,1,259,3,0.0,0.5000000062427716
train,2014-404,1,259,4,0.0,0.4999999978390406
train,2014-404,1,259,5,1.0,0.5000000055115379
train,2014-404,1,259,6,0.0,0.49999999683132046
train,2014-404,1,259,7,1.0,0.5000000031686795
train,2014-404,1,259,8,1.0,0.49999999450665206
train,2014-404,1,259,9,0.0,0.49999999098872644
train,2014-404,1,259,10,0.0,0.5000000086874934
train,2014-404,1,259,11,0.0,0.4999999702558853
train,2014-404,1,259,12,0.0,0.49999998960629455
train,2014-404,1,259,13,1.0,0.5000000011241355
train,2014-404,1,259,14,1.0,0.4999999915089574
train,2014-404,1,259,15,0.0,0.4999999921928975
train,2014-404,1,259,16,1.0,0.5000000055115379
train,2014-404,1,259,17,1.0,0.5000000019826984
train,2014-404,1,259,18,0.0,0.5000000176041794
train,2014-404,1,259,19,0.0,0.5
train,2014-404,1,259,20,1.0,0.5000000151994755
train,2014-404,1,259,21,1.0,0.49999999683132046
train,2014-404,1,259,22,1.0,0.49999999465944717
train,2014-404,1,259,23,0.0,0.5000000171967258
train,2014-404,1,259,24,0.0,0.5000000103937055
train,2014-404,1,259,25,0.0,0.5
train,2014-404,1,259,26,1.0,0.5000000141153578
train,2014-404,1,259,27,1.0,0.5000000085638021
train,2014-404,1,259,28,1.0,0.49999999465944717
train,2014-404,1,259,29,1.0,0.5000000169602572
train,2014-404,1,259,30,0.0,0.4999999869723979
train,2014-404,1,259,31,1.0,0.5000000174986781
train,2014-404,2,260,0,1.0,0.5000000151921995
train,2014-404,2,260,1,1.0,0.500000007385097
train,2014-404,2,260,2,0.0,0.5000000098407327
train,2014-404,2,260,3,1.0,0.4999999852843757
train,2014-404,2,260,4,1.0,0.4999999968276825
train,2014-404,2,260,5,1.0,0.5
train,2014-404,2,260,6,1.0,0.4999999896135705
train,2014-404,2,260,7,0.0,0.5000000079890015
train,2014-404,2,260,8,1.0,0.4999999866922735
train,2014-404,2,260,9,0.0,0.5000000112668204
train,2014-404,2,260,10,0.0,0.4999999947867764
train,2014-404,2,260,11,1.0,0.5
train,2014-404,2,260,12,0.0,0.4999999702558853
train,2014-404,2,260,13,1.0,0.5000000022955646
train,2014-404,2,260,14,1.0,0.5000000021682354
train,2014-404,2,260,15,1.0,0.49999999783176463
train,2014-404,2,260,16,0.0,0.5
train,2014-404,2,260,17,1.0,0.499999989016942
train,2014-404,2,260,18,0.0,0.5
train,2014-404,2,260,19,0.0,0.5
train,2014-404,2,260,20,0.0,0.4999999862047843
train,2014-404,2,260,21,0.0,0.4999999768988345
train,2014-404,2,260,22,1.0,0.4999999922038114
train,2014-404,2,260,23,0.0,0.5000000240870577
train,2014-404,2,260,24,0.0,0.5000000019790605
train,2014-404,2,260,25,1.0,0.4999999763640517
train,2014-404,2,260,26,0.0,0.4999999888605089
train,2014-404,2,260,27,1.0,0.49999999218198354
train,2014-404,2,260,28,1.0,0.5000000128893589
train,2014-404,2,260,29,0.0,0.4999999941574061
train,2014-404,2,260,30,0.0,0.5
train,2014-404,2,260,31,1.0,0.4999999939464033
train,2014-404,3,261,0,0.0,0.4999999994688551
train,2014-404,3,261,1,1.0,0.499999992618541
train,2014-404,3,261,2,0.0,0.4999999828069121
train,2014-404,3,261,3,1.0,0.4999999988649506
train,2014-404,3,261,4,1.0,0.4999999839455996
train,2014-404,3,261,5,0.0,0.4999999824103724
train,2014-404,3,261,6,0.0,0.499999989016942
train,2014-404,3,261,7,1.0,0.4999999993779056
train,2014-404,3,261,8,1.0,0.49999999795181793
train,2014-404,3,261,9,1.0,0.500000018535502
train,2014-404,3,261,10,1.0,0.5
train,2014-404,3,261,11,0.0,0.5000000006220944
train,2014-404,3,261,12,1.0,0.5000000038853614
train,2014-404,3,261,13,0.0,0.500000001022272
train,2014-404,3,261,14,0.0,0.4999999725732777
train,2014-404,3,261,15,0.0,0.5
train,2014-404,4,262,0,0.0,0.5000000098443707
train,2014-404,4,262,1,0.0,0.49999999720967025
train,2014-404,4,262,2,1.0,0.500000007385097
train,2014-404,4,262,3,0.0,0.4999999752981239
train,2014-404,4,262,4,1.0,0.4999999968276825
train,2014-404,4,262,5,0.0,0.499999980260327
train,2014-404,4,262,6,1.0,0.5000000049003575
train,2014-404,4,262,7,1.0,0.5000000022992026
train,2014-404,5,263,0,1.0,0.5000000031614036
train,2014-404,5,263,1,1.0,0.5000000166946847
train,2014-404,5,263,2,0.0,0.5000000175823516
train,2014-404,5,263,3,1.0,0.499999983348971
train,2014-404,6,264,0,1.0,0.500000005158654
train,2014-404,6,264,1,1.0,0.49999998248676997
train,2014-404,7,265,0,0.0,0.49999999703868525
train,2014-410,2,273,0,0.0,0.4999999978354026
train,2014-410,2,273,1,1.0,0.4999999944848242
train,2014-410,2,273,2,1.0,0.500000007377821
train,2014-410,2,273,3,0.0,0.5
train,2014-410,2,273,4,1.0,0.49999999693318387
train,2014-410,2,273,5,0.0,0.4999999961801223
train,2014-410,2,273,6,0.0,0.4999999937608664
train,2014-410,2,273,7,0.0,0.5000000021645974
train,2014-410,2,273,8,0.0,0.5
train,2014-410,2,273,9,0.0,0.4999999917054083
train,2014-410,2,273,10,0.0,0.5000000079453457
train,2014-410,2,273,11,0.0,0.4999999967221811
train,2014-410,2,273,12,0.0,0.5000000103900675
train,2014-410,2,273,13,1.0,0.499999994346581
train,2014-410,2,273,14,0.0,0.5000000224972609
train,2014-410,2,273,15,1.0,0.5000000053332769
train,2014-410,2,273,16,1.0,0.49999998926068656
train,2014-410,2,273,17,0.0,0.5000000093568815
train,2014-410,2,273,18,0.0,0.5000000062391337
train,2014-410,2,273,19,1.0,0.49999997807753976
train,2014-410,2,273,20,0.0,0.49999999176725396
train,2014-410,2,273,21,0.0,0.5000000182553777
train,2014-410,2,273,22,1.0,0.49999999218198354
train,2014-410,2,273,23,0.0,0.4999999968385964
train,2014-410,3,274,0,1.0,0.4999999949432095
train,2014-410,3,274,1,0.0,0.4999999913197825
train,2014-410,3,274,2,1.0,0.5000000111285772
train,2014-410,3,274,3,1.0,0.5
train,2014-410,3,274,4,1.0,0.4999999943574949
train,2014-410,3,274,5,0.0,0.499999989013304
train,2014-410,3,274,6,0.0,0.49999998333805706
train,2014-410,3,274,7,1.0,0.49999999448846216
train,2014-410,3,274,8,0.0,0.4999999854771886
train,2014-410,3,274,9,1.0,0.4999999915999069
train,2014-410,3,274,10,1.0,0.5000000088948582
train,2014-410,3,274,11,0.0,0.5000000151885615
train,2014-410,3,274,12,0.0,0.5000000145228114
train,2014-410,3,274,13,0.0,0.49999998926068656
train,2014-410,3,274,14,1.0,0.5000000090149115
train,2014-410,3,274,15,0.0,0.5000000060572347
train,2014-410,4,275,0,1.0,0.49999998872226575
train,2014-410,4,275,1,1.0,0.4999999920328264
train,2014-410,4,275,2,0.0,0.5
train,2014-410,4,275,3,1.0,0.5000000166619429
train,2014-410,4,275,4,0.0,0.499999989016942
train,2014-410,4,275,5,1.0,0.49999999176725396
train,2014-410,4,275,6,0.0,0.5
train,2014-410,4,275,7,0.0,0.5000000176005415
train,2014-410,5,276,0,1.0,0.49999999469946493
train,2014-410,5,276,1,0.0,0.5000000133040885
train,2014-410,5,276,2,1.0,0.49999999683495844
train,2014-410,5,276,3,0.0,0.5
train,2014-410,6,277,0,0.0,0.4999999908068275
train,2014-410,6,277,1,0.0,0.5000000031686795
train,2014-410,7,278,0,1.0,0.49999999783176463
train,2014-416,2,285,0,0.0,0.5000000027284841
train,2014-416,2,285,1,0.0,0.500000008411007
train,2014-416,2,285,2,1.0,0.499999969793862
train,2014-416,2,285,3,1.0,0.5000000098407327
train,2014-416,2,285,4,0.0,0.49999999098872644
train,2014-416,2,285,5,0.0,0.5
train,2014-416,2,285,6,1.0,0.5000000062391337
train,2014-416,2,285,7,0.0,0.50000000205182
train,2014-416,2,285,8,1.0,0.5000000062391337
train,2014-416,2,285,9,0.0,0.4999999812498573
train,2014-416,2,285,10,1.0,0.5000000021645974
train,2014-416,2,285,11,0.0,0.5
train,2014-416,2,285,12,1.0,0.5000000093568815
train,2014-416,2,285,13,0.0,0.5000000021645974
train,2014-416,2,285,14,0.0,0.4999999944848242
train,2014-416,2,285,15,0.0,0.500000025404006
train,2014-416,2,285,16,1.0,0.4999999944848242
train,2014-416,2,285,17,0.0,0.5000000052168616
train,2014-416,2,285,18,1.0,0.5000000112740963
train,2014-416,2,285,19,1.0,0.49999999693318387
train,2014-416,2,285,20,1.0,0.4999999954088708
train,2014-416,2,285,21,1.0,0.5000000160434865
train,2014-416,2,285,22,0.0,0.49999999131250655
train,2014-416,2,285,23,0.0,0.5000000021645974
train,2014-416,3,286,0,1.0,0.4999999977044354
train,2014-416,3,286,1,1.0,0.5000000052168616
train,2014-416,3,286,2,1.0,0.4999999908213794
train,2014-416,3,286,3,1.0,0.5000000031577656
train,2014-416,3,286,4,1.0,0.4999999969295459
train,2014-416,3,286,5,0.0,0.5000000144027581
train,2014-416,3,286,6,0.0,0.4999999866922735
train,2014-416,3,286,7,1.0,0.5000000111285772
train,2014-416,3,286,8,0.0,0.5000000156796887
train,2014-416,3,286,9,1.0,0.5000000031577656
train,2014-416,3,286,10,0.0,0.5000000103900675
train,2014-416,3,286,11,1.0,0.5
train,2014-416,3,286,12,0.0,0.5
train,2014-416,3,286,13,0.0,0.49999999664578354
train,2014-416,3,286,14,0.0,0.5000000213185558
train,2014-416,3,286,15,0.0,0.5000000038817234
train,2014-416,4,287,0,0.0,0.5000000038780854
train,2014-416,4,287,1,0.0,0.4999999946667231
train,2014-416,4,287,2,0.0,0.5000000049003575
train,2014-416,4,287,3,1.0,0.5000000053332769
train,2014-416,4,287,4,0.0,0.5000000165891834
train,2014-416,4,287,5,1.0,0.500000010983058
train,2014-416,4,287,6,0.0,0.49999998546627467
train,2014-416,4,287,7,1.0,0.5000000079671736
train,2014-416,5,288,0,1.0,0.49999998770726967
train,2014-416,5,288,1,1.0,0.5000000030704541
train,2014-416,5,288,2,1.0,0.5000000079598976
train,2014-416,5,288,3,0.0,0.49999998546991264
train,2014-416,6,289,0,0.0,0.5000000122854544
train,2014-416,6,289,1,1.0,0.4999999920328264
train,2014-416,7,290,0,0.0,0.49999999077772367
train,2014-421,2,305,0,0.0,0.49999999926876626
train,2014-421,2,305,1,0.0,0.4999999968276825
train,2014-421,2,305,2,1.0,0.4999999896135705
train,2014-421,2,305,3,0.0,0.4999999892206688
train,2014-421,2,305,4,0.0,0.4999999949468475
train,2014-421,2,305,5,0.0,0.4999999828032741
train,2014-421,2,305,6,1.0,0.5000000093496055
train,2014-421,2,305,7,1.0,0.49999999435385695
train,2014-421,2,305,8,0.0,0.4999999977044354
train,2014-421,2,305,9,1.0,0.49999999783176463
train,2014-421,2,305,10,1.0,0.49999999171632226
train,2014-421,2,305,11,0.0,0.4999999854626367
train,2014-421,2,305,12,0.0,0.4999999917745299
train,2014-421,2,305,13,0.0,0.4999999947867764
train,2014-421,2,305,14,1.0,0.4999999993815436
train,2014-421,2,305,15,0.0,0.500000005842594
train,2014-421,2,305,16,0.0,0.5000000117506715
train,2014-421,2,305,17,1.0,0.4999999799656507
train,2014-421,2,305,18,0.0,0.5000000029940566
train,2014-421,2,305,19,0.0,0.5000000240870577
train,2014-421,2,305,20,0.0,0.4999999869723979
train,2014-421,2,305,21,1.0,0.4999999968276825
train,2014-421,2,305,22,1.0,0.4999999768988345
train,2014-421,2,305,23,1.0,0.5000000055115379
train,2014-421,3,306,0,1.0,0.500000005500624
train,2014-421,3,306,1,0.0,0.4999999869687599
train,2014-421,3,306,2,1.0,0.499999992618541
train,2014-421,3,306,3,0.0,0.49999999757346814
train,2014-421,3,306,4,0.0,0.49999998333805706
train,2014-421,3,306,5,1.0,0.4999999966530595
train,2014-421,3,306,6,0.0,0.5000000052204996
train,2014-421,3,306,7,1.0,0.5000000048967195
train,2014-421,3,306,8,1.0,0.5000000145337253
train,2014-421,3,306,9,1.0,0.5000000085638021
train,2014-421,3,306,10,0.0,0.5000000133004505
train,2014-421,3,306,11,0.0,0.5000000019790605
train,2014-421,3,306,12,1.0,0.500000025400368
train,2014-421,3,306,13,1.0,0.5
train,2014-421,3,306,14,1.0,0.4999999759056664
train,2014-421,3,306,15,1.0,0.49999999493593356
train,2014-421,4,307,0,0.0,0.5
train,2014-421,4,307,1,1.0,0.500000008407369
train,2014-421,4,307,2,0.0,0.4999999882493285
train,2014-421,4,307,3,1.0,0.5000000111394911
train,2014-421,4,307,4,0.0,0.500000013911631
train,2014-421,4,307,5,1.0,0.4999999908213794
train,2014-421,4,307,6,1.0,0.49999998697967385
train,2014-421,4,307,7,0.0,0.499999980260327
train,2014-421,5,308,0,1.0,0.49999999692226993
train,2014-421,5,308,1,0.0,0.5000000113432179
train,2014-421,5,308,2,1.0,0.49999998608109303
train,2014-421,5,308,3,0.0,0.49999998863859224
train,2014-421,6,309,0,0.0,0.4999999974788807
train,2014-421,6,309,1,1.0,0.4999999971332727
train,2014-421,7,310,0,0.0,0.49999999703868525
train,2014-422,2,311,0,0.0,0.5000000133077265
train,2014-422,2,311,1,1.0,0.5000000190775609
train,2014-422,2,311,2,0.0,0.500000005326001
train,2014-422,2,311,3,0.0,0.49999999794817995
train,2014-422,2,311,4,0.0,0.500000010983058
train,2014-422,2,311,5,0.0,0.5000000297441147
train,2014-422,2,311,6,1.0,0.49999999098872644
train,2014-422,2,311,7,1.0,0.5000000158070179
train,2014-422,2,311,8,1.0,0.4999999975771061
train,2014-422,2,311,9,0.0,0.49999999794817995
train,2014-422,2,311,10,1.0,0.5000000175859896
train,2014-422,2,311,11,0.0,0.5000000117506715
train,2014-422,2,311,12,0.0,0.5000000079744495
train,2014-422,2,311,13,0.0,0.5000000021682354
train,2014-422,2,311,14,0.0,0.4999999917745299
train,2014-422,2,311,15,0.0,0.49999999419742386
train,2014-422,2,311,16,0.0,0.5000000025320332
train,2014-422,2,311,17,1.0,0.5000000043291948
train,2014-422,2,311,18,0.0,0.49999999704232323
train,2014-422,2,311,19,0.0,0.5000000055115379
train,2014-422,2,311,20,1.0,0.5000000027757778
train,2014-422,2,311,21,1.0,0.49999999218198354
train,2014-422,2,311,22,1.0,0.500000007385097
train,2014-422,2,311,23,1.0,0.4999999917745299
train,2014-422,3,312,0,0.0,0.4999999896135705
train,2014-422,3,312,1,0.0,0.4999999872816261
train,2014-422,3,312,2,1.0,0.5000000062427716
train,2014-422,3,312,3,1.0,0.49999998333805706
train,2014-422,3,312,4,1.0,0.5000000158070179
train,2014-422,3,312,5,0.0,0.5000000020481821
train,2014-422,3,312,6,0.0,0.4999999866995495
train,2014-422,3,312,7,1.0,0.500000011335942
train,2014-422,3,312,8,0.0,0.5000000052204996
train,2014-422,3,312,9,1.0,0.49999999176725396
train,2014-422,3,312,10,0.0,0.5000000022992026
train,2014-422,3,312,11,1.0,0.5000000056388672
train,2014-422,3,312,12,0.0,0.5000000035397534
train,2014-422,3,312,13,1.0,0.499999981464498
train,2014-422,3,312,14,0.0,0.500000007381459
train,2014-422,3,312,15,0.0,0.4999999946667231
train,2014-422,4,313,0,1.0,0.49999999131614453
train,2014-422,4,313,1,0.0,0.5000000082291081
train,2014-422,4,313,2,1.0,0.4999999848114385
train,2014-422,4,313,3,1.0,0.5000000079744495
train,2014-422,4,313,4,1.0,0.4999999977007974
train,2014-422,4,313,5,0.0,0.5000000156796887
train,2014-422,4,313,6,0.0,0.5000000091786205
train,2014-422,4,313,7,1.0,0.4999999824103724
train,2014-422,5,314,0,1.0,0.4999999941574061
train,2014-422,5,314,1,1.0,0.5000000021718733
train,2014-422,5,314,2,1.0,0.5000000189538696
train,2014-422,5,314,3,0.0,0.5000000062391337
train,2014-422,6,315,0,0.0,0.5000000106047082
train,2014-422,6,315,1,0.0,0.5000000103937055
train,2014-422,7,316,0,0.0,0.4999999893952918
train,2014-5014,2,324,0,0.0,0.4999999937645044
train,2014-5014,2,324,1,1.0,0.4999999917745299
train,2014-5014,2,324,2,0.0,0.4999999966530595
train,2014-5014,2,324,3,0.0,0.499999987638148
train,2014-5014,2,324,4,0.0,0.5000000078434823
train,2014-5014,2,324,5,0.0,0.4999999854808266
train,2014-5014,2,324,6,1.0,0.5000000050531526
train,2014-5014,2,324,7,0.0,0.4999999966530595
train,2014-5014,2,324,8,0.0,0.4999999937645044
train,2014-5014,2,324,9,1.0,0.4999999968276825
train,2014-5014,2,324,10,0.0,0.5000000048894435
train,2014-5014,2,324,11,0.0,0.500000005326001
train,2014-5014,2,324,12,1.0,0.5000000175859896
train,2014-5014,2,324,13,0.0,0.4999999911015038
train,2014-5014,2,324,14,0.0,0.5000000117506715
train,2014-5014,2,324,15,1.0,0.4999999889951141
train,2014-5014,2,324,16,0.0,0.49999997256600176
train,2014-5014,2,324,17,0.0,0.4999999913234205
train,2014-5014,2,324,18,0.0,0.4999999966530595
train,2014-5014,2,324,19,0.0,0.5
train,2014-5014,2,324,20,0.0,0.500000005326001
train,2014-5014,2,324,21,1.0,0.5000000082836777
train,2014-5014,2,324,22,0.0,0.499999989016942
train,2014-5014,2,324,23,1.0,0.499999992614903
train,2014-5014,3,325,0,1.0,0.500000003259629
train,2014-5014,3,325,1,1.0,0.5000000187574187
train,2014-5014,3,325,2,1.0,0.5
train,2014-5014,3,325,3,0.0,0.5000000111394911
train,2014-5014,3,325,4,0.0,0.5
train,2014-5014,3,325,5,1.0,0.5000000133004505
train,2014-5014,3,325,6,0.0,0.4999999725732777
train,2014-5014,3,325,7,0.0,0.4999999859355739
train,2014-5014,3,325,8,0.0,0.5000000062427716
train,2014-5014,3,325,9,1.0,0.49999999683132046
train,2014-5014,3,325,10,1.0,0.4999999896135705
train,2014-5014,3,325,11,1.0,0.49999999683132046
train,2014-5014,3,325,12,1.0,0.4999999886640581
train,2014-5014,3,325,13,1.0,0.49999998826024245
train,2014-5014,3,325,14,1.0,0.5000000031686795
train,2014-5014,3,325,15,1.0,0.49999998024941306
train,2014-5014,4,326,0,1.0,0.5000000053332769
train,2014-5014,4,326,1,1.0,0.4999999823994585
train,2014-5014,4,326,2,0.0,0.5000000062318577
train,2014-5014,4,326,3,0.0,0.5000000107720552
train,2014-5014,4,326,4,1.0,0.4999999978354026
train,2014-5014,4,326,5,1.0,0.4999999978354026
train,2014-5014,4,326,6,0.0,0.5000000247018761
train,2014-5014,4,326,7,0.0,0.4999999978354026
train,2014-5014,5,327,0,1.0,0.5000000145228114
train,2014-5014,5,327,1,0.0,0.5
train,2014-5014,5,327,2,0.0,0.5000000133113645
train,2014-5014,5,327,3,0.0,0.5000000006148184
train,2014-5014,6,328,0,0.0,0.5000000029467628
train,2014-5014,6,328,1,0.0,0.4999999995015969
train,2014-5014,7,329,0,1.0,0.5000000020227162
train,2014-520,1,291,0,0.0,0.500000001546141
train,2014-520,1,291,1,0.0,0.49999999746432877
train,2014-520,1,291,2,1.0,0.4999999983047019
train,2014-520,1,291,3,1.0,0.49999999305873644
train,2014-520,1,291,4,0.0,0.4999999973260856
train,2014-520,1,291,5,0.0,0.500000010633812
train,2014-520,1,291,6,1.0,0.49999999498686526
train,2014-520,1,291,7,1.0,0.5000000033069227
train,2014-520,1,291,8,0.0,0.5000000074651325
train,2014-520,1,291,9,1.0,0.49999999617648433
train,2014-520,1,291,10,0.0,0.4999999938663678
train,2014-520,1,291,11,0.0,0.499999998279236
train,2014-520,1,291,12,1.0,0.4999999942920113
train,2014-520,1,291,13,0.0,0.49999999574356485
train,2014-520,1,291,14,0.0,0.5000000140644261
train,2014-520,1,291,15,0.0,0.5000000045147317
train,2014-520,1,291,16,1.0,0.5000000083819032
train,2014-520,1,291,17,1.0,0.5000000016298145
train,2014-520,1,291,18,0.0,0.5000000066065695
train,2014-520,1,291,19,0.0,0.5000000047257345
train,2014-520,1,291,20,0.0,0.49999998746352503
train,2014-520,1,291,21,0.0,0.4999999983701855
train,2014-520,1,291,22,0.0,0.5000000029722287
train,2014-520,1,291,23,0.0,0.5
train,2014-520,1,291,24,1.0,0.5000000067157089
train,2014-520,1,291,25,0.0,0.5000000065701897
train,2014-520,1,291,26,0.0,0.49999999574356485
train,2014-520,1,291,27,1.0,0.5
train,2014-520,1,291,28,0.0,0.5000000038126018
train,2014-520,1,291,29,1.0,0.5000000025356712
train,2014-520,1,291,30,1.0,0.5
train,2014-520,1,291,31,1.0,0.4999999934298103
train,2014-520,1,291,32,0.0,0.4999999859319359
train,2014-520,1,291,33,0.0,0.49999998877319746
train,2014-520,1,291,34,0.0,0.4999999906140146
train,2014-520,1,291,35,1.0,0.5000000148247636
train,2014-520,1,291,36,1.0,0.5000000250729499
train,2014-520,1,291,37,1.0,0.49999999444116844
train,2014-520,1,291,38,0.0,0.5000000029467628
train,2014-520,1,291,39,1.0,0.5000000025356712
train,2014-520,1,291,40,0.0,0.4999999941537681
train,2014-520,1,291,41,1.0,0.5000000067157089
train,2014-520,1,291,42,0.0,0.5000000014733814
train,2014-520,1,291,43,0.0,0.500000010633812
train,2014-520,1,291,44,1.0,0.5000000151994755
train,2014-520,1,291,45,0.0,0.50000000136788
train,2014-520,1,291,46,1.0,0.5000000023210305
train,2014-520,1,291,47,0.0,0.5
train,2014-520,1,291,48,0.0,0.50000000858563
train,2014-520,1,291,49,1.0,0.5000000121399353
train,2014-520,1,291,50,1.0,0.5000000133186404
train,2014-520,1,291,51,0.0,0.49999999305873644
train,2014-520,1,291,52,0.0,0.49999998553539626
train,2014-520,1,291,53,0.0,0.5
train,2014-520,1,291,54,0.0,0.500000009604264
train,2014-520,1,291,55,0.0,0.4999999819228833
train,2014-520,1,291,56,1.0,0.4999999932842911
train,2014-520,1,291,57,1.0,0.49999999141436996
train,2014-520,1,291,58,1.0,0.5000000149993866
train,2014-520,1,291,59,1.0,0.49999999574356485
train,2014-520,1,291,60,1.0,0.5000000062464096
train,2014-520,1,291,61,0.0,0.5000000073414412
train,2014-520,1,291,62,0.0,0.5000000008221832
train,2014-520,1,291,63,0.0,0.5000000025356712
train,2014-520,2,292,0,1.0,0.49999998958810465
train,2014-520,2,292,1,1.0,0.5000000192594598
train,2014-520,2,292,2,1.0,0.5000000017280399
train,2014-520,2,292,3,1.0,0.5000000115287548
train,2014-520,2,292,4,0.0,0.4999999859828676
train,2014-520,2,292,5,0.0,0.4999999803767423
train,2014-520,2,292,6,0.0,0.5000000059008016
train,2014-520,2,292,7,0.0,0.4999999906212906
train,2014-520,2,292,8,1.0,0.4999999946230674
train,2014-520,2,292,9,0.0,0.49999999011924956
train,2014-520,2,292,10,0.0,0.5000000134132279
train,2014-520,2,292,11,1.0,0.5000000036779966
train,2014-520,2,292,12,0.0,0.50000001063745
train,2014-520,2,292,13,0.0,0.49999998663770384
train,2014-520,2,292,14,1.0,0.4999999976462277
train,2014-520,2,292,15,1.0,0.4999999937572284
train,2014-520,2,292,16,1.0,0.5000000014842954
train,2014-520,2,292,17,0.0,0.5
train,2014-520,2,292,18,1.0,0.49999999669671524
train,2014-520,2,292,19,1.0,0.5
train,2014-520,2,292,20,1.0,0.49999999558713176
train,2014-520,2,292,21,0.0,0.4999999873361958
train,2014-520,2,292,22,1.0,0.49999999265855877
train,2014-520,2,292,23,1.0,0.5000000041727617
train,2014-520,2,292,24,1.0,0.5000000280342647
train,2014-520,2,292,25,1.0,0.5000000148211257
train,2014-520,2,292,26,0.0,0.5000000059008016
train,2014-520,2,292,27,1.0,0.5000000024483597
train,2014-520,2,292,28,1.0,0.5000000063701009
train,2014-520,2,292,29,1.0,0.5
train,2014-520,2,292,30,1.0,0.5000000025356712
train,2014-520,2,292,31,0.0,0.5000000055624696
train,2014-520,3,293,0,0.0,0.4999999946157914
train,2014-520,3,293,1,1.0,0.49999999328065314
train,2014-520,3,293,2,0.0,0.5000000078653102
train,2014-520,3,293,3,0.0,0.5000000115287548
train,2014-520,3,293,4,1.0,0.500000010641088
train,2014-520,3,293,5,0.0,0.5
train,2014-520,3,293,6,1.0,0.5000000041654857
train,2014-520,3,293,7,0.0,0.49999997806298785
train,2014-520,3,293,8,0.0,0.499999989358912
train,2014-520,3,293,9,0.0,0.4999999887659215
train,2014-520,3,293,10,1.0,0.499999998799467
train,2014-520,3,293,11,0.0,0.49999998718340066
train,2014-520,3,293,12,1.0,0.5000000098698365
train,2014-520,3,293,13,1.0,0.49999998675411916
train,2014-520,3,293,14,0.0,0.5000000034597178
train,2014-520,3,293,15,1.0,0.49999999190913513
train,2014-520,4,294,0,0.0,0.5
train,2014-520,4,294,1,1.0,0.5000000039108272
train,2014-520,4,294,2,0.0,0.49999999583087634
train,2014-520,4,294,3,1.0,0.4999999913889041
train,2014-520,4,294,4,0.0,0.49999999209467205
train,2014-520,4,294,5,1.0,0.5000000040417945
train,2014-520,4,294,6,0.0,0.5000000231484591
train,2014-520,4,294,7,0.0,0.5000000038235157
train,2014-520,5,295,0,1.0,0.4999999936371751
train,2014-520,5,295,1,1.0,0.4999999952706276
train,2014-520,5,295,2,1.0,0.4999999984029273
train,2014-520,5,295,3,0.0,0.4999999964784365
train,2014-520,6,296,0,1.0,0.49999999836290954
train,2014-520,6,296,1,1.0,0.49999998945349944
train,2014-520,7,297,0,0.0,0.5000000080835889
train,2014-540,1,298,0,0.0,0.5000000064246706
train,2014-540,1,298,1,0.0,0.4999999908213794
train,2014-540,1,298,2,1.0,0.49999999794817995
train,2014-540,1,298,3,0.0,0.5000000137551979
train,2014-540,1,298,4,0.0,0.4999999995234248
train,2014-540,1,298,5,0.0,0.49999999683495844
train,2014-540,1,298,6,0.0,0.4999999937608664
train,2014-540,1,298,7,1.0,0.4999999943574949
train,2014-540,1,298,8,0.0,0.5
train,2014-540,1,298,9,1.0,0.5000000021682354
train,2014-540,1,298,10,1.0,0.500000021980668
train,2014-540,1,298,11,1.0,0.4999999946739991
train,2014-540,1,298,12,1.0,0.5000000107393134
train,2014-540,1,298,13,1.0,0.5000000079489837
train,2014-540,1,298,14,1.0,0.5000000117433956
train,2014-540,1,298,15,1.0,0.499999998115527
train,2014-540,1,298,16,0.0,0.49999998886778485
train,2014-540,1,298,17,1.0,0.50000000205182
train,2014-540,1,298,18,0.0,0.4999999869687599
train,2014-540,1,298,19,0.0,0.4999999880237738
train,2014-540,1,298,20,1.0,0.49999999709325493
train,2014-540,1,298,21,1.0,0.5000000103900675
train,2014-540,1,298,22,0.0,0.5
train,2014-540,1,298,23,1.0,0.5000000114632712
train,2014-540,1,298,24,0.0,0.49999997868872015
train,2014-540,1,298,25,1.0,0.499999986957846
train,2014-540,1,298,26,0.0,0.500000007381459
train,2014-540,1,298,27,0.0,0.5000000019899744
train,2014-540,1,298,28,1.0,0.499999992618541
train,2014-540,1,298,29,1.0,0.5000000055151759
train,2014-540,1,298,30,0.0,0.49999999131614453
train,2014-540,1,298,31,0.0,0.5000000133077265
train,2014-540,1,298,32,0.0,0.4999999908213794
train,2014-540,1,298,33,0.0,0.4999999792671587
train,2014-540,1,298,34,0.0,0.5000000021682354
train,2014-540,1,298,35,1.0,0.4999999854735506
train,2014-540,1,298,36,0.0,0.5000000219224603
train,2014-540,1,298,37,1.0,0.5000000082254701
train,2014-540,1,298,38,0.0,0.4999999788306013
train,2014-540,1,298,39,1.0,0.5000000082254701
train,2014-540,1,298,40,0.0,0.5
train,2014-540,1,298,41,1.0,0.49999998825660447
train,2014-540,1,298,42,0.0,0.49999999664214556
train,2014-540,1,298,43,0.0,0.5000000140644261
train,2014-540,1,298,44,0.0,0.500000005326001
train,2014-540,1,298,45,1.0,0.4999999980100256
train,2014-540,1,298,46,1.0,0.5000000030704541
train,2014-540,1,298,47,0.0,0.4999999920364644
train,2014-540,1,298,48,1.0,0.5000000021682354
train,2014-540,1,298,49,0.0,0.5000000198924681
train,2014-540,1,298,50,0.0,0.49999999683495844
train,2014-540,1,298,51,1.0,0.49999999131614453
train,2014-540,1,298,52,1.0,0.5000000024301698
train,2014-540,1,298,53,0.0,0.4999999830397428
train,2014-540,1,298,54,1.0,0.5
train,2014-540,1,298,55,1.0,0.5000000171967258
train,2014-540,1,298,56,0.0,0.5000000084837666
train,2014-540,1,298,57,0.0,0.4999999889951141
train,2014-540,1,298,58,0.0,0.49999997689155856
train,2014-540,1,298,59,0.0,0.5000000055151759
train,2014-540,1,298,60,0.0,0.5000000095715222
train,2014-540,1,298,61,0.0,0.5000000055151759
train,2014-540,1,298,62,0.0,0.5
train,2014-540,1,298,63,0.0,0.4999999812425813
train,2014-540,2,299,0,0.0,0.5000000030668161
train,2014-540,2,299,1,1.0,0.499999986084731
train,2014-540,2,299,2,0.0,0.499999972020305
train,2014-540,2,299,3,0.0,0.49999997689519654
train,2014-540,2,299,4,0.0,0.4999999937826943
train,2014-540,2,299,5,0.0,0.5000000024301698
train,2014-540,2,299,6,0.0,0.500000000862201
train,2014-540,2,299,7,1.0,0.500000008407369
train,2014-540,2,299,8,0.0,0.4999999943574949
train,2014-540,2,299,9,0.0,0.5000000022919266
train,2014-540,2,299,10,1.0,0.5000000103937055
train,2014-540,2,299,11,0.0,0.5000000031686795
train,2014-540,2,299,12,0.0,0.4999999951032806
train,2014-540,2,299,13,1.0,0.5000000033469405
train,2014-540,2,299,14,1.0,0.49999999262581696
train,2014-540,2,299,15,0.0,0.4999999946703611
train,2014-540,2,299,16,1.0,0.5000000030668161
train,2014-540,2,299,17,1.0,0.49999999218198354
train,2014-540,2,299,18,1.0,0.5000000175896275
train,2014-540,2,299,19,0.0,0.5000000021645974
train,2014-540,2,299,20,1.0,0.5000000038089638
train,2014-540,2,299,21,0.0,0.5
train,2014-540,2,299,22,1.0,0.5000000077925506
train,2014-540,2,299,23,1.0,0.49999999397550715
train,2014-540,2,299,24,0.0,0.49999999700230546
train,2014-540,2,299,25,0.0,0.5000000098443707
train,2014-540,2,299,26,1.0,0.4999999943574949
train,2014-540,2,299,27,1.0,0.4999999915926309
train,2014-540,2,299,28,1.0,0.5000000091895345
train,2014-540,2,299,29,0.0,0.5000000142899808
train,2014-540,2,299,30,0.0,0.49999999683132046
train,2014-540,2,299,31,0.0,0.49999999770807335
train,2014-540,3,300,0,1.0,0.5000000117506715
train,2014-540,3,300,1,0.0,0.499999989013304
train,2014-540,3,300,2,1.0,0.4999999961255526
train,2014-540,3,300,3,1.0,0.500000000858563
train,2014-540,3,300,4,1.0,0.4999999943574949
train,2014-540,3,300,5,1.0,0.5000000048967195
train,2014-540,3,300,6,1.0,0.4999999968458724
train,2014-540,3,300,7,1.0,0.49999997689155856
train,2014-540,3,300,8,1.0,0.4999999752944859
train,2014-540,3,300,9,0.0,0.5000000021645974
train,2014-540,3,300,10,0.0,0.49999999466308515
train,2014-540,3,300,11,0.0,0.49999997460690787
train,2014-540,3,300,12,1.0,0.500000008407369
train,2014-540,3,300,13,1.0,0.500000001888111
train,2014-540,3,300,14,0.0,0.5000000050567905
train,2014-540,3,300,15,1.0,0.5000000053369149
train,2014-540,4,301,0,1.0,0.5000000142863428
train,2014-540,4,301,1,1.0,0.5000000189502316
train,2014-540,4,301,2,1.0,0.5000000055115379
train,2014-540,4,301,3,1.0,0.5000000006148184
train,2014-540,4,301,4,0.0,0.4999999969295459
train,2014-540,4,301,5,1.0,0.4999999886640581
train,2014-540,4,301,6,0.0,0.4999999901556293
train,2014-540,4,301,7,0.0,0.5
train,2014-540,5,302,0,0.0,0.4999999970968929
train,2014-540,5,302,1,1.0,0.5000000021718733
train,2014-540,5,302,2,1.0,0.5
train,2014-540,5,302,3,0.0,0.5000000098516466
train,2014-540,6,303,0,1.0,0.49999998887142283
train,2014-540,6,303,1,1.0,0.4999999969259079
train,2014-540,7,304,0,0.0,0.49999999704232323
train,2014-560,1,317,0,0.0,0.500000001200533
train,2014-560,1,317,1,0.0,0.49999999050487526
train,2014-560,1,317,2,0.0,0.5000000040381565
train,2014-560,1,317,3,0.0,0.49999998839484766
train,2014-560,1,317,4,0.0,0.49999999305873644
train,2014-560,1,317,5,0.0,0.5000000093896233
train,2014-560,1,317,6,1.0,0.5000000038708095
train,2014-560,1,317,7,0.0,0.5000000044019544
train,2014-560,1,317,8,1.0,0.4999999916872184
train,2014-560,1,317,9,0.0,0.500000002401066
train,2014-560,1,317,10,0.0,0.4999999916872184
train,2014-560,1,317,11,1.0,0.5000000080908649
train,2014-560,1,317,12,1.0,0.5000000098807504
train,2014-560,1,317,13,1.0,0.4999999920910341
train,2014-560,1,317,14,0.0,0.5000000069485395
train,2014-560,1,317,15,1.0,0.5
train,2014-560,1,317,16,1.0,0.5000000025283953
train,2014-560,1,317,17,1.0,0.4999999958199624
train,2014-560,1,317,18,0.0,0.4999999910978658
train,2014-560,1,317,19,0.0,0.49999999625651986
train,2014-560,1,317,20,0.0,0.4999999957362889
train,2014-560,1,317,21,0.0,0.49999999747160473
train,2014-560,1,317,22,0.0,0.49999997807753976
train,2014-560,1,317,23,0.0,0.4999999916872184
train,2014-560,1,317,24,1.0,0.49999999877036316
train,2014-560,1,317,25,0.0,0.4999999988867785
train,2014-560,1,317,26,1.0,0.5000000069412636
train,2014-560,1,317,27,1.0,0.5000000214167812
train,2014-560,1,317,28,0.0,0.5000000012478267
train,2014-560,1,317,29,1.0,0.5000000165637175
train,2014-560,1,317,30,1.0,0.4999999926512828
train,2014-560,1,317,31,1.0,0.4999999839928933
train,2014-560,1,317,32,0.0,0.49999999122519506
train,2014-560,1,317,33,0.0,0.4999999943793228
train,2014-560,1,317,34,0.0,0.4999999866813596
train,2014-560,1,317,35,0.0,0.49999999608553486
train,2014-560,1,317,36,0.0,0.4999999876527
train,2014-560,1,317,37,1.0,0.5000000230975274
train,2014-560,1,317,38,0.0,0.5000000058971636
train,2014-560,1,317,39,0.0,0.5000000090622052
train,2014-560,1,317,40,0.0,0.5000000083855412
train,2014-560,1,317,41,0.0,0.5000000018299033
train,2014-560,1,317,42,1.0,0.49999999827196007
train,2014-560,1,317,43,0.0,0.4999999816463969
train,2014-560,1,317,44,0.0,0.4999999959618436
train,2014-560,1,317,45,1.0,0.5
train,2014-560,1,317,46,1.0,0.4999999914216459
train,2014-560,1,317,47,1.0,0.4999999926694727
train,2014-560,1,317,48,0.0,0.49999999500869313
train,2014-560,1,317,49,1.0,0.5000000041727617
train,2014-560,1,317,50,1.0,0.49999999827196007
train,2014-560,1,317,51,0.0,0.4999999941537681
train,2014-560,1,317,52,0.0,0.5
train,2014-560,1,317,53,1.0,0.49999999747160473
train,2014-560,1,317,54,1.0,0.49999999305873644
train,2014-560,1,317,55,0.0,0.5000000048203219
train,2014-560,1,317,56,1.0,0.5000000121472112
train,2014-560,1,317,57,0.0,0.5
train,2014-560,1,317,58,1.0,0.500000015796104
train,2014-560,1,317,59,1.0,0.5000000184700184
train,2014-560,1,317,60,1.0,0.5000000073305273
train,2014-560,1,317,61,1.0,0.5000000103245839
train,2014-560,1,317,62,0.0,0.5
train,2014-560,1,317,63,0.0,0.5
train,2014-560,2,318,0,1.0,0.4999999958345143
train,2014-560,2,318,1,1.0,0.5000000104118953
train,2014-560,2,318,2,0.0,0.5
train,2014-560,2,318,3,0.0,0.5000000029685907
train,2014-560,2,318,4,1.0,0.4999999820247467
train,2014-560,2,318,5,0.0,0.5000000038780854
train,2014-560,2,318,6,0.0,0.5000000044055923
train,2014-560,2,318,7,1.0,0.500000002404704
train,2014-560,2,318,8,1.0,0.5
train,2014-560,2,318,9,0.0,0.49999999265855877
train,2014-560,2,318,10,0.0,0.49999999851206667
train,2014-560,2,318,11,0.0,0.49999998592465994
train,2014-560,2,318,12,0.0,0.49999999827196007
train,2014-560,2,318,13,1.0,0.500000001196895
train,2014-560,2,318,14,1.0,0.5000000063773768
train,2014-560,2,318,15,0.0,0.5000000135478331
train,2014-560,2,318,16,1.0,0.5
train,2014-560,2,318,17,1.0,0.4999999981628207
train,2014-560,2,318,18,1.0,0.4999999973224476
train,2014-560,2,318,19,0.0,0.499999997595296
train,2014-560,2,318,20,1.0,0.5
train,2014-560,2,318,21,0.0,0.499999998803105
train,2014-560,2,318,22,1.0,0.5000000024629117
train,2014-560,2,318,23,1.0,0.49999998746352503
train,2014-560,2,318,24,1.0,0.4999999936226232
train,2014-560,2,318,25,1.0,0.5
train,2014-560,2,318,26,1.0,0.5000000109575922
train,2014-560,2,318,27,1.0,0.4999999949795893
train,2014-560,2,318,28,1.0,0.5000000092950359
train,2014-560,2,318,29,0.0,0.5000000065774657
train,2014-560,2,318,30,0.0,0.4999999921346898
train,2014-560,2,318,31,1.0,0.5000000025283953
train,2014-560,3,319,0,0.0,0.49999999266219675
train,2014-560,3,319,1,0.0,0.5000000237705535
train,2014-560,3,319,2,0.0,0.5000000049913069
train,2014-560,3,319,3,0.0,0.4999999916180968
train,2014-560,3,319,4,1.0,0.5000000083091436
train,2014-560,3,319,5,0.0,0.4999999906176526
train,2014-560,3,319,6,0.0,0.5000000036452548
train,2014-560,3,319,7,0.0,0.4999999970677891
train,2014-560,3,319,8,0.0,0.49999999110514176
train,2014-560,3,319,9,0.0,0.49999998008206603
train,2014-560,3,319,10,0.0,0.5000000087820808
train,2014-560,3,319,11,0.0,0.500000010986696
train,2014-560,3,319,12,1.0,0.4999999957362889
train,2014-560,3,319,13,0.0,0.49999999328065314
train,2014-560,3,319,14,0.0,0.5
train,2014-560,3,319,15,1.0,0.49999999213105184
train,2014-560,4,320,0,1.0,0.500000001724402
train,2014-560,4,320,1,1.0,0.5000000015897967
train,2014-560,4,320,2,1.0,0.5000000121508492
train,2014-560,4,320,3,1.0,0.5000000088948582
train,2014-560,4,320,4,1.0,0.4999999848441803
train,2014-560,4,320,5,1.0,0.5000000026775524
train,2014-560,4,320,6,0.0,0.49999999755164026
train,2014-560,4,320,7,1.0,0.500000008763891
train,2014-560,5,321,0,0.0,0.5000000060317689
train,2014-560,5,321,1,0.0,0.49999999861756805
train,2014-560,5,321,2,1.0,0.49999999586361815
train,2014-560,5,321,3,1.0,0.4999999977517291
train,2014-560,6,322,0,0.0,0.4999999904430296
train,2014-560,6,322,1,1.0,0.49999999195642886
train,2014-560,7,323,0,0.0,0.499999984720489
train,2014-580,1,252,0,0.0,0.5000000038235157
train,2014-580,1,252,1,1.0,0.5000000116051524
train,2014-580,1,252,2,0.0,0.500000010648364
train,2014-580,1,252,3,0.0,0.49999999457941163
train,2014-580,1,252,4,1.0,0.4999999945321179
train,2014-580,1,252,5,1.0,0.5000000042637112
train,2014-580,1,252,6,0.0,0.5000000179134076
train,2014-580,1,252,7,0.0,0.5
train,2014-580,1,252,8,1.0,0.5000000029322109
train,2014-580,1,252,9,1.0,0.5000000035142875
train,2014-580,1,252,10,0.0,0.4999999985193426
train,2014-580,1,252,11,1.0,0.5000000024738256
train,2014-580,1,252,12,0.0,0.5000000068466761
train,2014-580,1,252,13,1.0,0.5000000112340786
train,2014-580,1,252,14,0.0,0.49999998958810465
train,2014-580,1,252,15,0.0,0.5000000054678821
train,2014-580,1,252,16,1.0,0.5000000073305273
train,2014-580,1,252,17,0.0,0.4999999910978658
train,2014-580,1,252,18,0.0,0.4999999876527
train,2014-580,1,252,19,0.0,0.49999999817009666
train,2014-580,1,252,20,1.0,0.5000000078653102
train,2014-580,1,252,21,0.0,0.4999999910978658
train,2014-580,1,252,22,0.0,0.5000000135987648
train,2014-580,1,252,23,1.0,0.49999999827196007
train,2014-580,1,252,24,1.0,0.4999999876527
train,2014-580,1,252,25,1.0,0.500000008578354
train,2014-580,1,252,26,1.0,0.5000000065738277
train,2014-580,1,252,27,1.0,0.5000000093896233
train,2014-580,1,252,28,1.0,0.4999999855317583
train,2014-580,1,252,29,0.0,0.49999999747160473
train,2014-580,1,252,30,0.0,0.49999998716884875
train,2014-580,1,252,31,1.0,0.4999999934261723
train,2014-580,1,252,32,0.0,0.49999999841020326
train,2014-580,1,252,33,1.0,0.5000000017280399
train,2014-580,1,252,34,1.0,0.5000000025283953
train,2014-580,1,252,35,1.0,0.5000000017280399
train,2014-580,1,252,36,1.0,0.5000000041727617
train,2014-580,1,252,37,1.0,0.5000000078653102
train,2014-580,1,252,38,0.0,0.4999999964857125
train,2014-580,1,252,39,1.0,0.5
train,2014-580,1,252,40,0.0,0.5000000017280399
train,2014-580,1,252,41,0.0,0.5000000112340786
train,2014-580,1,252,42,0.0,0.5000000025283953
train,2014-580,1,252,43,1.0,0.499999989009666
train,2014-580,1,252,44,0.0,0.5
train,2014-580,1,252,45,1.0,0.4999999975480023
train,2014-580,1,252,46,0.0,0.4999999973188096
train,2014-580,1,252,47,1.0,0.49999998675775714
train,2014-580,1,252,48,1.0,0.5000000110194378
train,2014-580,1,252,49,0.0,0.49999999535066314
train,2014-580,1,252,50,1.0,0.5000000063773768
train,2014-580,1,252,51,0.0,0.49999998193015927
train,2014-580,1,252,52,0.0,0.5000000046493369
train,2014-580,1,252,53,0.0,0.4999999911669874
train,2014-580,1,252,54,0.0,0.5
train,2014-580,1,252,55,1.0,0.5000000017280399
train,2014-580,1,252,56,1.0,0.49999998073690227
train,2014-580,1,252,57,1.0,0.4999999916872184
train,2014-580,1,252,58,0.0,0.4999999914216459
train,2014-580,1,252,59,0.0,0.5000000014806574
train,2014-580,1,252,60,1.0,0.500000015796104
train,2014-580,1,252,61,1.0,0.5
train,2014-580,1,252,62,0.0,0.5
train,2014-580,1,252,63,0.0,0.5000000126565283
train,2014-580,2,253,0,1.0,0.5000000184736564
train,2014-580,2,253,1,1.0,0.5000000140607881
train,2014-580,2,253,2,0.0,0.5000000025283953
train,2014-580,2,253,3,0.0,0.4999999941064744
train,2014-580,2,253,4,0.0,0.49999999305873644
train,2014-580,2,253,5,0.0,0.500000000680302
train,2014-580,2,253,6,1.0,0.5000000038198777
train,2014-580,2,253,7,0.0,0.49999999595092964
train,2014-580,2,253,8,1.0,0.4999999955944077
train,2014-580,2,253,9,1.0,0.5000000045110937
train,2014-580,2,253,10,0.0,0.5000000073414412
train,2014-580,2,253,11,0.0,0.49999999894498615
train,2014-580,2,253,12,0.0,0.5000000000873115
train,2014-580,2,253,13,1.0,0.4999999984938768
train,2014-580,2,253,14,0.0,0.49999999707142706
train,2014-580,2,253,15,0.0,0.5000000121399353
train,2014-580,2,253,16,0.0,0.4999999945466698
train,2014-580,2,253,17,1.0,0.4999999983665475
train,2014-580,2,253,18,1.0,0.5
train,2014-580,2,253,19,1.0,0.4999999958199624
train,2014-580,2,253,20,1.0,0.5000000219552021
train,2014-580,2,253,21,1.0,0.4999999878600648
train,2014-580,2,253,22,1.0,0.5000000023283064
train,2014-580,2,253,23,0.0,0.49999999060673866
train,2014-580,2,253,24,1.0,0.5000000062354957
train,2014-580,2,253,25,1.0,0.49999999548890633
train,2014-580,2,253,26,1.0,0.4999999884603313
train,2014-580,2,253,27,1.0,0.49999999747160473
train,2014-580,2,253,28,0.0,0.5
train,2014-580,2,253,29,1.0,0.5000000015788828
train,2014-580,2,253,30,1.0,0.5
train,2014-580,2,253,31,0.0,0.5000000121326593
train,2014-580,3,254,0,1.0,0.4999999916908564
train,2014-580,3,254,1,1.0,0.49999998786734073
train,2014-580,3,254,2,0.0,0.49999999748251867
train,2014-580,3,254,3,0.0,0.500000016654667
train,2014-580,3,254,4,1.0,0.4999999973224476
train,2014-580,3,254,5,0.0,0.5000000116051524
train,2014-580,3,254,6,1.0,0.4999999901156116
train,2014-580,3,254,7,0.0,0.4999999859355739
train,2014-580,3,254,8,0.0,0.49999998201747076
train,2014-580,3,254,9,1.0,0.5
train,2014-580,3,254,10,1.0,0.5000000042637112
train,2014-580,3,254,11,1.0,0.5000000003965397
train,2014-580,3,254,12,1.0,0.5000000079126039
train,2014-580,3,254,13,1.0,0.49999998936254997
train,2014-580,3,254,14,1.0,0.4999999960818969
train,2014-580,3,254,15,1.0,0.5000000011023076
train,2014-580,4,255,0,1.0,0.500000008763891
train,2014-580,4,255,1,0.0,0.4999999973224476
train,2014-580,4,255,2,1.0,0.49999998675411916
train,2014-580,4,255,3,1.0,0.4999999948740879
train,2014-580,4,255,4,1.0,0.49999999746432877
train,2014-580,4,255,5,0.0,0.49999999500869313
train,2014-580,4,255,6,0.0,0.4999999932915671
train,2014-580,4,255,7,1.0,0.50000000068394
train,2014-580,5,256,0,1.0,0.49999999608553486
train,2014-580,5,256,1,0.0,0.499999983516318
train,2014-580,5,256,2,0.0,0.5000000045693014
train,2014-580,5,256,3,1.0,0.4999999903593561
train,2014-580,6,257,0,1.0,0.4999999902429408
train,2014-580,6,257,1,0.0,0.5000000050713425
train,2014-580,7,258,0,1.0,0.5000000034706318
train,2015-1536,2,363,0,1.0,0.49999998024941306
train,2015-1536,2,363,1,1.0,0.500000008232746
train,2015-1536,2,363,2,0.0,0.5000000059553713
train,2015-1536,2,363,3,1.0,0.5000000336585799
train,2015-1536,2,363,4,0.0,0.5000000050567905
train,2015-1536,2,363,5,1.0,0.5000000117433956
train,2015-1536,2,363,6,1.0,0.4999999759093044
train,2015-1536,2,363,7,1.0,0.49999999794817995
train,2015-1536,2,363,8,1.0,0.500000001880835
train,2015-1536,2,363,9,1.0,0.5000000145482772
train,2015-1536,2,363,10,0.0,0.5000000109757821
train,2015-1536,2,363,11,0.0,0.5000000175859896
train,2015-1536,2,363,12,1.0,0.5000000027284841
train,2015-1536,2,363,13,1.0,0.5000000056461431
train,2015-1536,2,363,14,0.0,0.5000000017571438
train,2015-1536,2,363,15,0.0,0.5000000059553713
train,2015-1536,2,363,16,1.0,0.5
train,2015-1536,2,363,17,0.0,0.4999999941392162
train,2015-1536,2,363,18,1.0,0.5000000007312337
train,2015-1536,2,363,19,0.0,0.4999999978354026
train,2015-1536,2,363,20,1.0,0.49999998926068656
train,2015-1536,2,363,21,0.0,0.499999995205144
train,2015-1536,2,363,22,1.0,0.49999999158899294
train,2015-1536,2,363,23,1.0,0.5000000050204108
train,2015-1536,3,364,0,1.0,0.5000000140644261
train,2015-1536,3,364,1,0.0,0.5000000019826984
train,2015-1536,3,364,2,0.0,0.4999999940519047
train,2015-1536,3,364,3,1.0,0.5000000111285772
train,2015-1536,3,364,4,0.0,0.5000000022955646
train,2015-1536,3,364,5,0.0,0.4999999859355739
train,2015-1536,3,364,6,1.0,0.49999998419298214
train,2015-1536,3,364,7,0.0,0.5000000085601641
train,2015-1536,3,364,8,0.0,0.5000000021609594
train,2015-1536,3,364,9,0.0,0.5000000151885615
train,2015-1536,3,364,10,1.0,0.4999999848114385
train,2015-1536,3,364,11,0.0,0.5000000092113623
train,2015-1536,3,364,12,0.0,0.5000000030704541
train,2015-1536,3,364,13,1.0,0.5000000133077265
train,2015-1536,3,364,14,0.0,0.4999999752944859
train,2015-1536,3,364,15,0.0,0.49999999176725396
train,2015-1536,4,365,0,0.0,0.4999999862957338
train,2015-1536,4,365,1,1.0,0.5000000079671736
train,2015-1536,4,365,2,1.0,0.500000008407369
train,2015-1536,4,365,3,0.0,0.5000000085674401
train,2015-1536,4,365,4,1.0,0.499999994346581
train,2015-1536,4,365,5,0.0,0.4999999920328264
train,2015-1536,4,365,6,0.0,0.5
train,2015-1536,4,365,7,1.0,0.49999999612191465
train,2015-1536,5,366,0,1.0,0.5000000035397534
train,2015-1536,5,366,1,1.0,0.4999999892206688
train,2015-1536,5,366,2,0.0,0.5000000122927304
train,2015-1536,5,366,3,1.0,0.4999999950996426
train,2015-1536,6,367,0,0.0,0.5000000171930878
train,2015-1536,6,367,1,1.0,0.5000000140571501
train,2015-1536,7,368,0,0.0,0.4999999877036317
train,2015-352,2,414,0,0.0,0.5000000027903297
train,2015-352,2,414,1,0.0,0.4999999971005309
train,2015-352,2,414,2,0.0,0.500000005326001
train,2015-352,2,414,3,1.0,0.4999999780848157
train,2015-352,2,414,4,0.0,0.49999998104613047
train,2015-352,2,414,5,1.0,0.5000000019790605
train,2015-352,2,414,6,0.0,0.4999999882638804
train,2015-352,2,414,7,0.0,0.4999999949468475
train,2015-352,2,414,8,0.0,0.4999999969295459
train,2015-352,2,414,9,0.0,0.5000000128893589
train,2015-352,2,414,10,0.0,0.4999999892716005
train,2015-352,2,414,11,1.0,0.4999999893698259
train,2015-352,2,414,12,1.0,0.49999999160354486
train,2015-352,2,414,13,0.0,0.49999999721330823
train,2015-352,2,414,14,1.0,0.5000000031723175
train,2015-352,2,414,15,1.0,0.5000000059444574
train,2015-352,3,415,0,0.0,0.4999999736974133
train,2015-352,3,415,1,0.0,0.5000000052204996
train,2015-352,3,415,2,0.0,0.5000000067775545
train,2015-352,3,415,3,1.0,0.499999989016942
train,2015-352,3,415,4,0.0,0.5000000053332769
train,2015-352,3,415,5,1.0,0.4999999966530595
train,2015-352,3,415,6,1.0,0.5000000030595402
train,2015-352,3,415,7,0.0,0.50000000583168
train,2015-352,3,415,8,0.0,0.5000000142827048
train,2015-352,3,415,9,1.0,0.5000000110048859
train,2015-352,3,415,10,0.0,0.4999999824103724
train,2015-352,3,415,11,1.0,0.4999999866995495
train,2015-352,3,415,12,1.0,0.5000000111394911
train,2015-352,3,415,13,0.0,0.5000000133004505
train,2015-352,3,415,14,0.0,0.4999999940555427
train,2015-352,3,415,15,0.0,0.4999999946667231
train,2015-352,4,416,0,0.0,0.49999999202555045
train,2015-352,4,416,1,1.0,0.5000000053332769
train,2015-352,4,416,2,1.0,0.4999999896099325
train,2015-352,4,416,3,0.0,0.49999997808117774
train,2015-352,4,416,4,0.0,0.49999999435021897
train,2015-352,4,416,5,1.0,0.5000000117506715
train,2015-352,4,416,6,1.0,0.4999999763604137
train,2015-352,4,416,7,0.0,0.5000000176005415
train,2015-352,5,417,0,0.0,0.5000000079671736
train,2015-352,5,417,1,0.0,0.49999999610736273
train,2015-352,5,417,2,0.0,0.5000000332875061
train,2015-352,5,417,3,1.0,0.5000000084000931
train,2015-352,6,418,0,0.0,0.49999999500869313
train,2015-352,6,418,1,0.0,0.4999999835708877
train,2015-352,7,419,0,1.0,0.4999999971332727
train,2015-403,1,350,0,1.0,0.5000000175532477
train,2015-403,1,350,1,1.0,0.5000000140535121
train,2015-403,1,350,2,0.0,0.5000000027794158
train,2015-403,1,350,3,0.0,0.5000000103937055
train,2015-403,1,350,4,0.0,0.49999999448846216
train,2015-403,1,350,5,1.0,0.4999999917090463
train,2015-403,1,350,6,1.0,0.5
train,2015-403,1,350,7,1.0,0.4999999952233339
train,2015-403,1,350,8,0.0,0.4999999824103724
train,2015-403,1,350,9,0.0,0.49999997319173417
train,2015-403,1,350,10,0.0,0.50000000205182
train,2015-403,1,350,11,0.0,0.5000000049440132
train,2015-403,1,350,12,1.0,0.5000000047766662
train,2015-403,1,350,13,0.0,0.5000000084910425
train,2015-403,1,350,14,1.0,0.49999999465944717
train,2015-403,1,350,15,0.0,0.49999999416468205
train,2015-403,1,350,16,0.0,0.49999999726060196
train,2015-403,1,350,17,1.0,0.4999999921928975
train,2015-403,1,350,18,0.0,0.4999999974606908
train,2015-403,1,350,19,1.0,0.5000000033469405
train,2015-403,1,350,20,1.0,0.4999999847350409
train,2015-403,1,350,21,0.0,0.5
train,2015-403,1,350,22,0.0,0.5000000027757778
train,2015-403,1,350,23,0.0,0.4999999969404598
train,2015-403,1,350,24,1.0,0.49999998960629455
train,2015-403,1,350,25,0.0,0.4999999908213794
train,2015-403,1,350,26,1.0,0.5000000160507625
train,2015-403,1,350,27,1.0,0.5000000082909537
train,2015-403,1,350,28,0.0,0.5000000113432179
train,2015-403,1,350,29,1.0,0.5000000021609594
train,2015-403,1,350,30,1.0,0.4999999972205842
train,2015-403,1,350,31,1.0,0.4999999969404598
train,2015-403,2,351,0,0.0,0.5000000006184564
train,2015-403,2,351,1,0.0,0.5000000038817234
train,2015-403,2,351,2,0.0,0.5000000050531526
train,2015-403,2,351,3,0.0,0.5000000052132236
train,2015-403,2,351,4,0.0,0.5000000030704541
train,2015-403,2,351,5,0.0,0.4999999917745299
train,2015-403,2,351,6,0.0,0.499999986088369
train,2015-403,2,351,7,0.0,0.49999999202555045
train,2015-403,2,351,8,0.0,0.4999999854626367
train,2015-403,2,351,9,1.0,0.5000000092150003
train,2015-403,2,351,10,0.0,0.49999999543797463
train,2015-403,2,351,11,1.0,0.5000000027903297
train,2015-403,2,351,12,1.0,0.5000000140535121
train,2015-403,2,351,13,1.0,0.4999999910469341
train,2015-403,2,351,14,1.0,0.5000000145191734
train,2015-403,2,351,15,1.0,0.5
train,2015-403,2,351,16,1.0,0.5000000111394911
train,2015-403,2,351,17,0.0,0.4999999812462193
train,2015-403,2,351,18,1.0,0.5000000114523573
train,2015-403,2,351,19,1.0,0.49999999802093953
train,2015-403,2,351,20,0.0,0.499999980256689
train,2015-403,2,351,21,1.0,0.4999999913234205
train,2015-403,2,351,22,1.0,0.5000000103864295
train,2015-403,2,351,23,1.0,0.49999999435385695
train,2015-403,2,351,24,0.0,0.5000000047875801
train,2015-403,2,351,25,0.0,0.500000027979695
train,2015-403,2,351,26,1.0,0.5
train,2015-403,2,351,27,0.0,0.5
train,2015-403,2,351,28,1.0,0.4999999862084223
train,2015-403,2,351,29,0.0,0.5000000102445483
train,2015-403,2,351,30,1.0,0.5000000027866918
train,2015-403,2,351,31,0.0,0.49999999726423994
train,2015-403,3,352,0,0.0,0.499999989016942
train,2015-403,3,352,1,1.0,0.49999997689519654
train,2015-403,3,352,2,0.0,0.4999999961146387
train,2015-403,3,352,3,0.0,0.5000000195796019
train,2015-403,3,352,4,0.0,0.5000000160544005
train,2015-403,3,352,5,0.0,0.5000000027357601
train,2015-403,3,352,6,1.0,0.5000000156796887
train,2015-403,3,352,7,1.0,0.4999999904321157
train,2015-403,3,352,8,1.0,0.500000003259629
train,2015-403,3,352,9,1.0,0.49999999683132046
train,2015-403,3,352,10,1.0,0.5000000050640665
train,2015-403,3,352,11,0.0,0.5
train,2015-403,3,352,12,0.0,0.4999999969404598
train,2015-403,3,352,13,0.0,0.49999998559360387
train,2015-403,3,352,14,1.0,0.4999999937572284
train,2015-403,3,352,15,1.0,0.5000000079744495
train,2015-403,4,353,0,0.0,0.49999999709325493
train,2015-403,4,353,1,1.0,0.49999998866769607
train,2015-403,4,353,2,1.0,0.5000000117397576
train,2015-403,4,353,3,1.0,0.5000000107720552
train,2015-403,4,353,4,0.0,0.5000000022992026
train,2015-403,4,353,5,0.0,0.5000000091786205
train,2015-403,4,353,6,0.0,0.49999999131614453
train,2015-403,4,353,7,0.0,0.49999999720967025
train,2015-403,5,354,0,1.0,0.5000000111358531
train,2015-403,5,354,1,1.0,0.5000000062391337
train,2015-403,5,354,2,0.0,0.49999997026316123
train,2015-403,5,354,3,0.0,0.4999999854771886
train,2015-403,6,355,0,0.0,0.5000000045729394
train,2015-403,6,355,1,1.0,0.49999998248676997
train,2015-403,7,356,0,0.0,0.5000000028667273
train,2015-404,1,343,0,1.0,0.5000000137442839
train,2015-404,1,343,1,0.0,0.5000000166655809
train,2015-404,1,343,2,0.0,0.5000000055115379
train,2015-404,1,343,3,0.0,0.4999999993815436
train,2015-404,1,343,4,0.0,0.5000000031686795
train,2015-404,1,343,5,0.0,0.5000000021609594
train,2015-404,1,343,6,0.0,0.5000000142827048
train,2015-404,1,343,7,1.0,0.4999999908104655
train,2015-404,1,343,8,0.0,0.5000000110703695
train,2015-404,1,343,9,0.0,0.49999999448846216
train,2015-404,1,343,10,0.0,0.5000000035324774
train,2015-404,1,343,11,0.0,0.5000000021609594
train,2015-404,1,343,12,1.0,0.49999999794817995
train,2015-404,1,343,13,0.0,0.5
train,2015-404,1,343,14,0.0,0.5
train,2015-404,1,343,15,1.0,0.5000000045911293
train,2015-404,1,343,16,0.0,0.5000000165273377
train,2015-404,1,343,17,1.0,0.49999998898783815
train,2015-404,1,343,18,1.0,0.4999999904612195
train,2015-404,1,343,19,0.0,0.49999998960629455
train,2015-404,1,343,20,0.0,0.4999999837746146
train,2015-404,1,343,21,1.0,0.49999999177089194
train,2015-404,1,343,22,1.0,0.5000000062427716
train,2015-404,1,343,23,0.0,0.5000000114596332
train,2015-404,1,343,24,0.0,0.4999999854626367
train,2015-404,1,343,25,1.0,0.4999999648644007
train,2015-404,1,343,26,1.0,0.5000000151994755
train,2015-404,1,343,27,0.0,0.49999998825660447
train,2015-404,1,343,28,0.0,0.4999999972205842
train,2015-404,1,343,29,0.0,0.5000000047766662
train,2015-404,1,343,30,0.0,0.5000000030595402
train,2015-404,1,343,31,1.0,0.5000000058898877
train,2015-404,2,344,0,1.0,0.5000000038016879
train,2015-404,2,344,1,1.0,0.5000000175459718
train,2015-404,2,344,2,1.0,0.4999999922038114
train,2015-404,2,344,3,0.0,0.5000000021682354
train,2015-404,2,344,4,0.0,0.5000000122854544
train,2015-404,2,344,5,0.0,0.5000000187537808
train,2015-404,2,344,6,0.0,0.4999999921565177
train,2015-404,2,344,7,1.0,0.5000000083964551
train,2015-404,2,344,8,1.0,0.49999998854764277
train,2015-404,2,344,9,0.0,0.4999999954088708
train,2015-404,2,344,10,0.0,0.5000000021682354
train,2015-404,2,344,11,1.0,0.49999999802093953
train,2015-404,2,344,12,1.0,0.5
train,2015-404,2,344,13,0.0,0.4999999971005309
train,2015-404,2,344,14,1.0,0.4999999913234205
train,2015-404,2,344,15,1.0,0.5000000133077265
train,2015-404,2,344,16,0.0,0.49999999202555045
train,2015-404,2,344,17,1.0,0.4999999993815436
train,2015-404,2,344,18,0.0,0.5000000078180165
train,2015-404,2,344,19,1.0,0.49999999720967025
train,2015-404,2,344,20,0.0,0.4999999947867764
train,2015-404,2,344,21,0.0,0.5000000039217412
train,2015-404,2,344,22,0.0,0.4999999964602466
train,2015-404,2,344,23,0.0,0.5000000019790605
train,2015-404,2,344,24,0.0,0.5000000091858965
train,2015-404,2,344,25,0.0,0.4999999949468475
train,2015-404,2,344,26,0.0,0.5000000130276021
train,2015-404,2,344,27,0.0,0.49999998484781827
train,2015-404,2,344,28,0.0,0.49999996979022404
train,2015-404,2,344,29,0.0,0.4999999994543032
train,2015-404,2,344,30,0.0,0.4999999946739991
train,2015-404,2,344,31,0.0,0.5000000027903297
train,2015-404,3,345,0,1.0,0.5000000140644261
train,2015-404,3,345,1,1.0,0.4999999830397428
train,2015-404,3,345,2,1.0,0.5000000224972609
train,2015-404,3,345,3,1.0,0.500000008232746
train,2015-404,3,345,4,1.0,0.5000000043291948
train,2015-404,3,345,5,0.0,0.4999999940555427
train,2015-404,3,345,6,0.0,0.49999999726423994
train,2015-404,3,345,7,0.0,0.5000000050313247
train,2015-404,3,345,8,0.0,0.5000000117470336
train,2015-404,3,345,9,1.0,0.49999999477950047
train,2015-404,3,345,10,0.0,0.4999999915962689
train,2015-404,3,345,11,1.0,0.5000000079744495
train,2015-404,3,345,12,1.0,0.5000000019790605
train,2015-404,3,345,13,1.0,0.500000002233719
train,2015-404,3,345,14,0.0,0.5000000045874913
train,2015-404,3,345,15,0.0,0.49999998333805706
train,2015-404,4,346,0,1.0,0.5000000029067451
train,2015-404,4,346,1,0.0,0.5000000062318577
train,2015-404,4,346,2,1.0,0.4999999961255526
train,2015-404,4,346,3,1.0,0.5000000166692189
train,2015-404,4,346,4,0.0,0.4999999949795893
train,2015-404,4,346,5,0.0,0.4999999820138328
train,2015-404,4,346,6,1.0,0.5000000029067451
train,2015-404,4,346,7,0.0,0.5000000187465048
train,2015-404,5,347,0,0.0,0.5000000111358531
train,2015-404,5,347,1,0.0,0.4999999828105501
train,2015-404,5,347,2,0.0,0.4999999909741745
train,2015-404,5,347,3,1.0,0.4999999920328264
train,2015-404,6,348,0,1.0,0.49999998960629455
train,2015-404,6,348,1,1.0,0.4999999971332727
train,2015-404,7,349,0,1.0,0.5000000029613147
train,2015-410,2,357,0,0.0,0.5000000090112735
train,2015-410,2,357,1,0.0,0.4999999970968929
train,2015-410,2,357,2,1.0,0.5
train,2015-410,2,357,3,1.0,0.4999999949432095
train,2015-410,2,357,4,0.0,0.499999992622179
train,2015-410,2,357,5,1.0,0.5
train,2015-410,2,357,6,0.0,0.4999999921565177
train,2015-410,2,357,7,1.0,0.5000000187501428
train,2015-410,2,357,8,1.0,0.4999999978354026
train,2015-410,2,357,9,1.0,0.5000000166619429
train,2015-410,2,357,10,0.0,0.5000000116233423
train,2015-410,2,357,11,0.0,0.5000000137442839
train,2015-410,2,357,12,0.0,0.5000000056534191
train,2015-410,2,357,13,0.0,0.4999999949432095
train,2015-410,2,357,14,1.0,0.5000000207364792
train,2015-410,2,357,15,1.0,0.49999999131250655
train,2015-410,2,357,16,1.0,0.5000000090112735
train,2015-410,2,357,17,1.0,0.5000000103900675
train,2015-410,2,357,18,1.0,0.4999999926330929
train,2015-410,2,357,19,1.0,0.5
train,2015-410,2,357,20,0.0,0.49999998202110874
train,2015-410,2,357,21,1.0,0.49999998926068656
train,2015-410,2,357,22,1.0,0.5000000056534191
train,2015-410,2,357,23,0.0,0.500000025404006
train,2015-410,3,358,0,1.0,0.4999999968422344
train,2015-410,3,358,1,1.0,0.5000000137515599
train,2015-410,3,358,2,1.0,0.5000000140644261
train,2015-410,3,358,3,0.0,0.5000000021609594
train,2015-410,3,358,4,1.0,0.4999999866922735
train,2015-410,3,358,5,1.0,0.49999998825660447
train,2015-410,3,358,6,0.0,0.4999999943574949
train,2015-410,3,358,7,0.0,0.4999999970968929
train,2015-410,3,358,8,1.0,0.5000000136897143
train,2015-410,3,358,9,1.0,0.5000000111285772
train,2015-410,3,358,10,1.0,0.49999999394276534
train,2015-410,3,358,11,0.0,0.49999999220017344
train,2015-410,3,358,12,0.0,0.49999999757346814
train,2015-410,3,358,13,0.0,0.5000000059080776
train,2015-410,3,358,14,1.0,0.5000000086802174
train,2015-410,3,358,15,1.0,0.5000000059480953
train,2015-410,4,359,0,0.0,0.50000000205182
train,2015-410,4,359,1,0.0,0.4999999901519913
train,2015-410,4,359,2,0.0,0.49999999176725396
train,2015-410,4,359,3,1.0,0.4999999908104655
train,2015-410,4,359,4,0.0,0.4999999866922735
train,2015-410,4,359,5,0.0,0.49999998333805706
train,2015-410,4,359,6,0.0,0.4999999915926309
train,2015-410,4,359,7,1.0,0.499999972023943
train,2015-410,5,360,0,1.0,0.49999999014471536
train,2015-410,5,360,1,0.0,0.49999999469946493
train,2015-410,5,360,2,0.0,0.5
train,2015-410,5,360,3,1.0,0.5000000019936124
train,2015-410,6,361,0,1.0,0.5000000092222763
train,2015-410,6,361,1,0.0,0.49999999708961695
train,2015-410,7,362,0,1.0,0.4999999920328264
train,2015-416,2,369,0,1.0,0.4999999848114385
train,2015-416,2,369,1,0.0,0.49999998521525413
train,2015-416,2,369,2,1.0,0.49999999158899294
train,2015-416,2,369,3,0.0,0.5000000110048859
train,2015-416,2,369,4,0.0,0.5000000029031071
train,2015-416,2,369,5,1.0,0.5000000021573214
train,2015-416,2,369,6,1.0,0.5000000062245817
train,2015-416,2,369,7,0.0,0.5000000098407327
train,2015-416,2,369,8,1.0,0.49999999015926727
train,2015-416,2,369,9,0.0,0.5000000058898877
train,2015-416,2,369,10,1.0,0.5000000116233423
train,2015-416,2,369,11,0.0,0.5000000050567905
train,2015-416,2,369,12,1.0,0.5000000021645974
train,2015-416,2,369,13,1.0,0.5000000021645974
train,2015-416,2,369,14,1.0,0.49999999666033546
train,2015-416,2,369,15,1.0,0.5000000004765752
train,2015-416,2,369,16,0.0,0.499999987645424
train,2015-416,2,369,17,1.0,0.4999999886640581
train,2015-416,2,369,18,1.0,0.49999998902421794
train,2015-416,2,369,19,1.0,0.5000000179788913
train,2015-416,2,369,20,0.0,0.49999998902421794
train,2015-416,2,369,21,1.0,0.5000000219224603
train,2015-416,2,369,22,0.0,0.500000008411007
train,2015-416,2,369,23,1.0,0.4999999968385964
train,2015-416,3,370,0,1.0,0.5000000253930921
train,2015-416,3,370,1,0.0,0.5000000140644261
train,2015-416,3,370,2,1.0,0.5000000111285772
train,2015-416,3,370,3,1.0,0.4999999877181836
train,2015-416,3,370,4,1.0,0.4999999913197825
train,2015-416,3,370,5,1.0,0.5000000021609594
train,2015-416,3,370,6,0.0,0.5000000021609594
train,2015-416,3,370,7,0.0,0.5000000091786205
train,2015-416,3,370,8,1.0,0.5000000086802174
train,2015-416,3,370,9,0.0,0.49999999448846216
train,2015-416,3,370,10,0.0,0.4999999812425813
train,2015-416,3,370,11,0.0,0.4999999969295459
train,2015-416,3,370,12,0.0,0.4999999889987521
train,2015-416,3,370,13,1.0,0.4999999993815436
train,2015-416,3,370,14,0.0,0.5000000151921995
train,2015-416,3,370,15,1.0,0.500000005326001
train,2015-416,4,371,0,1.0,0.5000000059408194
train,2015-416,4,371,1,1.0,0.4999999824103724
train,2015-416,4,371,2,1.0,0.4999999882529665
train,2015-416,4,371,3,0.0,0.5000000145155354
train,2015-416,4,371,4,0.0,0.5000000021682354
train,2015-416,4,371,5,0.0,0.500000027976057
train,2015-416,4,371,6,1.0,0.5000000189502316
train,2015-416,4,371,7,1.0,0.49999998394923756
train,2015-416,5,372,0,0.0,0.499999989013304
train,2015-416,5,372,1,0.0,0.500000005842594
train,2015-416,5,372,2,0.0,0.4999999961146387
train,2015-416,5,372,3,1.0,0.4999999888605089
train,2015-416,6,373,0,0.0,0.49999998546991264
train,2015-416,6,373,1,0.0,0.49999999783176463
train,2015-416,7,374,0,1.0,0.5000000031723175
train,2015-421,2,389,0,1.0,0.49999999926876626
train,2015-421,2,389,1,0.0,0.49999999726423994
train,2015-421,2,389,2,0.0,0.49999998201747076
train,2015-421,2,389,3,0.0,0.4999999882493285
train,2015-421,2,389,4,0.0,0.5000000093496055
train,2015-421,2,389,5,1.0,0.5000000052132236
train,2015-421,2,389,6,1.0,0.49999999722422217
train,2015-421,2,389,7,1.0,0.500000013737008
train,2015-421,2,389,8,0.0,0.4999999702558853
train,2015-421,2,389,9,0.0,0.5000000030704541
train,2015-421,2,389,10,1.0,0.5
train,2015-421,2,389,11,0.0,0.4999999956708053
train,2015-421,2,389,12,1.0,0.5000000110048859
train,2015-421,2,389,13,0.0,0.5000000103864295
train,2015-421,2,389,14,0.0,0.49999998626299197
train,2015-421,2,389,15,1.0,0.49999999726423994
train,2015-421,2,389,16,0.0,0.49999998394923756
train,2015-421,2,389,17,0.0,0.5
train,2015-421,2,389,18,1.0,0.5000000033469405
train,2015-421,2,389,19,0.0,0.5000000055115379
train,2015-421,2,389,20,0.0,0.49999998737257556
train,2015-421,2,389,21,0.0,0.5000000086765795
train,2015-421,2,389,22,0.0,0.500000007385097
train,2015-421,2,389,23,1.0,0.5000000111394911
train,2015-421,3,390,0,0.0,0.4999999882529665
train,2015-421,3,390,1,1.0,0.4999999942119758
train,2015-421,3,390,2,1.0,0.5000000053332769
train,2015-421,3,390,3,0.0,0.500000001884473
train,2015-421,3,390,4,1.0,0.4999999977007974
train,2015-421,3,390,5,0.0,0.5000000142827048
train,2015-421,3,390,6,1.0,0.5
train,2015-421,3,390,7,1.0,0.5000000107720552
train,2015-421,3,390,8,0.0,0.5
train,2015-421,3,390,9,0.0,0.500000018535502
train,2015-421,3,390,10,1.0,0.5000000136933522
train,2015-421,3,390,11,1.0,0.5000000103864295
train,2015-421,3,390,12,1.0,0.4999999969986675
train,2015-421,3,390,13,1.0,0.4999999805695552
train,2015-421,3,390,14,0.0,0.4999999940555427
train,2015-421,3,390,15,0.0,0.5
train,2015-421,4,391,0,0.0,0.5000000030704541
train,2015-421,4,391,1,0.0,0.4999999864776327
train,2015-421,4,391,2,1.0,0.49999998125349526
train,2015-421,4,391,3,0.0,0.5000000038744474
train,2015-421,4,391,4,1.0,0.4999999977007974
train,2015-421,4,391,5,1.0,0.49999999202555045
train,2015-421,4,391,6,1.0,0.5000000038126018
train,2015-421,4,391,7,1.0,0.5000000136933522
train,2015-421,5,392,0,1.0,0.4999999812498573
train,2015-421,5,392,1,0.0,0.500000002055458
train,2015-421,5,392,2,1.0,0.49999999823921826
train,2015-421,5,392,3,0.0,0.49999999692226993
train,2015-421,6,393,0,0.0,0.5
train,2015-421,6,393,1,0.0,0.49999998687417246
train,2015-421,7,394,0,0.0,0.4999999971332727
train,2015-422,2,395,0,0.0,0.5000000088984962
train,2015-422,2,395,1,1.0,0.5000000087056833
train,2015-422,2,395,2,1.0,0.4999999940555427
train,2015-422,2,395,3,1.0,0.5000000240870577
train,2015-422,2,395,4,1.0,0.5000000003710738
train,2015-422,2,395,5,0.0,0.5000000098407327
train,2015-422,2,395,6,1.0,0.5000000028994691
train,2015-422,2,395,7,0.0,0.5000000030704541
train,2015-422,2,395,8,0.0,0.4999999906503944
train,2015-422,2,395,9,1.0,0.5
train,2015-422,2,395,10,0.0,0.5000000101572368
train,2015-422,2,395,11,0.0,0.49999999218198354
train,2015-422,2,395,12,0.0,0.5
train,2015-422,2,395,13,0.0,0.5000000103864295
train,2015-422,2,395,14,1.0,0.5000000160507625
train,2015-422,2,395,15,0.0,0.4999999966530595
train,2015-422,2,395,16,1.0,0.5000000083964551
train,2015-422,2,395,17,1.0,0.500000014413672
train,2015-422,2,395,18,0.0,0.4999999830361048
train,2015-422,2,395,19,1.0,0.4999999949468475
train,2015-422,2,395,20,1.0,0.4999999949468475
train,2015-422,2,395,21,0.0,0.49999998626299197
train,2015-422,2,395,22,0.0,0.5000000019790605
train,2015-422,2,395,23,0.0,0.500000013911631
train,2015-422,3,396,0,0.0,0.4999999978390406
train,2015-422,3,396,1,0.0,0.4999999886640581
train,2015-422,3,396,2,1.0,0.4999999920037226
train,2015-422,3,396,3,1.0,0.49999999078136165
train,2015-422,3,396,4,1.0,0.4999999896135705
train,2015-422,3,396,5,1.0,0.49999999802093953
train,2015-422,3,396,6,1.0,0.5000000130312401
train,2015-422,3,396,7,0.0,0.49999998609564494
train,2015-422,3,396,8,1.0,0.499999981464498
train,2015-422,3,396,9,1.0,0.5000000030595402
train,2015-422,3,396,10,0.0,0.49999998559360387
train,2015-422,3,396,11,0.0,0.5000000166619429
train,2015-422,3,396,12,1.0,0.5000000215404725
train,2015-422,3,396,13,0.0,0.5000000053332769
train,2015-422,3,396,14,0.0,0.5000000027357601
train,2015-422,3,396,15,1.0,0.49999999202555045
train,2015-422,4,397,0,1.0,0.5000000086838554
train,2015-422,4,397,1,0.0,0.5000000240870577
train,2015-422,4,397,2,0.0,0.4999999833307811
train,2015-422,4,397,3,0.0,0.5000000151885615
train,2015-422,4,397,4,1.0,0.5
train,2015-422,4,397,5,1.0,0.5000000032741809
train,2015-422,4,397,6,0.0,0.5000000175896275
train,2015-422,4,397,7,1.0,0.49999997689519654
train,2015-422,5,398,0,0.0,0.49999999466308515
train,2015-422,5,398,1,0.0,0.500000016651029
train,2015-422,5,398,2,0.0,0.4999999915999069
train,2015-422,5,398,3,0.0,0.49999999721330823
train,2015-422,6,399,0,1.0,0.5000000081126927
train,2015-422,6,399,1,1.0,0.49999999418287194
train,2015-422,7,400,0,1.0,0.49999999703868525
train,2015-5014,2,408,0,0.0,0.5000000027866918
train,2015-5014,2,408,1,1.0,0.5000000055115379
train,2015-5014,2,408,2,0.0,0.5000000006184564
train,2015-5014,2,408,3,1.0,0.5000000103864295
train,2015-5014,2,408,4,0.0,0.499999986088369
train,2015-5014,2,408,5,0.0,0.50000000205182
train,2015-5014,2,408,6,0.0,0.4999999977044354
train,2015-5014,2,408,7,1.0,0.5000000336694939
train,2015-5014,2,408,8,1.0,0.49999999783176463
train,2015-5014,2,408,9,0.0,0.4999999968276825
train,2015-5014,2,408,10,1.0,0.5
train,2015-5014,2,408,11,0.0,0.4999999812462193
train,2015-5014,2,408,12,1.0,0.4999999954088708
train,2015-5014,2,408,13,1.0,0.500000013911631
train,2015-5014,2,408,14,1.0,0.4999999946739991
train,2015-5014,2,408,15,1.0,0.49999998419298214
train,2015-5014,2,408,16,1.0,0.5000000086765795
train,2015-5014,2,408,17,1.0,0.500000014413672
train,2015-5014,2,408,18,1.0,0.4999999945030141
train,2015-5014,2,408,19,1.0,0.5000000029940566
train,2015-5014,2,408,20,0.0,0.49999998626299197
train,2015-5014,2,408,21,0.0,0.4999999913234205
train,2015-5014,2,408,22,0.0,0.49999997561099013
train,2015-5014,2,408,23,0.0,0.5000000078180165
train,2015-5014,3,409,0,0.0,0.5000000027830538
train,2015-5014,3,409,1,0.0,0.4999999830397428
train,2015-5014,3,409,2,0.0,0.4999999745996319
train,2015-5014,3,409,3,0.0,0.5000000160544005
train,2015-5014,3,409,4,0.0,0.4999999866995495
train,2015-5014,3,409,5,0.0,0.4999999901519913
train,2015-5014,3,409,6,1.0,0.5000000048967195
train,2015-5014,3,409,7,0.0,0.5000000053332769
train,2015-5014,3,409,8,0.0,0.4999999725732777
train,2015-5014,3,409,9,0.0,0.5000000103864295
train,2015-5014,3,409,10,0.0,0.4999999969404598
train,2015-5014,3,409,11,1.0,0.5000000224972609
train,2015-5014,3,409,12,1.0,0.499999972023943
train,2015-5014,3,409,13,0.0,0.5000000027830538
train,2015-5014,3,409,14,1.0,0.4999999896135705
train,2015-5014,3,409,15,0.0,0.4999999972060323
train,2015-5014,4,410,0,0.0,0.49999999405918066
train,2015-5014,4,410,1,0.0,0.4999999866922735
train,2015-5014,4,410,2,1.0,0.5000000133077265
train,2015-5014,4,410,3,0.0,0.5000000172003638
train,2015-5014,4,410,4,0.0,0.5000000151885615
train,2015-5014,4,410,5,1.0,0.50000002539673
train,2015-5014,4,410,6,0.0,0.49999999405918066
train,2015-5014,4,410,7,0.0,0.5000000156796887
train,2015-5014,5,411,0,1.0,0.49999999510691856
train,2015-5014,5,411,1,1.0,0.4999999920328264
train,2015-5014,5,411,2,0.0,0.5000000038926373
train,2015-5014,5,411,3,1.0,0.49999998558268993
train,2015-5014,6,412,0,0.0,0.5000000028667273
train,2015-5014,6,412,1,0.0,0.49999999146530166
train,2015-5014,7,413,0,0.0,0.5
train,2015-520,1,375,0,0.0,0.49999999444116844
train,2015-520,1,375,1,1.0,0.49999999266219675
train,2015-520,1,375,2,0.0,0.5
train,2015-520,1,375,3,0.0,0.5000000026848284
train,2015-520,1,375,4,0.0,0.4999999859319359
train,2015-520,1,375,5,1.0,0.4999999916180968
train,2015-520,1,375,6,0.0,0.49999999457577365
train,2015-520,1,375,7,1.0,0.5000000133622962
train,2015-520,1,375,8,1.0,0.5000000012805685
train,2015-520,1,375,9,1.0,0.5000000098771125
train,2015-520,1,375,10,0.0,0.5000000044092303
train,2015-520,1,375,11,1.0,0.5000000065701897
train,2015-520,1,375,12,1.0,0.4999999934298103
train,2015-520,1,375,13,0.0,0.49999998877319746
train,2015-520,1,375,14,1.0,0.4999999894644134
train,2015-520,1,375,15,0.0,0.4999999973260856
train,2015-520,1,375,16,0.0,0.5000000017280399
train,2015-520,1,375,17,1.0,0.5000000027612259
train,2015-520,1,375,18,0.0,0.5
train,2015-520,1,375,19,1.0,0.4999999921346898
train,2015-520,1,375,20,1.0,0.5000000135514711
train,2015-520,1,375,21,0.0,0.5
train,2015-520,1,375,22,1.0,0.5000000231448212
train,2015-520,1,375,23,0.0,0.5000000069412636
train,2015-520,1,375,24,0.0,0.5000000017280399
train,2015-520,1,375,25,0.0,0.5000000017280399
train,2015-520,1,375,26,1.0,0.49999999849751475
train,2015-520,1,375,27,1.0,0.5000000065701897
train,2015-520,1,375,28,1.0,0.5000000029722287
train,2015-520,1,375,29,0.0,0.4999999919164111
train,2015-520,1,375,30,0.0,0.49999999755164026
train,2015-520,1,375,31,0.0,0.49999999548526836
train,2015-520,1,375,32,0.0,0.5000000065701897
train,2015-520,1,375,33,0.0,0.49999999746432877
train,2015-520,1,375,34,1.0,0.49999999375359044
train,2015-520,1,375,35,1.0,0.49999998074054025
train,2015-520,1,375,36,0.0,0.500000010993972
train,2015-520,1,375,37,0.0,0.5000000090658432
train,2015-520,1,375,38,0.0,0.50000001819717
train,2015-520,1,375,39,1.0,0.5000000065701897
train,2015-520,1,375,40,0.0,0.5000000017280399
train,2015-520,1,375,41,0.0,0.500000002924935
train,2015-520,1,375,42,0.0,0.49999998877319746
train,2015-520,1,375,43,0.0,0.5000000008221832
train,2015-520,1,375,44,1.0,0.5
train,2015-520,1,375,45,1.0,0.5000000156505848
train,2015-520,1,375,46,0.0,0.499999990723154
train,2015-520,1,375,47,1.0,0.4999999932842911
train,2015-520,1,375,48,0.0,0.4999999710234988
train,2015-520,1,375,49,0.0,0.49999999827196007
train,2015-520,1,375,50,1.0,0.5000000035142875
train,2015-520,1,375,51,1.0,0.4999999981628207
train,2015-520,1,375,52,0.0,0.5000000102809281
train,2015-520,1,375,53,1.0,0.5000000011132215
train,2015-520,1,375,54,0.0,0.5000000079126039
train,2015-520,1,375,55,0.0,0.5000000059044396
train,2015-520,1,375,56,0.0,0.4999999866813596
train,2015-520,1,375,57,1.0,0.4999999987485353
train,2015-520,1,375,58,1.0,0.5000000065701897
train,2015-520,1,375,59,1.0,0.4999999959582056
train,2015-520,1,375,60,0.0,0.5000000073378033
train,2015-520,1,375,61,1.0,0.4999999985266186
train,2015-520,1,375,62,1.0,0.5
train,2015-520,1,375,63,1.0,0.500000002924935
train,2015-520,2,376,0,0.0,0.49999999815554474
train,2015-520,2,376,1,1.0,0.5000000083055056
train,2015-520,2,376,2,1.0,0.5
train,2015-520,2,376,3,0.0,0.4999999883875717
train,2015-520,2,376,4,0.0,0.5000000033032848
train,2015-520,2,376,5,0.0,0.4999999848405423
train,2015-520,2,376,6,1.0,0.4999999956016837
train,2015-520,2,376,7,0.0,0.5
train,2015-520,2,376,8,0.0,0.5000000040381565
train,2015-520,2,376,9,0.0,0.49999999918509275
train,2015-520,2,376,10,0.0,0.5000000013351382
train,2015-520,2,376,11,1.0,0.49999999669671524
train,2015-520,2,376,12,0.0,0.4999999911015038
train,2015-520,2,376,13,1.0,0.49999999093415676
train,2015-520,2,376,14,0.0,0.5
train,2015-520,2,376,15,0.0,0.5000000115251169
train,2015-520,2,376,16,0.0,0.4999999794636096
train,2015-520,2,376,17,1.0,0.4999999849969754
train,2015-520,2,376,18,0.0,0.5000000069339876
train,2015-520,2,376,19,0.0,0.4999999959618436
train,2015-520,2,376,20,0.0,0.4999999950123311
train,2015-520,2,376,21,1.0,0.4999999961837603
train,2015-520,2,376,22,0.0,0.4999999943793228
train,2015-520,2,376,23,0.0,0.4999999930660124
train,2015-520,2,376,24,0.0,0.49999999755164026
train,2015-520,2,376,25,1.0,0.5000000184736564
train,2015-520,2,376,26,1.0,0.49999999265855877
train,2015-520,2,376,27,1.0,0.4999999976862455
train,2015-520,2,376,28,0.0,0.5000000083055056
train,2015-520,2,376,29,1.0,0.4999999950123311
train,2015-520,2,376,30,0.0,0.49999999872306944
train,2015-520,2,376,31,0.0,0.49999997939812596
train,2015-520,3,377,0,0.0,0.5000000067193469
train,2015-520,3,377,1,1.0,0.49999998421117203
train,2015-520,3,377,2,0.0,0.4999999909305188
train,2015-520,3,377,3,1.0,0.500000010993972
train,2015-520,3,377,4,1.0,0.4999999957326509
train,2015-520,3,377,5,1.0,0.5
train,2015-520,3,377,6,0.0,0.49999999305873644
train,2015-520,3,377,7,0.0,0.5000000065774657
train,2015-520,3,377,8,0.0,0.5
train,2015-520,3,377,9,1.0,0.4999999926658347
train,2015-520,3,377,10,0.0,0.4999999921346898
train,2015-520,3,377,11,1.0,0.5000000069412636
train,2015-520,3,377,12,0.0,0.5000000015861588
train,2015-520,3,377,13,1.0,0.4999999961801223
train,2015-520,3,377,14,0.0,0.4999999975443643
train,2015-520,3,377,15,0.0,0.5000000040454324
train,2015-520,4,378,0,1.0,0.49999999341889634
train,2015-520,4,378,1,0.0,0.5
train,2015-520,4,378,2,1.0,0.49999999363353714
train,2015-520,4,378,3,0.0,0.5000000062427716
train,2015-520,4,378,4,1.0,0.4999999805040716
train,2015-520,4,378,5,1.0,0.5000000024519977
train,2015-520,4,378,6,0.0,0.5000000105428626
train,2015-520,4,378,7,1.0,0.5000000042600732
train,2015-520,5,379,0,0.0,0.5000000017425918
train,2015-520,5,379,1,1.0,0.5000000087820808
train,2015-520,5,379,2,0.0,0.4999999859355739
train,2015-520,5,379,3,1.0,0.5000000080908649
train,2015-520,6,380,0,0.0,0.5000000042673491
train,2015-520,6,380,1,0.0,0.5000000024519977
train,2015-520,7,381,0,0.0,0.5000000042673491
train,2015-540,1,382,0,1.0,0.4999999922038114
train,2015-540,1,382,1,1.0,0.5000000067848305
train,2015-540,1,382,2,0.0,0.500000005326001
train,2015-540,1,382,3,0.0,0.49999998512794264
train,2015-540,1,382,4,0.0,0.49999999683495844
train,2015-540,1,382,5,0.0,0.49999999619103624
train,2015-540,1,382,6,1.0,0.5000000113541319
train,2015-540,1,382,7,0.0,0.5000000174950401
train,2015-540,1,382,8,0.0,0.49999999387364374
train,2015-540,1,382,9,0.0,0.49999999664214556
train,2015-540,1,382,10,1.0,0.5000000113541319
train,2015-540,1,382,11,1.0,0.49999999684951035
train,2015-540,1,382,12,0.0,0.5000000059626473
train,2015-540,1,382,13,0.0,0.5000000021682354
train,2015-540,1,382,14,0.0,0.5000000056425051
train,2015-540,1,382,15,1.0,0.5000000257823558
train,2015-540,1,382,16,0.0,0.5000000050640665
train,2015-540,1,382,17,1.0,0.5
train,2015-540,1,382,18,1.0,0.5000000297513907
train,2015-540,1,382,19,1.0,0.5000000007348717
train,2015-540,1,382,20,0.0,0.5000000165855454
train,2015-540,1,382,21,1.0,0.5000000331601768
train,2015-540,1,382,22,1.0,0.5000000175859896
train,2015-540,1,382,23,1.0,0.4999999886604201
train,2015-540,1,382,24,1.0,0.5000000117433956
train,2015-540,1,382,25,0.0,0.5000000050640665
train,2015-540,1,382,26,0.0,0.49999999709325493
train,2015-540,1,382,27,0.0,0.5
train,2015-540,1,382,28,0.0,0.5000000005347829
train,2015-540,1,382,29,1.0,0.500000010983058
train,2015-540,1,382,30,1.0,0.5000000130312401
train,2015-540,1,382,31,1.0,0.4999999947758625
train,2015-540,1,382,32,0.0,0.5000000027357601
train,2015-540,1,382,33,1.0,0.5000000111322151
train,2015-540,1,382,34,1.0,0.49999999783176463
train,2015-540,1,382,35,1.0,0.5000000019899744
train,2015-540,1,382,36,0.0,0.49999999387364374
train,2015-540,1,382,37,1.0,0.5000000133077265
train,2015-540,1,382,38,1.0,0.5000000082836777
train,2015-540,1,382,39,1.0,0.5000000050276867
train,2015-540,1,382,40,1.0,0.5
train,2015-540,1,382,41,1.0,0.500000005326001
train,2015-540,1,382,42,1.0,0.49999998581915855
train,2015-540,1,382,43,0.0,0.49999999493593356
train,2015-540,1,382,44,0.0,0.5000000086838554
train,2015-540,1,382,45,0.0,0.49999999700594344
train,2015-540,1,382,46,0.0,0.4999999937608664
train,2015-540,1,382,47,0.0,0.4999999920364644
train,2015-540,1,382,48,1.0,0.5000000169602572
train,2015-540,1,382,49,0.0,0.49999998770726967
train,2015-540,1,382,50,0.0,0.49999999160718284
train,2015-540,1,382,51,0.0,0.4999999904612195
train,2015-540,1,382,52,1.0,0.500000028503564
train,2015-540,1,382,53,0.0,0.4999999964602466
train,2015-540,1,382,54,1.0,0.4999999956125976
train,2015-540,1,382,55,0.0,0.4999999833307811
train,2015-540,1,382,56,1.0,0.5000000050640665
train,2015-540,1,382,57,0.0,0.4999999992651283
train,2015-540,1,382,58,1.0,0.49999999721330823
train,2015-540,1,382,59,1.0,0.49999999131614453
train,2015-540,1,382,60,0.0,0.49999997807753976
train,2015-540,1,382,61,0.0,0.499999992618541
train,2015-540,1,382,62,0.0,0.5000000050640665
train,2015-540,1,382,63,0.0,0.500000003263267
train,2015-540,2,383,0,1.0,0.5000000172003638
train,2015-540,2,383,1,0.0,0.4999999940519047
train,2015-540,2,383,2,0.0,0.4999999725769157
train,2015-540,2,383,3,0.0,0.49999999794817995
train,2015-540,2,383,4,1.0,0.5
train,2015-540,2,383,5,1.0,0.5000000027866918
train,2015-540,2,383,6,1.0,0.49999998625207803
train,2015-540,2,383,7,1.0,0.5000000199761416
train,2015-540,2,383,8,1.0,0.4999999946703611
train,2015-540,2,383,9,0.0,0.4999999873834895
train,2015-540,2,383,10,0.0,0.5000000133040885
train,2015-540,2,383,11,1.0,0.5000000048967195
train,2015-540,2,383,12,0.0,0.49999998395287554
train,2015-540,2,383,13,0.0,0.500000018535502
train,2015-540,2,383,14,0.0,0.49999999202918843
train,2015-540,2,383,15,0.0,0.49999999178544385
train,2015-540,2,383,16,0.0,0.500000014253601
train,2015-540,2,383,17,1.0,0.5000000030668161
train,2015-540,2,383,18,0.0,0.4999999972169462
train,2015-540,2,383,19,0.0,0.5
train,2015-540,2,383,20,0.0,0.5000000027866918
train,2015-540,2,383,21,1.0,0.5000000116197043
train,2015-540,2,383,22,0.0,0.49999998902057996
train,2015-540,2,383,23,1.0,0.5000000187465048
train,2015-540,2,383,24,1.0,0.500000024378096
train,2015-540,2,383,25,0.0,0.49999998865678213
train,2015-540,2,383,26,1.0,0.49999999693318387
train,2015-540,2,383,27,0.0,0.5000000021536835
train,2015-540,2,383,28,1.0,0.5000000103937055
train,2015-540,2,383,29,1.0,0.5000000079708116
train,2015-540,2,383,30,1.0,0.4999999869687599
train,2015-540,2,383,31,1.0,0.5000000092222763
train,2015-540,3,384,0,0.0,0.4999999812462193
train,2015-540,3,384,1,0.0,0.5000000079780875
train,2015-540,3,384,2,0.0,0.500000008232746
train,2015-540,3,384,3,0.0,0.5000000021645974
train,2015-540,3,384,4,0.0,0.5000000103900675
train,2015-540,3,384,5,1.0,0.5000000166655809
train,2015-540,3,384,6,0.0,0.4999999989886419
train,2015-540,3,384,7,1.0,0.499999997082341
train,2015-540,3,384,8,0.0,0.4999999969950295
train,2015-540,3,384,9,0.0,0.500000002917659
train,2015-540,3,384,10,1.0,0.4999999915926309
train,2015-540,3,384,11,1.0,0.49999999664578354
train,2015-540,3,384,12,1.0,0.5000000006111804
train,2015-540,3,384,13,0.0,0.5000000086911314
train,2015-540,3,384,14,1.0,0.49999999110877974
train,2015-540,3,384,15,0.0,0.49999998559360387
train,2015-540,4,385,0,1.0,0.5000000021645974
train,2015-540,4,385,1,1.0,0.4999999866922735
train,2015-540,4,385,2,1.0,0.4999999843166734
train,2015-540,4,385,3,1.0,0.5
train,2015-540,4,385,4,1.0,0.4999999896099325
train,2015-540,4,385,5,1.0,0.5000000033542165
train,2015-540,4,385,6,1.0,0.50000001853914
train,2015-540,4,385,7,0.0,0.5000000144063961
train,2015-540,5,386,0,1.0,0.5000000021718733
train,2015-540,5,386,1,1.0,0.49999999801366357
train,2015-540,5,386,2,1.0,0.5
train,2015-540,5,386,3,1.0,0.49999999014835333
train,2015-540,6,387,0,0.0,0.5000000062391337
train,2015-540,6,387,1,1.0,0.5000000053441909
train,2015-540,7,388,0,0.0,0.49999999704232323
train,2015-560,1,401,0,0.0,0.5
train,2015-560,1,401,1,1.0,0.4999999954816304
train,2015-560,1,401,2,1.0,0.4999999959618436
train,2015-560,1,401,3,0.0,0.4999999975480023
train,2015-560,1,401,4,0.0,0.4999999973188096
train,2015-560,1,401,5,0.0,0.5
train,2015-560,1,401,6,0.0,0.4999999822393874
train,2015-560,1,401,7,0.0,0.5000000065738277
train,2015-560,1,401,8,1.0,0.5000000083127816
train,2015-560,1,401,9,0.0,0.49999999500869313
train,2015-560,1,401,10,1.0,0.5000000080908649
train,2015-560,1,401,11,1.0,0.49999999433566705
train,2015-560,1,401,12,0.0,0.499999989009666
train,2015-560,1,401,13,1.0,0.5000000049913069
train,2015-560,1,401,14,1.0,0.5000000151485438
train,2015-560,1,401,15,1.0,0.49999999190913513
train,2015-560,1,401,16,1.0,0.49999999747160473
train,2015-560,1,401,17,0.0,0.49999999535066314
train,2015-560,1,401,18,0.0,0.5000000087748049
train,2015-560,1,401,19,0.0,0.5000000029322109
train,2015-560,1,401,20,1.0,0.5000000025283953
train,2015-560,1,401,21,0.0,0.5000000054678821
train,2015-560,1,401,22,0.0,0.49999998202110874
train,2015-560,1,401,23,1.0,0.4999999973188096
train,2015-560,1,401,24,0.0,0.5000000090622052
train,2015-560,1,401,25,1.0,0.49999998848579713
train,2015-560,1,401,26,1.0,0.4999999957362889
train,2015-560,1,401,27,1.0,0.5000000041727617
train,2015-560,1,401,28,0.0,0.4999999955980457
train,2015-560,1,401,29,0.0,0.500000002401066
train,2015-560,1,401,30,0.0,0.5000000040381565
train,2015-560,1,401,31,1.0,0.4999999954306987
train,2015-560,1,401,32,1.0,0.49999999582723836
train,2015-560,1,401,33,0.0,0.5000000140171323
train,2015-560,1,401,34,0.0,0.499999998799467
train,2015-560,1,401,35,0.0,0.5
train,2015-560,1,401,36,1.0,0.5000000040381565
train,2015-560,1,401,37,0.0,0.500000016654667
train,2015-560,1,401,38,0.0,0.4999999837273208
train,2015-560,1,401,39,0.0,0.4999999930514605
train,2015-560,1,401,40,1.0,0.500000001200533
train,2015-560,1,401,41,0.0,0.49999998247221805
train,2015-560,1,401,42,0.0,0.5000000083127816
train,2015-560,1,401,43,0.0,0.5000000069412636
train,2015-560,1,401,44,0.0,0.49999998202110874
train,2015-560,1,401,45,1.0,0.5000000069412636
train,2015-560,1,401,46,0.0,0.5000000054205884
train,2015-560,1,401,47,0.0,0.5000000029358489
train,2015-560,1,401,48,0.0,0.49999998935163603
train,2015-560,1,401,49,1.0,0.49999999608553486
train,2015-560,1,401,50,0.0,0.5000000142936187
train,2015-560,1,401,51,1.0,0.5000000042637112
train,2015-560,1,401,52,0.0,0.5000000015897967
train,2015-560,1,401,53,1.0,0.499999991403456
train,2015-560,1,401,54,0.0,0.4999999839928933
train,2015-560,1,401,55,1.0,0.5000000040381565
train,2015-560,1,401,56,0.0,0.5000000076761353
train,2015-560,1,401,57,0.0,0.5000000056206773
train,2015-560,1,401,58,0.0,0.4999999934261723
train,2015-560,1,401,59,0.0,0.5000000054678821
train,2015-560,1,401,60,0.0,0.4999999937645044
train,2015-560,1,401,61,0.0,0.5000000070867827
train,2015-560,1,401,62,0.0,0.500000020078005
train,2015-560,1,401,63,1.0,0.5000000115142029
train,2015-560,2,402,0,1.0,0.500000017167622
train,2015-560,2,402,1,1.0,0.49999999615465646
train,2015-560,2,402,2,0.0,0.499999983003363
train,2015-560,2,402,3,1.0,0.5
train,2015-560,2,402,4,0.0,0.49999998488783604
train,2015-560,2,402,5,1.0,0.4999999876890798
train,2015-560,2,402,6,0.0,0.5000000024629117
train,2015-560,2,402,7,0.0,0.4999999866777216
train,2015-560,2,402,8,0.0,0.5000000067229848
train,2015-560,2,402,9,0.0,0.49999998073690227
train,2015-560,2,402,10,1.0,0.5
train,2015-560,2,402,11,1.0,0.5000000162617653
train,2015-560,2,402,12,0.0,0.5000000123400241
train,2015-560,2,402,13,1.0,0.4999999981628207
train,2015-560,2,402,14,0.0,0.5000000090585672
train,2015-560,2,402,15,0.0,0.499999997078703
train,2015-560,2,402,16,1.0,0.49999999327701516
train,2015-560,2,402,17,0.0,0.49999998958810465
train,2015-560,2,402,18,0.0,0.4999999934225343
train,2015-560,2,402,19,0.0,0.5000000024629117
train,2015-560,2,402,20,0.0,0.500000010986696
train,2015-560,2,402,21,1.0,0.5000000039108272
train,2015-560,2,402,22,1.0,0.5000000084764906
train,2015-560,2,402,23,0.0,0.5000000128311513
train,2015-560,2,402,24,0.0,0.5000000054533302
train,2015-560,2,402,25,0.0,0.49999998817656893
train,2015-560,2,402,26,1.0,0.5000000046493369
train,2015-560,2,402,27,1.0,0.4999999957399269
train,2015-560,2,402,28,0.0,0.5000000042600732
train,2015-560,2,402,29,0.0,0.49999999374995246
train,2015-560,2,402,30,0.0,0.4999999958345143
train,2015-560,2,402,31,1.0,0.49999999835927156
train,2015-560,3,403,0,0.0,0.4999999920873961
train,2015-560,3,403,1,1.0,0.5000000026775524
train,2015-560,3,403,2,1.0,0.5000000062427716
train,2015-560,3,403,3,0.0,0.4999999876890798
train,2015-560,3,403,4,1.0,0.49999998936254997
train,2015-560,3,403,5,0.0,0.4999999936226232
train,2015-560,3,403,6,0.0,0.4999999859355739
train,2015-560,3,403,7,0.0,0.5000000139334588
train,2015-560,3,403,8,0.0,0.4999999943829608
train,2015-560,3,403,9,0.0,0.49999998839484766
train,2015-560,3,403,10,1.0,0.5000000121435733
train,2015-560,3,403,11,0.0,0.5000000040490704
train,2015-560,3,403,12,1.0,0.5000000133331923
train,2015-560,3,403,13,0.0,0.500000000687578
train,2015-560,3,403,14,0.0,0.5000000118343451
train,2015-560,3,403,15,1.0,0.49999999836290954
train,2015-560,4,404,0,0.0,0.5000000175350579
train,2015-560,4,404,1,1.0,0.49999998936254997
train,2015-560,4,404,2,0.0,0.49999999093415676
train,2015-560,4,404,3,1.0,0.5000000056170393
train,2015-560,4,404,4,1.0,0.5000000078725861
train,2015-560,4,404,5,1.0,0.4999999936226232
train,2015-560,4,404,6,1.0,0.5000000033105607
train,2015-560,4,404,7,1.0,0.5000000042637112
train,2015-560,5,405,0,0.0,0.4999999984065653
train,2015-560,5,405,1,1.0,0.4999999855135684
train,2015-560,5,405,2,0.0,0.49999999276769813
train,2015-560,5,405,3,1.0,0.5000000049913069
train,2015-560,6,406,0,0.0,0.4999999984065653
train,2015-560,6,406,1,0.0,0.5000000072250259
train,2015-560,7,407,0,0.0,0.4999999976789695
train,2015-580,1,336,0,0.0,0.5000000042637112
train,2015-580,1,336,1,0.0,0.5000000017280399
train,2015-580,1,336,2,0.0,0.5000000016407284
train,2015-580,1,336,3,0.0,0.5000000067157089
train,2015-580,1,336,4,0.0,0.49999999500869313
train,2015-580,1,336,5,1.0,0.5000000083127816
train,2015-580,1,336,6,0.0,0.5000000061336323
train,2015-580,1,336,7,0.0,0.49999998956991476
train,2015-580,1,336,8,0.0,0.5
train,2015-580,1,336,9,1.0,0.4999999961801223
train,2015-580,1,336,10,0.0,0.4999999973188096
train,2015-580,1,336,11,0.0,0.49999999305873644
train,2015-580,1,336,12,1.0,0.4999999988467607
train,2015-580,1,336,13,0.0,0.49999999061037664
train,2015-580,1,336,14,1.0,0.4999999932842911
train,2015-580,1,336,15,1.0,0.5000000089021341
train,2015-580,1,336,16,0.0,0.5000000073487172
train,2015-580,1,336,17,1.0,0.49999999305873644
train,2015-580,1,336,18,1.0,0.4999999937645044
train,2015-580,1,336,19,1.0,0.5000000044019544
train,2015-580,1,336,20,0.0,0.49999996985934564
train,2015-580,1,336,21,0.0,0.5000000113832357
train,2015-580,1,336,22,0.0,0.4999999985193426
train,2015-580,1,336,23,1.0,0.49999999827196007
train,2015-580,1,336,24,1.0,0.4999999987267074
train,2015-580,1,336,25,1.0,0.5000000016407284
train,2015-580,1,336,26,0.0,0.4999999762221705
train,2015-580,1,336,27,1.0,0.4999999929132173
train,2015-580,1,336,28,1.0,0.4999999937645044
train,2015-580,1,336,29,0.0,0.499999998799467
train,2015-580,1,336,30,0.0,0.4999999939682312
train,2015-580,1,336,31,0.0,0.5
train,2015-580,1,336,32,0.0,0.5000000083127816
train,2015-580,1,336,33,1.0,0.5000000065738277
train,2015-580,1,336,34,0.0,0.4999999855317583
train,2015-580,1,336,35,1.0,0.4999999954816304
train,2015-580,1,336,36,1.0,0.5000000041727617
train,2015-580,1,336,37,0.0,0.5
train,2015-580,1,336,38,0.0,0.499999975112587
train,2015-580,1,336,39,1.0,0.500000005322363
train,2015-580,1,336,40,0.0,0.49999999827196007
train,2015-580,1,336,41,1.0,0.49999999608553486
train,2015-580,1,336,42,0.0,0.4999999889805622
train,2015-580,1,336,43,1.0,0.49999999827196007
train,2015-580,1,336,44,1.0,0.5000000066029315
train,2015-580,1,336,45,1.0,0.5000000040163286
train,2015-580,1,336,46,0.0,0.49999999827196007
train,2015-580,1,336,47,1.0,0.5000000090803951
train,2015-580,1,336,48,0.0,0.49999999500869313
train,2015-580,1,336,49,0.0,0.4999999955980457
train,2015-580,1,336,50,0.0,0.5000000116051524
train,2015-580,1,336,51,1.0,0.5000000036634447
train,2015-580,1,336,52,1.0,0.49999999617648433
train,2015-580,1,336,53,1.0,0.50000000136788
train,2015-580,1,336,54,0.0,0.4999999957362889
train,2015-580,1,336,55,1.0,0.4999999937645044
train,2015-580,1,336,56,0.0,0.4999999934261723
train,2015-580,1,336,57,1.0,0.5000000133186404
train,2015-580,1,336,58,1.0,0.5000000280779204
train,2015-580,1,336,59,1.0,0.4999999859355739
train,2015-580,1,336,60,0.0,0.5
train,2015-580,1,336,61,1.0,0.49999999758802005
train,2015-580,1,336,62,0.0,0.5000000156505848
train,2015-580,1,336,63,0.0,0.499999997598934
train,2015-580,2,337,0,1.0,0.5
train,2015-580,2,337,1,0.0,0.4999999768551788
train,2015-580,2,337,2,1.0,0.5
train,2015-580,2,337,3,1.0,0.49999998434577725
train,2015-580,2,337,4,0.0,0.4999999964820745
train,2015-580,2,337,5,1.0,0.5000000026775524
train,2015-580,2,337,6,0.0,0.4999999996034603
train,2015-580,2,337,7,0.0,0.49999999500869313
train,2015-580,2,337,8,0.0,0.5
train,2015-580,2,337,9,1.0,0.5000000151594577
train,2015-580,2,337,10,0.0,0.5000000109575922
train,2015-580,2,337,11,0.0,0.5000000023574103
train,2015-580,2,337,12,0.0,0.49999999595092964
train,2015-580,2,337,13,0.0,0.5000000016407284
train,2015-580,2,337,14,0.0,0.5000000045110937
train,2015-580,2,337,15,1.0,0.5
train,2015-580,2,337,16,1.0,0.49999999327701516
train,2015-580,2,337,17,1.0,0.49999998434577725
train,2015-580,2,337,18,1.0,0.5000000016407284
train,2015-580,2,337,19,1.0,0.5000000082982297
train,2015-580,2,337,20,1.0,0.4999999919127731
train,2015-580,2,337,21,0.0,0.5000000067229848
train,2015-580,2,337,22,1.0,0.5000000162617653
train,2015-580,2,337,23,0.0,0.5000000018371793
train,2015-580,2,337,24,1.0,0.5000000074796844
train,2015-580,2,337,25,1.0,0.5000000071813702
train,2015-580,2,337,26,1.0,0.5000000029685907
train,2015-580,2,337,27,0.0,0.4999999866413418
train,2015-580,2,337,28,0.0,0.49999998373823473
train,2015-580,2,337,29,0.0,0.49999999827196007
train,2015-580,2,337,30,1.0,0.5000000033069227
train,2015-580,2,337,31,1.0,0.5000000042600732
train,2015-580,3,338,0,0.0,0.5000000073378033
train,2015-580,3,338,1,1.0,0.49999998371640686
train,2015-580,3,338,2,1.0,0.5000000041691237
train,2015-580,3,338,3,1.0,0.5000000065701897
train,2015-580,3,338,4,1.0,0.5000000067193469
train,2015-580,3,338,5,1.0,0.5000000049913069
train,2015-580,3,338,6,0.0,0.4999999964966264
train,2015-580,3,338,7,0.0,0.49999998421481
train,2015-580,3,338,8,0.0,0.49999999767533154
train,2015-580,3,338,9,0.0,0.49999999767533154
train,2015-580,3,338,10,1.0,0.4999999912179191
train,2015-580,3,338,11,0.0,0.5000000040490704
train,2015-580,3,338,12,0.0,0.49999999618739827
train,2015-580,3,338,13,0.0,0.4999999848587322
train,2015-580,3,338,14,0.0,0.500000016996637
train,2015-580,3,338,15,1.0,0.5000000054569682
train,2015-580,4,339,0,0.0,0.499999997595296
train,2015-580,4,339,1,1.0,0.5
train,2015-580,4,339,2,1.0,0.4999999805331754
train,2015-580,4,339,3,1.0,0.5
train,2015-580,4,339,4,1.0,0.5000000028194336
train,2015-580,4,339,5,0.0,0.5000000042637112
train,2015-580,4,339,6,0.0,0.49999998834391596
train,2015-580,4,339,7,0.0,0.49999999871943146
train,2015-580,5,340,0,0.0,0.5000000014551915
train,2015-580,5,340,1,0.0,0.49999998675775714
train,2015-580,5,340,2,0.0,0.49999999586361815
train,2015-580,5,340,3,0.0,0.500000005842594
train,2015-580,6,341,0,0.0,0.5000000035906851
train,2015-580,6,341,1,1.0,0.5000000039144652
train,2015-580,7,342,0,1.0,0.4999999977517291
val,2016-0352,2,498,0,1.0,0.5000000082254701
val,2016-0352,2,498,1,1.0,0.49999999098872644
val,2016-0352,2,498,2,0.0,0.5000000059444574
val,2016-0352,2,498,3,1.0,0.49999999783176463
val,2016-0352,2,498,4,1.0,0.4999999947867764
val,2016-0352,2,498,5,1.0,0.500000010983058
val,2016-0352,2,498,6,1.0,0.4999999866922735
val,2016-0352,2,498,7,1.0,0.49999999720967025
val,2016-0352,2,498,8,0.0,0.4999999859464878
val,2016-0352,2,498,9,1.0,0.5000000114523573
val,2016-0352,2,498,10,1.0,0.5000000199870556
val,2016-0352,2,498,11,1.0,0.5000000058644218
val,2016-0352,2,498,12,1.0,0.5000000225809345
val,2016-0352,2,498,13,1.0,0.5000000045911293
val,2016-0352,2,498,14,1.0,0.49999999783176463
val,2016-0352,2,498,15,1.0,0.5000000240870577
val,2016-0352,3,499,0,0.0,0.4999999667197699
val,2016-0352,3,499,1,0.0,0.4999999896135705
val,2016-0352,3,499,2,0.0,0.5000000117470336
val,2016-0352,3,499,3,0.0,0.5000000088912202
val,2016-0352,3,499,4,0.0,0.4999999915962689
val,2016-0352,3,499,5,0.0,0.4999999992614903
val,2016-0352,3,499,6,1.0,0.4999999946667231
val,2016-0352,3,499,7,1.0,0.5000000062427716
val,2016-0352,3,499,8,0.0,0.4999999940555427
val,2016-0352,3,499,9,1.0,0.4999999839455996
val,2016-0352,3,499,10,1.0,0.4999999966530595
val,2016-0352,3,499,11,1.0,0.5000000111394911
val,2016-0352,3,499,12,0.0,0.5
val,2016-0352,3,499,13,1.0,0.5000000079744495
val,2016-0352,3,499,14,1.0,0.5000000090149115
val,2016-0352,3,499,15,0.0,0.4999999972169462
val,2016-0352,4,500,0,1.0,0.5000000062318577
val,2016-0352,4,500,1,1.0,0.5000000133077265
val,2016-0352,4,500,2,0.0,0.4999999833307811
val,2016-0352,4,500,3,1.0,0.500000010986696
val,2016-0352,4,500,4,1.0,0.5000000136933522
val,2016-0352,4,500,5,1.0,0.500000018531864
val,2016-0352,4,500,6,1.0,0.4999999969295459
val,2016-0352,4,500,7,0.0,0.4999999915926309
val,2016-0352,5,501,0,1.0,0.49999999510691856
val,2016-0352,5,501,1,0.0,0.4999999920328264
val,2016-0352,5,501,2,1.0,0.5000000156796887
val,2016-0352,5,501,3,0.0,0.49999999014835333
val,2016-0352,6,502,0,1.0,0.4999999954270607
val,2016-0352,6,502,1,0.0,0.4999999916944944
val,2016-0352,7,503,0,0.0,0.5000000146428647
val,2016-0410,2,441,0,0.0,0.4999999968385964
val,2016-0410,2,441,1,0.0,0.4999999885440048
val,2016-0410,2,441,2,1.0,0.49999997807753976
val,2016-0410,2,441,3,0.0,0.49999998333805706
val,2016-0410,2,441,4,1.0,0.5000000111322151
val,2016-0410,2,441,5,0.0,0.5000000055151759
val,2016-0410,2,441,6,1.0,0.49999998902421794
val,2016-0410,2,441,7,1.0,0.5000000062391337
val,2016-0410,2,441,8,0.0,0.5000000103900675
val,2016-0410,2,441,9,0.0,0.500000008232746
val,2016-0410,2,441,10,1.0,0.5000000179788913
val,2016-0410,2,441,11,0.0,0.5000000126165105
val,2016-0410,2,441,12,0.0,0.5000000176005415
val,2016-0410,2,441,13,0.0,0.5
val,2016-0410,2,441,14,0.0,0.5000000062391337
val,2016-0410,2,441,15,1.0,0.5000000073669071
val,2016-0410,2,441,16,1.0,0.5000000057989382
val,2016-0410,2,441,17,1.0,0.5000000056534191
val,2016-0410,2,441,18,1.0,0.49999999479769036
val,2016-0410,2,441,19,0.0,0.49999999015926727
val,2016-0410,2,441,20,1.0,0.5000000059553713
val,2016-0410,2,441,21,0.0,0.4999999946667231
val,2016-0410,2,441,22,1.0,0.5000000006111804
val,2016-0410,2,441,23,0.0,0.5000000027284841
val,2016-0410,3,442,0,0.0,0.5000000067739165
val,2016-0410,3,442,1,1.0,0.5000000041982275
val,2016-0410,3,442,2,0.0,0.4999999896099325
val,2016-0410,3,442,3,1.0,0.4999999972678779
val,2016-0410,3,442,4,1.0,0.4999999968422344
val,2016-0410,3,442,5,1.0,0.49999999375359044
val,2016-0410,3,442,6,0.0,0.4999999978390406
val,2016-0410,3,442,7,1.0,0.5
val,2016-0410,3,442,8,0.0,0.5000000016661943
val,2016-0410,3,442,9,0.0,0.500000005326001
val,2016-0410,3,442,10,1.0,0.4999999915999069
val,2016-0410,3,442,11,0.0,0.4999999943574949
val,2016-0410,3,442,12,0.0,0.49999998333805706
val,2016-0410,3,442,13,1.0,0.499999977510015
val,2016-0410,3,442,14,0.0,0.49999998887142283
val,2016-0410,3,442,15,0.0,0.4999999969295459
val,2016-0410,4,443,0,0.0,0.5000000049003575
val,2016-0410,4,443,1,1.0,0.500000022493623
val,2016-0410,4,443,2,0.0,0.5000000060535967
val,2016-0410,4,443,3,1.0,0.5000000031686795
val,2016-0410,4,443,4,0.0,0.49999999783176463
val,2016-0410,4,443,5,1.0,0.5000000117470336
val,2016-0410,4,443,6,0.0,0.499999999141437
val,2016-0410,4,443,7,0.0,0.5
val,2016-0410,5,444,0,0.0,0.5000000049003575
val,2016-0410,5,444,1,0.0,0.5000000038853614
val,2016-0410,5,444,2,1.0,0.5000000031650416
val,2016-0410,5,444,3,1.0,0.5000000019936124
val,2016-0410,6,445,0,0.0,0.5000000122854544
val,2016-0410,6,445,1,0.0,0.4999999949468475
val,2016-0410,7,446,0,0.0,0.5000000142827048
val,2016-0421,2,473,0,1.0,0.49999999783176463
val,2016-0421,2,473,1,1.0,0.49999999722422217
val,2016-0421,2,473,2,1.0,0.5000000117506715
val,2016-0421,2,473,3,0.0,0.49999999409556045
val,2016-0421,2,473,4,0.0,0.5000000145191734
val,2016-0421,2,473,5,0.0,0.4999999906503944
val,2016-0421,2,473,6,1.0,0.5000000058025762
val,2016-0421,2,473,7,0.0,0.5
val,2016-0421,2,473,8,1.0,0.4999999857245711
val,2016-0421,2,473,9,0.0,0.4999999799656507
val,2016-0421,2,473,10,1.0,0.5000000107793312
val,2016-0421,2,473,11,1.0,0.5000000130276021
val,2016-0421,2,473,12,1.0,0.5000000029940566
val,2016-0421,2,473,13,0.0,0.4999999917745299
val,2016-0421,2,473,14,0.0,0.4999999949468475
val,2016-0421,2,473,15,0.0,0.4999999975771061
val,2016-0421,2,473,16,0.0,0.4999999941574061
val,2016-0421,2,473,17,0.0,0.5000000111394911
val,2016-0421,2,473,18,0.0,0.49999996672340785
val,2016-0421,2,473,19,1.0,0.5000000021682354
val,2016-0421,2,473,20,1.0,0.499999981464498
val,2016-0421,2,473,21,0.0,0.4999999946739991
val,2016-0421,2,473,22,1.0,0.499999989016942
val,2016-0421,2,473,23,0.0,0.4999999946739991
val,2016-0421,3,474,0,1.0,0.5000000007385097
val,2016-0421,3,474,1,1.0,0.500000005500624
val,2016-0421,3,474,2,1.0,0.5000000079744495
val,2016-0421,3,474,3,1.0,0.5000000166619429
val,2016-0421,3,474,4,1.0,0.499999981464498
val,2016-0421,3,474,5,1.0,0.5
val,2016-0421,3,474,6,0.0,0.49999999110877974
val,2016-0421,3,474,7,0.0,0.4999999877145456
val,2016-0421,3,474,8,0.0,0.49999999176725396
val,2016-0421,3,474,9,0.0,0.499999989016942
val,2016-0421,3,474,10,0.0,0.5000000160544005
val,2016-0421,3,474,11,0.0,0.4999999824103724
val,2016-0421,3,474,12,1.0,0.49999997807753976
val,2016-0421,3,474,13,0.0,0.49999998546627467
val,2016-0421,3,474,14,0.0,0.5
val,2016-0421,3,474,15,0.0,0.49999997750273906
val,2016-0421,4,475,0,1.0,0.4999999915926309
val,2016-0421,4,475,1,1.0,0.5000000064319465
val,2016-0421,4,475,2,0.0,0.5000000156796887
val,2016-0421,4,475,3,0.0,0.499999986255716
val,2016-0421,4,475,4,0.0,0.49999999202555045
val,2016-0421,4,475,5,0.0,0.4999999888605089
val,2016-0421,4,475,6,1.0,0.5000000031723175
val,2016-0421,4,475,7,0.0,0.5000000160507625
val,2016-0421,5,476,0,1.0,0.49999998024941306
val,2016-0421,5,476,1,0.0,0.5000000140535121
val,2016-0421,5,476,2,0.0,0.500000002910383
val,2016-0421,5,476,3,0.0,0.5000000079671736
val,2016-0421,6,477,0,0.0,0.5000000052714313
val,2016-0421,6,477,1,1.0,0.49999999527790356
val,2016-0421,7,478,0,1.0,0.5000000102554623
val,2016-5014,2,492,0,0.0,0.49999999721330823
val,2016-5014,2,492,1,1.0,0.5
val,2016-5014,2,492,2,1.0,0.5000000027903297
val,2016-5014,2,492,3,0.0,0.500000018535502
val,2016-5014,2,492,4,1.0,0.500000019743311
val,2016-5014,2,492,5,1.0,0.5000000007312337
val,2016-5014,2,492,6,0.0,0.500000005326001
val,2016-5014,2,492,7,0.0,0.500000005842594
val,2016-5014,2,492,8,0.0,0.49999999144711177
val,2016-5014,2,492,9,1.0,0.5000000145373633
val,2016-5014,2,492,10,0.0,0.500000005326001
val,2016-5014,2,492,11,1.0,0.5000000111394911
val,2016-5014,2,492,12,0.0,0.4999999977044354
val,2016-5014,2,492,13,1.0,0.4999999911015038
val,2016-5014,2,492,14,1.0,0.4999999949832273
val,2016-5014,2,492,15,0.0,0.49999999160354486
val,2016-5014,2,492,16,0.0,0.5000000047875801
val,2016-5014,2,492,17,0.0,0.5000000136933522
val,2016-5014,2,492,18,1.0,0.5000000200343493
val,2016-5014,2,492,19,1.0,0.5
val,2016-5014,2,492,20,0.0,0.4999999888605089
val,2016-5014,2,492,21,1.0,0.4999999866922735
val,2016-5014,2,492,22,1.0,0.49999999794817995
val,2016-5014,2,492,23,1.0,0.49999999616920837
val,2016-5014,3,493,0,0.0,0.49999999802093953
val,2016-5014,3,493,1,1.0,0.4999999911015038
val,2016-5014,3,493,2,1.0,0.4999999951032806
val,2016-5014,3,493,3,0.0,0.49999998571729515
val,2016-5014,3,493,4,0.0,0.5
val,2016-5014,3,493,5,0.0,0.49999999131250655
val,2016-5014,3,493,6,0.0,0.4999999866995495
val,2016-5014,3,493,7,0.0,0.49999999098508846
val,2016-5014,3,493,8,1.0,0.5000000091858965
val,2016-5014,3,493,9,1.0,0.500000010983058
val,2016-5014,3,493,10,0.0,0.5000000133004505
val,2016-5014,3,493,11,1.0,0.4999999946667231
val,2016-5014,3,493,12,1.0,0.4999999906540324
val,2016-5014,3,493,13,0.0,0.4999999978390406
val,2016-5014,3,493,14,1.0,0.49999998333805706
val,2016-5014,3,493,15,1.0,0.5000000030595402
val,2016-5014,4,494,0,0.0,0.49999999376814236
val,2016-5014,4,494,1,1.0,0.5
val,2016-5014,4,494,2,0.0,0.5000000049003575
val,2016-5014,4,494,3,0.0,0.5000000098443707
val,2016-5014,4,494,4,1.0,0.4999999896099325
val,2016-5014,4,494,5,1.0,0.4999999930951162
val,2016-5014,4,494,6,0.0,0.5000000137442839
val,2016-5014,4,494,7,1.0,0.4999999949432095
val,2016-5014,5,495,0,0.0,0.49999998824205255
val,2016-5014,5,495,1,0.0,0.5000000084000931
val,2016-5014,5,495,2,1.0,0.49999999466308515
val,2016-5014,5,495,3,0.0,0.49999999615465646
val,2016-5014,6,496,0,0.0,0.49999999214924173
val,2016-5014,6,496,1,0.0,0.5000000049913069
val,2016-5014,7,497,0,1.0,0.5000000078507583
val,2016-520,1,459,0,1.0,0.500000004987669
val,2016-520,1,459,1,1.0,0.49999999574356485
val,2016-520,1,459,2,1.0,0.5000000090658432
val,2016-520,1,459,3,0.0,0.49999999548526836
val,2016-520,1,459,4,1.0,0.49999999863211997
val,2016-520,1,459,5,1.0,0.5
val,2016-520,1,459,6,1.0,0.4999999973260856
val,2016-520,1,459,7,1.0,0.5000000044092303
val,2016-520,1,459,8,1.0,0.4999999959582056
val,2016-520,1,459,9,0.0,0.4999999921346898
val,2016-520,1,459,10,0.0,0.500000014068064
val,2016-520,1,459,11,0.0,0.49999998877319746
val,2016-520,1,459,12,0.0,0.4999999859355739
val,2016-520,1,459,13,1.0,0.4999999836436473
val,2016-520,1,459,14,0.0,0.5000000121362973
val,2016-520,1,459,15,1.0,0.5000000023210305
val,2016-520,1,459,16,1.0,0.5
val,2016-520,1,459,17,1.0,0.4999999958236004
val,2016-520,1,459,18,1.0,0.5
val,2016-520,1,459,19,0.0,0.499999991927325
val,2016-520,1,459,20,0.0,0.5000000110230758
val,2016-520,1,459,21,1.0,0.5
val,2016-520,1,459,22,1.0,0.49999999093415676
val,2016-520,1,459,23,0.0,0.5000000017280399
val,2016-520,1,459,24,1.0,0.49999999746432877
val,2016-520,1,459,25,0.0,0.5000000063773768
val,2016-520,1,459,26,0.0,0.4999999952742656
val,2016-520,1,459,27,1.0,0.5000000012805685
val,2016-520,1,459,28,1.0,0.4999999994179234
val,2016-520,1,459,29,0.0,0.5000000112268026
val,2016-520,1,459,30,0.0,0.49999999305873644
val,2016-520,1,459,31,0.0,0.4999999919164111
val,2016-520,1,459,32,0.0,0.49999999755164026
val,2016-520,1,459,33,0.0,0.5000000029722287
val,2016-520,1,459,34,1.0,0.5000000133186404
val,2016-520,1,459,35,0.0,0.49999998201747076
val,2016-520,1,459,36,1.0,0.5000000073414412
val,2016-520,1,459,37,0.0,0.49999998074054025
val,2016-520,1,459,38,0.0,0.49999999880674295
val,2016-520,1,459,39,1.0,0.4999999878600648
val,2016-520,1,459,40,1.0,0.5000000112268026
val,2016-520,1,459,41,1.0,0.5000000065701897
val,2016-520,1,459,42,0.0,0.5000000054606062
val,2016-520,1,459,43,0.0,0.5
val,2016-520,1,459,44,0.0,0.49999999548526836
val,2016-520,1,459,45,1.0,0.49999999548526836
val,2016-520,1,459,46,0.0,0.499999973406375
val,2016-520,1,459,47,0.0,0.5000000083018676
val,2016-520,1,459,48,1.0,0.5000000053842086
val,2016-520,1,459,49,0.0,0.49999999746432877
val,2016-520,1,459,50,1.0,0.5
val,2016-520,1,459,51,0.0,0.49999999827196007
val,2016-520,1,459,52,0.0,0.5000000083819032
val,2016-520,1,459,53,0.0,0.5
val,2016-520,1,459,54,0.0,0.5
val,2016-520,1,459,55,0.0,0.49999998201747076
val,2016-520,1,459,56,0.0,0.5
val,2016-520,1,459,57,1.0,0.5000000102809281
val,2016-520,1,459,58,1.0,0.5000000045147317
val,2016-520,1,459,59,1.0,0.5000000066575012
val,2016-520,1,459,60,1.0,0.4999999959582056
val,2016-520,1,459,61,1.0,0.5000000026739144
val,2016-520,1,459,62,1.0,0.49999998333805706
val,2016-520,1,459,63,1.0,0.5000000015825208
val,2016-520,2,460,0,1.0,0.5000000033032848
val,2016-520,2,460,1,0.0,0.5000000067120709
val,2016-520,2,460,2,1.0,0.5000000083055056
val,2016-520,2,460,3,1.0,0.5000000025356712
val,2016-520,2,460,4,0.0,0.5000000045074557
val,2016-520,2,460,5,1.0,0.4999999911015038
val,2016-520,2,460,6,0.0,0.49999999841020326
val,2016-520,2,460,7,0.0,0.5
val,2016-520,2,460,8,0.0,0.4999999849969754
val,2016-520,2,460,9,0.0,0.49999998074054025
val,2016-520,2,460,10,1.0,0.4999999960782589
val,2016-520,2,460,11,1.0,0.49999999880674295
val,2016-520,2,460,12,0.0,0.5000000017280399
val,2016-520,2,460,13,1.0,0.49999999827196007
val,2016-520,2,460,14,0.0,0.49999999574356485
val,2016-520,2,460,15,1.0,0.5000000041727617
val,2016-520,2,460,16,0.0,0.5000000026775524
val,2016-520,2,460,17,1.0,0.49999999746432877
val,2016-520,2,460,18,0.0,0.49999998958810465
val,2016-520,2,460,19,1.0,0.5
val,2016-520,2,460,20,1.0,0.5000000017826096
val,2016-520,2,460,21,1.0,0.5000000088984962
val,2016-520,2,460,22,1.0,0.4999999906212906
val,2016-520,2,460,23,0.0,0.49999999192004907
val,2016-520,2,460,24,1.0,0.49999999093415676
val,2016-520,2,460,25,1.0,0.5000000024483597
val,2016-520,2,460,26,0.0,0.5000000063701009
val,2016-520,2,460,27,0.0,0.5000000060354068
val,2016-520,2,460,28,0.0,0.4999999809697329
val,2016-520,2,460,29,0.0,0.49999999122883304
val,2016-520,2,460,30,0.0,0.4999999943793228
val,2016-520,2,460,31,0.0,0.5000000069449015
val,2016-520,3,461,0,0.0,0.49999999397186917
val,2016-520,3,461,1,0.0,0.5000000083055056
val,2016-520,3,461,2,0.0,0.5000000061299943
val,2016-520,3,461,3,0.0,0.5000000042673491
val,2016-520,3,461,4,1.0,0.4999999874562491
val,2016-520,3,461,5,1.0,0.5000000175350579
val,2016-520,3,461,6,1.0,0.4999999967003532
val,2016-520,3,461,7,0.0,0.5000000042673491
val,2016-520,3,461,8,0.0,0.4999999916944944
val,2016-520,3,461,9,1.0,0.4999999920837581
val,2016-520,3,461,10,0.0,0.499999989358912
val,2016-520,3,461,11,0.0,0.4999999983665475
val,2016-520,3,461,12,0.0,0.5000000026811904
val,2016-520,3,461,13,1.0,0.4999999895844667
val,2016-520,3,461,14,1.0,0.5000000105355866
val,2016-520,3,461,15,1.0,0.5000000133150024
val,2016-520,4,462,0,1.0,0.4999999874562491
val,2016-520,4,462,1,1.0,0.5000000045110937
val,2016-520,4,462,2,1.0,0.49999999169813236
val,2016-520,4,462,3,0.0,0.5000000118270691
val,2016-520,4,462,4,1.0,0.49999999141800794
val,2016-520,4,462,5,1.0,0.4999999950123311
val,2016-520,4,462,6,1.0,0.5000000042600732
val,2016-520,4,462,7,0.0,0.49999998202110874
val,2016-520,5,463,0,0.0,0.49999999327701516
val,2016-520,5,463,1,1.0,0.500000001200533
val,2016-520,5,463,2,1.0,0.5000000044165063
val,2016-520,5,463,3,0.0,0.5000000063628249
val,2016-520,6,464,0,0.0,0.4999999932697392
val,2016-520,6,464,1,0.0,0.49999999746796675
val,2016-520,7,465,0,0.0,0.5000000024519977
val,2016-540,1,466,0,0.0,0.4999999854589987
val,2016-540,1,466,1,0.0,0.4999999908213794
val,2016-540,1,466,2,0.0,0.4999999812425813
val,2016-540,1,466,3,0.0,0.49999999783176463
val,2016-540,1,466,4,0.0,0.49999996761471266
val,2016-540,1,466,5,1.0,0.5000000077961886
val,2016-540,1,466,6,0.0,0.49999999664214556
val,2016-540,1,466,7,0.0,0.49999999160718284
val,2016-540,1,466,8,1.0,0.5000000031650416
val,2016-540,1,466,9,0.0,0.5000000050640665
val,2016-540,1,466,10,1.0,0.4999999944848242
val,2016-540,1,466,11,1.0,0.4999999804094841
val,2016-540,1,466,12,1.0,0.5000000117397576
val,2016-540,1,466,13,0.0,0.49999999171632226
val,2016-540,1,466,14,1.0,0.5000000079635356
val,2016-540,1,466,15,1.0,0.5000000033578544
val,2016-540,1,466,16,0.0,0.49999999794817995
val,2016-540,1,466,17,0.0,0.49999999897772796
val,2016-540,1,466,18,0.0,0.5000000175859896
val,2016-540,1,466,19,0.0,0.4999999943574949
val,2016-540,1,466,20,1.0,0.49999999664214556
val,2016-540,1,466,21,1.0,0.4999999944848242
val,2016-540,1,466,22,1.0,0.5
val,2016-540,1,466,23,0.0,0.49999999160718284
val,2016-540,1,466,24,1.0,0.49999999416468205
val,2016-540,1,466,25,0.0,0.499999989016942
val,2016-540,1,466,26,0.0,0.4999999952160579
val,2016-540,1,466,27,0.0,0.4999999944957381
val,2016-540,1,466,28,0.0,0.5000000149193511
val,2016-540,1,466,29,0.0,0.50000000205182
val,2016-540,1,466,30,1.0,0.5000000237996574
val,2016-540,1,466,31,1.0,0.4999999992651283
val,2016-540,1,466,32,0.0,0.5
val,2016-540,1,466,33,0.0,0.5000000160434865
val,2016-540,1,466,34,0.0,0.5
val,2016-540,1,466,35,0.0,0.5
val,2016-540,1,466,36,0.0,0.5000000110121618
val,2016-540,1,466,37,0.0,0.5000000102445483
val,2016-540,1,466,38,0.0,0.4999999866922735
val,2016-540,1,466,39,0.0,0.49999999131614453
val,2016-540,1,466,40,0.0,0.5000000062391337
val,2016-540,1,466,41,0.0,0.5000000113395799
val,2016-540,1,466,42,1.0,0.5000000240906957
val,2016-540,1,466,43,0.0,0.4999999896099325
val,2016-540,1,466,44,0.0,0.5000000110121618
val,2016-540,1,466,45,1.0,0.5000000200343493
val,2016-540,1,466,46,1.0,0.5000000022191671
val,2016-540,1,466,47,1.0,0.4999999866922735
val,2016-540,1,466,48,1.0,0.5000000082254701
val,2016-540,1,466,49,0.0,0.5000000114632712
val,2016-540,1,466,50,0.0,0.5000000052241376
val,2016-540,1,466,51,1.0,0.5000000130312401
val,2016-540,1,466,52,1.0,0.5000000011277734
val,2016-540,1,466,53,1.0,0.5000000050640665
val,2016-540,1,466,54,1.0,0.5000000130312401
val,2016-540,1,466,55,0.0,0.4999999993815436
val,2016-540,1,466,56,1.0,0.5
val,2016-540,1,466,57,1.0,0.5000000133077265
val,2016-540,1,466,58,0.0,0.5
val,2016-540,1,466,59,0.0,0.5000000025429472
val,2016-540,1,466,60,0.0,0.500000005835318
val,2016-540,1,466,61,0.0,0.499999986084731
val,2016-540,1,466,62,0.0,0.5000000062391337
val,2016-540,1,466,63,0.0,0.4999999995234248
val,2016-540,2,467,0,0.0,0.4999999949759513
val,2016-540,2,467,1,0.0,0.4999999848078005
val,2016-540,2,467,2,1.0,0.5000000189611455
val,2016-540,2,467,3,0.0,0.5
val,2016-540,2,467,4,0.0,0.4999999774954631
val,2016-540,2,467,5,0.0,0.49999999170177034
val,2016-540,2,467,6,1.0,0.5000000031686795
val,2016-540,2,467,7,0.0,0.500000008407369
val,2016-540,2,467,8,0.0,0.5000000110085239
val,2016-540,2,467,9,1.0,0.5000000156833266
val,2016-540,2,467,10,1.0,0.49999999709325493
val,2016-540,2,467,11,1.0,0.49999999178544385
val,2016-540,2,467,12,0.0,0.4999999848078005
val,2016-540,2,467,13,0.0,0.4999999926330929
val,2016-540,2,467,14,1.0,0.5000000021645974
val,2016-540,2,467,15,0.0,0.5000000045911293
val,2016-540,2,467,16,0.0,0.5000000219297362
val,2016-540,2,467,17,1.0,0.5000000047875801
val,2016-540,2,467,18,0.0,0.4999999915926309
val,2016-540,2,467,19,1.0,0.5
val,2016-540,2,467,20,1.0,0.499999994171958
val,2016-540,2,467,21,0.0,0.4999999940919225
val,2016-540,2,467,22,1.0,0.5
val,2016-540,2,467,23,1.0,0.4999999866959115
val,2016-540,2,467,24,0.0,0.5000000055115379
val,2016-540,2,467,25,1.0,0.5000000176005415
val,2016-540,2,467,26,0.0,0.4999999854771886
val,2016-540,2,467,27,0.0,0.49999998418934416
val,2016-540,2,467,28,0.0,0.5000000078180165
val,2016-540,2,467,29,0.0,0.49999998824569053
val,2016-540,2,467,30,0.0,0.4999999850806489
val,2016-540,2,467,31,0.0,0.5000000003783498
val,2016-540,3,468,0,1.0,0.5000000133150024
val,2016-540,3,468,1,0.0,0.49999999693682184
val,2016-540,3,468,2,0.0,0.4999999915926309
val,2016-540,3,468,3,0.0,0.4999999889987521
val,2016-540,3,468,4,0.0,0.5000000187537808
val,2016-540,3,468,5,0.0,0.49999999938881956
val,2016-540,3,468,6,0.0,0.5000000130276021
val,2016-540,3,468,7,1.0,0.499999998111889
val,2016-540,3,468,8,1.0,0.5000000073669071
val,2016-540,3,468,9,1.0,0.4999999943574949
val,2016-540,3,468,10,1.0,0.5000000130276021
val,2016-540,3,468,11,1.0,0.49999999693682184
val,2016-540,3,468,12,1.0,0.5000000113504939
val,2016-540,3,468,13,1.0,0.5000000048967195
val,2016-540,3,468,14,1.0,0.49999999449210014
val,2016-540,3,468,15,0.0,0.4999999901519913
val,2016-540,4,469,0,0.0,0.5000000019826984
val,2016-540,4,469,1,1.0,0.500000005329639
val,2016-540,4,469,2,0.0,0.5000000111285772
val,2016-540,4,469,3,0.0,0.49999999623832997
val,2016-540,4,469,4,0.0,0.49999997916893335
val,2016-540,4,469,5,1.0,0.4999999968276825
val,2016-540,4,469,6,0.0,0.49999998334169504
val,2016-540,4,469,7,0.0,0.49999999320789357
val,2016-540,5,470,0,1.0,0.5000000030704541
val,2016-540,5,470,1,0.0,0.4999999888605089
val,2016-540,5,470,2,1.0,0.49999998697967385
val,2016-540,5,470,3,0.0,0.500000001884473
val,2016-540,6,471,0,1.0,0.49999999511055654
val,2016-540,6,471,1,1.0,0.5000000111285772
val,2016-540,7,472,0,1.0,0.4999999954306987
val,2016-560,1,485,0,0.0,0.5000000015897967
val,2016-560,1,485,1,0.0,0.5000000029322109
val,2016-560,1,485,2,0.0,0.49999998935163603
val,2016-560,1,485,3,1.0,0.5000000046493369
val,2016-560,1,485,4,1.0,0.5000000062354957
val,2016-560,1,485,5,0.0,0.49999999467763706
val,2016-560,1,485,6,0.0,0.5000000042637112
val,2016-560,1,485,7,1.0,0.499999997078703
val,2016-560,1,485,8,1.0,0.5000000017280399
val,2016-560,1,485,9,1.0,0.5000000017280399
val,2016-560,1,485,10,0.0,0.49999999500869313
val,2016-560,1,485,11,1.0,0.500000001200533
val,2016-560,1,485,12,0.0,0.49999999582723836
val,2016-560,1,485,13,1.0,0.49999999444116844
val,2016-560,1,485,14,0.0,0.499999983345333
val,2016-560,1,485,15,1.0,0.5000000056206773
val,2016-560,1,485,16,1.0,0.500000010990334
val,2016-560,1,485,17,1.0,0.49999999608553486
val,2016-560,1,485,18,0.0,0.49999996586484485
val,2016-560,1,485,19,0.0,0.4999999916872184
val,2016-560,1,485,20,0.0,0.5000000067157089
val,2016-560,1,485,21,1.0,0.5000000042637112
val,2016-560,1,485,22,0.0,0.4999999957362889
val,2016-560,1,485,23,0.0,0.5
val,2016-560,1,485,24,1.0,0.4999999954816304
val,2016-560,1,485,25,0.0,0.4999999849933374
val,2016-560,1,485,26,0.0,0.5000000013387762
val,2016-560,1,485,27,0.0,0.5000000056206773
val,2016-560,1,485,28,0.0,0.50000000136788
val,2016-560,1,485,29,0.0,0.5000000115142029
val,2016-560,1,485,30,1.0,0.49999999625651986
val,2016-560,1,485,31,1.0,0.5000000101135811
val,2016-560,1,485,32,0.0,0.5000000042637112
val,2016-560,1,485,33,0.0,0.49999999827196007
val,2016-560,1,485,34,0.0,0.5
val,2016-560,1,485,35,1.0,0.49999999827196007
val,2016-560,1,485,36,0.0,0.49999999061037664
val,2016-560,1,485,37,1.0,0.5
val,2016-560,1,485,38,1.0,0.5000000110194378
val,2016-560,1,485,39,0.0,0.5000000054678821
val,2016-560,1,485,40,0.0,0.49999999305873644
val,2016-560,1,485,41,1.0,0.5000000156505848
val,2016-560,1,485,42,1.0,0.49999998606290313
val,2016-560,1,485,43,1.0,0.5000000219224603
val,2016-560,1,485,44,0.0,0.5
val,2016-560,1,485,45,1.0,0.5000000044019544
val,2016-560,1,485,46,1.0,0.5000000214167812
val,2016-560,1,485,47,1.0,0.5
val,2016-560,1,485,48,1.0,0.500000001200533
val,2016-560,1,485,49,0.0,0.4999999887659215
val,2016-560,1,485,50,0.0,0.5000000156505848
val,2016-560,1,485,51,0.0,0.5000000090622052
val,2016-560,1,485,52,1.0,0.4999999988467607
val,2016-560,1,485,53,0.0,0.5000000148211257
val,2016-560,1,485,54,0.0,0.49999999747160473
val,2016-560,1,485,55,1.0,0.5000000244290277
val,2016-560,1,485,56,0.0,0.5000000062354957
val,2016-560,1,485,57,0.0,0.5000000040381565
val,2016-560,1,485,58,1.0,0.5000000100808393
val,2016-560,1,485,59,1.0,0.4999999929132173
val,2016-560,1,485,60,1.0,0.5000000017280399
val,2016-560,1,485,61,1.0,0.49999998202110874
val,2016-560,1,485,62,1.0,0.5000000015061232
val,2016-560,1,485,63,1.0,0.49999999535066314
val,2016-560,2,486,0,1.0,0.5000000078653102
val,2016-560,2,486,1,1.0,0.4999999971842044
val,2016-560,2,486,2,0.0,0.4999999905012373
val,2016-560,2,486,3,1.0,0.5000000090585672
val,2016-560,2,486,4,0.0,0.5000000194959284
val,2016-560,2,486,5,1.0,0.5000000038198777
val,2016-560,2,486,6,1.0,0.5000000029285729
val,2016-560,2,486,7,1.0,0.5000000049913069
val,2016-560,2,486,8,1.0,0.500000024883775
val,2016-560,2,486,9,1.0,0.49999999595092964
val,2016-560,2,486,10,1.0,0.5000000024629117
val,2016-560,2,486,11,0.0,0.49999999305873644
val,2016-560,2,486,12,1.0,0.499999983348971
val,2016-560,2,486,13,0.0,0.4999999909414327
val,2016-560,2,486,14,1.0,0.5000000074796844
val,2016-560,2,486,15,1.0,0.49999998936254997
val,2016-560,2,486,16,1.0,0.5000000026775524
val,2016-560,2,486,17,1.0,0.5000000065774657
val,2016-560,2,486,18,1.0,0.4999999970314093
val,2016-560,2,486,19,0.0,0.5
val,2016-560,2,486,20,1.0,0.500000001196895
val,2016-560,2,486,21,0.0,0.5000000097243174
val,2016-560,2,486,22,1.0,0.5000000038271537
val,2016-560,2,486,23,1.0,0.5000000062173058
val,2016-560,2,486,24,1.0,0.5
val,2016-560,2,486,25,1.0,0.5000000042600732
val,2016-560,2,486,26,0.0,0.49999999747160473
val,2016-560,2,486,27,1.0,0.5000000237887434
val,2016-560,2,486,28,1.0,0.49999999110514176
val,2016-560,2,486,29,0.0,0.5
val,2016-560,2,486,30,1.0,0.5000000056243152
val,2016-560,2,486,31,0.0,0.5000000026921043
val,2016-560,3,487,0,1.0,0.4999999934298103
val,2016-560,3,487,1,0.0,0.5000000149993866
val,2016-560,3,487,2,0.0,0.49999999328065314
val,2016-560,3,487,3,1.0,0.5000000049913069
val,2016-560,3,487,4,0.0,0.4999999850006134
val,2016-560,3,487,5,0.0,0.5000000112413545
val,2016-560,3,487,6,0.0,0.49999999266219675
val,2016-560,3,487,7,1.0,0.5000000194922904
val,2016-560,3,487,8,0.0,0.5000000025174813
val,2016-560,3,487,9,0.0,0.5000000017280399
val,2016-560,3,487,10,1.0,0.5000000083091436
val,2016-560,3,487,11,1.0,0.5000000017280399
val,2016-560,3,487,12,1.0,0.49999999618739827
val,2016-560,3,487,13,0.0,0.5000000054205884
val,2016-560,3,487,14,0.0,0.5000000115251169
val,2016-560,3,487,15,1.0,0.5000000042637112
val,2016-560,4,488,0,0.0,0.5
val,2016-560,4,488,1,1.0,0.49999997621853254
val,2016-560,4,488,2,0.0,0.500000001724402
val,2016-560,4,488,3,0.0,0.4999999895844667
val,2016-560,4,488,4,0.0,0.4999999916908564
val,2016-560,4,488,5,0.0,0.4999999944629963
val,2016-560,4,488,6,1.0,0.49999999755164026
val,2016-560,4,488,7,1.0,0.5
val,2016-560,5,489,0,0.0,0.500000010299118
val,2016-560,5,489,1,1.0,0.49999998886414687
val,2016-560,5,489,2,0.0,0.4999999939682312
val,2016-560,5,489,3,1.0,0.5
val,2016-560,6,490,0,0.0,0.4999999958599802
val,2016-560,6,490,1,0.0,0.5000000036998244
val,2016-560,7,491,0,1.0,0.49999999608553486
val,2016-580,1,420,0,0.0,0.5000000054205884
val,2016-580,1,420,1,1.0,0.5000000098807504
val,2016-580,1,420,2,1.0,0.5000000040381565
val,2016-580,1,420,3,1.0,0.4999999986612238
val,2016-580,1,420,4,1.0,0.4999999878527888
val,2016-580,1,420,5,0.0,0.5000000054678821
val,2016-580,1,420,6,0.0,0.4999999961801223
val,2016-580,1,420,7,0.0,0.500000010990334
val,2016-580,1,420,8,0.0,0.5000000116051524
val,2016-580,1,420,9,1.0,0.49999999827196007
val,2016-580,1,420,10,0.0,0.5000000025283953
val,2016-580,1,420,11,0.0,0.4999999932842911
val,2016-580,1,420,12,0.0,0.5000000045183697
val,2016-580,1,420,13,1.0,0.5000000046493369
val,2016-580,1,420,14,1.0,0.5
val,2016-580,1,420,15,1.0,0.5
val,2016-580,1,420,16,1.0,0.5000000061336323
val,2016-580,1,420,17,0.0,0.49999998008206603
val,2016-580,1,420,18,0.0,0.49999999747160473
val,2016-580,1,420,19,0.0,0.49999998329076334
val,2016-580,1,420,20,0.0,0.49999999305873644
val,2016-580,1,420,21,1.0,0.4999999926512828
val,2016-580,1,420,22,1.0,0.5000000042637112
val,2016-580,1,420,23,0.0,0.5000000083127816
val,2016-580,1,420,24,0.0,0.4999999955980457
val,2016-580,1,420,25,0.0,0.5000000114632712
val,2016-580,1,420,26,1.0,0.4999999837273208
val,2016-580,1,420,27,1.0,0.5000000041727617
val,2016-580,1,420,28,0.0,0.5000000044019544
val,2016-580,1,420,29,0.0,0.4999999932842911
val,2016-580,1,420,30,0.0,0.5
val,2016-580,1,420,31,1.0,0.5000000156651367
val,2016-580,1,420,32,1.0,0.4999999975480023
val,2016-580,1,420,33,1.0,0.49999998202110874
val,2016-580,1,420,34,0.0,0.4999999973733793
val,2016-580,1,420,35,1.0,0.5000000089021341
val,2016-580,1,420,36,1.0,0.5000000017280399
val,2016-580,1,420,37,0.0,0.4999999925021257
val,2016-580,1,420,38,0.0,0.4999999877145456
val,2016-580,1,420,39,1.0,0.4999999941028364
val,2016-580,1,420,40,1.0,0.5000000034669938
val,2016-580,1,420,41,0.0,0.4999999975480023
val,2016-580,1,420,42,0.0,0.5000000011132215
val,2016-580,1,420,43,0.0,0.4999999938663678
val,2016-580,1,420,44,0.0,0.4999999939682312
val,2016-580,1,420,45,1.0,0.499999998799467
val,2016-580,1,420,46,1.0,0.4999999973188096
val,2016-580,1,420,47,0.0,0.5000000116051524
val,2016-580,1,420,48,1.0,0.49999999827196007
val,2016-580,1,420,49,1.0,0.5000000089021341
val,2016-580,1,420,50,0.0,0.49999999841020326
val,2016-580,1,420,51,0.0,0.5000000028157956
val,2016-580,1,420,52,0.0,0.4999999955980457
val,2016-580,1,420,53,1.0,0.49999999827196007
val,2016-580,1,420,54,0.0,0.5000000016407284
val,2016-580,1,420,55,1.0,0.5000000175969035
val,2016-580,1,420,56,0.0,0.49999999827196007
val,2016-580,1,420,57,0.0,0.49999999500869313
val,2016-580,1,420,58,1.0,0.5000000089021341
val,2016-580,1,420,59,0.0,0.5000000044019544
val,2016-580,1,420,60,0.0,0.5000000090622052
val,2016-580,1,420,61,0.0,0.49999998138446244
val,2016-580,1,420,62,1.0,0.49999999608553486
val,2016-580,1,420,63,1.0,0.4999999925166776
val,2016-580,2,421,0,1.0,0.5000000015788828
val,2016-580,2,421,1,0.0,0.5000000065774657
val,2016-580,2,421,2,1.0,0.5000000133222784
val,2016-580,2,421,3,1.0,0.5000000156542228
val,2016-580,2,421,4,1.0,0.5000000015788828
val,2016-580,2,421,5,1.0,0.49999999827196007
val,2016-580,2,421,6,1.0,0.4999999970314093
val,2016-580,2,421,7,1.0,0.5000000054533302
val,2016-580,2,421,8,1.0,0.5000000044165063
val,2016-580,2,421,9,0.0,0.49999998746352503
val,2016-580,2,421,10,0.0,0.49999998936254997
val,2016-580,2,421,11,0.0,0.5000000042600732
val,2016-580,2,421,12,1.0,0.49999999535066314
val,2016-580,2,421,13,0.0,0.5000000061336323
val,2016-580,2,421,14,0.0,0.4999999924984877
val,2016-580,2,421,15,1.0,0.500000010986696
val,2016-580,2,421,16,0.0,0.5
val,2016-580,2,421,17,0.0,0.49999998665589374
val,2016-580,2,421,18,0.0,0.49999999535066314
val,2016-580,2,421,19,1.0,0.5000000017280399
val,2016-580,2,421,20,1.0,0.5000000112377165
val,2016-580,2,421,21,0.0,0.4999999955944077
val,2016-580,2,421,22,0.0,0.5000000033069227
val,2016-580,2,421,23,0.0,0.5000000063773768
val,2016-580,2,421,24,0.0,0.4999999901156116
val,2016-580,2,421,25,0.0,0.5000000017280399
val,2016-580,2,421,26,0.0,0.5000000025283953
val,2016-580,2,421,27,0.0,0.49999999141436996
val,2016-580,2,421,28,0.0,0.4999999936226232
val,2016-580,2,421,29,1.0,0.4999999984211172
val,2016-580,2,421,30,0.0,0.5000000024629117
val,2016-580,2,421,31,1.0,0.5000000116051524
val,2016-580,3,422,0,0.0,0.49999997954000713
val,2016-580,3,422,1,0.0,0.5000000029722287
val,2016-580,3,422,2,0.0,0.49999999500869313
val,2016-580,3,422,3,1.0,0.50000001063745
val,2016-580,3,422,4,1.0,0.49999998839484766
val,2016-580,3,422,5,1.0,0.4999999916908564
val,2016-580,3,422,6,0.0,0.49999999767533154
val,2016-580,3,422,7,0.0,0.4999999934298103
val,2016-580,3,422,8,1.0,0.5000000073378033
val,2016-580,3,422,9,1.0,0.5000000023246685
val,2016-580,3,422,10,1.0,0.4999999878564268
val,2016-580,3,422,11,0.0,0.5000000043946784
val,2016-580,3,422,12,0.0,0.5000000049913069
val,2016-580,3,422,13,1.0,0.4999999912179191
val,2016-580,3,422,14,1.0,0.5
val,2016-580,3,422,15,1.0,0.49999999836290954
val,2016-580,4,423,0,0.0,0.5000000039217412
val,2016-580,4,423,1,1.0,0.499999973399099
val,2016-580,4,423,2,1.0,0.50000001063745
val,2016-580,4,423,3,1.0,0.5000000083091436
val,2016-580,4,423,4,0.0,0.49999998936254997
val,2016-580,4,423,5,0.0,0.49999999560532166
val,2016-580,4,423,6,1.0,0.499999991236109
val,2016-580,4,423,7,0.0,0.4999999957362889
val,2016-580,5,424,0,0.0,0.49999998709972715
val,2016-580,5,424,1,0.0,0.4999999978681444
val,2016-580,5,424,2,0.0,0.5000000081599865
val,2016-580,5,424,3,1.0,0.5000000080472091
val,2016-580,6,425,0,1.0,0.4999999964093149
val,2016-580,6,425,1,1.0,0.5000000023173925
val,2016-580,7,426,0,0.0,0.5000000022482709
val,2016-M006,1,427,0,1.0,0.5000000050567905
val,2016-M006,1,427,1,0.0,0.4999999864812707
val,2016-M006,1,427,2,0.0,0.5000000199797796
val,2016-M006,1,427,3,0.0,0.500000008403731
val,2016-M006,1,427,4,1.0,0.5000000119398464
val,2016-M006,1,427,5,0.0,0.4999999859464878
val,2016-M006,1,427,6,0.0,0.4999999762076186
val,2016-M006,1,427,7,0.0,0.5000000050567905
val,2016-M006,1,427,8,1.0,0.5000000021609594
val,2016-M006,1,427,9,0.0,0.5000000079780875
val,2016-M006,1,427,10,1.0,0.4999999885403668
val,2016-M006,1,427,11,1.0,0.5000000056534191
val,2016-M006,1,427,12,1.0,0.5
val,2016-M006,1,427,13,0.0,0.49999997560735215
val,2016-M006,1,427,14,0.0,0.49999999683132046
val,2016-M006,1,427,15,0.0,0.4999999804094841
val,2016-M006,1,427,16,1.0,0.4999999966530595
val,2016-M006,1,427,17,1.0,0.5000000031686795
val,2016-M006,1,427,18,0.0,0.5000000059517333
val,2016-M006,1,427,19,0.0,0.5000000007348717
val,2016-M006,1,427,20,1.0,0.5000000151994755
val,2016-M006,1,427,21,0.0,0.49999999726060196
val,2016-M006,1,427,22,1.0,0.5000000176041794
val,2016-M006,1,427,23,0.0,0.5000000124673534
val,2016-M006,1,427,24,1.0,0.5000000162253855
val,2016-M006,1,427,25,0.0,0.5000000021609594
val,2016-M006,1,427,26,0.0,0.5000000055115379
val,2016-M006,1,427,27,0.0,0.50000000205182
val,2016-M006,1,427,28,0.0,0.49999999777719495
val,2016-M006,1,427,29,1.0,0.500000000858563
val,2016-M006,1,427,30,0.0,0.5000000053405529
val,2016-M006,1,427,31,0.0,0.4999999975771061
val,2016-M006,2,428,0,1.0,0.4999999940555427
val,2016-M006,2,428,1,0.0,0.4999999946739991
val,2016-M006,2,428,2,0.0,0.5000000022955646
val,2016-M006,2,428,3,1.0,0.5
val,2016-M006,2,428,4,0.0,0.4999999932224455
val,2016-M006,2,428,5,1.0,0.5000000038016879
val,2016-M006,2,428,6,1.0,0.5000000047875801
val,2016-M006,2,428,7,0.0,0.4999999765350367
val,2016-M006,2,428,8,1.0,0.49999999151623337
val,2016-M006,2,428,9,0.0,0.5000000031541276
val,2016-M006,2,428,10,1.0,0.4999999896135705
val,2016-M006,2,428,11,0.0,0.5000000228828867
val,2016-M006,2,428,12,0.0,0.4999999946739991
val,2016-M006,2,428,13,1.0,0.5000000021682354
val,2016-M006,2,428,14,0.0,0.5000000056461431
val,2016-M006,2,428,15,0.0,0.5000000083964551
val,2016-M006,2,428,16,1.0,0.5000000166910468
val,2016-M006,2,428,17,1.0,0.4999999949468475
val,2016-M006,2,428,18,1.0,0.4999999882493285
val,2016-M006,2,428,19,1.0,0.5000000130276021
val,2016-M006,2,428,20,0.0,0.5000000086765795
val,2016-M006,2,428,21,0.0,0.5000000027757778
val,2016-M006,2,428,22,1.0,0.4999999946739991
val,2016-M006,2,428,23,0.0,0.5000000021682354
val,2016-M006,2,428,24,1.0,0.5000000059444574
val,2016-M006,2,428,25,0.0,0.4999999971005309
val,2016-M006,2,428,26,0.0,0.4999999833307811
val,2016-M006,2,428,27,1.0,0.5000000050531526
val,2016-M006,2,428,28,0.0,0.500000001884473
val,2016-M006,2,428,29,1.0,0.5000000024228939
val,2016-M006,2,428,30,0.0,0.5
val,2016-M006,2,428,31,0.0,0.5000000110048859
val,2016-M006,3,429,0,1.0,0.5000000336694939
val,2016-M006,3,429,1,0.0,0.500000010983058
val,2016-M006,3,429,2,1.0,0.5000000033469405
val,2016-M006,3,429,3,0.0,0.4999999901519913
val,2016-M006,3,429,4,0.0,0.49999999722422217
val,2016-M006,3,429,5,1.0,0.5
val,2016-M006,3,429,6,0.0,0.4999999848078005
val,2016-M006,3,429,7,0.0,0.500000003259629
val,2016-M006,3,429,8,0.0,0.5000000062427716
val,2016-M006,3,429,9,0.0,0.5000000038126018
val,2016-M006,3,429,10,0.0,0.49999999202555045
val,2016-M006,3,429,11,1.0,0.5
val,2016-M006,3,429,12,1.0,0.5000000110048859
val,2016-M006,3,429,13,0.0,0.499999989016942
val,2016-M006,3,429,14,0.0,0.5000000006220944
val,2016-M006,3,429,15,1.0,0.4999999901519913
val,2016-M006,4,430,0,1.0,0.5000000059408194
val,2016-M006,4,430,1,1.0,0.4999999966530595
val,2016-M006,4,430,2,0.0,0.5000000190811988
val,2016-M006,4,430,3,1.0,0.4999999702558853
val,2016-M006,4,430,4,0.0,0.5
val,2016-M006,4,430,5,0.0,0.4999999968276825
val,2016-M006,4,430,6,0.0,0.4999999848114385
val,2016-M006,4,430,7,1.0,0.5000000057989382
val,2016-M006,5,431,0,1.0,0.5
val,2016-M006,5,431,1,0.0,0.49999999823921826
val,2016-M006,5,431,2,0.0,0.5000000185500539
val,2016-M006,5,431,3,1.0,0.500000002910383
val,2016-M006,6,432,0,1.0,0.5000000085346983
val,2016-M006,6,432,1,0.0,0.49999998444764066
val,2016-M006,7,433,0,1.0,0.49999999255669536
val,2016-M007,1,434,0,1.0,0.49999998960629455
val,2016-M007,1,434,1,1.0,0.5000000021609594
val,2016-M007,1,434,2,0.0,0.5
val,2016-M007,1,434,3,0.0,0.4999999866959115
val,2016-M007,1,434,4,1.0,0.4999999854771886
val,2016-M007,1,434,5,1.0,0.499999992622179
val,2016-M007,1,434,6,0.0,0.500000007545168
val,2016-M007,1,434,7,0.0,0.5000000086874934
val,2016-M007,1,434,8,0.0,0.5000000113432179
val,2016-M007,1,434,9,0.0,0.4999999915962689
val,2016-M007,1,434,10,0.0,0.499999994346581
val,2016-M007,1,434,11,1.0,0.4999999949432095
val,2016-M007,1,434,12,1.0,0.5000000135187292
val,2016-M007,1,434,13,1.0,0.49999999777719495
val,2016-M007,1,434,14,0.0,0.49999999683132046
val,2016-M007,1,434,15,1.0,0.49999998825660447
val,2016-M007,1,434,16,0.0,0.5000000053405529
val,2016-M007,1,434,17,1.0,0.5000000024228939
val,2016-M007,1,434,18,1.0,0.49999999683132046
val,2016-M007,1,434,19,1.0,0.5000000056534191
val,2016-M007,1,434,20,0.0,0.5000000086874934
val,2016-M007,1,434,21,0.0,0.5000000117433956
val,2016-M007,1,434,22,1.0,0.5000000213076419
val,2016-M007,1,434,23,0.0,0.5000000052095857
val,2016-M007,1,434,24,0.0,0.5000000042055035
val,2016-M007,1,434,25,0.0,0.4999999742140062
val,2016-M007,1,434,26,1.0,0.49999997268605506
val,2016-M007,1,434,27,0.0,0.49999997797931434
val,2016-M007,1,434,28,0.0,0.5000000079926394
val,2016-M007,1,434,29,1.0,0.499999992622179
val,2016-M007,1,434,30,1.0,0.5000000098480086
val,2016-M007,1,434,31,0.0,0.49999999177089194
val,2016-M007,2,435,0,0.0,0.5000000082254701
val,2016-M007,2,435,1,1.0,0.5
val,2016-M007,2,435,2,0.0,0.5000000213840394
val,2016-M007,2,435,3,0.0,0.5000000082254701
val,2016-M007,2,435,4,1.0,0.49999999783176463
val,2016-M007,2,435,5,0.0,0.4999999866922735
val,2016-M007,2,435,6,1.0,0.49999999015926727
val,2016-M007,2,435,7,1.0,0.5000000028994691
val,2016-M007,2,435,8,0.0,0.5000000158070179
val,2016-M007,2,435,9,1.0,0.4999999940555427
val,2016-M007,2,435,10,0.0,0.49999998626299197
val,2016-M007,2,435,11,0.0,0.5000000117506715
val,2016-M007,2,435,12,1.0,0.5000000151921995
val,2016-M007,2,435,13,1.0,0.4999999968276825
val,2016-M007,2,435,14,0.0,0.4999999993815436
val,2016-M007,2,435,15,1.0,0.49999997750273906
val,2016-M007,2,435,16,0.0,0.5000000052968971
val,2016-M007,2,435,17,0.0,0.5000000019790605
val,2016-M007,2,435,18,1.0,0.5000000006184564
val,2016-M007,2,435,19,1.0,0.5000000166692189
val,2016-M007,2,435,20,1.0,0.49999996672340785
val,2016-M007,2,435,21,1.0,0.5000000103864295
val,2016-M007,2,435,22,1.0,0.4999999752326403
val,2016-M007,2,435,23,1.0,0.5
val,2016-M007,2,435,24,1.0,0.4999999892716005
val,2016-M007,2,435,25,0.0,0.4999999977844709
val,2016-M007,2,435,26,0.0,0.5
val,2016-M007,2,435,27,1.0,0.500000013737008
val,2016-M007,2,435,28,1.0,0.499999989016942
val,2016-M007,2,435,29,1.0,0.5000000038016879
val,2016-M007,2,435,30,1.0,0.5000000062354957
val,2016-M007,2,435,31,1.0,0.4999999966530595
val,2016-M007,3,436,0,0.0,0.4999999904321157
val,2016-M007,3,436,1,1.0,0.4999999946667231
val,2016-M007,3,436,2,0.0,0.5000000022992026
val,2016-M007,3,436,3,0.0,0.49999998042039806
val,2016-M007,3,436,4,1.0,0.5000000137515599
val,2016-M007,3,436,5,1.0,0.5000000048967195
val,2016-M007,3,436,6,0.0,0.5000000091858965
val,2016-M007,3,436,7,1.0,0.4999999848078005
val,2016-M007,3,436,8,0.0,0.49999999683132046
val,2016-M007,3,436,9,0.0,0.49999997585109673
val,2016-M007,3,436,10,1.0,0.4999999866995495
val,2016-M007,3,436,11,0.0,0.49999999202555045
val,2016-M007,3,436,12,0.0,0.5
val,2016-M007,3,436,13,1.0,0.49999998624844005
val,2016-M007,3,436,14,1.0,0.5000000113614078
val,2016-M007,3,436,15,0.0,0.5
val,2016-M007,4,437,0,0.0,0.5000000056497811
val,2016-M007,4,437,1,1.0,0.5000000031723175
val,2016-M007,4,437,2,1.0,0.5000000133077265
val,2016-M007,4,437,3,0.0,0.5000000027321221
val,2016-M007,4,437,4,0.0,0.5000000021645974
val,2016-M007,4,437,5,0.0,0.499999977513653
val,2016-M007,4,437,6,1.0,0.5000000103900675
val,2016-M007,4,437,7,1.0,0.5000000019790605
val,2016-M007,5,438,0,0.0,0.5000000079671736
val,2016-M007,5,438,1,0.0,0.5000000033505785
val,2016-M007,5,438,2,0.0,0.500000002910383
val,2016-M007,5,438,3,0.0,0.5000000160434865
val,2016-M007,6,439,0,1.0,0.5000000081126927
val,2016-M007,6,439,1,1.0,0.49999998502607923
val,2016-M007,7,440,0,1.0,0.5000000102554623
val,2016-M009,2,453,0,1.0,0.5000000145228114
val,2016-M009,2,453,1,0.0,0.5
val,2016-M009,2,453,2,1.0,0.49999999131250655
val,2016-M009,2,453,3,1.0,0.5000000145482772
val,2016-M009,2,453,4,1.0,0.49999998418934416
val,2016-M009,2,453,5,0.0,0.5
val,2016-M009,2,453,6,0.0,0.5000000031614036
val,2016-M009,2,453,7,1.0,0.5000000203726813
val,2016-M009,2,453,8,0.0,0.5000000091895345
val,2016-M009,2,453,9,1.0,0.5000000109757821
val,2016-M009,2,453,10,1.0,0.49999998330531525
val,2016-M009,2,453,11,0.0,0.49999999176725396
val,2016-M009,2,453,12,1.0,0.4999999946667231
val,2016-M009,2,453,13,1.0,0.4999999978354026
val,2016-M009,2,453,14,0.0,0.4999999956125976
val,2016-M009,2,453,15,0.0,0.5000000030086085
val,2016-M009,2,453,16,1.0,0.4999999889951141
val,2016-M009,2,453,17,1.0,0.5000000117433956
val,2016-M009,2,453,18,1.0,0.500000008232746
val,2016-M009,2,453,19,0.0,0.5000000022992026
val,2016-M009,2,453,20,1.0,0.5000000067884685
val,2016-M009,2,453,21,0.0,0.5000000062391337
val,2016-M009,2,453,22,1.0,0.5000000055151759
val,2016-M009,2,453,23,1.0,0.5000000111322151
val,2016-M009,3,454,0,0.0,0.4999999968422344
val,2016-M009,3,454,1,1.0,0.49999999098508846
val,2016-M009,3,454,2,1.0,0.4999999970968929
val,2016-M009,3,454,3,1.0,0.5000000017607817
val,2016-M009,3,454,4,1.0,0.4999999854771886
val,2016-M009,3,454,5,0.0,0.5
val,2016-M009,3,454,6,0.0,0.500000007381459
val,2016-M009,3,454,7,1.0,0.4999999839383236
val,2016-M009,3,454,8,0.0,0.5000000052168616
val,2016-M009,3,454,9,0.0,0.5000000130276021
val,2016-M009,3,454,10,1.0,0.4999999824140104
val,2016-M009,3,454,11,1.0,0.4999999866922735
val,2016-M009,3,454,12,0.0,0.499999986088369
val,2016-M009,3,454,13,1.0,0.49999998825660447
val,2016-M009,3,454,14,1.0,0.500000005326001
val,2016-M009,3,454,15,0.0,0.4999999915999069
val,2016-M009,4,455,0,0.0,0.49999999693682184
val,2016-M009,4,455,1,1.0,0.49999998333805706
val,2016-M009,4,455,2,1.0,0.5000000113504939
val,2016-M009,4,455,3,0.0,0.5000000056534191
val,2016-M009,4,455,4,0.0,0.5
val,2016-M009,4,455,5,0.0,0.5000000142827048
val,2016-M009,4,455,6,0.0,0.49999999405918066
val,2016-M009,4,455,7,1.0,0.5000000021682354
val,2016-M009,5,456,0,1.0,0.5000000117615855
val,2016-M009,5,456,1,0.0,0.5
val,2016-M009,5,456,2,1.0,0.49999999218198354
val,2016-M009,5,456,3,1.0,0.5000000092259143
val,2016-M009,6,457,0,0.0,0.49999999376814236
val,2016-M009,6,457,1,1.0,0.500000010990334
val,2016-M009,7,458,0,0.0,0.49999999693318387
val,2016-M021,2,447,0,0.0,0.5000000053332769
val,2016-M021,2,447,1,1.0,0.49999999176725396
val,2016-M021,2,447,2,1.0,0.49999999693318387
val,2016-M021,2,447,3,0.0,0.5
val,2016-M021,2,447,4,0.0,0.5000000145228114
val,2016-M021,2,447,5,0.0,0.5000000274303602
val,2016-M021,2,447,6,1.0,0.5
val,2016-M021,2,447,7,0.0,0.5000000062391337
val,2016-M021,2,447,8,0.0,0.5000000049076334
val,2016-M021,2,447,9,1.0,0.5000000130239641
val,2016-M021,2,447,10,1.0,0.5000000055151759
val,2016-M021,2,447,11,1.0,0.5000000098407327
val,2016-M021,2,447,12,0.0,0.5000000103900675
val,2016-M021,2,447,13,1.0,0.4999999972169462
val,2016-M021,2,447,14,1.0,0.5000000053332769
val,2016-M021,2,447,15,1.0,0.49999998104613047
val,2016-M021,2,447,16,1.0,0.500000013911631
val,2016-M021,2,447,17,1.0,0.49999999404462875
val,2016-M021,2,447,18,1.0,0.49999999404462875
val,2016-M021,2,447,19,0.0,0.4999999834726623
val,2016-M021,2,447,20,1.0,0.5000000022992026
val,2016-M021,2,447,21,0.0,0.5000000093568815
val,2016-M021,2,447,22,0.0,0.5
val,2016-M021,2,447,23,1.0,0.49999999131250655
val,2016-M021,3,448,0,1.0,0.5000000006184564
val,2016-M021,3,448,1,1.0,0.5000000166619429
val,2016-M021,3,448,2,1.0,0.5000000059480953
val,2016-M021,3,448,3,0.0,0.4999999896099325
val,2016-M021,3,448,4,0.0,0.5000000137515599
val,2016-M021,3,448,5,1.0,0.5000000130276021
val,2016-M021,3,448,6,0.0,0.5
val,2016-M021,3,448,7,1.0,0.49999999611827667
val,2016-M021,3,448,8,1.0,0.5
val,2016-M021,3,448,9,1.0,0.5000000006184564
val,2016-M021,3,448,10,1.0,0.49999999322608346
val,2016-M021,3,448,11,1.0,0.49999999375359044
val,2016-M021,3,448,12,1.0,0.499999994171958
val,2016-M021,3,448,13,0.0,0.49999998887142283
val,2016-M021,3,448,14,0.0,0.500000005326001
val,2016-M021,3,448,15,0.0,0.49999999375359044
val,2016-M021,4,449,0,0.0,0.4999999915926309
val,2016-M021,4,449,1,1.0,0.4999999937645044
val,2016-M021,4,449,2,1.0,0.4999999809188012
val,2016-M021,4,449,3,1.0,0.499999994346581
val,2016-M021,4,449,4,0.0,0.49999998624844005
val,2016-M021,4,449,5,0.0,0.4999999920328264
val,2016-M021,4,449,6,0.0,0.4999999946667231
val,2016-M021,4,449,7,1.0,0.500000022493623
val,2016-M021,5,450,0,1.0,0.4999999839565135
val,2016-M021,5,450,1,0.0,0.5000000049003575
val,2016-M021,5,450,2,0.0,0.5000000060499588
val,2016-M021,5,450,3,0.0,0.5000000079598976
val,2016-M021,6,451,0,0.0,0.4999999877145456
val,2016-M021,6,451,1,0.0,0.499999989009666
val,2016-M021,7,452,0,0.0,0.5000000030668161
val,2016-M024,2,479,0,0.0,0.4999999904248397
val,2016-M024,2,479,1,0.0,0.4999999946739991
val,2016-M024,2,479,2,0.0,0.49999999160354486
val,2016-M024,2,479,3,1.0,0.4999999979045242
val,2016-M024,2,479,4,1.0,0.5000000113504939
val,2016-M024,2,479,5,0.0,0.49999999926876626
val,2016-M024,2,479,6,0.0,0.49999997875784175
val,2016-M024,2,479,7,1.0,0.49999999202555045
val,2016-M024,2,479,8,1.0,0.5000000082254701
val,2016-M024,2,479,9,0.0,0.5
val,2016-M024,2,479,10,1.0,0.49999999887222657
val,2016-M024,2,479,11,1.0,0.49999999783176463
val,2016-M024,2,479,12,0.0,0.500000018535502
val,2016-M024,2,479,13,1.0,0.5000000050531526
val,2016-M024,2,479,14,1.0,0.4999999896135705
val,2016-M024,2,479,15,0.0,0.5000000219151843
val,2016-M024,2,479,16,1.0,0.5000000231011654
val,2016-M024,2,479,17,1.0,0.5000000047875801
val,2016-M024,2,479,18,1.0,0.5000000111394911
val,2016-M024,2,479,19,0.0,0.5000000133077265
val,2016-M024,2,479,20,1.0,0.5000000297441147
val,2016-M024,2,479,21,1.0,0.49999997319537215
val,2016-M024,2,479,22,0.0,0.49999999160354486
val,2016-M024,2,479,23,1.0,0.49999999448846216
val,2016-M024,3,480,0,0.0,0.49999998333805706
val,2016-M024,3,480,1,1.0,0.5000000062427716
val,2016-M024,3,480,2,0.0,0.49999998024941306
val,2016-M024,3,480,3,0.0,0.5000000056388672
val,2016-M024,3,480,4,1.0,0.5000000158070179
val,2016-M024,3,480,5,0.0,0.5000000200307113
val,2016-M024,3,480,6,1.0,0.5000000103864295
val,2016-M024,3,480,7,0.0,0.4999999978390406
val,2016-M024,3,480,8,1.0,0.5000000048967195
val,2016-M024,3,480,9,0.0,0.5000000107720552
val,2016-M024,3,480,10,1.0,0.49999999493593356
val,2016-M024,3,480,11,0.0,0.5000000005311449
val,2016-M024,3,480,12,0.0,0.49999999683132046
val,2016-M024,3,480,13,0.0,0.5000000212421583
val,2016-M024,3,480,14,0.0,0.49999999098508846
val,2016-M024,3,480,15,1.0,0.4999999946667231
val,2016-M024,4,481,0,0.0,0.4999999915926309
val,2016-M024,4,481,1,1.0,0.5
val,2016-M024,4,481,2,1.0,0.500000001888111
val,2016-M024,4,481,3,1.0,0.49999999177089194
val,2016-M024,4,481,4,1.0,0.5000000249237928
val,2016-M024,4,481,5,0.0,0.49999998104613047
val,2016-M024,4,481,6,1.0,0.49999998866769607
val,2016-M024,4,481,7,1.0,0.5000000092113623
val,2016-M024,5,482,0,0.0,0.49999998886414687
val,2016-M024,5,482,1,1.0,0.5000000030777301
val,2016-M024,5,482,2,1.0,0.5000000098516466
val,2016-M024,5,482,3,1.0,0.49999999510691856
val,2016-M024,6,483,0,0.0,0.499999993662641
val,2016-M024,6,483,1,1.0,0.4999999954270607
val,2016-M024,7,484,0,1.0,0.5000000063373591
