phase,tourney_id,round_order,block_idx,row_in_block,y_true,probability
test,2017-0352,2,582,0,0.0,0.5040480274588371
test,2017-0352,2,582,1,1.0,0.749752624273688
test,2017-0352,2,582,2,0.0,0.2998403673495625
test,2017-0352,2,582,3,0.0,0.7043543093260495
test,2017-0352,2,582,4,0.0,0.37351992723152644
test,2017-0352,2,582,5,0.0,0.6404750596158406
test,2017-0352,2,582,6,0.0,0.7565586386423347
test,2017-0352,2,582,7,1.0,0.4381338401325151
test,2017-0352,2,582,8,1.0,0.6495619258250948
test,2017-0352,2,582,9,0.0,0.3969847042082667
test,2017-0352,2,582,10,0.0,0.5465229467482502
test,2017-0352,2,582,11,1.0,0.4742114507406237
test,2017-0352,2,582,12,0.0,0.441493348159151
test,2017-0352,2,582,13,0.0,0.7102443569096074
test,2017-0352,2,582,14,0.0,0.5367407325654353
test,2017-0352,2,582,15,1.0,0.5861180602908371
test,2017-0352,3,583,0,0.0,0.07165403284965222
test,2017-0352,3,583,1,1.0,0.45368460845794906
test,2017-0352,3,583,2,0.0,0.8626080479696799
test,2017-0352,3,583,3,1.0,0.2135807385177613
test,2017-0352,3,583,4,0.0,0.7367400036746448
test,2017-0352,3,583,5,1.0,0.7837169973615278
test,2017-0352,3,583,6,0.0,0.35305843432737943
test,2017-0352,3,583,7,0.0,0.2832658435411939
test,2017-0352,3,583,8,0.0,0.4453337734841334
test,2017-0352,3,583,9,1.0,0.7163421205106156
test,2017-0352,3,583,10,0.0,0.23814413682995791
test,2017-0352,3,583,11,1.0,0.8783938619895941
test,2017-0352,3,583,12,0.0,0.7443679129476434
test,2017-0352,3,583,13,0.0,0.5566281166162719
test,2017-0352,3,583,14,0.0,0.5159050603652736
test,2017-0352,3,583,15,1.0,0.2532641295241725
test,2017-0352,4,584,0,0.0,0.5282683992038139
test,2017-0352,4,584,1,0.0,0.7772284347623413
test,2017-0352,4,584,2,1.0,0.6883203796241886
test,2017-0352,4,584,3,1.0,0.2367635665033619
test,2017-0352,4,584,4,0.0,0.6226172182075027
test,2017-0352,4,584,5,1.0,0.7238417253632152
test,2017-0352,4,584,6,0.0,0.6107725481819654
test,2017-0352,4,584,7,1.0,0.9254832117453884
test,2017-0352,5,585,0,1.0,0.45690212947087205
test,2017-0352,5,585,1,1.0,0.5086927050590319
test,2017-0352,5,585,2,1.0,0.15094155675106408
test,2017-0352,5,585,3,0.0,0.948822165924401
test,2017-0352,6,586,0,1.0,0.21942507904513434
test,2017-0352,6,586,1,0.0,0.37471207407617285
test,2017-0352,7,587,0,0.0,0.47504839416943173
test,2017-0410,2,525,0,0.0,0.19355849374810633
test,2017-0410,2,525,1,1.0,0.6130191262416234
test,2017-0410,2,525,2,1.0,0.3277011744968203
test,2017-0410,2,525,3,0.0,0.5287346587838436
test,2017-0410,2,525,4,1.0,0.8509803236958586
test,2017-0410,2,525,5,0.0,0.47548001386479394
test,2017-0410,2,525,6,1.0,0.45002434287016657
test,2017-0410,2,525,7,0.0,0.2321257719473817
test,2017-0410,2,525,8,1.0,0.6549010771684968
test,2017-0410,2,525,9,1.0,0.8463679159320914
test,2017-0410,2,525,10,1.0,0.41279886467087384
test,2017-0410,2,525,11,0.0,0.4124382964815884
test,2017-0410,2,525,12,0.0,0.5963202008941285
test,2017-0410,2,525,13,1.0,0.6771382076163257
test,2017-0410,2,525,14,1.0,0.42583253294114765
test,2017-0410,2,525,15,1.0,0.4954710896149588
test,2017-0410,2,525,16,0.0,0.2444757429967557
test,2017-0410,2,525,17,1.0,0.43032308619800314
test,2017-0410,2,525,18,0.0,0.6841397431209444
test,2017-0410,2,525,19,1.0,0.6015638978380555
test,2017-0410,2,525,20,0.0,0.44514137487604605
test,2017-0410,2,525,21,1.0,0.6908985645554191
test,2017-0410,2,525,22,1.0,0.572881509283863
test,2017-0410,2,525,23,1.0,0.8387900263626887
test,2017-0410,3,526,0,1.0,0.5807510339992609
test,2017-0410,3,526,1,1.0,0.9002039091567792
test,2017-0410,3,526,2,0.0,0.31183062497781666
test,2017-0410,3,526,3,0.0,0.15065551741828362
test,2017-0410,3,526,4,0.0,0.13598410119577145
test,2017-0410,3,526,5,1.0,0.5976052268183503
test,2017-0410,3,526,6,1.0,0.2534589557113054
test,2017-0410,3,526,7,0.0,0.7036230517724384
test,2017-0410,3,526,8,1.0,0.2765224900534193
test,2017-0410,3,526,9,1.0,0.6113361917883162
test,2017-0410,3,526,10,0.0,0.3033211391942917
test,2017-0410,3,526,11,1.0,0.9223392056744214
test,2017-0410,3,526,12,1.0,0.8408740577505174
test,2017-0410,3,526,13,1.0,0.746903454977403
test,2017-0410,3,526,14,1.0,0.703162186859638
test,2017-0410,3,526,15,1.0,0.7598657202120469
test,2017-0410,4,527,0,0.0,0.2257960587111878
test,2017-0410,4,527,1,1.0,0.6828697201557382
test,2017-0410,4,527,2,1.0,0.4333429337783356
test,2017-0410,4,527,3,1.0,0.5178385928148795
test,2017-0410,4,527,4,0.0,0.7958673139874805
test,2017-0410,4,527,5,1.0,0.3030470152784925
test,2017-0410,4,527,6,0.0,0.8843724952196949
test,2017-0410,4,527,7,1.0,0.8303383429312157
test,2017-0410,5,528,0,1.0,0.4549364432466294
test,2017-0410,5,528,1,1.0,0.8904323129810221
test,2017-0410,5,528,2,0.0,0.6387361283877214
test,2017-0410,5,528,3,1.0,0.35756262960389934
test,2017-0410,6,529,0,1.0,0.7876771131066201
test,2017-0410,6,529,1,1.0,0.5681696168462826
test,2017-0410,7,530,0,0.0,0.11600695196578034
test,2017-0421,2,557,0,1.0,0.5649969368925347
test,2017-0421,2,557,1,0.0,0.2570246023614651
test,2017-0421,2,557,2,0.0,0.17484264801009083
test,2017-0421,2,557,3,0.0,0.27382753475073957
test,2017-0421,2,557,4,0.0,0.29859247684478774
test,2017-0421,2,557,5,1.0,0.7813944779667917
test,2017-0421,2,557,6,1.0,0.5375699647087139
test,2017-0421,2,557,7,0.0,0.6390924910961822
test,2017-0421,2,557,8,1.0,0.47112696895937856
test,2017-0421,2,557,9,1.0,0.3340845676426381
test,2017-0421,2,557,10,0.0,0.23228873933997024
test,2017-0421,2,557,11,1.0,0.7982275945144323
test,2017-0421,2,557,12,1.0,0.31617027576219303
test,2017-0421,2,557,13,1.0,0.6530477910566508
test,2017-0421,2,557,14,1.0,0.6257511858317483
test,2017-0421,2,557,15,1.0,0.44359664335055726
test,2017-0421,2,557,16,0.0,0.2939303410956368
test,2017-0421,2,557,17,0.0,0.1341981783797034
test,2017-0421,2,557,18,1.0,0.3567050883811913
test,2017-0421,2,557,19,1.0,0.7495010957186378
test,2017-0421,2,557,20,1.0,0.8098822131096373
test,2017-0421,2,557,21,1.0,0.6178515020144772
test,2017-0421,2,557,22,1.0,0.7593711490382056
test,2017-0421,2,557,23,1.0,0.31243397572757864
test,2017-0421,3,558,0,1.0,0.7561448212111107
test,2017-0421,3,558,1,0.0,0.08334811583248013
test,2017-0421,3,558,2,1.0,0.17797859735517768
test,2017-0421,3,558,3,1.0,0.3045814201159068
test,2017-0421,3,558,4,1.0,0.780904435285285
test,2017-0421,3,558,5,0.0,0.591292802852226
test,2017-0421,3,558,6,0.0,0.4814479998606447
test,2017-0421,3,558,7,1.0,0.7013632501244002
test,2017-0421,3,558,8,1.0,0.6232285765057848
test,2017-0421,3,558,9,1.0,0.5180578379158438
test,2017-0421,3,558,10,1.0,0.24113473602944954
test,2017-0421,3,558,11,1.0,0.31205628727224966
test,2017-0421,3,558,12,1.0,0.20348221434935354
test,2017-0421,3,558,13,1.0,0.3838777164523106
test,2017-0421,3,558,14,0.0,0.03202130776869853
test,2017-0421,3,558,15,0.0,0.25869575979266146
test,2017-0421,4,559,0,0.0,0.07529179968922846
test,2017-0421,4,559,1,0.0,0.5045961892732002
test,2017-0421,4,559,2,1.0,0.3218474254730703
test,2017-0421,4,559,3,0.0,0.4587573696923326
test,2017-0421,4,559,4,1.0,0.5360860340441962
test,2017-0421,4,559,5,0.0,0.3575176422254725
test,2017-0421,4,559,6,1.0,0.04044171100285622
test,2017-0421,4,559,7,1.0,0.5939222946276365
test,2017-0421,5,560,0,0.0,0.10979712020345667
test,2017-0421,5,560,1,0.0,0.5950292621823031
test,2017-0421,5,560,2,0.0,0.32871458696176137
test,2017-0421,5,560,3,1.0,0.29531629559419353
test,2017-0421,6,561,0,0.0,0.17176049994738815
test,2017-0421,6,561,1,0.0,0.06513844769913456
test,2017-0421,7,562,0,0.0,0.8446730894204071
test,2017-5014,2,576,0,0.0,0.21601820078818829
test,2017-5014,2,576,1,0.0,0.4396401282966277
test,2017-5014,2,576,2,0.0,0.5636786650514799
test,2017-5014,2,576,3,0.0,0.7177384763821902
test,2017-5014,2,576,4,1.0,0.6093397231875606
test,2017-5014,2,576,5,1.0,0.7876224701387194
test,2017-5014,2,576,6,1.0,0.3624616916931031
test,2017-5014,2,576,7,1.0,0.7455602288101102
test,2017-5014,2,576,8,0.0,0.1887071407351931
test,2017-5014,2,576,9,1.0,0.19168904627421496
test,2017-5014,2,576,10,1.0,0.3555541589188089
test,2017-5014,2,576,11,1.0,0.6497153767958103
test,2017-5014,2,576,12,0.0,0.6148273277610224
test,2017-5014,2,576,13,0.0,0.33687343704461553
test,2017-5014,2,576,14,0.0,0.456540995455773
test,2017-5014,2,576,15,1.0,0.2987871819195306
test,2017-5014,2,576,16,0.0,0.7370871438618203
test,2017-5014,2,576,17,1.0,0.46969936344713203
test,2017-5014,2,576,18,1.0,0.5971780449689831
test,2017-5014,2,576,19,0.0,0.2230484864096718
test,2017-5014,2,576,20,0.0,0.27913905942068545
test,2017-5014,2,576,21,0.0,0.6329975183393851
test,2017-5014,2,576,22,0.0,0.252004135358572
test,2017-5014,2,576,23,1.0,0.5844671348096274
test,2017-5014,3,577,0,0.0,0.11145155025470195
test,2017-5014,3,577,1,1.0,0.7267139126527316
test,2017-5014,3,577,2,0.0,0.23884622302294095
test,2017-5014,3,577,3,0.0,0.2884207274123904
test,2017-5014,3,577,4,1.0,0.4619117138351881
test,2017-5014,3,577,5,0.0,0.8132031730496228
test,2017-5014,3,577,6,0.0,0.6316681302659196
test,2017-5014,3,577,7,0.0,0.20244008331984506
test,2017-5014,3,577,8,0.0,0.1493248619461185
test,2017-5014,3,577,9,0.0,0.8001425950802422
test,2017-5014,3,577,10,0.0,0.14830652802790414
test,2017-5014,3,577,11,1.0,0.31589709947067773
test,2017-5014,3,577,12,0.0,0.34025026434199834
test,2017-5014,3,577,13,0.0,0.3152543836136269
test,2017-5014,3,577,14,0.0,0.1879636148158956
test,2017-5014,3,577,15,0.0,0.5566908167726989
test,2017-5014,4,578,0,1.0,0.3313223217085246
test,2017-5014,4,578,1,0.0,0.41063701682349857
test,2017-5014,4,578,2,1.0,0.8624889371419872
test,2017-5014,4,578,3,1.0,0.2554679909308579
test,2017-5014,4,578,4,0.0,0.3229174229720476
test,2017-5014,4,578,5,1.0,0.5815011034383696
test,2017-5014,4,578,6,0.0,0.10714014508546546
test,2017-5014,4,578,7,1.0,0.7577608950020992
test,2017-5014,5,579,0,0.0,0.1574953093131105
test,2017-5014,5,579,1,0.0,0.2821000091552875
test,2017-5014,5,579,2,0.0,0.3084901552069887
test,2017-5014,5,579,3,0.0,0.18595669483530042
test,2017-5014,6,580,0,1.0,0.78911103043904
test,2017-5014,6,580,1,0.0,0.19542692846616447
test,2017-5014,7,581,0,1.0,0.32601874151599075
test,2017-520,1,543,0,0.0,0.090032189088449
test,2017-520,1,543,1,0.0,0.18981978920626033
test,2017-520,1,543,2,0.0,0.20566145600637648
test,2017-520,1,543,3,1.0,0.49265449892113494
test,2017-520,1,543,4,0.0,0.29183022878773074
test,2017-520,1,543,5,1.0,0.7532701250955368
test,2017-520,1,543,6,1.0,0.14107490851055923
test,2017-520,1,543,7,1.0,0.8333177309123109
test,2017-520,1,543,8,1.0,0.3923379961044341
test,2017-520,1,543,9,1.0,0.3637655382843854
test,2017-520,1,543,10,1.0,0.8107943747194561
test,2017-520,1,543,11,1.0,0.8509149080104379
test,2017-520,1,543,12,1.0,0.4975841472685541
test,2017-520,1,543,13,1.0,0.9306123115826772
test,2017-520,1,543,14,1.0,0.9032922008562021
test,2017-520,1,543,15,0.0,0.30180105130496143
test,2017-520,1,543,16,0.0,0.25074549340659735
test,2017-520,1,543,17,0.0,0.7887934320731576
test,2017-520,1,543,18,0.0,0.12777334413889685
test,2017-520,1,543,19,1.0,0.30830697361759235
test,2017-520,1,543,20,0.0,0.547623970925064
test,2017-520,1,543,21,1.0,0.1853238501882374
test,2017-520,1,543,22,1.0,0.7837870237367627
test,2017-520,1,543,23,1.0,0.7234891875339037
test,2017-520,1,543,24,1.0,0.6754340341249113
test,2017-520,1,543,25,1.0,0.8124379059671724
test,2017-520,1,543,26,0.0,0.28424435125742864
test,2017-520,1,543,27,1.0,0.6327000532225433
test,2017-520,1,543,28,1.0,0.6578312148527967
test,2017-520,1,543,29,0.0,0.16744660946122514
test,2017-520,1,543,30,0.0,0.41366147165718054
test,2017-520,1,543,31,0.0,0.2510815467381609
test,2017-520,1,543,32,1.0,0.641459112454549
test,2017-520,1,543,33,0.0,0.22492835634069555
test,2017-520,1,543,34,0.0,0.7437704029046096
test,2017-520,1,543,35,1.0,0.8002340793595754
test,2017-520,1,543,36,1.0,0.29422113057534904
test,2017-520,1,543,37,1.0,0.4633212478760415
test,2017-520,1,543,38,1.0,0.7894641081467563
test,2017-520,1,543,39,0.0,0.08489318368437987
test,2017-520,1,543,40,1.0,0.6196008211660289
test,2017-520,1,543,41,0.0,0.69830584638525
test,2017-520,1,543,42,1.0,0.7512925179638611
test,2017-520,1,543,43,1.0,0.6586849093141259
test,2017-520,1,543,44,0.0,0.26016660522546
test,2017-520,1,543,45,0.0,0.6054166107135367
test,2017-520,1,543,46,0.0,0.1866371885512311
test,2017-520,1,543,47,1.0,0.9219887562684246
test,2017-520,1,543,48,0.0,0.2506156996896039
test,2017-520,1,543,49,0.0,0.3905499576660058
test,2017-520,1,543,50,0.0,0.7827569132011518
test,2017-520,1,543,51,0.0,0.24266016218701295
test,2017-520,1,543,52,1.0,0.8501860313156541
test,2017-520,1,543,53,0.0,0.4302722333563861
test,2017-520,1,543,54,0.0,0.6105257127577564
test,2017-520,1,543,55,0.0,0.27982951524238947
test,2017-520,1,543,56,1.0,0.5511491987003457
test,2017-520,1,543,57,0.0,0.6522076921146805
test,2017-520,1,543,58,1.0,0.8250604593169235
test,2017-520,1,543,59,1.0,0.3000401921552222
test,2017-520,1,543,60,1.0,0.4260626024980721
test,2017-520,1,543,61,1.0,0.6770786808258185
test,2017-520,1,543,62,0.0,0.1745163959195475
test,2017-520,1,543,63,1.0,0.5129008039257339
test,2017-520,2,544,0,0.0,0.21086136885669368
test,2017-520,2,544,1,1.0,0.7542290058948418
test,2017-520,2,544,2,0.0,0.22032606925979323
test,2017-520,2,544,3,0.0,0.3219113299235469
test,2017-520,2,544,4,0.0,0.6883270821146492
test,2017-520,2,544,5,0.0,0.11019473585580299
test,2017-520,2,544,6,0.0,0.12724442973753491
test,2017-520,2,544,7,0.0,0.6883214211498198
test,2017-520,2,544,8,0.0,0.6440458498477997
test,2017-520,2,544,9,1.0,0.6758273569287481
test,2017-520,2,544,10,0.0,0.3259757467729112
test,2017-520,2,544,11,0.0,0.05883101745128121
test,2017-520,2,544,12,0.0,0.12683802866084642
test,2017-520,2,544,13,0.0,0.809731645749262
test,2017-520,2,544,14,0.0,0.5805481122253595
test,2017-520,2,544,15,1.0,0.21362909280286785
test,2017-520,2,544,16,0.0,0.25863477745189445
test,2017-520,2,544,17,0.0,0.15630410968852484
test,2017-520,2,544,18,0.0,0.24153676020183903
test,2017-520,2,544,19,1.0,0.7303838450885632
test,2017-520,2,544,20,0.0,0.14371609859852816
test,2017-520,2,544,21,0.0,0.1870191913062906
test,2017-520,2,544,22,1.0,0.3716418786882587
test,2017-520,2,544,23,0.0,0.14998238455402535
test,2017-520,2,544,24,0.0,0.3602353370090315
test,2017-520,2,544,25,0.0,0.16682227490890164
test,2017-520,2,544,26,1.0,0.7342597538628518
test,2017-520,2,544,27,1.0,0.6358691353328153
test,2017-520,2,544,28,1.0,0.8274459793080212
test,2017-520,2,544,29,1.0,0.8021308953347066
test,2017-520,2,544,30,1.0,0.8453529006845625
test,2017-520,2,544,31,0.0,0.11043986255717056
test,2017-520,3,545,0,0.0,0.17041183307815477
test,2017-520,3,545,1,0.0,0.25125503653947806
test,2017-520,3,545,2,0.0,0.1696837530977048
test,2017-520,3,545,3,1.0,0.5660705366909445
test,2017-520,3,545,4,0.0,0.8511929528769616
test,2017-520,3,545,5,0.0,0.046880560984607966
test,2017-520,3,545,6,1.0,0.669961194372823
test,2017-520,3,545,7,0.0,0.631140054771253
test,2017-520,3,545,8,1.0,0.7835680036123399
test,2017-520,3,545,9,0.0,0.3018752533242809
test,2017-520,3,545,10,0.0,0.5427816169554354
test,2017-520,3,545,11,0.0,0.4210227667440186
test,2017-520,3,545,12,1.0,0.8662905119541263
test,2017-520,3,545,13,1.0,0.3143291415174634
test,2017-520,3,545,14,0.0,0.7340969905081532
test,2017-520,3,545,15,0.0,0.2940585997795361
test,2017-520,4,546,0,0.0,0.18564227477444395
test,2017-520,4,546,1,0.0,0.15914471264698626
test,2017-520,4,546,2,0.0,0.11626324809428856
test,2017-520,4,546,3,1.0,0.36098244503037547
test,2017-520,4,546,4,0.0,0.27743062750817077
test,2017-520,4,546,5,1.0,0.7190802028166067
test,2017-520,4,546,6,1.0,0.7801163807334545
test,2017-520,4,546,7,1.0,0.8116897335087305
test,2017-520,5,547,0,1.0,0.3386024458816682
test,2017-520,5,547,1,0.0,0.10031729858567517
test,2017-520,5,547,2,0.0,0.316252980853152
test,2017-520,5,547,3,0.0,0.565204428315002
test,2017-520,6,548,0,0.0,0.1987826980476435
test,2017-520,6,548,1,0.0,0.4039044974487036
test,2017-520,7,549,0,1.0,0.7901373125984048
test,2017-540,1,550,0,0.0,0.16721889880435326
test,2017-540,1,550,1,0.0,0.617580351854907
test,2017-540,1,550,2,1.0,0.733954305739042
test,2017-540,1,550,3,0.0,0.17244405552730396
test,2017-540,1,550,4,0.0,0.5580450453975169
test,2017-540,1,550,5,0.0,0.45244516339004787
test,2017-540,1,550,6,0.0,0.08261716363928281
test,2017-540,1,550,7,1.0,0.756922066678429
test,2017-540,1,550,8,0.0,0.33477921303758834
test,2017-540,1,550,9,0.0,0.3586107473003248
test,2017-540,1,550,10,0.0,0.6797620646165121
test,2017-540,1,550,11,0.0,0.5039956356006142
test,2017-540,1,550,12,1.0,0.5226997131707821
test,2017-540,1,550,13,1.0,0.5602585669411938
test,2017-540,1,550,14,1.0,0.9559674527638475
test,2017-540,1,550,15,0.0,0.4418197542294442
test,2017-540,1,550,16,0.0,0.9256484768300569
test,2017-540,1,550,17,1.0,0.7940379537660578
test,2017-540,1,550,18,1.0,0.5345806599238998
test,2017-540,1,550,19,0.0,0.44591378743588894
test,2017-540,1,550,20,1.0,0.46763499468879016
test,2017-540,1,550,21,1.0,0.67043358507492
test,2017-540,1,550,22,1.0,0.5233373414970406
test,2017-540,1,550,23,0.0,0.28297957018632586
test,2017-540,1,550,24,0.0,0.793531506046809
test,2017-540,1,550,25,0.0,0.14881015795189254
test,2017-540,1,550,26,1.0,0.780199175985073
test,2017-540,1,550,27,1.0,0.37108351656024186
test,2017-540,1,550,28,0.0,0.08501318588811058
test,2017-540,1,550,29,1.0,0.914364387189305
test,2017-540,1,550,30,0.0,0.5832998215471621
test,2017-540,1,550,31,0.0,0.701560027497173
test,2017-540,1,550,32,0.0,0.1840640642414949
test,2017-540,1,550,33,0.0,0.21546211317378128
test,2017-540,1,550,34,1.0,0.462511200322522
test,2017-540,1,550,35,1.0,0.793373222025069
test,2017-540,1,550,36,0.0,0.2156508252458334
test,2017-540,1,550,37,1.0,0.4002031915913114
test,2017-540,1,550,38,0.0,0.44667211899084086
test,2017-540,1,550,39,1.0,0.7590739597234887
test,2017-540,1,550,40,0.0,0.16139063933131337
test,2017-540,1,550,41,0.0,0.6785360106849235
test,2017-540,1,550,42,0.0,0.48691119251983267
test,2017-540,1,550,43,0.0,0.6820007317191639
test,2017-540,1,550,44,1.0,0.5422956570502953
test,2017-540,1,550,45,1.0,0.6149985696881841
test,2017-540,1,550,46,1.0,0.815138080544024
test,2017-540,1,550,47,1.0,0.8473257581897121
test,2017-540,1,550,48,1.0,0.7596874827795732
test,2017-540,1,550,49,1.0,0.7374148791178868
test,2017-540,1,550,50,1.0,0.5207330978130889
test,2017-540,1,550,51,1.0,0.9557451178746258
test,2017-540,1,550,52,0.0,0.21356880467896747
test,2017-540,1,550,53,1.0,0.8358594465584814
test,2017-540,1,550,54,0.0,0.659227178601761
test,2017-540,1,550,55,1.0,0.8943555487820063
test,2017-540,1,550,56,1.0,0.33980794270206066
test,2017-540,1,550,57,0.0,0.494500797360871
test,2017-540,1,550,58,1.0,0.40956164460505856
test,2017-540,1,550,59,1.0,0.782095902443075
test,2017-540,1,550,60,1.0,0.37033383797535696
test,2017-540,1,550,61,1.0,0.6509547409529457
test,2017-540,1,550,62,0.0,0.31273916136702473
test,2017-540,1,550,63,1.0,0.3795064731285521
test,2017-540,2,551,0,0.0,0.14615252290890976
test,2017-540,2,551,1,1.0,0.7959530950944302
test,2017-540,2,551,2,1.0,0.21493094514072433
test,2017-540,2,551,3,0.0,0.42130828241669077
test,2017-540,2,551,4,0.0,0.05260971696775087
test,2017-540,2,551,5,0.0,0.5764346491219468
test,2017-540,2,551,6,1.0,0.7071207645518668
test,2017-540,2,551,7,0.0,0.22305104009319815
test,2017-540,2,551,8,1.0,0.7122126791085884
test,2017-540,2,551,9,1.0,0.6704498643613734
test,2017-540,2,551,10,0.0,0.7336431873756153
test,2017-540,2,551,11,0.0,0.23952854544393912
test,2017-540,2,551,12,1.0,0.7550727050238857
test,2017-540,2,551,13,1.0,0.7712946622496172
test,2017-540,2,551,14,1.0,0.8237967539794204
test,2017-540,2,551,15,1.0,0.69330686954627
test,2017-540,2,551,16,0.0,0.18079067352914874
test,2017-540,2,551,17,1.0,0.8708121745710925
test,2017-540,2,551,18,1.0,0.6689489443477737
test,2017-540,2,551,19,1.0,0.4156133488563248
test,2017-540,2,551,20,1.0,0.6561812481198775
test,2017-540,2,551,21,1.0,0.9385684905615513
test,2017-540,2,551,22,0.0,0.4868830798807583
test,2017-540,2,551,23,1.0,0.5613899326335705
test,2017-540,2,551,24,0.0,0.3131433306582751
test,2017-540,2,551,25,0.0,0.706551448190402
test,2017-540,2,551,26,1.0,0.2432041650813007
test,2017-540,2,551,27,0.0,0.38207523367240026
test,2017-540,2,551,28,1.0,0.797229060962477
test,2017-540,2,551,29,1.0,0.9228539715531968
test,2017-540,2,551,30,1.0,0.663357295529677
test,2017-540,2,551,31,0.0,0.11466712475863584
test,2017-540,3,552,0,0.0,0.3066724850813586
test,2017-540,3,552,1,1.0,0.7000097411941442
test,2017-540,3,552,2,1.0,0.8933878776606997
test,2017-540,3,552,3,1.0,0.2589724444462551
test,2017-540,3,552,4,0.0,0.1649434486348408
test,2017-540,3,552,5,1.0,0.9396011544462471
test,2017-540,3,552,6,0.0,0.19655729479205103
test,2017-540,3,552,7,1.0,0.8485023675927523
test,2017-540,3,552,8,0.0,0.3355785208892106
test,2017-540,3,552,9,1.0,0.7293849530392703
test,2017-540,3,552,10,1.0,0.29745418465681406
test,2017-540,3,552,11,0.0,0.36769063350416437
test,2017-540,3,552,12,1.0,0.9355294572060637
test,2017-540,3,552,13,1.0,0.7449519195017635
test,2017-540,3,552,14,0.0,0.6189387755399148
test,2017-540,3,552,15,1.0,0.7193912182972847
test,2017-540,4,553,0,0.0,0.13049424246862795
test,2017-540,4,553,1,0.0,0.6388784282775585
test,2017-540,4,553,2,1.0,0.879241289727527
test,2017-540,4,553,3,0.0,0.6221107980798616
test,2017-540,4,553,4,1.0,0.5609645349170637
test,2017-540,4,553,5,1.0,0.07176002944063746
test,2017-540,4,553,6,1.0,0.47511915164427765
test,2017-540,4,553,7,0.0,0.20355189206385338
test,2017-540,5,554,0,0.0,0.7496932305194431
test,2017-540,5,554,1,0.0,0.13192411070701343
test,2017-540,5,554,2,0.0,0.27521895682053976
test,2017-540,5,554,3,0.0,0.7833908886268078
test,2017-540,6,555,0,0.0,0.13002585289171742
test,2017-540,6,555,1,0.0,0.3249022947002716
test,2017-540,7,556,0,0.0,0.13391137028841038
test,2017-560,1,569,0,1.0,0.9243090375321125
test,2017-560,1,569,1,0.0,0.5255578938137133
test,2017-560,1,569,2,0.0,0.19541345801242488
test,2017-560,1,569,3,1.0,0.5070986128551321
test,2017-560,1,569,4,1.0,0.36203381677330604
test,2017-560,1,569,5,1.0,0.7444545658873343
test,2017-560,1,569,6,1.0,0.10089007022122697
test,2017-560,1,569,7,1.0,0.6934529613920867
test,2017-560,1,569,8,1.0,0.5752247384055212
test,2017-560,1,569,9,0.0,0.367280820503473
test,2017-560,1,569,10,1.0,0.6577333093778287
test,2017-560,1,569,11,1.0,0.6518370562807609
test,2017-560,1,569,12,0.0,0.04568491432728095
test,2017-560,1,569,13,1.0,0.9176115788734133
test,2017-560,1,569,14,1.0,0.439583944629541
test,2017-560,1,569,15,1.0,0.8341341100254699
test,2017-560,1,569,16,0.0,0.45703962600071024
test,2017-560,1,569,17,0.0,0.2803734857251332
test,2017-560,1,569,18,0.0,0.16538686368374814
test,2017-560,1,569,19,0.0,0.46946303801591
test,2017-560,1,569,20,1.0,0.8501767921357101
test,2017-560,1,569,21,0.0,0.20475760034065535
test,2017-560,1,569,22,0.0,0.46357701748139524
test,2017-560,1,569,23,0.0,0.2552239198717258
test,2017-560,1,569,24,1.0,0.11304593750592914
test,2017-560,1,569,25,1.0,0.24386556297692685
test,2017-560,1,569,26,0.0,0.2446191195827707
test,2017-560,1,569,27,1.0,0.47262992078071936
test,2017-560,1,569,28,1.0,0.9468573122934593
test,2017-560,1,569,29,0.0,0.4752091800549236
test,2017-560,1,569,30,0.0,0.7290594750619381
test,2017-560,1,569,31,1.0,0.2575589671520326
test,2017-560,1,569,32,1.0,0.7049885114319475
test,2017-560,1,569,33,0.0,0.07576927114497056
test,2017-560,1,569,34,1.0,0.7655130749168165
test,2017-560,1,569,35,1.0,0.26135224568188187
test,2017-560,1,569,36,1.0,0.5303624995166691
test,2017-560,1,569,37,1.0,0.6856097984185539
test,2017-560,1,569,38,1.0,0.7520271629101725
test,2017-560,1,569,39,1.0,0.867280905878964
test,2017-560,1,569,40,0.0,0.5860695314851991
test,2017-560,1,569,41,0.0,0.20180798958554652
test,2017-560,1,569,42,0.0,0.26398216962126614
test,2017-560,1,569,43,0.0,0.5569211317390906
test,2017-560,1,569,44,0.0,0.3957985009934108
test,2017-560,1,569,45,0.0,0.2802450361376734
test,2017-560,1,569,46,0.0,0.2136730215219048
test,2017-560,1,569,47,1.0,0.9060259245342249
test,2017-560,1,569,48,0.0,0.43962276508478254
test,2017-560,1,569,49,1.0,0.5064210165986124
test,2017-560,1,569,50,0.0,0.11800894796100866
test,2017-560,1,569,51,0.0,0.3259545014732295
test,2017-560,1,569,52,1.0,0.635471899381664
test,2017-560,1,569,53,0.0,0.5877223318720222
test,2017-560,1,569,54,1.0,0.30756605620161787
test,2017-560,1,569,55,1.0,0.7814940146316669
test,2017-560,1,569,56,1.0,0.7589361177472829
test,2017-560,1,569,57,0.0,0.2633562067930225
test,2017-560,1,569,58,0.0,0.19406674589648681
test,2017-560,1,569,59,0.0,0.8164592238212158
test,2017-560,1,569,60,1.0,0.5449297076049479
test,2017-560,1,569,61,1.0,0.4714144435814972
test,2017-560,1,569,62,0.0,0.4427641949129604
test,2017-560,1,569,63,1.0,0.646842504123642
test,2017-560,2,570,0,0.0,0.5696117704524687
test,2017-560,2,570,1,1.0,0.7607691473014216
test,2017-560,2,570,2,0.0,0.573091861443364
test,2017-560,2,570,3,0.0,0.6329407138374696
test,2017-560,2,570,4,1.0,0.7773963871762484
test,2017-560,2,570,5,1.0,0.872090681285924
test,2017-560,2,570,6,0.0,0.6025109097517335
test,2017-560,2,570,7,0.0,0.4920475287296457
test,2017-560,2,570,8,1.0,0.33185599582084374
test,2017-560,2,570,9,1.0,0.42919140019462304
test,2017-560,2,570,10,1.0,0.41939194436723726
test,2017-560,2,570,11,0.0,0.808590165518684
test,2017-560,2,570,12,0.0,0.2750598481310872
test,2017-560,2,570,13,0.0,0.28017314172234625
test,2017-560,2,570,14,0.0,0.19650024184957388
test,2017-560,2,570,15,1.0,0.7980686441270051
test,2017-560,2,570,16,0.0,0.17731425917138272
test,2017-560,2,570,17,1.0,0.3372406236948813
test,2017-560,2,570,18,0.0,0.35949256140785935
test,2017-560,2,570,19,1.0,0.537274178073855
test,2017-560,2,570,20,1.0,0.9479407559040083
test,2017-560,2,570,21,1.0,0.1508151874430521
test,2017-560,2,570,22,0.0,0.31404512436433835
test,2017-560,2,570,23,1.0,0.6998956779680641
test,2017-560,2,570,24,1.0,0.8080531008212287
test,2017-560,2,570,25,0.0,0.7755780612421608
test,2017-560,2,570,26,0.0,0.29418129347055244
test,2017-560,2,570,27,1.0,0.34603015799408077
test,2017-560,2,570,28,0.0,0.16600536249084868
test,2017-560,2,570,29,1.0,0.7706827914738346
test,2017-560,2,570,30,0.0,0.04086129416455103
test,2017-560,2,570,31,0.0,0.14900146844355786
test,2017-560,3,571,0,0.0,0.3082710192660735
test,2017-560,3,571,1,1.0,0.9511444321025626
test,2017-560,3,571,2,0.0,0.6872375015155984
test,2017-560,3,571,3,0.0,0.37843081823348745
test,2017-560,3,571,4,1.0,0.5860858464950243
test,2017-560,3,571,5,1.0,0.6694802708167379
test,2017-560,3,571,6,0.0,0.7517513273035616
test,2017-560,3,571,7,0.0,0.20491727505436216
test,2017-560,3,571,8,1.0,0.7115933387978407
test,2017-560,3,571,9,1.0,0.38734398920630864
test,2017-560,3,571,10,0.0,0.41188243951498377
test,2017-560,3,571,11,0.0,0.07954662948519153
test,2017-560,3,571,12,0.0,0.5524403554548257
test,2017-560,3,571,13,1.0,0.5474284983200396
test,2017-560,3,571,14,0.0,0.47373357867110166
test,2017-560,3,571,15,0.0,0.2825090233368962
test,2017-560,4,572,0,1.0,0.5812582257634495
test,2017-560,4,572,1,0.0,0.3575850914333837
test,2017-560,4,572,2,0.0,0.2669886415526966
test,2017-560,4,572,3,0.0,0.3167045996143563
test,2017-560,4,572,4,1.0,0.289589667056452
test,2017-560,4,572,5,0.0,0.056731523474999455
test,2017-560,4,572,6,1.0,0.22980418429067534
test,2017-560,4,572,7,1.0,0.9199080879258029
test,2017-560,5,573,0,1.0,0.5882014623400899
test,2017-560,5,573,1,0.0,0.44107297153582775
test,2017-560,5,573,2,1.0,0.10745326805500376
test,2017-560,5,573,3,1.0,0.9238237770528063
test,2017-560,6,574,0,1.0,0.5290253680985273
test,2017-560,6,574,1,0.0,0.12010978992622132
test,2017-560,7,575,0,1.0,0.857812494131417
test,2017-580,1,504,0,1.0,0.9515472334069202
test,2017-580,1,504,1,0.0,0.44355259029468436
test,2017-580,1,504,2,0.0,0.11992416981333012
test,2017-580,1,504,3,0.0,0.6685703402490002
test,2017-580,1,504,4,1.0,0.552136509855085
test,2017-580,1,504,5,0.0,0.06871522467500554
test,2017-580,1,504,6,0.0,0.14152737383573716
test,2017-580,1,504,7,0.0,0.35917140553524285
test,2017-580,1,504,8,1.0,0.38128528338532713
test,2017-580,1,504,9,1.0,0.2857567603962909
test,2017-580,1,504,10,0.0,0.3236958518529343
test,2017-580,1,504,11,1.0,0.660410641279214
test,2017-580,1,504,12,0.0,0.30290471143385006
test,2017-580,1,504,13,1.0,0.9135227965399559
test,2017-580,1,504,14,1.0,0.8940650401036647
test,2017-580,1,504,15,1.0,0.7680864628668841
test,2017-580,1,504,16,1.0,0.5735574627290818
test,2017-580,1,504,17,1.0,0.2934907943029197
test,2017-580,1,504,18,1.0,0.7826248542404719
test,2017-580,1,504,19,0.0,0.45579550300637295
test,2017-580,1,504,20,1.0,0.5349731828143467
test,2017-580,1,504,21,1.0,0.8868632960350938
test,2017-580,1,504,22,0.0,0.850812122080443
test,2017-580,1,504,23,1.0,0.6200760972566653
test,2017-580,1,504,24,1.0,0.5550030790387231
test,2017-580,1,504,25,0.0,0.07430974099197604
test,2017-580,1,504,26,0.0,0.303228634777407
test,2017-580,1,504,27,0.0,0.48326595655306787
test,2017-580,1,504,28,1.0,0.34578909820900317
test,2017-580,1,504,29,0.0,0.030831361505296747
test,2017-580,1,504,30,0.0,0.7006340402172304
test,2017-580,1,504,31,0.0,0.555449127216797
test,2017-580,1,504,32,0.0,0.5062938895915723
test,2017-580,1,504,33,0.0,0.09748383064617933
test,2017-580,1,504,34,1.0,0.7150954342533017
test,2017-580,1,504,35,0.0,0.19452719711140973
test,2017-580,1,504,36,1.0,0.5058526230897242
test,2017-580,1,504,37,0.0,0.44594820623512865
test,2017-580,1,504,38,0.0,0.07688300937255528
test,2017-580,1,504,39,1.0,0.8434932486428172
test,2017-580,1,504,40,0.0,0.33772638091174
test,2017-580,1,504,41,1.0,0.4749949946780682
test,2017-580,1,504,42,1.0,0.6519996216954651
test,2017-580,1,504,43,1.0,0.37104707417400845
test,2017-580,1,504,44,1.0,0.628358974930693
test,2017-580,1,504,45,1.0,0.2410507789960258
test,2017-580,1,504,46,1.0,0.7378936276733719
test,2017-580,1,504,47,1.0,0.9290279805461785
test,2017-580,1,504,48,0.0,0.2470092437283353
test,2017-580,1,504,49,0.0,0.7741708710761197
test,2017-580,1,504,50,0.0,0.3815298779818397
test,2017-580,1,504,51,0.0,0.596784986281528
test,2017-580,1,504,52,1.0,0.7317524020401212
test,2017-580,1,504,53,1.0,0.6988032156249164
test,2017-580,1,504,54,1.0,0.6786816304607827
test,2017-580,1,504,55,1.0,0.3555482566428196
test,2017-580,1,504,56,0.0,0.0917101004643323
test,2017-580,1,504,57,1.0,0.8970154066031509
test,2017-580,1,504,58,0.0,0.1672388953345872
test,2017-580,1,504,59,1.0,0.6720506608945939
test,2017-580,1,504,60,1.0,0.4586197928903809
test,2017-580,1,504,61,0.0,0.19858292026994628
test,2017-580,1,504,62,0.0,0.08993395444908038
test,2017-580,1,504,63,1.0,0.45505663524938655
test,2017-580,2,505,0,1.0,0.7341817798463938
test,2017-580,2,505,1,1.0,0.8094920244836555
test,2017-580,2,505,2,0.0,0.20756953534117015
test,2017-580,2,505,3,0.0,0.12392517222030949
test,2017-580,2,505,4,1.0,0.8851972652977572
test,2017-580,2,505,5,1.0,0.7374433230888069
test,2017-580,2,505,6,1.0,0.8132312644019166
test,2017-580,2,505,7,1.0,0.44464513714676707
test,2017-580,2,505,8,1.0,0.7852682503496567
test,2017-580,2,505,9,0.0,0.09617680413703619
test,2017-580,2,505,10,1.0,0.45312949850314
test,2017-580,2,505,11,1.0,0.8739809319598114
test,2017-580,2,505,12,0.0,0.10615066953970695
test,2017-580,2,505,13,1.0,0.49801310667175214
test,2017-580,2,505,14,1.0,0.8331493823526909
test,2017-580,2,505,15,0.0,0.11492412216105843
test,2017-580,2,505,16,1.0,0.8845315182001837
test,2017-580,2,505,17,0.0,0.7350501480298584
test,2017-580,2,505,18,1.0,0.5838182547747544
test,2017-580,2,505,19,1.0,0.8296576285171493
test,2017-580,2,505,20,1.0,0.8852935571515465
test,2017-580,2,505,21,1.0,0.4370704423926807
test,2017-580,2,505,22,1.0,0.819529974549725
test,2017-580,2,505,23,1.0,0.7168133266167432
test,2017-580,2,505,24,1.0,0.7810551409932356
test,2017-580,2,505,25,0.0,0.783953572872003
test,2017-580,2,505,26,1.0,0.7250538895969112
test,2017-580,2,505,27,0.0,0.881294889442874
test,2017-580,2,505,28,1.0,0.434367992801061
test,2017-580,2,505,29,1.0,0.9799013242812309
test,2017-580,2,505,30,1.0,0.030343352546229354
test,2017-580,2,505,31,0.0,0.528721099544837
test,2017-580,3,506,0,1.0,0.6955963865978395
test,2017-580,3,506,1,1.0,0.9550332083399738
test,2017-580,3,506,2,1.0,0.3644156081721519
test,2017-580,3,506,3,1.0,0.7640001694802885
test,2017-580,3,506,4,0.0,0.3668653089176308
test,2017-580,3,506,5,0.0,0.3022119703915726
test,2017-580,3,506,6,1.0,0.7031436249100347
test,2017-580,3,506,7,1.0,0.7916662513659612
test,2017-580,3,506,8,1.0,0.8912093850685219
test,2017-580,3,506,9,0.0,0.7356872216651794
test,2017-580,3,506,10,1.0,0.5583470219799824
test,2017-580,3,506,11,0.0,0.4032315613697343
test,2017-580,3,506,12,0.0,0.13966821593383516
test,2017-580,3,506,13,0.0,0.07434054893394387
test,2017-580,3,506,14,0.0,0.6828168782361671
test,2017-580,3,506,15,1.0,0.6693898756650951
test,2017-580,4,507,0,0.0,0.13079683493322575
test,2017-580,4,507,1,1.0,0.5951809630890624
test,2017-580,4,507,2,0.0,0.31499901078788756
test,2017-580,4,507,3,0.0,0.6844718020686451
test,2017-580,4,507,4,0.0,0.16594769340026277
test,2017-580,4,507,5,0.0,0.1254620748299844
test,2017-580,4,507,6,0.0,0.8276406632713371
test,2017-580,4,507,7,0.0,0.9491357836235063
test,2017-580,5,508,0,0.0,0.31220849540502493
test,2017-580,5,508,1,0.0,0.6305061808414134
test,2017-580,5,508,2,0.0,0.41650759220152944
test,2017-580,5,508,3,1.0,0.7291564900662442
test,2017-580,6,509,0,0.0,0.5354205877193169
test,2017-580,6,509,1,1.0,0.3297191193847251
test,2017-580,7,510,0,1.0,0.5206437816693829
test,2017-M006,1,511,0,1.0,0.4496658790499465
test,2017-M006,1,511,1,1.0,0.24122922983084955
test,2017-M006,1,511,2,1.0,0.4901302150314565
test,2017-M006,1,511,3,0.0,0.39112790272129866
test,2017-M006,1,511,4,1.0,0.6181614059058885
test,2017-M006,1,511,5,0.0,0.31714737378826907
test,2017-M006,1,511,6,1.0,0.325089123283631
test,2017-M006,1,511,7,1.0,0.5305762350167506
test,2017-M006,1,511,8,0.0,0.6901534783442399
test,2017-M006,1,511,9,0.0,0.2872266042996198
test,2017-M006,1,511,10,0.0,0.44280242960261873
test,2017-M006,1,511,11,1.0,0.567478070175178
test,2017-M006,1,511,12,0.0,0.34198811638493937
test,2017-M006,1,511,13,1.0,0.7297452178039671
test,2017-M006,1,511,14,0.0,0.5965880494573558
test,2017-M006,1,511,15,0.0,0.5520229006597038
test,2017-M006,1,511,16,1.0,0.7923427620175176
test,2017-M006,1,511,17,0.0,0.48359891184744397
test,2017-M006,1,511,18,1.0,0.32320535855058596
test,2017-M006,1,511,19,1.0,0.41645989204979017
test,2017-M006,1,511,20,1.0,0.6846427429461746
test,2017-M006,1,511,21,1.0,0.2933224139384502
test,2017-M006,1,511,22,0.0,0.2892896829344036
test,2017-M006,1,511,23,1.0,0.7436628462555039
test,2017-M006,1,511,24,0.0,0.38334556732845476
test,2017-M006,1,511,25,0.0,0.3332972625869012
test,2017-M006,1,511,26,1.0,0.2984117394130544
test,2017-M006,1,511,27,0.0,0.5917698588910777
test,2017-M006,1,511,28,0.0,0.5538609921777641
test,2017-M006,1,511,29,0.0,0.37238924859123457
test,2017-M006,1,511,30,1.0,0.6402917299904166
test,2017-M006,1,511,31,1.0,0.5415670043582516
test,2017-M006,2,512,0,1.0,0.38482145513732274
test,2017-M006,2,512,1,0.0,0.9461155539244429
test,2017-M006,2,512,2,1.0,0.6991462692747912
test,2017-M006,2,512,3,0.0,0.1545839559903034
test,2017-M006,2,512,4,0.0,0.2927775077249977
test,2017-M006,2,512,5,0.0,0.40693923998841797
test,2017-M006,2,512,6,0.0,0.470913459873923
test,2017-M006,2,512,7,0.0,0.8171139303434943
test,2017-M006,2,512,8,1.0,0.7646707610539198
test,2017-M006,2,512,9,0.0,0.4799612245763951
test,2017-M006,2,512,10,1.0,0.2959286239337229
test,2017-M006,2,512,11,1.0,0.8137202845145274
test,2017-M006,2,512,12,0.0,0.19155196655471063
test,2017-M006,2,512,13,0.0,0.1859194337567594
test,2017-M006,2,512,14,0.0,0.14994616999725446
test,2017-M006,2,512,15,0.0,0.37205415009085163
test,2017-M006,2,512,16,1.0,0.5316577234935743
test,2017-M006,2,512,17,0.0,0.7619680295756884
test,2017-M006,2,512,18,0.0,0.18447631145605872
test,2017-M006,2,512,19,1.0,0.5466251488938016
test,2017-M006,2,512,20,0.0,0.5823202914634239
test,2017-M006,2,512,21,0.0,0.4194794472410458
test,2017-M006,2,512,22,0.0,0.3408264431907567
test,2017-M006,2,512,23,1.0,0.8491679146978975
test,2017-M006,2,512,24,1.0,0.5857425610880481
test,2017-M006,2,512,25,1.0,0.4941453219338976
test,2017-M006,2,512,26,1.0,0.9173854163231353
test,2017-M006,2,512,27,1.0,0.8737024997144026
test,2017-M006,2,512,28,0.0,0.22833975724954791
test,2017-M006,2,512,29,1.0,0.7199504728131398
test,2017-M006,2,512,30,1.0,0.828402055886174
test,2017-M006,2,512,31,1.0,0.5335982708513022
test,2017-M006,3,513,0,1.0,0.3858346174956899
test,2017-M006,3,513,1,0.0,0.13678147224044404
test,2017-M006,3,513,2,1.0,0.7618418527685862
test,2017-M006,3,513,3,1.0,0.8868073058392004
test,2017-M006,3,513,4,1.0,0.8232863181615527
test,2017-M006,3,513,5,1.0,0.48292549281627034
test,2017-M006,3,513,6,0.0,0.5652703682444957
test,2017-M006,3,513,7,1.0,0.693741776401481
test,2017-M006,3,513,8,1.0,0.49242535877403804
test,2017-M006,3,513,9,0.0,0.6286922651872768
test,2017-M006,3,513,10,0.0,0.5981080680272632
test,2017-M006,3,513,11,0.0,0.7998571281744957
test,2017-M006,3,513,12,0.0,0.19861422729330738
test,2017-M006,3,513,13,1.0,0.44176640610382195
test,2017-M006,3,513,14,1.0,0.7823165431047376
test,2017-M006,3,513,15,0.0,0.7538928093381887
test,2017-M006,4,514,0,0.0,0.41887663371052924
test,2017-M006,4,514,1,0.0,0.7953461516868398
test,2017-M006,4,514,2,1.0,0.8045691919127709
test,2017-M006,4,514,3,0.0,0.6784844686607598
test,2017-M006,4,514,4,0.0,0.21759171026113647
test,2017-M006,4,514,5,0.0,0.26722603540913054
test,2017-M006,4,514,6,0.0,0.7850739313358842
test,2017-M006,4,514,7,0.0,0.2972059942144821
test,2017-M006,5,515,0,1.0,0.5709039347690852
test,2017-M006,5,515,1,1.0,0.6736771245694015
test,2017-M006,5,515,2,0.0,0.5891362855169016
test,2017-M006,5,515,3,0.0,0.1320284329985233
test,2017-M006,6,516,0,1.0,0.7664467757808969
test,2017-M006,6,516,1,1.0,0.7872563269180396
test,2017-M006,7,517,0,0.0,0.23382148596174235
test,2017-M007,1,518,0,0.0,0.3898213608017405
test,2017-M007,1,518,1,0.0,0.5886915723365758
test,2017-M007,1,518,2,1.0,0.5188475504596401
test,2017-M007,1,518,3,1.0,0.7553582312573545
test,2017-M007,1,518,4,1.0,0.6081746593862335
test,2017-M007,1,518,5,1.0,0.39046663263001913
test,2017-M007,1,518,6,1.0,0.7182845719404489
test,2017-M007,1,518,7,1.0,0.6980973741684533
test,2017-M007,1,518,8,1.0,0.7157685003731634
test,2017-M007,1,518,9,1.0,0.4311772252891646
test,2017-M007,1,518,10,1.0,0.6864551418068383
test,2017-M007,1,518,11,0.0,0.2934352414829761
test,2017-M007,1,518,12,1.0,0.3653342103729448
test,2017-M007,1,518,13,1.0,0.7924047975065508
test,2017-M007,1,518,14,1.0,0.6805078187314931
test,2017-M007,1,518,15,0.0,0.4320217813682846
test,2017-M007,1,518,16,1.0,0.7594328232552096
test,2017-M007,1,518,17,0.0,0.4816626643088256
test,2017-M007,1,518,18,1.0,0.645053505285903
test,2017-M007,1,518,19,1.0,0.2400581670942307
test,2017-M007,1,518,20,1.0,0.6173397702302681
test,2017-M007,1,518,21,1.0,0.6527708671259601
test,2017-M007,1,518,22,0.0,0.36795188304570087
test,2017-M007,1,518,23,1.0,0.46856629766527325
test,2017-M007,1,518,24,1.0,0.5504539046960166
test,2017-M007,1,518,25,1.0,0.5721924349113744
test,2017-M007,1,518,26,0.0,0.550949510316215
test,2017-M007,1,518,27,0.0,0.45835114191643306
test,2017-M007,1,518,28,0.0,0.3661500363590161
test,2017-M007,1,518,29,0.0,0.36721622430362966
test,2017-M007,1,518,30,1.0,0.6777408562901309
test,2017-M007,1,518,31,0.0,0.546480024286826
test,2017-M007,2,519,0,0.0,0.10003382805197895
test,2017-M007,2,519,1,0.0,0.36990222170608644
test,2017-M007,2,519,2,1.0,0.7941174133490994
test,2017-M007,2,519,3,0.0,0.14899939718030036
test,2017-M007,2,519,4,1.0,0.7407120898749469
test,2017-M007,2,519,5,0.0,0.40935292512095234
test,2017-M007,2,519,6,0.0,0.717751065442899
test,2017-M007,2,519,7,0.0,0.032646873329916774
test,2017-M007,2,519,8,0.0,0.418999638123503
test,2017-M007,2,519,9,1.0,0.6078249168366815
test,2017-M007,2,519,10,1.0,0.8342546933355447
test,2017-M007,2,519,11,1.0,0.8189811405398214
test,2017-M007,2,519,12,1.0,0.37845322759305033
test,2017-M007,2,519,13,0.0,0.2813665957873546
test,2017-M007,2,519,14,0.0,0.452992954055165
test,2017-M007,2,519,15,1.0,0.22177711444836948
test,2017-M007,2,519,16,1.0,0.5234655444682301
test,2017-M007,2,519,17,1.0,0.8869556430683815
test,2017-M007,2,519,18,0.0,0.6101791078972659
test,2017-M007,2,519,19,1.0,0.15904661587994978
test,2017-M007,2,519,20,1.0,0.7737450856622022
test,2017-M007,2,519,21,1.0,0.4280855471378464
test,2017-M007,2,519,22,0.0,0.20057238701510705
test,2017-M007,2,519,23,0.0,0.6728667819403504
test,2017-M007,2,519,24,1.0,0.5908469249702447
test,2017-M007,2,519,25,1.0,0.42900051167358816
test,2017-M007,2,519,26,0.0,0.4524721964534906
test,2017-M007,2,519,27,1.0,0.22172798784230108
test,2017-M007,2,519,28,1.0,0.17857417973915196
test,2017-M007,2,519,29,1.0,0.3286640629756208
test,2017-M007,2,519,30,0.0,0.23017292810817364
test,2017-M007,2,519,31,1.0,0.6723940358479115
test,2017-M007,3,520,0,0.0,0.18695953968289883
test,2017-M007,3,520,1,1.0,0.12204804850311451
test,2017-M007,3,520,2,0.0,0.4707517546245094
test,2017-M007,3,520,3,0.0,0.38013751572216353
test,2017-M007,3,520,4,1.0,0.40264096475241873
test,2017-M007,3,520,5,1.0,0.8295618747954993
test,2017-M007,3,520,6,1.0,0.5478955592793371
test,2017-M007,3,520,7,0.0,0.13863804800815105
test,2017-M007,3,520,8,0.0,0.24830983867258188
test,2017-M007,3,520,9,0.0,0.18606555437935085
test,2017-M007,3,520,10,1.0,0.3425575033946461
test,2017-M007,3,520,11,0.0,0.31226362750754383
test,2017-M007,3,520,12,0.0,0.16770371176499912
test,2017-M007,3,520,13,1.0,0.9504682882909538
test,2017-M007,3,520,14,1.0,0.786414848524945
test,2017-M007,3,520,15,0.0,0.44555654492470786
test,2017-M007,4,521,0,0.0,0.1291929658160001
test,2017-M007,4,521,1,1.0,0.20015883657731648
test,2017-M007,4,521,2,0.0,0.6622932920325753
test,2017-M007,4,521,3,0.0,0.13832078744374893
test,2017-M007,4,521,4,0.0,0.259027558916909
test,2017-M007,4,521,5,1.0,0.840695865372372
test,2017-M007,4,521,6,1.0,0.4142877417725584
test,2017-M007,4,521,7,1.0,0.8480444851228494
test,2017-M007,5,522,0,0.0,0.38952601212906895
test,2017-M007,5,522,1,0.0,0.1176403043498401
test,2017-M007,5,522,2,1.0,0.6329833076086278
test,2017-M007,5,522,3,1.0,0.20429266707644014
test,2017-M007,6,523,0,0.0,0.12469264022395701
test,2017-M007,6,523,1,1.0,0.823007828530452
test,2017-M007,7,524,0,0.0,0.2537849098772089
test,2017-M009,2,537,0,0.0,0.2705305937285749
test,2017-M009,2,537,1,1.0,0.4518464649188006
test,2017-M009,2,537,2,0.0,0.7838364214629687
test,2017-M009,2,537,3,0.0,0.5374669196358797
test,2017-M009,2,537,4,0.0,0.4171953958403791
test,2017-M009,2,537,5,1.0,0.4686631035348595
test,2017-M009,2,537,6,0.0,0.39926182224634904
test,2017-M009,2,537,7,1.0,0.6298268090408878
test,2017-M009,2,537,8,0.0,0.6504991772762312
test,2017-M009,2,537,9,1.0,0.5223729702723656
test,2017-M009,2,537,10,0.0,0.3092922599029562
test,2017-M009,2,537,11,1.0,0.4235840305033599
test,2017-M009,2,537,12,1.0,0.6187211301639975
test,2017-M009,2,537,13,0.0,0.141611305329682
test,2017-M009,2,537,14,1.0,0.8507170391324687
test,2017-M009,2,537,15,0.0,0.5358302912592101
test,2017-M009,2,537,16,1.0,0.7645771374003799
test,2017-M009,2,537,17,0.0,0.27082478629601153
test,2017-M009,2,537,18,0.0,0.6178411315728704
test,2017-M009,2,537,19,0.0,0.4004786019257454
test,2017-M009,2,537,20,1.0,0.5757133766187461
test,2017-M009,2,537,21,0.0,0.3661851245258474
test,2017-M009,2,537,22,0.0,0.6143482296292848
test,2017-M009,2,537,23,0.0,0.18379614104091582
test,2017-M009,3,538,0,0.0,0.6874765730041023
test,2017-M009,3,538,1,1.0,0.7570308992745534
test,2017-M009,3,538,2,1.0,0.8243376590069198
test,2017-M009,3,538,3,0.0,0.23375093247154907
test,2017-M009,3,538,4,1.0,0.5155326587120013
test,2017-M009,3,538,5,1.0,0.7037977279486891
test,2017-M009,3,538,6,1.0,0.8041910625560761
test,2017-M009,3,538,7,1.0,0.7107946125656334
test,2017-M009,3,538,8,1.0,0.6153763601646212
test,2017-M009,3,538,9,0.0,0.2049490275075516
test,2017-M009,3,538,10,1.0,0.70903387805376
test,2017-M009,3,538,11,1.0,0.9457802775878271
test,2017-M009,3,538,12,1.0,0.7567058163927983
test,2017-M009,3,538,13,1.0,0.43948278838502697
test,2017-M009,3,538,14,0.0,0.40634603567551464
test,2017-M009,3,538,15,1.0,0.9082659942155065
test,2017-M009,4,539,0,1.0,0.7466435694299364
test,2017-M009,4,539,1,1.0,0.1810040419809814
test,2017-M009,4,539,2,0.0,0.24248923723928517
test,2017-M009,4,539,3,0.0,0.7428907291234649
test,2017-M009,4,539,4,1.0,0.22085854378190312
test,2017-M009,4,539,5,1.0,0.36504194631477543
test,2017-M009,4,539,6,1.0,0.5876228167376224
test,2017-M009,4,539,7,1.0,0.8899194799586135
test,2017-M009,5,540,0,0.0,0.18390986773839602
test,2017-M009,5,540,1,0.0,0.8501166459717279
test,2017-M009,5,540,2,1.0,0.4419299126729062
test,2017-M009,5,540,3,1.0,0.5569429311658872
test,2017-M009,6,541,0,0.0,0.35816204441653715
test,2017-M009,6,541,1,0.0,0.31756157638060467
test,2017-M009,7,542,0,1.0,0.299413749002059
test,2017-M021,2,531,0,1.0,0.6035842962594877
test,2017-M021,2,531,1,0.0,0.30235116236881876
test,2017-M021,2,531,2,1.0,0.36087960720286866
test,2017-M021,2,531,3,1.0,0.7360994980270871
test,2017-M021,2,531,4,0.0,0.2924125301080358
test,2017-M021,2,531,5,0.0,0.6234536621115249
test,2017-M021,2,531,6,1.0,0.6761975091471616
test,2017-M021,2,531,7,0.0,0.6764093936832818
test,2017-M021,2,531,8,1.0,0.8439963912498297
test,2017-M021,2,531,9,0.0,0.160930342620033
test,2017-M021,2,531,10,0.0,0.6527834503491563
test,2017-M021,2,531,11,1.0,0.5863696212053398
test,2017-M021,2,531,12,0.0,0.3040501935038338
test,2017-M021,2,531,13,0.0,0.510179946187606
test,2017-M021,2,531,14,1.0,0.8114360469906476
test,2017-M021,2,531,15,1.0,0.29440964933017016
test,2017-M021,2,531,16,0.0,0.4782357026032445
test,2017-M021,2,531,17,0.0,0.7383123603650963
test,2017-M021,2,531,18,0.0,0.7090889612565731
test,2017-M021,2,531,19,1.0,0.2808421101403665
test,2017-M021,2,531,20,0.0,0.6724906283287563
test,2017-M021,2,531,21,0.0,0.2751055199699557
test,2017-M021,2,531,22,1.0,0.23002054950754444
test,2017-M021,2,531,23,0.0,0.30173323743143654
test,2017-M021,3,532,0,0.0,0.10527775201964865
test,2017-M021,3,532,1,1.0,0.6172287821797066
test,2017-M021,3,532,2,1.0,0.7252137426111455
test,2017-M021,3,532,3,1.0,0.7582227945384645
test,2017-M021,3,532,4,1.0,0.15123845308462883
test,2017-M021,3,532,5,1.0,0.8822306511243886
test,2017-M021,3,532,6,0.0,0.1992788207741226
test,2017-M021,3,532,7,1.0,0.6317414938220651
test,2017-M021,3,532,8,0.0,0.2761780950832628
test,2017-M021,3,532,9,0.0,0.3129033392789372
test,2017-M021,3,532,10,1.0,0.8573495929069809
test,2017-M021,3,532,11,0.0,0.10305700593717901
test,2017-M021,3,532,12,0.0,0.6151417532205885
test,2017-M021,3,532,13,0.0,0.6464548648310543
test,2017-M021,3,532,14,0.0,0.14530830033329603
test,2017-M021,3,532,15,1.0,0.7521744367957685
test,2017-M021,4,533,0,0.0,0.19042790589779063
test,2017-M021,4,533,1,0.0,0.22782948417777016
test,2017-M021,4,533,2,1.0,0.6959881171403868
test,2017-M021,4,533,3,0.0,0.6099422667203769
test,2017-M021,4,533,4,0.0,0.3454022423776185
test,2017-M021,4,533,5,0.0,0.5233399238949653
test,2017-M021,4,533,6,1.0,0.1861061255156606
test,2017-M021,4,533,7,1.0,0.8220704977453761
test,2017-M021,5,534,0,1.0,0.6829002826997305
test,2017-M021,5,534,1,1.0,0.47109684515366923
test,2017-M021,5,534,2,1.0,0.7981151776667763
test,2017-M021,5,534,3,0.0,0.6093094988608838
test,2017-M021,6,535,0,1.0,0.7922271113606848
test,2017-M021,6,535,1,0.0,0.39397436384558165
test,2017-M021,7,536,0,0.0,0.1478930467375159
test,2017-M024,2,563,0,1.0,0.3606009315879103
test,2017-M024,2,563,1,1.0,0.422637237935345
test,2017-M024,2,563,2,1.0,0.28026031270394636
test,2017-M024,2,563,3,0.0,0.8122024705900349
test,2017-M024,2,563,4,1.0,0.6148163448018226
test,2017-M024,2,563,5,0.0,0.3442921703567755
test,2017-M024,2,563,6,1.0,0.20137181037299465
test,2017-M024,2,563,7,0.0,0.298314639349709
test,2017-M024,2,563,8,0.0,0.7020113456551792
test,2017-M024,2,563,9,1.0,0.5000731664729614
test,2017-M024,2,563,10,1.0,0.29666609029912794
test,2017-M024,2,563,11,0.0,0.40114100380393775
test,2017-M024,2,563,12,0.0,0.7999541396811779
test,2017-M024,2,563,13,1.0,0.6581907718619737
test,2017-M024,2,563,14,0.0,0.6094455628971376
test,2017-M024,2,563,15,0.0,0.1548842277465125
test,2017-M024,2,563,16,0.0,0.3364050625962978
test,2017-M024,2,563,17,1.0,0.6302380504468704
test,2017-M024,2,563,18,1.0,0.4878902277008468
test,2017-M024,2,563,19,1.0,0.4855863021737944
test,2017-M024,2,563,20,1.0,0.8305551904924968
test,2017-M024,2,563,21,1.0,0.5842834667750975
test,2017-M024,2,563,22,0.0,0.12114390823874803
test,2017-M024,2,563,23,1.0,0.2517722608314686
test,2017-M024,3,564,0,0.0,0.09812494888498428
test,2017-M024,3,564,1,0.0,0.4515130774787843
test,2017-M024,3,564,2,0.0,0.20145471172930648
test,2017-M024,3,564,3,1.0,0.3772185339094007
test,2017-M024,3,564,4,1.0,0.7741377574868704
test,2017-M024,3,564,5,1.0,0.4459416230175621
test,2017-M024,3,564,6,0.0,0.33978915886273037
test,2017-M024,3,564,7,1.0,0.7856192419415042
test,2017-M024,3,564,8,0.0,0.24107525134129518
test,2017-M024,3,564,9,0.0,0.3458272407056851
test,2017-M024,3,564,10,1.0,0.8256507349669864
test,2017-M024,3,564,11,1.0,0.11230637446925136
test,2017-M024,3,564,12,0.0,0.6022255661233399
test,2017-M024,3,564,13,0.0,0.29556994565317474
test,2017-M024,3,564,14,1.0,0.6202965782325097
test,2017-M024,3,564,15,1.0,0.7634733449793139
test,2017-M024,4,565,0,1.0,0.3787441529756933
test,2017-M024,4,565,1,0.0,0.4044361291494236
test,2017-M024,4,565,2,1.0,0.6531217320977349
test,2017-M024,4,565,3,0.0,0.5582400871340619
test,2017-M024,4,565,4,0.0,0.2895642755646105
test,2017-M024,4,565,5,1.0,0.7708949192615887
test,2017-M024,4,565,6,0.0,0.09302764722951658
test,2017-M024,4,565,7,0.0,0.23881125319880503
test,2017-M024,5,566,0,0.0,0.26256680680709443
test,2017-M024,5,566,1,0.0,0.3525641504755719
test,2017-M024,5,566,2,0.0,0.7146602221937488
test,2017-M024,5,566,3,1.0,0.16702585644692314
test,2017-M024,6,567,0,1.0,0.4846314622778994
test,2017-M024,6,567,1,0.0,0.29971117296466737
test,2017-M024,7,568,0,1.0,0.34988969844254536
test,2018-0352,2,666,0,0.0,0.185293463938138
test,2018-0352,2,666,1,0.0,0.6106760518839613
test,2018-0352,2,666,2,1.0,0.721450057341841
test,2018-0352,2,666,3,0.0,0.47795659567129434
test,2018-0352,2,666,4,1.0,0.5318168810947957
test,2018-0352,2,666,5,1.0,0.4673325863652134
test,2018-0352,2,666,6,1.0,0.44684954062552823
test,2018-0352,2,666,7,0.0,0.4892276224447465
test,2018-0352,2,666,8,1.0,0.794661755176295
test,2018-0352,2,666,9,0.0,0.5469355247228829
test,2018-0352,2,666,10,1.0,0.6295177547712285
test,2018-0352,2,666,11,0.0,0.37109648635165143
test,2018-0352,2,666,12,1.0,0.3537063004159265
test,2018-0352,2,666,13,0.0,0.48334052656098986
test,2018-0352,2,666,14,0.0,0.4240704608029461
test,2018-0352,2,666,15,0.0,0.5690761876833295
test,2018-0352,3,667,0,1.0,0.41203615180908837
test,2018-0352,3,667,1,0.0,0.7109771030659741
test,2018-0352,3,667,2,1.0,0.7269272705412618
test,2018-0352,3,667,3,1.0,0.710899565279325
test,2018-0352,3,667,4,0.0,0.04860151183212127
test,2018-0352,3,667,5,0.0,0.30001755783387063
test,2018-0352,3,667,6,0.0,0.1641391742875643
test,2018-0352,3,667,7,0.0,0.2157347507680382
test,2018-0352,3,667,8,0.0,0.2965783975782414
test,2018-0352,3,667,9,0.0,0.3279440269371601
test,2018-0352,3,667,10,1.0,0.7980611148069279
test,2018-0352,3,667,11,1.0,0.7781128350141344
test,2018-0352,3,667,12,1.0,0.7529670870259862
test,2018-0352,3,667,13,1.0,0.49262044506690994
test,2018-0352,3,667,14,0.0,0.6620863658793806
test,2018-0352,3,667,15,1.0,0.7506032304157252
test,2018-0352,4,668,0,0.0,0.2504894678512564
test,2018-0352,4,668,1,1.0,0.948598364569708
test,2018-0352,4,668,2,0.0,0.23592894568621373
test,2018-0352,4,668,3,1.0,0.8209057100591701
test,2018-0352,4,668,4,0.0,0.522007924397578
test,2018-0352,4,668,5,1.0,0.4410956412573446
test,2018-0352,4,668,6,1.0,0.6604259224359744
test,2018-0352,4,668,7,0.0,0.4395789355923739
test,2018-0352,5,669,0,1.0,0.8333749378253746
test,2018-0352,5,669,1,0.0,0.29027642980613505
test,2018-0352,5,669,2,0.0,0.7232734572362043
test,2018-0352,5,669,3,1.0,0.7451377449821924
test,2018-0352,6,670,0,0.0,0.22737613968198095
test,2018-0352,6,670,1,0.0,0.5872344448355847
test,2018-0352,7,671,0,0.0,0.8788283598730005
test,2018-0410,2,609,0,0.0,0.3797864528357402
test,2018-0410,2,609,1,1.0,0.31469960143529785
test,2018-0410,2,609,2,1.0,0.8915426775312651
test,2018-0410,2,609,3,0.0,0.7253507817979403
test,2018-0410,2,609,4,1.0,0.5164423878864117
test,2018-0410,2,609,5,1.0,0.6481181545656989
test,2018-0410,2,609,6,0.0,0.4083625032977981
test,2018-0410,2,609,7,1.0,0.8379897242272923
test,2018-0410,2,609,8,1.0,0.7755332625627255
test,2018-0410,2,609,9,1.0,0.4601326146651461
test,2018-0410,2,609,10,1.0,0.6046761759450308
test,2018-0410,2,609,11,1.0,0.3053616517649861
test,2018-0410,2,609,12,0.0,0.6695823547637461
test,2018-0410,2,609,13,1.0,0.7194687376072825
test,2018-0410,2,609,14,0.0,0.4622954177569586
test,2018-0410,2,609,15,0.0,0.3201084949905269
test,2018-0410,2,609,16,1.0,0.4590530614127888
test,2018-0410,2,609,17,0.0,0.17288996630533376
test,2018-0410,2,609,18,1.0,0.5862768531391727
test,2018-0410,2,609,19,0.0,0.2692821273773889
test,2018-0410,2,609,20,0.0,0.6147004891016685
test,2018-0410,2,609,21,0.0,0.3876607248476562
test,2018-0410,2,609,22,1.0,0.6412654661342194
test,2018-0410,2,609,23,1.0,0.5818644808151776
test,2018-0410,3,610,0,1.0,0.9087823999300141
test,2018-0410,3,610,1,1.0,0.4778237327276248
test,2018-0410,3,610,2,0.0,0.4591603262488234
test,2018-0410,3,610,3,0.0,0.24493202713376774
test,2018-0410,3,610,4,1.0,0.3098819178650772
test,2018-0410,3,610,5,0.0,0.47440023809253173
test,2018-0410,3,610,6,1.0,0.5631463075327363
test,2018-0410,3,610,7,0.0,0.30888454653973646
test,2018-0410,3,610,8,0.0,0.5455315985804559
test,2018-0410,3,610,9,1.0,0.6953164900466426
test,2018-0410,3,610,10,0.0,0.24007325493648954
test,2018-0410,3,610,11,1.0,0.6263089430910262
test,2018-0410,3,610,12,1.0,0.39746084422373074
test,2018-0410,3,610,13,0.0,0.1288770405137601
test,2018-0410,3,610,14,0.0,0.29528153036805554
test,2018-0410,3,610,15,0.0,0.2802925264965548
test,2018-0410,4,611,0,1.0,0.6009194866362534
test,2018-0410,4,611,1,0.0,0.4266126700613096
test,2018-0410,4,611,2,1.0,0.7160240425607581
test,2018-0410,4,611,3,0.0,0.5338310554603152
test,2018-0410,4,611,4,1.0,0.6213524421625497
test,2018-0410,4,611,5,1.0,0.3166591786970976
test,2018-0410,4,611,6,1.0,0.8809581042390633
test,2018-0410,4,611,7,0.0,0.23017655124924183
test,2018-0410,5,612,0,1.0,0.2636718966204531
test,2018-0410,5,612,1,1.0,0.6451866188064018
test,2018-0410,5,612,2,0.0,0.3642769809190821
test,2018-0410,5,612,3,0.0,0.17630869418488201
test,2018-0410,6,613,0,1.0,0.37965752362231064
test,2018-0410,6,613,1,1.0,0.8448133769391423
test,2018-0410,7,614,0,0.0,0.15084787267406202
test,2018-0421,2,641,0,0.0,0.320230811215241
test,2018-0421,2,641,1,0.0,0.732913586130544
test,2018-0421,2,641,2,0.0,0.6395408595356737
test,2018-0421,2,641,3,0.0,0.04945836723551457
test,2018-0421,2,641,4,1.0,0.42546796350101246
test,2018-0421,2,641,5,1.0,0.46317303921611147
test,2018-0421,2,641,6,0.0,0.522081459901554
test,2018-0421,2,641,7,0.0,0.7367986893844932
test,2018-0421,2,641,8,0.0,0.40496982257587977
test,2018-0421,2,641,9,0.0,0.28470695239644866
test,2018-0421,2,641,10,1.0,0.5119574020467389
test,2018-0421,2,641,11,0.0,0.3111754998587029
test,2018-0421,2,641,12,1.0,0.43217939970894026
test,2018-0421,2,641,13,0.0,0.7761416467116049
test,2018-0421,2,641,14,1.0,0.7829704900406617
test,2018-0421,2,641,15,1.0,0.6149209689672968
test,2018-0421,2,641,16,1.0,0.5570530172091811
test,2018-0421,2,641,17,0.0,0.6462537849963396
test,2018-0421,2,641,18,1.0,0.370362619769791
test,2018-0421,2,641,19,0.0,0.34874742370767775
test,2018-0421,2,641,20,1.0,0.7786605514312481
test,2018-0421,2,641,21,1.0,0.22140499502318164
test,2018-0421,2,641,22,1.0,0.5698452952028191
test,2018-0421,2,641,23,1.0,0.5224546021388087
test,2018-0421,3,642,0,1.0,0.928975481090231
test,2018-0421,3,642,1,1.0,0.6581954747822945
test,2018-0421,3,642,2,1.0,0.5044861188921226
test,2018-0421,3,642,3,1.0,0.5845523854298807
test,2018-0421,3,642,4,0.0,0.40427780037581235
test,2018-0421,3,642,5,0.0,0.44129398362232525
test,2018-0421,3,642,6,1.0,0.3729941186690683
test,2018-0421,3,642,7,1.0,0.8005537259202679
test,2018-0421,3,642,8,1.0,0.1720141042631598
test,2018-0421,3,642,9,1.0,0.40884831071689537
test,2018-0421,3,642,10,1.0,0.3016483108074941
test,2018-0421,3,642,11,1.0,0.8354449500169581
test,2018-0421,3,642,12,1.0,0.9306846668270565
test,2018-0421,3,642,13,1.0,0.23748109514171264
test,2018-0421,3,642,14,0.0,0.10037166460416373
test,2018-0421,3,642,15,1.0,0.6330745123300873
test,2018-0421,4,643,0,1.0,0.8496181667969517
test,2018-0421,4,643,1,1.0,0.11676084584507425
test,2018-0421,4,643,2,0.0,0.3274193090153715
test,2018-0421,4,643,3,0.0,0.7537478761049735
test,2018-0421,4,643,4,0.0,0.6271216303643611
test,2018-0421,4,643,5,0.0,0.3577321059024937
test,2018-0421,4,643,6,1.0,0.934212998762508
test,2018-0421,4,643,7,0.0,0.13600902634127218
test,2018-0421,5,644,0,0.0,0.826136882713723
test,2018-0421,5,644,1,1.0,0.6919666204520903
test,2018-0421,5,644,2,1.0,0.5795837689098626
test,2018-0421,5,644,3,1.0,0.8580943984466579
test,2018-0421,6,645,0,0.0,0.08882472467062388
test,2018-0421,6,645,1,1.0,0.23211514375484465
test,2018-0421,7,646,0,0.0,0.07233010128594677
test,2018-5014,2,660,0,1.0,0.5235918530538279
test,2018-5014,2,660,1,0.0,0.41086936201799784
test,2018-5014,2,660,2,0.0,0.3273137783016403
test,2018-5014,2,660,3,0.0,0.6527435250657527
test,2018-5014,2,660,4,0.0,0.545998016740686
test,2018-5014,2,660,5,1.0,0.7238019465736749
test,2018-5014,2,660,6,0.0,0.5717838425211
test,2018-5014,2,660,7,0.0,0.6703812488161535
test,2018-5014,2,660,8,0.0,0.5934999048521146
test,2018-5014,2,660,9,1.0,0.7208339202889109
test,2018-5014,2,660,10,1.0,0.44493358930752974
test,2018-5014,2,660,11,1.0,0.34238236881807754
test,2018-5014,2,660,12,1.0,0.48342489250996334
test,2018-5014,2,660,13,0.0,0.6394302387359971
test,2018-5014,2,660,14,0.0,0.6346592607814843
test,2018-5014,2,660,15,0.0,0.7315291953802833
test,2018-5014,2,660,16,0.0,0.47561153131738626
test,2018-5014,2,660,17,0.0,0.20699418119698984
test,2018-5014,2,660,18,0.0,0.8639592512817029
test,2018-5014,2,660,19,1.0,0.35374134471414204
test,2018-5014,2,660,20,1.0,0.3474301179338122
test,2018-5014,2,660,21,1.0,0.5200987585657413
test,2018-5014,2,660,22,1.0,0.6304036385850835
test,2018-5014,2,660,23,0.0,0.30083876189948777
test,2018-5014,3,661,0,0.0,0.15415852407185412
test,2018-5014,3,661,1,0.0,0.2805414184770189
test,2018-5014,3,661,2,0.0,0.2511747164376832
test,2018-5014,3,661,3,1.0,0.8742720485164521
test,2018-5014,3,661,4,1.0,0.742813658597862
test,2018-5014,3,661,5,1.0,0.6334030701111059
test,2018-5014,3,661,6,1.0,0.4365639386668089
test,2018-5014,3,661,7,1.0,0.1880113052570148
test,2018-5014,3,661,8,0.0,0.34588359237895366
test,2018-5014,3,661,9,0.0,0.8569592445852641
test,2018-5014,3,661,10,0.0,0.6353279514980378
test,2018-5014,3,661,11,1.0,0.8215611347914255
test,2018-5014,3,661,12,1.0,0.7703905394758805
test,2018-5014,3,661,13,0.0,0.6520260321547686
test,2018-5014,3,661,14,0.0,0.5317518265701435
test,2018-5014,3,661,15,1.0,0.9070640662608872
test,2018-5014,4,662,0,0.0,0.3140671855353499
test,2018-5014,4,662,1,1.0,0.9108598597432889
test,2018-5014,4,662,2,1.0,0.8160123690918595
test,2018-5014,4,662,3,1.0,0.7192626093524124
test,2018-5014,4,662,4,0.0,0.7119079049636342
test,2018-5014,4,662,5,1.0,0.7078757826196402
test,2018-5014,4,662,6,1.0,0.7982374740662651
test,2018-5014,4,662,7,0.0,0.5318973995920458
test,2018-5014,5,663,0,1.0,0.7924955427488292
test,2018-5014,5,663,1,1.0,0.7401160272246732
test,2018-5014,5,663,2,1.0,0.7221320415775017
test,2018-5014,5,663,3,0.0,0.3406593809240063
test,2018-5014,6,664,0,1.0,0.7307196707842378
test,2018-5014,6,664,1,0.0,0.7439882559186987
test,2018-5014,7,665,0,0.0,0.1658604217577613
test,2018-520,1,627,0,0.0,0.33666381376973326
test,2018-520,1,627,1,1.0,0.5836601044239835
test,2018-520,1,627,2,0.0,0.31612467376345577
test,2018-520,1,627,3,0.0,0.6459250552381613
test,2018-520,1,627,4,0.0,0.26357100022310226
test,2018-520,1,627,5,1.0,0.5328471375050883
test,2018-520,1,627,6,0.0,0.11283815446156005
test,2018-520,1,627,7,1.0,0.8647430140330037
test,2018-520,1,627,8,1.0,0.5603071761245157
test,2018-520,1,627,9,1.0,0.31677071646858396
test,2018-520,1,627,10,1.0,0.8579896541609511
test,2018-520,1,627,11,1.0,0.5186655324349986
test,2018-520,1,627,12,0.0,0.6425144732121391
test,2018-520,1,627,13,1.0,0.924018890110338
test,2018-520,1,627,14,0.0,0.1884146651180142
test,2018-520,1,627,15,0.0,0.6506535290966033
test,2018-520,1,627,16,1.0,0.6481006737822487
test,2018-520,1,627,17,1.0,0.29365108045287164
test,2018-520,1,627,18,1.0,0.6235714872981629
test,2018-520,1,627,19,0.0,0.4699044952247975
test,2018-520,1,627,20,0.0,0.3697623488543049
test,2018-520,1,627,21,1.0,0.8823781205753473
test,2018-520,1,627,22,0.0,0.7876178269236691
test,2018-520,1,627,23,0.0,0.640214034697993
test,2018-520,1,627,24,1.0,0.3363884237503095
test,2018-520,1,627,25,1.0,0.7739314891086205
test,2018-520,1,627,26,1.0,0.44965929962590523
test,2018-520,1,627,27,0.0,0.7177333388367398
test,2018-520,1,627,28,0.0,0.02604975415658323
test,2018-520,1,627,29,1.0,0.9461242420442776
test,2018-520,1,627,30,1.0,0.6695584970093983
test,2018-520,1,627,31,1.0,0.2920150036746031
test,2018-520,1,627,32,0.0,0.3150035090766079
test,2018-520,1,627,33,1.0,0.7075512713332349
test,2018-520,1,627,34,1.0,0.6320691701314725
test,2018-520,1,627,35,0.0,0.31624090224562773
test,2018-520,1,627,36,0.0,0.10053301911092444
test,2018-520,1,627,37,0.0,0.20066526567680157
test,2018-520,1,627,38,0.0,0.7602163432713569
test,2018-520,1,627,39,0.0,0.38893629107499117
test,2018-520,1,627,40,1.0,0.7127765294328943
test,2018-520,1,627,41,1.0,0.49463987454111
test,2018-520,1,627,42,1.0,0.8357616439413623
test,2018-520,1,627,43,0.0,0.10075639620661829
test,2018-520,1,627,44,1.0,0.39277877079159434
test,2018-520,1,627,45,0.0,0.4260351374298198
test,2018-520,1,627,46,0.0,0.3058203633454169
test,2018-520,1,627,47,1.0,0.9189760989737005
test,2018-520,1,627,48,0.0,0.13318919836115492
test,2018-520,1,627,49,0.0,0.6504997226528143
test,2018-520,1,627,50,1.0,0.3208013702657728
test,2018-520,1,627,51,1.0,0.7046932249656871
test,2018-520,1,627,52,1.0,0.24446048857625913
test,2018-520,1,627,53,1.0,0.8013120720127784
test,2018-520,1,627,54,1.0,0.3770443733951091
test,2018-520,1,627,55,1.0,0.6143180122082674
test,2018-520,1,627,56,1.0,0.49150360464594245
test,2018-520,1,627,57,0.0,0.2644341642607869
test,2018-520,1,627,58,0.0,0.2618205900823212
test,2018-520,1,627,59,1.0,0.36578775826156573
test,2018-520,1,627,60,0.0,0.8168531028838052
test,2018-520,1,627,61,1.0,0.928975481090231
test,2018-520,1,627,62,1.0,0.7549611660083734
test,2018-520,1,627,63,1.0,0.9013518849623674
test,2018-520,2,628,0,1.0,0.8011524349096301
test,2018-520,2,628,1,0.0,0.21604681407376788
test,2018-520,2,628,2,1.0,0.7894675066789613
test,2018-520,2,628,3,0.0,0.07312875122394066
test,2018-520,2,628,4,1.0,0.7436074669971928
test,2018-520,2,628,5,0.0,0.3902161998293458
test,2018-520,2,628,6,0.0,0.5272762663315338
test,2018-520,2,628,7,1.0,0.7211499148538624
test,2018-520,2,628,8,1.0,0.3552585625821732
test,2018-520,2,628,9,0.0,0.2467711912748772
test,2018-520,2,628,10,1.0,0.6367131766579661
test,2018-520,2,628,11,1.0,0.8106469384039829
test,2018-520,2,628,12,1.0,0.77151793017042
test,2018-520,2,628,13,1.0,0.8394179826248583
test,2018-520,2,628,14,1.0,0.8754638439589955
test,2018-520,2,628,15,1.0,0.8088175648162796
test,2018-520,2,628,16,0.0,0.5746331359169113
test,2018-520,2,628,17,0.0,0.18188113127849245
test,2018-520,2,628,18,0.0,0.24691761945009097
test,2018-520,2,628,19,1.0,0.8325477849747502
test,2018-520,2,628,20,0.0,0.5820041086898454
test,2018-520,2,628,21,0.0,0.09207688913774273
test,2018-520,2,628,22,1.0,0.6657014452207161
test,2018-520,2,628,23,0.0,0.374387262311477
test,2018-520,2,628,24,1.0,0.8411004449636096
test,2018-520,2,628,25,0.0,0.33087111696013405
test,2018-520,2,628,26,0.0,0.5751624462964031
test,2018-520,2,628,27,1.0,0.282041044505784
test,2018-520,2,628,28,0.0,0.17877723500263232
test,2018-520,2,628,29,1.0,0.8620292475991114
test,2018-520,2,628,30,0.0,0.20210253860793065
test,2018-520,2,628,31,0.0,0.0341062398094942
test,2018-520,3,629,0,1.0,0.7727827163796229
test,2018-520,3,629,1,0.0,0.33166349259680206
test,2018-520,3,629,2,1.0,0.8692229166668572
test,2018-520,3,629,3,0.0,0.447335158157707
test,2018-520,3,629,4,1.0,0.8200753021252143
test,2018-520,3,629,5,0.0,0.6340657107184723
test,2018-520,3,629,6,0.0,0.1945374709844749
test,2018-520,3,629,7,0.0,0.7616388249244468
test,2018-520,3,629,8,1.0,0.6593570139614126
test,2018-520,3,629,9,1.0,0.7860782129517476
test,2018-520,3,629,10,0.0,0.24311192007850396
test,2018-520,3,629,11,0.0,0.5254024220639587
test,2018-520,3,629,12,1.0,0.8179485932632291
test,2018-520,3,629,13,0.0,0.2806861065068069
test,2018-520,3,629,14,0.0,0.5876017239511336
test,2018-520,3,629,15,1.0,0.9069196964567069
test,2018-520,4,630,0,0.0,0.1653063694688894
test,2018-520,4,630,1,1.0,0.48303264351210196
test,2018-520,4,630,2,0.0,0.19863540981800068
test,2018-520,4,630,3,1.0,0.2760195561476157
test,2018-520,4,630,4,0.0,0.3265657552715218
test,2018-520,4,630,5,0.0,0.2767408781773192
test,2018-520,4,630,6,0.0,0.5230129503834166
test,2018-520,4,630,7,0.0,0.05687218432813078
test,2018-520,5,631,0,0.0,0.6882407279058538
test,2018-520,5,631,1,0.0,0.8457131868219181
test,2018-520,5,631,2,1.0,0.5527882650876574
test,2018-520,5,631,3,1.0,0.9077124611800209
test,2018-520,6,632,0,1.0,0.7536996582856013
test,2018-520,6,632,1,0.0,0.16682056017768263
test,2018-520,7,633,0,1.0,0.8619347977972257
test,2018-540,1,634,0,0.0,0.35275320119975784
test,2018-540,1,634,1,0.0,0.41537718190059925
test,2018-540,1,634,2,1.0,0.6792889717464764
test,2018-540,1,634,3,1.0,0.2620770118548418
test,2018-540,1,634,4,1.0,0.6693680080682218
test,2018-540,1,634,5,1.0,0.3242347110832063
test,2018-540,1,634,6,0.0,0.11522637921978743
test,2018-540,1,634,7,0.0,0.09722436446636207
test,2018-540,1,634,8,0.0,0.44155071380521355
test,2018-540,1,634,9,1.0,0.3851340163992922
test,2018-540,1,634,10,1.0,0.7120651407034814
test,2018-540,1,634,11,0.0,0.6987515087518398
test,2018-540,1,634,12,0.0,0.4761913703167118
test,2018-540,1,634,13,1.0,0.6177021249313174
test,2018-540,1,634,14,0.0,0.09707884088900266
test,2018-540,1,634,15,1.0,0.8682333394091228
test,2018-540,1,634,16,0.0,0.24524435923209006
test,2018-540,1,634,17,1.0,0.7531434436308196
test,2018-540,1,634,18,0.0,0.3159791859214847
test,2018-540,1,634,19,0.0,0.03740321451923719
test,2018-540,1,634,20,0.0,0.31941479831703806
test,2018-540,1,634,21,0.0,0.611406316779441
test,2018-540,1,634,22,0.0,0.17289893432861553
test,2018-540,1,634,23,1.0,0.27542483024000436
test,2018-540,1,634,24,0.0,0.391326867939288
test,2018-540,1,634,25,1.0,0.7355304840410599
test,2018-540,1,634,26,0.0,0.2782362688526124
test,2018-540,1,634,27,0.0,0.5441041062958129
test,2018-540,1,634,28,0.0,0.488213265690559
test,2018-540,1,634,29,0.0,0.41900533880963353
test,2018-540,1,634,30,0.0,0.07983737258361036
test,2018-540,1,634,31,0.0,0.3873961122152628
test,2018-540,1,634,32,1.0,0.43146004009687927
test,2018-540,1,634,33,0.0,0.5612262259899106
test,2018-540,1,634,34,1.0,0.16751154445709346
test,2018-540,1,634,35,0.0,0.7335014863001884
test,2018-540,1,634,36,0.0,0.5672846150216786
test,2018-540,1,634,37,0.0,0.732805099983995
test,2018-540,1,634,38,0.0,0.20074620811294577
test,2018-540,1,634,39,1.0,0.27468706417592975
test,2018-540,1,634,40,0.0,0.33004408454738826
test,2018-540,1,634,41,1.0,0.17732707358319338
test,2018-540,1,634,42,0.0,0.7852948689478354
test,2018-540,1,634,43,1.0,0.5499176062523997
test,2018-540,1,634,44,0.0,0.680035284142999
test,2018-540,1,634,45,0.0,0.4213716082982535
test,2018-540,1,634,46,0.0,0.20574021769248313
test,2018-540,1,634,47,1.0,0.6227231640020008
test,2018-540,1,634,48,1.0,0.8545611756854143
test,2018-540,1,634,49,0.0,0.16836605538179208
test,2018-540,1,634,50,0.0,0.35460091687823353
test,2018-540,1,634,51,0.0,0.4210165015994241
test,2018-540,1,634,52,1.0,0.934583983138032
test,2018-540,1,634,53,0.0,0.4292372890591825
test,2018-540,1,634,54,1.0,0.31486346220447875
test,2018-540,1,634,55,0.0,0.15238724932830647
test,2018-540,1,634,56,0.0,0.34961516572189105
test,2018-540,1,634,57,0.0,0.7424297833158804
test,2018-540,1,634,58,0.0,0.24308741229676092
test,2018-540,1,634,59,0.0,0.36858466916528965
test,2018-540,1,634,60,1.0,0.9077195803873899
test,2018-540,1,634,61,1.0,0.5907371374788872
test,2018-540,1,634,62,1.0,0.6677500097464515
test,2018-540,1,634,63,1.0,0.8936821932401323
test,2018-540,2,635,0,0.0,0.1174903218511659
test,2018-540,2,635,1,1.0,0.7034872161780525
test,2018-540,2,635,2,0.0,0.16632815938483259
test,2018-540,2,635,3,1.0,0.3286476173848234
test,2018-540,2,635,4,0.0,0.12414316104253204
test,2018-540,2,635,5,1.0,0.47593841831263706
test,2018-540,2,635,6,0.0,0.36667685264471694
test,2018-540,2,635,7,0.0,0.4664975741871946
test,2018-540,2,635,8,1.0,0.26053780897012396
test,2018-540,2,635,9,1.0,0.7948206114255725
test,2018-540,2,635,10,1.0,0.8209108154166208
test,2018-540,2,635,11,1.0,0.81485523862743
test,2018-540,2,635,12,0.0,0.568679646246344
test,2018-540,2,635,13,0.0,0.24968626782077624
test,2018-540,2,635,14,0.0,0.6488648066057289
test,2018-540,2,635,15,0.0,0.5928216926226904
test,2018-540,2,635,16,1.0,0.4716834768917193
test,2018-540,2,635,17,1.0,0.8227499519179904
test,2018-540,2,635,18,0.0,0.16491767830229384
test,2018-540,2,635,19,0.0,0.6755617726195835
test,2018-540,2,635,20,1.0,0.5613645758544945
test,2018-540,2,635,21,1.0,0.11911453444722013
test,2018-540,2,635,22,1.0,0.7210517264647079
test,2018-540,2,635,23,0.0,0.3701640428143361
test,2018-540,2,635,24,1.0,0.734687659743793
test,2018-540,2,635,25,0.0,0.7041989664896483
test,2018-540,2,635,26,0.0,0.5259589948431114
test,2018-540,2,635,27,1.0,0.4697659256786093
test,2018-540,2,635,28,0.0,0.3510441461070955
test,2018-540,2,635,29,1.0,0.9563131151822776
test,2018-540,2,635,30,0.0,0.4342930661905666
test,2018-540,2,635,31,1.0,0.9452454206653803
test,2018-540,3,636,0,0.0,0.3483364221154731
test,2018-540,3,636,1,1.0,0.5260455468163947
test,2018-540,3,636,2,0.0,0.035655813774732384
test,2018-540,3,636,3,0.0,0.7347269351451874
test,2018-540,3,636,4,0.0,0.19869958596362794
test,2018-540,3,636,5,0.0,0.8803936280408545
test,2018-540,3,636,6,0.0,0.3753558490801946
test,2018-540,3,636,7,1.0,0.7613284041493841
test,2018-540,3,636,8,1.0,0.6490203234426329
test,2018-540,3,636,9,1.0,0.5537927294757187
test,2018-540,3,636,10,1.0,0.8077721034526032
test,2018-540,3,636,11,1.0,0.8494765997000246
test,2018-540,3,636,12,1.0,0.5042645579813186
test,2018-540,3,636,13,1.0,0.6509906742877171
test,2018-540,3,636,14,1.0,0.4064070454886695
test,2018-540,3,636,15,1.0,0.9159426598780372
test,2018-540,4,637,0,0.0,0.05168253214906276
test,2018-540,4,637,1,0.0,0.18550305553927104
test,2018-540,4,637,2,0.0,0.20419588392095642
test,2018-540,4,637,3,0.0,0.17881433517798478
test,2018-540,4,637,4,1.0,0.7866384250936961
test,2018-540,4,637,5,1.0,0.8217859731598665
test,2018-540,4,637,6,1.0,0.6724346346496977
test,2018-540,4,637,7,1.0,0.9152710568361613
test,2018-540,5,638,0,1.0,0.8359268731475193
test,2018-540,5,638,1,0.0,0.3133589660889411
test,2018-540,5,638,2,1.0,0.4767212757092593
test,2018-540,5,638,3,1.0,0.16533553040942364
test,2018-540,6,639,0,1.0,0.20125305162703663
test,2018-540,6,639,1,0.0,0.5699399269589417
test,2018-540,7,640,0,1.0,0.7119647499722123
test,2018-560,1,653,0,0.0,0.5574688905990695
test,2018-560,1,653,1,1.0,0.7944959070709003
test,2018-560,1,653,2,1.0,0.931466833910228
test,2018-560,1,653,3,1.0,0.49602165406208865
test,2018-560,1,653,4,0.0,0.6136119084424438
test,2018-560,1,653,5,0.0,0.1445348663222924
test,2018-560,1,653,6,0.0,0.2178298969696288
test,2018-560,1,653,7,0.0,0.42429044607174754
test,2018-560,1,653,8,1.0,0.8724714957404779
test,2018-560,1,653,9,0.0,0.4177319564211622
test,2018-560,1,653,10,0.0,0.1822159334791717
test,2018-560,1,653,11,0.0,0.5603848541385968
test,2018-560,1,653,12,1.0,0.9088925634667498
test,2018-560,1,653,13,0.0,0.17178386915198932
test,2018-560,1,653,14,1.0,0.70242492856214
test,2018-560,1,653,15,1.0,0.8123875256348954
test,2018-560,1,653,16,0.0,0.7241144867520215
test,2018-560,1,653,17,1.0,0.1606753805419435
test,2018-560,1,653,18,1.0,0.4181739561507366
test,2018-560,1,653,19,1.0,0.6718405557653869
test,2018-560,1,653,20,0.0,0.11675191664129371
test,2018-560,1,653,21,1.0,0.2715945007768113
test,2018-560,1,653,22,1.0,0.6939059134319427
test,2018-560,1,653,23,1.0,0.4980257517096729
test,2018-560,1,653,24,0.0,0.1873177214051914
test,2018-560,1,653,25,0.0,0.316086174748578
test,2018-560,1,653,26,0.0,0.7050939962780065
test,2018-560,1,653,27,1.0,0.6070878802829481
test,2018-560,1,653,28,0.0,0.048954904683376446
test,2018-560,1,653,29,1.0,0.9287143361056694
test,2018-560,1,653,30,1.0,0.783941848192294
test,2018-560,1,653,31,0.0,0.4993767481087302
test,2018-560,1,653,32,1.0,0.38546404427125236
test,2018-560,1,653,33,0.0,0.1292116911488152
test,2018-560,1,653,34,0.0,0.3397635721379818
test,2018-560,1,653,35,1.0,0.7688620091072772
test,2018-560,1,653,36,0.0,0.1713804140587015
test,2018-560,1,653,37,1.0,0.6930911276462423
test,2018-560,1,653,38,0.0,0.29453721104446534
test,2018-560,1,653,39,1.0,0.8134406063621419
test,2018-560,1,653,40,1.0,0.46415521206061694
test,2018-560,1,653,41,0.0,0.33932638500322626
test,2018-560,1,653,42,1.0,0.5509152399336722
test,2018-560,1,653,43,1.0,0.8377374633661075
test,2018-560,1,653,44,0.0,0.2855455084727407
test,2018-560,1,653,45,1.0,0.14932391877502357
test,2018-560,1,653,46,1.0,0.38978214702206543
test,2018-560,1,653,47,0.0,0.08175333154897427
test,2018-560,1,653,48,0.0,0.09726866932213651
test,2018-560,1,653,49,0.0,0.1871864676085096
test,2018-560,1,653,50,1.0,0.8419926378443253
test,2018-560,1,653,51,1.0,0.6579051332590355
test,2018-560,1,653,52,1.0,0.440553634864876
test,2018-560,1,653,53,1.0,0.4894384068278522
test,2018-560,1,653,54,1.0,0.4683448043933175
test,2018-560,1,653,55,0.0,0.31125089353215113
test,2018-560,1,653,56,0.0,0.2529763932798359
test,2018-560,1,653,57,1.0,0.5436912640359264
test,2018-560,1,653,58,1.0,0.7295176223954531
test,2018-560,1,653,59,1.0,0.3646272036050742
test,2018-560,1,653,60,1.0,0.8447278444247872
test,2018-560,1,653,61,1.0,0.7981512871788243
test,2018-560,1,653,62,1.0,0.37547782649856826
test,2018-560,1,653,63,1.0,0.9155521229728043
test,2018-560,2,654,0,1.0,0.6382068303036041
test,2018-560,2,654,1,1.0,0.8376536737055184
test,2018-560,2,654,2,1.0,0.6508612725083198
test,2018-560,2,654,3,1.0,0.7393732051927993
test,2018-560,2,654,4,1.0,0.8947002958158334
test,2018-560,2,654,5,1.0,0.2590326015922541
test,2018-560,2,654,6,1.0,0.8258530310658678
test,2018-560,2,654,7,1.0,0.6116655254557063
test,2018-560,2,654,8,1.0,0.27946730748544374
test,2018-560,2,654,9,1.0,0.2737435453083273
test,2018-560,2,654,10,0.0,0.3893208724300691
test,2018-560,2,654,11,0.0,0.0635028918280524
test,2018-560,2,654,12,0.0,0.6808986423521892
test,2018-560,2,654,13,1.0,0.7181363825900268
test,2018-560,2,654,14,1.0,0.8190553708519762
test,2018-560,2,654,15,1.0,0.8028798580893541
test,2018-560,2,654,16,1.0,0.6861087513794776
test,2018-560,2,654,17,0.0,0.13088166185550998
test,2018-560,2,654,18,0.0,0.642510550684406
test,2018-560,2,654,19,1.0,0.8736021050792163
test,2018-560,2,654,20,0.0,0.4318843355624018
test,2018-560,2,654,21,1.0,0.9149164320426293
test,2018-560,2,654,22,0.0,0.24766596030702287
test,2018-560,2,654,23,1.0,0.6694935914156013
test,2018-560,2,654,24,0.0,0.32398463726803645
test,2018-560,2,654,25,0.0,0.26509984323353336
test,2018-560,2,654,26,0.0,0.47156684946271127
test,2018-560,2,654,27,1.0,0.33134560505721034
test,2018-560,2,654,28,0.0,0.10102485608873968
test,2018-560,2,654,29,0.0,0.13592782238006323
test,2018-560,2,654,30,1.0,0.8420751875511803
test,2018-560,2,654,31,1.0,0.9615329575604756
test,2018-560,3,655,0,1.0,0.6135379890130864
test,2018-560,3,655,1,0.0,0.5383231073461993
test,2018-560,3,655,2,1.0,0.8211573156931012
test,2018-560,3,655,3,0.0,0.48015102678999927
test,2018-560,3,655,4,1.0,0.50635151996677
test,2018-560,3,655,5,0.0,0.1365192179707388
test,2018-560,3,655,6,0.0,0.7875715818062112
test,2018-560,3,655,7,1.0,0.7069935669109715
test,2018-560,3,655,8,0.0,0.13302655695249402
test,2018-560,3,655,9,0.0,0.27274807276083135
test,2018-560,3,655,10,0.0,0.2030128394471838
test,2018-560,3,655,11,0.0,0.25578205284404165
test,2018-560,3,655,12,1.0,0.8111113158787633
test,2018-560,3,655,13,1.0,0.7068537328682555
test,2018-560,3,655,14,1.0,0.7771793211702446
test,2018-560,3,655,15,1.0,0.9063116129847117
test,2018-560,4,656,0,0.0,0.9074770202090422
test,2018-560,4,656,1,0.0,0.10842982236127248
test,2018-560,4,656,2,0.0,0.3346995797335297
test,2018-560,4,656,3,0.0,0.32818916264563236
test,2018-560,4,656,4,0.0,0.6132874826310039
test,2018-560,4,656,5,1.0,0.720203701864365
test,2018-560,4,656,6,1.0,0.3708614060868263
test,2018-560,4,656,7,1.0,0.9580427100585989
test,2018-560,5,657,0,1.0,0.9061076293855225
test,2018-560,5,657,1,0.0,0.637178337705831
test,2018-560,5,657,2,0.0,0.31693850775975485
test,2018-560,5,657,3,0.0,0.11807920890110699
test,2018-560,6,658,0,1.0,0.7995604449103302
test,2018-560,6,658,1,1.0,0.19933208659903812
test,2018-560,7,659,0,0.0,0.3505609456585414
test,2018-580,1,588,0,0.0,0.04210110794455708
test,2018-580,1,588,1,1.0,0.15605258636024016
test,2018-580,1,588,2,0.0,0.8088885450439947
test,2018-580,1,588,3,1.0,0.6792157161058836
test,2018-580,1,588,4,0.0,0.47486736379151634
test,2018-580,1,588,5,1.0,0.20618059305536446
test,2018-580,1,588,6,1.0,0.8196834970703106
test,2018-580,1,588,7,1.0,0.7610886664309282
test,2018-580,1,588,8,1.0,0.79789359306092
test,2018-580,1,588,9,0.0,0.10691777860223868
test,2018-580,1,588,10,1.0,0.3140584003392518
test,2018-580,1,588,11,0.0,0.2739134031756493
test,2018-580,1,588,12,1.0,0.9395988595367866
test,2018-580,1,588,13,1.0,0.8626165090529365
test,2018-580,1,588,14,0.0,0.3319727812377986
test,2018-580,1,588,15,1.0,0.380460310879199
test,2018-580,1,588,16,1.0,0.6137547692854333
test,2018-580,1,588,17,1.0,0.5328718220368818
test,2018-580,1,588,18,1.0,0.7376793358783303
test,2018-580,1,588,19,0.0,0.2279888631409748
test,2018-580,1,588,20,1.0,0.8813940875354929
test,2018-580,1,588,21,0.0,0.920700938913821
test,2018-580,1,588,22,1.0,0.7971190741045248
test,2018-580,1,588,23,0.0,0.6456095952576278
test,2018-580,1,588,24,1.0,0.7946094477640047
test,2018-580,1,588,25,1.0,0.4406378450979944
test,2018-580,1,588,26,1.0,0.34412728689741634
test,2018-580,1,588,27,0.0,0.2621431366598235
test,2018-580,1,588,28,1.0,0.970488061750649
test,2018-580,1,588,29,1.0,0.7101052382573856
test,2018-580,1,588,30,1.0,0.5852396424477307
test,2018-580,1,588,31,1.0,0.7128871675058607
test,2018-580,1,588,32,1.0,0.4731999422038337
test,2018-580,1,588,33,1.0,0.2514128255969837
test,2018-580,1,588,34,1.0,0.8535998641341764
test,2018-580,1,588,35,0.0,0.7537921867891844
test,2018-580,1,588,36,1.0,0.8132756764522439
test,2018-580,1,588,37,1.0,0.3397310807799176
test,2018-580,1,588,38,0.0,0.3291062727103007
test,2018-580,1,588,39,1.0,0.8633114433298851
test,2018-580,1,588,40,0.0,0.32783580425120995
test,2018-580,1,588,41,1.0,0.4386078945458628
test,2018-580,1,588,42,0.0,0.1837931593409118
test,2018-580,1,588,43,0.0,0.3048444874802602
test,2018-580,1,588,44,0.0,0.5034336660417109
test,2018-580,1,588,45,0.0,0.27890895198544013
test,2018-580,1,588,46,0.0,0.1771881368187433
test,2018-580,1,588,47,0.0,0.13691188089859815
test,2018-580,1,588,48,1.0,0.39373034676425783
test,2018-580,1,588,49,1.0,0.3679842275508561
test,2018-580,1,588,50,1.0,0.5040523451807998
test,2018-580,1,588,51,1.0,0.8287028687773461
test,2018-580,1,588,52,1.0,0.40351592947264414
test,2018-580,1,588,53,0.0,0.25026833715563457
test,2018-580,1,588,54,0.0,0.09782284226771405
test,2018-580,1,588,55,0.0,0.6719784639088838
test,2018-580,1,588,56,0.0,0.6056563329862255
test,2018-580,1,588,57,0.0,0.7120861133161103
test,2018-580,1,588,58,1.0,0.8263056345650112
test,2018-580,1,588,59,0.0,0.17558120476724326
test,2018-580,1,588,60,0.0,0.13211581023370475
test,2018-580,1,588,61,1.0,0.6097171777773639
test,2018-580,1,588,62,0.0,0.5252112448613345
test,2018-580,1,588,63,1.0,0.2393689873553712
test,2018-580,2,589,0,0.0,0.21998874232104115
test,2018-580,2,589,1,0.0,0.7553121053323216
test,2018-580,2,589,2,1.0,0.23661639841130563
test,2018-580,2,589,3,1.0,0.45723249358129314
test,2018-580,2,589,4,1.0,0.7266644991361167
test,2018-580,2,589,5,0.0,0.879829159234607
test,2018-580,2,589,6,0.0,0.621352589977452
test,2018-580,2,589,7,1.0,0.7219125979718597
test,2018-580,2,589,8,0.0,0.28692257539839255
test,2018-580,2,589,9,1.0,0.43572115561226443
test,2018-580,2,589,10,0.0,0.20431374370029212
test,2018-580,2,589,11,1.0,0.8450630583389943
test,2018-580,2,589,12,1.0,0.8622949917766876
test,2018-580,2,589,13,1.0,0.796670854976219
test,2018-580,2,589,14,0.0,0.462299055900575
test,2018-580,2,589,15,0.0,0.33016439997132674
test,2018-580,2,589,16,0.0,0.3123606213908042
test,2018-580,2,589,17,1.0,0.5005952892007322
test,2018-580,2,589,18,1.0,0.7666385230069168
test,2018-580,2,589,19,1.0,0.7016941718122036
test,2018-580,2,589,20,1.0,0.9351580601983402
test,2018-580,2,589,21,0.0,0.17081859071405256
test,2018-580,2,589,22,1.0,0.45012176069207743
test,2018-580,2,589,23,1.0,0.6782274162885622
test,2018-580,2,589,24,0.0,0.31015926522515364
test,2018-580,2,589,25,0.0,0.16325876815222845
test,2018-580,2,589,26,1.0,0.8712925441070067
test,2018-580,2,589,27,1.0,0.5188955819388862
test,2018-580,2,589,28,0.0,0.39861456044154464
test,2018-580,2,589,29,0.0,0.05427762598845708
test,2018-580,2,589,30,0.0,0.049408812772910954
test,2018-580,2,589,31,0.0,0.14491047492794912
test,2018-580,3,590,0,0.0,0.5206439153051533
test,2018-580,3,590,1,1.0,0.6285788751488001
test,2018-580,3,590,2,0.0,0.11183386614882238
test,2018-580,3,590,3,0.0,0.4731038416056527
test,2018-580,3,590,4,0.0,0.7822267533737464
test,2018-580,3,590,5,1.0,0.24315679930885595
test,2018-580,3,590,6,1.0,0.6076559920649341
test,2018-580,3,590,7,1.0,0.57450665421181
test,2018-580,3,590,8,0.0,0.4733475086618709
test,2018-580,3,590,9,0.0,0.6702554453118512
test,2018-580,3,590,10,0.0,0.3912436740019241
test,2018-580,3,590,11,0.0,0.2509177123323047
test,2018-580,3,590,12,0.0,0.1678506731091995
test,2018-580,3,590,13,0.0,0.16686024076350353
test,2018-580,3,590,14,0.0,0.3091338327103034
test,2018-580,3,590,15,1.0,0.9466557062049238
test,2018-580,4,591,0,1.0,0.9515188490138287
test,2018-580,4,591,1,1.0,0.5750053970680662
test,2018-580,4,591,2,1.0,0.257091532828814
test,2018-580,4,591,3,1.0,0.1822512905785733
test,2018-580,4,591,4,1.0,0.6386703074396033
test,2018-580,4,591,5,1.0,0.6559192614854638
test,2018-580,4,591,6,1.0,0.7095557959726723
test,2018-580,4,591,7,0.0,0.10482450563027237
test,2018-580,5,592,0,1.0,0.8882835130064674
test,2018-580,5,592,1,1.0,0.6655119541457721
test,2018-580,5,592,2,1.0,0.18788788720772165
test,2018-580,5,592,3,1.0,0.17713343517903293
test,2018-580,6,593,0,0.0,0.09420360533232316
test,2018-580,6,593,1,1.0,0.7695867245128266
test,2018-580,7,594,0,0.0,0.20779658107903612
test,2018-M006,1,595,0,1.0,0.4289942507532252
test,2018-M006,1,595,1,0.0,0.7146062468981293
test,2018-M006,1,595,2,0.0,0.6310666280727805
test,2018-M006,1,595,3,0.0,0.5983485435124705
test,2018-M006,1,595,4,1.0,0.5555778682241822
test,2018-M006,1,595,5,1.0,0.4849799824732663
test,2018-M006,1,595,6,1.0,0.5534330916391274
test,2018-M006,1,595,7,1.0,0.22137642380352857
test,2018-M006,1,595,8,1.0,0.5198879160109081
test,2018-M006,1,595,9,0.0,0.24497884502157602
test,2018-M006,1,595,10,0.0,0.5766808106728045
test,2018-M006,1,595,11,1.0,0.5789101667707621
test,2018-M006,1,595,12,0.0,0.7654886939370075
test,2018-M006,1,595,13,0.0,0.355930974594835
test,2018-M006,1,595,14,0.0,0.3640400175364755
test,2018-M006,1,595,15,1.0,0.5834486830210805
test,2018-M006,1,595,16,0.0,0.2643827974836772
test,2018-M006,1,595,17,0.0,0.7512609912128534
test,2018-M006,1,595,18,0.0,0.3472261294515791
test,2018-M006,1,595,19,0.0,0.6465127299829889
test,2018-M006,1,595,20,1.0,0.3196597086833199
test,2018-M006,1,595,21,1.0,0.5729409877143968
test,2018-M006,1,595,22,0.0,0.2749066939082005
test,2018-M006,1,595,23,0.0,0.38169799328017695
test,2018-M006,1,595,24,0.0,0.322163596874536
test,2018-M006,1,595,25,0.0,0.39197443982815716
test,2018-M006,1,595,26,1.0,0.3551845074155737
test,2018-M006,1,595,27,0.0,0.5609168769040229
test,2018-M006,1,595,28,1.0,0.5481432753942201
test,2018-M006,1,595,29,0.0,0.5882609078763806
test,2018-M006,1,595,30,1.0,0.3338854727654229
test,2018-M006,1,595,31,1.0,0.30275686307412364
test,2018-M006,2,596,0,1.0,0.7647198034723258
test,2018-M006,2,596,1,0.0,0.20657337634078182
test,2018-M006,2,596,2,0.0,0.04455808104963217
test,2018-M006,2,596,3,1.0,0.35158953754250843
test,2018-M006,2,596,4,0.0,0.2921879403901681
test,2018-M006,2,596,5,1.0,0.7676411369252137
test,2018-M006,2,596,6,0.0,0.42514847770865016
test,2018-M006,2,596,7,0.0,0.22895914771213347
test,2018-M006,2,596,8,0.0,0.6935849825694347
test,2018-M006,2,596,9,1.0,0.37087465254996316
test,2018-M006,2,596,10,1.0,0.37339796502835126
test,2018-M006,2,596,11,1.0,0.5823752185152544
test,2018-M006,2,596,12,0.0,0.3123411771359183
test,2018-M006,2,596,13,1.0,0.7526320698061832
test,2018-M006,2,596,14,0.0,0.5491193950134504
test,2018-M006,2,596,15,1.0,0.6583034920407247
test,2018-M006,2,596,16,0.0,0.4369262887149685
test,2018-M006,2,596,17,1.0,0.6733531217185289
test,2018-M006,2,596,18,0.0,0.15820843581790942
test,2018-M006,2,596,19,0.0,0.35323862798053257
test,2018-M006,2,596,20,1.0,0.2737768393648286
test,2018-M006,2,596,21,1.0,0.2657803235828003
test,2018-M006,2,596,22,1.0,0.2292602629613167
test,2018-M006,2,596,23,0.0,0.3710724530618246
test,2018-M006,2,596,24,1.0,0.3698014013701898
test,2018-M006,2,596,25,0.0,0.6229777348441936
test,2018-M006,2,596,26,1.0,0.6393825280419219
test,2018-M006,2,596,27,1.0,0.1675267896554773
test,2018-M006,2,596,28,0.0,0.12840735937379638
test,2018-M006,2,596,29,0.0,0.5970006490892233
test,2018-M006,2,596,30,1.0,0.309322703651453
test,2018-M006,2,596,31,0.0,0.1449829750511414
test,2018-M006,3,597,0,1.0,0.09644754967238395
test,2018-M006,3,597,1,0.0,0.519627727275652
test,2018-M006,3,597,2,1.0,0.6519844851522504
test,2018-M006,3,597,3,1.0,0.803936826443699
test,2018-M006,3,597,4,0.0,0.6899714414017472
test,2018-M006,3,597,5,0.0,0.45768218138829675
test,2018-M006,3,597,6,1.0,0.7170698534945069
test,2018-M006,3,597,7,0.0,0.41273428842626125
test,2018-M006,3,597,8,1.0,0.8864873643306471
test,2018-M006,3,597,9,0.0,0.6339253447102554
test,2018-M006,3,597,10,0.0,0.5800713107512669
test,2018-M006,3,597,11,1.0,0.3472381820522914
test,2018-M006,3,597,12,1.0,0.26282653209262047
test,2018-M006,3,597,13,0.0,0.4880766906074598
test,2018-M006,3,597,14,0.0,0.30437404509098426
test,2018-M006,3,597,15,0.0,0.7292558739515576
test,2018-M006,4,598,0,0.0,0.063586215309237
test,2018-M006,4,598,1,1.0,0.6925990670172884
test,2018-M006,4,598,2,0.0,0.307635783476363
test,2018-M006,4,598,3,0.0,0.5723325062872247
test,2018-M006,4,598,4,1.0,0.5784000837509368
test,2018-M006,4,598,5,1.0,0.5544757445004429
test,2018-M006,4,598,6,0.0,0.2293829878689522
test,2018-M006,4,598,7,1.0,0.5007138121515408
test,2018-M006,5,599,0,1.0,0.8661188066052908
test,2018-M006,5,599,1,1.0,0.5809129791074855
test,2018-M006,5,599,2,0.0,0.6158117194701694
test,2018-M006,5,599,3,0.0,0.17347645407527426
test,2018-M006,6,600,0,1.0,0.7575091260976982
test,2018-M006,6,600,1,0.0,0.09941255483904397
test,2018-M006,7,601,0,0.0,0.815386217306234
test,2018-M007,1,602,0,0.0,0.43624667540745815
test,2018-M007,1,602,1,0.0,0.5844898211787638
test,2018-M007,1,602,2,0.0,0.26532480941446895
test,2018-M007,1,602,3,1.0,0.6129481527616648
test,2018-M007,1,602,4,0.0,0.4309830529345969
test,2018-M007,1,602,5,0.0,0.4765535221134417
test,2018-M007,1,602,6,0.0,0.4999042343900339
test,2018-M007,1,602,7,0.0,0.5591135374315284
test,2018-M007,1,602,8,0.0,0.7860263442648572
test,2018-M007,1,602,9,0.0,0.6189409039311893
test,2018-M007,1,602,10,1.0,0.7535697523788765
test,2018-M007,1,602,11,1.0,0.5442695981441427
test,2018-M007,1,602,12,0.0,0.575524637907033
test,2018-M007,1,602,13,1.0,0.22416432563270489
test,2018-M007,1,602,14,0.0,0.5258150335860826
test,2018-M007,1,602,15,0.0,0.39549884167561566
test,2018-M007,1,602,16,1.0,0.544152991601862
test,2018-M007,1,602,17,0.0,0.6369111910052263
test,2018-M007,1,602,18,0.0,0.5455477484866507
test,2018-M007,1,602,19,0.0,0.5676876105217906
test,2018-M007,1,602,20,1.0,0.5354559456232348
test,2018-M007,1,602,21,0.0,0.6432632467759936
test,2018-M007,1,602,22,0.0,0.45548495711786413
test,2018-M007,1,602,23,0.0,0.49745630765009496
test,2018-M007,1,602,24,1.0,0.5622728803226059
test,2018-M007,1,602,25,0.0,0.6515046222663935
test,2018-M007,1,602,26,0.0,0.3013912553531781
test,2018-M007,1,602,27,0.0,0.33165071844106675
test,2018-M007,1,602,28,1.0,0.6126840332150464
test,2018-M007,1,602,29,1.0,0.37194174852476175
test,2018-M007,1,602,30,1.0,0.3698331477691604
test,2018-M007,1,602,31,1.0,0.6345629512481984
test,2018-M007,2,603,0,1.0,0.02675786984982679
test,2018-M007,2,603,1,0.0,0.2874347859581945
test,2018-M007,2,603,2,0.0,0.58108382578682
test,2018-M007,2,603,3,0.0,0.26606008141363785
test,2018-M007,2,603,4,1.0,0.5967568317783444
test,2018-M007,2,603,5,1.0,0.2731198964786077
test,2018-M007,2,603,6,0.0,0.3815090963561312
test,2018-M007,2,603,7,0.0,0.31388893612155877
test,2018-M007,2,603,8,0.0,0.3105600661520126
test,2018-M007,2,603,9,1.0,0.6268775867256003
test,2018-M007,2,603,10,0.0,0.3027877413292839
test,2018-M007,2,603,11,1.0,0.7236731093152746
test,2018-M007,2,603,12,1.0,0.804184371068111
test,2018-M007,2,603,13,1.0,0.5579589053863038
test,2018-M007,2,603,14,0.0,0.20664527994014714
test,2018-M007,2,603,15,0.0,0.22943320956375166
test,2018-M007,2,603,16,1.0,0.8717314297551693
test,2018-M007,2,603,17,1.0,0.7880794348854746
test,2018-M007,2,603,18,1.0,0.7310152528284439
test,2018-M007,2,603,19,0.0,0.79646681137839
test,2018-M007,2,603,20,0.0,0.208071671962068
test,2018-M007,2,603,21,1.0,0.3560794931644298
test,2018-M007,2,603,22,1.0,0.7850368449662116
test,2018-M007,2,603,23,0.0,0.557374505388854
test,2018-M007,2,603,24,1.0,0.3982449414747075
test,2018-M007,2,603,25,1.0,0.8527367927422207
test,2018-M007,2,603,26,1.0,0.21004176199425686
test,2018-M007,2,603,27,0.0,0.2789373830900161
test,2018-M007,2,603,28,0.0,0.5758965342552876
test,2018-M007,2,603,29,1.0,0.8242197224145645
test,2018-M007,2,603,30,1.0,0.8658090548810692
test,2018-M007,2,603,31,1.0,0.43899827348315557
test,2018-M007,3,604,0,0.0,0.7172889465879897
test,2018-M007,3,604,1,1.0,0.5761222962789778
test,2018-M007,3,604,2,1.0,0.8924167742325307
test,2018-M007,3,604,3,0.0,0.27190513590191917
test,2018-M007,3,604,4,0.0,0.11915207905142942
test,2018-M007,3,604,5,0.0,0.4140917444018995
test,2018-M007,3,604,6,1.0,0.7361072422968307
test,2018-M007,3,604,7,1.0,0.41958108015596185
test,2018-M007,3,604,8,1.0,0.7668428441484384
test,2018-M007,3,604,9,0.0,0.3507692483366772
test,2018-M007,3,604,10,0.0,0.8157011819533155
test,2018-M007,3,604,11,1.0,0.7206419623125853
test,2018-M007,3,604,12,0.0,0.4041073607706413
test,2018-M007,3,604,13,0.0,0.7067699699448444
test,2018-M007,3,604,14,1.0,0.8661063285343413
test,2018-M007,3,604,15,0.0,0.45287994429178635
test,2018-M007,4,605,0,0.0,0.23151721451216267
test,2018-M007,4,605,1,1.0,0.5256907439729843
test,2018-M007,4,605,2,1.0,0.737624954948712
test,2018-M007,4,605,3,1.0,0.3951291624642503
test,2018-M007,4,605,4,0.0,0.29504704312754143
test,2018-M007,4,605,5,1.0,0.644596969999944
test,2018-M007,4,605,6,1.0,0.7540976358782425
test,2018-M007,4,605,7,0.0,0.7618210019210141
test,2018-M007,5,606,0,1.0,0.48697973409006595
test,2018-M007,5,606,1,1.0,0.37766742399835795
test,2018-M007,5,606,2,1.0,0.7634295077524953
test,2018-M007,5,606,3,1.0,0.33783548652111633
test,2018-M007,6,607,0,0.0,0.5738070980672534
test,2018-M007,6,607,1,0.0,0.7518846678187574
test,2018-M007,7,608,0,0.0,0.3920843851652872
test,2018-M009,2,621,0,1.0,0.8233387282112119
test,2018-M009,2,621,1,0.0,0.6458586290874414
test,2018-M009,2,621,2,0.0,0.4669682388974688
test,2018-M009,2,621,3,1.0,0.2519073817812516
test,2018-M009,2,621,4,1.0,0.1833490824568534
test,2018-M009,2,621,5,0.0,0.40229285220520195
test,2018-M009,2,621,6,1.0,0.30657353164499745
test,2018-M009,2,621,7,1.0,0.8122341445450766
test,2018-M009,2,621,8,1.0,0.7732778003127367
test,2018-M009,2,621,9,0.0,0.6730960422722996
test,2018-M009,2,621,10,1.0,0.3634552975222531
test,2018-M009,2,621,11,1.0,0.6602707256748269
test,2018-M009,2,621,12,1.0,0.3253572909034177
test,2018-M009,2,621,13,1.0,0.8594458804748382
test,2018-M009,2,621,14,1.0,0.4884352079587257
test,2018-M009,2,621,15,0.0,0.3489071800816849
test,2018-M009,2,621,16,1.0,0.6781743274474487
test,2018-M009,2,621,17,0.0,0.4925191899725131
test,2018-M009,2,621,18,0.0,0.7172203520327058
test,2018-M009,2,621,19,1.0,0.24572989642527174
test,2018-M009,2,621,20,0.0,0.5615762662857222
test,2018-M009,2,621,21,1.0,0.5971361458055381
test,2018-M009,2,621,22,0.0,0.6666703857389947
test,2018-M009,2,621,23,1.0,0.7177583433382071
test,2018-M009,3,622,0,0.0,0.06330159119465041
test,2018-M009,3,622,1,1.0,0.6040001935751645
test,2018-M009,3,622,2,0.0,0.7040523472129022
test,2018-M009,3,622,3,1.0,0.5666596257915626
test,2018-M009,3,622,4,0.0,0.16139479821946903
test,2018-M009,3,622,5,1.0,0.3849725715844757
test,2018-M009,3,622,6,1.0,0.2786480891585806
test,2018-M009,3,622,7,0.0,0.7778446145365117
test,2018-M009,3,622,8,0.0,0.2375285711973802
test,2018-M009,3,622,9,1.0,0.6452401847732506
test,2018-M009,3,622,10,0.0,0.18756628909521178
test,2018-M009,3,622,11,0.0,0.131589736085531
test,2018-M009,3,622,12,0.0,0.35008243087706103
test,2018-M009,3,622,13,1.0,0.7099632104305719
test,2018-M009,3,622,14,0.0,0.22535301754415507
test,2018-M009,3,622,15,1.0,0.915732542485002
test,2018-M009,4,623,0,1.0,0.766408863099692
test,2018-M009,4,623,1,1.0,0.2526673245105666
test,2018-M009,4,623,2,0.0,0.09547707981969457
test,2018-M009,4,623,3,1.0,0.7885491467386991
test,2018-M009,4,623,4,1.0,0.7889962462347956
test,2018-M009,4,623,5,1.0,0.5855341075384056
test,2018-M009,4,623,6,1.0,0.6879978685367311
test,2018-M009,4,623,7,1.0,0.7539810088023655
test,2018-M009,5,624,0,1.0,0.7781278038649037
test,2018-M009,5,624,1,1.0,0.6281169819222623
test,2018-M009,5,624,2,0.0,0.336171862537737
test,2018-M009,5,624,3,1.0,0.9089109313285827
test,2018-M009,6,625,0,1.0,0.6558225132925378
test,2018-M009,6,625,1,1.0,0.7883311889569521
test,2018-M009,7,626,0,0.0,0.22957561700964663
test,2018-M021,2,615,0,1.0,0.3999850854650316
test,2018-M021,2,615,1,1.0,0.7413424647880381
test,2018-M021,2,615,2,1.0,0.38351256191445093
test,2018-M021,2,615,3,0.0,0.4840262409255235
test,2018-M021,2,615,4,0.0,0.28446933474185393
test,2018-M021,2,615,5,0.0,0.5807363209673263
test,2018-M021,2,615,6,1.0,0.8340372860353451
test,2018-M021,2,615,7,1.0,0.5833189862234203
test,2018-M021,2,615,8,0.0,0.43964964717035704
test,2018-M021,2,615,9,1.0,0.583557166638305
test,2018-M021,2,615,10,0.0,0.3468065079033962
test,2018-M021,2,615,11,1.0,0.16854113913627616
test,2018-M021,2,615,12,1.0,0.6448968916313433
test,2018-M021,2,615,13,0.0,0.5899440964282489
test,2018-M021,2,615,14,1.0,0.6684422380424684
test,2018-M021,2,615,15,1.0,0.750817797331476
test,2018-M021,2,615,16,0.0,0.3269375767350029
test,2018-M021,2,615,17,0.0,0.29655555631838953
test,2018-M021,2,615,18,1.0,0.6280911127071733
test,2018-M021,2,615,19,1.0,0.7270482261584011
test,2018-M021,2,615,20,0.0,0.6612467956112918
test,2018-M021,2,615,21,1.0,0.5707085508606979
test,2018-M021,2,615,22,0.0,0.6684022492484539
test,2018-M021,2,615,23,0.0,0.49911233648765707
test,2018-M021,3,616,0,1.0,0.929230018382479
test,2018-M021,3,616,1,0.0,0.42315571619303816
test,2018-M021,3,616,2,1.0,0.7043384072688086
test,2018-M021,3,616,3,0.0,0.21131786146651352
test,2018-M021,3,616,4,0.0,0.13895201009099287
test,2018-M021,3,616,5,0.0,0.23505558805751822
test,2018-M021,3,616,6,0.0,0.4355939387765292
test,2018-M021,3,616,7,1.0,0.6554769504261018
test,2018-M021,3,616,8,0.0,0.7692542617380165
test,2018-M021,3,616,9,1.0,0.21593773459812643
test,2018-M021,3,616,10,1.0,0.49952564604344046
test,2018-M021,3,616,11,0.0,0.3496629598576428
test,2018-M021,3,616,12,0.0,0.5027604274022386
test,2018-M021,3,616,13,0.0,0.19507706862294924
test,2018-M021,3,616,14,1.0,0.8472933041510432
test,2018-M021,3,616,15,0.0,0.5544473351921918
test,2018-M021,4,617,0,0.0,0.27526261689119685
test,2018-M021,4,617,1,0.0,0.25224752757656754
test,2018-M021,4,617,2,1.0,0.4672939423857994
test,2018-M021,4,617,3,0.0,0.4663755712859471
test,2018-M021,4,617,4,0.0,0.8650309320495633
test,2018-M021,4,617,5,0.0,0.6337127445259038
test,2018-M021,4,617,6,1.0,0.9252742441051891
test,2018-M021,4,617,7,1.0,0.23287446624155267
test,2018-M021,5,618,0,0.0,0.9048736384828734
test,2018-M021,5,618,1,1.0,0.6029829935729346
test,2018-M021,5,618,2,1.0,0.4156813861728496
test,2018-M021,5,618,3,0.0,0.26527286447963716
test,2018-M021,6,619,0,1.0,0.7572742080917465
test,2018-M021,6,619,1,0.0,0.4852210125312131
test,2018-M021,7,620,0,0.0,0.33583342920052506
test,2018-M024,2,647,0,1.0,0.3666832457210141
test,2018-M024,2,647,1,0.0,0.24897967772331772
test,2018-M024,2,647,2,1.0,0.36700062406583867
test,2018-M024,2,647,3,0.0,0.18066378815810216
test,2018-M024,2,647,4,0.0,0.29078615521288786
test,2018-M024,2,647,5,1.0,0.61975411250379
test,2018-M024,2,647,6,1.0,0.7343147370523547
test,2018-M024,2,647,7,0.0,0.20261740125051594
test,2018-M024,2,647,8,1.0,0.5477993489048729
test,2018-M024,2,647,9,1.0,0.5656822509481549
test,2018-M024,2,647,10,0.0,0.5765518816156745
test,2018-M024,2,647,11,0.0,0.7729227287812556
test,2018-M024,2,647,12,0.0,0.6723061614945619
test,2018-M024,2,647,13,0.0,0.6977344651742757
test,2018-M024,2,647,14,1.0,0.6491372525130005
test,2018-M024,2,647,15,1.0,0.6434292635664371
test,2018-M024,2,647,16,1.0,0.7400786517879625
test,2018-M024,2,647,17,0.0,0.12050208737374049
test,2018-M024,2,647,18,0.0,0.180508227680643
test,2018-M024,2,647,19,0.0,0.4642034398590515
test,2018-M024,2,647,20,1.0,0.6338953627315803
test,2018-M024,2,647,21,0.0,0.6267946746518535
test,2018-M024,2,647,22,1.0,0.6023823098979522
test,2018-M024,2,647,23,0.0,0.37452938365831945
test,2018-M024,3,648,0,0.0,0.12686811591560165
test,2018-M024,3,648,1,0.0,0.465800855936157
test,2018-M024,3,648,2,1.0,0.5790911087284218
test,2018-M024,3,648,3,1.0,0.8824585491485486
test,2018-M024,3,648,4,0.0,0.34864169494085695
test,2018-M024,3,648,5,0.0,0.22255694467044995
test,2018-M024,3,648,6,1.0,0.49269127505457117
test,2018-M024,3,648,7,1.0,0.8560317805277542
test,2018-M024,3,648,8,0.0,0.2421805459434845
test,2018-M024,3,648,9,1.0,0.20052929273242803
test,2018-M024,3,648,10,0.0,0.2363792380565412
test,2018-M024,3,648,11,1.0,0.5245241668893968
test,2018-M024,3,648,12,1.0,0.3472864203067252
test,2018-M024,3,648,13,1.0,0.5372166839286605
test,2018-M024,3,648,14,0.0,0.70447429022186
test,2018-M024,3,648,15,1.0,0.9089365008039345
test,2018-M024,4,649,0,1.0,0.8569974108742813
test,2018-M024,4,649,1,0.0,0.3328611190286427
test,2018-M024,4,649,2,0.0,0.2782835618900495
test,2018-M024,4,649,3,1.0,0.28354277761597035
test,2018-M024,4,649,4,0.0,0.3350866290732239
test,2018-M024,4,649,5,1.0,0.6311228488423113
test,2018-M024,4,649,6,0.0,0.1811972682965406
test,2018-M024,4,649,7,1.0,0.7813881363242517
test,2018-M024,5,650,0,0.0,0.1668142094441031
test,2018-M024,5,650,1,0.0,0.7661181798901635
test,2018-M024,5,650,2,0.0,0.3623014785826835
test,2018-M024,5,650,3,1.0,0.6651682907372758
test,2018-M024,6,651,0,0.0,0.1829634457554715
test,2018-M024,6,651,1,0.0,0.2921493512646592
test,2018-M024,7,652,0,0.0,0.5323232438962134
test,2019-0352,2,750,0,1.0,0.38877946514291956
test,2019-0352,2,750,1,0.0,0.660106319202442
test,2019-0352,2,750,2,1.0,0.6850198077040413
test,2019-0352,2,750,3,0.0,0.3837958640274009
test,2019-0352,2,750,4,0.0,0.5207939293897611
test,2019-0352,2,750,5,1.0,0.43959470847295407
test,2019-0352,2,750,6,0.0,0.6293343497154438
test,2019-0352,2,750,7,0.0,0.26157781126552654
test,2019-0352,2,750,8,0.0,0.23980854086124445
test,2019-0352,2,750,9,1.0,0.5066989283442002
test,2019-0352,2,750,10,1.0,0.631811516381346
test,2019-0352,2,750,11,1.0,0.6454597057292105
test,2019-0352,2,750,12,0.0,0.3668514057750268
test,2019-0352,2,750,13,1.0,0.294872169126826
test,2019-0352,2,750,14,1.0,0.6530989837858832
test,2019-0352,2,750,15,0.0,0.28441146595423944
test,2019-0352,3,751,0,0.0,0.7083909360177519
test,2019-0352,3,751,1,0.0,0.2989740231956072
test,2019-0352,3,751,2,0.0,0.86655921300046
test,2019-0352,3,751,3,1.0,0.3487681275873983
test,2019-0352,3,751,4,0.0,0.42713220068150637
test,2019-0352,3,751,5,0.0,0.3126053196662206
test,2019-0352,3,751,6,0.0,0.6465092448810182
test,2019-0352,3,751,7,0.0,0.2844593135641305
test,2019-0352,3,751,8,0.0,0.3890262109980619
test,2019-0352,3,751,9,0.0,0.6127978501147667
test,2019-0352,3,751,10,0.0,0.7140985515184217
test,2019-0352,3,751,11,1.0,0.5298779810727904
test,2019-0352,3,751,12,1.0,0.9504580910174667
test,2019-0352,3,751,13,1.0,0.2802313729126608
test,2019-0352,3,751,14,1.0,0.2517857965860133
test,2019-0352,3,751,15,1.0,0.955613387732449
test,2019-0352,4,752,0,0.0,0.08049316790885287
test,2019-0352,4,752,1,1.0,0.9277833919936332
test,2019-0352,4,752,2,0.0,0.3321992424636884
test,2019-0352,4,752,3,0.0,0.5819054527478836
test,2019-0352,4,752,4,0.0,0.6487467816463607
test,2019-0352,4,752,5,0.0,0.2490900176324716
test,2019-0352,4,752,6,1.0,0.2930150820940014
test,2019-0352,4,752,7,0.0,0.6312169986887031
test,2019-0352,5,753,0,0.0,0.12421230994698718
test,2019-0352,5,753,1,0.0,0.3295660237126264
test,2019-0352,5,753,2,0.0,0.6887967826827548
test,2019-0352,5,753,3,0.0,0.04025620594540698
test,2019-0352,6,754,0,1.0,0.8871574086306551
test,2019-0352,6,754,1,1.0,0.0613166005477486
test,2019-0352,7,755,0,0.0,0.10062213517494614
test,2019-0410,2,693,0,1.0,0.5964504446024397
test,2019-0410,2,693,1,1.0,0.8168230578686736
test,2019-0410,2,693,2,1.0,0.31672114976426186
test,2019-0410,2,693,3,0.0,0.39977778431011673
test,2019-0410,2,693,4,0.0,0.16100751220596127
test,2019-0410,2,693,5,0.0,0.3165909982670076
test,2019-0410,2,693,6,1.0,0.6653163432541465
test,2019-0410,2,693,7,0.0,0.303443163182515
test,2019-0410,2,693,8,0.0,0.44559724422336994
test,2019-0410,2,693,9,0.0,0.7017897459679258
test,2019-0410,2,693,10,0.0,0.6311787469478852
test,2019-0410,2,693,11,0.0,0.6125664966971253
test,2019-0410,2,693,12,0.0,0.6472047030175555
test,2019-0410,2,693,13,1.0,0.7863880815566029
test,2019-0410,2,693,14,1.0,0.42100273229324725
test,2019-0410,2,693,15,1.0,0.3948093857209495
test,2019-0410,2,693,16,0.0,0.39920781434954533
test,2019-0410,2,693,17,0.0,0.3758957737683659
test,2019-0410,2,693,18,0.0,0.5180905810364187
test,2019-0410,2,693,19,1.0,0.39536809478129203
test,2019-0410,2,693,20,0.0,0.2467170945233744
test,2019-0410,2,693,21,0.0,0.21532796293814532
test,2019-0410,2,693,22,1.0,0.46613432428657336
test,2019-0410,2,693,23,1.0,0.4458695404959608
test,2019-0410,3,694,0,0.0,0.8624823120605748
test,2019-0410,3,694,1,0.0,0.7532565587222253
test,2019-0410,3,694,2,1.0,0.3853762479405193
test,2019-0410,3,694,3,0.0,0.7108459529972856
test,2019-0410,3,694,4,1.0,0.8692244229307796
test,2019-0410,3,694,5,0.0,0.33178795546579287
test,2019-0410,3,694,6,0.0,0.3072985295587878
test,2019-0410,3,694,7,0.0,0.7264496739021654
test,2019-0410,3,694,8,1.0,0.8992313903603247
test,2019-0410,3,694,9,0.0,0.22721688246660196
test,2019-0410,3,694,10,1.0,0.4524239319135182
test,2019-0410,3,694,11,0.0,0.437315367106827
test,2019-0410,3,694,12,0.0,0.782735739486344
test,2019-0410,3,694,13,0.0,0.09866749629360937
test,2019-0410,3,694,14,1.0,0.6581795669647325
test,2019-0410,3,694,15,1.0,0.3228117353844154
test,2019-0410,4,695,0,1.0,0.9156287346466677
test,2019-0410,4,695,1,1.0,0.5226392793830631
test,2019-0410,4,695,2,0.0,0.6953414032887748
test,2019-0410,4,695,3,1.0,0.7078503888859196
test,2019-0410,4,695,4,1.0,0.17505024920309506
test,2019-0410,4,695,5,0.0,0.3628717202709804
test,2019-0410,4,695,6,1.0,0.9350371407226384
test,2019-0410,4,695,7,0.0,0.4245260124172936
test,2019-0410,5,696,0,0.0,0.04340832358950093
test,2019-0410,5,696,1,0.0,0.6695479957827393
test,2019-0410,5,696,2,0.0,0.439631896933857
test,2019-0410,5,696,3,0.0,0.8665406797148973
test,2019-0410,6,697,0,0.0,0.9397593968317416
test,2019-0410,6,697,1,0.0,0.686182181008362
test,2019-0410,7,698,0,0.0,0.5436804808022004
test,2019-0421,2,725,0,1.0,0.4874923156349713
test,2019-0421,2,725,1,1.0,0.8122378029881278
test,2019-0421,2,725,2,0.0,0.20781918477184125
test,2019-0421,2,725,3,0.0,0.7241033731995904
test,2019-0421,2,725,4,0.0,0.45962562153746517
test,2019-0421,2,725,5,0.0,0.5981859711981392
test,2019-0421,2,725,6,0.0,0.3632125261980829
test,2019-0421,2,725,7,1.0,0.3810661548017265
test,2019-0421,2,725,8,0.0,0.2466458127915187
test,2019-0421,2,725,9,1.0,0.7869919208165648
test,2019-0421,2,725,10,0.0,0.3702062955049204
test,2019-0421,2,725,11,0.0,0.5465741774755117
test,2019-0421,2,725,12,1.0,0.6687357818304301
test,2019-0421,2,725,13,1.0,0.735237910992973
test,2019-0421,2,725,14,0.0,0.1619895267652299
test,2019-0421,2,725,15,1.0,0.6535877630447481
test,2019-0421,2,725,16,1.0,0.5955954914244107
test,2019-0421,2,725,17,1.0,0.5915992999599639
test,2019-0421,2,725,18,0.0,0.4467018271342144
test,2019-0421,2,725,19,0.0,0.21219640682507449
test,2019-0421,2,725,20,1.0,0.3513809593153358
test,2019-0421,2,725,21,1.0,0.41481323519992963
test,2019-0421,2,725,22,1.0,0.5377146873877074
test,2019-0421,2,725,23,0.0,0.19050415286637296
test,2019-0421,3,726,0,1.0,0.4538749361077981
test,2019-0421,3,726,1,1.0,0.29459360951525887
test,2019-0421,3,726,2,0.0,0.4169766608803933
test,2019-0421,3,726,3,0.0,0.18389651252612324
test,2019-0421,3,726,4,1.0,0.35951382722819974
test,2019-0421,3,726,5,0.0,0.1698218850237114
test,2019-0421,3,726,6,0.0,0.6977126740998192
test,2019-0421,3,726,7,0.0,0.42342983078051016
test,2019-0421,3,726,8,1.0,0.9548979241963539
test,2019-0421,3,726,9,0.0,0.6897718318573021
test,2019-0421,3,726,10,0.0,0.6359349244338609
test,2019-0421,3,726,11,1.0,0.5188691057630863
test,2019-0421,3,726,12,0.0,0.867245466715487
test,2019-0421,3,726,13,1.0,0.713967233268963
test,2019-0421,3,726,14,0.0,0.29933574784515726
test,2019-0421,3,726,15,0.0,0.25696426999562005
test,2019-0421,4,727,0,1.0,0.6667448087398482
test,2019-0421,4,727,1,1.0,0.7481352388107407
test,2019-0421,4,727,2,0.0,0.33951586364473635
test,2019-0421,4,727,3,1.0,0.5596600216258985
test,2019-0421,4,727,4,0.0,0.28051289900955284
test,2019-0421,4,727,5,1.0,0.6540100112084851
test,2019-0421,4,727,6,1.0,0.6961722844826296
test,2019-0421,4,727,7,0.0,0.05420303028169837
test,2019-0421,5,728,0,1.0,0.31417871004244696
test,2019-0421,5,728,1,1.0,0.5205314499612859
test,2019-0421,5,728,2,0.0,0.47009692999162145
test,2019-0421,5,728,3,0.0,0.09210940090233331
test,2019-0421,6,729,0,1.0,0.4866763395450588
test,2019-0421,6,729,1,1.0,0.8950551450429962
test,2019-0421,7,730,0,1.0,0.9062083019397781
test,2019-5014,2,744,0,0.0,0.4271792570409443
test,2019-5014,2,744,1,1.0,0.8387670716773359
test,2019-5014,2,744,2,1.0,0.6086243663628799
test,2019-5014,2,744,3,1.0,0.6387811614656222
test,2019-5014,2,744,4,1.0,0.7806621690644425
test,2019-5014,2,744,5,1.0,0.386103012198808
test,2019-5014,2,744,6,1.0,0.5221667335230046
test,2019-5014,2,744,7,1.0,0.18355077321979887
test,2019-5014,2,744,8,1.0,0.8002238165676323
test,2019-5014,2,744,9,0.0,0.32974882135280287
test,2019-5014,2,744,10,1.0,0.5260699506871277
test,2019-5014,2,744,11,0.0,0.6656915181608324
test,2019-5014,2,744,12,1.0,0.27182065620238044
test,2019-5014,2,744,13,0.0,0.5295832037052953
test,2019-5014,2,744,14,0.0,0.3485339450181635
test,2019-5014,2,744,15,0.0,0.6250433595550727
test,2019-5014,2,744,16,0.0,0.6061584572264499
test,2019-5014,2,744,17,1.0,0.4827476706649829
test,2019-5014,2,744,18,0.0,0.16389017037401096
test,2019-5014,2,744,19,0.0,0.39104492111923905
test,2019-5014,2,744,20,0.0,0.4239778315750276
test,2019-5014,2,744,21,1.0,0.412444739443456
test,2019-5014,2,744,22,1.0,0.3254729284656869
test,2019-5014,2,744,23,0.0,0.619522093266641
test,2019-5014,3,745,0,0.0,0.12550306521698806
test,2019-5014,3,745,1,1.0,0.7476466236342486
test,2019-5014,3,745,2,1.0,0.6226958164822765
test,2019-5014,3,745,3,1.0,0.7959658588423619
test,2019-5014,3,745,4,0.0,0.38153075400023156
test,2019-5014,3,745,5,0.0,0.46609015311224966
test,2019-5014,3,745,6,0.0,0.339212947830188
test,2019-5014,3,745,7,0.0,0.23778271530794703
test,2019-5014,3,745,8,1.0,0.676120757254703
test,2019-5014,3,745,9,0.0,0.5893889834535675
test,2019-5014,3,745,10,0.0,0.13691788774734384
test,2019-5014,3,745,11,1.0,0.6669773143442702
test,2019-5014,3,745,12,0.0,0.7377053521524567
test,2019-5014,3,745,13,1.0,0.586295340745654
test,2019-5014,3,745,14,1.0,0.6820864554294902
test,2019-5014,3,745,15,1.0,0.8706906992266792
test,2019-5014,4,746,0,1.0,0.6557921261494282
test,2019-5014,4,746,1,1.0,0.8419452467189763
test,2019-5014,4,746,2,0.0,0.36938673854941
test,2019-5014,4,746,3,0.0,0.136718349664562
test,2019-5014,4,746,4,1.0,0.5885376615972262
test,2019-5014,4,746,5,0.0,0.674957792703692
test,2019-5014,4,746,6,0.0,0.25524619854418834
test,2019-5014,4,746,7,0.0,0.38909914752028424
test,2019-5014,5,747,0,1.0,0.15650604260544088
test,2019-5014,5,747,1,1.0,0.7030828796099311
test,2019-5014,5,747,2,1.0,0.38395611696803605
test,2019-5014,5,747,3,0.0,0.7616587950490191
test,2019-5014,6,748,0,0.0,0.24040067902218112
test,2019-5014,6,748,1,1.0,0.615145066009675
test,2019-5014,7,749,0,1.0,0.719966525400133
test,2019-520,1,711,0,1.0,0.8476754177943713
test,2019-520,1,711,1,0.0,0.5525737987421041
test,2019-520,1,711,2,0.0,0.524615264811138
test,2019-520,1,711,3,1.0,0.7492783272729924
test,2019-520,1,711,4,1.0,0.7622506362443766
test,2019-520,1,711,5,0.0,0.4953949055112299
test,2019-520,1,711,6,1.0,0.5640663715167514
test,2019-520,1,711,7,1.0,0.7943200687324
test,2019-520,1,711,8,1.0,0.827005923169405
test,2019-520,1,711,9,1.0,0.5645989310154255
test,2019-520,1,711,10,0.0,0.4230371198183464
test,2019-520,1,711,11,0.0,0.6308845377192203
test,2019-520,1,711,12,0.0,0.14523843044806703
test,2019-520,1,711,13,1.0,0.2518123099875083
test,2019-520,1,711,14,0.0,0.19378058225831274
test,2019-520,1,711,15,0.0,0.17800757813674625
test,2019-520,1,711,16,1.0,0.3478606001008033
test,2019-520,1,711,17,0.0,0.3298762914226327
test,2019-520,1,711,18,1.0,0.6310806038141027
test,2019-520,1,711,19,0.0,0.19082221448715608
test,2019-520,1,711,20,0.0,0.2533740852443065
test,2019-520,1,711,21,1.0,0.710159919400073
test,2019-520,1,711,22,0.0,0.2575152826916632
test,2019-520,1,711,23,1.0,0.28993540915263316
test,2019-520,1,711,24,0.0,0.33881107313423015
test,2019-520,1,711,25,0.0,0.5318066632898572
test,2019-520,1,711,26,1.0,0.7329560918247968
test,2019-520,1,711,27,1.0,0.3901235917216079
test,2019-520,1,711,28,1.0,0.8231683093354247
test,2019-520,1,711,29,1.0,0.8156413966308469
test,2019-520,1,711,30,0.0,0.44403511464111733
test,2019-520,1,711,31,1.0,0.6812245211184249
test,2019-520,1,711,32,0.0,0.2667870203216343
test,2019-520,1,711,33,1.0,0.8483954819237648
test,2019-520,1,711,34,0.0,0.706760630523215
test,2019-520,1,711,35,1.0,0.4269331167121465
test,2019-520,1,711,36,0.0,0.2334118971251484
test,2019-520,1,711,37,0.0,0.09731662469615737
test,2019-520,1,711,38,1.0,0.5516758567545389
test,2019-520,1,711,39,0.0,0.22537024714118942
test,2019-520,1,711,40,1.0,0.549856245993882
test,2019-520,1,711,41,0.0,0.683272472309536
test,2019-520,1,711,42,1.0,0.9129859672258298
test,2019-520,1,711,43,0.0,0.29438089009545026
test,2019-520,1,711,44,1.0,0.37611943187829894
test,2019-520,1,711,45,0.0,0.4515754662964206
test,2019-520,1,711,46,0.0,0.08891770171052049
test,2019-520,1,711,47,0.0,0.13846132620130938
test,2019-520,1,711,48,1.0,0.5531269783675392
test,2019-520,1,711,49,1.0,0.5724901233970685
test,2019-520,1,711,50,0.0,0.5965121899578643
test,2019-520,1,711,51,0.0,0.3223178886904111
test,2019-520,1,711,52,1.0,0.5953954161958157
test,2019-520,1,711,53,1.0,0.6343946883490098
test,2019-520,1,711,54,1.0,0.28010648731511956
test,2019-520,1,711,55,1.0,0.1603253334138292
test,2019-520,1,711,56,0.0,0.38162733638284846
test,2019-520,1,711,57,1.0,0.5993926249696208
test,2019-520,1,711,58,0.0,0.3115649047148786
test,2019-520,1,711,59,1.0,0.8600273920109937
test,2019-520,1,711,60,1.0,0.644146036729681
test,2019-520,1,711,61,0.0,0.5661615087347122
test,2019-520,1,711,62,1.0,0.9841233957256508
test,2019-520,1,711,63,0.0,0.5549847834435148
test,2019-520,2,712,0,0.0,0.68615263808076
test,2019-520,2,712,1,1.0,0.9781293336376903
test,2019-520,2,712,2,1.0,0.7482506993522444
test,2019-520,2,712,3,0.0,0.6914448512185473
test,2019-520,2,712,4,1.0,0.4272435336571564
test,2019-520,2,712,5,1.0,0.6885592679461839
test,2019-520,2,712,6,0.0,0.34592175271036524
test,2019-520,2,712,7,1.0,0.7876817744787576
test,2019-520,2,712,8,1.0,0.8395107324644954
test,2019-520,2,712,9,0.0,0.11711157877381634
test,2019-520,2,712,10,0.0,0.6290582592613124
test,2019-520,2,712,11,1.0,0.18389318669794003
test,2019-520,2,712,12,0.0,0.2853186971918313
test,2019-520,2,712,13,0.0,0.16731178669065463
test,2019-520,2,712,14,0.0,0.6680217595735723
test,2019-520,2,712,15,1.0,0.550473475885699
test,2019-520,2,712,16,1.0,0.7630024568361621
test,2019-520,2,712,17,1.0,0.8421621360256919
test,2019-520,2,712,18,0.0,0.31611649961166555
test,2019-520,2,712,19,0.0,0.194044289048786
test,2019-520,2,712,20,1.0,0.3835204211605936
test,2019-520,2,712,21,1.0,0.18742413237926453
test,2019-520,2,712,22,1.0,0.2729869121371255
test,2019-520,2,712,23,1.0,0.43130637241107433
test,2019-520,2,712,24,0.0,0.04753265076027688
test,2019-520,2,712,25,1.0,0.7803256178716652
test,2019-520,2,712,26,1.0,0.6737684880716327
test,2019-520,2,712,27,1.0,0.8077426045880945
test,2019-520,2,712,28,1.0,0.6510844121130133
test,2019-520,2,712,29,1.0,0.9606217590020856
test,2019-520,2,712,30,1.0,0.23929882151104534
test,2019-520,2,712,31,0.0,0.1346548311774509
test,2019-520,3,713,0,0.0,0.3496989633044983
test,2019-520,3,713,1,1.0,0.5616098396554573
test,2019-520,3,713,2,0.0,0.2543419455111307
test,2019-520,3,713,3,0.0,0.2828170421521987
test,2019-520,3,713,4,0.0,0.2580310020174867
test,2019-520,3,713,5,1.0,0.814758073513813
test,2019-520,3,713,6,0.0,0.6306541184684066
test,2019-520,3,713,7,1.0,0.5556986096849116
test,2019-520,3,713,8,1.0,0.6263693760775061
test,2019-520,3,713,9,0.0,0.05016752261822654
test,2019-520,3,713,10,0.0,0.07464731814170497
test,2019-520,3,713,11,1.0,0.802987367266933
test,2019-520,3,713,12,1.0,0.7004865732407506
test,2019-520,3,713,13,1.0,0.5330224421722551
test,2019-520,3,713,14,1.0,0.9361349207901871
test,2019-520,3,713,15,0.0,0.6552760336488603
test,2019-520,4,714,0,1.0,0.9666775504300938
test,2019-520,4,714,1,0.0,0.25063376384942687
test,2019-520,4,714,2,0.0,0.09490011707364572
test,2019-520,4,714,3,1.0,0.3616458611470628
test,2019-520,4,714,4,1.0,0.6162585632790145
test,2019-520,4,714,5,0.0,0.5944068827770076
test,2019-520,4,714,6,0.0,0.10359379384610037
test,2019-520,4,714,7,0.0,0.516807307673706
test,2019-520,5,715,0,0.0,0.3485936024267759
test,2019-520,5,715,1,0.0,0.07625175765034833
test,2019-520,5,715,2,0.0,0.14524088378997382
test,2019-520,5,715,3,0.0,0.1257672830038747
test,2019-520,6,716,0,0.0,0.22113307491386763
test,2019-520,6,716,1,0.0,0.830678040299363
test,2019-520,7,717,0,0.0,0.10950371091794947
test,2019-540,1,718,0,1.0,0.7414093763304983
test,2019-540,1,718,1,1.0,0.18431320911978868
test,2019-540,1,718,2,1.0,0.1897945462527377
test,2019-540,1,718,3,1.0,0.4281264422004936
test,2019-540,1,718,4,0.0,0.4769654488200993
test,2019-540,1,718,5,1.0,0.6557994104131714
test,2019-540,1,718,6,0.0,0.22012658968875984
test,2019-540,1,718,7,1.0,0.37914415480117747
test,2019-540,1,718,8,1.0,0.6282481444855258
test,2019-540,1,718,9,1.0,0.8783433615280831
test,2019-540,1,718,10,1.0,0.8856484091914448
test,2019-540,1,718,11,1.0,0.7772267338165784
test,2019-540,1,718,12,0.0,0.32884262232637396
test,2019-540,1,718,13,1.0,0.768082861277266
test,2019-540,1,718,14,0.0,0.3279077870408397
test,2019-540,1,718,15,0.0,0.4091973838457702
test,2019-540,1,718,16,0.0,0.5919660008969313
test,2019-540,1,718,17,0.0,0.8244265335516789
test,2019-540,1,718,18,1.0,0.7295750058335118
test,2019-540,1,718,19,0.0,0.190269674185555
test,2019-540,1,718,20,0.0,0.3723287141076601
test,2019-540,1,718,21,1.0,0.7001548603847259
test,2019-540,1,718,22,1.0,0.5957935610836652
test,2019-540,1,718,23,0.0,0.5203707487394261
test,2019-540,1,718,24,0.0,0.15365093387611634
test,2019-540,1,718,25,0.0,0.3549548117855796
test,2019-540,1,718,26,1.0,0.45025692917330634
test,2019-540,1,718,27,1.0,0.6077356614890479
test,2019-540,1,718,28,1.0,0.5507109500332819
test,2019-540,1,718,29,1.0,0.4162131366046016
test,2019-540,1,718,30,1.0,0.5655280914663884
test,2019-540,1,718,31,0.0,0.1444161523718467
test,2019-540,1,718,32,1.0,0.9749590046725868
test,2019-540,1,718,33,1.0,0.6071003323988624
test,2019-540,1,718,34,1.0,0.6312403983148258
test,2019-540,1,718,35,0.0,0.7914701328852025
test,2019-540,1,718,36,0.0,0.2147239102048426
test,2019-540,1,718,37,1.0,0.4878191602273797
test,2019-540,1,718,38,0.0,0.2982229723285197
test,2019-540,1,718,39,0.0,0.29345508868288117
test,2019-540,1,718,40,1.0,0.6880896041349719
test,2019-540,1,718,41,1.0,0.46943210464747476
test,2019-540,1,718,42,0.0,0.36043268899991143
test,2019-540,1,718,43,1.0,0.7491920721010998
test,2019-540,1,718,44,0.0,0.3201816281455206
test,2019-540,1,718,45,0.0,0.6991630761373421
test,2019-540,1,718,46,0.0,0.38326485807850025
test,2019-540,1,718,47,0.0,0.22183537859512967
test,2019-540,1,718,48,0.0,0.8538099823010369
test,2019-540,1,718,49,0.0,0.6546191553777866
test,2019-540,1,718,50,0.0,0.7809518844657101
test,2019-540,1,718,51,1.0,0.7287812142886343
test,2019-540,1,718,52,0.0,0.626942283958129
test,2019-540,1,718,53,1.0,0.6608967460260861
test,2019-540,1,718,54,1.0,0.9063637634388659
test,2019-540,1,718,55,0.0,0.5210284408143233
test,2019-540,1,718,56,0.0,0.33005465514557947
test,2019-540,1,718,57,1.0,0.21357670935388814
test,2019-540,1,718,58,1.0,0.7390158313236146
test,2019-540,1,718,59,0.0,0.36831941836252297
test,2019-540,1,718,60,1.0,0.5577727803491564
test,2019-540,1,718,61,0.0,0.4565671161790646
test,2019-540,1,718,62,0.0,0.037200155273476206
test,2019-540,1,718,63,0.0,0.43607080497069445
test,2019-540,2,719,0,1.0,0.9549288096368452
test,2019-540,2,719,1,0.0,0.2821649043631029
test,2019-540,2,719,2,0.0,0.21429129149811238
test,2019-540,2,719,3,1.0,0.49231880376835074
test,2019-540,2,719,4,1.0,0.6180473065359533
test,2019-540,2,719,5,1.0,0.184391602500549
test,2019-540,2,719,6,0.0,0.441335934262606
test,2019-540,2,719,7,1.0,0.3535540248270522
test,2019-540,2,719,8,1.0,0.7715529655117073
test,2019-540,2,719,9,1.0,0.27753132562692884
test,2019-540,2,719,10,1.0,0.7830181983415692
test,2019-540,2,719,11,1.0,0.7222950277787942
test,2019-540,2,719,12,1.0,0.8003661820335061
test,2019-540,2,719,13,0.0,0.4342871025009297
test,2019-540,2,719,14,0.0,0.3656444315499143
test,2019-540,2,719,15,0.0,0.579342065859026
test,2019-540,2,719,16,0.0,0.576402895720779
test,2019-540,2,719,17,0.0,0.7282578616969037
test,2019-540,2,719,18,0.0,0.23299460107631342
test,2019-540,2,719,19,0.0,0.7282347124899995
test,2019-540,2,719,20,1.0,0.420596808871128
test,2019-540,2,719,21,0.0,0.32075572471664343
test,2019-540,2,719,22,0.0,0.042531524483223
test,2019-540,2,719,23,1.0,0.7672370372434958
test,2019-540,2,719,24,1.0,0.4839098972268111
test,2019-540,2,719,25,0.0,0.4240242536274901
test,2019-540,2,719,26,1.0,0.7588262778850766
test,2019-540,2,719,27,1.0,0.5695174360909291
test,2019-540,2,719,28,0.0,0.27814600941350814
test,2019-540,2,719,29,1.0,0.38510083953753155
test,2019-540,2,719,30,0.0,0.05053318824666659
test,2019-540,2,719,31,1.0,0.44718433939185287
test,2019-540,3,720,0,1.0,0.48824021005336
test,2019-540,3,720,1,1.0,0.19962748467406308
test,2019-540,3,720,2,0.0,0.04701565832271436
test,2019-540,3,720,3,1.0,0.5365335976431659
test,2019-540,3,720,4,1.0,0.6164590189257015
test,2019-540,3,720,5,0.0,0.49293066445534783
test,2019-540,3,720,6,0.0,0.18238292643654877
test,2019-540,3,720,7,1.0,0.914600012995368
test,2019-540,3,720,8,0.0,0.2887057262974712
test,2019-540,3,720,9,1.0,0.4240381540011378
test,2019-540,3,720,10,1.0,0.23857036014517222
test,2019-540,3,720,11,1.0,0.7562183866034533
test,2019-540,3,720,12,1.0,0.29985535576725564
test,2019-540,3,720,13,0.0,0.6800361043615277
test,2019-540,3,720,14,0.0,0.10374468992790907
test,2019-540,3,720,15,0.0,0.6985123123279144
test,2019-540,4,721,0,1.0,0.9215134829929034
test,2019-540,4,721,1,1.0,0.7664903271397937
test,2019-540,4,721,2,0.0,0.04357210089921167
test,2019-540,4,721,3,1.0,0.6502416116746359
test,2019-540,4,721,4,1.0,0.7142140023948039
test,2019-540,4,721,5,0.0,0.8031436898799083
test,2019-540,4,721,6,0.0,0.4628920272959495
test,2019-540,4,721,7,0.0,0.055195755997655804
test,2019-540,5,722,0,0.0,0.049407149607819084
test,2019-540,5,722,1,0.0,0.15471242980844024
test,2019-540,5,722,2,0.0,0.29275184547377464
test,2019-540,5,722,3,0.0,0.11147087307037956
test,2019-540,6,723,0,1.0,0.24566022516730993
test,2019-540,6,723,1,1.0,0.8716521793440947
test,2019-540,7,724,0,1.0,0.5705368170250241
test,2019-560,1,737,0,1.0,0.553500394571193
test,2019-560,1,737,1,1.0,0.5762906241912047
test,2019-560,1,737,2,0.0,0.12520936642858554
test,2019-560,1,737,3,0.0,0.6649023251098812
test,2019-560,1,737,4,0.0,0.24628861533615642
test,2019-560,1,737,5,0.0,0.7815963460921418
test,2019-560,1,737,6,1.0,0.6414571814739173
test,2019-560,1,737,7,1.0,0.27545043149171533
test,2019-560,1,737,8,1.0,0.45438885644710086
test,2019-560,1,737,9,0.0,0.5799115436010104
test,2019-560,1,737,10,1.0,0.18285401348311098
test,2019-560,1,737,11,0.0,0.33059997447942296
test,2019-560,1,737,12,0.0,0.2523577298977601
test,2019-560,1,737,13,1.0,0.3468455182904182
test,2019-560,1,737,14,0.0,0.495913296000509
test,2019-560,1,737,15,1.0,0.20871721680008876
test,2019-560,1,737,16,1.0,0.6049793757073694
test,2019-560,1,737,17,1.0,0.5589094136894149
test,2019-560,1,737,18,1.0,0.1340379426816259
test,2019-560,1,737,19,1.0,0.5892139799398476
test,2019-560,1,737,20,0.0,0.3396636557763031
test,2019-560,1,737,21,0.0,0.17883832267363586
test,2019-560,1,737,22,1.0,0.6783883125417056
test,2019-560,1,737,23,0.0,0.572254139604387
test,2019-560,1,737,24,0.0,0.6857919009146517
test,2019-560,1,737,25,0.0,0.5755287959072963
test,2019-560,1,737,26,0.0,0.3270634092885202
test,2019-560,1,737,27,0.0,0.05061409035124097
test,2019-560,1,737,28,1.0,0.28965339246607846
test,2019-560,1,737,29,0.0,0.523170252362448
test,2019-560,1,737,30,1.0,0.7735185124013886
test,2019-560,1,737,31,0.0,0.12138406765884906
test,2019-560,1,737,32,1.0,0.38926543690735826
test,2019-560,1,737,33,0.0,0.3833423472059381
test,2019-560,1,737,34,1.0,0.6814345914918104
test,2019-560,1,737,35,0.0,0.7646655809721089
test,2019-560,1,737,36,0.0,0.6784439496158354
test,2019-560,1,737,37,0.0,0.8141540340839032
test,2019-560,1,737,38,0.0,0.40044706900927646
test,2019-560,1,737,39,1.0,0.45513241431676416
test,2019-560,1,737,40,0.0,0.27586712058524326
test,2019-560,1,737,41,1.0,0.6099124124770087
test,2019-560,1,737,42,1.0,0.9054167589347651
test,2019-560,1,737,43,1.0,0.9714648940973999
test,2019-560,1,737,44,0.0,0.3176739899096082
test,2019-560,1,737,45,0.0,0.6251069532246156
test,2019-560,1,737,46,0.0,0.5201908571585395
test,2019-560,1,737,47,0.0,0.4906463267937142
test,2019-560,1,737,48,1.0,0.39709442602255324
test,2019-560,1,737,49,1.0,0.33432134528995805
test,2019-560,1,737,50,0.0,0.16469047925573993
test,2019-560,1,737,51,0.0,0.19882467330448786
test,2019-560,1,737,52,0.0,0.5005262683580639
test,2019-560,1,737,53,1.0,0.41805890529963957
test,2019-560,1,737,54,0.0,0.3130365380933205
test,2019-560,1,737,55,1.0,0.503074491010472
test,2019-560,1,737,56,1.0,0.6688507716895051
test,2019-560,1,737,57,0.0,0.1570839075130424
test,2019-560,1,737,58,0.0,0.23041112838897543
test,2019-560,1,737,59,0.0,0.8255622831895909
test,2019-560,1,737,60,1.0,0.7802550589331897
test,2019-560,1,737,61,1.0,0.9635426471894506
test,2019-560,1,737,62,1.0,0.8790229269838864
test,2019-560,1,737,63,0.0,0.8321187382310757
test,2019-560,2,738,0,1.0,0.9793169950661621
test,2019-560,2,738,1,0.0,0.724357911246687
test,2019-560,2,738,2,0.0,0.1558280482579961
test,2019-560,2,738,3,0.0,0.3384291876201844
test,2019-560,2,738,4,0.0,0.4042349596306159
test,2019-560,2,738,5,1.0,0.3233025539575215
test,2019-560,2,738,6,0.0,0.16946731715758953
test,2019-560,2,738,7,1.0,0.9420584783692387
test,2019-560,2,738,8,1.0,0.40106510365354064
test,2019-560,2,738,9,0.0,0.19770889959376306
test,2019-560,2,738,10,1.0,0.301095657399178
test,2019-560,2,738,11,1.0,0.26093021636630165
test,2019-560,2,738,12,1.0,0.6890805287661574
test,2019-560,2,738,13,1.0,0.2664575411497027
test,2019-560,2,738,14,1.0,0.9044534670857629
test,2019-560,2,738,15,1.0,0.9416061499761175
test,2019-560,2,738,16,1.0,0.7551673774448076
test,2019-560,2,738,17,0.0,0.3463039951616606
test,2019-560,2,738,18,0.0,0.5232658281699006
test,2019-560,2,738,19,1.0,0.353125804723063
test,2019-560,2,738,20,0.0,0.19478911235651034
test,2019-560,2,738,21,0.0,0.1534900658321758
test,2019-560,2,738,22,0.0,0.5696679177924568
test,2019-560,2,738,23,0.0,0.605573418549798
test,2019-560,2,738,24,0.0,0.606285727378297
test,2019-560,2,738,25,0.0,0.4219617178908226
test,2019-560,2,738,26,0.0,0.19336473036625126
test,2019-560,2,738,27,1.0,0.5982159326362061
test,2019-560,2,738,28,1.0,0.2412909152899753
test,2019-560,2,738,29,1.0,0.3837719491518285
test,2019-560,2,738,30,1.0,0.8393001856265317
test,2019-560,2,738,31,1.0,0.7715701999009342
test,2019-560,3,739,0,1.0,0.6557461626901268
test,2019-560,3,739,1,0.0,0.08626902834115063
test,2019-560,3,739,2,0.0,0.4751088536294344
test,2019-560,3,739,3,1.0,0.44295443090656544
test,2019-560,3,739,4,0.0,0.7021061445825345
test,2019-560,3,739,5,1.0,0.7748324804333626
test,2019-560,3,739,6,0.0,0.3308286056355749
test,2019-560,3,739,7,1.0,0.9493158235682266
test,2019-560,3,739,8,0.0,0.7121979050521449
test,2019-560,3,739,9,0.0,0.18656247929831185
test,2019-560,3,739,10,0.0,0.5814592863918234
test,2019-560,3,739,11,1.0,0.8247897007075208
test,2019-560,3,739,12,0.0,0.21601326774057386
test,2019-560,3,739,13,1.0,0.3552101728090657
test,2019-560,3,739,14,1.0,0.9721140276741133
test,2019-560,3,739,15,1.0,0.7490520988617342
test,2019-560,4,740,0,0.0,0.45440477233551096
test,2019-560,4,740,1,0.0,0.18303474917434792
test,2019-560,4,740,2,0.0,0.653836575165392
test,2019-560,4,740,3,0.0,0.39980787429851
test,2019-560,4,740,4,0.0,0.15788158394221888
test,2019-560,4,740,5,0.0,0.13196605629850586
test,2019-560,4,740,6,1.0,0.13431890963259052
test,2019-560,4,740,7,1.0,0.9251037665712278
test,2019-560,5,741,0,0.0,0.0809254959117818
test,2019-560,5,741,1,0.0,0.786727121792852
test,2019-560,5,741,2,1.0,0.1049459494059575
test,2019-560,5,741,3,0.0,0.3137890031769695
test,2019-560,6,742,0,1.0,0.9544973030128358
test,2019-560,6,742,1,0.0,0.2425485395925014
test,2019-560,7,743,0,1.0,0.8694211233077445
test,2019-580,1,672,0,1.0,0.5135022768051849
test,2019-580,1,672,1,1.0,0.9035780507088974
test,2019-580,1,672,2,1.0,0.6761562516494921
test,2019-580,1,672,3,1.0,0.8312154197146898
test,2019-580,1,672,4,1.0,0.7827946336849972
test,2019-580,1,672,5,1.0,0.7862711609024717
test,2019-580,1,672,6,0.0,0.10023870389955916
test,2019-580,1,672,7,0.0,0.3049102984614445
test,2019-580,1,672,8,1.0,0.8338028558657519
test,2019-580,1,672,9,0.0,0.22733301729933103
test,2019-580,1,672,10,0.0,0.10492002869450916
test,2019-580,1,672,11,1.0,0.5624029485584732
test,2019-580,1,672,12,1.0,0.34016168796641
test,2019-580,1,672,13,0.0,0.31852682508354546
test,2019-580,1,672,14,1.0,0.7372839803213417
test,2019-580,1,672,15,1.0,0.5263161718133278
test,2019-580,1,672,16,0.0,0.2760705546089708
test,2019-580,1,672,17,0.0,0.3986592237227266
test,2019-580,1,672,18,0.0,0.6783792157412325
test,2019-580,1,672,19,0.0,0.286616111299606
test,2019-580,1,672,20,0.0,0.4662568806651754
test,2019-580,1,672,21,1.0,0.6892871962340886
test,2019-580,1,672,22,0.0,0.42021707674061487
test,2019-580,1,672,23,1.0,0.4655742203446956
test,2019-580,1,672,24,1.0,0.6324699743004252
test,2019-580,1,672,25,0.0,0.3773097792546876
test,2019-580,1,672,26,0.0,0.16877113478619257
test,2019-580,1,672,27,1.0,0.7203446808311514
test,2019-580,1,672,28,1.0,0.7133752701036064
test,2019-580,1,672,29,0.0,0.3664982633947327
test,2019-580,1,672,30,0.0,0.5208423860986361
test,2019-580,1,672,31,1.0,0.6099437478607551
test,2019-580,1,672,32,0.0,0.5330270447741847
test,2019-580,1,672,33,1.0,0.49362905282375374
test,2019-580,1,672,34,0.0,0.7261284654553912
test,2019-580,1,672,35,0.0,0.31287218704988573
test,2019-580,1,672,36,1.0,0.5973757810728548
test,2019-580,1,672,37,0.0,0.42551524495826115
test,2019-580,1,672,38,0.0,0.37815763509702316
test,2019-580,1,672,39,0.0,0.3424719821488288
test,2019-580,1,672,40,1.0,0.8068880219359176
test,2019-580,1,672,41,0.0,0.5119389143947597
test,2019-580,1,672,42,1.0,0.45867234822239383
test,2019-580,1,672,43,1.0,0.1480981260874311
test,2019-580,1,672,44,1.0,0.8946065447841152
test,2019-580,1,672,45,1.0,0.4505641736148689
test,2019-580,1,672,46,0.0,0.019023886734904717
test,2019-580,1,672,47,0.0,0.09848178709810917
test,2019-580,1,672,48,1.0,0.9445129746590946
test,2019-580,1,672,49,1.0,0.6525486060324773
test,2019-580,1,672,50,1.0,0.5744490818756489
test,2019-580,1,672,51,1.0,0.17528520710837267
test,2019-580,1,672,52,1.0,0.843518264488981
test,2019-580,1,672,53,1.0,0.9691929933112439
test,2019-580,1,672,54,0.0,0.21529009756016326
test,2019-580,1,672,55,0.0,0.07992408568740894
test,2019-580,1,672,56,1.0,0.8438594752170684
test,2019-580,1,672,57,0.0,0.15992436255338177
test,2019-580,1,672,58,1.0,0.7876721077795401
test,2019-580,1,672,59,1.0,0.8561704770327399
test,2019-580,1,672,60,0.0,0.2889036799721754
test,2019-580,1,672,61,1.0,0.6297540599962503
test,2019-580,1,672,62,1.0,0.4020845935224304
test,2019-580,1,672,63,0.0,0.16340016303871777
test,2019-580,2,673,0,1.0,0.853176416044595
test,2019-580,2,673,1,0.0,0.48944115249109826
test,2019-580,2,673,2,1.0,0.7712478903080765
test,2019-580,2,673,3,1.0,0.7899215793556269
test,2019-580,2,673,4,1.0,0.7280829460714481
test,2019-580,2,673,5,1.0,0.7471599273002741
test,2019-580,2,673,6,0.0,0.3783872638769196
test,2019-580,2,673,7,0.0,0.36442333386439046
test,2019-580,2,673,8,1.0,0.5803381455330485
test,2019-580,2,673,9,0.0,0.20678370899980633
test,2019-580,2,673,10,1.0,0.9119442863162966
test,2019-580,2,673,11,0.0,0.1364078410583182
test,2019-580,2,673,12,0.0,0.23960352336678617
test,2019-580,2,673,13,0.0,0.2962645236701817
test,2019-580,2,673,14,0.0,0.6222891615532369
test,2019-580,2,673,15,0.0,0.46553111112807666
test,2019-580,2,673,16,1.0,0.6531933238970311
test,2019-580,2,673,17,0.0,0.4791764042818267
test,2019-580,2,673,18,0.0,0.09991098265268313
test,2019-580,2,673,19,0.0,0.5889462541584484
test,2019-580,2,673,20,1.0,0.2289094627053191
test,2019-580,2,673,21,1.0,0.4089579004659921
test,2019-580,2,673,22,1.0,0.12984817997851544
test,2019-580,2,673,23,1.0,0.21989355385025341
test,2019-580,2,673,24,1.0,0.4383550266808493
test,2019-580,2,673,25,0.0,0.05822454783406165
test,2019-580,2,673,26,0.0,0.16749774986176766
test,2019-580,2,673,27,1.0,0.9334791315388123
test,2019-580,2,673,28,0.0,0.034400922348835274
test,2019-580,2,673,29,0.0,0.22148444121164038
test,2019-580,2,673,30,1.0,0.7746418376045437
test,2019-580,2,673,31,0.0,0.22065290397084245
test,2019-580,3,674,0,1.0,0.8173173055093713
test,2019-580,3,674,1,0.0,0.2074648241104141
test,2019-580,3,674,2,1.0,0.8578254789404459
test,2019-580,3,674,3,1.0,0.7811828883076637
test,2019-580,3,674,4,0.0,0.3929775432956294
test,2019-580,3,674,5,1.0,0.9172149120821383
test,2019-580,3,674,6,0.0,0.20036639202809964
test,2019-580,3,674,7,1.0,0.9418670985650901
test,2019-580,3,674,8,0.0,0.743577694412162
test,2019-580,3,674,9,1.0,0.6142175292270282
test,2019-580,3,674,10,1.0,0.3909268929935523
test,2019-580,3,674,11,0.0,0.3905024251126707
test,2019-580,3,674,12,1.0,0.16642931963553365
test,2019-580,3,674,13,1.0,0.9017074782619766
test,2019-580,3,674,14,1.0,0.7517708539456756
test,2019-580,3,674,15,1.0,0.9086060407770992
test,2019-580,4,675,0,0.0,0.26806978071255644
test,2019-580,4,675,1,0.0,0.6451011044488607
test,2019-580,4,675,2,1.0,0.939084163621007
test,2019-580,4,675,3,1.0,0.22283086646611658
test,2019-580,4,675,4,0.0,0.8023762833598145
test,2019-580,4,675,5,0.0,0.6518047930198002
test,2019-580,4,675,6,0.0,0.8508915757589602
test,2019-580,4,675,7,0.0,0.08004223696227915
test,2019-580,5,676,0,1.0,0.5726411214640614
test,2019-580,5,676,1,1.0,0.2425534923935516
test,2019-580,5,676,2,0.0,0.11872141151911343
test,2019-580,5,676,3,1.0,0.9202407030613909
test,2019-580,6,677,0,0.0,0.06385505434351378
test,2019-580,6,677,1,0.0,0.10475067483483136
test,2019-580,7,678,0,0.0,0.4108600992435911
test,2019-M006,1,679,0,0.0,0.35560496480438447
test,2019-M006,1,679,1,0.0,0.3931164414803457
test,2019-M006,1,679,2,0.0,0.6065494931114686
test,2019-M006,1,679,3,0.0,0.46349519823172414
test,2019-M006,1,679,4,1.0,0.2522595289019777
test,2019-M006,1,679,5,1.0,0.7244661889388523
test,2019-M006,1,679,6,1.0,0.47941199281346586
test,2019-M006,1,679,7,1.0,0.36170667502537734
test,2019-M006,1,679,8,1.0,0.4686046520772838
test,2019-M006,1,679,9,1.0,0.3352414142255446
test,2019-M006,1,679,10,0.0,0.3755650872795159
test,2019-M006,1,679,11,0.0,0.6209009104190988
test,2019-M006,1,679,12,1.0,0.6359640683731045
test,2019-M006,1,679,13,0.0,0.5229369230173124
test,2019-M006,1,679,14,0.0,0.7202548003970245
test,2019-M006,1,679,15,0.0,0.3425615295378381
test,2019-M006,1,679,16,1.0,0.3730483518177745
test,2019-M006,1,679,17,0.0,0.39393045431845236
test,2019-M006,1,679,18,1.0,0.5178777114453843
test,2019-M006,1,679,19,0.0,0.6495102442045844
test,2019-M006,1,679,20,1.0,0.3752266570509882
test,2019-M006,1,679,21,0.0,0.5387820184401446
test,2019-M006,1,679,22,0.0,0.662144632424236
test,2019-M006,1,679,23,1.0,0.7543223741440065
test,2019-M006,1,679,24,0.0,0.45308949436345575
test,2019-M006,1,679,25,1.0,0.6034075131245547
test,2019-M006,1,679,26,1.0,0.2309866869212667
test,2019-M006,1,679,27,1.0,0.4780464761006835
test,2019-M006,1,679,28,1.0,0.3947186446946582
test,2019-M006,1,679,29,1.0,0.5030115931174931
test,2019-M006,1,679,30,1.0,0.5588668968416811
test,2019-M006,1,679,31,0.0,0.3591911248824558
test,2019-M006,2,680,0,1.0,0.9681988392090322
test,2019-M006,2,680,1,1.0,0.5688114559748758
test,2019-M006,2,680,2,0.0,0.4064738936799398
test,2019-M006,2,680,3,1.0,0.6507253319222605
test,2019-M006,2,680,4,0.0,0.4254338837212257
test,2019-M006,2,680,5,1.0,0.8622848591504834
test,2019-M006,2,680,6,1.0,0.6386109534098543
test,2019-M006,2,680,7,1.0,0.4838554301957037
test,2019-M006,2,680,8,1.0,0.34252088325427565
test,2019-M006,2,680,9,1.0,0.3211478928189234
test,2019-M006,2,680,10,0.0,0.15732286554225183
test,2019-M006,2,680,11,0.0,0.58547009616904
test,2019-M006,2,680,12,1.0,0.768159401913525
test,2019-M006,2,680,13,1.0,0.585039413810757
test,2019-M006,2,680,14,1.0,0.7121069562171063
test,2019-M006,2,680,15,0.0,0.19311048292056324
test,2019-M006,2,680,16,0.0,0.08869070456116289
test,2019-M006,2,680,17,0.0,0.7660171143906404
test,2019-M006,2,680,18,0.0,0.4049560045691878
test,2019-M006,2,680,19,0.0,0.8388484670192324
test,2019-M006,2,680,20,0.0,0.3920018757897549
test,2019-M006,2,680,21,1.0,0.7530544262014643
test,2019-M006,2,680,22,1.0,0.8876393613459888
test,2019-M006,2,680,23,0.0,0.3379902058843815
test,2019-M006,2,680,24,0.0,0.7411921958152115
test,2019-M006,2,680,25,1.0,0.6685143990687252
test,2019-M006,2,680,26,0.0,0.7679603229331712
test,2019-M006,2,680,27,1.0,0.2009200686293159
test,2019-M006,2,680,28,1.0,0.4513321115061854
test,2019-M006,2,680,29,0.0,0.7622955553451892
test,2019-M006,2,680,30,0.0,0.6780351702199291
test,2019-M006,2,680,31,1.0,0.7850797521632353
test,2019-M006,3,681,0,0.0,0.3280437192572612
test,2019-M006,3,681,1,1.0,0.8815600931573496
test,2019-M006,3,681,2,0.0,0.688276842149326
test,2019-M006,3,681,3,1.0,0.8679758606176511
test,2019-M006,3,681,4,0.0,0.30534677467162885
test,2019-M006,3,681,5,1.0,0.8330863794074272
test,2019-M006,3,681,6,1.0,0.28067710036980564
test,2019-M006,3,681,7,0.0,0.8389374850651629
test,2019-M006,3,681,8,1.0,0.5237873133935068
test,2019-M006,3,681,9,1.0,0.49497156255773483
test,2019-M006,3,681,10,1.0,0.1626901897175753
test,2019-M006,3,681,11,1.0,0.6491145393880576
test,2019-M006,3,681,12,0.0,0.3669363139176388
test,2019-M006,3,681,13,0.0,0.4116489741719601
test,2019-M006,3,681,14,0.0,0.9265562273038599
test,2019-M006,3,681,15,1.0,0.7950389666570363
test,2019-M006,4,682,0,0.0,0.23312162024554406
test,2019-M006,4,682,1,1.0,0.7904677307288551
test,2019-M006,4,682,2,0.0,0.6652407820261901
test,2019-M006,4,682,3,1.0,0.34537614417323237
test,2019-M006,4,682,4,0.0,0.2823049284049611
test,2019-M006,4,682,5,0.0,0.3049742651284996
test,2019-M006,4,682,6,0.0,0.5456402563602497
test,2019-M006,4,682,7,1.0,0.9086711875612624
test,2019-M006,5,683,0,1.0,0.7764752578697457
test,2019-M006,5,683,1,0.0,0.11834068608172199
test,2019-M006,5,683,2,0.0,0.186145838202338
test,2019-M006,5,683,3,0.0,0.38512668574925324
test,2019-M006,6,684,0,1.0,0.28098506949523816
test,2019-M006,6,684,1,0.0,0.5884597695352356
test,2019-M006,7,685,0,1.0,0.25158294001853726
test,2019-M007,1,686,0,0.0,0.5309138436638736
test,2019-M007,1,686,1,0.0,0.577352197792316
test,2019-M007,1,686,2,0.0,0.5520653048022143
test,2019-M007,1,686,3,1.0,0.37433165317948963
test,2019-M007,1,686,4,1.0,0.5961742130946915
test,2019-M007,1,686,5,0.0,0.3719134368284115
test,2019-M007,1,686,6,0.0,0.28843651721936053
test,2019-M007,1,686,7,1.0,0.7001976053879216
test,2019-M007,1,686,8,0.0,0.31429241008948233
test,2019-M007,1,686,9,1.0,0.7604074236211539
test,2019-M007,1,686,10,1.0,0.45401312207104044
test,2019-M007,1,686,11,0.0,0.5009924482835452
test,2019-M007,1,686,12,0.0,0.5709660917036935
test,2019-M007,1,686,13,1.0,0.6780586104894397
test,2019-M007,1,686,14,0.0,0.7202718895108927
test,2019-M007,1,686,15,1.0,0.6267004777077341
test,2019-M007,1,686,16,0.0,0.45467135605029024
test,2019-M007,1,686,17,1.0,0.6344341641328862
test,2019-M007,1,686,18,0.0,0.2770876740952641
test,2019-M007,1,686,19,1.0,0.5978271732623545
test,2019-M007,1,686,20,0.0,0.3011632936155085
test,2019-M007,1,686,21,1.0,0.180280104837148
test,2019-M007,1,686,22,1.0,0.6119424591357745
test,2019-M007,1,686,23,1.0,0.40709833304480475
test,2019-M007,1,686,24,1.0,0.6577582659429678
test,2019-M007,1,686,25,1.0,0.618667139182143
test,2019-M007,1,686,26,1.0,0.44766563776884566
test,2019-M007,1,686,27,0.0,0.6718605141796758
test,2019-M007,1,686,28,0.0,0.5419212066894359
test,2019-M007,1,686,29,0.0,0.400251396877541
test,2019-M007,1,686,30,0.0,0.6053870912754339
test,2019-M007,1,686,31,1.0,0.4446462584001409
test,2019-M007,2,687,0,1.0,0.7901602690822639
test,2019-M007,2,687,1,0.0,0.6014989248957421
test,2019-M007,2,687,2,1.0,0.7829716935165606
test,2019-M007,2,687,3,0.0,0.172115681107112
test,2019-M007,2,687,4,1.0,0.6768845763919087
test,2019-M007,2,687,5,0.0,0.1986999133401255
test,2019-M007,2,687,6,0.0,0.5321225709341095
test,2019-M007,2,687,7,0.0,0.029505572233130446
test,2019-M007,2,687,8,1.0,0.18811480892037827
test,2019-M007,2,687,9,0.0,0.2092231544018921
test,2019-M007,2,687,10,0.0,0.8718827620643915
test,2019-M007,2,687,11,1.0,0.6378780451584883
test,2019-M007,2,687,12,0.0,0.726893664560494
test,2019-M007,2,687,13,0.0,0.47798808527925096
test,2019-M007,2,687,14,1.0,0.9155826939906029
test,2019-M007,2,687,15,1.0,0.6726014941540549
test,2019-M007,2,687,16,1.0,0.6399188808800862
test,2019-M007,2,687,17,0.0,0.32162953226849433
test,2019-M007,2,687,18,0.0,0.3279332265034546
test,2019-M007,2,687,19,1.0,0.4217825129238596
test,2019-M007,2,687,20,1.0,0.7515356557982479
test,2019-M007,2,687,21,0.0,0.3926444435511502
test,2019-M007,2,687,22,1.0,0.17652616537309887
test,2019-M007,2,687,23,0.0,0.7964917905150082
test,2019-M007,2,687,24,0.0,0.4044047561993626
test,2019-M007,2,687,25,1.0,0.5480614369231459
test,2019-M007,2,687,26,0.0,0.8232606404254886
test,2019-M007,2,687,27,1.0,0.7386683282174271
test,2019-M007,2,687,28,0.0,0.5366805238209937
test,2019-M007,2,687,29,0.0,0.15581326271626758
test,2019-M007,2,687,30,0.0,0.1517328861488027
test,2019-M007,2,687,31,1.0,0.6305845766034943
test,2019-M007,3,688,0,0.0,0.3351239539707384
test,2019-M007,3,688,1,1.0,0.3096796716170998
test,2019-M007,3,688,2,1.0,0.6855545064379924
test,2019-M007,3,688,3,1.0,0.9665671185200201
test,2019-M007,3,688,4,1.0,0.5051467234568539
test,2019-M007,3,688,5,0.0,0.5392190452640214
test,2019-M007,3,688,6,1.0,0.7703899130852926
test,2019-M007,3,688,7,0.0,0.406159731147177
test,2019-M007,3,688,8,1.0,0.6278919525586348
test,2019-M007,3,688,9,1.0,0.7256923412013003
test,2019-M007,3,688,10,0.0,0.33110158851156224
test,2019-M007,3,688,11,0.0,0.3758443492634405
test,2019-M007,3,688,12,1.0,0.8713726879905349
test,2019-M007,3,688,13,1.0,0.768124165300108
test,2019-M007,3,688,14,1.0,0.2626813496422643
test,2019-M007,3,688,15,0.0,0.34897742966475526
test,2019-M007,4,689,0,0.0,0.5440431171255656
test,2019-M007,4,689,1,0.0,0.5358493585361782
test,2019-M007,4,689,2,0.0,0.15373577400759564
test,2019-M007,4,689,3,0.0,0.2862208386619457
test,2019-M007,4,689,4,0.0,0.4562672258560411
test,2019-M007,4,689,5,1.0,0.4414787367698173
test,2019-M007,4,689,6,0.0,0.9110953455276319
test,2019-M007,4,689,7,1.0,0.7651215365521489
test,2019-M007,5,690,0,0.0,0.466683962211098
test,2019-M007,5,690,1,1.0,0.8196670687813421
test,2019-M007,5,690,2,1.0,0.2846264694975511
test,2019-M007,5,690,3,1.0,0.4740476055565435
test,2019-M007,6,691,0,0.0,0.14571589046703082
test,2019-M007,6,691,1,1.0,0.5530723425507544
test,2019-M007,7,692,0,0.0,0.1953031345231338
test,2019-M009,2,705,0,0.0,0.7252306102136342
test,2019-M009,2,705,1,0.0,0.3493873019912119
test,2019-M009,2,705,2,0.0,0.36706719476729766
test,2019-M009,2,705,3,0.0,0.36139754867978996
test,2019-M009,2,705,4,1.0,0.2691288388625155
test,2019-M009,2,705,5,1.0,0.39480784362924776
test,2019-M009,2,705,6,0.0,0.5343793551364708
test,2019-M009,2,705,7,1.0,0.7179652817784341
test,2019-M009,2,705,8,1.0,0.3246668931219211
test,2019-M009,2,705,9,1.0,0.8678577430272093
test,2019-M009,2,705,10,1.0,0.39423208726209125
test,2019-M009,2,705,11,1.0,0.4438600497670642
test,2019-M009,2,705,12,1.0,0.30676872341783346
test,2019-M009,2,705,13,0.0,0.438021748199318
test,2019-M009,2,705,14,0.0,0.19825814282927315
test,2019-M009,2,705,15,0.0,0.42321540110946065
test,2019-M009,2,705,16,1.0,0.48804862552358264
test,2019-M009,2,705,17,1.0,0.3445461376656777
test,2019-M009,2,705,18,0.0,0.5288808332937063
test,2019-M009,2,705,19,1.0,0.7389101528975767
test,2019-M009,2,705,20,0.0,0.3713844688781315
test,2019-M009,2,705,21,0.0,0.4563068797216637
test,2019-M009,2,705,22,1.0,0.5898771249078848
test,2019-M009,2,705,23,0.0,0.41788246592919465
test,2019-M009,3,706,0,0.0,0.45721626753304645
test,2019-M009,3,706,1,0.0,0.06323459623875086
test,2019-M009,3,706,2,0.0,0.5752941382260469
test,2019-M009,3,706,3,0.0,0.733898650358343
test,2019-M009,3,706,4,0.0,0.24956235918090386
test,2019-M009,3,706,5,1.0,0.8866040525769419
test,2019-M009,3,706,6,0.0,0.31756145260251556
test,2019-M009,3,706,7,0.0,0.7178083945858642
test,2019-M009,3,706,8,0.0,0.6851539719839632
test,2019-M009,3,706,9,0.0,0.7893231380581186
test,2019-M009,3,706,10,1.0,0.5844179531941858
test,2019-M009,3,706,11,0.0,0.6658687849635716
test,2019-M009,3,706,12,0.0,0.3140003770963032
test,2019-M009,3,706,13,0.0,0.13852350219875514
test,2019-M009,3,706,14,0.0,0.24222618888977043
test,2019-M009,3,706,15,0.0,0.07713200902671827
test,2019-M009,4,707,0,0.0,0.2776626769305845
test,2019-M009,4,707,1,0.0,0.11434936962981726
test,2019-M009,4,707,2,0.0,0.273756376620677
test,2019-M009,4,707,3,1.0,0.5893354204025228
test,2019-M009,4,707,4,1.0,0.4687057399692816
test,2019-M009,4,707,5,0.0,0.1484046697174904
test,2019-M009,4,707,6,1.0,0.4514496470507265
test,2019-M009,4,707,7,0.0,0.06005856245984874
test,2019-M009,5,708,0,0.0,0.08062795356789441
test,2019-M009,5,708,1,1.0,0.4876036748899033
test,2019-M009,5,708,2,1.0,0.1921404490535332
test,2019-M009,5,708,3,0.0,0.07193173985625564
test,2019-M009,6,709,0,0.0,0.11329457939759109
test,2019-M009,6,709,1,1.0,0.8913515318405747
test,2019-M009,7,710,0,1.0,0.6641189360346816
test,2019-M021,2,699,0,0.0,0.5666833980653276
test,2019-M021,2,699,1,1.0,0.7057703773933242
test,2019-M021,2,699,2,0.0,0.4781997170013466
test,2019-M021,2,699,3,1.0,0.2566287068667964
test,2019-M021,2,699,4,1.0,0.6089645925956877
test,2019-M021,2,699,5,1.0,0.23460339138967878
test,2019-M021,2,699,6,1.0,0.26850726180638446
test,2019-M021,2,699,7,0.0,0.3051564975990495
test,2019-M021,2,699,8,0.0,0.690806551906974
test,2019-M021,2,699,9,1.0,0.6856702676094679
test,2019-M021,2,699,10,1.0,0.5126698558568298
test,2019-M021,2,699,11,0.0,0.515625020768117
test,2019-M021,2,699,12,0.0,0.5761762317559366
test,2019-M021,2,699,13,1.0,0.667617730414371
test,2019-M021,2,699,14,0.0,0.2833371637959647
test,2019-M021,2,699,15,1.0,0.2600590587676023
test,2019-M021,2,699,16,0.0,0.2559239625693814
test,2019-M021,2,699,17,1.0,0.18704533149572386
test,2019-M021,2,699,18,1.0,0.5561064899704238
test,2019-M021,2,699,19,1.0,0.7432319532973918
test,2019-M021,2,699,20,1.0,0.6596084698401853
test,2019-M021,2,699,21,1.0,0.4010429670033467
test,2019-M021,2,699,22,1.0,0.26740269185765225
test,2019-M021,2,699,23,1.0,0.2609748272944454
test,2019-M021,3,700,0,1.0,0.6972741580720995
test,2019-M021,3,700,1,0.0,0.546844784735684
test,2019-M021,3,700,2,1.0,0.6857693781525718
test,2019-M021,3,700,3,0.0,0.1845603112870953
test,2019-M021,3,700,4,1.0,0.7890154149759645
test,2019-M021,3,700,5,0.0,0.26368263079493287
test,2019-M021,3,700,6,0.0,0.07613971876720196
test,2019-M021,3,700,7,0.0,0.7382588808079561
test,2019-M021,3,700,8,0.0,0.38979731476751867
test,2019-M021,3,700,9,1.0,0.36123539123473886
test,2019-M021,3,700,10,0.0,0.07888149855322393
test,2019-M021,3,700,11,1.0,0.8103192873683577
test,2019-M021,3,700,12,1.0,0.624277501433008
test,2019-M021,3,700,13,0.0,0.6048602991658625
test,2019-M021,3,700,14,0.0,0.08850406866566553
test,2019-M021,3,700,15,0.0,0.6147091330757384
test,2019-M021,4,701,0,1.0,0.9316599523638424
test,2019-M021,4,701,1,0.0,0.5661443584357945
test,2019-M021,4,701,2,0.0,0.3700701166014965
test,2019-M021,4,701,3,1.0,0.6432021547318549
test,2019-M021,4,701,4,1.0,0.509876177602878
test,2019-M021,4,701,5,0.0,0.12466199802639275
test,2019-M021,4,701,6,1.0,0.7343769549111424
test,2019-M021,4,701,7,0.0,0.0897950645371986
test,2019-M021,5,702,0,1.0,0.8706861463505423
test,2019-M021,5,702,1,1.0,0.9159314897988557
test,2019-M021,5,702,2,1.0,0.5138389738941599
test,2019-M021,5,702,3,0.0,0.8298704424895808
test,2019-M021,6,703,0,1.0,0.8016443351591619
test,2019-M021,6,703,1,1.0,0.09109022247607702
test,2019-M021,7,704,0,1.0,0.8457047801696695
test,2019-M024,2,731,0,1.0,0.708904812002659
test,2019-M024,2,731,1,0.0,0.3513085085468159
test,2019-M024,2,731,2,1.0,0.5299419453774448
test,2019-M024,2,731,3,1.0,0.6345172295877392
test,2019-M024,2,731,4,0.0,0.32784891888976236
test,2019-M024,2,731,5,0.0,0.34307962442478207
test,2019-M024,2,731,6,0.0,0.6276595931044627
test,2019-M024,2,731,7,1.0,0.6381565434936867
test,2019-M024,2,731,8,1.0,0.3835648297454407
test,2019-M024,2,731,9,1.0,0.658991604995588
test,2019-M024,2,731,10,0.0,0.635767552274915
test,2019-M024,2,731,11,0.0,0.3453858291972792
test,2019-M024,2,731,12,1.0,0.2898268315407697
test,2019-M024,2,731,13,1.0,0.2533218150736194
test,2019-M024,2,731,14,1.0,0.6696565129414864
test,2019-M024,2,731,15,0.0,0.3432014979223276
test,2019-M024,2,731,16,1.0,0.7033434197055386
test,2019-M024,2,731,17,1.0,0.6566334694004405
test,2019-M024,2,731,18,0.0,0.7329545938013682
test,2019-M024,2,731,19,1.0,0.5162709829011624
test,2019-M024,2,731,20,1.0,0.4439585885780207
test,2019-M024,2,731,21,0.0,0.5304580093482725
test,2019-M024,2,731,22,1.0,0.6978662406368443
test,2019-M024,2,731,23,0.0,0.6904731035679874
test,2019-M024,3,732,0,0.0,0.3978165477195991
test,2019-M024,3,732,1,1.0,0.6173364983121126
test,2019-M024,3,732,2,0.0,0.5179629730784505
test,2019-M024,3,732,3,1.0,0.2721066103564974
test,2019-M024,3,732,4,1.0,0.6503479109761369
test,2019-M024,3,732,5,0.0,0.10172487718159486
test,2019-M024,3,732,6,0.0,0.7397166043172899
test,2019-M024,3,732,7,1.0,0.37595205183678276
test,2019-M024,3,732,8,1.0,0.6652181412606764
test,2019-M024,3,732,9,0.0,0.060795750302216976
test,2019-M024,3,732,10,1.0,0.2638158111056916
test,2019-M024,3,732,11,0.0,0.255780574210032
test,2019-M024,3,732,12,1.0,0.43204578903617397
test,2019-M024,3,732,13,1.0,0.29068681052805223
test,2019-M024,3,732,14,1.0,0.7190636461929746
test,2019-M024,3,732,15,0.0,0.35136293059158813
test,2019-M024,4,733,0,0.0,0.2553042029154479
test,2019-M024,4,733,1,0.0,0.09193675971916779
test,2019-M024,4,733,2,1.0,0.3100005077318791
test,2019-M024,4,733,3,0.0,0.9235511852424646
test,2019-M024,4,733,4,1.0,0.6318138680862493
test,2019-M024,4,733,5,0.0,0.6231298492591006
test,2019-M024,4,733,6,1.0,0.5353759733859801
test,2019-M024,4,733,7,1.0,0.6134051280820012
test,2019-M024,5,734,0,0.0,0.08890013923495546
test,2019-M024,5,734,1,1.0,0.7345369582562973
test,2019-M024,5,734,2,1.0,0.2885066925417974
test,2019-M024,5,734,3,0.0,0.3276377958196469
test,2019-M024,6,735,0,1.0,0.17021802010018042
test,2019-M024,6,735,1,0.0,0.40695245909119493
test,2019-M024,7,736,0,0.0,0.35211624076680936
test,2020-0352,2,789,0,0.0,0.4892470290781566
test,2020-0352,2,789,1,0.0,0.8012654734006847
test,2020-0352,2,789,2,1.0,0.6745683363860436
test,2020-0352,2,789,3,0.0,0.46009970567235664
test,2020-0352,2,789,4,0.0,0.17428856332217862
test,2020-0352,2,789,5,1.0,0.6787340151863386
test,2020-0352,2,789,6,0.0,0.5439262886636693
test,2020-0352,2,789,7,1.0,0.36440843815728674
test,2020-0352,2,789,8,1.0,0.6705150405089472
test,2020-0352,2,789,9,0.0,0.5499371781661608
test,2020-0352,2,789,10,0.0,0.37922253991015525
test,2020-0352,2,789,11,1.0,0.3862541872928009
test,2020-0352,2,789,12,1.0,0.36744228538898466
test,2020-0352,2,789,13,1.0,0.3231517383107127
test,2020-0352,2,789,14,0.0,0.7396119456403946
test,2020-0352,2,789,15,0.0,0.37539796619734284
test,2020-0352,2,789,16,0.0,0.3630170518097493
test,2020-0352,2,789,17,0.0,0.26591050156950674
test,2020-0352,2,789,18,1.0,0.5191462546247241
test,2020-0352,2,789,19,0.0,0.6041544029537206
test,2020-0352,2,789,20,0.0,0.18553650637175637
test,2020-0352,2,789,21,0.0,0.40628690245407767
test,2020-0352,2,789,22,0.0,0.5950178250446366
test,2020-0352,2,789,23,0.0,0.5894353569769759
test,2020-0352,3,790,0,1.0,0.7081786121434361
test,2020-0352,3,790,1,1.0,0.21753660179507983
test,2020-0352,3,790,2,1.0,0.8632769449692382
test,2020-0352,3,790,3,0.0,0.7296928590081461
test,2020-0352,3,790,4,0.0,0.1930057557957643
test,2020-0352,3,790,5,0.0,0.4465721735428536
test,2020-0352,3,790,6,1.0,0.9436171435668256
test,2020-0352,3,790,7,1.0,0.35099813862362983
test,2020-0352,3,790,8,0.0,0.3246567495727046
test,2020-0352,3,790,9,1.0,0.3426986377374466
test,2020-0352,3,790,10,1.0,0.8402650937845418
test,2020-0352,3,790,11,1.0,0.4766516005057192
test,2020-0352,3,790,12,1.0,0.7095470620482937
test,2020-0352,3,790,13,1.0,0.7784530549302191
test,2020-0352,3,790,14,0.0,0.24231491270511382
test,2020-0352,3,790,15,0.0,0.40190133642672327
test,2020-0352,4,791,0,0.0,0.08424958288511651
test,2020-0352,4,791,1,1.0,0.7820148293406282
test,2020-0352,4,791,2,1.0,0.8088703559609075
test,2020-0352,4,791,3,1.0,0.3505714004015381
test,2020-0352,4,791,4,0.0,0.23303839182611005
test,2020-0352,4,791,5,1.0,0.7886732476652174
test,2020-0352,4,791,6,0.0,0.6486003476397201
test,2020-0352,4,791,7,1.0,0.8546567258844948
test,2020-0352,5,792,0,1.0,0.8392317055967922
test,2020-0352,5,792,1,1.0,0.7301320106953482
test,2020-0352,5,792,2,0.0,0.40443998805559134
test,2020-0352,5,792,3,1.0,0.8459835201589054
test,2020-0352,6,793,0,0.0,0.8026174607023244
test,2020-0352,6,793,1,1.0,0.48765022032004535
test,2020-0352,7,794,0,1.0,0.5479233135796009
test,2020-520,1,782,0,1.0,0.3072409405331368
test,2020-520,1,782,1,1.0,0.6275122725434289
test,2020-520,1,782,2,1.0,0.7170296428304209
test,2020-520,1,782,3,1.0,0.34049770656579575
test,2020-520,1,782,4,0.0,0.39389662333259473
test,2020-520,1,782,5,0.0,0.6563753440925203
test,2020-520,1,782,6,0.0,0.4537121567673579
test,2020-520,1,782,7,0.0,0.3346380392162427
test,2020-520,1,782,8,0.0,0.30412116601734923
test,2020-520,1,782,9,0.0,0.6659725713094742
test,2020-520,1,782,10,0.0,0.5024843091191796
test,2020-520,1,782,11,1.0,0.706790980048042
test,2020-520,1,782,12,0.0,0.3164328678111526
test,2020-520,1,782,13,0.0,0.5980423863615633
test,2020-520,1,782,14,1.0,0.547803009781942
test,2020-520,1,782,15,1.0,0.9021597157790137
test,2020-520,1,782,16,1.0,0.8916042736816356
test,2020-520,1,782,17,1.0,0.9735446317891157
test,2020-520,1,782,18,1.0,0.7607862777614635
test,2020-520,1,782,19,1.0,0.5942508066281427
test,2020-520,1,782,20,1.0,0.8007693134365558
test,2020-520,1,782,21,1.0,0.3098037389430092
test,2020-520,1,782,22,0.0,0.4047674396245103
test,2020-520,1,782,23,0.0,0.5821043558586226
test,2020-520,1,782,24,1.0,0.1627514304705541
test,2020-520,1,782,25,1.0,0.8111602794763467
test,2020-520,1,782,26,1.0,0.3613936469348476
test,2020-520,1,782,27,1.0,0.3629403088829853
test,2020-520,1,782,28,0.0,0.3416893390826545
test,2020-520,1,782,29,1.0,0.65141782363139
test,2020-520,1,782,30,1.0,0.4786204223249128
test,2020-520,1,782,31,0.0,0.5699221055835789
test,2020-520,1,782,32,1.0,0.7220047880386076
test,2020-520,1,782,33,1.0,0.8425400646353309
test,2020-520,1,782,34,1.0,0.4864863700061867
test,2020-520,1,782,35,1.0,0.21849264346043823
test,2020-520,1,782,36,0.0,0.6616726215280861
test,2020-520,1,782,37,0.0,0.6472986590181594
test,2020-520,1,782,38,1.0,0.3242885250475736
test,2020-520,1,782,39,0.0,0.39651323521329607
test,2020-520,1,782,40,0.0,0.3586112070967023
test,2020-520,1,782,41,0.0,0.19221257198049968
test,2020-520,1,782,42,0.0,0.13908869586881079
test,2020-520,1,782,43,1.0,0.8196358298628585
test,2020-520,1,782,44,1.0,0.31063776295499734
test,2020-520,1,782,45,0.0,0.4382465992489259
test,2020-520,1,782,46,0.0,0.25930399163496953
test,2020-520,1,782,47,0.0,0.3405666868489642
test,2020-520,1,782,48,1.0,0.2925826613642254
test,2020-520,1,782,49,0.0,0.6815374048458867
test,2020-520,1,782,50,1.0,0.1382971536176769
test,2020-520,1,782,51,1.0,0.35654583950651164
test,2020-520,1,782,52,0.0,0.22240256062911032
test,2020-520,1,782,53,1.0,0.6876856266370761
test,2020-520,1,782,54,1.0,0.31065185298858056
test,2020-520,1,782,55,1.0,0.8422719771637398
test,2020-520,1,782,56,0.0,0.46169606297685056
test,2020-520,1,782,57,1.0,0.6737344150582442
test,2020-520,1,782,58,0.0,0.8828938305730379
test,2020-520,1,782,59,0.0,0.1380504671783342
test,2020-520,1,782,60,1.0,0.31410317670006166
test,2020-520,1,782,61,1.0,0.42452865660311384
test,2020-520,1,782,62,0.0,0.6229154870373181
test,2020-520,1,782,63,1.0,0.8387456284425047
test,2020-520,2,783,0,1.0,0.2830752688204294
test,2020-520,2,783,1,0.0,0.04243214364379791
test,2020-520,2,783,2,1.0,0.33028641791897917
test,2020-520,2,783,3,1.0,0.6062106513896622
test,2020-520,2,783,4,1.0,0.8232826619637994
test,2020-520,2,783,5,0.0,0.1550071449370527
test,2020-520,2,783,6,1.0,0.7446087851485259
test,2020-520,2,783,7,1.0,0.8124794697390889
test,2020-520,2,783,8,1.0,0.6414720118129391
test,2020-520,2,783,9,0.0,0.5945706430729873
test,2020-520,2,783,10,1.0,0.41959909299663906
test,2020-520,2,783,11,0.0,0.2701781930545573
test,2020-520,2,783,12,0.0,0.8592471831228399
test,2020-520,2,783,13,1.0,0.8535837753992143
test,2020-520,2,783,14,0.0,0.36325419203579673
test,2020-520,2,783,15,1.0,0.8282394513016786
test,2020-520,2,783,16,0.0,0.11065153628301971
test,2020-520,2,783,17,1.0,0.47671212680213604
test,2020-520,2,783,18,0.0,0.7677293901943448
test,2020-520,2,783,19,1.0,0.4594140878238905
test,2020-520,2,783,20,0.0,0.25570369297237966
test,2020-520,2,783,21,0.0,0.49870849315608046
test,2020-520,2,783,22,1.0,0.6277975344576056
test,2020-520,2,783,23,1.0,0.8643456698468287
test,2020-520,2,783,24,1.0,0.8869592164696568
test,2020-520,2,783,25,0.0,0.22928054905801326
test,2020-520,2,783,26,1.0,0.43837296256042924
test,2020-520,2,783,27,1.0,0.34454059129732373
test,2020-520,2,783,28,0.0,0.13351975682477202
test,2020-520,2,783,29,1.0,0.5539680977556242
test,2020-520,2,783,30,1.0,0.61630928698751
test,2020-520,2,783,31,0.0,0.32010237920677614
test,2020-520,3,784,0,0.0,0.30325556983992763
test,2020-520,3,784,1,0.0,0.30686211158348997
test,2020-520,3,784,2,1.0,0.2136401655208581
test,2020-520,3,784,3,1.0,0.36336371665980816
test,2020-520,3,784,4,1.0,0.7431249464634486
test,2020-520,3,784,5,1.0,0.9647458742913149
test,2020-520,3,784,6,1.0,0.8109627905970038
test,2020-520,3,784,7,0.0,0.24021245211074588
test,2020-520,3,784,8,1.0,0.3758769079657809
test,2020-520,3,784,9,0.0,0.18754613256718064
test,2020-520,3,784,10,1.0,0.8300961595389212
test,2020-520,3,784,11,0.0,0.6505734097954974
test,2020-520,3,784,12,1.0,0.6619440010454481
test,2020-520,3,784,13,1.0,0.8248340028285281
test,2020-520,3,784,14,0.0,0.20624323215784204
test,2020-520,3,784,15,1.0,0.31028242381148896
test,2020-520,4,785,0,0.0,0.12165429488990996
test,2020-520,4,785,1,0.0,0.7508868634591183
test,2020-520,4,785,2,0.0,0.09286980016021264
test,2020-520,4,785,3,0.0,0.24739555720735612
test,2020-520,4,785,4,0.0,0.3333207424608939
test,2020-520,4,785,5,0.0,0.3190790949440414
test,2020-520,4,785,6,1.0,0.9213212618030239
test,2020-520,4,785,7,1.0,0.43807806402736843
test,2020-520,5,786,0,0.0,0.6821803892911734
test,2020-520,5,786,1,0.0,0.17376938490536722
test,2020-520,5,786,2,0.0,0.46711281996485865
test,2020-520,5,786,3,0.0,0.08515441222227377
test,2020-520,6,787,0,0.0,0.23426165343425095
test,2020-520,6,787,1,1.0,0.8928632642240806
test,2020-520,7,788,0,1.0,0.26143296368798774
test,2020-560,1,769,0,1.0,0.4827825783435362
test,2020-560,1,769,1,1.0,0.4887453055764371
test,2020-560,1,769,2,0.0,0.3930384743305461
test,2020-560,1,769,3,1.0,0.5381256426321614
test,2020-560,1,769,4,0.0,0.624397648632142
test,2020-560,1,769,5,0.0,0.3893714220725033
test,2020-560,1,769,6,1.0,0.6999266282688076
test,2020-560,1,769,7,1.0,0.46190323885523266
test,2020-560,1,769,8,0.0,0.6256202960165002
test,2020-560,1,769,9,1.0,0.4386041958340669
test,2020-560,1,769,10,0.0,0.5618984910774292
test,2020-560,1,769,11,0.0,0.31746549521361833
test,2020-560,1,769,12,0.0,0.5835189959851644
test,2020-560,1,769,13,1.0,0.6753976846631419
test,2020-560,1,769,14,0.0,0.33329639955864404
test,2020-560,1,769,15,1.0,0.46207394934802576
test,2020-560,1,769,16,0.0,0.5584844951480233
test,2020-560,1,769,17,1.0,0.21967935577491846
test,2020-560,1,769,18,1.0,0.4112221962733849
test,2020-560,1,769,19,1.0,0.3722816775068393
test,2020-560,1,769,20,1.0,0.7332914250708367
test,2020-560,1,769,21,1.0,0.7009674367385734
test,2020-560,1,769,22,0.0,0.5523202009614627
test,2020-560,1,769,23,0.0,0.43072573233315403
test,2020-560,1,769,24,1.0,0.5738200041607538
test,2020-560,1,769,25,1.0,0.4699350409026111
test,2020-560,1,769,26,1.0,0.6684719084352875
test,2020-560,1,769,27,1.0,0.38961973713822873
test,2020-560,1,769,28,1.0,0.9083355438941935
test,2020-560,1,769,29,1.0,0.6658100104736187
test,2020-560,1,769,30,1.0,0.38957946446961067
test,2020-560,1,769,31,0.0,0.280308380752402
test,2020-560,1,769,32,1.0,0.7621813417376058
test,2020-560,1,769,33,0.0,0.4096492894380751
test,2020-560,1,769,34,0.0,0.32348060393394346
test,2020-560,1,769,35,0.0,0.6409482544019486
test,2020-560,1,769,36,0.0,0.2589101922486527
test,2020-560,1,769,37,0.0,0.44342508461101116
test,2020-560,1,769,38,1.0,0.32866486951348434
test,2020-560,1,769,39,1.0,0.7000046197359889
test,2020-560,1,769,40,1.0,0.7226187400102951
test,2020-560,1,769,41,0.0,0.4753858729457524
test,2020-560,1,769,42,0.0,0.6840299490781379
test,2020-560,1,769,43,1.0,0.4471874527437076
test,2020-560,1,769,44,0.0,0.2948962414553545
test,2020-560,1,769,45,1.0,0.4767123476437825
test,2020-560,1,769,46,1.0,0.5155712455608664
test,2020-560,1,769,47,1.0,0.6441854952700024
test,2020-560,1,769,48,1.0,0.37743271926909255
test,2020-560,1,769,49,1.0,0.6586029686536636
test,2020-560,1,769,50,0.0,0.31351369582291133
test,2020-560,1,769,51,1.0,0.5578508591891077
test,2020-560,1,769,52,0.0,0.30251831298765386
test,2020-560,1,769,53,1.0,0.836078161071183
test,2020-560,1,769,54,0.0,0.3395361002768958
test,2020-560,1,769,55,0.0,0.7578450509608252
test,2020-560,1,769,56,1.0,0.36072874614813816
test,2020-560,1,769,57,1.0,0.6559598132442609
test,2020-560,1,769,58,1.0,0.6566768783252424
test,2020-560,1,769,59,0.0,0.5202295857718516
test,2020-560,1,769,60,1.0,0.33333437385908277
test,2020-560,1,769,61,0.0,0.2964679897135952
test,2020-560,1,769,62,0.0,0.7068107109878901
test,2020-560,1,769,63,1.0,0.7089543117377445
test,2020-560,2,770,0,1.0,0.6826084332543152
test,2020-560,2,770,1,1.0,0.6986676561855615
test,2020-560,2,770,2,0.0,0.5463186297946361
test,2020-560,2,770,3,1.0,0.5655186678978932
test,2020-560,2,770,4,0.0,0.3146718995903572
test,2020-560,2,770,5,0.0,0.5523219168415914
test,2020-560,2,770,6,1.0,0.8111496231107141
test,2020-560,2,770,7,0.0,0.07815908067425896
test,2020-560,2,770,8,1.0,0.7370193113576211
test,2020-560,2,770,9,1.0,0.6753115544204694
test,2020-560,2,770,10,1.0,0.7159411383928906
test,2020-560,2,770,11,1.0,0.47711289448827776
test,2020-560,2,770,12,1.0,0.1052121133233562
test,2020-560,2,770,13,0.0,0.1993118508887114
test,2020-560,2,770,14,0.0,0.2479158799725336
test,2020-560,2,770,15,0.0,0.16757375884096995
test,2020-560,2,770,16,1.0,0.48130040130042573
test,2020-560,2,770,17,0.0,0.3663717771261853
test,2020-560,2,770,18,1.0,0.818546967617723
test,2020-560,2,770,19,1.0,0.3688498265962979
test,2020-560,2,770,20,1.0,0.46586369138043643
test,2020-560,2,770,21,1.0,0.5047998649430256
test,2020-560,2,770,22,0.0,0.39405917408051017
test,2020-560,2,770,23,0.0,0.6614410038421643
test,2020-560,2,770,24,0.0,0.5919711260104056
test,2020-560,2,770,25,0.0,0.35266104967020323
test,2020-560,2,770,26,0.0,0.5467783863558986
test,2020-560,2,770,27,0.0,0.6503915356056404
test,2020-560,2,770,28,1.0,0.5682094775285322
test,2020-560,2,770,29,1.0,0.5679548766798781
test,2020-560,2,770,30,1.0,0.6229033321431042
test,2020-560,2,770,31,0.0,0.40057999416777007
test,2020-560,3,771,0,0.0,0.825628025085056
test,2020-560,3,771,1,0.0,0.5855671794097925
test,2020-560,3,771,2,1.0,0.6606554198009751
test,2020-560,3,771,3,1.0,0.7043494210127437
test,2020-560,3,771,4,1.0,0.6402364257987131
test,2020-560,3,771,5,0.0,0.15810264250434525
test,2020-560,3,771,6,0.0,0.46527150394011596
test,2020-560,3,771,7,0.0,0.7533205434477638
test,2020-560,3,771,8,1.0,0.2649259375985197
test,2020-560,3,771,9,1.0,0.6461523115536871
test,2020-560,3,771,10,1.0,0.8520242468805318
test,2020-560,3,771,11,0.0,0.418653660926951
test,2020-560,3,771,12,0.0,0.7225183162974478
test,2020-560,3,771,13,0.0,0.32396098261108464
test,2020-560,3,771,14,1.0,0.518284057987193
test,2020-560,3,771,15,1.0,0.3316301461146683
test,2020-560,4,772,0,0.0,0.8970032495105651
test,2020-560,4,772,1,0.0,0.49990664505684823
test,2020-560,4,772,2,1.0,0.6498437661296809
test,2020-560,4,772,3,0.0,0.270412689053806
test,2020-560,4,772,4,1.0,0.41334216019722425
test,2020-560,4,772,5,0.0,0.19531038741812523
test,2020-560,4,772,6,1.0,0.5891413592919935
test,2020-560,4,772,7,1.0,0.42410350759418075
test,2020-560,5,773,0,0.0,0.42118307259423143
test,2020-560,5,773,1,1.0,0.4536614594619528
test,2020-560,5,773,2,0.0,0.4084860671334642
test,2020-560,5,773,3,0.0,0.1903772812272859
test,2020-560,6,774,0,0.0,0.7868883057218944
test,2020-560,6,774,1,0.0,0.44171148886974065
test,2020-560,7,775,0,1.0,0.5175347453260079
test,2020-580,1,756,0,1.0,0.8656700522862625
test,2020-580,1,756,1,1.0,0.39566683899291843
test,2020-580,1,756,2,1.0,0.8318123351917805
test,2020-580,1,756,3,0.0,0.13886746000564001
test,2020-580,1,756,4,1.0,0.6666313179528162
test,2020-580,1,756,5,0.0,0.5135655801734132
test,2020-580,1,756,6,1.0,0.7401089083627357
test,2020-580,1,756,7,1.0,0.7826621638088056
test,2020-580,1,756,8,1.0,0.407451713063288
test,2020-580,1,756,9,0.0,0.49945577648890793
test,2020-580,1,756,10,1.0,0.8670254727955021
test,2020-580,1,756,11,0.0,0.580630474690449
test,2020-580,1,756,12,1.0,0.6165339981440532
test,2020-580,1,756,13,0.0,0.7761835411140214
test,2020-580,1,756,14,1.0,0.936877797813923
test,2020-580,1,756,15,1.0,0.7294223345451906
test,2020-580,1,756,16,1.0,0.5877308776188256
test,2020-580,1,756,17,0.0,0.24205092422558558
test,2020-580,1,756,18,1.0,0.7479539821225527
test,2020-580,1,756,19,1.0,0.6947015609626094
test,2020-580,1,756,20,0.0,0.5397065774536386
test,2020-580,1,756,21,1.0,0.8978426762386902
test,2020-580,1,756,22,0.0,0.06404807851724141
test,2020-580,1,756,23,1.0,0.6084047408079579
test,2020-580,1,756,24,1.0,0.49949804956718363
test,2020-580,1,756,25,0.0,0.2727385563425793
test,2020-580,1,756,26,0.0,0.13542741200917655
test,2020-580,1,756,27,0.0,0.38864807294316134
test,2020-580,1,756,28,0.0,0.61443426258128
test,2020-580,1,756,29,1.0,0.9788261487696212
test,2020-580,1,756,30,1.0,0.3751170425479981
test,2020-580,1,756,31,0.0,0.5258270474326088
test,2020-580,1,756,32,1.0,0.31909263364715346
test,2020-580,1,756,33,1.0,0.8804646745257538
test,2020-580,1,756,34,1.0,0.8694132123962678
test,2020-580,1,756,35,1.0,0.7092987159566354
test,2020-580,1,756,36,1.0,0.5454722233102968
test,2020-580,1,756,37,0.0,0.5854547859626955
test,2020-580,1,756,38,1.0,0.29330755607858056
test,2020-580,1,756,39,1.0,0.42636791931703694
test,2020-580,1,756,40,1.0,0.8806500315356905
test,2020-580,1,756,41,0.0,0.6234165873292392
test,2020-580,1,756,42,0.0,0.16859185763034734
test,2020-580,1,756,43,1.0,0.7694312454651014
test,2020-580,1,756,44,1.0,0.8185141522510719
test,2020-580,1,756,45,1.0,0.7464498638063232
test,2020-580,1,756,46,0.0,0.33036537099375757
test,2020-580,1,756,47,1.0,0.8251029601545489
test,2020-580,1,756,48,1.0,0.7897240081341401
test,2020-580,1,756,49,0.0,0.3013655446336033
test,2020-580,1,756,50,1.0,0.6896910759155411
test,2020-580,1,756,51,0.0,0.08199819700485553
test,2020-580,1,756,52,1.0,0.4240841872053519
test,2020-580,1,756,53,0.0,0.6133864503544838
test,2020-580,1,756,54,1.0,0.7654332406543811
test,2020-580,1,756,55,0.0,0.3977334571101442
test,2020-580,1,756,56,1.0,0.7372719214498885
test,2020-580,1,756,57,0.0,0.3579069467706948
test,2020-580,1,756,58,0.0,0.8257524978793666
test,2020-580,1,756,59,1.0,0.4916615791313202
test,2020-580,1,756,60,0.0,0.6465481805472569
test,2020-580,1,756,61,1.0,0.8588592478252349
test,2020-580,1,756,62,0.0,0.2505628852293464
test,2020-580,1,756,63,1.0,0.6321400565284636
test,2020-580,2,757,0,0.0,0.6250096937206345
test,2020-580,2,757,1,0.0,0.26044578447004874
test,2020-580,2,757,2,0.0,0.3662724335445801
test,2020-580,2,757,3,1.0,0.12757708926019107
test,2020-580,2,757,4,0.0,0.08055588998660852
test,2020-580,2,757,5,0.0,0.27332905727941254
test,2020-580,2,757,6,0.0,0.44320784064698737
test,2020-580,2,757,7,0.0,0.30644827770633254
test,2020-580,2,757,8,0.0,0.12662854872773951
test,2020-580,2,757,9,1.0,0.8787925435846744
test,2020-580,2,757,10,0.0,0.2941731343088126
test,2020-580,2,757,11,0.0,0.25656649617137817
test,2020-580,2,757,12,1.0,0.6741893152875206
test,2020-580,2,757,13,0.0,0.14471304687986206
test,2020-580,2,757,14,1.0,0.8951587930265713
test,2020-580,2,757,15,1.0,0.46666059922937625
test,2020-580,2,757,16,0.0,0.19235425327213196
test,2020-580,2,757,17,0.0,0.16367177107213518
test,2020-580,2,757,18,0.0,0.21589826381619973
test,2020-580,2,757,19,1.0,0.8423156625705113
test,2020-580,2,757,20,1.0,0.645240407031089
test,2020-580,2,757,21,1.0,0.9597960864273197
test,2020-580,2,757,22,0.0,0.15237233298993913
test,2020-580,2,757,23,1.0,0.4793712710827041
test,2020-580,2,757,24,1.0,0.34984338395515885
test,2020-580,2,757,25,0.0,0.3912391237186464
test,2020-580,2,757,26,0.0,0.17492351536195253
test,2020-580,2,757,27,1.0,0.6572385497550708
test,2020-580,2,757,28,0.0,0.7888845363234553
test,2020-580,2,757,29,0.0,0.026736328981200503
test,2020-580,2,757,30,1.0,0.7819739535527137
test,2020-580,2,757,31,1.0,0.9725691116984131
test,2020-580,3,758,0,1.0,0.3816115935976167
test,2020-580,3,758,1,1.0,0.3695927018403431
test,2020-580,3,758,2,1.0,0.9398778497201024
test,2020-580,3,758,3,1.0,0.7409161568209571
test,2020-580,3,758,4,1.0,0.4815701895363637
test,2020-580,3,758,5,0.0,0.09193016069424514
test,2020-580,3,758,6,1.0,0.5143272539037336
test,2020-580,3,758,7,1.0,0.6900962545834879
test,2020-580,3,758,8,0.0,0.5751902048539751
test,2020-580,3,758,9,1.0,0.7813856581694703
test,2020-580,3,758,10,0.0,0.6393114243880781
test,2020-580,3,758,11,0.0,0.5098460565450403
test,2020-580,3,758,12,0.0,0.06422545580711858
test,2020-580,3,758,13,0.0,0.26868979674726057
test,2020-580,3,758,14,1.0,0.881232878095923
test,2020-580,3,758,15,0.0,0.05911974251291215
test,2020-580,4,759,0,1.0,0.8936689294824143
test,2020-580,4,759,1,1.0,0.4557912422189474
test,2020-580,4,759,2,1.0,0.9046741631469267
test,2020-580,4,759,3,0.0,0.7246209428538735
test,2020-580,4,759,4,1.0,0.7124132548101662
test,2020-580,4,759,5,0.0,0.8681214985016386
test,2020-580,4,759,6,1.0,0.3252880915660669
test,2020-580,4,759,7,0.0,0.056052340248538064
test,2020-580,5,760,0,0.0,0.10504586565751314
test,2020-580,5,760,1,0.0,0.1137667561466804
test,2020-580,5,760,2,1.0,0.7040712451635173
test,2020-580,5,760,3,1.0,0.09598586668125912
test,2020-580,6,761,0,1.0,0.7599002147291639
test,2020-580,6,761,1,0.0,0.6508036698192746
test,2020-580,7,762,0,0.0,0.12640291518247582
test,2020-M009,2,776,0,1.0,0.41677341051929484
test,2020-M009,2,776,1,0.0,0.5648433319659298
test,2020-M009,2,776,2,1.0,0.6267260922114994
test,2020-M009,2,776,3,1.0,0.24583147392271001
test,2020-M009,2,776,4,0.0,0.750272234688759
test,2020-M009,2,776,5,0.0,0.3335251157328056
test,2020-M009,2,776,6,0.0,0.15590499962189552
test,2020-M009,2,776,7,0.0,0.17789712334436317
test,2020-M009,2,776,8,1.0,0.4922083540724252
test,2020-M009,2,776,9,0.0,0.3727317475059465
test,2020-M009,2,776,10,1.0,0.33330750478698534
test,2020-M009,2,776,11,0.0,0.4287694113476515
test,2020-M009,2,776,12,0.0,0.2045077988004128
test,2020-M009,2,776,13,1.0,0.7740555178594993
test,2020-M009,2,776,14,1.0,0.3282496992764151
test,2020-M009,2,776,15,0.0,0.6812272745833878
test,2020-M009,2,776,16,1.0,0.7526910813145653
test,2020-M009,2,776,17,0.0,0.5619580623627062
test,2020-M009,2,776,18,1.0,0.22154570393122547
test,2020-M009,2,776,19,1.0,0.8128658924521859
test,2020-M009,2,776,20,0.0,0.766860469463298
test,2020-M009,2,776,21,0.0,0.8473189456751411
test,2020-M009,2,776,22,1.0,0.6969577497012442
test,2020-M009,3,777,0,1.0,0.14975028204003907
test,2020-M009,3,777,1,0.0,0.7437400331237669
test,2020-M009,3,777,2,0.0,0.5276542643193249
test,2020-M009,3,777,3,0.0,0.8425931740462306
test,2020-M009,3,777,4,0.0,0.27128300436547087
test,2020-M009,3,777,5,0.0,0.15919713558237233
test,2020-M009,3,777,6,1.0,0.2936509738311353
test,2020-M009,3,777,7,1.0,0.4449257712748048
test,2020-M009,3,777,8,1.0,0.5626663410113022
test,2020-M009,3,777,9,0.0,0.8393649148510244
test,2020-M009,3,777,10,0.0,0.26733106725555755
test,2020-M009,3,777,11,1.0,0.2916678003431195
test,2020-M009,3,777,12,0.0,0.5657981761787734
test,2020-M009,3,777,13,0.0,0.17883105906137292
test,2020-M009,3,777,14,0.0,0.05596865348289726
test,2020-M009,3,777,15,0.0,0.3964434528718151
test,2020-M009,4,778,0,1.0,0.7366253550893845
test,2020-M009,4,778,1,0.0,0.14616502503858303
test,2020-M009,4,778,2,1.0,0.7675196995492106
test,2020-M009,4,778,3,0.0,0.42855907116111713
test,2020-M009,4,778,4,1.0,0.7814594477780097
test,2020-M009,4,778,5,1.0,0.7918703859127141
test,2020-M009,4,778,6,1.0,0.3093572980550638
test,2020-M009,4,778,7,1.0,0.3530100757943145
test,2020-M009,5,779,0,0.0,0.05878927409253261
test,2020-M009,5,779,1,1.0,0.3313885801877335
test,2020-M009,5,779,2,1.0,0.5721426542874899
test,2020-M009,5,779,3,0.0,0.7698224974165884
test,2020-M009,6,780,0,0.0,0.0825089202046993
test,2020-M009,6,780,1,1.0,0.2979770290433576
test,2020-M009,7,781,0,0.0,0.10144120951095033
test,2020-M024,2,763,0,1.0,0.6877717950188386
test,2020-M024,2,763,1,0.0,0.4996971431910123
test,2020-M024,2,763,2,1.0,0.6095172656565083
test,2020-M024,2,763,3,0.0,0.5345262722881016
test,2020-M024,2,763,4,0.0,0.5595331338531001
test,2020-M024,2,763,5,0.0,0.4563840848430427
test,2020-M024,2,763,6,0.0,0.4255251789146823
test,2020-M024,2,763,7,0.0,0.5744003878000458
test,2020-M024,2,763,8,1.0,0.43405549454681364
test,2020-M024,2,763,9,1.0,0.7072229889762459
test,2020-M024,2,763,10,1.0,0.5591922529682741
test,2020-M024,2,763,11,1.0,0.7240179698829371
test,2020-M024,2,763,12,1.0,0.5000462317049836
test,2020-M024,2,763,13,0.0,0.4625583576002589
test,2020-M024,2,763,14,1.0,0.7066410018848459
test,2020-M024,2,763,15,0.0,0.3722279434190002
test,2020-M024,2,763,16,0.0,0.5158791080762146
test,2020-M024,2,763,17,0.0,0.4441563668282927
test,2020-M024,2,763,18,1.0,0.4007695197536576
test,2020-M024,2,763,19,1.0,0.6107185403819887
test,2020-M024,2,763,20,1.0,0.40229516631242673
test,2020-M024,2,763,21,1.0,0.6959503503571408
test,2020-M024,2,763,22,0.0,0.3055945166404922
test,2020-M024,2,763,23,1.0,0.6958012877866006
test,2020-M024,3,764,0,0.0,0.5887472973419688
test,2020-M024,3,764,1,0.0,0.6820555165506473
test,2020-M024,3,764,2,1.0,0.686722837434793
test,2020-M024,3,764,3,1.0,0.279100928024504
test,2020-M024,3,764,4,0.0,0.3570160242017926
test,2020-M024,3,764,5,1.0,0.5580909876567752
test,2020-M024,3,764,6,0.0,0.6347534011484919
test,2020-M024,3,764,7,1.0,0.6139209563654398
test,2020-M024,3,764,8,1.0,0.55083882665107
test,2020-M024,3,764,9,0.0,0.6069209349234641
test,2020-M024,3,764,10,1.0,0.7480172024945289
test,2020-M024,3,764,11,1.0,0.6897807537810313
test,2020-M024,3,764,12,1.0,0.4421045009616637
test,2020-M024,3,764,13,1.0,0.5054275212446003
test,2020-M024,3,764,14,1.0,0.851806210966118
test,2020-M024,3,764,15,1.0,0.5718292845885532
test,2020-M024,4,765,0,0.0,0.21299456021998553
test,2020-M024,4,765,1,0.0,0.295136112711023
test,2020-M024,4,765,2,1.0,0.47009844169041715
test,2020-M024,4,765,3,0.0,0.4985476533564712
test,2020-M024,4,765,4,1.0,0.47638334469915505
test,2020-M024,4,765,5,0.0,0.5697867104147623
test,2020-M024,4,765,6,1.0,0.5478367037563557
test,2020-M024,4,765,7,0.0,0.317037595228121
test,2020-M024,5,766,0,1.0,0.7608665759744776
test,2020-M024,5,766,1,1.0,0.4099640597731862
test,2020-M024,5,766,2,1.0,0.5649652398761174
test,2020-M024,5,766,3,0.0,0.37729257615804
test,2020-M024,6,767,0,1.0,0.772055426724457
test,2020-M024,6,767,1,1.0,0.6453054605128526
test,2020-M024,7,768,0,1.0,0.6414674274411947
train,2011-1536,2,27,0,1.0,0.7610374625060445
train,2011-1536,2,27,1,0.0,0.2744114294205979
train,2011-1536,2,27,2,1.0,0.0986134850736729
train,2011-1536,2,27,3,1.0,0.6699527960705325
train,2011-1536,2,27,4,0.0,0.7662773011483579
train,2011-1536,2,27,5,1.0,0.46140440741719974
train,2011-1536,2,27,6,0.0,0.5313323131859372
train,2011-1536,2,27,7,0.0,0.774717944987124
train,2011-1536,2,27,8,0.0,0.580232062725953
train,2011-1536,2,27,9,1.0,0.5392210816678451
train,2011-1536,2,27,10,0.0,0.6123827006026267
train,2011-1536,2,27,11,0.0,0.6745521994054445
train,2011-1536,2,27,12,1.0,0.6574823066094456
train,2011-1536,2,27,13,1.0,0.6800632206563441
train,2011-1536,2,27,14,1.0,0.5256465660189935
train,2011-1536,2,27,15,1.0,0.6780906648537883
train,2011-1536,2,27,16,0.0,0.7864849683140119
train,2011-1536,2,27,17,0.0,0.6556489658389992
train,2011-1536,2,27,18,1.0,0.3683253981882211
train,2011-1536,2,27,19,1.0,0.3486621364901275
train,2011-1536,2,27,20,1.0,0.5000171546670894
train,2011-1536,2,27,21,0.0,0.3755391693809733
train,2011-1536,2,27,22,1.0,0.2920068206985832
train,2011-1536,2,27,23,1.0,0.4033067638728825
train,2011-1536,3,28,0,0.0,0.04935628240937615
train,2011-1536,3,28,1,0.0,0.3610310886285663
train,2011-1536,3,28,2,0.0,0.6130722786849624
train,2011-1536,3,28,3,0.0,0.07652265998623187
train,2011-1536,3,28,4,1.0,0.7750776776820963
train,2011-1536,3,28,5,1.0,0.3123184705174111
train,2011-1536,3,28,6,1.0,0.8490787472322145
train,2011-1536,3,28,7,0.0,0.13819737349134747
train,2011-1536,3,28,8,0.0,0.29869760901394643
train,2011-1536,3,28,9,0.0,0.45107976082898543
train,2011-1536,3,28,10,0.0,0.4321140857994384
train,2011-1536,3,28,11,0.0,0.07593077627385712
train,2011-1536,3,28,12,0.0,0.7690697983576009
train,2011-1536,3,28,13,0.0,0.17227259850302185
train,2011-1536,3,28,14,0.0,0.35735835015895706
train,2011-1536,3,28,15,0.0,0.03905250446818242
train,2011-1536,4,29,0,1.0,0.9034232012128561
train,2011-1536,4,29,1,0.0,0.25241316634816335
train,2011-1536,4,29,2,0.0,0.21910363650141676
train,2011-1536,4,29,3,1.0,0.808541170261363
train,2011-1536,4,29,4,0.0,0.8501431779309975
train,2011-1536,4,29,5,1.0,0.8709779998868148
train,2011-1536,4,29,6,1.0,0.9462436802014583
train,2011-1536,4,29,7,0.0,0.08658127176733307
train,2011-1536,5,30,0,1.0,0.9238145319235879
train,2011-1536,5,30,1,0.0,0.2589847425988579
train,2011-1536,5,30,2,1.0,0.17166352355954867
train,2011-1536,5,30,3,0.0,0.1786764643010601
train,2011-1536,6,31,0,1.0,0.741775033073608
train,2011-1536,6,31,1,1.0,0.9438728123128672
train,2011-1536,7,32,0,1.0,0.47069828231662364
train,2011-352,2,78,0,0.0,0.4196166122545298
train,2011-352,2,78,1,1.0,0.5602588413340969
train,2011-352,2,78,2,1.0,0.6621728439303929
train,2011-352,2,78,3,0.0,0.5570121368142562
train,2011-352,2,78,4,0.0,0.35952053455873845
train,2011-352,2,78,5,0.0,0.36444780783701747
train,2011-352,2,78,6,0.0,0.39749362472212985
train,2011-352,2,78,7,0.0,0.4956927751226837
train,2011-352,2,78,8,0.0,0.35478476079892246
train,2011-352,2,78,9,1.0,0.42657142753889743
train,2011-352,2,78,10,1.0,0.49773376061756913
train,2011-352,2,78,11,1.0,0.3397411637016238
train,2011-352,2,78,12,1.0,0.643800422512295
train,2011-352,2,78,13,0.0,0.6399058517235043
train,2011-352,2,78,14,0.0,0.5377751614341828
train,2011-352,2,78,15,0.0,0.710716576028645
train,2011-352,3,79,0,0.0,0.05309533330511807
train,2011-352,3,79,1,1.0,0.3265188171984218
train,2011-352,3,79,2,0.0,0.3641299125072781
train,2011-352,3,79,3,0.0,0.23054269441283448
train,2011-352,3,79,4,0.0,0.3477715403117336
train,2011-352,3,79,5,0.0,0.0582520142829567
train,2011-352,3,79,6,1.0,0.6945479381419285
train,2011-352,3,79,7,1.0,0.7626797163267017
train,2011-352,3,79,8,0.0,0.04683292156182666
train,2011-352,3,79,9,0.0,0.4272721158076019
train,2011-352,3,79,10,0.0,0.6793076482198825
train,2011-352,3,79,11,1.0,0.8128735899769785
train,2011-352,3,79,12,0.0,0.36947987453437264
train,2011-352,3,79,13,1.0,0.7410479420286302
train,2011-352,3,79,14,1.0,0.44448120398700497
train,2011-352,3,79,15,1.0,0.8755655840687993
train,2011-352,4,80,0,1.0,0.8391720205978016
train,2011-352,4,80,1,1.0,0.650266603224703
train,2011-352,4,80,2,1.0,0.816219846601824
train,2011-352,4,80,3,0.0,0.7996491642107264
train,2011-352,4,80,4,0.0,0.24064949493096532
train,2011-352,4,80,5,0.0,0.06072028940454469
train,2011-352,4,80,6,1.0,0.8464553073624742
train,2011-352,4,80,7,1.0,0.4230842533923826
train,2011-352,5,81,0,1.0,0.8995537561326513
train,2011-352,5,81,1,0.0,0.7825602511142186
train,2011-352,5,81,2,0.0,0.8387598726925248
train,2011-352,5,81,3,0.0,0.7361329371388521
train,2011-352,6,82,0,0.0,0.23265457582469226
train,2011-352,6,82,1,0.0,0.2822273210452767
train,2011-352,7,83,0,0.0,0.22964953173136732
train,2011-403,1,14,0,0.0,0.6453876586749049
train,2011-403,1,14,1,0.0,0.34347969455871324
train,2011-403,1,14,2,1.0,0.6237089896303775
train,2011-403,1,14,3,0.0,0.6118821016030128
train,2011-403,1,14,4,1.0,0.44529551253307775
train,2011-403,1,14,5,1.0,0.46555738729612606
train,2011-403,1,14,6,1.0,0.6577195128185622
train,2011-403,1,14,7,1.0,0.4996905150308313
train,2011-403,1,14,8,0.0,0.3756537894813127
train,2011-403,1,14,9,0.0,0.2851405975422312
train,2011-403,1,14,10,0.0,0.32770791915322045
train,2011-403,1,14,11,0.0,0.595876822460919
train,2011-403,1,14,12,0.0,0.5980083977382464
train,2011-403,1,14,13,0.0,0.6670306203231339
train,2011-403,1,14,14,1.0,0.44567715637411437
train,2011-403,1,14,15,0.0,0.4073988792050707
train,2011-403,1,14,16,0.0,0.40252139986814855
train,2011-403,1,14,17,0.0,0.3976754353667143
train,2011-403,1,14,18,0.0,0.6121949062599821
train,2011-403,1,14,19,0.0,0.2889005118913405
train,2011-403,1,14,20,1.0,0.20245114961702357
train,2011-403,1,14,21,1.0,0.6357982096533694
train,2011-403,1,14,22,1.0,0.4683168981764718
train,2011-403,1,14,23,0.0,0.16669158295891234
train,2011-403,1,14,24,1.0,0.5880500285341247
train,2011-403,1,14,25,1.0,0.5773478076055579
train,2011-403,1,14,26,1.0,0.30787509068879376
train,2011-403,1,14,27,1.0,0.5440700964691323
train,2011-403,1,14,28,0.0,0.7040825145781672
train,2011-403,1,14,29,0.0,0.7483613062164959
train,2011-403,1,14,30,1.0,0.5937669033855386
train,2011-403,1,14,31,0.0,0.7188326914552214
train,2011-403,2,15,0,0.0,0.5520206372480269
train,2011-403,2,15,1,1.0,0.9623271430343072
train,2011-403,2,15,2,0.0,0.2725363588725775
train,2011-403,2,15,3,1.0,0.6949313085392008
train,2011-403,2,15,4,0.0,0.08300464140570137
train,2011-403,2,15,5,0.0,0.6440814770783851
train,2011-403,2,15,6,0.0,0.45748056601996834
train,2011-403,2,15,7,1.0,0.03822459164099329
train,2011-403,2,15,8,1.0,0.7135767038457643
train,2011-403,2,15,9,1.0,0.8326782347179832
train,2011-403,2,15,10,1.0,0.5146973746490607
train,2011-403,2,15,11,1.0,0.12961851149431852
train,2011-403,2,15,12,1.0,0.5986231705940651
train,2011-403,2,15,13,0.0,0.6021669648049726
train,2011-403,2,15,14,0.0,0.8227762708589691
train,2011-403,2,15,15,1.0,0.8861262976877113
train,2011-403,2,15,16,0.0,0.8564128441137197
train,2011-403,2,15,17,1.0,0.3836868435004864
train,2011-403,2,15,18,1.0,0.6263499807400159
train,2011-403,2,15,19,0.0,0.7592280984352371
train,2011-403,2,15,20,1.0,0.48293042218098897
train,2011-403,2,15,21,0.0,0.6726514869047208
train,2011-403,2,15,22,1.0,0.6077990007832049
train,2011-403,2,15,23,1.0,0.9333169669342812
train,2011-403,2,15,24,0.0,0.7225124191002189
train,2011-403,2,15,25,1.0,0.4803061784535709
train,2011-403,2,15,26,0.0,0.2526303341531409
train,2011-403,2,15,27,1.0,0.7762453504692054
train,2011-403,2,15,28,1.0,0.9136913439800519
train,2011-403,2,15,29,1.0,0.6576571871068245
train,2011-403,2,15,30,1.0,0.9435244630101128
train,2011-403,2,15,31,1.0,0.5787932424722645
train,2011-403,3,16,0,1.0,0.9055504582386822
train,2011-403,3,16,1,1.0,0.36643055601155544
train,2011-403,3,16,2,0.0,0.6340964156477313
train,2011-403,3,16,3,0.0,0.08511828955377455
train,2011-403,3,16,4,1.0,0.9279846828614815
train,2011-403,3,16,5,0.0,0.7139423183745328
train,2011-403,3,16,6,0.0,0.3986948309588031
train,2011-403,3,16,7,0.0,0.20534998796566503
train,2011-403,3,16,8,0.0,0.046804873711856244
train,2011-403,3,16,9,1.0,0.6076865887431809
train,2011-403,3,16,10,1.0,0.7024008003400172
train,2011-403,3,16,11,0.0,0.7443643264434013
train,2011-403,3,16,12,1.0,0.27418508946378173
train,2011-403,3,16,13,1.0,0.22640533180443018
train,2011-403,3,16,14,1.0,0.630559403426644
train,2011-403,3,16,15,0.0,0.4428953610779495
train,2011-403,4,17,0,0.0,0.04247555244962146
train,2011-403,4,17,1,1.0,0.9384555444915857
train,2011-403,4,17,2,1.0,0.35254950973849236
train,2011-403,4,17,3,0.0,0.7757307823273089
train,2011-403,4,17,4,1.0,0.8715990072036517
train,2011-403,4,17,5,0.0,0.5802631051648789
train,2011-403,4,17,6,1.0,0.8328140586878515
train,2011-403,4,17,7,0.0,0.09043701313159841
train,2011-403,5,18,0,1.0,0.9539486149139499
train,2011-403,5,18,1,0.0,0.8123516402768959
train,2011-403,5,18,2,1.0,0.9273157594833824
train,2011-403,5,18,3,1.0,0.8041225025883548
train,2011-403,6,19,0,0.0,0.07012924607982499
train,2011-403,6,19,1,1.0,0.4445493143783897
train,2011-403,7,20,0,0.0,0.3588500998685452
train,2011-404,1,7,0,0.0,0.3178605137707475
train,2011-404,1,7,1,1.0,0.5346510936921246
train,2011-404,1,7,2,1.0,0.6109769520742543
train,2011-404,1,7,3,0.0,0.40438150729068695
train,2011-404,1,7,4,0.0,0.34712229877734146
train,2011-404,1,7,5,1.0,0.44543798566056303
train,2011-404,1,7,6,1.0,0.6563948474319082
train,2011-404,1,7,7,0.0,0.31165983171448813
train,2011-404,1,7,8,0.0,0.278968021748157
train,2011-404,1,7,9,1.0,0.34834374741365254
train,2011-404,1,7,10,0.0,0.6044984682673434
train,2011-404,1,7,11,1.0,0.3405643523369432
train,2011-404,1,7,12,1.0,0.6254870865627479
train,2011-404,1,7,13,0.0,0.3238878602596457
train,2011-404,1,7,14,1.0,0.5040399350191381
train,2011-404,1,7,15,0.0,0.47393292223473366
train,2011-404,1,7,16,1.0,0.49365456227731286
train,2011-404,1,7,17,1.0,0.7051584451380155
train,2011-404,1,7,18,0.0,0.5186599197637509
train,2011-404,1,7,19,0.0,0.529824919797727
train,2011-404,1,7,20,1.0,0.5688542580691324
train,2011-404,1,7,21,1.0,0.44869204509531824
train,2011-404,1,7,22,1.0,0.5509197865012633
train,2011-404,1,7,23,1.0,0.6310195131781415
train,2011-404,1,7,24,1.0,0.29851002971949014
train,2011-404,1,7,25,0.0,0.4775844982856823
train,2011-404,1,7,26,1.0,0.6036824139171133
train,2011-404,1,7,27,0.0,0.36163322950537324
train,2011-404,1,7,28,0.0,0.7015520989964553
train,2011-404,1,7,29,1.0,0.6546143257641155
train,2011-404,1,7,30,1.0,0.6972556999231246
train,2011-404,1,7,31,0.0,0.3975683263854193
train,2011-404,2,8,0,0.0,0.7497771849509959
train,2011-404,2,8,1,1.0,0.9296395097098742
train,2011-404,2,8,2,0.0,0.5761969992899466
train,2011-404,2,8,3,1.0,0.5847118040982479
train,2011-404,2,8,4,1.0,0.4925199421196066
train,2011-404,2,8,5,1.0,0.671982253351398
train,2011-404,2,8,6,0.0,0.44781333787393945
train,2011-404,2,8,7,1.0,0.81990653940705
train,2011-404,2,8,8,0.0,0.05627023677401123
train,2011-404,2,8,9,1.0,0.6948827511109719
train,2011-404,2,8,10,1.0,0.5409696916765757
train,2011-404,2,8,11,1.0,0.8069986387731964
train,2011-404,2,8,12,0.0,0.25738063396340083
train,2011-404,2,8,13,1.0,0.7092401462838545
train,2011-404,2,8,14,1.0,0.7108404118252168
train,2011-404,2,8,15,0.0,0.19237588680304893
train,2011-404,2,8,16,1.0,0.6317579303562096
train,2011-404,2,8,17,0.0,0.28671060901653267
train,2011-404,2,8,18,0.0,0.9590256044455999
train,2011-404,2,8,19,0.0,0.24651782490622656
train,2011-404,2,8,20,0.0,0.5687517512549655
train,2011-404,2,8,21,0.0,0.3216371339170129
train,2011-404,2,8,22,1.0,0.7359937486441326
train,2011-404,2,8,23,0.0,0.08421495397903343
train,2011-404,2,8,24,1.0,0.14136932737762908
train,2011-404,2,8,25,1.0,0.5432720517145113
train,2011-404,2,8,26,0.0,0.32629546625017986
train,2011-404,2,8,27,1.0,0.3081018141383901
train,2011-404,2,8,28,1.0,0.41497422325113126
train,2011-404,2,8,29,0.0,0.7829620073398427
train,2011-404,2,8,30,1.0,0.8943267497882755
train,2011-404,2,8,31,1.0,0.3197473596320073
train,2011-404,3,9,0,0.0,0.8830146693964311
train,2011-404,3,9,1,0.0,0.5384247344247014
train,2011-404,3,9,2,0.0,0.596557780441718
train,2011-404,3,9,3,1.0,0.36262919589132797
train,2011-404,3,9,4,1.0,0.3312658630161057
train,2011-404,3,9,5,1.0,0.8690355186537551
train,2011-404,3,9,6,1.0,0.3099653972497298
train,2011-404,3,9,7,1.0,0.7590764039113816
train,2011-404,3,9,8,1.0,0.30854258569023857
train,2011-404,3,9,9,0.0,0.05722678755579793
train,2011-404,3,9,10,1.0,0.26975078416262954
train,2011-404,3,9,11,1.0,0.6854551375485701
train,2011-404,3,9,12,1.0,0.7777617773382874
train,2011-404,3,9,13,1.0,0.9267667936394983
train,2011-404,3,9,14,1.0,0.3267628150114651
train,2011-404,3,9,15,1.0,0.765376526987979
train,2011-404,4,10,0,0.0,0.06170671812421969
train,2011-404,4,10,1,0.0,0.5555542183742987
train,2011-404,4,10,2,1.0,0.9126492497426356
train,2011-404,4,10,3,1.0,0.2804199636455445
train,2011-404,4,10,4,1.0,0.6706407557935636
train,2011-404,4,10,5,1.0,0.6100683534213032
train,2011-404,4,10,6,0.0,0.43436186749591316
train,2011-404,4,10,7,0.0,0.11967001766412085
train,2011-404,5,11,0,1.0,0.8146139511953189
train,2011-404,5,11,1,1.0,0.8872657948224467
train,2011-404,5,11,2,0.0,0.583290249526573
train,2011-404,5,11,3,1.0,0.8473387618640472
train,2011-404,6,12,0,0.0,0.4280987755238799
train,2011-404,6,12,1,1.0,0.8103721999058867
train,2011-404,7,13,0,1.0,0.7132044077190974
train,2011-410,2,21,0,0.0,0.5516668476881144
train,2011-410,2,21,1,0.0,0.22454028228786496
train,2011-410,2,21,2,0.0,0.26216260277602643
train,2011-410,2,21,3,0.0,0.46870639777791334
train,2011-410,2,21,4,1.0,0.6498115863503752
train,2011-410,2,21,5,1.0,0.5524096545565733
train,2011-410,2,21,6,0.0,0.42256781235788016
train,2011-410,2,21,7,0.0,0.3877907678312567
train,2011-410,2,21,8,0.0,0.6922616654692131
train,2011-410,2,21,9,1.0,0.3147799922884152
train,2011-410,2,21,10,0.0,0.6359625477294352
train,2011-410,2,21,11,0.0,0.17742583057235461
train,2011-410,2,21,12,1.0,0.602638900494518
train,2011-410,2,21,13,0.0,0.23322983177420553
train,2011-410,2,21,14,1.0,0.41360393412617485
train,2011-410,2,21,15,1.0,0.7168103585571006
train,2011-410,2,21,16,0.0,0.566949093670471
train,2011-410,2,21,17,0.0,0.23264303348569898
train,2011-410,2,21,18,0.0,0.2777803620664838
train,2011-410,2,21,19,0.0,0.7332587394124407
train,2011-410,2,21,20,0.0,0.5955270835069777
train,2011-410,2,21,21,0.0,0.7303647241984996
train,2011-410,2,21,22,0.0,0.5855883305878785
train,2011-410,2,21,23,1.0,0.37442237924066746
train,2011-410,3,22,0,0.0,0.08596609826190384
train,2011-410,3,22,1,0.0,0.3996856345720241
train,2011-410,3,22,2,1.0,0.44644318709509806
train,2011-410,3,22,3,1.0,0.7972800036959512
train,2011-410,3,22,4,1.0,0.6181434890011649
train,2011-410,3,22,5,1.0,0.4554732917345539
train,2011-410,3,22,6,1.0,0.8319528405697441
train,2011-410,3,22,7,1.0,0.7272405978992532
train,2011-410,3,22,8,1.0,0.7962859825482884
train,2011-410,3,22,9,1.0,0.7854059015707808
train,2011-410,3,22,10,1.0,0.7855578057241653
train,2011-410,3,22,11,0.0,0.14712373098241616
train,2011-410,3,22,12,1.0,0.7119489961519202
train,2011-410,3,22,13,1.0,0.6576724765049317
train,2011-410,3,22,14,0.0,0.03971760338292293
train,2011-410,3,22,15,1.0,0.47872994834929017
train,2011-410,4,23,0,1.0,0.9211371908051244
train,2011-410,4,23,1,0.0,0.25091487822987646
train,2011-410,4,23,2,0.0,0.7437902345131076
train,2011-410,4,23,3,1.0,0.32077736485910785
train,2011-410,4,23,4,1.0,0.8233711584982498
train,2011-410,4,23,5,1.0,0.44728395811412613
train,2011-410,4,23,6,1.0,0.8974969506956517
train,2011-410,4,23,7,0.0,0.8045421946016744
train,2011-410,5,24,0,1.0,0.9359166058931336
train,2011-410,5,24,1,1.0,0.8210511345919278
train,2011-410,5,24,2,0.0,0.1972795168881496
train,2011-410,5,24,3,0.0,0.8972604721450173
train,2011-410,6,25,0,0.0,0.22143122537141982
train,2011-410,6,25,1,1.0,0.8494309203485809
train,2011-410,7,26,0,1.0,0.8161241788542005
train,2011-416,2,33,0,1.0,0.42034763534573655
train,2011-416,2,33,1,0.0,0.4817391497610006
train,2011-416,2,33,2,1.0,0.6613208805269468
train,2011-416,2,33,3,1.0,0.7927874196176318
train,2011-416,2,33,4,1.0,0.6388226999118762
train,2011-416,2,33,5,0.0,0.32897725199713823
train,2011-416,2,33,6,1.0,0.5488986546451563
train,2011-416,2,33,7,0.0,0.3604544663012294
train,2011-416,2,33,8,0.0,0.4333132009117504
train,2011-416,2,33,9,1.0,0.5185361118458172
train,2011-416,2,33,10,1.0,0.6132513824457183
train,2011-416,2,33,11,0.0,0.782092943384806
train,2011-416,2,33,12,0.0,0.6685607470544715
train,2011-416,2,33,13,0.0,0.37762605188167
train,2011-416,2,33,14,0.0,0.5319641937010611
train,2011-416,2,33,15,0.0,0.5931107611859292
train,2011-416,2,33,16,0.0,0.21776649444328522
train,2011-416,2,33,17,0.0,0.5635749235322022
train,2011-416,2,33,18,0.0,0.2715022641686918
train,2011-416,2,33,19,0.0,0.5393670536393694
train,2011-416,2,33,20,0.0,0.6585431861884589
train,2011-416,2,33,21,1.0,0.6504335344333765
train,2011-416,2,33,22,0.0,0.49348399426162914
train,2011-416,2,33,23,0.0,0.37298060095295105
train,2011-416,3,34,0,1.0,0.8111800686457257
train,2011-416,3,34,1,1.0,0.7136027000427376
train,2011-416,3,34,2,0.0,0.35772893019098456
train,2011-416,3,34,3,1.0,0.791512342064602
train,2011-416,3,34,4,0.0,0.3129409525969429
train,2011-416,3,34,5,0.0,0.7221033203922201
train,2011-416,3,34,6,0.0,0.6422138001017079
train,2011-416,3,34,7,0.0,0.2106128347530195
train,2011-416,3,34,8,1.0,0.40866947462588005
train,2011-416,3,34,9,0.0,0.026840460399542316
train,2011-416,3,34,10,0.0,0.7524301045340689
train,2011-416,3,34,11,1.0,0.860202036058552
train,2011-416,3,34,12,0.0,0.18562345198450544
train,2011-416,3,34,13,1.0,0.44439386017031385
train,2011-416,3,34,14,1.0,0.4352766252663318
train,2011-416,3,34,15,0.0,0.027539392011888323
train,2011-416,4,35,0,1.0,0.9476912097502683
train,2011-416,4,35,1,0.0,0.8493815323362481
train,2011-416,4,35,2,0.0,0.15090018994178264
train,2011-416,4,35,3,0.0,0.14078571411510926
train,2011-416,4,35,4,1.0,0.5837004156297674
train,2011-416,4,35,5,1.0,0.9223167177590903
train,2011-416,4,35,6,1.0,0.5298618769093041
train,2011-416,4,35,7,1.0,0.5594815045107555
train,2011-416,5,36,0,0.0,0.0706838675920804
train,2011-416,5,36,1,1.0,0.2973875998011939
train,2011-416,5,36,2,0.0,0.18384207080983175
train,2011-416,5,36,3,1.0,0.9183473197963431
train,2011-416,6,37,0,0.0,0.08879573586806357
train,2011-416,6,37,1,1.0,0.8693222595448792
train,2011-416,7,38,0,0.0,0.42296043491254304
train,2011-421,2,53,0,1.0,0.5724460340254421
train,2011-421,2,53,1,0.0,0.25094317726812654
train,2011-421,2,53,2,0.0,0.3545593772096481
train,2011-421,2,53,3,1.0,0.8251784952768371
train,2011-421,2,53,4,1.0,0.8673935084357776
train,2011-421,2,53,5,1.0,0.5470887052815162
train,2011-421,2,53,6,0.0,0.41574056162205997
train,2011-421,2,53,7,1.0,0.20788916993103357
train,2011-421,2,53,8,0.0,0.49931384922082966
train,2011-421,2,53,9,0.0,0.24583037265990423
train,2011-421,2,53,10,1.0,0.7005149603905305
train,2011-421,2,53,11,1.0,0.6815069953571519
train,2011-421,2,53,12,1.0,0.493065454199763
train,2011-421,2,53,13,0.0,0.4726865253934969
train,2011-421,2,53,14,0.0,0.5868692911757916
train,2011-421,2,53,15,0.0,0.39218986211490714
train,2011-421,2,53,16,1.0,0.7668458872875711
train,2011-421,2,53,17,1.0,0.6699560291140245
train,2011-421,2,53,18,1.0,0.5110464200589855
train,2011-421,2,53,19,0.0,0.23262007235120674
train,2011-421,2,53,20,1.0,0.6750356900488155
train,2011-421,2,53,21,1.0,0.33992674357480496
train,2011-421,2,53,22,0.0,0.31555971521152953
train,2011-421,2,53,23,0.0,0.6903233198255904
train,2011-421,3,54,0,0.0,0.9659596883376081
train,2011-421,3,54,1,1.0,0.5295486630605012
train,2011-421,3,54,2,0.0,0.502689070657761
train,2011-421,3,54,3,1.0,0.7887992363560264
train,2011-421,3,54,4,0.0,0.8200682398020664
train,2011-421,3,54,5,0.0,0.36262058887343335
train,2011-421,3,54,6,1.0,0.35452519816425054
train,2011-421,3,54,7,1.0,0.5597144439509001
train,2011-421,3,54,8,1.0,0.6886165004915544
train,2011-421,3,54,9,1.0,0.7690629411057841
train,2011-421,3,54,10,1.0,0.7466466594545811
train,2011-421,3,54,11,0.0,0.04564772663363796
train,2011-421,3,54,12,0.0,0.38003954457066497
train,2011-421,3,54,13,1.0,0.7792701617459055
train,2011-421,3,54,14,0.0,0.746139843974576
train,2011-421,3,54,15,1.0,0.9489334106257
train,2011-421,4,55,0,0.0,0.061649387830794336
train,2011-421,4,55,1,0.0,0.8133812091592252
train,2011-421,4,55,2,0.0,0.6702460788100452
train,2011-421,4,55,3,1.0,0.738697500344626
train,2011-421,4,55,4,1.0,0.6575387571251515
train,2011-421,4,55,5,0.0,0.2391598208290291
train,2011-421,4,55,6,1.0,0.715949908016757
train,2011-421,4,55,7,1.0,0.6413230524836636
train,2011-421,5,56,0,0.0,0.3231044309298208
train,2011-421,5,56,1,1.0,0.9126543492649705
train,2011-421,5,56,2,0.0,0.49250768605200135
train,2011-421,5,56,3,1.0,0.3122273832242156
train,2011-421,6,57,0,1.0,0.892107658529795
train,2011-421,6,57,1,1.0,0.5400580880739502
train,2011-421,7,58,0,0.0,0.0969223529293168
train,2011-422,2,59,0,0.0,0.6291182044074219
train,2011-422,2,59,1,1.0,0.40024613889766303
train,2011-422,2,59,2,1.0,0.36599595421918646
train,2011-422,2,59,3,1.0,0.6940545140200542
train,2011-422,2,59,4,0.0,0.5846885803391725
train,2011-422,2,59,5,0.0,0.1820980866275541
train,2011-422,2,59,6,0.0,0.5486029935611815
train,2011-422,2,59,7,1.0,0.32108111739590417
train,2011-422,2,59,8,1.0,0.6405688130993491
train,2011-422,2,59,9,1.0,0.5469643506905703
train,2011-422,2,59,10,0.0,0.3394437722049978
train,2011-422,2,59,11,0.0,0.5672688211422936
train,2011-422,2,59,12,0.0,0.7999479792378162
train,2011-422,2,59,13,0.0,0.4222542055113579
train,2011-422,2,59,14,0.0,0.11264885878901035
train,2011-422,2,59,15,0.0,0.5688834085711942
train,2011-422,2,59,16,0.0,0.4347158629811913
train,2011-422,2,59,17,0.0,0.4687180356750915
train,2011-422,2,59,18,0.0,0.25690257304934594
train,2011-422,2,59,19,0.0,0.4922088715540691
train,2011-422,2,59,20,1.0,0.6388170991955087
train,2011-422,2,59,21,0.0,0.4003772867654569
train,2011-422,2,59,22,1.0,0.7057782408294648
train,2011-422,2,59,23,1.0,0.5265014086032626
train,2011-422,3,60,0,0.0,0.047779123777404904
train,2011-422,3,60,1,0.0,0.4864087404673952
train,2011-422,3,60,2,0.0,0.3247088090138996
train,2011-422,3,60,3,0.0,0.284914351996472
train,2011-422,3,60,4,1.0,0.5901898534485809
train,2011-422,3,60,5,1.0,0.20209216806912145
train,2011-422,3,60,6,0.0,0.5863213712157636
train,2011-422,3,60,7,1.0,0.8838484860315273
train,2011-422,3,60,8,1.0,0.7809647226145193
train,2011-422,3,60,9,1.0,0.8157909090442526
train,2011-422,3,60,10,1.0,0.45254019069352447
train,2011-422,3,60,11,1.0,0.7809737695692182
train,2011-422,3,60,12,0.0,0.4069418452023911
train,2011-422,3,60,13,0.0,0.5334872800020338
train,2011-422,3,60,14,0.0,0.23644491615019714
train,2011-422,3,60,15,0.0,0.037824180369040464
train,2011-422,4,61,0,1.0,0.9550003980493353
train,2011-422,4,61,1,0.0,0.3235086026890835
train,2011-422,4,61,2,1.0,0.6902857608016181
train,2011-422,4,61,3,0.0,0.7237392798015606
train,2011-422,4,61,4,1.0,0.8154632742187328
train,2011-422,4,61,5,1.0,0.5361985243263717
train,2011-422,4,61,6,1.0,0.9240910537664139
train,2011-422,4,61,7,0.0,0.0926651793055154
train,2011-422,5,62,0,1.0,0.9177023311670999
train,2011-422,5,62,1,0.0,0.7614153009603629
train,2011-422,5,62,2,1.0,0.7250466936015918
train,2011-422,5,62,3,1.0,0.13256439976825943
train,2011-422,6,63,0,0.0,0.13066598399948973
train,2011-422,6,63,1,0.0,0.38442463272839295
train,2011-422,7,64,0,1.0,0.153843506339287
train,2011-5014,2,72,0,1.0,0.2889878411363791
train,2011-5014,2,72,1,1.0,0.6590850764356995
train,2011-5014,2,72,2,0.0,0.4042438522836773
train,2011-5014,2,72,3,0.0,0.46376316064363227
train,2011-5014,2,72,4,1.0,0.3166578810079675
train,2011-5014,2,72,5,0.0,0.36340590525688504
train,2011-5014,2,72,6,0.0,0.2393331124222299
train,2011-5014,2,72,7,1.0,0.3231386962525664
train,2011-5014,2,72,8,1.0,0.42622032771524604
train,2011-5014,2,72,9,0.0,0.1472405870938486
train,2011-5014,2,72,10,0.0,0.2982497487089841
train,2011-5014,2,72,11,0.0,0.4698304723310862
train,2011-5014,2,72,12,1.0,0.7525005943432918
train,2011-5014,2,72,13,1.0,0.1743348115152112
train,2011-5014,2,72,14,0.0,0.2418278231368943
train,2011-5014,2,72,15,1.0,0.3880685880705131
train,2011-5014,2,72,16,0.0,0.6874988328281433
train,2011-5014,2,72,17,1.0,0.6605193441365074
train,2011-5014,2,72,18,0.0,0.34768789288533514
train,2011-5014,2,72,19,1.0,0.4082813250974155
train,2011-5014,2,72,20,0.0,0.5775681311047076
train,2011-5014,2,72,21,0.0,0.5249665202860491
train,2011-5014,2,72,22,0.0,0.3968818694964977
train,2011-5014,2,72,23,1.0,0.3823619160456189
train,2011-5014,3,73,0,0.0,0.2794336681839285
train,2011-5014,3,73,1,0.0,0.6651383328573406
train,2011-5014,3,73,2,0.0,0.3362544225273692
train,2011-5014,3,73,3,1.0,0.1429877085325555
train,2011-5014,3,73,4,1.0,0.7457950554240983
train,2011-5014,3,73,5,0.0,0.2788221303738838
train,2011-5014,3,73,6,0.0,0.7785686367755311
train,2011-5014,3,73,7,1.0,0.6724223055683947
train,2011-5014,3,73,8,1.0,0.9068123730224247
train,2011-5014,3,73,9,1.0,0.30260219719536313
train,2011-5014,3,73,10,1.0,0.32441544427354346
train,2011-5014,3,73,11,1.0,0.8086973876982089
train,2011-5014,3,73,12,0.0,0.48821375357655555
train,2011-5014,3,73,13,1.0,0.7945459423132409
train,2011-5014,3,73,14,0.0,0.5010438777131111
train,2011-5014,3,73,15,1.0,0.8867107221663273
train,2011-5014,4,74,0,0.0,0.8730693114109332
train,2011-5014,4,74,1,0.0,0.2296379524062886
train,2011-5014,4,74,2,1.0,0.7711245300532055
train,2011-5014,4,74,3,1.0,0.5965063475470962
train,2011-5014,4,74,4,1.0,0.5156971294042362
train,2011-5014,4,74,5,0.0,0.49479077769935065
train,2011-5014,4,74,6,1.0,0.20832608080052986
train,2011-5014,4,74,7,0.0,0.7539413831338307
train,2011-5014,5,75,0,1.0,0.5343053667163664
train,2011-5014,5,75,1,0.0,0.35575083057993817
train,2011-5014,5,75,2,1.0,0.33500492363499607
train,2011-5014,5,75,3,1.0,0.8901215491967265
train,2011-5014,6,76,0,0.0,0.30417476418016587
train,2011-5014,6,76,1,0.0,0.123086754735026
train,2011-5014,7,77,0,1.0,0.6946352225399856
train,2011-520,1,39,0,0.0,0.23434297167326207
train,2011-520,1,39,1,1.0,0.699030300564168
train,2011-520,1,39,2,0.0,0.2987381937050177
train,2011-520,1,39,3,1.0,0.3884196696808133
train,2011-520,1,39,4,0.0,0.5452444385600091
train,2011-520,1,39,5,0.0,0.7867216784645731
train,2011-520,1,39,6,0.0,0.22444383026140155
train,2011-520,1,39,7,0.0,0.6592144760329066
train,2011-520,1,39,8,1.0,0.4350770914893473
train,2011-520,1,39,9,0.0,0.3314481628452747
train,2011-520,1,39,10,1.0,0.330046231488915
train,2011-520,1,39,11,0.0,0.5834300822414917
train,2011-520,1,39,12,0.0,0.348921361820086
train,2011-520,1,39,13,0.0,0.04911264384445491
train,2011-520,1,39,14,1.0,0.8371857843242266
train,2011-520,1,39,15,1.0,0.7519925029605262
train,2011-520,1,39,16,0.0,0.4990725520252922
train,2011-520,1,39,17,1.0,0.44104866522070263
train,2011-520,1,39,18,0.0,0.19112565292317912
train,2011-520,1,39,19,1.0,0.6693897745449445
train,2011-520,1,39,20,0.0,0.19287827307205482
train,2011-520,1,39,21,0.0,0.40695721469293017
train,2011-520,1,39,22,1.0,0.7574826446856406
train,2011-520,1,39,23,0.0,0.27414489978200984
train,2011-520,1,39,24,1.0,0.35029510014890675
train,2011-520,1,39,25,1.0,0.7986362726136768
train,2011-520,1,39,26,1.0,0.3290566763777691
train,2011-520,1,39,27,0.0,0.6187324615648659
train,2011-520,1,39,28,1.0,0.9545209426506275
train,2011-520,1,39,29,0.0,0.023188739262578372
train,2011-520,1,39,30,1.0,0.6606522186266621
train,2011-520,1,39,31,0.0,0.5496162471680517
train,2011-520,1,39,32,1.0,0.4020600766485287
train,2011-520,1,39,33,0.0,0.11491382800162132
train,2011-520,1,39,34,0.0,0.7129857300409429
train,2011-520,1,39,35,0.0,0.24650607034283128
train,2011-520,1,39,36,0.0,0.21599140855094862
train,2011-520,1,39,37,1.0,0.7180241803217406
train,2011-520,1,39,38,1.0,0.6002784876258738
train,2011-520,1,39,39,1.0,0.6662804557979639
train,2011-520,1,39,40,1.0,0.8252952167339856
train,2011-520,1,39,41,1.0,0.43699758081794793
train,2011-520,1,39,42,0.0,0.3249094605933288
train,2011-520,1,39,43,1.0,0.1552674360538813
train,2011-520,1,39,44,1.0,0.7681354568852582
train,2011-520,1,39,45,0.0,0.718465224868617
train,2011-520,1,39,46,1.0,0.5653055198238713
train,2011-520,1,39,47,1.0,0.0725194788400653
train,2011-520,1,39,48,0.0,0.2397921941816255
train,2011-520,1,39,49,0.0,0.3675164704498231
train,2011-520,1,39,50,1.0,0.4158393708220753
train,2011-520,1,39,51,1.0,0.897334497205398
train,2011-520,1,39,52,0.0,0.2983759988339781
train,2011-520,1,39,53,1.0,0.7851274901915358
train,2011-520,1,39,54,0.0,0.7506509772528148
train,2011-520,1,39,55,0.0,0.5490142684798552
train,2011-520,1,39,56,0.0,0.1768929386628608
train,2011-520,1,39,57,1.0,0.6413927340066716
train,2011-520,1,39,58,1.0,0.342960783247341
train,2011-520,1,39,59,1.0,0.6266157189660401
train,2011-520,1,39,60,0.0,0.12901494009341546
train,2011-520,1,39,61,0.0,0.2173488731233611
train,2011-520,1,39,62,0.0,0.35465241970040584
train,2011-520,1,39,63,0.0,0.11682518189442512
train,2011-520,2,40,0,0.0,0.22984927387534887
train,2011-520,2,40,1,1.0,0.6656966533036006
train,2011-520,2,40,2,0.0,0.17033659210397312
train,2011-520,2,40,3,0.0,0.3158691556650233
train,2011-520,2,40,4,0.0,0.04408077166885091
train,2011-520,2,40,5,1.0,0.7799717194112029
train,2011-520,2,40,6,1.0,0.7191098186525593
train,2011-520,2,40,7,1.0,0.71014121492728
train,2011-520,2,40,8,0.0,0.27024254954235594
train,2011-520,2,40,9,0.0,0.3576245585928795
train,2011-520,2,40,10,1.0,0.30347653177047196
train,2011-520,2,40,11,1.0,0.660810582310333
train,2011-520,2,40,12,1.0,0.6599567810106349
train,2011-520,2,40,13,0.0,0.28910252416270177
train,2011-520,2,40,14,0.0,0.8421367617230736
train,2011-520,2,40,15,1.0,0.49510924996072947
train,2011-520,2,40,16,1.0,0.2845603139771311
train,2011-520,2,40,17,0.0,0.46329122146449664
train,2011-520,2,40,18,0.0,0.1939925225455908
train,2011-520,2,40,19,0.0,0.2697990081212455
train,2011-520,2,40,20,0.0,0.47205329485640635
train,2011-520,2,40,21,0.0,0.08899557688776974
train,2011-520,2,40,22,0.0,0.13331028348084928
train,2011-520,2,40,23,0.0,0.7004273974390385
train,2011-520,2,40,24,0.0,0.2537926112219311
train,2011-520,2,40,25,0.0,0.15163577146669918
train,2011-520,2,40,26,0.0,0.4276350254831805
train,2011-520,2,40,27,0.0,0.3164154733330789
train,2011-520,2,40,28,1.0,0.8873422117245228
train,2011-520,2,40,29,1.0,0.9657056636711071
train,2011-520,2,40,30,1.0,0.22838627526131985
train,2011-520,2,40,31,1.0,0.9678100036888126
train,2011-520,3,41,0,1.0,0.8791514853981464
train,2011-520,3,41,1,0.0,0.45428792583119604
train,2011-520,3,41,2,0.0,0.08973932385036709
train,2011-520,3,41,3,1.0,0.669823852737478
train,2011-520,3,41,4,1.0,0.44276669267121005
train,2011-520,3,41,5,0.0,0.6010469999624283
train,2011-520,3,41,6,0.0,0.41371791018177795
train,2011-520,3,41,7,0.0,0.23597470405472035
train,2011-520,3,41,8,0.0,0.14207736145438843
train,2011-520,3,41,9,0.0,0.2548270051021867
train,2011-520,3,41,10,0.0,0.5159177092890884
train,2011-520,3,41,11,0.0,0.3336946025912775
train,2011-520,3,41,12,1.0,0.8892081634569287
train,2011-520,3,41,13,0.0,0.1628162553933969
train,2011-520,3,41,14,1.0,0.5322634519094726
train,2011-520,3,41,15,1.0,0.9725358439596331
train,2011-520,4,42,0,1.0,0.9164838859788378
train,2011-520,4,42,1,1.0,0.4204807311504959
train,2011-520,4,42,2,0.0,0.16812469339343045
train,2011-520,4,42,3,1.0,0.1941526074828366
train,2011-520,4,42,4,1.0,0.6272899653774324
train,2011-520,4,42,5,1.0,0.7865940954271081
train,2011-520,4,42,6,1.0,0.6386769372182891
train,2011-520,4,42,7,0.0,0.0742541278313734
train,2011-520,5,43,0,0.0,0.04358460341221955
train,2011-520,5,43,1,1.0,0.8589747064653983
train,2011-520,5,43,2,0.0,0.1628305028500276
train,2011-520,5,43,3,1.0,0.8924043368265048
train,2011-520,6,44,0,1.0,0.22759521180629858
train,2011-520,6,44,1,0.0,0.16983782907721015
train,2011-520,7,45,0,1.0,0.7388085909333659
train,2011-540,1,46,0,1.0,0.9642771179906297
train,2011-540,1,46,1,1.0,0.3918810496909809
train,2011-540,1,46,2,1.0,0.32492801462392595
train,2011-540,1,46,3,1.0,0.3798090548636726
train,2011-540,1,46,4,1.0,0.5365404255319025
train,2011-540,1,46,5,1.0,0.38907392972460036
train,2011-540,1,46,6,1.0,0.7919044222345475
train,2011-540,1,46,7,1.0,0.4379385884381201
train,2011-540,1,46,8,0.0,0.4073601118362131
train,2011-540,1,46,9,1.0,0.7815679339014836
train,2011-540,1,46,10,1.0,0.4248963380960282
train,2011-540,1,46,11,0.0,0.2595951065411934
train,2011-540,1,46,12,0.0,0.5020786758615141
train,2011-540,1,46,13,0.0,0.10006096010164486
train,2011-540,1,46,14,1.0,0.8818301404925029
train,2011-540,1,46,15,0.0,0.27786567776817583
train,2011-540,1,46,16,0.0,0.4774324729075202
train,2011-540,1,46,17,1.0,0.754287803157061
train,2011-540,1,46,18,0.0,0.34613499858097446
train,2011-540,1,46,19,1.0,0.5652114673511136
train,2011-540,1,46,20,0.0,0.6681736626848126
train,2011-540,1,46,21,0.0,0.32529755588054243
train,2011-540,1,46,22,0.0,0.13512678541739895
train,2011-540,1,46,23,1.0,0.4277143133676863
train,2011-540,1,46,24,1.0,0.687779313437616
train,2011-540,1,46,25,1.0,0.8628356810470977
train,2011-540,1,46,26,0.0,0.37743839628211945
train,2011-540,1,46,27,0.0,0.6622633608302436
train,2011-540,1,46,28,0.0,0.5002335734145121
train,2011-540,1,46,29,1.0,0.9693031855972822
train,2011-540,1,46,30,0.0,0.31575597464902866
train,2011-540,1,46,31,1.0,0.670775931776071
train,2011-540,1,46,32,1.0,0.7421152345588029
train,2011-540,1,46,33,1.0,0.8427065869460736
train,2011-540,1,46,34,1.0,0.9212094701913001
train,2011-540,1,46,35,1.0,0.6209952421633301
train,2011-540,1,46,36,1.0,0.8133117899405203
train,2011-540,1,46,37,1.0,0.47628837705258414
train,2011-540,1,46,38,0.0,0.7547642251431169
train,2011-540,1,46,39,0.0,0.1880945024252968
train,2011-540,1,46,40,0.0,0.27779577385105686
train,2011-540,1,46,41,0.0,0.611392889235267
train,2011-540,1,46,42,0.0,0.2907267462146993
train,2011-540,1,46,43,0.0,0.2076899244030965
train,2011-540,1,46,44,1.0,0.2894689957974509
train,2011-540,1,46,45,1.0,0.6480056557885479
train,2011-540,1,46,46,1.0,0.6325401247695978
train,2011-540,1,46,47,1.0,0.7710205445852941
train,2011-540,1,46,48,1.0,0.9537603271072437
train,2011-540,1,46,49,0.0,0.47519579275572116
train,2011-540,1,46,50,0.0,0.16562147860047705
train,2011-540,1,46,51,1.0,0.5192909153056472
train,2011-540,1,46,52,0.0,0.3936563653518532
train,2011-540,1,46,53,1.0,0.7386728265511479
train,2011-540,1,46,54,1.0,0.670795242126381
train,2011-540,1,46,55,0.0,0.34335232679782096
train,2011-540,1,46,56,0.0,0.1123974200957214
train,2011-540,1,46,57,0.0,0.5410355317792214
train,2011-540,1,46,58,0.0,0.5170938520111279
train,2011-540,1,46,59,0.0,0.5612161556268696
train,2011-540,1,46,60,1.0,0.7001298832203674
train,2011-540,1,46,61,0.0,0.5912054903454793
train,2011-540,1,46,62,0.0,0.45263177930398324
train,2011-540,1,46,63,1.0,0.36647495109176137
train,2011-540,2,47,0,1.0,0.308566603253088
train,2011-540,2,47,1,1.0,0.6316408083917291
train,2011-540,2,47,2,0.0,0.19904799826818573
train,2011-540,2,47,3,0.0,0.41967421371972585
train,2011-540,2,47,4,1.0,0.6488186477256885
train,2011-540,2,47,5,0.0,0.28284520561101945
train,2011-540,2,47,6,0.0,0.05831666851271461
train,2011-540,2,47,7,1.0,0.7933996619782667
train,2011-540,2,47,8,0.0,0.6159174176612745
train,2011-540,2,47,9,1.0,0.556347785097584
train,2011-540,2,47,10,1.0,0.30306161206223287
train,2011-540,2,47,11,1.0,0.8837802412265711
train,2011-540,2,47,12,1.0,0.6026824408186489
train,2011-540,2,47,13,1.0,0.6988575739268463
train,2011-540,2,47,14,0.0,0.0964630402533149
train,2011-540,2,47,15,0.0,0.5822715583176674
train,2011-540,2,47,16,0.0,0.15660315086146692
train,2011-540,2,47,17,1.0,0.1977415887849062
train,2011-540,2,47,18,0.0,0.19364935718086698
train,2011-540,2,47,19,1.0,0.540159432485379
train,2011-540,2,47,20,1.0,0.8283488207958367
train,2011-540,2,47,21,0.0,0.6670285526078089
train,2011-540,2,47,22,1.0,0.3374924114752675
train,2011-540,2,47,23,0.0,0.2748709465686874
train,2011-540,2,47,24,1.0,0.7663213244982122
train,2011-540,2,47,25,1.0,0.8013536618804298
train,2011-540,2,47,26,0.0,0.7233175123277981
train,2011-540,2,47,27,0.0,0.4840955512198029
train,2011-540,2,47,28,1.0,0.6238479195341029
train,2011-540,2,47,29,1.0,0.9532128786075315
train,2011-540,2,47,30,0.0,0.03402515537651793
train,2011-540,2,47,31,1.0,0.7573167869049595
train,2011-540,3,48,0,1.0,0.6009427304187365
train,2011-540,3,48,1,0.0,0.3672919166115414
train,2011-540,3,48,2,1.0,0.9502352348336766
train,2011-540,3,48,3,1.0,0.46553974429902734
train,2011-540,3,48,4,1.0,0.2044877293204915
train,2011-540,3,48,5,0.0,0.07303796633326835
train,2011-540,3,48,6,1.0,0.4574149055462651
train,2011-540,3,48,7,1.0,0.731097206521088
train,2011-540,3,48,8,1.0,0.9003403738041691
train,2011-540,3,48,9,0.0,0.6740724901944605
train,2011-540,3,48,10,0.0,0.738083030579851
train,2011-540,3,48,11,1.0,0.7852204579793745
train,2011-540,3,48,12,1.0,0.8054264777107814
train,2011-540,3,48,13,0.0,0.15830994858114333
train,2011-540,3,48,14,0.0,0.31472075130825733
train,2011-540,3,48,15,0.0,0.031747350390366656
train,2011-540,4,49,0,1.0,0.9362288838767067
train,2011-540,4,49,1,0.0,0.6632541535147443
train,2011-540,4,49,2,0.0,0.10536061029352349
train,2011-540,4,49,3,0.0,0.7517001395961883
train,2011-540,4,49,4,1.0,0.6019477004014098
train,2011-540,4,49,5,1.0,0.7197217142141601
train,2011-540,4,49,6,1.0,0.2563496966884851
train,2011-540,4,49,7,0.0,0.1118255383184941
train,2011-540,5,50,0,0.0,0.054142721319155894
train,2011-540,5,50,1,0.0,0.8407527063121953
train,2011-540,5,50,2,0.0,0.17790955309202577
train,2011-540,5,50,3,0.0,0.08415062965013093
train,2011-540,6,51,0,1.0,0.9018121754059116
train,2011-540,6,51,1,0.0,0.18801835062951333
train,2011-540,7,52,0,1.0,0.5569164878373944
train,2011-560,1,65,0,0.0,0.03833253080535027
train,2011-560,1,65,1,0.0,0.2385505647278995
train,2011-560,1,65,2,1.0,0.711241584648879
train,2011-560,1,65,3,0.0,0.35214997548572174
train,2011-560,1,65,4,1.0,0.3881182985314127
train,2011-560,1,65,5,1.0,0.8027102803838345
train,2011-560,1,65,6,1.0,0.27710993838430253
train,2011-560,1,65,7,1.0,0.7009063756808541
train,2011-560,1,65,8,1.0,0.5983570812903238
train,2011-560,1,65,9,0.0,0.5828149778659031
train,2011-560,1,65,10,0.0,0.3246023403802751
train,2011-560,1,65,11,0.0,0.21316324737544984
train,2011-560,1,65,12,1.0,0.3164407004355909
train,2011-560,1,65,13,1.0,0.9361907490978314
train,2011-560,1,65,14,0.0,0.18177940604704199
train,2011-560,1,65,15,0.0,0.3551133498253457
train,2011-560,1,65,16,0.0,0.39736156452792504
train,2011-560,1,65,17,0.0,0.09858353533536364
train,2011-560,1,65,18,1.0,0.8229839329343522
train,2011-560,1,65,19,1.0,0.6914896676220317
train,2011-560,1,65,20,0.0,0.05129986984080664
train,2011-560,1,65,21,1.0,0.7490753955570488
train,2011-560,1,65,22,1.0,0.6300017128724416
train,2011-560,1,65,23,1.0,0.6344368266962349
train,2011-560,1,65,24,0.0,0.6365811457386437
train,2011-560,1,65,25,0.0,0.3894409733043365
train,2011-560,1,65,26,1.0,0.6261759525813557
train,2011-560,1,65,27,0.0,0.5520853325426837
train,2011-560,1,65,28,1.0,0.5344607353221227
train,2011-560,1,65,29,1.0,0.9852758387610785
train,2011-560,1,65,30,1.0,0.3543664517280501
train,2011-560,1,65,31,1.0,0.857821271524836
train,2011-560,1,65,32,1.0,0.2975586204811419
train,2011-560,1,65,33,0.0,0.10874700826774818
train,2011-560,1,65,34,1.0,0.3139129718013272
train,2011-560,1,65,35,1.0,0.7701122434232057
train,2011-560,1,65,36,1.0,0.8649353994427013
train,2011-560,1,65,37,0.0,0.27230385490090475
train,2011-560,1,65,38,0.0,0.36745550760665724
train,2011-560,1,65,39,0.0,0.6159773455980136
train,2011-560,1,65,40,0.0,0.6939410809887767
train,2011-560,1,65,41,0.0,0.44335794281185903
train,2011-560,1,65,42,1.0,0.7347147566057449
train,2011-560,1,65,43,1.0,0.6793081085920558
train,2011-560,1,65,44,1.0,0.2533570572214549
train,2011-560,1,65,45,0.0,0.17228017287177627
train,2011-560,1,65,46,1.0,0.8393342781581218
train,2011-560,1,65,47,0.0,0.12185789201810317
train,2011-560,1,65,48,1.0,0.3567836630053075
train,2011-560,1,65,49,1.0,0.4529724752973472
train,2011-560,1,65,50,0.0,0.1922268145740499
train,2011-560,1,65,51,1.0,0.6357024512879148
train,2011-560,1,65,52,0.0,0.4095344082664089
train,2011-560,1,65,53,1.0,0.8934294973981644
train,2011-560,1,65,54,0.0,0.3543694441814603
train,2011-560,1,65,55,0.0,0.3076204675388495
train,2011-560,1,65,56,0.0,0.18736994706838975
train,2011-560,1,65,57,1.0,0.8499630834461239
train,2011-560,1,65,58,1.0,0.5570466612974433
train,2011-560,1,65,59,0.0,0.4977560083559475
train,2011-560,1,65,60,1.0,0.7388940431011185
train,2011-560,1,65,61,0.0,0.16832089190484548
train,2011-560,1,65,62,0.0,0.4641197093004059
train,2011-560,1,65,63,0.0,0.5722723143432414
train,2011-560,2,66,0,0.0,0.08832306701363125
train,2011-560,2,66,1,0.0,0.30239340296272976
train,2011-560,2,66,2,1.0,0.18569474460268756
train,2011-560,2,66,3,1.0,0.6749255383394598
train,2011-560,2,66,4,0.0,0.24886260149071113
train,2011-560,2,66,5,1.0,0.6022990359676736
train,2011-560,2,66,6,1.0,0.8162973362669061
train,2011-560,2,66,7,0.0,0.26970155317670874
train,2011-560,2,66,8,0.0,0.15813746460712216
train,2011-560,2,66,9,0.0,0.6313036938682509
train,2011-560,2,66,10,1.0,0.7758919110592537
train,2011-560,2,66,11,0.0,0.11031880917405695
train,2011-560,2,66,12,0.0,0.19668672488799485
train,2011-560,2,66,13,0.0,0.2923926533367027
train,2011-560,2,66,14,0.0,0.457420270881396
train,2011-560,2,66,15,1.0,0.763153834046202
train,2011-560,2,66,16,0.0,0.09835156268046101
train,2011-560,2,66,17,1.0,0.4762150996088352
train,2011-560,2,66,18,0.0,0.5027778222678078
train,2011-560,2,66,19,0.0,0.3801508260182242
train,2011-560,2,66,20,1.0,0.9361713665804384
train,2011-560,2,66,21,0.0,0.798102532675569
train,2011-560,2,66,22,0.0,0.38006376729782476
train,2011-560,2,66,23,0.0,0.7381903601651668
train,2011-560,2,66,24,0.0,0.16645035003612002
train,2011-560,2,66,25,0.0,0.6969026904927278
train,2011-560,2,66,26,0.0,0.26977771960004016
train,2011-560,2,66,27,0.0,0.30704966457917793
train,2011-560,2,66,28,0.0,0.08639138684272395
train,2011-560,2,66,29,1.0,0.3942177927555872
train,2011-560,2,66,30,1.0,0.9687140159859158
train,2011-560,2,66,31,1.0,0.9699370802176922
train,2011-560,3,67,0,0.0,0.6534204102021502
train,2011-560,3,67,1,0.0,0.054006557053341286
train,2011-560,3,67,2,0.0,0.06119826976279148
train,2011-560,3,67,3,0.0,0.4674509413202746
train,2011-560,3,67,4,0.0,0.3343180022943683
train,2011-560,3,67,5,1.0,0.8059629281666635
train,2011-560,3,67,6,0.0,0.1718820700938545
train,2011-560,3,67,7,1.0,0.33857987010408697
train,2011-560,3,67,8,0.0,0.4739654732363336
train,2011-560,3,67,9,1.0,0.726542234588862
train,2011-560,3,67,10,1.0,0.6947153582426946
train,2011-560,3,67,11,1.0,0.6017961612079856
train,2011-560,3,67,12,0.0,0.13398756668899914
train,2011-560,3,67,13,0.0,0.5385829849660297
train,2011-560,3,67,14,0.0,0.6949812176659849
train,2011-560,3,67,15,1.0,0.37420927662122466
train,2011-560,4,68,0,1.0,0.26182341600061754
train,2011-560,4,68,1,0.0,0.10991720247519615
train,2011-560,4,68,2,0.0,0.6314569750774955
train,2011-560,4,68,3,0.0,0.5695548791894415
train,2011-560,4,68,4,0.0,0.1010537832802803
train,2011-560,4,68,5,0.0,0.21586028706918656
train,2011-560,4,68,6,1.0,0.9530976905867568
train,2011-560,4,68,7,1.0,0.9509654070146845
train,2011-560,5,69,0,1.0,0.9020023508644978
train,2011-560,5,69,1,1.0,0.8227629451961364
train,2011-560,5,69,2,0.0,0.21903220959749495
train,2011-560,5,69,3,0.0,0.09359882219710962
train,2011-560,6,70,0,1.0,0.7857669020067832
train,2011-560,6,70,1,0.0,0.24606368163312317
train,2011-560,7,71,0,0.0,0.3848344895853535
train,2011-580,1,0,0,0.0,0.02457300674217175
train,2011-580,1,0,1,1.0,0.6436566354328879
train,2011-580,1,0,2,1.0,0.8195955000891085
train,2011-580,1,0,3,1.0,0.7071075872806245
train,2011-580,1,0,4,1.0,0.4554093985986811
train,2011-580,1,0,5,0.0,0.08105687445374705
train,2011-580,1,0,6,0.0,0.283003606005494
train,2011-580,1,0,7,1.0,0.5594734279618836
train,2011-580,1,0,8,0.0,0.3129633400139618
train,2011-580,1,0,9,0.0,0.6258064523284009
train,2011-580,1,0,10,0.0,0.2373785732980024
train,2011-580,1,0,11,1.0,0.35387694073175513
train,2011-580,1,0,12,0.0,0.37993464014687484
train,2011-580,1,0,13,1.0,0.9273720365523006
train,2011-580,1,0,14,0.0,0.16918383041424653
train,2011-580,1,0,15,0.0,0.3338163223952062
train,2011-580,1,0,16,0.0,0.30337693918872494
train,2011-580,1,0,17,1.0,0.760402324781558
train,2011-580,1,0,18,0.0,0.21425515478648363
train,2011-580,1,0,19,0.0,0.550020754647157
train,2011-580,1,0,20,1.0,0.29020598783336937
train,2011-580,1,0,21,1.0,0.5090179905851258
train,2011-580,1,0,22,1.0,0.7711918397551466
train,2011-580,1,0,23,0.0,0.4446141724414488
train,2011-580,1,0,24,1.0,0.7914891174261977
train,2011-580,1,0,25,1.0,0.6698490144181213
train,2011-580,1,0,26,1.0,0.6650748126616064
train,2011-580,1,0,27,0.0,0.802142172155767
train,2011-580,1,0,28,0.0,0.6582783747069786
train,2011-580,1,0,29,0.0,0.023148662625497064
train,2011-580,1,0,30,0.0,0.5541441969777824
train,2011-580,1,0,31,0.0,0.46815353577285024
train,2011-580,1,0,32,1.0,0.7971075649334961
train,2011-580,1,0,33,0.0,0.028245264393988653
train,2011-580,1,0,34,0.0,0.3672840059746519
train,2011-580,1,0,35,1.0,0.7582564658497173
train,2011-580,1,0,36,0.0,0.7817428888428636
train,2011-580,1,0,37,0.0,0.22966491084029111
train,2011-580,1,0,38,1.0,0.8004316066181556
train,2011-580,1,0,39,0.0,0.19657282733579776
train,2011-580,1,0,40,1.0,0.41876778453635183
train,2011-580,1,0,41,0.0,0.6413540184070191
train,2011-580,1,0,42,1.0,0.8786676992528571
train,2011-580,1,0,43,0.0,0.20604978821554124
train,2011-580,1,0,44,1.0,0.6550258001687446
train,2011-580,1,0,45,1.0,0.6599993593245506
train,2011-580,1,0,46,1.0,0.9147009758640702
train,2011-580,1,0,47,1.0,0.9523525220377008
train,2011-580,1,0,48,1.0,0.7970017612191708
train,2011-580,1,0,49,1.0,0.53166011271851
train,2011-580,1,0,50,1.0,0.9099754097244092
train,2011-580,1,0,51,1.0,0.276194810705784
train,2011-580,1,0,52,1.0,0.8447252224178996
train,2011-580,1,0,53,1.0,0.37286114075695587
train,2011-580,1,0,54,0.0,0.7812044639264963
train,2011-580,1,0,55,1.0,0.396548531156811
train,2011-580,1,0,56,0.0,0.16963037571113235
train,2011-580,1,0,57,0.0,0.1779436047300906
train,2011-580,1,0,58,1.0,0.7591136704574103
train,2011-580,1,0,59,0.0,0.3110057966801776
train,2011-580,1,0,60,1.0,0.4178816323087507
train,2011-580,1,0,61,0.0,0.27248470324052765
train,2011-580,1,0,62,0.0,0.3877873711345355
train,2011-580,1,0,63,1.0,0.6520177255310803
train,2011-580,2,1,0,1.0,0.7361600725219462
train,2011-580,2,1,1,1.0,0.6652531578084876
train,2011-580,2,1,2,1.0,0.4116976740657444
train,2011-580,2,1,3,0.0,0.35160284493645616
train,2011-580,2,1,4,0.0,0.29648504913577955
train,2011-580,2,1,5,1.0,0.25937929594915
train,2011-580,2,1,6,1.0,0.9107030088469737
train,2011-580,2,1,7,0.0,0.8054194601845509
train,2011-580,2,1,8,1.0,0.8800456865007376
train,2011-580,2,1,9,0.0,0.10041600588845358
train,2011-580,2,1,10,1.0,0.8242743635227954
train,2011-580,2,1,11,1.0,0.7067667621276343
train,2011-580,2,1,12,0.0,0.042446627104491604
train,2011-580,2,1,13,0.0,0.3764203882900739
train,2011-580,2,1,14,1.0,0.6899542754392229
train,2011-580,2,1,15,1.0,0.6869587086219588
train,2011-580,2,1,16,1.0,0.5784938565279863
train,2011-580,2,1,17,0.0,0.11687766328351505
train,2011-580,2,1,18,1.0,0.6936281329529339
train,2011-580,2,1,19,1.0,0.4928084251151783
train,2011-580,2,1,20,1.0,0.27321345188533575
train,2011-580,2,1,21,0.0,0.15070153677948844
train,2011-580,2,1,22,0.0,0.8345876698927244
train,2011-580,2,1,23,1.0,0.1486388384790097
train,2011-580,2,1,24,0.0,0.16671076735470788
train,2011-580,2,1,25,1.0,0.36057447558484945
train,2011-580,2,1,26,0.0,0.46078138401290986
train,2011-580,2,1,27,0.0,0.7128753017010011
train,2011-580,2,1,28,0.0,0.03941712308289703
train,2011-580,2,1,29,1.0,0.9457985274032865
train,2011-580,2,1,30,1.0,0.9678822738546263
train,2011-580,2,1,31,1.0,0.9290228587565346
train,2011-580,3,2,0,1.0,0.9191079043788054
train,2011-580,3,2,1,0.0,0.5129545393494163
train,2011-580,3,2,2,1.0,0.95658953238138
train,2011-580,3,2,3,1.0,0.5896068146255238
train,2011-580,3,2,4,0.0,0.5031704469817065
train,2011-580,3,2,5,1.0,0.9084991551476413
train,2011-580,3,2,6,0.0,0.45522866993545513
train,2011-580,3,2,7,1.0,0.8131803713754417
train,2011-580,3,2,8,1.0,0.628388064185222
train,2011-580,3,2,9,0.0,0.07844188139623276
train,2011-580,3,2,10,0.0,0.293732332790835
train,2011-580,3,2,11,1.0,0.264784993217753
train,2011-580,3,2,12,0.0,0.07226879236005808
train,2011-580,3,2,13,1.0,0.854974496221679
train,2011-580,3,2,14,0.0,0.7945104355653311
train,2011-580,3,2,15,1.0,0.9591457071091201
train,2011-580,4,3,0,1.0,0.9271241846296835
train,2011-580,4,3,1,1.0,0.4077419409682115
train,2011-580,4,3,2,1.0,0.8995575130996968
train,2011-580,4,3,3,1.0,0.5428370272561918
train,2011-580,4,3,4,0.0,0.12890158842711832
train,2011-580,4,3,5,0.0,0.8834887598069395
train,2011-580,4,3,6,0.0,0.14240320940828743
train,2011-580,4,3,7,1.0,0.9273137268464355
train,2011-580,5,4,0,0.0,0.13878595678376027
train,2011-580,5,4,1,0.0,0.19680592674813002
train,2011-580,5,4,2,0.0,0.06773176800465061
train,2011-580,5,4,3,0.0,0.8525571638438477
train,2011-580,6,5,0,1.0,0.32478879137698535
train,2011-580,6,5,1,1.0,0.8189917414839784
train,2011-580,7,6,0,1.0,0.3922552975987366
train,2012-1536,2,111,0,1.0,0.4274475397752276
train,2012-1536,2,111,1,1.0,0.4482213165681043
train,2012-1536,2,111,2,1.0,0.7897607679513018
train,2012-1536,2,111,3,0.0,0.4687129900931257
train,2012-1536,2,111,4,0.0,0.16836360824609212
train,2012-1536,2,111,5,1.0,0.48563453888934816
train,2012-1536,2,111,6,1.0,0.31199103610292084
train,2012-1536,2,111,7,1.0,0.7638736028536507
train,2012-1536,2,111,8,0.0,0.4973277847850888
train,2012-1536,2,111,9,1.0,0.762757117313239
train,2012-1536,2,111,10,0.0,0.4559609030560699
train,2012-1536,2,111,11,1.0,0.4336263527285321
train,2012-1536,2,111,12,1.0,0.46109197220978054
train,2012-1536,2,111,13,1.0,0.6819446287139685
train,2012-1536,2,111,14,0.0,0.381815837796615
train,2012-1536,2,111,15,1.0,0.6390603331553032
train,2012-1536,2,111,16,1.0,0.4747869748239802
train,2012-1536,2,111,17,0.0,0.30118526793083483
train,2012-1536,2,111,18,1.0,0.5416085731440149
train,2012-1536,2,111,19,0.0,0.5370944257096482
train,2012-1536,2,111,20,1.0,0.47969395916419194
train,2012-1536,2,111,21,1.0,0.6835392357107659
train,2012-1536,2,111,22,0.0,0.17898555699732294
train,2012-1536,2,111,23,1.0,0.6318633852983234
train,2012-1536,3,112,0,1.0,0.9513764893876662
train,2012-1536,3,112,1,1.0,0.6980250721984684
train,2012-1536,3,112,2,0.0,0.28821003487564395
train,2012-1536,3,112,3,0.0,0.2134299512390127
train,2012-1536,3,112,4,0.0,0.19527365827188564
train,2012-1536,3,112,5,1.0,0.3600613915267506
train,2012-1536,3,112,6,0.0,0.13698608439830268
train,2012-1536,3,112,7,1.0,0.802607380638381
train,2012-1536,3,112,8,1.0,0.7768652508976975
train,2012-1536,3,112,9,0.0,0.3225962457661333
train,2012-1536,3,112,10,0.0,0.43249430606720085
train,2012-1536,3,112,11,0.0,0.08187581829164181
train,2012-1536,3,112,12,1.0,0.7903448577424519
train,2012-1536,3,112,13,0.0,0.238946521177356
train,2012-1536,3,112,14,0.0,0.0261854352773316
train,2012-1536,3,112,15,1.0,0.7027232802860374
train,2012-1536,4,113,0,0.0,0.09279470751286027
train,2012-1536,4,113,1,0.0,0.7133379911353952
train,2012-1536,4,113,2,0.0,0.39693750698312485
train,2012-1536,4,113,3,1.0,0.7873147877518033
train,2012-1536,4,113,4,1.0,0.2826397359602487
train,2012-1536,4,113,5,0.0,0.25450755952554255
train,2012-1536,4,113,6,0.0,0.9358807100776151
train,2012-1536,4,113,7,0.0,0.10951467210291789
train,2012-1536,5,114,0,0.0,0.25150682958323256
train,2012-1536,5,114,1,0.0,0.925786207010701
train,2012-1536,5,114,2,0.0,0.18327735917897664
train,2012-1536,5,114,3,0.0,0.2928775794422019
train,2012-1536,6,115,0,0.0,0.12610633163434004
train,2012-1536,6,115,1,0.0,0.5529292104015348
train,2012-1536,7,116,0,0.0,0.21096406751740518
train,2012-352,2,162,0,1.0,0.5336340481940479
train,2012-352,2,162,1,1.0,0.43762316842174837
train,2012-352,2,162,2,0.0,0.41687464341157693
train,2012-352,2,162,3,0.0,0.405999176578158
train,2012-352,2,162,4,1.0,0.6568091364181743
train,2012-352,2,162,5,1.0,0.18611726863388053
train,2012-352,2,162,6,1.0,0.45830362241099654
train,2012-352,2,162,7,1.0,0.2319768860400082
train,2012-352,2,162,8,1.0,0.35146698233960183
train,2012-352,2,162,9,0.0,0.5994337680298668
train,2012-352,2,162,10,0.0,0.4971355700581787
train,2012-352,2,162,11,1.0,0.3477934868479076
train,2012-352,2,162,12,0.0,0.5469845396489273
train,2012-352,2,162,13,1.0,0.618874948620877
train,2012-352,2,162,14,1.0,0.6341053208010039
train,2012-352,2,162,15,1.0,0.42814488690125496
train,2012-352,3,163,0,0.0,0.39459367699964326
train,2012-352,3,163,1,1.0,0.3160002339952734
train,2012-352,3,163,2,0.0,0.20102772683022777
train,2012-352,3,163,3,0.0,0.18429825135158226
train,2012-352,3,163,4,0.0,0.24182805351931116
train,2012-352,3,163,5,0.0,0.1835854580075599
train,2012-352,3,163,6,0.0,0.27061254423734876
train,2012-352,3,163,7,1.0,0.8337765771034473
train,2012-352,3,163,8,1.0,0.0721526958812458
train,2012-352,3,163,9,1.0,0.17742204617671234
train,2012-352,3,163,10,0.0,0.3786048537059021
train,2012-352,3,163,11,1.0,0.9096558742515795
train,2012-352,3,163,12,0.0,0.1786175315345232
train,2012-352,3,163,13,1.0,0.681756188527989
train,2012-352,3,163,14,1.0,0.7696356586659204
train,2012-352,3,163,15,0.0,0.7761040143916028
train,2012-352,4,164,0,0.0,0.17278590534486027
train,2012-352,4,164,1,0.0,0.5236917701190795
train,2012-352,4,164,2,1.0,0.09000490342944055
train,2012-352,4,164,3,0.0,0.318423882009895
train,2012-352,4,164,4,0.0,0.3395112272330617
train,2012-352,4,164,5,1.0,0.2016346763118894
train,2012-352,4,164,6,0.0,0.573947027436685
train,2012-352,4,164,7,0.0,0.36596732778304125
train,2012-352,5,165,0,1.0,0.3302665200691825
train,2012-352,5,165,1,0.0,0.7781731596104415
train,2012-352,5,165,2,1.0,0.2206963785157783
train,2012-352,5,165,3,1.0,0.6437911492436941
train,2012-352,6,166,0,0.0,0.6895279764974321
train,2012-352,6,166,1,0.0,0.17097984820610615
train,2012-352,7,167,0,0.0,0.16833421284626146
train,2012-403,1,98,0,1.0,0.20309746479340965
train,2012-403,1,98,1,0.0,0.21042038330617802
train,2012-403,1,98,2,0.0,0.44449305387472954
train,2012-403,1,98,3,1.0,0.4939257011686508
train,2012-403,1,98,4,0.0,0.47901644027375756
train,2012-403,1,98,5,0.0,0.6453098007067171
train,2012-403,1,98,6,1.0,0.34746357972435943
train,2012-403,1,98,7,0.0,0.673181282049006
train,2012-403,1,98,8,0.0,0.7424305260133286
train,2012-403,1,98,9,1.0,0.31339883369341803
train,2012-403,1,98,10,1.0,0.3602932962791388
train,2012-403,1,98,11,1.0,0.7264681285846141
train,2012-403,1,98,12,0.0,0.4536636572100364
train,2012-403,1,98,13,1.0,0.48905567678049694
train,2012-403,1,98,14,1.0,0.5695757007927335
train,2012-403,1,98,15,1.0,0.5830470130822707
train,2012-403,1,98,16,1.0,0.6359938856631963
train,2012-403,1,98,17,0.0,0.6033094199733807
train,2012-403,1,98,18,1.0,0.7764374275372768
train,2012-403,1,98,19,0.0,0.293747226922444
train,2012-403,1,98,20,1.0,0.5716751654145954
train,2012-403,1,98,21,0.0,0.451804846587754
train,2012-403,1,98,22,0.0,0.38615046359707733
train,2012-403,1,98,23,1.0,0.6555701982091111
train,2012-403,1,98,24,0.0,0.5681600386600921
train,2012-403,1,98,25,1.0,0.5794689695828081
train,2012-403,1,98,26,1.0,0.6824903462633178
train,2012-403,1,98,27,0.0,0.7789996587457284
train,2012-403,1,98,28,1.0,0.4151397086604128
train,2012-403,1,98,29,1.0,0.6199634159439048
train,2012-403,1,98,30,1.0,0.5881639219258409
train,2012-403,1,98,31,0.0,0.6763196522929575
train,2012-403,2,99,0,1.0,0.9159350960347595
train,2012-403,2,99,1,1.0,0.48748182370556864
train,2012-403,2,99,2,0.0,0.6463330899012758
train,2012-403,2,99,3,1.0,0.5470009426215119
train,2012-403,2,99,4,0.0,0.22288612287102996
train,2012-403,2,99,5,0.0,0.3597850575428086
train,2012-403,2,99,6,0.0,0.3146513057431184
train,2012-403,2,99,7,1.0,0.8415112599104766
train,2012-403,2,99,8,0.0,0.07387486237807299
train,2012-403,2,99,9,1.0,0.6998497050087739
train,2012-403,2,99,10,0.0,0.38515404070074133
train,2012-403,2,99,11,1.0,0.839359755155656
train,2012-403,2,99,12,0.0,0.1735628520802252
train,2012-403,2,99,13,0.0,0.300257240866856
train,2012-403,2,99,14,0.0,0.19935093818938954
train,2012-403,2,99,15,0.0,0.21714959062824282
train,2012-403,2,99,16,0.0,0.5959579259897473
train,2012-403,2,99,17,1.0,0.7853362944272454
train,2012-403,2,99,18,1.0,0.4869087962135469
train,2012-403,2,99,19,0.0,0.19638750755233988
train,2012-403,2,99,20,1.0,0.7288773212086723
train,2012-403,2,99,21,1.0,0.5989121899115539
train,2012-403,2,99,22,1.0,0.7871160764369357
train,2012-403,2,99,23,1.0,0.9541525360717956
train,2012-403,2,99,24,1.0,0.6452508923002211
train,2012-403,2,99,25,1.0,0.6250885622345164
train,2012-403,2,99,26,0.0,0.1947081597895205
train,2012-403,2,99,27,0.0,0.7471655810938899
train,2012-403,2,99,28,0.0,0.16704043055902779
train,2012-403,2,99,29,0.0,0.23412844699125318
train,2012-403,2,99,30,1.0,0.40405125411104553
train,2012-403,2,99,31,0.0,0.059025887129458984
train,2012-403,3,100,0,1.0,0.48239759956970507
train,2012-403,3,100,1,0.0,0.9164487310178944
train,2012-403,3,100,2,1.0,0.8469070875211089
train,2012-403,3,100,3,0.0,0.17533967432996714
train,2012-403,3,100,4,1.0,0.6202028247195813
train,2012-403,3,100,5,1.0,0.9501270450872795
train,2012-403,3,100,6,0.0,0.39397053192112347
train,2012-403,3,100,7,1.0,0.5977839091396439
train,2012-403,3,100,8,0.0,0.5964197254419332
train,2012-403,3,100,9,0.0,0.07159600133598217
train,2012-403,3,100,10,0.0,0.22538191354448886
train,2012-403,3,100,11,1.0,0.22739777327920746
train,2012-403,3,100,12,1.0,0.7453909958197237
train,2012-403,3,100,13,1.0,0.8932360064391573
train,2012-403,3,100,14,1.0,0.6952255512366962
train,2012-403,3,100,15,0.0,0.8246062085910821
train,2012-403,4,101,0,0.0,0.6369945571450233
train,2012-403,4,101,1,1.0,0.9022097758163202
train,2012-403,4,101,2,1.0,0.7477931491460654
train,2012-403,4,101,3,1.0,0.838919502485838
train,2012-403,4,101,4,1.0,0.6388688352002927
train,2012-403,4,101,5,0.0,0.6939322013634819
train,2012-403,4,101,6,1.0,0.6090574812695281
train,2012-403,4,101,7,1.0,0.9280286113898472
train,2012-403,5,102,0,0.0,0.19220129199143288
train,2012-403,5,102,1,1.0,0.8561430730266626
train,2012-403,5,102,2,0.0,0.5635769604876488
train,2012-403,5,102,3,0.0,0.18556181334653507
train,2012-403,6,103,0,0.0,0.6210537563178531
train,2012-403,6,103,1,0.0,0.0823821862236143
train,2012-403,7,104,0,1.0,0.7371450715229528
train,2012-404,1,91,0,1.0,0.7362795090406721
train,2012-404,1,91,1,1.0,0.6824935642038724
train,2012-404,1,91,2,0.0,0.46218321583182703
train,2012-404,1,91,3,1.0,0.6503971589606172
train,2012-404,1,91,4,1.0,0.4155147909706171
train,2012-404,1,91,5,1.0,0.4780457243448803
train,2012-404,1,91,6,1.0,0.6077104990432393
train,2012-404,1,91,7,0.0,0.28332371068946777
train,2012-404,1,91,8,0.0,0.4202774075684029
train,2012-404,1,91,9,0.0,0.3348780395910527
train,2012-404,1,91,10,0.0,0.2564452191705921
train,2012-404,1,91,11,1.0,0.4981963283309999
train,2012-404,1,91,12,1.0,0.606979865280279
train,2012-404,1,91,13,1.0,0.43968220726028157
train,2012-404,1,91,14,1.0,0.38272053596522554
train,2012-404,1,91,15,1.0,0.7044944329193333
train,2012-404,1,91,16,0.0,0.3230994842883708
train,2012-404,1,91,17,1.0,0.586409710518403
train,2012-404,1,91,18,1.0,0.4526310646952167
train,2012-404,1,91,19,1.0,0.8360863487172451
train,2012-404,1,91,20,0.0,0.38452676393075536
train,2012-404,1,91,21,1.0,0.5594301378272932
train,2012-404,1,91,22,1.0,0.60056008845514
train,2012-404,1,91,23,1.0,0.6168028514522157
train,2012-404,1,91,24,1.0,0.3712166223749812
train,2012-404,1,91,25,0.0,0.3170180311557375
train,2012-404,1,91,26,1.0,0.28628305951000244
train,2012-404,1,91,27,1.0,0.49252847091683494
train,2012-404,1,91,28,0.0,0.3726191158308896
train,2012-404,1,91,29,0.0,0.4619356554175792
train,2012-404,1,91,30,0.0,0.6123091759159209
train,2012-404,1,91,31,1.0,0.3525219238483881
train,2012-404,2,92,0,0.0,0.20488165560529878
train,2012-404,2,92,1,1.0,0.9158986753938497
train,2012-404,2,92,2,0.0,0.5462446126253878
train,2012-404,2,92,3,1.0,0.19915428392742038
train,2012-404,2,92,4,1.0,0.6846646064545115
train,2012-404,2,92,5,1.0,0.6147659326007943
train,2012-404,2,92,6,0.0,0.42793568621689626
train,2012-404,2,92,7,1.0,0.7707921319066094
train,2012-404,2,92,8,0.0,0.034328900525901755
train,2012-404,2,92,9,0.0,0.31855601038821113
train,2012-404,2,92,10,0.0,0.4608514598166588
train,2012-404,2,92,11,0.0,0.27546819137425865
train,2012-404,2,92,12,0.0,0.16224244472556174
train,2012-404,2,92,13,0.0,0.3111403775148578
train,2012-404,2,92,14,0.0,0.5401379679209162
train,2012-404,2,92,15,0.0,0.1304579682725333
train,2012-404,2,92,16,1.0,0.5753882063180171
train,2012-404,2,92,17,1.0,0.6265975849571505
train,2012-404,2,92,18,0.0,0.4704456862698435
train,2012-404,2,92,19,1.0,0.7896583105062884
train,2012-404,2,92,20,0.0,0.273384556891643
train,2012-404,2,92,21,1.0,0.7892550685986263
train,2012-404,2,92,22,1.0,0.4075127335581018
train,2012-404,2,92,23,0.0,0.9160109527302928
train,2012-404,2,92,24,1.0,0.7734577308452627
train,2012-404,2,92,25,1.0,0.37768747977989947
train,2012-404,2,92,26,1.0,0.6820126849778119
train,2012-404,2,92,27,1.0,0.80245654957861
train,2012-404,2,92,28,0.0,0.7082157564979223
train,2012-404,2,92,29,0.0,0.7041275897487734
train,2012-404,2,92,30,1.0,0.9427012606338631
train,2012-404,2,92,31,0.0,0.6337418445864267
train,2012-404,3,93,0,0.0,0.6014952695481126
train,2012-404,3,93,1,1.0,0.42176037927555815
train,2012-404,3,93,2,0.0,0.32711537856925393
train,2012-404,3,93,3,0.0,0.4025956869817016
train,2012-404,3,93,4,1.0,0.5100554849443352
train,2012-404,3,93,5,0.0,0.0850777526348973
train,2012-404,3,93,6,1.0,0.7156813557348686
train,2012-404,3,93,7,1.0,0.485570170718931
train,2012-404,3,93,8,0.0,0.3019003266793431
train,2012-404,3,93,9,1.0,0.901969570107937
train,2012-404,3,93,10,0.0,0.3229930036902912
train,2012-404,3,93,11,1.0,0.49342265224736087
train,2012-404,3,93,12,0.0,0.22165661830898628
train,2012-404,3,93,13,1.0,0.9244095128668433
train,2012-404,3,93,14,1.0,0.5610583917499179
train,2012-404,3,93,15,1.0,0.10899141666983357
train,2012-404,4,94,0,1.0,0.8294767909022815
train,2012-404,4,94,1,0.0,0.7254429594824492
train,2012-404,4,94,2,0.0,0.07612462992011075
train,2012-404,4,94,3,1.0,0.8237040292289415
train,2012-404,4,94,4,1.0,0.6916007792010914
train,2012-404,4,94,5,0.0,0.3654037126740926
train,2012-404,4,94,6,0.0,0.7335473708213546
train,2012-404,4,94,7,1.0,0.9319485180639913
train,2012-404,5,95,0,0.0,0.13559374805100116
train,2012-404,5,95,1,1.0,0.8278542044861804
train,2012-404,5,95,2,0.0,0.2833837191640176
train,2012-404,5,95,3,1.0,0.8861479428613623
train,2012-404,6,96,0,0.0,0.3017690748121176
train,2012-404,6,96,1,1.0,0.17430023543308917
train,2012-404,7,97,0,1.0,0.8318885663939357
train,2012-410,2,105,0,1.0,0.5751948033223813
train,2012-410,2,105,1,1.0,0.4504176989245077
train,2012-410,2,105,2,1.0,0.6496004344764761
train,2012-410,2,105,3,0.0,0.603182446274462
train,2012-410,2,105,4,1.0,0.546794574763487
train,2012-410,2,105,5,0.0,0.24704974158719764
train,2012-410,2,105,6,0.0,0.4034335456643813
train,2012-410,2,105,7,1.0,0.6196480441178577
train,2012-410,2,105,8,0.0,0.3803449157100927
train,2012-410,2,105,9,1.0,0.6414889960937937
train,2012-410,2,105,10,0.0,0.32163556373269153
train,2012-410,2,105,11,0.0,0.7838261438477682
train,2012-410,2,105,12,0.0,0.5210460118727768
train,2012-410,2,105,13,0.0,0.6375923143626817
train,2012-410,2,105,14,0.0,0.6166752046446197
train,2012-410,2,105,15,1.0,0.3574217719913416
train,2012-410,2,105,16,1.0,0.543721456163963
train,2012-410,2,105,17,1.0,0.6191186758187393
train,2012-410,2,105,18,1.0,0.4700671318526855
train,2012-410,2,105,19,1.0,0.7983245162407693
train,2012-410,2,105,20,1.0,0.3325902973786126
train,2012-410,2,105,21,0.0,0.27291115295909507
train,2012-410,2,105,22,1.0,0.8481810099561253
train,2012-410,2,105,23,1.0,0.7117343651616582
train,2012-410,3,106,0,0.0,0.03728095301339592
train,2012-410,3,106,1,1.0,0.7628798399381014
train,2012-410,3,106,2,0.0,0.408944944148689
train,2012-410,3,106,3,1.0,0.6636629564843649
train,2012-410,3,106,4,1.0,0.8119431927100196
train,2012-410,3,106,5,0.0,0.5082193431534145
train,2012-410,3,106,6,0.0,0.2506867169966676
train,2012-410,3,106,7,1.0,0.7946913345026808
train,2012-410,3,106,8,0.0,0.30236802929000856
train,2012-410,3,106,9,1.0,0.7311831409935493
train,2012-410,3,106,10,0.0,0.14812421354192587
train,2012-410,3,106,11,1.0,0.17737218809209493
train,2012-410,3,106,12,1.0,0.6749737062503783
train,2012-410,3,106,13,1.0,0.6728712072869155
train,2012-410,3,106,14,1.0,0.4431508709961209
train,2012-410,3,106,15,1.0,0.9572876486337961
train,2012-410,4,107,0,0.0,0.06094262055833645
train,2012-410,4,107,1,1.0,0.3396903918376129
train,2012-410,4,107,2,1.0,0.754466169480383
train,2012-410,4,107,3,0.0,0.43052682732584013
train,2012-410,4,107,4,1.0,0.7813192477948081
train,2012-410,4,107,5,1.0,0.36438855557118205
train,2012-410,4,107,6,0.0,0.04891356549222735
train,2012-410,4,107,7,1.0,0.8655478250786508
train,2012-410,5,108,0,0.0,0.04382097424905522
train,2012-410,5,108,1,0.0,0.6797369739464177
train,2012-410,5,108,2,1.0,0.28788973007864144
train,2012-410,5,108,3,1.0,0.9147055390170336
train,2012-410,6,109,0,0.0,0.12846706232611385
train,2012-410,6,109,1,1.0,0.8878074557480476
train,2012-410,7,110,0,1.0,0.4337499786026457
train,2012-416,2,117,0,0.0,0.5067897884853833
train,2012-416,2,117,1,0.0,0.4723893577096312
train,2012-416,2,117,2,1.0,0.8060770723997874
train,2012-416,2,117,3,0.0,0.14149655201043607
train,2012-416,2,117,4,1.0,0.34965458267801575
train,2012-416,2,117,5,1.0,0.7052454208817587
train,2012-416,2,117,6,0.0,0.6462182688308236
train,2012-416,2,117,7,0.0,0.25717239688961824
train,2012-416,2,117,8,1.0,0.5805814151846136
train,2012-416,2,117,9,1.0,0.6139840531191546
train,2012-416,2,117,10,0.0,0.26158560000029674
train,2012-416,2,117,11,0.0,0.3842502181995421
train,2012-416,2,117,12,0.0,0.4170115824097212
train,2012-416,2,117,13,1.0,0.4701783704325905
train,2012-416,2,117,14,1.0,0.37548915721922455
train,2012-416,2,117,15,0.0,0.6107195316244176
train,2012-416,2,117,16,1.0,0.41805951669434094
train,2012-416,2,117,17,1.0,0.6916389930475011
train,2012-416,2,117,18,1.0,0.6224216943189921
train,2012-416,2,117,19,1.0,0.6329643994151309
train,2012-416,2,117,20,0.0,0.746053242932715
train,2012-416,2,117,21,1.0,0.6114502349987804
train,2012-416,2,117,22,1.0,0.8798494722380691
train,2012-416,2,117,23,0.0,0.4678891782661242
train,2012-416,3,118,0,1.0,0.953824314712351
train,2012-416,3,118,1,1.0,0.49055766700391973
train,2012-416,3,118,2,0.0,0.2321403709952051
train,2012-416,3,118,3,1.0,0.8721966593460035
train,2012-416,3,118,4,1.0,0.8121695901439272
train,2012-416,3,118,5,0.0,0.3240206651260868
train,2012-416,3,118,6,1.0,0.7837471240739536
train,2012-416,3,118,7,1.0,0.5712517819044864
train,2012-416,3,118,8,1.0,0.34346753633979255
train,2012-416,3,118,9,0.0,0.7140485825380417
train,2012-416,3,118,10,0.0,0.2102801271661588
train,2012-416,3,118,11,1.0,0.9454137208326031
train,2012-416,3,118,12,1.0,0.7639738464955531
train,2012-416,3,118,13,0.0,0.36106186784918065
train,2012-416,3,118,14,0.0,0.15685885623119566
train,2012-416,3,118,15,0.0,0.05080681680576837
train,2012-416,4,119,0,1.0,0.9211002563294436
train,2012-416,4,119,1,1.0,0.9423101402487789
train,2012-416,4,119,2,1.0,0.2642784395296561
train,2012-416,4,119,3,0.0,0.5383043202887706
train,2012-416,4,119,4,0.0,0.7539842930899622
train,2012-416,4,119,5,1.0,0.6834305652277922
train,2012-416,4,119,6,1.0,0.9531476772329814
train,2012-416,4,119,7,1.0,0.395978720769555
train,2012-416,5,120,0,1.0,0.8402807011335388
train,2012-416,5,120,1,1.0,0.6808199841185092
train,2012-416,5,120,2,0.0,0.16315982850342128
train,2012-416,5,120,3,0.0,0.07353335659665208
train,2012-416,6,121,0,1.0,0.5448740373066967
train,2012-416,6,121,1,1.0,0.8715179474815165
train,2012-416,7,122,0,0.0,0.43713659630960805
train,2012-421,2,137,0,1.0,0.6159312194358995
train,2012-421,2,137,1,0.0,0.32256636629419455
train,2012-421,2,137,2,0.0,0.49179161199348065
train,2012-421,2,137,3,1.0,0.4007116926817788
train,2012-421,2,137,4,1.0,0.4094443955641005
train,2012-421,2,137,5,0.0,0.45610265442881875
train,2012-421,2,137,6,1.0,0.6408453818273749
train,2012-421,2,137,7,1.0,0.5996553335734598
train,2012-421,2,137,8,1.0,0.2448388530229094
train,2012-421,2,137,9,1.0,0.6082979769816362
train,2012-421,2,137,10,1.0,0.58131989241877
train,2012-421,2,137,11,1.0,0.573630928226707
train,2012-421,2,137,12,0.0,0.4107392120093819
train,2012-421,2,137,13,0.0,0.35456169072068294
train,2012-421,2,137,14,0.0,0.3996314978558644
train,2012-421,2,137,15,1.0,0.8242168096120449
train,2012-421,3,138,0,1.0,0.9031817007376939
train,2012-421,3,138,1,1.0,0.48142152064306143
train,2012-421,3,138,2,0.0,0.3015810818486091
train,2012-421,3,138,3,0.0,0.24944298270313206
train,2012-421,3,138,4,0.0,0.23524509423032217
train,2012-421,3,138,5,1.0,0.6451523226479638
train,2012-421,3,138,6,0.0,0.2607218330666007
train,2012-421,3,138,7,0.0,0.20121072917245067
train,2012-421,3,138,8,0.0,0.4407179760942576
train,2012-421,3,138,9,1.0,0.6158479195458354
train,2012-421,3,138,10,0.0,0.05967075372718909
train,2012-421,3,138,11,1.0,0.45095066764351543
train,2012-421,3,138,12,0.0,0.7280288924691724
train,2012-421,3,138,13,1.0,0.26371718609598405
train,2012-421,3,138,14,1.0,0.14681559957022774
train,2012-421,3,138,15,0.0,0.5884667269573628
train,2012-421,4,139,0,0.0,0.5537942502103151
train,2012-421,4,139,1,1.0,0.9274875279218994
train,2012-421,4,139,2,0.0,0.39631378043370763
train,2012-421,4,139,3,1.0,0.6189842924812644
train,2012-421,4,139,4,1.0,0.34927775762645885
train,2012-421,4,139,5,0.0,0.43756133443065204
train,2012-421,4,139,6,1.0,0.18426136755340375
train,2012-421,4,139,7,0.0,0.43073370104301234
train,2012-421,5,140,0,0.0,0.3571094726919353
train,2012-421,5,140,1,0.0,0.07831190652107095
train,2012-421,5,140,2,1.0,0.6881207023795937
train,2012-421,5,140,3,1.0,0.5074354772677147
train,2012-421,6,141,0,0.0,0.12562291815684198
train,2012-421,6,141,1,1.0,0.5731555592922615
train,2012-421,7,142,0,1.0,0.8636711021326404
train,2012-422,2,143,0,0.0,0.4634095711640212
train,2012-422,2,143,1,0.0,0.5228228888820149
train,2012-422,2,143,2,0.0,0.23774180783008791
train,2012-422,2,143,3,0.0,0.5814177809294586
train,2012-422,2,143,4,1.0,0.667937345397731
train,2012-422,2,143,5,1.0,0.767266493250845
train,2012-422,2,143,6,1.0,0.3580803419330329
train,2012-422,2,143,7,1.0,0.491324731261968
train,2012-422,2,143,8,1.0,0.6419279026934901
train,2012-422,2,143,9,1.0,0.2836260231876188
train,2012-422,2,143,10,0.0,0.5714390475436424
train,2012-422,2,143,11,1.0,0.5374210931889536
train,2012-422,2,143,12,1.0,0.24481897926112287
train,2012-422,2,143,13,1.0,0.6421948361621588
train,2012-422,2,143,14,0.0,0.713478087560673
train,2012-422,2,143,15,0.0,0.40545226021113834
train,2012-422,2,143,16,1.0,0.599054993286853
train,2012-422,2,143,17,0.0,0.5823857063770467
train,2012-422,2,143,18,1.0,0.4436240271771667
train,2012-422,2,143,19,1.0,0.6647794982221045
train,2012-422,2,143,20,0.0,0.4159909552281517
train,2012-422,2,143,21,0.0,0.6259124419309133
train,2012-422,2,143,22,0.0,0.6865378935616665
train,2012-422,2,143,23,1.0,0.6753323304514821
train,2012-422,3,144,0,1.0,0.935420872947725
train,2012-422,3,144,1,0.0,0.5479132262858748
train,2012-422,3,144,2,1.0,0.7301589293085438
train,2012-422,3,144,3,0.0,0.7478021974021476
train,2012-422,3,144,4,1.0,0.7923358265733381
train,2012-422,3,144,5,1.0,0.5325216741115889
train,2012-422,3,144,6,0.0,0.33221439670162006
train,2012-422,3,144,7,1.0,0.6725314348273794
train,2012-422,3,144,8,1.0,0.8245352880503941
train,2012-422,3,144,9,0.0,0.5720982412720452
train,2012-422,3,144,10,0.0,0.3080815543806733
train,2012-422,3,144,11,0.0,0.682806598747598
train,2012-422,3,144,12,1.0,0.4120280226628917
train,2012-422,3,144,13,0.0,0.1897860973762795
train,2012-422,3,144,14,0.0,0.5061684575690266
train,2012-422,3,144,15,1.0,0.9434008694402477
train,2012-422,4,145,0,0.0,0.07415476369544022
train,2012-422,4,145,1,0.0,0.3082802390458625
train,2012-422,4,145,2,1.0,0.27413492112490334
train,2012-422,4,145,3,0.0,0.2937334702745884
train,2012-422,4,145,4,1.0,0.1572671745893201
train,2012-422,4,145,5,1.0,0.6613374081500176
train,2012-422,4,145,6,1.0,0.9336292514550653
train,2012-422,4,145,7,0.0,0.33859171430145
train,2012-422,5,146,0,0.0,0.1652956518896337
train,2012-422,5,146,1,0.0,0.3636502123227134
train,2012-422,5,146,2,1.0,0.7479196759329072
train,2012-422,5,146,3,0.0,0.08596990406644704
train,2012-422,6,147,0,1.0,0.8662053842168534
train,2012-422,6,147,1,0.0,0.14183998836836664
train,2012-422,7,148,0,0.0,0.5830063991576935
train,2012-5014,2,156,0,1.0,0.7387734306146885
train,2012-5014,2,156,1,1.0,0.5742705647875445
train,2012-5014,2,156,2,1.0,0.8157054922367224
train,2012-5014,2,156,3,1.0,0.4431493382484559
train,2012-5014,2,156,4,1.0,0.8307024443133417
train,2012-5014,2,156,5,0.0,0.4703906775657919
train,2012-5014,2,156,6,0.0,0.5573985089477436
train,2012-5014,2,156,7,0.0,0.3050879201682776
train,2012-5014,2,156,8,0.0,0.20423820959309752
train,2012-5014,2,156,9,1.0,0.6431337827418822
train,2012-5014,2,156,10,0.0,0.3874626675097345
train,2012-5014,2,156,11,1.0,0.7494248449718907
train,2012-5014,2,156,12,1.0,0.5473368661597687
train,2012-5014,2,156,13,0.0,0.5683397945609356
train,2012-5014,2,156,14,0.0,0.6052998997248739
train,2012-5014,2,156,15,0.0,0.3375449512416512
train,2012-5014,2,156,16,0.0,0.6703571174374637
train,2012-5014,2,156,17,1.0,0.6034305914518675
train,2012-5014,2,156,18,0.0,0.472055440664808
train,2012-5014,2,156,19,0.0,0.29146217096677807
train,2012-5014,2,156,20,1.0,0.8683164978850919
train,2012-5014,2,156,21,0.0,0.11112969365537614
train,2012-5014,2,156,22,0.0,0.18508941366362922
train,2012-5014,2,156,23,1.0,0.5385194883831586
train,2012-5014,3,157,0,0.0,0.6346101273129344
train,2012-5014,3,157,1,1.0,0.6446011570737404
train,2012-5014,3,157,2,1.0,0.6680047737349617
train,2012-5014,3,157,3,0.0,0.21875767993375309
train,2012-5014,3,157,4,0.0,0.641094049400983
train,2012-5014,3,157,5,0.0,0.635873803551066
train,2012-5014,3,157,6,0.0,0.21838633879306157
train,2012-5014,3,157,7,1.0,0.6394662931835199
train,2012-5014,3,157,8,0.0,0.7272719114778142
train,2012-5014,3,157,9,0.0,0.0726054546373007
train,2012-5014,3,157,10,1.0,0.41576858600928135
train,2012-5014,3,157,11,1.0,0.8170797015528919
train,2012-5014,3,157,12,0.0,0.3950323355159188
train,2012-5014,3,157,13,0.0,0.2376776408774805
train,2012-5014,3,157,14,1.0,0.7300579982930125
train,2012-5014,3,157,15,0.0,0.08032821964743878
train,2012-5014,4,158,0,0.0,0.1927095509263774
train,2012-5014,4,158,1,1.0,0.9071423053127957
train,2012-5014,4,158,2,1.0,0.7931242980015965
train,2012-5014,4,158,3,1.0,0.4672460467179064
train,2012-5014,4,158,4,0.0,0.298967918168469
train,2012-5014,4,158,5,0.0,0.2535681457109282
train,2012-5014,4,158,6,0.0,0.4176356305963402
train,2012-5014,4,158,7,1.0,0.3269038446200228
train,2012-5014,5,159,0,1.0,0.829107925293937
train,2012-5014,5,159,1,1.0,0.7741485826935242
train,2012-5014,5,159,2,1.0,0.6372201802482702
train,2012-5014,5,159,3,1.0,0.8733423668143095
train,2012-5014,6,160,0,1.0,0.271693990104079
train,2012-5014,6,160,1,1.0,0.7614227921208733
train,2012-5014,7,161,0,1.0,0.7345120996204525
train,2012-520,1,123,0,1.0,0.8999254199830526
train,2012-520,1,123,1,1.0,0.6377131687013322
train,2012-520,1,123,2,1.0,0.7707654713168323
train,2012-520,1,123,3,0.0,0.22454479736174324
train,2012-520,1,123,4,1.0,0.5276289719571142
train,2012-520,1,123,5,0.0,0.1363953135901402
train,2012-520,1,123,6,1.0,0.29926072868829007
train,2012-520,1,123,7,0.0,0.2881817627799058
train,2012-520,1,123,8,0.0,0.4873726223203736
train,2012-520,1,123,9,1.0,0.2585957922117623
train,2012-520,1,123,10,0.0,0.6092836382446654
train,2012-520,1,123,11,0.0,0.6157624777408652
train,2012-520,1,123,12,1.0,0.14313316808211435
train,2012-520,1,123,13,1.0,0.9626534758668022
train,2012-520,1,123,14,1.0,0.926804788987993
train,2012-520,1,123,15,0.0,0.23265241415486695
train,2012-520,1,123,16,0.0,0.4129294453548902
train,2012-520,1,123,17,1.0,0.46997567753127556
train,2012-520,1,123,18,0.0,0.12322128492559536
train,2012-520,1,123,19,0.0,0.019219358857587004
train,2012-520,1,123,20,1.0,0.2653907908521623
train,2012-520,1,123,21,1.0,0.8092859726770235
train,2012-520,1,123,22,0.0,0.21199541650334897
train,2012-520,1,123,23,0.0,0.364091112896272
train,2012-520,1,123,24,1.0,0.5278121310698076
train,2012-520,1,123,25,0.0,0.4459637153263834
train,2012-520,1,123,26,1.0,0.3257047440351367
train,2012-520,1,123,27,0.0,0.4790462109291384
train,2012-520,1,123,28,1.0,0.35643234555045616
train,2012-520,1,123,29,1.0,0.9665978687823763
train,2012-520,1,123,30,1.0,0.697909881591703
train,2012-520,1,123,31,1.0,0.6796970977843473
train,2012-520,1,123,32,0.0,0.4123173321567414
train,2012-520,1,123,33,1.0,0.9255998924441874
train,2012-520,1,123,34,1.0,0.3990488460481506
train,2012-520,1,123,35,0.0,0.6073052137299397
train,2012-520,1,123,36,0.0,0.3581107086141445
train,2012-520,1,123,37,0.0,0.26195497544505464
train,2012-520,1,123,38,0.0,0.6228804842800348
train,2012-520,1,123,39,0.0,0.6598313253031428
train,2012-520,1,123,40,0.0,0.14789543639274735
train,2012-520,1,123,41,1.0,0.5549656131109947
train,2012-520,1,123,42,0.0,0.5252691902144131
train,2012-520,1,123,43,1.0,0.7053356342684554
train,2012-520,1,123,44,1.0,0.7701827949599019
train,2012-520,1,123,45,1.0,0.5964686805241618
train,2012-520,1,123,46,0.0,0.5714995556773494
train,2012-520,1,123,47,1.0,0.7097725994407124
train,2012-520,1,123,48,0.0,0.17368969293740344
train,2012-520,1,123,49,0.0,0.5879309021726351
train,2012-520,1,123,50,0.0,0.11630651673615389
train,2012-520,1,123,51,1.0,0.9293020694824449
train,2012-520,1,123,52,1.0,0.3408798124036645
train,2012-520,1,123,53,0.0,0.3963137599365288
train,2012-520,1,123,54,0.0,0.22789771665707076
train,2012-520,1,123,55,0.0,0.7011430132794189
train,2012-520,1,123,56,0.0,0.28060268252086285
train,2012-520,1,123,57,0.0,0.1453511920711609
train,2012-520,1,123,58,1.0,0.26308429661520194
train,2012-520,1,123,59,0.0,0.5273134657088697
train,2012-520,1,123,60,0.0,0.42200129634105443
train,2012-520,1,123,61,0.0,0.30601223056395915
train,2012-520,1,123,62,1.0,0.5208345642045814
train,2012-520,1,123,63,1.0,0.6663590999886754
train,2012-520,2,124,0,1.0,0.23397125651753625
train,2012-520,2,124,1,1.0,0.4794226178554526
train,2012-520,2,124,2,1.0,0.7272042740527077
train,2012-520,2,124,3,0.0,0.548417326871335
train,2012-520,2,124,4,0.0,0.24352986113002187
train,2012-520,2,124,5,0.0,0.20929656881485134
train,2012-520,2,124,6,1.0,0.27753544838563604
train,2012-520,2,124,7,1.0,0.7475025211662956
train,2012-520,2,124,8,1.0,0.7041806324606794
train,2012-520,2,124,9,1.0,0.7722217962626784
train,2012-520,2,124,10,1.0,0.8877068805540593
train,2012-520,2,124,11,0.0,0.46825771233853014
train,2012-520,2,124,12,1.0,0.6422792977307333
train,2012-520,2,124,13,1.0,0.8605599333847325
train,2012-520,2,124,14,0.0,0.26467895515340933
train,2012-520,2,124,15,1.0,0.5583672048016306
train,2012-520,2,124,16,1.0,0.9000555852807874
train,2012-520,2,124,17,0.0,0.2630568586516138
train,2012-520,2,124,18,0.0,0.5400675367166636
train,2012-520,2,124,19,0.0,0.24733707290708987
train,2012-520,2,124,20,0.0,0.03187980654260534
train,2012-520,2,124,21,1.0,0.901805984991139
train,2012-520,2,124,22,1.0,0.43944487103774044
train,2012-520,2,124,23,1.0,0.7854312564447621
train,2012-520,2,124,24,0.0,0.1292859726401154
train,2012-520,2,124,25,0.0,0.21887630118426812
train,2012-520,2,124,26,0.0,0.3523128845039008
train,2012-520,2,124,27,0.0,0.10192918517316513
train,2012-520,2,124,28,1.0,0.3024042829269362
train,2012-520,2,124,29,0.0,0.36542820138732235
train,2012-520,2,124,30,1.0,0.9665578814669579
train,2012-520,2,124,31,1.0,0.9679767589610166
train,2012-520,3,125,0,0.0,0.6525013640672338
train,2012-520,3,125,1,1.0,0.9648459114124922
train,2012-520,3,125,2,1.0,0.9730996872520332
train,2012-520,3,125,3,1.0,0.6094091353499455
train,2012-520,3,125,4,0.0,0.18108227200823485
train,2012-520,3,125,5,0.0,0.3653116710067116
train,2012-520,3,125,6,0.0,0.15874761601046436
train,2012-520,3,125,7,1.0,0.7413287744583347
train,2012-520,3,125,8,1.0,0.628277290639062
train,2012-520,3,125,9,0.0,0.20616481396238412
train,2012-520,3,125,10,1.0,0.8442474602014317
train,2012-520,3,125,11,1.0,0.7552644532955008
train,2012-520,3,125,12,0.0,0.06527018125691843
train,2012-520,3,125,13,1.0,0.8049015858010726
train,2012-520,3,125,14,0.0,0.587170877809945
train,2012-520,3,125,15,0.0,0.6252513782015969
train,2012-520,4,126,0,1.0,0.9361327626571373
train,2012-520,4,126,1,1.0,0.6174241820411722
train,2012-520,4,126,2,1.0,0.7142329694807962
train,2012-520,4,126,3,0.0,0.18831688395418003
train,2012-520,4,126,4,0.0,0.5968521092121616
train,2012-520,4,126,5,0.0,0.05805114629751614
train,2012-520,4,126,6,0.0,0.35726352187031696
train,2012-520,4,126,7,1.0,0.9317839113275133
train,2012-520,5,127,0,1.0,0.9087961674547058
train,2012-520,5,127,1,0.0,0.5080307759593009
train,2012-520,5,127,2,1.0,0.8040886206782526
train,2012-520,5,127,3,0.0,0.1561916601825681
train,2012-520,6,128,0,0.0,0.12550366699615426
train,2012-520,6,128,1,0.0,0.3945065004577821
train,2012-520,7,129,0,0.0,0.3412369598932201
train,2012-540,1,130,0,0.0,0.040276256263810956
train,2012-540,1,130,1,0.0,0.35241209847706434
train,2012-540,1,130,2,0.0,0.6342203374562623
train,2012-540,1,130,3,1.0,0.6656344061172459
train,2012-540,1,130,4,0.0,0.3023798966933311
train,2012-540,1,130,5,1.0,0.2703607004624526
train,2012-540,1,130,6,1.0,0.7772375129092075
train,2012-540,1,130,7,0.0,0.3092406130318238
train,2012-540,1,130,8,1.0,0.6040362445515975
train,2012-540,1,130,9,1.0,0.8185522101827406
train,2012-540,1,130,10,0.0,0.31215176211096296
train,2012-540,1,130,11,0.0,0.4282649291630527
train,2012-540,1,130,12,1.0,0.4837660742858708
train,2012-540,1,130,13,1.0,0.9426313612467623
train,2012-540,1,130,14,1.0,0.10430466228843607
train,2012-540,1,130,15,0.0,0.280330077543522
train,2012-540,1,130,16,1.0,0.39743177136574254
train,2012-540,1,130,17,1.0,0.6890152168344367
train,2012-540,1,130,18,1.0,0.8081208258606941
train,2012-540,1,130,19,0.0,0.701997712774903
train,2012-540,1,130,20,1.0,0.45186721775092287
train,2012-540,1,130,21,1.0,0.8013189828947724
train,2012-540,1,130,22,1.0,0.7421550641561292
train,2012-540,1,130,23,0.0,0.4012441324294739
train,2012-540,1,130,24,0.0,0.6788764375411598
train,2012-540,1,130,25,0.0,0.4614726800437859
train,2012-540,1,130,26,0.0,0.45860269417042265
train,2012-540,1,130,27,0.0,0.4516380971052847
train,2012-540,1,130,28,1.0,0.9508217519641151
train,2012-540,1,130,29,0.0,0.6021945623820224
train,2012-540,1,130,30,1.0,0.6141309301240276
train,2012-540,1,130,31,1.0,0.5550085874366083
train,2012-540,1,130,32,1.0,0.48836721490053203
train,2012-540,1,130,33,1.0,0.6033994079231829
train,2012-540,1,130,34,1.0,0.5603547991974722
train,2012-540,1,130,35,0.0,0.39167811915922585
train,2012-540,1,130,36,1.0,0.6963370175643371
train,2012-540,1,130,37,1.0,0.6096398746344749
train,2012-540,1,130,38,1.0,0.34306475693852173
train,2012-540,1,130,39,1.0,0.8359782077217387
train,2012-540,1,130,40,1.0,0.254952921688119
train,2012-540,1,130,41,1.0,0.45159697723024395
train,2012-540,1,130,42,1.0,0.3257061865653729
train,2012-540,1,130,43,1.0,0.2784441518812543
train,2012-540,1,130,44,0.0,0.37560627610418124
train,2012-540,1,130,45,0.0,0.3191578495496918
train,2012-540,1,130,46,0.0,0.15257554004437518
train,2012-540,1,130,47,1.0,0.8569517671429513
train,2012-540,1,130,48,0.0,0.6457261910790756
train,2012-540,1,130,49,1.0,0.6495371710917819
train,2012-540,1,130,50,1.0,0.5361648642731326
train,2012-540,1,130,51,0.0,0.44868243422510334
train,2012-540,1,130,52,0.0,0.5237287314378831
train,2012-540,1,130,53,1.0,0.8427903165309086
train,2012-540,1,130,54,1.0,0.6767429282463059
train,2012-540,1,130,55,1.0,0.6161369876161459
train,2012-540,1,130,56,1.0,0.9139230939957682
train,2012-540,1,130,57,0.0,0.1972601074777531
train,2012-540,1,130,58,1.0,0.7150313719564755
train,2012-540,1,130,59,1.0,0.7483216799221191
train,2012-540,1,130,60,1.0,0.7280241426677875
train,2012-540,1,130,61,1.0,0.5136022131004802
train,2012-540,1,130,62,0.0,0.35556027063446877
train,2012-540,1,130,63,1.0,0.3324199888669502
train,2012-540,2,131,0,0.0,0.24037064271074476
train,2012-540,2,131,1,1.0,0.8931217872290631
train,2012-540,2,131,2,1.0,0.5456846896055914
train,2012-540,2,131,3,0.0,0.6269975862705068
train,2012-540,2,131,4,0.0,0.4664437327871165
train,2012-540,2,131,5,1.0,0.40017176185292797
train,2012-540,2,131,6,0.0,0.18254402107013426
train,2012-540,2,131,7,1.0,0.6212953839269958
train,2012-540,2,131,8,0.0,0.23798885829531516
train,2012-540,2,131,9,1.0,0.6056172092614733
train,2012-540,2,131,10,1.0,0.8673809470178954
train,2012-540,2,131,11,0.0,0.105656216087499
train,2012-540,2,131,12,0.0,0.2053813986577658
train,2012-540,2,131,13,0.0,0.2541736307200391
train,2012-540,2,131,14,1.0,0.5790585250108853
train,2012-540,2,131,15,0.0,0.5863979082549001
train,2012-540,2,131,16,0.0,0.7604365376119876
train,2012-540,2,131,17,1.0,0.23275198784634532
train,2012-540,2,131,18,1.0,0.7431756191880706
train,2012-540,2,131,19,1.0,0.9218914057672182
train,2012-540,2,131,20,1.0,0.42632776544667195
train,2012-540,2,131,21,0.0,0.38592258127083434
train,2012-540,2,131,22,0.0,0.14760526932543142
train,2012-540,2,131,23,0.0,0.15768329055709512
train,2012-540,2,131,24,0.0,0.2468353831253908
train,2012-540,2,131,25,1.0,0.7193737850292102
train,2012-540,2,131,26,1.0,0.5983230053176304
train,2012-540,2,131,27,1.0,0.7890408001843465
train,2012-540,2,131,28,0.0,0.2883977176489922
train,2012-540,2,131,29,0.0,0.060650187319670985
train,2012-540,2,131,30,1.0,0.02935681904898846
train,2012-540,2,131,31,1.0,0.8145546698476399
train,2012-540,3,132,0,0.0,0.6785461890041649
train,2012-540,3,132,1,1.0,0.9397682169213265
train,2012-540,3,132,2,1.0,0.6916179800202842
train,2012-540,3,132,3,1.0,0.6735677397000345
train,2012-540,3,132,4,0.0,0.30246243364897085
train,2012-540,3,132,5,0.0,0.15574867954325908
train,2012-540,3,132,6,0.0,0.17405594030368501
train,2012-540,3,132,7,0.0,0.3817898870831444
train,2012-540,3,132,8,1.0,0.7005278653098199
train,2012-540,3,132,9,1.0,0.7660931875794805
train,2012-540,3,132,10,0.0,0.6302869501833229
train,2012-540,3,132,11,0.0,0.45241466397904284
train,2012-540,3,132,12,0.0,0.09457291136319274
train,2012-540,3,132,13,0.0,0.29263417078424137
train,2012-540,3,132,14,1.0,0.5023511622095429
train,2012-540,3,132,15,1.0,0.35280346080336195
train,2012-540,4,133,0,0.0,0.4107024689599155
train,2012-540,4,133,1,0.0,0.2620081368459277
train,2012-540,4,133,2,0.0,0.19748585572508512
train,2012-540,4,133,3,1.0,0.5503419123713393
train,2012-540,4,133,4,1.0,0.6438686589259068
train,2012-540,4,133,5,0.0,0.07961167429709987
train,2012-540,4,133,6,1.0,0.2802031376380526
train,2012-540,4,133,7,0.0,0.06759752784207687
train,2012-540,5,134,0,0.0,0.2500054823700241
train,2012-540,5,134,1,0.0,0.46183147213176534
train,2012-540,5,134,2,1.0,0.8947078288764135
train,2012-540,5,134,3,0.0,0.07031532912861255
train,2012-540,6,135,0,0.0,0.4228868830642018
train,2012-540,6,135,1,1.0,0.3795670250301198
train,2012-540,7,136,0,0.0,0.24497998596613274
train,2012-560,1,149,0,1.0,0.9743236125995336
train,2012-560,1,149,1,0.0,0.5815523636877229
train,2012-560,1,149,2,1.0,0.8458531085215774
train,2012-560,1,149,3,1.0,0.5446419039559489
train,2012-560,1,149,4,1.0,0.5831823777471106
train,2012-560,1,149,5,1.0,0.8092742304224244
train,2012-560,1,149,6,1.0,0.6949711562966276
train,2012-560,1,149,7,1.0,0.49503702264044086
train,2012-560,1,149,8,0.0,0.4435786449268461
train,2012-560,1,149,9,0.0,0.678725508890344
train,2012-560,1,149,10,1.0,0.7746754571033182
train,2012-560,1,149,11,1.0,0.5214673559305505
train,2012-560,1,149,12,1.0,0.46578152763768454
train,2012-560,1,149,13,0.0,0.2733774545458111
train,2012-560,1,149,14,1.0,0.8736903480537328
train,2012-560,1,149,15,1.0,0.7539856915518431
train,2012-560,1,149,16,1.0,0.8429912042738564
train,2012-560,1,149,17,1.0,0.6417925121507272
train,2012-560,1,149,18,1.0,0.18729800273995417
train,2012-560,1,149,19,1.0,0.5177465415105841
train,2012-560,1,149,20,1.0,0.4271586426434021
train,2012-560,1,149,21,0.0,0.36327165689413815
train,2012-560,1,149,22,1.0,0.8388665640890106
train,2012-560,1,149,23,0.0,0.7901769170615115
train,2012-560,1,149,24,1.0,0.8336575211531072
train,2012-560,1,149,25,0.0,0.08047534727649285
train,2012-560,1,149,26,0.0,0.1477666708321687
train,2012-560,1,149,27,1.0,0.60982747897038
train,2012-560,1,149,28,0.0,0.3843604815386318
train,2012-560,1,149,29,1.0,0.9633507241592321
train,2012-560,1,149,30,1.0,0.33621679320422165
train,2012-560,1,149,31,1.0,0.7081070185032717
train,2012-560,1,149,32,0.0,0.8087695680232724
train,2012-560,1,149,33,0.0,0.08710631300937034
train,2012-560,1,149,34,1.0,0.2944847941162398
train,2012-560,1,149,35,0.0,0.2873249881531536
train,2012-560,1,149,36,0.0,0.208507979389794
train,2012-560,1,149,37,0.0,0.4742500613679421
train,2012-560,1,149,38,1.0,0.8477419710752152
train,2012-560,1,149,39,1.0,0.6950268486629008
train,2012-560,1,149,40,0.0,0.6719396491594245
train,2012-560,1,149,41,1.0,0.69584111999753
train,2012-560,1,149,42,1.0,0.858326684181251
train,2012-560,1,149,43,0.0,0.6100706699799396
train,2012-560,1,149,44,0.0,0.6402681695973182
train,2012-560,1,149,45,1.0,0.6355751844880166
train,2012-560,1,149,46,0.0,0.13052216349578227
train,2012-560,1,149,47,0.0,0.18922141468859913
train,2012-560,1,149,48,0.0,0.3783059237789404
train,2012-560,1,149,49,0.0,0.6787065903631808
train,2012-560,1,149,50,0.0,0.27516445612256296
train,2012-560,1,149,51,0.0,0.6511988695595369
train,2012-560,1,149,52,1.0,0.2296428023355018
train,2012-560,1,149,53,0.0,0.31882147105895736
train,2012-560,1,149,54,0.0,0.5475615718388462
train,2012-560,1,149,55,1.0,0.30835494073050324
train,2012-560,1,149,56,0.0,0.2533728318868988
train,2012-560,1,149,57,0.0,0.1716760960342821
train,2012-560,1,149,58,0.0,0.7847628132366514
train,2012-560,1,149,59,0.0,0.40910770455213735
train,2012-560,1,149,60,1.0,0.2885303875042988
train,2012-560,1,149,61,1.0,0.2950237832976054
train,2012-560,1,149,62,0.0,0.38872852270592906
train,2012-560,1,149,63,0.0,0.13635925711365607
train,2012-560,2,150,0,1.0,0.751910984962367
train,2012-560,2,150,1,1.0,0.806106319118413
train,2012-560,2,150,2,1.0,0.8887027008651432
train,2012-560,2,150,3,0.0,0.5988551475534212
train,2012-560,2,150,4,0.0,0.4591256653679776
train,2012-560,2,150,5,1.0,0.4379711700595109
train,2012-560,2,150,6,1.0,0.7753685285662927
train,2012-560,2,150,7,1.0,0.3598974694395654
train,2012-560,2,150,8,1.0,0.6401624749602437
train,2012-560,2,150,9,0.0,0.5333229891263936
train,2012-560,2,150,10,1.0,0.5018035746188884
train,2012-560,2,150,11,0.0,0.09826411637851219
train,2012-560,2,150,12,1.0,0.7535130034981176
train,2012-560,2,150,13,0.0,0.607708810633534
train,2012-560,2,150,14,1.0,0.6234849298457487
train,2012-560,2,150,15,1.0,0.8330451400594162
train,2012-560,2,150,16,0.0,0.16068071074332213
train,2012-560,2,150,17,1.0,0.735612159434953
train,2012-560,2,150,18,1.0,0.3676338677165625
train,2012-560,2,150,19,0.0,0.5227949873458119
train,2012-560,2,150,20,0.0,0.13068063429008822
train,2012-560,2,150,21,1.0,0.9085131889872285
train,2012-560,2,150,22,1.0,0.7963010839759995
train,2012-560,2,150,23,1.0,0.8366731067332656
train,2012-560,2,150,24,0.0,0.20566759562845588
train,2012-560,2,150,25,0.0,0.13658017517269022
train,2012-560,2,150,26,1.0,0.7527738303577158
train,2012-560,2,150,27,1.0,0.7423084208794047
train,2012-560,2,150,28,0.0,0.8777449187831565
train,2012-560,2,150,29,0.0,0.19659577606562276
train,2012-560,2,150,30,1.0,0.9666937074625984
train,2012-560,2,150,31,1.0,0.9790448432048938
train,2012-560,3,151,0,1.0,0.8465353569245561
train,2012-560,3,151,1,0.0,0.09470145891605705
train,2012-560,3,151,2,1.0,0.9371941652920429
train,2012-560,3,151,3,1.0,0.7032441756797745
train,2012-560,3,151,4,1.0,0.6938979430991258
train,2012-560,3,151,5,1.0,0.8462397623330166
train,2012-560,3,151,6,1.0,0.87783954309226
train,2012-560,3,151,7,0.0,0.1599249764229146
train,2012-560,3,151,8,1.0,0.2826835118632209
train,2012-560,3,151,9,1.0,0.5246333673969462
train,2012-560,3,151,10,1.0,0.7099242919987366
train,2012-560,3,151,11,0.0,0.147598198314413
train,2012-560,3,151,12,1.0,0.7556191277802101
train,2012-560,3,151,13,0.0,0.14546276260514474
train,2012-560,3,151,14,1.0,0.6515509289150846
train,2012-560,3,151,15,1.0,0.36875937566906875
train,2012-560,4,152,0,0.0,0.11432898744201733
train,2012-560,4,152,1,1.0,0.6815100202593865
train,2012-560,4,152,2,0.0,0.4118308208325651
train,2012-560,4,152,3,0.0,0.3577654516273523
train,2012-560,4,152,4,0.0,0.25442986832721415
train,2012-560,4,152,5,0.0,0.25323999923133833
train,2012-560,4,152,6,0.0,0.3548223244628403
train,2012-560,4,152,7,1.0,0.8536517892037474
train,2012-560,5,153,0,0.0,0.13312369450088846
train,2012-560,5,153,1,1.0,0.6445409526750325
train,2012-560,5,153,2,1.0,0.7547889622326346
train,2012-560,5,153,3,1.0,0.16936664606476182
train,2012-560,6,154,0,0.0,0.15060069813412538
train,2012-560,6,154,1,1.0,0.571797267600147
train,2012-560,7,155,0,1.0,0.18157748034391227
train,2012-580,1,84,0,0.0,0.26435478395539436
train,2012-580,1,84,1,0.0,0.24542668765191777
train,2012-580,1,84,2,1.0,0.6771256583929577
train,2012-580,1,84,3,0.0,0.26166596730408237
train,2012-580,1,84,4,1.0,0.7506861045918034
train,2012-580,1,84,5,1.0,0.8874046594997858
train,2012-580,1,84,6,1.0,0.8361910057638202
train,2012-580,1,84,7,1.0,0.6153129022643706
train,2012-580,1,84,8,1.0,0.2963890019865552
train,2012-580,1,84,9,1.0,0.5083683739385397
train,2012-580,1,84,10,0.0,0.247192922181457
train,2012-580,1,84,11,1.0,0.5733188905270539
train,2012-580,1,84,12,1.0,0.3153057995745111
train,2012-580,1,84,13,1.0,0.9546320793678887
train,2012-580,1,84,14,0.0,0.05981044133651568
train,2012-580,1,84,15,0.0,0.3311888633134293
train,2012-580,1,84,16,0.0,0.36249055705730526
train,2012-580,1,84,17,0.0,0.39758054913181495
train,2012-580,1,84,18,0.0,0.26319304788217474
train,2012-580,1,84,19,0.0,0.6301139124403932
train,2012-580,1,84,20,1.0,0.9607295402874642
train,2012-580,1,84,21,0.0,0.14141969534700335
train,2012-580,1,84,22,1.0,0.8520218705232682
train,2012-580,1,84,23,0.0,0.25193693917202314
train,2012-580,1,84,24,1.0,0.7571638742841749
train,2012-580,1,84,25,1.0,0.681778060009759
train,2012-580,1,84,26,1.0,0.32305950038990466
train,2012-580,1,84,27,0.0,0.6865544744451494
train,2012-580,1,84,28,0.0,0.28943814840246945
train,2012-580,1,84,29,1.0,0.9771451241643341
train,2012-580,1,84,30,0.0,0.5990962781503353
train,2012-580,1,84,31,0.0,0.6655874849343877
train,2012-580,1,84,32,1.0,0.5000485464360217
train,2012-580,1,84,33,0.0,0.09100126679973615
train,2012-580,1,84,34,0.0,0.3742604242945935
train,2012-580,1,84,35,0.0,0.22979033514858865
train,2012-580,1,84,36,1.0,0.29266338585668084
train,2012-580,1,84,37,0.0,0.16677910925254616
train,2012-580,1,84,38,0.0,0.7763078617925584
train,2012-580,1,84,39,0.0,0.09518840406168355
train,2012-580,1,84,40,0.0,0.24872097182853478
train,2012-580,1,84,41,0.0,0.581330443334525
train,2012-580,1,84,42,0.0,0.5234166935622742
train,2012-580,1,84,43,1.0,0.8270157939020347
train,2012-580,1,84,44,1.0,0.8536221032918678
train,2012-580,1,84,45,0.0,0.3620502141577416
train,2012-580,1,84,46,0.0,0.411013274934632
train,2012-580,1,84,47,0.0,0.08685879807616093
train,2012-580,1,84,48,1.0,0.6902484923439314
train,2012-580,1,84,49,0.0,0.2586092175955843
train,2012-580,1,84,50,1.0,0.8894016907203585
train,2012-580,1,84,51,1.0,0.9783552788591572
train,2012-580,1,84,52,0.0,0.5832830305572536
train,2012-580,1,84,53,1.0,0.31731581632951006
train,2012-580,1,84,54,1.0,0.6445059611011087
train,2012-580,1,84,55,0.0,0.3522086140807294
train,2012-580,1,84,56,1.0,0.3890425627376199
train,2012-580,1,84,57,1.0,0.8218177235386274
train,2012-580,1,84,58,1.0,0.8705870167369175
train,2012-580,1,84,59,0.0,0.6505888864276794
train,2012-580,1,84,60,0.0,0.7469798037431262
train,2012-580,1,84,61,1.0,0.5184190713269841
train,2012-580,1,84,62,0.0,0.34846061181889987
train,2012-580,1,84,63,1.0,0.6396272811920773
train,2012-580,2,85,0,1.0,0.8318444224452951
train,2012-580,2,85,1,0.0,0.18407729162438027
train,2012-580,2,85,2,1.0,0.5541086677639753
train,2012-580,2,85,3,0.0,0.23570452613348009
train,2012-580,2,85,4,0.0,0.08603893768187672
train,2012-580,2,85,5,1.0,0.7069403335229135
train,2012-580,2,85,6,1.0,0.7646836081384011
train,2012-580,2,85,7,1.0,0.7237419519971404
train,2012-580,2,85,8,0.0,0.23865667221166878
train,2012-580,2,85,9,0.0,0.4233877275599849
train,2012-580,2,85,10,0.0,0.028296076148680793
train,2012-580,2,85,11,0.0,0.2440969362971953
train,2012-580,2,85,12,1.0,0.8598444710324031
train,2012-580,2,85,13,1.0,0.9190269813009332
train,2012-580,2,85,14,1.0,0.3643785152395353
train,2012-580,2,85,15,0.0,0.48747521586483833
train,2012-580,2,85,16,0.0,0.6711454148111099
train,2012-580,2,85,17,0.0,0.29415882051690767
train,2012-580,2,85,18,1.0,0.30182127078013415
train,2012-580,2,85,19,1.0,0.3728430173933991
train,2012-580,2,85,20,1.0,0.9675928146745925
train,2012-580,2,85,21,0.0,0.07921718370093751
train,2012-580,2,85,22,0.0,0.34945634985533375
train,2012-580,2,85,23,0.0,0.19554760119258713
train,2012-580,2,85,24,1.0,0.8480071653296578
train,2012-580,2,85,25,1.0,0.14463762042491005
train,2012-580,2,85,26,1.0,0.3927674235542695
train,2012-580,2,85,27,1.0,0.09426321669154547
train,2012-580,2,85,28,0.0,0.7416420880842611
train,2012-580,2,85,29,0.0,0.3098217041104159
train,2012-580,2,85,30,0.0,0.09002865163815305
train,2012-580,2,85,31,1.0,0.9635489707027868
train,2012-580,3,86,0,1.0,0.7856034848587728
train,2012-580,3,86,1,0.0,0.03938792997588186
train,2012-580,3,86,2,0.0,0.052051668255004804
train,2012-580,3,86,3,1.0,0.4083692166262796
train,2012-580,3,86,4,0.0,0.6466220524639845
train,2012-580,3,86,5,0.0,0.07547838393648107
train,2012-580,3,86,6,0.0,0.6784692556442662
train,2012-580,3,86,7,1.0,0.7650118353317301
train,2012-580,3,86,8,1.0,0.6583580918767024
train,2012-580,3,86,9,1.0,0.9091718068682569
train,2012-580,3,86,10,1.0,0.461660994360046
train,2012-580,3,86,11,1.0,0.216377468415093
train,2012-580,3,86,12,0.0,0.07181579265822784
train,2012-580,3,86,13,1.0,0.8658269972542616
train,2012-580,3,86,14,1.0,0.37461598085906317
train,2012-580,3,86,15,1.0,0.41841281982071943
train,2012-580,4,87,0,0.0,0.1722834633248794
train,2012-580,4,87,1,0.0,0.20239353603946195
train,2012-580,4,87,2,1.0,0.9380569445888892
train,2012-580,4,87,3,0.0,0.2859273360744842
train,2012-580,4,87,4,0.0,0.8480039261762998
train,2012-580,4,87,5,1.0,0.9489102673747878
train,2012-580,4,87,6,0.0,0.2513325149738722
train,2012-580,4,87,7,0.0,0.03402649199221222
train,2012-580,5,88,0,0.0,0.3164240469676034
train,2012-580,5,88,1,1.0,0.8844350904664721
train,2012-580,5,88,2,0.0,0.08140677324443202
train,2012-580,5,88,3,1.0,0.8403812453910083
train,2012-580,6,89,0,0.0,0.7014066977805825
train,2012-580,6,89,1,1.0,0.6798466167451038
train,2012-580,7,90,0,1.0,0.7428639569014828
train,2013-1536,2,195,0,1.0,0.5157127796023707
train,2013-1536,2,195,1,0.0,0.39940006896330843
train,2013-1536,2,195,2,0.0,0.0777268838774463
train,2013-1536,2,195,3,0.0,0.3352691118040317
train,2013-1536,2,195,4,0.0,0.390564116555991
train,2013-1536,2,195,5,0.0,0.6433924933187902
train,2013-1536,2,195,6,0.0,0.33453404738417947
train,2013-1536,2,195,7,0.0,0.3269994906311664
train,2013-1536,2,195,8,0.0,0.24695791602277514
train,2013-1536,2,195,9,0.0,0.5817390220003112
train,2013-1536,2,195,10,1.0,0.7949384694494558
train,2013-1536,2,195,11,1.0,0.3198377319489536
train,2013-1536,2,195,12,0.0,0.2916933123563559
train,2013-1536,2,195,13,0.0,0.18187790176537427
train,2013-1536,2,195,14,1.0,0.8101816161753564
train,2013-1536,2,195,15,0.0,0.6152843287053363
train,2013-1536,2,195,16,1.0,0.45281432224139573
train,2013-1536,2,195,17,1.0,0.39761636996999844
train,2013-1536,2,195,18,0.0,0.42050933917791816
train,2013-1536,2,195,19,0.0,0.49887393287693654
train,2013-1536,2,195,20,1.0,0.45116468577485075
train,2013-1536,2,195,21,1.0,0.3975975941599202
train,2013-1536,2,195,22,0.0,0.4036221786641322
train,2013-1536,2,195,23,1.0,0.22547831236542978
train,2013-1536,3,196,0,0.0,0.11253803389168576
train,2013-1536,3,196,1,1.0,0.704025320023948
train,2013-1536,3,196,2,1.0,0.4301668290067758
train,2013-1536,3,196,3,0.0,0.8415913183356944
train,2013-1536,3,196,4,1.0,0.8781799962188696
train,2013-1536,3,196,5,1.0,0.29364161490019164
train,2013-1536,3,196,6,1.0,0.9292499976565037
train,2013-1536,3,196,7,1.0,0.8781405922413453
train,2013-1536,3,196,8,0.0,0.3449754259185495
train,2013-1536,3,196,9,1.0,0.7896892356085033
train,2013-1536,3,196,10,0.0,0.300051779578051
train,2013-1536,3,196,11,0.0,0.09413972201359656
train,2013-1536,3,196,12,1.0,0.33932868978714353
train,2013-1536,3,196,13,1.0,0.853682511722829
train,2013-1536,3,196,14,0.0,0.9368316160435755
train,2013-1536,3,196,15,0.0,0.123944892356794
train,2013-1536,4,197,0,1.0,0.7665097700778514
train,2013-1536,4,197,1,1.0,0.8202378779566958
train,2013-1536,4,197,2,1.0,0.7772745545505129
train,2013-1536,4,197,3,1.0,0.9170518041630543
train,2013-1536,4,197,4,1.0,0.7352184980884956
train,2013-1536,4,197,5,1.0,0.5410680630476984
train,2013-1536,4,197,6,1.0,0.18532948983065803
train,2013-1536,4,197,7,0.0,0.14868349658322857
train,2013-1536,5,198,0,0.0,0.5016845752416257
train,2013-1536,5,198,1,1.0,0.3092162126708262
train,2013-1536,5,198,2,1.0,0.7636131740350109
train,2013-1536,5,198,3,0.0,0.735780236338905
train,2013-1536,6,199,0,0.0,0.5749543676374604
train,2013-1536,6,199,1,1.0,0.9256248567308456
train,2013-1536,7,200,0,1.0,0.7938016824424347
train,2013-352,2,246,0,0.0,0.4543171865444574
train,2013-352,2,246,1,0.0,0.5240233619653274
train,2013-352,2,246,2,1.0,0.5739269714107171
train,2013-352,2,246,3,1.0,0.6387198647452492
train,2013-352,2,246,4,0.0,0.6497338475835661
train,2013-352,2,246,5,0.0,0.6854145231662551
train,2013-352,2,246,6,0.0,0.6607078785529189
train,2013-352,2,246,7,1.0,0.42528974707706696
train,2013-352,2,246,8,1.0,0.4941448057359977
train,2013-352,2,246,9,0.0,0.3449891066114184
train,2013-352,2,246,10,0.0,0.2764245311673979
train,2013-352,2,246,11,0.0,0.35985837877425314
train,2013-352,2,246,12,0.0,0.6748869286615694
train,2013-352,2,246,13,1.0,0.6874216560137527
train,2013-352,2,246,14,0.0,0.401487759802374
train,2013-352,2,246,15,0.0,0.8430046750296589
train,2013-352,3,247,0,0.0,0.03589623126676783
train,2013-352,3,247,1,0.0,0.19814555617851087
train,2013-352,3,247,2,0.0,0.43498680771349596
train,2013-352,3,247,3,1.0,0.3652437651332129
train,2013-352,3,247,4,1.0,0.7494980073810179
train,2013-352,3,247,5,0.0,0.3913807831058088
train,2013-352,3,247,6,1.0,0.7292457696922551
train,2013-352,3,247,7,0.0,0.16791822301757767
train,2013-352,3,247,8,1.0,0.8389730749840589
train,2013-352,3,247,9,0.0,0.3156292936089909
train,2013-352,3,247,10,1.0,0.8032164266259414
train,2013-352,3,247,11,1.0,0.8445767429193144
train,2013-352,3,247,12,0.0,0.6595998265333094
train,2013-352,3,247,13,1.0,0.6819061129072471
train,2013-352,3,247,14,0.0,0.046348549562406756
train,2013-352,3,247,15,1.0,0.630281653062819
train,2013-352,4,248,0,1.0,0.9432106459415025
train,2013-352,4,248,1,1.0,0.6038053225229857
train,2013-352,4,248,2,0.0,0.23084384898498764
train,2013-352,4,248,3,0.0,0.20010469196178135
train,2013-352,4,248,4,1.0,0.7723110755353475
train,2013-352,4,248,5,1.0,0.896114492660607
train,2013-352,4,248,6,1.0,0.6708094564964193
train,2013-352,4,248,7,0.0,0.3094770343605172
train,2013-352,5,249,0,1.0,0.9042125284586909
train,2013-352,5,249,1,1.0,0.45525924028427883
train,2013-352,5,249,2,0.0,0.31346618720327746
train,2013-352,5,249,3,0.0,0.14550295107104366
train,2013-352,6,250,0,1.0,0.12760801290307294
train,2013-352,6,250,1,1.0,0.7585344879529339
train,2013-352,7,251,0,1.0,0.8216888042068161
train,2013-403,1,182,0,0.0,0.42427122109966525
train,2013-403,1,182,1,1.0,0.19844139414931633
train,2013-403,1,182,2,1.0,0.47578761850512796
train,2013-403,1,182,3,0.0,0.2553190148544637
train,2013-403,1,182,4,1.0,0.5953858260963469
train,2013-403,1,182,5,0.0,0.5342271451922631
train,2013-403,1,182,6,1.0,0.6212740836544824
train,2013-403,1,182,7,1.0,0.45300045849122805
train,2013-403,1,182,8,0.0,0.2858411428383839
train,2013-403,1,182,9,1.0,0.5409772760017404
train,2013-403,1,182,10,0.0,0.3455586186634731
train,2013-403,1,182,11,0.0,0.5673990867645601
train,2013-403,1,182,12,1.0,0.3963051784829859
train,2013-403,1,182,13,1.0,0.3614539282986258
train,2013-403,1,182,14,1.0,0.5531132560039413
train,2013-403,1,182,15,1.0,0.667410374560838
train,2013-403,1,182,16,0.0,0.5823991807391158
train,2013-403,1,182,17,1.0,0.6537040987354271
train,2013-403,1,182,18,1.0,0.3828511859092674
train,2013-403,1,182,19,0.0,0.4857692769286448
train,2013-403,1,182,20,0.0,0.42296944007365456
train,2013-403,1,182,21,1.0,0.6259568135488873
train,2013-403,1,182,22,1.0,0.6824692930757753
train,2013-403,1,182,23,1.0,0.5713130729972989
train,2013-403,1,182,24,1.0,0.392336933995054
train,2013-403,1,182,25,1.0,0.7550704023298861
train,2013-403,1,182,26,0.0,0.6328886696577458
train,2013-403,1,182,27,1.0,0.5556864610955283
train,2013-403,1,182,28,0.0,0.6625155827996274
train,2013-403,1,182,29,0.0,0.337131063545161
train,2013-403,1,182,30,1.0,0.6876535969021331
train,2013-403,1,182,31,0.0,0.5684954269401647
train,2013-403,2,183,0,0.0,0.08588023897347913
train,2013-403,2,183,1,0.0,0.307289897508822
train,2013-403,2,183,2,0.0,0.7247923904485551
train,2013-403,2,183,3,1.0,0.3154844959551217
train,2013-403,2,183,4,0.0,0.23655763962313556
train,2013-403,2,183,5,1.0,0.41504328410876035
train,2013-403,2,183,6,0.0,0.40226294773929006
train,2013-403,2,183,7,1.0,0.8392144894224112
train,2013-403,2,183,8,1.0,0.9132450110090555
train,2013-403,2,183,9,1.0,0.3438960698183815
train,2013-403,2,183,10,0.0,0.2155552566769397
train,2013-403,2,183,11,1.0,0.8180296315375624
train,2013-403,2,183,12,1.0,0.3051428007976083
train,2013-403,2,183,13,1.0,0.7720621209427615
train,2013-403,2,183,14,1.0,0.8324626798373308
train,2013-403,2,183,15,0.0,0.8913804238320564
train,2013-403,2,183,16,0.0,0.1526699268540496
train,2013-403,2,183,17,0.0,0.5938475769288949
train,2013-403,2,183,18,1.0,0.6031335655199577
train,2013-403,2,183,19,1.0,0.49447127323853146
train,2013-403,2,183,20,0.0,0.23526157623919464
train,2013-403,2,183,21,1.0,0.3238726765046804
train,2013-403,2,183,22,1.0,0.2634877959861929
train,2013-403,2,183,23,0.0,0.05628540391876524
train,2013-403,2,183,24,1.0,0.858805845214391
train,2013-403,2,183,25,1.0,0.31522108278810707
train,2013-403,2,183,26,0.0,0.22581572868396568
train,2013-403,2,183,27,1.0,0.7334003216335402
train,2013-403,2,183,28,1.0,0.8012315287240427
train,2013-403,2,183,29,1.0,0.4728872443910017
train,2013-403,2,183,30,0.0,0.3737213751409808
train,2013-403,2,183,31,1.0,0.9695849500944401
train,2013-403,3,184,0,0.0,0.2939724107075878
train,2013-403,3,184,1,0.0,0.0889785746320446
train,2013-403,3,184,2,0.0,0.6339509783467351
train,2013-403,3,184,3,1.0,0.8423816196660198
train,2013-403,3,184,4,1.0,0.6381498436325389
train,2013-403,3,184,5,0.0,0.03316609059396331
train,2013-403,3,184,6,1.0,0.5015949056445619
train,2013-403,3,184,7,1.0,0.6260297185512206
train,2013-403,3,184,8,1.0,0.7765465045106761
train,2013-403,3,184,9,1.0,0.9268812361740079
train,2013-403,3,184,10,0.0,0.3220626277633331
train,2013-403,3,184,11,0.0,0.29854823150544535
train,2013-403,3,184,12,0.0,0.1640151355512003
train,2013-403,3,184,13,0.0,0.10402947486222397
train,2013-403,3,184,14,1.0,0.526730518080567
train,2013-403,3,184,15,0.0,0.2293279689423542
train,2013-403,4,185,0,1.0,0.564160557927277
train,2013-403,4,185,1,0.0,0.11076438060348252
train,2013-403,4,185,2,1.0,0.28269203590308867
train,2013-403,4,185,3,1.0,0.8036910998290477
train,2013-403,4,185,4,1.0,0.5672597078784914
train,2013-403,4,185,5,0.0,0.1762446033879855
train,2013-403,4,185,6,0.0,0.34956521888384184
train,2013-403,4,185,7,0.0,0.9265976019732772
train,2013-403,5,186,0,1.0,0.8384207477438556
train,2013-403,5,186,1,0.0,0.7532884887924182
train,2013-403,5,186,2,0.0,0.11866520288917141
train,2013-403,5,186,3,0.0,0.6340492247566359
train,2013-403,6,187,0,1.0,0.8053357900441288
train,2013-403,6,187,1,0.0,0.20840649977675013
train,2013-403,7,188,0,0.0,0.4112102483558566
train,2013-404,1,175,0,1.0,0.6729003861456931
train,2013-404,1,175,1,0.0,0.5952690466915407
train,2013-404,1,175,2,1.0,0.5765908828322718
train,2013-404,1,175,3,0.0,0.41954180038792205
train,2013-404,1,175,4,0.0,0.6585786453115225
train,2013-404,1,175,5,0.0,0.6940852334412474
train,2013-404,1,175,6,0.0,0.4321063702241179
train,2013-404,1,175,7,0.0,0.6607490540526453
train,2013-404,1,175,8,1.0,0.5794600271635142
train,2013-404,1,175,9,1.0,0.48228602318156294
train,2013-404,1,175,10,1.0,0.5818303864702333
train,2013-404,1,175,11,1.0,0.6067595451948385
train,2013-404,1,175,12,0.0,0.388992829517056
train,2013-404,1,175,13,1.0,0.6136296071606875
train,2013-404,1,175,14,1.0,0.4147331292410541
train,2013-404,1,175,15,0.0,0.1796636450335787
train,2013-404,1,175,16,0.0,0.37995563089922224
train,2013-404,1,175,17,0.0,0.6513378764805753
train,2013-404,1,175,18,0.0,0.4640312469683826
train,2013-404,1,175,19,1.0,0.5938043684449584
train,2013-404,1,175,20,0.0,0.442863431065792
train,2013-404,1,175,21,0.0,0.4650044914212722
train,2013-404,1,175,22,1.0,0.6831187508713178
train,2013-404,1,175,23,0.0,0.3661595671561996
train,2013-404,1,175,24,0.0,0.19512413886575522
train,2013-404,1,175,25,1.0,0.2683094210707418
train,2013-404,1,175,26,0.0,0.6232374682961531
train,2013-404,1,175,27,1.0,0.5659145431928391
train,2013-404,1,175,28,1.0,0.3895417127572508
train,2013-404,1,175,29,0.0,0.2785968207483441
train,2013-404,1,175,30,1.0,0.650466272160502
train,2013-404,1,175,31,1.0,0.4187722818199782
train,2013-404,2,176,0,0.0,0.1518396285824952
train,2013-404,2,176,1,1.0,0.8656613647376831
train,2013-404,2,176,2,0.0,0.5691521141904259
train,2013-404,2,176,3,0.0,0.6299269408636659
train,2013-404,2,176,4,0.0,0.2545528161592958
train,2013-404,2,176,5,1.0,0.6992668247425934
train,2013-404,2,176,6,1.0,0.36631428824952184
train,2013-404,2,176,7,0.0,0.26213732572970555
train,2013-404,2,176,8,0.0,0.8484300792943337
train,2013-404,2,176,9,0.0,0.7326301571764133
train,2013-404,2,176,10,1.0,0.34294747549640114
train,2013-404,2,176,11,0.0,0.15169705933662062
train,2013-404,2,176,12,1.0,0.672624472440805
train,2013-404,2,176,13,1.0,0.21757471384439772
train,2013-404,2,176,14,0.0,0.3355609981079395
train,2013-404,2,176,15,1.0,0.9152171102484641
train,2013-404,2,176,16,1.0,0.21625790974109227
train,2013-404,2,176,17,1.0,0.7146520575718365
train,2013-404,2,176,18,0.0,0.35790298283704286
train,2013-404,2,176,19,1.0,0.7489822001463606
train,2013-404,2,176,20,0.0,0.2650219148740994
train,2013-404,2,176,21,1.0,0.443416464916216
train,2013-404,2,176,22,1.0,0.6485808990995731
train,2013-404,2,176,23,0.0,0.09024539693833017
train,2013-404,2,176,24,1.0,0.7663579994023401
train,2013-404,2,176,25,0.0,0.5057117037096583
train,2013-404,2,176,26,1.0,0.7276285055660203
train,2013-404,2,176,27,0.0,0.1480141243432917
train,2013-404,2,176,28,1.0,0.7790369429342905
train,2013-404,2,176,29,0.0,0.6469370910190739
train,2013-404,2,176,30,1.0,0.9514804618074825
train,2013-404,2,176,31,0.0,0.4167137278434514
train,2013-404,3,177,0,0.0,0.706732480998192
train,2013-404,3,177,1,1.0,0.8820517222427435
train,2013-404,3,177,2,0.0,0.17586979740650505
train,2013-404,3,177,3,0.0,0.5688580752571749
train,2013-404,3,177,4,0.0,0.2068992813614277
train,2013-404,3,177,5,1.0,0.9390822293590878
train,2013-404,3,177,6,0.0,0.6429341781666926
train,2013-404,3,177,7,1.0,0.8070511897833111
train,2013-404,3,177,8,1.0,0.49130834590159245
train,2013-404,3,177,9,0.0,0.14094347799880294
train,2013-404,3,177,10,0.0,0.20223903201927934
train,2013-404,3,177,11,1.0,0.34677594796996813
train,2013-404,3,177,12,0.0,0.2692427943230929
train,2013-404,3,177,13,1.0,0.7477292020046106
train,2013-404,3,177,14,0.0,0.22740570061026258
train,2013-404,3,177,15,1.0,0.8492594663600871
train,2013-404,4,178,0,0.0,0.22193568559019625
train,2013-404,4,178,1,0.0,0.3508686013205618
train,2013-404,4,178,2,1.0,0.46969040083515107
train,2013-404,4,178,3,0.0,0.24240856745610512
train,2013-404,4,178,4,1.0,0.689629220804036
train,2013-404,4,178,5,1.0,0.8963898691657771
train,2013-404,4,178,6,1.0,0.7446376320030063
train,2013-404,4,178,7,0.0,0.11188332238811956
train,2013-404,5,179,0,0.0,0.8557128189616156
train,2013-404,5,179,1,1.0,0.7554354183348062
train,2013-404,5,179,2,1.0,0.20912810672550058
train,2013-404,5,179,3,1.0,0.8171960420923636
train,2013-404,6,180,0,0.0,0.8102863649385705
train,2013-404,6,180,1,0.0,0.8464089660162324
train,2013-404,7,181,0,1.0,0.3870003103673877
train,2013-410,2,189,0,1.0,0.36967191169018615
train,2013-410,2,189,1,0.0,0.41602076060469173
train,2013-410,2,189,2,0.0,0.41935399071108614
train,2013-410,2,189,3,0.0,0.3433306932595081
train,2013-410,2,189,4,0.0,0.3407984705579645
train,2013-410,2,189,5,0.0,0.4985854518788774
train,2013-410,2,189,6,1.0,0.5693276528958824
train,2013-410,2,189,7,1.0,0.5534695982179392
train,2013-410,2,189,8,0.0,0.668803647135177
train,2013-410,2,189,9,1.0,0.8105130634431748
train,2013-410,2,189,10,1.0,0.7029166905298333
train,2013-410,2,189,11,1.0,0.3625004694435674
train,2013-410,2,189,12,0.0,0.4726692640173687
train,2013-410,2,189,13,1.0,0.7910621765374642
train,2013-410,2,189,14,0.0,0.5605672919096587
train,2013-410,2,189,15,0.0,0.2083188841533529
train,2013-410,2,189,16,1.0,0.8039066478060513
train,2013-410,2,189,17,0.0,0.6063971561679734
train,2013-410,2,189,18,0.0,0.3642503427267554
train,2013-410,2,189,19,1.0,0.28905545519772824
train,2013-410,2,189,20,0.0,0.6667400623641214
train,2013-410,2,189,21,1.0,0.5680240747722949
train,2013-410,2,189,22,0.0,0.8871665567274416
train,2013-410,2,189,23,1.0,0.8319706306998613
train,2013-410,3,190,0,0.0,0.05444541744714895
train,2013-410,3,190,1,0.0,0.17659696403113476
train,2013-410,3,190,2,1.0,0.3204460154590038
train,2013-410,3,190,3,1.0,0.8251636473959184
train,2013-410,3,190,4,0.0,0.17967607021245285
train,2013-410,3,190,5,1.0,0.6533299022841325
train,2013-410,3,190,6,1.0,0.6558219073670535
train,2013-410,3,190,7,1.0,0.3058001388041082
train,2013-410,3,190,8,0.0,0.571401896784964
train,2013-410,3,190,9,0.0,0.07788743511400147
train,2013-410,3,190,10,1.0,0.4274556750933069
train,2013-410,3,190,11,1.0,0.8931763381353559
train,2013-410,3,190,12,0.0,0.6405178543027853
train,2013-410,3,190,13,0.0,0.19102330078866667
train,2013-410,3,190,14,0.0,0.5876547321138043
train,2013-410,3,190,15,1.0,0.9345333191964816
train,2013-410,4,191,0,1.0,0.9272642652730176
train,2013-410,4,191,1,0.0,0.7630653907687936
train,2013-410,4,191,2,1.0,0.7509147256261722
train,2013-410,4,191,3,1.0,0.6572987376797873
train,2013-410,4,191,4,1.0,0.47666231655778324
train,2013-410,4,191,5,0.0,0.08694501667246181
train,2013-410,4,191,6,0.0,0.8396319730786245
train,2013-410,4,191,7,0.0,0.8708056076957061
train,2013-410,5,192,0,0.0,0.09043545334171435
train,2013-410,5,192,1,1.0,0.22983710109787162
train,2013-410,5,192,2,0.0,0.08111831113911684
train,2013-410,5,192,3,0.0,0.41701324866652656
train,2013-410,6,193,0,0.0,0.0931131332715549
train,2013-410,6,193,1,1.0,0.7806963377012601
train,2013-410,7,194,0,1.0,0.5238383316603726
train,2013-416,2,201,0,1.0,0.6001364870406493
train,2013-416,2,201,1,1.0,0.8064643997946176
train,2013-416,2,201,2,1.0,0.8651045603340843
train,2013-416,2,201,3,1.0,0.832998775782239
train,2013-416,2,201,4,1.0,0.5769058694300823
train,2013-416,2,201,5,1.0,0.4325083877526631
train,2013-416,2,201,6,1.0,0.7765545519457208
train,2013-416,2,201,7,1.0,0.3698826664124282
train,2013-416,2,201,8,1.0,0.6428023267173334
train,2013-416,2,201,9,0.0,0.5997597497383136
train,2013-416,2,201,10,0.0,0.4224053017166312
train,2013-416,2,201,11,1.0,0.72159353112571
train,2013-416,2,201,12,1.0,0.4029818032442144
train,2013-416,2,201,13,1.0,0.3360140360038231
train,2013-416,2,201,14,1.0,0.35500793326217944
train,2013-416,2,201,15,1.0,0.8419268221649244
train,2013-416,2,201,16,0.0,0.7098538804857863
train,2013-416,2,201,17,1.0,0.7978607284369414
train,2013-416,2,201,18,1.0,0.7134471687427435
train,2013-416,2,201,19,0.0,0.5442438355389311
train,2013-416,2,201,20,1.0,0.6261179270227412
train,2013-416,2,201,21,0.0,0.18094207282394323
train,2013-416,2,201,22,1.0,0.26403916903771535
train,2013-416,2,201,23,1.0,0.5492816261731931
train,2013-416,3,202,0,0.0,0.07067582422055568
train,2013-416,3,202,1,0.0,0.3258874448051325
train,2013-416,3,202,2,0.0,0.2944278382556763
train,2013-416,3,202,3,0.0,0.826871365527624
train,2013-416,3,202,4,1.0,0.5305031725766834
train,2013-416,3,202,5,0.0,0.7079259048635796
train,2013-416,3,202,6,1.0,0.8650097786494274
train,2013-416,3,202,7,1.0,0.9168151844428343
train,2013-416,3,202,8,1.0,0.5816080835825268
train,2013-416,3,202,9,1.0,0.5680716675042802
train,2013-416,3,202,10,0.0,0.9096159873517525
train,2013-416,3,202,11,1.0,0.8118682328190431
train,2013-416,3,202,12,0.0,0.12332162946503537
train,2013-416,3,202,13,1.0,0.18358841997460643
train,2013-416,3,202,14,0.0,0.5233099145731434
train,2013-416,3,202,15,0.0,0.042061461598787334
train,2013-416,4,203,0,1.0,0.9361423917766174
train,2013-416,4,203,1,0.0,0.08347097449000686
train,2013-416,4,203,2,1.0,0.7989528978158171
train,2013-416,4,203,3,1.0,0.21554146581196784
train,2013-416,4,203,4,0.0,0.6064861235673097
train,2013-416,4,203,5,0.0,0.7814012877677068
train,2013-416,4,203,6,0.0,0.23396036484491528
train,2013-416,4,203,7,0.0,0.22150451277394329
train,2013-416,5,204,0,0.0,0.7842862183377495
train,2013-416,5,204,1,1.0,0.8200866789210348
train,2013-416,5,204,2,1.0,0.5720557356768023
train,2013-416,5,204,3,1.0,0.870698441374941
train,2013-416,6,205,0,1.0,0.7716685754326114
train,2013-416,6,205,1,1.0,0.8646572555061927
train,2013-416,7,206,0,0.0,0.2651230331971329
train,2013-421,2,221,0,1.0,0.4986861866626047
train,2013-421,2,221,1,0.0,0.7891178738356588
train,2013-421,2,221,2,0.0,0.6340357070938087
train,2013-421,2,221,3,1.0,0.8381979389324117
train,2013-421,2,221,4,0.0,0.34739876829689315
train,2013-421,2,221,5,1.0,0.44045215636614377
train,2013-421,2,221,6,1.0,0.23787500263705702
train,2013-421,2,221,7,1.0,0.6351021960821152
train,2013-421,2,221,8,1.0,0.8280808552512123
train,2013-421,2,221,9,0.0,0.42390605997593184
train,2013-421,2,221,10,0.0,0.47808145423237863
train,2013-421,2,221,11,1.0,0.3813713313501015
train,2013-421,2,221,12,1.0,0.265319799439818
train,2013-421,2,221,13,0.0,0.6667048569069678
train,2013-421,2,221,14,1.0,0.32945092916924595
train,2013-421,2,221,15,0.0,0.370295681209181
train,2013-421,2,221,16,0.0,0.34060557941816233
train,2013-421,2,221,17,0.0,0.4373884161898244
train,2013-421,2,221,18,0.0,0.5055323763390037
train,2013-421,2,221,19,0.0,0.6609235620037638
train,2013-421,2,221,20,1.0,0.6903187777104189
train,2013-421,2,221,21,1.0,0.32684318410289237
train,2013-421,2,221,22,1.0,0.33563125751458905
train,2013-421,2,221,23,1.0,0.6102323616473302
train,2013-421,3,222,0,1.0,0.8998150832400158
train,2013-421,3,222,1,1.0,0.5618660544158425
train,2013-421,3,222,2,0.0,0.46024770664991416
train,2013-421,3,222,3,1.0,0.7656986325946166
train,2013-421,3,222,4,0.0,0.894446692747359
train,2013-421,3,222,5,0.0,0.8092723262209611
train,2013-421,3,222,6,0.0,0.6969612118245169
train,2013-421,3,222,7,0.0,0.20955817170847113
train,2013-421,3,222,8,0.0,0.6996475178419262
train,2013-421,3,222,9,1.0,0.5446416666922244
train,2013-421,3,222,10,1.0,0.9609310481314363
train,2013-421,3,222,11,1.0,0.8440536562915081
train,2013-421,3,222,12,1.0,0.7940637143085203
train,2013-421,3,222,13,1.0,0.7362038447991551
train,2013-421,3,222,14,0.0,0.3220301181480081
train,2013-421,3,222,15,1.0,0.9265879518759003
train,2013-421,4,223,0,0.0,0.06647321771758641
train,2013-421,4,223,1,1.0,0.6448572461234621
train,2013-421,4,223,2,0.0,0.697180426039175
train,2013-421,4,223,3,1.0,0.12997764976380083
train,2013-421,4,223,4,0.0,0.35001072707813063
train,2013-421,4,223,5,0.0,0.7138019261693863
train,2013-421,4,223,6,1.0,0.16180319200121548
train,2013-421,4,223,7,0.0,0.08405383985487881
train,2013-421,5,224,0,1.0,0.8156130530416725
train,2013-421,5,224,1,1.0,0.9482895348681868
train,2013-421,5,224,2,0.0,0.647943589450703
train,2013-421,5,224,3,1.0,0.45690340501734644
train,2013-421,6,225,0,1.0,0.609311130424908
train,2013-421,6,225,1,1.0,0.710508025973648
train,2013-421,7,226,0,0.0,0.09738080551308331
train,2013-422,2,227,0,0.0,0.51082446381385
train,2013-422,2,227,1,0.0,0.6838851920037393
train,2013-422,2,227,2,0.0,0.1635504854793571
train,2013-422,2,227,3,1.0,0.5290543363793669
train,2013-422,2,227,4,1.0,0.5697316869558023
train,2013-422,2,227,5,0.0,0.6562292068551598
train,2013-422,2,227,6,1.0,0.45488644534395056
train,2013-422,2,227,7,1.0,0.34448425291409657
train,2013-422,2,227,8,0.0,0.7156822738647257
train,2013-422,2,227,9,0.0,0.330916741941186
train,2013-422,2,227,10,1.0,0.4153380834133695
train,2013-422,2,227,11,0.0,0.3100349117760476
train,2013-422,2,227,12,0.0,0.4045036238785281
train,2013-422,2,227,13,1.0,0.5853803672764567
train,2013-422,2,227,14,0.0,0.42506172594705643
train,2013-422,2,227,15,0.0,0.5763806177602802
train,2013-422,2,227,16,1.0,0.7281147644376544
train,2013-422,2,227,17,1.0,0.373320273634604
train,2013-422,2,227,18,1.0,0.6484842609224638
train,2013-422,2,227,19,0.0,0.6744868447884974
train,2013-422,2,227,20,0.0,0.6596355660470259
train,2013-422,2,227,21,1.0,0.4205704679222547
train,2013-422,2,227,22,0.0,0.39118842572804857
train,2013-422,2,227,23,0.0,0.3305419729143839
train,2013-422,3,228,0,0.0,0.1575137566467533
train,2013-422,3,228,1,0.0,0.5508593168098885
train,2013-422,3,228,2,0.0,0.7171237790225198
train,2013-422,3,228,3,1.0,0.8106143752101468
train,2013-422,3,228,4,0.0,0.03159256944090135
train,2013-422,3,228,5,1.0,0.8414693288551721
train,2013-422,3,228,6,0.0,0.23484492163136736
train,2013-422,3,228,7,1.0,0.7261304645089823
train,2013-422,3,228,8,0.0,0.5574294553182797
train,2013-422,3,228,9,1.0,0.3291022498808485
train,2013-422,3,228,10,1.0,0.7572287892963196
train,2013-422,3,228,11,0.0,0.14391477381194454
train,2013-422,3,228,12,1.0,0.2581845779924046
train,2013-422,3,228,13,1.0,0.39399589650347333
train,2013-422,3,228,14,0.0,0.3507152977234852
train,2013-422,3,228,15,1.0,0.913814208128768
train,2013-422,4,229,0,0.0,0.05821660588039526
train,2013-422,4,229,1,1.0,0.13183159826549737
train,2013-422,4,229,2,0.0,0.21393867218265533
train,2013-422,4,229,3,1.0,0.7458931680035807
train,2013-422,4,229,4,0.0,0.0722197766631577
train,2013-422,4,229,5,1.0,0.7904388008260659
train,2013-422,4,229,6,0.0,0.12214196094993
train,2013-422,4,229,7,1.0,0.3477592070048921
train,2013-422,5,230,0,1.0,0.8185502590800836
train,2013-422,5,230,1,0.0,0.21112082866797965
train,2013-422,5,230,2,0.0,0.6670346415670388
train,2013-422,5,230,3,0.0,0.9081991399909424
train,2013-422,6,231,0,0.0,0.7248976920189116
train,2013-422,6,231,1,1.0,0.8300879590430831
train,2013-422,7,232,0,0.0,0.07835931228796003
train,2013-5014,2,240,0,1.0,0.5144392204828913
train,2013-5014,2,240,1,1.0,0.42303334891412553
train,2013-5014,2,240,2,1.0,0.7101039214141125
train,2013-5014,2,240,3,1.0,0.7655979537583151
train,2013-5014,2,240,4,0.0,0.7471247294749961
train,2013-5014,2,240,5,1.0,0.5702789115064253
train,2013-5014,2,240,6,1.0,0.35195407672354406
train,2013-5014,2,240,7,0.0,0.21504320340787528
train,2013-5014,2,240,8,1.0,0.5254675181043419
train,2013-5014,2,240,9,0.0,0.5701575626931334
train,2013-5014,2,240,10,1.0,0.35379973795921743
train,2013-5014,2,240,11,0.0,0.10839055973481354
train,2013-5014,2,240,12,1.0,0.7175947541354908
train,2013-5014,2,240,13,0.0,0.2806320723281537
train,2013-5014,2,240,14,0.0,0.5631785404393912
train,2013-5014,2,240,15,0.0,0.25309168640362345
train,2013-5014,2,240,16,1.0,0.7561578800081094
train,2013-5014,2,240,17,1.0,0.8490481952524896
train,2013-5014,2,240,18,1.0,0.3680692720346999
train,2013-5014,2,240,19,0.0,0.22740317187082038
train,2013-5014,2,240,20,0.0,0.4294296871054837
train,2013-5014,2,240,21,0.0,0.4274676475013222
train,2013-5014,2,240,22,0.0,0.24097611851805908
train,2013-5014,2,240,23,1.0,0.8496225160297535
train,2013-5014,3,241,0,0.0,0.07927469486101664
train,2013-5014,3,241,1,0.0,0.7545494491323809
train,2013-5014,3,241,2,0.0,0.3350181057778595
train,2013-5014,3,241,3,0.0,0.3031143568104288
train,2013-5014,3,241,4,1.0,0.636549472696436
train,2013-5014,3,241,5,0.0,0.4632176317863383
train,2013-5014,3,241,6,0.0,0.1910879876944459
train,2013-5014,3,241,7,1.0,0.7459431782696322
train,2013-5014,3,241,8,0.0,0.3209847336381658
train,2013-5014,3,241,9,0.0,0.22878173607315613
train,2013-5014,3,241,10,0.0,0.6154395775796884
train,2013-5014,3,241,11,0.0,0.16727478888795097
train,2013-5014,3,241,12,0.0,0.5041418821128978
train,2013-5014,3,241,13,1.0,0.8272684734015816
train,2013-5014,3,241,14,1.0,0.8981642172661908
train,2013-5014,3,241,15,1.0,0.34469786660688895
train,2013-5014,4,242,0,1.0,0.9026069442490774
train,2013-5014,4,242,1,0.0,0.8275688385899423
train,2013-5014,4,242,2,0.0,0.3663525783880362
train,2013-5014,4,242,3,1.0,0.5160935225751286
train,2013-5014,4,242,4,0.0,0.7503579639936372
train,2013-5014,4,242,5,1.0,0.5834408471246093
train,2013-5014,4,242,6,1.0,0.9433000715727918
train,2013-5014,4,242,7,1.0,0.2221832981082767
train,2013-5014,5,243,0,0.0,0.1088974041843529
train,2013-5014,5,243,1,0.0,0.26140422534954355
train,2013-5014,5,243,2,1.0,0.6805163869740827
train,2013-5014,5,243,3,1.0,0.8388066151175557
train,2013-5014,6,244,0,0.0,0.20191854362455158
train,2013-5014,6,244,1,0.0,0.8527069245588415
train,2013-5014,7,245,0,1.0,0.8045142243499939
train,2013-520,1,207,0,0.0,0.041173908035946276
train,2013-520,1,207,1,0.0,0.41487202818684965
train,2013-520,1,207,2,0.0,0.4229577027066006
train,2013-520,1,207,3,0.0,0.32310811595359745
train,2013-520,1,207,4,1.0,0.6042766328777154
train,2013-520,1,207,5,1.0,0.9207628834165376
train,2013-520,1,207,6,1.0,0.8299978617572029
train,2013-520,1,207,7,1.0,0.3390010643908151
train,2013-520,1,207,8,0.0,0.3343562380051021
train,2013-520,1,207,9,0.0,0.2925587704592894
train,2013-520,1,207,10,0.0,0.17371522073978113
train,2013-520,1,207,11,1.0,0.5391275334604244
train,2013-520,1,207,12,0.0,0.40817431633490536
train,2013-520,1,207,13,0.0,0.026070727680126464
train,2013-520,1,207,14,1.0,0.6968972373449898
train,2013-520,1,207,15,1.0,0.379728968003855
train,2013-520,1,207,16,0.0,0.15240942687004005
train,2013-520,1,207,17,0.0,0.4452791932778331
train,2013-520,1,207,18,0.0,0.41446790230260544
train,2013-520,1,207,19,0.0,0.35819920253770526
train,2013-520,1,207,20,0.0,0.6694162169311727
train,2013-520,1,207,21,0.0,0.1753783115245322
train,2013-520,1,207,22,0.0,0.16647517086333227
train,2013-520,1,207,23,1.0,0.7165249311968558
train,2013-520,1,207,24,0.0,0.6251397857319126
train,2013-520,1,207,25,0.0,0.7356696069256202
train,2013-520,1,207,26,0.0,0.2721393952690112
train,2013-520,1,207,27,0.0,0.4097328166935754
train,2013-520,1,207,28,1.0,0.2444367959190854
train,2013-520,1,207,29,1.0,0.9576233325470698
train,2013-520,1,207,30,1.0,0.7089886522097395
train,2013-520,1,207,31,1.0,0.7055313558953777
train,2013-520,1,207,32,1.0,0.5755388350618523
train,2013-520,1,207,33,1.0,0.8872930999258013
train,2013-520,1,207,34,1.0,0.6098250871463994
train,2013-520,1,207,35,1.0,0.7049564494787969
train,2013-520,1,207,36,1.0,0.728023893867235
train,2013-520,1,207,37,0.0,0.625133923346626
train,2013-520,1,207,38,0.0,0.3986208381184408
train,2013-520,1,207,39,0.0,0.19092220805158747
train,2013-520,1,207,40,0.0,0.7653266357156426
train,2013-520,1,207,41,1.0,0.6756229596525415
train,2013-520,1,207,42,0.0,0.62216501548181
train,2013-520,1,207,43,0.0,0.20759937409671197
train,2013-520,1,207,44,0.0,0.408105414776997
train,2013-520,1,207,45,0.0,0.2792432187561321
train,2013-520,1,207,46,1.0,0.9085178981504656
train,2013-520,1,207,47,1.0,0.8824791641794653
train,2013-520,1,207,48,0.0,0.1764337106440052
train,2013-520,1,207,49,1.0,0.5387443537601493
train,2013-520,1,207,50,1.0,0.11157425687867832
train,2013-520,1,207,51,1.0,0.6712351623794851
train,2013-520,1,207,52,0.0,0.1494511025368877
train,2013-520,1,207,53,1.0,0.22855754960623156
train,2013-520,1,207,54,1.0,0.6860603220837453
train,2013-520,1,207,55,1.0,0.6401243720903094
train,2013-520,1,207,56,1.0,0.7016386601901704
train,2013-520,1,207,57,1.0,0.8424987792428928
train,2013-520,1,207,58,0.0,0.2965848080885837
train,2013-520,1,207,59,0.0,0.3421826440945665
train,2013-520,1,207,60,1.0,0.6320377429323508
train,2013-520,1,207,61,1.0,0.869176280119572
train,2013-520,1,207,62,1.0,0.3866382145089356
train,2013-520,1,207,63,1.0,0.682490420523681
train,2013-520,2,208,0,1.0,0.672461028148113
train,2013-520,2,208,1,1.0,0.7427540560574163
train,2013-520,2,208,2,0.0,0.29147538153361746
train,2013-520,2,208,3,0.0,0.2104711178182059
train,2013-520,2,208,4,1.0,0.6046476954217516
train,2013-520,2,208,5,0.0,0.12512543568069198
train,2013-520,2,208,6,0.0,0.143318493232819
train,2013-520,2,208,7,0.0,0.300814903958116
train,2013-520,2,208,8,0.0,0.4390817937766576
train,2013-520,2,208,9,0.0,0.17715258340817322
train,2013-520,2,208,10,0.0,0.24900409281997146
train,2013-520,2,208,11,0.0,0.3584279528640517
train,2013-520,2,208,12,0.0,0.2108162667925088
train,2013-520,2,208,13,0.0,0.7126844149052881
train,2013-520,2,208,14,0.0,0.3052108885660238
train,2013-520,2,208,15,0.0,0.4321387043812136
train,2013-520,2,208,16,1.0,0.6765135839284818
train,2013-520,2,208,17,0.0,0.11875311072239382
train,2013-520,2,208,18,1.0,0.7957143704847385
train,2013-520,2,208,19,0.0,0.28464763563745066
train,2013-520,2,208,20,0.0,0.2778019501711398
train,2013-520,2,208,21,0.0,0.031816766535789
train,2013-520,2,208,22,0.0,0.5216534264765462
train,2013-520,2,208,23,0.0,0.35517591322685305
train,2013-520,2,208,24,1.0,0.8421895869540713
train,2013-520,2,208,25,1.0,0.6354139341287228
train,2013-520,2,208,26,0.0,0.5506669568913058
train,2013-520,2,208,27,0.0,0.24988213183060853
train,2013-520,2,208,28,0.0,0.0903744338386189
train,2013-520,2,208,29,0.0,0.07666155488279836
train,2013-520,2,208,30,1.0,0.9693141620665587
train,2013-520,2,208,31,0.0,0.23895684548904453
train,2013-520,3,209,0,0.0,0.1381894829358226
train,2013-520,3,209,1,0.0,0.23811485360472318
train,2013-520,3,209,2,1.0,0.904486788103213
train,2013-520,3,209,3,0.0,0.28180580405897676
train,2013-520,3,209,4,0.0,0.7283893637062085
train,2013-520,3,209,5,1.0,0.7589766798409106
train,2013-520,3,209,6,1.0,0.6108119439863655
train,2013-520,3,209,7,1.0,0.6617751443983315
train,2013-520,3,209,8,1.0,0.4843409254727667
train,2013-520,3,209,9,0.0,0.18976171844933176
train,2013-520,3,209,10,0.0,0.2203701648887652
train,2013-520,3,209,11,1.0,0.6186157729404984
train,2013-520,3,209,12,0.0,0.08297312006372562
train,2013-520,3,209,13,1.0,0.4942390274506504
train,2013-520,3,209,14,0.0,0.2867284221301718
train,2013-520,3,209,15,1.0,0.9088669071995419
train,2013-520,4,210,0,0.0,0.1706055304184674
train,2013-520,4,210,1,1.0,0.8089001641739499
train,2013-520,4,210,2,1.0,0.7253162130539657
train,2013-520,4,210,3,1.0,0.29516844395245384
train,2013-520,4,210,4,0.0,0.4706126287726896
train,2013-520,4,210,5,1.0,0.8947284885447627
train,2013-520,4,210,6,1.0,0.6587951373587085
train,2013-520,4,210,7,1.0,0.9113514980410335
train,2013-520,5,211,0,0.0,0.7224603028430109
train,2013-520,5,211,1,0.0,0.16274142213545045
train,2013-520,5,211,2,0.0,0.1626457064939912
train,2013-520,5,211,3,1.0,0.8709284164421449
train,2013-520,6,212,0,0.0,0.40867489208256
train,2013-520,6,212,1,1.0,0.5721031209581483
train,2013-520,7,213,0,0.0,0.2034676070569069
train,2013-540,1,214,0,1.0,0.9368583125969387
train,2013-540,1,214,1,1.0,0.6450249574875878
train,2013-540,1,214,2,0.0,0.43154697742799447
train,2013-540,1,214,3,1.0,0.44330303065369253
train,2013-540,1,214,4,0.0,0.4309141129830683
train,2013-540,1,214,5,1.0,0.8136907605944167
train,2013-540,1,214,6,1.0,0.27334062857275726
train,2013-540,1,214,7,0.0,0.5039426256877718
train,2013-540,1,214,8,0.0,0.33238218086673466
train,2013-540,1,214,9,0.0,0.29329344447909267
train,2013-540,1,214,10,0.0,0.25664176038173225
train,2013-540,1,214,11,1.0,0.5463864056983107
train,2013-540,1,214,12,0.0,0.46756394658216904
train,2013-540,1,214,13,0.0,0.05292491910046445
train,2013-540,1,214,14,0.0,0.12374142088674349
train,2013-540,1,214,15,0.0,0.24746696316947694
train,2013-540,1,214,16,0.0,0.607160949326351
train,2013-540,1,214,17,1.0,0.791495640122594
train,2013-540,1,214,18,0.0,0.5900387931905087
train,2013-540,1,214,19,0.0,0.5035452203818823
train,2013-540,1,214,20,0.0,0.15088038811355436
train,2013-540,1,214,21,0.0,0.19801719863883244
train,2013-540,1,214,22,0.0,0.5384663169287885
train,2013-540,1,214,23,1.0,0.46205412021043646
train,2013-540,1,214,24,1.0,0.3032344874874653
train,2013-540,1,214,25,0.0,0.3570100979910738
train,2013-540,1,214,26,0.0,0.6758507684780896
train,2013-540,1,214,27,0.0,0.552202247105896
train,2013-540,1,214,28,0.0,0.0661275258771494
train,2013-540,1,214,29,1.0,0.7133257160033954
train,2013-540,1,214,30,1.0,0.3458406401496231
train,2013-540,1,214,31,1.0,0.5870358981367959
train,2013-540,1,214,32,1.0,0.6621639001901336
train,2013-540,1,214,33,1.0,0.8145967169461799
train,2013-540,1,214,34,0.0,0.35539940556301386
train,2013-540,1,214,35,1.0,0.5887108920712709
train,2013-540,1,214,36,1.0,0.6846539275954566
train,2013-540,1,214,37,1.0,0.5965770526248181
train,2013-540,1,214,38,0.0,0.5371993708830146
train,2013-540,1,214,39,1.0,0.41940863370813486
train,2013-540,1,214,40,0.0,0.25838181391656834
train,2013-540,1,214,41,0.0,0.624974045437669
train,2013-540,1,214,42,1.0,0.7522941933283658
train,2013-540,1,214,43,0.0,0.36370038545200983
train,2013-540,1,214,44,0.0,0.38903314128143907
train,2013-540,1,214,45,0.0,0.2778212474187251
train,2013-540,1,214,46,1.0,0.8692504166463221
train,2013-540,1,214,47,0.0,0.0664861908940817
train,2013-540,1,214,48,1.0,0.4644188004070439
train,2013-540,1,214,49,1.0,0.25824953924072575
train,2013-540,1,214,50,1.0,0.5335671697258576
train,2013-540,1,214,51,1.0,0.6439953326499727
train,2013-540,1,214,52,1.0,0.29058197562365745
train,2013-540,1,214,53,0.0,0.16788296924828086
train,2013-540,1,214,54,0.0,0.33706363588303123
train,2013-540,1,214,55,1.0,0.3691321278311059
train,2013-540,1,214,56,1.0,0.1775936245790332
train,2013-540,1,214,57,1.0,0.30048872540332794
train,2013-540,1,214,58,1.0,0.4900102845416846
train,2013-540,1,214,59,0.0,0.25395907149121144
train,2013-540,1,214,60,0.0,0.9694946347798106
train,2013-540,1,214,61,1.0,0.7942902071242491
train,2013-540,1,214,62,0.0,0.5131855466079276
train,2013-540,1,214,63,1.0,0.8559516867154641
train,2013-540,2,215,0,0.0,0.7084092705314368
train,2013-540,2,215,1,0.0,0.6268468195475785
train,2013-540,2,215,2,1.0,0.7844843758505206
train,2013-540,2,215,3,0.0,0.40366543842979036
train,2013-540,2,215,4,0.0,0.23585371101296662
train,2013-540,2,215,5,0.0,0.42031429188307196
train,2013-540,2,215,6,0.0,0.752567901344332
train,2013-540,2,215,7,1.0,0.722882006842688
train,2013-540,2,215,8,1.0,0.1843752140211536
train,2013-540,2,215,9,0.0,0.23728511616520676
train,2013-540,2,215,10,1.0,0.6871363098356391
train,2013-540,2,215,11,0.0,0.9303428623505066
train,2013-540,2,215,12,0.0,0.34736372974805757
train,2013-540,2,215,13,0.0,0.7313423444305167
train,2013-540,2,215,14,1.0,0.29147138294092445
train,2013-540,2,215,15,1.0,0.5503063225124546
train,2013-540,2,215,16,1.0,0.7736677855183761
train,2013-540,2,215,17,1.0,0.6864003116196099
train,2013-540,2,215,18,0.0,0.250798805679699
train,2013-540,2,215,19,0.0,0.33805996105275676
train,2013-540,2,215,20,1.0,0.8839071079303835
train,2013-540,2,215,21,0.0,0.12169487364573925
train,2013-540,2,215,22,0.0,0.19888920483245642
train,2013-540,2,215,23,0.0,0.5278530981861423
train,2013-540,2,215,24,1.0,0.8658152924744201
train,2013-540,2,215,25,0.0,0.13811832177927433
train,2013-540,2,215,26,0.0,0.32958014536978375
train,2013-540,2,215,27,1.0,0.7008867747632995
train,2013-540,2,215,28,1.0,0.8565316120697012
train,2013-540,2,215,29,0.0,0.3116575649457809
train,2013-540,2,215,30,1.0,0.9631524217301934
train,2013-540,2,215,31,1.0,0.8935368854382133
train,2013-540,3,216,0,0.0,0.4149672417801934
train,2013-540,3,216,1,1.0,0.9178735058276292
train,2013-540,3,216,2,1.0,0.8659191853512381
train,2013-540,3,216,3,1.0,0.5735143863261872
train,2013-540,3,216,4,1.0,0.30935632181685696
train,2013-540,3,216,5,0.0,0.563320554178089
train,2013-540,3,216,6,0.0,0.3293360316895109
train,2013-540,3,216,7,1.0,0.35927107198953684
train,2013-540,3,216,8,1.0,0.4345579152625493
train,2013-540,3,216,9,1.0,0.32964683302543213
train,2013-540,3,216,10,1.0,0.8174243400147463
train,2013-540,3,216,11,1.0,0.28563506289784824
train,2013-540,3,216,12,1.0,0.8392280374589765
train,2013-540,3,216,13,1.0,0.7095301116715427
train,2013-540,3,216,14,0.0,0.8041672818057969
train,2013-540,3,216,15,1.0,0.7641521151730154
train,2013-540,4,217,0,1.0,0.8532342303222387
train,2013-540,4,217,1,0.0,0.295924625465594
train,2013-540,4,217,2,1.0,0.5710874539222234
train,2013-540,4,217,3,1.0,0.635820613442457
train,2013-540,4,217,4,1.0,0.774184690688522
train,2013-540,4,217,5,0.0,0.15030610129548855
train,2013-540,4,217,6,1.0,0.8601381892171515
train,2013-540,4,217,7,1.0,0.8285624614689331
train,2013-540,5,218,0,0.0,0.14996837549574005
train,2013-540,5,218,1,0.0,0.3942114639479257
train,2013-540,5,218,2,1.0,0.348036198497235
train,2013-540,5,218,3,1.0,0.8059983860293082
train,2013-540,6,219,0,1.0,0.847123197494394
train,2013-540,6,219,1,0.0,0.16722985927520145
train,2013-540,7,220,0,0.0,0.7038437449806305
train,2013-560,1,233,0,1.0,0.13937420249490923
train,2013-560,1,233,1,0.0,0.7913289060267048
train,2013-560,1,233,2,0.0,0.2185709477774441
train,2013-560,1,233,3,1.0,0.6502813587628001
train,2013-560,1,233,4,1.0,0.3150220571815036
train,2013-560,1,233,5,1.0,0.7379408375683528
train,2013-560,1,233,6,1.0,0.33503398576662635
train,2013-560,1,233,7,1.0,0.6272189626110157
train,2013-560,1,233,8,1.0,0.5826048439535995
train,2013-560,1,233,9,1.0,0.619953296329944
train,2013-560,1,233,10,1.0,0.4180363533483223
train,2013-560,1,233,11,0.0,0.5311760305185136
train,2013-560,1,233,12,0.0,0.40386919810082494
train,2013-560,1,233,13,0.0,0.10486798976815104
train,2013-560,1,233,14,0.0,0.11829140054445643
train,2013-560,1,233,15,1.0,0.7463057856475844
train,2013-560,1,233,16,0.0,0.3996322309908153
train,2013-560,1,233,17,0.0,0.03720646459901721
train,2013-560,1,233,18,0.0,0.2782912361471817
train,2013-560,1,233,19,1.0,0.6392329517352288
train,2013-560,1,233,20,0.0,0.3831590871293014
train,2013-560,1,233,21,0.0,0.1308717088360867
train,2013-560,1,233,22,1.0,0.22498167182430073
train,2013-560,1,233,23,0.0,0.23096168936997055
train,2013-560,1,233,24,1.0,0.5414275252653891
train,2013-560,1,233,25,1.0,0.30072980019665796
train,2013-560,1,233,26,1.0,0.18638844366453158
train,2013-560,1,233,27,0.0,0.486998377631815
train,2013-560,1,233,28,0.0,0.563719759762056
train,2013-560,1,233,29,0.0,0.0390860237137655
train,2013-560,1,233,30,1.0,0.2988732395496639
train,2013-560,1,233,31,1.0,0.6581521579112275
train,2013-560,1,233,32,0.0,0.6898304939731041
train,2013-560,1,233,33,0.0,0.08734668883025166
train,2013-560,1,233,34,1.0,0.8352231990013298
train,2013-560,1,233,35,0.0,0.5645704286284807
train,2013-560,1,233,36,0.0,0.16384820889961202
train,2013-560,1,233,37,0.0,0.5394052395261133
train,2013-560,1,233,38,1.0,0.7834043406418674
train,2013-560,1,233,39,1.0,0.8602589239431029
train,2013-560,1,233,40,0.0,0.8903953742056321
train,2013-560,1,233,41,0.0,0.510627390775937
train,2013-560,1,233,42,1.0,0.4064704282087812
train,2013-560,1,233,43,0.0,0.3681476286198406
train,2013-560,1,233,44,0.0,0.23178327537416496
train,2013-560,1,233,45,1.0,0.6024161472164186
train,2013-560,1,233,46,0.0,0.48370899623633334
train,2013-560,1,233,47,1.0,0.9135707385187941
train,2013-560,1,233,48,0.0,0.07582357273956397
train,2013-560,1,233,49,0.0,0.5775746039782124
train,2013-560,1,233,50,0.0,0.3287722488845111
train,2013-560,1,233,51,0.0,0.23718354130950764
train,2013-560,1,233,52,0.0,0.5055837576878892
train,2013-560,1,233,53,0.0,0.5702743835605485
train,2013-560,1,233,54,1.0,0.1582807264773902
train,2013-560,1,233,55,0.0,0.10400154011098074
train,2013-560,1,233,56,0.0,0.2855801163172276
train,2013-560,1,233,57,1.0,0.4423372160226568
train,2013-560,1,233,58,1.0,0.7700104639215355
train,2013-560,1,233,59,1.0,0.7044452519437059
train,2013-560,1,233,60,0.0,0.39890460060679955
train,2013-560,1,233,61,1.0,0.5346160332947865
train,2013-560,1,233,62,0.0,0.10675632467361368
train,2013-560,1,233,63,0.0,0.3822385045883619
train,2013-560,2,234,0,0.0,0.24172988226513054
train,2013-560,2,234,1,0.0,0.22128393495324414
train,2013-560,2,234,2,0.0,0.2646397619707542
train,2013-560,2,234,3,0.0,0.4788245372514535
train,2013-560,2,234,4,1.0,0.6250715094218116
train,2013-560,2,234,5,0.0,0.2988185229142916
train,2013-560,2,234,6,0.0,0.09892735730815815
train,2013-560,2,234,7,0.0,0.6727787715019624
train,2013-560,2,234,8,1.0,0.7333494844219549
train,2013-560,2,234,9,1.0,0.32443607421605286
train,2013-560,2,234,10,1.0,0.8711509782275566
train,2013-560,2,234,11,0.0,0.32884510564206565
train,2013-560,2,234,12,0.0,0.3378988753528528
train,2013-560,2,234,13,1.0,0.9221598896789168
train,2013-560,2,234,14,1.0,0.4652008492733722
train,2013-560,2,234,15,0.0,0.7368905890595531
train,2013-560,2,234,16,1.0,0.840589175409284
train,2013-560,2,234,17,1.0,0.5875078820661793
train,2013-560,2,234,18,1.0,0.6613197164148218
train,2013-560,2,234,19,1.0,0.6826109328506893
train,2013-560,2,234,20,1.0,0.914150461293239
train,2013-560,2,234,21,0.0,0.8331525582012156
train,2013-560,2,234,22,1.0,0.714431396605455
train,2013-560,2,234,23,1.0,0.5535488096875599
train,2013-560,2,234,24,0.0,0.20684129243899413
train,2013-560,2,234,25,0.0,0.3209720238730875
train,2013-560,2,234,26,0.0,0.6554375841435911
train,2013-560,2,234,27,1.0,0.8797757661021551
train,2013-560,2,234,28,1.0,0.4642489230508977
train,2013-560,2,234,29,1.0,0.2765948704669904
train,2013-560,2,234,30,1.0,0.9793647618928887
train,2013-560,2,234,31,0.0,0.044809124560313544
train,2013-560,3,235,0,1.0,0.7235128617074321
train,2013-560,3,235,1,0.0,0.04294727470681226
train,2013-560,3,235,2,0.0,0.05892758494395122
train,2013-560,3,235,3,1.0,0.384668657498147
train,2013-560,3,235,4,0.0,0.24611193818547675
train,2013-560,3,235,5,0.0,0.0903728374592399
train,2013-560,3,235,6,1.0,0.9081136948367096
train,2013-560,3,235,7,0.0,0.29013790863023453
train,2013-560,3,235,8,1.0,0.7864736697059856
train,2013-560,3,235,9,0.0,0.16382497024901713
train,2013-560,3,235,10,0.0,0.20167390210281638
train,2013-560,3,235,11,1.0,0.4415850431004707
train,2013-560,3,235,12,1.0,0.8881582820487509
train,2013-560,3,235,13,0.0,0.42630846762841373
train,2013-560,3,235,14,0.0,0.7135730383500846
train,2013-560,3,235,15,1.0,0.685206061983844
train,2013-560,4,236,0,1.0,0.9375066168657334
train,2013-560,4,236,1,1.0,0.14499193878643143
train,2013-560,4,236,2,1.0,0.7860049217480692
train,2013-560,4,236,3,0.0,0.40035054186162444
train,2013-560,4,236,4,0.0,0.6961998884561206
train,2013-560,4,236,5,0.0,0.11610583357361416
train,2013-560,4,236,6,0.0,0.3558075401213391
train,2013-560,4,236,7,1.0,0.9330867265653003
train,2013-560,5,237,0,0.0,0.06891162628715643
train,2013-560,5,237,1,0.0,0.6102787799275871
train,2013-560,5,237,2,1.0,0.23997761233138984
train,2013-560,5,237,3,1.0,0.9054676933523128
train,2013-560,6,238,0,1.0,0.8837554120336931
train,2013-560,6,238,1,1.0,0.8442480910656097
train,2013-560,7,239,0,1.0,0.6635270900623081
train,2013-580,1,168,0,1.0,0.9550817782709233
train,2013-580,1,168,1,0.0,0.3405230122329268
train,2013-580,1,168,2,1.0,0.8134069219961593
train,2013-580,1,168,3,0.0,0.448375446994584
train,2013-580,1,168,4,1.0,0.42530514505926603
train,2013-580,1,168,5,0.0,0.22534996656702622
train,2013-580,1,168,6,0.0,0.21304193678396655
train,2013-580,1,168,7,1.0,0.7260362719532787
train,2013-580,1,168,8,1.0,0.5750034290589316
train,2013-580,1,168,9,0.0,0.40428313751740064
train,2013-580,1,168,10,1.0,0.6671108883736634
train,2013-580,1,168,11,1.0,0.47853572795527666
train,2013-580,1,168,12,0.0,0.6877158023800547
train,2013-580,1,168,13,1.0,0.9386543457512407
train,2013-580,1,168,14,0.0,0.08018927403607132
train,2013-580,1,168,15,0.0,0.34250764798527994
train,2013-580,1,168,16,1.0,0.5018380362125276
train,2013-580,1,168,17,0.0,0.39190575422664153
train,2013-580,1,168,18,1.0,0.8079295083803941
train,2013-580,1,168,19,0.0,0.5971240065306639
train,2013-580,1,168,20,1.0,0.7597800215821164
train,2013-580,1,168,21,0.0,0.800373938927107
train,2013-580,1,168,22,0.0,0.10880516866586193
train,2013-580,1,168,23,1.0,0.43088410491121737
train,2013-580,1,168,24,0.0,0.5531930761080286
train,2013-580,1,168,25,1.0,0.8918606634115845
train,2013-580,1,168,26,1.0,0.6760036789260019
train,2013-580,1,168,27,0.0,0.19644074912262924
train,2013-580,1,168,28,1.0,0.5291713975459612
train,2013-580,1,168,29,0.0,0.2839029609006666
train,2013-580,1,168,30,1.0,0.25354012646706486
train,2013-580,1,168,31,1.0,0.5673122977941526
train,2013-580,1,168,32,1.0,0.9718811716697993
train,2013-580,1,168,33,0.0,0.1696392415146424
train,2013-580,1,168,34,1.0,0.45677191686849344
train,2013-580,1,168,35,0.0,0.22639068699724327
train,2013-580,1,168,36,0.0,0.4354882904417492
train,2013-580,1,168,37,0.0,0.3204169995897555
train,2013-580,1,168,38,0.0,0.10507363984270134
train,2013-580,1,168,39,0.0,0.14199431277784472
train,2013-580,1,168,40,1.0,0.7134997692416449
train,2013-580,1,168,41,0.0,0.2461836884069825
train,2013-580,1,168,42,0.0,0.8008155803857155
train,2013-580,1,168,43,0.0,0.6509043483414501
train,2013-580,1,168,44,1.0,0.6910625103336935
train,2013-580,1,168,45,0.0,0.5390034380505806
train,2013-580,1,168,46,1.0,0.6394921544993916
train,2013-580,1,168,47,0.0,0.056593494960890625
train,2013-580,1,168,48,1.0,0.3014538898645896
train,2013-580,1,168,49,1.0,0.4296684126212838
train,2013-580,1,168,50,1.0,0.886747482902706
train,2013-580,1,168,51,1.0,0.665547527521814
train,2013-580,1,168,52,1.0,0.8852155357518385
train,2013-580,1,168,53,0.0,0.2856971374402117
train,2013-580,1,168,54,1.0,0.4795945276639002
train,2013-580,1,168,55,0.0,0.37144094022776497
train,2013-580,1,168,56,0.0,0.3010505753980022
train,2013-580,1,168,57,0.0,0.12791558803368924
train,2013-580,1,168,58,0.0,0.12953574652448063
train,2013-580,1,168,59,0.0,0.6552657637942653
train,2013-580,1,168,60,1.0,0.7265336784247167
train,2013-580,1,168,61,1.0,0.5129133555657183
train,2013-580,1,168,62,1.0,0.7954209984928317
train,2013-580,1,168,63,0.0,0.7435943342341235
train,2013-580,2,169,0,0.0,0.41547545293270366
train,2013-580,2,169,1,1.0,0.9009450630275556
train,2013-580,2,169,2,0.0,0.179851356898324
train,2013-580,2,169,3,1.0,0.45001339442784943
train,2013-580,2,169,4,1.0,0.2974130678811494
train,2013-580,2,169,5,1.0,0.6725401643622626
train,2013-580,2,169,6,1.0,0.8734393517288598
train,2013-580,2,169,7,1.0,0.58506552283974
train,2013-580,2,169,8,0.0,0.16128499550125575
train,2013-580,2,169,9,0.0,0.1499102537868589
train,2013-580,2,169,10,0.0,0.24093665284416624
train,2013-580,2,169,11,1.0,0.95217440338906
train,2013-580,2,169,12,0.0,0.4968129112766285
train,2013-580,2,169,13,0.0,0.11191360929833256
train,2013-580,2,169,14,1.0,0.7939980846692737
train,2013-580,2,169,15,0.0,0.19786750920139856
train,2013-580,2,169,16,1.0,0.7756584164938228
train,2013-580,2,169,17,0.0,0.26275834899320644
train,2013-580,2,169,18,0.0,0.5936837930480305
train,2013-580,2,169,19,0.0,0.18563826833241232
train,2013-580,2,169,20,0.0,0.05352537930889034
train,2013-580,2,169,21,1.0,0.9319766360524913
train,2013-580,2,169,22,0.0,0.29050590981882024
train,2013-580,2,169,23,0.0,0.26314358572975616
train,2013-580,2,169,24,1.0,0.7324218312245534
train,2013-580,2,169,25,0.0,0.2989260587613594
train,2013-580,2,169,26,0.0,0.19455220236026924
train,2013-580,2,169,27,1.0,0.6717167493600679
train,2013-580,2,169,28,1.0,0.8752695031339662
train,2013-580,2,169,29,1.0,0.9292876887067905
train,2013-580,2,169,30,0.0,0.03074610239372176
train,2013-580,2,169,31,0.0,0.10778132149311734
train,2013-580,3,170,0,0.0,0.1521010235873646
train,2013-580,3,170,1,1.0,0.6580739469955375
train,2013-580,3,170,2,0.0,0.061738763318775355
train,2013-580,3,170,3,0.0,0.3360762752374389
train,2013-580,3,170,4,0.0,0.1612101589943178
train,2013-580,3,170,5,1.0,0.9391897158904549
train,2013-580,3,170,6,1.0,0.7594555909383376
train,2013-580,3,170,7,1.0,0.23476235394004089
train,2013-580,3,170,8,0.0,0.7204981305823329
train,2013-580,3,170,9,0.0,0.24445515073609936
train,2013-580,3,170,10,0.0,0.5295530473547386
train,2013-580,3,170,11,0.0,0.1887486965220929
train,2013-580,3,170,12,1.0,0.8652020835726763
train,2013-580,3,170,13,1.0,0.8732330785186763
train,2013-580,3,170,14,1.0,0.3477038003296767
train,2013-580,3,170,15,0.0,0.08037275429601769
train,2013-580,4,171,0,0.0,0.12496536311773467
train,2013-580,4,171,1,1.0,0.40005288467325584
train,2013-580,4,171,2,1.0,0.8505699364096505
train,2013-580,4,171,3,1.0,0.6747349982557613
train,2013-580,4,171,4,0.0,0.6959921051584662
train,2013-580,4,171,5,0.0,0.16647353824027544
train,2013-580,4,171,6,1.0,0.8395351865696543
train,2013-580,4,171,7,1.0,0.89147729325465
train,2013-580,5,172,0,0.0,0.1408599326626236
train,2013-580,5,172,1,1.0,0.859004855833026
train,2013-580,5,172,2,1.0,0.8458979491001939
train,2013-580,5,172,3,1.0,0.8340549311339572
train,2013-580,6,173,0,1.0,0.3913691169069232
train,2013-580,6,173,1,0.0,0.21649550543735022
train,2013-580,7,174,0,0.0,0.26439017328872716
train,2014-1536,2,279,0,0.0,0.3806887044213335
train,2014-1536,2,279,1,0.0,0.6822503006394196
train,2014-1536,2,279,2,0.0,0.2428922716914992
train,2014-1536,2,279,3,1.0,0.28004720102392544
train,2014-1536,2,279,4,1.0,0.6338005190071854
train,2014-1536,2,279,5,1.0,0.5975454588300699
train,2014-1536,2,279,6,1.0,0.5756264290978879
train,2014-1536,2,279,7,0.0,0.41425702314430884
train,2014-1536,2,279,8,1.0,0.7410960324355826
train,2014-1536,2,279,9,1.0,0.5109844407976283
train,2014-1536,2,279,10,0.0,0.19755223286908005
train,2014-1536,2,279,11,1.0,0.5693144397815921
train,2014-1536,2,279,12,0.0,0.4031898696816668
train,2014-1536,2,279,13,0.0,0.19263204505400278
train,2014-1536,2,279,14,1.0,0.6674485725647855
train,2014-1536,2,279,15,1.0,0.6369820897287791
train,2014-1536,2,279,16,1.0,0.613330868936143
train,2014-1536,2,279,17,1.0,0.5401827588928662
train,2014-1536,2,279,18,0.0,0.6586506369012032
train,2014-1536,2,279,19,1.0,0.5574546805956576
train,2014-1536,2,279,20,1.0,0.40783512075593487
train,2014-1536,2,279,21,1.0,0.789921143366174
train,2014-1536,2,279,22,0.0,0.3034869991166813
train,2014-1536,2,279,23,1.0,0.7391680864962337
train,2014-1536,3,280,0,0.0,0.24540229717080417
train,2014-1536,3,280,1,0.0,0.7030007815707011
train,2014-1536,3,280,2,0.0,0.26694151864049664
train,2014-1536,3,280,3,0.0,0.13249306400893165
train,2014-1536,3,280,4,0.0,0.7940914710034064
train,2014-1536,3,280,5,1.0,0.6643581590076326
train,2014-1536,3,280,6,0.0,0.2881824774706518
train,2014-1536,3,280,7,0.0,0.2707491104860126
train,2014-1536,3,280,8,1.0,0.7886860984038012
train,2014-1536,3,280,9,0.0,0.9004887721516343
train,2014-1536,3,280,10,0.0,0.35888485828526356
train,2014-1536,3,280,11,1.0,0.3087634863502341
train,2014-1536,3,280,12,0.0,0.2040184655645724
train,2014-1536,3,280,13,1.0,0.8205268071713295
train,2014-1536,3,280,14,0.0,0.34845255922059515
train,2014-1536,3,280,15,1.0,0.9317428037304857
train,2014-1536,4,281,0,1.0,0.9230778562767106
train,2014-1536,4,281,1,0.0,0.2292373341255083
train,2014-1536,4,281,2,1.0,0.13179023788063476
train,2014-1536,4,281,3,0.0,0.45948196611153846
train,2014-1536,4,281,4,1.0,0.7006855384229054
train,2014-1536,4,281,5,1.0,0.7498047012889064
train,2014-1536,4,281,6,0.0,0.5961867466456917
train,2014-1536,4,281,7,1.0,0.7978674895908354
train,2014-1536,5,282,0,1.0,0.7703404446476056
train,2014-1536,5,282,1,0.0,0.2455449613070433
train,2014-1536,5,282,2,0.0,0.27533873605237597
train,2014-1536,5,282,3,0.0,0.19386631198742768
train,2014-1536,6,283,0,0.0,0.13391861730818708
train,2014-1536,6,283,1,0.0,0.6446658576346712
train,2014-1536,7,284,0,0.0,0.16321266207230897
train,2014-352,2,330,0,1.0,0.522025994838632
train,2014-352,2,330,1,1.0,0.6781767582415812
train,2014-352,2,330,2,0.0,0.1701343797473534
train,2014-352,2,330,3,0.0,0.7694213153268228
train,2014-352,2,330,4,1.0,0.7149833399170046
train,2014-352,2,330,5,1.0,0.5026505615472546
train,2014-352,2,330,6,0.0,0.34122919222476844
train,2014-352,2,330,7,1.0,0.4542990941402279
train,2014-352,2,330,8,1.0,0.7021659061716928
train,2014-352,2,330,9,0.0,0.6630554152470979
train,2014-352,2,330,10,1.0,0.754167890731851
train,2014-352,2,330,11,1.0,0.591717571034036
train,2014-352,2,330,12,1.0,0.5189776030492516
train,2014-352,2,330,13,1.0,0.7644273353120665
train,2014-352,2,330,14,0.0,0.7769652714491232
train,2014-352,2,330,15,0.0,0.2998700568234212
train,2014-352,3,331,0,1.0,0.7348502589043048
train,2014-352,3,331,1,1.0,0.8045743288059295
train,2014-352,3,331,2,1.0,0.49026045472791885
train,2014-352,3,331,3,0.0,0.7627754726875808
train,2014-352,3,331,4,0.0,0.08681859766575586
train,2014-352,3,331,5,0.0,0.32460589655566985
train,2014-352,3,331,6,1.0,0.6645696571276545
train,2014-352,3,331,7,1.0,0.804244840006977
train,2014-352,3,331,8,0.0,0.17337350563447484
train,2014-352,3,331,9,0.0,0.38445554404906024
train,2014-352,3,331,10,0.0,0.7188619538082491
train,2014-352,3,331,11,1.0,0.8695147394008234
train,2014-352,3,331,12,0.0,0.14416099733528365
train,2014-352,3,331,13,0.0,0.3391079132753269
train,2014-352,3,331,14,0.0,0.2833520786396119
train,2014-352,3,331,15,0.0,0.11389318372909878
train,2014-352,4,332,0,1.0,0.7943044664428908
train,2014-352,4,332,1,0.0,0.18436688278410687
train,2014-352,4,332,2,1.0,0.6913786557443542
train,2014-352,4,332,3,1.0,0.45987204798100545
train,2014-352,4,332,4,1.0,0.34440248748897645
train,2014-352,4,332,5,1.0,0.7177080321261109
train,2014-352,4,332,6,1.0,0.9536976877217833
train,2014-352,4,332,7,0.0,0.33265913040640455
train,2014-352,5,333,0,1.0,0.34621750109040117
train,2014-352,5,333,1,1.0,0.7329973636228876
train,2014-352,5,333,2,0.0,0.3011161144292027
train,2014-352,5,333,3,0.0,0.8066710260269832
train,2014-352,6,334,0,0.0,0.18692302657540263
train,2014-352,6,334,1,1.0,0.5487907327929721
train,2014-352,7,335,0,1.0,0.7914688885709323
train,2014-403,1,266,0,1.0,0.6251298812239771
train,2014-403,1,266,1,1.0,0.3829490900036059
train,2014-403,1,266,2,1.0,0.5306247114217862
train,2014-403,1,266,3,1.0,0.36180271775901335
train,2014-403,1,266,4,1.0,0.5679704403504652
train,2014-403,1,266,5,0.0,0.35804296608991365
train,2014-403,1,266,6,0.0,0.36140105499320924
train,2014-403,1,266,7,1.0,0.6703461116151592
train,2014-403,1,266,8,0.0,0.5652549642211545
train,2014-403,1,266,9,1.0,0.5793138025155248
train,2014-403,1,266,10,1.0,0.4070736358812297
train,2014-403,1,266,11,1.0,0.6450676807214601
train,2014-403,1,266,12,1.0,0.6863435335305171
train,2014-403,1,266,13,1.0,0.5370658973211972
train,2014-403,1,266,14,0.0,0.37958983720334727
train,2014-403,1,266,15,0.0,0.4159455337375073
train,2014-403,1,266,16,1.0,0.513026830604054
train,2014-403,1,266,17,1.0,0.8081038564528816
train,2014-403,1,266,18,0.0,0.387948282122465
train,2014-403,1,266,19,0.0,0.502641148050639
train,2014-403,1,266,20,0.0,0.3461079953039518
train,2014-403,1,266,21,1.0,0.6224027410931334
train,2014-403,1,266,22,0.0,0.5438727803714514
train,2014-403,1,266,23,0.0,0.4384631014056346
train,2014-403,1,266,24,0.0,0.5959524316903013
train,2014-403,1,266,25,0.0,0.35502184848883456
train,2014-403,1,266,26,1.0,0.6466120945202612
train,2014-403,1,266,27,1.0,0.7349459097432368
train,2014-403,1,266,28,0.0,0.14990951137003974
train,2014-403,1,266,29,1.0,0.46809417109043394
train,2014-403,1,266,30,0.0,0.6161607960043354
train,2014-403,1,266,31,0.0,0.5160655240168076
train,2014-403,2,267,0,0.0,0.04085803511677873
train,2014-403,2,267,1,1.0,0.650366976768389
train,2014-403,2,267,2,1.0,0.6017051667281297
train,2014-403,2,267,3,0.0,0.22838800648008234
train,2014-403,2,267,4,1.0,0.8199591424128803
train,2014-403,2,267,5,1.0,0.3497108349465464
train,2014-403,2,267,6,0.0,0.2560808301564011
train,2014-403,2,267,7,1.0,0.8659297419742903
train,2014-403,2,267,8,0.0,0.12771591427573484
train,2014-403,2,267,9,1.0,0.5001752274766076
train,2014-403,2,267,10,0.0,0.22182137842746702
train,2014-403,2,267,11,1.0,0.8016798249997444
train,2014-403,2,267,12,1.0,0.7473862294628348
train,2014-403,2,267,13,1.0,0.622345355638676
train,2014-403,2,267,14,0.0,0.8158858016299038
train,2014-403,2,267,15,1.0,0.8367616259143633
train,2014-403,2,267,16,1.0,0.9440573779923443
train,2014-403,2,267,17,0.0,0.6590763497067729
train,2014-403,2,267,18,1.0,0.5830505676148657
train,2014-403,2,267,19,0.0,0.24778055148503875
train,2014-403,2,267,20,0.0,0.7717705629902882
train,2014-403,2,267,21,0.0,0.3550228293646264
train,2014-403,2,267,22,0.0,0.6365704956947497
train,2014-403,2,267,23,0.0,0.09359027499364549
train,2014-403,2,267,24,1.0,0.34905766546503236
train,2014-403,2,267,25,1.0,0.23042064864807824
train,2014-403,2,267,26,0.0,0.19886048581244853
train,2014-403,2,267,27,1.0,0.7190703035270474
train,2014-403,2,267,28,0.0,0.694553754305439
train,2014-403,2,267,29,0.0,0.4537043388794118
train,2014-403,2,267,30,1.0,0.9405670039708675
train,2014-403,2,267,31,1.0,0.686912893295316
train,2014-403,3,268,0,0.0,0.1980054801070639
train,2014-403,3,268,1,1.0,0.8500138872821741
train,2014-403,3,268,2,1.0,0.49325028393074966
train,2014-403,3,268,3,0.0,0.20251940175705213
train,2014-403,3,268,4,1.0,0.3379214417003049
train,2014-403,3,268,5,1.0,0.9301250116625567
train,2014-403,3,268,6,0.0,0.4470361952299027
train,2014-403,3,268,7,0.0,0.1182113137302083
train,2014-403,3,268,8,1.0,0.48548672027951395
train,2014-403,3,268,9,1.0,0.9409417853068939
train,2014-403,3,268,10,1.0,0.4330719336714238
train,2014-403,3,268,11,0.0,0.16671993967497617
train,2014-403,3,268,12,0.0,0.24587938207316234
train,2014-403,3,268,13,1.0,0.855900693509462
train,2014-403,3,268,14,1.0,0.6024187805627843
train,2014-403,3,268,15,1.0,0.9550477463197594
train,2014-403,4,269,0,1.0,0.7614571331853062
train,2014-403,4,269,1,1.0,0.9421590698114065
train,2014-403,4,269,2,0.0,0.33076973669059784
train,2014-403,4,269,3,1.0,0.2574287143940029
train,2014-403,4,269,4,0.0,0.12430021623854688
train,2014-403,4,269,5,0.0,0.7699227569200711
train,2014-403,4,269,6,0.0,0.1607335891539503
train,2014-403,4,269,7,0.0,0.08562951285806583
train,2014-403,5,270,0,1.0,0.8423376001933163
train,2014-403,5,270,1,1.0,0.14781837889543453
train,2014-403,5,270,2,1.0,0.7725525121080224
train,2014-403,5,270,3,0.0,0.14766232193272102
train,2014-403,6,271,0,0.0,0.09298272444944704
train,2014-403,6,271,1,0.0,0.2593745780414119
train,2014-403,7,272,0,1.0,0.7069855804889583
train,2014-404,1,259,0,0.0,0.4882050795555599
train,2014-404,1,259,1,1.0,0.5827631780395881
train,2014-404,1,259,2,0.0,0.6205504438517097
train,2014-404,1,259,3,0.0,0.5779695799109578
train,2014-404,1,259,4,1.0,0.5649293730367774
train,2014-404,1,259,5,1.0,0.6663938665838474
train,2014-404,1,259,6,0.0,0.4170606961243518
train,2014-404,1,259,7,1.0,0.7594815705928476
train,2014-404,1,259,8,0.0,0.6230784496402765
train,2014-404,1,259,9,0.0,0.2723086309754554
train,2014-404,1,259,10,1.0,0.535250911006044
train,2014-404,1,259,11,0.0,0.5471787080585789
train,2014-404,1,259,12,0.0,0.311770191374363
train,2014-404,1,259,13,1.0,0.40061509636754383
train,2014-404,1,259,14,0.0,0.3342209609884724
train,2014-404,1,259,15,0.0,0.38058515803052023
train,2014-404,1,259,16,1.0,0.6045749617358177
train,2014-404,1,259,17,0.0,0.524740044385491
train,2014-404,1,259,18,0.0,0.5161608199762858
train,2014-404,1,259,19,1.0,0.4479708811486406
train,2014-404,1,259,20,1.0,0.8035650749869774
train,2014-404,1,259,21,1.0,0.6786396671263776
train,2014-404,1,259,22,0.0,0.2787017515501607
train,2014-404,1,259,23,1.0,0.5811453049796564
train,2014-404,1,259,24,0.0,0.29173947804004297
train,2014-404,1,259,25,0.0,0.5039040127735959
train,2014-404,1,259,26,1.0,0.7481472492044708
train,2014-404,1,259,27,0.0,0.2219227065718181
train,2014-404,1,259,28,0.0,0.3868287129338948
train,2014-404,1,259,29,1.0,0.2979031852031398
train,2014-404,1,259,30,0.0,0.6615400825646751
train,2014-404,1,259,31,0.0,0.4114732650161
train,2014-404,2,260,0,0.0,0.3008048613605943
train,2014-404,2,260,1,0.0,0.7381456963123388
train,2014-404,2,260,2,1.0,0.9638535298002234
train,2014-404,2,260,3,1.0,0.692372148261412
train,2014-404,2,260,4,0.0,0.7850093934341241
train,2014-404,2,260,5,0.0,0.23075995216591141
train,2014-404,2,260,6,0.0,0.662438841589176
train,2014-404,2,260,7,0.0,0.14967356185371083
train,2014-404,2,260,8,0.0,0.8177509225883834
train,2014-404,2,260,9,0.0,0.7353597045111467
train,2014-404,2,260,10,0.0,0.3932693939100567
train,2014-404,2,260,11,0.0,0.2645446733695029
train,2014-404,2,260,12,1.0,0.6316715853065682
train,2014-404,2,260,13,0.0,0.6501186162882706
train,2014-404,2,260,14,1.0,0.27467691394556754
train,2014-404,2,260,15,1.0,0.742456759811227
train,2014-404,2,260,16,1.0,0.9223566485234919
train,2014-404,2,260,17,0.0,0.24051062545170399
train,2014-404,2,260,18,0.0,0.46407647931231505
train,2014-404,2,260,19,1.0,0.4808692633200318
train,2014-404,2,260,20,1.0,0.654200048436907
train,2014-404,2,260,21,1.0,0.7055184810196727
train,2014-404,2,260,22,0.0,0.5801843884277058
train,2014-404,2,260,23,1.0,0.8797973190980463
train,2014-404,2,260,24,1.0,0.8062324094489091
train,2014-404,2,260,25,1.0,0.41518798231300524
train,2014-404,2,260,26,1.0,0.6935291187227653
train,2014-404,2,260,27,0.0,0.3365327170765021
train,2014-404,2,260,28,1.0,0.29728072873751277
train,2014-404,2,260,29,1.0,0.6939178262550084
train,2014-404,2,260,30,0.0,0.21900497212252165
train,2014-404,2,260,31,0.0,0.07452170415222467
train,2014-404,3,261,0,1.0,0.10708274591843055
train,2014-404,3,261,1,1.0,0.8258406106797236
train,2014-404,3,261,2,1.0,0.7018205602460826
train,2014-404,3,261,3,0.0,0.14117301885013295
train,2014-404,3,261,4,1.0,0.33073935601540505
train,2014-404,3,261,5,1.0,0.7320629058230222
train,2014-404,3,261,6,1.0,0.2983597376251066
train,2014-404,3,261,7,1.0,0.42383514935736677
train,2014-404,3,261,8,1.0,0.9691702495315115
train,2014-404,3,261,9,1.0,0.46014391546220224
train,2014-404,3,261,10,1.0,0.6240140725110024
train,2014-404,3,261,11,1.0,0.7473181587604357
train,2014-404,3,261,12,1.0,0.673443878809655
train,2014-404,3,261,13,0.0,0.7105298177253739
train,2014-404,3,261,14,1.0,0.5341928943218306
train,2014-404,3,261,15,0.0,0.11078891062659177
train,2014-404,4,262,0,1.0,0.9341324699074334
train,2014-404,4,262,1,1.0,0.34709102685956933
train,2014-404,4,262,2,0.0,0.6849758353220837
train,2014-404,4,262,3,1.0,0.43558501516952775
train,2014-404,4,262,4,1.0,0.8496636972568897
train,2014-404,4,262,5,0.0,0.7853709941466734
train,2014-404,4,262,6,0.0,0.6946341685225033
train,2014-404,4,262,7,1.0,0.47195609402261407
train,2014-404,5,263,0,1.0,0.9329458587561301
train,2014-404,5,263,1,1.0,0.6166031118536538
train,2014-404,5,263,2,1.0,0.8333894988069865
train,2014-404,5,263,3,1.0,0.32885584577742394
train,2014-404,6,264,0,0.0,0.1464859212940771
train,2014-404,6,264,1,0.0,0.07775163363611548
train,2014-404,7,265,0,0.0,0.25488017405089836
train,2014-410,2,273,0,1.0,0.27847301294016213
train,2014-410,2,273,1,0.0,0.5550750397960417
train,2014-410,2,273,2,1.0,0.49424459545302313
train,2014-410,2,273,3,1.0,0.746444631836738
train,2014-410,2,273,4,0.0,0.3245088352564054
train,2014-410,2,273,5,1.0,0.7241308256811312
train,2014-410,2,273,6,0.0,0.5164717525666331
train,2014-410,2,273,7,1.0,0.6898712849869244
train,2014-410,2,273,8,0.0,0.24938755330642312
train,2014-410,2,273,9,0.0,0.3063077728395244
train,2014-410,2,273,10,0.0,0.30261032116417597
train,2014-410,2,273,11,1.0,0.33100679991022636
train,2014-410,2,273,12,0.0,0.23886686600530443
train,2014-410,2,273,13,1.0,0.7227876271007986
train,2014-410,2,273,14,0.0,0.646170175804268
train,2014-410,2,273,15,0.0,0.7377699325195094
train,2014-410,2,273,16,0.0,0.31581179110353647
train,2014-410,2,273,17,1.0,0.33109193700369105
train,2014-410,2,273,18,0.0,0.49701069175284684
train,2014-410,2,273,19,0.0,0.3618358994439298
train,2014-410,2,273,20,1.0,0.5805881188028529
train,2014-410,2,273,21,1.0,0.345043883580142
train,2014-410,2,273,22,0.0,0.30083741640784756
train,2014-410,2,273,23,0.0,0.30024694489520115
train,2014-410,3,274,0,0.0,0.7103363834331602
train,2014-410,3,274,1,1.0,0.2541594688568759
train,2014-410,3,274,2,0.0,0.11283287153800245
train,2014-410,3,274,3,1.0,0.928539368267157
train,2014-410,3,274,4,1.0,0.3555464375466577
train,2014-410,3,274,5,0.0,0.34169829376596017
train,2014-410,3,274,6,1.0,0.7410802732750834
train,2014-410,3,274,7,0.0,0.5156102280752012
train,2014-410,3,274,8,1.0,0.9722042197716193
train,2014-410,3,274,9,1.0,0.6798278449796812
train,2014-410,3,274,10,1.0,0.5610493895603258
train,2014-410,3,274,11,1.0,0.8076314428945172
train,2014-410,3,274,12,0.0,0.14104757349067823
train,2014-410,3,274,13,0.0,0.42842028063252624
train,2014-410,3,274,14,0.0,0.21636888818690875
train,2014-410,3,274,15,0.0,0.050525428088685057
train,2014-410,4,275,0,0.0,0.06679897972595385
train,2014-410,4,275,1,0.0,0.8723843314900971
train,2014-410,4,275,2,0.0,0.17241033030243835
train,2014-410,4,275,3,1.0,0.6511609222700522
train,2014-410,4,275,4,1.0,0.5906035465847226
train,2014-410,4,275,5,1.0,0.9340635431175042
train,2014-410,4,275,6,0.0,0.029597284841672466
train,2014-410,4,275,7,0.0,0.20792901337390784
train,2014-410,5,276,0,1.0,0.2532973138583802
train,2014-410,5,276,1,0.0,0.2968923921922835
train,2014-410,5,276,2,0.0,0.11629618545887682
train,2014-410,5,276,3,1.0,0.9555838998664092
train,2014-410,6,277,0,1.0,0.4285034514956537
train,2014-410,6,277,1,0.0,0.7289329392131726
train,2014-410,7,278,0,1.0,0.24722572320508074
train,2014-416,2,285,0,1.0,0.21323159654213558
train,2014-416,2,285,1,1.0,0.6661081885166023
train,2014-416,2,285,2,1.0,0.2301264582909123
train,2014-416,2,285,3,0.0,0.3715638158813098
train,2014-416,2,285,4,1.0,0.25899647113749946
train,2014-416,2,285,5,1.0,0.46526802961196795
train,2014-416,2,285,6,1.0,0.692194776234001
train,2014-416,2,285,7,0.0,0.5076173866160684
train,2014-416,2,285,8,1.0,0.707460308343247
train,2014-416,2,285,9,0.0,0.5609947355611504
train,2014-416,2,285,10,0.0,0.7929038528309142
train,2014-416,2,285,11,0.0,0.2397616893611442
train,2014-416,2,285,12,1.0,0.7397658887123656
train,2014-416,2,285,13,0.0,0.4808691403454766
train,2014-416,2,285,14,1.0,0.5593235222087135
train,2014-416,2,285,15,1.0,0.5386662340654624
train,2014-416,2,285,16,0.0,0.3643817561769
train,2014-416,2,285,17,0.0,0.378096768113313
train,2014-416,2,285,18,1.0,0.6833652050226118
train,2014-416,2,285,19,1.0,0.6440608551162187
train,2014-416,2,285,20,1.0,0.6095115494568523
train,2014-416,2,285,21,1.0,0.34760411237979943
train,2014-416,2,285,22,0.0,0.4605457126510728
train,2014-416,2,285,23,1.0,0.5124979335676464
train,2014-416,3,286,0,0.0,0.6270322754220818
train,2014-416,3,286,1,1.0,0.6646878121349727
train,2014-416,3,286,2,1.0,0.8792281175009482
train,2014-416,3,286,3,0.0,0.9228895197350199
train,2014-416,3,286,4,0.0,0.3759324345297314
train,2014-416,3,286,5,0.0,0.3575529208292134
train,2014-416,3,286,6,0.0,0.12225517928043018
train,2014-416,3,286,7,0.0,0.15169088553653784
train,2014-416,3,286,8,0.0,0.213228300392922
train,2014-416,3,286,9,1.0,0.9462440985572812
train,2014-416,3,286,10,0.0,0.5949774570422964
train,2014-416,3,286,11,0.0,0.06603228644209447
train,2014-416,3,286,12,1.0,0.8438157016268073
train,2014-416,3,286,13,1.0,0.7224657426374202
train,2014-416,3,286,14,1.0,0.2993115508042302
train,2014-416,3,286,15,1.0,0.9303073653686958
train,2014-416,4,287,0,0.0,0.06955759257808851
train,2014-416,4,287,1,0.0,0.8512193565888369
train,2014-416,4,287,2,1.0,0.2688519986503502
train,2014-416,4,287,3,1.0,0.5971612621163908
train,2014-416,4,287,4,1.0,0.8119299015201588
train,2014-416,4,287,5,0.0,0.058848438751752996
train,2014-416,4,287,6,1.0,0.8532059335831526
train,2014-416,4,287,7,0.0,0.4291321851389743
train,2014-416,5,288,0,1.0,0.816059750212785
train,2014-416,5,288,1,1.0,0.6515259799590118
train,2014-416,5,288,2,0.0,0.2855167753877902
train,2014-416,5,288,3,0.0,0.20217707818353
train,2014-416,6,289,0,1.0,0.8814302177495968
train,2014-416,6,289,1,1.0,0.8722077623220612
train,2014-416,7,290,0,1.0,0.5605342428522548
train,2014-421,2,305,0,0.0,0.21038688788188936
train,2014-421,2,305,1,1.0,0.7339517852349501
train,2014-421,2,305,2,0.0,0.27154103639966726
train,2014-421,2,305,3,0.0,0.4368642589067239
train,2014-421,2,305,4,1.0,0.3956666682791857
train,2014-421,2,305,5,0.0,0.46874629674148266
train,2014-421,2,305,6,0.0,0.16648667884173474
train,2014-421,2,305,7,0.0,0.42133082738718
train,2014-421,2,305,8,1.0,0.5500213801613664
train,2014-421,2,305,9,1.0,0.6482309234309983
train,2014-421,2,305,10,0.0,0.374347237314145
train,2014-421,2,305,11,1.0,0.5032218638143529
train,2014-421,2,305,12,0.0,0.4567659964825625
train,2014-421,2,305,13,1.0,0.7483131818876126
train,2014-421,2,305,14,0.0,0.5469339289715199
train,2014-421,2,305,15,1.0,0.4580102909260742
train,2014-421,2,305,16,1.0,0.48184794559614436
train,2014-421,2,305,17,0.0,0.6003670975393959
train,2014-421,2,305,18,0.0,0.20601751702493926
train,2014-421,2,305,19,1.0,0.2726109431046845
train,2014-421,2,305,20,1.0,0.6824497615853233
train,2014-421,2,305,21,1.0,0.20901463912160456
train,2014-421,2,305,22,1.0,0.2440208981459149
train,2014-421,2,305,23,0.0,0.3398032274753758
train,2014-421,3,306,0,0.0,0.0454483026694024
train,2014-421,3,306,1,1.0,0.8123780368128843
train,2014-421,3,306,2,0.0,0.5581821895674258
train,2014-421,3,306,3,1.0,0.8968334452388759
train,2014-421,3,306,4,1.0,0.7831641293346329
train,2014-421,3,306,5,0.0,0.46232494540140845
train,2014-421,3,306,6,0.0,0.5991876842391807
train,2014-421,3,306,7,0.0,0.18266615100714645
train,2014-421,3,306,8,0.0,0.2736890675026857
train,2014-421,3,306,9,0.0,0.2250336416404991
train,2014-421,3,306,10,0.0,0.16527070415422043
train,2014-421,3,306,11,0.0,0.1486580217466106
train,2014-421,3,306,12,0.0,0.44369543819544593
train,2014-421,3,306,13,0.0,0.34684114488424594
train,2014-421,3,306,14,1.0,0.6840684256179286
train,2014-421,3,306,15,0.0,0.07436001428873024
train,2014-421,4,307,0,1.0,0.10893405592664987
train,2014-421,4,307,1,1.0,0.7716178313136784
train,2014-421,4,307,2,1.0,0.5856879697356508
train,2014-421,4,307,3,0.0,0.2806015410950562
train,2014-421,4,307,4,0.0,0.6951983089804539
train,2014-421,4,307,5,1.0,0.8345059353461457
train,2014-421,4,307,6,0.0,0.13270047697776038
train,2014-421,4,307,7,0.0,0.7126220051019372
train,2014-421,5,308,0,0.0,0.6864424428120902
train,2014-421,5,308,1,0.0,0.44850060492076177
train,2014-421,5,308,2,0.0,0.7015939285444844
train,2014-421,5,308,3,1.0,0.7468998703567633
train,2014-421,6,309,0,1.0,0.8686865182771067
train,2014-421,6,309,1,0.0,0.44047267618718994
train,2014-421,7,310,0,0.0,0.8234776371607933
train,2014-422,2,311,0,1.0,0.6938189613873029
train,2014-422,2,311,1,1.0,0.6147231540159134
train,2014-422,2,311,2,1.0,0.21501964164395013
train,2014-422,2,311,3,0.0,0.4164884161777911
train,2014-422,2,311,4,0.0,0.5323898635888932
train,2014-422,2,311,5,0.0,0.5835100986089857
train,2014-422,2,311,6,1.0,0.6284993176621841
train,2014-422,2,311,7,0.0,0.5156768359887977
train,2014-422,2,311,8,1.0,0.7993007806925748
train,2014-422,2,311,9,0.0,0.7745583318046955
train,2014-422,2,311,10,0.0,0.4011690559545402
train,2014-422,2,311,11,1.0,0.69214467398799
train,2014-422,2,311,12,0.0,0.6478883456859148
train,2014-422,2,311,13,0.0,0.7362804849762374
train,2014-422,2,311,14,0.0,0.6688695826130825
train,2014-422,2,311,15,0.0,0.21000122307239116
train,2014-422,2,311,16,0.0,0.25641546662250014
train,2014-422,2,311,17,0.0,0.4983099301514049
train,2014-422,2,311,18,1.0,0.5822452739814047
train,2014-422,2,311,19,0.0,0.4745792414372894
train,2014-422,2,311,20,0.0,0.5179111987442039
train,2014-422,2,311,21,0.0,0.3425922859034253
train,2014-422,2,311,22,0.0,0.3443684298778035
train,2014-422,2,311,23,1.0,0.7005602400384325
train,2014-422,3,312,0,1.0,0.46031334364882337
train,2014-422,3,312,1,1.0,0.721030806428678
train,2014-422,3,312,2,0.0,0.12285019668265955
train,2014-422,3,312,3,1.0,0.2403053225913543
train,2014-422,3,312,4,0.0,0.3836488042129554
train,2014-422,3,312,5,1.0,0.22221472750699853
train,2014-422,3,312,6,1.0,0.8992974307334813
train,2014-422,3,312,7,1.0,0.27799422607296187
train,2014-422,3,312,8,0.0,0.1863846673201984
train,2014-422,3,312,9,1.0,0.9418514227539982
train,2014-422,3,312,10,0.0,0.3395378037669806
train,2014-422,3,312,11,1.0,0.8380650648266752
train,2014-422,3,312,12,1.0,0.7919366475354785
train,2014-422,3,312,13,0.0,0.34515507644086535
train,2014-422,3,312,14,0.0,0.515652002740639
train,2014-422,3,312,15,1.0,0.9188804287009043
train,2014-422,4,313,0,0.0,0.8951313883017779
train,2014-422,4,313,1,0.0,0.12296198387430612
train,2014-422,4,313,2,1.0,0.660096515867234
train,2014-422,4,313,3,0.0,0.14645574600704087
train,2014-422,4,313,4,1.0,0.59668841168636
train,2014-422,4,313,5,0.0,0.2828671374443578
train,2014-422,4,313,6,1.0,0.8010939408563189
train,2014-422,4,313,7,0.0,0.30785561809570094
train,2014-422,5,314,0,0.0,0.2675226752528541
train,2014-422,5,314,1,0.0,0.6778142390806579
train,2014-422,5,314,2,1.0,0.7314507131922959
train,2014-422,5,314,3,1.0,0.7376847072589039
train,2014-422,6,315,0,0.0,0.2739767702843569
train,2014-422,6,315,1,0.0,0.22082703553537503
train,2014-422,7,316,0,0.0,0.26050682371673156
train,2014-5014,2,324,0,0.0,0.15596070347303093
train,2014-5014,2,324,1,1.0,0.5796927566314387
train,2014-5014,2,324,2,1.0,0.2522158131482255
train,2014-5014,2,324,3,1.0,0.803729538668071
train,2014-5014,2,324,4,0.0,0.3618734348458191
train,2014-5014,2,324,5,1.0,0.7849949919285495
train,2014-5014,2,324,6,1.0,0.43652264914454775
train,2014-5014,2,324,7,0.0,0.37851421108565114
train,2014-5014,2,324,8,0.0,0.23011627871715779
train,2014-5014,2,324,9,0.0,0.13697761733329292
train,2014-5014,2,324,10,0.0,0.4886949243085623
train,2014-5014,2,324,11,0.0,0.4256584449459201
train,2014-5014,2,324,12,1.0,0.608763372467586
train,2014-5014,2,324,13,0.0,0.8018709774055002
train,2014-5014,2,324,14,0.0,0.48546745923963475
train,2014-5014,2,324,15,0.0,0.16810614589951095
train,2014-5014,2,324,16,1.0,0.7382171163812786
train,2014-5014,2,324,17,0.0,0.3670920887622582
train,2014-5014,2,324,18,0.0,0.3059430361246715
train,2014-5014,2,324,19,1.0,0.5559660627030506
train,2014-5014,2,324,20,0.0,0.3414409141375726
train,2014-5014,2,324,21,1.0,0.37342886166719536
train,2014-5014,2,324,22,1.0,0.16521758799054828
train,2014-5014,2,324,23,0.0,0.6199595134455548
train,2014-5014,3,325,0,0.0,0.8498749005058792
train,2014-5014,3,325,1,0.0,0.27933811159247607
train,2014-5014,3,325,2,0.0,0.44320948619287837
train,2014-5014,3,325,3,1.0,0.16253383384555037
train,2014-5014,3,325,4,1.0,0.32457156277815186
train,2014-5014,3,325,5,0.0,0.34415580264403045
train,2014-5014,3,325,6,0.0,0.5811407031643917
train,2014-5014,3,325,7,0.0,0.8066715070204221
train,2014-5014,3,325,8,1.0,0.35315582582863825
train,2014-5014,3,325,9,1.0,0.4443970049675994
train,2014-5014,3,325,10,0.0,0.2915115944479528
train,2014-5014,3,325,11,0.0,0.11176197422156052
train,2014-5014,3,325,12,0.0,0.19562894381012783
train,2014-5014,3,325,13,0.0,0.15727244319323846
train,2014-5014,3,325,14,0.0,0.12410791602001285
train,2014-5014,3,325,15,1.0,0.31499417978768485
train,2014-5014,4,326,0,1.0,0.8857946490709837
train,2014-5014,4,326,1,1.0,0.5036677863204538
train,2014-5014,4,326,2,1.0,0.7010301545659808
train,2014-5014,4,326,3,1.0,0.7662267449238629
train,2014-5014,4,326,4,1.0,0.7479399843650417
train,2014-5014,4,326,5,1.0,0.627747845934655
train,2014-5014,4,326,6,1.0,0.4514572354222912
train,2014-5014,4,326,7,1.0,0.836108608685394
train,2014-5014,5,327,0,1.0,0.6925362926793442
train,2014-5014,5,327,1,0.0,0.1811196433776001
train,2014-5014,5,327,2,1.0,0.3738063463347477
train,2014-5014,5,327,3,0.0,0.38346646771601883
train,2014-5014,6,328,0,1.0,0.5301932366239342
train,2014-5014,6,328,1,1.0,0.5666088334423975
train,2014-5014,7,329,0,0.0,0.19621521884546297
train,2014-520,1,291,0,0.0,0.3052271548341735
train,2014-520,1,291,1,1.0,0.7445352898511642
train,2014-520,1,291,2,1.0,0.7173672701190239
train,2014-520,1,291,3,0.0,0.45186797458879613
train,2014-520,1,291,4,1.0,0.43839412583988674
train,2014-520,1,291,5,1.0,0.7618104102047745
train,2014-520,1,291,6,0.0,0.16596984516117472
train,2014-520,1,291,7,1.0,0.5464419069763529
train,2014-520,1,291,8,1.0,0.6016947569385886
train,2014-520,1,291,9,1.0,0.6865517949870017
train,2014-520,1,291,10,1.0,0.8062733968029987
train,2014-520,1,291,11,0.0,0.38600645088690755
train,2014-520,1,291,12,0.0,0.6913554879085704
train,2014-520,1,291,13,0.0,0.86108524208187
train,2014-520,1,291,14,1.0,0.8866649058382674
train,2014-520,1,291,15,1.0,0.7699520154259875
train,2014-520,1,291,16,1.0,0.5710336677781488
train,2014-520,1,291,17,0.0,0.4718233773078272
train,2014-520,1,291,18,1.0,0.5435536861760357
train,2014-520,1,291,19,0.0,0.46480668098340794
train,2014-520,1,291,20,0.0,0.8089125420151755
train,2014-520,1,291,21,0.0,0.848199072303591
train,2014-520,1,291,22,1.0,0.4452138998029359
train,2014-520,1,291,23,0.0,0.47845242085606193
train,2014-520,1,291,24,0.0,0.7488339419870551
train,2014-520,1,291,25,1.0,0.5352755650914809
train,2014-520,1,291,26,0.0,0.3250846245098395
train,2014-520,1,291,27,0.0,0.34424305852027937
train,2014-520,1,291,28,1.0,0.9782043062640956
train,2014-520,1,291,29,1.0,0.9646517255299133
train,2014-520,1,291,30,0.0,0.267575907702562
train,2014-520,1,291,31,1.0,0.6570793194388214
train,2014-520,1,291,32,1.0,0.6721816899058403
train,2014-520,1,291,33,1.0,0.453817518215951
train,2014-520,1,291,34,1.0,0.8904977148565258
train,2014-520,1,291,35,1.0,0.6676465507553756
train,2014-520,1,291,36,1.0,0.7615705279512471
train,2014-520,1,291,37,0.0,0.24916841833849937
train,2014-520,1,291,38,0.0,0.3387954251956318
train,2014-520,1,291,39,0.0,0.251409278328053
train,2014-520,1,291,40,1.0,0.10438109864955113
train,2014-520,1,291,41,1.0,0.44129086094536374
train,2014-520,1,291,42,1.0,0.7182610520659163
train,2014-520,1,291,43,0.0,0.1770207765939228
train,2014-520,1,291,44,0.0,0.3800568503025745
train,2014-520,1,291,45,0.0,0.6772023732380966
train,2014-520,1,291,46,1.0,0.8918338671657459
train,2014-520,1,291,47,0.0,0.0368610237736207
train,2014-520,1,291,48,1.0,0.6059736788810195
train,2014-520,1,291,49,0.0,0.27579328374020595
train,2014-520,1,291,50,0.0,0.06265932237662797
train,2014-520,1,291,51,0.0,0.6641037110609301
train,2014-520,1,291,52,1.0,0.6359677707985074
train,2014-520,1,291,53,1.0,0.8593889089550278
train,2014-520,1,291,54,1.0,0.5832442557514548
train,2014-520,1,291,55,0.0,0.5929195057573396
train,2014-520,1,291,56,0.0,0.4471836757754397
train,2014-520,1,291,57,1.0,0.838848127297444
train,2014-520,1,291,58,0.0,0.16973561453215835
train,2014-520,1,291,59,1.0,0.7095333840814506
train,2014-520,1,291,60,0.0,0.2125602953592473
train,2014-520,1,291,61,1.0,0.17474144876504555
train,2014-520,1,291,62,1.0,0.725872716145591
train,2014-520,1,291,63,0.0,0.30028020952996
train,2014-520,2,292,0,1.0,0.4847549795977217
train,2014-520,2,292,1,1.0,0.7250164509254698
train,2014-520,2,292,2,0.0,0.5653425584496564
train,2014-520,2,292,3,0.0,0.19675622108597796
train,2014-520,2,292,4,1.0,0.9531352593087082
train,2014-520,2,292,5,0.0,0.5715172489371447
train,2014-520,2,292,6,1.0,0.7116498105244021
train,2014-520,2,292,7,1.0,0.2758167386181418
train,2014-520,2,292,8,1.0,0.4366911072071645
train,2014-520,2,292,9,1.0,0.7517397941637969
train,2014-520,2,292,10,0.0,0.2078486174226571
train,2014-520,2,292,11,0.0,0.17306862831728842
train,2014-520,2,292,12,1.0,0.7511502101630139
train,2014-520,2,292,13,1.0,0.6690516803717798
train,2014-520,2,292,14,0.0,0.1532189340831931
train,2014-520,2,292,15,1.0,0.6687045796545087
train,2014-520,2,292,16,0.0,0.23084676963578174
train,2014-520,2,292,17,1.0,0.7920050576305677
train,2014-520,2,292,18,1.0,0.7616688315207445
train,2014-520,2,292,19,0.0,0.27881263257424316
train,2014-520,2,292,20,1.0,0.2692735412239613
train,2014-520,2,292,21,1.0,0.679017519532488
train,2014-520,2,292,22,0.0,0.07630895296665262
train,2014-520,2,292,23,1.0,0.5401070086065898
train,2014-520,2,292,24,0.0,0.18469846739572574
train,2014-520,2,292,25,0.0,0.2144796048681795
train,2014-520,2,292,26,0.0,0.2902008465651433
train,2014-520,2,292,27,1.0,0.6126192992770619
train,2014-520,2,292,28,0.0,0.07738254674010528
train,2014-520,2,292,29,1.0,0.9300178501153675
train,2014-520,2,292,30,0.0,0.577134158004219
train,2014-520,2,292,31,1.0,0.9385416789750024
train,2014-520,3,293,0,1.0,0.5965604197311968
train,2014-520,3,293,1,1.0,0.5635428447130804
train,2014-520,3,293,2,0.0,0.07676738356521692
train,2014-520,3,293,3,0.0,0.2571126309412849
train,2014-520,3,293,4,1.0,0.7180190459334668
train,2014-520,3,293,5,0.0,0.08375669541204867
train,2014-520,3,293,6,1.0,0.6076656736153208
train,2014-520,3,293,7,0.0,0.4649148700753239
train,2014-520,3,293,8,0.0,0.30970773090413417
train,2014-520,3,293,9,0.0,0.21253620549092678
train,2014-520,3,293,10,1.0,0.4445004543573161
train,2014-520,3,293,11,1.0,0.3877684827166059
train,2014-520,3,293,12,1.0,0.6768401664803629
train,2014-520,3,293,13,0.0,0.1493680354186723
train,2014-520,3,293,14,1.0,0.7018803069964902
train,2014-520,3,293,15,0.0,0.04262310950167979
train,2014-520,4,294,0,1.0,0.8853642980784782
train,2014-520,4,294,1,1.0,0.796056097180069
train,2014-520,4,294,2,1.0,0.12326826330708553
train,2014-520,4,294,3,0.0,0.24781449074973574
train,2014-520,4,294,4,1.0,0.7569301582879863
train,2014-520,4,294,5,1.0,0.43666506588480364
train,2014-520,4,294,6,0.0,0.18323495794255282
train,2014-520,4,294,7,0.0,0.05796309918079322
train,2014-520,5,295,0,1.0,0.864387212022709
train,2014-520,5,295,1,0.0,0.7513954042124695
train,2014-520,5,295,2,0.0,0.20949946415633622
train,2014-520,5,295,3,1.0,0.7830332972737584
train,2014-520,6,296,0,1.0,0.9070665506437203
train,2014-520,6,296,1,1.0,0.8225890899154435
train,2014-520,7,297,0,0.0,0.5177688650298047
train,2014-540,1,298,0,1.0,0.9464163854951286
train,2014-540,1,298,1,1.0,0.6341858473166899
train,2014-540,1,298,2,0.0,0.6368930691393077
train,2014-540,1,298,3,0.0,0.13982939656360885
train,2014-540,1,298,4,1.0,0.4247030707714552
train,2014-540,1,298,5,1.0,0.29183931775962146
train,2014-540,1,298,6,0.0,0.23497274316886926
train,2014-540,1,298,7,0.0,0.17575335251016772
train,2014-540,1,298,8,1.0,0.35035177694363095
train,2014-540,1,298,9,1.0,0.6786709188123347
train,2014-540,1,298,10,0.0,0.19032437844439334
train,2014-540,1,298,11,1.0,0.8223084534404452
train,2014-540,1,298,12,1.0,0.41657866992392306
train,2014-540,1,298,13,1.0,0.3824271346768112
train,2014-540,1,298,14,0.0,0.08882966175262985
train,2014-540,1,298,15,0.0,0.09971053744081734
train,2014-540,1,298,16,0.0,0.378662218500191
train,2014-540,1,298,17,1.0,0.5647114129905529
train,2014-540,1,298,18,0.0,0.2547249611321041
train,2014-540,1,298,19,1.0,0.25182029449968596
train,2014-540,1,298,20,1.0,0.44049431178044973
train,2014-540,1,298,21,0.0,0.42713998508476103
train,2014-540,1,298,22,0.0,0.1618038426782479
train,2014-540,1,298,23,0.0,0.2664777031621931
train,2014-540,1,298,24,0.0,0.2629128340014714
train,2014-540,1,298,25,0.0,0.6190119195312813
train,2014-540,1,298,26,1.0,0.7617178277283485
train,2014-540,1,298,27,0.0,0.5582264280709538
train,2014-540,1,298,28,0.0,0.2276618281461587
train,2014-540,1,298,29,0.0,0.24897980588237648
train,2014-540,1,298,30,1.0,0.9674251137351728
train,2014-540,1,298,31,1.0,0.5893560579786332
train,2014-540,1,298,32,1.0,0.5159731706741698
train,2014-540,1,298,33,0.0,0.21074574840876428
train,2014-540,1,298,34,1.0,0.861545745822402
train,2014-540,1,298,35,1.0,0.9046102693958205
train,2014-540,1,298,36,0.0,0.7138803287670058
train,2014-540,1,298,37,0.0,0.23285920245125694
train,2014-540,1,298,38,0.0,0.3338299258068598
train,2014-540,1,298,39,0.0,0.7019655348866178
train,2014-540,1,298,40,0.0,0.18054964730468764
train,2014-540,1,298,41,0.0,0.44827284765918035
train,2014-540,1,298,42,0.0,0.4319533129176201
train,2014-540,1,298,43,0.0,0.34336391646087455
train,2014-540,1,298,44,1.0,0.3618451050892119
train,2014-540,1,298,45,1.0,0.5925054694644215
train,2014-540,1,298,46,0.0,0.33018689685123703
train,2014-540,1,298,47,1.0,0.8505789087994154
train,2014-540,1,298,48,0.0,0.044632156061606934
train,2014-540,1,298,49,1.0,0.8490202153094959
train,2014-540,1,298,50,1.0,0.610960009844015
train,2014-540,1,298,51,0.0,0.294573942920183
train,2014-540,1,298,52,1.0,0.21922452389870353
train,2014-540,1,298,53,1.0,0.47015294146590936
train,2014-540,1,298,54,1.0,0.5415925462229562
train,2014-540,1,298,55,1.0,0.2545058690068478
train,2014-540,1,298,56,1.0,0.7140311592168149
train,2014-540,1,298,57,0.0,0.1885716609927124
train,2014-540,1,298,58,1.0,0.7653317236492888
train,2014-540,1,298,59,0.0,0.41119404139432875
train,2014-540,1,298,60,0.0,0.30299333631003605
train,2014-540,1,298,61,1.0,0.7624978879420866
train,2014-540,1,298,62,1.0,0.5644427944820151
train,2014-540,1,298,63,0.0,0.16838017894799348
train,2014-540,2,299,0,1.0,0.5217263002751901
train,2014-540,2,299,1,1.0,0.7677020936659124
train,2014-540,2,299,2,1.0,0.664726993133032
train,2014-540,2,299,3,1.0,0.6291209363613596
train,2014-540,2,299,4,1.0,0.6673671662003889
train,2014-540,2,299,5,0.0,0.05126572366563144
train,2014-540,2,299,6,0.0,0.7358255811569668
train,2014-540,2,299,7,0.0,0.5476549081483131
train,2014-540,2,299,8,0.0,0.7471552229349631
train,2014-540,2,299,9,1.0,0.8884860812771275
train,2014-540,2,299,10,0.0,0.7916637456160722
train,2014-540,2,299,11,0.0,0.30834571971249425
train,2014-540,2,299,12,1.0,0.8155051104054392
train,2014-540,2,299,13,0.0,0.15902620495856387
train,2014-540,2,299,14,0.0,0.15931152393357037
train,2014-540,2,299,15,1.0,0.5052403128271639
train,2014-540,2,299,16,1.0,0.8298393137629123
train,2014-540,2,299,17,0.0,0.2528152138959792
train,2014-540,2,299,18,0.0,0.3276105437884119
train,2014-540,2,299,19,1.0,0.6304841590684652
train,2014-540,2,299,20,0.0,0.11107256593259038
train,2014-540,2,299,21,0.0,0.14208904385955165
train,2014-540,2,299,22,0.0,0.22645701412148644
train,2014-540,2,299,23,0.0,0.3594859200619115
train,2014-540,2,299,24,0.0,0.7622014255312121
train,2014-540,2,299,25,0.0,0.28736241508158133
train,2014-540,2,299,26,0.0,0.7488290219635845
train,2014-540,2,299,27,1.0,0.6823432430124237
train,2014-540,2,299,28,1.0,0.08018979642038429
train,2014-540,2,299,29,1.0,0.9344683080998292
train,2014-540,2,299,30,1.0,0.9294117277493039
train,2014-540,2,299,31,1.0,0.7573482558519906
train,2014-540,3,300,0,0.0,0.4527098320293233
train,2014-540,3,300,1,0.0,0.1965566994865222
train,2014-540,3,300,2,0.0,0.07039606441576543
train,2014-540,3,300,3,1.0,0.41185894730919315
train,2014-540,3,300,4,1.0,0.8540805499045111
train,2014-540,3,300,5,0.0,0.1810245834937043
train,2014-540,3,300,6,0.0,0.08333705021481061
train,2014-540,3,300,7,0.0,0.36197111919846287
train,2014-540,3,300,8,0.0,0.5808947496807098
train,2014-540,3,300,9,1.0,0.8155093383051714
train,2014-540,3,300,10,0.0,0.38621102988607137
train,2014-540,3,300,11,0.0,0.40465618132370745
train,2014-540,3,300,12,0.0,0.24426795426283052
train,2014-540,3,300,13,0.0,0.7378053788494744
train,2014-540,3,300,14,0.0,0.33619715080925977
train,2014-540,3,300,15,1.0,0.9226171107309707
train,2014-540,4,301,0,0.0,0.9473259324181912
train,2014-540,4,301,1,1.0,0.50746339955344
train,2014-540,4,301,2,1.0,0.8753886509048926
train,2014-540,4,301,3,1.0,0.7731064651933686
train,2014-540,4,301,4,0.0,0.2807166433507355
train,2014-540,4,301,5,0.0,0.20029388937731937
train,2014-540,4,301,6,1.0,0.5836629149333936
train,2014-540,4,301,7,1.0,0.8843692245088867
train,2014-540,5,302,0,0.0,0.17583855740509002
train,2014-540,5,302,1,1.0,0.7580226901035811
train,2014-540,5,302,2,0.0,0.7600100118591245
train,2014-540,5,302,3,0.0,0.09477148488892014
train,2014-540,6,303,0,0.0,0.19840571109294255
train,2014-540,6,303,1,0.0,0.12063163651418271
train,2014-540,7,304,0,1.0,0.6196674011046656
train,2014-560,1,317,0,0.0,0.31532399968927616
train,2014-560,1,317,1,1.0,0.27457289889765046
train,2014-560,1,317,2,0.0,0.7607592095860287
train,2014-560,1,317,3,1.0,0.6803767591034431
train,2014-560,1,317,4,1.0,0.512434829188284
train,2014-560,1,317,5,1.0,0.4258776672830938
train,2014-560,1,317,6,1.0,0.8932438931854154
train,2014-560,1,317,7,0.0,0.2547436979023126
train,2014-560,1,317,8,0.0,0.5940601817189624
train,2014-560,1,317,9,1.0,0.6720597494589697
train,2014-560,1,317,10,1.0,0.34658907081303886
train,2014-560,1,317,11,1.0,0.6806288555829686
train,2014-560,1,317,12,0.0,0.6658273447180507
train,2014-560,1,317,13,1.0,0.4684586107601437
train,2014-560,1,317,14,1.0,0.8547688584688881
train,2014-560,1,317,15,0.0,0.11430710498345649
train,2014-560,1,317,16,1.0,0.18218783204829916
train,2014-560,1,317,17,0.0,0.23437558234523634
train,2014-560,1,317,18,0.0,0.7775424958754691
train,2014-560,1,317,19,0.0,0.366960845948857
train,2014-560,1,317,20,0.0,0.5311363792893111
train,2014-560,1,317,21,0.0,0.18358595451968288
train,2014-560,1,317,22,1.0,0.8992809811494987
train,2014-560,1,317,23,0.0,0.7419583692336413
train,2014-560,1,317,24,0.0,0.42305897869302106
train,2014-560,1,317,25,1.0,0.824226524322573
train,2014-560,1,317,26,0.0,0.5717128276892015
train,2014-560,1,317,27,0.0,0.25676756711256293
train,2014-560,1,317,28,0.0,0.5099044662645204
train,2014-560,1,317,29,0.0,0.02356628604262064
train,2014-560,1,317,30,1.0,0.9379979110003166
train,2014-560,1,317,31,1.0,0.2929354837635348
train,2014-560,1,317,32,0.0,0.6778464059945204
train,2014-560,1,317,33,1.0,0.5898001456851075
train,2014-560,1,317,34,1.0,0.8097360982777064
train,2014-560,1,317,35,0.0,0.06434375050428894
train,2014-560,1,317,36,1.0,0.548573719051306
train,2014-560,1,317,37,1.0,0.41302531708353635
train,2014-560,1,317,38,1.0,0.8151333124464439
train,2014-560,1,317,39,0.0,0.26451347093925637
train,2014-560,1,317,40,0.0,0.32452131765641185
train,2014-560,1,317,41,0.0,0.2135044815963642
train,2014-560,1,317,42,0.0,0.31884761921032123
train,2014-560,1,317,43,0.0,0.39478262458600133
train,2014-560,1,317,44,0.0,0.12972108958922157
train,2014-560,1,317,45,1.0,0.6059379551606582
train,2014-560,1,317,46,1.0,0.6564514865700343
train,2014-560,1,317,47,1.0,0.4004572782063932
train,2014-560,1,317,48,1.0,0.7857814197443754
train,2014-560,1,317,49,0.0,0.6440955651718636
train,2014-560,1,317,50,1.0,0.2526316066481674
train,2014-560,1,317,51,1.0,0.592571101663217
train,2014-560,1,317,52,0.0,0.06051741881039275
train,2014-560,1,317,53,1.0,0.4077380031630568
train,2014-560,1,317,54,0.0,0.6999301310561913
train,2014-560,1,317,55,1.0,0.826068699083604
train,2014-560,1,317,56,0.0,0.23707406254991362
train,2014-560,1,317,57,0.0,0.3530217509670881
train,2014-560,1,317,58,0.0,0.37509999969354857
train,2014-560,1,317,59,1.0,0.8447145991744904
train,2014-560,1,317,60,0.0,0.14992615096773715
train,2014-560,1,317,61,1.0,0.6028377421367775
train,2014-560,1,317,62,0.0,0.3026103814314683
train,2014-560,1,317,63,0.0,0.5164926554427507
train,2014-560,2,318,0,1.0,0.29562915876966156
train,2014-560,2,318,1,0.0,0.12350741735817247
train,2014-560,2,318,2,1.0,0.6746271256582531
train,2014-560,2,318,3,0.0,0.23106599362666302
train,2014-560,2,318,4,1.0,0.8952099401689138
train,2014-560,2,318,5,1.0,0.28267260224593926
train,2014-560,2,318,6,0.0,0.5727643840017824
train,2014-560,2,318,7,1.0,0.7534574128932902
train,2014-560,2,318,8,1.0,0.8119884331609991
train,2014-560,2,318,9,0.0,0.25118730695760294
train,2014-560,2,318,10,1.0,0.8459260900114605
train,2014-560,2,318,11,0.0,0.1550327315338314
train,2014-560,2,318,12,0.0,0.2937554265849076
train,2014-560,2,318,13,0.0,0.751766611891467
train,2014-560,2,318,14,0.0,0.08755153905463466
train,2014-560,2,318,15,1.0,0.3228163800634903
train,2014-560,2,318,16,1.0,0.6142117570806013
train,2014-560,2,318,17,0.0,0.16096714949285668
train,2014-560,2,318,18,0.0,0.19103775855522537
train,2014-560,2,318,19,1.0,0.3594841315106194
train,2014-560,2,318,20,0.0,0.7701831791198572
train,2014-560,2,318,21,1.0,0.8851655703888959
train,2014-560,2,318,22,1.0,0.9271423661039446
train,2014-560,2,318,23,1.0,0.5398439182227176
train,2014-560,2,318,24,0.0,0.6268291042411359
train,2014-560,2,318,25,0.0,0.11152073222183886
train,2014-560,2,318,26,0.0,0.14089131607369693
train,2014-560,2,318,27,0.0,0.29651783531811343
train,2014-560,2,318,28,0.0,0.16608606606284138
train,2014-560,2,318,29,0.0,0.035120999833314646
train,2014-560,2,318,30,0.0,0.4712984602035173
train,2014-560,2,318,31,0.0,0.03942280673580531
train,2014-560,3,319,0,1.0,0.19195790201089996
train,2014-560,3,319,1,1.0,0.3115765430800136
train,2014-560,3,319,2,0.0,0.06786443434878967
train,2014-560,3,319,3,1.0,0.699846057712458
train,2014-560,3,319,4,0.0,0.47666782864545076
train,2014-560,3,319,5,1.0,0.8102668727979389
train,2014-560,3,319,6,0.0,0.44588058980295114
train,2014-560,3,319,7,1.0,0.30718600739223867
train,2014-560,3,319,8,0.0,0.18375119674616885
train,2014-560,3,319,9,1.0,0.9025649416066114
train,2014-560,3,319,10,1.0,0.79710113584279
train,2014-560,3,319,11,0.0,0.26473638443193603
train,2014-560,3,319,12,0.0,0.11190059912551155
train,2014-560,3,319,13,0.0,0.10654757761166127
train,2014-560,3,319,14,0.0,0.14680033293855246
train,2014-560,3,319,15,0.0,0.06948237023936384
train,2014-560,4,320,0,1.0,0.8877092034586426
train,2014-560,4,320,1,1.0,0.43371670415286184
train,2014-560,4,320,2,1.0,0.6203367863083462
train,2014-560,4,320,3,1.0,0.7746704522905832
train,2014-560,4,320,4,1.0,0.3857612636549897
train,2014-560,4,320,5,1.0,0.6732622636921354
train,2014-560,4,320,6,1.0,0.6431029111921439
train,2014-560,4,320,7,0.0,0.07986203106080171
train,2014-560,5,321,0,0.0,0.13041229752903247
train,2014-560,5,321,1,1.0,0.362313157005877
train,2014-560,5,321,2,1.0,0.4394547759092512
train,2014-560,5,321,3,0.0,0.2029980724486328
train,2014-560,6,322,0,1.0,0.14119574770570636
train,2014-560,6,322,1,0.0,0.8506583778099848
train,2014-560,7,323,0,1.0,0.3754702861536454
train,2014-580,1,252,0,0.0,0.5477485912842013
train,2014-580,1,252,1,1.0,0.5682907095884321
train,2014-580,1,252,2,0.0,0.31968445238861676
train,2014-580,1,252,3,0.0,0.5985218885099194
train,2014-580,1,252,4,1.0,0.6371114434185327
train,2014-580,1,252,5,1.0,0.8740434470401585
train,2014-580,1,252,6,1.0,0.15886722225596323
train,2014-580,1,252,7,1.0,0.41707416553924376
train,2014-580,1,252,8,1.0,0.5861724618304621
train,2014-580,1,252,9,0.0,0.46904173428032647
train,2014-580,1,252,10,1.0,0.7527396656762878
train,2014-580,1,252,11,1.0,0.34638025800299216
train,2014-580,1,252,12,1.0,0.34187843919023414
train,2014-580,1,252,13,1.0,0.9259965346544188
train,2014-580,1,252,14,1.0,0.925765406232664
train,2014-580,1,252,15,0.0,0.16471776130052454
train,2014-580,1,252,16,0.0,0.5023947709835114
train,2014-580,1,252,17,1.0,0.672005039892001
train,2014-580,1,252,18,1.0,0.7750067955560065
train,2014-580,1,252,19,1.0,0.6553422036439972
train,2014-580,1,252,20,1.0,0.5451243925490241
train,2014-580,1,252,21,1.0,0.894225164069756
train,2014-580,1,252,22,0.0,0.27828998577355046
train,2014-580,1,252,23,1.0,0.4446063837327742
train,2014-580,1,252,24,1.0,0.4900713067519705
train,2014-580,1,252,25,1.0,0.5986656571567865
train,2014-580,1,252,26,0.0,0.2622856740554481
train,2014-580,1,252,27,1.0,0.5490647818027177
train,2014-580,1,252,28,1.0,0.9726427830056223
train,2014-580,1,252,29,0.0,0.018240516134177567
train,2014-580,1,252,30,0.0,0.6772773932263083
train,2014-580,1,252,31,0.0,0.611413332417434
train,2014-580,1,252,32,1.0,0.3661530983978702
train,2014-580,1,252,33,1.0,0.9457819411613407
train,2014-580,1,252,34,1.0,0.35932350660050155
train,2014-580,1,252,35,1.0,0.6388486340310985
train,2014-580,1,252,36,1.0,0.5681376519910296
train,2014-580,1,252,37,1.0,0.6039128072752007
train,2014-580,1,252,38,1.0,0.717556776462357
train,2014-580,1,252,39,0.0,0.4744485308939131
train,2014-580,1,252,40,0.0,0.08976013428827294
train,2014-580,1,252,41,0.0,0.2595391452650427
train,2014-580,1,252,42,0.0,0.1774816202419295
train,2014-580,1,252,43,0.0,0.2611725846739993
train,2014-580,1,252,44,1.0,0.8042510983287368
train,2014-580,1,252,45,1.0,0.532407185728523
train,2014-580,1,252,46,0.0,0.10278909377411682
train,2014-580,1,252,47,0.0,0.06655251131827734
train,2014-580,1,252,48,0.0,0.24411287093592848
train,2014-580,1,252,49,0.0,0.2826597704536222
train,2014-580,1,252,50,1.0,0.9514990633297392
train,2014-580,1,252,51,0.0,0.38594607924111707
train,2014-580,1,252,52,1.0,0.46194337453916573
train,2014-580,1,252,53,1.0,0.8051772558982905
train,2014-580,1,252,54,0.0,0.6333200834594281
train,2014-580,1,252,55,1.0,0.3952099158931699
train,2014-580,1,252,56,0.0,0.3200808998708884
train,2014-580,1,252,57,0.0,0.18482035324733714
train,2014-580,1,252,58,1.0,0.7979925128598144
train,2014-580,1,252,59,0.0,0.3723975915846946
train,2014-580,1,252,60,1.0,0.7798673115206664
train,2014-580,1,252,61,0.0,0.23600870760628867
train,2014-580,1,252,62,0.0,0.8261620339431862
train,2014-580,1,252,63,1.0,0.6270940100622021
train,2014-580,2,253,0,1.0,0.5326186495771921
train,2014-580,2,253,1,0.0,0.23332829008900585
train,2014-580,2,253,2,0.0,0.5294252464220559
train,2014-580,2,253,3,0.0,0.5246189415980893
train,2014-580,2,253,4,1.0,0.48509416247051296
train,2014-580,2,253,5,0.0,0.5022480489789548
train,2014-580,2,253,6,1.0,0.8775706020202052
train,2014-580,2,253,7,0.0,0.2537385536363511
train,2014-580,2,253,8,0.0,0.3453512994449474
train,2014-580,2,253,9,1.0,0.7215577874242345
train,2014-580,2,253,10,1.0,0.31196840468839565
train,2014-580,2,253,11,1.0,0.8775297762187828
train,2014-580,2,253,12,1.0,0.9360743033219548
train,2014-580,2,253,13,1.0,0.8885699186181721
train,2014-580,2,253,14,1.0,0.22127665199160187
train,2014-580,2,253,15,0.0,0.48374781489804064
train,2014-580,2,253,16,0.0,0.1690534449076699
train,2014-580,2,253,17,1.0,0.377645046321364
train,2014-580,2,253,18,1.0,0.47602057957702976
train,2014-580,2,253,19,1.0,0.7886153646561145
train,2014-580,2,253,20,1.0,0.9387042512617467
train,2014-580,2,253,21,1.0,0.12430804984614145
train,2014-580,2,253,22,0.0,0.2596951494296787
train,2014-580,2,253,23,1.0,0.6378789686708441
train,2014-580,2,253,24,1.0,0.45249586918581075
train,2014-580,2,253,25,1.0,0.8182375665069076
train,2014-580,2,253,26,1.0,0.3024372494879233
train,2014-580,2,253,27,1.0,0.9394422502272678
train,2014-580,2,253,28,0.0,0.47574528687165546
train,2014-580,2,253,29,1.0,0.7539729568755381
train,2014-580,2,253,30,0.0,0.02466429818040957
train,2014-580,2,253,31,1.0,0.9824602305317196
train,2014-580,3,254,0,0.0,0.2375776883803567
train,2014-580,3,254,1,1.0,0.943600270040747
train,2014-580,3,254,2,1.0,0.9549062377066796
train,2014-580,3,254,3,0.0,0.5294757923994231
train,2014-580,3,254,4,1.0,0.3281059167905351
train,2014-580,3,254,5,0.0,0.17059455565134263
train,2014-580,3,254,6,0.0,0.3964835778866809
train,2014-580,3,254,7,0.0,0.32482004313608565
train,2014-580,3,254,8,0.0,0.06509736299801527
train,2014-580,3,254,9,1.0,0.946472259558815
train,2014-580,3,254,10,1.0,0.7616832843592818
train,2014-580,3,254,11,1.0,0.5790367162973402
train,2014-580,3,254,12,0.0,0.17372950251763758
train,2014-580,3,254,13,0.0,0.6379784909478186
train,2014-580,3,254,14,1.0,0.2254881872651386
train,2014-580,3,254,15,0.0,0.2298756834824109
train,2014-580,4,255,0,1.0,0.9624620318462348
train,2014-580,4,255,1,0.0,0.3148954118628113
train,2014-580,4,255,2,0.0,0.21629611141766492
train,2014-580,4,255,3,1.0,0.8730900706413116
train,2014-580,4,255,4,0.0,0.24467964012287755
train,2014-580,4,255,5,0.0,0.11609343127393151
train,2014-580,4,255,6,0.0,0.3655375283383093
train,2014-580,4,255,7,1.0,0.9419423947256677
train,2014-580,5,256,0,0.0,0.9002671264900419
train,2014-580,5,256,1,0.0,0.3302351900833785
train,2014-580,5,256,2,0.0,0.39599572860517135
train,2014-580,5,256,3,1.0,0.948601695224167
train,2014-580,6,257,0,0.0,0.7289990214191693
train,2014-580,6,257,1,1.0,0.8054457391176616
train,2014-580,7,258,0,0.0,0.8894155332588912
train,2015-1536,2,363,0,0.0,0.7344454239154232
train,2015-1536,2,363,1,0.0,0.32049019487939323
train,2015-1536,2,363,2,1.0,0.3353464189953627
train,2015-1536,2,363,3,0.0,0.23857783040708788
train,2015-1536,2,363,4,1.0,0.6805677566195985
train,2015-1536,2,363,5,0.0,0.33151996535101097
train,2015-1536,2,363,6,1.0,0.6898890522284201
train,2015-1536,2,363,7,1.0,0.636773920080017
train,2015-1536,2,363,8,1.0,0.1846064404115107
train,2015-1536,2,363,9,1.0,0.7753173325580707
train,2015-1536,2,363,10,0.0,0.40221451160040594
train,2015-1536,2,363,11,1.0,0.3751709980084429
train,2015-1536,2,363,12,0.0,0.33232201952070034
train,2015-1536,2,363,13,1.0,0.7337964214302702
train,2015-1536,2,363,14,1.0,0.728270905187936
train,2015-1536,2,363,15,0.0,0.42326716191776614
train,2015-1536,2,363,16,0.0,0.2690588312584011
train,2015-1536,2,363,17,0.0,0.46529889370023786
train,2015-1536,2,363,18,0.0,0.39549571466294536
train,2015-1536,2,363,19,0.0,0.3196769496719251
train,2015-1536,2,363,20,1.0,0.5718113288586689
train,2015-1536,2,363,21,0.0,0.4193004413802455
train,2015-1536,2,363,22,1.0,0.7595651306934149
train,2015-1536,2,363,23,0.0,0.2645026262020471
train,2015-1536,3,364,0,0.0,0.13059519177221485
train,2015-1536,3,364,1,0.0,0.7549607856310155
train,2015-1536,3,364,2,1.0,0.3465777660421831
train,2015-1536,3,364,3,1.0,0.7353064826212137
train,2015-1536,3,364,4,0.0,0.21233702429879805
train,2015-1536,3,364,5,1.0,0.6999529106000835
train,2015-1536,3,364,6,0.0,0.49356483007298896
train,2015-1536,3,364,7,0.0,0.2212537019429882
train,2015-1536,3,364,8,1.0,0.7971174114935219
train,2015-1536,3,364,9,1.0,0.677684007603927
train,2015-1536,3,364,10,1.0,0.6637875406629565
train,2015-1536,3,364,11,1.0,0.9096640787703518
train,2015-1536,3,364,12,0.0,0.32334046667767175
train,2015-1536,3,364,13,0.0,0.14424837153853573
train,2015-1536,3,364,14,0.0,0.1783954971301983
train,2015-1536,3,364,15,0.0,0.8478560426963692
train,2015-1536,4,365,0,0.0,0.27819597674186436
train,2015-1536,4,365,1,1.0,0.7988827055028652
train,2015-1536,4,365,2,0.0,0.565173689245041
train,2015-1536,4,365,3,0.0,0.278084489630618
train,2015-1536,4,365,4,1.0,0.728296561516255
train,2015-1536,4,365,5,1.0,0.8263719911170481
train,2015-1536,4,365,6,0.0,0.09404447590882742
train,2015-1536,4,365,7,1.0,0.9064933963446874
train,2015-1536,5,366,0,1.0,0.5518581214872439
train,2015-1536,5,366,1,0.0,0.26022417157159305
train,2015-1536,5,366,2,1.0,0.8259104908960034
train,2015-1536,5,366,3,1.0,0.7278828462492292
train,2015-1536,6,367,0,1.0,0.5964217944894703
train,2015-1536,6,367,1,1.0,0.7374794613217626
train,2015-1536,7,368,0,0.0,0.46513349257994036
train,2015-352,2,414,0,1.0,0.5858674521917128
train,2015-352,2,414,1,0.0,0.5731538405930716
train,2015-352,2,414,2,0.0,0.15379124539873992
train,2015-352,2,414,3,1.0,0.23858295592969817
train,2015-352,2,414,4,0.0,0.41656671812987783
train,2015-352,2,414,5,0.0,0.6019550014354027
train,2015-352,2,414,6,1.0,0.5907526789446743
train,2015-352,2,414,7,0.0,0.4785433298922601
train,2015-352,2,414,8,1.0,0.7574215117013772
train,2015-352,2,414,9,1.0,0.6656414611729365
train,2015-352,2,414,10,1.0,0.6372323008616163
train,2015-352,2,414,11,0.0,0.6517243167537338
train,2015-352,2,414,12,1.0,0.43091198403896
train,2015-352,2,414,13,0.0,0.39162418938899674
train,2015-352,2,414,14,0.0,0.1842866429850892
train,2015-352,2,414,15,0.0,0.6345570706143642
train,2015-352,3,415,0,1.0,0.8276794749178836
train,2015-352,3,415,1,1.0,0.9251336468864153
train,2015-352,3,415,2,0.0,0.6398697506704333
train,2015-352,3,415,3,0.0,0.40076783263438054
train,2015-352,3,415,4,1.0,0.7776452625503985
train,2015-352,3,415,5,0.0,0.21700782872164867
train,2015-352,3,415,6,0.0,0.08400843632959473
train,2015-352,3,415,7,0.0,0.2830041970657946
train,2015-352,3,415,8,0.0,0.12711919862253726
train,2015-352,3,415,9,1.0,0.30302368537655605
train,2015-352,3,415,10,0.0,0.2934605006152168
train,2015-352,3,415,11,0.0,0.2408014709253143
train,2015-352,3,415,12,0.0,0.12421546629092774
train,2015-352,3,415,13,0.0,0.4003922603315203
train,2015-352,3,415,14,1.0,0.9573428404302541
train,2015-352,3,415,15,1.0,0.7299670184490815
train,2015-352,4,416,0,0.0,0.591349034275298
train,2015-352,4,416,1,1.0,0.9353792089212031
train,2015-352,4,416,2,1.0,0.8277993692732762
train,2015-352,4,416,3,1.0,0.13394964943048052
train,2015-352,4,416,4,0.0,0.3559085983836934
train,2015-352,4,416,5,0.0,0.16809335051830276
train,2015-352,4,416,6,1.0,0.7648192231675865
train,2015-352,4,416,7,1.0,0.6741275491148221
train,2015-352,5,417,0,1.0,0.8784964426053756
train,2015-352,5,417,1,1.0,0.411532795845
train,2015-352,5,417,2,1.0,0.5856084350029621
train,2015-352,5,417,3,0.0,0.22937961580019486
train,2015-352,6,418,0,0.0,0.1492982809131212
train,2015-352,6,418,1,0.0,0.239223576308199
train,2015-352,7,419,0,1.0,0.7692202771198242
train,2015-403,1,350,0,1.0,0.6577714060401613
train,2015-403,1,350,1,0.0,0.2044971692269252
train,2015-403,1,350,2,1.0,0.5392723141769559
train,2015-403,1,350,3,1.0,0.336835518438013
train,2015-403,1,350,4,1.0,0.47955106241638545
train,2015-403,1,350,5,1.0,0.6907890210680834
train,2015-403,1,350,6,0.0,0.6009574886833307
train,2015-403,1,350,7,1.0,0.38935909167848276
train,2015-403,1,350,8,1.0,0.598737631170414
train,2015-403,1,350,9,1.0,0.6932177819512619
train,2015-403,1,350,10,0.0,0.42743261813830785
train,2015-403,1,350,11,1.0,0.5265514324830192
train,2015-403,1,350,12,1.0,0.32490967356692935
train,2015-403,1,350,13,1.0,0.5506805873600985
train,2015-403,1,350,14,0.0,0.6359631559872289
train,2015-403,1,350,15,1.0,0.7225889278056091
train,2015-403,1,350,16,0.0,0.5470352378079049
train,2015-403,1,350,17,0.0,0.7223240346187849
train,2015-403,1,350,18,1.0,0.6525822744599553
train,2015-403,1,350,19,0.0,0.3036320296415706
train,2015-403,1,350,20,0.0,0.3398576723382981
train,2015-403,1,350,21,0.0,0.5995919363211829
train,2015-403,1,350,22,0.0,0.4725455730456833
train,2015-403,1,350,23,0.0,0.2821053762583559
train,2015-403,1,350,24,0.0,0.3916682053000353
train,2015-403,1,350,25,0.0,0.4575498782629803
train,2015-403,1,350,26,1.0,0.3750141608947291
train,2015-403,1,350,27,1.0,0.8041096017144566
train,2015-403,1,350,28,1.0,0.7187777748081448
train,2015-403,1,350,29,1.0,0.40251401673166093
train,2015-403,1,350,30,0.0,0.7667288801388368
train,2015-403,1,350,31,1.0,0.270104590259328
train,2015-403,2,351,0,1.0,0.7073285977298029
train,2015-403,2,351,1,0.0,0.10609939264350024
train,2015-403,2,351,2,0.0,0.3188598874031054
train,2015-403,2,351,3,0.0,0.40267137294906824
train,2015-403,2,351,4,0.0,0.5632760719400967
train,2015-403,2,351,5,1.0,0.7757754933730113
train,2015-403,2,351,6,1.0,0.7748293116303067
train,2015-403,2,351,7,0.0,0.056051010584589445
train,2015-403,2,351,8,0.0,0.0823838614877559
train,2015-403,2,351,9,1.0,0.37235004421427326
train,2015-403,2,351,10,0.0,0.3097560992229413
train,2015-403,2,351,11,1.0,0.21671895980256192
train,2015-403,2,351,12,0.0,0.3179672117922995
train,2015-403,2,351,13,1.0,0.6802617464236251
train,2015-403,2,351,14,0.0,0.325459800156272
train,2015-403,2,351,15,1.0,0.8517168015987112
train,2015-403,2,351,16,1.0,0.8896723782248939
train,2015-403,2,351,17,1.0,0.8274592061086603
train,2015-403,2,351,18,1.0,0.425563721559305
train,2015-403,2,351,19,1.0,0.6790820861328648
train,2015-403,2,351,20,1.0,0.418470201446441
train,2015-403,2,351,21,0.0,0.4294367053007929
train,2015-403,2,351,22,0.0,0.5221248379184749
train,2015-403,2,351,23,0.0,0.24768347770370294
train,2015-403,2,351,24,0.0,0.28938237900306807
train,2015-403,2,351,25,1.0,0.38789001585131033
train,2015-403,2,351,26,1.0,0.7979303399746543
train,2015-403,2,351,27,0.0,0.5245511743361709
train,2015-403,2,351,28,0.0,0.15572317678212197
train,2015-403,2,351,29,1.0,0.37837090127265177
train,2015-403,2,351,30,1.0,0.966022959060735
train,2015-403,2,351,31,1.0,0.5220953136126874
train,2015-403,3,352,0,1.0,0.9780238716429872
train,2015-403,3,352,1,0.0,0.5946994913266181
train,2015-403,3,352,2,1.0,0.8435712107375295
train,2015-403,3,352,3,1.0,0.8020260267294786
train,2015-403,3,352,4,0.0,0.17082778090842893
train,2015-403,3,352,5,0.0,0.32505022687447355
train,2015-403,3,352,6,1.0,0.4528525956750051
train,2015-403,3,352,7,1.0,0.28278245126888224
train,2015-403,3,352,8,0.0,0.8368683531267083
train,2015-403,3,352,9,1.0,0.5883328076638221
train,2015-403,3,352,10,1.0,0.5220861021544345
train,2015-403,3,352,11,1.0,0.850584962733811
train,2015-403,3,352,12,0.0,0.07776039851670262
train,2015-403,3,352,13,0.0,0.3057030641499939
train,2015-403,3,352,14,1.0,0.325686480633607
train,2015-403,3,352,15,0.0,0.15409795606147375
train,2015-403,4,353,0,0.0,0.15303866905134048
train,2015-403,4,353,1,1.0,0.844398732802554
train,2015-403,4,353,2,1.0,0.32579376060760934
train,2015-403,4,353,3,1.0,0.24760790129500265
train,2015-403,4,353,4,1.0,0.8114003715042235
train,2015-403,4,353,5,0.0,0.481711022408113
train,2015-403,4,353,6,1.0,0.9572319770897036
train,2015-403,4,353,7,0.0,0.5616656721504644
train,2015-403,5,354,0,1.0,0.8378983751967987
train,2015-403,5,354,1,1.0,0.8956432254358233
train,2015-403,5,354,2,0.0,0.703313363675499
train,2015-403,5,354,3,1.0,0.8844334792419549
train,2015-403,6,355,0,0.0,0.42118304474619855
train,2015-403,6,355,1,0.0,0.0769469344694379
train,2015-403,7,356,0,0.0,0.21105046389626705
train,2015-404,1,343,0,1.0,0.77167292283396
train,2015-404,1,343,1,1.0,0.531488970150915
train,2015-404,1,343,2,0.0,0.4007555839446356
train,2015-404,1,343,3,0.0,0.4774022867086932
train,2015-404,1,343,4,0.0,0.5645237146803738
train,2015-404,1,343,5,1.0,0.30295524559731846
train,2015-404,1,343,6,0.0,0.34186718197678695
train,2015-404,1,343,7,1.0,0.5418930375214904
train,2015-404,1,343,8,0.0,0.2780479715921419
train,2015-404,1,343,9,0.0,0.2646898267510204
train,2015-404,1,343,10,1.0,0.44269862010677913
train,2015-404,1,343,11,1.0,0.6041373492805894
train,2015-404,1,343,12,0.0,0.48552689922738224
train,2015-404,1,343,13,0.0,0.4594756112129894
train,2015-404,1,343,14,0.0,0.3943873607179757
train,2015-404,1,343,15,1.0,0.45237021018881063
train,2015-404,1,343,16,1.0,0.6808684982791992
train,2015-404,1,343,17,1.0,0.43014678070546014
train,2015-404,1,343,18,0.0,0.3714432204906325
train,2015-404,1,343,19,1.0,0.5869478545436462
train,2015-404,1,343,20,0.0,0.4335502917804833
train,2015-404,1,343,21,0.0,0.4595987503550857
train,2015-404,1,343,22,0.0,0.34216360418131825
train,2015-404,1,343,23,0.0,0.40521131791210196
train,2015-404,1,343,24,0.0,0.35059714776842205
train,2015-404,1,343,25,0.0,0.7670665534764859
train,2015-404,1,343,26,0.0,0.7146586847863677
train,2015-404,1,343,27,0.0,0.4294469142716365
train,2015-404,1,343,28,1.0,0.7032739020354374
train,2015-404,1,343,29,1.0,0.34785978382223887
train,2015-404,1,343,30,0.0,0.3873280837646418
train,2015-404,1,343,31,0.0,0.3946990427474602
train,2015-404,2,344,0,1.0,0.6268126043849215
train,2015-404,2,344,1,1.0,0.9291844822254586
train,2015-404,2,344,2,0.0,0.3025718479115605
train,2015-404,2,344,3,0.0,0.35146750308946173
train,2015-404,2,344,4,1.0,0.8274078437932193
train,2015-404,2,344,5,1.0,0.5817797680925815
train,2015-404,2,344,6,0.0,0.602118239881576
train,2015-404,2,344,7,0.0,0.8550514736952088
train,2015-404,2,344,8,1.0,0.4081939361412549
train,2015-404,2,344,9,1.0,0.20179185288474946
train,2015-404,2,344,10,0.0,0.2585723591057095
train,2015-404,2,344,11,1.0,0.604212227839988
train,2015-404,2,344,12,0.0,0.3008512078596836
train,2015-404,2,344,13,1.0,0.9168133549450524
train,2015-404,2,344,14,1.0,0.5240021249054632
train,2015-404,2,344,15,1.0,0.8552409405141652
train,2015-404,2,344,16,0.0,0.32748793661306125
train,2015-404,2,344,17,1.0,0.7268219994620313
train,2015-404,2,344,18,1.0,0.8384130720082061
train,2015-404,2,344,19,1.0,0.7692518285882419
train,2015-404,2,344,20,1.0,0.6099278424812297
train,2015-404,2,344,21,0.0,0.3727383309108624
train,2015-404,2,344,22,1.0,0.6461600553907716
train,2015-404,2,344,23,1.0,0.8757639536534475
train,2015-404,2,344,24,1.0,0.7513003725542164
train,2015-404,2,344,25,0.0,0.6372407640622905
train,2015-404,2,344,26,0.0,0.563223214590409
train,2015-404,2,344,27,1.0,0.8109572217838603
train,2015-404,2,344,28,0.0,0.3598084885761009
train,2015-404,2,344,29,1.0,0.2802456697709627
train,2015-404,2,344,30,1.0,0.9529620421095752
train,2015-404,2,344,31,1.0,0.2683733391028567
train,2015-404,3,345,0,1.0,0.862778579386706
train,2015-404,3,345,1,1.0,0.6444800501146577
train,2015-404,3,345,2,1.0,0.24777003392656183
train,2015-404,3,345,3,1.0,0.38083997705925887
train,2015-404,3,345,4,0.0,0.5940812136897433
train,2015-404,3,345,5,1.0,0.9586973110162944
train,2015-404,3,345,6,0.0,0.17382354600197986
train,2015-404,3,345,7,0.0,0.29626584546800844
train,2015-404,3,345,8,1.0,0.3148559093789304
train,2015-404,3,345,9,0.0,0.13934456803806183
train,2015-404,3,345,10,1.0,0.4398961120845493
train,2015-404,3,345,11,1.0,0.8585769897153314
train,2015-404,3,345,12,0.0,0.4190156835245672
train,2015-404,3,345,13,1.0,0.7770467174544325
train,2015-404,3,345,14,1.0,0.8659768005812764
train,2015-404,3,345,15,0.0,0.1888878965667404
train,2015-404,4,346,0,0.0,0.10291005346064519
train,2015-404,4,346,1,0.0,0.14244096324695613
train,2015-404,4,346,2,1.0,0.4776846116572092
train,2015-404,4,346,3,1.0,0.8020204040245302
train,2015-404,4,346,4,0.0,0.5870598310194597
train,2015-404,4,346,5,1.0,0.8508362184543866
train,2015-404,4,346,6,0.0,0.3719586799261671
train,2015-404,4,346,7,1.0,0.9211396304136535
train,2015-404,5,347,0,1.0,0.5416541542151758
train,2015-404,5,347,1,0.0,0.43492680574494313
train,2015-404,5,347,2,1.0,0.7803802443337687
train,2015-404,5,347,3,1.0,0.9300216416956413
train,2015-404,6,348,0,1.0,0.720055725621881
train,2015-404,6,348,1,0.0,0.25252389095189
train,2015-404,7,349,0,0.0,0.2799241385099658
train,2015-410,2,357,0,0.0,0.5060022923064902
train,2015-410,2,357,1,1.0,0.5896872459237915
train,2015-410,2,357,2,0.0,0.6921661173786469
train,2015-410,2,357,3,0.0,0.25106803613930145
train,2015-410,2,357,4,0.0,0.5473953650789527
train,2015-410,2,357,5,0.0,0.6956644578054124
train,2015-410,2,357,6,0.0,0.5072469281400694
train,2015-410,2,357,7,1.0,0.7665230176178819
train,2015-410,2,357,8,1.0,0.8710315836229011
train,2015-410,2,357,9,0.0,0.26505571466803113
train,2015-410,2,357,10,1.0,0.34184450103181613
train,2015-410,2,357,11,0.0,0.2648508665662435
train,2015-410,2,357,12,0.0,0.3028285091419528
train,2015-410,2,357,13,1.0,0.5347599389620745
train,2015-410,2,357,14,0.0,0.283003490111405
train,2015-410,2,357,15,1.0,0.7532527371180698
train,2015-410,2,357,16,0.0,0.4450703616796231
train,2015-410,2,357,17,1.0,0.7783211309813896
train,2015-410,2,357,18,0.0,0.21659443823971705
train,2015-410,2,357,19,1.0,0.45236218403837103
train,2015-410,2,357,20,1.0,0.2902983045240216
train,2015-410,2,357,21,1.0,0.4628904936773933
train,2015-410,2,357,22,0.0,0.3006540171516432
train,2015-410,2,357,23,0.0,0.5717226871522914
train,2015-410,3,358,0,1.0,0.865606903985451
train,2015-410,3,358,1,1.0,0.5392545473291449
train,2015-410,3,358,2,0.0,0.29756901866641555
train,2015-410,3,358,3,1.0,0.6678000353104477
train,2015-410,3,358,4,1.0,0.7790073676605603
train,2015-410,3,358,5,1.0,0.5991420472147835
train,2015-410,3,358,6,0.0,0.5257544957345819
train,2015-410,3,358,7,1.0,0.9086456648624227
train,2015-410,3,358,8,1.0,0.7661459742367569
train,2015-410,3,358,9,1.0,0.8883537528356908
train,2015-410,3,358,10,0.0,0.07907824765409574
train,2015-410,3,358,11,0.0,0.38280932534551126
train,2015-410,3,358,12,1.0,0.887092758882481
train,2015-410,3,358,13,0.0,0.6952074100551241
train,2015-410,3,358,14,1.0,0.6135762257221249
train,2015-410,3,358,15,1.0,0.9642433256576131
train,2015-410,4,359,0,0.0,0.03060301531731192
train,2015-410,4,359,1,1.0,0.29875616588530557
train,2015-410,4,359,2,0.0,0.8388718292250066
train,2015-410,4,359,3,0.0,0.33549087331293526
train,2015-410,4,359,4,1.0,0.8422194323989441
train,2015-410,4,359,5,1.0,0.810624511117645
train,2015-410,4,359,6,0.0,0.6495613407697848
train,2015-410,4,359,7,1.0,0.8121040600037462
train,2015-410,5,360,0,0.0,0.035359159057378374
train,2015-410,5,360,1,0.0,0.26082295003911454
train,2015-410,5,360,2,0.0,0.3911686545563023
train,2015-410,5,360,3,0.0,0.6137084758772243
train,2015-410,6,361,0,1.0,0.823931203876727
train,2015-410,6,361,1,1.0,0.7736770465205488
train,2015-410,7,362,0,1.0,0.8580799595903627
train,2015-416,2,369,0,1.0,0.6473804912163157
train,2015-416,2,369,1,1.0,0.6443308360899841
train,2015-416,2,369,2,1.0,0.6557526996067753
train,2015-416,2,369,3,1.0,0.4760596475455716
train,2015-416,2,369,4,1.0,0.3428792932337403
train,2015-416,2,369,5,1.0,0.3277018665758243
train,2015-416,2,369,6,1.0,0.8328978923714957
train,2015-416,2,369,7,0.0,0.27602359654718456
train,2015-416,2,369,8,1.0,0.3618322198519062
train,2015-416,2,369,9,1.0,0.6386096616250837
train,2015-416,2,369,10,0.0,0.15478543424257735
train,2015-416,2,369,11,0.0,0.46906690742963175
train,2015-416,2,369,12,1.0,0.474992452283302
train,2015-416,2,369,13,0.0,0.23189589601239993
train,2015-416,2,369,14,0.0,0.41438352608288015
train,2015-416,2,369,15,0.0,0.29035514333622453
train,2015-416,2,369,16,0.0,0.28978950803548026
train,2015-416,2,369,17,0.0,0.2649792184822572
train,2015-416,2,369,18,0.0,0.38174366278198474
train,2015-416,2,369,19,0.0,0.7980559049101401
train,2015-416,2,369,20,0.0,0.22387115491741794
train,2015-416,2,369,21,1.0,0.8150030394787842
train,2015-416,2,369,22,1.0,0.6917202968504097
train,2015-416,2,369,23,1.0,0.292915527012424
train,2015-416,3,370,0,0.0,0.5713274319887958
train,2015-416,3,370,1,1.0,0.3001651482839123
train,2015-416,3,370,2,0.0,0.06643608348358589
train,2015-416,3,370,3,0.0,0.05577923560520904
train,2015-416,3,370,4,0.0,0.6540711008912552
train,2015-416,3,370,5,0.0,0.7281773767111831
train,2015-416,3,370,6,1.0,0.6463324501672125
train,2015-416,3,370,7,0.0,0.2763057616601461
train,2015-416,3,370,8,0.0,0.5791594898334326
train,2015-416,3,370,9,1.0,0.8763757521932022
train,2015-416,3,370,10,0.0,0.25353000890924476
train,2015-416,3,370,11,0.0,0.08034776619995393
train,2015-416,3,370,12,0.0,0.6572116449662737
train,2015-416,3,370,13,0.0,0.7234236657013915
train,2015-416,3,370,14,1.0,0.8842818434092831
train,2015-416,3,370,15,1.0,0.9677520316090847
train,2015-416,4,371,0,1.0,0.9677819491887778
train,2015-416,4,371,1,1.0,0.8002208033952289
train,2015-416,4,371,2,0.0,0.9034040636735761
train,2015-416,4,371,3,1.0,0.7707386067022908
train,2015-416,4,371,4,1.0,0.7467753163434827
train,2015-416,4,371,5,1.0,0.7951186235258367
train,2015-416,4,371,6,0.0,0.1509036587746486
train,2015-416,4,371,7,1.0,0.833712560151625
train,2015-416,5,372,0,0.0,0.11677684450212489
train,2015-416,5,372,1,0.0,0.2375494461803456
train,2015-416,5,372,2,0.0,0.8175738884134334
train,2015-416,5,372,3,0.0,0.5977133141482901
train,2015-416,6,373,0,1.0,0.8857206476436653
train,2015-416,6,373,1,0.0,0.3071082545576908
train,2015-416,7,374,0,0.0,0.1611253143810737
train,2015-421,2,389,0,0.0,0.3300803182921431
train,2015-421,2,389,1,1.0,0.5330651164287069
train,2015-421,2,389,2,1.0,0.5915202672779827
train,2015-421,2,389,3,0.0,0.43525555200314553
train,2015-421,2,389,4,1.0,0.35521687054114043
train,2015-421,2,389,5,0.0,0.5736376962765506
train,2015-421,2,389,6,1.0,0.5758649654970556
train,2015-421,2,389,7,0.0,0.40074317078534827
train,2015-421,2,389,8,0.0,0.1774913923527337
train,2015-421,2,389,9,1.0,0.6958327548723442
train,2015-421,2,389,10,0.0,0.22845520906300124
train,2015-421,2,389,11,0.0,0.5659710789300555
train,2015-421,2,389,12,0.0,0.5593994741682949
train,2015-421,2,389,13,0.0,0.5601607822237382
train,2015-421,2,389,14,1.0,0.6699214498705015
train,2015-421,2,389,15,0.0,0.505903080153196
train,2015-421,2,389,16,1.0,0.6631154625621453
train,2015-421,2,389,17,1.0,0.8137620793670388
train,2015-421,2,389,18,1.0,0.779279298206755
train,2015-421,2,389,19,0.0,0.3325770362089556
train,2015-421,2,389,20,0.0,0.4704428351479293
train,2015-421,2,389,21,1.0,0.669499126840681
train,2015-421,2,389,22,1.0,0.7273901215034265
train,2015-421,2,389,23,1.0,0.6557107694844873
train,2015-421,3,390,0,0.0,0.11606766911653581
train,2015-421,3,390,1,0.0,0.7918408267069911
train,2015-421,3,390,2,1.0,0.6248810563445719
train,2015-421,3,390,3,0.0,0.6217286252201218
train,2015-421,3,390,4,1.0,0.8232121854554673
train,2015-421,3,390,5,0.0,0.09161168329530864
train,2015-421,3,390,6,0.0,0.7711468068927759
train,2015-421,3,390,7,0.0,0.8109000028235606
train,2015-421,3,390,8,1.0,0.47047069014026527
train,2015-421,3,390,9,0.0,0.32400732957157674
train,2015-421,3,390,10,0.0,0.23138483296276305
train,2015-421,3,390,11,1.0,0.2393120259204533
train,2015-421,3,390,12,1.0,0.4645754911053208
train,2015-421,3,390,13,1.0,0.12985232306711916
train,2015-421,3,390,14,1.0,0.9630566597163431
train,2015-421,3,390,15,0.0,0.5898114075047927
train,2015-421,4,391,0,0.0,0.05792941406628653
train,2015-421,4,391,1,0.0,0.4353943085056793
train,2015-421,4,391,2,0.0,0.38177513928995854
train,2015-421,4,391,3,0.0,0.10251126745948536
train,2015-421,4,391,4,0.0,0.2924591290000058
train,2015-421,4,391,5,1.0,0.695138591495223
train,2015-421,4,391,6,1.0,0.9285957403827032
train,2015-421,4,391,7,0.0,0.2821048904404405
train,2015-421,5,392,0,0.0,0.7124346452549558
train,2015-421,5,392,1,0.0,0.04464184997004708
train,2015-421,5,392,2,1.0,0.29086625798143295
train,2015-421,5,392,3,0.0,0.19778738586883937
train,2015-421,6,393,0,1.0,0.941423713290661
train,2015-421,6,393,1,1.0,0.7515280194882064
train,2015-421,7,394,0,0.0,0.7485201570230743
train,2015-422,2,395,0,0.0,0.771825346921057
train,2015-422,2,395,1,1.0,0.5914365857340201
train,2015-422,2,395,2,1.0,0.2979204475420625
train,2015-422,2,395,3,1.0,0.267508349753453
train,2015-422,2,395,4,1.0,0.4044191597325906
train,2015-422,2,395,5,1.0,0.6130359949482632
train,2015-422,2,395,6,0.0,0.3292287476967432
train,2015-422,2,395,7,1.0,0.29819533672848025
train,2015-422,2,395,8,1.0,0.2626569474199634
train,2015-422,2,395,9,1.0,0.648668387612955
train,2015-422,2,395,10,1.0,0.5934462532232683
train,2015-422,2,395,11,1.0,0.3269468144184782
train,2015-422,2,395,12,1.0,0.7333792146650334
train,2015-422,2,395,13,1.0,0.6958059662591297
train,2015-422,2,395,14,0.0,0.6294052542435273
train,2015-422,2,395,15,1.0,0.7384446494595027
train,2015-422,2,395,16,1.0,0.8421468602118218
train,2015-422,2,395,17,1.0,0.5713370069144372
train,2015-422,2,395,18,0.0,0.5244340502215606
train,2015-422,2,395,19,0.0,0.1979183875155738
train,2015-422,2,395,20,1.0,0.29271852199255444
train,2015-422,2,395,21,1.0,0.6820822320823987
train,2015-422,2,395,22,0.0,0.3524640827151022
train,2015-422,2,395,23,0.0,0.7196988090361169
train,2015-422,3,396,0,0.0,0.17086250655959007
train,2015-422,3,396,1,0.0,0.49833204958352567
train,2015-422,3,396,2,1.0,0.6013556185848349
train,2015-422,3,396,3,1.0,0.8342233376919747
train,2015-422,3,396,4,0.0,0.21789960062255626
train,2015-422,3,396,5,0.0,0.33096196540347583
train,2015-422,3,396,6,0.0,0.2849376489718656
train,2015-422,3,396,7,0.0,0.17006818428316048
train,2015-422,3,396,8,1.0,0.6021453391796856
train,2015-422,3,396,9,0.0,0.04496089548857422
train,2015-422,3,396,10,0.0,0.24556265276460754
train,2015-422,3,396,11,1.0,0.4537899015782596
train,2015-422,3,396,12,1.0,0.5551507572563215
train,2015-422,3,396,13,0.0,0.16471361218422614
train,2015-422,3,396,14,0.0,0.40609586782016244
train,2015-422,3,396,15,0.0,0.04289061123551916
train,2015-422,4,397,0,0.0,0.07315500316685639
train,2015-422,4,397,1,1.0,0.772343233330629
train,2015-422,4,397,2,0.0,0.22662029939376702
train,2015-422,4,397,3,0.0,0.36000747535997707
train,2015-422,4,397,4,1.0,0.8740803650050275
train,2015-422,4,397,5,0.0,0.8452799811925104
train,2015-422,4,397,6,1.0,0.8460541748012984
train,2015-422,4,397,7,1.0,0.6227873430660668
train,2015-422,5,398,0,1.0,0.881697518908438
train,2015-422,5,398,1,0.0,0.7723691219449381
train,2015-422,5,398,2,1.0,0.8491919369884623
train,2015-422,5,398,3,0.0,0.1425442080375923
train,2015-422,6,399,0,0.0,0.07237283593675453
train,2015-422,6,399,1,1.0,0.37880761428206433
train,2015-422,7,400,0,0.0,0.7633725419267082
train,2015-5014,2,408,0,0.0,0.30321771391171826
train,2015-5014,2,408,1,0.0,0.3985594935684802
train,2015-5014,2,408,2,1.0,0.7919151706848634
train,2015-5014,2,408,3,0.0,0.3894810574450543
train,2015-5014,2,408,4,0.0,0.4845561220560093
train,2015-5014,2,408,5,1.0,0.3871621515495885
train,2015-5014,2,408,6,1.0,0.8483504882977638
train,2015-5014,2,408,7,1.0,0.7411815462301931
train,2015-5014,2,408,8,1.0,0.7986383116924413
train,2015-5014,2,408,9,0.0,0.20385662339941601
train,2015-5014,2,408,10,0.0,0.24047582275171953
train,2015-5014,2,408,11,0.0,0.6149372793984705
train,2015-5014,2,408,12,1.0,0.8302489308331952
train,2015-5014,2,408,13,0.0,0.35871034526342155
train,2015-5014,2,408,14,0.0,0.3019798879371049
train,2015-5014,2,408,15,0.0,0.6004645115288183
train,2015-5014,2,408,16,1.0,0.7436200548704848
train,2015-5014,2,408,17,1.0,0.7368534019679139
train,2015-5014,2,408,18,0.0,0.6970642811755297
train,2015-5014,2,408,19,0.0,0.3140528019994765
train,2015-5014,2,408,20,0.0,0.39816112253986735
train,2015-5014,2,408,21,0.0,0.6683714110260172
train,2015-5014,2,408,22,1.0,0.8964648096054345
train,2015-5014,2,408,23,1.0,0.6441988091397665
train,2015-5014,3,409,0,0.0,0.928855942896667
train,2015-5014,3,409,1,0.0,0.13333342135717682
train,2015-5014,3,409,2,0.0,0.37176971716528645
train,2015-5014,3,409,3,0.0,0.28824618291381965
train,2015-5014,3,409,4,0.0,0.5710033987810121
train,2015-5014,3,409,5,1.0,0.7754114408713216
train,2015-5014,3,409,6,1.0,0.7185413174228586
train,2015-5014,3,409,7,0.0,0.40836080599714214
train,2015-5014,3,409,8,1.0,0.5674134355320775
train,2015-5014,3,409,9,1.0,0.8120198210024907
train,2015-5014,3,409,10,0.0,0.09689252173884672
train,2015-5014,3,409,11,1.0,0.2651102585270229
train,2015-5014,3,409,12,0.0,0.2244730411790362
train,2015-5014,3,409,13,1.0,0.666453250041453
train,2015-5014,3,409,14,0.0,0.22850889254296175
train,2015-5014,3,409,15,0.0,0.06457843700402113
train,2015-5014,4,410,0,1.0,0.8738241376489444
train,2015-5014,4,410,1,0.0,0.728625031635777
train,2015-5014,4,410,2,0.0,0.3078081443458741
train,2015-5014,4,410,3,1.0,0.7305342179298825
train,2015-5014,4,410,4,0.0,0.33040685393269453
train,2015-5014,4,410,5,1.0,0.39582642647948857
train,2015-5014,4,410,6,0.0,0.17213023316962583
train,2015-5014,4,410,7,0.0,0.21678557478668037
train,2015-5014,5,411,0,0.0,0.2612989277027959
train,2015-5014,5,411,1,1.0,0.8969211770262919
train,2015-5014,5,411,2,0.0,0.46572573196445904
train,2015-5014,5,411,3,0.0,0.3350888178613014
train,2015-5014,6,412,0,1.0,0.6833441705709304
train,2015-5014,6,412,1,1.0,0.38956401456222534
train,2015-5014,7,413,0,0.0,0.1845943699841205
train,2015-520,1,375,0,0.0,0.0745341212725561
train,2015-520,1,375,1,0.0,0.7535230173974511
train,2015-520,1,375,2,1.0,0.6837252696179411
train,2015-520,1,375,3,1.0,0.718309396537919
train,2015-520,1,375,4,0.0,0.2341312941334066
train,2015-520,1,375,5,1.0,0.35075810152553183
train,2015-520,1,375,6,0.0,0.29365609169999224
train,2015-520,1,375,7,1.0,0.7791141320492505
train,2015-520,1,375,8,1.0,0.743238405914332
train,2015-520,1,375,9,1.0,0.5348238825497403
train,2015-520,1,375,10,1.0,0.8449619711609117
train,2015-520,1,375,11,0.0,0.29212431186626836
train,2015-520,1,375,12,0.0,0.4146636467263696
train,2015-520,1,375,13,0.0,0.031117409960333322
train,2015-520,1,375,14,1.0,0.966302184479564
train,2015-520,1,375,15,0.0,0.6336867061048496
train,2015-520,1,375,16,0.0,0.6266060840653187
train,2015-520,1,375,17,0.0,0.5644869900013325
train,2015-520,1,375,18,0.0,0.24883076534500695
train,2015-520,1,375,19,1.0,0.3549236493728781
train,2015-520,1,375,20,0.0,0.5068247379032497
train,2015-520,1,375,21,0.0,0.713373144626367
train,2015-520,1,375,22,0.0,0.23866244233268247
train,2015-520,1,375,23,0.0,0.44315775956508185
train,2015-520,1,375,24,1.0,0.6416945394724848
train,2015-520,1,375,25,0.0,0.15364132305969339
train,2015-520,1,375,26,1.0,0.7648088469033485
train,2015-520,1,375,27,1.0,0.6918738950938264
train,2015-520,1,375,28,1.0,0.5794949614548124
train,2015-520,1,375,29,0.0,0.031152681578323276
train,2015-520,1,375,30,0.0,0.26620940248982805
train,2015-520,1,375,31,1.0,0.7051936409442591
train,2015-520,1,375,32,0.0,0.3269218666972058
train,2015-520,1,375,33,1.0,0.335720744685235
train,2015-520,1,375,34,0.0,0.08340933246884351
train,2015-520,1,375,35,0.0,0.5369909754208202
train,2015-520,1,375,36,1.0,0.6604862368328732
train,2015-520,1,375,37,1.0,0.9253283755164301
train,2015-520,1,375,38,0.0,0.6463220185113111
train,2015-520,1,375,39,0.0,0.2018280284042566
train,2015-520,1,375,40,1.0,0.8216249282175485
train,2015-520,1,375,41,1.0,0.7304484898560213
train,2015-520,1,375,42,0.0,0.35527246913907784
train,2015-520,1,375,43,0.0,0.3296892420659064
train,2015-520,1,375,44,0.0,0.6414168531432503
train,2015-520,1,375,45,0.0,0.34572221149935894
train,2015-520,1,375,46,0.0,0.33522742585206494
train,2015-520,1,375,47,1.0,0.8819384429881469
train,2015-520,1,375,48,1.0,0.9507142787605112
train,2015-520,1,375,49,0.0,0.4181103536549329
train,2015-520,1,375,50,1.0,0.7934342061630674
train,2015-520,1,375,51,0.0,0.16079605371555025
train,2015-520,1,375,52,0.0,0.36519054857831995
train,2015-520,1,375,53,0.0,0.32068406513438
train,2015-520,1,375,54,1.0,0.8698751221832051
train,2015-520,1,375,55,1.0,0.7402310540035725
train,2015-520,1,375,56,0.0,0.22545168158847126
train,2015-520,1,375,57,0.0,0.21893761185128482
train,2015-520,1,375,58,1.0,0.7946561632660453
train,2015-520,1,375,59,0.0,0.12561034630802725
train,2015-520,1,375,60,0.0,0.6174717242311943
train,2015-520,1,375,61,1.0,0.34874438822442727
train,2015-520,1,375,62,1.0,0.850852744797221
train,2015-520,1,375,63,0.0,0.7541140517749545
train,2015-520,2,376,0,1.0,0.23018806865034375
train,2015-520,2,376,1,1.0,0.30253158172478317
train,2015-520,2,376,2,0.0,0.7446308549223769
train,2015-520,2,376,3,0.0,0.17331824419695804
train,2015-520,2,376,4,1.0,0.24506034707095006
train,2015-520,2,376,5,0.0,0.7171881941407515
train,2015-520,2,376,6,1.0,0.38774144561134816
train,2015-520,2,376,7,0.0,0.14951702294996325
train,2015-520,2,376,8,1.0,0.5504746242174859
train,2015-520,2,376,9,1.0,0.29685941516489445
train,2015-520,2,376,10,0.0,0.2577864229111961
train,2015-520,2,376,11,0.0,0.1626072836184784
train,2015-520,2,376,12,1.0,0.9208539106705632
train,2015-520,2,376,13,0.0,0.11081470603601126
train,2015-520,2,376,14,0.0,0.19660891115477594
train,2015-520,2,376,15,0.0,0.3922547257362918
train,2015-520,2,376,16,0.0,0.20453322224229942
train,2015-520,2,376,17,1.0,0.23775128899046233
train,2015-520,2,376,18,0.0,0.3004178745160786
train,2015-520,2,376,19,0.0,0.18926353055771244
train,2015-520,2,376,20,0.0,0.060805926235602124
train,2015-520,2,376,21,0.0,0.08497820118756963
train,2015-520,2,376,22,1.0,0.37662979505710303
train,2015-520,2,376,23,1.0,0.28053799466417206
train,2015-520,2,376,24,0.0,0.29830460874433806
train,2015-520,2,376,25,1.0,0.7515500321120786
train,2015-520,2,376,26,0.0,0.6656043164263933
train,2015-520,2,376,27,1.0,0.3445161748816768
train,2015-520,2,376,28,0.0,0.5005716010004305
train,2015-520,2,376,29,1.0,0.8790307254398906
train,2015-520,2,376,30,1.0,0.9753042184800835
train,2015-520,2,376,31,1.0,0.8201318771747992
train,2015-520,3,377,0,0.0,0.1584782739664665
train,2015-520,3,377,1,1.0,0.5934144484054168
train,2015-520,3,377,2,0.0,0.06841542011937508
train,2015-520,3,377,3,1.0,0.7537710073760038
train,2015-520,3,377,4,0.0,0.1947048283650418
train,2015-520,3,377,5,1.0,0.8896584965670564
train,2015-520,3,377,6,0.0,0.19740447343432838
train,2015-520,3,377,7,1.0,0.35767914401625656
train,2015-520,3,377,8,0.0,0.12276287685775752
train,2015-520,3,377,9,1.0,0.815987191346716
train,2015-520,3,377,10,0.0,0.41900519281618237
train,2015-520,3,377,11,1.0,0.3729695945797103
train,2015-520,3,377,12,1.0,0.904113208408456
train,2015-520,3,377,13,0.0,0.06473569677537656
train,2015-520,3,377,14,1.0,0.6974927621182483
train,2015-520,3,377,15,1.0,0.9674218521263988
train,2015-520,4,378,0,0.0,0.21884241862310075
train,2015-520,4,378,1,1.0,0.6308564335418815
train,2015-520,4,378,2,0.0,0.7459946972095964
train,2015-520,4,378,3,0.0,0.1548534585659121
train,2015-520,4,378,4,1.0,0.744108512672438
train,2015-520,4,378,5,0.0,0.09333855352420274
train,2015-520,4,378,6,0.0,0.11601815127830452
train,2015-520,4,378,7,0.0,0.06037758586575033
train,2015-520,5,379,0,1.0,0.30510182144570647
train,2015-520,5,379,1,0.0,0.6611585384069075
train,2015-520,5,379,2,1.0,0.7665418862824315
train,2015-520,5,379,3,0.0,0.2105754051159618
train,2015-520,6,380,0,1.0,0.5908464071911042
train,2015-520,6,380,1,0.0,0.2221639524444397
train,2015-520,7,381,0,0.0,0.8887965573522998
train,2015-540,1,382,0,0.0,0.5197238495884315
train,2015-540,1,382,1,1.0,0.6152900948554719
train,2015-540,1,382,2,1.0,0.8378561225035399
train,2015-540,1,382,3,0.0,0.355791084512133
train,2015-540,1,382,4,1.0,0.6674452003768886
train,2015-540,1,382,5,1.0,0.8289689637540643
train,2015-540,1,382,6,0.0,0.06727314076176737
train,2015-540,1,382,7,1.0,0.3576359608678026
train,2015-540,1,382,8,1.0,0.5785712882685271
train,2015-540,1,382,9,1.0,0.16604686506916885
train,2015-540,1,382,10,1.0,0.6763534349858111
train,2015-540,1,382,11,0.0,0.2782456628319689
train,2015-540,1,382,12,0.0,0.6484427664340267
train,2015-540,1,382,13,1.0,0.88146564619417
train,2015-540,1,382,14,0.0,0.17623864971224482
train,2015-540,1,382,15,1.0,0.7502295125074968
train,2015-540,1,382,16,0.0,0.23877761571016515
train,2015-540,1,382,17,1.0,0.3785641535020563
train,2015-540,1,382,18,0.0,0.13846268886113655
train,2015-540,1,382,19,0.0,0.48201744742870267
train,2015-540,1,382,20,1.0,0.3404414550573958
train,2015-540,1,382,21,1.0,0.8559834442332057
train,2015-540,1,382,22,0.0,0.21158613580266353
train,2015-540,1,382,23,0.0,0.7467489187368971
train,2015-540,1,382,24,0.0,0.36429200660201966
train,2015-540,1,382,25,1.0,0.6771366093214609
train,2015-540,1,382,26,0.0,0.2545213440308936
train,2015-540,1,382,27,1.0,0.5730914003115625
train,2015-540,1,382,28,0.0,0.4043308495427459
train,2015-540,1,382,29,0.0,0.054568808862174856
train,2015-540,1,382,30,0.0,0.6743667135233657
train,2015-540,1,382,31,1.0,0.7376635086823348
train,2015-540,1,382,32,0.0,0.2820023363975762
train,2015-540,1,382,33,0.0,0.1090510236044224
train,2015-540,1,382,34,1.0,0.5319107101551229
train,2015-540,1,382,35,1.0,0.25805350643463393
train,2015-540,1,382,36,1.0,0.8144720207533414
train,2015-540,1,382,37,0.0,0.42720339367733395
train,2015-540,1,382,38,1.0,0.4180347970956827
train,2015-540,1,382,39,0.0,0.2500022481832978
train,2015-540,1,382,40,0.0,0.27525550702532336
train,2015-540,1,382,41,1.0,0.6742395091769336
train,2015-540,1,382,42,1.0,0.729385223604662
train,2015-540,1,382,43,0.0,0.2034724390406125
train,2015-540,1,382,44,0.0,0.63005728190371
train,2015-540,1,382,45,1.0,0.534786489899474
train,2015-540,1,382,46,0.0,0.3580330677537795
train,2015-540,1,382,47,1.0,0.8308331404448742
train,2015-540,1,382,48,0.0,0.42771007731695915
train,2015-540,1,382,49,0.0,0.42674797281612104
train,2015-540,1,382,50,0.0,0.05911825568733415
train,2015-540,1,382,51,1.0,0.6094159328948954
train,2015-540,1,382,52,0.0,0.3226026362173092
train,2015-540,1,382,53,0.0,0.2949202674203816
train,2015-540,1,382,54,0.0,0.6915478943165885
train,2015-540,1,382,55,1.0,0.3926314291853097
train,2015-540,1,382,56,1.0,0.6933432898896105
train,2015-540,1,382,57,1.0,0.8034415687117941
train,2015-540,1,382,58,0.0,0.5181472594759751
train,2015-540,1,382,59,0.0,0.19081639393539232
train,2015-540,1,382,60,1.0,0.6440340392193799
train,2015-540,1,382,61,1.0,0.7386234303411616
train,2015-540,1,382,62,0.0,0.6337010246815159
train,2015-540,1,382,63,0.0,0.0936077577771534
train,2015-540,2,383,0,1.0,0.06740349453050173
train,2015-540,2,383,1,1.0,0.7838271503341907
train,2015-540,2,383,2,0.0,0.7231612538039219
train,2015-540,2,383,3,1.0,0.6565991499012567
train,2015-540,2,383,4,0.0,0.06077789408530951
train,2015-540,2,383,5,1.0,0.22739193326893065
train,2015-540,2,383,6,0.0,0.650115238439882
train,2015-540,2,383,7,1.0,0.704045456665197
train,2015-540,2,383,8,1.0,0.8121325050312084
train,2015-540,2,383,9,1.0,0.709626003083946
train,2015-540,2,383,10,0.0,0.3712314471873514
train,2015-540,2,383,11,0.0,0.11045384637274984
train,2015-540,2,383,12,0.0,0.6676630895663541
train,2015-540,2,383,13,0.0,0.520073297742957
train,2015-540,2,383,14,0.0,0.15030423393032116
train,2015-540,2,383,15,0.0,0.5160829778838072
train,2015-540,2,383,16,1.0,0.8288959742664516
train,2015-540,2,383,17,0.0,0.269763362823337
train,2015-540,2,383,18,0.0,0.21537685540648158
train,2015-540,2,383,19,0.0,0.438182482053241
train,2015-540,2,383,20,1.0,0.6387184940509635
train,2015-540,2,383,21,1.0,0.8853062701242682
train,2015-540,2,383,22,1.0,0.16785785314610932
train,2015-540,2,383,23,1.0,0.8572691595527546
train,2015-540,2,383,24,1.0,0.8105168704011199
train,2015-540,2,383,25,1.0,0.7735124087489789
train,2015-540,2,383,26,0.0,0.3886777387659484
train,2015-540,2,383,27,1.0,0.37460181058843306
train,2015-540,2,383,28,1.0,0.4562754017193789
train,2015-540,2,383,29,0.0,0.21110684565465218
train,2015-540,2,383,30,1.0,0.8818850283131421
train,2015-540,2,383,31,1.0,0.9630517580312581
train,2015-540,3,384,0,0.0,0.8075026364176331
train,2015-540,3,384,1,1.0,0.943001540011768
train,2015-540,3,384,2,1.0,0.9059307228565247
train,2015-540,3,384,3,0.0,0.2400701081092204
train,2015-540,3,384,4,1.0,0.4963901920001147
train,2015-540,3,384,5,1.0,0.8848096011788773
train,2015-540,3,384,6,1.0,0.9138242297572441
train,2015-540,3,384,7,0.0,0.33675233962079504
train,2015-540,3,384,8,0.0,0.3607836578144442
train,2015-540,3,384,9,1.0,0.26036247007617264
train,2015-540,3,384,10,0.0,0.48962647819618904
train,2015-540,3,384,11,0.0,0.28809673382755435
train,2015-540,3,384,12,0.0,0.23392142794829662
train,2015-540,3,384,13,0.0,0.6469196357103086
train,2015-540,3,384,14,0.0,0.6717663075317818
train,2015-540,3,384,15,0.0,0.44799959584132987
train,2015-540,4,385,0,1.0,0.8086054226428658
train,2015-540,4,385,1,1.0,0.2574938135533415
train,2015-540,4,385,2,1.0,0.9346832350523013
train,2015-540,4,385,3,0.0,0.5690999422026818
train,2015-540,4,385,4,0.0,0.35176636761037167
train,2015-540,4,385,5,1.0,0.7572412627167443
train,2015-540,4,385,6,0.0,0.24127903738913434
train,2015-540,4,385,7,1.0,0.9327073605283484
train,2015-540,5,386,0,1.0,0.7743851873682223
train,2015-540,5,386,1,1.0,0.9228173018471442
train,2015-540,5,386,2,1.0,0.2855254557191026
train,2015-540,5,386,3,0.0,0.07102275528648277
train,2015-540,6,387,0,1.0,0.32924250882245865
train,2015-540,6,387,1,0.0,0.08176170139145061
train,2015-540,7,388,0,0.0,0.19717803588955765
train,2015-560,1,401,0,0.0,0.30622465935305476
train,2015-560,1,401,1,1.0,0.3715220864381199
train,2015-560,1,401,2,1.0,0.8581538658167056
train,2015-560,1,401,3,1.0,0.8358115935535267
train,2015-560,1,401,4,0.0,0.5571150709243149
train,2015-560,1,401,5,0.0,0.41791435921031667
train,2015-560,1,401,6,1.0,0.8610273923938919
train,2015-560,1,401,7,0.0,0.8892880391893462
train,2015-560,1,401,8,0.0,0.31478825866445775
train,2015-560,1,401,9,1.0,0.6792149445539336
train,2015-560,1,401,10,1.0,0.7968112257162819
train,2015-560,1,401,11,1.0,0.7702968706620923
train,2015-560,1,401,12,0.0,0.7972299842575021
train,2015-560,1,401,13,0.0,0.6791222765333614
train,2015-560,1,401,14,0.0,0.8271814870341312
train,2015-560,1,401,15,1.0,0.9132816035361611
train,2015-560,1,401,16,1.0,0.9128863654280045
train,2015-560,1,401,17,1.0,0.6154008757095201
train,2015-560,1,401,18,1.0,0.5976697232717028
train,2015-560,1,401,19,1.0,0.8276642411126199
train,2015-560,1,401,20,1.0,0.6866523275925317
train,2015-560,1,401,21,0.0,0.3180686266864951
train,2015-560,1,401,22,1.0,0.8355873047931492
train,2015-560,1,401,23,1.0,0.7233803524944825
train,2015-560,1,401,24,0.0,0.6468387204085121
train,2015-560,1,401,25,1.0,0.30349336172078983
train,2015-560,1,401,26,1.0,0.8492333175859622
train,2015-560,1,401,27,1.0,0.802208227920704
train,2015-560,1,401,28,0.0,0.523215030580834
train,2015-560,1,401,29,0.0,0.6913921708861613
train,2015-560,1,401,30,1.0,0.9871356640374765
train,2015-560,1,401,31,1.0,0.5884418709547811
train,2015-560,1,401,32,0.0,0.5775922387653586
train,2015-560,1,401,33,1.0,0.5995163859170138
train,2015-560,1,401,34,0.0,0.18228695949573717
train,2015-560,1,401,35,0.0,0.05208668141598855
train,2015-560,1,401,36,0.0,0.234359963264696
train,2015-560,1,401,37,1.0,0.7526572066745966
train,2015-560,1,401,38,1.0,0.706841672911917
train,2015-560,1,401,39,1.0,0.5793955566927221
train,2015-560,1,401,40,1.0,0.8117911381870531
train,2015-560,1,401,41,1.0,0.842099461100892
train,2015-560,1,401,42,0.0,0.19532929258081091
train,2015-560,1,401,43,0.0,0.3520337930178389
train,2015-560,1,401,44,1.0,0.791538486353781
train,2015-560,1,401,45,1.0,0.6322806303222155
train,2015-560,1,401,46,0.0,0.6859594157277892
train,2015-560,1,401,47,0.0,0.3625022381106659
train,2015-560,1,401,48,1.0,0.9567278140502908
train,2015-560,1,401,49,0.0,0.3632024733341776
train,2015-560,1,401,50,0.0,0.17704344361445787
train,2015-560,1,401,51,1.0,0.37197030126692715
train,2015-560,1,401,52,1.0,0.9131375596848292
train,2015-560,1,401,53,1.0,0.29302919768583147
train,2015-560,1,401,54,1.0,0.7779326394217599
train,2015-560,1,401,55,0.0,0.19135374304104288
train,2015-560,1,401,56,0.0,0.751088688846904
train,2015-560,1,401,57,1.0,0.25366019553070035
train,2015-560,1,401,58,1.0,0.410515955989474
train,2015-560,1,401,59,0.0,0.6952690682365498
train,2015-560,1,401,60,1.0,0.4972598577292217
train,2015-560,1,401,61,1.0,0.6792916594022667
train,2015-560,1,401,62,0.0,0.6260211740385886
train,2015-560,1,401,63,1.0,0.8464912025290176
train,2015-560,2,402,0,0.0,0.22994810849349478
train,2015-560,2,402,1,0.0,0.3073294115181887
train,2015-560,2,402,2,1.0,0.8091364909762335
train,2015-560,2,402,3,0.0,0.3361239142703991
train,2015-560,2,402,4,0.0,0.07879827409147704
train,2015-560,2,402,5,1.0,0.3220500202626626
train,2015-560,2,402,6,1.0,0.6076911502582905
train,2015-560,2,402,7,1.0,0.7618375003095965
train,2015-560,2,402,8,0.0,0.18981940272552147
train,2015-560,2,402,9,1.0,0.7751777699340683
train,2015-560,2,402,10,0.0,0.3160968672945289
train,2015-560,2,402,11,0.0,0.13164833158098496
train,2015-560,2,402,12,0.0,0.8186197930836147
train,2015-560,2,402,13,1.0,0.62268953637236
train,2015-560,2,402,14,1.0,0.8894308122214737
train,2015-560,2,402,15,1.0,0.6851775658321363
train,2015-560,2,402,16,1.0,0.21477950349081446
train,2015-560,2,402,17,1.0,0.8171524552583028
train,2015-560,2,402,18,1.0,0.7069417534689523
train,2015-560,2,402,19,0.0,0.21331855547140063
train,2015-560,2,402,20,0.0,0.25261590565042247
train,2015-560,2,402,21,0.0,0.27120729329541027
train,2015-560,2,402,22,1.0,0.9273658658921343
train,2015-560,2,402,23,1.0,0.5626294756405487
train,2015-560,2,402,24,0.0,0.2132174156989146
train,2015-560,2,402,25,0.0,0.30412044077420547
train,2015-560,2,402,26,1.0,0.8297595035473185
train,2015-560,2,402,27,0.0,0.2126276237260082
train,2015-560,2,402,28,1.0,0.8782002805871723
train,2015-560,2,402,29,0.0,0.042127881355769364
train,2015-560,2,402,30,0.0,0.35616839232902536
train,2015-560,2,402,31,0.0,0.029709689736003065
train,2015-560,3,403,0,0.0,0.08626513851199596
train,2015-560,3,403,1,1.0,0.4552449448063826
train,2015-560,3,403,2,0.0,0.09747319816767568
train,2015-560,3,403,3,0.0,0.1754202930888642
train,2015-560,3,403,4,0.0,0.30629961747666257
train,2015-560,3,403,5,0.0,0.15173266560962873
train,2015-560,3,403,6,0.0,0.35754091622215695
train,2015-560,3,403,7,0.0,0.46825379437919656
train,2015-560,3,403,8,1.0,0.8899570291522059
train,2015-560,3,403,9,0.0,0.7475316909551628
train,2015-560,3,403,10,1.0,0.7649211402669687
train,2015-560,3,403,11,1.0,0.8022130853725523
train,2015-560,3,403,12,1.0,0.37169715222029476
train,2015-560,3,403,13,0.0,0.8678648168888747
train,2015-560,3,403,14,1.0,0.3448801973443844
train,2015-560,3,403,15,0.0,0.04748747143071557
train,2015-560,4,404,0,1.0,0.8359601316545302
train,2015-560,4,404,1,0.0,0.6721174500220856
train,2015-560,4,404,2,0.0,0.8683854079224402
train,2015-560,4,404,3,0.0,0.20037523203536278
train,2015-560,4,404,4,0.0,0.45185161774509797
train,2015-560,4,404,5,0.0,0.2561795302071109
train,2015-560,4,404,6,0.0,0.36325070439170376
train,2015-560,4,404,7,1.0,0.9280436098063388
train,2015-560,5,405,0,0.0,0.16359485520498795
train,2015-560,5,405,1,0.0,0.3135136220678181
train,2015-560,5,405,2,0.0,0.6571751912901937
train,2015-560,5,405,3,0.0,0.08086964328897707
train,2015-560,6,406,0,1.0,0.8021274505500646
train,2015-560,6,406,1,0.0,0.08091589586314628
train,2015-560,7,407,0,1.0,0.6994376885877582
train,2015-580,1,336,0,1.0,0.3482105548779734
train,2015-580,1,336,1,1.0,0.365382509109964
train,2015-580,1,336,2,0.0,0.3041415699234657
train,2015-580,1,336,3,1.0,0.8693407113285226
train,2015-580,1,336,4,1.0,0.5388658726553404
train,2015-580,1,336,5,0.0,0.5189355802793096
train,2015-580,1,336,6,0.0,0.09092781683608274
train,2015-580,1,336,7,1.0,0.2431829306495857
train,2015-580,1,336,8,1.0,0.6089617772519367
train,2015-580,1,336,9,1.0,0.37296704336392367
train,2015-580,1,336,10,0.0,0.6892583025617701
train,2015-580,1,336,11,0.0,0.4730578724878227
train,2015-580,1,336,12,0.0,0.34956572534847385
train,2015-580,1,336,13,1.0,0.353226701631086
train,2015-580,1,336,14,0.0,0.085790318173876
train,2015-580,1,336,15,1.0,0.9342879240292477
train,2015-580,1,336,16,1.0,0.6572245635084191
train,2015-580,1,336,17,0.0,0.3148498228338326
train,2015-580,1,336,18,1.0,0.14532106885590165
train,2015-580,1,336,19,0.0,0.056433491255905514
train,2015-580,1,336,20,1.0,0.8491002784188122
train,2015-580,1,336,21,0.0,0.29875091296683054
train,2015-580,1,336,22,1.0,0.8723630921228858
train,2015-580,1,336,23,1.0,0.6272779873004489
train,2015-580,1,336,24,1.0,0.4112012805721911
train,2015-580,1,336,25,0.0,0.4143319395157128
train,2015-580,1,336,26,1.0,0.8283911923138507
train,2015-580,1,336,27,1.0,0.7687899758485542
train,2015-580,1,336,28,1.0,0.5977773792215322
train,2015-580,1,336,29,0.0,0.5127576272180504
train,2015-580,1,336,30,1.0,0.9715156356939031
train,2015-580,1,336,31,0.0,0.24712016663862957
train,2015-580,1,336,32,0.0,0.2038329865297714
train,2015-580,1,336,33,0.0,0.14015718091387855
train,2015-580,1,336,34,1.0,0.897533599503761
train,2015-580,1,336,35,1.0,0.7995541472290091
train,2015-580,1,336,36,1.0,0.6663566238473292
train,2015-580,1,336,37,0.0,0.2578802620033358
train,2015-580,1,336,38,0.0,0.24493963251654924
train,2015-580,1,336,39,1.0,0.6150640077855872
train,2015-580,1,336,40,1.0,0.48445241828365715
train,2015-580,1,336,41,0.0,0.10654881727706768
train,2015-580,1,336,42,0.0,0.4588530478645239
train,2015-580,1,336,43,1.0,0.5464171203465363
train,2015-580,1,336,44,0.0,0.30994836811092186
train,2015-580,1,336,45,0.0,0.3322917951662176
train,2015-580,1,336,46,1.0,0.6832137328201955
train,2015-580,1,336,47,0.0,0.28791693122781004
train,2015-580,1,336,48,0.0,0.048676380094681504
train,2015-580,1,336,49,1.0,0.1865091098504136
train,2015-580,1,336,50,0.0,0.3319335042770482
train,2015-580,1,336,51,1.0,0.6473857977541403
train,2015-580,1,336,52,1.0,0.6302988220077741
train,2015-580,1,336,53,1.0,0.6168956367269266
train,2015-580,1,336,54,1.0,0.7803185294217051
train,2015-580,1,336,55,1.0,0.7770256603017022
train,2015-580,1,336,56,1.0,0.6191934360789679
train,2015-580,1,336,57,0.0,0.3809655726029735
train,2015-580,1,336,58,0.0,0.11652198787566566
train,2015-580,1,336,59,1.0,0.47062571459419955
train,2015-580,1,336,60,0.0,0.2126819413895863
train,2015-580,1,336,61,1.0,0.6083715444991921
train,2015-580,1,336,62,1.0,0.49377818843081217
train,2015-580,1,336,63,1.0,0.2421164628107374
train,2015-580,2,337,0,0.0,0.4211223024182718
train,2015-580,2,337,1,0.0,0.14755814891075666
train,2015-580,2,337,2,0.0,0.1504400031946067
train,2015-580,2,337,3,0.0,0.600338826948699
train,2015-580,2,337,4,1.0,0.8037862404346396
train,2015-580,2,337,5,1.0,0.352098129649223
train,2015-580,2,337,6,0.0,0.5576110453345489
train,2015-580,2,337,7,0.0,0.13292560862015085
train,2015-580,2,337,8,1.0,0.6079098222025956
train,2015-580,2,337,9,1.0,0.2905021427420712
train,2015-580,2,337,10,1.0,0.40887457360650337
train,2015-580,2,337,11,1.0,0.9078182989292755
train,2015-580,2,337,12,1.0,0.2700939382696256
train,2015-580,2,337,13,0.0,0.42488884338650434
train,2015-580,2,337,14,1.0,0.7918220540635388
train,2015-580,2,337,15,1.0,0.5814867035505414
train,2015-580,2,337,16,0.0,0.18821985736561564
train,2015-580,2,337,17,0.0,0.07993171329784725
train,2015-580,2,337,18,0.0,0.4622973379864061
train,2015-580,2,337,19,0.0,0.3392965259355118
train,2015-580,2,337,20,0.0,0.4170206288184163
train,2015-580,2,337,21,0.0,0.1157376317656304
train,2015-580,2,337,22,1.0,0.8818736764861697
train,2015-580,2,337,23,0.0,0.5346787325116157
train,2015-580,2,337,24,0.0,0.7809340430342544
train,2015-580,2,337,25,1.0,0.7431438077728448
train,2015-580,2,337,26,1.0,0.18665905607361027
train,2015-580,2,337,27,0.0,0.15589077932208933
train,2015-580,2,337,28,0.0,0.12713298967796985
train,2015-580,2,337,29,0.0,0.03634870008434645
train,2015-580,2,337,30,0.0,0.20329215843055745
train,2015-580,2,337,31,1.0,0.9587334721166612
train,2015-580,3,338,0,0.0,0.3539315305105436
train,2015-580,3,338,1,0.0,0.8161452283827095
train,2015-580,3,338,2,0.0,0.930773279333746
train,2015-580,3,338,3,1.0,0.47204736986842094
train,2015-580,3,338,4,0.0,0.1787389838500816
train,2015-580,3,338,5,1.0,0.9068044187231686
train,2015-580,3,338,6,1.0,0.8233214811027282
train,2015-580,3,338,7,0.0,0.4582320840328173
train,2015-580,3,338,8,0.0,0.41809950106487953
train,2015-580,3,338,9,0.0,0.09209258977162074
train,2015-580,3,338,10,1.0,0.7946759208434991
train,2015-580,3,338,11,1.0,0.43985639285172323
train,2015-580,3,338,12,1.0,0.845671552342155
train,2015-580,3,338,13,0.0,0.10840208548740224
train,2015-580,3,338,14,1.0,0.7177317188782111
train,2015-580,3,338,15,1.0,0.9286838379890182
train,2015-580,4,339,0,0.0,0.5912287148885389
train,2015-580,4,339,1,1.0,0.7612415478985992
train,2015-580,4,339,2,1.0,0.46679836972022426
train,2015-580,4,339,3,1.0,0.8721750622090069
train,2015-580,4,339,4,1.0,0.36689948399611666
train,2015-580,4,339,5,1.0,0.8381782009010146
train,2015-580,4,339,6,1.0,0.7223211363098773
train,2015-580,4,339,7,0.0,0.038797633866800935
train,2015-580,5,340,0,0.0,0.13556606250403436
train,2015-580,5,340,1,0.0,0.3054438101945211
train,2015-580,5,340,2,1.0,0.4712604330738372
train,2015-580,5,340,3,0.0,0.18605569376934786
train,2015-580,6,341,0,0.0,0.4523065853214899
train,2015-580,6,341,1,1.0,0.8451562436046879
train,2015-580,7,342,0,0.0,0.24851172172255795
val,2016-0352,2,498,0,1.0,0.3699299779103125
val,2016-0352,2,498,1,0.0,0.33675075779034874
val,2016-0352,2,498,2,0.0,0.2865778083007891
val,2016-0352,2,498,3,0.0,0.27785271607715484
val,2016-0352,2,498,4,0.0,0.46430770723713316
val,2016-0352,2,498,5,0.0,0.5903558764555513
val,2016-0352,2,498,6,0.0,0.5992590100769964
val,2016-0352,2,498,7,1.0,0.6371957404419762
val,2016-0352,2,498,8,1.0,0.7602223610095221
val,2016-0352,2,498,9,0.0,0.3096026195769244
val,2016-0352,2,498,10,1.0,0.6139899145198142
val,2016-0352,2,498,11,1.0,0.6573941942552638
val,2016-0352,2,498,12,1.0,0.7116458373241344
val,2016-0352,2,498,13,0.0,0.5798881260026973
val,2016-0352,2,498,14,1.0,0.6302698342487008
val,2016-0352,2,498,15,1.0,0.6978162490470158
val,2016-0352,3,499,0,0.0,0.4815283293464155
val,2016-0352,3,499,1,0.0,0.910357000700742
val,2016-0352,3,499,2,1.0,0.7555152897197633
val,2016-0352,3,499,3,0.0,0.2533917839525563
val,2016-0352,3,499,4,0.0,0.2382624762126776
val,2016-0352,3,499,5,1.0,0.9587497116856126
val,2016-0352,3,499,6,0.0,0.39254187868506524
val,2016-0352,3,499,7,0.0,0.44813332570449366
val,2016-0352,3,499,8,0.0,0.2068502130296108
val,2016-0352,3,499,9,0.0,0.15362367727762144
val,2016-0352,3,499,10,0.0,0.4175842751350988
val,2016-0352,3,499,11,1.0,0.7663509224596815
val,2016-0352,3,499,12,0.0,0.6083123887641894
val,2016-0352,3,499,13,0.0,0.16051277032431843
val,2016-0352,3,499,14,1.0,0.9474861127511002
val,2016-0352,3,499,15,1.0,0.5425342686701069
val,2016-0352,4,500,0,1.0,0.9259815037325206
val,2016-0352,4,500,1,1.0,0.6131264242051156
val,2016-0352,4,500,2,0.0,0.17926029281145994
val,2016-0352,4,500,3,1.0,0.3400105095909249
val,2016-0352,4,500,4,1.0,0.7858016664667926
val,2016-0352,4,500,5,1.0,0.5441810926527291
val,2016-0352,4,500,6,0.0,0.11130181864353582
val,2016-0352,4,500,7,0.0,0.4034590589065949
val,2016-0352,5,501,0,0.0,0.12214928555084842
val,2016-0352,5,501,1,0.0,0.4757032084373314
val,2016-0352,5,501,2,1.0,0.41128341716424605
val,2016-0352,5,501,3,1.0,0.13607958120239005
val,2016-0352,6,502,0,1.0,0.8493969930935649
val,2016-0352,6,502,1,0.0,0.6935834652649561
val,2016-0352,7,503,0,0.0,0.10209623595140342
val,2016-0410,2,441,0,1.0,0.5106727081463881
val,2016-0410,2,441,1,1.0,0.48016276153478865
val,2016-0410,2,441,2,0.0,0.4172111579038694
val,2016-0410,2,441,3,1.0,0.6795185740960077
val,2016-0410,2,441,4,1.0,0.9470868058640441
val,2016-0410,2,441,5,1.0,0.63640116051321
val,2016-0410,2,441,6,1.0,0.6404079434727137
val,2016-0410,2,441,7,1.0,0.843531080267091
val,2016-0410,2,441,8,0.0,0.25326177475546435
val,2016-0410,2,441,9,0.0,0.21093153533931364
val,2016-0410,2,441,10,1.0,0.2359083955438107
val,2016-0410,2,441,11,0.0,0.6398437958916102
val,2016-0410,2,441,12,0.0,0.4689786403002001
val,2016-0410,2,441,13,0.0,0.19003900323195153
val,2016-0410,2,441,14,1.0,0.47970375610786503
val,2016-0410,2,441,15,1.0,0.4504623590278082
val,2016-0410,2,441,16,1.0,0.879329169869994
val,2016-0410,2,441,17,1.0,0.2924661257099056
val,2016-0410,2,441,18,1.0,0.6691416417851227
val,2016-0410,2,441,19,1.0,0.6856044799799199
val,2016-0410,2,441,20,1.0,0.582357152824972
val,2016-0410,2,441,21,1.0,0.3310444025547177
val,2016-0410,2,441,22,0.0,0.32803114198764877
val,2016-0410,2,441,23,0.0,0.2661109646094134
val,2016-0410,3,442,0,1.0,0.4085989461956455
val,2016-0410,3,442,1,1.0,0.02072660417301062
val,2016-0410,3,442,2,1.0,0.910123938302402
val,2016-0410,3,442,3,0.0,0.28457784911389555
val,2016-0410,3,442,4,0.0,0.1360018047668333
val,2016-0410,3,442,5,0.0,0.20326229897493617
val,2016-0410,3,442,6,1.0,0.1999653671870028
val,2016-0410,3,442,7,0.0,0.14765959035189974
val,2016-0410,3,442,8,1.0,0.864229423350534
val,2016-0410,3,442,9,1.0,0.6455801136220837
val,2016-0410,3,442,10,0.0,0.40192514306062804
val,2016-0410,3,442,11,0.0,0.2010527352434058
val,2016-0410,3,442,12,0.0,0.11993369451093511
val,2016-0410,3,442,13,1.0,0.1556712956365214
val,2016-0410,3,442,14,1.0,0.5299217065417426
val,2016-0410,3,442,15,1.0,0.9055250531589384
val,2016-0410,4,443,0,0.0,0.11550876238779431
val,2016-0410,4,443,1,0.0,0.1365446297333218
val,2016-0410,4,443,2,1.0,0.7587659402722248
val,2016-0410,4,443,3,1.0,0.8290633307254245
val,2016-0410,4,443,4,1.0,0.8227862146226559
val,2016-0410,4,443,5,1.0,0.21252372160529787
val,2016-0410,4,443,6,1.0,0.8739789692860872
val,2016-0410,4,443,7,1.0,0.5922096113352039
val,2016-0410,5,444,0,0.0,0.408505312062301
val,2016-0410,5,444,1,0.0,0.4814622376521215
val,2016-0410,5,444,2,1.0,0.3090728942275673
val,2016-0410,5,444,3,0.0,0.15312806138583707
val,2016-0410,6,445,0,0.0,0.6447508827479533
val,2016-0410,6,445,1,1.0,0.6262734915151955
val,2016-0410,7,446,0,1.0,0.41260495115067586
val,2016-0421,2,473,0,1.0,0.5999097802622746
val,2016-0421,2,473,1,1.0,0.37054408214583445
val,2016-0421,2,473,2,1.0,0.7035387409775943
val,2016-0421,2,473,3,0.0,0.24966298501412723
val,2016-0421,2,473,4,1.0,0.37439791096247926
val,2016-0421,2,473,5,0.0,0.4854003236941895
val,2016-0421,2,473,6,0.0,0.718443158345224
val,2016-0421,2,473,7,0.0,0.18342077617162247
val,2016-0421,2,473,8,1.0,0.10377133131593072
val,2016-0421,2,473,9,0.0,0.13912189646408224
val,2016-0421,2,473,10,0.0,0.2972435271518907
val,2016-0421,2,473,11,1.0,0.7551748538646349
val,2016-0421,2,473,12,1.0,0.3794401016875773
val,2016-0421,2,473,13,0.0,0.20821598460612709
val,2016-0421,2,473,14,0.0,0.5939707885506729
val,2016-0421,2,473,15,1.0,0.572540327124324
val,2016-0421,2,473,16,0.0,0.6582943060088592
val,2016-0421,2,473,17,1.0,0.3536535019155753
val,2016-0421,2,473,18,0.0,0.19571279339217965
val,2016-0421,2,473,19,0.0,0.7550912527962605
val,2016-0421,2,473,20,0.0,0.7081201811753577
val,2016-0421,2,473,21,0.0,0.7025833874925514
val,2016-0421,2,473,22,1.0,0.4389575238672388
val,2016-0421,2,473,23,0.0,0.40000895731307784
val,2016-0421,3,474,0,0.0,0.032177941561320506
val,2016-0421,3,474,1,0.0,0.3604827486837671
val,2016-0421,3,474,2,1.0,0.7879290638076251
val,2016-0421,3,474,3,0.0,0.13283898836558952
val,2016-0421,3,474,4,0.0,0.2127889615046637
val,2016-0421,3,474,5,1.0,0.831738826109223
val,2016-0421,3,474,6,1.0,0.28537626928005105
val,2016-0421,3,474,7,1.0,0.7995952076397767
val,2016-0421,3,474,8,0.0,0.6816255749389182
val,2016-0421,3,474,9,0.0,0.7192394044866176
val,2016-0421,3,474,10,1.0,0.9016942550260386
val,2016-0421,3,474,11,1.0,0.30889730022887424
val,2016-0421,3,474,12,1.0,0.2117370196982338
val,2016-0421,3,474,13,0.0,0.31355265212197214
val,2016-0421,3,474,14,1.0,0.7607631597578335
val,2016-0421,3,474,15,0.0,0.21635424619926766
val,2016-0421,4,475,0,0.0,0.3288029157859119
val,2016-0421,4,475,1,0.0,0.6081775311924315
val,2016-0421,4,475,2,1.0,0.6179606346234647
val,2016-0421,4,475,3,0.0,0.504462424636785
val,2016-0421,4,475,4,0.0,0.09505997244269786
val,2016-0421,4,475,5,1.0,0.8426788002708278
val,2016-0421,4,475,6,1.0,0.9640927691505309
val,2016-0421,4,475,7,1.0,0.8625386911924428
val,2016-0421,5,476,0,0.0,0.26383369302728277
val,2016-0421,5,476,1,0.0,0.23096112126580323
val,2016-0421,5,476,2,0.0,0.5390975469298165
val,2016-0421,5,476,3,1.0,0.8943840387243224
val,2016-0421,6,477,0,1.0,0.649841127854991
val,2016-0421,6,477,1,1.0,0.8753303731938136
val,2016-0421,7,478,0,1.0,0.8586328218030387
val,2016-5014,2,492,0,1.0,0.6852498814900346
val,2016-5014,2,492,1,0.0,0.6136621736426372
val,2016-5014,2,492,2,0.0,0.3882318478543498
val,2016-5014,2,492,3,1.0,0.7025800815396696
val,2016-5014,2,492,4,1.0,0.8375998093741905
val,2016-5014,2,492,5,0.0,0.4436204993316293
val,2016-5014,2,492,6,1.0,0.6210757469434695
val,2016-5014,2,492,7,1.0,0.2201055880292283
val,2016-5014,2,492,8,1.0,0.38589314187970275
val,2016-5014,2,492,9,0.0,0.24336661856181294
val,2016-5014,2,492,10,1.0,0.4124662346545728
val,2016-5014,2,492,11,1.0,0.41905227296318237
val,2016-5014,2,492,12,0.0,0.6408795470544765
val,2016-5014,2,492,13,0.0,0.6859384251934975
val,2016-5014,2,492,14,0.0,0.5692314056688117
val,2016-5014,2,492,15,1.0,0.5792523326463859
val,2016-5014,2,492,16,0.0,0.31382561660362157
val,2016-5014,2,492,17,0.0,0.6295090030139888
val,2016-5014,2,492,18,0.0,0.3750905345498664
val,2016-5014,2,492,19,1.0,0.6167103884384085
val,2016-5014,2,492,20,1.0,0.4370267953833786
val,2016-5014,2,492,21,0.0,0.45565195380970225
val,2016-5014,2,492,22,1.0,0.8532441002151504
val,2016-5014,2,492,23,0.0,0.5336983385127511
val,2016-5014,3,493,0,1.0,0.230558358609012
val,2016-5014,3,493,1,1.0,0.17207837758651148
val,2016-5014,3,493,2,0.0,0.755610036285634
val,2016-5014,3,493,3,0.0,0.7832024387624236
val,2016-5014,3,493,4,0.0,0.784103960006605
val,2016-5014,3,493,5,1.0,0.8386636501824671
val,2016-5014,3,493,6,1.0,0.8477244539345157
val,2016-5014,3,493,7,0.0,0.3867915668817554
val,2016-5014,3,493,8,0.0,0.19918135851759455
val,2016-5014,3,493,9,1.0,0.9261550492297317
val,2016-5014,3,493,10,1.0,0.7781399322461563
val,2016-5014,3,493,11,1.0,0.8366144212057429
val,2016-5014,3,493,12,0.0,0.2855903942831764
val,2016-5014,3,493,13,1.0,0.6588380683673103
val,2016-5014,3,493,14,0.0,0.2423571119784738
val,2016-5014,3,493,15,1.0,0.9036940919527706
val,2016-5014,4,494,0,0.0,0.11144010275535995
val,2016-5014,4,494,1,1.0,0.2352894042879361
val,2016-5014,4,494,2,0.0,0.6855687023652186
val,2016-5014,4,494,3,0.0,0.2412847880835834
val,2016-5014,4,494,4,1.0,0.6596163307970888
val,2016-5014,4,494,5,1.0,0.35167962086088733
val,2016-5014,4,494,6,1.0,0.3862437751932519
val,2016-5014,4,494,7,0.0,0.06816739934419969
val,2016-5014,5,495,0,0.0,0.161782247525674
val,2016-5014,5,495,1,0.0,0.5928340041099898
val,2016-5014,5,495,2,1.0,0.3502019565977054
val,2016-5014,5,495,3,1.0,0.9394967378393614
val,2016-5014,6,496,0,0.0,0.11764822522794276
val,2016-5014,6,496,1,0.0,0.8651238084977247
val,2016-5014,7,497,0,1.0,0.8458913971737655
val,2016-520,1,459,0,1.0,0.937194958690608
val,2016-520,1,459,1,0.0,0.6207779172425525
val,2016-520,1,459,2,1.0,0.6221267360035908
val,2016-520,1,459,3,1.0,0.3199771559745078
val,2016-520,1,459,4,0.0,0.36285419766022514
val,2016-520,1,459,5,1.0,0.5832326008958434
val,2016-520,1,459,6,0.0,0.08773586590418661
val,2016-520,1,459,7,1.0,0.8107628825232062
val,2016-520,1,459,8,1.0,0.766695024608244
val,2016-520,1,459,9,0.0,0.3981207207705125
val,2016-520,1,459,10,1.0,0.3693517884545292
val,2016-520,1,459,11,1.0,0.537079387629715
val,2016-520,1,459,12,0.0,0.3062806615809063
val,2016-520,1,459,13,0.0,0.5821447445891471
val,2016-520,1,459,14,1.0,0.933103085718106
val,2016-520,1,459,15,0.0,0.1671598271414354
val,2016-520,1,459,16,1.0,0.42924606957977696
val,2016-520,1,459,17,1.0,0.3278229290085835
val,2016-520,1,459,18,1.0,0.7279848756527726
val,2016-520,1,459,19,1.0,0.8393148986654998
val,2016-520,1,459,20,1.0,0.4953545137317556
val,2016-520,1,459,21,0.0,0.3350792865045563
val,2016-520,1,459,22,1.0,0.8881454821240486
val,2016-520,1,459,23,1.0,0.7998923094343025
val,2016-520,1,459,24,0.0,0.6640055368289043
val,2016-520,1,459,25,1.0,0.7023502121792596
val,2016-520,1,459,26,0.0,0.22289409658540824
val,2016-520,1,459,27,1.0,0.5756060448632278
val,2016-520,1,459,28,1.0,0.6800646124773216
val,2016-520,1,459,29,1.0,0.3850135068609802
val,2016-520,1,459,30,0.0,0.02129146922897659
val,2016-520,1,459,31,1.0,0.4993618569934211
val,2016-520,1,459,32,0.0,0.5402792440088937
val,2016-520,1,459,33,0.0,0.460673935330374
val,2016-520,1,459,34,1.0,0.9103972823539725
val,2016-520,1,459,35,1.0,0.797394410014693
val,2016-520,1,459,36,0.0,0.437240051043276
val,2016-520,1,459,37,1.0,0.7796628632735162
val,2016-520,1,459,38,0.0,0.21956110672196327
val,2016-520,1,459,39,0.0,0.7261288289203565
val,2016-520,1,459,40,0.0,0.32719239745354944
val,2016-520,1,459,41,0.0,0.11357605609745068
val,2016-520,1,459,42,0.0,0.29156128240292084
val,2016-520,1,459,43,1.0,0.41208319110437125
val,2016-520,1,459,44,1.0,0.7830882719281282
val,2016-520,1,459,45,1.0,0.9102267799717112
val,2016-520,1,459,46,0.0,0.37353527053681046
val,2016-520,1,459,47,1.0,0.7974732370544223
val,2016-520,1,459,48,1.0,0.41406381529195524
val,2016-520,1,459,49,0.0,0.4606664108310218
val,2016-520,1,459,50,1.0,0.5915511039731408
val,2016-520,1,459,51,1.0,0.6115278354861026
val,2016-520,1,459,52,0.0,0.46378769428691
val,2016-520,1,459,53,1.0,0.7300944658563897
val,2016-520,1,459,54,1.0,0.73858662183248
val,2016-520,1,459,55,1.0,0.47402000070919814
val,2016-520,1,459,56,1.0,0.7252613617715797
val,2016-520,1,459,57,0.0,0.46769697578717906
val,2016-520,1,459,58,1.0,0.9083201728361786
val,2016-520,1,459,59,1.0,0.5756795510739362
val,2016-520,1,459,60,1.0,0.8963892113951668
val,2016-520,1,459,61,0.0,0.4857468113789587
val,2016-520,1,459,62,0.0,0.8501658209093369
val,2016-520,1,459,63,0.0,0.6413637270389251
val,2016-520,2,460,0,1.0,0.7268136075278663
val,2016-520,2,460,1,1.0,0.843571527285669
val,2016-520,2,460,2,1.0,0.5821914743787995
val,2016-520,2,460,3,0.0,0.22846056493048472
val,2016-520,2,460,4,0.0,0.18635740317157973
val,2016-520,2,460,5,1.0,0.35287425229713865
val,2016-520,2,460,6,1.0,0.8627762262018774
val,2016-520,2,460,7,1.0,0.8617085092841119
val,2016-520,2,460,8,0.0,0.211014650850495
val,2016-520,2,460,9,0.0,0.34136677602011206
val,2016-520,2,460,10,1.0,0.7794380524916493
val,2016-520,2,460,11,1.0,0.764393330683535
val,2016-520,2,460,12,1.0,0.20781422007822517
val,2016-520,2,460,13,1.0,0.8308313904378978
val,2016-520,2,460,14,1.0,0.8487856517238561
val,2016-520,2,460,15,1.0,0.3682756206954773
val,2016-520,2,460,16,1.0,0.8854801383148647
val,2016-520,2,460,17,0.0,0.334781413548401
val,2016-520,2,460,18,1.0,0.635532400805395
val,2016-520,2,460,19,1.0,0.6138023671632755
val,2016-520,2,460,20,1.0,0.9409204402794409
val,2016-520,2,460,21,0.0,0.10271507920126878
val,2016-520,2,460,22,1.0,0.7306613840105531
val,2016-520,2,460,23,0.0,0.2531515704863416
val,2016-520,2,460,24,0.0,0.2133479437326714
val,2016-520,2,460,25,0.0,0.05038636436165269
val,2016-520,2,460,26,1.0,0.449091609961615
val,2016-520,2,460,27,1.0,0.413530226918183
val,2016-520,2,460,28,1.0,0.8524840462795487
val,2016-520,2,460,29,0.0,0.0189765510981786
val,2016-520,2,460,30,1.0,0.8009435150176688
val,2016-520,2,460,31,1.0,0.458853356325707
val,2016-520,3,461,0,0.0,0.029458558639321255
val,2016-520,3,461,1,1.0,0.47815366110548246
val,2016-520,3,461,2,0.0,0.23991415670843502
val,2016-520,3,461,3,0.0,0.2806143160019671
val,2016-520,3,461,4,1.0,0.9245280405752206
val,2016-520,3,461,5,0.0,0.2553923227176404
val,2016-520,3,461,6,1.0,0.7877315738993929
val,2016-520,3,461,7,0.0,0.2880315488329109
val,2016-520,3,461,8,1.0,0.2536336183943229
val,2016-520,3,461,9,1.0,0.4205001951285993
val,2016-520,3,461,10,0.0,0.10566044740560432
val,2016-520,3,461,11,1.0,0.19762652422939048
val,2016-520,3,461,12,1.0,0.8320350394753946
val,2016-520,3,461,13,1.0,0.6681122546760625
val,2016-520,3,461,14,1.0,0.11837534912895707
val,2016-520,3,461,15,1.0,0.7510563972982649
val,2016-520,4,462,0,0.0,0.13784487208353238
val,2016-520,4,462,1,1.0,0.3189901392359026
val,2016-520,4,462,2,0.0,0.23893393299406102
val,2016-520,4,462,3,1.0,0.1884846499869171
val,2016-520,4,462,4,0.0,0.19718299056094396
val,2016-520,4,462,5,1.0,0.6919028856068169
val,2016-520,4,462,6,1.0,0.9334507529412054
val,2016-520,4,462,7,1.0,0.4261247060998224
val,2016-520,5,463,0,0.0,0.20689746316816554
val,2016-520,5,463,1,1.0,0.7128783412454192
val,2016-520,5,463,2,1.0,0.33497466675546705
val,2016-520,5,463,3,1.0,0.9005226279109513
val,2016-520,6,464,0,0.0,0.2017327238892546
val,2016-520,6,464,1,1.0,0.9260702707150055
val,2016-520,7,465,0,1.0,0.7837359334005476
val,2016-540,1,466,0,1.0,0.9573370369243969
val,2016-540,1,466,1,0.0,0.2781263084122332
val,2016-540,1,466,2,0.0,0.49237328969487937
val,2016-540,1,466,3,1.0,0.5891140063046026
val,2016-540,1,466,4,0.0,0.3661905993093166
val,2016-540,1,466,5,1.0,0.8487804028921612
val,2016-540,1,466,6,0.0,0.1291692186841901
val,2016-540,1,466,7,0.0,0.2273794909883298
val,2016-540,1,466,8,1.0,0.6699717015697637
val,2016-540,1,466,9,1.0,0.16622047824324074
val,2016-540,1,466,10,0.0,0.26135599452223934
val,2016-540,1,466,11,0.0,0.5539895909487392
val,2016-540,1,466,12,0.0,0.5348796866043647
val,2016-540,1,466,13,0.0,0.10132371596271003
val,2016-540,1,466,14,0.0,0.13235895110327706
val,2016-540,1,466,15,0.0,0.38307640179490304
val,2016-540,1,466,16,1.0,0.5375867078990614
val,2016-540,1,466,17,1.0,0.6015743566963833
val,2016-540,1,466,18,1.0,0.3805233719968701
val,2016-540,1,466,19,1.0,0.674335068495742
val,2016-540,1,466,20,0.0,0.383396462825022
val,2016-540,1,466,21,1.0,0.9097052977265051
val,2016-540,1,466,22,1.0,0.8376097070736575
val,2016-540,1,466,23,1.0,0.7370143518818547
val,2016-540,1,466,24,0.0,0.5505493600261253
val,2016-540,1,466,25,0.0,0.5840297333381924
val,2016-540,1,466,26,0.0,0.47647411112448057
val,2016-540,1,466,27,0.0,0.39336706466023424
val,2016-540,1,466,28,0.0,0.3313046825906742
val,2016-540,1,466,29,0.0,0.02057124130592318
val,2016-540,1,466,30,0.0,0.3952872891985688
val,2016-540,1,466,31,1.0,0.4322377567383474
val,2016-540,1,466,32,1.0,0.5251655760100722
val,2016-540,1,466,33,1.0,0.8796077220754374
val,2016-540,1,466,34,0.0,0.44439946580983736
val,2016-540,1,466,35,1.0,0.7518453271273009
val,2016-540,1,466,36,1.0,0.7529984898779858
val,2016-540,1,466,37,1.0,0.627699262550149
val,2016-540,1,466,38,0.0,0.5755019291767266
val,2016-540,1,466,39,1.0,0.85535538393056
val,2016-540,1,466,40,0.0,0.2974524897931685
val,2016-540,1,466,41,0.0,0.42305136708640034
val,2016-540,1,466,42,1.0,0.7407865434231546
val,2016-540,1,466,43,1.0,0.7601566808624206
val,2016-540,1,466,44,1.0,0.5935294546680911
val,2016-540,1,466,45,1.0,0.694347630404528
val,2016-540,1,466,46,1.0,0.8191828141885064
val,2016-540,1,466,47,0.0,0.11540836369858268
val,2016-540,1,466,48,0.0,0.18568375918830152
val,2016-540,1,466,49,1.0,0.3330871101483293
val,2016-540,1,466,50,0.0,0.15523709906951805
val,2016-540,1,466,51,1.0,0.48153891334612875
val,2016-540,1,466,52,0.0,0.29927181977709616
val,2016-540,1,466,53,0.0,0.6294570501926149
val,2016-540,1,466,54,1.0,0.7385102594134365
val,2016-540,1,466,55,1.0,0.6212140909730205
val,2016-540,1,466,56,0.0,0.33329846829001386
val,2016-540,1,466,57,0.0,0.14251416472525844
val,2016-540,1,466,58,0.0,0.15559395810024343
val,2016-540,1,466,59,0.0,0.3896031457029751
val,2016-540,1,466,60,1.0,0.45917108095336967
val,2016-540,1,466,61,0.0,0.6043220850457504
val,2016-540,1,466,62,1.0,0.7106394665820072
val,2016-540,1,466,63,0.0,0.3762173676126673
val,2016-540,2,467,0,0.0,0.3418969060322852
val,2016-540,2,467,1,1.0,0.6655968796031293
val,2016-540,2,467,2,0.0,0.15746917986039563
val,2016-540,2,467,3,0.0,0.2706053067138233
val,2016-540,2,467,4,0.0,0.2502467113238535
val,2016-540,2,467,5,0.0,0.3268094444324598
val,2016-540,2,467,6,0.0,0.23087070372070248
val,2016-540,2,467,7,0.0,0.24054324045770797
val,2016-540,2,467,8,1.0,0.505654956291095
val,2016-540,2,467,9,0.0,0.17246877002687405
val,2016-540,2,467,10,1.0,0.8379545328560325
val,2016-540,2,467,11,0.0,0.25154214085938736
val,2016-540,2,467,12,0.0,0.7797066009881498
val,2016-540,2,467,13,0.0,0.7354127639608992
val,2016-540,2,467,14,1.0,0.5125576502515811
val,2016-540,2,467,15,0.0,0.3026194577632516
val,2016-540,2,467,16,1.0,0.3021814505865883
val,2016-540,2,467,17,0.0,0.23997444552775246
val,2016-540,2,467,18,1.0,0.3689991978330092
val,2016-540,2,467,19,0.0,0.5570737301643992
val,2016-540,2,467,20,1.0,0.27832814093049313
val,2016-540,2,467,21,0.0,0.19229012669097728
val,2016-540,2,467,22,0.0,0.2975973491131709
val,2016-540,2,467,23,1.0,0.4184747603816241
val,2016-540,2,467,24,0.0,0.11559078489122415
val,2016-540,2,467,25,1.0,0.18665752996515148
val,2016-540,2,467,26,0.0,0.4849807688831167
val,2016-540,2,467,27,1.0,0.5521072562277642
val,2016-540,2,467,28,1.0,0.8752011716498576
val,2016-540,2,467,29,1.0,0.9429146357593234
val,2016-540,2,467,30,0.0,0.036361834333779604
val,2016-540,2,467,31,1.0,0.8978260998527768
val,2016-540,3,468,0,1.0,0.33574816889167897
val,2016-540,3,468,1,1.0,0.5409415596567602
val,2016-540,3,468,2,1.0,0.9210783371663316
val,2016-540,3,468,3,1.0,0.690021690068365
val,2016-540,3,468,4,1.0,0.6477675643463942
val,2016-540,3,468,5,1.0,0.7390287417613602
val,2016-540,3,468,6,0.0,0.44184317853044736
val,2016-540,3,468,7,0.0,0.26208357304036184
val,2016-540,3,468,8,1.0,0.4440947793182122
val,2016-540,3,468,9,0.0,0.23000483000574504
val,2016-540,3,468,10,0.0,0.18589614634741913
val,2016-540,3,468,11,1.0,0.3865293806086742
val,2016-540,3,468,12,0.0,0.09168357516175664
val,2016-540,3,468,13,1.0,0.7935234957176845
val,2016-540,3,468,14,0.0,0.1599111494741729
val,2016-540,3,468,15,1.0,0.036540780609675506
val,2016-540,4,469,0,0.0,0.17876383547041824
val,2016-540,4,469,1,1.0,0.516799038875348
val,2016-540,4,469,2,0.0,0.5023935827449616
val,2016-540,4,469,3,1.0,0.7853947347245793
val,2016-540,4,469,4,1.0,0.27508599781516213
val,2016-540,4,469,5,0.0,0.13847951863785748
val,2016-540,4,469,6,1.0,0.505784498235892
val,2016-540,4,469,7,1.0,0.49758183058367267
val,2016-540,5,470,0,1.0,0.8097423633605997
val,2016-540,5,470,1,0.0,0.258096616137229
val,2016-540,5,470,2,0.0,0.20292389841411548
val,2016-540,5,470,3,1.0,0.8109010012479823
val,2016-540,6,471,0,1.0,0.790692995879715
val,2016-540,6,471,1,1.0,0.3299312032939154
val,2016-540,7,472,0,1.0,0.768242514583488
val,2016-560,1,485,0,0.0,0.04922601138972077
val,2016-560,1,485,1,0.0,0.3781263550045933
val,2016-560,1,485,2,0.0,0.38389382565479657
val,2016-560,1,485,3,1.0,0.7035059086636579
val,2016-560,1,485,4,0.0,0.3361910835778681
val,2016-560,1,485,5,0.0,0.13337920555806626
val,2016-560,1,485,6,1.0,0.6870494195697499
val,2016-560,1,485,7,0.0,0.27167224605116913
val,2016-560,1,485,8,1.0,0.5154083753492207
val,2016-560,1,485,9,0.0,0.37691697632522025
val,2016-560,1,485,10,0.0,0.4592693111412654
val,2016-560,1,485,11,1.0,0.6422878667530548
val,2016-560,1,485,12,1.0,0.6412960795079868
val,2016-560,1,485,13,0.0,0.10813404854501397
val,2016-560,1,485,14,1.0,0.9336232770568924
val,2016-560,1,485,15,1.0,0.7360606635306867
val,2016-560,1,485,16,1.0,0.7606089451307764
val,2016-560,1,485,17,0.0,0.22487725996613672
val,2016-560,1,485,18,1.0,0.7550167602093047
val,2016-560,1,485,19,1.0,0.7158540024373462
val,2016-560,1,485,20,1.0,0.41700827072994795
val,2016-560,1,485,21,0.0,0.08060895436008592
val,2016-560,1,485,22,0.0,0.8584408409238483
val,2016-560,1,485,23,0.0,0.6294118221560141
val,2016-560,1,485,24,0.0,0.4128318080872274
val,2016-560,1,485,25,0.0,0.1434877323452622
val,2016-560,1,485,26,0.0,0.34262324941886224
val,2016-560,1,485,27,1.0,0.5842148557613807
val,2016-560,1,485,28,1.0,0.7657837311669363
val,2016-560,1,485,29,1.0,0.9779458435668137
val,2016-560,1,485,30,1.0,0.22474748515440882
val,2016-560,1,485,31,0.0,0.6179761277115842
val,2016-560,1,485,32,1.0,0.7146628893508096
val,2016-560,1,485,33,1.0,0.7579602875940655
val,2016-560,1,485,34,1.0,0.43708677865374945
val,2016-560,1,485,35,0.0,0.3028926514788885
val,2016-560,1,485,36,0.0,0.16614195373561727
val,2016-560,1,485,37,0.0,0.1622305054305372
val,2016-560,1,485,38,0.0,0.3209322531103059
val,2016-560,1,485,39,0.0,0.4212910014106706
val,2016-560,1,485,40,1.0,0.125556934240662
val,2016-560,1,485,41,1.0,0.7450064569289583
val,2016-560,1,485,42,1.0,0.6683055268306314
val,2016-560,1,485,43,0.0,0.3578243644598567
val,2016-560,1,485,44,0.0,0.08215951440304047
val,2016-560,1,485,45,0.0,0.42354482376273866
val,2016-560,1,485,46,1.0,0.573864238893446
val,2016-560,1,485,47,0.0,0.0881723714191471
val,2016-560,1,485,48,0.0,0.29552643512036564
val,2016-560,1,485,49,1.0,0.47298833060568
val,2016-560,1,485,50,1.0,0.28955709662678014
val,2016-560,1,485,51,1.0,0.37471195363565596
val,2016-560,1,485,52,1.0,0.3236510284251824
val,2016-560,1,485,53,0.0,0.800854169483091
val,2016-560,1,485,54,0.0,0.2317550448303121
val,2016-560,1,485,55,1.0,0.7061513343267758
val,2016-560,1,485,56,0.0,0.4039455529277548
val,2016-560,1,485,57,1.0,0.726868106867177
val,2016-560,1,485,58,1.0,0.8020828999759653
val,2016-560,1,485,59,0.0,0.5090827702219447
val,2016-560,1,485,60,1.0,0.4055564006492156
val,2016-560,1,485,61,1.0,0.2703061045681972
val,2016-560,1,485,62,0.0,0.25636840297184355
val,2016-560,1,485,63,1.0,0.7244169792198515
val,2016-560,2,486,0,1.0,0.41163938794587634
val,2016-560,2,486,1,1.0,0.7188452623737284
val,2016-560,2,486,2,0.0,0.1867924889750448
val,2016-560,2,486,3,0.0,0.6401575543160193
val,2016-560,2,486,4,0.0,0.724982174914906
val,2016-560,2,486,5,1.0,0.901801736466039
val,2016-560,2,486,6,1.0,0.3768677766605053
val,2016-560,2,486,7,0.0,0.3399473253005783
val,2016-560,2,486,8,1.0,0.6152509479407562
val,2016-560,2,486,9,0.0,0.607983578994336
val,2016-560,2,486,10,1.0,0.7273861122210445
val,2016-560,2,486,11,0.0,0.3226954924587109
val,2016-560,2,486,12,1.0,0.9352181437676158
val,2016-560,2,486,13,0.0,0.154325734354371
val,2016-560,2,486,14,1.0,0.6605625285585051
val,2016-560,2,486,15,1.0,0.4115788012285842
val,2016-560,2,486,16,1.0,0.38472698061400784
val,2016-560,2,486,17,0.0,0.0712967664771253
val,2016-560,2,486,18,0.0,0.2866018991283607
val,2016-560,2,486,19,0.0,0.21038730536452105
val,2016-560,2,486,20,0.0,0.47099730503189985
val,2016-560,2,486,21,0.0,0.1319268448068335
val,2016-560,2,486,22,1.0,0.8624886797307455
val,2016-560,2,486,23,0.0,0.17225044702402603
val,2016-560,2,486,24,0.0,0.7878315863020229
val,2016-560,2,486,25,1.0,0.9026965199833635
val,2016-560,2,486,26,0.0,0.33381476011633476
val,2016-560,2,486,27,0.0,0.16511975837862736
val,2016-560,2,486,28,0.0,0.8543836337249304
val,2016-560,2,486,29,0.0,0.08172154012332222
val,2016-560,2,486,30,1.0,0.6578796804817991
val,2016-560,2,486,31,0.0,0.032097555533725154
val,2016-560,3,487,0,0.0,0.8255527253849855
val,2016-560,3,487,1,1.0,0.22415214777978365
val,2016-560,3,487,2,0.0,0.04674066143951882
val,2016-560,3,487,3,0.0,0.2582916198598312
val,2016-560,3,487,4,0.0,0.37570462756096445
val,2016-560,3,487,5,1.0,0.8672178856888051
val,2016-560,3,487,6,0.0,0.14410646364426016
val,2016-560,3,487,7,1.0,0.3160084559110778
val,2016-560,3,487,8,1.0,0.7483184958707391
val,2016-560,3,487,9,0.0,0.6017805305866589
val,2016-560,3,487,10,1.0,0.8640762025339964
val,2016-560,3,487,11,0.0,0.6244281351059144
val,2016-560,3,487,12,0.0,0.16014603198458027
val,2016-560,3,487,13,1.0,0.24847191651971604
val,2016-560,3,487,14,1.0,0.7291513240037054
val,2016-560,3,487,15,0.0,0.045619479286404814
val,2016-560,4,488,0,0.0,0.1484149777053491
val,2016-560,4,488,1,0.0,0.16244130935214043
val,2016-560,4,488,2,0.0,0.14751938700442677
val,2016-560,4,488,3,1.0,0.34097399792447225
val,2016-560,4,488,4,0.0,0.13970436057136215
val,2016-560,4,488,5,0.0,0.8518127285067196
val,2016-560,4,488,6,1.0,0.7095420123096534
val,2016-560,4,488,7,0.0,0.02959714704631683
val,2016-560,5,489,0,0.0,0.758819483623287
val,2016-560,5,489,1,1.0,0.7388213977876684
val,2016-560,5,489,2,1.0,0.8124283842900573
val,2016-560,5,489,3,1.0,0.8984630621489745
val,2016-560,6,490,0,0.0,0.6637339899760342
val,2016-560,6,490,1,1.0,0.864922441250591
val,2016-560,7,491,0,0.0,0.891104214185031
val,2016-580,1,420,0,0.0,0.03469415716065956
val,2016-580,1,420,1,1.0,0.30646612255340366
val,2016-580,1,420,2,1.0,0.6699554986939285
val,2016-580,1,420,3,1.0,0.7239581869596786
val,2016-580,1,420,4,1.0,0.37173128637009895
val,2016-580,1,420,5,1.0,0.5128777286287143
val,2016-580,1,420,6,1.0,0.8713779500261334
val,2016-580,1,420,7,0.0,0.24436667644574872
val,2016-580,1,420,8,1.0,0.5623764239369605
val,2016-580,1,420,9,0.0,0.5688412375441537
val,2016-580,1,420,10,1.0,0.5649220100731355
val,2016-580,1,420,11,0.0,0.14828641560312733
val,2016-580,1,420,12,0.0,0.4999630120479386
val,2016-580,1,420,13,0.0,0.22306729309464152
val,2016-580,1,420,14,1.0,0.9739437125869803
val,2016-580,1,420,15,0.0,0.27214647749694015
val,2016-580,1,420,16,1.0,0.5883445796411974
val,2016-580,1,420,17,1.0,0.5375715442585935
val,2016-580,1,420,18,1.0,0.7108372303187196
val,2016-580,1,420,19,0.0,0.6227813990016298
val,2016-580,1,420,20,1.0,0.3400002689917363
val,2016-580,1,420,21,0.0,0.5683655135417803
val,2016-580,1,420,22,1.0,0.9130525530028054
val,2016-580,1,420,23,1.0,0.6030056291478095
val,2016-580,1,420,24,0.0,0.3595729588408794
val,2016-580,1,420,25,1.0,0.3010942151002399
val,2016-580,1,420,26,0.0,0.7871786989843349
val,2016-580,1,420,27,0.0,0.3231426563120221
val,2016-580,1,420,28,0.0,0.5398030738177502
val,2016-580,1,420,29,0.0,0.7520714470820035
val,2016-580,1,420,30,0.0,0.01676291090478081
val,2016-580,1,420,31,1.0,0.6767831722112848
val,2016-580,1,420,32,1.0,0.3316225123626429
val,2016-580,1,420,33,1.0,0.1512075015615278
val,2016-580,1,420,34,0.0,0.8854074429823793
val,2016-580,1,420,35,1.0,0.9473947465364511
val,2016-580,1,420,36,1.0,0.44642201822504407
val,2016-580,1,420,37,0.0,0.6375936605103248
val,2016-580,1,420,38,0.0,0.5937876646325501
val,2016-580,1,420,39,0.0,0.3835790635907419
val,2016-580,1,420,40,1.0,0.8116831684274941
val,2016-580,1,420,41,1.0,0.6422351389228438
val,2016-580,1,420,42,1.0,0.40476795565576296
val,2016-580,1,420,43,0.0,0.13738434380440176
val,2016-580,1,420,44,0.0,0.4297464437422313
val,2016-580,1,420,45,0.0,0.1967501010660477
val,2016-580,1,420,46,0.0,0.4005466963645467
val,2016-580,1,420,47,0.0,0.14545154556137266
val,2016-580,1,420,48,1.0,0.8942810328264305
val,2016-580,1,420,49,0.0,0.2081648407298948
val,2016-580,1,420,50,0.0,0.20846735678894934
val,2016-580,1,420,51,0.0,0.5564724631633252
val,2016-580,1,420,52,1.0,0.6309128538082818
val,2016-580,1,420,53,0.0,0.4718746483711816
val,2016-580,1,420,54,0.0,0.29562787429883824
val,2016-580,1,420,55,0.0,0.17619586750092586
val,2016-580,1,420,56,1.0,0.7500595387022663
val,2016-580,1,420,57,1.0,0.6916947315870813
val,2016-580,1,420,58,0.0,0.20393973013102523
val,2016-580,1,420,59,0.0,0.24188862833650843
val,2016-580,1,420,60,1.0,0.5361294425615576
val,2016-580,1,420,61,0.0,0.19779827903063538
val,2016-580,1,420,62,0.0,0.1710663292302877
val,2016-580,1,420,63,1.0,0.13781708522244387
val,2016-580,2,421,0,1.0,0.36306183824965904
val,2016-580,2,421,1,1.0,0.5650634946859241
val,2016-580,2,421,2,0.0,0.4319281783399133
val,2016-580,2,421,3,0.0,0.28204815734138705
val,2016-580,2,421,4,0.0,0.30301840190997387
val,2016-580,2,421,5,0.0,0.09264668304619128
val,2016-580,2,421,6,1.0,0.31957834234341687
val,2016-580,2,421,7,0.0,0.6650288067187674
val,2016-580,2,421,8,0.0,0.10993512973337566
val,2016-580,2,421,9,1.0,0.8362114864000886
val,2016-580,2,421,10,1.0,0.8014043173847597
val,2016-580,2,421,11,0.0,0.8201232494083238
val,2016-580,2,421,12,0.0,0.16085021170859398
val,2016-580,2,421,13,1.0,0.28751390688844297
val,2016-580,2,421,14,0.0,0.42557707661173466
val,2016-580,2,421,15,0.0,0.36961901118813406
val,2016-580,2,421,16,0.0,0.2139987673092057
val,2016-580,2,421,17,1.0,0.7757613057543173
val,2016-580,2,421,18,1.0,0.8502152298581872
val,2016-580,2,421,19,0.0,0.3085355183143491
val,2016-580,2,421,20,1.0,0.8348783046964958
val,2016-580,2,421,21,0.0,0.07408794111971655
val,2016-580,2,421,22,0.0,0.16200622815227078
val,2016-580,2,421,23,0.0,0.28780703534331414
val,2016-580,2,421,24,0.0,0.07066916206813749
val,2016-580,2,421,25,0.0,0.23961243105461016
val,2016-580,2,421,26,1.0,0.5340624360597481
val,2016-580,2,421,27,1.0,0.741122793084975
val,2016-580,2,421,28,0.0,0.08872799306941968
val,2016-580,2,421,29,1.0,0.9570763171647685
val,2016-580,2,421,30,1.0,0.9846832020948859
val,2016-580,2,421,31,0.0,0.5712549783558108
val,2016-580,3,422,0,1.0,0.5876151076659536
val,2016-580,3,422,1,0.0,0.22729776517775588
val,2016-580,3,422,2,0.0,0.0537343021860625
val,2016-580,3,422,3,0.0,0.16307019737648612
val,2016-580,3,422,4,1.0,0.8212215574915428
val,2016-580,3,422,5,0.0,0.1527394955422206
val,2016-580,3,422,6,0.0,0.3443604347597079
val,2016-580,3,422,7,1.0,0.7386295831444301
val,2016-580,3,422,8,1.0,0.557434686390936
val,2016-580,3,422,9,0.0,0.1600556359049208
val,2016-580,3,422,10,1.0,0.38592895653165826
val,2016-580,3,422,11,0.0,0.3509708294955062
val,2016-580,3,422,12,0.0,0.1088981801223672
val,2016-580,3,422,13,0.0,0.255802645580163
val,2016-580,3,422,14,1.0,0.9088270097703105
val,2016-580,3,422,15,1.0,0.9630820360511168
val,2016-580,4,423,0,1.0,0.8732475436825808
val,2016-580,4,423,1,1.0,0.47883191863845215
val,2016-580,4,423,2,0.0,0.7481438269266835
val,2016-580,4,423,3,0.0,0.26992264199653343
val,2016-580,4,423,4,1.0,0.7616431176650409
val,2016-580,4,423,5,0.0,0.10318435428386324
val,2016-580,4,423,6,1.0,0.2788617660182378
val,2016-580,4,423,7,0.0,0.04846433338317557
val,2016-580,5,424,0,1.0,0.8198866014377277
val,2016-580,5,424,1,1.0,0.6073122081808249
val,2016-580,5,424,2,0.0,0.1884971256709514
val,2016-580,5,424,3,0.0,0.08016192902784708
val,2016-580,6,425,0,0.0,0.14064970408995325
val,2016-580,6,425,1,0.0,0.28077763084350277
val,2016-580,7,426,0,0.0,0.23326881118967707
val,2016-M006,1,427,0,0.0,0.31313923989474857
val,2016-M006,1,427,1,1.0,0.6538780572200925
val,2016-M006,1,427,2,1.0,0.4107657054994643
val,2016-M006,1,427,3,0.0,0.39051167588715796
val,2016-M006,1,427,4,0.0,0.33524457087758935
val,2016-M006,1,427,5,0.0,0.4079735888759491
val,2016-M006,1,427,6,0.0,0.41960374576906806
val,2016-M006,1,427,7,0.0,0.3305418338887109
val,2016-M006,1,427,8,1.0,0.39687680421824667
val,2016-M006,1,427,9,1.0,0.4469236408965641
val,2016-M006,1,427,10,0.0,0.4699471660484041
val,2016-M006,1,427,11,0.0,0.29085901285750376
val,2016-M006,1,427,12,0.0,0.6235959407629414
val,2016-M006,1,427,13,0.0,0.35673054073476046
val,2016-M006,1,427,14,0.0,0.4162478733040771
val,2016-M006,1,427,15,1.0,0.5887905122140528
val,2016-M006,1,427,16,0.0,0.6686166463254672
val,2016-M006,1,427,17,0.0,0.5149553105485954
val,2016-M006,1,427,18,0.0,0.3022432387441315
val,2016-M006,1,427,19,1.0,0.47964369884368585
val,2016-M006,1,427,20,0.0,0.6448052108295433
val,2016-M006,1,427,21,0.0,0.30790301071211934
val,2016-M006,1,427,22,0.0,0.3923023683376467
val,2016-M006,1,427,23,0.0,0.35944849280999386
val,2016-M006,1,427,24,0.0,0.4177327482804709
val,2016-M006,1,427,25,0.0,0.7065498258221857
val,2016-M006,1,427,26,1.0,0.38758952051875345
val,2016-M006,1,427,27,0.0,0.4108028788190552
val,2016-M006,1,427,28,0.0,0.3306609391827683
val,2016-M006,1,427,29,1.0,0.40339684380220864
val,2016-M006,1,427,30,1.0,0.26672068374124275
val,2016-M006,1,427,31,0.0,0.6513452438035159
val,2016-M006,2,428,0,1.0,0.6084244104575305
val,2016-M006,2,428,1,1.0,0.9796444475740096
val,2016-M006,2,428,2,1.0,0.6599757634139005
val,2016-M006,2,428,3,1.0,0.7188938459293545
val,2016-M006,2,428,4,0.0,0.8153923215614138
val,2016-M006,2,428,5,0.0,0.2933738811797407
val,2016-M006,2,428,6,0.0,0.3719915562949261
val,2016-M006,2,428,7,0.0,0.1191755076564331
val,2016-M006,2,428,8,0.0,0.18232329799345437
val,2016-M006,2,428,9,1.0,0.6077036636912796
val,2016-M006,2,428,10,0.0,0.279219182525975
val,2016-M006,2,428,11,1.0,0.5081176212029773
val,2016-M006,2,428,12,0.0,0.42233691750923713
val,2016-M006,2,428,13,0.0,0.1938960733444704
val,2016-M006,2,428,14,1.0,0.8095218818713895
val,2016-M006,2,428,15,0.0,0.2634500681036281
val,2016-M006,2,428,16,1.0,0.7389523967389768
val,2016-M006,2,428,17,0.0,0.48035200312370596
val,2016-M006,2,428,18,0.0,0.33920216841802864
val,2016-M006,2,428,19,0.0,0.23107949065048913
val,2016-M006,2,428,20,1.0,0.8284133897944533
val,2016-M006,2,428,21,1.0,0.39064757142495743
val,2016-M006,2,428,22,0.0,0.4701606761380123
val,2016-M006,2,428,23,0.0,0.11359257163164667
val,2016-M006,2,428,24,0.0,0.5616116747490433
val,2016-M006,2,428,25,1.0,0.7902193186237414
val,2016-M006,2,428,26,0.0,0.11687672004125374
val,2016-M006,2,428,27,1.0,0.8054973045935554
val,2016-M006,2,428,28,0.0,0.14620742768555306
val,2016-M006,2,428,29,1.0,0.4584966084189101
val,2016-M006,2,428,30,1.0,0.9182601134489495
val,2016-M006,2,428,31,0.0,0.5568901675085665
val,2016-M006,3,429,0,1.0,0.7910488089337747
val,2016-M006,3,429,1,0.0,0.25186693515418024
val,2016-M006,3,429,2,1.0,0.6617586272119853
val,2016-M006,3,429,3,0.0,0.3918124924015733
val,2016-M006,3,429,4,1.0,0.7632034456471665
val,2016-M006,3,429,5,0.0,0.22243142401895225
val,2016-M006,3,429,6,0.0,0.8073014136335731
val,2016-M006,3,429,7,1.0,0.7799347052452481
val,2016-M006,3,429,8,0.0,0.40085680738048646
val,2016-M006,3,429,9,0.0,0.9194826822645743
val,2016-M006,3,429,10,0.0,0.16416559924354426
val,2016-M006,3,429,11,1.0,0.660085469330411
val,2016-M006,3,429,12,1.0,0.7029336267193463
val,2016-M006,3,429,13,1.0,0.9607190576954519
val,2016-M006,3,429,14,1.0,0.4987526474540338
val,2016-M006,3,429,15,1.0,0.8560663665546767
val,2016-M006,4,430,0,1.0,0.9302017826592235
val,2016-M006,4,430,1,0.0,0.7323234068377465
val,2016-M006,4,430,2,0.0,0.15150200826015664
val,2016-M006,4,430,3,1.0,0.4283877001277031
val,2016-M006,4,430,4,0.0,0.593583598866735
val,2016-M006,4,430,5,1.0,0.7631658504974939
val,2016-M006,4,430,6,1.0,0.44981531657085144
val,2016-M006,4,430,7,0.0,0.2213356686021232
val,2016-M006,5,431,0,1.0,0.8599081411389029
val,2016-M006,5,431,1,0.0,0.36191395281427263
val,2016-M006,5,431,2,1.0,0.4634691789644923
val,2016-M006,5,431,3,1.0,0.5702959804269655
val,2016-M006,6,432,0,1.0,0.8577166518173538
val,2016-M006,6,432,1,0.0,0.2738521123064614
val,2016-M006,7,433,0,0.0,0.14855627401444615
val,2016-M007,1,434,0,0.0,0.27999028280526617
val,2016-M007,1,434,1,1.0,0.5653078566893803
val,2016-M007,1,434,2,1.0,0.42984973012205996
val,2016-M007,1,434,3,1.0,0.3600797504124004
val,2016-M007,1,434,4,0.0,0.7461171028090852
val,2016-M007,1,434,5,1.0,0.6764956972019265
val,2016-M007,1,434,6,0.0,0.3268271999462493
val,2016-M007,1,434,7,1.0,0.5294844419654455
val,2016-M007,1,434,8,1.0,0.6840314304160379
val,2016-M007,1,434,9,0.0,0.3016357498470901
val,2016-M007,1,434,10,1.0,0.5385379867623266
val,2016-M007,1,434,11,1.0,0.39928310415406176
val,2016-M007,1,434,12,1.0,0.6373525469065195
val,2016-M007,1,434,13,0.0,0.35381351428235713
val,2016-M007,1,434,14,1.0,0.6282598163981516
val,2016-M007,1,434,15,0.0,0.6880734598370022
val,2016-M007,1,434,16,0.0,0.41837193059189076
val,2016-M007,1,434,17,0.0,0.24759626079602381
val,2016-M007,1,434,18,1.0,0.40351203904187716
val,2016-M007,1,434,19,1.0,0.8104522494338965
val,2016-M007,1,434,20,1.0,0.44524548294442745
val,2016-M007,1,434,21,1.0,0.6781764092050682
val,2016-M007,1,434,22,0.0,0.49539980808658307
val,2016-M007,1,434,23,0.0,0.3810113431748695
val,2016-M007,1,434,24,0.0,0.6182522797024894
val,2016-M007,1,434,25,0.0,0.3064459348545155
val,2016-M007,1,434,26,0.0,0.5221768123629383
val,2016-M007,1,434,27,0.0,0.4842890427160278
val,2016-M007,1,434,28,0.0,0.31082148686538696
val,2016-M007,1,434,29,1.0,0.5272668080603715
val,2016-M007,1,434,30,1.0,0.7103431760204829
val,2016-M007,1,434,31,0.0,0.46484604824480463
val,2016-M007,2,435,0,1.0,0.4002732448183536
val,2016-M007,2,435,1,1.0,0.9861517259906538
val,2016-M007,2,435,2,0.0,0.8298107778081616
val,2016-M007,2,435,3,1.0,0.7454663448631569
val,2016-M007,2,435,4,0.0,0.23189032104334115
val,2016-M007,2,435,5,1.0,0.434644220663926
val,2016-M007,2,435,6,0.0,0.44657612949511
val,2016-M007,2,435,7,0.0,0.1277753556017452
val,2016-M007,2,435,8,1.0,0.3097085978583018
val,2016-M007,2,435,9,0.0,0.44714112000106865
val,2016-M007,2,435,10,0.0,0.3208472059272392
val,2016-M007,2,435,11,0.0,0.27869860556960974
val,2016-M007,2,435,12,1.0,0.7721583174347906
val,2016-M007,2,435,13,0.0,0.6617653773172111
val,2016-M007,2,435,14,1.0,0.6910843612602795
val,2016-M007,2,435,15,0.0,0.11587710388419321
val,2016-M007,2,435,16,1.0,0.07665411631299666
val,2016-M007,2,435,17,1.0,0.6901098984292209
val,2016-M007,2,435,18,1.0,0.49828698501803015
val,2016-M007,2,435,19,0.0,0.10134277313618094
val,2016-M007,2,435,20,0.0,0.8711004766239566
val,2016-M007,2,435,21,0.0,0.3285174159046304
val,2016-M007,2,435,22,1.0,0.5800872893264402
val,2016-M007,2,435,23,0.0,0.7933929586008653
val,2016-M007,2,435,24,1.0,0.49432562477148656
val,2016-M007,2,435,25,0.0,0.26050396298273615
val,2016-M007,2,435,26,0.0,0.11441893812306667
val,2016-M007,2,435,27,1.0,0.888020320407531
val,2016-M007,2,435,28,0.0,0.18621340804478548
val,2016-M007,2,435,29,1.0,0.6503619506150481
val,2016-M007,2,435,30,0.0,0.06172383695091846
val,2016-M007,2,435,31,0.0,0.612371847796829
val,2016-M007,3,436,0,1.0,0.6598987539639491
val,2016-M007,3,436,1,0.0,0.8010165719845722
val,2016-M007,3,436,2,1.0,0.752880109647725
val,2016-M007,3,436,3,0.0,0.3178362910912561
val,2016-M007,3,436,4,1.0,0.8465184384859554
val,2016-M007,3,436,5,1.0,0.8320974974781954
val,2016-M007,3,436,6,0.0,0.6210961375618673
val,2016-M007,3,436,7,1.0,0.42882031119216785
val,2016-M007,3,436,8,0.0,0.02215364246615417
val,2016-M007,3,436,9,1.0,0.7768893482408145
val,2016-M007,3,436,10,1.0,0.7739634250736119
val,2016-M007,3,436,11,1.0,0.8200616660848908
val,2016-M007,3,436,12,1.0,0.24017509399253512
val,2016-M007,3,436,13,0.0,0.28426687150549396
val,2016-M007,3,436,14,0.0,0.8753870808537619
val,2016-M007,3,436,15,1.0,0.12889464945422796
val,2016-M007,4,437,0,0.0,0.28539437046376775
val,2016-M007,4,437,1,1.0,0.9540749590977977
val,2016-M007,4,437,2,1.0,0.6511700816887491
val,2016-M007,4,437,3,1.0,0.8518924338631839
val,2016-M007,4,437,4,1.0,0.7749010304387669
val,2016-M007,4,437,5,0.0,0.11478996601185991
val,2016-M007,4,437,6,1.0,0.4361849623126755
val,2016-M007,4,437,7,1.0,0.7224566266500296
val,2016-M007,5,438,0,0.0,0.08899728097914147
val,2016-M007,5,438,1,1.0,0.5624143131321259
val,2016-M007,5,438,2,0.0,0.7905710899918464
val,2016-M007,5,438,3,0.0,0.5318474881315813
val,2016-M007,6,439,0,0.0,0.06899628448219702
val,2016-M007,6,439,1,0.0,0.29505541835292626
val,2016-M007,7,440,0,0.0,0.0936928682427583
val,2016-M009,2,453,0,0.0,0.4745078151978845
val,2016-M009,2,453,1,1.0,0.8069160900064437
val,2016-M009,2,453,2,1.0,0.7811389708467176
val,2016-M009,2,453,3,1.0,0.7123165061976872
val,2016-M009,2,453,4,1.0,0.5526340203177288
val,2016-M009,2,453,5,0.0,0.4371494690046207
val,2016-M009,2,453,6,1.0,0.4193785860734988
val,2016-M009,2,453,7,0.0,0.6150309038496531
val,2016-M009,2,453,8,0.0,0.0867643655859087
val,2016-M009,2,453,9,1.0,0.5334176802637589
val,2016-M009,2,453,10,1.0,0.5690784356924425
val,2016-M009,2,453,11,0.0,0.4307617598701987
val,2016-M009,2,453,12,1.0,0.43487854726906466
val,2016-M009,2,453,13,0.0,0.17446994520756962
val,2016-M009,2,453,14,0.0,0.5600326024518169
val,2016-M009,2,453,15,0.0,0.39357152415762764
val,2016-M009,2,453,16,0.0,0.9124452852349967
val,2016-M009,2,453,17,1.0,0.34778347220310213
val,2016-M009,2,453,18,1.0,0.8793876775099034
val,2016-M009,2,453,19,1.0,0.7063061979514348
val,2016-M009,2,453,20,1.0,0.3504506334610339
val,2016-M009,2,453,21,0.0,0.18654887148475463
val,2016-M009,2,453,22,1.0,0.628170986045412
val,2016-M009,2,453,23,1.0,0.9352625741808543
val,2016-M009,3,454,0,1.0,0.9764626947213623
val,2016-M009,3,454,1,1.0,0.5311202605308493
val,2016-M009,3,454,2,0.0,0.6801762335327421
val,2016-M009,3,454,3,1.0,0.8528640851558805
val,2016-M009,3,454,4,1.0,0.7791808262822222
val,2016-M009,3,454,5,0.0,0.4482030415201413
val,2016-M009,3,454,6,1.0,0.7620855239127203
val,2016-M009,3,454,7,0.0,0.14445732879581616
val,2016-M009,3,454,8,0.0,0.4390558546413168
val,2016-M009,3,454,9,1.0,0.8462532578683243
val,2016-M009,3,454,10,1.0,0.4269273524893325
val,2016-M009,3,454,11,1.0,0.7207797714473472
val,2016-M009,3,454,12,0.0,0.228164836004789
val,2016-M009,3,454,13,0.0,0.28209623833977493
val,2016-M009,3,454,14,1.0,0.3200104883007835
val,2016-M009,3,454,15,0.0,0.09389701608825524
val,2016-M009,4,455,0,1.0,0.8702140044613436
val,2016-M009,4,455,1,1.0,0.4525883441814589
val,2016-M009,4,455,2,0.0,0.8127059442789248
val,2016-M009,4,455,3,0.0,0.34992184093194717
val,2016-M009,4,455,4,1.0,0.19601555391291134
val,2016-M009,4,455,5,1.0,0.7537315285591105
val,2016-M009,4,455,6,0.0,0.029177921193787933
val,2016-M009,4,455,7,1.0,0.23774698310372117
val,2016-M009,5,456,0,1.0,0.7375339059018152
val,2016-M009,5,456,1,1.0,0.553593109334853
val,2016-M009,5,456,2,1.0,0.7541691825997476
val,2016-M009,5,456,3,1.0,0.8391691530473377
val,2016-M009,6,457,0,1.0,0.8709873832229357
val,2016-M009,6,457,1,1.0,0.8744780026293809
val,2016-M009,7,458,0,0.0,0.811993682186019
val,2016-M021,2,447,0,1.0,0.7274369163892849
val,2016-M021,2,447,1,1.0,0.5234004353542011
val,2016-M021,2,447,2,1.0,0.2787709456680741
val,2016-M021,2,447,3,0.0,0.16440163184909917
val,2016-M021,2,447,4,1.0,0.7767564828698641
val,2016-M021,2,447,5,0.0,0.6099866796677903
val,2016-M021,2,447,6,1.0,0.4483018343861177
val,2016-M021,2,447,7,0.0,0.40136977565564125
val,2016-M021,2,447,8,1.0,0.47086315178789323
val,2016-M021,2,447,9,1.0,0.24175722843998698
val,2016-M021,2,447,10,1.0,0.20733702183818967
val,2016-M021,2,447,11,1.0,0.40853836514030634
val,2016-M021,2,447,12,1.0,0.675612457640272
val,2016-M021,2,447,13,1.0,0.7442726311363633
val,2016-M021,2,447,14,1.0,0.46488507849478666
val,2016-M021,2,447,15,1.0,0.397548552755716
val,2016-M021,2,447,16,1.0,0.8827174546234874
val,2016-M021,2,447,17,0.0,0.39146323231704133
val,2016-M021,2,447,18,0.0,0.5797473623828144
val,2016-M021,2,447,19,0.0,0.21339085244139563
val,2016-M021,2,447,20,1.0,0.4041869967844117
val,2016-M021,2,447,21,0.0,0.09578709557886964
val,2016-M021,2,447,22,0.0,0.12210012733444972
val,2016-M021,2,447,23,1.0,0.5426710766760421
val,2016-M021,3,448,0,1.0,0.6386238184222612
val,2016-M021,3,448,1,0.0,0.15750404012470168
val,2016-M021,3,448,2,1.0,0.8193077185744035
val,2016-M021,3,448,3,1.0,0.37558559440104183
val,2016-M021,3,448,4,0.0,0.8985049674769341
val,2016-M021,3,448,5,1.0,0.40989028532357563
val,2016-M021,3,448,6,1.0,0.8696761031201807
val,2016-M021,3,448,7,0.0,0.16553622217252736
val,2016-M021,3,448,8,0.0,0.02881474971408873
val,2016-M021,3,448,9,1.0,0.5990363978342674
val,2016-M021,3,448,10,0.0,0.41787894388601515
val,2016-M021,3,448,11,1.0,0.4549630411840232
val,2016-M021,3,448,12,1.0,0.850765848624278
val,2016-M021,3,448,13,0.0,0.1699461029664056
val,2016-M021,3,448,14,0.0,0.22206645282811763
val,2016-M021,3,448,15,1.0,0.8989315428021281
val,2016-M021,4,449,0,0.0,0.27631763947537086
val,2016-M021,4,449,1,1.0,0.46984678343141634
val,2016-M021,4,449,2,0.0,0.10749128962421382
val,2016-M021,4,449,3,1.0,0.7110707751557718
val,2016-M021,4,449,4,0.0,0.2866506099750405
val,2016-M021,4,449,5,0.0,0.38290402689357883
val,2016-M021,4,449,6,1.0,0.9443684724013053
val,2016-M021,4,449,7,1.0,0.502352490556898
val,2016-M021,5,450,0,0.0,0.2592901040172795
val,2016-M021,5,450,1,0.0,0.31750185644925544
val,2016-M021,5,450,2,0.0,0.13949120260288
val,2016-M021,5,450,3,0.0,0.12043210623479493
val,2016-M021,6,451,0,0.0,0.5239488075006946
val,2016-M021,6,451,1,0.0,0.1233417611443956
val,2016-M021,7,452,0,1.0,0.8430335636809138
val,2016-M024,2,479,0,0.0,0.23413076157261503
val,2016-M024,2,479,1,1.0,0.3943093803022198
val,2016-M024,2,479,2,0.0,0.5077656933103695
val,2016-M024,2,479,3,1.0,0.8668152590866223
val,2016-M024,2,479,4,1.0,0.21697533891195822
val,2016-M024,2,479,5,0.0,0.4110071705275461
val,2016-M024,2,479,6,1.0,0.20735829314564286
val,2016-M024,2,479,7,0.0,0.479898119425658
val,2016-M024,2,479,8,0.0,0.3201078734649654
val,2016-M024,2,479,9,1.0,0.5690617541364404
val,2016-M024,2,479,10,1.0,0.5558307873891859
val,2016-M024,2,479,11,1.0,0.5980270637944431
val,2016-M024,2,479,12,0.0,0.5659821838371994
val,2016-M024,2,479,13,0.0,0.13988731787217734
val,2016-M024,2,479,14,0.0,0.560177499815536
val,2016-M024,2,479,15,1.0,0.4424440654970562
val,2016-M024,2,479,16,0.0,0.4433849959190991
val,2016-M024,2,479,17,0.0,0.28314513411715797
val,2016-M024,2,479,18,0.0,0.3714020432923599
val,2016-M024,2,479,19,1.0,0.6679715354528813
val,2016-M024,2,479,20,1.0,0.6847338663269885
val,2016-M024,2,479,21,1.0,0.19075371695543028
val,2016-M024,2,479,22,0.0,0.6943379452232292
val,2016-M024,2,479,23,1.0,0.9267616921061144
val,2016-M024,3,480,0,0.0,0.758830626144099
val,2016-M024,3,480,1,1.0,0.9163964809571292
val,2016-M024,3,480,2,1.0,0.26372605827244844
val,2016-M024,3,480,3,1.0,0.8420682603752727
val,2016-M024,3,480,4,0.0,0.3791125605290163
val,2016-M024,3,480,5,1.0,0.2835258727013333
val,2016-M024,3,480,6,1.0,0.858403218374571
val,2016-M024,3,480,7,1.0,0.7328070458695316
val,2016-M024,3,480,8,1.0,0.7654419776108219
val,2016-M024,3,480,9,1.0,0.7186911671000575
val,2016-M024,3,480,10,1.0,0.2673561266489237
val,2016-M024,3,480,11,0.0,0.13892000496604545
val,2016-M024,3,480,12,0.0,0.39219279614492325
val,2016-M024,3,480,13,0.0,0.11160431207656704
val,2016-M024,3,480,14,1.0,0.5753293882349346
val,2016-M024,3,480,15,1.0,0.8553425366511656
val,2016-M024,4,481,0,1.0,0.3403204769703202
val,2016-M024,4,481,1,1.0,0.23801765436454078
val,2016-M024,4,481,2,1.0,0.3805736460661655
val,2016-M024,4,481,3,1.0,0.27037998981681816
val,2016-M024,4,481,4,1.0,0.893716594065177
val,2016-M024,4,481,5,1.0,0.20291575048072946
val,2016-M024,4,481,6,0.0,0.10278974693006634
val,2016-M024,4,481,7,0.0,0.8645833677956986
val,2016-M024,5,482,0,0.0,0.27936167116034927
val,2016-M024,5,482,1,1.0,0.6574634887803205
val,2016-M024,5,482,2,0.0,0.2809399767293878
val,2016-M024,5,482,3,0.0,0.12025364510427079
val,2016-M024,6,483,0,0.0,0.4298533835399667
val,2016-M024,6,483,1,1.0,0.7693507824626982
val,2016-M024,7,484,0,1.0,0.15674227695562357
