phase,tourney_id,round_order,block_idx,row_in_block,y_true,probability
test,2017-0352,2,582,0,0.0,0.34497707133005695
test,2017-0352,2,582,1,1.0,0.5219848462180784
test,2017-0352,2,582,2,0.0,0.3091118473162869
test,2017-0352,2,582,3,0.0,0.5260359258139107
test,2017-0352,2,582,4,0.0,0.4338053657785822
test,2017-0352,2,582,5,0.0,0.5449897145690886
test,2017-0352,2,582,6,0.0,0.511368297762131
test,2017-0352,2,582,7,1.0,0.26814772568479384
test,2017-0352,2,582,8,1.0,0.6205034719163933
test,2017-0352,2,582,9,0.0,0.4966714258452518
test,2017-0352,2,582,10,0.0,0.4870674920100867
test,2017-0352,2,582,11,1.0,0.5192439125274779
test,2017-0352,2,582,12,0.0,0.45341369497021417
test,2017-0352,2,582,13,0.0,0.5269080546835898
test,2017-0352,2,582,14,0.0,0.5109993827122794
test,2017-0352,2,582,15,1.0,0.5224183114126916
test,2017-0352,3,583,0,0.0,0.029582893204192037
test,2017-0352,3,583,1,1.0,0.48436237074640154
test,2017-0352,3,583,2,0.0,0.6504437856323019
test,2017-0352,3,583,3,1.0,0.3076352581090807
test,2017-0352,3,583,4,0.0,0.49758875861468876
test,2017-0352,3,583,5,1.0,0.6900769112220934
test,2017-0352,3,583,6,0.0,0.3861041579776595
test,2017-0352,3,583,7,0.0,0.4827240168414627
test,2017-0352,3,583,8,0.0,0.41788339695836435
test,2017-0352,3,583,9,1.0,0.5350960162120947
test,2017-0352,3,583,10,0.0,0.3033924572222498
test,2017-0352,3,583,11,1.0,0.7423780817809289
test,2017-0352,3,583,12,0.0,0.6986439307370713
test,2017-0352,3,583,13,0.0,0.6205063297589448
test,2017-0352,3,583,14,0.0,0.4560448078575804
test,2017-0352,3,583,15,1.0,0.5005000177256728
test,2017-0352,4,584,0,0.0,0.537324935324305
test,2017-0352,4,584,1,0.0,0.5601129602196867
test,2017-0352,4,584,2,1.0,0.6566955278236877
test,2017-0352,4,584,3,1.0,0.3855680294030854
test,2017-0352,4,584,4,0.0,0.5597779813281458
test,2017-0352,4,584,5,1.0,0.6517745117526756
test,2017-0352,4,584,6,0.0,0.5732944396021288
test,2017-0352,4,584,7,1.0,0.965041496740414
test,2017-0352,5,585,0,1.0,0.45536214382864426
test,2017-0352,5,585,1,1.0,0.3630809234554861
test,2017-0352,5,585,2,1.0,0.2805472490892168
test,2017-0352,5,585,3,0.0,0.9746362228341288
test,2017-0352,6,586,0,1.0,0.3543210561909454
test,2017-0352,6,586,1,0.0,0.5136064305036225
test,2017-0352,7,587,0,0.0,0.4771937350384353
test,2017-0410,2,525,0,0.0,0.46918128338497
test,2017-0410,2,525,1,1.0,0.6413658730063061
test,2017-0410,2,525,2,1.0,0.42578434728328796
test,2017-0410,2,525,3,0.0,0.6352819305032186
test,2017-0410,2,525,4,1.0,0.5982778263028934
test,2017-0410,2,525,5,0.0,0.4356035838441506
test,2017-0410,2,525,6,1.0,0.4928965175907284
test,2017-0410,2,525,7,0.0,0.3527794571974702
test,2017-0410,2,525,8,1.0,0.4718383313028054
test,2017-0410,2,525,9,1.0,0.6105032746495928
test,2017-0410,2,525,10,1.0,0.4391467288412289
test,2017-0410,2,525,11,0.0,0.5285743444504287
test,2017-0410,2,525,12,0.0,0.5173634906998847
test,2017-0410,2,525,13,1.0,0.5708713366827038
test,2017-0410,2,525,14,1.0,0.4197157588452564
test,2017-0410,2,525,15,1.0,0.4420184255389184
test,2017-0410,2,525,16,0.0,0.451994021593065
test,2017-0410,2,525,17,1.0,0.4999189122283415
test,2017-0410,2,525,18,0.0,0.4708292279272113
test,2017-0410,2,525,19,1.0,0.555118414244402
test,2017-0410,2,525,20,0.0,0.49650049330214224
test,2017-0410,2,525,21,1.0,0.47791849084854215
test,2017-0410,2,525,22,1.0,0.4862023267022533
test,2017-0410,2,525,23,1.0,0.7797058723041986
test,2017-0410,3,526,0,1.0,0.6466423474317896
test,2017-0410,3,526,1,1.0,0.9412068074344015
test,2017-0410,3,526,2,0.0,0.4529202161135519
test,2017-0410,3,526,3,0.0,0.2623887981466115
test,2017-0410,3,526,4,0.0,0.17949860586624794
test,2017-0410,3,526,5,1.0,0.5758615953668055
test,2017-0410,3,526,6,1.0,0.24456845713279063
test,2017-0410,3,526,7,0.0,0.6728163609014225
test,2017-0410,3,526,8,1.0,0.4114699130157852
test,2017-0410,3,526,9,1.0,0.5166835990553521
test,2017-0410,3,526,10,0.0,0.5609716461005907
test,2017-0410,3,526,11,1.0,0.9680899755292041
test,2017-0410,3,526,12,1.0,0.5171038794306838
test,2017-0410,3,526,13,1.0,0.5955800378309418
test,2017-0410,3,526,14,1.0,0.5321715742222857
test,2017-0410,3,526,15,1.0,0.9791198514887908
test,2017-0410,4,527,0,0.0,0.012649429799406312
test,2017-0410,4,527,1,1.0,0.4964123222984053
test,2017-0410,4,527,2,1.0,0.4899084379799891
test,2017-0410,4,527,3,1.0,0.539966428311984
test,2017-0410,4,527,4,0.0,0.8200418499461612
test,2017-0410,4,527,5,1.0,0.4092908021598628
test,2017-0410,4,527,6,0.0,0.9438486966693895
test,2017-0410,4,527,7,1.0,0.9567676540149098
test,2017-0410,5,528,0,1.0,0.018305006253773033
test,2017-0410,5,528,1,1.0,0.9662261638449418
test,2017-0410,5,528,2,0.0,0.48389250804244066
test,2017-0410,5,528,3,1.0,0.3075381256315407
test,2017-0410,6,529,0,1.0,0.9381930561740685
test,2017-0410,6,529,1,1.0,0.5059355247445937
test,2017-0410,7,530,0,0.0,0.04595923679433758
test,2017-0421,2,557,0,1.0,0.7664559897915014
test,2017-0421,2,557,1,0.0,0.44724437688134555
test,2017-0421,2,557,2,0.0,0.3691643678597403
test,2017-0421,2,557,3,0.0,0.46889463198180786
test,2017-0421,2,557,4,0.0,0.35568509442805896
test,2017-0421,2,557,5,1.0,0.53258783089934
test,2017-0421,2,557,6,1.0,0.5480672469514981
test,2017-0421,2,557,7,0.0,0.5635164360064051
test,2017-0421,2,557,8,1.0,0.48919938380827016
test,2017-0421,2,557,9,1.0,0.4473786980749636
test,2017-0421,2,557,10,0.0,0.450968197769159
test,2017-0421,2,557,11,1.0,0.6470399402596897
test,2017-0421,2,557,12,1.0,0.46900647446569843
test,2017-0421,2,557,13,1.0,0.49546142247286357
test,2017-0421,2,557,14,1.0,0.49907490834377893
test,2017-0421,2,557,15,1.0,0.4979093036223486
test,2017-0421,2,557,16,0.0,0.35628833699591633
test,2017-0421,2,557,17,0.0,0.3348335853688235
test,2017-0421,2,557,18,1.0,0.48491216998524955
test,2017-0421,2,557,19,1.0,0.5287985812381325
test,2017-0421,2,557,20,1.0,0.7063683730092875
test,2017-0421,2,557,21,1.0,0.5168186452986165
test,2017-0421,2,557,22,1.0,0.5611038997593113
test,2017-0421,2,557,23,1.0,0.32196407443867353
test,2017-0421,3,558,0,1.0,0.5213661589647589
test,2017-0421,3,558,1,0.0,0.03615164691058277
test,2017-0421,3,558,2,1.0,0.35709000618911935
test,2017-0421,3,558,3,1.0,0.30350603907456486
test,2017-0421,3,558,4,1.0,0.6077066807727551
test,2017-0421,3,558,5,0.0,0.5586597227849693
test,2017-0421,3,558,6,0.0,0.6286196605061944
test,2017-0421,3,558,7,1.0,0.6544739631249501
test,2017-0421,3,558,8,1.0,0.5560236776979725
test,2017-0421,3,558,9,1.0,0.6020400751723181
test,2017-0421,3,558,10,1.0,0.2776295478626233
test,2017-0421,3,558,11,1.0,0.3584670389053059
test,2017-0421,3,558,12,1.0,0.3325327450102692
test,2017-0421,3,558,13,1.0,0.7303656453723282
test,2017-0421,3,558,14,0.0,0.04836073249055326
test,2017-0421,3,558,15,0.0,0.3930688740082925
test,2017-0421,4,559,0,0.0,0.157241782607871
test,2017-0421,4,559,1,0.0,0.5710711430762972
test,2017-0421,4,559,2,1.0,0.3535897252673241
test,2017-0421,4,559,3,0.0,0.4844282723125747
test,2017-0421,4,559,4,1.0,0.618092649698443
test,2017-0421,4,559,5,0.0,0.4732061695904648
test,2017-0421,4,559,6,1.0,0.026112449707168667
test,2017-0421,4,559,7,1.0,0.5014886823688248
test,2017-0421,5,560,0,0.0,0.08130987270275153
test,2017-0421,5,560,1,0.0,0.4813070692797124
test,2017-0421,5,560,2,0.0,0.429333024151334
test,2017-0421,5,560,3,1.0,0.4696482746704555
test,2017-0421,6,561,0,0.0,0.30734415906976126
test,2017-0421,6,561,1,0.0,0.059290828395198135
test,2017-0421,7,562,0,0.0,0.8797877950993356
test,2017-5014,2,576,0,0.0,0.5000001796777827
test,2017-5014,2,576,1,0.0,0.499999611922075
test,2017-5014,2,576,2,0.0,0.500000138252938
test,2017-5014,2,576,3,0.0,0.49999993739489607
test,2017-5014,2,576,4,1.0,0.49999990110208214
test,2017-5014,2,576,5,1.0,0.5
test,2017-5014,2,576,6,1.0,0.49999997365935617
test,2017-5014,2,576,7,1.0,0.5000001537057377
test,2017-5014,2,576,8,0.0,0.4999997152715335
test,2017-5014,2,576,9,1.0,0.4999999434058932
test,2017-5014,2,576,10,1.0,0.4999994766746358
test,2017-5014,2,576,11,1.0,0.5000006480252046
test,2017-5014,2,576,12,0.0,0.5000005683227827
test,2017-5014,2,576,13,0.0,0.5000003655083314
test,2017-5014,2,576,14,0.0,0.49999982967895845
test,2017-5014,2,576,15,1.0,0.49999982967895845
test,2017-5014,2,576,16,0.0,0.5000000596846667
test,2017-5014,2,576,17,1.0,0.5000001019884778
test,2017-5014,2,576,18,1.0,0.4999992605339166
test,2017-5014,2,576,19,0.0,0.5000001537057377
test,2017-5014,2,576,20,0.0,0.4999996846778254
test,2017-5014,2,576,21,0.0,0.500000094021071
test,2017-5014,2,576,22,0.0,0.5000000374553181
test,2017-5014,2,576,23,1.0,0.499999304482246
test,2017-5014,3,577,0,0.0,0.49999941673478526
test,2017-5014,3,577,1,1.0,0.5000001164205421
test,2017-5014,3,577,2,0.0,0.4999998835794579
test,2017-5014,3,577,3,0.0,0.49999982965060474
test,2017-5014,3,577,4,1.0,0.49999990847405995
test,2017-5014,3,577,5,0.0,0.5000001109199125
test,2017-5014,3,577,6,0.0,0.4999993894301135
test,2017-5014,3,577,7,0.0,0.499999926478698
test,2017-5014,3,577,8,0.0,0.4999998375896578
test,2017-5014,3,577,9,0.0,0.49999990300178404
test,2017-5014,3,577,10,0.0,0.4999997946904176
test,2017-5014,3,577,11,1.0,0.5000000395534964
test,2017-5014,3,577,12,0.0,0.500000062605104
test,2017-5014,3,577,13,0.0,0.4999998835794579
test,2017-5014,3,577,14,0.0,0.49999979463371
test,2017-5014,3,577,15,0.0,0.500000712473303
test,2017-5014,4,578,0,1.0,0.5
test,2017-5014,4,578,1,0.0,0.5
test,2017-5014,4,578,2,1.0,0.5000000646465748
test,2017-5014,4,578,3,1.0,0.49999983764636535
test,2017-5014,4,578,4,0.0,0.49999944925654893
test,2017-5014,4,578,5,1.0,0.49999991981556424
test,2017-5014,4,578,6,0.0,0.49999928775352714
test,2017-5014,4,578,7,1.0,0.500000116307127
test,2017-5014,5,579,0,0.0,0.4999999744816152
test,2017-5014,5,579,1,0.0,0.49999994326412445
test,2017-5014,5,579,2,0.0,0.5000004939792217
test,2017-5014,5,579,3,0.0,0.4999994528291229
test,2017-5014,6,580,0,1.0,0.49999984615249354
test,2017-5014,6,580,1,0.0,0.49999953326874236
test,2017-5014,7,581,0,1.0,0.49999937939288214
test,2017-520,1,543,0,0.0,0.01828268065370838
test,2017-520,1,543,1,0.0,0.46957294334699184
test,2017-520,1,543,2,0.0,0.5051637680098345
test,2017-520,1,543,3,1.0,0.6327764758473498
test,2017-520,1,543,4,0.0,0.5324880760910903
test,2017-520,1,543,5,1.0,0.529372445411898
test,2017-520,1,543,6,1.0,0.2351564873273468
test,2017-520,1,543,7,1.0,0.6354013838062545
test,2017-520,1,543,8,1.0,0.5100554326775624
test,2017-520,1,543,9,1.0,0.48968967887254344
test,2017-520,1,543,10,1.0,0.6861435852387262
test,2017-520,1,543,11,1.0,0.6868383748072008
test,2017-520,1,543,12,1.0,0.5944158141847518
test,2017-520,1,543,13,1.0,0.8393149157676668
test,2017-520,1,543,14,1.0,0.7996382376784269
test,2017-520,1,543,15,0.0,0.2343958634927887
test,2017-520,1,543,16,0.0,0.38414422141530896
test,2017-520,1,543,17,0.0,0.5735767719935112
test,2017-520,1,543,18,0.0,0.39446964486166614
test,2017-520,1,543,19,1.0,0.4587443248632246
test,2017-520,1,543,20,0.0,0.5215220360641664
test,2017-520,1,543,21,1.0,0.45106553906296026
test,2017-520,1,543,22,1.0,0.7780848323649898
test,2017-520,1,543,23,1.0,0.527445408893951
test,2017-520,1,543,24,1.0,0.5177217455355614
test,2017-520,1,543,25,1.0,0.6866626006764281
test,2017-520,1,543,26,0.0,0.3652246023950437
test,2017-520,1,543,27,1.0,0.534751992032568
test,2017-520,1,543,28,1.0,0.5380826818878747
test,2017-520,1,543,29,0.0,0.06410414917140962
test,2017-520,1,543,30,0.0,0.42140329488561024
test,2017-520,1,543,31,0.0,0.3525162532861279
test,2017-520,1,543,32,1.0,0.5576125385773084
test,2017-520,1,543,33,0.0,0.31418048719111397
test,2017-520,1,543,34,0.0,0.5496218008915933
test,2017-520,1,543,35,1.0,0.6039076893892981
test,2017-520,1,543,36,1.0,0.4697842892939932
test,2017-520,1,543,37,1.0,0.554575488232389
test,2017-520,1,543,38,1.0,0.5422821710156994
test,2017-520,1,543,39,0.0,0.3268068729822371
test,2017-520,1,543,40,1.0,0.49973801388213285
test,2017-520,1,543,41,0.0,0.5164737128167788
test,2017-520,1,543,42,1.0,0.5887797140604429
test,2017-520,1,543,43,1.0,0.5191378182100843
test,2017-520,1,543,44,0.0,0.3932822329813794
test,2017-520,1,543,45,0.0,0.5536367198273564
test,2017-520,1,543,46,0.0,0.33973903646510367
test,2017-520,1,543,47,1.0,0.9673739632601757
test,2017-520,1,543,48,0.0,0.47299996070698047
test,2017-520,1,543,49,0.0,0.5014579907099284
test,2017-520,1,543,50,0.0,0.6567105827086023
test,2017-520,1,543,51,0.0,0.4429652236238751
test,2017-520,1,543,52,1.0,0.7355905939095239
test,2017-520,1,543,53,0.0,0.4946608667692559
test,2017-520,1,543,54,0.0,0.5072966911336972
test,2017-520,1,543,55,0.0,0.5166213516020908
test,2017-520,1,543,56,1.0,0.4573550972336419
test,2017-520,1,543,57,0.0,0.586617994320354
test,2017-520,1,543,58,1.0,0.6850385342361098
test,2017-520,1,543,59,1.0,0.4830548770516937
test,2017-520,1,543,60,1.0,0.483208155668343
test,2017-520,1,543,61,1.0,0.5230392278079914
test,2017-520,1,543,62,0.0,0.3868388761384318
test,2017-520,1,543,63,1.0,0.577843224503904
test,2017-520,2,544,0,0.0,0.44877940706543396
test,2017-520,2,544,1,1.0,0.6005589459458083
test,2017-520,2,544,2,0.0,0.41043675431140964
test,2017-520,2,544,3,0.0,0.45268177850133945
test,2017-520,2,544,4,0.0,0.5525098761887082
test,2017-520,2,544,5,0.0,0.3195804679764407
test,2017-520,2,544,6,0.0,0.29534912253366413
test,2017-520,2,544,7,0.0,0.5608423872383336
test,2017-520,2,544,8,0.0,0.5485305162815222
test,2017-520,2,544,9,1.0,0.5430492799240929
test,2017-520,2,544,10,0.0,0.4440111921460593
test,2017-520,2,544,11,0.0,0.023913367448286166
test,2017-520,2,544,12,0.0,0.2564359897021776
test,2017-520,2,544,13,0.0,0.7908136313354
test,2017-520,2,544,14,0.0,0.6725251514864622
test,2017-520,2,544,15,1.0,0.51769510558986
test,2017-520,2,544,16,0.0,0.49327019534791056
test,2017-520,2,544,17,0.0,0.3338244679664332
test,2017-520,2,544,18,0.0,0.32650282954423054
test,2017-520,2,544,19,1.0,0.5892846916445565
test,2017-520,2,544,20,0.0,0.22764308245150486
test,2017-520,2,544,21,0.0,0.2797234112196517
test,2017-520,2,544,22,1.0,0.4597088419995519
test,2017-520,2,544,23,0.0,0.3969122607501136
test,2017-520,2,544,24,0.0,0.31579823122665013
test,2017-520,2,544,25,0.0,0.38886784230080773
test,2017-520,2,544,26,1.0,0.6682668814340065
test,2017-520,2,544,27,1.0,0.5627456588104075
test,2017-520,2,544,28,1.0,0.7585198380270378
test,2017-520,2,544,29,1.0,0.5369228874757564
test,2017-520,2,544,30,1.0,0.9380707405071768
test,2017-520,2,544,31,0.0,0.014872270330591459
test,2017-520,3,545,0,0.0,0.31301111495687967
test,2017-520,3,545,1,0.0,0.10506425578649192
test,2017-520,3,545,2,0.0,0.01490923195715883
test,2017-520,3,545,3,1.0,0.5026964945454052
test,2017-520,3,545,4,0.0,0.6647908128245983
test,2017-520,3,545,5,0.0,0.02303247769670685
test,2017-520,3,545,6,1.0,0.5631539317803311
test,2017-520,3,545,7,0.0,0.6495145280068181
test,2017-520,3,545,8,1.0,0.6974991236577643
test,2017-520,3,545,9,0.0,0.38558749536944825
test,2017-520,3,545,10,0.0,0.36842621818805127
test,2017-520,3,545,11,0.0,0.5168941428082275
test,2017-520,3,545,12,1.0,0.778836298136355
test,2017-520,3,545,13,1.0,0.6023204412615426
test,2017-520,3,545,14,0.0,0.6479378561178297
test,2017-520,3,545,15,0.0,0.298211990252363
test,2017-520,4,546,0,0.0,0.020514482156620967
test,2017-520,4,546,1,0.0,0.3162354884282252
test,2017-520,4,546,2,0.0,0.03655160581295944
test,2017-520,4,546,3,1.0,0.30439762973825585
test,2017-520,4,546,4,0.0,0.37599975636850624
test,2017-520,4,546,5,1.0,0.7157183593791254
test,2017-520,4,546,6,1.0,0.6413839577318771
test,2017-520,4,546,7,1.0,0.9346992272319785
test,2017-520,5,547,0,1.0,0.034317655310129265
test,2017-520,5,547,1,0.0,0.030165687642674972
test,2017-520,5,547,2,0.0,0.3721323987672672
test,2017-520,5,547,3,0.0,0.19732109175670565
test,2017-520,6,548,0,0.0,0.07062789131697672
test,2017-520,6,548,1,0.0,0.7587268867760224
test,2017-520,7,549,0,1.0,0.8734488072044967
test,2017-540,1,550,0,0.0,0.24250489017083887
test,2017-540,1,550,1,0.0,0.5022704190548543
test,2017-540,1,550,2,1.0,0.546412192207755
test,2017-540,1,550,3,0.0,0.3838538546901915
test,2017-540,1,550,4,0.0,0.5028383318160158
test,2017-540,1,550,5,0.0,0.5368368361306594
test,2017-540,1,550,6,0.0,0.1913440714790975
test,2017-540,1,550,7,1.0,0.602438628540266
test,2017-540,1,550,8,0.0,0.4639957184780851
test,2017-540,1,550,9,0.0,0.4813928095474484
test,2017-540,1,550,10,0.0,0.5829154557396984
test,2017-540,1,550,11,0.0,0.47194242114211926
test,2017-540,1,550,12,1.0,0.5094984476543478
test,2017-540,1,550,13,1.0,0.4744612481063693
test,2017-540,1,550,14,1.0,0.9769833014329976
test,2017-540,1,550,15,0.0,0.5009070510693556
test,2017-540,1,550,16,0.0,0.8509876618671955
test,2017-540,1,550,17,1.0,0.5993364376260234
test,2017-540,1,550,18,1.0,0.4597583200124803
test,2017-540,1,550,19,0.0,0.4974720172346598
test,2017-540,1,550,20,1.0,0.5040160455703068
test,2017-540,1,550,21,1.0,0.5817765971199764
test,2017-540,1,550,22,1.0,0.5392612386080295
test,2017-540,1,550,23,0.0,0.4070294517011711
test,2017-540,1,550,24,0.0,0.6164565158433818
test,2017-540,1,550,25,0.0,0.3436157337241127
test,2017-540,1,550,26,1.0,0.5458004967087348
test,2017-540,1,550,27,1.0,0.5002602481462153
test,2017-540,1,550,28,0.0,0.05510701329768337
test,2017-540,1,550,29,1.0,0.984024037499079
test,2017-540,1,550,30,0.0,0.5933779764553033
test,2017-540,1,550,31,0.0,0.4892696594682472
test,2017-540,1,550,32,0.0,0.3989503410344855
test,2017-540,1,550,33,0.0,0.2940811935503671
test,2017-540,1,550,34,1.0,0.566896795458792
test,2017-540,1,550,35,1.0,0.6642452923905087
test,2017-540,1,550,36,0.0,0.3535504400379638
test,2017-540,1,550,37,1.0,0.32968303508670976
test,2017-540,1,550,38,0.0,0.4738940113762981
test,2017-540,1,550,39,1.0,0.5283690324876699
test,2017-540,1,550,40,0.0,0.31523494810672187
test,2017-540,1,550,41,0.0,0.5713440977809183
test,2017-540,1,550,42,0.0,0.48543851607558186
test,2017-540,1,550,43,0.0,0.4046830153240248
test,2017-540,1,550,44,1.0,0.4662558878455405
test,2017-540,1,550,45,1.0,0.46402142867878793
test,2017-540,1,550,46,1.0,0.6527083789660506
test,2017-540,1,550,47,1.0,0.7326906384830809
test,2017-540,1,550,48,1.0,0.7183159315340585
test,2017-540,1,550,49,1.0,0.5138082944551738
test,2017-540,1,550,50,1.0,0.5180407319418087
test,2017-540,1,550,51,1.0,0.9183044439009551
test,2017-540,1,550,52,0.0,0.4264419189560006
test,2017-540,1,550,53,1.0,0.5747488091837367
test,2017-540,1,550,54,0.0,0.5577713328070792
test,2017-540,1,550,55,1.0,0.7308681696476313
test,2017-540,1,550,56,1.0,0.44005976824682186
test,2017-540,1,550,57,0.0,0.43821474147757933
test,2017-540,1,550,58,1.0,0.42459599706498624
test,2017-540,1,550,59,1.0,0.6829017853675663
test,2017-540,1,550,60,1.0,0.46372946436197243
test,2017-540,1,550,61,1.0,0.5181217765505206
test,2017-540,1,550,62,0.0,0.3338139951154777
test,2017-540,1,550,63,1.0,0.5147639523937776
test,2017-540,2,551,0,0.0,0.2669260156553464
test,2017-540,2,551,1,1.0,0.6377084784918869
test,2017-540,2,551,2,1.0,0.33395955789627313
test,2017-540,2,551,3,0.0,0.47142182650344266
test,2017-540,2,551,4,0.0,0.058708649563179456
test,2017-540,2,551,5,0.0,0.4840778773888826
test,2017-540,2,551,6,1.0,0.7783052194070992
test,2017-540,2,551,7,0.0,0.21892479696629075
test,2017-540,2,551,8,1.0,0.6648330613117517
test,2017-540,2,551,9,1.0,0.5373259097695108
test,2017-540,2,551,10,0.0,0.5732351745507178
test,2017-540,2,551,11,0.0,0.3750423206430257
test,2017-540,2,551,12,1.0,0.5920688480875691
test,2017-540,2,551,13,1.0,0.7355775602504326
test,2017-540,2,551,14,1.0,0.7187172370751183
test,2017-540,2,551,15,1.0,0.5483635296552438
test,2017-540,2,551,16,0.0,0.3794700831038228
test,2017-540,2,551,17,1.0,0.7889845644637076
test,2017-540,2,551,18,1.0,0.568444183661776
test,2017-540,2,551,19,1.0,0.4838239045406606
test,2017-540,2,551,20,1.0,0.5666640594884885
test,2017-540,2,551,21,1.0,0.972277389959204
test,2017-540,2,551,22,0.0,0.5356595337811568
test,2017-540,2,551,23,1.0,0.5767425962145816
test,2017-540,2,551,24,0.0,0.41372107182736373
test,2017-540,2,551,25,0.0,0.5895303019561475
test,2017-540,2,551,26,1.0,0.43679041261343565
test,2017-540,2,551,27,0.0,0.4224367484217192
test,2017-540,2,551,28,1.0,0.6618712690128349
test,2017-540,2,551,29,1.0,0.9859332260106768
test,2017-540,2,551,30,1.0,0.627429558208239
test,2017-540,2,551,31,0.0,0.0649648844559292
test,2017-540,3,552,0,0.0,0.48150962211831094
test,2017-540,3,552,1,1.0,0.5513786218852991
test,2017-540,3,552,2,1.0,0.9793072033845625
test,2017-540,3,552,3,1.0,0.3673382255804014
test,2017-540,3,552,4,0.0,0.2669831054518188
test,2017-540,3,552,5,1.0,0.9315972955554285
test,2017-540,3,552,6,0.0,0.32308560161033995
test,2017-540,3,552,7,1.0,0.7299940123318333
test,2017-540,3,552,8,0.0,0.34979325573303005
test,2017-540,3,552,9,1.0,0.745856391721211
test,2017-540,3,552,10,1.0,0.2825172893986499
test,2017-540,3,552,11,0.0,0.41902551943704575
test,2017-540,3,552,12,1.0,0.9695351945301252
test,2017-540,3,552,13,1.0,0.6655702951968597
test,2017-540,3,552,14,0.0,0.6766983267875318
test,2017-540,3,552,15,1.0,0.8885640363382556
test,2017-540,4,553,0,0.0,0.019164657448366956
test,2017-540,4,553,1,0.0,0.4266994947982217
test,2017-540,4,553,2,1.0,0.8764681940258656
test,2017-540,4,553,3,0.0,0.4836036342421306
test,2017-540,4,553,4,1.0,0.6678353277787841
test,2017-540,4,553,5,1.0,0.03480994613159927
test,2017-540,4,553,6,1.0,0.4343951998756227
test,2017-540,4,553,7,0.0,0.0789350103008191
test,2017-540,5,554,0,0.0,0.938087834862182
test,2017-540,5,554,1,0.0,0.1548371288987983
test,2017-540,5,554,2,0.0,0.3338877605329087
test,2017-540,5,554,3,0.0,0.9157434605861278
test,2017-540,6,555,0,0.0,0.23263188160008655
test,2017-540,6,555,1,0.0,0.33032253272798423
test,2017-540,7,556,0,0.0,0.16882424631757256
test,2017-560,1,569,0,1.0,0.7822322854748724
test,2017-560,1,569,1,0.0,0.45180196132341566
test,2017-560,1,569,2,0.0,0.31411343880758114
test,2017-560,1,569,3,1.0,0.4992480599628979
test,2017-560,1,569,4,1.0,0.48368380084757
test,2017-560,1,569,5,1.0,0.5486878577503922
test,2017-560,1,569,6,1.0,0.3135942550902875
test,2017-560,1,569,7,1.0,0.5137257265280595
test,2017-560,1,569,8,1.0,0.5419948168029921
test,2017-560,1,569,9,0.0,0.3699906338148254
test,2017-560,1,569,10,1.0,0.6661653560361699
test,2017-560,1,569,11,1.0,0.6599474685424501
test,2017-560,1,569,12,0.0,0.04945929651182372
test,2017-560,1,569,13,1.0,0.7263610737849673
test,2017-560,1,569,14,1.0,0.49294574935687413
test,2017-560,1,569,15,1.0,0.5908157099688155
test,2017-560,1,569,16,0.0,0.5070997087180481
test,2017-560,1,569,17,0.0,0.3991858711129716
test,2017-560,1,569,18,0.0,0.4489407397017279
test,2017-560,1,569,19,0.0,0.4864590043604829
test,2017-560,1,569,20,1.0,0.6230728503082157
test,2017-560,1,569,21,0.0,0.17993120957425132
test,2017-560,1,569,22,0.0,0.4368460253630972
test,2017-560,1,569,23,0.0,0.436280208216399
test,2017-560,1,569,24,1.0,0.3282378565955818
test,2017-560,1,569,25,1.0,0.33228874473801173
test,2017-560,1,569,26,0.0,0.4680424245524286
test,2017-560,1,569,27,1.0,0.5022790926310178
test,2017-560,1,569,28,1.0,0.973859424792062
test,2017-560,1,569,29,0.0,0.4224628881968594
test,2017-560,1,569,30,0.0,0.5557566925369336
test,2017-560,1,569,31,1.0,0.38972869109825464
test,2017-560,1,569,32,1.0,0.5830989276179805
test,2017-560,1,569,33,0.0,0.24606709078630826
test,2017-560,1,569,34,1.0,0.5381909088704968
test,2017-560,1,569,35,1.0,0.21720635090829346
test,2017-560,1,569,36,1.0,0.4315653392111981
test,2017-560,1,569,37,1.0,0.535720119226539
test,2017-560,1,569,38,1.0,0.587937519458079
test,2017-560,1,569,39,1.0,0.5734247954189321
test,2017-560,1,569,40,0.0,0.5255866743614724
test,2017-560,1,569,41,0.0,0.42648329260292367
test,2017-560,1,569,42,0.0,0.45432517371709835
test,2017-560,1,569,43,0.0,0.547583117916219
test,2017-560,1,569,44,0.0,0.5505625141445898
test,2017-560,1,569,45,0.0,0.4770857741255094
test,2017-560,1,569,46,0.0,0.2532704337073478
test,2017-560,1,569,47,1.0,0.7656583612208719
test,2017-560,1,569,48,0.0,0.47023838235837884
test,2017-560,1,569,49,1.0,0.49861519225043044
test,2017-560,1,569,50,0.0,0.3246339438390966
test,2017-560,1,569,51,0.0,0.4097554514118144
test,2017-560,1,569,52,1.0,0.503570415909172
test,2017-560,1,569,53,0.0,0.5032982705323293
test,2017-560,1,569,54,1.0,0.45414600362796465
test,2017-560,1,569,55,1.0,0.5546655785805462
test,2017-560,1,569,56,1.0,0.5847677663857478
test,2017-560,1,569,57,0.0,0.4737630040117134
test,2017-560,1,569,58,0.0,0.34114709427046447
test,2017-560,1,569,59,0.0,0.5447912666770668
test,2017-560,1,569,60,1.0,0.49999919050012737
test,2017-560,1,569,61,1.0,0.4795923931073679
test,2017-560,1,569,62,0.0,0.49116937417491624
test,2017-560,1,569,63,1.0,0.5653644608819194
test,2017-560,2,570,0,0.0,0.5407164910955333
test,2017-560,2,570,1,1.0,0.6268336072643819
test,2017-560,2,570,2,0.0,0.5333787004546522
test,2017-560,2,570,3,0.0,0.6220542641707327
test,2017-560,2,570,4,1.0,0.5920823399699258
test,2017-560,2,570,5,1.0,0.5708166887059278
test,2017-560,2,570,6,0.0,0.6994433445142534
test,2017-560,2,570,7,0.0,0.5239290165166258
test,2017-560,2,570,8,1.0,0.4608953986786611
test,2017-560,2,570,9,1.0,0.5444547756720571
test,2017-560,2,570,10,1.0,0.4707018958683598
test,2017-560,2,570,11,0.0,0.6887513868723423
test,2017-560,2,570,12,0.0,0.3667768313286251
test,2017-560,2,570,13,0.0,0.3429201869755503
test,2017-560,2,570,14,0.0,0.41302778224708536
test,2017-560,2,570,15,1.0,0.6854130405498599
test,2017-560,2,570,16,0.0,0.391239309196686
test,2017-560,2,570,17,1.0,0.4973270633482054
test,2017-560,2,570,18,0.0,0.40406761815252423
test,2017-560,2,570,19,1.0,0.5235917359366519
test,2017-560,2,570,20,1.0,0.9345644712809804
test,2017-560,2,570,21,1.0,0.2874051742236929
test,2017-560,2,570,22,0.0,0.4605862002475618
test,2017-560,2,570,23,1.0,0.5317552329991034
test,2017-560,2,570,24,1.0,0.6522589380221574
test,2017-560,2,570,25,0.0,0.772856744121942
test,2017-560,2,570,26,0.0,0.44461873238102434
test,2017-560,2,570,27,1.0,0.5236528125802227
test,2017-560,2,570,28,0.0,0.24880833326561766
test,2017-560,2,570,29,1.0,0.47892811117692813
test,2017-560,2,570,30,0.0,0.025554836392616045
test,2017-560,2,570,31,0.0,0.2804317690478707
test,2017-560,3,571,0,0.0,0.4727580480318394
test,2017-560,3,571,1,1.0,0.9681244781176608
test,2017-560,3,571,2,0.0,0.7459183570155823
test,2017-560,3,571,3,0.0,0.4373114317575251
test,2017-560,3,571,4,1.0,0.546116797258331
test,2017-560,3,571,5,1.0,0.5773142827131434
test,2017-560,3,571,6,0.0,0.6287331212938617
test,2017-560,3,571,7,0.0,0.34379016755929165
test,2017-560,3,571,8,1.0,0.6744735273371057
test,2017-560,3,571,9,1.0,0.5366763105824088
test,2017-560,3,571,10,0.0,0.3822616921605654
test,2017-560,3,571,11,0.0,0.10899265495341484
test,2017-560,3,571,12,0.0,0.5135474782196869
test,2017-560,3,571,13,1.0,0.47385827367652666
test,2017-560,3,571,14,0.0,0.44102443599130664
test,2017-560,3,571,15,0.0,0.5066409403481051
test,2017-560,4,572,0,1.0,0.4669053403133001
test,2017-560,4,572,1,0.0,0.4987363030154291
test,2017-560,4,572,2,0.0,0.3412284900433072
test,2017-560,4,572,3,0.0,0.4081189587299646
test,2017-560,4,572,4,1.0,0.4172837049603142
test,2017-560,4,572,5,0.0,0.07656120219231949
test,2017-560,4,572,6,1.0,0.3368912065184199
test,2017-560,4,572,7,1.0,0.9582829713351536
test,2017-560,5,573,0,1.0,0.5078373074751528
test,2017-560,5,573,1,0.0,0.47077831996533986
test,2017-560,5,573,2,1.0,0.09803471747686951
test,2017-560,5,573,3,1.0,0.9703951676527414
test,2017-560,6,574,0,1.0,0.612968400655907
test,2017-560,6,574,1,0.0,0.06594471503590059
test,2017-560,7,575,0,1.0,0.9462275374210287
test,2017-580,1,504,0,1.0,0.9795910247289316
test,2017-580,1,504,1,0.0,0.5243451088842603
test,2017-580,1,504,2,0.0,0.4387064941308695
test,2017-580,1,504,3,0.0,0.5322433237670178
test,2017-580,1,504,4,1.0,0.4959066204367652
test,2017-580,1,504,5,0.0,0.21635569332681304
test,2017-580,1,504,6,0.0,0.3827922941198455
test,2017-580,1,504,7,0.0,0.43011725150241475
test,2017-580,1,504,8,1.0,0.5110376911255325
test,2017-580,1,504,9,1.0,0.4404980411351401
test,2017-580,1,504,10,0.0,0.4754385783304171
test,2017-580,1,504,11,1.0,0.5159792020540156
test,2017-580,1,504,12,0.0,0.47211516793605196
test,2017-580,1,504,13,1.0,0.8366558976186387
test,2017-580,1,504,14,1.0,0.7684679012850477
test,2017-580,1,504,15,1.0,0.5320889839773518
test,2017-580,1,504,16,1.0,0.5034904686410036
test,2017-580,1,504,17,1.0,0.45596901371570037
test,2017-580,1,504,18,1.0,0.9125606013846078
test,2017-580,1,504,19,0.0,0.5021219087778451
test,2017-580,1,504,20,1.0,0.4428162903794339
test,2017-580,1,504,21,1.0,0.8187045314143511
test,2017-580,1,504,22,0.0,0.6084507182190876
test,2017-580,1,504,23,1.0,0.5062052875625486
test,2017-580,1,504,24,1.0,0.4403901206632752
test,2017-580,1,504,25,0.0,0.32911770701540516
test,2017-580,1,504,26,0.0,0.38490437689563933
test,2017-580,1,504,27,0.0,0.5022278411871574
test,2017-580,1,504,28,1.0,0.4807000458315126
test,2017-580,1,504,29,0.0,0.037941556836575366
test,2017-580,1,504,30,0.0,0.587276062792203
test,2017-580,1,504,31,0.0,0.49892783139586167
test,2017-580,1,504,32,0.0,0.5131145199050924
test,2017-580,1,504,33,0.0,0.264218895117952
test,2017-580,1,504,34,1.0,0.522768622374487
test,2017-580,1,504,35,0.0,0.28575850687528864
test,2017-580,1,504,36,1.0,0.5096393382681229
test,2017-580,1,504,37,0.0,0.5082754847315006
test,2017-580,1,504,38,0.0,0.30099670450063926
test,2017-580,1,504,39,1.0,0.6102161324399649
test,2017-580,1,504,40,0.0,0.4434807178783501
test,2017-580,1,504,41,1.0,0.5008819264286087
test,2017-580,1,504,42,1.0,0.5125721988344604
test,2017-580,1,504,43,1.0,0.47849329461769025
test,2017-580,1,504,44,1.0,0.45369054734983727
test,2017-580,1,504,45,1.0,0.45625725980553006
test,2017-580,1,504,46,1.0,0.5846822904239733
test,2017-580,1,504,47,1.0,0.7088535550362621
test,2017-580,1,504,48,0.0,0.42699343180028926
test,2017-580,1,504,49,0.0,0.5177949029220903
test,2017-580,1,504,50,0.0,0.43800560283112655
test,2017-580,1,504,51,0.0,0.4651400146900344
test,2017-580,1,504,52,1.0,0.5322131379431575
test,2017-580,1,504,53,1.0,0.6321659027301272
test,2017-580,1,504,54,1.0,0.5281631574085398
test,2017-580,1,504,55,1.0,0.477860072261797
test,2017-580,1,504,56,0.0,0.3668267463007998
test,2017-580,1,504,57,1.0,0.9580935631735417
test,2017-580,1,504,58,0.0,0.4130324490740192
test,2017-580,1,504,59,1.0,0.505142733568516
test,2017-580,1,504,60,1.0,0.4987690237323103
test,2017-580,1,504,61,0.0,0.20218246870060474
test,2017-580,1,504,62,0.0,0.33140133654908155
test,2017-580,1,504,63,1.0,0.47785634505479374
test,2017-580,2,505,0,1.0,0.553388737319336
test,2017-580,2,505,1,1.0,0.7972191247499553
test,2017-580,2,505,2,0.0,0.045582290228109744
test,2017-580,2,505,3,0.0,0.4069918144027806
test,2017-580,2,505,4,1.0,0.6669212248966924
test,2017-580,2,505,5,1.0,0.526365612885474
test,2017-580,2,505,6,1.0,0.6089533359990594
test,2017-580,2,505,7,1.0,0.42875079818707723
test,2017-580,2,505,8,1.0,0.5909108364710066
test,2017-580,2,505,9,0.0,0.30266179529307297
test,2017-580,2,505,10,1.0,0.6048206673141896
test,2017-580,2,505,11,1.0,0.6945548853007547
test,2017-580,2,505,12,0.0,0.4050124702434723
test,2017-580,2,505,13,1.0,0.5005143575687664
test,2017-580,2,505,14,1.0,0.5713674351989719
test,2017-580,2,505,15,0.0,0.43286508102181304
test,2017-580,2,505,16,1.0,0.7820119768590597
test,2017-580,2,505,17,0.0,0.5098902082592114
test,2017-580,2,505,18,1.0,0.5555606630985157
test,2017-580,2,505,19,1.0,0.8277978064410298
test,2017-580,2,505,20,1.0,0.7205396824688212
test,2017-580,2,505,21,1.0,0.4897794539339283
test,2017-580,2,505,22,1.0,0.9321650272849914
test,2017-580,2,505,23,1.0,0.7998527288081018
test,2017-580,2,505,24,1.0,0.7058454833821552
test,2017-580,2,505,25,0.0,0.6589735202786748
test,2017-580,2,505,26,1.0,0.6159526110211347
test,2017-580,2,505,27,0.0,0.764571502647281
test,2017-580,2,505,28,1.0,0.4978778791398437
test,2017-580,2,505,29,1.0,0.9630864985270771
test,2017-580,2,505,30,1.0,0.010106151297530898
test,2017-580,2,505,31,0.0,0.485742530519173
test,2017-580,3,506,0,1.0,0.5942158439235342
test,2017-580,3,506,1,1.0,0.9428198848087783
test,2017-580,3,506,2,1.0,0.5774709103489919
test,2017-580,3,506,3,1.0,0.4778135330614865
test,2017-580,3,506,4,0.0,0.4698784264094701
test,2017-580,3,506,5,0.0,0.464339191599129
test,2017-580,3,506,6,1.0,0.2758471020398691
test,2017-580,3,506,7,1.0,0.9596732347383469
test,2017-580,3,506,8,1.0,0.5576986407191153
test,2017-580,3,506,9,0.0,0.5609840881527981
test,2017-580,3,506,10,1.0,0.7361494788227145
test,2017-580,3,506,11,0.0,0.40094147971370064
test,2017-580,3,506,12,0.0,0.18492069161568025
test,2017-580,3,506,13,0.0,0.202535017823344
test,2017-580,3,506,14,0.0,0.24940938849285874
test,2017-580,3,506,15,1.0,0.5159097411736028
test,2017-580,4,507,0,0.0,0.38922221489414927
test,2017-580,4,507,1,1.0,0.5070992229459581
test,2017-580,4,507,2,0.0,0.34389125551617705
test,2017-580,4,507,3,0.0,0.07237577191613803
test,2017-580,4,507,4,0.0,0.23346460690042745
test,2017-580,4,507,5,0.0,0.21228882544736563
test,2017-580,4,507,6,0.0,0.22104707685716019
test,2017-580,4,507,7,0.0,0.9602455015319451
test,2017-580,5,508,0,0.0,0.4071944562312888
test,2017-580,5,508,1,0.0,0.0945825959123068
test,2017-580,5,508,2,0.0,0.38556498916859655
test,2017-580,5,508,3,1.0,0.9217510977627
test,2017-580,6,509,0,0.0,0.07502733249608337
test,2017-580,6,509,1,1.0,0.7054424865756719
test,2017-580,7,510,0,1.0,0.34071744183278424
test,2017-M006,1,511,0,1.0,0.500000133149261
test,2017-M006,1,511,1,1.0,0.4999998431753486
test,2017-M006,1,511,2,1.0,0.5000000374836718
test,2017-M006,1,511,3,0.0,0.5
test,2017-M006,1,511,4,1.0,0.5000002054229975
test,2017-M006,1,511,5,0.0,0.4999998297073123
test,2017-M006,1,511,6,1.0,0.5
test,2017-M006,1,511,7,1.0,0.4999999265921131
test,2017-M006,1,511,8,0.0,0.5000000374836718
test,2017-M006,1,511,9,0.0,0.5000001791957687
test,2017-M006,1,511,10,0.0,0.4999995289022632
test,2017-M006,1,511,11,1.0,0.5000000596563129
test,2017-M006,1,511,12,0.0,0.49999917535921906
test,2017-M006,1,511,13,1.0,0.4999997356862412
test,2017-M006,1,511,14,0.0,0.4999994354766212
test,2017-M006,1,511,15,0.0,0.5000006105415327
test,2017-M006,1,511,16,1.0,0.5000002997559598
test,2017-M006,1,511,17,0.0,0.49999942577963497
test,2017-M006,1,511,18,1.0,0.5000006016668055
test,2017-M006,1,511,19,1.0,0.5000007168397822
test,2017-M006,1,511,20,1.0,0.5000006273553129
test,2017-M006,1,511,21,1.0,0.4999998382985018
test,2017-M006,1,511,22,0.0,0.49999989803987593
test,2017-M006,1,511,23,1.0,0.4999998469463989
test,2017-M006,1,511,24,0.0,0.500000098642734
test,2017-M006,1,511,25,0.0,0.4999999276979098
test,2017-M006,1,511,26,1.0,0.5000002187776188
test,2017-M006,1,511,27,0.0,0.499999426970493
test,2017-M006,1,511,28,0.0,0.500000133149261
test,2017-M006,1,511,29,0.0,0.5000000626901653
test,2017-M006,1,511,30,1.0,0.5000001617014982
test,2017-M006,1,511,31,1.0,0.4999997478500046
test,2017-M006,2,512,0,1.0,0.49999932665488694
test,2017-M006,2,512,1,0.0,0.4999999762395484
test,2017-M006,2,512,2,1.0,0.5
test,2017-M006,2,512,3,0.0,0.5000005988314294
test,2017-M006,2,512,4,0.0,0.4999993344238174
test,2017-M006,2,512,5,0.0,0.49999921916577955
test,2017-M006,2,512,6,0.0,0.5000007388706544
test,2017-M006,2,512,7,0.0,0.5000001290946732
test,2017-M006,2,512,8,1.0,0.5
test,2017-M006,2,512,9,0.0,0.5000000273046716
test,2017-M006,2,512,10,1.0,0.5000002114339948
test,2017-M006,2,512,11,1.0,0.5000001568530051
test,2017-M006,2,512,12,0.0,0.49999994031533335
test,2017-M006,2,512,13,0.0,0.4999997152715335
test,2017-M006,2,512,14,0.0,0.5000002189760951
test,2017-M006,2,512,15,0.0,0.5000000374553181
test,2017-M006,2,512,16,1.0,0.4999999265070519
test,2017-M006,2,512,17,0.0,0.5000000223711173
test,2017-M006,2,512,18,0.0,0.49999990110208214
test,2017-M006,2,512,19,1.0,0.49999990305849157
test,2017-M006,2,512,20,0.0,0.4999995517837482
test,2017-M006,2,512,21,0.0,0.5000000412547221
test,2017-M006,2,512,22,0.0,0.49999995840503286
test,2017-M006,2,512,23,1.0,0.5000000188552509
test,2017-M006,2,512,24,1.0,0.5000006105415327
test,2017-M006,2,512,25,1.0,0.49999982925365205
test,2017-M006,2,512,26,1.0,0.5
test,2017-M006,2,512,27,1.0,0.5000000734929482
test,2017-M006,2,512,28,0.0,0.5000004482162518
test,2017-M006,2,512,29,1.0,0.49999944925654893
test,2017-M006,2,512,30,1.0,0.5
test,2017-M006,2,512,31,1.0,0.499999462299279
test,2017-M006,3,513,0,1.0,0.5000006018085743
test,2017-M006,3,513,1,0.0,0.5000001164205421
test,2017-M006,3,513,2,1.0,0.49999921655723356
test,2017-M006,3,513,3,1.0,0.4999999625730357
test,2017-M006,3,513,4,1.0,0.49999997275203584
test,2017-M006,3,513,5,1.0,0.49999994346260085
test,2017-M006,3,513,6,0.0,0.5
test,2017-M006,3,513,7,1.0,0.4999998683251346
test,2017-M006,3,513,8,1.0,0.4999998375896578
test,2017-M006,3,513,9,0.0,0.5000006653777062
test,2017-M006,3,513,10,0.0,0.500000122601662
test,2017-M006,3,513,11,0.0,0.49999993739489607
test,2017-M006,3,513,12,0.0,0.500000712473303
test,2017-M006,3,513,13,1.0,0.5000000274464406
test,2017-M006,3,513,14,1.0,0.5000000662343854
test,2017-M006,3,513,15,0.0,0.4999996604920674
test,2017-M006,4,514,0,0.0,0.4999999373665423
test,2017-M006,4,514,1,0.0,0.5
test,2017-M006,4,514,2,1.0,0.4999995034972935
test,2017-M006,4,514,3,0.0,0.5000000969131546
test,2017-M006,4,514,4,0.0,0.5000006935329908
test,2017-M006,4,514,5,0.0,0.5000006206071178
test,2017-M006,4,514,6,0.0,0.49999994031533335
test,2017-M006,4,514,7,0.0,0.4999999266204669
test,2017-M006,5,515,0,1.0,0.5000001019884778
test,2017-M006,5,515,1,1.0,0.4999999744816152
test,2017-M006,5,515,2,0.0,0.4999998348676967
test,2017-M006,5,515,3,0.0,0.5000000971399847
test,2017-M006,6,516,0,1.0,0.4999999372531272
test,2017-M006,6,516,1,1.0,0.4999999265070519
test,2017-M006,7,517,0,0.0,0.499999974623384
test,2017-M007,1,518,0,0.0,0.3622306556138875
test,2017-M007,1,518,1,0.0,0.5776679055010095
test,2017-M007,1,518,2,1.0,0.44363498540375834
test,2017-M007,1,518,3,1.0,0.613072866234863
test,2017-M007,1,518,4,1.0,0.5073295857991976
test,2017-M007,1,518,5,1.0,0.45671684881483743
test,2017-M007,1,518,6,1.0,0.519377723846768
test,2017-M007,1,518,7,1.0,0.5007817068793854
test,2017-M007,1,518,8,1.0,0.5783177593727433
test,2017-M007,1,518,9,1.0,0.504393924100031
test,2017-M007,1,518,10,1.0,0.6173880929910431
test,2017-M007,1,518,11,0.0,0.49644184431446176
test,2017-M007,1,518,12,1.0,0.49263608543638365
test,2017-M007,1,518,13,1.0,0.5570765069454526
test,2017-M007,1,518,14,1.0,0.6071091663739603
test,2017-M007,1,518,15,0.0,0.4617353855447583
test,2017-M007,1,518,16,1.0,0.48650524296886416
test,2017-M007,1,518,17,0.0,0.5807781417325337
test,2017-M007,1,518,18,1.0,0.5091194997234455
test,2017-M007,1,518,19,1.0,0.4694663605808352
test,2017-M007,1,518,20,1.0,0.4420868495508246
test,2017-M007,1,518,21,1.0,0.5249879484116073
test,2017-M007,1,518,22,0.0,0.3849992073508246
test,2017-M007,1,518,23,1.0,0.49011881332829627
test,2017-M007,1,518,24,1.0,0.5010059222561144
test,2017-M007,1,518,25,1.0,0.5423541754341243
test,2017-M007,1,518,26,0.0,0.5005915739516236
test,2017-M007,1,518,27,0.0,0.44443112848673877
test,2017-M007,1,518,28,0.0,0.4769429087997748
test,2017-M007,1,518,29,0.0,0.4834137030351981
test,2017-M007,1,518,30,1.0,0.3925906549649738
test,2017-M007,1,518,31,0.0,0.5501088066179247
test,2017-M007,2,519,0,0.0,0.14907654480287408
test,2017-M007,2,519,1,0.0,0.6382572385467333
test,2017-M007,2,519,2,1.0,0.5992047073086101
test,2017-M007,2,519,3,0.0,0.3807307386319486
test,2017-M007,2,519,4,1.0,0.5707777803995656
test,2017-M007,2,519,5,0.0,0.4645987867019615
test,2017-M007,2,519,6,0.0,0.7897494218567567
test,2017-M007,2,519,7,0.0,0.05068123639150929
test,2017-M007,2,519,8,0.0,0.3761919597022543
test,2017-M007,2,519,9,1.0,0.48863925993925045
test,2017-M007,2,519,10,1.0,0.583007303959133
test,2017-M007,2,519,11,1.0,0.808084711817548
test,2017-M007,2,519,12,1.0,0.4443025255880245
test,2017-M007,2,519,13,0.0,0.47029016985295885
test,2017-M007,2,519,14,0.0,0.48231871916615715
test,2017-M007,2,519,15,1.0,0.4390474533137427
test,2017-M007,2,519,16,1.0,0.6337262451010123
test,2017-M007,2,519,17,1.0,0.9678211959646298
test,2017-M007,2,519,18,0.0,0.46999384339693046
test,2017-M007,2,519,19,1.0,0.30276130939504775
test,2017-M007,2,519,20,1.0,0.5632200797757226
test,2017-M007,2,519,21,1.0,0.499961302220174
test,2017-M007,2,519,22,0.0,0.309717142388426
test,2017-M007,2,519,23,0.0,0.6702471128650488
test,2017-M007,2,519,24,1.0,0.604025728953153
test,2017-M007,2,519,25,1.0,0.5190730449610073
test,2017-M007,2,519,26,0.0,0.5687748174339983
test,2017-M007,2,519,27,1.0,0.46074138721920255
test,2017-M007,2,519,28,1.0,0.3591511405775578
test,2017-M007,2,519,29,1.0,0.4954653240827963
test,2017-M007,2,519,30,0.0,0.32052160376022326
test,2017-M007,2,519,31,1.0,0.6990267525378822
test,2017-M007,3,520,0,0.0,0.49054412756872834
test,2017-M007,3,520,1,1.0,0.26454809899927323
test,2017-M007,3,520,2,0.0,0.47711889248695993
test,2017-M007,3,520,3,0.0,0.5405998529701175
test,2017-M007,3,520,4,1.0,0.4975776648411632
test,2017-M007,3,520,5,1.0,0.6330154787901442
test,2017-M007,3,520,6,1.0,0.5574965294099345
test,2017-M007,3,520,7,0.0,0.05148045287282807
test,2017-M007,3,520,8,0.0,0.2295896567797375
test,2017-M007,3,520,9,0.0,0.15139852609878782
test,2017-M007,3,520,10,1.0,0.38282160604630977
test,2017-M007,3,520,11,0.0,0.47231176134839054
test,2017-M007,3,520,12,0.0,0.40221543869978543
test,2017-M007,3,520,13,1.0,0.9094305796164277
test,2017-M007,3,520,14,1.0,0.49580664740530056
test,2017-M007,3,520,15,0.0,0.5317966095921755
test,2017-M007,4,521,0,0.0,0.04119119032950857
test,2017-M007,4,521,1,1.0,0.17558077178832127
test,2017-M007,4,521,2,0.0,0.499813046480953
test,2017-M007,4,521,3,0.0,0.07868953140584496
test,2017-M007,4,521,4,0.0,0.21115122142800524
test,2017-M007,4,521,5,1.0,0.5363073123785886
test,2017-M007,4,521,6,1.0,0.6105131128420952
test,2017-M007,4,521,7,1.0,0.7859396901029628
test,2017-M007,5,522,0,0.0,0.4593818967919348
test,2017-M007,5,522,1,0.0,0.18685901670742397
test,2017-M007,5,522,2,1.0,0.960446229452114
test,2017-M007,5,522,3,1.0,0.30872065171464197
test,2017-M007,6,523,0,0.0,0.0772475921492927
test,2017-M007,6,523,1,1.0,0.9422061642356393
test,2017-M007,7,524,0,0.0,0.619498457881636
test,2017-M009,2,537,0,0.0,0.4912899154128113
test,2017-M009,2,537,1,1.0,0.37818921020108665
test,2017-M009,2,537,2,0.0,0.5654895104733864
test,2017-M009,2,537,3,0.0,0.5128848764068499
test,2017-M009,2,537,4,0.0,0.3315709260100822
test,2017-M009,2,537,5,1.0,0.4982326347664722
test,2017-M009,2,537,6,0.0,0.4742804562861346
test,2017-M009,2,537,7,1.0,0.5310247583028073
test,2017-M009,2,537,8,0.0,0.5026838985816656
test,2017-M009,2,537,9,1.0,0.46307582032700034
test,2017-M009,2,537,10,0.0,0.4530118431431415
test,2017-M009,2,537,11,1.0,0.4923374711932347
test,2017-M009,2,537,12,1.0,0.5134253247924192
test,2017-M009,2,537,13,0.0,0.3658681004172381
test,2017-M009,2,537,14,1.0,0.6613873387828509
test,2017-M009,2,537,15,0.0,0.34265937195990903
test,2017-M009,2,537,16,1.0,0.4967150161446419
test,2017-M009,2,537,17,0.0,0.4358958353403035
test,2017-M009,2,537,18,0.0,0.5184749346447279
test,2017-M009,2,537,19,0.0,0.3973604214141091
test,2017-M009,2,537,20,1.0,0.5227345361160014
test,2017-M009,2,537,21,0.0,0.4451272520011857
test,2017-M009,2,537,22,0.0,0.4591384313205508
test,2017-M009,2,537,23,0.0,0.2223420532810424
test,2017-M009,3,538,0,0.0,0.9060587289502168
test,2017-M009,3,538,1,1.0,0.597792177484875
test,2017-M009,3,538,2,1.0,0.8053423417253284
test,2017-M009,3,538,3,0.0,0.35222114189365056
test,2017-M009,3,538,4,1.0,0.5600025478820231
test,2017-M009,3,538,5,1.0,0.5949526092580347
test,2017-M009,3,538,6,1.0,0.5027979201442443
test,2017-M009,3,538,7,1.0,0.7316155438018114
test,2017-M009,3,538,8,1.0,0.5842793624908058
test,2017-M009,3,538,9,0.0,0.2242084593426615
test,2017-M009,3,538,10,1.0,0.5132826271341496
test,2017-M009,3,538,11,1.0,0.9669407878449457
test,2017-M009,3,538,12,1.0,0.509730288401995
test,2017-M009,3,538,13,1.0,0.6244452570329965
test,2017-M009,3,538,14,0.0,0.42859655668368035
test,2017-M009,3,538,15,1.0,0.9869987742518528
test,2017-M009,4,539,0,1.0,0.979155090568865
test,2017-M009,4,539,1,1.0,0.3046047732045137
test,2017-M009,4,539,2,0.0,0.41475693552685833
test,2017-M009,4,539,3,0.0,0.434975921850209
test,2017-M009,4,539,4,1.0,0.26488104794799605
test,2017-M009,4,539,5,1.0,0.3995979084191444
test,2017-M009,4,539,6,1.0,0.46180864011609674
test,2017-M009,4,539,7,1.0,0.9713496220927567
test,2017-M009,5,540,0,0.0,0.02526514599975757
test,2017-M009,5,540,1,0.0,0.9535873418037306
test,2017-M009,5,540,2,1.0,0.39970858048917474
test,2017-M009,5,540,3,1.0,0.39886990373861675
test,2017-M009,6,541,0,0.0,0.03346448401761168
test,2017-M009,6,541,1,0.0,0.5116781000605042
test,2017-M009,7,542,0,1.0,0.026765648398265056
test,2017-M021,2,531,0,1.0,0.5130623974280613
test,2017-M021,2,531,1,0.0,0.35535345490949327
test,2017-M021,2,531,2,1.0,0.4703704381168418
test,2017-M021,2,531,3,1.0,0.7455567707386486
test,2017-M021,2,531,4,0.0,0.23119181891499177
test,2017-M021,2,531,5,0.0,0.5861564549776789
test,2017-M021,2,531,6,1.0,0.6243922276696398
test,2017-M021,2,531,7,0.0,0.5588371354435806
test,2017-M021,2,531,8,1.0,0.553572613592605
test,2017-M021,2,531,9,0.0,0.3436887793919765
test,2017-M021,2,531,10,0.0,0.5365288272832307
test,2017-M021,2,531,11,1.0,0.45639405542359485
test,2017-M021,2,531,12,0.0,0.5890375538281684
test,2017-M021,2,531,13,0.0,0.516257931234229
test,2017-M021,2,531,14,1.0,0.7561979617624325
test,2017-M021,2,531,15,1.0,0.4389782786812838
test,2017-M021,2,531,16,0.0,0.5068040112228978
test,2017-M021,2,531,17,0.0,0.5949223897621078
test,2017-M021,2,531,18,0.0,0.5305966867124714
test,2017-M021,2,531,19,1.0,0.4766573723691632
test,2017-M021,2,531,20,0.0,0.4636017131865619
test,2017-M021,2,531,21,0.0,0.4826522522780688
test,2017-M021,2,531,22,1.0,0.507761671698861
test,2017-M021,2,531,23,0.0,0.42780655294757397
test,2017-M021,3,532,0,0.0,0.04689473433916808
test,2017-M021,3,532,1,1.0,0.5538025791160185
test,2017-M021,3,532,2,1.0,0.6197829611686324
test,2017-M021,3,532,3,1.0,0.6324497936545668
test,2017-M021,3,532,4,1.0,0.19929330808039525
test,2017-M021,3,532,5,1.0,0.6208755637228579
test,2017-M021,3,532,6,0.0,0.20132648945666157
test,2017-M021,3,532,7,1.0,0.3404626367069449
test,2017-M021,3,532,8,0.0,0.3157341705385825
test,2017-M021,3,532,9,0.0,0.4957261248687299
test,2017-M021,3,532,10,1.0,0.603969096197342
test,2017-M021,3,532,11,0.0,0.05252743005925978
test,2017-M021,3,532,12,0.0,0.49648969944237464
test,2017-M021,3,532,13,0.0,0.524632884873972
test,2017-M021,3,532,14,0.0,0.018343663625949254
test,2017-M021,3,532,15,1.0,0.7687188698201178
test,2017-M021,4,533,0,0.0,0.022620744087508388
test,2017-M021,4,533,1,0.0,0.49813325886937776
test,2017-M021,4,533,2,1.0,0.4269883738941967
test,2017-M021,4,533,3,0.0,0.7153067245941275
test,2017-M021,4,533,4,0.0,0.5155795629537596
test,2017-M021,4,533,5,0.0,0.5442993373797206
test,2017-M021,4,533,6,1.0,0.06050978076923787
test,2017-M021,4,533,7,1.0,0.954481015960499
test,2017-M021,5,534,0,1.0,0.5749909608347351
test,2017-M021,5,534,1,1.0,0.951185523272225
test,2017-M021,5,534,2,1.0,0.9408690435115192
test,2017-M021,5,534,3,0.0,0.5639239115261928
test,2017-M021,6,535,0,1.0,0.3057324603729957
test,2017-M021,6,535,1,0.0,0.41512361233645434
test,2017-M021,7,536,0,0.0,0.04624027829139907
test,2017-M024,2,563,0,1.0,0.5220144889444337
test,2017-M024,2,563,1,1.0,0.5140707268946342
test,2017-M024,2,563,2,1.0,0.27745312646660825
test,2017-M024,2,563,3,0.0,0.5964165587999565
test,2017-M024,2,563,4,1.0,0.6540869680574193
test,2017-M024,2,563,5,0.0,0.49609451717777525
test,2017-M024,2,563,6,1.0,0.45095259461156906
test,2017-M024,2,563,7,0.0,0.38486421321356507
test,2017-M024,2,563,8,0.0,0.6019058813859168
test,2017-M024,2,563,9,1.0,0.4999998508025103
test,2017-M024,2,563,10,1.0,0.4189149911618483
test,2017-M024,2,563,11,0.0,0.25024734627728595
test,2017-M024,2,563,12,0.0,0.5495866378985695
test,2017-M024,2,563,13,1.0,0.5513658488080357
test,2017-M024,2,563,14,0.0,0.6487561059616754
test,2017-M024,2,563,15,0.0,0.29501437883317
test,2017-M024,2,563,16,0.0,0.4862639341939478
test,2017-M024,2,563,17,1.0,0.6109662141243407
test,2017-M024,2,563,18,1.0,0.4384105273270103
test,2017-M024,2,563,19,1.0,0.5357765657578947
test,2017-M024,2,563,20,1.0,0.6348847049029176
test,2017-M024,2,563,21,1.0,0.5161827228389639
test,2017-M024,2,563,22,0.0,0.34876617423507983
test,2017-M024,2,563,23,1.0,0.41176180112607813
test,2017-M024,3,564,0,0.0,0.059100880206730114
test,2017-M024,3,564,1,0.0,0.5363855541483328
test,2017-M024,3,564,2,0.0,0.4647185107465787
test,2017-M024,3,564,3,1.0,0.3323434259681259
test,2017-M024,3,564,4,1.0,0.5538750585279141
test,2017-M024,3,564,5,1.0,0.4309858896582967
test,2017-M024,3,564,6,0.0,0.4849083291703486
test,2017-M024,3,564,7,1.0,0.7341147579756239
test,2017-M024,3,564,8,0.0,0.48227148529909786
test,2017-M024,3,564,9,0.0,0.4090385182684326
test,2017-M024,3,564,10,1.0,0.6749578457110427
test,2017-M024,3,564,11,1.0,0.23297915909308922
test,2017-M024,3,564,12,0.0,0.5123732702282819
test,2017-M024,3,564,13,0.0,0.31774569243946765
test,2017-M024,3,564,14,1.0,0.4871471452923166
test,2017-M024,3,564,15,1.0,0.574031879897847
test,2017-M024,4,565,0,1.0,0.4559245148218837
test,2017-M024,4,565,1,0.0,0.47691631029089454
test,2017-M024,4,565,2,1.0,0.536308727554984
test,2017-M024,4,565,3,0.0,0.26816698473010725
test,2017-M024,4,565,4,0.0,0.32476813372513547
test,2017-M024,4,565,5,1.0,0.5261262390546023
test,2017-M024,4,565,6,0.0,0.039069276372885646
test,2017-M024,4,565,7,0.0,0.33970586074586934
test,2017-M024,5,566,0,0.0,0.3149858099307626
test,2017-M024,5,566,1,0.0,0.3721878516330862
test,2017-M024,5,566,2,0.0,0.45665686032669883
test,2017-M024,5,566,3,1.0,0.04386241278625995
test,2017-M024,6,567,0,1.0,0.5393666414076882
test,2017-M024,6,567,1,0.0,0.6445259250394736
test,2017-M024,7,568,0,1.0,0.5277535747658546
test,2018-0352,2,666,0,0.0,0.47761087643287786
test,2018-0352,2,666,1,0.0,0.6202026817368035
test,2018-0352,2,666,2,1.0,0.5806155858303379
test,2018-0352,2,666,3,0.0,0.46509007328301094
test,2018-0352,2,666,4,1.0,0.4872307353353245
test,2018-0352,2,666,5,1.0,0.5569593011047103
test,2018-0352,2,666,6,1.0,0.47289074063713393
test,2018-0352,2,666,7,0.0,0.48250498627960997
test,2018-0352,2,666,8,1.0,0.5806416380871708
test,2018-0352,2,666,9,0.0,0.3247598693734006
test,2018-0352,2,666,10,1.0,0.49424585601201737
test,2018-0352,2,666,11,0.0,0.42224135143603997
test,2018-0352,2,666,12,1.0,0.42689996956120924
test,2018-0352,2,666,13,0.0,0.4699051350832002
test,2018-0352,2,666,14,0.0,0.39521490538760257
test,2018-0352,2,666,15,0.0,0.40719227659130064
test,2018-0352,3,667,0,1.0,0.36223301665063173
test,2018-0352,3,667,1,0.0,0.7188298618281275
test,2018-0352,3,667,2,1.0,0.5916547187499489
test,2018-0352,3,667,3,1.0,0.6676720099547233
test,2018-0352,3,667,4,0.0,0.01906998502936921
test,2018-0352,3,667,5,0.0,0.5870588503682721
test,2018-0352,3,667,6,0.0,0.29034420510294456
test,2018-0352,3,667,7,0.0,0.28188539240319843
test,2018-0352,3,667,8,0.0,0.1655930705048216
test,2018-0352,3,667,9,0.0,0.3656269378003066
test,2018-0352,3,667,10,1.0,0.6953520393850939
test,2018-0352,3,667,11,1.0,0.7578128437957544
test,2018-0352,3,667,12,1.0,0.5917769224536582
test,2018-0352,3,667,13,1.0,0.5792899507809084
test,2018-0352,3,667,14,0.0,0.574246893549116
test,2018-0352,3,667,15,1.0,0.6810284477417956
test,2018-0352,4,668,0,0.0,0.329033693312565
test,2018-0352,4,668,1,1.0,0.9808857935828185
test,2018-0352,4,668,2,0.0,0.32862228289389933
test,2018-0352,4,668,3,1.0,0.8846924079018365
test,2018-0352,4,668,4,0.0,0.38254021109947584
test,2018-0352,4,668,5,1.0,0.39411891593701487
test,2018-0352,4,668,6,1.0,0.5652230281025227
test,2018-0352,4,668,7,0.0,0.3330102452866089
test,2018-0352,5,669,0,1.0,0.9233078802023911
test,2018-0352,5,669,1,0.0,0.23548835329999662
test,2018-0352,5,669,2,0.0,0.6483637910448916
test,2018-0352,5,669,3,1.0,0.7166537986644924
test,2018-0352,6,670,0,0.0,0.18935140949145762
test,2018-0352,6,670,1,0.0,0.6710536165326888
test,2018-0352,7,671,0,0.0,0.9739562888809359
test,2018-0410,2,609,0,0.0,0.35081436628193546
test,2018-0410,2,609,1,1.0,0.45871921911844304
test,2018-0410,2,609,2,1.0,0.7396755533201802
test,2018-0410,2,609,3,0.0,0.591754589665326
test,2018-0410,2,609,4,1.0,0.5241492554726672
test,2018-0410,2,609,5,1.0,0.544438029267225
test,2018-0410,2,609,6,0.0,0.4987169299236082
test,2018-0410,2,609,7,1.0,0.6671135883531599
test,2018-0410,2,609,8,1.0,0.5590459146608568
test,2018-0410,2,609,9,1.0,0.582815455201246
test,2018-0410,2,609,10,1.0,0.5610113888929135
test,2018-0410,2,609,11,1.0,0.4272379557048603
test,2018-0410,2,609,12,0.0,0.4542109727836759
test,2018-0410,2,609,13,1.0,0.6325899096946712
test,2018-0410,2,609,14,0.0,0.4298490480508297
test,2018-0410,2,609,15,0.0,0.4757270589639144
test,2018-0410,2,609,16,1.0,0.5607681075674429
test,2018-0410,2,609,17,0.0,0.020038844184120264
test,2018-0410,2,609,18,1.0,0.5005828869383526
test,2018-0410,2,609,19,0.0,0.5024873605600898
test,2018-0410,2,609,20,0.0,0.5263607939316989
test,2018-0410,2,609,21,0.0,0.5045196301501191
test,2018-0410,2,609,22,1.0,0.6049861289331488
test,2018-0410,2,609,23,1.0,0.5410550379374697
test,2018-0410,3,610,0,1.0,0.9710619226061926
test,2018-0410,3,610,1,1.0,0.4031359680217876
test,2018-0410,3,610,2,0.0,0.02864733994720418
test,2018-0410,3,610,3,0.0,0.3189603888434544
test,2018-0410,3,610,4,1.0,0.36361229593817546
test,2018-0410,3,610,5,0.0,0.46030385286979425
test,2018-0410,3,610,6,1.0,0.4252865167647177
test,2018-0410,3,610,7,0.0,0.337813555717189
test,2018-0410,3,610,8,0.0,0.3662158927542622
test,2018-0410,3,610,9,1.0,0.7072951654242098
test,2018-0410,3,610,10,0.0,0.35577215846755755
test,2018-0410,3,610,11,1.0,0.53620422675936
test,2018-0410,3,610,12,1.0,0.46312955882510615
test,2018-0410,3,610,13,0.0,0.2620794487972937
test,2018-0410,3,610,14,0.0,0.22944574989217142
test,2018-0410,3,610,15,0.0,0.39470939992636245
test,2018-0410,4,611,0,1.0,0.605638428418343
test,2018-0410,4,611,1,0.0,0.2848719294566483
test,2018-0410,4,611,2,1.0,0.6582165792724227
test,2018-0410,4,611,3,0.0,0.4827257205675127
test,2018-0410,4,611,4,1.0,0.5922981491305216
test,2018-0410,4,611,5,1.0,0.04876388826825218
test,2018-0410,4,611,6,1.0,0.9651363771817206
test,2018-0410,4,611,7,0.0,0.27808503201098206
test,2018-0410,5,612,0,1.0,0.46272617292166696
test,2018-0410,5,612,1,1.0,0.5481949500909484
test,2018-0410,5,612,2,0.0,0.4353081654078253
test,2018-0410,5,612,3,0.0,0.08123781034164185
test,2018-0410,6,613,0,1.0,0.5673803377962546
test,2018-0410,6,613,1,1.0,0.9325127172726282
test,2018-0410,7,614,0,0.0,0.10039984307977382
test,2018-0421,2,641,0,0.0,0.3917233360805477
test,2018-0421,2,641,1,0.0,0.5894328501310234
test,2018-0421,2,641,2,0.0,0.5523678989891493
test,2018-0421,2,641,3,0.0,0.01855661552617543
test,2018-0421,2,641,4,1.0,0.4628015067707746
test,2018-0421,2,641,5,1.0,0.49407351089450896
test,2018-0421,2,641,6,0.0,0.5283280195879865
test,2018-0421,2,641,7,0.0,0.5445337175395781
test,2018-0421,2,641,8,0.0,0.4768336310326052
test,2018-0421,2,641,9,0.0,0.4749243688954607
test,2018-0421,2,641,10,1.0,0.4777111126815047
test,2018-0421,2,641,11,0.0,0.29003649785507524
test,2018-0421,2,641,12,1.0,0.43022963603453646
test,2018-0421,2,641,13,0.0,0.7656377518537538
test,2018-0421,2,641,14,1.0,0.6116868684639827
test,2018-0421,2,641,15,1.0,0.5566679354699388
test,2018-0421,2,641,16,1.0,0.5869494888210871
test,2018-0421,2,641,17,0.0,0.5322079406953737
test,2018-0421,2,641,18,1.0,0.6402158288019302
test,2018-0421,2,641,19,0.0,0.44314986507628884
test,2018-0421,2,641,20,1.0,0.6279631806667748
test,2018-0421,2,641,21,1.0,0.23927898173939285
test,2018-0421,2,641,22,1.0,0.4687278682663943
test,2018-0421,2,641,23,1.0,0.47703546046049145
test,2018-0421,3,642,0,1.0,0.9652829499497028
test,2018-0421,3,642,1,1.0,0.79518172943378
test,2018-0421,3,642,2,1.0,0.4627308647708192
test,2018-0421,3,642,3,1.0,0.728755271602164
test,2018-0421,3,642,4,0.0,0.489560310794686
test,2018-0421,3,642,5,0.0,0.5079835671889834
test,2018-0421,3,642,6,1.0,0.4849517612126633
test,2018-0421,3,642,7,1.0,0.6947607731411558
test,2018-0421,3,642,8,1.0,0.32428783669088235
test,2018-0421,3,642,9,1.0,0.4402854864047873
test,2018-0421,3,642,10,1.0,0.46988667838042514
test,2018-0421,3,642,11,1.0,0.7189498394746098
test,2018-0421,3,642,12,1.0,0.9815399418815058
test,2018-0421,3,642,13,1.0,0.2369782816342508
test,2018-0421,3,642,14,0.0,0.22955214903847157
test,2018-0421,3,642,15,1.0,0.5429859530317418
test,2018-0421,4,643,0,1.0,0.7487158079621917
test,2018-0421,4,643,1,1.0,0.024047915181207483
test,2018-0421,4,643,2,0.0,0.33651192544278274
test,2018-0421,4,643,3,0.0,0.6211633974670134
test,2018-0421,4,643,4,0.0,0.5301368877874609
test,2018-0421,4,643,5,0.0,0.23346629038829667
test,2018-0421,4,643,6,1.0,0.9237434209676462
test,2018-0421,4,643,7,0.0,0.2732389336404435
test,2018-0421,5,644,0,0.0,0.6953566399736214
test,2018-0421,5,644,1,1.0,0.5072706112092066
test,2018-0421,5,644,2,1.0,0.5208646662681959
test,2018-0421,5,644,3,1.0,0.9069519363602007
test,2018-0421,6,645,0,0.0,0.029552368753319347
test,2018-0421,6,645,1,1.0,0.3770542466329792
test,2018-0421,7,646,0,0.0,0.030516075368793506
test,2018-5014,2,660,0,1.0,0.4999998774266918
test,2018-5014,2,660,1,0.0,0.5000006105415327
test,2018-5014,2,660,2,0.0,0.500000094021071
test,2018-5014,2,660,3,0.0,0.4999999741980776
test,2018-5014,2,660,4,0.0,0.5
test,2018-5014,2,660,5,1.0,0.5000001163354808
test,2018-5014,2,660,6,0.0,0.500000673345113
test,2018-5014,2,660,7,0.0,0.5000006206354716
test,2018-5014,2,660,8,0.0,0.49999990597892896
test,2018-5014,2,660,9,1.0,0.5000000374553181
test,2018-5014,2,660,10,1.0,0.4999994881012014
test,2018-5014,2,660,11,1.0,0.499999521104979
test,2018-5014,2,660,12,1.0,0.5000001703210415
test,2018-5014,2,660,13,0.0,0.5000000364345827
test,2018-5014,2,660,14,0.0,0.5
test,2018-5014,2,660,15,0.0,0.4999994949911653
test,2018-5014,2,660,16,0.0,0.49999993739489607
test,2018-5014,2,660,17,0.0,0.4999998836645192
test,2018-5014,2,660,18,0.0,0.5000002235126969
test,2018-5014,2,660,19,1.0,0.5000003588735513
test,2018-5014,2,660,20,1.0,0.5000000578983796
test,2018-5014,2,660,21,1.0,0.5
test,2018-5014,2,660,22,1.0,0.49999993739489607
test,2018-5014,2,660,23,0.0,0.500000062605104
test,2018-5014,3,661,0,0.0,0.5000001536206764
test,2018-5014,3,661,1,0.0,0.4999999337656146
test,2018-5014,3,661,2,0.0,0.49999982083258515
test,2018-5014,3,661,3,1.0,0.4999999337656146
test,2018-5014,3,661,4,1.0,0.49999943539155983
test,2018-5014,3,661,5,1.0,0.5000000227113625
test,2018-5014,3,661,6,1.0,0.5
test,2018-5014,3,661,7,1.0,0.5000000374269643
test,2018-5014,3,661,8,0.0,0.5000000244976494
test,2018-5014,3,661,9,0.0,0.49999996679774605
test,2018-5014,3,661,10,0.0,0.5000001568813588
test,2018-5014,3,661,11,1.0,0.5000001536206764
test,2018-5014,3,661,12,1.0,0.5000002334081594
test,2018-5014,3,661,13,0.0,0.5000000565373992
test,2018-5014,3,661,14,0.0,0.5000000374269643
test,2018-5014,3,661,15,1.0,0.5
test,2018-5014,4,662,0,0.0,0.4999998889099649
test,2018-5014,4,662,1,1.0,0.5000000375970869
test,2018-5014,4,662,2,1.0,0.5000001793375375
test,2018-5014,4,662,3,1.0,0.49999985071744907
test,2018-5014,4,662,4,0.0,0.500000116307127
test,2018-5014,4,662,5,1.0,0.49999975468326097
test,2018-5014,4,662,6,1.0,0.5000000260571063
test,2018-5014,4,662,7,0.0,0.5
test,2018-5014,5,663,0,1.0,0.49999982925365205
test,2018-5014,5,663,1,1.0,0.5000001165906647
test,2018-5014,5,663,2,1.0,0.5
test,2018-5014,5,663,3,0.0,0.4999999084457062
test,2018-5014,6,664,0,1.0,0.4999998833526278
test,2018-5014,6,664,1,0.0,0.499999962658097
test,2018-5014,7,665,0,0.0,0.5
test,2018-520,1,627,0,0.0,0.37267092346484265
test,2018-520,1,627,1,1.0,0.4903001334475705
test,2018-520,1,627,2,0.0,0.42487132551707835
test,2018-520,1,627,3,0.0,0.7298843507806504
test,2018-520,1,627,4,0.0,0.48339289210020203
test,2018-520,1,627,5,1.0,0.5087839949589203
test,2018-520,1,627,6,0.0,0.2790276552094298
test,2018-520,1,627,7,1.0,0.6113833426188214
test,2018-520,1,627,8,1.0,0.47382699888474933
test,2018-520,1,627,9,1.0,0.4800586794825995
test,2018-520,1,627,10,1.0,0.6451570376683773
test,2018-520,1,627,11,1.0,0.4797141748838877
test,2018-520,1,627,12,0.0,0.5317659540137906
test,2018-520,1,627,13,1.0,0.8077110855050721
test,2018-520,1,627,14,0.0,0.33902055573433665
test,2018-520,1,627,15,0.0,0.5199041794444723
test,2018-520,1,627,16,1.0,0.5550958203400623
test,2018-520,1,627,17,1.0,0.3343751236323286
test,2018-520,1,627,18,1.0,0.4396399677784897
test,2018-520,1,627,19,0.0,0.5171961812873249
test,2018-520,1,627,20,0.0,0.5114472633689384
test,2018-520,1,627,21,1.0,0.5954428004603374
test,2018-520,1,627,22,0.0,0.5993961797373072
test,2018-520,1,627,23,0.0,0.490193819637758
test,2018-520,1,627,24,1.0,0.4831051774784235
test,2018-520,1,627,25,1.0,0.5981503082041512
test,2018-520,1,627,26,1.0,0.4292735486055
test,2018-520,1,627,27,0.0,0.5232085573536097
test,2018-520,1,627,28,0.0,0.019736502062129985
test,2018-520,1,627,29,1.0,0.7989828193086381
test,2018-520,1,627,30,1.0,0.4823577450687402
test,2018-520,1,627,31,1.0,0.5203445097339133
test,2018-520,1,627,32,0.0,0.4747199575376245
test,2018-520,1,627,33,1.0,0.621116007315348
test,2018-520,1,627,34,1.0,0.5010389114920983
test,2018-520,1,627,35,0.0,0.4595213361290261
test,2018-520,1,627,36,0.0,0.33110439344372994
test,2018-520,1,627,37,0.0,0.44099111415142384
test,2018-520,1,627,38,0.0,0.5107653614248674
test,2018-520,1,627,39,0.0,0.4342582183753433
test,2018-520,1,627,40,1.0,0.5974269594538832
test,2018-520,1,627,41,1.0,0.6325031783323959
test,2018-520,1,627,42,1.0,0.6411993116889404
test,2018-520,1,627,43,0.0,0.1834800718385717
test,2018-520,1,627,44,1.0,0.46504449892888544
test,2018-520,1,627,45,0.0,0.49899696561948187
test,2018-520,1,627,46,0.0,0.45718564788502275
test,2018-520,1,627,47,1.0,0.7954156651174246
test,2018-520,1,627,48,0.0,0.2762956714579916
test,2018-520,1,627,49,0.0,0.7564356559062915
test,2018-520,1,627,50,1.0,0.4976210321661952
test,2018-520,1,627,51,1.0,0.5416283395853083
test,2018-520,1,627,52,1.0,0.39938562118227544
test,2018-520,1,627,53,1.0,0.6905811013668487
test,2018-520,1,627,54,1.0,0.4384764512188615
test,2018-520,1,627,55,1.0,0.5104797389375093
test,2018-520,1,627,56,1.0,0.4896771513921486
test,2018-520,1,627,57,0.0,0.4067066725672445
test,2018-520,1,627,58,0.0,0.4041151393254968
test,2018-520,1,627,59,1.0,0.4751888733492724
test,2018-520,1,627,60,0.0,0.7788940661221204
test,2018-520,1,627,61,1.0,0.9783718243591839
test,2018-520,1,627,62,1.0,0.7160757557725322
test,2018-520,1,627,63,1.0,0.6258815609078604
test,2018-520,2,628,0,1.0,0.7261490009421576
test,2018-520,2,628,1,0.0,0.41520070665190595
test,2018-520,2,628,2,1.0,0.6124296530691232
test,2018-520,2,628,3,0.0,0.023235670415990874
test,2018-520,2,628,4,1.0,0.679100208569151
test,2018-520,2,628,5,0.0,0.5305616939038463
test,2018-520,2,628,6,0.0,0.5845370739518747
test,2018-520,2,628,7,1.0,0.7128915148802517
test,2018-520,2,628,8,1.0,0.5131748159143071
test,2018-520,2,628,9,0.0,0.4055333687040646
test,2018-520,2,628,10,1.0,0.5072697163269206
test,2018-520,2,628,11,1.0,0.7647454912852685
test,2018-520,2,628,12,1.0,0.6068551249957578
test,2018-520,2,628,13,1.0,0.5949738443380889
test,2018-520,2,628,14,1.0,0.6529103241921999
test,2018-520,2,628,15,1.0,0.6050705470751742
test,2018-520,2,628,16,0.0,0.6211647229368595
test,2018-520,2,628,17,0.0,0.3115891391683316
test,2018-520,2,628,18,0.0,0.3991016021426095
test,2018-520,2,628,19,1.0,0.6792711084649935
test,2018-520,2,628,20,0.0,0.46682714755307975
test,2018-520,2,628,21,0.0,0.19151734469085127
test,2018-520,2,628,22,1.0,0.5916452559423174
test,2018-520,2,628,23,0.0,0.47697483297758125
test,2018-520,2,628,24,1.0,0.6160873149394599
test,2018-520,2,628,25,0.0,0.4442983678662881
test,2018-520,2,628,26,0.0,0.5036610293362187
test,2018-520,2,628,27,1.0,0.399555479993324
test,2018-520,2,628,28,0.0,0.30731425659005784
test,2018-520,2,628,29,1.0,0.7696716178236364
test,2018-520,2,628,30,0.0,0.30045663838627595
test,2018-520,2,628,31,0.0,0.020451732058803993
test,2018-520,3,629,0,1.0,0.7104753015153356
test,2018-520,3,629,1,0.0,0.48211407096964587
test,2018-520,3,629,2,1.0,0.7629500594307499
test,2018-520,3,629,3,0.0,0.5258202765054358
test,2018-520,3,629,4,1.0,0.791622427995083
test,2018-520,3,629,5,0.0,0.5013039826497016
test,2018-520,3,629,6,0.0,0.039982611245463755
test,2018-520,3,629,7,0.0,0.6135612304883418
test,2018-520,3,629,8,1.0,0.501835978629178
test,2018-520,3,629,9,1.0,0.648036839070403
test,2018-520,3,629,10,0.0,0.29806050506375775
test,2018-520,3,629,11,0.0,0.4237176660085271
test,2018-520,3,629,12,1.0,0.7590709838265803
test,2018-520,3,629,13,0.0,0.3727012927604038
test,2018-520,3,629,14,0.0,0.5229342101521781
test,2018-520,3,629,15,1.0,0.9543260002291113
test,2018-520,4,630,0,0.0,0.25170530216991355
test,2018-520,4,630,1,1.0,0.4523532191703741
test,2018-520,4,630,2,0.0,0.0572134704642066
test,2018-520,4,630,3,1.0,0.3153405255264455
test,2018-520,4,630,4,0.0,0.476103838448344
test,2018-520,4,630,5,0.0,0.3384343119507862
test,2018-520,4,630,6,0.0,0.5930785099706393
test,2018-520,4,630,7,0.0,0.01970600329437367
test,2018-520,5,631,0,0.0,0.49519558131759495
test,2018-520,5,631,1,0.0,0.975793037011567
test,2018-520,5,631,2,1.0,0.40752351158236827
test,2018-520,5,631,3,1.0,0.9721668687143543
test,2018-520,6,632,0,1.0,0.7591304915907092
test,2018-520,6,632,1,0.0,0.0555757176490859
test,2018-520,7,633,0,1.0,0.9276254132417779
test,2018-540,1,634,0,0.0,0.429037153342665
test,2018-540,1,634,1,0.0,0.48248293642380685
test,2018-540,1,634,2,1.0,0.5482529134869236
test,2018-540,1,634,3,1.0,0.3789349246434147
test,2018-540,1,634,4,1.0,0.5337701816752767
test,2018-540,1,634,5,1.0,0.4382656124992464
test,2018-540,1,634,6,0.0,0.2839315876048411
test,2018-540,1,634,7,0.0,0.2771138679747188
test,2018-540,1,634,8,0.0,0.47246742417063325
test,2018-540,1,634,9,1.0,0.49775816503703463
test,2018-540,1,634,10,1.0,0.5731723771555052
test,2018-540,1,634,11,0.0,0.5430795181235556
test,2018-540,1,634,12,0.0,0.49814097733643137
test,2018-540,1,634,13,1.0,0.5287581529497771
test,2018-540,1,634,14,0.0,0.1557229687567862
test,2018-540,1,634,15,1.0,0.6832605543725159
test,2018-540,1,634,16,0.0,0.39874245723745283
test,2018-540,1,634,17,1.0,0.605225143618046
test,2018-540,1,634,18,0.0,0.3504056993412304
test,2018-540,1,634,19,0.0,0.020523991461066593
test,2018-540,1,634,20,0.0,0.4791442353550495
test,2018-540,1,634,21,0.0,0.51095610807028
test,2018-540,1,634,22,0.0,0.37652044153152286
test,2018-540,1,634,23,1.0,0.36135673850075056
test,2018-540,1,634,24,0.0,0.41315795949341727
test,2018-540,1,634,25,1.0,0.532086392499679
test,2018-540,1,634,26,0.0,0.41104140537900613
test,2018-540,1,634,27,0.0,0.5490146425999672
test,2018-540,1,634,28,0.0,0.4876857104544536
test,2018-540,1,634,29,0.0,0.47424345607495955
test,2018-540,1,634,30,0.0,0.07478335984254599
test,2018-540,1,634,31,0.0,0.471758118875056
test,2018-540,1,634,32,1.0,0.5015885266967904
test,2018-540,1,634,33,0.0,0.5427372359275522
test,2018-540,1,634,34,1.0,0.2330359044311154
test,2018-540,1,634,35,0.0,0.39358337392517745
test,2018-540,1,634,36,0.0,0.5488335535901535
test,2018-540,1,634,37,0.0,0.5792373608452814
test,2018-540,1,634,38,0.0,0.32585701269435835
test,2018-540,1,634,39,1.0,0.43514350645195354
test,2018-540,1,634,40,0.0,0.5358041044577707
test,2018-540,1,634,41,1.0,0.3259235140247292
test,2018-540,1,634,42,0.0,0.5911654048090133
test,2018-540,1,634,43,1.0,0.6332013876988231
test,2018-540,1,634,44,0.0,0.5923275608740208
test,2018-540,1,634,45,0.0,0.5354756045309345
test,2018-540,1,634,46,0.0,0.3643368028982437
test,2018-540,1,634,47,1.0,0.666202869574933
test,2018-540,1,634,48,1.0,0.7473258072933401
test,2018-540,1,634,49,0.0,0.403117433917836
test,2018-540,1,634,50,0.0,0.5048469961671617
test,2018-540,1,634,51,0.0,0.7031094777385059
test,2018-540,1,634,52,1.0,0.7918011496308736
test,2018-540,1,634,53,0.0,0.40326505073799207
test,2018-540,1,634,54,1.0,0.30703344515868514
test,2018-540,1,634,55,0.0,0.36944057965803256
test,2018-540,1,634,56,0.0,0.46039955751586614
test,2018-540,1,634,57,0.0,0.5468353385389048
test,2018-540,1,634,58,0.0,0.35322223356126203
test,2018-540,1,634,59,0.0,0.4200915098925419
test,2018-540,1,634,60,1.0,0.8138017597167762
test,2018-540,1,634,61,1.0,0.530918933224699
test,2018-540,1,634,62,1.0,0.580559570188965
test,2018-540,1,634,63,1.0,0.9753381630171234
test,2018-540,2,635,0,0.0,0.0259964481954723
test,2018-540,2,635,1,1.0,0.6262331254264066
test,2018-540,2,635,2,0.0,0.241812104881227
test,2018-540,2,635,3,1.0,0.5272339315384056
test,2018-540,2,635,4,0.0,0.20770244431263432
test,2018-540,2,635,5,1.0,0.5172106141648916
test,2018-540,2,635,6,0.0,0.3639458667523675
test,2018-540,2,635,7,0.0,0.4742519351142346
test,2018-540,2,635,8,1.0,0.4443064288356146
test,2018-540,2,635,9,1.0,0.6511303377268681
test,2018-540,2,635,10,1.0,0.6289307694100804
test,2018-540,2,635,11,1.0,0.5670986172286073
test,2018-540,2,635,12,0.0,0.55959068490246
test,2018-540,2,635,13,0.0,0.39532706450922434
test,2018-540,2,635,14,0.0,0.8031317173627356
test,2018-540,2,635,15,0.0,0.5047907697581754
test,2018-540,2,635,16,1.0,0.4707695056254118
test,2018-540,2,635,17,1.0,0.7073827729608847
test,2018-540,2,635,18,0.0,0.3044807899694704
test,2018-540,2,635,19,0.0,0.5939515770877168
test,2018-540,2,635,20,1.0,0.4919754197415756
test,2018-540,2,635,21,1.0,0.16639942206729633
test,2018-540,2,635,22,1.0,0.5886921631238238
test,2018-540,2,635,23,0.0,0.4461249952792633
test,2018-540,2,635,24,1.0,0.6787571378665747
test,2018-540,2,635,25,0.0,0.5248463488614528
test,2018-540,2,635,26,0.0,0.5477246940291896
test,2018-540,2,635,27,1.0,0.5563858899884275
test,2018-540,2,635,28,0.0,0.4717447442492799
test,2018-540,2,635,29,1.0,0.9764109258308277
test,2018-540,2,635,30,0.0,0.5610495935778731
test,2018-540,2,635,31,1.0,0.9298401811241785
test,2018-540,3,636,0,0.0,0.39374534113966403
test,2018-540,3,636,1,1.0,0.5460133590610741
test,2018-540,3,636,2,0.0,0.019701310446060164
test,2018-540,3,636,3,0.0,0.6255137584248026
test,2018-540,3,636,4,0.0,0.3553341270775843
test,2018-540,3,636,5,0.0,0.733798771070373
test,2018-540,3,636,6,0.0,0.35017589249344794
test,2018-540,3,636,7,1.0,0.9620304373494063
test,2018-540,3,636,8,1.0,0.5537702433410712
test,2018-540,3,636,9,1.0,0.530378609516082
test,2018-540,3,636,10,1.0,0.711536483335093
test,2018-540,3,636,11,1.0,0.7190912167427939
test,2018-540,3,636,12,1.0,0.45594807318400726
test,2018-540,3,636,13,1.0,0.5246000434595959
test,2018-540,3,636,14,1.0,0.5593202731228033
test,2018-540,3,636,15,1.0,0.9241240367334714
test,2018-540,4,637,0,0.0,0.0254182502275076
test,2018-540,4,637,1,0.0,0.3576869444041879
test,2018-540,4,637,2,0.0,0.24852176829461017
test,2018-540,4,637,3,0.0,0.03450955504238595
test,2018-540,4,637,4,1.0,0.6755628006209679
test,2018-540,4,637,5,1.0,0.7155454514658783
test,2018-540,4,637,6,1.0,0.4900860501312761
test,2018-540,4,637,7,1.0,0.9092712977011363
test,2018-540,5,638,0,1.0,0.9369012414673348
test,2018-540,5,638,1,0.0,0.09352008319769704
test,2018-540,5,638,2,1.0,0.49845682424523474
test,2018-540,5,638,3,1.0,0.13788312764279745
test,2018-540,6,639,0,1.0,0.4701791240743425
test,2018-540,6,639,1,0.0,0.500884826328803
test,2018-540,7,640,0,1.0,0.9505915763941718
test,2018-560,1,653,0,0.0,0.5135480648249683
test,2018-560,1,653,1,1.0,0.6403273726535883
test,2018-560,1,653,2,1.0,0.7118755231223453
test,2018-560,1,653,3,1.0,0.49415493115793685
test,2018-560,1,653,4,0.0,0.4769375832930355
test,2018-560,1,653,5,0.0,0.29951952171619206
test,2018-560,1,653,6,0.0,0.4548233094989542
test,2018-560,1,653,7,0.0,0.4684253984492583
test,2018-560,1,653,8,1.0,0.579147546211133
test,2018-560,1,653,9,0.0,0.47373032919121905
test,2018-560,1,653,10,0.0,0.09828732345681554
test,2018-560,1,653,11,0.0,0.488787124949791
test,2018-560,1,653,12,1.0,0.7350202524018598
test,2018-560,1,653,13,0.0,0.29140549113837344
test,2018-560,1,653,14,1.0,0.6052809511025684
test,2018-560,1,653,15,1.0,0.6388428980784007
test,2018-560,1,653,16,0.0,0.5623636898450411
test,2018-560,1,653,17,1.0,0.35614501002297816
test,2018-560,1,653,18,1.0,0.4342305065756578
test,2018-560,1,653,19,1.0,0.50926916512015
test,2018-560,1,653,20,0.0,0.2199271203584492
test,2018-560,1,653,21,1.0,0.39514732791823637
test,2018-560,1,653,22,1.0,0.5408999152756954
test,2018-560,1,653,23,1.0,0.5012955632274314
test,2018-560,1,653,24,0.0,0.4110376871507827
test,2018-560,1,653,25,0.0,0.4554611805703799
test,2018-560,1,653,26,0.0,0.5938224765571807
test,2018-560,1,653,27,1.0,0.5074805788656463
test,2018-560,1,653,28,0.0,0.05636735451116447
test,2018-560,1,653,29,1.0,0.9326092173546205
test,2018-560,1,653,30,1.0,0.626182698419814
test,2018-560,1,653,31,0.0,0.49913697639912585
test,2018-560,1,653,32,1.0,0.49790488028632646
test,2018-560,1,653,33,0.0,0.16899167901689544
test,2018-560,1,653,34,0.0,0.4705111056593916
test,2018-560,1,653,35,1.0,0.6831305980415106
test,2018-560,1,653,36,0.0,0.4111122715493333
test,2018-560,1,653,37,1.0,0.5420360245907248
test,2018-560,1,653,38,0.0,0.47028614653479417
test,2018-560,1,653,39,1.0,0.6584587357845331
test,2018-560,1,653,40,1.0,0.6261490018649253
test,2018-560,1,653,41,0.0,0.5245929509026257
test,2018-560,1,653,42,1.0,0.48978900856356655
test,2018-560,1,653,43,1.0,0.6083026205870412
test,2018-560,1,653,44,0.0,0.32096767378842495
test,2018-560,1,653,45,1.0,0.40039092283442773
test,2018-560,1,653,46,1.0,0.4722883899562298
test,2018-560,1,653,47,0.0,0.017420060805848625
test,2018-560,1,653,48,0.0,0.2289675771744368
test,2018-560,1,653,49,0.0,0.38675136965184953
test,2018-560,1,653,50,1.0,0.6464499315696287
test,2018-560,1,653,51,1.0,0.5645066832754997
test,2018-560,1,653,52,1.0,0.5010625191827978
test,2018-560,1,653,53,1.0,0.47558261928615453
test,2018-560,1,653,54,1.0,0.5305002297798304
test,2018-560,1,653,55,0.0,0.46344173402489564
test,2018-560,1,653,56,0.0,0.3937887424256697
test,2018-560,1,653,57,1.0,0.4968234429766627
test,2018-560,1,653,58,1.0,0.5727448220595038
test,2018-560,1,653,59,1.0,0.5019646836764745
test,2018-560,1,653,60,1.0,0.6889421501223355
test,2018-560,1,653,61,1.0,0.7858320707236695
test,2018-560,1,653,62,1.0,0.4888484998632409
test,2018-560,1,653,63,1.0,0.7215731468766399
test,2018-560,2,654,0,1.0,0.619525012077756
test,2018-560,2,654,1,1.0,0.5972436498904432
test,2018-560,2,654,2,1.0,0.6417314428810124
test,2018-560,2,654,3,1.0,0.6127256659370217
test,2018-560,2,654,4,1.0,0.7212076353808693
test,2018-560,2,654,5,1.0,0.3648056621338637
test,2018-560,2,654,6,1.0,0.7110226827984731
test,2018-560,2,654,7,1.0,0.5370667803332008
test,2018-560,2,654,8,1.0,0.4113617241976837
test,2018-560,2,654,9,1.0,0.4522328853476288
test,2018-560,2,654,10,0.0,0.5632208154550725
test,2018-560,2,654,11,0.0,0.018593454410578615
test,2018-560,2,654,12,0.0,0.5618902415674284
test,2018-560,2,654,13,1.0,0.53589088585974
test,2018-560,2,654,14,1.0,0.8150418627860373
test,2018-560,2,654,15,1.0,0.5923015565797309
test,2018-560,2,654,16,1.0,0.5423738886909133
test,2018-560,2,654,17,0.0,0.317115844422862
test,2018-560,2,654,18,0.0,0.590103986755415
test,2018-560,2,654,19,1.0,0.651656928294107
test,2018-560,2,654,20,0.0,0.7842560555045217
test,2018-560,2,654,21,1.0,0.7475044303647238
test,2018-560,2,654,22,0.0,0.3963480431517277
test,2018-560,2,654,23,1.0,0.6635387660219475
test,2018-560,2,654,24,0.0,0.5011664310033767
test,2018-560,2,654,25,0.0,0.26319578767829255
test,2018-560,2,654,26,0.0,0.4823080225578593
test,2018-560,2,654,27,1.0,0.4477904773090897
test,2018-560,2,654,28,0.0,0.1610806512499435
test,2018-560,2,654,29,0.0,0.11361432111531002
test,2018-560,2,654,30,1.0,0.6247221214893347
test,2018-560,2,654,31,1.0,0.9790649578429415
test,2018-560,3,655,0,1.0,0.7230178959931193
test,2018-560,3,655,1,0.0,0.5029581537315861
test,2018-560,3,655,2,1.0,0.8645733161128378
test,2018-560,3,655,3,0.0,0.5095966428742271
test,2018-560,3,655,4,1.0,0.43902813222999243
test,2018-560,3,655,5,0.0,0.041162156698091985
test,2018-560,3,655,6,0.0,0.6494224783530288
test,2018-560,3,655,7,1.0,0.6859196258635909
test,2018-560,3,655,8,0.0,0.1650766867086172
test,2018-560,3,655,9,0.0,0.6241781324941559
test,2018-560,3,655,10,0.0,0.3242378195752138
test,2018-560,3,655,11,0.0,0.39863179150835387
test,2018-560,3,655,12,1.0,0.535649217649219
test,2018-560,3,655,13,1.0,0.6183570218480401
test,2018-560,3,655,14,1.0,0.781964854452014
test,2018-560,3,655,15,1.0,0.9674944150603332
test,2018-560,4,656,0,0.0,0.9247227736736189
test,2018-560,4,656,1,0.0,0.02084712350225765
test,2018-560,4,656,2,0.0,0.32098164604097473
test,2018-560,4,656,3,0.0,0.33804890364626705
test,2018-560,4,656,4,0.0,0.5259768127441813
test,2018-560,4,656,5,1.0,0.6382517818219364
test,2018-560,4,656,6,1.0,0.5600523822542393
test,2018-560,4,656,7,1.0,0.9775086225520431
test,2018-560,5,657,0,1.0,0.9777799313908022
test,2018-560,5,657,1,0.0,0.5573526820811487
test,2018-560,5,657,2,0.0,0.43368613356504293
test,2018-560,5,657,3,0.0,0.06940673801140422
test,2018-560,6,658,0,1.0,0.9285174293557863
test,2018-560,6,658,1,1.0,0.06271879682403855
test,2018-560,7,659,0,0.0,0.06543861114562728
test,2018-580,1,588,0,0.0,0.049970311441764455
test,2018-580,1,588,1,1.0,0.421700295946314
test,2018-580,1,588,2,0.0,0.5986327873052842
test,2018-580,1,588,3,1.0,0.5107633644314695
test,2018-580,1,588,4,0.0,0.4557853041281484
test,2018-580,1,588,5,1.0,0.34185283063191074
test,2018-580,1,588,6,1.0,0.7544302499441895
test,2018-580,1,588,7,1.0,0.5663429816046911
test,2018-580,1,588,8,1.0,0.564903300841252
test,2018-580,1,588,9,0.0,0.32924575501211634
test,2018-580,1,588,10,1.0,0.22234084843582916
test,2018-580,1,588,11,0.0,0.42902004821543643
test,2018-580,1,588,12,1.0,0.7250322445538866
test,2018-580,1,588,13,1.0,0.7571691919082608
test,2018-580,1,588,14,0.0,0.5031573507294563
test,2018-580,1,588,15,1.0,0.36782338961854455
test,2018-580,1,588,16,1.0,0.5036280697270794
test,2018-580,1,588,17,1.0,0.585979008409773
test,2018-580,1,588,18,1.0,0.5203805630035528
test,2018-580,1,588,19,0.0,0.3542145195235434
test,2018-580,1,588,20,1.0,0.5730727673102093
test,2018-580,1,588,21,0.0,0.6935169490742864
test,2018-580,1,588,22,1.0,0.6107493750167157
test,2018-580,1,588,23,0.0,0.5014253767841159
test,2018-580,1,588,24,1.0,0.5500893010643951
test,2018-580,1,588,25,1.0,0.5158701222551917
test,2018-580,1,588,26,1.0,0.42041153357654926
test,2018-580,1,588,27,0.0,0.44801175377358116
test,2018-580,1,588,28,1.0,0.9748921942697636
test,2018-580,1,588,29,1.0,0.5342399973960773
test,2018-580,1,588,30,1.0,0.49865189149656397
test,2018-580,1,588,31,1.0,0.5958165925967608
test,2018-580,1,588,32,1.0,0.4971851779174771
test,2018-580,1,588,33,1.0,0.4346830270401354
test,2018-580,1,588,34,1.0,0.7029398807185843
test,2018-580,1,588,35,0.0,0.7328210894322414
test,2018-580,1,588,36,1.0,0.6074162824619299
test,2018-580,1,588,37,1.0,0.5005940420863298
test,2018-580,1,588,38,0.0,0.563502467321271
test,2018-580,1,588,39,1.0,0.7110040576799496
test,2018-580,1,588,40,0.0,0.4405354053121479
test,2018-580,1,588,41,1.0,0.4705740540496515
test,2018-580,1,588,42,0.0,0.16665881682040642
test,2018-580,1,588,43,0.0,0.3758923079277834
test,2018-580,1,588,44,0.0,0.5731336008410053
test,2018-580,1,588,45,0.0,0.4037863523383854
test,2018-580,1,588,46,0.0,0.32146251707973134
test,2018-580,1,588,47,0.0,0.26436265094258415
test,2018-580,1,588,48,1.0,0.4698523651877979
test,2018-580,1,588,49,1.0,0.4798641200360634
test,2018-580,1,588,50,1.0,0.48844470656397876
test,2018-580,1,588,51,1.0,0.7103025386919053
test,2018-580,1,588,52,1.0,0.5137081323210604
test,2018-580,1,588,53,0.0,0.4406263623304446
test,2018-580,1,588,54,0.0,0.40113463064548266
test,2018-580,1,588,55,0.0,0.4285639694203617
test,2018-580,1,588,56,0.0,0.5032759339512961
test,2018-580,1,588,57,0.0,0.5361543002061703
test,2018-580,1,588,58,1.0,0.8367005554125697
test,2018-580,1,588,59,0.0,0.02078304188237711
test,2018-580,1,588,60,0.0,0.302574185752685
test,2018-580,1,588,61,1.0,0.5057869605689117
test,2018-580,1,588,62,0.0,0.4423966612782889
test,2018-580,1,588,63,1.0,0.3871266584836172
test,2018-580,2,589,0,0.0,0.399301825559435
test,2018-580,2,589,1,0.0,0.7136007330980448
test,2018-580,2,589,2,1.0,0.1654465342315337
test,2018-580,2,589,3,1.0,0.9604519469560154
test,2018-580,2,589,4,1.0,0.5205051671621308
test,2018-580,2,589,5,0.0,0.6591651535355242
test,2018-580,2,589,6,0.0,0.5866389755330613
test,2018-580,2,589,7,1.0,0.6561800682494557
test,2018-580,2,589,8,0.0,0.20733762740368697
test,2018-580,2,589,9,1.0,0.4849818860254118
test,2018-580,2,589,10,0.0,0.4586606855191901
test,2018-580,2,589,11,1.0,0.730446807036173
test,2018-580,2,589,12,1.0,0.7232751830312315
test,2018-580,2,589,13,1.0,0.6049891471961051
test,2018-580,2,589,14,0.0,0.41704872756986855
test,2018-580,2,589,15,0.0,0.4991726661399619
test,2018-580,2,589,16,0.0,0.526084060513345
test,2018-580,2,589,17,1.0,0.7013687313602348
test,2018-580,2,589,18,1.0,0.6153783027433126
test,2018-580,2,589,19,1.0,0.48165292917192704
test,2018-580,2,589,20,1.0,0.7254450112274508
test,2018-580,2,589,21,0.0,0.24889671020933982
test,2018-580,2,589,22,1.0,0.4322781735697523
test,2018-580,2,589,23,1.0,0.6094706981333172
test,2018-580,2,589,24,0.0,0.5809006585842054
test,2018-580,2,589,25,0.0,0.2951961119244569
test,2018-580,2,589,26,1.0,0.5648093568144893
test,2018-580,2,589,27,1.0,0.5192603124901285
test,2018-580,2,589,28,0.0,0.4251039839319121
test,2018-580,2,589,29,0.0,0.053437573313392016
test,2018-580,2,589,30,0.0,0.029030021824267557
test,2018-580,2,589,31,0.0,0.3317595344688083
test,2018-580,3,590,0,0.0,0.4395213602313613
test,2018-580,3,590,1,1.0,0.44547561344807657
test,2018-580,3,590,2,0.0,0.10687175867228238
test,2018-580,3,590,3,0.0,0.5003671777914493
test,2018-580,3,590,4,0.0,0.342238385843577
test,2018-580,3,590,5,1.0,0.31108726856443425
test,2018-580,3,590,6,1.0,0.9737492818034604
test,2018-580,3,590,7,1.0,0.5156910070932444
test,2018-580,3,590,8,0.0,0.3526580846254511
test,2018-580,3,590,9,0.0,0.5123324430646391
test,2018-580,3,590,10,0.0,0.4737578483386233
test,2018-580,3,590,11,0.0,0.596208698879939
test,2018-580,3,590,12,0.0,0.32209360432984363
test,2018-580,3,590,13,0.0,0.2422628322099376
test,2018-580,3,590,14,0.0,0.5508434773148586
test,2018-580,3,590,15,1.0,0.9717921116416405
test,2018-580,4,591,0,1.0,0.951971134039187
test,2018-580,4,591,1,1.0,0.7200560578362696
test,2018-580,4,591,2,1.0,0.02264307310634963
test,2018-580,4,591,3,1.0,0.2839999266505356
test,2018-580,4,591,4,1.0,0.4394468589825997
test,2018-580,4,591,5,1.0,0.5452564180544154
test,2018-580,4,591,6,1.0,0.7159581771280424
test,2018-580,4,591,7,0.0,0.031649851267588326
test,2018-580,5,592,0,1.0,0.7926030631183256
test,2018-580,5,592,1,1.0,0.5799312938319162
test,2018-580,5,592,2,1.0,0.30406960168281394
test,2018-580,5,592,3,1.0,0.08162913720401409
test,2018-580,6,593,0,0.0,0.06956190358006997
test,2018-580,6,593,1,1.0,0.7740903768780483
test,2018-580,7,594,0,0.0,0.16463035950550248
test,2018-M006,1,595,0,1.0,0.5000008094431652
test,2018-M006,1,595,1,0.0,0.4999998834660429
test,2018-M006,1,595,2,0.0,0.500000824640781
test,2018-M006,1,595,3,0.0,0.5000001538475064
test,2018-M006,1,595,4,1.0,0.4999992367734651
test,2018-M006,1,595,5,1.0,0.4999999625163282
test,2018-M006,1,595,6,1.0,0.5000006909811523
test,2018-M006,1,595,7,1.0,0.4999999265921131
test,2018-M006,1,595,8,1.0,0.4999995034972935
test,2018-M006,1,595,9,0.0,0.5000005833219223
test,2018-M006,1,595,10,0.0,0.5000001702926877
test,2018-M006,1,595,11,1.0,0.5000000256317998
test,2018-M006,1,595,12,0.0,0.5000001225733083
test,2018-M006,1,595,13,0.0,0.4999999625163282
test,2018-M006,1,595,14,0.0,0.49999980124013627
test,2018-M006,1,595,15,1.0,0.49999942577963497
test,2018-M006,1,595,16,0.0,0.4999999403436871
test,2018-M006,1,595,17,0.0,0.49999993730983483
test,2018-M006,1,595,18,0.0,0.5000001702926877
test,2018-M006,1,595,19,0.0,0.5000000596563129
test,2018-M006,1,595,20,1.0,0.5
test,2018-M006,1,595,21,1.0,0.4999994354766212
test,2018-M006,1,595,22,0.0,0.4999999541803224
test,2018-M006,1,595,23,0.0,0.500000157817033
test,2018-M006,1,595,24,0.0,0.4999992462719749
test,2018-M006,1,595,25,0.0,0.5000000256317998
test,2018-M006,1,595,26,1.0,0.5000003881629862
test,2018-M006,1,595,27,0.0,0.4999997698808769
test,2018-M006,1,595,28,1.0,0.4999998617754158
test,2018-M006,1,595,29,0.0,0.5000000941344861
test,2018-M006,1,595,30,1.0,0.5000006913497511
test,2018-M006,1,595,31,1.0,0.5000000374836718
test,2018-M006,2,596,0,1.0,0.5000006379596195
test,2018-M006,2,596,1,0.0,0.5000000374553181
test,2018-M006,2,596,2,0.0,0.5000006914915199
test,2018-M006,2,596,3,1.0,0.5000001290946732
test,2018-M006,2,596,4,0.0,0.5000006105415327
test,2018-M006,2,596,5,1.0,0.500000062605104
test,2018-M006,2,596,6,0.0,0.500000685196985
test,2018-M006,2,596,7,0.0,0.5000000969415084
test,2018-M006,2,596,8,0.0,0.4999994256945736
test,2018-M006,2,596,9,1.0,0.500000094021071
test,2018-M006,2,596,10,1.0,0.4999993894584672
test,2018-M006,2,596,11,1.0,0.49999993739489607
test,2018-M006,2,596,12,0.0,0.4999999776288827
test,2018-M006,2,596,13,1.0,0.4999994835929533
test,2018-M006,2,596,14,0.0,0.49999995840503286
test,2018-M006,2,596,15,1.0,0.5000002082300198
test,2018-M006,2,596,16,0.0,0.49999995840503286
test,2018-M006,2,596,17,1.0,0.5000006480252046
test,2018-M006,2,596,18,0.0,0.49999976514579875
test,2018-M006,2,596,19,0.0,0.5000005117003223
test,2018-M006,2,596,20,1.0,0.5
test,2018-M006,2,596,21,1.0,0.5000001796777827
test,2018-M006,2,596,22,1.0,0.49999982967895845
test,2018-M006,2,596,23,0.0,0.49999996518158163
test,2018-M006,2,596,24,1.0,0.49999984629426236
test,2018-M006,2,596,25,0.0,0.5000001703210415
test,2018-M006,2,596,26,1.0,0.49999943556168247
test,2018-M006,2,596,27,1.0,0.5000000364345827
test,2018-M006,2,596,28,0.0,0.49999982060575493
test,2018-M006,2,596,29,0.0,0.5000006541212632
test,2018-M006,2,596,30,1.0,0.4999998375896578
test,2018-M006,2,596,31,0.0,0.4999998836645192
test,2018-M006,3,597,0,1.0,0.4999997545414922
test,2018-M006,3,597,1,0.0,0.4999998683251346
test,2018-M006,3,597,2,1.0,0.4999999635937711
test,2018-M006,3,597,3,1.0,0.5000002866281685
test,2018-M006,3,597,4,0.0,0.5000000599114968
test,2018-M006,3,597,5,0.0,0.49999989256760013
test,2018-M006,3,597,6,1.0,0.5000001536206764
test,2018-M006,3,597,7,0.0,0.4999997003007477
test,2018-M006,3,597,8,1.0,0.5
test,2018-M006,3,597,9,0.0,0.5000005360845566
test,2018-M006,3,597,10,0.0,0.5000000941911936
test,2018-M006,3,597,11,1.0,0.4999999350698876
test,2018-M006,3,597,12,1.0,0.4999994835645996
test,2018-M006,3,597,13,0.0,0.49999993739489607
test,2018-M006,3,597,14,0.0,0.5000001164205421
test,2018-M006,3,597,15,0.0,0.49999942572292744
test,2018-M006,4,598,0,0.0,0.5000000375970869
test,2018-M006,4,598,1,1.0,0.5000001018750628
test,2018-M006,4,598,2,0.0,0.5000000941061323
test,2018-M006,4,598,3,0.0,0.4999998293103597
test,2018-M006,4,598,4,1.0,0.49999950599242454
test,2018-M006,4,598,5,1.0,0.500000156994774
test,2018-M006,4,598,6,0.0,0.4999998836928729
test,2018-M006,4,598,7,1.0,0.49999987107544935
test,2018-M006,5,599,0,1.0,0.4999999627148045
test,2018-M006,5,599,1,1.0,0.49999982925365205
test,2018-M006,5,599,2,0.0,0.5000000223994711
test,2018-M006,5,599,3,0.0,0.49999975451313844
test,2018-M006,6,600,0,1.0,0.5000000223711173
test,2018-M006,6,600,1,0.0,0.500000037341903
test,2018-M006,7,601,0,0.0,0.49999984618084725
test,2018-M007,1,602,0,0.0,0.5025154609289103
test,2018-M007,1,602,1,0.0,0.5024475866462055
test,2018-M007,1,602,2,0.0,0.4948335452476982
test,2018-M007,1,602,3,1.0,0.49819895172139417
test,2018-M007,1,602,4,0.0,0.45509090991724954
test,2018-M007,1,602,5,0.0,0.4848800683695522
test,2018-M007,1,602,6,0.0,0.47190302832335657
test,2018-M007,1,602,7,0.0,0.4889833829294528
test,2018-M007,1,602,8,0.0,0.5328786311008736
test,2018-M007,1,602,9,0.0,0.49973178822025616
test,2018-M007,1,602,10,1.0,0.605703500415799
test,2018-M007,1,602,11,1.0,0.5088136823575014
test,2018-M007,1,602,12,0.0,0.5254343825235523
test,2018-M007,1,602,13,1.0,0.36032458394493194
test,2018-M007,1,602,14,0.0,0.5000001492541972
test,2018-M007,1,602,15,0.0,0.4651853266119109
test,2018-M007,1,602,16,1.0,0.5630520590457697
test,2018-M007,1,602,17,0.0,0.5750214347965729
test,2018-M007,1,602,18,0.0,0.4837553614685008
test,2018-M007,1,602,19,0.0,0.497987207103733
test,2018-M007,1,602,20,1.0,0.4724432523371048
test,2018-M007,1,602,21,0.0,0.506621230012619
test,2018-M007,1,602,22,0.0,0.4695498128752384
test,2018-M007,1,602,23,0.0,0.513912085579068
test,2018-M007,1,602,24,1.0,0.5170668133587644
test,2018-M007,1,602,25,0.0,0.47172002644135996
test,2018-M007,1,602,26,0.0,0.4705338020536909
test,2018-M007,1,602,27,0.0,0.43876850256392136
test,2018-M007,1,602,28,1.0,0.5125133489859531
test,2018-M007,1,602,29,1.0,0.5014184333444792
test,2018-M007,1,602,30,1.0,0.4710671560788935
test,2018-M007,1,602,31,1.0,0.5135126571908437
test,2018-M007,2,603,0,1.0,0.044484773847798066
test,2018-M007,2,603,1,0.0,0.32989168953183723
test,2018-M007,2,603,2,0.0,0.5501567345108722
test,2018-M007,2,603,3,0.0,0.47925496511765336
test,2018-M007,2,603,4,1.0,0.5367291100377052
test,2018-M007,2,603,5,1.0,0.45768031858025227
test,2018-M007,2,603,6,0.0,0.4477969531549867
test,2018-M007,2,603,7,0.0,0.3350248142402776
test,2018-M007,2,603,8,0.0,0.3018113691221968
test,2018-M007,2,603,9,1.0,0.7878147654890336
test,2018-M007,2,603,10,0.0,0.3345662999342485
test,2018-M007,2,603,11,1.0,0.669741934682698
test,2018-M007,2,603,12,1.0,0.6501577976164186
test,2018-M007,2,603,13,1.0,0.5227253132503659
test,2018-M007,2,603,14,0.0,0.16881202418356583
test,2018-M007,2,603,15,0.0,0.40986417908125755
test,2018-M007,2,603,16,1.0,0.652212522197645
test,2018-M007,2,603,17,1.0,0.5576783903399466
test,2018-M007,2,603,18,1.0,0.7657079935837076
test,2018-M007,2,603,19,0.0,0.9748465166138521
test,2018-M007,2,603,20,0.0,0.42102506374306586
test,2018-M007,2,603,21,1.0,0.3970381323129634
test,2018-M007,2,603,22,1.0,0.7166513106607197
test,2018-M007,2,603,23,0.0,0.6333515102569008
test,2018-M007,2,603,24,1.0,0.340823013801324
test,2018-M007,2,603,25,1.0,0.5898813301811545
test,2018-M007,2,603,26,1.0,0.36207561981716907
test,2018-M007,2,603,27,0.0,0.3597856157502098
test,2018-M007,2,603,28,0.0,0.5296373898694425
test,2018-M007,2,603,29,1.0,0.7314346923796161
test,2018-M007,2,603,30,1.0,0.7949667338083748
test,2018-M007,2,603,31,1.0,0.4874126938702139
test,2018-M007,3,604,0,0.0,0.6176002717206741
test,2018-M007,3,604,1,1.0,0.4904773356572087
test,2018-M007,3,604,2,1.0,0.6021454646295042
test,2018-M007,3,604,3,0.0,0.3973103353083492
test,2018-M007,3,604,4,0.0,0.2193831708781402
test,2018-M007,3,604,5,0.0,0.3470989532379202
test,2018-M007,3,604,6,1.0,0.413195164274142
test,2018-M007,3,604,7,1.0,0.5012226159280918
test,2018-M007,3,604,8,1.0,0.6777519560534612
test,2018-M007,3,604,9,0.0,0.4668234692091796
test,2018-M007,3,604,10,0.0,0.8288368649553772
test,2018-M007,3,604,11,1.0,0.6240389221170388
test,2018-M007,3,604,12,0.0,0.5980123911530063
test,2018-M007,3,604,13,0.0,0.5873377372454452
test,2018-M007,3,604,14,1.0,0.418081817876961
test,2018-M007,3,604,15,0.0,0.4907261764848493
test,2018-M007,4,605,0,0.0,0.31900514466749474
test,2018-M007,4,605,1,1.0,0.34566193407176454
test,2018-M007,4,605,2,1.0,0.6454176818450659
test,2018-M007,4,605,3,1.0,0.5647773773883592
test,2018-M007,4,605,4,0.0,0.4770441070982375
test,2018-M007,4,605,5,1.0,0.6172379772838521
test,2018-M007,4,605,6,1.0,0.556565021039064
test,2018-M007,4,605,7,0.0,0.6436787140017188
test,2018-M007,5,606,0,1.0,0.4125692988345489
test,2018-M007,5,606,1,1.0,0.6617451352429137
test,2018-M007,5,606,2,1.0,0.49405298702649025
test,2018-M007,5,606,3,1.0,0.6133273434403534
test,2018-M007,6,607,0,0.0,0.3424081835441354
test,2018-M007,6,607,1,0.0,0.5342293990043824
test,2018-M007,7,608,0,0.0,0.5303876112497083
test,2018-M009,2,621,0,1.0,0.5910947882883351
test,2018-M009,2,621,1,0.0,0.5107271092377986
test,2018-M009,2,621,2,0.0,0.38207873377109747
test,2018-M009,2,621,3,1.0,0.41438702048094167
test,2018-M009,2,621,4,1.0,0.42632969120086567
test,2018-M009,2,621,5,0.0,0.49585304635471933
test,2018-M009,2,621,6,1.0,0.3959612226441823
test,2018-M009,2,621,7,1.0,0.5892255361519828
test,2018-M009,2,621,8,1.0,0.5705742124031637
test,2018-M009,2,621,9,0.0,0.7834042021450244
test,2018-M009,2,621,10,1.0,0.4075904052419399
test,2018-M009,2,621,11,1.0,0.5514573559777117
test,2018-M009,2,621,12,1.0,0.46276463545203744
test,2018-M009,2,621,13,1.0,0.9679846961551787
test,2018-M009,2,621,14,1.0,0.2789701380959463
test,2018-M009,2,621,15,0.0,0.4013468426378901
test,2018-M009,2,621,16,1.0,0.6445936538559818
test,2018-M009,2,621,17,0.0,0.5458288589316463
test,2018-M009,2,621,18,0.0,0.587660111196972
test,2018-M009,2,621,19,1.0,0.3681796610830044
test,2018-M009,2,621,20,0.0,0.7574521193611193
test,2018-M009,2,621,21,1.0,0.5498959078789524
test,2018-M009,2,621,22,0.0,0.6937365774650881
test,2018-M009,2,621,23,1.0,0.5125203998874861
test,2018-M009,3,622,0,0.0,0.027697478026023292
test,2018-M009,3,622,1,1.0,0.505029582923848
test,2018-M009,3,622,2,0.0,0.6667251800853831
test,2018-M009,3,622,3,1.0,0.6126259821620242
test,2018-M009,3,622,4,0.0,0.022427352484779128
test,2018-M009,3,622,5,1.0,0.5455494739620694
test,2018-M009,3,622,6,1.0,0.35401059928912665
test,2018-M009,3,622,7,0.0,0.6584868514129937
test,2018-M009,3,622,8,0.0,0.43879833850324385
test,2018-M009,3,622,9,1.0,0.5650368012422322
test,2018-M009,3,622,10,0.0,0.2158687494631428
test,2018-M009,3,622,11,0.0,0.29768366731000095
test,2018-M009,3,622,12,0.0,0.46231533338178976
test,2018-M009,3,622,13,1.0,0.5147493708581052
test,2018-M009,3,622,14,0.0,0.32470193283887416
test,2018-M009,3,622,15,1.0,0.7879827042589259
test,2018-M009,4,623,0,1.0,0.6991308305862801
test,2018-M009,4,623,1,1.0,0.43760635585148927
test,2018-M009,4,623,2,0.0,0.03589135908748263
test,2018-M009,4,623,3,1.0,0.591531984581567
test,2018-M009,4,623,4,1.0,0.9667951878455745
test,2018-M009,4,623,5,1.0,0.689218392254774
test,2018-M009,4,623,6,1.0,0.6722839234490324
test,2018-M009,4,623,7,1.0,0.6945525077016189
test,2018-M009,5,624,0,1.0,0.6191579191389762
test,2018-M009,5,624,1,1.0,0.7133045177678777
test,2018-M009,5,624,2,0.0,0.09239517962347531
test,2018-M009,5,624,3,1.0,0.9539176999340563
test,2018-M009,6,625,0,1.0,0.47256418877990836
test,2018-M009,6,625,1,1.0,0.48589955384144384
test,2018-M009,7,626,0,0.0,0.07304598902422668
test,2018-M021,2,615,0,1.0,0.47405758877719434
test,2018-M021,2,615,1,1.0,0.7103130177831724
test,2018-M021,2,615,2,1.0,0.3883808907339073
test,2018-M021,2,615,3,0.0,0.4994095649606516
test,2018-M021,2,615,4,0.0,0.4084287653382052
test,2018-M021,2,615,5,0.0,0.553732066882593
test,2018-M021,2,615,6,1.0,0.7237057683244119
test,2018-M021,2,615,7,1.0,0.5362869980346192
test,2018-M021,2,615,8,0.0,0.4611143524940913
test,2018-M021,2,615,9,1.0,0.9166151331281553
test,2018-M021,2,615,10,0.0,0.4806259126679299
test,2018-M021,2,615,11,1.0,0.45978135016710925
test,2018-M021,2,615,12,1.0,0.5310112225663093
test,2018-M021,2,615,13,0.0,0.5237587068991215
test,2018-M021,2,615,14,1.0,0.602043852411632
test,2018-M021,2,615,15,1.0,0.6298122793489793
test,2018-M021,2,615,16,0.0,0.3108653594259207
test,2018-M021,2,615,17,0.0,0.3366849400160961
test,2018-M021,2,615,18,1.0,0.49297580156139315
test,2018-M021,2,615,19,1.0,0.5335437182469056
test,2018-M021,2,615,20,0.0,0.5213186114357761
test,2018-M021,2,615,21,1.0,0.4407100165368616
test,2018-M021,2,615,22,0.0,0.5545223783219845
test,2018-M021,2,615,23,0.0,0.6592659400766102
test,2018-M021,3,616,0,1.0,0.9487938852713598
test,2018-M021,3,616,1,0.0,0.6179585763687532
test,2018-M021,3,616,2,1.0,0.567831589961065
test,2018-M021,3,616,3,0.0,0.2776569860098124
test,2018-M021,3,616,4,0.0,0.29774684914532135
test,2018-M021,3,616,5,0.0,0.3547403425010525
test,2018-M021,3,616,6,0.0,0.4982577107505241
test,2018-M021,3,616,7,1.0,0.610584276540208
test,2018-M021,3,616,8,0.0,0.9755671441530885
test,2018-M021,3,616,9,1.0,0.28765026036666924
test,2018-M021,3,616,10,1.0,0.4327975544149499
test,2018-M021,3,616,11,0.0,0.5066952002480234
test,2018-M021,3,616,12,0.0,0.5055574639227083
test,2018-M021,3,616,13,0.0,0.30067827860856344
test,2018-M021,3,616,14,1.0,0.7567872317411678
test,2018-M021,3,616,15,0.0,0.6752871423965755
test,2018-M021,4,617,0,0.0,0.2945830824557385
test,2018-M021,4,617,1,0.0,0.35385543023053156
test,2018-M021,4,617,2,1.0,0.4110041392108174
test,2018-M021,4,617,3,0.0,0.4848114454999262
test,2018-M021,4,617,4,0.0,0.7144003046645693
test,2018-M021,4,617,5,0.0,0.33106020563858385
test,2018-M021,4,617,6,1.0,0.9673069360682902
test,2018-M021,4,617,7,1.0,0.32697491609073576
test,2018-M021,5,618,0,0.0,0.9331582297957063
test,2018-M021,5,618,1,1.0,0.5464243606504282
test,2018-M021,5,618,2,1.0,0.480788412788218
test,2018-M021,5,618,3,0.0,0.3557338421939988
test,2018-M021,6,619,0,1.0,0.6971117186047224
test,2018-M021,6,619,1,0.0,0.36081632052166024
test,2018-M021,7,620,0,0.0,0.5363022978840517
test,2018-M024,2,647,0,1.0,0.46742047015686444
test,2018-M024,2,647,1,0.0,0.4046968650585679
test,2018-M024,2,647,2,1.0,0.7161734637265377
test,2018-M024,2,647,3,0.0,0.2197546836617308
test,2018-M024,2,647,4,0.0,0.486312660546775
test,2018-M024,2,647,5,1.0,0.49695805144642535
test,2018-M024,2,647,6,1.0,0.6087958190487321
test,2018-M024,2,647,7,0.0,0.33065414153752926
test,2018-M024,2,647,8,1.0,0.5634122540417411
test,2018-M024,2,647,9,1.0,0.35106323016176594
test,2018-M024,2,647,10,0.0,0.5900308769840664
test,2018-M024,2,647,11,0.0,0.6467335624902321
test,2018-M024,2,647,12,0.0,0.8727039160898724
test,2018-M024,2,647,13,0.0,0.5902966445764293
test,2018-M024,2,647,14,1.0,0.5350990714553524
test,2018-M024,2,647,15,1.0,0.5636579668072222
test,2018-M024,2,647,16,1.0,0.6168451536007216
test,2018-M024,2,647,17,0.0,0.025126864766374275
test,2018-M024,2,647,18,0.0,0.31916225796977354
test,2018-M024,2,647,19,0.0,0.4829131926893059
test,2018-M024,2,647,20,1.0,0.5533367265020432
test,2018-M024,2,647,21,0.0,0.5047084845895491
test,2018-M024,2,647,22,1.0,0.38782360067012417
test,2018-M024,2,647,23,0.0,0.4846639339259614
test,2018-M024,3,648,0,0.0,0.2966942868216757
test,2018-M024,3,648,1,0.0,0.49338266034874867
test,2018-M024,3,648,2,1.0,0.5577452033300029
test,2018-M024,3,648,3,1.0,0.9720238945937597
test,2018-M024,3,648,4,0.0,0.3416520791046381
test,2018-M024,3,648,5,0.0,0.38438643886054513
test,2018-M024,3,648,6,1.0,0.4770459595629413
test,2018-M024,3,648,7,1.0,0.8299412567945057
test,2018-M024,3,648,8,0.0,0.3989643836592998
test,2018-M024,3,648,9,1.0,0.3013732223051611
test,2018-M024,3,648,10,0.0,0.3148734944452858
test,2018-M024,3,648,11,1.0,0.43356204608498106
test,2018-M024,3,648,12,1.0,0.5366207163107454
test,2018-M024,3,648,13,1.0,0.4849407110033221
test,2018-M024,3,648,14,0.0,0.5051722909202055
test,2018-M024,3,648,15,1.0,0.9259670253320669
test,2018-M024,4,649,0,1.0,0.8953905807268777
test,2018-M024,4,649,1,0.0,0.198349273694174
test,2018-M024,4,649,2,0.0,0.4051702603204619
test,2018-M024,4,649,3,1.0,0.45873804570396404
test,2018-M024,4,649,4,0.0,0.2540152862322319
test,2018-M024,4,649,5,1.0,0.5147266758286411
test,2018-M024,4,649,6,0.0,0.05000688901696727
test,2018-M024,4,649,7,1.0,0.5855189719546791
test,2018-M024,5,650,0,0.0,0.24707847552820686
test,2018-M024,5,650,1,0.0,0.5697887334318942
test,2018-M024,5,650,2,0.0,0.24864027746121256
test,2018-M024,5,650,3,1.0,0.9505127737919715
test,2018-M024,6,651,0,0.0,0.15948634322968286
test,2018-M024,6,651,1,0.0,0.09436100223625625
test,2018-M024,7,652,0,0.0,0.20834500606634504
test,2019-0352,2,750,0,1.0,0.46640850083692514
test,2019-0352,2,750,1,0.0,0.5603176980462617
test,2019-0352,2,750,2,1.0,0.5867526699272704
test,2019-0352,2,750,3,0.0,0.5014075954894833
test,2019-0352,2,750,4,0.0,0.5267068141220496
test,2019-0352,2,750,5,1.0,0.498877716251497
test,2019-0352,2,750,6,0.0,0.5375308472939755
test,2019-0352,2,750,7,0.0,0.2774423934445957
test,2019-0352,2,750,8,0.0,0.30657452902701243
test,2019-0352,2,750,9,1.0,0.5971765736842267
test,2019-0352,2,750,10,1.0,0.47127733266591926
test,2019-0352,2,750,11,1.0,0.5818122295206564
test,2019-0352,2,750,12,0.0,0.41311442024766437
test,2019-0352,2,750,13,1.0,0.5635185355853366
test,2019-0352,2,750,14,1.0,0.7547252028514099
test,2019-0352,2,750,15,0.0,0.4087274811183129
test,2019-0352,3,751,0,0.0,0.6470724438623352
test,2019-0352,3,751,1,0.0,0.354480595971283
test,2019-0352,3,751,2,0.0,0.6178720267801502
test,2019-0352,3,751,3,1.0,0.49355537423444373
test,2019-0352,3,751,4,0.0,0.3279465043055589
test,2019-0352,3,751,5,0.0,0.48347563407860444
test,2019-0352,3,751,6,0.0,0.6046253646472868
test,2019-0352,3,751,7,0.0,0.45040759799585484
test,2019-0352,3,751,8,0.0,0.5403123631351545
test,2019-0352,3,751,9,0.0,0.5826427006870868
test,2019-0352,3,751,10,0.0,0.3841432735146198
test,2019-0352,3,751,11,1.0,0.5559939147258054
test,2019-0352,3,751,12,1.0,0.9756939338424475
test,2019-0352,3,751,13,1.0,0.45280498900586963
test,2019-0352,3,751,14,1.0,0.30403186670682447
test,2019-0352,3,751,15,1.0,0.9820043106091954
test,2019-0352,4,752,0,0.0,0.07305062872421228
test,2019-0352,4,752,1,1.0,0.9741214115062433
test,2019-0352,4,752,2,0.0,0.3363907129849789
test,2019-0352,4,752,3,0.0,0.6121106981159259
test,2019-0352,4,752,4,0.0,0.42295342583507634
test,2019-0352,4,752,5,0.0,0.36531422589793605
test,2019-0352,4,752,6,1.0,0.35445731666334684
test,2019-0352,4,752,7,0.0,0.6461821955560737
test,2019-0352,5,753,0,0.0,0.0404902344087975
test,2019-0352,5,753,1,0.0,0.2956460555093888
test,2019-0352,5,753,2,0.0,0.5341080896515601
test,2019-0352,5,753,3,0.0,0.033935789047898145
test,2019-0352,6,754,0,1.0,0.9497707078372998
test,2019-0352,6,754,1,1.0,0.026741468873582013
test,2019-0352,7,755,0,0.0,0.03617603250345672
test,2019-0410,2,693,0,1.0,0.5350147587766692
test,2019-0410,2,693,1,1.0,0.6839495104465211
test,2019-0410,2,693,2,1.0,0.4322381149881683
test,2019-0410,2,693,3,0.0,0.48556014613762977
test,2019-0410,2,693,4,0.0,0.47203109560609635
test,2019-0410,2,693,5,0.0,0.38060760862296755
test,2019-0410,2,693,6,1.0,0.6013515177640497
test,2019-0410,2,693,7,0.0,0.3697245899815369
test,2019-0410,2,693,8,0.0,0.48451719097462914
test,2019-0410,2,693,9,0.0,0.5881317718862807
test,2019-0410,2,693,10,0.0,0.6915813095600367
test,2019-0410,2,693,11,0.0,0.5794300072823784
test,2019-0410,2,693,12,0.0,0.5181727297794931
test,2019-0410,2,693,13,1.0,0.6959100859537882
test,2019-0410,2,693,14,1.0,0.5277472810775093
test,2019-0410,2,693,15,1.0,0.40320672571161265
test,2019-0410,2,693,16,0.0,0.523642809117052
test,2019-0410,2,693,17,0.0,0.49943887845744095
test,2019-0410,2,693,18,0.0,0.5146881408258906
test,2019-0410,2,693,19,1.0,0.2980853627547527
test,2019-0410,2,693,20,0.0,0.35027813335762215
test,2019-0410,2,693,21,0.0,0.2950461668590512
test,2019-0410,2,693,22,1.0,0.7106556928867358
test,2019-0410,2,693,23,1.0,0.5094051884996661
test,2019-0410,3,694,0,0.0,0.6610122735652217
test,2019-0410,3,694,1,0.0,0.7740741492574753
test,2019-0410,3,694,2,1.0,0.4861743907730574
test,2019-0410,3,694,3,0.0,0.6445503910959685
test,2019-0410,3,694,4,1.0,0.7134286912384925
test,2019-0410,3,694,5,0.0,0.40077975037528585
test,2019-0410,3,694,6,0.0,0.4438334083002762
test,2019-0410,3,694,7,0.0,0.5770631699827224
test,2019-0410,3,694,8,1.0,0.9767451489109742
test,2019-0410,3,694,9,0.0,0.3673001025563202
test,2019-0410,3,694,10,1.0,0.7253771843598762
test,2019-0410,3,694,11,0.0,0.4813276240111735
test,2019-0410,3,694,12,0.0,0.803315296636704
test,2019-0410,3,694,13,0.0,0.0583020378152253
test,2019-0410,3,694,14,1.0,0.6760647422306816
test,2019-0410,3,694,15,1.0,0.2401486747856612
test,2019-0410,4,695,0,1.0,0.9479781976021506
test,2019-0410,4,695,1,1.0,0.47968806538633785
test,2019-0410,4,695,2,0.0,0.606748526475561
test,2019-0410,4,695,3,1.0,0.5862624910443018
test,2019-0410,4,695,4,1.0,0.2861548896401589
test,2019-0410,4,695,5,0.0,0.5840484929740908
test,2019-0410,4,695,6,1.0,0.9859122651868834
test,2019-0410,4,695,7,0.0,0.48621764603252643
test,2019-0410,5,696,0,0.0,0.026616839244469667
test,2019-0410,5,696,1,0.0,0.4780636307583529
test,2019-0410,5,696,2,0.0,0.4389773920257557
test,2019-0410,5,696,3,0.0,0.9831743288855734
test,2019-0410,6,697,0,0.0,0.9565556668051475
test,2019-0410,6,697,1,0.0,0.5440311843468076
test,2019-0410,7,698,0,0.0,0.36098422235715666
test,2019-0421,2,725,0,1.0,0.36576810062082593
test,2019-0421,2,725,1,1.0,0.784615751055289
test,2019-0421,2,725,2,0.0,0.3567956144806053
test,2019-0421,2,725,3,0.0,0.5075105087191195
test,2019-0421,2,725,4,0.0,0.5534097910348322
test,2019-0421,2,725,5,0.0,0.5196188145553408
test,2019-0421,2,725,6,0.0,0.5981248350935859
test,2019-0421,2,725,7,1.0,0.4812156909190275
test,2019-0421,2,725,8,0.0,0.38461527877796464
test,2019-0421,2,725,9,1.0,0.5373148516042137
test,2019-0421,2,725,10,0.0,0.3887585729121972
test,2019-0421,2,725,11,0.0,0.44193979972231784
test,2019-0421,2,725,12,1.0,0.5369077275827968
test,2019-0421,2,725,13,1.0,0.5683261591449766
test,2019-0421,2,725,14,0.0,0.3526984781707736
test,2019-0421,2,725,15,1.0,0.5033010395534318
test,2019-0421,2,725,16,1.0,0.4688194285612921
test,2019-0421,2,725,17,1.0,0.500446552277624
test,2019-0421,2,725,18,0.0,0.45307827041424725
test,2019-0421,2,725,19,0.0,0.36275840507802454
test,2019-0421,2,725,20,1.0,0.35487541265091466
test,2019-0421,2,725,21,1.0,0.3733965852323552
test,2019-0421,2,725,22,1.0,0.5131332476955528
test,2019-0421,2,725,23,0.0,0.3269261289265266
test,2019-0421,3,726,0,1.0,0.34686985445627266
test,2019-0421,3,726,1,1.0,0.35975915944812126
test,2019-0421,3,726,2,0.0,0.39517346877889725
test,2019-0421,3,726,3,0.0,0.3538496282533783
test,2019-0421,3,726,4,1.0,0.30506127470279953
test,2019-0421,3,726,5,0.0,0.279916751843359
test,2019-0421,3,726,6,0.0,0.5476691570636267
test,2019-0421,3,726,7,0.0,0.41526229485259314
test,2019-0421,3,726,8,1.0,0.9819205066988315
test,2019-0421,3,726,9,0.0,0.663647746404038
test,2019-0421,3,726,10,0.0,0.5467151166477803
test,2019-0421,3,726,11,1.0,0.5515885007219608
test,2019-0421,3,726,12,0.0,0.655442319066161
test,2019-0421,3,726,13,1.0,0.7737868508595721
test,2019-0421,3,726,14,0.0,0.25363855717851075
test,2019-0421,3,726,15,0.0,0.2701833145429719
test,2019-0421,4,727,0,1.0,0.5906540431962048
test,2019-0421,4,727,1,1.0,0.6102470633723412
test,2019-0421,4,727,2,0.0,0.3070344335500921
test,2019-0421,4,727,3,1.0,0.6182025488618444
test,2019-0421,4,727,4,0.0,0.44243283797188593
test,2019-0421,4,727,5,1.0,0.5998412207585906
test,2019-0421,4,727,6,1.0,0.6223191869779672
test,2019-0421,4,727,7,0.0,0.025055036178644546
test,2019-0421,5,728,0,1.0,0.24608495245393033
test,2019-0421,5,728,1,1.0,0.42339785013648984
test,2019-0421,5,728,2,0.0,0.6020065038152963
test,2019-0421,5,728,3,0.0,0.041594937011447015
test,2019-0421,6,729,0,1.0,0.46859027330416797
test,2019-0421,6,729,1,1.0,0.9693828988851485
test,2019-0421,7,730,0,1.0,0.9671703141036817
test,2019-5014,2,744,0,0.0,0.49999941667807773
test,2019-5014,2,744,1,1.0,0.5000000258019224
test,2019-5014,2,744,2,1.0,0.5000002847284666
test,2019-5014,2,744,3,1.0,0.49999996518158163
test,2019-5014,2,744,4,1.0,0.5000000348184184
test,2019-5014,2,744,5,1.0,0.500000673345113
test,2019-5014,2,744,6,1.0,0.5
test,2019-5014,2,744,7,1.0,0.5000003021943833
test,2019-5014,2,744,8,1.0,0.5000000237604516
test,2019-5014,2,744,9,0.0,0.5000002454301541
test,2019-5014,2,744,10,1.0,0.500000138252938
test,2019-5014,2,744,11,0.0,0.49999968504642434
test,2019-5014,2,744,12,1.0,0.5000004938658068
test,2019-5014,2,744,13,0.0,0.5
test,2019-5014,2,744,14,0.0,0.5000000393833738
test,2019-5014,2,744,15,0.0,0.5
test,2019-5014,2,744,16,0.0,0.5000006273269592
test,2019-5014,2,744,17,1.0,0.5
test,2019-5014,2,744,18,0.0,0.5
test,2019-5014,2,744,19,0.0,0.4999998683534883
test,2019-5014,2,744,20,0.0,0.49999986682238523
test,2019-5014,2,744,21,1.0,0.5000000348184184
test,2019-5014,2,744,22,1.0,0.5000000647032823
test,2019-5014,2,744,23,0.0,0.5000005164070467
test,2019-5014,3,745,0,0.0,0.5000006479968507
test,2019-5014,3,745,1,1.0,0.4999999604465035
test,2019-5014,3,745,2,1.0,0.500000062605104
test,2019-5014,3,745,3,1.0,0.499999834839343
test,2019-5014,3,745,4,0.0,0.5000000374269643
test,2019-5014,3,745,5,0.0,0.5000001316748655
test,2019-5014,3,745,6,0.0,0.4999998683251346
test,2019-5014,3,745,7,0.0,0.5000003149535757
test,2019-5014,3,745,8,1.0,0.5000000227113625
test,2019-5014,3,745,9,0.0,0.49999990300178404
test,2019-5014,3,745,10,0.0,0.5000004941493443
test,2019-5014,3,745,11,1.0,0.5
test,2019-5014,3,745,12,0.0,0.49999996518158163
test,2019-5014,3,745,13,1.0,0.5000002594936195
test,2019-5014,3,745,14,1.0,0.5000001164205421
test,2019-5014,3,745,15,1.0,0.49999941673478526
test,2019-5014,4,746,0,1.0,0.5
test,2019-5014,4,746,1,1.0,0.4999997773946235
test,2019-5014,4,746,2,0.0,0.5000000347617108
test,2019-5014,4,746,3,0.0,0.49999994334918574
test,2019-5014,4,746,4,1.0,0.49999975468326097
test,2019-5014,4,746,5,0.0,0.49999984300522615
test,2019-5014,4,746,6,0.0,0.4999999353534252
test,2019-5014,4,746,7,0.0,0.4999998836928729
test,2019-5014,5,747,0,1.0,0.5000000596846667
test,2019-5014,5,747,1,1.0,0.5000002454868616
test,2019-5014,5,747,2,1.0,0.5000001314196816
test,2019-5014,5,747,3,0.0,0.49999984615249354
test,2019-5014,6,748,0,0.0,0.4999999432074169
test,2019-5014,6,748,1,1.0,0.5000000223711173
test,2019-5014,7,749,0,1.0,0.5
test,2019-520,1,711,0,1.0,0.6640515490946516
test,2019-520,1,711,1,0.0,0.5285921530133623
test,2019-520,1,711,2,0.0,0.4766807773432756
test,2019-520,1,711,3,1.0,0.5897924244126966
test,2019-520,1,711,4,1.0,0.5359345338992885
test,2019-520,1,711,5,0.0,0.5855310138951701
test,2019-520,1,711,6,1.0,0.49436464512637746
test,2019-520,1,711,7,1.0,0.7218398410185485
test,2019-520,1,711,8,1.0,0.7283605998279491
test,2019-520,1,711,9,1.0,0.5065808381618099
test,2019-520,1,711,10,0.0,0.4928683736811399
test,2019-520,1,711,11,0.0,0.5377330692882142
test,2019-520,1,711,12,0.0,0.21064350801284829
test,2019-520,1,711,13,1.0,0.509815351653249
test,2019-520,1,711,14,0.0,0.34031594845562774
test,2019-520,1,711,15,0.0,0.2014091912894718
test,2019-520,1,711,16,1.0,0.48422501653415456
test,2019-520,1,711,17,0.0,0.4206554869401821
test,2019-520,1,711,18,1.0,0.5290077106050523
test,2019-520,1,711,19,0.0,0.3466380122090725
test,2019-520,1,711,20,0.0,0.40876946262776276
test,2019-520,1,711,21,1.0,0.5691946285938613
test,2019-520,1,711,22,0.0,0.2704010379897729
test,2019-520,1,711,23,1.0,0.48170173182154313
test,2019-520,1,711,24,0.0,0.4060100019749641
test,2019-520,1,711,25,0.0,0.5241368125262496
test,2019-520,1,711,26,1.0,0.49138734598217176
test,2019-520,1,711,27,1.0,0.4727373194563972
test,2019-520,1,711,28,1.0,0.6225744445955086
test,2019-520,1,711,29,1.0,0.655687916903971
test,2019-520,1,711,30,0.0,0.5246529712166697
test,2019-520,1,711,31,1.0,0.47845281801037437
test,2019-520,1,711,32,0.0,0.32909977001211077
test,2019-520,1,711,33,1.0,0.5691929341402013
test,2019-520,1,711,34,0.0,0.5140105165451735
test,2019-520,1,711,35,1.0,0.5010202296185247
test,2019-520,1,711,36,0.0,0.2979809344559626
test,2019-520,1,711,37,0.0,0.17343792160883992
test,2019-520,1,711,38,1.0,0.49409463489118033
test,2019-520,1,711,39,0.0,0.42215739168483346
test,2019-520,1,711,40,1.0,0.4537102005089113
test,2019-520,1,711,41,0.0,0.5463486218076186
test,2019-520,1,711,42,1.0,0.9853429964609647
test,2019-520,1,711,43,0.0,0.4849828179093
test,2019-520,1,711,44,1.0,0.4776058146840985
test,2019-520,1,711,45,0.0,0.5570236397301352
test,2019-520,1,711,46,0.0,0.07386913615646566
test,2019-520,1,711,47,0.0,0.21270915977669885
test,2019-520,1,711,48,1.0,0.6855763019825875
test,2019-520,1,711,49,1.0,0.5169848993930756
test,2019-520,1,711,50,0.0,0.5442874439367354
test,2019-520,1,711,51,0.0,0.5032625467850861
test,2019-520,1,711,52,1.0,0.5391784085802467
test,2019-520,1,711,53,1.0,0.6007404112729162
test,2019-520,1,711,54,1.0,0.40708412618323314
test,2019-520,1,711,55,1.0,0.46104290651267665
test,2019-520,1,711,56,0.0,0.36894649665752877
test,2019-520,1,711,57,1.0,0.5021612517346226
test,2019-520,1,711,58,0.0,0.4213581160549919
test,2019-520,1,711,59,1.0,0.7008630860276706
test,2019-520,1,711,60,1.0,0.47914054536431894
test,2019-520,1,711,61,0.0,0.4992077139049858
test,2019-520,1,711,62,1.0,0.9837691097220477
test,2019-520,1,711,63,0.0,0.49979128979303816
test,2019-520,2,712,0,0.0,0.5794073163644003
test,2019-520,2,712,1,1.0,0.9836051795190607
test,2019-520,2,712,2,1.0,0.6990804676776471
test,2019-520,2,712,3,0.0,0.6752205965284083
test,2019-520,2,712,4,1.0,0.5511424795894379
test,2019-520,2,712,5,1.0,0.5307047257419545
test,2019-520,2,712,6,0.0,0.40327251273797193
test,2019-520,2,712,7,1.0,0.5884892292061715
test,2019-520,2,712,8,1.0,0.7448549629964892
test,2019-520,2,712,9,0.0,0.17550113509645565
test,2019-520,2,712,10,0.0,0.5248055476963496
test,2019-520,2,712,11,1.0,0.257003922959691
test,2019-520,2,712,12,0.0,0.41311859460636796
test,2019-520,2,712,13,0.0,0.33572992053765366
test,2019-520,2,712,14,0.0,0.5463615461364131
test,2019-520,2,712,15,1.0,0.4454510629810112
test,2019-520,2,712,16,1.0,0.7549361084427081
test,2019-520,2,712,17,1.0,0.736940693742524
test,2019-520,2,712,18,0.0,0.4451730939811142
test,2019-520,2,712,19,0.0,0.23365210785966498
test,2019-520,2,712,20,1.0,0.36902379270393204
test,2019-520,2,712,21,1.0,0.39327123845666206
test,2019-520,2,712,22,1.0,0.45088711703616485
test,2019-520,2,712,23,1.0,0.46725730730175574
test,2019-520,2,712,24,0.0,0.06865143032393362
test,2019-520,2,712,25,1.0,0.6221292656944684
test,2019-520,2,712,26,1.0,0.6772554169992793
test,2019-520,2,712,27,1.0,0.695514733796029
test,2019-520,2,712,28,1.0,0.5912597624815615
test,2019-520,2,712,29,1.0,0.9865781747932917
test,2019-520,2,712,30,1.0,0.3781601243971563
test,2019-520,2,712,31,0.0,0.35209116698627557
test,2019-520,3,713,0,0.0,0.48345895763687263
test,2019-520,3,713,1,1.0,0.5943440998203484
test,2019-520,3,713,2,0.0,0.3098893221084584
test,2019-520,3,713,3,0.0,0.2697028589233712
test,2019-520,3,713,4,0.0,0.4022750294686959
test,2019-520,3,713,5,1.0,0.6455602752330368
test,2019-520,3,713,6,0.0,0.5454352989547808
test,2019-520,3,713,7,1.0,0.6722062874707414
test,2019-520,3,713,8,1.0,0.5126201819404733
test,2019-520,3,713,9,0.0,0.013996694673266552
test,2019-520,3,713,10,0.0,0.07439893141339275
test,2019-520,3,713,11,1.0,0.7718462741665894
test,2019-520,3,713,12,1.0,0.7614967664830079
test,2019-520,3,713,13,1.0,0.5060838093659911
test,2019-520,3,713,14,1.0,0.9618909190674595
test,2019-520,3,713,15,0.0,0.48690293945187546
test,2019-520,4,714,0,1.0,0.9830501087301238
test,2019-520,4,714,1,0.0,0.2975954636276995
test,2019-520,4,714,2,0.0,0.09733161933834145
test,2019-520,4,714,3,1.0,0.5796725958536334
test,2019-520,4,714,4,1.0,0.7120653012833368
test,2019-520,4,714,5,0.0,0.4832755717832003
test,2019-520,4,714,6,0.0,0.02190660876387693
test,2019-520,4,714,7,0.0,0.6143071413172317
test,2019-520,5,715,0,0.0,0.30196144365440936
test,2019-520,5,715,1,0.0,0.061259211055887795
test,2019-520,5,715,2,0.0,0.2371677524135302
test,2019-520,5,715,3,0.0,0.042279107005886475
test,2019-520,6,716,0,0.0,0.1825771871629951
test,2019-520,6,716,1,0.0,0.9345402343675501
test,2019-520,7,717,0,0.0,0.08270842410038892
test,2019-540,1,718,0,1.0,0.6356388551441118
test,2019-540,1,718,1,1.0,0.22894071936197147
test,2019-540,1,718,2,1.0,0.2839300055813796
test,2019-540,1,718,3,1.0,0.5366323507174933
test,2019-540,1,718,4,0.0,0.5033652332443799
test,2019-540,1,718,5,1.0,0.6038955909866922
test,2019-540,1,718,6,0.0,0.2933313366950192
test,2019-540,1,718,7,1.0,0.4673619583949119
test,2019-540,1,718,8,1.0,0.6887124472111176
test,2019-540,1,718,9,1.0,0.6750528889169173
test,2019-540,1,718,10,1.0,0.7173166572941243
test,2019-540,1,718,11,1.0,0.578748766066211
test,2019-540,1,718,12,0.0,0.4784118164211988
test,2019-540,1,718,13,1.0,0.7907898071521535
test,2019-540,1,718,14,0.0,0.43644370094842233
test,2019-540,1,718,15,0.0,0.4863128418748622
test,2019-540,1,718,16,0.0,0.4574885870231069
test,2019-540,1,718,17,0.0,0.7227412273142058
test,2019-540,1,718,18,1.0,0.5865625615701211
test,2019-540,1,718,19,0.0,0.25959302196942535
test,2019-540,1,718,20,0.0,0.49871226519370043
test,2019-540,1,718,21,1.0,0.5793932856101804
test,2019-540,1,718,22,1.0,0.5435572458797482
test,2019-540,1,718,23,0.0,0.47986460557106175
test,2019-540,1,718,24,0.0,0.3225924550620033
test,2019-540,1,718,25,0.0,0.4915090763810059
test,2019-540,1,718,26,1.0,0.29368596090634347
test,2019-540,1,718,27,1.0,0.5918158355901466
test,2019-540,1,718,28,1.0,0.44305615965047856
test,2019-540,1,718,29,1.0,0.47792367784553486
test,2019-540,1,718,30,1.0,0.47866857152368014
test,2019-540,1,718,31,0.0,0.22380234256671472
test,2019-540,1,718,32,1.0,0.9828635109314148
test,2019-540,1,718,33,1.0,0.6004447150443917
test,2019-540,1,718,34,1.0,0.63756240648194
test,2019-540,1,718,35,0.0,0.6107442740974597
test,2019-540,1,718,36,0.0,0.46791213285172584
test,2019-540,1,718,37,1.0,0.4874965028800454
test,2019-540,1,718,38,0.0,0.440545917350862
test,2019-540,1,718,39,0.0,0.283096501292295
test,2019-540,1,718,40,1.0,0.6466511178092097
test,2019-540,1,718,41,1.0,0.5301182738889577
test,2019-540,1,718,42,0.0,0.4570721695905434
test,2019-540,1,718,43,1.0,0.7069652251248867
test,2019-540,1,718,44,0.0,0.38156527446550476
test,2019-540,1,718,45,0.0,0.5828412572067733
test,2019-540,1,718,46,0.0,0.4299286387519518
test,2019-540,1,718,47,0.0,0.35928787738952345
test,2019-540,1,718,48,0.0,0.6530282755999406
test,2019-540,1,718,49,0.0,0.46530331510758954
test,2019-540,1,718,50,0.0,0.7084078300499956
test,2019-540,1,718,51,1.0,0.5409779768785813
test,2019-540,1,718,52,0.0,0.5539100114034877
test,2019-540,1,718,53,1.0,0.5191635863580593
test,2019-540,1,718,54,1.0,0.9707200232749011
test,2019-540,1,718,55,0.0,0.4983367200837868
test,2019-540,1,718,56,0.0,0.4422741621238963
test,2019-540,1,718,57,1.0,0.44142141141945124
test,2019-540,1,718,58,1.0,0.6107566777790817
test,2019-540,1,718,59,0.0,0.5725353915449508
test,2019-540,1,718,60,1.0,0.4985028382310479
test,2019-540,1,718,61,0.0,0.5008204849709907
test,2019-540,1,718,62,0.0,0.06334202106230023
test,2019-540,1,718,63,0.0,0.46566042835973753
test,2019-540,2,719,0,1.0,0.9358194015087519
test,2019-540,2,719,1,0.0,0.3864011484047844
test,2019-540,2,719,2,0.0,0.3645848274670984
test,2019-540,2,719,3,1.0,0.5035172863524479
test,2019-540,2,719,4,1.0,0.5332307480050364
test,2019-540,2,719,5,1.0,0.34287184197101617
test,2019-540,2,719,6,0.0,0.34323434527997426
test,2019-540,2,719,7,1.0,0.44720856015303617
test,2019-540,2,719,8,1.0,0.6469242636117501
test,2019-540,2,719,9,1.0,0.21878654984524976
test,2019-540,2,719,10,1.0,0.6445797786339994
test,2019-540,2,719,11,1.0,0.4845949321561143
test,2019-540,2,719,12,1.0,0.702052505846292
test,2019-540,2,719,13,0.0,0.3892196817667473
test,2019-540,2,719,14,0.0,0.41366238848124603
test,2019-540,2,719,15,0.0,0.5217103190247872
test,2019-540,2,719,16,0.0,0.495306820098134
test,2019-540,2,719,17,0.0,0.6243738832277053
test,2019-540,2,719,18,0.0,0.29966043952791
test,2019-540,2,719,19,0.0,0.7565105809778793
test,2019-540,2,719,20,1.0,0.48632141235100546
test,2019-540,2,719,21,0.0,0.3141253490567331
test,2019-540,2,719,22,0.0,0.028629842215361533
test,2019-540,2,719,23,1.0,0.7736729084718829
test,2019-540,2,719,24,1.0,0.5488517281369321
test,2019-540,2,719,25,0.0,0.38695299606870714
test,2019-540,2,719,26,1.0,0.6379773175701836
test,2019-540,2,719,27,1.0,0.4929756396366752
test,2019-540,2,719,28,0.0,0.4496343948300529
test,2019-540,2,719,29,1.0,0.4516360137384731
test,2019-540,2,719,30,0.0,0.016999036393976312
test,2019-540,2,719,31,1.0,0.4455279176600614
test,2019-540,3,720,0,1.0,0.5404349902022164
test,2019-540,3,720,1,1.0,0.29391885262378287
test,2019-540,3,720,2,0.0,0.03420310044440784
test,2019-540,3,720,3,1.0,0.603118430103428
test,2019-540,3,720,4,1.0,0.551449912150549
test,2019-540,3,720,5,0.0,0.44866383081359207
test,2019-540,3,720,6,0.0,0.31507616662170274
test,2019-540,3,720,7,1.0,0.9814977746417117
test,2019-540,3,720,8,0.0,0.28905994847797245
test,2019-540,3,720,9,1.0,0.5693578011554455
test,2019-540,3,720,10,1.0,0.4428295431198346
test,2019-540,3,720,11,1.0,0.7433915101166564
test,2019-540,3,720,12,1.0,0.37763544712548197
test,2019-540,3,720,13,0.0,0.5575797283236467
test,2019-540,3,720,14,0.0,0.09969251807913213
test,2019-540,3,720,15,0.0,0.5775464484989767
test,2019-540,4,721,0,1.0,0.9164962522365144
test,2019-540,4,721,1,1.0,0.7498043797256684
test,2019-540,4,721,2,0.0,0.020856129130481474
test,2019-540,4,721,3,1.0,0.617154603539873
test,2019-540,4,721,4,1.0,0.6194720946065089
test,2019-540,4,721,5,0.0,0.6402919718282543
test,2019-540,4,721,6,0.0,0.5211972702044618
test,2019-540,4,721,7,0.0,0.016816213717941515
test,2019-540,5,722,0,0.0,0.02851430049617686
test,2019-540,5,722,1,0.0,0.20535465217678708
test,2019-540,5,722,2,0.0,0.3602315284740276
test,2019-540,5,722,3,0.0,0.04343415084833508
test,2019-540,6,723,0,1.0,0.19032811669223154
test,2019-540,6,723,1,1.0,0.9587724946601716
test,2019-540,7,724,0,1.0,0.778991495101611
test,2019-560,1,737,0,1.0,0.44342805693977466
test,2019-560,1,737,1,1.0,0.49034017027831234
test,2019-560,1,737,2,0.0,0.22432859592150284
test,2019-560,1,737,3,0.0,0.613403785393094
test,2019-560,1,737,4,0.0,0.36385719294840063
test,2019-560,1,737,5,0.0,0.5708154368252341
test,2019-560,1,737,6,1.0,0.5846826006395838
test,2019-560,1,737,7,1.0,0.34277752953205476
test,2019-560,1,737,8,1.0,0.4745775739881885
test,2019-560,1,737,9,0.0,0.5155765880189708
test,2019-560,1,737,10,1.0,0.3015880674448899
test,2019-560,1,737,11,0.0,0.4565915242294336
test,2019-560,1,737,12,0.0,0.4117277290735209
test,2019-560,1,737,13,1.0,0.43891393281360525
test,2019-560,1,737,14,0.0,0.4556833212571749
test,2019-560,1,737,15,1.0,0.4288520855912442
test,2019-560,1,737,16,1.0,0.4663361821154828
test,2019-560,1,737,17,1.0,0.47660016768349917
test,2019-560,1,737,18,1.0,0.1707445096529676
test,2019-560,1,737,19,1.0,0.5079240393586842
test,2019-560,1,737,20,0.0,0.48031078471191885
test,2019-560,1,737,21,0.0,0.3773840491999015
test,2019-560,1,737,22,1.0,0.55776396702687
test,2019-560,1,737,23,0.0,0.5024805980147865
test,2019-560,1,737,24,0.0,0.5547245228272293
test,2019-560,1,737,25,0.0,0.49798572456632806
test,2019-560,1,737,26,0.0,0.36788642215668965
test,2019-560,1,737,27,0.0,0.015810607734207022
test,2019-560,1,737,28,1.0,0.3651467127911216
test,2019-560,1,737,29,0.0,0.5279738338143019
test,2019-560,1,737,30,1.0,0.566156181624018
test,2019-560,1,737,31,0.0,0.21035094965596787
test,2019-560,1,737,32,1.0,0.6003753910618569
test,2019-560,1,737,33,0.0,0.5192088765165611
test,2019-560,1,737,34,1.0,0.517109402168673
test,2019-560,1,737,35,0.0,0.683969355198268
test,2019-560,1,737,36,0.0,0.5122850896961071
test,2019-560,1,737,37,0.0,0.7400333556787421
test,2019-560,1,737,38,0.0,0.4707322447149014
test,2019-560,1,737,39,1.0,0.6152078960077241
test,2019-560,1,737,40,0.0,0.4732657979188486
test,2019-560,1,737,41,1.0,0.5057833567213503
test,2019-560,1,737,42,1.0,0.745444989241383
test,2019-560,1,737,43,1.0,0.9420157556505835
test,2019-560,1,737,44,0.0,0.461698024653658
test,2019-560,1,737,45,0.0,0.5887512785484977
test,2019-560,1,737,46,0.0,0.5253535623805974
test,2019-560,1,737,47,0.0,0.4823650453450815
test,2019-560,1,737,48,1.0,0.44927826822226663
test,2019-560,1,737,49,1.0,0.4781309750669313
test,2019-560,1,737,50,0.0,0.26788926071998437
test,2019-560,1,737,51,0.0,0.364899400208305
test,2019-560,1,737,52,0.0,0.5003054863019814
test,2019-560,1,737,53,1.0,0.34557922131324903
test,2019-560,1,737,54,0.0,0.2775824084588552
test,2019-560,1,737,55,1.0,0.521457516152502
test,2019-560,1,737,56,1.0,0.5547360870215914
test,2019-560,1,737,57,0.0,0.27082488985751396
test,2019-560,1,737,58,0.0,0.2604811288738948
test,2019-560,1,737,59,0.0,0.5558286001786258
test,2019-560,1,737,60,1.0,0.5999279067835753
test,2019-560,1,737,61,1.0,0.9794161228272827
test,2019-560,1,737,62,1.0,0.6377677748340177
test,2019-560,1,737,63,0.0,0.6796318938214445
test,2019-560,2,738,0,1.0,0.98167263303467
test,2019-560,2,738,1,0.0,0.6833555652686222
test,2019-560,2,738,2,0.0,0.21636991024477994
test,2019-560,2,738,3,0.0,0.4273324030779885
test,2019-560,2,738,4,0.0,0.4910276865857172
test,2019-560,2,738,5,1.0,0.3996719022944107
test,2019-560,2,738,6,0.0,0.36319500647849173
test,2019-560,2,738,7,1.0,0.9318282198718898
test,2019-560,2,738,8,1.0,0.6535547221090799
test,2019-560,2,738,9,0.0,0.4397722377175325
test,2019-560,2,738,10,1.0,0.4479309899071156
test,2019-560,2,738,11,1.0,0.4961568594983941
test,2019-560,2,738,12,1.0,0.670466204665702
test,2019-560,2,738,13,1.0,0.44220785909066773
test,2019-560,2,738,14,1.0,0.7403253826009494
test,2019-560,2,738,15,1.0,0.9825919498170217
test,2019-560,2,738,16,1.0,0.6185898886651149
test,2019-560,2,738,17,0.0,0.32501986032528385
test,2019-560,2,738,18,0.0,0.5482579327728399
test,2019-560,2,738,19,1.0,0.5118696534118049
test,2019-560,2,738,20,0.0,0.38551276318642747
test,2019-560,2,738,21,0.0,0.34619771775663805
test,2019-560,2,738,22,0.0,0.5426519752126244
test,2019-560,2,738,23,0.0,0.6013481559251102
test,2019-560,2,738,24,0.0,0.4755858706094787
test,2019-560,2,738,25,0.0,0.5150610775156408
test,2019-560,2,738,26,0.0,0.22656527347427624
test,2019-560,2,738,27,1.0,0.4764408549781049
test,2019-560,2,738,28,1.0,0.4232293727021938
test,2019-560,2,738,29,1.0,0.5606895199012831
test,2019-560,2,738,30,1.0,0.7421499922777665
test,2019-560,2,738,31,1.0,0.6318353057563479
test,2019-560,3,739,0,1.0,0.5498380289123284
test,2019-560,3,739,1,0.0,0.06816674882324189
test,2019-560,3,739,2,0.0,0.4471268010136537
test,2019-560,3,739,3,1.0,0.4845038987977133
test,2019-560,3,739,4,0.0,0.762584307698045
test,2019-560,3,739,5,1.0,0.7038432791465058
test,2019-560,3,739,6,0.0,0.3692366112507463
test,2019-560,3,739,7,1.0,0.9821429090046241
test,2019-560,3,739,8,0.0,0.5679486352214206
test,2019-560,3,739,9,0.0,0.2172157701429371
test,2019-560,3,739,10,0.0,0.47312002705951
test,2019-560,3,739,11,1.0,0.5792441752777241
test,2019-560,3,739,12,0.0,0.2686285975950584
test,2019-560,3,739,13,1.0,0.620865120785886
test,2019-560,3,739,14,1.0,0.977689262964206
test,2019-560,3,739,15,1.0,0.5929021662927226
test,2019-560,4,740,0,0.0,0.6353264499628688
test,2019-560,4,740,1,0.0,0.3637280901067318
test,2019-560,4,740,2,0.0,0.5629343151957658
test,2019-560,4,740,3,0.0,0.3235213024014025
test,2019-560,4,740,4,0.0,0.1564803076264582
test,2019-560,4,740,5,0.0,0.25671666240092655
test,2019-560,4,740,6,1.0,0.05983269171276103
test,2019-560,4,740,7,1.0,0.9391365667405075
test,2019-560,5,741,0,0.0,0.02975367832399347
test,2019-560,5,741,1,0.0,0.5872697291126615
test,2019-560,5,741,2,1.0,0.12848215901479934
test,2019-560,5,741,3,0.0,0.6097201429123845
test,2019-560,6,742,0,1.0,0.9767680352573247
test,2019-560,6,742,1,0.0,0.4665410243919717
test,2019-560,7,743,0,1.0,0.9486702998559368
test,2019-580,1,672,0,1.0,0.16129415706532751
test,2019-580,1,672,1,1.0,0.7051022849884073
test,2019-580,1,672,2,1.0,0.5673567695010904
test,2019-580,1,672,3,1.0,0.5800006082685895
test,2019-580,1,672,4,1.0,0.504599190991575
test,2019-580,1,672,5,1.0,0.6515669982885436
test,2019-580,1,672,6,0.0,0.3181739236531661
test,2019-580,1,672,7,0.0,0.430125812999011
test,2019-580,1,672,8,1.0,0.6021473774257082
test,2019-580,1,672,9,0.0,0.35954241841316825
test,2019-580,1,672,10,0.0,0.37849153592694074
test,2019-580,1,672,11,1.0,0.5591613235305222
test,2019-580,1,672,12,1.0,0.3852528624350205
test,2019-580,1,672,13,0.0,0.4496461709286585
test,2019-580,1,672,14,1.0,0.6773935355593925
test,2019-580,1,672,15,1.0,0.4931372707151024
test,2019-580,1,672,16,0.0,0.4754930765562908
test,2019-580,1,672,17,0.0,0.46426207255760105
test,2019-580,1,672,18,0.0,0.6630462125207542
test,2019-580,1,672,19,0.0,0.4976098805454428
test,2019-580,1,672,20,0.0,0.5160446923471261
test,2019-580,1,672,21,1.0,0.5229199788767772
test,2019-580,1,672,22,0.0,0.49827005163285853
test,2019-580,1,672,23,1.0,0.47205260241452013
test,2019-580,1,672,24,1.0,0.5099804192442062
test,2019-580,1,672,25,0.0,0.5614561000011774
test,2019-580,1,672,26,0.0,0.2529184848991562
test,2019-580,1,672,27,1.0,0.6305995684757936
test,2019-580,1,672,28,1.0,0.5870071797435622
test,2019-580,1,672,29,0.0,0.48595591454590586
test,2019-580,1,672,30,0.0,0.5257227471281782
test,2019-580,1,672,31,1.0,0.5560851949278932
test,2019-580,1,672,32,0.0,0.5285097493646527
test,2019-580,1,672,33,1.0,0.4493375717611787
test,2019-580,1,672,34,0.0,0.5591051193141893
test,2019-580,1,672,35,0.0,0.3485407684789693
test,2019-580,1,672,36,1.0,0.4924528778666884
test,2019-580,1,672,37,0.0,0.4965848757303314
test,2019-580,1,672,38,0.0,0.3683864536683072
test,2019-580,1,672,39,0.0,0.4836584701032723
test,2019-580,1,672,40,1.0,0.656227910443927
test,2019-580,1,672,41,0.0,0.5186787183706147
test,2019-580,1,672,42,1.0,0.7014669584695185
test,2019-580,1,672,43,1.0,0.2908022712041019
test,2019-580,1,672,44,1.0,0.7890793697006577
test,2019-580,1,672,45,1.0,0.5340210299489602
test,2019-580,1,672,46,0.0,0.013708254008325843
test,2019-580,1,672,47,0.0,0.269346870754376
test,2019-580,1,672,48,1.0,0.9270562199102441
test,2019-580,1,672,49,1.0,0.5165552970662913
test,2019-580,1,672,50,1.0,0.5086086847615163
test,2019-580,1,672,51,1.0,0.4087524818134718
test,2019-580,1,672,52,1.0,0.6571263917600693
test,2019-580,1,672,53,1.0,0.9798445452638793
test,2019-580,1,672,54,0.0,0.44454276910854834
test,2019-580,1,672,55,0.0,0.18854277919206014
test,2019-580,1,672,56,1.0,0.5491840591880186
test,2019-580,1,672,57,0.0,0.4079597139278853
test,2019-580,1,672,58,1.0,0.537016722083781
test,2019-580,1,672,59,1.0,0.7262233593074332
test,2019-580,1,672,60,0.0,0.3666520766315163
test,2019-580,1,672,61,1.0,0.5181729998037795
test,2019-580,1,672,62,1.0,0.46978639924652826
test,2019-580,1,672,63,0.0,0.38695325090682775
test,2019-580,2,673,0,1.0,0.6913503281660102
test,2019-580,2,673,1,0.0,0.3956454812314302
test,2019-580,2,673,2,1.0,0.7212026848697791
test,2019-580,2,673,3,1.0,0.6089334306935287
test,2019-580,2,673,4,1.0,0.63963973286167
test,2019-580,2,673,5,1.0,0.609791358892318
test,2019-580,2,673,6,0.0,0.5996082058545243
test,2019-580,2,673,7,0.0,0.47994130789594736
test,2019-580,2,673,8,1.0,0.570080042752275
test,2019-580,2,673,9,0.0,0.3861722017730581
test,2019-580,2,673,10,1.0,0.6831017876032388
test,2019-580,2,673,11,0.0,0.24923139099643618
test,2019-580,2,673,12,0.0,0.4141185252187068
test,2019-580,2,673,13,0.0,0.41462176214507507
test,2019-580,2,673,14,0.0,0.290206773941962
test,2019-580,2,673,15,0.0,0.4996272240450708
test,2019-580,2,673,16,1.0,0.5690320391015949
test,2019-580,2,673,17,0.0,0.4688686855212094
test,2019-580,2,673,18,0.0,0.1704171959548735
test,2019-580,2,673,19,0.0,0.6743308574431204
test,2019-580,2,673,20,1.0,0.3680444959605192
test,2019-580,2,673,21,1.0,0.4515191899236937
test,2019-580,2,673,22,1.0,0.2191831138964462
test,2019-580,2,673,23,1.0,0.323522700348725
test,2019-580,2,673,24,1.0,0.3913732840066124
test,2019-580,2,673,25,0.0,0.06473554758975023
test,2019-580,2,673,26,0.0,0.3583012268345338
test,2019-580,2,673,27,1.0,0.976599407031948
test,2019-580,2,673,28,0.0,0.03397039296334561
test,2019-580,2,673,29,0.0,0.44098001295409395
test,2019-580,2,673,30,1.0,0.5333904683266013
test,2019-580,2,673,31,0.0,0.49471340647978007
test,2019-580,3,674,0,1.0,0.6986383190758765
test,2019-580,3,674,1,0.0,0.2785337287703729
test,2019-580,3,674,2,1.0,0.5950876541095046
test,2019-580,3,674,3,1.0,0.771387443442487
test,2019-580,3,674,4,0.0,0.5245554405608421
test,2019-580,3,674,5,1.0,0.9786010048667174
test,2019-580,3,674,6,0.0,0.34570002342958356
test,2019-580,3,674,7,1.0,0.9785289127342939
test,2019-580,3,674,8,0.0,0.6616466816380191
test,2019-580,3,674,9,1.0,0.5762251410647589
test,2019-580,3,674,10,1.0,0.7096137013062329
test,2019-580,3,674,11,0.0,0.544951177395403
test,2019-580,3,674,12,1.0,0.46682589373604066
test,2019-580,3,674,13,1.0,0.9362933571814781
test,2019-580,3,674,14,1.0,0.582444908222378
test,2019-580,3,674,15,1.0,0.7483530323013429
test,2019-580,4,675,0,0.0,0.2722465096020324
test,2019-580,4,675,1,0.0,0.6468146984248961
test,2019-580,4,675,2,1.0,0.982728128540606
test,2019-580,4,675,3,1.0,0.459808220700843
test,2019-580,4,675,4,0.0,0.7187927145404428
test,2019-580,4,675,5,0.0,0.5124265361670821
test,2019-580,4,675,6,0.0,0.9071882582799086
test,2019-580,4,675,7,0.0,0.07543751792221634
test,2019-580,5,676,0,1.0,0.4524938644287466
test,2019-580,5,676,1,1.0,0.33092560294782897
test,2019-580,5,676,2,0.0,0.05806280318103411
test,2019-580,5,676,3,1.0,0.9712731631092387
test,2019-580,6,677,0,0.0,0.021508393096109413
test,2019-580,6,677,1,0.0,0.03834666028380711
test,2019-580,7,678,0,0.0,0.3904320254065854
test,2019-M006,1,679,0,0.0,0.4999994639721508
test,2019-M006,1,679,1,0.0,0.5
test,2019-M006,1,679,2,0.0,0.5000001225733083
test,2019-M006,1,679,3,0.0,0.49999946419898095
test,2019-M006,1,679,4,1.0,0.49999989803987593
test,2019-M006,1,679,5,1.0,0.50000002276807
test,2019-M006,1,679,6,1.0,0.5000001225733083
test,2019-M006,1,679,7,1.0,0.5000000088463734
test,2019-M006,1,679,8,1.0,0.4999992831602179
test,2019-M006,1,679,9,1.0,0.49999952941263087
test,2019-M006,1,679,10,0.0,0.5000005507718048
test,2019-M006,1,679,11,0.0,0.5000000941344861
test,2019-M006,1,679,12,1.0,0.5000000734078869
test,2019-M006,1,679,13,0.0,0.5000002066705629
test,2019-M006,1,679,14,0.0,0.49999985074580283
test,2019-M006,1,679,15,0.0,0.49999989248253884
test,2019-M006,1,679,16,1.0,0.49999997550235065
test,2019-M006,1,679,17,0.0,0.4999998431753486
test,2019-M006,1,679,18,1.0,0.5000005402809132
test,2019-M006,1,679,19,0.0,0.49999948381978343
test,2019-M006,1,679,20,1.0,0.49999990838899866
test,2019-M006,1,679,21,0.0,0.4999999743682002
test,2019-M006,1,679,22,0.0,0.5000000256317998
test,2019-M006,1,679,23,1.0,0.500000101960124
test,2019-M006,1,679,24,0.0,0.5000006016668055
test,2019-M006,1,679,25,1.0,0.49999990135726596
test,2019-M006,1,679,26,1.0,0.5000005161802166
test,2019-M006,1,679,27,1.0,0.5000007808625742
test,2019-M006,1,679,28,1.0,0.500000222548669
test,2019-M006,1,679,29,1.0,0.4999999743682002
test,2019-M006,1,679,30,1.0,0.4999998709903881
test,2019-M006,1,679,31,0.0,0.5000002521499953
test,2019-M006,2,680,0,1.0,0.500000062605104
test,2019-M006,2,680,1,1.0,0.49999981133407523
test,2019-M006,2,680,2,0.0,0.4999993519747955
test,2019-M006,2,680,3,1.0,0.4999998505473265
test,2019-M006,2,680,4,0.0,0.500000062605104
test,2019-M006,2,680,5,1.0,0.499999962544682
test,2019-M006,2,680,6,1.0,0.5000001282724141
test,2019-M006,2,680,7,1.0,0.5
test,2019-M006,2,680,8,1.0,0.4999999635654173
test,2019-M006,2,680,9,1.0,0.49999995840503286
test,2019-M006,2,680,10,0.0,0.5000004938658068
test,2019-M006,2,680,11,0.0,0.49999993529671766
test,2019-M006,2,680,12,1.0,0.4999998203222174
test,2019-M006,2,680,13,1.0,0.5000000596846667
test,2019-M006,2,680,14,1.0,0.5000002454301541
test,2019-M006,2,680,15,0.0,0.49999982060575493
test,2019-M006,2,680,16,0.0,0.49999941667807773
test,2019-M006,2,680,17,0.0,0.4999998683534883
test,2019-M006,2,680,18,0.0,0.49999941667807773
test,2019-M006,2,680,19,0.0,0.4999997775080385
test,2019-M006,2,680,20,0.0,0.5000000258019224
test,2019-M006,2,680,21,1.0,0.5000000258019224
test,2019-M006,2,680,22,1.0,0.49999947965178054
test,2019-M006,2,680,23,0.0,0.4999997698808769
test,2019-M006,2,680,24,0.0,0.4999993519747955
test,2019-M006,2,680,25,1.0,0.4999999776288827
test,2019-M006,2,680,26,0.0,0.5
test,2019-M006,2,680,27,1.0,0.500000496559414
test,2019-M006,2,680,28,1.0,0.500000062605104
test,2019-M006,2,680,29,0.0,0.500000673345113
test,2019-M006,2,680,30,0.0,0.5000000393833738
test,2019-M006,2,680,31,1.0,0.49999933493418514
test,2019-M006,3,681,0,0.0,0.49999982965060474
test,2019-M006,3,681,1,1.0,0.5000008260584691
test,2019-M006,3,681,2,0.0,0.5000001536206764
test,2019-M006,3,681,3,1.0,0.5000001164205421
test,2019-M006,3,681,4,0.0,0.5000003424850775
test,2019-M006,3,681,5,1.0,0.5000000256885073
test,2019-M006,3,681,6,1.0,0.5000004668446726
test,2019-M006,3,681,7,0.0,0.49999977660071815
test,2019-M006,3,681,8,1.0,0.49999993739489607
test,2019-M006,3,681,9,1.0,0.5000003740995208
test,2019-M006,3,681,10,1.0,0.49999994346260085
test,2019-M006,3,681,11,1.0,0.5000000256885073
test,2019-M006,3,681,12,0.0,0.5000003880495713
test,2019-M006,3,681,13,0.0,0.5000005509419274
test,2019-M006,3,681,14,0.0,0.5000001289812582
test,2019-M006,3,681,15,1.0,0.5000001961796714
test,2019-M006,4,682,0,0.0,0.5000001059012968
test,2019-M006,4,682,1,1.0,0.49999996240291317
test,2019-M006,4,682,2,0.0,0.5000004891023749
test,2019-M006,4,682,3,1.0,0.4999995034972935
test,2019-M006,4,682,4,0.0,0.49999996523828916
test,2019-M006,4,682,5,0.0,0.500000259436912
test,2019-M006,4,682,6,0.0,0.4999998113057215
test,2019-M006,4,682,7,1.0,0.5000006206071178
test,2019-M006,5,683,0,1.0,0.5000004667879651
test,2019-M006,5,683,1,0.0,0.5000001314196816
test,2019-M006,5,683,2,0.0,0.49999984311864115
test,2019-M006,5,683,3,0.0,0.5000000971399847
test,2019-M006,6,684,0,1.0,0.49999937939288214
test,2019-M006,6,684,1,0.0,0.5000001315047429
test,2019-M006,7,685,0,1.0,0.5
test,2019-M007,1,686,0,0.0,0.5602743508326503
test,2019-M007,1,686,1,0.0,0.4843606213311741
test,2019-M007,1,686,2,0.0,0.545611404036224
test,2019-M007,1,686,3,1.0,0.4797403116671729
test,2019-M007,1,686,4,1.0,0.6014530018220462
test,2019-M007,1,686,5,0.0,0.4442448880739674
test,2019-M007,1,686,6,0.0,0.42618448241823137
test,2019-M007,1,686,7,1.0,0.5120126652873173
test,2019-M007,1,686,8,0.0,0.5069158110556006
test,2019-M007,1,686,9,1.0,0.5590831217465578
test,2019-M007,1,686,10,1.0,0.4856743131640122
test,2019-M007,1,686,11,0.0,0.4457262255849003
test,2019-M007,1,686,12,0.0,0.5048631163687005
test,2019-M007,1,686,13,1.0,0.5422401018606777
test,2019-M007,1,686,14,0.0,0.5242417592297812
test,2019-M007,1,686,15,1.0,0.5090881894084903
test,2019-M007,1,686,16,0.0,0.5250350616922151
test,2019-M007,1,686,17,1.0,0.5069088573207378
test,2019-M007,1,686,18,0.0,0.42171647510613053
test,2019-M007,1,686,19,1.0,0.5269860367184221
test,2019-M007,1,686,20,0.0,0.4514569009327691
test,2019-M007,1,686,21,1.0,0.44397171723026574
test,2019-M007,1,686,22,1.0,0.4183933961485907
test,2019-M007,1,686,23,1.0,0.6294540984939403
test,2019-M007,1,686,24,1.0,0.5664954811314135
test,2019-M007,1,686,25,1.0,0.5182230302276544
test,2019-M007,1,686,26,1.0,0.4896343487363483
test,2019-M007,1,686,27,0.0,0.5393043119628155
test,2019-M007,1,686,28,0.0,0.49752656170118553
test,2019-M007,1,686,29,0.0,0.4494836851560114
test,2019-M007,1,686,30,0.0,0.47551996292487103
test,2019-M007,1,686,31,1.0,0.5500425503432068
test,2019-M007,2,687,0,1.0,0.6949083545486983
test,2019-M007,2,687,1,0.0,0.5359395922559125
test,2019-M007,2,687,2,1.0,0.5952607034464792
test,2019-M007,2,687,3,0.0,0.2623320694881249
test,2019-M007,2,687,4,1.0,0.648843975719269
test,2019-M007,2,687,5,0.0,0.3785775280880986
test,2019-M007,2,687,6,0.0,0.5187327153530704
test,2019-M007,2,687,7,0.0,0.015201988028835892
test,2019-M007,2,687,8,1.0,0.22958115245689897
test,2019-M007,2,687,9,0.0,0.30087825710233246
test,2019-M007,2,687,10,0.0,0.6578987118698314
test,2019-M007,2,687,11,1.0,0.48320061890619825
test,2019-M007,2,687,12,0.0,0.58258022308304
test,2019-M007,2,687,13,0.0,0.771218229416458
test,2019-M007,2,687,14,1.0,0.9353924062618968
test,2019-M007,2,687,15,1.0,0.6366782419194488
test,2019-M007,2,687,16,1.0,0.5442523250378704
test,2019-M007,2,687,17,0.0,0.4684009985676459
test,2019-M007,2,687,18,0.0,0.41320114106642514
test,2019-M007,2,687,19,1.0,0.5081867528939983
test,2019-M007,2,687,20,1.0,0.6642138993142083
test,2019-M007,2,687,21,0.0,0.42765116739281345
test,2019-M007,2,687,22,1.0,0.5069487635853129
test,2019-M007,2,687,23,0.0,0.8103142737679381
test,2019-M007,2,687,24,0.0,0.493806850517535
test,2019-M007,2,687,25,1.0,0.4955352097621966
test,2019-M007,2,687,26,0.0,0.7797715149075702
test,2019-M007,2,687,27,1.0,0.6598534917579527
test,2019-M007,2,687,28,0.0,0.5082394113500128
test,2019-M007,2,687,29,0.0,0.3720892680723026
test,2019-M007,2,687,30,0.0,0.4065236154323069
test,2019-M007,2,687,31,1.0,0.47774262658467054
test,2019-M007,3,688,0,0.0,0.3749645539311169
test,2019-M007,3,688,1,1.0,0.3323386585745573
test,2019-M007,3,688,2,1.0,0.5329562393409062
test,2019-M007,3,688,3,1.0,0.9863025950580852
test,2019-M007,3,688,4,1.0,0.5009376724597995
test,2019-M007,3,688,5,0.0,0.5585624021704125
test,2019-M007,3,688,6,1.0,0.4971228395440257
test,2019-M007,3,688,7,0.0,0.39590381559873455
test,2019-M007,3,688,8,1.0,0.2987484430495662
test,2019-M007,3,688,9,1.0,0.6459869307168011
test,2019-M007,3,688,10,0.0,0.44371829904740107
test,2019-M007,3,688,11,0.0,0.4358884890650351
test,2019-M007,3,688,12,1.0,0.9194427565438723
test,2019-M007,3,688,13,1.0,0.5423969852093691
test,2019-M007,3,688,14,1.0,0.31517904568193933
test,2019-M007,3,688,15,0.0,0.34051772929779217
test,2019-M007,4,689,0,0.0,0.6163723911389273
test,2019-M007,4,689,1,0.0,0.5363636337813102
test,2019-M007,4,689,2,0.0,0.0805852732509274
test,2019-M007,4,689,3,0.0,0.32200111640860035
test,2019-M007,4,689,4,0.0,0.5219202826037541
test,2019-M007,4,689,5,1.0,0.606219872814448
test,2019-M007,4,689,6,0.0,0.9743262819077978
test,2019-M007,4,689,7,1.0,0.4712452997408464
test,2019-M007,5,690,0,0.0,0.48207965874830444
test,2019-M007,5,690,1,1.0,0.8537226837161612
test,2019-M007,5,690,2,1.0,0.37179256406102645
test,2019-M007,5,690,3,1.0,0.4728481877595145
test,2019-M007,6,691,0,0.0,0.09766564389960417
test,2019-M007,6,691,1,1.0,0.6992091809844074
test,2019-M007,7,692,0,0.0,0.14297248072302274
test,2019-M009,2,705,0,0.0,0.586330780630074
test,2019-M009,2,705,1,0.0,0.48488258025552294
test,2019-M009,2,705,2,0.0,0.46580421334543176
test,2019-M009,2,705,3,0.0,0.4296257793911484
test,2019-M009,2,705,4,1.0,0.5056680228512687
test,2019-M009,2,705,5,1.0,0.4849922328432321
test,2019-M009,2,705,6,0.0,0.6394720306447637
test,2019-M009,2,705,7,1.0,0.59993709141433
test,2019-M009,2,705,8,1.0,0.414438314496988
test,2019-M009,2,705,9,1.0,0.8122990929555073
test,2019-M009,2,705,10,1.0,0.35019350648864245
test,2019-M009,2,705,11,1.0,0.4534742102356126
test,2019-M009,2,705,12,1.0,0.44789939879644775
test,2019-M009,2,705,13,0.0,0.6109133783862463
test,2019-M009,2,705,14,0.0,0.4729478933592436
test,2019-M009,2,705,15,0.0,0.38642314264754374
test,2019-M009,2,705,16,1.0,0.4573459135051693
test,2019-M009,2,705,17,1.0,0.46017140682637003
test,2019-M009,2,705,18,0.0,0.36156540380585545
test,2019-M009,2,705,19,1.0,0.6476910387982282
test,2019-M009,2,705,20,0.0,0.35791545578553324
test,2019-M009,2,705,21,0.0,0.4987384134290995
test,2019-M009,2,705,22,1.0,0.44788661169597105
test,2019-M009,2,705,23,0.0,0.5012435652604256
test,2019-M009,3,706,0,0.0,0.5046202304156392
test,2019-M009,3,706,1,0.0,0.036026801904482764
test,2019-M009,3,706,2,0.0,0.5698593341642033
test,2019-M009,3,706,3,0.0,0.6478419207286076
test,2019-M009,3,706,4,0.0,0.36101989382068284
test,2019-M009,3,706,5,1.0,0.9779230659328081
test,2019-M009,3,706,6,0.0,0.40853302088867177
test,2019-M009,3,706,7,0.0,0.6560764604356611
test,2019-M009,3,706,8,0.0,0.43712487014432766
test,2019-M009,3,706,9,0.0,0.7245662282420068
test,2019-M009,3,706,10,1.0,0.5177050645445374
test,2019-M009,3,706,11,0.0,0.7563463116171957
test,2019-M009,3,706,12,0.0,0.23838635723901172
test,2019-M009,3,706,13,0.0,0.2905604187392613
test,2019-M009,3,706,14,0.0,0.281371262158687
test,2019-M009,3,706,15,0.0,0.08265594300734819
test,2019-M009,4,707,0,0.0,0.43733532298497874
test,2019-M009,4,707,1,0.0,0.026744775822863696
test,2019-M009,4,707,2,0.0,0.2461366894248008
test,2019-M009,4,707,3,1.0,0.7169389825067346
test,2019-M009,4,707,4,1.0,0.4788803460959756
test,2019-M009,4,707,5,0.0,0.11595167919595285
test,2019-M009,4,707,6,1.0,0.5864490066513491
test,2019-M009,4,707,7,0.0,0.02368717013579426
test,2019-M009,5,708,0,0.0,0.04189916325293953
test,2019-M009,5,708,1,1.0,0.29175565260987657
test,2019-M009,5,708,2,1.0,0.1508172007469814
test,2019-M009,5,708,3,0.0,0.05829184938770654
test,2019-M009,6,709,0,0.0,0.021915160653944492
test,2019-M009,6,709,1,1.0,0.9443185983634443
test,2019-M009,7,710,0,1.0,0.40377725865360187
test,2019-M021,2,699,0,0.0,0.5857838710137429
test,2019-M021,2,699,1,1.0,0.6201671453572625
test,2019-M021,2,699,2,0.0,0.4460575184840719
test,2019-M021,2,699,3,1.0,0.4309766475664633
test,2019-M021,2,699,4,1.0,0.7499655038978986
test,2019-M021,2,699,5,1.0,0.3677815189573747
test,2019-M021,2,699,6,1.0,0.5453928879234343
test,2019-M021,2,699,7,0.0,0.4875661372154477
test,2019-M021,2,699,8,0.0,0.5438924471547979
test,2019-M021,2,699,9,1.0,0.6492930771047211
test,2019-M021,2,699,10,1.0,0.7192462349204737
test,2019-M021,2,699,11,0.0,0.4844481995214096
test,2019-M021,2,699,12,0.0,0.4998224468997577
test,2019-M021,2,699,13,1.0,0.6293000630491505
test,2019-M021,2,699,14,0.0,0.4164284065281569
test,2019-M021,2,699,15,1.0,0.32780801761524264
test,2019-M021,2,699,16,0.0,0.3120856431630313
test,2019-M021,2,699,17,1.0,0.4280659159247732
test,2019-M021,2,699,18,1.0,0.39581894286859637
test,2019-M021,2,699,19,1.0,0.7715439596427449
test,2019-M021,2,699,20,1.0,0.5312596922086779
test,2019-M021,2,699,21,1.0,0.547349279486745
test,2019-M021,2,699,22,1.0,0.3046266801450629
test,2019-M021,2,699,23,1.0,0.4085253247362536
test,2019-M021,3,700,0,1.0,0.4675905066370319
test,2019-M021,3,700,1,0.0,0.6022795406063135
test,2019-M021,3,700,2,1.0,0.5646521022001434
test,2019-M021,3,700,3,0.0,0.20540186492235293
test,2019-M021,3,700,4,1.0,0.677640353418805
test,2019-M021,3,700,5,0.0,0.36612903265342445
test,2019-M021,3,700,6,0.0,0.12854127552387606
test,2019-M021,3,700,7,0.0,0.7441165483242148
test,2019-M021,3,700,8,0.0,0.22776842067526104
test,2019-M021,3,700,9,1.0,0.5247333610441651
test,2019-M021,3,700,10,0.0,0.01694140194984108
test,2019-M021,3,700,11,1.0,0.7963761667349564
test,2019-M021,3,700,12,1.0,0.7297982044419075
test,2019-M021,3,700,13,0.0,0.5734246604802938
test,2019-M021,3,700,14,0.0,0.023731585414155643
test,2019-M021,3,700,15,0.0,0.432917228037369
test,2019-M021,4,701,0,1.0,0.9691380315631826
test,2019-M021,4,701,1,0.0,0.506700661336353
test,2019-M021,4,701,2,0.0,0.26141196495367675
test,2019-M021,4,701,3,1.0,0.4025433493177709
test,2019-M021,4,701,4,1.0,0.6163402950484429
test,2019-M021,4,701,5,0.0,0.11731088862492337
test,2019-M021,4,701,6,1.0,0.7921377934496322
test,2019-M021,4,701,7,0.0,0.02568412046663963
test,2019-M021,5,702,0,1.0,0.9378523499761835
test,2019-M021,5,702,1,1.0,0.9205579177084259
test,2019-M021,5,702,2,1.0,0.38116440997415196
test,2019-M021,5,702,3,0.0,0.7767566451132035
test,2019-M021,6,703,0,1.0,0.9316738825249413
test,2019-M021,6,703,1,1.0,0.038945098141458044
test,2019-M021,7,704,0,1.0,0.9666839509303885
test,2019-M024,2,731,0,1.0,0.6111690374531289
test,2019-M024,2,731,1,0.0,0.4209013119800607
test,2019-M024,2,731,2,1.0,0.4688338061080565
test,2019-M024,2,731,3,1.0,0.537689235185095
test,2019-M024,2,731,4,0.0,0.4129749841369152
test,2019-M024,2,731,5,0.0,0.3756474441668356
test,2019-M024,2,731,6,0.0,0.5532874845005346
test,2019-M024,2,731,7,1.0,0.6172227285123042
test,2019-M024,2,731,8,1.0,0.4975979745076055
test,2019-M024,2,731,9,1.0,0.5875410239573923
test,2019-M024,2,731,10,0.0,0.6384414993763602
test,2019-M024,2,731,11,0.0,0.47410254874625113
test,2019-M024,2,731,12,1.0,0.4300040700282419
test,2019-M024,2,731,13,1.0,0.41753503101006445
test,2019-M024,2,731,14,1.0,0.6935244039113723
test,2019-M024,2,731,15,0.0,0.4351692905638662
test,2019-M024,2,731,16,1.0,0.5847963465371051
test,2019-M024,2,731,17,1.0,0.6676609935357223
test,2019-M024,2,731,18,0.0,0.6137976667631775
test,2019-M024,2,731,19,1.0,0.4494946953815413
test,2019-M024,2,731,20,1.0,0.46139171768871917
test,2019-M024,2,731,21,0.0,0.7235285357501182
test,2019-M024,2,731,22,1.0,0.5915726727569489
test,2019-M024,2,731,23,0.0,0.7742705718498437
test,2019-M024,3,732,0,0.0,0.36555260761235125
test,2019-M024,3,732,1,1.0,0.559505765729674
test,2019-M024,3,732,2,0.0,0.5292717410475233
test,2019-M024,3,732,3,1.0,0.22693952440709375
test,2019-M024,3,732,4,1.0,0.597721703287574
test,2019-M024,3,732,5,0.0,0.028653254561821547
test,2019-M024,3,732,6,0.0,0.577783977202743
test,2019-M024,3,732,7,1.0,0.4958900974305663
test,2019-M024,3,732,8,1.0,0.5616511555080429
test,2019-M024,3,732,9,0.0,0.06007860936588705
test,2019-M024,3,732,10,1.0,0.2539434181498142
test,2019-M024,3,732,11,0.0,0.4331686964263267
test,2019-M024,3,732,12,1.0,0.3759770041266413
test,2019-M024,3,732,13,1.0,0.25504908251536723
test,2019-M024,3,732,14,1.0,0.6627729376597634
test,2019-M024,3,732,15,0.0,0.3324860513372071
test,2019-M024,4,733,0,0.0,0.2734655343760942
test,2019-M024,4,733,1,0.0,0.025646041041304794
test,2019-M024,4,733,2,1.0,0.4004303136937228
test,2019-M024,4,733,3,0.0,0.9211773353764178
test,2019-M024,4,733,4,1.0,0.5742546167082859
test,2019-M024,4,733,5,0.0,0.42810698121187185
test,2019-M024,4,733,6,1.0,0.5094357906211118
test,2019-M024,4,733,7,1.0,0.6334666064681208
test,2019-M024,5,734,0,0.0,0.025401776174830845
test,2019-M024,5,734,1,1.0,0.5835291382151945
test,2019-M024,5,734,2,1.0,0.45164966881825525
test,2019-M024,5,734,3,0.0,0.28634722971766224
test,2019-M024,6,735,0,1.0,0.03463694938119203
test,2019-M024,6,735,1,0.0,0.4725529755146871
test,2019-M024,7,736,0,0.0,0.5077790100315439
test,2020-0352,2,789,0,0.0,0.4941391722558858
test,2020-0352,2,789,1,0.0,0.4111215571044431
test,2020-0352,2,789,2,1.0,0.5014098584418819
test,2020-0352,2,789,3,0.0,0.43475433252045714
test,2020-0352,2,789,4,0.0,0.40100372821453506
test,2020-0352,2,789,5,1.0,0.5702658877560175
test,2020-0352,2,789,6,0.0,0.5476297090217273
test,2020-0352,2,789,7,1.0,0.45981317872207295
test,2020-0352,2,789,8,1.0,0.492080356412007
test,2020-0352,2,789,9,0.0,0.4993297513490153
test,2020-0352,2,789,10,0.0,0.19053706349573266
test,2020-0352,2,789,11,1.0,0.4852229482685949
test,2020-0352,2,789,12,1.0,0.6374521681524423
test,2020-0352,2,789,13,1.0,0.49031825308433025
test,2020-0352,2,789,14,0.0,0.6672210374415274
test,2020-0352,2,789,15,0.0,0.5014408180020148
test,2020-0352,2,789,16,0.0,0.5009042052117139
test,2020-0352,2,789,17,0.0,0.3506091724821559
test,2020-0352,2,789,18,1.0,0.42907206113030666
test,2020-0352,2,789,19,0.0,0.5060566268797828
test,2020-0352,2,789,20,0.0,0.27213290090197223
test,2020-0352,2,789,21,0.0,0.26343819314189076
test,2020-0352,2,789,22,0.0,0.5231447468159757
test,2020-0352,2,789,23,0.0,0.6050589396919478
test,2020-0352,3,790,0,1.0,0.7690760939080047
test,2020-0352,3,790,1,1.0,0.3196650869450693
test,2020-0352,3,790,2,1.0,0.7128142066830521
test,2020-0352,3,790,3,0.0,0.5552158249910063
test,2020-0352,3,790,4,0.0,0.48161485138774573
test,2020-0352,3,790,5,0.0,0.4899917444060692
test,2020-0352,3,790,6,1.0,0.9707225912834262
test,2020-0352,3,790,7,1.0,0.40600924575154806
test,2020-0352,3,790,8,0.0,0.49705311819652326
test,2020-0352,3,790,9,1.0,0.3048986040309177
test,2020-0352,3,790,10,1.0,0.7287758175577346
test,2020-0352,3,790,11,1.0,0.5688320427316829
test,2020-0352,3,790,12,1.0,0.8130702647737301
test,2020-0352,3,790,13,1.0,0.6258526805114567
test,2020-0352,3,790,14,0.0,0.47990350465708204
test,2020-0352,3,790,15,0.0,0.49241865522629163
test,2020-0352,4,791,0,0.0,0.017513777230074388
test,2020-0352,4,791,1,1.0,0.6063685740587886
test,2020-0352,4,791,2,1.0,0.6601523987770057
test,2020-0352,4,791,3,1.0,0.7205568237979206
test,2020-0352,4,791,4,0.0,0.29547933199905635
test,2020-0352,4,791,5,1.0,0.6716496890481357
test,2020-0352,4,791,6,0.0,0.7318706892453837
test,2020-0352,4,791,7,1.0,0.746243736756779
test,2020-0352,5,792,0,1.0,0.97520953095228
test,2020-0352,5,792,1,1.0,0.3660699673656121
test,2020-0352,5,792,2,0.0,0.5163265188940086
test,2020-0352,5,792,3,1.0,0.6883273761274029
test,2020-0352,6,793,0,0.0,0.954914180795699
test,2020-0352,6,793,1,1.0,0.4431349087625394
test,2020-0352,7,794,0,1.0,0.3890007786645439
test,2020-520,1,782,0,1.0,0.34491634701668533
test,2020-520,1,782,1,1.0,0.7339309640717042
test,2020-520,1,782,2,1.0,0.6812293448087599
test,2020-520,1,782,3,1.0,0.4275244830088117
test,2020-520,1,782,4,0.0,0.49157892369379735
test,2020-520,1,782,5,0.0,0.6939408745571659
test,2020-520,1,782,6,0.0,0.4928287114827497
test,2020-520,1,782,7,0.0,0.4926298253779768
test,2020-520,1,782,8,0.0,0.3938922968174233
test,2020-520,1,782,9,0.0,0.47634383603753605
test,2020-520,1,782,10,0.0,0.520696051265384
test,2020-520,1,782,11,1.0,0.5440325167669543
test,2020-520,1,782,12,0.0,0.5172486654941693
test,2020-520,1,782,13,0.0,0.49701503045541173
test,2020-520,1,782,14,1.0,0.5109057368621924
test,2020-520,1,782,15,1.0,0.7437173316526193
test,2020-520,1,782,16,1.0,0.9819099393296593
test,2020-520,1,782,17,1.0,0.9875851612349674
test,2020-520,1,782,18,1.0,0.5836704063316411
test,2020-520,1,782,19,1.0,0.521484283462635
test,2020-520,1,782,20,1.0,0.5928869799251618
test,2020-520,1,782,21,1.0,0.4637245003634456
test,2020-520,1,782,22,0.0,0.5003676462236796
test,2020-520,1,782,23,0.0,0.5220966934057782
test,2020-520,1,782,24,1.0,0.3459847449246426
test,2020-520,1,782,25,1.0,0.5296092043490911
test,2020-520,1,782,26,1.0,0.47552733081391907
test,2020-520,1,782,27,1.0,0.33374333671168765
test,2020-520,1,782,28,0.0,0.44502375331732297
test,2020-520,1,782,29,1.0,0.5529079732081176
test,2020-520,1,782,30,1.0,0.5697814241011588
test,2020-520,1,782,31,0.0,0.4992577664543067
test,2020-520,1,782,32,1.0,0.5412149215608703
test,2020-520,1,782,33,1.0,0.6637879162088439
test,2020-520,1,782,34,1.0,0.5582966652594858
test,2020-520,1,782,35,1.0,0.4544542619705655
test,2020-520,1,782,36,0.0,0.5747549616965618
test,2020-520,1,782,37,0.0,0.4896073902605811
test,2020-520,1,782,38,1.0,0.48470215790589755
test,2020-520,1,782,39,0.0,0.35138726471276654
test,2020-520,1,782,40,0.0,0.5007422335456934
test,2020-520,1,782,41,0.0,0.49692279701980735
test,2020-520,1,782,42,0.0,0.4430572522242385
test,2020-520,1,782,43,1.0,0.5449826839600141
test,2020-520,1,782,44,1.0,0.46542173008134397
test,2020-520,1,782,45,0.0,0.4999997823565316
test,2020-520,1,782,46,0.0,0.48775995705297226
test,2020-520,1,782,47,0.0,0.5799525199449655
test,2020-520,1,782,48,1.0,0.48660942506818655
test,2020-520,1,782,49,0.0,0.6378252292575385
test,2020-520,1,782,50,1.0,0.36999267769675087
test,2020-520,1,782,51,1.0,0.5132653285697606
test,2020-520,1,782,52,0.0,0.44689416451390784
test,2020-520,1,782,53,1.0,0.5168288410962376
test,2020-520,1,782,54,1.0,0.34588831899598516
test,2020-520,1,782,55,1.0,0.6953294664131952
test,2020-520,1,782,56,0.0,0.4282692616892605
test,2020-520,1,782,57,1.0,0.5293002036952458
test,2020-520,1,782,58,0.0,0.5766314521839536
test,2020-520,1,782,59,0.0,0.27360783388449744
test,2020-520,1,782,60,1.0,0.44716496353614693
test,2020-520,1,782,61,1.0,0.45312558998247654
test,2020-520,1,782,62,0.0,0.5096408991859893
test,2020-520,1,782,63,1.0,0.6792461983077778
test,2020-520,2,783,0,1.0,0.3857515742980059
test,2020-520,2,783,1,0.0,0.013291868003896474
test,2020-520,2,783,2,1.0,0.44552283242556623
test,2020-520,2,783,3,1.0,0.5677695517613651
test,2020-520,2,783,4,1.0,0.6142646132446313
test,2020-520,2,783,5,0.0,0.2669103127773868
test,2020-520,2,783,6,1.0,0.5338107704248138
test,2020-520,2,783,7,1.0,0.5597432730449867
test,2020-520,2,783,8,1.0,0.48666999260649124
test,2020-520,2,783,9,0.0,0.4840890333713884
test,2020-520,2,783,10,1.0,0.5873853916206679
test,2020-520,2,783,11,0.0,0.3526386773828867
test,2020-520,2,783,12,0.0,0.6790058368771124
test,2020-520,2,783,13,1.0,0.7240398812891127
test,2020-520,2,783,14,0.0,0.4743978818829464
test,2020-520,2,783,15,1.0,0.6383854948239576
test,2020-520,2,783,16,0.0,0.01925886930782363
test,2020-520,2,783,17,1.0,0.2507460587295219
test,2020-520,2,783,18,0.0,0.6769822616287302
test,2020-520,2,783,19,1.0,0.44812348218097103
test,2020-520,2,783,20,0.0,0.4685266939117033
test,2020-520,2,783,21,0.0,0.5984312379398438
test,2020-520,2,783,22,1.0,0.5414664595542137
test,2020-520,2,783,23,1.0,0.7056467269318313
test,2020-520,2,783,24,1.0,0.8049867626432333
test,2020-520,2,783,25,0.0,0.45235449946217
test,2020-520,2,783,26,1.0,0.475522586036974
test,2020-520,2,783,27,1.0,0.823525549461995
test,2020-520,2,783,28,0.0,0.31008678462748884
test,2020-520,2,783,29,1.0,0.4995611793332426
test,2020-520,2,783,30,1.0,0.49342754039910164
test,2020-520,2,783,31,0.0,0.4750577479857362
test,2020-520,3,784,0,0.0,0.5344272016468278
test,2020-520,3,784,1,0.0,0.44992683811014184
test,2020-520,3,784,2,1.0,0.45457832087855904
test,2020-520,3,784,3,1.0,0.36648222806949443
test,2020-520,3,784,4,1.0,0.6025125738337602
test,2020-520,3,784,5,1.0,0.9869476835978558
test,2020-520,3,784,6,1.0,0.7107732905520447
test,2020-520,3,784,7,0.0,0.3182024321123394
test,2020-520,3,784,8,1.0,0.4627836810109428
test,2020-520,3,784,9,0.0,0.3168575991347242
test,2020-520,3,784,10,1.0,0.9789145020853673
test,2020-520,3,784,11,0.0,0.49673557854411243
test,2020-520,3,784,12,1.0,0.5207380858994056
test,2020-520,3,784,13,1.0,0.7007371033971125
test,2020-520,3,784,14,0.0,0.194656602309126
test,2020-520,3,784,15,1.0,0.16481368812832953
test,2020-520,4,785,0,0.0,0.019650208787797285
test,2020-520,4,785,1,0.0,0.7216623500821939
test,2020-520,4,785,2,0.0,0.16519619572194133
test,2020-520,4,785,3,0.0,0.32780425578167216
test,2020-520,4,785,4,0.0,0.404581084549763
test,2020-520,4,785,5,0.0,0.39308745817035573
test,2020-520,4,785,6,1.0,0.9733048349625619
test,2020-520,4,785,7,1.0,0.4773681350081997
test,2020-520,5,786,0,0.0,0.7149819747517931
test,2020-520,5,786,1,0.0,0.022819192872355062
test,2020-520,5,786,2,0.0,0.4316113659565875
test,2020-520,5,786,3,0.0,0.021262856940387365
test,2020-520,6,787,0,0.0,0.04458601276838011
test,2020-520,6,787,1,1.0,0.967131018779467
test,2020-520,7,788,0,1.0,0.40113254519058744
test,2020-560,1,769,0,1.0,0.5000000647599898
test,2020-560,1,769,1,1.0,0.5000000941061323
test,2020-560,1,769,2,0.0,0.49999950006648847
test,2020-560,1,769,3,1.0,0.5000001383096455
test,2020-560,1,769,4,0.0,0.49999993730983483
test,2020-560,1,769,5,0.0,0.5000000543541596
test,2020-560,1,769,6,1.0,0.5000002233142206
test,2020-560,1,769,7,1.0,0.5000008094998727
test,2020-560,1,769,8,0.0,0.49999991136614347
test,2020-560,1,769,9,1.0,0.5000000660075552
test,2020-560,1,769,10,0.0,0.4999999741980776
test,2020-560,1,769,11,0.0,0.5000000626901653
test,2020-560,1,769,12,0.0,0.5
test,2020-560,1,769,13,1.0,0.5000000732944718
test,2020-560,1,769,14,0.0,0.4999998977563383
test,2020-560,1,769,15,1.0,0.4999999755590582
test,2020-560,1,769,16,0.0,0.5000000258019224
test,2020-560,1,769,17,1.0,0.4999993726446872
test,2020-560,1,769,18,1.0,0.49999932665488694
test,2020-560,1,769,19,1.0,0.49999993730983483
test,2020-560,1,769,20,1.0,0.4999994623843403
test,2020-560,1,769,21,1.0,0.49999993730983483
test,2020-560,1,769,22,0.0,0.5
test,2020-560,1,769,23,0.0,0.5000000988412103
test,2020-560,1,769,24,1.0,0.5
test,2020-560,1,769,25,1.0,0.4999997152431796
test,2020-560,1,769,26,1.0,0.4999999625163282
test,2020-560,1,769,27,1.0,0.5000001886659248
test,2020-560,1,769,28,1.0,0.5000001702359802
test,2020-560,1,769,29,1.0,0.4999999058938677
test,2020-560,1,769,30,1.0,0.5000000374836718
test,2020-560,1,769,31,0.0,0.49999990300178404
test,2020-560,1,769,32,1.0,0.5000000626901653
test,2020-560,1,769,33,0.0,0.4999998977563383
test,2020-560,1,769,34,0.0,0.5000000415666134
test,2020-560,1,769,35,0.0,0.5000002224069002
test,2020-560,1,769,36,0.0,0.49999951078421007
test,2020-560,1,769,37,0.0,0.5000001022436616
test,2020-560,1,769,38,1.0,0.5000008528811268
test,2020-560,1,769,39,1.0,0.5000000395818501
test,2020-560,1,769,40,1.0,0.5000000258019224
test,2020-560,1,769,41,0.0,0.5000001022436616
test,2020-560,1,769,42,0.0,0.49999990300178404
test,2020-560,1,769,43,1.0,0.49999964577646555
test,2020-560,1,769,44,0.0,0.5000005509419274
test,2020-560,1,769,45,1.0,0.5000002120294238
test,2020-560,1,769,46,1.0,0.49999993524001013
test,2020-560,1,769,47,1.0,0.5000001022436616
test,2020-560,1,769,48,1.0,0.5000001569097127
test,2020-560,1,769,49,1.0,0.4999999741980776
test,2020-560,1,769,50,0.0,0.49999996041814976
test,2020-560,1,769,51,1.0,0.49999955822005204
test,2020-560,1,769,52,0.0,0.5
test,2020-560,1,769,53,1.0,0.5000000941061323
test,2020-560,1,769,54,0.0,0.4999997812223811
test,2020-560,1,769,55,0.0,0.49999976962569304
test,2020-560,1,769,56,1.0,0.49999930624017913
test,2020-560,1,769,57,1.0,0.5000000258019224
test,2020-560,1,769,58,1.0,0.49999986679403147
test,2020-560,1,769,59,0.0,0.5000001593764899
test,2020-560,1,769,60,1.0,0.49999960242356517
test,2020-560,1,769,61,0.0,0.5000005050655423
test,2020-560,1,769,62,0.0,0.5000001791957687
test,2020-560,1,769,63,1.0,0.5000000801844358
test,2020-560,2,770,0,1.0,0.5000000917244164
test,2020-560,2,770,1,1.0,0.5000000565941067
test,2020-560,2,770,2,0.0,0.4999992936227556
test,2020-560,2,770,3,1.0,0.5000000238171591
test,2020-560,2,770,4,0.0,0.4999998206341087
test,2020-560,2,770,5,0.0,0.5
test,2020-560,2,770,6,1.0,0.5
test,2020-560,2,770,7,0.0,0.5
test,2020-560,2,770,8,1.0,0.5000000597413741
test,2020-560,2,770,9,1.0,0.5
test,2020-560,2,770,10,1.0,0.5000006851686313
test,2020-560,2,770,11,1.0,0.5000001570514814
test,2020-560,2,770,12,1.0,0.49999996509652034
test,2020-560,2,770,13,0.0,0.49999993529671766
test,2020-560,2,770,14,0.0,0.5000001618999745
test,2020-560,2,770,15,0.0,0.500000089399408
test,2020-560,2,770,16,1.0,0.4999998297073123
test,2020-560,2,770,17,0.0,0.500000516350339
test,2020-560,2,770,18,1.0,0.5000001793658913
test,2020-560,2,770,19,1.0,0.5
test,2020-560,2,770,20,1.0,0.5000000626901653
test,2020-560,2,770,21,1.0,0.4999999636504786
test,2020-560,2,770,22,0.0,0.49999993730983483
test,2020-560,2,770,23,0.0,0.5
test,2020-560,2,770,24,0.0,0.5000000626901653
test,2020-560,2,770,25,0.0,0.4999998982099985
test,2020-560,2,770,26,0.0,0.4999995001515497
test,2020-560,2,770,27,0.0,0.5000001570514814
test,2020-560,2,770,28,1.0,0.5000007125583643
test,2020-560,2,770,29,1.0,0.49999997425478515
test,2020-560,2,770,30,1.0,0.49999984294851857
test,2020-560,2,770,31,0.0,0.4999998836645192
test,2020-560,3,771,0,0.0,0.49999987756846065
test,2020-560,3,771,1,0.0,0.5000006732884055
test,2020-560,3,771,2,1.0,0.5000000375120256
test,2020-560,3,771,3,1.0,0.5000001569097127
test,2020-560,3,771,4,1.0,0.49999958050610793
test,2020-560,3,771,5,0.0,0.4999998208042314
test,2020-560,3,771,6,0.0,0.5
test,2020-560,3,771,7,0.0,0.5000000596846667
test,2020-560,3,771,8,1.0,0.4999999351833026
test,2020-560,3,771,9,1.0,0.5000001701792727
test,2020-560,3,771,10,1.0,0.49999994031533335
test,2020-560,3,771,11,0.0,0.4999995108125638
test,2020-560,3,771,12,0.0,0.5000001791957687
test,2020-560,3,771,13,0.0,0.5000004762014137
test,2020-560,3,771,14,1.0,0.4999998462375548
test,2020-560,3,771,15,1.0,0.5
test,2020-560,4,772,0,0.0,0.5
test,2020-560,4,772,1,0.0,0.49999931477466114
test,2020-560,4,772,2,1.0,0.500000062605104
test,2020-560,4,772,3,0.0,0.4999998206908163
test,2020-560,4,772,4,1.0,0.4999999058371602
test,2020-560,4,772,5,0.0,0.4999998835794579
test,2020-560,4,772,6,1.0,0.49999987745504554
test,2020-560,4,772,7,1.0,0.4999999031435528
test,2020-560,5,773,0,0.0,0.499999974623384
test,2020-560,5,773,1,1.0,0.49999941673478526
test,2020-560,5,773,2,0.0,0.49999988349439667
test,2020-560,5,773,3,0.0,0.49999988349439667
test,2020-560,6,774,0,0.0,0.5000001538758603
test,2020-560,6,774,1,0.0,0.49999988349439667
test,2020-560,7,775,0,1.0,0.49999984626590854
test,2020-580,1,756,0,1.0,0.6763957938749631
test,2020-580,1,756,1,1.0,0.5029223902149107
test,2020-580,1,756,2,1.0,0.5593664671343477
test,2020-580,1,756,3,0.0,0.3830111354467098
test,2020-580,1,756,4,1.0,0.526858050244992
test,2020-580,1,756,5,0.0,0.45576488709214613
test,2020-580,1,756,6,1.0,0.5809687835917665
test,2020-580,1,756,7,1.0,0.8060223377358542
test,2020-580,1,756,8,1.0,0.5589412467180734
test,2020-580,1,756,9,0.0,0.49999942563786626
test,2020-580,1,756,10,1.0,0.6679818762228686
test,2020-580,1,756,11,0.0,0.6839993783680856
test,2020-580,1,756,12,1.0,0.5118950195500175
test,2020-580,1,756,13,0.0,0.5065285591835579
test,2020-580,1,756,14,1.0,0.6625382315230754
test,2020-580,1,756,15,1.0,0.7163152971272578
test,2020-580,1,756,16,1.0,0.7614165837319008
test,2020-580,1,756,17,0.0,0.32307725799221826
test,2020-580,1,756,18,1.0,0.5594954220609278
test,2020-580,1,756,19,1.0,0.5257338323732292
test,2020-580,1,756,20,0.0,0.4522300407884441
test,2020-580,1,756,21,1.0,0.6548230984293137
test,2020-580,1,756,22,0.0,0.0244645000568517
test,2020-580,1,756,23,1.0,0.5023418665170336
test,2020-580,1,756,24,1.0,0.562953602728824
test,2020-580,1,756,25,0.0,0.37603666521078905
test,2020-580,1,756,26,0.0,0.3864908079670026
test,2020-580,1,756,27,0.0,0.4916814003932997
test,2020-580,1,756,28,0.0,0.5304410716300899
test,2020-580,1,756,29,1.0,0.9845666660496609
test,2020-580,1,756,30,1.0,0.4337724905807791
test,2020-580,1,756,31,0.0,0.517173124511052
test,2020-580,1,756,32,1.0,0.5014804662018498
test,2020-580,1,756,33,1.0,0.5723462387008533
test,2020-580,1,756,34,1.0,0.6999136158477245
test,2020-580,1,756,35,1.0,0.4917732114965117
test,2020-580,1,756,36,1.0,0.5204779334875986
test,2020-580,1,756,37,0.0,0.5300317394062019
test,2020-580,1,756,38,1.0,0.4431845963628612
test,2020-580,1,756,39,1.0,0.49999987756846065
test,2020-580,1,756,40,1.0,0.6289283436266588
test,2020-580,1,756,41,0.0,0.5290941467604392
test,2020-580,1,756,42,0.0,0.22978714658377025
test,2020-580,1,756,43,1.0,0.6138559673974721
test,2020-580,1,756,44,1.0,0.70885522083568
test,2020-580,1,756,45,1.0,0.5530453747643962
test,2020-580,1,756,46,0.0,0.3595138706919351
test,2020-580,1,756,47,1.0,0.6902304406981563
test,2020-580,1,756,48,1.0,0.5464783623925102
test,2020-580,1,756,49,0.0,0.44834744301139845
test,2020-580,1,756,50,1.0,0.535817045079942
test,2020-580,1,756,51,0.0,0.07494890092629417
test,2020-580,1,756,52,1.0,0.5050005044177419
test,2020-580,1,756,53,0.0,0.49620241838336887
test,2020-580,1,756,54,1.0,0.5888961212446406
test,2020-580,1,756,55,0.0,0.461062923202406
test,2020-580,1,756,56,1.0,0.6637940848324507
test,2020-580,1,756,57,0.0,0.49831262600880327
test,2020-580,1,756,58,0.0,0.6505300348745123
test,2020-580,1,756,59,1.0,0.5019678263587276
test,2020-580,1,756,60,0.0,0.5740122569451397
test,2020-580,1,756,61,1.0,0.7329500450776955
test,2020-580,1,756,62,0.0,0.4633509034595971
test,2020-580,1,756,63,1.0,0.5401451158914887
test,2020-580,2,757,0,0.0,0.488571138340583
test,2020-580,2,757,1,0.0,0.33278399098919104
test,2020-580,2,757,2,0.0,0.45854898499539914
test,2020-580,2,757,3,1.0,0.25568850524849535
test,2020-580,2,757,4,0.0,0.07290634330829678
test,2020-580,2,757,5,0.0,0.42927411055840453
test,2020-580,2,757,6,0.0,0.34005844780523464
test,2020-580,2,757,7,0.0,0.3096724764103505
test,2020-580,2,757,8,0.0,0.2856185101126135
test,2020-580,2,757,9,1.0,0.629848697444445
test,2020-580,2,757,10,0.0,0.41294691417935814
test,2020-580,2,757,11,0.0,0.4397409639720538
test,2020-580,2,757,12,1.0,0.6367353409178682
test,2020-580,2,757,13,0.0,0.4039649542326774
test,2020-580,2,757,14,1.0,0.7464284705689516
test,2020-580,2,757,15,1.0,0.677359234078104
test,2020-580,2,757,16,0.0,0.40966693367386214
test,2020-580,2,757,17,0.0,0.32226871661810796
test,2020-580,2,757,18,0.0,0.21961084499669473
test,2020-580,2,757,19,1.0,0.6817920247679135
test,2020-580,2,757,20,1.0,0.5192501547013361
test,2020-580,2,757,21,1.0,0.7343384391227347
test,2020-580,2,757,22,0.0,0.17417993944260943
test,2020-580,2,757,23,1.0,0.37486881746338147
test,2020-580,2,757,24,1.0,0.5386950196822775
test,2020-580,2,757,25,0.0,0.509152145094992
test,2020-580,2,757,26,0.0,0.3254288066196816
test,2020-580,2,757,27,1.0,0.5025313957902916
test,2020-580,2,757,28,0.0,0.5327034005414653
test,2020-580,2,757,29,0.0,0.015545190669004652
test,2020-580,2,757,30,1.0,0.6084890243109599
test,2020-580,2,757,31,1.0,0.9821119308969174
test,2020-580,3,758,0,1.0,0.5880044045268533
test,2020-580,3,758,1,1.0,0.4678458176167512
test,2020-580,3,758,2,1.0,0.9827127696807102
test,2020-580,3,758,3,1.0,0.5582508128280397
test,2020-580,3,758,4,1.0,0.5127900042454528
test,2020-580,3,758,5,0.0,0.07289516595804318
test,2020-580,3,758,6,1.0,0.5242102314507165
test,2020-580,3,758,7,1.0,0.6281462527926353
test,2020-580,3,758,8,0.0,0.6051216098283909
test,2020-580,3,758,9,1.0,0.5226482284663768
test,2020-580,3,758,10,0.0,0.6287600407305016
test,2020-580,3,758,11,0.0,0.30523454737460015
test,2020-580,3,758,12,0.0,0.2917240843930512
test,2020-580,3,758,13,0.0,0.21091684183169146
test,2020-580,3,758,14,1.0,0.612740561195144
test,2020-580,3,758,15,0.0,0.024793383624724743
test,2020-580,4,759,0,1.0,0.9727785088083503
test,2020-580,4,759,1,1.0,0.4026125717683132
test,2020-580,4,759,2,1.0,0.9290060081609764
test,2020-580,4,759,3,0.0,0.6650084969045372
test,2020-580,4,759,4,1.0,0.6439555285286501
test,2020-580,4,759,5,0.0,0.3548865665101868
test,2020-580,4,759,6,1.0,0.704338696056423
test,2020-580,4,759,7,0.0,0.029272418558694915
test,2020-580,5,760,0,0.0,0.04234366394174169
test,2020-580,5,760,1,0.0,0.07722958050956531
test,2020-580,5,760,2,1.0,0.3760688338918624
test,2020-580,5,760,3,1.0,0.07449238163287887
test,2020-580,6,761,0,1.0,0.8046038710349173
test,2020-580,6,761,1,0.0,0.3513675188849962
test,2020-580,7,762,0,0.0,0.08801271667223928
test,2020-M009,2,776,0,1.0,0.46191680574388344
test,2020-M009,2,776,1,0.0,0.5500523338634727
test,2020-M009,2,776,2,1.0,0.5207555253677151
test,2020-M009,2,776,3,1.0,0.1741704844473917
test,2020-M009,2,776,4,0.0,0.5256495856853325
test,2020-M009,2,776,5,0.0,0.43870506423454214
test,2020-M009,2,776,6,0.0,0.31195751313178116
test,2020-M009,2,776,7,0.0,0.39585352863409623
test,2020-M009,2,776,8,1.0,0.49676259059720634
test,2020-M009,2,776,9,0.0,0.5044360504209293
test,2020-M009,2,776,10,1.0,0.3945896929197262
test,2020-M009,2,776,11,0.0,0.491987832320158
test,2020-M009,2,776,12,0.0,0.27307692707099823
test,2020-M009,2,776,13,1.0,0.5948437765209404
test,2020-M009,2,776,14,1.0,0.3616620677631828
test,2020-M009,2,776,15,0.0,0.6684904858938134
test,2020-M009,2,776,16,1.0,0.775663967280678
test,2020-M009,2,776,17,0.0,0.5345682034726889
test,2020-M009,2,776,18,1.0,0.3496294276715968
test,2020-M009,2,776,19,1.0,0.5883574438393155
test,2020-M009,2,776,20,0.0,0.5501294581209834
test,2020-M009,2,776,21,0.0,0.6186633205033062
test,2020-M009,2,776,22,1.0,0.7069226138153666
test,2020-M009,3,777,0,1.0,0.28268426113741435
test,2020-M009,3,777,1,0.0,0.5723823114083428
test,2020-M009,3,777,2,0.0,0.43739375912294887
test,2020-M009,3,777,3,0.0,0.686478286947043
test,2020-M009,3,777,4,0.0,0.290428754892109
test,2020-M009,3,777,5,0.0,0.3395665972041406
test,2020-M009,3,777,6,1.0,0.32435357375614665
test,2020-M009,3,777,7,1.0,0.5848524054037004
test,2020-M009,3,777,8,1.0,0.5069185560815024
test,2020-M009,3,777,9,0.0,0.6252497950840025
test,2020-M009,3,777,10,0.0,0.4503314009342804
test,2020-M009,3,777,11,1.0,0.33883775670954464
test,2020-M009,3,777,12,0.0,0.745505852801131
test,2020-M009,3,777,13,0.0,0.47911868986943495
test,2020-M009,3,777,14,0.0,0.012681199907665622
test,2020-M009,3,777,15,0.0,0.026880169019801
test,2020-M009,4,778,0,1.0,0.5427119768233346
test,2020-M009,4,778,1,0.0,0.017114758878867938
test,2020-M009,4,778,2,1.0,0.9759689456239968
test,2020-M009,4,778,3,0.0,0.41868487138150934
test,2020-M009,4,778,4,1.0,0.7115681026013462
test,2020-M009,4,778,5,1.0,0.6400750800421517
test,2020-M009,4,778,6,1.0,0.22913517072537543
test,2020-M009,4,778,7,1.0,0.4757716049766174
test,2020-M009,5,779,0,0.0,0.01343678747084252
test,2020-M009,5,779,1,1.0,0.4869137808437039
test,2020-M009,5,779,2,1.0,0.4309841736730504
test,2020-M009,5,779,3,0.0,0.9713486718580898
test,2020-M009,6,780,0,0.0,0.015091313166195185
test,2020-M009,6,780,1,1.0,0.49774601807774443
test,2020-M009,7,781,0,0.0,0.02722161420647231
test,2020-M024,2,763,0,1.0,0.724757540168963
test,2020-M024,2,763,1,0.0,0.5042256790345324
test,2020-M024,2,763,2,1.0,0.5382754709864107
test,2020-M024,2,763,3,0.0,0.5000076388744333
test,2020-M024,2,763,4,0.0,0.657412431318163
test,2020-M024,2,763,5,0.0,0.43410619015617974
test,2020-M024,2,763,6,0.0,0.4844012241789399
test,2020-M024,2,763,7,0.0,0.511098179738892
test,2020-M024,2,763,8,1.0,0.4806328215079355
test,2020-M024,2,763,9,1.0,0.6543180889636369
test,2020-M024,2,763,10,1.0,0.5412383479054632
test,2020-M024,2,763,11,1.0,0.6957781168667035
test,2020-M024,2,763,12,1.0,0.4999999058371602
test,2020-M024,2,763,13,0.0,0.4773513568335378
test,2020-M024,2,763,14,1.0,0.6034513625306079
test,2020-M024,2,763,15,0.0,0.3526915447016743
test,2020-M024,2,763,16,0.0,0.5463667597469057
test,2020-M024,2,763,17,0.0,0.4071999088515034
test,2020-M024,2,763,18,1.0,0.8266546277393566
test,2020-M024,2,763,19,1.0,0.5933053984714188
test,2020-M024,2,763,20,1.0,0.41919317915643894
test,2020-M024,2,763,21,1.0,0.5344622133223229
test,2020-M024,2,763,22,0.0,0.4564583244805547
test,2020-M024,2,763,23,1.0,0.5548278454571721
test,2020-M024,3,764,0,0.0,0.7028998161836203
test,2020-M024,3,764,1,0.0,0.8176685299947307
test,2020-M024,3,764,2,1.0,0.6999741064662451
test,2020-M024,3,764,3,1.0,0.6810533601615596
test,2020-M024,3,764,4,0.0,0.36978456406704696
test,2020-M024,3,764,5,1.0,0.49531601044506535
test,2020-M024,3,764,6,0.0,0.5805211576573958
test,2020-M024,3,764,7,1.0,0.5041418915992125
test,2020-M024,3,764,8,1.0,0.5550277504349707
test,2020-M024,3,764,9,0.0,0.52840804268215
test,2020-M024,3,764,10,1.0,0.6986126685041498
test,2020-M024,3,764,11,1.0,0.559050398727788
test,2020-M024,3,764,12,1.0,0.4235520824983889
test,2020-M024,3,764,13,1.0,0.5004350632575908
test,2020-M024,3,764,14,1.0,0.9860811466387802
test,2020-M024,3,764,15,1.0,0.5905396411081284
test,2020-M024,4,765,0,0.0,0.016996319687003276
test,2020-M024,4,765,1,0.0,0.32697486497598044
test,2020-M024,4,765,2,1.0,0.5514644371078657
test,2020-M024,4,765,3,0.0,0.5133095137855992
test,2020-M024,4,765,4,1.0,0.5069501873495014
test,2020-M024,4,765,5,0.0,0.6199841495444456
test,2020-M024,4,765,6,1.0,0.5231824954396791
test,2020-M024,4,765,7,0.0,0.7144224478038077
test,2020-M024,5,766,0,1.0,0.9776465725871973
test,2020-M024,5,766,1,1.0,0.520207970618424
test,2020-M024,5,766,2,1.0,0.6514492635645175
test,2020-M024,5,766,3,0.0,0.3087555129835167
test,2020-M024,6,767,0,1.0,0.9650713086422598
test,2020-M024,6,767,1,1.0,0.5725487077662128
test,2020-M024,7,768,0,1.0,0.9596529953556933
train,2011-1536,2,27,0,1.0,0.628975272573191
train,2011-1536,2,27,1,0.0,0.39034561926359895
train,2011-1536,2,27,2,1.0,0.18586161317430785
train,2011-1536,2,27,3,1.0,0.5466998411914957
train,2011-1536,2,27,4,0.0,0.6070449723331822
train,2011-1536,2,27,5,1.0,0.5896959469034139
train,2011-1536,2,27,6,0.0,0.485157656759065
train,2011-1536,2,27,7,0.0,0.7478864775856487
train,2011-1536,2,27,8,0.0,0.4434919109099439
train,2011-1536,2,27,9,1.0,0.47750954816195307
train,2011-1536,2,27,10,0.0,0.540992937194538
train,2011-1536,2,27,11,0.0,0.7217640835228256
train,2011-1536,2,27,12,1.0,0.6588232644465114
train,2011-1536,2,27,13,1.0,0.6148227462763036
train,2011-1536,2,27,14,1.0,0.4774888922861186
train,2011-1536,2,27,15,1.0,0.5598179942234585
train,2011-1536,2,27,16,0.0,0.653717790931469
train,2011-1536,2,27,17,0.0,0.5992013394318396
train,2011-1536,2,27,18,1.0,0.48197139039812414
train,2011-1536,2,27,19,1.0,0.457575277590136
train,2011-1536,2,27,20,1.0,0.5071672300005895
train,2011-1536,2,27,21,0.0,0.4825621755784975
train,2011-1536,2,27,22,1.0,0.5290347046837108
train,2011-1536,2,27,23,1.0,0.3422095367999425
train,2011-1536,3,28,0,0.0,0.04911594102013181
train,2011-1536,3,28,1,0.0,0.4611561977976116
train,2011-1536,3,28,2,0.0,0.5373923193425401
train,2011-1536,3,28,3,0.0,0.16304417626563517
train,2011-1536,3,28,4,1.0,0.8474912967137005
train,2011-1536,3,28,5,1.0,0.37750911903987083
train,2011-1536,3,28,6,1.0,0.7470531182889577
train,2011-1536,3,28,7,0.0,0.26322053980234095
train,2011-1536,3,28,8,0.0,0.29587655988328593
train,2011-1536,3,28,9,0.0,0.5543581923359191
train,2011-1536,3,28,10,0.0,0.49246377820117615
train,2011-1536,3,28,11,0.0,0.04639508238399806
train,2011-1536,3,28,12,0.0,0.6921869678422465
train,2011-1536,3,28,13,0.0,0.3987689436516464
train,2011-1536,3,28,14,0.0,0.3854426580945215
train,2011-1536,3,28,15,0.0,0.019672809015466343
train,2011-1536,4,29,0,1.0,0.9724271030527883
train,2011-1536,4,29,1,0.0,0.4213444890415808
train,2011-1536,4,29,2,0.0,0.4397890514876492
train,2011-1536,4,29,3,1.0,0.709514555341989
train,2011-1536,4,29,4,0.0,0.8905138152060027
train,2011-1536,4,29,5,1.0,0.8201793128229342
train,2011-1536,4,29,6,1.0,0.9452580060632354
train,2011-1536,4,29,7,0.0,0.03477958576518786
train,2011-1536,5,30,0,1.0,0.9856924420326352
train,2011-1536,5,30,1,0.0,0.0874001885926532
train,2011-1536,5,30,2,1.0,0.26243335051708927
train,2011-1536,5,30,3,0.0,0.17524915100268654
train,2011-1536,6,31,0,1.0,0.7622158310838234
train,2011-1536,6,31,1,1.0,0.9438056449209958
train,2011-1536,7,32,0,1.0,0.16103923903253717
train,2011-352,2,78,0,0.0,0.5703992999915808
train,2011-352,2,78,1,1.0,0.5950545344001509
train,2011-352,2,78,2,1.0,0.5625149715712148
train,2011-352,2,78,3,0.0,0.5178784423380616
train,2011-352,2,78,4,0.0,0.3842701763919324
train,2011-352,2,78,5,0.0,0.5229699900831406
train,2011-352,2,78,6,0.0,0.43319534438622004
train,2011-352,2,78,7,0.0,0.4960126425150212
train,2011-352,2,78,8,0.0,0.48368092407998675
train,2011-352,2,78,9,1.0,0.5500540440892613
train,2011-352,2,78,10,1.0,0.5052697228712404
train,2011-352,2,78,11,1.0,0.3550055463882708
train,2011-352,2,78,12,1.0,0.5400522845924627
train,2011-352,2,78,13,0.0,0.6094005530662925
train,2011-352,2,78,14,0.0,0.4780434944522839
train,2011-352,2,78,15,0.0,0.579979135276266
train,2011-352,3,79,0,0.0,0.040227812615768285
train,2011-352,3,79,1,1.0,0.4119216029488228
train,2011-352,3,79,2,0.0,0.3971648308334868
train,2011-352,3,79,3,0.0,0.2817902018610406
train,2011-352,3,79,4,0.0,0.42799169241767177
train,2011-352,3,79,5,0.0,0.10132324525954639
train,2011-352,3,79,6,1.0,0.5487781412674905
train,2011-352,3,79,7,1.0,0.6787131878765599
train,2011-352,3,79,8,0.0,0.024011668362104558
train,2011-352,3,79,9,0.0,0.47377094835571737
train,2011-352,3,79,10,0.0,0.5860680267912003
train,2011-352,3,79,11,1.0,0.7818523249526136
train,2011-352,3,79,12,0.0,0.6076234505905798
train,2011-352,3,79,13,1.0,0.5620768358164444
train,2011-352,3,79,14,1.0,0.43647413018912123
train,2011-352,3,79,15,1.0,0.7389661606288167
train,2011-352,4,80,0,1.0,0.9236445209525667
train,2011-352,4,80,1,1.0,0.6982717453499119
train,2011-352,4,80,2,1.0,0.7424999154430028
train,2011-352,4,80,3,0.0,0.652999907923045
train,2011-352,4,80,4,0.0,0.28535204472646614
train,2011-352,4,80,5,0.0,0.020882427984415093
train,2011-352,4,80,6,1.0,0.772800346640762
train,2011-352,4,80,7,1.0,0.43558852238451495
train,2011-352,5,81,0,1.0,0.938617144430691
train,2011-352,5,81,1,0.0,0.7375606023930886
train,2011-352,5,81,2,0.0,0.9272377108357174
train,2011-352,5,81,3,0.0,0.6984842258150222
train,2011-352,6,82,0,0.0,0.14560252806262355
train,2011-352,6,82,1,0.0,0.21213916928730303
train,2011-352,7,83,0,0.0,0.1698659685407087
train,2011-403,1,14,0,0.0,0.5383140620707872
train,2011-403,1,14,1,0.0,0.44170331684078956
train,2011-403,1,14,2,1.0,0.46860999295573413
train,2011-403,1,14,3,0.0,0.4979725536656588
train,2011-403,1,14,4,1.0,0.4987906969912175
train,2011-403,1,14,5,1.0,0.5348942162687899
train,2011-403,1,14,6,1.0,0.5738060101684724
train,2011-403,1,14,7,1.0,0.5159007442251289
train,2011-403,1,14,8,0.0,0.399214428660569
train,2011-403,1,14,9,0.0,0.4734347912072296
train,2011-403,1,14,10,0.0,0.4100083763879847
train,2011-403,1,14,11,0.0,0.49254482587953335
train,2011-403,1,14,12,0.0,0.496097891750087
train,2011-403,1,14,13,0.0,0.5570816829127091
train,2011-403,1,14,14,1.0,0.5028281461111961
train,2011-403,1,14,15,0.0,0.49980441186888996
train,2011-403,1,14,16,0.0,0.4765844873368117
train,2011-403,1,14,17,0.0,0.3951067264589397
train,2011-403,1,14,18,0.0,0.5560246022968105
train,2011-403,1,14,19,0.0,0.47843994894648084
train,2011-403,1,14,20,1.0,0.40927495185200485
train,2011-403,1,14,21,1.0,0.5502240978536558
train,2011-403,1,14,22,1.0,0.4805230908719398
train,2011-403,1,14,23,0.0,0.2554988036291049
train,2011-403,1,14,24,1.0,0.5387468957577349
train,2011-403,1,14,25,1.0,0.616476910949724
train,2011-403,1,14,26,1.0,0.4580830705476944
train,2011-403,1,14,27,1.0,0.49573597402041025
train,2011-403,1,14,28,0.0,0.5090980605099886
train,2011-403,1,14,29,0.0,0.7391876806263541
train,2011-403,1,14,30,1.0,0.5602689538255903
train,2011-403,1,14,31,0.0,0.535164827163181
train,2011-403,2,15,0,0.0,0.42372989563704244
train,2011-403,2,15,1,1.0,0.9513019863753377
train,2011-403,2,15,2,0.0,0.4263282852064762
train,2011-403,2,15,3,1.0,0.552558251650312
train,2011-403,2,15,4,0.0,0.2312701662641985
train,2011-403,2,15,5,0.0,0.5313958524580819
train,2011-403,2,15,6,0.0,0.5413418376105068
train,2011-403,2,15,7,1.0,0.08334558761259588
train,2011-403,2,15,8,1.0,0.5976827190947747
train,2011-403,2,15,9,1.0,0.6291158009211921
train,2011-403,2,15,10,1.0,0.5508554629676384
train,2011-403,2,15,11,1.0,0.2884175007676984
train,2011-403,2,15,12,1.0,0.5745114336823922
train,2011-403,2,15,13,0.0,0.5164220660233396
train,2011-403,2,15,14,0.0,0.788237832378121
train,2011-403,2,15,15,1.0,0.8142952495983345
train,2011-403,2,15,16,0.0,0.8317066023347522
train,2011-403,2,15,17,1.0,0.42476975409628376
train,2011-403,2,15,18,1.0,0.5901742835582741
train,2011-403,2,15,19,0.0,0.6068661181686896
train,2011-403,2,15,20,1.0,0.6378114394819107
train,2011-403,2,15,21,0.0,0.6527159344763092
train,2011-403,2,15,22,1.0,0.5830818752245085
train,2011-403,2,15,23,1.0,0.9599401438513356
train,2011-403,2,15,24,0.0,0.6103057599568048
train,2011-403,2,15,25,1.0,0.5284599019902569
train,2011-403,2,15,26,0.0,0.3690154638230048
train,2011-403,2,15,27,1.0,0.6926642840018836
train,2011-403,2,15,28,1.0,0.8151945844040521
train,2011-403,2,15,29,1.0,0.5746342560967336
train,2011-403,2,15,30,1.0,0.9853962782967217
train,2011-403,2,15,31,1.0,0.49805524394940587
train,2011-403,3,16,0,1.0,0.8118933825336421
train,2011-403,3,16,1,1.0,0.34262545741906786
train,2011-403,3,16,2,0.0,0.5664691206548387
train,2011-403,3,16,3,0.0,0.03340484608247428
train,2011-403,3,16,4,1.0,0.9784058591665548
train,2011-403,3,16,5,0.0,0.6103825924086395
train,2011-403,3,16,6,0.0,0.47608662247158134
train,2011-403,3,16,7,0.0,0.17902466736815925
train,2011-403,3,16,8,0.0,0.06784795759316055
train,2011-403,3,16,9,1.0,0.5187676143714861
train,2011-403,3,16,10,1.0,0.5067435548637098
train,2011-403,3,16,11,0.0,0.5482019218756079
train,2011-403,3,16,12,1.0,0.5496864333839783
train,2011-403,3,16,13,1.0,0.41336535445655537
train,2011-403,3,16,14,1.0,0.5883677384894883
train,2011-403,3,16,15,0.0,0.5302227565293969
train,2011-403,4,17,0,0.0,0.029722534241990922
train,2011-403,4,17,1,1.0,0.9481948483739503
train,2011-403,4,17,2,1.0,0.49415643392874975
train,2011-403,4,17,3,0.0,0.5977434568238299
train,2011-403,4,17,4,1.0,0.7843122301420632
train,2011-403,4,17,5,0.0,0.477841965085872
train,2011-403,4,17,6,1.0,0.762520780655373
train,2011-403,4,17,7,0.0,0.018108115929281552
train,2011-403,5,18,0,1.0,0.9492517368349309
train,2011-403,5,18,1,0.0,0.6624403454769032
train,2011-403,5,18,2,1.0,0.9623243695504207
train,2011-403,5,18,3,1.0,0.9432300325455766
train,2011-403,6,19,0,0.0,0.10137202789481707
train,2011-403,6,19,1,1.0,0.6412366637137601
train,2011-403,7,20,0,0.0,0.8013449087456761
train,2011-404,1,7,0,0.0,0.49999996515322787
train,2011-404,1,7,1,1.0,0.4999993519464417
train,2011-404,1,7,2,1.0,0.5
train,2011-404,1,7,3,0.0,0.49999945084435954
train,2011-404,1,7,4,0.0,0.5000007570170614
train,2011-404,1,7,5,1.0,0.5000005645233788
train,2011-404,1,7,6,1.0,0.5000006284611096
train,2011-404,1,7,7,0.0,0.5
train,2011-404,1,7,8,0.0,0.5000000417934435
train,2011-404,1,7,9,1.0,0.5000001538475064
train,2011-404,1,7,10,0.0,0.4999999079069847
train,2011-404,1,7,11,1.0,0.499999866850739
train,2011-404,1,7,12,1.0,0.5000008242154745
train,2011-404,1,7,13,0.0,0.4999998489311621
train,2011-404,1,7,14,1.0,0.4999998617754158
train,2011-404,1,7,15,0.0,0.49999937936452843
train,2011-404,1,7,16,1.0,0.49999963072061854
train,2011-404,1,7,17,1.0,0.5000001614746682
train,2011-404,1,7,18,0.0,0.5000006380730345
train,2011-404,1,7,19,0.0,0.49999994207326653
train,2011-404,1,7,20,1.0,0.5000000374836718
train,2011-404,1,7,21,1.0,0.5
train,2011-404,1,7,22,1.0,0.49999996050321105
train,2011-404,1,7,23,1.0,0.500000098642734
train,2011-404,1,7,24,1.0,0.49999987359893416
train,2011-404,1,7,25,0.0,0.5000001885808636
train,2011-404,1,7,26,1.0,0.5000000916110013
train,2011-404,1,7,27,0.0,0.5000001317032192
train,2011-404,1,7,28,0.0,0.5000000374836718
train,2011-404,1,7,29,1.0,0.5000000579267334
train,2011-404,1,7,30,1.0,0.5
train,2011-404,1,7,31,0.0,0.5000000646465748
train,2011-404,2,8,0,0.0,0.5000000374553181
train,2011-404,2,8,1,1.0,0.5
train,2011-404,2,8,2,0.0,0.4999999385574002
train,2011-404,2,8,3,1.0,0.500000094021071
train,2011-404,2,8,4,1.0,0.5000001264294197
train,2011-404,2,8,5,1.0,0.5000002189760951
train,2011-404,2,8,6,0.0,0.4999992605339166
train,2011-404,2,8,7,1.0,0.5000000578983796
train,2011-404,2,8,8,0.0,0.49999989801152217
train,2011-404,2,8,9,1.0,0.5000006282626333
train,2011-404,2,8,10,1.0,0.49999996518158163
train,2011-404,2,8,11,1.0,0.5000006016384518
train,2011-404,2,8,12,0.0,0.4999999606166261
train,2011-404,2,8,13,1.0,0.5000000661776779
train,2011-404,2,8,14,1.0,0.49999973611154763
train,2011-404,2,8,15,0.0,0.499999962544682
train,2011-404,2,8,16,1.0,0.5000000393833738
train,2011-404,2,8,17,0.0,0.5000007301944035
train,2011-404,2,8,18,0.0,0.4999994714575438
train,2011-404,2,8,19,0.0,0.49999921916577955
train,2011-404,2,8,20,0.0,0.4999999434058932
train,2011-404,2,8,21,0.0,0.5000002189760951
train,2011-404,2,8,22,1.0,0.5000000415949671
train,2011-404,2,8,23,0.0,0.5000005944082427
train,2011-404,2,8,24,1.0,0.5000003925011116
train,2011-404,2,8,25,1.0,0.4999992463570362
train,2011-404,2,8,26,0.0,0.4999998640720704
train,2011-404,2,8,27,1.0,0.499999962544682
train,2011-404,2,8,28,1.0,0.5000002189760951
train,2011-404,2,8,29,0.0,0.4999998683534883
train,2011-404,2,8,30,1.0,0.500000685196985
train,2011-404,2,8,31,1.0,0.4999999606166261
train,2011-404,3,9,0,0.0,0.5000001885808636
train,2011-404,3,9,1,0.0,0.4999997811940274
train,2011-404,3,9,2,0.0,0.4999997152148259
train,2011-404,3,9,3,1.0,0.49999989256760013
train,2011-404,3,9,4,1.0,0.4999999350698876
train,2011-404,3,9,5,1.0,0.5000004891874362
train,2011-404,3,9,6,1.0,0.49999950585065567
train,2011-404,3,9,7,1.0,0.49999933323295953
train,2011-404,3,9,8,1.0,0.4999993728715172
train,2011-404,3,9,9,0.0,0.5000000616694299
train,2011-404,3,9,10,1.0,0.4999998683251346
train,2011-404,3,9,11,1.0,0.49999982083258515
train,2011-404,3,9,12,1.0,0.4999994835645996
train,2011-404,3,9,13,1.0,0.49999997550235065
train,2011-404,3,9,14,1.0,0.4999994316205097
train,2011-404,3,9,15,1.0,0.49999977745133095
train,2011-404,4,10,0,0.0,0.5
train,2011-404,4,10,1,0.0,0.500000156994774
train,2011-404,4,10,2,1.0,0.49999994031533335
train,2011-404,4,10,3,1.0,0.4999999373665423
train,2011-404,4,10,4,1.0,0.4999997813925038
train,2011-404,4,10,5,1.0,0.500000245316739
train,2011-404,4,10,6,0.0,0.49999960738547333
train,2011-404,4,10,7,0.0,0.4999993146328924
train,2011-404,5,11,0,1.0,0.5000000255183847
train,2011-404,5,11,1,1.0,0.5000000627468728
train,2011-404,5,11,2,0.0,0.4999997812223811
train,2011-404,5,11,3,1.0,0.5000003610000834
train,2011-404,6,12,0,0.0,0.499999962658097
train,2011-404,6,12,1,1.0,0.5000004667312575
train,2011-404,7,13,0,1.0,0.49999941667807773
train,2011-410,2,21,0,0.0,0.5755098342113505
train,2011-410,2,21,1,0.0,0.4310831695058162
train,2011-410,2,21,2,0.0,0.405442056981609
train,2011-410,2,21,3,0.0,0.3846461414454197
train,2011-410,2,21,4,1.0,0.5104641979160701
train,2011-410,2,21,5,1.0,0.5306417271269005
train,2011-410,2,21,6,0.0,0.5234751681743524
train,2011-410,2,21,7,0.0,0.4115804308096263
train,2011-410,2,21,8,0.0,0.5897563111340215
train,2011-410,2,21,9,1.0,0.4843799900077585
train,2011-410,2,21,10,0.0,0.5009258604941665
train,2011-410,2,21,11,0.0,0.3753632275147166
train,2011-410,2,21,12,1.0,0.44475204627480985
train,2011-410,2,21,13,0.0,0.4522307384423674
train,2011-410,2,21,14,1.0,0.5030531628432707
train,2011-410,2,21,15,1.0,0.617106005690911
train,2011-410,2,21,16,0.0,0.5211845271376689
train,2011-410,2,21,17,0.0,0.385363232492934
train,2011-410,2,21,18,0.0,0.4257962943431129
train,2011-410,2,21,19,0.0,0.730189135892591
train,2011-410,2,21,20,0.0,0.48277506717294255
train,2011-410,2,21,21,0.0,0.6140092705717392
train,2011-410,2,21,22,0.0,0.4678879205031315
train,2011-410,2,21,23,1.0,0.47498181381811566
train,2011-410,3,22,0,0.0,0.04485573785977489
train,2011-410,3,22,1,0.0,0.4058329878433981
train,2011-410,3,22,2,1.0,0.4191232473945379
train,2011-410,3,22,3,1.0,0.684380684563437
train,2011-410,3,22,4,1.0,0.33914234865428583
train,2011-410,3,22,5,1.0,0.414156586716212
train,2011-410,3,22,6,1.0,0.7250013108921981
train,2011-410,3,22,7,1.0,0.6298608545318188
train,2011-410,3,22,8,1.0,0.6196129095771953
train,2011-410,3,22,9,1.0,0.649434019871785
train,2011-410,3,22,10,1.0,0.8402517498490059
train,2011-410,3,22,11,0.0,0.24337346789273243
train,2011-410,3,22,12,1.0,0.49704122681713425
train,2011-410,3,22,13,1.0,0.5657133132964163
train,2011-410,3,22,14,0.0,0.013548533550106871
train,2011-410,3,22,15,1.0,0.3706216156049944
train,2011-410,4,23,0,1.0,0.9806840760387096
train,2011-410,4,23,1,0.0,0.14603765392058546
train,2011-410,4,23,2,0.0,0.6949263162137288
train,2011-410,4,23,3,1.0,0.39074217673431566
train,2011-410,4,23,4,1.0,0.7986474028169592
train,2011-410,4,23,5,1.0,0.5357712760783524
train,2011-410,4,23,6,1.0,0.9554237025541312
train,2011-410,4,23,7,0.0,0.7347035945242767
train,2011-410,5,24,0,1.0,0.9812265101890213
train,2011-410,5,24,1,1.0,0.9025744877058092
train,2011-410,5,24,2,0.0,0.2263860305512308
train,2011-410,5,24,3,0.0,0.9528772371950751
train,2011-410,6,25,0,0.0,0.3644017342601608
train,2011-410,6,25,1,1.0,0.8948395012779712
train,2011-410,7,26,0,1.0,0.9537951624841259
train,2011-416,2,33,0,1.0,0.4993657642500042
train,2011-416,2,33,1,0.0,0.507074566933211
train,2011-416,2,33,2,1.0,0.6585559800407184
train,2011-416,2,33,3,1.0,0.5913304473896291
train,2011-416,2,33,4,1.0,0.5519645087315874
train,2011-416,2,33,5,0.0,0.4731895011538892
train,2011-416,2,33,6,1.0,0.5628103203906015
train,2011-416,2,33,7,0.0,0.4137216563491972
train,2011-416,2,33,8,0.0,0.45851221736657827
train,2011-416,2,33,9,1.0,0.4894770771541811
train,2011-416,2,33,10,1.0,0.5570879979341729
train,2011-416,2,33,11,0.0,0.5938224345392745
train,2011-416,2,33,12,0.0,0.5162529190559606
train,2011-416,2,33,13,0.0,0.4477608444375517
train,2011-416,2,33,14,0.0,0.5235145458405714
train,2011-416,2,33,15,0.0,0.4993628923589157
train,2011-416,2,33,16,0.0,0.34742447368175383
train,2011-416,2,33,17,0.0,0.48358403909604536
train,2011-416,2,33,18,0.0,0.40297182542988985
train,2011-416,2,33,19,0.0,0.5169601834648021
train,2011-416,2,33,20,0.0,0.5368047684488384
train,2011-416,2,33,21,1.0,0.3021848164577501
train,2011-416,2,33,22,0.0,0.7051724080254389
train,2011-416,2,33,23,0.0,0.2709415968661805
train,2011-416,3,34,0,1.0,0.6614036074476954
train,2011-416,3,34,1,1.0,0.5786450128594623
train,2011-416,3,34,2,0.0,0.5002837955123329
train,2011-416,3,34,3,1.0,0.874839450653367
train,2011-416,3,34,4,0.0,0.4441479603636614
train,2011-416,3,34,5,0.0,0.6118258768190319
train,2011-416,3,34,6,0.0,0.6256727153281554
train,2011-416,3,34,7,0.0,0.2971262807963887
train,2011-416,3,34,8,1.0,0.5156719576050233
train,2011-416,3,34,9,0.0,0.03165753331769637
train,2011-416,3,34,10,0.0,0.5473503944742518
train,2011-416,3,34,11,1.0,0.9287495334752222
train,2011-416,3,34,12,0.0,0.35649578921530795
train,2011-416,3,34,13,1.0,0.4811401348819213
train,2011-416,3,34,14,1.0,0.5784844177756714
train,2011-416,3,34,15,0.0,0.008456859087992413
train,2011-416,4,35,0,1.0,0.9856016576301727
train,2011-416,4,35,1,0.0,0.952653990806442
train,2011-416,4,35,2,0.0,0.23934834826793258
train,2011-416,4,35,3,0.0,0.11387230264504654
train,2011-416,4,35,4,1.0,0.6401890774243058
train,2011-416,4,35,5,1.0,0.9308135637600763
train,2011-416,4,35,6,1.0,0.4530461645304418
train,2011-416,4,35,7,1.0,0.5513265775450835
train,2011-416,5,36,0,0.0,0.015843307278644265
train,2011-416,5,36,1,1.0,0.3513409713416664
train,2011-416,5,36,2,0.0,0.14745718762329454
train,2011-416,5,36,3,1.0,0.9026252722028658
train,2011-416,6,37,0,0.0,0.018172024769909062
train,2011-416,6,37,1,1.0,0.787182879593977
train,2011-416,7,38,0,0.0,0.7713327145962967
train,2011-421,2,53,0,1.0,0.46938322817315636
train,2011-421,2,53,1,0.0,0.3090498075094807
train,2011-421,2,53,2,0.0,0.4143548076604777
train,2011-421,2,53,3,1.0,0.6948304686651233
train,2011-421,2,53,4,1.0,0.5697084002961047
train,2011-421,2,53,5,1.0,0.3806738537818433
train,2011-421,2,53,6,0.0,0.4936755990719581
train,2011-421,2,53,7,1.0,0.4514000850358143
train,2011-421,2,53,8,0.0,0.505081124337962
train,2011-421,2,53,9,0.0,0.2341169762110885
train,2011-421,2,53,10,1.0,0.5996211499866114
train,2011-421,2,53,11,1.0,0.5585481700537239
train,2011-421,2,53,12,1.0,0.3703738821463033
train,2011-421,2,53,13,0.0,0.541940526872906
train,2011-421,2,53,14,0.0,0.5092339704223094
train,2011-421,2,53,15,0.0,0.5148158211191044
train,2011-421,2,53,16,1.0,0.7502240683459716
train,2011-421,2,53,17,1.0,0.5445833966610315
train,2011-421,2,53,18,1.0,0.49119648101165264
train,2011-421,2,53,19,0.0,0.436645545509796
train,2011-421,2,53,20,1.0,0.5242012772728124
train,2011-421,2,53,21,1.0,0.4622198603116028
train,2011-421,2,53,22,0.0,0.5047049749318138
train,2011-421,2,53,23,0.0,0.5934341165123433
train,2011-421,3,54,0,0.0,0.9898050302912105
train,2011-421,3,54,1,1.0,0.30515292147492024
train,2011-421,3,54,2,0.0,0.4977415326041116
train,2011-421,3,54,3,1.0,0.7191363741900545
train,2011-421,3,54,4,0.0,0.8853442276606703
train,2011-421,3,54,5,0.0,0.45478078712873193
train,2011-421,3,54,6,1.0,0.4644475973221137
train,2011-421,3,54,7,1.0,0.621351268177142
train,2011-421,3,54,8,1.0,0.6102210355939919
train,2011-421,3,54,9,1.0,0.6874747769004457
train,2011-421,3,54,10,1.0,0.7685718439258667
train,2011-421,3,54,11,0.0,0.03192129888129441
train,2011-421,3,54,12,0.0,0.4889491011082164
train,2011-421,3,54,13,1.0,0.6678042055558336
train,2011-421,3,54,14,0.0,0.6003057008029994
train,2011-421,3,54,15,1.0,0.9482454152802271
train,2011-421,4,55,0,0.0,0.04150621924096101
train,2011-421,4,55,1,0.0,0.8820557708000301
train,2011-421,4,55,2,0.0,0.5394100956387605
train,2011-421,4,55,3,1.0,0.6075618337994848
train,2011-421,4,55,4,1.0,0.6167600317342927
train,2011-421,4,55,5,0.0,0.3128602820867249
train,2011-421,4,55,6,1.0,0.47861932688947917
train,2011-421,4,55,7,1.0,0.6392110795010466
train,2011-421,5,56,0,0.0,0.29399828695544816
train,2011-421,5,56,1,1.0,0.9503262774749819
train,2011-421,5,56,2,0.0,0.5011621838598593
train,2011-421,5,56,3,1.0,0.3106626501668552
train,2011-421,6,57,0,1.0,0.904746902228887
train,2011-421,6,57,1,1.0,0.596351471750665
train,2011-421,7,58,0,0.0,0.04631819337259317
train,2011-422,2,59,0,0.0,0.5413628984518178
train,2011-422,2,59,1,1.0,0.5949338087439615
train,2011-422,2,59,2,1.0,0.3374033732758275
train,2011-422,2,59,3,1.0,0.5376890006221785
train,2011-422,2,59,4,0.0,0.47718648071673414
train,2011-422,2,59,5,0.0,0.3234226407005023
train,2011-422,2,59,6,0.0,0.5745220867941062
train,2011-422,2,59,7,1.0,0.4789757299171574
train,2011-422,2,59,8,1.0,0.6256147366691438
train,2011-422,2,59,9,1.0,0.5121405436790838
train,2011-422,2,59,10,0.0,0.5037208593160246
train,2011-422,2,59,11,0.0,0.49778963549995087
train,2011-422,2,59,12,0.0,0.671057884939053
train,2011-422,2,59,13,0.0,0.5034586731349275
train,2011-422,2,59,14,0.0,0.38252561741763635
train,2011-422,2,59,15,0.0,0.47969297676059597
train,2011-422,2,59,16,0.0,0.31258936685373584
train,2011-422,2,59,17,0.0,0.5344690436839005
train,2011-422,2,59,18,0.0,0.37001801680533153
train,2011-422,2,59,19,0.0,0.33163897225483846
train,2011-422,2,59,20,1.0,0.652492724932647
train,2011-422,2,59,21,0.0,0.49718813387358235
train,2011-422,2,59,22,1.0,0.7154469275560575
train,2011-422,2,59,23,1.0,0.5063236647553668
train,2011-422,3,60,0,0.0,0.014104539848035022
train,2011-422,3,60,1,0.0,0.3498970036686889
train,2011-422,3,60,2,0.0,0.3846613154153032
train,2011-422,3,60,3,0.0,0.4921135696467232
train,2011-422,3,60,4,1.0,0.5627862949083793
train,2011-422,3,60,5,1.0,0.18712055029220007
train,2011-422,3,60,6,0.0,0.43256249236012456
train,2011-422,3,60,7,1.0,0.7709523077832207
train,2011-422,3,60,8,1.0,0.6835160349732881
train,2011-422,3,60,9,1.0,0.8077621270043776
train,2011-422,3,60,10,1.0,0.542613622387824
train,2011-422,3,60,11,1.0,0.9122382036173668
train,2011-422,3,60,12,0.0,0.3822240598380706
train,2011-422,3,60,13,0.0,0.47814028448450596
train,2011-422,3,60,14,0.0,0.4072823457221105
train,2011-422,3,60,15,0.0,0.02038431775002603
train,2011-422,4,61,0,1.0,0.9629355849766887
train,2011-422,4,61,1,0.0,0.46269345287107994
train,2011-422,4,61,2,1.0,0.6230231673611232
train,2011-422,4,61,3,0.0,0.6209199449553717
train,2011-422,4,61,4,1.0,0.8784735455225767
train,2011-422,4,61,5,1.0,0.5259812954746438
train,2011-422,4,61,6,1.0,0.9692783747176469
train,2011-422,4,61,7,0.0,0.04881690337834901
train,2011-422,5,62,0,1.0,0.9523788104839787
train,2011-422,5,62,1,0.0,0.8928315472481787
train,2011-422,5,62,2,1.0,0.7987374432357447
train,2011-422,5,62,3,1.0,0.025001383823084485
train,2011-422,6,63,0,0.0,0.07452925362504376
train,2011-422,6,63,1,0.0,0.2692476430137268
train,2011-422,7,64,0,1.0,0.15452383842449935
train,2011-5014,2,72,0,1.0,0.4999993519747955
train,2011-5014,2,72,1,1.0,0.5000001019884778
train,2011-5014,2,72,2,0.0,0.5000001264294197
train,2011-5014,2,72,3,0.0,0.4999998467479225
train,2011-5014,2,72,4,1.0,0.5000007125016568
train,2011-5014,2,72,5,0.0,0.5000001651039495
train,2011-5014,2,72,6,0.0,0.5000000374553181
train,2011-5014,2,72,7,1.0,0.4999994660136216
train,2011-5014,2,72,8,1.0,0.5
train,2011-5014,2,72,9,0.0,0.49999932665488694
train,2011-5014,2,72,10,0.0,0.49999989801152217
train,2011-5014,2,72,11,0.0,0.5
train,2011-5014,2,72,12,1.0,0.49999993529671766
train,2011-5014,2,72,13,1.0,0.5000004938658068
train,2011-5014,2,72,14,0.0,0.49999930652371677
train,2011-5014,2,72,15,1.0,0.4999999234731995
train,2011-5014,2,72,16,0.0,0.5000000969415084
train,2011-5014,2,72,17,1.0,0.4999999741980776
train,2011-5014,2,72,18,0.0,0.5000001074607537
train,2011-5014,2,72,19,1.0,0.4999998348960505
train,2011-5014,2,72,20,0.0,0.49999993739489607
train,2011-5014,2,72,21,0.0,0.4999994949911653
train,2011-5014,2,72,22,0.0,0.500000138252938
train,2011-5014,2,72,23,1.0,0.5000001019884778
train,2011-5014,3,73,0,0.0,0.5000006271284828
train,2011-5014,3,73,1,0.0,0.4999999625730357
train,2011-5014,3,73,2,0.0,0.49999989256760013
train,2011-5014,3,73,3,1.0,0.4999998710187418
train,2011-5014,3,73,4,1.0,0.4999999635937711
train,2011-5014,3,73,5,0.0,0.500000712473303
train,2011-5014,3,73,6,0.0,0.4999999058088065
train,2011-5014,3,73,7,1.0,0.5000000395534964
train,2011-5014,3,73,8,1.0,0.5000000735213019
train,2011-5014,3,73,9,1.0,0.49999943539155983
train,2011-5014,3,73,10,1.0,0.49999932659817947
train,2011-5014,3,73,11,1.0,0.4999997356862412
train,2011-5014,3,73,12,0.0,0.49999926064733174
train,2011-5014,3,73,13,1.0,0.5000001316748655
train,2011-5014,3,73,14,0.0,0.49999987351387276
train,2011-5014,3,73,15,1.0,0.5000005832652147
train,2011-5014,4,74,0,0.0,0.5000005589943954
train,2011-5014,4,74,1,0.0,0.49999990098866703
train,2011-5014,4,74,2,1.0,0.49999989265266137
train,2011-5014,4,74,3,1.0,0.5000000626334578
train,2011-5014,4,74,4,1.0,0.49999980367855984
train,2011-5014,4,74,5,0.0,0.5000001289245506
train,2011-5014,4,74,6,1.0,0.5000000626334578
train,2011-5014,4,74,7,0.0,0.4999994837063684
train,2011-5014,5,75,0,1.0,0.5000005862707134
train,2011-5014,5,75,1,0.0,0.5000001702926877
train,2011-5014,5,75,2,1.0,0.49999997309228095
train,2011-5014,5,75,3,1.0,0.5000000360659838
train,2011-5014,6,76,0,0.0,0.5000007807208054
train,2011-5014,6,76,1,0.0,0.4999998348676967
train,2011-5014,7,77,0,1.0,0.5000002065571479
train,2011-520,1,39,0,0.0,0.4109701774210069
train,2011-520,1,39,1,1.0,0.5335050017049386
train,2011-520,1,39,2,0.0,0.4874644836710466
train,2011-520,1,39,3,1.0,0.4960807362791653
train,2011-520,1,39,4,0.0,0.5012333913129582
train,2011-520,1,39,5,0.0,0.6329488235761823
train,2011-520,1,39,6,0.0,0.43744614521468317
train,2011-520,1,39,7,0.0,0.5661781892726352
train,2011-520,1,39,8,1.0,0.4968629640487262
train,2011-520,1,39,9,0.0,0.4720009403013969
train,2011-520,1,39,10,1.0,0.4771773123254176
train,2011-520,1,39,11,0.0,0.4867173257184884
train,2011-520,1,39,12,0.0,0.46829163834889614
train,2011-520,1,39,13,0.0,0.10408228935414685
train,2011-520,1,39,14,1.0,0.761421077493199
train,2011-520,1,39,15,1.0,0.5515492295061818
train,2011-520,1,39,16,0.0,0.49704270819258217
train,2011-520,1,39,17,1.0,0.6505330975778937
train,2011-520,1,39,18,0.0,0.35935283204279905
train,2011-520,1,39,19,1.0,0.5516282344800969
train,2011-520,1,39,20,0.0,0.31135425934468175
train,2011-520,1,39,21,0.0,0.33425418972813703
train,2011-520,1,39,22,1.0,0.5290363594806783
train,2011-520,1,39,23,0.0,0.393786448256322
train,2011-520,1,39,24,1.0,0.4245387182196594
train,2011-520,1,39,25,1.0,0.7282779175517151
train,2011-520,1,39,26,1.0,0.46869916821463486
train,2011-520,1,39,27,0.0,0.5101209444683349
train,2011-520,1,39,28,1.0,0.9895905807680969
train,2011-520,1,39,29,0.0,0.02489418356900048
train,2011-520,1,39,30,1.0,0.5009339607386745
train,2011-520,1,39,31,0.0,0.500052677236448
train,2011-520,1,39,32,1.0,0.48189027859353684
train,2011-520,1,39,33,0.0,0.21631005410833218
train,2011-520,1,39,34,0.0,0.5900658100457423
train,2011-520,1,39,35,0.0,0.3148906065951278
train,2011-520,1,39,36,0.0,0.338291156032807
train,2011-520,1,39,37,1.0,0.5617939572870706
train,2011-520,1,39,38,1.0,0.5317804884241586
train,2011-520,1,39,39,1.0,0.5247959555730992
train,2011-520,1,39,40,1.0,0.6416358465450442
train,2011-520,1,39,41,1.0,0.48785683027068155
train,2011-520,1,39,42,0.0,0.4857251114583468
train,2011-520,1,39,43,1.0,0.35087674989376233
train,2011-520,1,39,44,1.0,0.561649432789289
train,2011-520,1,39,45,0.0,0.6091219254042229
train,2011-520,1,39,46,1.0,0.5169391034457378
train,2011-520,1,39,47,1.0,0.21143417702750572
train,2011-520,1,39,48,0.0,0.4460997993098189
train,2011-520,1,39,49,0.0,0.4977402850641014
train,2011-520,1,39,50,1.0,0.4833824531205292
train,2011-520,1,39,51,1.0,0.9478553348574834
train,2011-520,1,39,52,0.0,0.40190917407952476
train,2011-520,1,39,53,1.0,0.5252171517360942
train,2011-520,1,39,54,0.0,0.613102873972748
train,2011-520,1,39,55,0.0,0.5028699658700887
train,2011-520,1,39,56,0.0,0.307104972206855
train,2011-520,1,39,57,1.0,0.5471809792687472
train,2011-520,1,39,58,1.0,0.4921762672435859
train,2011-520,1,39,59,1.0,0.5222488542537826
train,2011-520,1,39,60,0.0,0.2948797003851984
train,2011-520,1,39,61,0.0,0.4177155312396296
train,2011-520,1,39,62,0.0,0.5331304898060486
train,2011-520,1,39,63,0.0,0.31168100789798725
train,2011-520,2,40,0,0.0,0.30685810786742834
train,2011-520,2,40,1,1.0,0.5715874184815211
train,2011-520,2,40,2,0.0,0.31096210038116523
train,2011-520,2,40,3,0.0,0.3543244571007648
train,2011-520,2,40,4,0.0,0.030781156996391227
train,2011-520,2,40,5,1.0,0.6429024083353075
train,2011-520,2,40,6,1.0,0.5633032097812086
train,2011-520,2,40,7,1.0,0.5218725766348756
train,2011-520,2,40,8,0.0,0.3651848759307411
train,2011-520,2,40,9,0.0,0.45608829308642096
train,2011-520,2,40,10,1.0,0.4376633137204696
train,2011-520,2,40,11,1.0,0.5269239121081655
train,2011-520,2,40,12,1.0,0.5007199987440903
train,2011-520,2,40,13,0.0,0.34170757793849116
train,2011-520,2,40,14,0.0,0.6983745651509149
train,2011-520,2,40,15,1.0,0.4967005899229199
train,2011-520,2,40,16,1.0,0.43007423826514574
train,2011-520,2,40,17,0.0,0.48955325673564926
train,2011-520,2,40,18,0.0,0.435846753617487
train,2011-520,2,40,19,0.0,0.4384444683523493
train,2011-520,2,40,20,0.0,0.543063026564478
train,2011-520,2,40,21,0.0,0.12599979473866238
train,2011-520,2,40,22,0.0,0.2405302809102618
train,2011-520,2,40,23,0.0,0.660692841091831
train,2011-520,2,40,24,0.0,0.41846265796330534
train,2011-520,2,40,25,0.0,0.2618409468179657
train,2011-520,2,40,26,0.0,0.2926502343305499
train,2011-520,2,40,27,0.0,0.4693416119872769
train,2011-520,2,40,28,1.0,0.7450241694206873
train,2011-520,2,40,29,1.0,0.9748681676740492
train,2011-520,2,40,30,1.0,0.2680803828969786
train,2011-520,2,40,31,1.0,0.9906807573675092
train,2011-520,3,41,0,1.0,0.9568010185942205
train,2011-520,3,41,1,0.0,0.6662592327789266
train,2011-520,3,41,2,0.0,0.061432429544428145
train,2011-520,3,41,3,1.0,0.6075102727060331
train,2011-520,3,41,4,1.0,0.39593860530084574
train,2011-520,3,41,5,0.0,0.522548112796325
train,2011-520,3,41,6,0.0,0.525959097140641
train,2011-520,3,41,7,0.0,0.32571909549752665
train,2011-520,3,41,8,0.0,0.2045318764591913
train,2011-520,3,41,9,0.0,0.45800754721170617
train,2011-520,3,41,10,0.0,0.48352177363416543
train,2011-520,3,41,11,0.0,0.4878095904982168
train,2011-520,3,41,12,1.0,0.8889367915732764
train,2011-520,3,41,13,0.0,0.25569529069934405
train,2011-520,3,41,14,1.0,0.4515611242199013
train,2011-520,3,41,15,1.0,0.990775061686343
train,2011-520,4,42,0,1.0,0.9512009972181911
train,2011-520,4,42,1,1.0,0.5060888070531563
train,2011-520,4,42,2,0.0,0.06990928531526573
train,2011-520,4,42,3,1.0,0.33910407378963764
train,2011-520,4,42,4,1.0,0.5163097241555268
train,2011-520,4,42,5,1.0,0.8620490049621926
train,2011-520,4,42,6,1.0,0.6248022899420322
train,2011-520,4,42,7,0.0,0.014942837337894529
train,2011-520,5,43,0,0.0,0.025955610121773463
train,2011-520,5,43,1,1.0,0.9281340577146386
train,2011-520,5,43,2,0.0,0.1291820354768946
train,2011-520,5,43,3,1.0,0.9713596461744952
train,2011-520,6,44,0,1.0,0.40795890046635036
train,2011-520,6,44,1,0.0,0.06793772492239093
train,2011-520,7,45,0,1.0,0.7661705025924568
train,2011-540,1,46,0,1.0,0.9683080355101771
train,2011-540,1,46,1,1.0,0.5220010992968567
train,2011-540,1,46,2,1.0,0.4375345302581389
train,2011-540,1,46,3,1.0,0.5065412917029435
train,2011-540,1,46,4,1.0,0.46792787692302873
train,2011-540,1,46,5,1.0,0.49518091765697003
train,2011-540,1,46,6,1.0,0.6651445316061658
train,2011-540,1,46,7,1.0,0.5471018520275177
train,2011-540,1,46,8,0.0,0.4807058241010787
train,2011-540,1,46,9,1.0,0.6666687400662871
train,2011-540,1,46,10,1.0,0.46952606061667
train,2011-540,1,46,11,0.0,0.4698619442135435
train,2011-540,1,46,12,0.0,0.49870026743682394
train,2011-540,1,46,13,0.0,0.11155966793316867
train,2011-540,1,46,14,1.0,0.7469869898750715
train,2011-540,1,46,15,0.0,0.4056058921979032
train,2011-540,1,46,16,0.0,0.4656499783881
train,2011-540,1,46,17,1.0,0.5533651359770652
train,2011-540,1,46,18,0.0,0.3798949027726447
train,2011-540,1,46,19,1.0,0.5193411538598935
train,2011-540,1,46,20,0.0,0.6342309429493235
train,2011-540,1,46,21,0.0,0.37086918683180764
train,2011-540,1,46,22,0.0,0.35024927141747686
train,2011-540,1,46,23,1.0,0.5001126692313141
train,2011-540,1,46,24,1.0,0.5703274972890755
train,2011-540,1,46,25,1.0,0.717760542386686
train,2011-540,1,46,26,0.0,0.48991078063397997
train,2011-540,1,46,27,0.0,0.5937261469010296
train,2011-540,1,46,28,0.0,0.5174223879085075
train,2011-540,1,46,29,1.0,0.9921215318884709
train,2011-540,1,46,30,0.0,0.45437203664733444
train,2011-540,1,46,31,1.0,0.6043290607647551
train,2011-540,1,46,32,1.0,0.533638842307616
train,2011-540,1,46,33,1.0,0.7078036226680924
train,2011-540,1,46,34,1.0,0.7996829282301974
train,2011-540,1,46,35,1.0,0.577967222241687
train,2011-540,1,46,36,1.0,0.5928842047322109
train,2011-540,1,46,37,1.0,0.48239439876652684
train,2011-540,1,46,38,0.0,0.5906472829626082
train,2011-540,1,46,39,0.0,0.4333352845947066
train,2011-540,1,46,40,0.0,0.3523503701178706
train,2011-540,1,46,41,0.0,0.5416890972950404
train,2011-540,1,46,42,0.0,0.4635936952780526
train,2011-540,1,46,43,0.0,0.21119738114896755
train,2011-540,1,46,44,1.0,0.2914052513290694
train,2011-540,1,46,45,1.0,0.5498846218020087
train,2011-540,1,46,46,1.0,0.5976111703940239
train,2011-540,1,46,47,1.0,0.6790072164265653
train,2011-540,1,46,48,1.0,0.9701790669219904
train,2011-540,1,46,49,0.0,0.46958658232329253
train,2011-540,1,46,50,0.0,0.4061317107365822
train,2011-540,1,46,51,1.0,0.6889734586896005
train,2011-540,1,46,52,0.0,0.4640915523184361
train,2011-540,1,46,53,1.0,0.4982062966115249
train,2011-540,1,46,54,1.0,0.5110120754152147
train,2011-540,1,46,55,0.0,0.410530704734192
train,2011-540,1,46,56,0.0,0.23830811726176776
train,2011-540,1,46,57,0.0,0.4853012943942676
train,2011-540,1,46,58,0.0,0.5169102873427956
train,2011-540,1,46,59,0.0,0.4238532109587096
train,2011-540,1,46,60,1.0,0.5388078833444331
train,2011-540,1,46,61,0.0,0.5463045339766903
train,2011-540,1,46,62,0.0,0.510875398674421
train,2011-540,1,46,63,1.0,0.45767529200635776
train,2011-540,2,47,0,1.0,0.43195322018164795
train,2011-540,2,47,1,1.0,0.6409417819505605
train,2011-540,2,47,2,0.0,0.25017270100433275
train,2011-540,2,47,3,0.0,0.4154703437918827
train,2011-540,2,47,4,1.0,0.6312194703873005
train,2011-540,2,47,5,0.0,0.3847741994746689
train,2011-540,2,47,6,0.0,0.033174008167955314
train,2011-540,2,47,7,1.0,0.6423177116136672
train,2011-540,2,47,8,0.0,0.545031750253241
train,2011-540,2,47,9,1.0,0.47062625798095964
train,2011-540,2,47,10,1.0,0.47368075097362694
train,2011-540,2,47,11,1.0,0.795192000072506
train,2011-540,2,47,12,1.0,0.6928785316401032
train,2011-540,2,47,13,1.0,0.7749505354362843
train,2011-540,2,47,14,0.0,0.09875052488202105
train,2011-540,2,47,15,0.0,0.573494834198449
train,2011-540,2,47,16,0.0,0.2954815683201171
train,2011-540,2,47,17,1.0,0.3482311554488298
train,2011-540,2,47,18,0.0,0.3237910756092227
train,2011-540,2,47,19,1.0,0.6035614665428903
train,2011-540,2,47,20,1.0,0.7025557076361075
train,2011-540,2,47,21,0.0,0.5166986129744727
train,2011-540,2,47,22,1.0,0.26294152883933547
train,2011-540,2,47,23,0.0,0.35397494459739326
train,2011-540,2,47,24,1.0,0.6272125898243609
train,2011-540,2,47,25,1.0,0.6737870923855254
train,2011-540,2,47,26,0.0,0.5161894481007617
train,2011-540,2,47,27,0.0,0.3928232638561175
train,2011-540,2,47,28,1.0,0.5917479753277154
train,2011-540,2,47,29,1.0,0.9686647914986182
train,2011-540,2,47,30,0.0,0.008026246261993285
train,2011-540,2,47,31,1.0,0.637355726275034
train,2011-540,3,48,0,1.0,0.5633209795282059
train,2011-540,3,48,1,0.0,0.3999932944353567
train,2011-540,3,48,2,1.0,0.9485167569261265
train,2011-540,3,48,3,1.0,0.38120163935787627
train,2011-540,3,48,4,1.0,0.25784582956278845
train,2011-540,3,48,5,0.0,0.06455225341242066
train,2011-540,3,48,6,1.0,0.5009664181355342
train,2011-540,3,48,7,1.0,0.6394115434760422
train,2011-540,3,48,8,1.0,0.7946291246801859
train,2011-540,3,48,9,0.0,0.6995288130767611
train,2011-540,3,48,10,0.0,0.6832389137260095
train,2011-540,3,48,11,1.0,0.6411761194411902
train,2011-540,3,48,12,1.0,0.844880327755489
train,2011-540,3,48,13,0.0,0.2498103835473112
train,2011-540,3,48,14,0.0,0.3614752916165012
train,2011-540,3,48,15,0.0,0.008698010558392009
train,2011-540,4,49,0,1.0,0.9595758779920603
train,2011-540,4,49,1,0.0,0.537075150372107
train,2011-540,4,49,2,0.0,0.05110398210466663
train,2011-540,4,49,3,0.0,0.5498615500408404
train,2011-540,4,49,4,1.0,0.6089246567567025
train,2011-540,4,49,5,1.0,0.8076367412385326
train,2011-540,4,49,6,1.0,0.3818044000037439
train,2011-540,4,49,7,0.0,0.023333554584298536
train,2011-540,5,50,0,0.0,0.030787595235342073
train,2011-540,5,50,1,0.0,0.9065485954276798
train,2011-540,5,50,2,0.0,0.15692323941321537
train,2011-540,5,50,3,0.0,0.018706354754282267
train,2011-540,6,51,0,1.0,0.9002795219335726
train,2011-540,6,51,1,0.0,0.07630522032835965
train,2011-540,7,52,0,1.0,0.2325733599703697
train,2011-560,1,65,0,0.0,0.011931391675538082
train,2011-560,1,65,1,0.0,0.32589937730084795
train,2011-560,1,65,2,1.0,0.71827424252691
train,2011-560,1,65,3,0.0,0.5043875561096124
train,2011-560,1,65,4,1.0,0.49952620168097245
train,2011-560,1,65,5,1.0,0.7934307523170492
train,2011-560,1,65,6,1.0,0.4663948802273537
train,2011-560,1,65,7,1.0,0.5968172099531474
train,2011-560,1,65,8,1.0,0.5416823613162808
train,2011-560,1,65,9,0.0,0.522497990897561
train,2011-560,1,65,10,0.0,0.35678553987173917
train,2011-560,1,65,11,0.0,0.4595410618542524
train,2011-560,1,65,12,1.0,0.43612022083225355
train,2011-560,1,65,13,1.0,0.9601469004495633
train,2011-560,1,65,14,0.0,0.305692120083979
train,2011-560,1,65,15,0.0,0.40729217934135376
train,2011-560,1,65,16,0.0,0.4185580386436884
train,2011-560,1,65,17,0.0,0.38793879935318965
train,2011-560,1,65,18,1.0,0.5872102122264564
train,2011-560,1,65,19,1.0,0.545337820627573
train,2011-560,1,65,20,0.0,0.20133595741674687
train,2011-560,1,65,21,1.0,0.6595485116832612
train,2011-560,1,65,22,1.0,0.5348858084418612
train,2011-560,1,65,23,1.0,0.46898078758371103
train,2011-560,1,65,24,0.0,0.5150382274118794
train,2011-560,1,65,25,0.0,0.458220327076286
train,2011-560,1,65,26,1.0,0.595117254029673
train,2011-560,1,65,27,0.0,0.4946327784440016
train,2011-560,1,65,28,1.0,0.5028085826378063
train,2011-560,1,65,29,1.0,0.9809223141203827
train,2011-560,1,65,30,1.0,0.47302493522135636
train,2011-560,1,65,31,1.0,0.5837094357356513
train,2011-560,1,65,32,1.0,0.4694717155057002
train,2011-560,1,65,33,0.0,0.2376885775704929
train,2011-560,1,65,34,1.0,0.4682819365447886
train,2011-560,1,65,35,1.0,0.6191040097723056
train,2011-560,1,65,36,1.0,0.6628114830163347
train,2011-560,1,65,37,0.0,0.4827084785159327
train,2011-560,1,65,38,0.0,0.4835450592257108
train,2011-560,1,65,39,0.0,0.5633967633880337
train,2011-560,1,65,40,0.0,0.5797900665238869
train,2011-560,1,65,41,0.0,0.4695009778897431
train,2011-560,1,65,42,1.0,0.7758141848933706
train,2011-560,1,65,43,1.0,0.5590802624393734
train,2011-560,1,65,44,1.0,0.44269267488999975
train,2011-560,1,65,45,0.0,0.40656533008521645
train,2011-560,1,65,46,1.0,0.7260667071352639
train,2011-560,1,65,47,0.0,0.08010116030553305
train,2011-560,1,65,48,1.0,0.48140663428300523
train,2011-560,1,65,49,1.0,0.4938911722732586
train,2011-560,1,65,50,0.0,0.4429154694150896
train,2011-560,1,65,51,1.0,0.5291150312275883
train,2011-560,1,65,52,0.0,0.5979714478584928
train,2011-560,1,65,53,1.0,0.694046878686586
train,2011-560,1,65,54,0.0,0.47583537056888997
train,2011-560,1,65,55,0.0,0.460948206801341
train,2011-560,1,65,56,0.0,0.3075096099625689
train,2011-560,1,65,57,1.0,0.67865906590727
train,2011-560,1,65,58,1.0,0.49676166063285
train,2011-560,1,65,59,0.0,0.5272549604855065
train,2011-560,1,65,60,1.0,0.5503700849583483
train,2011-560,1,65,61,0.0,0.36078020249997367
train,2011-560,1,65,62,0.0,0.506307268917282
train,2011-560,1,65,63,0.0,0.49904632002810806
train,2011-560,2,66,0,0.0,0.27745749192291763
train,2011-560,2,66,1,0.0,0.36696687684388285
train,2011-560,2,66,2,1.0,0.3155678160811892
train,2011-560,2,66,3,1.0,0.5297628327595023
train,2011-560,2,66,4,0.0,0.3634195378127077
train,2011-560,2,66,5,1.0,0.5631830240327317
train,2011-560,2,66,6,1.0,0.7014953517302208
train,2011-560,2,66,7,0.0,0.4204724687531514
train,2011-560,2,66,8,0.0,0.22097745487549533
train,2011-560,2,66,9,0.0,0.5773481557852074
train,2011-560,2,66,10,1.0,0.5363513017080508
train,2011-560,2,66,11,0.0,0.09121480079396707
train,2011-560,2,66,12,0.0,0.4414669463063397
train,2011-560,2,66,13,0.0,0.48012885093063845
train,2011-560,2,66,14,0.0,0.5421303120429745
train,2011-560,2,66,15,1.0,0.7473476271631596
train,2011-560,2,66,16,0.0,0.17867378867591863
train,2011-560,2,66,17,1.0,0.5629423016862479
train,2011-560,2,66,18,0.0,0.5582091803370584
train,2011-560,2,66,19,0.0,0.3824273281810116
train,2011-560,2,66,20,1.0,0.9596011252193061
train,2011-560,2,66,21,0.0,0.6135606935258583
train,2011-560,2,66,22,0.0,0.46143629041627854
train,2011-560,2,66,23,0.0,0.6468434309343615
train,2011-560,2,66,24,0.0,0.23791202314917811
train,2011-560,2,66,25,0.0,0.590299432241022
train,2011-560,2,66,26,0.0,0.4557891642969883
train,2011-560,2,66,27,0.0,0.3220038927449463
train,2011-560,2,66,28,0.0,0.23131468491014864
train,2011-560,2,66,29,1.0,0.5540247452036019
train,2011-560,2,66,30,1.0,0.9793143943670449
train,2011-560,2,66,31,1.0,0.9880426982913211
train,2011-560,3,67,0,0.0,0.5384170571742102
train,2011-560,3,67,1,0.0,0.045660839943553584
train,2011-560,3,67,2,0.0,0.02235167623964259
train,2011-560,3,67,3,0.0,0.5057282443145819
train,2011-560,3,67,4,0.0,0.29599753833409254
train,2011-560,3,67,5,1.0,0.7085616179148687
train,2011-560,3,67,6,0.0,0.1318749885937071
train,2011-560,3,67,7,1.0,0.46670243636536346
train,2011-560,3,67,8,0.0,0.49006697670039656
train,2011-560,3,67,9,1.0,0.6971544096644772
train,2011-560,3,67,10,1.0,0.594632696734598
train,2011-560,3,67,11,1.0,0.5119596538215689
train,2011-560,3,67,12,0.0,0.06834924643661937
train,2011-560,3,67,13,0.0,0.4315844705808771
train,2011-560,3,67,14,0.0,0.7137441687584167
train,2011-560,3,67,15,1.0,0.4383735488499285
train,2011-560,4,68,0,1.0,0.5020822988204104
train,2011-560,4,68,1,0.0,0.08251134100320807
train,2011-560,4,68,2,0.0,0.643740841845577
train,2011-560,4,68,3,0.0,0.41299989423448946
train,2011-560,4,68,4,0.0,0.05788317137050114
train,2011-560,4,68,5,0.0,0.4836457793848148
train,2011-560,4,68,6,1.0,0.9740778646314759
train,2011-560,4,68,7,1.0,0.9883117083644039
train,2011-560,5,69,0,1.0,0.9601349000187571
train,2011-560,5,69,1,1.0,0.8947643755993556
train,2011-560,5,69,2,0.0,0.1611095460348952
train,2011-560,5,69,3,0.0,0.03460813132766576
train,2011-560,6,70,0,1.0,0.8887530193149927
train,2011-560,6,70,1,0.0,0.3601928933966839
train,2011-560,7,71,0,0.0,0.6410197282172752
train,2011-580,1,0,0,0.0,0.02222547906163085
train,2011-580,1,0,1,1.0,0.5522979320099817
train,2011-580,1,0,2,1.0,0.6934332480063266
train,2011-580,1,0,3,1.0,0.7247751818541495
train,2011-580,1,0,4,1.0,0.5065565815102602
train,2011-580,1,0,5,0.0,0.33215942950753025
train,2011-580,1,0,6,0.0,0.34533473618038935
train,2011-580,1,0,7,1.0,0.49417233436626673
train,2011-580,1,0,8,0.0,0.47623123192079375
train,2011-580,1,0,9,0.0,0.5617783395107637
train,2011-580,1,0,10,0.0,0.4457618686910165
train,2011-580,1,0,11,1.0,0.47240997172751525
train,2011-580,1,0,12,0.0,0.48883225785078344
train,2011-580,1,0,13,1.0,0.7775638138201532
train,2011-580,1,0,14,0.0,0.24357446509736655
train,2011-580,1,0,15,0.0,0.4359407131973816
train,2011-580,1,0,16,0.0,0.49353817748132545
train,2011-580,1,0,17,1.0,0.5771505750587667
train,2011-580,1,0,18,0.0,0.41091709976664204
train,2011-580,1,0,19,0.0,0.5011045148749259
train,2011-580,1,0,20,1.0,0.4752155988053566
train,2011-580,1,0,21,1.0,0.597991479951381
train,2011-580,1,0,22,1.0,0.6667187930802605
train,2011-580,1,0,23,0.0,0.47023399383162384
train,2011-580,1,0,24,1.0,0.6460450930251541
train,2011-580,1,0,25,1.0,0.48636148054423894
train,2011-580,1,0,26,1.0,0.583901286814747
train,2011-580,1,0,27,0.0,0.5887619357838694
train,2011-580,1,0,28,0.0,0.5259306876116043
train,2011-580,1,0,29,0.0,0.011542064325816337
train,2011-580,1,0,30,0.0,0.49981141509084415
train,2011-580,1,0,31,0.0,0.5021077852283333
train,2011-580,1,0,32,1.0,0.678113298280495
train,2011-580,1,0,33,0.0,0.08286225408742377
train,2011-580,1,0,34,0.0,0.49790142118833763
train,2011-580,1,0,35,1.0,0.5413561220890821
train,2011-580,1,0,36,0.0,0.5772915538354984
train,2011-580,1,0,37,0.0,0.5019533273756746
train,2011-580,1,0,38,1.0,0.6452324751788691
train,2011-580,1,0,39,0.0,0.2939802199978876
train,2011-580,1,0,40,1.0,0.49100006941904856
train,2011-580,1,0,41,0.0,0.5440215080767277
train,2011-580,1,0,42,1.0,0.6974297844612828
train,2011-580,1,0,43,0.0,0.40257397626435876
train,2011-580,1,0,44,1.0,0.5101022504299023
train,2011-580,1,0,45,1.0,0.5120761181874002
train,2011-580,1,0,46,1.0,0.8464047269784083
train,2011-580,1,0,47,1.0,0.9358884508212948
train,2011-580,1,0,48,1.0,0.6502630435298141
train,2011-580,1,0,49,1.0,0.5449922848948108
train,2011-580,1,0,50,1.0,0.810262483054567
train,2011-580,1,0,51,1.0,0.3914317946355142
train,2011-580,1,0,52,1.0,0.664344784863053
train,2011-580,1,0,53,1.0,0.49550431889211727
train,2011-580,1,0,54,0.0,0.7306784754216811
train,2011-580,1,0,55,1.0,0.4558022428189583
train,2011-580,1,0,56,0.0,0.3826609051246128
train,2011-580,1,0,57,0.0,0.23531803298363124
train,2011-580,1,0,58,1.0,0.6326277659323444
train,2011-580,1,0,59,0.0,0.45945566274534805
train,2011-580,1,0,60,1.0,0.49969032675644387
train,2011-580,1,0,61,0.0,0.41836076938809025
train,2011-580,1,0,62,0.0,0.4883611809670996
train,2011-580,1,0,63,1.0,0.5599715063086445
train,2011-580,2,1,0,1.0,0.7225621813991873
train,2011-580,2,1,1,1.0,0.5103992811026006
train,2011-580,2,1,2,1.0,0.4582399650165138
train,2011-580,2,1,3,0.0,0.4530731550304753
train,2011-580,2,1,4,0.0,0.4024519757643378
train,2011-580,2,1,5,1.0,0.4515649387506373
train,2011-580,2,1,6,1.0,0.840708536574477
train,2011-580,2,1,7,0.0,0.5992057950680494
train,2011-580,2,1,8,1.0,0.7174413705640856
train,2011-580,2,1,9,0.0,0.2655543860912776
train,2011-580,2,1,10,1.0,0.6429922296314114
train,2011-580,2,1,11,1.0,0.5112852597956559
train,2011-580,2,1,12,0.0,0.06218098933259657
train,2011-580,2,1,13,0.0,0.32398333015930036
train,2011-580,2,1,14,1.0,0.6415447124608571
train,2011-580,2,1,15,1.0,0.5594191256223975
train,2011-580,2,1,16,1.0,0.427445174197257
train,2011-580,2,1,17,0.0,0.3406845068215289
train,2011-580,2,1,18,1.0,0.6628232668212727
train,2011-580,2,1,19,1.0,0.45388429665760854
train,2011-580,2,1,20,1.0,0.46561776896943236
train,2011-580,2,1,21,0.0,0.21068139756923504
train,2011-580,2,1,22,0.0,0.7538694090662998
train,2011-580,2,1,23,1.0,0.360100066879723
train,2011-580,2,1,24,0.0,0.32253876808459975
train,2011-580,2,1,25,1.0,0.5170712431720652
train,2011-580,2,1,26,0.0,0.6119287111563287
train,2011-580,2,1,27,0.0,0.61801322639199
train,2011-580,2,1,28,0.0,0.08575038146863108
train,2011-580,2,1,29,1.0,0.9631545628845619
train,2011-580,2,1,30,1.0,0.9882224806247625
train,2011-580,2,1,31,1.0,0.7905627625552174
train,2011-580,3,2,0,1.0,0.9277752381904124
train,2011-580,3,2,1,0.0,0.3777823481306917
train,2011-580,3,2,2,1.0,0.972833939590371
train,2011-580,3,2,3,1.0,0.6310734313009269
train,2011-580,3,2,4,0.0,0.5247810396855408
train,2011-580,3,2,5,1.0,0.8370471676817562
train,2011-580,3,2,6,0.0,0.4550759555458358
train,2011-580,3,2,7,1.0,0.7799283141635641
train,2011-580,3,2,8,1.0,0.7106832144747812
train,2011-580,3,2,9,0.0,0.11289301673828052
train,2011-580,3,2,10,0.0,0.5505575964625128
train,2011-580,3,2,11,1.0,0.30524643088031483
train,2011-580,3,2,12,0.0,0.21614362259447586
train,2011-580,3,2,13,1.0,0.7804914234271825
train,2011-580,3,2,14,0.0,0.6720021858232336
train,2011-580,3,2,15,1.0,0.9871261467728323
train,2011-580,4,3,0,1.0,0.9597541578512387
train,2011-580,4,3,1,1.0,0.3287261936379032
train,2011-580,4,3,2,1.0,0.8986590930092152
train,2011-580,4,3,3,1.0,0.5318776590230568
train,2011-580,4,3,4,0.0,0.16167626359332604
train,2011-580,4,3,5,0.0,0.7663594957468547
train,2011-580,4,3,6,0.0,0.2214481586161068
train,2011-580,4,3,7,1.0,0.9752210848898358
train,2011-580,5,4,0,0.0,0.06177459958755028
train,2011-580,5,4,1,0.0,0.2313183813008238
train,2011-580,5,4,2,0.0,0.10642935464129612
train,2011-580,5,4,3,0.0,0.9553844628273299
train,2011-580,6,5,0,1.0,0.2693589387145454
train,2011-580,6,5,1,1.0,0.6878934623965471
train,2011-580,7,6,0,1.0,0.6420001337125396
train,2012-1536,2,111,0,1.0,0.49464601245822276
train,2012-1536,2,111,1,1.0,0.5038018074439218
train,2012-1536,2,111,2,1.0,0.6250901674284167
train,2012-1536,2,111,3,0.0,0.507327892649606
train,2012-1536,2,111,4,0.0,0.3496043798695252
train,2012-1536,2,111,5,1.0,0.4235772836598247
train,2012-1536,2,111,6,1.0,0.4853795995413
train,2012-1536,2,111,7,1.0,0.5447222436205049
train,2012-1536,2,111,8,0.0,0.41696492812338615
train,2012-1536,2,111,9,1.0,0.6202219676850215
train,2012-1536,2,111,10,0.0,0.4785769239823771
train,2012-1536,2,111,11,1.0,0.5805732296280763
train,2012-1536,2,111,12,1.0,0.4100477643555557
train,2012-1536,2,111,13,1.0,0.6237935001488923
train,2012-1536,2,111,14,0.0,0.3937172164492019
train,2012-1536,2,111,15,1.0,0.578300192612134
train,2012-1536,2,111,16,1.0,0.4951755372940575
train,2012-1536,2,111,17,0.0,0.28623707434916534
train,2012-1536,2,111,18,1.0,0.45372900823508694
train,2012-1536,2,111,19,0.0,0.5231527249852913
train,2012-1536,2,111,20,1.0,0.4599271324665142
train,2012-1536,2,111,21,1.0,0.5475189715147676
train,2012-1536,2,111,22,0.0,0.35895524449893573
train,2012-1536,2,111,23,1.0,0.5246035263757205
train,2012-1536,3,112,0,1.0,0.9814549041283102
train,2012-1536,3,112,1,1.0,0.6986789931044904
train,2012-1536,3,112,2,0.0,0.38015835007316645
train,2012-1536,3,112,3,0.0,0.23219569375050653
train,2012-1536,3,112,4,0.0,0.1720300879816804
train,2012-1536,3,112,5,1.0,0.5448500278042364
train,2012-1536,3,112,6,0.0,0.40257669962745807
train,2012-1536,3,112,7,1.0,0.6657984390527223
train,2012-1536,3,112,8,1.0,0.6129450293041133
train,2012-1536,3,112,9,0.0,0.5027267153631695
train,2012-1536,3,112,10,0.0,0.3836536701226103
train,2012-1536,3,112,11,0.0,0.06253870669990276
train,2012-1536,3,112,12,1.0,0.6368940856897092
train,2012-1536,3,112,13,0.0,0.3746797003734506
train,2012-1536,3,112,14,0.0,0.01668994490612688
train,2012-1536,3,112,15,1.0,0.5405832791215457
train,2012-1536,4,113,0,0.0,0.03104383494129052
train,2012-1536,4,113,1,0.0,0.5774777891957716
train,2012-1536,4,113,2,0.0,0.338410792933025
train,2012-1536,4,113,3,1.0,0.5810879631208892
train,2012-1536,4,113,4,1.0,0.2098741128288512
train,2012-1536,4,113,5,0.0,0.3166703692658078
train,2012-1536,4,113,6,0.0,0.9765614714874041
train,2012-1536,4,113,7,0.0,0.08762045985852722
train,2012-1536,5,114,0,0.0,0.3584518956991596
train,2012-1536,5,114,1,0.0,0.9733856520295439
train,2012-1536,5,114,2,0.0,0.14829181514911585
train,2012-1536,5,114,3,0.0,0.4375590958599461
train,2012-1536,6,115,0,0.0,0.09378437284902653
train,2012-1536,6,115,1,0.0,0.34464938020046415
train,2012-1536,7,116,0,0.0,0.1867871897729881
train,2012-352,2,162,0,1.0,0.5509461957109414
train,2012-352,2,162,1,1.0,0.4840849853830524
train,2012-352,2,162,2,0.0,0.5038417746114939
train,2012-352,2,162,3,0.0,0.43217217915335365
train,2012-352,2,162,4,1.0,0.5536763077383734
train,2012-352,2,162,5,1.0,0.31169084963056226
train,2012-352,2,162,6,1.0,0.4195668844628101
train,2012-352,2,162,7,1.0,0.4356516099932676
train,2012-352,2,162,8,1.0,0.4070114703124049
train,2012-352,2,162,9,0.0,0.5290656357175293
train,2012-352,2,162,10,0.0,0.48500132779193195
train,2012-352,2,162,11,1.0,0.46081261000655205
train,2012-352,2,162,12,0.0,0.5881520128484261
train,2012-352,2,162,13,1.0,0.5459515425407683
train,2012-352,2,162,14,1.0,0.554139616716627
train,2012-352,2,162,15,1.0,0.3345809344635575
train,2012-352,3,163,0,0.0,0.47169188104920134
train,2012-352,3,163,1,1.0,0.4810919379158883
train,2012-352,3,163,2,0.0,0.3264335604749522
train,2012-352,3,163,3,0.0,0.21819638743593378
train,2012-352,3,163,4,0.0,0.3546765441623421
train,2012-352,3,163,5,0.0,0.2986071509920329
train,2012-352,3,163,6,0.0,0.25245995149563927
train,2012-352,3,163,7,1.0,0.6694268200120448
train,2012-352,3,163,8,1.0,0.022725175233214368
train,2012-352,3,163,9,1.0,0.3623927508531162
train,2012-352,3,163,10,0.0,0.3847644947379622
train,2012-352,3,163,11,1.0,0.909317754622168
train,2012-352,3,163,12,0.0,0.23170276260215045
train,2012-352,3,163,13,1.0,0.5380286626694915
train,2012-352,3,163,14,1.0,0.6440969347346897
train,2012-352,3,163,15,0.0,0.6530622601193268
train,2012-352,4,164,0,0.0,0.21588247137368674
train,2012-352,4,164,1,0.0,0.3833116452761286
train,2012-352,4,164,2,1.0,0.07989767560412564
train,2012-352,4,164,3,0.0,0.47516627701824077
train,2012-352,4,164,4,0.0,0.32849813731557137
train,2012-352,4,164,5,1.0,0.33443995461513054
train,2012-352,4,164,6,0.0,0.48538153682725843
train,2012-352,4,164,7,0.0,0.3223493720516371
train,2012-352,5,165,0,1.0,0.4413547091170813
train,2012-352,5,165,1,0.0,0.7188365515434848
train,2012-352,5,165,2,1.0,0.36975933981916626
train,2012-352,5,165,3,1.0,0.517029585783369
train,2012-352,6,166,0,0.0,0.6194943651867882
train,2012-352,6,166,1,0.0,0.23842682293622924
train,2012-352,7,167,0,0.0,0.2143307522073142
train,2012-403,1,98,0,1.0,0.433295737520814
train,2012-403,1,98,1,0.0,0.33759403934355176
train,2012-403,1,98,2,0.0,0.4922367717146852
train,2012-403,1,98,3,1.0,0.4884644157500923
train,2012-403,1,98,4,0.0,0.5851126640155676
train,2012-403,1,98,5,0.0,0.5308729088778075
train,2012-403,1,98,6,1.0,0.5651913624853525
train,2012-403,1,98,7,0.0,0.5118488493786498
train,2012-403,1,98,8,0.0,0.5111821123657043
train,2012-403,1,98,9,1.0,0.4205977284658918
train,2012-403,1,98,10,1.0,0.4681832137390518
train,2012-403,1,98,11,1.0,0.48515390557668775
train,2012-403,1,98,12,0.0,0.48245973575735296
train,2012-403,1,98,13,1.0,0.47727308411037356
train,2012-403,1,98,14,1.0,0.5188422700031244
train,2012-403,1,98,15,1.0,0.5911482825954665
train,2012-403,1,98,16,1.0,0.45760269050383734
train,2012-403,1,98,17,0.0,0.5137704925069454
train,2012-403,1,98,18,1.0,0.5584704071628265
train,2012-403,1,98,19,0.0,0.37583190674999123
train,2012-403,1,98,20,1.0,0.531973218778454
train,2012-403,1,98,21,0.0,0.47658991026904324
train,2012-403,1,98,22,0.0,0.5037115548062161
train,2012-403,1,98,23,1.0,0.5571010076082521
train,2012-403,1,98,24,0.0,0.48083349273883347
train,2012-403,1,98,25,1.0,0.500754192227926
train,2012-403,1,98,26,1.0,0.5968819862406609
train,2012-403,1,98,27,0.0,0.6065292498787311
train,2012-403,1,98,28,1.0,0.5094285110594422
train,2012-403,1,98,29,1.0,0.6073095022147124
train,2012-403,1,98,30,1.0,0.5744835904794496
train,2012-403,1,98,31,0.0,0.5484769488710115
train,2012-403,2,99,0,1.0,0.9887610741618312
train,2012-403,2,99,1,1.0,0.5428559554552207
train,2012-403,2,99,2,0.0,0.5250723910663636
train,2012-403,2,99,3,1.0,0.46485474629967605
train,2012-403,2,99,4,0.0,0.5956600458539386
train,2012-403,2,99,5,0.0,0.5083193923851643
train,2012-403,2,99,6,0.0,0.36295298616415556
train,2012-403,2,99,7,1.0,0.7989392058025395
train,2012-403,2,99,8,0.0,0.11001191647015406
train,2012-403,2,99,9,1.0,0.48047654909562104
train,2012-403,2,99,10,0.0,0.38791135485792955
train,2012-403,2,99,11,1.0,0.6665702102014909
train,2012-403,2,99,12,0.0,0.44166342231125216
train,2012-403,2,99,13,0.0,0.4588415417606294
train,2012-403,2,99,14,0.0,0.22667140161610572
train,2012-403,2,99,15,0.0,0.2856544356071818
train,2012-403,2,99,16,0.0,0.56383963719221
train,2012-403,2,99,17,1.0,0.7365682518321931
train,2012-403,2,99,18,1.0,0.5101234140890919
train,2012-403,2,99,19,0.0,0.356063257409286
train,2012-403,2,99,20,1.0,0.6739154530606616
train,2012-403,2,99,21,1.0,0.5806539818217845
train,2012-403,2,99,22,1.0,0.7632803390704991
train,2012-403,2,99,23,1.0,0.9658903991369963
train,2012-403,2,99,24,1.0,0.5584519325061434
train,2012-403,2,99,25,1.0,0.6164808718501502
train,2012-403,2,99,26,0.0,0.39343214201910176
train,2012-403,2,99,27,0.0,0.6324088519527595
train,2012-403,2,99,28,0.0,0.2731206624730042
train,2012-403,2,99,29,0.0,0.3309523592663624
train,2012-403,2,99,30,1.0,0.5031248921714484
train,2012-403,2,99,31,0.0,0.02571352498640142
train,2012-403,3,100,0,1.0,0.43602855860647277
train,2012-403,3,100,1,0.0,0.8918436977718983
train,2012-403,3,100,2,1.0,0.6923442966350964
train,2012-403,3,100,3,0.0,0.4078489966344922
train,2012-403,3,100,4,1.0,0.6672070995695321
train,2012-403,3,100,5,1.0,0.981070284372273
train,2012-403,3,100,6,0.0,0.6076051272045008
train,2012-403,3,100,7,1.0,0.6612290797877288
train,2012-403,3,100,8,0.0,0.4344008425614558
train,2012-403,3,100,9,0.0,0.019031274966906802
train,2012-403,3,100,10,0.0,0.4620608781987557
train,2012-403,3,100,11,1.0,0.4657370106300673
train,2012-403,3,100,12,1.0,0.7231623394865122
train,2012-403,3,100,13,1.0,0.8970817572142616
train,2012-403,3,100,14,1.0,0.5303500204286535
train,2012-403,3,100,15,0.0,0.8007563732187827
train,2012-403,4,101,0,0.0,0.41495390810662625
train,2012-403,4,101,1,1.0,0.9865378296071197
train,2012-403,4,101,2,1.0,0.7858677006720282
train,2012-403,4,101,3,1.0,0.8223139097739994
train,2012-403,4,101,4,1.0,0.5946528314065925
train,2012-403,4,101,5,0.0,0.7136945620691745
train,2012-403,4,101,6,1.0,0.56411081843014
train,2012-403,4,101,7,1.0,0.9680160368758773
train,2012-403,5,102,0,0.0,0.05608671008747553
train,2012-403,5,102,1,1.0,0.8531148254147308
train,2012-403,5,102,2,0.0,0.600748475447471
train,2012-403,5,102,3,0.0,0.0514236818125352
train,2012-403,6,103,0,0.0,0.9028440672078666
train,2012-403,6,103,1,0.0,0.02798869028393825
train,2012-403,7,104,0,1.0,0.8427819167004893
train,2012-404,1,91,0,1.0,0.500000129009612
train,2012-404,1,91,1,1.0,0.4999998709903881
train,2012-404,1,91,2,0.0,0.5000004934405003
train,2012-404,1,91,3,1.0,0.49999952941263087
train,2012-404,1,91,4,1.0,0.5000000646465748
train,2012-404,1,91,5,1.0,0.500000098642734
train,2012-404,1,91,6,1.0,0.5000002967504612
train,2012-404,1,91,7,0.0,0.49999989803987593
train,2012-404,1,91,8,0.0,0.5000000237888054
train,2012-404,1,91,9,0.0,0.5000001614746682
train,2012-404,1,91,10,0.0,0.4999994492281952
train,2012-404,1,91,11,1.0,0.4999997356862412
train,2012-404,1,91,12,1.0,0.5000001614746682
train,2012-404,1,91,13,1.0,0.5000001885808636
train,2012-404,1,91,14,1.0,0.4999998136023761
train,2012-404,1,91,15,1.0,0.4999999636504786
train,2012-404,1,91,16,0.0,0.49999971345689265
train,2012-404,1,91,17,1.0,0.5000001243028876
train,2012-404,1,91,18,1.0,0.4999998617754158
train,2012-404,1,91,19,1.0,0.4999998709903881
train,2012-404,1,91,20,0.0,0.5
train,2012-404,1,91,21,1.0,0.4999998431753486
train,2012-404,1,91,22,1.0,0.5
train,2012-404,1,91,23,1.0,0.5000006039634601
train,2012-404,1,91,24,1.0,0.5
train,2012-404,1,91,25,0.0,0.500000101960124
train,2012-404,1,91,26,1.0,0.5000005601285459
train,2012-404,1,91,27,1.0,0.49999993730983483
train,2012-404,1,91,28,0.0,0.4999999743682002
train,2012-404,1,91,29,0.0,0.5000005833219223
train,2012-404,1,91,30,0.0,0.5000005833219223
train,2012-404,1,91,31,1.0,0.4999993062968867
train,2012-404,2,92,0,0.0,0.4999999726953283
train,2012-404,2,92,1,1.0,0.5000005833219223
train,2012-404,2,92,2,0.0,0.4999999635654173
train,2012-404,2,92,3,1.0,0.49999932665488694
train,2012-404,2,92,4,1.0,0.5000005164070467
train,2012-404,2,92,5,1.0,0.49999978102390485
train,2012-404,2,92,6,0.0,0.5
train,2012-404,2,92,7,1.0,0.4999993717373668
train,2012-404,2,92,8,0.0,0.49999993529671766
train,2012-404,2,92,9,0.0,0.49999984314699486
train,2012-404,2,92,10,0.0,0.4999999541803224
train,2012-404,2,92,11,0.0,0.49999995840503286
train,2012-404,2,92,12,0.0,0.49999995460562885
train,2012-404,2,92,13,0.0,0.5000007564783399
train,2012-404,2,92,14,0.0,0.5000000614425998
train,2012-404,2,92,15,0.0,0.5000002064720867
train,2012-404,2,92,16,1.0,0.5000000374553181
train,2012-404,2,92,17,1.0,0.49999997533222806
train,2012-404,2,92,18,0.0,0.5000000734929482
train,2012-404,2,92,19,1.0,0.50000042091158
train,2012-404,2,92,20,0.0,0.49999989253924637
train,2012-404,2,92,21,1.0,0.5
train,2012-404,2,92,22,1.0,0.49999990305849157
train,2012-404,2,92,23,0.0,0.5000000364345827
train,2012-404,2,92,24,1.0,0.4999999635654173
train,2012-404,2,92,25,1.0,0.5000001290946732
train,2012-404,2,92,26,1.0,0.49999982060575493
train,2012-404,2,92,27,1.0,0.5000000348184184
train,2012-404,2,92,28,0.0,0.5000001264294197
train,2012-404,2,92,29,0.0,0.49999932665488694
train,2012-404,2,92,30,1.0,0.5000001019884778
train,2012-404,2,92,31,0.0,0.4999997002156864
train,2012-404,3,93,0,0.0,0.5
train,2012-404,3,93,1,1.0,0.4999999625730357
train,2012-404,3,93,2,0.0,0.4999999058088065
train,2012-404,3,93,3,0.0,0.500000062605104
train,2012-404,3,93,4,1.0,0.49999928752669703
train,2012-404,3,93,5,0.0,0.5000001706329329
train,2012-404,3,93,6,1.0,0.5000002594936195
train,2012-404,3,93,7,1.0,0.5
train,2012-404,3,93,8,0.0,0.5000004941493443
train,2012-404,3,93,9,1.0,0.5000005470858159
train,2012-404,3,93,10,0.0,0.5000000395534964
train,2012-404,3,93,11,1.0,0.5
train,2012-404,3,93,12,0.0,0.4999999625730357
train,2012-404,3,93,13,1.0,0.4999998683251346
train,2012-404,3,93,14,1.0,0.5000007393526683
train,2012-404,3,93,15,1.0,0.5000001330641998
train,2012-404,4,94,0,1.0,0.5000006853671076
train,2012-404,4,94,1,0.0,0.5000001018750628
train,2012-404,4,94,2,0.0,0.5000006481102658
train,2012-404,4,94,3,1.0,0.50000015364903
train,2012-404,4,94,4,1.0,0.5000002226053766
train,2012-404,4,94,5,0.0,0.5000000260571063
train,2012-404,4,94,6,0.0,0.500000156994774
train,2012-404,4,94,7,1.0,0.5000001018750628
train,2012-404,5,95,0,0.0,0.4999993146328924
train,2012-404,5,95,1,1.0,0.49999984615249354
train,2012-404,5,95,2,0.0,0.4999997149879957
train,2012-404,5,95,3,1.0,0.5000000627468728
train,2012-404,6,96,0,0.0,0.5000006206071178
train,2012-404,6,96,1,1.0,0.5000002223785465
train,2012-404,7,97,0,1.0,0.499999740336258
train,2012-410,2,105,0,1.0,0.5361130197246377
train,2012-410,2,105,1,1.0,0.5221265420099298
train,2012-410,2,105,2,1.0,0.5137192250346276
train,2012-410,2,105,3,0.0,0.56538816158657
train,2012-410,2,105,4,1.0,0.4906588276655282
train,2012-410,2,105,5,0.0,0.44852453188307967
train,2012-410,2,105,6,0.0,0.4444791427662947
train,2012-410,2,105,7,1.0,0.6124145604504121
train,2012-410,2,105,8,0.0,0.46355934591913756
train,2012-410,2,105,9,1.0,0.5517980201037307
train,2012-410,2,105,10,0.0,0.4108313238576424
train,2012-410,2,105,11,0.0,0.6298739861672787
train,2012-410,2,105,12,0.0,0.6016618863440024
train,2012-410,2,105,13,0.0,0.4969788691464935
train,2012-410,2,105,14,0.0,0.6015750203166792
train,2012-410,2,105,15,1.0,0.43775952630278236
train,2012-410,2,105,16,1.0,0.5366174385991321
train,2012-410,2,105,17,1.0,0.5309769094144969
train,2012-410,2,105,18,1.0,0.5097440563014134
train,2012-410,2,105,19,1.0,0.6550419547662681
train,2012-410,2,105,20,1.0,0.4736595025493555
train,2012-410,2,105,21,0.0,0.31567778134683616
train,2012-410,2,105,22,1.0,0.6701192986818373
train,2012-410,2,105,23,1.0,0.5157320191740482
train,2012-410,3,106,0,0.0,0.013525797607810367
train,2012-410,3,106,1,1.0,0.7237652133544039
train,2012-410,3,106,2,0.0,0.5047150203448909
train,2012-410,3,106,3,1.0,0.6572079626761046
train,2012-410,3,106,4,1.0,0.6321291203474447
train,2012-410,3,106,5,0.0,0.546986897826331
train,2012-410,3,106,6,0.0,0.40222567978506435
train,2012-410,3,106,7,1.0,0.7013988326384519
train,2012-410,3,106,8,0.0,0.5118730176727426
train,2012-410,3,106,9,1.0,0.6419043288039353
train,2012-410,3,106,10,0.0,0.09293490641202429
train,2012-410,3,106,11,1.0,0.2800051057998435
train,2012-410,3,106,12,1.0,0.6598254044495886
train,2012-410,3,106,13,1.0,0.5158139538709647
train,2012-410,3,106,14,1.0,0.4929870206347241
train,2012-410,3,106,15,1.0,0.9827914964430104
train,2012-410,4,107,0,0.0,0.017614659689211946
train,2012-410,4,107,1,1.0,0.4524434525141345
train,2012-410,4,107,2,1.0,0.7691895157940144
train,2012-410,4,107,3,0.0,0.4532816527088155
train,2012-410,4,107,4,1.0,0.6507527085330522
train,2012-410,4,107,5,1.0,0.5218977481939724
train,2012-410,4,107,6,0.0,0.012712063424347577
train,2012-410,4,107,7,1.0,0.8921828415907854
train,2012-410,5,108,0,0.0,0.01640130922242598
train,2012-410,5,108,1,0.0,0.7506174611116719
train,2012-410,5,108,2,1.0,0.27938987382206565
train,2012-410,5,108,3,1.0,0.9759063817451624
train,2012-410,6,109,0,0.0,0.0634630826314073
train,2012-410,6,109,1,1.0,0.9740391747374391
train,2012-410,7,110,0,1.0,0.538396081031444
train,2012-416,2,117,0,0.0,0.46830637544965625
train,2012-416,2,117,1,0.0,0.4124512152892978
train,2012-416,2,117,2,1.0,0.6435245654631494
train,2012-416,2,117,3,0.0,0.3636407962051713
train,2012-416,2,117,4,1.0,0.5397150013615308
train,2012-416,2,117,5,1.0,0.5245237735139595
train,2012-416,2,117,6,0.0,0.4744255713606857
train,2012-416,2,117,7,0.0,0.3684152871581342
train,2012-416,2,117,8,1.0,0.4295864138152227
train,2012-416,2,117,9,1.0,0.5440735225889844
train,2012-416,2,117,10,0.0,0.36956157606394235
train,2012-416,2,117,11,0.0,0.49324513336667886
train,2012-416,2,117,12,0.0,0.45600128728707123
train,2012-416,2,117,13,1.0,0.7120407511338784
train,2012-416,2,117,14,1.0,0.4933959484539647
train,2012-416,2,117,15,0.0,0.5807215241580828
train,2012-416,2,117,16,1.0,0.4003416494773807
train,2012-416,2,117,17,1.0,0.502193596864748
train,2012-416,2,117,18,1.0,0.511913483027752
train,2012-416,2,117,19,1.0,0.6437850941630834
train,2012-416,2,117,20,0.0,0.6735712657327904
train,2012-416,2,117,21,1.0,0.5431954210741702
train,2012-416,2,117,22,1.0,0.6865659526528809
train,2012-416,2,117,23,0.0,0.49899615844786854
train,2012-416,3,118,0,1.0,0.9870506235518651
train,2012-416,3,118,1,1.0,0.4891603102179573
train,2012-416,3,118,2,0.0,0.4000672221478146
train,2012-416,3,118,3,1.0,0.8261674073960554
train,2012-416,3,118,4,1.0,0.8476665088851466
train,2012-416,3,118,5,0.0,0.5025655414508173
train,2012-416,3,118,6,1.0,0.6402451205611028
train,2012-416,3,118,7,1.0,0.4810533776971166
train,2012-416,3,118,8,1.0,0.4635945833480367
train,2012-416,3,118,9,0.0,0.5808748935498061
train,2012-416,3,118,10,0.0,0.33758085915839525
train,2012-416,3,118,11,1.0,0.9588904866601904
train,2012-416,3,118,12,1.0,0.791683055101692
train,2012-416,3,118,13,0.0,0.4873184426762512
train,2012-416,3,118,14,0.0,0.3862215839682426
train,2012-416,3,118,15,0.0,0.020463098391032587
train,2012-416,4,119,0,1.0,0.9696000221183493
train,2012-416,4,119,1,1.0,0.939916629233158
train,2012-416,4,119,2,1.0,0.38365631335954714
train,2012-416,4,119,3,0.0,0.37884437774820773
train,2012-416,4,119,4,0.0,0.8380979482067927
train,2012-416,4,119,5,1.0,0.7292144411734859
train,2012-416,4,119,6,1.0,0.9886437471798789
train,2012-416,4,119,7,1.0,0.6382261736199182
train,2012-416,5,120,0,1.0,0.9229110856305495
train,2012-416,5,120,1,1.0,0.6200003752661399
train,2012-416,5,120,2,0.0,0.04915504120357864
train,2012-416,5,120,3,0.0,0.054215280216990874
train,2012-416,6,121,0,1.0,0.72403051801947
train,2012-416,6,121,1,1.0,0.9635552663214233
train,2012-416,7,122,0,0.0,0.3959183354840518
train,2012-421,2,137,0,1.0,0.5128141177043181
train,2012-421,2,137,1,0.0,0.4749240521320651
train,2012-421,2,137,2,0.0,0.5553498255012341
train,2012-421,2,137,3,1.0,0.5471458294855168
train,2012-421,2,137,4,1.0,0.5570786203176636
train,2012-421,2,137,5,0.0,0.46529945047853144
train,2012-421,2,137,6,1.0,0.6046903489501302
train,2012-421,2,137,7,1.0,0.574098386057869
train,2012-421,2,137,8,1.0,0.39930344820793856
train,2012-421,2,137,9,1.0,0.49462074150789753
train,2012-421,2,137,10,1.0,0.5069502136567074
train,2012-421,2,137,11,1.0,0.5016015027201078
train,2012-421,2,137,12,0.0,0.4924858469442438
train,2012-421,2,137,13,0.0,0.4729599597885397
train,2012-421,2,137,14,0.0,0.482389492626189
train,2012-421,2,137,15,1.0,0.5811123746030606
train,2012-421,3,138,0,1.0,0.9062608630613616
train,2012-421,3,138,1,1.0,0.5040650626191175
train,2012-421,3,138,2,0.0,0.42767339694376344
train,2012-421,3,138,3,0.0,0.24534946983885364
train,2012-421,3,138,4,0.0,0.33009234694888
train,2012-421,3,138,5,1.0,0.6571390172163251
train,2012-421,3,138,6,0.0,0.3141232597411223
train,2012-421,3,138,7,0.0,0.3471472767091657
train,2012-421,3,138,8,0.0,0.45793820957270787
train,2012-421,3,138,9,1.0,0.529013733015711
train,2012-421,3,138,10,0.0,0.02031165707406172
train,2012-421,3,138,11,1.0,0.5265135160002845
train,2012-421,3,138,12,0.0,0.4687729956208565
train,2012-421,3,138,13,1.0,0.3898912936578854
train,2012-421,3,138,14,1.0,0.1976005416388534
train,2012-421,3,138,15,0.0,0.5437262560630958
train,2012-421,4,139,0,0.0,0.4352040957460683
train,2012-421,4,139,1,1.0,0.976667774000989
train,2012-421,4,139,2,0.0,0.5207629090932897
train,2012-421,4,139,3,1.0,0.516066260679766
train,2012-421,4,139,4,1.0,0.3427169244141092
train,2012-421,4,139,5,0.0,0.6292126174007402
train,2012-421,4,139,6,1.0,0.11390101698468431
train,2012-421,4,139,7,0.0,0.4773733631449469
train,2012-421,5,140,0,0.0,0.502456956318047
train,2012-421,5,140,1,0.0,0.041389537509326835
train,2012-421,5,140,2,1.0,0.6376514185747046
train,2012-421,5,140,3,1.0,0.5203589448356233
train,2012-421,6,141,0,0.0,0.035352098207112825
train,2012-421,6,141,1,1.0,0.6262407775869413
train,2012-421,7,142,0,1.0,0.9586502564596051
train,2012-422,2,143,0,0.0,0.5125027381677023
train,2012-422,2,143,1,0.0,0.4684559870770796
train,2012-422,2,143,2,0.0,0.4111574065485464
train,2012-422,2,143,3,0.0,0.5128051093931056
train,2012-422,2,143,4,1.0,0.6322720823004531
train,2012-422,2,143,5,1.0,0.6093785618291688
train,2012-422,2,143,6,1.0,0.4997408159701428
train,2012-422,2,143,7,1.0,0.5012593182844464
train,2012-422,2,143,8,1.0,0.5689626940981583
train,2012-422,2,143,9,1.0,0.3663633794245927
train,2012-422,2,143,10,0.0,0.47790028568589876
train,2012-422,2,143,11,1.0,0.5715747417159601
train,2012-422,2,143,12,1.0,0.3006845668544502
train,2012-422,2,143,13,1.0,0.48340190635841945
train,2012-422,2,143,14,0.0,0.5454342947463459
train,2012-422,2,143,15,0.0,0.4354904045255396
train,2012-422,2,143,16,1.0,0.5319219295269207
train,2012-422,2,143,17,0.0,0.4108288149675208
train,2012-422,2,143,18,1.0,0.4938500723022428
train,2012-422,2,143,19,1.0,0.5018523927382841
train,2012-422,2,143,20,0.0,0.5421859101360126
train,2012-422,2,143,21,0.0,0.5433122342682803
train,2012-422,2,143,22,0.0,0.7064873306401022
train,2012-422,2,143,23,1.0,0.6288580608443046
train,2012-422,3,144,0,1.0,0.975913786409767
train,2012-422,3,144,1,0.0,0.42305813513934065
train,2012-422,3,144,2,1.0,0.6581341044464041
train,2012-422,3,144,3,0.0,0.6685036503565279
train,2012-422,3,144,4,1.0,0.8769488353716179
train,2012-422,3,144,5,1.0,0.4973921830890836
train,2012-422,3,144,6,0.0,0.5390404415020421
train,2012-422,3,144,7,1.0,0.5142269592967823
train,2012-422,3,144,8,1.0,0.7792461408967144
train,2012-422,3,144,9,0.0,0.46425639286801856
train,2012-422,3,144,10,0.0,0.5163333455413339
train,2012-422,3,144,11,0.0,0.686443191937794
train,2012-422,3,144,12,1.0,0.47705659449715854
train,2012-422,3,144,13,0.0,0.3128497710821048
train,2012-422,3,144,14,0.0,0.47158591236952213
train,2012-422,3,144,15,1.0,0.958199805025374
train,2012-422,4,145,0,0.0,0.04354756874879568
train,2012-422,4,145,1,0.0,0.45267332249146525
train,2012-422,4,145,2,1.0,0.2754465659017816
train,2012-422,4,145,3,0.0,0.3258665671252723
train,2012-422,4,145,4,1.0,0.12002928700198423
train,2012-422,4,145,5,1.0,0.6361630755872859
train,2012-422,4,145,6,1.0,0.9690754453960511
train,2012-422,4,145,7,0.0,0.36877323031683273
train,2012-422,5,146,0,0.0,0.08212714073908228
train,2012-422,5,146,1,0.0,0.44738317007719813
train,2012-422,5,146,2,1.0,0.6398441742338804
train,2012-422,5,146,3,0.0,0.02975623988537919
train,2012-422,6,147,0,1.0,0.9577622656647193
train,2012-422,6,147,1,0.0,0.07484440517896801
train,2012-422,7,148,0,0.0,0.7045578620188789
train,2012-5014,2,156,0,1.0,0.49999989801152217
train,2012-5014,2,156,1,1.0,0.5000000258019224
train,2012-5014,2,156,2,1.0,0.49999932665488694
train,2012-5014,2,156,3,1.0,0.5000000264540589
train,2012-5014,2,156,4,1.0,0.5000007394660834
train,2012-5014,2,156,5,0.0,0.5000000697786056
train,2012-5014,2,156,6,0.0,0.5000001019884778
train,2012-5014,2,156,7,0.0,0.5000006273269592
train,2012-5014,2,156,8,0.0,0.500000086790862
train,2012-5014,2,156,9,1.0,0.5000000647032823
train,2012-5014,2,156,10,0.0,0.5000004125755743
train,2012-5014,2,156,11,1.0,0.5000000803545582
train,2012-5014,2,156,12,1.0,0.5000000661776779
train,2012-5014,2,156,13,0.0,0.4999998683534883
train,2012-5014,2,156,14,0.0,0.49999986174706207
train,2012-5014,2,156,15,0.0,0.5000000916677089
train,2012-5014,2,156,16,0.0,0.49999993739489607
train,2012-5014,2,156,17,1.0,0.5000000273330254
train,2012-5014,2,156,18,0.0,0.4999998774266918
train,2012-5014,2,156,19,0.0,0.5000006300489201
train,2012-5014,2,156,20,1.0,0.500000179394245
train,2012-5014,2,156,21,0.0,0.49999995840503286
train,2012-5014,2,156,22,0.0,0.4999999768349774
train,2012-5014,2,156,23,1.0,0.5000000273046716
train,2012-5014,3,157,0,0.0,0.49999926064733174
train,2012-5014,3,157,1,1.0,0.5000001020451854
train,2012-5014,3,157,2,1.0,0.4999998381850867
train,2012-5014,3,157,3,0.0,0.49999993024974826
train,2012-5014,3,157,4,0.0,0.5000000395534964
train,2012-5014,3,157,5,0.0,0.5000001568813588
train,2012-5014,3,157,6,0.0,0.5000000941911936
train,2012-5014,3,157,7,1.0,0.5000000515187835
train,2012-5014,3,157,8,0.0,0.4999999743114927
train,2012-5014,3,157,9,0.0,0.5000000364062289
train,2012-5014,3,157,10,1.0,0.5000002454585077
train,2012-5014,3,157,11,1.0,0.5000000121070559
train,2012-5014,3,157,12,0.0,0.4999993520031492
train,2012-5014,3,157,13,0.0,0.5000000256885073
train,2012-5014,3,157,14,1.0,0.4999994795667193
train,2012-5014,3,157,15,0.0,0.4999999350698876
train,2012-5014,4,158,0,0.0,0.49999997394289375
train,2012-5014,4,158,1,1.0,0.49999938925999093
train,2012-5014,4,158,2,1.0,0.5000001382812918
train,2012-5014,4,158,3,1.0,0.4999997405630881
train,2012-5014,4,158,4,0.0,0.4999999373665423
train,2012-5014,4,158,5,0.0,0.5000000226546549
train,2012-5014,4,158,6,0.0,0.5000004940075755
train,2012-5014,4,158,7,1.0,0.5000001018750628
train,2012-5014,5,159,0,1.0,0.49999984615249354
train,2012-5014,5,159,1,1.0,0.5000000736063632
train,2012-5014,5,159,2,1.0,0.5000000940777786
train,2012-5014,5,159,3,1.0,0.5
train,2012-5014,6,160,0,1.0,0.5000000734929482
train,2012-5014,6,160,1,1.0,0.4999999058938677
train,2012-5014,7,161,0,1.0,0.49999996382060113
train,2012-520,1,123,0,1.0,0.6943363369465952
train,2012-520,1,123,1,1.0,0.5054822562331146
train,2012-520,1,123,2,1.0,0.6325648602477311
train,2012-520,1,123,3,0.0,0.3989531606855285
train,2012-520,1,123,4,1.0,0.5010437093812867
train,2012-520,1,123,5,0.0,0.3070693496134139
train,2012-520,1,123,6,1.0,0.40759310433490237
train,2012-520,1,123,7,0.0,0.4839825137841946
train,2012-520,1,123,8,0.0,0.5016013743355957
train,2012-520,1,123,9,1.0,0.3768332460331636
train,2012-520,1,123,10,0.0,0.7368762529817074
train,2012-520,1,123,11,0.0,0.5140397636692902
train,2012-520,1,123,12,1.0,0.34888352595173056
train,2012-520,1,123,13,1.0,0.9551179530333004
train,2012-520,1,123,14,1.0,0.823667552592539
train,2012-520,1,123,15,0.0,0.43713994358282654
train,2012-520,1,123,16,0.0,0.49014324429481554
train,2012-520,1,123,17,1.0,0.4748550633558354
train,2012-520,1,123,18,0.0,0.34641835143167454
train,2012-520,1,123,19,0.0,0.009236281754301596
train,2012-520,1,123,20,1.0,0.45369901020840864
train,2012-520,1,123,21,1.0,0.6791193924415442
train,2012-520,1,123,22,0.0,0.23768622074243412
train,2012-520,1,123,23,0.0,0.4819818400207855
train,2012-520,1,123,24,1.0,0.46017778990005725
train,2012-520,1,123,25,0.0,0.59700508121511
train,2012-520,1,123,26,1.0,0.38973899417317925
train,2012-520,1,123,27,0.0,0.49912579807605617
train,2012-520,1,123,28,1.0,0.3992628269472646
train,2012-520,1,123,29,1.0,0.9844646383338855
train,2012-520,1,123,30,1.0,0.5298711305301768
train,2012-520,1,123,31,1.0,0.5056185253055863
train,2012-520,1,123,32,0.0,0.5063409763724496
train,2012-520,1,123,33,1.0,0.818254497975033
train,2012-520,1,123,34,1.0,0.5337044656092336
train,2012-520,1,123,35,0.0,0.5902814141351808
train,2012-520,1,123,36,0.0,0.45735695271780646
train,2012-520,1,123,37,0.0,0.43720492500463365
train,2012-520,1,123,38,0.0,0.526483682049873
train,2012-520,1,123,39,0.0,0.49969413786905886
train,2012-520,1,123,40,0.0,0.36870891800671846
train,2012-520,1,123,41,1.0,0.5773951135281573
train,2012-520,1,123,42,0.0,0.5342624981053987
train,2012-520,1,123,43,1.0,0.6488057778934112
train,2012-520,1,123,44,1.0,0.566223230684597
train,2012-520,1,123,45,1.0,0.5312889056899861
train,2012-520,1,123,46,0.0,0.49367395708494427
train,2012-520,1,123,47,1.0,0.6307821331050043
train,2012-520,1,123,48,0.0,0.3600313870763799
train,2012-520,1,123,49,0.0,0.5128694114154807
train,2012-520,1,123,50,0.0,0.2127422440021595
train,2012-520,1,123,51,1.0,0.907472615510947
train,2012-520,1,123,52,1.0,0.48950526149290724
train,2012-520,1,123,53,0.0,0.5315536247614462
train,2012-520,1,123,54,0.0,0.4604723991588246
train,2012-520,1,123,55,0.0,0.5626661702252553
train,2012-520,1,123,56,0.0,0.45066262566328374
train,2012-520,1,123,57,0.0,0.4041584601786013
train,2012-520,1,123,58,1.0,0.4456601700345734
train,2012-520,1,123,59,0.0,0.41640000022961476
train,2012-520,1,123,60,0.0,0.47857264929378285
train,2012-520,1,123,61,0.0,0.45054466800378573
train,2012-520,1,123,62,1.0,0.4817177100987757
train,2012-520,1,123,63,1.0,0.5540527408698
train,2012-520,2,124,0,1.0,0.4576301793418925
train,2012-520,2,124,1,1.0,0.5802922318391899
train,2012-520,2,124,2,1.0,0.6672739368032039
train,2012-520,2,124,3,0.0,0.5277245538966833
train,2012-520,2,124,4,0.0,0.44377537812012885
train,2012-520,2,124,5,0.0,0.35358611519076727
train,2012-520,2,124,6,1.0,0.36324337051020256
train,2012-520,2,124,7,1.0,0.5305120533522929
train,2012-520,2,124,8,1.0,0.5364174127973189
train,2012-520,2,124,9,1.0,0.6307114001743951
train,2012-520,2,124,10,1.0,0.8915676977140973
train,2012-520,2,124,11,0.0,0.4224809596069697
train,2012-520,2,124,12,1.0,0.48157635339205024
train,2012-520,2,124,13,1.0,0.767511077171955
train,2012-520,2,124,14,0.0,0.44196576095785
train,2012-520,2,124,15,1.0,0.5361701458008126
train,2012-520,2,124,16,1.0,0.7191797563595459
train,2012-520,2,124,17,0.0,0.4296624493005657
train,2012-520,2,124,18,0.0,0.5323060691906947
train,2012-520,2,124,19,0.0,0.43692254013044085
train,2012-520,2,124,20,0.0,0.04558773711955471
train,2012-520,2,124,21,1.0,0.8181162701790906
train,2012-520,2,124,22,1.0,0.49224033843864695
train,2012-520,2,124,23,1.0,0.6566902389023751
train,2012-520,2,124,24,0.0,0.31604771551562305
train,2012-520,2,124,25,0.0,0.2414851610513731
train,2012-520,2,124,26,0.0,0.4402100022008294
train,2012-520,2,124,27,0.0,0.20818408962996787
train,2012-520,2,124,28,1.0,0.4388326864876304
train,2012-520,2,124,29,0.0,0.521402197016859
train,2012-520,2,124,30,1.0,0.9912514150424742
train,2012-520,2,124,31,1.0,0.9847109380016436
train,2012-520,3,125,0,0.0,0.5128442544570403
train,2012-520,3,125,1,1.0,0.9850132063964996
train,2012-520,3,125,2,1.0,0.9913348888551737
train,2012-520,3,125,3,1.0,0.5713809454421799
train,2012-520,3,125,4,0.0,0.3668324784110752
train,2012-520,3,125,5,0.0,0.39957989478748257
train,2012-520,3,125,6,0.0,0.1018867587602403
train,2012-520,3,125,7,1.0,0.5908490783661136
train,2012-520,3,125,8,1.0,0.48022878920918144
train,2012-520,3,125,9,0.0,0.30270976664811655
train,2012-520,3,125,10,1.0,0.7926107948673908
train,2012-520,3,125,11,1.0,0.5925878206927672
train,2012-520,3,125,12,0.0,0.05639177231476655
train,2012-520,3,125,13,1.0,0.7912455592052337
train,2012-520,3,125,14,0.0,0.5143882267241018
train,2012-520,3,125,15,0.0,0.702014643925755
train,2012-520,4,126,0,1.0,0.9851104662618585
train,2012-520,4,126,1,1.0,0.4642749520914617
train,2012-520,4,126,2,1.0,0.805535511086409
train,2012-520,4,126,3,0.0,0.2338712582892502
train,2012-520,4,126,4,0.0,0.6506484811556907
train,2012-520,4,126,5,0.0,0.04574734582994346
train,2012-520,4,126,6,0.0,0.31426010705082624
train,2012-520,4,126,7,1.0,0.9769201424625495
train,2012-520,5,127,0,1.0,0.9839547816341508
train,2012-520,5,127,1,0.0,0.7175765125150219
train,2012-520,5,127,2,1.0,0.8812555991213428
train,2012-520,5,127,3,0.0,0.0695843068041914
train,2012-520,6,128,0,0.0,0.0348015500126169
train,2012-520,6,128,1,0.0,0.2440249134195589
train,2012-520,7,129,0,0.0,0.38001214286819096
train,2012-540,1,130,0,0.0,0.010322044936633714
train,2012-540,1,130,1,0.0,0.49583632015209345
train,2012-540,1,130,2,0.0,0.5830040782162265
train,2012-540,1,130,3,1.0,0.5510140796305044
train,2012-540,1,130,4,0.0,0.4265736066243397
train,2012-540,1,130,5,1.0,0.4422186265689515
train,2012-540,1,130,6,1.0,0.6217809793542864
train,2012-540,1,130,7,0.0,0.4581383926047587
train,2012-540,1,130,8,1.0,0.502765377158441
train,2012-540,1,130,9,1.0,0.7609230561105247
train,2012-540,1,130,10,0.0,0.4403955265707235
train,2012-540,1,130,11,0.0,0.4972113528339526
train,2012-540,1,130,12,1.0,0.4614741605827955
train,2012-540,1,130,13,1.0,0.9528758917563706
train,2012-540,1,130,14,1.0,0.220493455211922
train,2012-540,1,130,15,0.0,0.3767363246849559
train,2012-540,1,130,16,1.0,0.45058145056083676
train,2012-540,1,130,17,1.0,0.5371379448485107
train,2012-540,1,130,18,1.0,0.6852330004763854
train,2012-540,1,130,19,0.0,0.5111875499361765
train,2012-540,1,130,20,1.0,0.48166140663643037
train,2012-540,1,130,21,1.0,0.6155106774532125
train,2012-540,1,130,22,1.0,0.619649944076748
train,2012-540,1,130,23,0.0,0.4850003215726595
train,2012-540,1,130,24,0.0,0.5381465468864759
train,2012-540,1,130,25,0.0,0.48724747265246465
train,2012-540,1,130,26,0.0,0.4003634594330952
train,2012-540,1,130,27,0.0,0.5374242911758362
train,2012-540,1,130,28,1.0,0.9778252135723269
train,2012-540,1,130,29,0.0,0.5692885472044038
train,2012-540,1,130,30,1.0,0.5556563017931221
train,2012-540,1,130,31,1.0,0.4808112326735266
train,2012-540,1,130,32,1.0,0.4577093143327408
train,2012-540,1,130,33,1.0,0.5261198019966503
train,2012-540,1,130,34,1.0,0.4851896225574076
train,2012-540,1,130,35,0.0,0.4728364454854791
train,2012-540,1,130,36,1.0,0.5447826694904795
train,2012-540,1,130,37,1.0,0.5026715180969507
train,2012-540,1,130,38,1.0,0.4226051556884712
train,2012-540,1,130,39,1.0,0.6848856741175346
train,2012-540,1,130,40,1.0,0.4935854301476983
train,2012-540,1,130,41,1.0,0.49899803137636084
train,2012-540,1,130,42,1.0,0.4630147447210611
train,2012-540,1,130,43,1.0,0.44235495247934387
train,2012-540,1,130,44,0.0,0.5007190985140473
train,2012-540,1,130,45,0.0,0.46822472386005387
train,2012-540,1,130,46,0.0,0.24721422348588565
train,2012-540,1,130,47,1.0,0.8179451388053045
train,2012-540,1,130,48,0.0,0.4954280063700211
train,2012-540,1,130,49,1.0,0.5873201232899076
train,2012-540,1,130,50,1.0,0.49807336513344946
train,2012-540,1,130,51,0.0,0.41899519721179096
train,2012-540,1,130,52,0.0,0.5009390866269953
train,2012-540,1,130,53,1.0,0.7679280163567352
train,2012-540,1,130,54,1.0,0.5183188494201779
train,2012-540,1,130,55,1.0,0.5355670955298669
train,2012-540,1,130,56,1.0,0.8028103033296099
train,2012-540,1,130,57,0.0,0.2962048012280736
train,2012-540,1,130,58,1.0,0.6441092343689817
train,2012-540,1,130,59,1.0,0.5162987119351722
train,2012-540,1,130,60,1.0,0.5657717117771495
train,2012-540,1,130,61,1.0,0.4692860870417291
train,2012-540,1,130,62,0.0,0.4557946340789086
train,2012-540,1,130,63,1.0,0.4860438909762964
train,2012-540,2,131,0,0.0,0.48972340418741683
train,2012-540,2,131,1,1.0,0.7383485288648763
train,2012-540,2,131,2,1.0,0.6293084617203567
train,2012-540,2,131,3,0.0,0.5029728021301346
train,2012-540,2,131,4,0.0,0.422631836701324
train,2012-540,2,131,5,1.0,0.3804821602222595
train,2012-540,2,131,6,0.0,0.2119537593814564
train,2012-540,2,131,7,1.0,0.5104763289111962
train,2012-540,2,131,8,0.0,0.23367255031294282
train,2012-540,2,131,9,1.0,0.45303657780724854
train,2012-540,2,131,10,1.0,0.8608116233490614
train,2012-540,2,131,11,0.0,0.19355944372281442
train,2012-540,2,131,12,0.0,0.2404399574080583
train,2012-540,2,131,13,0.0,0.3690307289906277
train,2012-540,2,131,14,1.0,0.4858833973596005
train,2012-540,2,131,15,0.0,0.5499309694866191
train,2012-540,2,131,16,0.0,0.6272794153594218
train,2012-540,2,131,17,1.0,0.42355804425622606
train,2012-540,2,131,18,1.0,0.5817250896969605
train,2012-540,2,131,19,1.0,0.9432261767638958
train,2012-540,2,131,20,1.0,0.42138719685612475
train,2012-540,2,131,21,0.0,0.49458057685203494
train,2012-540,2,131,22,0.0,0.30898391867858216
train,2012-540,2,131,23,0.0,0.34363401736791677
train,2012-540,2,131,24,0.0,0.39779288925818307
train,2012-540,2,131,25,1.0,0.5540203942768481
train,2012-540,2,131,26,1.0,0.6052954071867586
train,2012-540,2,131,27,1.0,0.6761570613200585
train,2012-540,2,131,28,0.0,0.2932996324832058
train,2012-540,2,131,29,0.0,0.01648739952149878
train,2012-540,2,131,30,1.0,0.00863557573606144
train,2012-540,2,131,31,1.0,0.6840995407259068
train,2012-540,3,132,0,0.0,0.7096831813149033
train,2012-540,3,132,1,1.0,0.9729535503882628
train,2012-540,3,132,2,1.0,0.6298427271441537
train,2012-540,3,132,3,1.0,0.4933036535583051
train,2012-540,3,132,4,0.0,0.3186514654842097
train,2012-540,3,132,5,0.0,0.1845204307542305
train,2012-540,3,132,6,0.0,0.14936859775970737
train,2012-540,3,132,7,0.0,0.4118025550841212
train,2012-540,3,132,8,1.0,0.6963245132109128
train,2012-540,3,132,9,1.0,0.5606017461311371
train,2012-540,3,132,10,0.0,0.5524772855413258
train,2012-540,3,132,11,0.0,0.507264120703583
train,2012-540,3,132,12,0.0,0.06364735655251536
train,2012-540,3,132,13,0.0,0.4322088945860471
train,2012-540,3,132,14,1.0,0.5351892143907172
train,2012-540,3,132,15,1.0,0.40622594298752646
train,2012-540,4,133,0,0.0,0.29369906648513094
train,2012-540,4,133,1,0.0,0.32556703000722426
train,2012-540,4,133,2,0.0,0.1704776752494585
train,2012-540,4,133,3,1.0,0.6079849898463587
train,2012-540,4,133,4,1.0,0.5998601627360576
train,2012-540,4,133,5,0.0,0.06233400600373169
train,2012-540,4,133,6,1.0,0.3695726159083508
train,2012-540,4,133,7,0.0,0.02033479404612633
train,2012-540,5,134,0,0.0,0.33800862312390817
train,2012-540,5,134,1,0.0,0.32565284526274657
train,2012-540,5,134,2,1.0,0.9213970126257108
train,2012-540,5,134,3,0.0,0.02218712899411115
train,2012-540,6,135,0,0.0,0.32823715237734163
train,2012-540,6,135,1,1.0,0.2532611868252929
train,2012-540,7,136,0,0.0,0.3006856657789021
train,2012-560,1,149,0,1.0,0.9839374417639435
train,2012-560,1,149,1,0.0,0.5044304082392771
train,2012-560,1,149,2,1.0,0.5525326929626725
train,2012-560,1,149,3,1.0,0.49865610211295325
train,2012-560,1,149,4,1.0,0.5012288488411771
train,2012-560,1,149,5,1.0,0.6438688778609671
train,2012-560,1,149,6,1.0,0.6086236522163964
train,2012-560,1,149,7,1.0,0.5085367662937511
train,2012-560,1,149,8,0.0,0.4468433147068694
train,2012-560,1,149,9,0.0,0.5091567082934996
train,2012-560,1,149,10,1.0,0.5484823488045364
train,2012-560,1,149,11,1.0,0.5712495218156283
train,2012-560,1,149,12,1.0,0.4590731987750263
train,2012-560,1,149,13,0.0,0.42419898111957954
train,2012-560,1,149,14,1.0,0.8930185360184633
train,2012-560,1,149,15,1.0,0.5821647774863035
train,2012-560,1,149,16,1.0,0.7969023034102681
train,2012-560,1,149,17,1.0,0.5408738041694438
train,2012-560,1,149,18,1.0,0.41429425207738513
train,2012-560,1,149,19,1.0,0.5077162621235048
train,2012-560,1,149,20,1.0,0.48060579680618715
train,2012-560,1,149,21,0.0,0.48653849838959706
train,2012-560,1,149,22,1.0,0.6588049648046843
train,2012-560,1,149,23,0.0,0.5898557063665397
train,2012-560,1,149,24,1.0,0.6596618892520723
train,2012-560,1,149,25,0.0,0.30333913578929117
train,2012-560,1,149,26,0.0,0.2599049379828296
train,2012-560,1,149,27,1.0,0.4936743997864019
train,2012-560,1,149,28,0.0,0.5003364703150477
train,2012-560,1,149,29,1.0,0.9699108356496594
train,2012-560,1,149,30,1.0,0.5039218625801745
train,2012-560,1,149,31,1.0,0.493630273930368
train,2012-560,1,149,32,0.0,0.5432381607961063
train,2012-560,1,149,33,0.0,0.18353613831744925
train,2012-560,1,149,34,1.0,0.4585800833873203
train,2012-560,1,149,35,0.0,0.45826112036614564
train,2012-560,1,149,36,0.0,0.34236911656080526
train,2012-560,1,149,37,0.0,0.4870612103020323
train,2012-560,1,149,38,1.0,0.6093814645320642
train,2012-560,1,149,39,1.0,0.5671646768942747
train,2012-560,1,149,40,0.0,0.6167293067739018
train,2012-560,1,149,41,1.0,0.5336850757140371
train,2012-560,1,149,42,1.0,0.7526227998864521
train,2012-560,1,149,43,0.0,0.5172194482390422
train,2012-560,1,149,44,0.0,0.5021374658639391
train,2012-560,1,149,45,1.0,0.48701843803579137
train,2012-560,1,149,46,0.0,0.29097700561994483
train,2012-560,1,149,47,0.0,0.2374909965801019
train,2012-560,1,149,48,0.0,0.4657511308996741
train,2012-560,1,149,49,0.0,0.5268968473382234
train,2012-560,1,149,50,0.0,0.4845100173297826
train,2012-560,1,149,51,0.0,0.4974261765209788
train,2012-560,1,149,52,1.0,0.4376863517195943
train,2012-560,1,149,53,0.0,0.3778910745126509
train,2012-560,1,149,54,0.0,0.4813891327415942
train,2012-560,1,149,55,1.0,0.4767576020020009
train,2012-560,1,149,56,0.0,0.46951552418933834
train,2012-560,1,149,57,0.0,0.31188638651743744
train,2012-560,1,149,58,0.0,0.6185925397036106
train,2012-560,1,149,59,0.0,0.5000528325264503
train,2012-560,1,149,60,1.0,0.35734697903788626
train,2012-560,1,149,61,1.0,0.3864349006362867
train,2012-560,1,149,62,0.0,0.4013998892097192
train,2012-560,1,149,63,0.0,0.32495893178260465
train,2012-560,2,150,0,1.0,0.6895088459677019
train,2012-560,2,150,1,1.0,0.5601274248399198
train,2012-560,2,150,2,1.0,0.7102336244131948
train,2012-560,2,150,3,0.0,0.5873054366127238
train,2012-560,2,150,4,0.0,0.427143094473932
train,2012-560,2,150,5,1.0,0.49316605912464406
train,2012-560,2,150,6,1.0,0.7253377257085599
train,2012-560,2,150,7,1.0,0.43135225834565005
train,2012-560,2,150,8,1.0,0.7171381768097761
train,2012-560,2,150,9,0.0,0.5426083729294683
train,2012-560,2,150,10,1.0,0.49154997752827856
train,2012-560,2,150,11,0.0,0.19577759636933378
train,2012-560,2,150,12,1.0,0.660916526873375
train,2012-560,2,150,13,0.0,0.5117245330470488
train,2012-560,2,150,14,1.0,0.6078676203839015
train,2012-560,2,150,15,1.0,0.5539818596978824
train,2012-560,2,150,16,0.0,0.35068078172889994
train,2012-560,2,150,17,1.0,0.5756035089756955
train,2012-560,2,150,18,1.0,0.518578361252952
train,2012-560,2,150,19,0.0,0.4177078195780302
train,2012-560,2,150,20,0.0,0.12361006487065018
train,2012-560,2,150,21,1.0,0.8033013138455599
train,2012-560,2,150,22,1.0,0.5780923573543976
train,2012-560,2,150,23,1.0,0.6725390015207925
train,2012-560,2,150,24,0.0,0.3910053403892877
train,2012-560,2,150,25,0.0,0.3424342163112085
train,2012-560,2,150,26,1.0,0.5422499318636581
train,2012-560,2,150,27,1.0,0.7282490738582604
train,2012-560,2,150,28,0.0,0.8157850712412408
train,2012-560,2,150,29,0.0,0.4152350535910343
train,2012-560,2,150,30,1.0,0.9705019131692781
train,2012-560,2,150,31,1.0,0.9845351518391093
train,2012-560,3,151,0,1.0,0.7324806631087043
train,2012-560,3,151,1,0.0,0.08017898293460143
train,2012-560,3,151,2,1.0,0.9781268108407231
train,2012-560,3,151,3,1.0,0.618461089009599
train,2012-560,3,151,4,1.0,0.7100275167859843
train,2012-560,3,151,5,1.0,0.7158189646913773
train,2012-560,3,151,6,1.0,0.7123719063588533
train,2012-560,3,151,7,0.0,0.32695303935089864
train,2012-560,3,151,8,1.0,0.41601891851963585
train,2012-560,3,151,9,1.0,0.6066770025064298
train,2012-560,3,151,10,1.0,0.5673278913316424
train,2012-560,3,151,11,0.0,0.1386302562664812
train,2012-560,3,151,12,1.0,0.7429750751455091
train,2012-560,3,151,13,0.0,0.3318738739852074
train,2012-560,3,151,14,1.0,0.5479065698943184
train,2012-560,3,151,15,1.0,0.6009156798480209
train,2012-560,4,152,0,0.0,0.034328087019129885
train,2012-560,4,152,1,1.0,0.4745431090511954
train,2012-560,4,152,2,0.0,0.37084566633991595
train,2012-560,4,152,3,0.0,0.5325509765295319
train,2012-560,4,152,4,0.0,0.37032325225979196
train,2012-560,4,152,5,0.0,0.15134599697409687
train,2012-560,4,152,6,0.0,0.33056978753255406
train,2012-560,4,152,7,1.0,0.9323488300079756
train,2012-560,5,153,0,0.0,0.04433114660983185
train,2012-560,5,153,1,1.0,0.6716458343650958
train,2012-560,5,153,2,1.0,0.837468257618728
train,2012-560,5,153,3,1.0,0.10914401357996092
train,2012-560,6,154,0,0.0,0.06555130465155148
train,2012-560,6,154,1,1.0,0.6642713226772237
train,2012-560,7,155,0,1.0,0.13602897985568893
train,2012-580,1,84,0,0.0,0.4314822063092847
train,2012-580,1,84,1,0.0,0.4021630757655328
train,2012-580,1,84,2,1.0,0.5110810851636387
train,2012-580,1,84,3,0.0,0.4998100365737191
train,2012-580,1,84,4,1.0,0.5850987084442473
train,2012-580,1,84,5,1.0,0.6819416709232099
train,2012-580,1,84,6,1.0,0.6877631042312323
train,2012-580,1,84,7,1.0,0.5513162927925388
train,2012-580,1,84,8,1.0,0.44532173095678707
train,2012-580,1,84,9,1.0,0.4478706081732179
train,2012-580,1,84,10,0.0,0.4802390132235805
train,2012-580,1,84,11,1.0,0.5269746160575968
train,2012-580,1,84,12,1.0,0.4376817069400726
train,2012-580,1,84,13,1.0,0.9126057952813303
train,2012-580,1,84,14,0.0,0.23139566390543026
train,2012-580,1,84,15,0.0,0.4606308663057387
train,2012-580,1,84,16,0.0,0.4976527606768359
train,2012-580,1,84,17,0.0,0.45535092874401606
train,2012-580,1,84,18,0.0,0.3836037588614158
train,2012-580,1,84,19,0.0,0.6074476180435681
train,2012-580,1,84,20,1.0,0.9887136782596703
train,2012-580,1,84,21,0.0,0.41352627763003896
train,2012-580,1,84,22,1.0,0.7619766106353526
train,2012-580,1,84,23,0.0,0.39942667148718564
train,2012-580,1,84,24,1.0,0.5742605297275367
train,2012-580,1,84,25,1.0,0.48820058552859696
train,2012-580,1,84,26,1.0,0.3914188127525452
train,2012-580,1,84,27,0.0,0.5248449966719847
train,2012-580,1,84,28,0.0,0.4800290501232379
train,2012-580,1,84,29,1.0,0.981215878871738
train,2012-580,1,84,30,0.0,0.503772310110235
train,2012-580,1,84,31,0.0,0.5757486739125639
train,2012-580,1,84,32,1.0,0.49999991323749177
train,2012-580,1,84,33,0.0,0.16640551152475563
train,2012-580,1,84,34,0.0,0.5008047129496317
train,2012-580,1,84,35,0.0,0.4863552120010024
train,2012-580,1,84,36,1.0,0.3871991571893578
train,2012-580,1,84,37,0.0,0.3748465007736273
train,2012-580,1,84,38,0.0,0.6814726542003168
train,2012-580,1,84,39,0.0,0.39870167419103913
train,2012-580,1,84,40,0.0,0.3819104275972888
train,2012-580,1,84,41,0.0,0.5378068393193982
train,2012-580,1,84,42,0.0,0.39051829330294274
train,2012-580,1,84,43,1.0,0.6743434311360135
train,2012-580,1,84,44,1.0,0.5788752043360148
train,2012-580,1,84,45,0.0,0.4723693934512952
train,2012-580,1,84,46,0.0,0.44341615484087493
train,2012-580,1,84,47,0.0,0.1850535370526773
train,2012-580,1,84,48,1.0,0.6393981548370279
train,2012-580,1,84,49,0.0,0.4868506965742555
train,2012-580,1,84,50,1.0,0.7285160631868972
train,2012-580,1,84,51,1.0,0.9693257250473236
train,2012-580,1,84,52,0.0,0.5150858928364854
train,2012-580,1,84,53,1.0,0.475360775682294
train,2012-580,1,84,54,1.0,0.537491554086354
train,2012-580,1,84,55,0.0,0.47948852126595004
train,2012-580,1,84,56,1.0,0.5333351369653571
train,2012-580,1,84,57,1.0,0.6913050621871407
train,2012-580,1,84,58,1.0,0.5701313054442837
train,2012-580,1,84,59,0.0,0.5196058815790976
train,2012-580,1,84,60,0.0,0.7224839253810993
train,2012-580,1,84,61,1.0,0.46317348368102973
train,2012-580,1,84,62,0.0,0.4872276424846327
train,2012-580,1,84,63,1.0,0.49120432690178706
train,2012-580,2,85,0,1.0,0.7072166445670179
train,2012-580,2,85,1,0.0,0.4378045400213191
train,2012-580,2,85,2,1.0,0.4804751865665301
train,2012-580,2,85,3,0.0,0.3898434253954686
train,2012-580,2,85,4,0.0,0.21934936153768003
train,2012-580,2,85,5,1.0,0.5454251848672802
train,2012-580,2,85,6,1.0,0.5342341491394516
train,2012-580,2,85,7,1.0,0.6337216892872867
train,2012-580,2,85,8,0.0,0.5824905935579343
train,2012-580,2,85,9,0.0,0.5006414760411718
train,2012-580,2,85,10,0.0,0.03234622279749692
train,2012-580,2,85,11,0.0,0.34161846059753465
train,2012-580,2,85,12,1.0,0.6289074192807655
train,2012-580,2,85,13,1.0,0.8486505721571587
train,2012-580,2,85,14,1.0,0.4798100501547384
train,2012-580,2,85,15,0.0,0.4723201500416251
train,2012-580,2,85,16,0.0,0.5987775956600868
train,2012-580,2,85,17,0.0,0.38138611524132143
train,2012-580,2,85,18,1.0,0.4430006612107086
train,2012-580,2,85,19,1.0,0.5613531531297647
train,2012-580,2,85,20,1.0,0.9138159487861806
train,2012-580,2,85,21,0.0,0.23222617291215072
train,2012-580,2,85,22,0.0,0.4702219638311221
train,2012-580,2,85,23,0.0,0.34910585459317284
train,2012-580,2,85,24,1.0,0.6154022515732706
train,2012-580,2,85,25,1.0,0.3010164116610057
train,2012-580,2,85,26,1.0,0.443643434511969
train,2012-580,2,85,27,1.0,0.28325054701980856
train,2012-580,2,85,28,0.0,0.5010477317416236
train,2012-580,2,85,29,0.0,0.45061280331046977
train,2012-580,2,85,30,0.0,0.017083887522168374
train,2012-580,2,85,31,1.0,0.979780214549415
train,2012-580,3,86,0,1.0,0.7642746284034543
train,2012-580,3,86,1,0.0,0.023043440477515564
train,2012-580,3,86,2,0.0,0.012118109007090545
train,2012-580,3,86,3,1.0,0.5308372676676454
train,2012-580,3,86,4,0.0,0.5392517452223504
train,2012-580,3,86,5,0.0,0.05025806607519984
train,2012-580,3,86,6,0.0,0.5198864748516662
train,2012-580,3,86,7,1.0,0.6781099774371517
train,2012-580,3,86,8,1.0,0.6216086534047158
train,2012-580,3,86,9,1.0,0.8350547506679693
train,2012-580,3,86,10,1.0,0.4235677915301173
train,2012-580,3,86,11,1.0,0.3224051229494755
train,2012-580,3,86,12,0.0,0.13317662331232202
train,2012-580,3,86,13,1.0,0.7291005203919414
train,2012-580,3,86,14,1.0,0.5655417951125816
train,2012-580,3,86,15,1.0,0.6036938581396627
train,2012-580,4,87,0,0.0,0.021346865889440795
train,2012-580,4,87,1,0.0,0.2960631513962358
train,2012-580,4,87,2,1.0,0.9616934997152371
train,2012-580,4,87,3,0.0,0.4513900118863498
train,2012-580,4,87,4,0.0,0.8295323757086666
train,2012-580,4,87,5,1.0,0.9058162429052388
train,2012-580,4,87,6,0.0,0.4030693708889915
train,2012-580,4,87,7,0.0,0.03262903522511009
train,2012-580,5,88,0,0.0,0.05127695066092461
train,2012-580,5,88,1,1.0,0.9239805888052726
train,2012-580,5,88,2,0.0,0.1068075252814927
train,2012-580,5,88,3,1.0,0.9368097696715385
train,2012-580,6,89,0,0.0,0.2604747530316439
train,2012-580,6,89,1,1.0,0.8368354054348947
train,2012-580,7,90,0,1.0,0.3686868058143936
train,2013-1536,2,195,0,1.0,0.5221875680675948
train,2013-1536,2,195,1,0.0,0.5036353850650812
train,2013-1536,2,195,2,0.0,0.2897380893254194
train,2013-1536,2,195,3,0.0,0.5185406741681972
train,2013-1536,2,195,4,0.0,0.2953976344454242
train,2013-1536,2,195,5,0.0,0.5430680914788621
train,2013-1536,2,195,6,0.0,0.44502187456588393
train,2013-1536,2,195,7,0.0,0.4022307619640285
train,2013-1536,2,195,8,0.0,0.3929896506295828
train,2013-1536,2,195,9,0.0,0.51669528319687
train,2013-1536,2,195,10,1.0,0.5776017237199181
train,2013-1536,2,195,11,1.0,0.42337019224742806
train,2013-1536,2,195,12,0.0,0.4828315028029907
train,2013-1536,2,195,13,0.0,0.44591700410968826
train,2013-1536,2,195,14,1.0,0.6674706833426294
train,2013-1536,2,195,15,0.0,0.4686496566837407
train,2013-1536,2,195,16,1.0,0.6097179734736434
train,2013-1536,2,195,17,1.0,0.42703022994738415
train,2013-1536,2,195,18,0.0,0.4594246202579311
train,2013-1536,2,195,19,0.0,0.5686894816760701
train,2013-1536,2,195,20,1.0,0.4696508293101251
train,2013-1536,2,195,21,1.0,0.5039844383672805
train,2013-1536,2,195,22,0.0,0.33203163351824777
train,2013-1536,2,195,23,1.0,0.3568399922416629
train,2013-1536,3,196,0,0.0,0.06891716331496586
train,2013-1536,3,196,1,1.0,0.48702918616716934
train,2013-1536,3,196,2,1.0,0.4426979792539402
train,2013-1536,3,196,3,0.0,0.7063671685968758
train,2013-1536,3,196,4,1.0,0.8148356232268734
train,2013-1536,3,196,5,1.0,0.4403890366213257
train,2013-1536,3,196,6,1.0,0.9835908874584232
train,2013-1536,3,196,7,1.0,0.7787190086992327
train,2013-1536,3,196,8,0.0,0.5850496443645806
train,2013-1536,3,196,9,1.0,0.657301846042395
train,2013-1536,3,196,10,0.0,0.4091087245140845
train,2013-1536,3,196,11,0.0,0.08829359832792236
train,2013-1536,3,196,12,1.0,0.586239166049079
train,2013-1536,3,196,13,1.0,0.6929901150968876
train,2013-1536,3,196,14,0.0,0.9825013720043394
train,2013-1536,3,196,15,0.0,0.2048956058091891
train,2013-1536,4,197,0,1.0,0.6065658486186102
train,2013-1536,4,197,1,1.0,0.6260848268647322
train,2013-1536,4,197,2,1.0,0.7638086454573405
train,2013-1536,4,197,3,1.0,0.9721769354742542
train,2013-1536,4,197,4,1.0,0.6258870540644301
train,2013-1536,4,197,5,1.0,0.4928226640769666
train,2013-1536,4,197,6,1.0,0.04898874168636486
train,2013-1536,4,197,7,0.0,0.1356740595776631
train,2013-1536,5,198,0,0.0,0.6469434956169438
train,2013-1536,5,198,1,1.0,0.2452312003808012
train,2013-1536,5,198,2,1.0,0.9202826934812681
train,2013-1536,5,198,3,0.0,0.5636880654924157
train,2013-1536,6,199,0,0.0,0.665108433409674
train,2013-1536,6,199,1,1.0,0.9821334800853805
train,2013-1536,7,200,0,1.0,0.95748113872206
train,2013-352,2,246,0,0.0,0.4904727816549814
train,2013-352,2,246,1,0.0,0.5074068922082533
train,2013-352,2,246,2,1.0,0.5775127780449116
train,2013-352,2,246,3,1.0,0.48697306190412526
train,2013-352,2,246,4,0.0,0.5504433410922425
train,2013-352,2,246,5,0.0,0.5056953215024339
train,2013-352,2,246,6,0.0,0.5335280669275062
train,2013-352,2,246,7,1.0,0.48592757141394455
train,2013-352,2,246,8,1.0,0.39338014929172843
train,2013-352,2,246,9,0.0,0.4109491204128283
train,2013-352,2,246,10,0.0,0.3488706252035331
train,2013-352,2,246,11,0.0,0.5022132962215511
train,2013-352,2,246,12,0.0,0.5657602704694707
train,2013-352,2,246,13,1.0,0.5939611421670786
train,2013-352,2,246,14,0.0,0.41364152278681005
train,2013-352,2,246,15,0.0,0.5623304909135108
train,2013-352,3,247,0,0.0,0.02132420688655984
train,2013-352,3,247,1,0.0,0.34939758567825885
train,2013-352,3,247,2,0.0,0.4449834573119645
train,2013-352,3,247,3,1.0,0.44241353554201185
train,2013-352,3,247,4,1.0,0.5675128048950925
train,2013-352,3,247,5,0.0,0.51368482987218
train,2013-352,3,247,6,1.0,0.6461940777060878
train,2013-352,3,247,7,0.0,0.08073074416832196
train,2013-352,3,247,8,1.0,0.8237151143488705
train,2013-352,3,247,9,0.0,0.3947946758094871
train,2013-352,3,247,10,1.0,0.6315717009825381
train,2013-352,3,247,11,1.0,0.8083080927125913
train,2013-352,3,247,12,0.0,0.7282963029681806
train,2013-352,3,247,13,1.0,0.5767555947606329
train,2013-352,3,247,14,0.0,0.012433169449653815
train,2013-352,3,247,15,1.0,0.5274612192308367
train,2013-352,4,248,0,1.0,0.9872113973054448
train,2013-352,4,248,1,1.0,0.6607879417019626
train,2013-352,4,248,2,0.0,0.28643749440122307
train,2013-352,4,248,3,0.0,0.11598046821057005
train,2013-352,4,248,4,1.0,0.6490094996449595
train,2013-352,4,248,5,1.0,0.9596744392637689
train,2013-352,4,248,6,1.0,0.7372981307127858
train,2013-352,4,248,7,0.0,0.3697206928876776
train,2013-352,5,249,0,1.0,0.974336192308216
train,2013-352,5,249,1,1.0,0.48437849801612065
train,2013-352,5,249,2,0.0,0.13562141716381346
train,2013-352,5,249,3,0.0,0.06937336499021954
train,2013-352,6,250,0,1.0,0.0452356275105525
train,2013-352,6,250,1,1.0,0.7231730694464994
train,2013-352,7,251,0,1.0,0.8828275064670791
train,2013-403,1,182,0,0.0,0.49927670196246077
train,2013-403,1,182,1,1.0,0.48865804085873504
train,2013-403,1,182,2,1.0,0.477693221498491
train,2013-403,1,182,3,0.0,0.48442367847432743
train,2013-403,1,182,4,1.0,0.5344613753288966
train,2013-403,1,182,5,0.0,0.5045161086737225
train,2013-403,1,182,6,1.0,0.6043066153198052
train,2013-403,1,182,7,1.0,0.5589286097680596
train,2013-403,1,182,8,0.0,0.4849964163552293
train,2013-403,1,182,9,1.0,0.5125414401252392
train,2013-403,1,182,10,0.0,0.4082672244478344
train,2013-403,1,182,11,0.0,0.4747191014068053
train,2013-403,1,182,12,1.0,0.5044346083487202
train,2013-403,1,182,13,1.0,0.4858415389635469
train,2013-403,1,182,14,1.0,0.49728262454249367
train,2013-403,1,182,15,1.0,0.6004770699673141
train,2013-403,1,182,16,0.0,0.5133843669630632
train,2013-403,1,182,17,1.0,0.6472260318250114
train,2013-403,1,182,18,1.0,0.4976598310421231
train,2013-403,1,182,19,0.0,0.47051657585720924
train,2013-403,1,182,20,0.0,0.4940975800960001
train,2013-403,1,182,21,1.0,0.5409930561557905
train,2013-403,1,182,22,1.0,0.5602082982117922
train,2013-403,1,182,23,1.0,0.5371026966397832
train,2013-403,1,182,24,1.0,0.4886738527672994
train,2013-403,1,182,25,1.0,0.5283715051151924
train,2013-403,1,182,26,0.0,0.4624827075108196
train,2013-403,1,182,27,1.0,0.5541985351738323
train,2013-403,1,182,28,0.0,0.525111459631684
train,2013-403,1,182,29,0.0,0.4809823245621281
train,2013-403,1,182,30,1.0,0.5551136101010145
train,2013-403,1,182,31,0.0,0.595986298056909
train,2013-403,2,183,0,0.0,0.07719249329293604
train,2013-403,2,183,1,0.0,0.5067253124151506
train,2013-403,2,183,2,0.0,0.5049859524507688
train,2013-403,2,183,3,1.0,0.5880696897725217
train,2013-403,2,183,4,0.0,0.3714918214160266
train,2013-403,2,183,5,1.0,0.5230893791546287
train,2013-403,2,183,6,0.0,0.46270174653981394
train,2013-403,2,183,7,1.0,0.7688660780650587
train,2013-403,2,183,8,1.0,0.8095167387116704
train,2013-403,2,183,9,1.0,0.30546262047770567
train,2013-403,2,183,10,0.0,0.38123628804632104
train,2013-403,2,183,11,1.0,0.6306350482904927
train,2013-403,2,183,12,1.0,0.33146595528274475
train,2013-403,2,183,13,1.0,0.596324074490949
train,2013-403,2,183,14,1.0,0.6696809483410978
train,2013-403,2,183,15,0.0,0.7209309662875835
train,2013-403,2,183,16,0.0,0.33480642657377335
train,2013-403,2,183,17,0.0,0.5140773024750762
train,2013-403,2,183,18,1.0,0.5673692628022715
train,2013-403,2,183,19,1.0,0.3696369365383999
train,2013-403,2,183,20,0.0,0.4737198369588439
train,2013-403,2,183,21,1.0,0.44863532185129684
train,2013-403,2,183,22,1.0,0.44898410307041975
train,2013-403,2,183,23,0.0,0.18465487225259958
train,2013-403,2,183,24,1.0,0.5815719980748613
train,2013-403,2,183,25,1.0,0.42899625067807307
train,2013-403,2,183,26,0.0,0.41278975258484774
train,2013-403,2,183,27,1.0,0.6729636921228409
train,2013-403,2,183,28,1.0,0.6659892790416001
train,2013-403,2,183,29,1.0,0.40019016866471363
train,2013-403,2,183,30,0.0,0.5093789752867649
train,2013-403,2,183,31,1.0,0.9823966150856026
train,2013-403,3,184,0,0.0,0.520915032467937
train,2013-403,3,184,1,0.0,0.20085901525574004
train,2013-403,3,184,2,0.0,0.40283112313090547
train,2013-403,3,184,3,1.0,0.6801293207044385
train,2013-403,3,184,4,1.0,0.6143604743644542
train,2013-403,3,184,5,0.0,0.014562525572617621
train,2013-403,3,184,6,1.0,0.44871921938763676
train,2013-403,3,184,7,1.0,0.5943733250474268
train,2013-403,3,184,8,1.0,0.6468203362355077
train,2013-403,3,184,9,1.0,0.9232096643565564
train,2013-403,3,184,10,0.0,0.4687999645472716
train,2013-403,3,184,11,0.0,0.4444706976263564
train,2013-403,3,184,12,0.0,0.2291756054190961
train,2013-403,3,184,13,0.0,0.20737080251692597
train,2013-403,3,184,14,1.0,0.5074311018960218
train,2013-403,3,184,15,0.0,0.4127061889841451
train,2013-403,4,185,0,1.0,0.5877018308155217
train,2013-403,4,185,1,0.0,0.09637082350686714
train,2013-403,4,185,2,1.0,0.30283684901907915
train,2013-403,4,185,3,1.0,0.7257970599843486
train,2013-403,4,185,4,1.0,0.5524182443537525
train,2013-403,4,185,5,0.0,0.19693415744593093
train,2013-403,4,185,6,0.0,0.49574457706114416
train,2013-403,4,185,7,0.0,0.9692421040453524
train,2013-403,5,186,0,1.0,0.874631757705927
train,2013-403,5,186,1,0.0,0.6563419748228464
train,2013-403,5,186,2,0.0,0.24037648179503993
train,2013-403,5,186,3,0.0,0.44875999673448835
train,2013-403,6,187,0,1.0,0.8387308687067739
train,2013-403,6,187,1,0.0,0.3597772026072332
train,2013-403,7,188,0,0.0,0.2618963048733428
train,2013-404,1,175,0,1.0,0.5000000682758562
train,2013-404,1,175,1,0.0,0.5000007168397822
train,2013-404,1,175,2,1.0,0.49999948381978343
train,2013-404,1,175,3,0.0,0.5000001382245842
train,2013-404,1,175,4,0.0,0.5000001617014982
train,2013-404,1,175,5,0.0,0.49999993662934444
train,2013-404,1,175,6,0.0,0.5000000916110013
train,2013-404,1,175,7,0.0,0.5000007537280251
train,2013-404,1,175,8,1.0,0.49999989803987593
train,2013-404,1,175,9,1.0,0.5
train,2013-404,1,175,10,1.0,0.5000000579267334
train,2013-404,1,175,11,1.0,0.5
train,2013-404,1,175,12,0.0,0.4999999353534252
train,2013-404,1,175,13,1.0,0.4999999265921131
train,2013-404,1,175,14,1.0,0.5000000660359091
train,2013-404,1,175,15,0.0,0.4999998882294746
train,2013-404,1,175,16,0.0,0.5
train,2013-404,1,175,17,0.0,0.4999998266734599
train,2013-404,1,175,18,0.0,0.4999998136023761
train,2013-404,1,175,19,1.0,0.5000000626901653
train,2013-404,1,175,20,0.0,0.5000000626901653
train,2013-404,1,175,21,0.0,0.49999945274406155
train,2013-404,1,175,22,1.0,0.49999995973765954
train,2013-404,1,175,23,0.0,0.49999990838899866
train,2013-404,1,175,24,0.0,0.4999999457025479
train,2013-404,1,175,25,1.0,0.5000001568246514
train,2013-404,1,175,26,0.0,0.5000005861856521
train,2013-404,1,175,27,1.0,0.4999998382985018
train,2013-404,1,175,28,1.0,0.5000000374836718
train,2013-404,1,175,29,0.0,0.5000006273553129
train,2013-404,1,175,30,1.0,0.49999990322861415
train,2013-404,1,175,31,1.0,0.500000598888137
train,2013-404,2,176,0,0.0,0.5000005988314294
train,2013-404,2,176,1,1.0,0.5
train,2013-404,2,176,2,0.0,0.5000000258019224
train,2013-404,2,176,3,0.0,0.5000003245371468
train,2013-404,2,176,4,0.0,0.49999972735023557
train,2013-404,2,176,5,1.0,0.4999999302213945
train,2013-404,2,176,6,1.0,0.500000062605104
train,2013-404,2,176,7,0.0,0.49999937936452843
train,2013-404,2,176,8,0.0,0.4999996588475493
train,2013-404,2,176,9,0.0,0.5000000273330254
train,2013-404,2,176,10,1.0,0.5000002235126969
train,2013-404,2,176,11,0.0,0.5
train,2013-404,2,176,12,1.0,0.49999984314699486
train,2013-404,2,176,13,1.0,0.5000001264294197
train,2013-404,2,176,14,0.0,0.4999998735705803
train,2013-404,2,176,15,1.0,0.4999994660136216
train,2013-404,2,176,16,1.0,0.49999982967895845
train,2013-404,2,176,17,1.0,0.5000002454301541
train,2013-404,2,176,18,0.0,0.49999989801152217
train,2013-404,2,176,19,1.0,0.4999999741980776
train,2013-404,2,176,20,0.0,0.5000000916677089
train,2013-404,2,176,21,1.0,0.5000000393833738
train,2013-404,2,176,22,1.0,0.4999992611293456
train,2013-404,2,176,23,0.0,0.4999999265070519
train,2013-404,2,176,24,1.0,0.500000062605104
train,2013-404,2,176,25,0.0,0.5000005339863783
train,2013-404,2,176,26,1.0,0.4999995061341933
train,2013-404,2,176,27,0.0,0.499999962544682
train,2013-404,2,176,28,1.0,0.4999998942404719
train,2013-404,2,176,29,0.0,0.4999998914050959
train,2013-404,2,176,30,1.0,0.5000001290946732
train,2013-404,2,176,31,0.0,0.4999999635654173
train,2013-404,3,177,0,0.0,0.4999999337656146
train,2013-404,3,177,1,1.0,0.5000001384514143
train,2013-404,3,177,2,0.0,0.5
train,2013-404,3,177,3,0.0,0.5000000227113625
train,2013-404,3,177,4,0.0,0.49999995469069014
train,2013-404,3,177,5,1.0,0.4999999635937711
train,2013-404,3,177,6,0.0,0.49999993739489607
train,2013-404,3,177,7,1.0,0.5000002866281685
train,2013-404,3,177,8,1.0,0.4999997665918406
train,2013-404,3,177,9,0.0,0.4999999743114927
train,2013-404,3,177,10,0.0,0.4999999604465035
train,2013-404,3,177,11,1.0,0.5
train,2013-404,3,177,12,0.0,0.49999941673478526
train,2013-404,3,177,13,1.0,0.4999995873677181
train,2013-404,3,177,14,0.0,0.5000001568813588
train,2013-404,3,177,15,1.0,0.5000000697502518
train,2013-404,4,178,0,0.0,0.49999997394289375
train,2013-404,4,178,1,0.0,0.49999944100560456
train,2013-404,4,178,2,1.0,0.5000002334932208
train,2013-404,4,178,3,0.0,0.49999984300522615
train,2013-404,4,178,4,1.0,0.500000116307127
train,2013-404,4,178,5,1.0,0.500000099011333
train,2013-404,4,178,6,1.0,0.4999999058938677
train,2013-404,4,178,7,0.0,0.500000116307127
train,2013-404,5,179,0,0.0,0.49999937939288214
train,2013-404,5,179,1,1.0,0.49999992344484573
train,2013-404,5,179,2,1.0,0.5000000802411433
train,2013-404,5,179,3,1.0,0.5
train,2013-404,6,180,0,0.0,0.4999995108409176
train,2013-404,6,180,1,0.0,0.4999998833526278
train,2013-404,7,181,0,1.0,0.5000004668446726
train,2013-410,2,189,0,1.0,0.383552538863954
train,2013-410,2,189,1,0.0,0.4001316556485572
train,2013-410,2,189,2,0.0,0.5151509281135052
train,2013-410,2,189,3,0.0,0.37306631868800766
train,2013-410,2,189,4,0.0,0.44929818916551006
train,2013-410,2,189,5,0.0,0.46965121621252093
train,2013-410,2,189,6,1.0,0.5239114928081038
train,2013-410,2,189,7,1.0,0.3834845859092344
train,2013-410,2,189,8,0.0,0.5458594412871668
train,2013-410,2,189,9,1.0,0.6638892508026424
train,2013-410,2,189,10,1.0,0.5190253891832222
train,2013-410,2,189,11,1.0,0.44401457881497775
train,2013-410,2,189,12,0.0,0.4973176018561498
train,2013-410,2,189,13,1.0,0.5734216918274845
train,2013-410,2,189,14,0.0,0.5287331032461148
train,2013-410,2,189,15,0.0,0.3509920215515248
train,2013-410,2,189,16,1.0,0.6447067617701555
train,2013-410,2,189,17,0.0,0.5168230408219753
train,2013-410,2,189,18,0.0,0.35009106562115033
train,2013-410,2,189,19,1.0,0.2803099569898017
train,2013-410,2,189,20,0.0,0.5878559643767426
train,2013-410,2,189,21,1.0,0.6154221661284827
train,2013-410,2,189,22,0.0,0.6863228553509557
train,2013-410,2,189,23,1.0,0.6145395289360293
train,2013-410,3,190,0,0.0,0.06044198535946702
train,2013-410,3,190,1,0.0,0.34805749501078653
train,2013-410,3,190,2,1.0,0.44565172045659995
train,2013-410,3,190,3,1.0,0.6847484556143612
train,2013-410,3,190,4,0.0,0.2737406437553621
train,2013-410,3,190,5,1.0,0.6554826830094395
train,2013-410,3,190,6,1.0,0.5558918610563772
train,2013-410,3,190,7,1.0,0.3605982435977653
train,2013-410,3,190,8,0.0,0.4141791578163879
train,2013-410,3,190,9,0.0,0.017399851706312402
train,2013-410,3,190,10,1.0,0.5250864553508446
train,2013-410,3,190,11,1.0,0.8006056884621594
train,2013-410,3,190,12,0.0,0.5721913717372662
train,2013-410,3,190,13,0.0,0.33632964821278055
train,2013-410,3,190,14,0.0,0.43266592248693514
train,2013-410,3,190,15,1.0,0.9736060813848026
train,2013-410,4,191,0,1.0,0.9711236242088627
train,2013-410,4,191,1,0.0,0.6660046115785293
train,2013-410,4,191,2,1.0,0.7220869412411567
train,2013-410,4,191,3,1.0,0.5739702840583482
train,2013-410,4,191,4,1.0,0.4794222374755342
train,2013-410,4,191,5,0.0,0.03378983326369298
train,2013-410,4,191,6,0.0,0.8826059389163834
train,2013-410,4,191,7,0.0,0.7896444591076981
train,2013-410,5,192,0,0.0,0.021840796941383276
train,2013-410,5,192,1,1.0,0.32918811360471567
train,2013-410,5,192,2,0.0,0.020071802798650066
train,2013-410,5,192,3,0.0,0.36595548677738404
train,2013-410,6,193,0,0.0,0.023003800967167216
train,2013-410,6,193,1,1.0,0.9292610497500233
train,2013-410,7,194,0,1.0,0.4952155201170523
train,2013-416,2,201,0,1.0,0.5149149779087948
train,2013-416,2,201,1,1.0,0.5713071355536846
train,2013-416,2,201,2,1.0,0.7375456528824722
train,2013-416,2,201,3,1.0,0.6442795993397212
train,2013-416,2,201,4,1.0,0.47050984344615726
train,2013-416,2,201,5,1.0,0.4466660936542946
train,2013-416,2,201,6,1.0,0.5429989938957505
train,2013-416,2,201,7,1.0,0.5464963879154876
train,2013-416,2,201,8,1.0,0.5187744477369658
train,2013-416,2,201,9,0.0,0.477614478517368
train,2013-416,2,201,10,0.0,0.5011382216562874
train,2013-416,2,201,11,1.0,0.7201668105366157
train,2013-416,2,201,12,1.0,0.35732666942166286
train,2013-416,2,201,13,1.0,0.4446971144511431
train,2013-416,2,201,14,1.0,0.3712318673292584
train,2013-416,2,201,15,1.0,0.6667964523280813
train,2013-416,2,201,16,0.0,0.6259227723875813
train,2013-416,2,201,17,1.0,0.6126492434721771
train,2013-416,2,201,18,1.0,0.508022731615734
train,2013-416,2,201,19,0.0,0.6093661492313425
train,2013-416,2,201,20,1.0,0.50337013187153
train,2013-416,2,201,21,0.0,0.4057929911627731
train,2013-416,2,201,22,1.0,0.39646690605224316
train,2013-416,2,201,23,1.0,0.5475325159021801
train,2013-416,3,202,0,0.0,0.04566058690533595
train,2013-416,3,202,1,0.0,0.4594488196705566
train,2013-416,3,202,2,0.0,0.36236925704369616
train,2013-416,3,202,3,0.0,0.7754483654784928
train,2013-416,3,202,4,1.0,0.4348145953907785
train,2013-416,3,202,5,0.0,0.5000541550238148
train,2013-416,3,202,6,1.0,0.7060088241992372
train,2013-416,3,202,7,1.0,0.9789011504958262
train,2013-416,3,202,8,1.0,0.5366448658725316
train,2013-416,3,202,9,1.0,0.6527270175072373
train,2013-416,3,202,10,0.0,0.9171685433038442
train,2013-416,3,202,11,1.0,0.67246577069415
train,2013-416,3,202,12,0.0,0.18258867896220085
train,2013-416,3,202,13,1.0,0.3085886125744259
train,2013-416,3,202,14,0.0,0.5726479721206779
train,2013-416,3,202,15,0.0,0.018439346190196614
train,2013-416,4,203,0,1.0,0.9771974269488474
train,2013-416,4,203,1,0.0,0.022231587555620297
train,2013-416,4,203,2,1.0,0.7182523507717512
train,2013-416,4,203,3,1.0,0.31307162902560187
train,2013-416,4,203,4,0.0,0.5217451486693845
train,2013-416,4,203,5,0.0,0.6690339085704696
train,2013-416,4,203,6,0.0,0.22130370601730387
train,2013-416,4,203,7,0.0,0.0934146528410569
train,2013-416,5,204,0,0.0,0.9160432881738015
train,2013-416,5,204,1,1.0,0.9213762513477398
train,2013-416,5,204,2,1.0,0.45068590015350285
train,2013-416,5,204,3,1.0,0.9378419924742648
train,2013-416,6,205,0,1.0,0.915816050714381
train,2013-416,6,205,1,1.0,0.9483535085769399
train,2013-416,7,206,0,0.0,0.22171097252724484
train,2013-421,2,221,0,1.0,0.529253018420567
train,2013-421,2,221,1,0.0,0.5721457568058022
train,2013-421,2,221,2,0.0,0.6225245310725102
train,2013-421,2,221,3,1.0,0.5882139716883485
train,2013-421,2,221,4,0.0,0.4424188463787502
train,2013-421,2,221,5,1.0,0.46115015183887575
train,2013-421,2,221,6,1.0,0.4771703713038634
train,2013-421,2,221,7,1.0,0.5226115735639274
train,2013-421,2,221,8,1.0,0.7314625926406905
train,2013-421,2,221,9,0.0,0.5071544362327366
train,2013-421,2,221,10,0.0,0.634239793252727
train,2013-421,2,221,11,1.0,0.42493919468229274
train,2013-421,2,221,12,1.0,0.4241936765083317
train,2013-421,2,221,13,0.0,0.528772345306058
train,2013-421,2,221,14,1.0,0.4960640321813701
train,2013-421,2,221,15,0.0,0.5272768053032801
train,2013-421,2,221,16,0.0,0.4706403940944509
train,2013-421,2,221,17,0.0,0.4704267009537157
train,2013-421,2,221,18,0.0,0.43588107142594656
train,2013-421,2,221,19,0.0,0.5670255838810343
train,2013-421,2,221,20,1.0,0.5414756505552587
train,2013-421,2,221,21,1.0,0.44461277452428843
train,2013-421,2,221,22,1.0,0.4623510340990356
train,2013-421,2,221,23,1.0,0.5817900759317962
train,2013-421,3,222,0,1.0,0.9111422273773181
train,2013-421,3,222,1,1.0,0.4981382828591315
train,2013-421,3,222,2,0.0,0.5542223001107025
train,2013-421,3,222,3,1.0,0.63796327547316
train,2013-421,3,222,4,0.0,0.8355580074985532
train,2013-421,3,222,5,0.0,0.7261745659357113
train,2013-421,3,222,6,0.0,0.6424373180370374
train,2013-421,3,222,7,0.0,0.20123184683861273
train,2013-421,3,222,8,0.0,0.6913085195322014
train,2013-421,3,222,9,1.0,0.6140499581469613
train,2013-421,3,222,10,1.0,0.9868994102564063
train,2013-421,3,222,11,1.0,0.714223454320518
train,2013-421,3,222,12,1.0,0.6033827228534024
train,2013-421,3,222,13,1.0,0.549040867242221
train,2013-421,3,222,14,0.0,0.5132936324100356
train,2013-421,3,222,15,1.0,0.972492917555958
train,2013-421,4,223,0,0.0,0.02352540897372262
train,2013-421,4,223,1,1.0,0.649915104437247
train,2013-421,4,223,2,0.0,0.5360504373687913
train,2013-421,4,223,3,1.0,0.16165347211480155
train,2013-421,4,223,4,0.0,0.3996262529238499
train,2013-421,4,223,5,0.0,0.5974719848186113
train,2013-421,4,223,6,1.0,0.09958566304658518
train,2013-421,4,223,7,0.0,0.02021735596574931
train,2013-421,5,224,0,1.0,0.9474631825240252
train,2013-421,5,224,1,1.0,0.9850342793615803
train,2013-421,5,224,2,0.0,0.6181471827414597
train,2013-421,5,224,3,1.0,0.4916078073283119
train,2013-421,6,225,0,1.0,0.5961833954813054
train,2013-421,6,225,1,1.0,0.6182890698372442
train,2013-421,7,226,0,0.0,0.021431501505789635
train,2013-422,2,227,0,0.0,0.4612080686970236
train,2013-422,2,227,1,0.0,0.6424530178979815
train,2013-422,2,227,2,0.0,0.3429359537778293
train,2013-422,2,227,3,1.0,0.5465704136096682
train,2013-422,2,227,4,1.0,0.4873572637768775
train,2013-422,2,227,5,0.0,0.5652362992484347
train,2013-422,2,227,6,1.0,0.5372777934902752
train,2013-422,2,227,7,1.0,0.4473999922035668
train,2013-422,2,227,8,0.0,0.4522654163942472
train,2013-422,2,227,9,0.0,0.42073360549500266
train,2013-422,2,227,10,1.0,0.5860668646155959
train,2013-422,2,227,11,0.0,0.48574254321132954
train,2013-422,2,227,12,0.0,0.44924053166335576
train,2013-422,2,227,13,1.0,0.5191202347110954
train,2013-422,2,227,14,0.0,0.5051804119278072
train,2013-422,2,227,15,0.0,0.47364849111850466
train,2013-422,2,227,16,1.0,0.6455871672199441
train,2013-422,2,227,17,1.0,0.5204563319685125
train,2013-422,2,227,18,1.0,0.5597622764568948
train,2013-422,2,227,19,0.0,0.5107803542816695
train,2013-422,2,227,20,0.0,0.538320707946052
train,2013-422,2,227,21,1.0,0.41564053229526293
train,2013-422,2,227,22,0.0,0.34657532233656485
train,2013-422,2,227,23,0.0,0.43971299898200644
train,2013-422,3,228,0,0.0,0.13129845006047075
train,2013-422,3,228,1,0.0,0.5650728935418216
train,2013-422,3,228,2,0.0,0.6324623741038073
train,2013-422,3,228,3,1.0,0.7969714663441311
train,2013-422,3,228,4,0.0,0.0124739733343036
train,2013-422,3,228,5,1.0,0.894724804083488
train,2013-422,3,228,6,0.0,0.3374828142947049
train,2013-422,3,228,7,1.0,0.5771977158161509
train,2013-422,3,228,8,0.0,0.4499859956247882
train,2013-422,3,228,9,1.0,0.494492639430489
train,2013-422,3,228,10,1.0,0.5859020865949053
train,2013-422,3,228,11,0.0,0.1621532591871782
train,2013-422,3,228,12,1.0,0.34015277728400056
train,2013-422,3,228,13,1.0,0.45746212637508904
train,2013-422,3,228,14,0.0,0.5000684851773732
train,2013-422,3,228,15,1.0,0.9634119035471945
train,2013-422,4,229,0,0.0,0.020985566906001472
train,2013-422,4,229,1,1.0,0.19020238556292968
train,2013-422,4,229,2,0.0,0.40953265151987445
train,2013-422,4,229,3,1.0,0.8647484586089816
train,2013-422,4,229,4,0.0,0.016872820799879736
train,2013-422,4,229,5,1.0,0.7559168498730545
train,2013-422,4,229,6,0.0,0.09203715393960603
train,2013-422,4,229,7,1.0,0.4214012206798215
train,2013-422,5,230,0,1.0,0.6590475988880699
train,2013-422,5,230,1,0.0,0.1836680216938808
train,2013-422,5,230,2,0.0,0.7323371535025957
train,2013-422,5,230,3,0.0,0.9699724262141547
train,2013-422,6,231,0,0.0,0.5966805552867691
train,2013-422,6,231,1,1.0,0.940264863259926
train,2013-422,7,232,0,0.0,0.019074113209941547
train,2013-5014,2,240,0,1.0,0.5000001568530051
train,2013-5014,2,240,1,1.0,0.500000138252938
train,2013-5014,2,240,2,1.0,0.4999999338223221
train,2013-5014,2,240,3,1.0,0.5000000682475024
train,2013-5014,2,240,4,0.0,0.4999998774266918
train,2013-5014,2,240,5,1.0,0.5000001264294197
train,2013-5014,2,240,6,1.0,0.5000000969415084
train,2013-5014,2,240,7,0.0,0.4999998051813091
train,2013-5014,2,240,8,1.0,0.4999998348960505
train,2013-5014,2,240,9,0.0,0.4999993726730409
train,2013-5014,2,240,10,1.0,0.4999999606166261
train,2013-5014,2,240,11,0.0,0.5
train,2013-5014,2,240,12,1.0,0.5000001618716208
train,2013-5014,2,240,13,0.0,0.5000001163354808
train,2013-5014,2,240,14,0.0,0.5000004889038986
train,2013-5014,2,240,15,0.0,0.49999990365392055
train,2013-5014,2,240,16,1.0,0.5000002224919615
train,2013-5014,2,240,17,1.0,0.5000001316465117
train,2013-5014,2,240,18,1.0,0.4999999741980776
train,2013-5014,2,240,19,0.0,0.4999999457309017
train,2013-5014,2,240,20,0.0,0.49999997266697455
train,2013-5014,2,240,21,0.0,0.500000094021071
train,2013-5014,2,240,22,0.0,0.4999999338223221
train,2013-5014,2,240,23,1.0,0.5000006105415327
train,2013-5014,3,241,0,0.0,0.49999931460453856
train,2013-5014,3,241,1,0.0,0.5000002847851741
train,2013-5014,3,241,2,0.0,0.5000005164354004
train,2013-5014,3,241,3,0.0,0.5000002334081594
train,2013-5014,3,241,4,1.0,0.5000002454585077
train,2013-5014,3,241,5,0.0,0.500000062605104
train,2013-5014,3,241,6,0.0,0.5000000941911936
train,2013-5014,3,241,7,1.0,0.5000001020451854
train,2013-5014,3,241,8,0.0,0.5000006935896982
train,2013-5014,3,241,9,0.0,0.5000005164354004
train,2013-5014,3,241,10,0.0,0.5000000697502518
train,2013-5014,3,241,11,0.0,0.5000002300340619
train,2013-5014,3,241,12,0.0,0.5
train,2013-5014,3,241,13,1.0,0.49999993833057005
train,2013-5014,3,241,14,1.0,0.4999999635937711
train,2013-5014,3,241,15,1.0,0.4999999725535595
train,2013-5014,4,242,0,1.0,0.5000001289245506
train,2013-5014,4,242,1,0.0,0.4999999030868453
train,2013-5014,4,242,2,0.0,0.49999987107544935
train,2013-5014,4,242,3,1.0,0.500000116307127
train,2013-5014,4,242,4,0.0,0.500000156994774
train,2013-5014,4,242,5,1.0,0.49999984300522615
train,2013-5014,4,242,6,1.0,0.5000006461255027
train,2013-5014,4,242,7,1.0,0.500000194818691
train,2013-5014,5,243,0,0.0,0.5000000596846667
train,2013-5014,5,243,1,0.0,0.5000000242141118
train,2013-5014,5,243,2,1.0,0.50000017928083
train,2013-5014,5,243,3,1.0,0.5000006460971488
train,2013-5014,6,244,0,0.0,0.5
train,2013-5014,6,244,1,0.0,0.5000004667312575
train,2013-5014,7,245,0,1.0,0.49999988352275043
train,2013-520,1,207,0,0.0,0.04402082409047591
train,2013-520,1,207,1,0.0,0.4932274615470183
train,2013-520,1,207,2,0.0,0.44493271455929284
train,2013-520,1,207,3,0.0,0.46621812756292214
train,2013-520,1,207,4,1.0,0.5005552523213749
train,2013-520,1,207,5,1.0,0.7264322343490802
train,2013-520,1,207,6,1.0,0.5941811263038673
train,2013-520,1,207,7,1.0,0.48778551095668876
train,2013-520,1,207,8,0.0,0.4813758571153538
train,2013-520,1,207,9,0.0,0.5522986858208178
train,2013-520,1,207,10,0.0,0.41118267745879383
train,2013-520,1,207,11,1.0,0.5444039312456678
train,2013-520,1,207,12,0.0,0.48401553180056267
train,2013-520,1,207,13,0.0,0.01233076230910096
train,2013-520,1,207,14,1.0,0.6090780694995951
train,2013-520,1,207,15,1.0,0.46864811307335286
train,2013-520,1,207,16,0.0,0.29257502752407155
train,2013-520,1,207,17,0.0,0.3962248651971339
train,2013-520,1,207,18,0.0,0.4274570692154804
train,2013-520,1,207,19,0.0,0.49691125384873036
train,2013-520,1,207,20,0.0,0.5466669767169617
train,2013-520,1,207,21,0.0,0.2631110697145926
train,2013-520,1,207,22,0.0,0.3145867716374678
train,2013-520,1,207,23,1.0,0.4913943148577191
train,2013-520,1,207,24,0.0,0.5141728785701979
train,2013-520,1,207,25,0.0,0.524966860603427
train,2013-520,1,207,26,0.0,0.4352462239308414
train,2013-520,1,207,27,0.0,0.498878666437948
train,2013-520,1,207,28,1.0,0.41975018291223254
train,2013-520,1,207,29,1.0,0.9813568225039835
train,2013-520,1,207,30,1.0,0.4927095526233974
train,2013-520,1,207,31,1.0,0.6216683522968012
train,2013-520,1,207,32,1.0,0.49777553397762864
train,2013-520,1,207,33,1.0,0.715151208891182
train,2013-520,1,207,34,1.0,0.5010397186634751
train,2013-520,1,207,35,1.0,0.5829973726010139
train,2013-520,1,207,36,1.0,0.6175892661365211
train,2013-520,1,207,37,0.0,0.49890418106801465
train,2013-520,1,207,38,0.0,0.5017210197607641
train,2013-520,1,207,39,0.0,0.389318526485815
train,2013-520,1,207,40,0.0,0.6350460154520595
train,2013-520,1,207,41,1.0,0.5032443569164556
train,2013-520,1,207,42,0.0,0.608699504113386
train,2013-520,1,207,43,0.0,0.4153167013755382
train,2013-520,1,207,44,0.0,0.509187355424343
train,2013-520,1,207,45,0.0,0.47463258047133683
train,2013-520,1,207,46,1.0,0.8080000820606339
train,2013-520,1,207,47,1.0,0.8362538531805476
train,2013-520,1,207,48,0.0,0.39682342212866695
train,2013-520,1,207,49,1.0,0.4999452140695713
train,2013-520,1,207,50,1.0,0.21099729949408794
train,2013-520,1,207,51,1.0,0.5326388691691238
train,2013-520,1,207,52,0.0,0.3942642284812273
train,2013-520,1,207,53,1.0,0.3920923438781644
train,2013-520,1,207,54,1.0,0.5720229287052465
train,2013-520,1,207,55,1.0,0.5123144119594952
train,2013-520,1,207,56,1.0,0.6113648617613011
train,2013-520,1,207,57,1.0,0.6754926436862038
train,2013-520,1,207,58,0.0,0.42280404139714123
train,2013-520,1,207,59,0.0,0.4203764720106237
train,2013-520,1,207,60,1.0,0.5065399495521958
train,2013-520,1,207,61,1.0,0.5984069428844127
train,2013-520,1,207,62,1.0,0.5016674262107891
train,2013-520,1,207,63,1.0,0.5116177044122865
train,2013-520,2,208,0,1.0,0.5793608367886366
train,2013-520,2,208,1,1.0,0.6656120295764878
train,2013-520,2,208,2,0.0,0.4519760533151181
train,2013-520,2,208,3,0.0,0.4048316420876159
train,2013-520,2,208,4,1.0,0.5981670992305488
train,2013-520,2,208,5,0.0,0.17296069614836174
train,2013-520,2,208,6,0.0,0.31323271038013
train,2013-520,2,208,7,0.0,0.4106442450675484
train,2013-520,2,208,8,0.0,0.48193059787545883
train,2013-520,2,208,9,0.0,0.34820574563430456
train,2013-520,2,208,10,0.0,0.3736888880172476
train,2013-520,2,208,11,0.0,0.40278491502145
train,2013-520,2,208,12,0.0,0.24692087887801423
train,2013-520,2,208,13,0.0,0.44672387891078813
train,2013-520,2,208,14,0.0,0.34529020719501785
train,2013-520,2,208,15,0.0,0.39449971636777004
train,2013-520,2,208,16,1.0,0.5659833419178175
train,2013-520,2,208,17,0.0,0.2643530295258642
train,2013-520,2,208,18,1.0,0.5928747438026042
train,2013-520,2,208,19,0.0,0.4636310232967767
train,2013-520,2,208,20,0.0,0.45277668119041337
train,2013-520,2,208,21,0.0,0.01229355691103587
train,2013-520,2,208,22,0.0,0.5592447932615336
train,2013-520,2,208,23,0.0,0.42356825231181017
train,2013-520,2,208,24,1.0,0.7329474990868153
train,2013-520,2,208,25,1.0,0.5739426943982394
train,2013-520,2,208,26,0.0,0.5370379560549368
train,2013-520,2,208,27,0.0,0.38782817777079087
train,2013-520,2,208,28,0.0,0.2628780619615714
train,2013-520,2,208,29,0.0,0.04504900311645224
train,2013-520,2,208,30,1.0,0.9820013960332951
train,2013-520,2,208,31,0.0,0.35488805547591934
train,2013-520,3,209,0,0.0,0.21033208391872701
train,2013-520,3,209,1,0.0,0.33481691491208887
train,2013-520,3,209,2,1.0,0.9369668595119008
train,2013-520,3,209,3,0.0,0.42125753382113224
train,2013-520,3,209,4,0.0,0.5860725487017056
train,2013-520,3,209,5,1.0,0.733129134986951
train,2013-520,3,209,6,1.0,0.4563997388761933
train,2013-520,3,209,7,1.0,0.5918441219404226
train,2013-520,3,209,8,1.0,0.44841597681765644
train,2013-520,3,209,9,0.0,0.3996077303512874
train,2013-520,3,209,10,0.0,0.3460011960133804
train,2013-520,3,209,11,1.0,0.5462423715279824
train,2013-520,3,209,12,0.0,0.01707497360400154
train,2013-520,3,209,13,1.0,0.4691188623787041
train,2013-520,3,209,14,0.0,0.3364651880362387
train,2013-520,3,209,15,1.0,0.9721794044949122
train,2013-520,4,210,0,0.0,0.0990029288083399
train,2013-520,4,210,1,1.0,0.7541146434808864
train,2013-520,4,210,2,1.0,0.7850274634505185
train,2013-520,4,210,3,1.0,0.4346029489426558
train,2013-520,4,210,4,0.0,0.5002363229084567
train,2013-520,4,210,5,1.0,0.9824939108577151
train,2013-520,4,210,6,1.0,0.5951371361686466
train,2013-520,4,210,7,1.0,0.9612583430160717
train,2013-520,5,211,0,0.0,0.8348030675390083
train,2013-520,5,211,1,0.0,0.22900073220051487
train,2013-520,5,211,2,0.0,0.03418456022011497
train,2013-520,5,211,3,1.0,0.9501463442856418
train,2013-520,6,212,0,0.0,0.46825336985923793
train,2013-520,6,212,1,1.0,0.6028360937187695
train,2013-520,7,213,0,0.0,0.056319684440650636
train,2013-540,1,214,0,1.0,0.9174909624571612
train,2013-540,1,214,1,1.0,0.5749567966818364
train,2013-540,1,214,2,0.0,0.4495493053944622
train,2013-540,1,214,3,1.0,0.5154410650661185
train,2013-540,1,214,4,0.0,0.4868719132101515
train,2013-540,1,214,5,1.0,0.596838818725614
train,2013-540,1,214,6,1.0,0.4030395070810875
train,2013-540,1,214,7,0.0,0.49711321999964064
train,2013-540,1,214,8,0.0,0.48362475753979633
train,2013-540,1,214,9,0.0,0.3850271322715321
train,2013-540,1,214,10,0.0,0.42455410350862777
train,2013-540,1,214,11,1.0,0.5131566875292796
train,2013-540,1,214,12,0.0,0.48892851773671736
train,2013-540,1,214,13,0.0,0.14624225098202126
train,2013-540,1,214,14,0.0,0.16504920496767708
train,2013-540,1,214,15,0.0,0.4373933661610874
train,2013-540,1,214,16,0.0,0.5281528992184978
train,2013-540,1,214,17,1.0,0.5691180633018711
train,2013-540,1,214,18,0.0,0.5793494448678758
train,2013-540,1,214,19,0.0,0.5004733907057272
train,2013-540,1,214,20,0.0,0.3365196267260771
train,2013-540,1,214,21,0.0,0.30240575942222914
train,2013-540,1,214,22,0.0,0.498617115074348
train,2013-540,1,214,23,1.0,0.5440668893876969
train,2013-540,1,214,24,1.0,0.4302043558267128
train,2013-540,1,214,25,0.0,0.41051715838345093
train,2013-540,1,214,26,0.0,0.5114599093118882
train,2013-540,1,214,27,0.0,0.5022885380924297
train,2013-540,1,214,28,0.0,0.02578017255969042
train,2013-540,1,214,29,1.0,0.5233827540850434
train,2013-540,1,214,30,1.0,0.44684986329299836
train,2013-540,1,214,31,1.0,0.504654523720907
train,2013-540,1,214,32,1.0,0.5463386298769748
train,2013-540,1,214,33,1.0,0.6701910640903841
train,2013-540,1,214,34,0.0,0.4076394454758425
train,2013-540,1,214,35,1.0,0.5010541962571247
train,2013-540,1,214,36,1.0,0.6493709161684277
train,2013-540,1,214,37,1.0,0.49233105976040425
train,2013-540,1,214,38,0.0,0.5215001666457987
train,2013-540,1,214,39,1.0,0.40965503204448794
train,2013-540,1,214,40,0.0,0.40297443790521864
train,2013-540,1,214,41,0.0,0.5069686776772317
train,2013-540,1,214,42,1.0,0.6425047972603556
train,2013-540,1,214,43,0.0,0.42567625269337367
train,2013-540,1,214,44,0.0,0.36182222936705893
train,2013-540,1,214,45,0.0,0.40631151852029945
train,2013-540,1,214,46,1.0,0.8154372924052898
train,2013-540,1,214,47,0.0,0.04922640474952849
train,2013-540,1,214,48,1.0,0.48998765221756796
train,2013-540,1,214,49,1.0,0.4632809646426982
train,2013-540,1,214,50,1.0,0.4765376167744522
train,2013-540,1,214,51,1.0,0.5256115620770571
train,2013-540,1,214,52,1.0,0.46452302689604263
train,2013-540,1,214,53,0.0,0.45401418074692773
train,2013-540,1,214,54,0.0,0.4295598978701353
train,2013-540,1,214,55,1.0,0.4550963747270128
train,2013-540,1,214,56,1.0,0.3452723149737367
train,2013-540,1,214,57,1.0,0.4684161662392528
train,2013-540,1,214,58,1.0,0.4780858155515447
train,2013-540,1,214,59,0.0,0.3577181230725038
train,2013-540,1,214,60,0.0,0.9891963764830148
train,2013-540,1,214,61,1.0,0.593406270956772
train,2013-540,1,214,62,0.0,0.48136854882728114
train,2013-540,1,214,63,1.0,0.6659890852836231
train,2013-540,2,215,0,0.0,0.5707035107638158
train,2013-540,2,215,1,0.0,0.6120810343811782
train,2013-540,2,215,2,1.0,0.6647711951716261
train,2013-540,2,215,3,0.0,0.5544189377297167
train,2013-540,2,215,4,0.0,0.3986836254095416
train,2013-540,2,215,5,0.0,0.36212972751190653
train,2013-540,2,215,6,0.0,0.7542916810900677
train,2013-540,2,215,7,1.0,0.641661402310949
train,2013-540,2,215,8,1.0,0.310270149657221
train,2013-540,2,215,9,0.0,0.46059848479318705
train,2013-540,2,215,10,1.0,0.5748588767638545
train,2013-540,2,215,11,0.0,0.949990197806385
train,2013-540,2,215,12,0.0,0.5528064339018154
train,2013-540,2,215,13,0.0,0.6170590314908132
train,2013-540,2,215,14,1.0,0.4061188467775848
train,2013-540,2,215,15,1.0,0.49880198467141773
train,2013-540,2,215,16,1.0,0.5802148052852105
train,2013-540,2,215,17,1.0,0.5984532440144102
train,2013-540,2,215,18,0.0,0.32584412911148025
train,2013-540,2,215,19,0.0,0.4434849743765616
train,2013-540,2,215,20,1.0,0.8448644671946175
train,2013-540,2,215,21,0.0,0.16762268032929334
train,2013-540,2,215,22,0.0,0.3999428458632494
train,2013-540,2,215,23,0.0,0.5189343421298634
train,2013-540,2,215,24,1.0,0.7384640603945326
train,2013-540,2,215,25,0.0,0.25676703639659193
train,2013-540,2,215,26,0.0,0.4006410846593279
train,2013-540,2,215,27,1.0,0.6017536513336778
train,2013-540,2,215,28,1.0,0.7035907462075671
train,2013-540,2,215,29,0.0,0.45266757486614934
train,2013-540,2,215,30,1.0,0.9800244224115172
train,2013-540,2,215,31,1.0,0.9153895158444564
train,2013-540,3,216,0,0.0,0.4218478263624454
train,2013-540,3,216,1,1.0,0.9695556393548634
train,2013-540,3,216,2,1.0,0.8815035645800304
train,2013-540,3,216,3,1.0,0.5921186705908095
train,2013-540,3,216,4,1.0,0.3651529318538765
train,2013-540,3,216,5,0.0,0.3915298726406791
train,2013-540,3,216,6,0.0,0.4487174705199227
train,2013-540,3,216,7,1.0,0.42543828934782574
train,2013-540,3,216,8,1.0,0.5041095736880283
train,2013-540,3,216,9,1.0,0.4730687508658667
train,2013-540,3,216,10,1.0,0.6952433975691477
train,2013-540,3,216,11,1.0,0.5039159853200355
train,2013-540,3,216,12,1.0,0.8112611403549895
train,2013-540,3,216,13,1.0,0.7830578202580348
train,2013-540,3,216,14,0.0,0.6992925628347412
train,2013-540,3,216,15,1.0,0.6132652052791473
train,2013-540,4,217,0,1.0,0.8543269095127497
train,2013-540,4,217,1,0.0,0.2894894390040372
train,2013-540,4,217,2,1.0,0.48966203281836534
train,2013-540,4,217,3,1.0,0.5066702574778686
train,2013-540,4,217,4,1.0,0.6128178657133375
train,2013-540,4,217,5,0.0,0.20126961400844462
train,2013-540,4,217,6,1.0,0.9408129481019504
train,2013-540,4,217,7,1.0,0.8129957294773799
train,2013-540,5,218,0,0.0,0.1705720984029573
train,2013-540,5,218,1,0.0,0.41162205835089194
train,2013-540,5,218,2,1.0,0.2902143814163829
train,2013-540,5,218,3,1.0,0.8982864828989013
train,2013-540,6,219,0,1.0,0.8926228559694933
train,2013-540,6,219,1,0.0,0.04804594589082024
train,2013-540,7,220,0,0.0,0.8040842188664319
train,2013-560,1,233,0,1.0,0.34472437970428177
train,2013-560,1,233,1,0.0,0.5599013873988025
train,2013-560,1,233,2,0.0,0.42410479141069557
train,2013-560,1,233,3,1.0,0.5901797400091848
train,2013-560,1,233,4,1.0,0.49820432389567504
train,2013-560,1,233,5,1.0,0.5929073872225656
train,2013-560,1,233,6,1.0,0.38276294874832445
train,2013-560,1,233,7,1.0,0.5136185614517432
train,2013-560,1,233,8,1.0,0.49755188848155374
train,2013-560,1,233,9,1.0,0.5254588474900512
train,2013-560,1,233,10,1.0,0.43721419803501843
train,2013-560,1,233,11,0.0,0.5153115696795144
train,2013-560,1,233,12,0.0,0.5094668987751066
train,2013-560,1,233,13,0.0,0.09534415562953127
train,2013-560,1,233,14,0.0,0.31459647537160823
train,2013-560,1,233,15,1.0,0.5929412491734979
train,2013-560,1,233,16,0.0,0.4063233338395721
train,2013-560,1,233,17,0.0,0.010323582621262001
train,2013-560,1,233,18,0.0,0.3833076302960453
train,2013-560,1,233,19,1.0,0.5573053480629833
train,2013-560,1,233,20,0.0,0.5158654397589869
train,2013-560,1,233,21,0.0,0.2962105634292551
train,2013-560,1,233,22,1.0,0.3854619291275669
train,2013-560,1,233,23,0.0,0.40902177964813063
train,2013-560,1,233,24,1.0,0.5020974102036299
train,2013-560,1,233,25,1.0,0.48316808294765756
train,2013-560,1,233,26,1.0,0.40342058120435537
train,2013-560,1,233,27,0.0,0.4525968168064319
train,2013-560,1,233,28,0.0,0.5135009005533592
train,2013-560,1,233,29,0.0,0.021498027268516906
train,2013-560,1,233,30,1.0,0.4782796613179006
train,2013-560,1,233,31,1.0,0.5386022214667266
train,2013-560,1,233,32,0.0,0.5942796199554065
train,2013-560,1,233,33,0.0,0.14982171773945122
train,2013-560,1,233,34,1.0,0.6524238857221913
train,2013-560,1,233,35,0.0,0.6348710960941923
train,2013-560,1,233,36,0.0,0.31924108873961593
train,2013-560,1,233,37,0.0,0.5241179063595663
train,2013-560,1,233,38,1.0,0.6448439115304887
train,2013-560,1,233,39,1.0,0.6399191875920227
train,2013-560,1,233,40,0.0,0.5868913097960526
train,2013-560,1,233,41,0.0,0.4839557300287865
train,2013-560,1,233,42,1.0,0.48153257496366003
train,2013-560,1,233,43,0.0,0.4088522156361896
train,2013-560,1,233,44,0.0,0.39466334820368937
train,2013-560,1,233,45,1.0,0.5153632981028541
train,2013-560,1,233,46,0.0,0.5011594418391331
train,2013-560,1,233,47,1.0,0.9458490339469889
train,2013-560,1,233,48,0.0,0.16401967157959352
train,2013-560,1,233,49,0.0,0.5425997907472476
train,2013-560,1,233,50,0.0,0.48143361516032973
train,2013-560,1,233,51,0.0,0.35114710687778894
train,2013-560,1,233,52,0.0,0.5022611838575183
train,2013-560,1,233,53,0.0,0.5457820634436916
train,2013-560,1,233,54,1.0,0.39820078194800274
train,2013-560,1,233,55,0.0,0.33516846554011104
train,2013-560,1,233,56,0.0,0.47459350518945304
train,2013-560,1,233,57,1.0,0.48700069285545516
train,2013-560,1,233,58,1.0,0.6198115875987623
train,2013-560,1,233,59,1.0,0.5795015023511639
train,2013-560,1,233,60,0.0,0.49693311558458253
train,2013-560,1,233,61,1.0,0.5086001221939305
train,2013-560,1,233,62,0.0,0.27698674399128875
train,2013-560,1,233,63,0.0,0.49357400433212045
train,2013-560,2,234,0,0.0,0.3536941990886137
train,2013-560,2,234,1,0.0,0.35646854763278407
train,2013-560,2,234,2,0.0,0.3742000244436675
train,2013-560,2,234,3,0.0,0.5014326052328677
train,2013-560,2,234,4,1.0,0.5106588546323919
train,2013-560,2,234,5,0.0,0.485251006258724
train,2013-560,2,234,6,0.0,0.05550747320141392
train,2013-560,2,234,7,0.0,0.5883321287969252
train,2013-560,2,234,8,1.0,0.6170253722777588
train,2013-560,2,234,9,1.0,0.4493908671514598
train,2013-560,2,234,10,1.0,0.8292794807081646
train,2013-560,2,234,11,0.0,0.42110041238043716
train,2013-560,2,234,12,0.0,0.48020406720134495
train,2013-560,2,234,13,1.0,0.8514418025685372
train,2013-560,2,234,14,1.0,0.4972569941873794
train,2013-560,2,234,15,0.0,0.509119595867408
train,2013-560,2,234,16,1.0,0.6793274024173781
train,2013-560,2,234,17,1.0,0.5434895647982179
train,2013-560,2,234,18,1.0,0.5987116635720053
train,2013-560,2,234,19,1.0,0.5898620421248681
train,2013-560,2,234,20,1.0,0.9291281289278764
train,2013-560,2,234,21,0.0,0.6403612607927285
train,2013-560,2,234,22,1.0,0.6687129594827195
train,2013-560,2,234,23,1.0,0.6122724035883249
train,2013-560,2,234,24,0.0,0.28233170465385965
train,2013-560,2,234,25,0.0,0.41525305222364484
train,2013-560,2,234,26,0.0,0.5526221776612348
train,2013-560,2,234,27,1.0,0.7185622877111175
train,2013-560,2,234,28,1.0,0.45054151626512023
train,2013-560,2,234,29,1.0,0.4324221623367347
train,2013-560,2,234,30,1.0,0.9900021068559611
train,2013-560,2,234,31,0.0,0.023991057522879673
train,2013-560,3,235,0,1.0,0.6503266145329123
train,2013-560,3,235,1,0.0,0.022025456852713537
train,2013-560,3,235,2,0.0,0.01584393022056664
train,2013-560,3,235,3,1.0,0.5157055969254889
train,2013-560,3,235,4,0.0,0.38029394569864566
train,2013-560,3,235,5,0.0,0.05770777450585745
train,2013-560,3,235,6,1.0,0.8288965489872426
train,2013-560,3,235,7,0.0,0.47904512448107806
train,2013-560,3,235,8,1.0,0.6544231687863868
train,2013-560,3,235,9,0.0,0.20511264985654287
train,2013-560,3,235,10,0.0,0.34476042628889536
train,2013-560,3,235,11,1.0,0.45698039301345156
train,2013-560,3,235,12,1.0,0.9039841654421213
train,2013-560,3,235,13,0.0,0.3984189810385554
train,2013-560,3,235,14,0.0,0.573259920664534
train,2013-560,3,235,15,1.0,0.5882864269298593
train,2013-560,4,236,0,1.0,0.9781193952001226
train,2013-560,4,236,1,1.0,0.08543063362077949
train,2013-560,4,236,2,1.0,0.7313423780354188
train,2013-560,4,236,3,0.0,0.433862003765326
train,2013-560,4,236,4,0.0,0.6757531086790893
train,2013-560,4,236,5,0.0,0.08522259617295111
train,2013-560,4,236,6,0.0,0.41850679700224425
train,2013-560,4,236,7,1.0,0.9688293906915819
train,2013-560,5,237,0,0.0,0.019432566629131922
train,2013-560,5,237,1,0.0,0.6608597857355951
train,2013-560,5,237,2,1.0,0.17934881907866276
train,2013-560,5,237,3,1.0,0.9505457264074091
train,2013-560,6,238,0,1.0,0.9714011087656784
train,2013-560,6,238,1,1.0,0.9299760722334247
train,2013-560,7,239,0,1.0,0.6836609390248263
train,2013-580,1,168,0,1.0,0.96721696669035
train,2013-580,1,168,1,0.0,0.4802639763394233
train,2013-580,1,168,2,1.0,0.5277432197533862
train,2013-580,1,168,3,0.0,0.4959741573645557
train,2013-580,1,168,4,1.0,0.5047594079153931
train,2013-580,1,168,5,0.0,0.3403597000996903
train,2013-580,1,168,6,0.0,0.47265377648921597
train,2013-580,1,168,7,1.0,0.5123507643030457
train,2013-580,1,168,8,1.0,0.4943356776331445
train,2013-580,1,168,9,0.0,0.36854561707093286
train,2013-580,1,168,10,1.0,0.5945486343654719
train,2013-580,1,168,11,1.0,0.504137215137044
train,2013-580,1,168,12,0.0,0.5881055665008081
train,2013-580,1,168,13,1.0,0.8114039989504545
train,2013-580,1,168,14,0.0,0.17090211670957037
train,2013-580,1,168,15,0.0,0.45365705599354705
train,2013-580,1,168,16,1.0,0.4855167427007585
train,2013-580,1,168,17,0.0,0.406626051656081
train,2013-580,1,168,18,1.0,0.7266340893394609
train,2013-580,1,168,19,0.0,0.4590381767406952
train,2013-580,1,168,20,1.0,0.5660285021653066
train,2013-580,1,168,21,0.0,0.652763477141688
train,2013-580,1,168,22,0.0,0.323080750360527
train,2013-580,1,168,23,1.0,0.4905835719696373
train,2013-580,1,168,24,0.0,0.5228874635595263
train,2013-580,1,168,25,1.0,0.6444548108710583
train,2013-580,1,168,26,1.0,0.5801624098273396
train,2013-580,1,168,27,0.0,0.3915496207176271
train,2013-580,1,168,28,1.0,0.4907895502045807
train,2013-580,1,168,29,0.0,0.3499532752006495
train,2013-580,1,168,30,1.0,0.44814438808464124
train,2013-580,1,168,31,1.0,0.5154615436722368
train,2013-580,1,168,32,1.0,0.9789760405520491
train,2013-580,1,168,33,0.0,0.4181147140126469
train,2013-580,1,168,34,1.0,0.48269404945342886
train,2013-580,1,168,35,0.0,0.32387663483049883
train,2013-580,1,168,36,0.0,0.4985710451138298
train,2013-580,1,168,37,0.0,0.4377397531770635
train,2013-580,1,168,38,0.0,0.37247325572571366
train,2013-580,1,168,39,0.0,0.31800917322021727
train,2013-580,1,168,40,1.0,0.5439504133015868
train,2013-580,1,168,41,0.0,0.4321448122837101
train,2013-580,1,168,42,0.0,0.6535941253880848
train,2013-580,1,168,43,0.0,0.5582245711004683
train,2013-580,1,168,44,1.0,0.5000555619870309
train,2013-580,1,168,45,0.0,0.5008975357483193
train,2013-580,1,168,46,1.0,0.7342478706617913
train,2013-580,1,168,47,0.0,0.08429109879417977
train,2013-580,1,168,48,1.0,0.48374958431531406
train,2013-580,1,168,49,1.0,0.47508795182315566
train,2013-580,1,168,50,1.0,0.7267030605346297
train,2013-580,1,168,51,1.0,0.5264918014921272
train,2013-580,1,168,52,1.0,0.6004509840968578
train,2013-580,1,168,53,0.0,0.4526389268468919
train,2013-580,1,168,54,1.0,0.4990156212997066
train,2013-580,1,168,55,0.0,0.4672603934180214
train,2013-580,1,168,56,0.0,0.4096376256632616
train,2013-580,1,168,57,0.0,0.35401378637971104
train,2013-580,1,168,58,0.0,0.34136555002844254
train,2013-580,1,168,59,0.0,0.5883445754178579
train,2013-580,1,168,60,1.0,0.5303679010612842
train,2013-580,1,168,61,1.0,0.5791931406014905
train,2013-580,1,168,62,1.0,0.5800756199084501
train,2013-580,1,168,63,0.0,0.5563489942280846
train,2013-580,2,169,0,0.0,0.4449853862260712
train,2013-580,2,169,1,1.0,0.652653368847494
train,2013-580,2,169,2,0.0,0.3219947651110761
train,2013-580,2,169,3,1.0,0.6078319295669583
train,2013-580,2,169,4,1.0,0.4247646462509215
train,2013-580,2,169,5,1.0,0.5502294437296885
train,2013-580,2,169,6,1.0,0.8135035526038638
train,2013-580,2,169,7,1.0,0.5134123168432376
train,2013-580,2,169,8,0.0,0.3309621311881369
train,2013-580,2,169,9,0.0,0.43150334528998074
train,2013-580,2,169,10,0.0,0.31019435121400346
train,2013-580,2,169,11,1.0,0.9257173184653203
train,2013-580,2,169,12,0.0,0.48782026331631195
train,2013-580,2,169,13,0.0,0.32014701358331976
train,2013-580,2,169,14,1.0,0.572876996777006
train,2013-580,2,169,15,0.0,0.4282282635817513
train,2013-580,2,169,16,1.0,0.6379431842695119
train,2013-580,2,169,17,0.0,0.46167859932506256
train,2013-580,2,169,18,0.0,0.6319435916475796
train,2013-580,2,169,19,0.0,0.39226933564314465
train,2013-580,2,169,20,0.0,0.16699697231670996
train,2013-580,2,169,21,1.0,0.8293707642970406
train,2013-580,2,169,22,0.0,0.39006683797347286
train,2013-580,2,169,23,0.0,0.3216203070797899
train,2013-580,2,169,24,1.0,0.5687400939712522
train,2013-580,2,169,25,0.0,0.46568169322398445
train,2013-580,2,169,26,0.0,0.3675081327389793
train,2013-580,2,169,27,1.0,0.5394893850818544
train,2013-580,2,169,28,1.0,0.6732604876596407
train,2013-580,2,169,29,1.0,0.9392639765590599
train,2013-580,2,169,30,0.0,0.017594373409610866
train,2013-580,2,169,31,0.0,0.2827841690219607
train,2013-580,3,170,0,0.0,0.1943515920956088
train,2013-580,3,170,1,1.0,0.5423035927220896
train,2013-580,3,170,2,0.0,0.03680515050557046
train,2013-580,3,170,3,0.0,0.563665471885079
train,2013-580,3,170,4,0.0,0.3534041332359669
train,2013-580,3,170,5,1.0,0.9224134110376704
train,2013-580,3,170,6,1.0,0.5403380139056077
train,2013-580,3,170,7,1.0,0.43818738016691117
train,2013-580,3,170,8,0.0,0.6506096479247764
train,2013-580,3,170,9,0.0,0.3975090098646092
train,2013-580,3,170,10,0.0,0.40738003337286627
train,2013-580,3,170,11,0.0,0.45679867853698325
train,2013-580,3,170,12,1.0,0.7626231205139414
train,2013-580,3,170,13,1.0,0.7532032759117904
train,2013-580,3,170,14,1.0,0.32979426547432056
train,2013-580,3,170,15,0.0,0.031032162074890148
train,2013-580,4,171,0,0.0,0.05470484279184176
train,2013-580,4,171,1,1.0,0.6346949563291976
train,2013-580,4,171,2,1.0,0.8451295389802498
train,2013-580,4,171,3,1.0,0.5106819780433725
train,2013-580,4,171,4,0.0,0.525047690683618
train,2013-580,4,171,5,0.0,0.19156318620284718
train,2013-580,4,171,6,1.0,0.7745993298627335
train,2013-580,4,171,7,1.0,0.9629982644586659
train,2013-580,5,172,0,0.0,0.12624135522090835
train,2013-580,5,172,1,1.0,0.8843729512388491
train,2013-580,5,172,2,1.0,0.7137673389302983
train,2013-580,5,172,3,1.0,0.9218033511429452
train,2013-580,6,173,0,1.0,0.2769340207764613
train,2013-580,6,173,1,0.0,0.07719393278662937
train,2013-580,7,174,0,0.0,0.18346446537751232
train,2014-1536,2,279,0,0.0,0.4698763995803852
train,2014-1536,2,279,1,0.0,0.679769488888914
train,2014-1536,2,279,2,0.0,0.4202012894177555
train,2014-1536,2,279,3,1.0,0.43179013500179514
train,2014-1536,2,279,4,1.0,0.45391428236228365
train,2014-1536,2,279,5,1.0,0.603182714247163
train,2014-1536,2,279,6,1.0,0.5859376951539307
train,2014-1536,2,279,7,0.0,0.6303785554964918
train,2014-1536,2,279,8,1.0,0.7687564264320943
train,2014-1536,2,279,9,1.0,0.43931249685749246
train,2014-1536,2,279,10,0.0,0.3131929635479047
train,2014-1536,2,279,11,1.0,0.5449818847805818
train,2014-1536,2,279,12,0.0,0.490616535965561
train,2014-1536,2,279,13,0.0,0.42056058248838485
train,2014-1536,2,279,14,1.0,0.633825119235598
train,2014-1536,2,279,15,1.0,0.5474914581372812
train,2014-1536,2,279,16,1.0,0.530362482641204
train,2014-1536,2,279,17,1.0,0.545615704933373
train,2014-1536,2,279,18,0.0,0.6417578099999596
train,2014-1536,2,279,19,1.0,0.4796229751025109
train,2014-1536,2,279,20,1.0,0.44231500275133945
train,2014-1536,2,279,21,1.0,0.5691151299182549
train,2014-1536,2,279,22,0.0,0.3640893343798269
train,2014-1536,2,279,23,1.0,0.5798561123955132
train,2014-1536,3,280,0,0.0,0.38732486376601066
train,2014-1536,3,280,1,0.0,0.5152768518244489
train,2014-1536,3,280,2,0.0,0.3980857284445701
train,2014-1536,3,280,3,0.0,0.14229501694192925
train,2014-1536,3,280,4,0.0,0.747181413858188
train,2014-1536,3,280,5,1.0,0.45405272903385707
train,2014-1536,3,280,6,0.0,0.41803221015899733
train,2014-1536,3,280,7,0.0,0.45295398954056365
train,2014-1536,3,280,8,1.0,0.7936019547228623
train,2014-1536,3,280,9,0.0,0.8541777146229116
train,2014-1536,3,280,10,0.0,0.6598994456450656
train,2014-1536,3,280,11,1.0,0.36151854371528935
train,2014-1536,3,280,12,0.0,0.22414743875944773
train,2014-1536,3,280,13,1.0,0.5891310984573128
train,2014-1536,3,280,14,0.0,0.46910259655950276
train,2014-1536,3,280,15,1.0,0.9846405531139997
train,2014-1536,4,281,0,1.0,0.9877867271892868
train,2014-1536,4,281,1,0.0,0.22818377074529816
train,2014-1536,4,281,2,1.0,0.12160374327343815
train,2014-1536,4,281,3,0.0,0.4599383903230713
train,2014-1536,4,281,4,1.0,0.5883600456366207
train,2014-1536,4,281,5,1.0,0.8075166726075457
train,2014-1536,4,281,6,0.0,0.5294263636804727
train,2014-1536,4,281,7,1.0,0.5264252386623979
train,2014-1536,5,282,0,1.0,0.9536109905909055
train,2014-1536,5,282,1,0.0,0.5480154246234938
train,2014-1536,5,282,2,0.0,0.44081295816041927
train,2014-1536,5,282,3,0.0,0.18965327552345543
train,2014-1536,6,283,0,0.0,0.011556770356229562
train,2014-1536,6,283,1,0.0,0.7752102543616936
train,2014-1536,7,284,0,0.0,0.022190087169151582
train,2014-352,2,330,0,1.0,0.5221374990757531
train,2014-352,2,330,1,1.0,0.6524742385173075
train,2014-352,2,330,2,0.0,0.3780512311108387
train,2014-352,2,330,3,0.0,0.5535108196520548
train,2014-352,2,330,4,1.0,0.571960562378664
train,2014-352,2,330,5,1.0,0.46436242730360455
train,2014-352,2,330,6,0.0,0.3347626644177274
train,2014-352,2,330,7,1.0,0.5247145041518805
train,2014-352,2,330,8,1.0,0.5220450262057074
train,2014-352,2,330,9,0.0,0.5853957352477126
train,2014-352,2,330,10,1.0,0.6743835862083861
train,2014-352,2,330,11,1.0,0.47067566134402594
train,2014-352,2,330,12,1.0,0.43704148255244446
train,2014-352,2,330,13,1.0,0.6024693851771808
train,2014-352,2,330,14,0.0,0.5655859958612645
train,2014-352,2,330,15,0.0,0.3581615987099093
train,2014-352,3,331,0,1.0,0.7976943308754277
train,2014-352,3,331,1,1.0,0.6518151298326407
train,2014-352,3,331,2,1.0,0.34784303834301417
train,2014-352,3,331,3,0.0,0.5911766955247284
train,2014-352,3,331,4,0.0,0.06716115099620332
train,2014-352,3,331,5,0.0,0.47693755069899485
train,2014-352,3,331,6,1.0,0.5791593642256071
train,2014-352,3,331,7,1.0,0.786233366562344
train,2014-352,3,331,8,0.0,0.24075901454907536
train,2014-352,3,331,9,0.0,0.45289901846451536
train,2014-352,3,331,10,0.0,0.4716607042683494
train,2014-352,3,331,11,1.0,0.8591770815986881
train,2014-352,3,331,12,0.0,0.3466747054157464
train,2014-352,3,331,13,0.0,0.4818408983056585
train,2014-352,3,331,14,0.0,0.1448641032672273
train,2014-352,3,331,15,0.0,0.032877022985352236
train,2014-352,4,332,0,1.0,0.7404742287186116
train,2014-352,4,332,1,0.0,0.028384512733259943
train,2014-352,4,332,2,1.0,0.8324804979092626
train,2014-352,4,332,3,1.0,0.36968576864835256
train,2014-352,4,332,4,1.0,0.24291392524310576
train,2014-352,4,332,5,1.0,0.6062697955481458
train,2014-352,4,332,6,1.0,0.9564533986895567
train,2014-352,4,332,7,0.0,0.344094928579756
train,2014-352,5,333,0,1.0,0.32763880817405205
train,2014-352,5,333,1,1.0,0.862336630736914
train,2014-352,5,333,2,0.0,0.28351068562123366
train,2014-352,5,333,3,0.0,0.9164101042899597
train,2014-352,6,334,0,0.0,0.050531172614251434
train,2014-352,6,334,1,1.0,0.35370783175629705
train,2014-352,7,335,0,1.0,0.964532381453825
train,2014-403,1,266,0,1.0,0.5126100599708296
train,2014-403,1,266,1,1.0,0.5283713206177956
train,2014-403,1,266,2,1.0,0.4987633842036138
train,2014-403,1,266,3,1.0,0.49298848839030235
train,2014-403,1,266,4,1.0,0.5145665379436746
train,2014-403,1,266,5,0.0,0.5349573104537491
train,2014-403,1,266,6,0.0,0.4888936239429309
train,2014-403,1,266,7,1.0,0.5530789407242054
train,2014-403,1,266,8,0.0,0.4987688341035072
train,2014-403,1,266,9,1.0,0.5136733608604305
train,2014-403,1,266,10,1.0,0.49000490889124987
train,2014-403,1,266,11,1.0,0.49833120386414886
train,2014-403,1,266,12,1.0,0.4672598874971504
train,2014-403,1,266,13,1.0,0.49984840351744575
train,2014-403,1,266,14,0.0,0.4390127584426989
train,2014-403,1,266,15,0.0,0.49619839533045246
train,2014-403,1,266,16,1.0,0.4964797804261475
train,2014-403,1,266,17,1.0,0.5260362316566379
train,2014-403,1,266,18,0.0,0.5081949982226334
train,2014-403,1,266,19,0.0,0.41403114897424864
train,2014-403,1,266,20,0.0,0.4623409369602135
train,2014-403,1,266,21,1.0,0.6118620706222947
train,2014-403,1,266,22,0.0,0.5077550943030413
train,2014-403,1,266,23,0.0,0.5154269624264567
train,2014-403,1,266,24,0.0,0.5585263026628575
train,2014-403,1,266,25,0.0,0.5210439874902938
train,2014-403,1,266,26,1.0,0.46084864041581186
train,2014-403,1,266,27,1.0,0.5743958915949194
train,2014-403,1,266,28,0.0,0.41487982258693185
train,2014-403,1,266,29,1.0,0.45859474962781005
train,2014-403,1,266,30,0.0,0.624915159442775
train,2014-403,1,266,31,0.0,0.42892059290681644
train,2014-403,2,267,0,0.0,0.028333023094755508
train,2014-403,2,267,1,1.0,0.495867193231002
train,2014-403,2,267,2,1.0,0.45808403996316144
train,2014-403,2,267,3,0.0,0.4184212757088841
train,2014-403,2,267,4,1.0,0.7649425289946156
train,2014-403,2,267,5,1.0,0.4110379050428936
train,2014-403,2,267,6,0.0,0.3741890915914956
train,2014-403,2,267,7,1.0,0.9130685767054751
train,2014-403,2,267,8,0.0,0.1462424684872334
train,2014-403,2,267,9,1.0,0.4650332778821585
train,2014-403,2,267,10,0.0,0.43701582334960487
train,2014-403,2,267,11,1.0,0.5598468738570916
train,2014-403,2,267,12,1.0,0.7317994408979706
train,2014-403,2,267,13,1.0,0.6590799316289688
train,2014-403,2,267,14,0.0,0.6900401120619557
train,2014-403,2,267,15,1.0,0.8325959280215969
train,2014-403,2,267,16,1.0,0.9365841566028081
train,2014-403,2,267,17,0.0,0.655499913717185
train,2014-403,2,267,18,1.0,0.5434795733194527
train,2014-403,2,267,19,0.0,0.38112956519372154
train,2014-403,2,267,20,0.0,0.5288813031421655
train,2014-403,2,267,21,0.0,0.4567133331824678
train,2014-403,2,267,22,0.0,0.6403101739544746
train,2014-403,2,267,23,0.0,0.185239981109703
train,2014-403,2,267,24,1.0,0.5112519535669555
train,2014-403,2,267,25,1.0,0.43127872790925753
train,2014-403,2,267,26,0.0,0.3701416635150758
train,2014-403,2,267,27,1.0,0.5929935540607344
train,2014-403,2,267,28,0.0,0.5382787181970557
train,2014-403,2,267,29,0.0,0.5084518910176887
train,2014-403,2,267,30,1.0,0.9865324054208178
train,2014-403,2,267,31,1.0,0.448353931143847
train,2014-403,3,268,0,0.0,0.39397831520609156
train,2014-403,3,268,1,1.0,0.8233217693788328
train,2014-403,3,268,2,1.0,0.5248678462718334
train,2014-403,3,268,3,0.0,0.4324168249928955
train,2014-403,3,268,4,1.0,0.5683669308336474
train,2014-403,3,268,5,1.0,0.9887674943017789
train,2014-403,3,268,6,0.0,0.5146125660969636
train,2014-403,3,268,7,0.0,0.17329041043804502
train,2014-403,3,268,8,1.0,0.6558895934350791
train,2014-403,3,268,9,1.0,0.9713023059536725
train,2014-403,3,268,10,1.0,0.572013979768426
train,2014-403,3,268,11,0.0,0.28829731511415707
train,2014-403,3,268,12,0.0,0.13678612580627386
train,2014-403,3,268,13,1.0,0.8084235399566014
train,2014-403,3,268,14,1.0,0.49773807215501786
train,2014-403,3,268,15,1.0,0.9443443015561359
train,2014-403,4,269,0,1.0,0.7420992507838554
train,2014-403,4,269,1,1.0,0.9618160920278179
train,2014-403,4,269,2,0.0,0.25771348478868267
train,2014-403,4,269,3,1.0,0.1861549705293442
train,2014-403,4,269,4,0.0,0.12793879101742825
train,2014-403,4,269,5,0.0,0.7681622893914662
train,2014-403,4,269,6,0.0,0.3881946581448399
train,2014-403,4,269,7,0.0,0.01290512031804206
train,2014-403,5,270,0,1.0,0.816576642368431
train,2014-403,5,270,1,1.0,0.07907126321396987
train,2014-403,5,270,2,1.0,0.7584068416377105
train,2014-403,5,270,3,0.0,0.015212938601898143
train,2014-403,6,271,0,0.0,0.03423162390514956
train,2014-403,6,271,1,0.0,0.04437075178811715
train,2014-403,7,272,0,1.0,0.3102900577574377
train,2014-404,1,259,0,0.0,0.5000000272479642
train,2014-404,1,259,1,1.0,0.5
train,2014-404,1,259,2,0.0,0.4999994492281952
train,2014-404,1,259,3,0.0,0.5000000734078869
train,2014-404,1,259,4,1.0,0.5000000256317998
train,2014-404,1,259,5,1.0,0.5000000646465748
train,2014-404,1,259,6,0.0,0.4999999625163282
train,2014-404,1,259,7,1.0,0.5000000374836718
train,2014-404,1,259,8,0.0,0.500000763226535
train,2014-404,1,259,9,0.0,0.500000574220365
train,2014-404,1,259,10,1.0,0.49999989803987593
train,2014-404,1,259,11,0.0,0.49999964858348783
train,2014-404,1,259,12,0.0,0.4999998774266918
train,2014-404,1,259,13,1.0,0.5000006595651852
train,2014-404,1,259,14,0.0,0.5000000707709871
train,2014-404,1,259,15,0.0,0.49999990838899866
train,2014-404,1,259,16,1.0,0.5000000646465748
train,2014-404,1,259,17,0.0,0.49999997621119463
train,2014-404,1,259,18,0.0,0.5000002066705629
train,2014-404,1,259,19,1.0,0.5
train,2014-404,1,259,20,1.0,0.5000001791957687
train,2014-404,1,259,21,1.0,0.4999999625163282
train,2014-404,1,259,22,0.0,0.5000000626901653
train,2014-404,1,259,23,1.0,0.5000004892441438
train,2014-404,1,259,24,0.0,0.5000001225733083
train,2014-404,1,259,25,0.0,0.5
train,2014-404,1,259,26,1.0,0.4999994462794041
train,2014-404,1,259,27,0.0,0.49999921913742584
train,2014-404,1,259,28,0.0,0.5000000626901653
train,2014-404,1,259,29,1.0,0.49999948807284766
train,2014-404,1,259,30,0.0,0.49999984615249354
train,2014-404,1,259,31,0.0,0.5000004934405003
train,2014-404,2,260,0,0.0,0.49999982060575493
train,2014-404,2,260,1,0.0,0.4999999132091379
train,2014-404,2,260,2,1.0,0.4999998836645192
train,2014-404,2,260,3,1.0,0.49999982681522864
train,2014-404,2,260,4,0.0,0.5000000374553181
train,2014-404,2,260,5,0.0,0.5
train,2014-404,2,260,6,0.0,0.5000001225733083
train,2014-404,2,260,7,0.0,0.49999941381434787
train,2014-404,2,260,8,0.0,0.5000001568530051
train,2014-404,2,260,9,0.0,0.4999994409205434
train,2014-404,2,260,10,0.0,0.4999999385574002
train,2014-404,2,260,11,0.0,0.5
train,2014-404,2,260,12,1.0,0.500000351076267
train,2014-404,2,260,13,0.0,0.4999999726953283
train,2014-404,2,260,14,1.0,0.5000000258019224
train,2014-404,2,260,15,1.0,0.4999999741980776
train,2014-404,2,260,16,1.0,0.5
train,2014-404,2,260,17,0.0,0.5000001290946732
train,2014-404,2,260,18,0.0,0.5
train,2014-404,2,260,19,1.0,0.5
train,2014-404,2,260,20,1.0,0.5000001613896068
train,2014-404,2,260,21,1.0,0.5000002726497644
train,2014-404,2,260,22,0.0,0.5000000922064304
train,2014-404,2,260,23,1.0,0.4999997152715335
train,2014-404,2,260,24,1.0,0.4999999762395484
train,2014-404,2,260,25,1.0,0.5000004125755743
train,2014-404,2,260,26,1.0,0.5000001316465117
train,2014-404,2,260,27,0.0,0.5000000916677089
train,2014-404,2,260,28,1.0,0.5000007975345856
train,2014-404,2,260,29,1.0,0.5000000682475024
train,2014-404,2,260,30,0.0,0.5
train,2014-404,2,260,31,0.0,0.49999937936452843
train,2014-404,3,261,0,1.0,0.49999931460453856
train,2014-404,3,261,1,1.0,0.4999999132941993
train,2014-404,3,261,2,1.0,0.4999995108125638
train,2014-404,3,261,3,0.0,0.5000006595084777
train,2014-404,3,261,4,1.0,0.49999981141913646
train,2014-404,3,261,5,1.0,0.5000002081166047
train,2014-404,3,261,6,1.0,0.5000001289812582
train,2014-404,3,261,7,1.0,0.5000006734018205
train,2014-404,3,261,8,1.0,0.49999997550235065
train,2014-404,3,261,9,1.0,0.5000002188059726
train,2014-404,3,261,10,1.0,0.5
train,2014-404,3,261,11,1.0,0.5000006734018205
train,2014-404,3,261,12,1.0,0.4999993539028511
train,2014-404,3,261,13,0.0,0.5000000121070559
train,2014-404,3,261,14,1.0,0.5000003246505619
train,2014-404,3,261,15,0.0,0.5
train,2014-404,4,262,0,1.0,0.4999998836928729
train,2014-404,4,262,1,1.0,0.4999993518897342
train,2014-404,4,262,2,0.0,0.4999999130957229
train,2014-404,4,262,3,1.0,0.499999611922075
train,2014-404,4,262,4,1.0,0.49999996240291317
train,2014-404,4,262,5,0.0,0.49999976650677924
train,2014-404,4,262,6,0.0,0.49999994207326653
train,2014-404,4,262,7,1.0,0.5000000272763179
train,2014-404,5,263,0,1.0,0.5000000372851956
train,2014-404,5,263,1,1.0,0.5000001980793735
train,2014-404,5,263,2,1.0,0.4999997919401028
train,2014-404,5,263,3,1.0,0.4999998037352673
train,2014-404,6,264,0,0.0,0.49999993529671766
train,2014-404,6,264,1,0.0,0.5000002223785465
train,2014-404,7,265,0,0.0,0.4999999627998658
train,2014-410,2,273,0,1.0,0.3621060667016867
train,2014-410,2,273,1,0.0,0.47844334507245634
train,2014-410,2,273,2,1.0,0.4307677805820782
train,2014-410,2,273,3,1.0,0.51891512905837
train,2014-410,2,273,4,0.0,0.4251728207466793
train,2014-410,2,273,5,1.0,0.6220273965321835
train,2014-410,2,273,6,0.0,0.438501171451204
train,2014-410,2,273,7,1.0,0.5959933939622287
train,2014-410,2,273,8,0.0,0.35522431457690673
train,2014-410,2,273,9,0.0,0.508472645467954
train,2014-410,2,273,10,0.0,0.5156099159272863
train,2014-410,2,273,11,1.0,0.4708792449126061
train,2014-410,2,273,12,0.0,0.5073257677080778
train,2014-410,2,273,13,1.0,0.6321278915408645
train,2014-410,2,273,14,0.0,0.5201284610574789
train,2014-410,2,273,15,0.0,0.5889969150793544
train,2014-410,2,273,16,0.0,0.4982736791696892
train,2014-410,2,273,17,1.0,0.5421506393954588
train,2014-410,2,273,18,0.0,0.45949326387531164
train,2014-410,2,273,19,0.0,0.4390868111187567
train,2014-410,2,273,20,1.0,0.5268745212267016
train,2014-410,2,273,21,1.0,0.5049376210802772
train,2014-410,2,273,22,0.0,0.4236921365170645
train,2014-410,2,273,23,0.0,0.4339624259778434
train,2014-410,3,274,0,0.0,0.6218059420797103
train,2014-410,3,274,1,1.0,0.4376129869176361
train,2014-410,3,274,2,0.0,0.20473855547846054
train,2014-410,3,274,3,1.0,0.914129668487962
train,2014-410,3,274,4,1.0,0.5655581244002176
train,2014-410,3,274,5,0.0,0.3615452842051316
train,2014-410,3,274,6,1.0,0.6035270358499192
train,2014-410,3,274,7,0.0,0.43200233455869835
train,2014-410,3,274,8,1.0,0.9825298776937665
train,2014-410,3,274,9,1.0,0.5799337906209722
train,2014-410,3,274,10,1.0,0.45665321149379046
train,2014-410,3,274,11,1.0,0.7214430142731749
train,2014-410,3,274,12,0.0,0.19574583619011096
train,2014-410,3,274,13,0.0,0.43773576570404565
train,2014-410,3,274,14,0.0,0.43726874405939803
train,2014-410,3,274,15,0.0,0.009718619035148146
train,2014-410,4,275,0,0.0,0.013499164208301356
train,2014-410,4,275,1,0.0,0.7933368956356064
train,2014-410,4,275,2,0.0,0.27007107150537074
train,2014-410,4,275,3,1.0,0.46866147779488926
train,2014-410,4,275,4,1.0,0.7091157953100712
train,2014-410,4,275,5,1.0,0.9372719176362865
train,2014-410,4,275,6,0.0,0.01615592033004663
train,2014-410,4,275,7,0.0,0.19665308887479993
train,2014-410,5,276,0,1.0,0.05084972297222603
train,2014-410,5,276,1,0.0,0.2629983648146437
train,2014-410,5,276,2,0.0,0.1727289866634673
train,2014-410,5,276,3,1.0,0.9772306156271175
train,2014-410,6,277,0,1.0,0.396907374900964
train,2014-410,6,277,1,0.0,0.7728469374609167
train,2014-410,7,278,0,1.0,0.20001819831044362
train,2014-416,2,285,0,1.0,0.32291781113269263
train,2014-416,2,285,1,1.0,0.6012074651904795
train,2014-416,2,285,2,1.0,0.4670255160702729
train,2014-416,2,285,3,0.0,0.4400791098462343
train,2014-416,2,285,4,1.0,0.43366655939241033
train,2014-416,2,285,5,1.0,0.4995301508743302
train,2014-416,2,285,6,1.0,0.5249411405973732
train,2014-416,2,285,7,0.0,0.4137745108037749
train,2014-416,2,285,8,1.0,0.5685175729007648
train,2014-416,2,285,9,0.0,0.4558136253597451
train,2014-416,2,285,10,0.0,0.486944867970589
train,2014-416,2,285,11,0.0,0.3657322958819141
train,2014-416,2,285,12,1.0,0.5507074681690246
train,2014-416,2,285,13,0.0,0.46688898618458524
train,2014-416,2,285,14,1.0,0.5740391781000803
train,2014-416,2,285,15,1.0,0.5910702193417144
train,2014-416,2,285,16,0.0,0.4548219056346805
train,2014-416,2,285,17,0.0,0.48857169333052963
train,2014-416,2,285,18,1.0,0.6020883783994068
train,2014-416,2,285,19,1.0,0.5642708660597084
train,2014-416,2,285,20,1.0,0.5440069017795329
train,2014-416,2,285,21,1.0,0.4387065441772594
train,2014-416,2,285,22,0.0,0.33052792299964634
train,2014-416,2,285,23,1.0,0.49608097534338824
train,2014-416,3,286,0,0.0,0.4952534490130142
train,2014-416,3,286,1,1.0,0.6255668740177106
train,2014-416,3,286,2,1.0,0.8772518707798189
train,2014-416,3,286,3,0.0,0.9282920494125642
train,2014-416,3,286,4,0.0,0.32866630517676126
train,2014-416,3,286,5,0.0,0.28058285757438806
train,2014-416,3,286,6,0.0,0.39323422365894384
train,2014-416,3,286,7,0.0,0.21678288939975643
train,2014-416,3,286,8,0.0,0.4631613554690724
train,2014-416,3,286,9,1.0,0.9684874087827937
train,2014-416,3,286,10,0.0,0.4525642636349361
train,2014-416,3,286,11,0.0,0.1457720383339001
train,2014-416,3,286,12,1.0,0.8736917079091534
train,2014-416,3,286,13,1.0,0.6350665253597629
train,2014-416,3,286,14,1.0,0.444830795117804
train,2014-416,3,286,15,1.0,0.9832037748045868
train,2014-416,4,287,0,0.0,0.017839615198292226
train,2014-416,4,287,1,0.0,0.7246180732018191
train,2014-416,4,287,2,1.0,0.23177523398582223
train,2014-416,4,287,3,1.0,0.5340019740735111
train,2014-416,4,287,4,1.0,0.8148562639376922
train,2014-416,4,287,5,0.0,0.03893398919092967
train,2014-416,4,287,6,1.0,0.8532169734444363
train,2014-416,4,287,7,0.0,0.6701913978047572
train,2014-416,5,288,0,1.0,0.9213114789451681
train,2014-416,5,288,1,1.0,0.39255170346710216
train,2014-416,5,288,2,0.0,0.47206762956479176
train,2014-416,5,288,3,0.0,0.13286251808348878
train,2014-416,6,289,0,1.0,0.9859271943036553
train,2014-416,6,289,1,1.0,0.9653531546080659
train,2014-416,7,290,0,1.0,0.31920993124152125
train,2014-421,2,305,0,0.0,0.41246107982638713
train,2014-421,2,305,1,1.0,0.7525300056838365
train,2014-421,2,305,2,0.0,0.32153104482294054
train,2014-421,2,305,3,0.0,0.4752645155912735
train,2014-421,2,305,4,1.0,0.4862732063607164
train,2014-421,2,305,5,0.0,0.4920443258234169
train,2014-421,2,305,6,0.0,0.41162580629800954
train,2014-421,2,305,7,0.0,0.5574600429178387
train,2014-421,2,305,8,1.0,0.4673481644798302
train,2014-421,2,305,9,1.0,0.6031502181889586
train,2014-421,2,305,10,0.0,0.4894751263727115
train,2014-421,2,305,11,1.0,0.3969345844077985
train,2014-421,2,305,12,0.0,0.52593366104642
train,2014-421,2,305,13,1.0,0.6504475352300803
train,2014-421,2,305,14,0.0,0.3864377506605255
train,2014-421,2,305,15,1.0,0.47979412186837295
train,2014-421,2,305,16,1.0,0.4443258949966797
train,2014-421,2,305,17,0.0,0.5523776551475554
train,2014-421,2,305,18,0.0,0.39220862108431026
train,2014-421,2,305,19,1.0,0.4576248069454685
train,2014-421,2,305,20,1.0,0.5964128338407794
train,2014-421,2,305,21,1.0,0.4069291977757925
train,2014-421,2,305,22,1.0,0.42726154396002625
train,2014-421,2,305,23,0.0,0.5015111375514464
train,2014-421,3,306,0,0.0,0.05822516220752339
train,2014-421,3,306,1,1.0,0.666555652099364
train,2014-421,3,306,2,0.0,0.5161228804402896
train,2014-421,3,306,3,1.0,0.8670728826273413
train,2014-421,3,306,4,1.0,0.7893284325662525
train,2014-421,3,306,5,0.0,0.4834989557815515
train,2014-421,3,306,6,0.0,0.5750043282958642
train,2014-421,3,306,7,0.0,0.3501639210239845
train,2014-421,3,306,8,0.0,0.3508545308510233
train,2014-421,3,306,9,0.0,0.3324038975376932
train,2014-421,3,306,10,0.0,0.19568856070383792
train,2014-421,3,306,11,0.0,0.13165033194990347
train,2014-421,3,306,12,0.0,0.5089398961893842
train,2014-421,3,306,13,0.0,0.3287517574815817
train,2014-421,3,306,14,1.0,0.6447910600850091
train,2014-421,3,306,15,0.0,0.02426869187372249
train,2014-421,4,307,0,1.0,0.04827403797773578
train,2014-421,4,307,1,1.0,0.7893072848053387
train,2014-421,4,307,2,1.0,0.5087154098474549
train,2014-421,4,307,3,0.0,0.43233357443699416
train,2014-421,4,307,4,0.0,0.6779251859830241
train,2014-421,4,307,5,1.0,0.8171044054760705
train,2014-421,4,307,6,0.0,0.11031939739991133
train,2014-421,4,307,7,0.0,0.7761556105004555
train,2014-421,5,308,0,0.0,0.6879771228293602
train,2014-421,5,308,1,0.0,0.4282040362747883
train,2014-421,5,308,2,0.0,0.48854599242861185
train,2014-421,5,308,3,1.0,0.716330672231737
train,2014-421,6,309,0,1.0,0.8916604245925271
train,2014-421,6,309,1,0.0,0.31339970951632445
train,2014-421,7,310,0,0.0,0.7953447661210323
train,2014-422,2,311,0,1.0,0.6011961462798835
train,2014-422,2,311,1,1.0,0.561450130656855
train,2014-422,2,311,2,1.0,0.24172443342604233
train,2014-422,2,311,3,0.0,0.48238440162563784
train,2014-422,2,311,4,0.0,0.4511236127773772
train,2014-422,2,311,5,0.0,0.5365933429898879
train,2014-422,2,311,6,1.0,0.6121151651831727
train,2014-422,2,311,7,0.0,0.5205935919771049
train,2014-422,2,311,8,1.0,0.6005015184232421
train,2014-422,2,311,9,0.0,0.5813838990329656
train,2014-422,2,311,10,0.0,0.46570668962273853
train,2014-422,2,311,11,1.0,0.6412545375745833
train,2014-422,2,311,12,0.0,0.5431044822305536
train,2014-422,2,311,13,0.0,0.5220164902349091
train,2014-422,2,311,14,0.0,0.6159147734219494
train,2014-422,2,311,15,0.0,0.4112673788437146
train,2014-422,2,311,16,0.0,0.5012793198057736
train,2014-422,2,311,17,0.0,0.4867009393044874
train,2014-422,2,311,18,1.0,0.5120710873092651
train,2014-422,2,311,19,0.0,0.541747201236533
train,2014-422,2,311,20,0.0,0.522780635724523
train,2014-422,2,311,21,0.0,0.4330949995072904
train,2014-422,2,311,22,0.0,0.425402967221116
train,2014-422,2,311,23,1.0,0.5186330476511503
train,2014-422,3,312,0,1.0,0.5691192807970447
train,2014-422,3,312,1,1.0,0.5605003363528639
train,2014-422,3,312,2,0.0,0.10452523078653608
train,2014-422,3,312,3,1.0,0.21651223482295665
train,2014-422,3,312,4,0.0,0.51375198721947
train,2014-422,3,312,5,1.0,0.33636401024680707
train,2014-422,3,312,6,1.0,0.6579233471904097
train,2014-422,3,312,7,1.0,0.3927582464559022
train,2014-422,3,312,8,0.0,0.4090643740611156
train,2014-422,3,312,9,1.0,0.9423298023727193
train,2014-422,3,312,10,0.0,0.501553980475481
train,2014-422,3,312,11,1.0,0.8105748303006919
train,2014-422,3,312,12,1.0,0.7557177498619385
train,2014-422,3,312,13,0.0,0.43705592671742344
train,2014-422,3,312,14,0.0,0.44348612807531756
train,2014-422,3,312,15,1.0,0.97270230853135
train,2014-422,4,313,0,0.0,0.9699928638870595
train,2014-422,4,313,1,0.0,0.08304007631467877
train,2014-422,4,313,2,1.0,0.6918472808748688
train,2014-422,4,313,3,0.0,0.34265916268670016
train,2014-422,4,313,4,1.0,0.5491220950481723
train,2014-422,4,313,5,0.0,0.15615621099901866
train,2014-422,4,313,6,1.0,0.7692969625092212
train,2014-422,4,313,7,0.0,0.47953429118018964
train,2014-422,5,314,0,0.0,0.26411942898989593
train,2014-422,5,314,1,0.0,0.7646938160291425
train,2014-422,5,314,2,1.0,0.5789436818109913
train,2014-422,5,314,3,1.0,0.6722393619590791
train,2014-422,6,315,0,0.0,0.19473005688891512
train,2014-422,6,315,1,0.0,0.09234209600861941
train,2014-422,7,316,0,0.0,0.2485623083620359
train,2014-5014,2,324,0,0.0,0.4999999265070519
train,2014-5014,2,324,1,1.0,0.49999990305849157
train,2014-5014,2,324,2,1.0,0.5000000393833738
train,2014-5014,2,324,3,1.0,0.5000001464755287
train,2014-5014,2,324,4,0.0,0.4999994227741362
train,2014-5014,2,324,5,1.0,0.5000001703210415
train,2014-5014,2,324,6,1.0,0.5000000596846667
train,2014-5014,2,324,7,0.0,0.4999999606166261
train,2014-5014,2,324,8,0.0,0.4999999265070519
train,2014-5014,2,324,9,0.0,0.5000000374553181
train,2014-5014,2,324,10,0.0,0.5000000578983796
train,2014-5014,2,324,11,0.0,0.500000062605104
train,2014-5014,2,324,12,1.0,0.5000002082300198
train,2014-5014,2,324,13,0.0,0.4999998942404719
train,2014-5014,2,324,14,0.0,0.500000138252938
train,2014-5014,2,324,15,0.0,0.49999944925654893
train,2014-5014,2,324,16,1.0,0.5000003245371468
train,2014-5014,2,324,17,0.0,0.49999989801152217
train,2014-5014,2,324,18,0.0,0.4999999606166261
train,2014-5014,2,324,19,1.0,0.5
train,2014-5014,2,324,20,0.0,0.500000062605104
train,2014-5014,2,324,21,1.0,0.4999993983615482
train,2014-5014,2,324,22,1.0,0.5000001290946732
train,2014-5014,2,324,23,0.0,0.500000086790862
train,2014-5014,3,325,0,0.0,0.49999997275203584
train,2014-5014,3,325,1,0.0,0.49999977745133095
train,2014-5014,3,325,2,0.0,0.5
train,2014-5014,3,325,3,1.0,0.4999998683251346
train,2014-5014,3,325,4,1.0,0.5
train,2014-5014,3,325,5,0.0,0.49999984311864115
train,2014-5014,3,325,6,0.0,0.49999967534943807
train,2014-5014,3,325,7,0.0,0.499999834839343
train,2014-5014,3,325,8,1.0,0.499999926478698
train,2014-5014,3,325,9,1.0,0.4999999625730357
train,2014-5014,3,325,10,0.0,0.500000122601662
train,2014-5014,3,325,11,0.0,0.5000000374269643
train,2014-5014,3,325,12,0.0,0.5000001343968264
train,2014-5014,3,325,13,0.0,0.5000008071181568
train,2014-5014,3,325,14,0.0,0.4999999625730357
train,2014-5014,3,325,15,1.0,0.4999997665918406
train,2014-5014,4,326,0,1.0,0.5000000626334578
train,2014-5014,4,326,1,1.0,0.4999997932443758
train,2014-5014,4,326,2,1.0,0.4999999266204669
train,2014-5014,4,326,3,1.0,0.4999998717559396
train,2014-5014,4,326,4,1.0,0.49999997394289375
train,2014-5014,4,326,5,1.0,0.49999997394289375
train,2014-5014,4,326,6,1.0,0.500000388077925
train,2014-5014,4,326,7,1.0,0.5000000260571063
train,2014-5014,5,327,0,1.0,0.5000001702926877
train,2014-5014,5,327,1,0.0,0.5
train,2014-5014,5,327,2,1.0,0.49999984311864115
train,2014-5014,5,327,3,0.0,0.49999932665488694
train,2014-5014,6,328,0,1.0,0.499999962658097
train,2014-5014,6,328,1,1.0,0.4999993267115945
train,2014-5014,7,329,0,0.0,0.499999974623384
train,2014-520,1,291,0,0.0,0.4821400524179191
train,2014-520,1,291,1,1.0,0.5928906451330304
train,2014-520,1,291,2,1.0,0.6189511867148594
train,2014-520,1,291,3,0.0,0.4958636984720043
train,2014-520,1,291,4,1.0,0.41827932571165016
train,2014-520,1,291,5,1.0,0.6760098783623223
train,2014-520,1,291,6,0.0,0.4113138687759272
train,2014-520,1,291,7,1.0,0.5353207862292875
train,2014-520,1,291,8,1.0,0.5099994644583798
train,2014-520,1,291,9,1.0,0.5981690183897245
train,2014-520,1,291,10,1.0,0.620736898638296
train,2014-520,1,291,11,0.0,0.4934294481641908
train,2014-520,1,291,12,0.0,0.5029005476718359
train,2014-520,1,291,13,0.0,0.7962585864394323
train,2014-520,1,291,14,1.0,0.867097229256027
train,2014-520,1,291,15,1.0,0.660433611155949
train,2014-520,1,291,16,1.0,0.5310051054396514
train,2014-520,1,291,17,0.0,0.4884876280918857
train,2014-520,1,291,18,1.0,0.4985817101243963
train,2014-520,1,291,19,0.0,0.5086687305315797
train,2014-520,1,291,20,0.0,0.570025839573453
train,2014-520,1,291,21,0.0,0.7051341723725886
train,2014-520,1,291,22,1.0,0.45821066132184124
train,2014-520,1,291,23,0.0,0.49838411753538747
train,2014-520,1,291,24,0.0,0.6888874555330314
train,2014-520,1,291,25,1.0,0.5189652246285006
train,2014-520,1,291,26,0.0,0.48470342696540847
train,2014-520,1,291,27,0.0,0.5042982666463526
train,2014-520,1,291,28,1.0,0.9907001017922942
train,2014-520,1,291,29,1.0,0.9839574290571594
train,2014-520,1,291,30,0.0,0.3852798177714541
train,2014-520,1,291,31,1.0,0.525130191944035
train,2014-520,1,291,32,1.0,0.5706194209749873
train,2014-520,1,291,33,1.0,0.3992746935326253
train,2014-520,1,291,34,1.0,0.8874274590520862
train,2014-520,1,291,35,1.0,0.6094803245859466
train,2014-520,1,291,36,1.0,0.5704367511969475
train,2014-520,1,291,37,0.0,0.44794308079796563
train,2014-520,1,291,38,0.0,0.3984940498027554
train,2014-520,1,291,39,0.0,0.23846887514690726
train,2014-520,1,291,40,1.0,0.3460910265050142
train,2014-520,1,291,41,1.0,0.47973116821896433
train,2014-520,1,291,42,1.0,0.582474261389568
train,2014-520,1,291,43,0.0,0.354855471698445
train,2014-520,1,291,44,0.0,0.5037323272081419
train,2014-520,1,291,45,0.0,0.545103288997592
train,2014-520,1,291,46,1.0,0.6516875747941212
train,2014-520,1,291,47,0.0,0.056871543641132755
train,2014-520,1,291,48,1.0,0.5104984042796756
train,2014-520,1,291,49,0.0,0.42179568106745396
train,2014-520,1,291,50,0.0,0.1803740354516384
train,2014-520,1,291,51,0.0,0.5047490908012704
train,2014-520,1,291,52,1.0,0.5165246704480528
train,2014-520,1,291,53,1.0,0.5458604273446493
train,2014-520,1,291,54,1.0,0.4999998597055913
train,2014-520,1,291,55,0.0,0.5323545054580546
train,2014-520,1,291,56,0.0,0.5453307117220059
train,2014-520,1,291,57,1.0,0.6434434766971491
train,2014-520,1,291,58,0.0,0.3733765998850582
train,2014-520,1,291,59,1.0,0.6475594368971094
train,2014-520,1,291,60,0.0,0.38502128873703434
train,2014-520,1,291,61,1.0,0.4118906848184201
train,2014-520,1,291,62,1.0,0.6049186426467894
train,2014-520,1,291,63,0.0,0.4450598012684701
train,2014-520,2,292,0,1.0,0.4738029213076831
train,2014-520,2,292,1,1.0,0.6113688628699667
train,2014-520,2,292,2,0.0,0.546383123725372
train,2014-520,2,292,3,0.0,0.3755157967478402
train,2014-520,2,292,4,1.0,0.9439576157483368
train,2014-520,2,292,5,0.0,0.4857480633945518
train,2014-520,2,292,6,1.0,0.6469210140190508
train,2014-520,2,292,7,1.0,0.4480014862675405
train,2014-520,2,292,8,1.0,0.5332865253355635
train,2014-520,2,292,9,1.0,0.6890284809249061
train,2014-520,2,292,10,0.0,0.3563726566590432
train,2014-520,2,292,11,0.0,0.345527179314966
train,2014-520,2,292,12,1.0,0.503474068713914
train,2014-520,2,292,13,1.0,0.5553151027935592
train,2014-520,2,292,14,0.0,0.11328242282081753
train,2014-520,2,292,15,1.0,0.5998491725227924
train,2014-520,2,292,16,0.0,0.31587975373873356
train,2014-520,2,292,17,1.0,0.6921795691471853
train,2014-520,2,292,18,1.0,0.5356630290545008
train,2014-520,2,292,19,0.0,0.3924900942115218
train,2014-520,2,292,20,1.0,0.3913517340699532
train,2014-520,2,292,21,1.0,0.5853045181215579
train,2014-520,2,292,22,0.0,0.13519686468504696
train,2014-520,2,292,23,1.0,0.49257798291257116
train,2014-520,2,292,24,0.0,0.41814479939203975
train,2014-520,2,292,25,0.0,0.3579356868123877
train,2014-520,2,292,26,0.0,0.5089631714742392
train,2014-520,2,292,27,1.0,0.5153483921996975
train,2014-520,2,292,28,0.0,0.17885854177943056
train,2014-520,2,292,29,1.0,0.9746513885674347
train,2014-520,2,292,30,0.0,0.5362933049888523
train,2014-520,2,292,31,1.0,0.9895451610632431
train,2014-520,3,293,0,1.0,0.5184041964852043
train,2014-520,3,293,1,1.0,0.4868973596352088
train,2014-520,3,293,2,0.0,0.028048391602847285
train,2014-520,3,293,3,0.0,0.2740682228811287
train,2014-520,3,293,4,1.0,0.5111335214439227
train,2014-520,3,293,5,0.0,0.07532613513980692
train,2014-520,3,293,6,1.0,0.5060728269691229
train,2014-520,3,293,7,0.0,0.5259745867601996
train,2014-520,3,293,8,0.0,0.21479553028232787
train,2014-520,3,293,9,0.0,0.18522623946631958
train,2014-520,3,293,10,1.0,0.47439565210767914
train,2014-520,3,293,11,1.0,0.5182511704816187
train,2014-520,3,293,12,1.0,0.5853905628632513
train,2014-520,3,293,13,0.0,0.1795611827388655
train,2014-520,3,293,14,1.0,0.5219822907097021
train,2014-520,3,293,15,0.0,0.009715476504128667
train,2014-520,4,294,0,1.0,0.9480252792496898
train,2014-520,4,294,1,1.0,0.5814352627878938
train,2014-520,4,294,2,1.0,0.09443939698417142
train,2014-520,4,294,3,0.0,0.27492668369784046
train,2014-520,4,294,4,1.0,0.7962870725569204
train,2014-520,4,294,5,1.0,0.5131296735057093
train,2014-520,4,294,6,0.0,0.16059244434071906
train,2014-520,4,294,7,0.0,0.009442486381269051
train,2014-520,5,295,0,1.0,0.9709391447614084
train,2014-520,5,295,1,0.0,0.7009054873743527
train,2014-520,5,295,2,0.0,0.15224698124295855
train,2014-520,5,295,3,1.0,0.9337536519211058
train,2014-520,6,296,0,1.0,0.9690916252502818
train,2014-520,6,296,1,1.0,0.9216684488157714
train,2014-520,7,297,0,0.0,0.3651374112033224
train,2014-540,1,298,0,1.0,0.9897478218762512
train,2014-540,1,298,1,1.0,0.5063495750233282
train,2014-540,1,298,2,0.0,0.5905046852991653
train,2014-540,1,298,3,0.0,0.3751286963414635
train,2014-540,1,298,4,1.0,0.5054437459895019
train,2014-540,1,298,5,1.0,0.46245180148202164
train,2014-540,1,298,6,0.0,0.36515942018808795
train,2014-540,1,298,7,0.0,0.404059039783205
train,2014-540,1,298,8,1.0,0.4543761863644084
train,2014-540,1,298,9,1.0,0.5096323572171204
train,2014-540,1,298,10,0.0,0.41777540391503365
train,2014-540,1,298,11,1.0,0.5555320803731909
train,2014-540,1,298,12,1.0,0.5012243278045079
train,2014-540,1,298,13,1.0,0.46011405351219753
train,2014-540,1,298,14,0.0,0.10333396525216637
train,2014-540,1,298,15,0.0,0.1952069291896583
train,2014-540,1,298,16,0.0,0.4706603623165903
train,2014-540,1,298,17,1.0,0.5059341267609256
train,2014-540,1,298,18,0.0,0.3919357236265589
train,2014-540,1,298,19,1.0,0.352353616670704
train,2014-540,1,298,20,1.0,0.4962484654422692
train,2014-540,1,298,21,0.0,0.4790112304728189
train,2014-540,1,298,22,0.0,0.3334741362129461
train,2014-540,1,298,23,0.0,0.3264720693121096
train,2014-540,1,298,24,0.0,0.39717700996633876
train,2014-540,1,298,25,0.0,0.498179681510666
train,2014-540,1,298,26,1.0,0.641365926432971
train,2014-540,1,298,27,0.0,0.4896174834705602
train,2014-540,1,298,28,0.0,0.36133322019128716
train,2014-540,1,298,29,0.0,0.35624189905904236
train,2014-540,1,298,30,1.0,0.9817140506008357
train,2014-540,1,298,31,1.0,0.5114053661535273
train,2014-540,1,298,32,1.0,0.4939486992170478
train,2014-540,1,298,33,0.0,0.3759180279593404
train,2014-540,1,298,34,1.0,0.8266238211309525
train,2014-540,1,298,35,1.0,0.8702929147952144
train,2014-540,1,298,36,0.0,0.5566503266091198
train,2014-540,1,298,37,0.0,0.37634905144978226
train,2014-540,1,298,38,0.0,0.5021154961796022
train,2014-540,1,298,39,0.0,0.50526443740948
train,2014-540,1,298,40,0.0,0.29051255322017955
train,2014-540,1,298,41,0.0,0.5006940253333891
train,2014-540,1,298,42,0.0,0.47162448297274023
train,2014-540,1,298,43,0.0,0.34961677822976955
train,2014-540,1,298,44,1.0,0.4041804497887887
train,2014-540,1,298,45,1.0,0.5087816139778877
train,2014-540,1,298,46,0.0,0.48912554358546734
train,2014-540,1,298,47,1.0,0.6553060118977533
train,2014-540,1,298,48,0.0,0.06250243904124154
train,2014-540,1,298,49,1.0,0.6794604251632244
train,2014-540,1,298,50,1.0,0.5500669246383337
train,2014-540,1,298,51,0.0,0.4722639061154968
train,2014-540,1,298,52,1.0,0.4222585915767929
train,2014-540,1,298,53,1.0,0.5062126783615405
train,2014-540,1,298,54,1.0,0.5013519348722768
train,2014-540,1,298,55,1.0,0.4565434136978366
train,2014-540,1,298,56,1.0,0.5258736961208313
train,2014-540,1,298,57,0.0,0.3303064762911643
train,2014-540,1,298,58,1.0,0.5663764317523557
train,2014-540,1,298,59,0.0,0.4077141696436464
train,2014-540,1,298,60,0.0,0.4810430092406843
train,2014-540,1,298,61,1.0,0.6392644172192113
train,2014-540,1,298,62,1.0,0.5267418868211694
train,2014-540,1,298,63,0.0,0.37211478806450254
train,2014-540,2,299,0,1.0,0.49821998687998803
train,2014-540,2,299,1,1.0,0.6686610244110007
train,2014-540,2,299,2,1.0,0.5639483227614913
train,2014-540,2,299,3,1.0,0.47499694806621134
train,2014-540,2,299,4,1.0,0.6242786416478857
train,2014-540,2,299,5,0.0,0.06758667743449907
train,2014-540,2,299,6,0.0,0.6215678140163434
train,2014-540,2,299,7,0.0,0.4872927077094462
train,2014-540,2,299,8,0.0,0.6454175223747521
train,2014-540,2,299,9,1.0,0.6944067398474058
train,2014-540,2,299,10,0.0,0.7052276134302137
train,2014-540,2,299,11,0.0,0.42930707403889423
train,2014-540,2,299,12,1.0,0.6448836342344048
train,2014-540,2,299,13,0.0,0.17768788896966203
train,2014-540,2,299,14,0.0,0.4504983662354826
train,2014-540,2,299,15,1.0,0.4335204192462727
train,2014-540,2,299,16,1.0,0.6470161087245659
train,2014-540,2,299,17,0.0,0.40637361494343255
train,2014-540,2,299,18,0.0,0.44253763278673214
train,2014-540,2,299,19,1.0,0.5049713519385085
train,2014-540,2,299,20,0.0,0.09996783407872349
train,2014-540,2,299,21,0.0,0.21115526446119545
train,2014-540,2,299,22,0.0,0.35666264251078156
train,2014-540,2,299,23,0.0,0.4420499590318459
train,2014-540,2,299,24,0.0,0.6364337512675534
train,2014-540,2,299,25,0.0,0.30829202274888107
train,2014-540,2,299,26,0.0,0.6487663608199161
train,2014-540,2,299,27,1.0,0.5983623146362994
train,2014-540,2,299,28,1.0,0.12958601084714377
train,2014-540,2,299,29,1.0,0.9903814533070837
train,2014-540,2,299,30,1.0,0.969756892052959
train,2014-540,2,299,31,1.0,0.5940791732975016
train,2014-540,3,300,0,0.0,0.47599319297884335
train,2014-540,3,300,1,0.0,0.2286254596092486
train,2014-540,3,300,2,0.0,0.008794832962542678
train,2014-540,3,300,3,1.0,0.5074304605622162
train,2014-540,3,300,4,1.0,0.6615774931617943
train,2014-540,3,300,5,0.0,0.36027024566218696
train,2014-540,3,300,6,0.0,0.08644609343527104
train,2014-540,3,300,7,0.0,0.4255824529601749
train,2014-540,3,300,8,0.0,0.45730721174009686
train,2014-540,3,300,9,1.0,0.7880256971017654
train,2014-540,3,300,10,0.0,0.5067576003439582
train,2014-540,3,300,11,0.0,0.5079588054531619
train,2014-540,3,300,12,0.0,0.12444818745468689
train,2014-540,3,300,13,0.0,0.7040862385752206
train,2014-540,3,300,14,0.0,0.4250560744848366
train,2014-540,3,300,15,1.0,0.9713370855856149
train,2014-540,4,301,0,0.0,0.9910881067471902
train,2014-540,4,301,1,1.0,0.45805270890423294
train,2014-540,4,301,2,1.0,0.8906401864585389
train,2014-540,4,301,3,1.0,0.7150092143616225
train,2014-540,4,301,4,0.0,0.37273048189894176
train,2014-540,4,301,5,0.0,0.13695920681695106
train,2014-540,4,301,6,1.0,0.5420614480854835
train,2014-540,4,301,7,1.0,0.9456620702248058
train,2014-540,5,302,0,0.0,0.4004435999471661
train,2014-540,5,302,1,1.0,0.7412655642193753
train,2014-540,5,302,2,0.0,0.8287302888057847
train,2014-540,5,302,3,0.0,0.031713298193146375
train,2014-540,6,303,0,0.0,0.11220648236562335
train,2014-540,6,303,1,0.0,0.0323090057302797
train,2014-540,7,304,0,1.0,0.7940610957443459
train,2014-560,1,317,0,0.0,0.40608927486606544
train,2014-560,1,317,1,1.0,0.4611753674583196
train,2014-560,1,317,2,0.0,0.5491024811394898
train,2014-560,1,317,3,1.0,0.5278742964547538
train,2014-560,1,317,4,1.0,0.48335288183023684
train,2014-560,1,317,5,1.0,0.5266692024623192
train,2014-560,1,317,6,1.0,0.687437396974206
train,2014-560,1,317,7,0.0,0.3160141268478525
train,2014-560,1,317,8,0.0,0.49623019077603586
train,2014-560,1,317,9,1.0,0.5538264342605416
train,2014-560,1,317,10,1.0,0.4018021317763791
train,2014-560,1,317,11,1.0,0.5859290942370728
train,2014-560,1,317,12,0.0,0.5110293641669295
train,2014-560,1,317,13,1.0,0.5007008908996858
train,2014-560,1,317,14,1.0,0.8258394044428902
train,2014-560,1,317,15,0.0,0.11372355797603377
train,2014-560,1,317,16,1.0,0.3621177092390652
train,2014-560,1,317,17,0.0,0.31763273589626717
train,2014-560,1,317,18,0.0,0.5791065645973128
train,2014-560,1,317,19,0.0,0.49600965898195304
train,2014-560,1,317,20,0.0,0.5009902125205525
train,2014-560,1,317,21,0.0,0.22324248891849863
train,2014-560,1,317,22,1.0,0.6261919141260552
train,2014-560,1,317,23,0.0,0.5032530368837715
train,2014-560,1,317,24,0.0,0.46580910079841215
train,2014-560,1,317,25,1.0,0.6682098902472751
train,2014-560,1,317,26,0.0,0.461748165196913
train,2014-560,1,317,27,0.0,0.40540385722166955
train,2014-560,1,317,28,0.0,0.48515531430955455
train,2014-560,1,317,29,0.0,0.016329325542331265
train,2014-560,1,317,30,1.0,0.9466083931528522
train,2014-560,1,317,31,1.0,0.48366612877444604
train,2014-560,1,317,32,0.0,0.5236039212659703
train,2014-560,1,317,33,1.0,0.5267990705150101
train,2014-560,1,317,34,1.0,0.7348519066742821
train,2014-560,1,317,35,0.0,0.325785327189426
train,2014-560,1,317,36,1.0,0.46497317166794877
train,2014-560,1,317,37,1.0,0.5050717454270931
train,2014-560,1,317,38,1.0,0.5536824638036631
train,2014-560,1,317,39,0.0,0.5020573536090934
train,2014-560,1,317,40,0.0,0.48255851446370696
train,2014-560,1,317,41,0.0,0.4261360231499581
train,2014-560,1,317,42,0.0,0.36406548416884066
train,2014-560,1,317,43,0.0,0.4957228964053529
train,2014-560,1,317,44,0.0,0.37481453712453716
train,2014-560,1,317,45,1.0,0.5045088398151917
train,2014-560,1,317,46,1.0,0.5096271511301282
train,2014-560,1,317,47,1.0,0.49256600938079614
train,2014-560,1,317,48,1.0,0.660274913940628
train,2014-560,1,317,49,0.0,0.5650623970188924
train,2014-560,1,317,50,1.0,0.4907407702549384
train,2014-560,1,317,51,1.0,0.5217854823290152
train,2014-560,1,317,52,0.0,0.12749742439368708
train,2014-560,1,317,53,1.0,0.4577909882625701
train,2014-560,1,317,54,0.0,0.5141411269648146
train,2014-560,1,317,55,1.0,0.6526351628782896
train,2014-560,1,317,56,0.0,0.3960851919200279
train,2014-560,1,317,57,0.0,0.473223475008348
train,2014-560,1,317,58,0.0,0.4281990955956981
train,2014-560,1,317,59,1.0,0.6002317079301627
train,2014-560,1,317,60,0.0,0.363479078962445
train,2014-560,1,317,61,1.0,0.5381799546376833
train,2014-560,1,317,62,0.0,0.5312692613555395
train,2014-560,1,317,63,0.0,0.5017339934929589
train,2014-560,2,318,0,1.0,0.3637579113087424
train,2014-560,2,318,1,0.0,0.3166017155999634
train,2014-560,2,318,2,1.0,0.5248392403593297
train,2014-560,2,318,3,0.0,0.3987662358149637
train,2014-560,2,318,4,1.0,0.8541188868016802
train,2014-560,2,318,5,1.0,0.4227539119867861
train,2014-560,2,318,6,0.0,0.507413793585219
train,2014-560,2,318,7,1.0,0.6226886573682391
train,2014-560,2,318,8,1.0,0.6957986800108968
train,2014-560,2,318,9,0.0,0.44358355332555754
train,2014-560,2,318,10,1.0,0.6824584167397799
train,2014-560,2,318,11,0.0,0.3385464315398072
train,2014-560,2,318,12,0.0,0.45804557351275293
train,2014-560,2,318,13,0.0,0.6596210827337265
train,2014-560,2,318,14,0.0,0.3328668108529981
train,2014-560,2,318,15,1.0,0.5038156562049063
train,2014-560,2,318,16,1.0,0.560771154038624
train,2014-560,2,318,17,0.0,0.35222819038919845
train,2014-560,2,318,18,0.0,0.3271334554850416
train,2014-560,2,318,19,1.0,0.46774392900969675
train,2014-560,2,318,20,0.0,0.6110375547974872
train,2014-560,2,318,21,1.0,0.7970923841045997
train,2014-560,2,318,22,1.0,0.8978042762159817
train,2014-560,2,318,23,1.0,0.5151069660845192
train,2014-560,2,318,24,0.0,0.5441325365055321
train,2014-560,2,318,25,0.0,0.15691597203171473
train,2014-560,2,318,26,0.0,0.38690198836578166
train,2014-560,2,318,27,0.0,0.3891334554688089
train,2014-560,2,318,28,0.0,0.2337293922726776
train,2014-560,2,318,29,0.0,0.041884657012394924
train,2014-560,2,318,30,0.0,0.490731392690107
train,2014-560,2,318,31,0.0,0.01942104475845023
train,2014-560,3,319,0,1.0,0.20353339374123722
train,2014-560,3,319,1,1.0,0.5528620488760813
train,2014-560,3,319,2,0.0,0.05812564075925292
train,2014-560,3,319,3,1.0,0.5319523091827207
train,2014-560,3,319,4,0.0,0.5829038437158747
train,2014-560,3,319,5,1.0,0.6636190478944082
train,2014-560,3,319,6,0.0,0.41871493293152917
train,2014-560,3,319,7,1.0,0.35369993354106766
train,2014-560,3,319,8,0.0,0.22251158129399667
train,2014-560,3,319,9,1.0,0.6707734935577178
train,2014-560,3,319,10,1.0,0.6301913883350212
train,2014-560,3,319,11,0.0,0.3623029251314418
train,2014-560,3,319,12,0.0,0.1794775511604923
train,2014-560,3,319,13,0.0,0.11445948965916108
train,2014-560,3,319,14,0.0,0.16367373730603554
train,2014-560,3,319,15,0.0,0.025195014463952507
train,2014-560,4,320,0,1.0,0.9473767253818799
train,2014-560,4,320,1,1.0,0.4571901260079158
train,2014-560,4,320,2,1.0,0.5313294774045719
train,2014-560,4,320,3,1.0,0.7706988119816832
train,2014-560,4,320,4,1.0,0.5179581205569891
train,2014-560,4,320,5,1.0,0.6660828446793091
train,2014-560,4,320,6,1.0,0.6295134327706586
train,2014-560,4,320,7,0.0,0.03493920810299704
train,2014-560,5,321,0,0.0,0.07249664272688046
train,2014-560,5,321,1,1.0,0.3531196667254648
train,2014-560,5,321,2,1.0,0.31240028754143756
train,2014-560,5,321,3,0.0,0.13945075530615553
train,2014-560,6,322,0,1.0,0.09472409704961206
train,2014-560,6,322,1,0.0,0.9626014926717857
train,2014-560,7,323,0,1.0,0.47923700757718013
train,2014-580,1,252,0,0.0,0.47887625594921973
train,2014-580,1,252,1,1.0,0.4841153698193651
train,2014-580,1,252,2,0.0,0.3507113393467232
train,2014-580,1,252,3,0.0,0.41726290661009274
train,2014-580,1,252,4,1.0,0.542337236556445
train,2014-580,1,252,5,1.0,0.7702954104716214
train,2014-580,1,252,6,1.0,0.3698285322804208
train,2014-580,1,252,7,1.0,0.45024288101482035
train,2014-580,1,252,8,1.0,0.5000028925224269
train,2014-580,1,252,9,0.0,0.4941677670829978
train,2014-580,1,252,10,1.0,0.6286261540451886
train,2014-580,1,252,11,1.0,0.42622450764773984
train,2014-580,1,252,12,1.0,0.4982803765887207
train,2014-580,1,252,13,1.0,0.9222308588797746
train,2014-580,1,252,14,1.0,0.7295645009658933
train,2014-580,1,252,15,0.0,0.2880446959615986
train,2014-580,1,252,16,0.0,0.4894808381456735
train,2014-580,1,252,17,1.0,0.5442897772592336
train,2014-580,1,252,18,1.0,0.5887399463572768
train,2014-580,1,252,19,1.0,0.5277199932505938
train,2014-580,1,252,20,1.0,0.5225956355502605
train,2014-580,1,252,21,1.0,0.6074217589828834
train,2014-580,1,252,22,0.0,0.43369486891832876
train,2014-580,1,252,23,1.0,0.5011762199154703
train,2014-580,1,252,24,1.0,0.4793971744965431
train,2014-580,1,252,25,1.0,0.475782572269184
train,2014-580,1,252,26,0.0,0.3772383960279141
train,2014-580,1,252,27,1.0,0.4912460018030095
train,2014-580,1,252,28,1.0,0.9892989613465978
train,2014-580,1,252,29,0.0,0.018311151317789275
train,2014-580,1,252,30,0.0,0.5239753176403549
train,2014-580,1,252,31,0.0,0.5448769814705032
train,2014-580,1,252,32,1.0,0.4838610259477412
train,2014-580,1,252,33,1.0,0.9474724427818887
train,2014-580,1,252,34,1.0,0.3748179116941065
train,2014-580,1,252,35,1.0,0.4623785433655017
train,2014-580,1,252,36,1.0,0.4983144123888292
train,2014-580,1,252,37,1.0,0.5834624082121542
train,2014-580,1,252,38,1.0,0.5519355796858988
train,2014-580,1,252,39,0.0,0.4506519085447358
train,2014-580,1,252,40,0.0,0.26275628718179384
train,2014-580,1,252,41,0.0,0.372740718681651
train,2014-580,1,252,42,0.0,0.41163899802831405
train,2014-580,1,252,43,0.0,0.3948443126104921
train,2014-580,1,252,44,1.0,0.545514126363382
train,2014-580,1,252,45,1.0,0.4335609907852614
train,2014-580,1,252,46,0.0,0.2542728759426246
train,2014-580,1,252,47,0.0,0.1330200279512797
train,2014-580,1,252,48,0.0,0.427824868402298
train,2014-580,1,252,49,0.0,0.43839861093268095
train,2014-580,1,252,50,1.0,0.8374179502617409
train,2014-580,1,252,51,0.0,0.48812140817545147
train,2014-580,1,252,52,1.0,0.4940118205087344
train,2014-580,1,252,53,1.0,0.5947198677013076
train,2014-580,1,252,54,0.0,0.5056655901842746
train,2014-580,1,252,55,1.0,0.49597654074067704
train,2014-580,1,252,56,0.0,0.46606898329271335
train,2014-580,1,252,57,0.0,0.32264607057601297
train,2014-580,1,252,58,1.0,0.5793049872656878
train,2014-580,1,252,59,0.0,0.49556641457451783
train,2014-580,1,252,60,1.0,0.5862728153298756
train,2014-580,1,252,61,0.0,0.41366486731535995
train,2014-580,1,252,62,0.0,0.6760622496795641
train,2014-580,1,252,63,1.0,0.519822000868713
train,2014-580,2,253,0,1.0,0.548970420249008
train,2014-580,2,253,1,0.0,0.4054732377368692
train,2014-580,2,253,2,0.0,0.5537281961087354
train,2014-580,2,253,3,0.0,0.6009518932282676
train,2014-580,2,253,4,1.0,0.5192196957351861
train,2014-580,2,253,5,0.0,0.46287940490436263
train,2014-580,2,253,6,1.0,0.7312592414466498
train,2014-580,2,253,7,0.0,0.4586303936850318
train,2014-580,2,253,8,0.0,0.437423603019679
train,2014-580,2,253,9,1.0,0.608054374518684
train,2014-580,2,253,10,1.0,0.39866191572824766
train,2014-580,2,253,11,1.0,0.8558801619514921
train,2014-580,2,253,12,1.0,0.8309285850440472
train,2014-580,2,253,13,1.0,0.627922168885789
train,2014-580,2,253,14,1.0,0.2948153504144641
train,2014-580,2,253,15,0.0,0.4968162468564456
train,2014-580,2,253,16,0.0,0.25328717091157293
train,2014-580,2,253,17,1.0,0.5240727525126753
train,2014-580,2,253,18,1.0,0.5026968041594676
train,2014-580,2,253,19,1.0,0.6173159118449685
train,2014-580,2,253,20,1.0,0.9221144664319803
train,2014-580,2,253,21,1.0,0.2815947810709878
train,2014-580,2,253,22,0.0,0.44875739673161286
train,2014-580,2,253,23,1.0,0.5615804084454467
train,2014-580,2,253,24,1.0,0.4624051759314293
train,2014-580,2,253,25,1.0,0.5979841232556231
train,2014-580,2,253,26,1.0,0.4098757805904944
train,2014-580,2,253,27,1.0,0.9430783523775839
train,2014-580,2,253,28,0.0,0.5155031243649266
train,2014-580,2,253,29,1.0,0.6293976859992779
train,2014-580,2,253,30,0.0,0.019474817614111968
train,2014-580,2,253,31,1.0,0.9910938615642755
train,2014-580,3,254,0,0.0,0.2721911279794076
train,2014-580,3,254,1,1.0,0.9842201424431447
train,2014-580,3,254,2,1.0,0.9762636354185148
train,2014-580,3,254,3,0.0,0.5055505251392934
train,2014-580,3,254,4,1.0,0.39044381393482824
train,2014-580,3,254,5,0.0,0.18067872172391994
train,2014-580,3,254,6,0.0,0.4942902521661566
train,2014-580,3,254,7,0.0,0.4211466453946968
train,2014-580,3,254,8,0.0,0.16633530027819302
train,2014-580,3,254,9,1.0,0.9421204131536361
train,2014-580,3,254,10,1.0,0.6392756655084363
train,2014-580,3,254,11,1.0,0.48181647106957126
train,2014-580,3,254,12,0.0,0.1281482649254073
train,2014-580,3,254,13,0.0,0.527744811720518
train,2014-580,3,254,14,1.0,0.43933486728071897
train,2014-580,3,254,15,0.0,0.4183890934448416
train,2014-580,4,255,0,1.0,0.9715927120248183
train,2014-580,4,255,1,0.0,0.3821158739244594
train,2014-580,4,255,2,0.0,0.18366161383520233
train,2014-580,4,255,3,1.0,0.7762846993127019
train,2014-580,4,255,4,0.0,0.1791336461067571
train,2014-580,4,255,5,0.0,0.07964549463001167
train,2014-580,4,255,6,0.0,0.4311749928330257
train,2014-580,4,255,7,1.0,0.9866155791377762
train,2014-580,5,256,0,0.0,0.9417634500990913
train,2014-580,5,256,1,0.0,0.5652311905818296
train,2014-580,5,256,2,0.0,0.39146954463839584
train,2014-580,5,256,3,1.0,0.9864394722737251
train,2014-580,6,257,0,0.0,0.5767944621891459
train,2014-580,6,257,1,1.0,0.8428733780059828
train,2014-580,7,258,0,0.0,0.965034357359598
train,2015-1536,2,363,0,0.0,0.5822105986083755
train,2015-1536,2,363,1,0.0,0.4677461119732146
train,2015-1536,2,363,2,1.0,0.4508324704238381
train,2015-1536,2,363,3,0.0,0.40020039967513565
train,2015-1536,2,363,4,1.0,0.7658354998738393
train,2015-1536,2,363,5,0.0,0.5616997126910943
train,2015-1536,2,363,6,1.0,0.6308565927156351
train,2015-1536,2,363,7,1.0,0.501991909211928
train,2015-1536,2,363,8,1.0,0.45922462190085134
train,2015-1536,2,363,9,1.0,0.6627513409315386
train,2015-1536,2,363,10,0.0,0.3771840341652008
train,2015-1536,2,363,11,1.0,0.4411504238993931
train,2015-1536,2,363,12,0.0,0.4822171002306273
train,2015-1536,2,363,13,1.0,0.7119222213856234
train,2015-1536,2,363,14,1.0,0.6299788428279195
train,2015-1536,2,363,15,0.0,0.34706150208307956
train,2015-1536,2,363,16,0.0,0.3569942673828127
train,2015-1536,2,363,17,0.0,0.47304895090538945
train,2015-1536,2,363,18,0.0,0.48010532689381574
train,2015-1536,2,363,19,0.0,0.521390140885889
train,2015-1536,2,363,20,1.0,0.3850676116891176
train,2015-1536,2,363,21,0.0,0.4120272193472458
train,2015-1536,2,363,22,1.0,0.5717808074807631
train,2015-1536,2,363,23,0.0,0.369523519411181
train,2015-1536,3,364,0,0.0,0.16401056303577694
train,2015-1536,3,364,1,0.0,0.6102576220877142
train,2015-1536,3,364,2,1.0,0.3823664311219447
train,2015-1536,3,364,3,1.0,0.5816172652079136
train,2015-1536,3,364,4,0.0,0.2519189655829626
train,2015-1536,3,364,5,1.0,0.49106719044006103
train,2015-1536,3,364,6,0.0,0.49503664847627166
train,2015-1536,3,364,7,0.0,0.15272269851700884
train,2015-1536,3,364,8,1.0,0.7915103725264818
train,2015-1536,3,364,9,1.0,0.48422366778547493
train,2015-1536,3,364,10,1.0,0.5494898930914308
train,2015-1536,3,364,11,1.0,0.9843063507307811
train,2015-1536,3,364,12,0.0,0.2198227543746474
train,2015-1536,3,364,13,0.0,0.28262733357448766
train,2015-1536,3,364,14,0.0,0.4116019054001456
train,2015-1536,3,364,15,0.0,0.9254246247715914
train,2015-1536,4,365,0,0.0,0.4469918949980419
train,2015-1536,4,365,1,1.0,0.5908188124087228
train,2015-1536,4,365,2,0.0,0.6510117429104799
train,2015-1536,4,365,3,0.0,0.29911093467353417
train,2015-1536,4,365,4,1.0,0.7018784055714897
train,2015-1536,4,365,5,1.0,0.6579368211088978
train,2015-1536,4,365,6,0.0,0.12599348967302743
train,2015-1536,4,365,7,1.0,0.9813443501026023
train,2015-1536,5,366,0,1.0,0.3340006843718147
train,2015-1536,5,366,1,0.0,0.2348098792075229
train,2015-1536,5,366,2,1.0,0.9643029116409131
train,2015-1536,5,366,3,1.0,0.8133167989497976
train,2015-1536,6,367,0,1.0,0.9140698827699227
train,2015-1536,6,367,1,1.0,0.7502381267676421
train,2015-1536,7,368,0,0.0,0.8601313936650571
train,2015-352,2,414,0,1.0,0.5090094607038586
train,2015-352,2,414,1,0.0,0.5878585389855878
train,2015-352,2,414,2,0.0,0.4297556643546585
train,2015-352,2,414,3,1.0,0.41673192849382257
train,2015-352,2,414,4,0.0,0.635153431324891
train,2015-352,2,414,5,0.0,0.46835257157621646
train,2015-352,2,414,6,1.0,0.5214625225798749
train,2015-352,2,414,7,0.0,0.5381834328631645
train,2015-352,2,414,8,1.0,0.6690041545625987
train,2015-352,2,414,9,1.0,0.6197334376668113
train,2015-352,2,414,10,1.0,0.6138442538501134
train,2015-352,2,414,11,0.0,0.5652935496144554
train,2015-352,2,414,12,1.0,0.44807644367068306
train,2015-352,2,414,13,0.0,0.5001541647234427
train,2015-352,2,414,14,0.0,0.39318314760695217
train,2015-352,2,414,15,0.0,0.6919970326231693
train,2015-352,3,415,0,1.0,0.6212171663637571
train,2015-352,3,415,1,1.0,0.9349990568297313
train,2015-352,3,415,2,0.0,0.5228797348957603
train,2015-352,3,415,3,0.0,0.3396652496590453
train,2015-352,3,415,4,1.0,0.673736049715777
train,2015-352,3,415,5,0.0,0.4287185279920125
train,2015-352,3,415,6,0.0,0.06742663019317673
train,2015-352,3,415,7,0.0,0.27008634234205653
train,2015-352,3,415,8,0.0,0.029738165999720494
train,2015-352,3,415,9,1.0,0.36867577695645287
train,2015-352,3,415,10,0.0,0.38318936367441003
train,2015-352,3,415,11,0.0,0.17932400084476102
train,2015-352,3,415,12,0.0,0.1812532739904305
train,2015-352,3,415,13,0.0,0.42173918285808104
train,2015-352,3,415,14,1.0,0.9882810754450218
train,2015-352,3,415,15,1.0,0.738419354722331
train,2015-352,4,416,0,0.0,0.43733847373374424
train,2015-352,4,416,1,1.0,0.9810400565566367
train,2015-352,4,416,2,1.0,0.807124812415454
train,2015-352,4,416,3,1.0,0.06714933566375518
train,2015-352,4,416,4,0.0,0.5653006415749748
train,2015-352,4,416,5,0.0,0.08278250234751393
train,2015-352,4,416,6,1.0,0.9514948376669714
train,2015-352,4,416,7,1.0,0.685905289313907
train,2015-352,5,417,0,1.0,0.9512590988512066
train,2015-352,5,417,1,1.0,0.1231328483585093
train,2015-352,5,417,2,1.0,0.7043828801930846
train,2015-352,5,417,3,0.0,0.15013687357656721
train,2015-352,6,418,0,0.0,0.05932251174369317
train,2015-352,6,418,1,0.0,0.2454019627617033
train,2015-352,7,419,0,1.0,0.874386016915668
train,2015-403,1,350,0,1.0,0.5414078671605886
train,2015-403,1,350,1,0.0,0.48534744627916837
train,2015-403,1,350,2,1.0,0.5177069349053395
train,2015-403,1,350,3,1.0,0.5088450214073247
train,2015-403,1,350,4,1.0,0.4948250155341005
train,2015-403,1,350,5,1.0,0.5958921389346088
train,2015-403,1,350,6,0.0,0.5086761864610747
train,2015-403,1,350,7,1.0,0.3563277054852834
train,2015-403,1,350,8,1.0,0.5448552911159372
train,2015-403,1,350,9,1.0,0.5960212738398654
train,2015-403,1,350,10,0.0,0.514337909278677
train,2015-403,1,350,11,1.0,0.5285165900173571
train,2015-403,1,350,12,1.0,0.5073233325292966
train,2015-403,1,350,13,1.0,0.5214292036740692
train,2015-403,1,350,14,0.0,0.4993396805349534
train,2015-403,1,350,15,1.0,0.5929849348312771
train,2015-403,1,350,16,0.0,0.5400210673519922
train,2015-403,1,350,17,0.0,0.4766530122398676
train,2015-403,1,350,18,1.0,0.5383733296640745
train,2015-403,1,350,19,0.0,0.37253535317604
train,2015-403,1,350,20,0.0,0.4953662258124934
train,2015-403,1,350,21,0.0,0.5413982398190128
train,2015-403,1,350,22,0.0,0.5232990533028146
train,2015-403,1,350,23,0.0,0.4682445428930744
train,2015-403,1,350,24,0.0,0.39665235936758214
train,2015-403,1,350,25,0.0,0.5010469458922356
train,2015-403,1,350,26,1.0,0.4735576265306094
train,2015-403,1,350,27,1.0,0.6050264550406123
train,2015-403,1,350,28,1.0,0.5026689114399363
train,2015-403,1,350,29,1.0,0.4978051542328459
train,2015-403,1,350,30,0.0,0.557249875395101
train,2015-403,1,350,31,1.0,0.42789624157220896
train,2015-403,2,351,0,1.0,0.6878530551684074
train,2015-403,2,351,1,0.0,0.0245339723035739
train,2015-403,2,351,2,0.0,0.43069630326208974
train,2015-403,2,351,3,0.0,0.5416220792146665
train,2015-403,2,351,4,0.0,0.4602915370191318
train,2015-403,2,351,5,1.0,0.6318501102501737
train,2015-403,2,351,6,1.0,0.5417699458706234
train,2015-403,2,351,7,0.0,0.16344037063865663
train,2015-403,2,351,8,0.0,0.09964426649751008
train,2015-403,2,351,9,1.0,0.4927676560489768
train,2015-403,2,351,10,0.0,0.4705490572239424
train,2015-403,2,351,11,1.0,0.36422446232969363
train,2015-403,2,351,12,0.0,0.6306637503327813
train,2015-403,2,351,13,1.0,0.48940232735586275
train,2015-403,2,351,14,0.0,0.18607540188501542
train,2015-403,2,351,15,1.0,0.812838321672524
train,2015-403,2,351,16,1.0,0.6711603054034738
train,2015-403,2,351,17,1.0,0.6139191714792342
train,2015-403,2,351,18,1.0,0.49781329364742105
train,2015-403,2,351,19,1.0,0.612334379880894
train,2015-403,2,351,20,1.0,0.5183937401863411
train,2015-403,2,351,21,0.0,0.48991766167248024
train,2015-403,2,351,22,0.0,0.49451440432244836
train,2015-403,2,351,23,0.0,0.3568575174697029
train,2015-403,2,351,24,0.0,0.4658922788125161
train,2015-403,2,351,25,1.0,0.47190297224713157
train,2015-403,2,351,26,1.0,0.6421792603236286
train,2015-403,2,351,27,0.0,0.5882053637261486
train,2015-403,2,351,28,0.0,0.15036391707212385
train,2015-403,2,351,29,1.0,0.4998467271014905
train,2015-403,2,351,30,1.0,0.9836890876362397
train,2015-403,2,351,31,1.0,0.5376729420443794
train,2015-403,3,352,0,1.0,0.9846462006803895
train,2015-403,3,352,1,0.0,0.5677246267120798
train,2015-403,3,352,2,1.0,0.6222542188472153
train,2015-403,3,352,3,1.0,0.8458320242430836
train,2015-403,3,352,4,0.0,0.26656177391835767
train,2015-403,3,352,5,0.0,0.44469091619862916
train,2015-403,3,352,6,1.0,0.45395253054398216
train,2015-403,3,352,7,1.0,0.1935458659797252
train,2015-403,3,352,8,0.0,0.9709519221762276
train,2015-403,3,352,9,1.0,0.5326872253390703
train,2015-403,3,352,10,1.0,0.2856318752173065
train,2015-403,3,352,11,1.0,0.8130956283895447
train,2015-403,3,352,12,0.0,0.12069979880208716
train,2015-403,3,352,13,0.0,0.41860750842066735
train,2015-403,3,352,14,1.0,0.528227793769018
train,2015-403,3,352,15,0.0,0.3962990218485203
train,2015-403,4,353,0,0.0,0.2655361072891086
train,2015-403,4,353,1,1.0,0.8500212463011017
train,2015-403,4,353,2,1.0,0.5043829958147016
train,2015-403,4,353,3,1.0,0.4030297272768382
train,2015-403,4,353,4,1.0,0.7616516791657756
train,2015-403,4,353,5,0.0,0.22550152347353264
train,2015-403,4,353,6,1.0,0.9781610439775191
train,2015-403,4,353,7,0.0,0.633379921666729
train,2015-403,5,354,0,1.0,0.7612449756338675
train,2015-403,5,354,1,1.0,0.8897611203026784
train,2015-403,5,354,2,0.0,0.6652131788096541
train,2015-403,5,354,3,1.0,0.9130615705425332
train,2015-403,6,355,0,0.0,0.3556807028843714
train,2015-403,6,355,1,0.0,0.02356840037396907
train,2015-403,7,356,0,0.0,0.12273727464042274
train,2015-404,1,343,0,1.0,0.5000001617014982
train,2015-404,1,343,1,1.0,0.4999998037352673
train,2015-404,1,343,2,0.0,0.5000000646465748
train,2015-404,1,343,3,0.0,0.5000006731466367
train,2015-404,1,343,4,0.0,0.5000000374836718
train,2015-404,1,343,5,1.0,0.4999999743682002
train,2015-404,1,343,6,0.0,0.4999994764478056
train,2015-404,1,343,7,1.0,0.4999998912066196
train,2015-404,1,343,8,0.0,0.5000000921497229
train,2015-404,1,343,9,0.0,0.4999999353534252
train,2015-404,1,343,10,1.0,0.49999995820655657
train,2015-404,1,343,11,1.0,0.4999999743682002
train,2015-404,1,343,12,0.0,0.5000000244976494
train,2015-404,1,343,13,0.0,0.5
train,2015-404,1,343,14,0.0,0.5
train,2015-404,1,343,15,1.0,0.5000007168397822
train,2015-404,1,343,16,1.0,0.5000005048387122
train,2015-404,1,343,17,1.0,0.5000005507718048
train,2015-404,1,343,18,0.0,0.5000007585481644
train,2015-404,1,343,19,1.0,0.5000001225733083
train,2015-404,1,343,20,0.0,0.4999991472889958
train,2015-404,1,343,21,0.0,0.5000000967713859
train,2015-404,1,343,22,0.0,0.4999999265921131
train,2015-404,1,343,23,0.0,0.4999994354766212
train,2015-404,1,343,24,0.0,0.5000005285991639
train,2015-404,1,343,25,0.0,0.5000004131142958
train,2015-404,1,343,26,0.0,0.4999998208042314
train,2015-404,1,343,27,0.0,0.4999998617754158
train,2015-404,1,343,28,1.0,0.4999993519464417
train,2015-404,1,343,29,1.0,0.49999994346260085
train,2015-404,1,343,30,0.0,0.5000000363495214
train,2015-404,1,343,31,0.0,0.49999926110099197
train,2015-404,2,344,0,1.0,0.49999938188801313
train,2015-404,2,344,1,1.0,0.50000020536629
train,2015-404,2,344,2,0.0,0.5000000922064304
train,2015-404,2,344,3,0.0,0.5000000258019224
train,2015-404,2,344,4,1.0,0.5000005470858159
train,2015-404,2,344,5,1.0,0.4999997775080385
train,2015-404,2,344,6,0.0,0.5000005772258637
train,2015-404,2,344,7,0.0,0.49999990110208214
train,2015-404,2,344,8,1.0,0.5000005644383175
train,2015-404,2,344,9,1.0,0.5000007168114284
train,2015-404,2,344,10,0.0,0.5000000258019224
train,2015-404,2,344,11,1.0,0.4999999762395484
train,2015-404,2,344,12,0.0,0.5
train,2015-404,2,344,13,1.0,0.5000000348184184
train,2015-404,2,344,14,1.0,0.49999989801152217
train,2015-404,2,344,15,1.0,0.5000001568530051
train,2015-404,2,344,16,0.0,0.49999990597892896
train,2015-404,2,344,17,1.0,0.500000673345113
train,2015-404,2,344,18,1.0,0.4999999083322912
train,2015-404,2,344,19,1.0,0.5000006480252046
train,2015-404,2,344,20,1.0,0.5000000614425998
train,2015-404,2,344,21,0.0,0.49999933493418514
train,2015-404,2,344,22,1.0,0.5000000415949671
train,2015-404,2,344,23,1.0,0.4999999762395484
train,2015-404,2,344,24,1.0,0.49999989253924637
train,2015-404,2,344,25,0.0,0.49999994031533335
train,2015-404,2,344,26,0.0,0.5000001537057377
train,2015-404,2,344,27,1.0,0.49999951636990086
train,2015-404,2,344,28,0.0,0.5000003422866012
train,2015-404,2,344,29,1.0,0.4999993148030149
train,2015-404,2,344,30,1.0,0.500000062605104
train,2015-404,2,344,31,1.0,0.5000006480252046
train,2015-404,3,345,0,1.0,0.500000165160657
train,2015-404,3,345,1,1.0,0.5000005117853836
train,2015-404,3,345,2,1.0,0.5000002643137588
train,2015-404,3,345,3,1.0,0.5000000969982159
train,2015-404,3,345,4,0.0,0.49999994848121654
train,2015-404,3,345,5,1.0,0.4999993894301135
train,2015-404,3,345,6,0.0,0.49999928752669703
train,2015-404,3,345,7,0.0,0.5000007393526683
train,2015-404,3,345,8,1.0,0.4999998615485857
train,2015-404,3,345,9,0.0,0.5000000616694299
train,2015-404,3,345,10,1.0,0.5000000989546254
train,2015-404,3,345,11,1.0,0.5000000941911936
train,2015-404,3,345,12,0.0,0.49999997606942587
train,2015-404,3,345,13,1.0,0.5000000190537274
train,2015-404,3,345,14,1.0,0.49999928324527915
train,2015-404,3,345,15,0.0,0.49999980382032855
train,2015-404,4,346,0,0.0,0.49999996523828916
train,2015-404,4,346,1,0.0,0.5000000733795331
train,2015-404,4,346,2,1.0,0.5000006461255027
train,2015-404,4,346,3,1.0,0.5000001963214402
train,2015-404,4,346,4,0.0,0.49999926050556287
train,2015-404,4,346,5,1.0,0.49999950000978094
train,2015-404,4,346,6,0.0,0.49999996523828916
train,2015-404,4,346,7,1.0,0.4999997773946235
train,2015-404,5,347,0,1.0,0.4999998685803183
train,2015-404,5,347,1,0.0,0.5000004892724974
train,2015-404,5,347,2,1.0,0.49999942572292744
train,2015-404,5,347,3,1.0,0.4999999059222215
train,2015-404,6,348,0,1.0,0.49999986849525707
train,2015-404,6,348,1,0.0,0.5000000360943375
train,2015-404,7,349,0,0.0,0.4999999627998658
train,2015-410,2,357,0,0.0,0.4977803474438343
train,2015-410,2,357,1,1.0,0.5018328836877172
train,2015-410,2,357,2,0.0,0.6269522606393436
train,2015-410,2,357,3,0.0,0.19829633533257743
train,2015-410,2,357,4,0.0,0.5805397736812954
train,2015-410,2,357,5,0.0,0.5439312726484938
train,2015-410,2,357,6,0.0,0.4942780561990841
train,2015-410,2,357,7,1.0,0.6311514894310098
train,2015-410,2,357,8,1.0,0.652811306305897
train,2015-410,2,357,9,0.0,0.46129579191418146
train,2015-410,2,357,10,1.0,0.4586442888185119
train,2015-410,2,357,11,0.0,0.48489931409493753
train,2015-410,2,357,12,0.0,0.350658118843088
train,2015-410,2,357,13,1.0,0.5338615391490431
train,2015-410,2,357,14,0.0,0.39189125979011946
train,2015-410,2,357,15,1.0,0.6054776878651753
train,2015-410,2,357,16,0.0,0.5922553519345642
train,2015-410,2,357,17,1.0,0.6213294360533447
train,2015-410,2,357,18,0.0,0.3802421902734725
train,2015-410,2,357,19,1.0,0.4867170736614419
train,2015-410,2,357,20,1.0,0.5246993870896087
train,2015-410,2,357,21,1.0,0.5523989441081666
train,2015-410,2,357,22,0.0,0.4767095819344254
train,2015-410,2,357,23,0.0,0.4372581419366278
train,2015-410,3,358,0,1.0,0.919533409557734
train,2015-410,3,358,1,1.0,0.5494007311777195
train,2015-410,3,358,2,0.0,0.47541601527662414
train,2015-410,3,358,3,1.0,0.722239337231601
train,2015-410,3,358,4,1.0,0.6146122850734915
train,2015-410,3,358,5,1.0,0.6173521059458295
train,2015-410,3,358,6,0.0,0.6074790012024964
train,2015-410,3,358,7,1.0,0.818719751996835
train,2015-410,3,358,8,1.0,0.5928695157334353
train,2015-410,3,358,9,1.0,0.6860283894361361
train,2015-410,3,358,10,0.0,0.015318506272192507
train,2015-410,3,358,11,0.0,0.35209400179804257
train,2015-410,3,358,12,1.0,0.8627331979980735
train,2015-410,3,358,13,0.0,0.5225377088769799
train,2015-410,3,358,14,1.0,0.7986967775274458
train,2015-410,3,358,15,1.0,0.9862693996425521
train,2015-410,4,359,0,0.0,0.013276754560649317
train,2015-410,4,359,1,1.0,0.3719978442472841
train,2015-410,4,359,2,0.0,0.9027599092163101
train,2015-410,4,359,3,0.0,0.22800951225202276
train,2015-410,4,359,4,1.0,0.8034640695991515
train,2015-410,4,359,5,1.0,0.517244948094369
train,2015-410,4,359,6,0.0,0.6872215039328514
train,2015-410,4,359,7,1.0,0.9730052000152449
train,2015-410,5,360,0,0.0,0.03198351006694069
train,2015-410,5,360,1,0.0,0.08920730650856172
train,2015-410,5,360,2,0.0,0.3080246020156377
train,2015-410,5,360,3,0.0,0.49147580550584746
train,2015-410,6,361,0,1.0,0.5378174411670671
train,2015-410,6,361,1,1.0,0.7066223070324384
train,2015-410,7,362,0,1.0,0.9435970534717865
train,2015-416,2,369,0,1.0,0.6345037384556603
train,2015-416,2,369,1,1.0,0.55686887776569
train,2015-416,2,369,2,1.0,0.4791901946790538
train,2015-416,2,369,3,1.0,0.5689745211763438
train,2015-416,2,369,4,1.0,0.5132512523257443
train,2015-416,2,369,5,1.0,0.3801565986322293
train,2015-416,2,369,6,1.0,0.5240449695122559
train,2015-416,2,369,7,0.0,0.2751673340544135
train,2015-416,2,369,8,1.0,0.3522154315995213
train,2015-416,2,369,9,1.0,0.5388079158111935
train,2015-416,2,369,10,0.0,0.31832036048894435
train,2015-416,2,369,11,0.0,0.44647538922058994
train,2015-416,2,369,12,1.0,0.5088638151892929
train,2015-416,2,369,13,0.0,0.383266390165665
train,2015-416,2,369,14,0.0,0.4927161129703644
train,2015-416,2,369,15,0.0,0.3593264699112658
train,2015-416,2,369,16,0.0,0.44369903532998684
train,2015-416,2,369,17,0.0,0.36739973872245646
train,2015-416,2,369,18,0.0,0.3281365083329009
train,2015-416,2,369,19,0.0,0.5392443907144013
train,2015-416,2,369,20,0.0,0.4466547556420227
train,2015-416,2,369,21,1.0,0.6255827196972096
train,2015-416,2,369,22,1.0,0.6201862815431695
train,2015-416,2,369,23,1.0,0.4334527615920087
train,2015-416,3,370,0,0.0,0.5380676102874797
train,2015-416,3,370,1,1.0,0.47650537471717175
train,2015-416,3,370,2,0.0,0.14392952916145912
train,2015-416,3,370,3,0.0,0.014886099915554587
train,2015-416,3,370,4,0.0,0.7780739432645933
train,2015-416,3,370,5,0.0,0.5896238266163734
train,2015-416,3,370,6,1.0,0.708658737631069
train,2015-416,3,370,7,0.0,0.2533032937914984
train,2015-416,3,370,8,0.0,0.5151207130253505
train,2015-416,3,370,9,1.0,0.9308543291560589
train,2015-416,3,370,10,0.0,0.4046755309346919
train,2015-416,3,370,11,0.0,0.09850240669345728
train,2015-416,3,370,12,0.0,0.6113211314247675
train,2015-416,3,370,13,0.0,0.5266433793294814
train,2015-416,3,370,14,1.0,0.7668703429888053
train,2015-416,3,370,15,1.0,0.9794679990773923
train,2015-416,4,371,0,1.0,0.9849496123176252
train,2015-416,4,371,1,1.0,0.8919018469081791
train,2015-416,4,371,2,0.0,0.920890875058217
train,2015-416,4,371,3,1.0,0.8187013940924798
train,2015-416,4,371,4,1.0,0.7571949431991348
train,2015-416,4,371,5,1.0,0.9727648570174198
train,2015-416,4,371,6,0.0,0.27133484370722766
train,2015-416,4,371,7,1.0,0.7315203720568484
train,2015-416,5,372,0,0.0,0.04144322522337343
train,2015-416,5,372,1,0.0,0.17139100205385252
train,2015-416,5,372,2,0.0,0.9417474350092452
train,2015-416,5,372,3,0.0,0.30241497144826807
train,2015-416,6,373,0,1.0,0.9293303679725067
train,2015-416,6,373,1,0.0,0.24764448728212413
train,2015-416,7,374,0,0.0,0.15311127501657792
train,2015-421,2,389,0,0.0,0.46124433445454804
train,2015-421,2,389,1,1.0,0.5353917630683934
train,2015-421,2,389,2,1.0,0.4889649542384568
train,2015-421,2,389,3,0.0,0.4370068012768076
train,2015-421,2,389,4,1.0,0.38676282833667575
train,2015-421,2,389,5,0.0,0.44492610693563517
train,2015-421,2,389,6,1.0,0.5100230290048273
train,2015-421,2,389,7,0.0,0.4898845335023494
train,2015-421,2,389,8,0.0,0.39584862643250524
train,2015-421,2,389,9,1.0,0.5381772846280494
train,2015-421,2,389,10,0.0,0.4501620357656924
train,2015-421,2,389,11,0.0,0.47243701989292836
train,2015-421,2,389,12,0.0,0.6194073674512787
train,2015-421,2,389,13,0.0,0.45281335551651497
train,2015-421,2,389,14,1.0,0.5347956505886572
train,2015-421,2,389,15,0.0,0.4757739095906304
train,2015-421,2,389,16,1.0,0.50860477718363
train,2015-421,2,389,17,1.0,0.7886614434472075
train,2015-421,2,389,18,1.0,0.4878557629845726
train,2015-421,2,389,19,0.0,0.4309758358596161
train,2015-421,2,389,20,0.0,0.4675590032409561
train,2015-421,2,389,21,1.0,0.5547178496326037
train,2015-421,2,389,22,1.0,0.5371113372855844
train,2015-421,2,389,23,1.0,0.5136072347007543
train,2015-421,3,390,0,0.0,0.14013618678464046
train,2015-421,3,390,1,0.0,0.6427398033148112
train,2015-421,3,390,2,1.0,0.7415543087869316
train,2015-421,3,390,3,0.0,0.6634586173276529
train,2015-421,3,390,4,1.0,0.6952657280622518
train,2015-421,3,390,5,0.0,0.022511066945359613
train,2015-421,3,390,6,0.0,0.5642524625837751
train,2015-421,3,390,7,0.0,0.6010172012437284
train,2015-421,3,390,8,1.0,0.5478027810991332
train,2015-421,3,390,9,0.0,0.5088879141870415
train,2015-421,3,390,10,0.0,0.40158601694207857
train,2015-421,3,390,11,1.0,0.19111633269958872
train,2015-421,3,390,12,1.0,0.5621958673149065
train,2015-421,3,390,13,1.0,0.16974240968092177
train,2015-421,3,390,14,1.0,0.9882237998075037
train,2015-421,3,390,15,0.0,0.665532487738392
train,2015-421,4,391,0,0.0,0.011387976181646081
train,2015-421,4,391,1,0.0,0.4197865454185633
train,2015-421,4,391,2,0.0,0.5021440063895987
train,2015-421,4,391,3,0.0,0.03355965902027663
train,2015-421,4,391,4,0.0,0.30134751128837356
train,2015-421,4,391,5,1.0,0.7683015583012932
train,2015-421,4,391,6,1.0,0.9130844308721369
train,2015-421,4,391,7,0.0,0.48207761808789196
train,2015-421,5,392,0,0.0,0.5443379412101877
train,2015-421,5,392,1,0.0,0.015515814254633107
train,2015-421,5,392,2,1.0,0.06045585011629623
train,2015-421,5,392,3,0.0,0.2380400089170934
train,2015-421,6,393,0,1.0,0.9847202720691188
train,2015-421,6,393,1,1.0,0.7783170021147927
train,2015-421,7,394,0,0.0,0.879802288040182
train,2015-422,2,395,0,0.0,0.5686669560015205
train,2015-422,2,395,1,1.0,0.5197002257499996
train,2015-422,2,395,2,1.0,0.37201577827780974
train,2015-422,2,395,3,1.0,0.41997640549751747
train,2015-422,2,395,4,1.0,0.4909544669287361
train,2015-422,2,395,5,1.0,0.5038780584579875
train,2015-422,2,395,6,0.0,0.4907803186348326
train,2015-422,2,395,7,1.0,0.4421699638717668
train,2015-422,2,395,8,1.0,0.3873457474207271
train,2015-422,2,395,9,1.0,0.5904857502281685
train,2015-422,2,395,10,1.0,0.5414879988910533
train,2015-422,2,395,11,1.0,0.3814575709143132
train,2015-422,2,395,12,1.0,0.5458045777777741
train,2015-422,2,395,13,1.0,0.5838002110213543
train,2015-422,2,395,14,0.0,0.646497057940861
train,2015-422,2,395,15,1.0,0.5584454532721942
train,2015-422,2,395,16,1.0,0.5392805607339778
train,2015-422,2,395,17,1.0,0.6016786005178881
train,2015-422,2,395,18,0.0,0.39960190684135105
train,2015-422,2,395,19,0.0,0.39153338645817237
train,2015-422,2,395,20,1.0,0.5180433343729083
train,2015-422,2,395,21,1.0,0.5365361481736246
train,2015-422,2,395,22,0.0,0.3577919720894031
train,2015-422,2,395,23,0.0,0.5558283779685104
train,2015-422,3,396,0,0.0,0.07555992163292177
train,2015-422,3,396,1,0.0,0.38522029692689985
train,2015-422,3,396,2,1.0,0.5085011543304214
train,2015-422,3,396,3,1.0,0.9669084072221809
train,2015-422,3,396,4,0.0,0.31271733892334636
train,2015-422,3,396,5,0.0,0.34742751487966705
train,2015-422,3,396,6,0.0,0.3334904635600301
train,2015-422,3,396,7,0.0,0.19830327746260337
train,2015-422,3,396,8,1.0,0.5832031362890454
train,2015-422,3,396,9,0.0,0.078166751520414
train,2015-422,3,396,10,0.0,0.4304669332677975
train,2015-422,3,396,11,1.0,0.5810152705285668
train,2015-422,3,396,12,1.0,0.5610377382617525
train,2015-422,3,396,13,0.0,0.14779254324277794
train,2015-422,3,396,14,0.0,0.6419349747947178
train,2015-422,3,396,15,0.0,0.013007259833809796
train,2015-422,4,397,0,0.0,0.014302769645878764
train,2015-422,4,397,1,1.0,0.7960898132544286
train,2015-422,4,397,2,0.0,0.28631309117905424
train,2015-422,4,397,3,0.0,0.4852116293694011
train,2015-422,4,397,4,1.0,0.8842137431162865
train,2015-422,4,397,5,0.0,0.9611899063800252
train,2015-422,4,397,6,1.0,0.898772736008409
train,2015-422,4,397,7,1.0,0.557579216219
train,2015-422,5,398,0,1.0,0.9399274369730458
train,2015-422,5,398,1,0.0,0.752999640029101
train,2015-422,5,398,2,1.0,0.8774552942681727
train,2015-422,5,398,3,0.0,0.11720930813167527
train,2015-422,6,399,0,0.0,0.017582060198461848
train,2015-422,6,399,1,1.0,0.4910696140264319
train,2015-422,7,400,0,0.0,0.8423094607424645
train,2015-5014,2,408,0,0.0,0.499999363061116
train,2015-5014,2,408,1,0.0,0.49999993529671766
train,2015-5014,2,408,2,1.0,0.500000673345113
train,2015-5014,2,408,3,0.0,0.4999998774266918
train,2015-5014,2,408,4,0.0,0.5000005164070467
train,2015-5014,2,408,5,1.0,0.49999997533222806
train,2015-5014,2,408,6,1.0,0.5000000273046716
train,2015-5014,2,408,7,1.0,0.49999968626563607
train,2015-5014,2,408,8,1.0,0.4999999741980776
train,2015-5014,2,408,9,0.0,0.499999962544682
train,2015-5014,2,408,10,0.0,0.5
train,2015-5014,2,408,11,0.0,0.4999997775080385
train,2015-5014,2,408,12,1.0,0.49999928318857156
train,2015-5014,2,408,13,0.0,0.5000005164070467
train,2015-5014,2,408,14,0.0,0.500000062605104
train,2015-5014,2,408,15,0.0,0.4999995061341933
train,2015-5014,2,408,16,1.0,0.5000001019884778
train,2015-5014,2,408,17,1.0,0.500000170746348
train,2015-5014,2,408,18,0.0,0.500000763226535
train,2015-5014,2,408,19,0.0,0.49999996430261506
train,2015-5014,2,408,20,0.0,0.4999998381283792
train,2015-5014,2,408,21,0.0,0.49999989801152217
train,2015-5014,2,408,22,1.0,0.5000002866281685
train,2015-5014,2,408,23,1.0,0.4999999083322912
train,2015-5014,3,409,0,0.0,0.4999993520031492
train,2015-5014,3,409,1,0.0,0.4999998013819052
train,2015-5014,3,409,2,0.0,0.4999997003007477
train,2015-5014,3,409,3,0.0,0.5000001885808636
train,2015-5014,3,409,4,0.0,0.49999984311864115
train,2015-5014,3,409,5,1.0,0.5000001164205421
train,2015-5014,3,409,6,1.0,0.5000000580117948
train,2015-5014,3,409,7,0.0,0.500000062605104
train,2015-5014,3,409,8,1.0,0.5000003246505619
train,2015-5014,3,409,9,1.0,0.49999987739833807
train,2015-5014,3,409,10,0.0,0.4999999635937711
train,2015-5014,3,409,11,1.0,0.5000002643137588
train,2015-5014,3,409,12,0.0,0.4999996391133317
train,2015-5014,3,409,13,1.0,0.5000006479968507
train,2015-5014,3,409,14,0.0,0.500000122601662
train,2015-5014,3,409,15,0.0,0.5000006368538228
train,2015-5014,4,410,0,1.0,0.49999938925999093
train,2015-5014,4,410,1,0.0,0.49999984300522615
train,2015-5014,4,410,2,0.0,0.49999984300522615
train,2015-5014,4,410,3,1.0,0.5000004891023749
train,2015-5014,4,410,4,0.0,0.5000001793375375
train,2015-5014,4,410,5,1.0,0.5000002998977287
train,2015-5014,4,410,6,0.0,0.500000610740009
train,2015-5014,4,410,7,0.0,0.5000001861707938
train,2015-5014,5,411,0,0.0,0.5000000577566109
train,2015-5014,5,411,1,1.0,0.4999999059222215
train,2015-5014,5,411,2,0.0,0.4999993539028511
train,2015-5014,5,411,3,0.0,0.500000170746348
train,2015-5014,6,412,0,1.0,0.4999999639056624
train,2015-5014,6,412,1,1.0,0.49999941659301644
train,2015-5014,7,413,0,0.0,0.5
train,2015-520,1,375,0,0.0,0.06621822117770813
train,2015-520,1,375,1,0.0,0.6211655291495924
train,2015-520,1,375,2,1.0,0.5504101584036798
train,2015-520,1,375,3,1.0,0.5379696702527322
train,2015-520,1,375,4,0.0,0.43097873379716706
train,2015-520,1,375,5,1.0,0.499096161117679
train,2015-520,1,375,6,0.0,0.31976244943866544
train,2015-520,1,375,7,1.0,0.5340807401237644
train,2015-520,1,375,8,1.0,0.5853378513870546
train,2015-520,1,375,9,1.0,0.5465739466435828
train,2015-520,1,375,10,1.0,0.5648113193816607
train,2015-520,1,375,11,0.0,0.4561258151647952
train,2015-520,1,375,12,0.0,0.5145884954696858
train,2015-520,1,375,13,0.0,0.0743343683518237
train,2015-520,1,375,14,1.0,0.9840932174271178
train,2015-520,1,375,15,0.0,0.464352746643974
train,2015-520,1,375,16,0.0,0.4768101819337968
train,2015-520,1,375,17,0.0,0.44399204770912315
train,2015-520,1,375,18,0.0,0.3452669066996287
train,2015-520,1,375,19,1.0,0.41598726145939624
train,2015-520,1,375,20,0.0,0.5172640280681181
train,2015-520,1,375,21,0.0,0.6776164803304361
train,2015-520,1,375,22,0.0,0.3749897314568299
train,2015-520,1,375,23,0.0,0.47459747623313214
train,2015-520,1,375,24,1.0,0.5112180088063755
train,2015-520,1,375,25,0.0,0.3271306179154097
train,2015-520,1,375,26,1.0,0.5348276357047015
train,2015-520,1,375,27,1.0,0.5041271110004828
train,2015-520,1,375,28,1.0,0.5170500746578612
train,2015-520,1,375,29,0.0,0.01216146846143004
train,2015-520,1,375,30,0.0,0.41142021174736276
train,2015-520,1,375,31,1.0,0.5210922781057651
train,2015-520,1,375,32,0.0,0.47471783440586557
train,2015-520,1,375,33,1.0,0.4921685088345963
train,2015-520,1,375,34,0.0,0.2521546050908284
train,2015-520,1,375,35,0.0,0.48001586425195797
train,2015-520,1,375,36,1.0,0.5134235168998241
train,2015-520,1,375,37,1.0,0.8577538061541037
train,2015-520,1,375,38,0.0,0.5193716720473819
train,2015-520,1,375,39,0.0,0.3396554814684359
train,2015-520,1,375,40,1.0,0.6296838430087282
train,2015-520,1,375,41,1.0,0.5550721578031735
train,2015-520,1,375,42,0.0,0.45665973473141624
train,2015-520,1,375,43,0.0,0.3914789581338154
train,2015-520,1,375,44,0.0,0.5769094288013481
train,2015-520,1,375,45,0.0,0.46789311065797584
train,2015-520,1,375,46,0.0,0.4971865229772826
train,2015-520,1,375,47,1.0,0.8259118036778498
train,2015-520,1,375,48,1.0,0.8526699184161834
train,2015-520,1,375,49,0.0,0.4589675354828955
train,2015-520,1,375,50,1.0,0.562647865818575
train,2015-520,1,375,51,0.0,0.31996264191543655
train,2015-520,1,375,52,0.0,0.4834330711593909
train,2015-520,1,375,53,0.0,0.4706489405254281
train,2015-520,1,375,54,1.0,0.7170779338183464
train,2015-520,1,375,55,1.0,0.5163422622284332
train,2015-520,1,375,56,0.0,0.4566614745040949
train,2015-520,1,375,57,0.0,0.41218114288297386
train,2015-520,1,375,58,1.0,0.5369303121889086
train,2015-520,1,375,59,0.0,0.2095163380593563
train,2015-520,1,375,60,0.0,0.5015808474413365
train,2015-520,1,375,61,1.0,0.5467100943925368
train,2015-520,1,375,62,1.0,0.6516383156996198
train,2015-520,1,375,63,0.0,0.6221547654273905
train,2015-520,2,376,0,1.0,0.4234055975502803
train,2015-520,2,376,1,1.0,0.460835756133955
train,2015-520,2,376,2,0.0,0.5774575492898819
train,2015-520,2,376,3,0.0,0.21734804577545835
train,2015-520,2,376,4,1.0,0.3081162615384461
train,2015-520,2,376,5,0.0,0.6418961865992089
train,2015-520,2,376,6,1.0,0.4495804223659732
train,2015-520,2,376,7,0.0,0.17536502189971934
train,2015-520,2,376,8,1.0,0.4774345491925264
train,2015-520,2,376,9,1.0,0.4191177409275705
train,2015-520,2,376,10,0.0,0.412604566828971
train,2015-520,2,376,11,0.0,0.26926775179124024
train,2015-520,2,376,12,1.0,0.7849593679831148
train,2015-520,2,376,13,0.0,0.1525329321090956
train,2015-520,2,376,14,0.0,0.3382325216124103
train,2015-520,2,376,15,0.0,0.5182396084901921
train,2015-520,2,376,16,0.0,0.2955875328462645
train,2015-520,2,376,17,1.0,0.4432854187549589
train,2015-520,2,376,18,0.0,0.49354524523478754
train,2015-520,2,376,19,0.0,0.4102114882221737
train,2015-520,2,376,20,0.0,0.08112200834856613
train,2015-520,2,376,21,0.0,0.02764129906757895
train,2015-520,2,376,22,1.0,0.42810017128615685
train,2015-520,2,376,23,1.0,0.3332622267262896
train,2015-520,2,376,24,0.0,0.47337971522363886
train,2015-520,2,376,25,1.0,0.5911199953722159
train,2015-520,2,376,26,0.0,0.5672507761106893
train,2015-520,2,376,27,1.0,0.4685577930287237
train,2015-520,2,376,28,0.0,0.5121575876036732
train,2015-520,2,376,29,1.0,0.9164718245837892
train,2015-520,2,376,30,1.0,0.988685500347444
train,2015-520,2,376,31,1.0,0.6815911275332137
train,2015-520,3,377,0,0.0,0.4030929271293434
train,2015-520,3,377,1,1.0,0.5497944894436365
train,2015-520,3,377,2,0.0,0.0614846411041995
train,2015-520,3,377,3,1.0,0.6656210378652515
train,2015-520,3,377,4,0.0,0.18271760585970967
train,2015-520,3,377,5,1.0,0.8252049686553552
train,2015-520,3,377,6,0.0,0.2742640783677705
train,2015-520,3,377,7,1.0,0.5018717513969709
train,2015-520,3,377,8,0.0,0.2527938403864642
train,2015-520,3,377,9,1.0,0.8342117232992061
train,2015-520,3,377,10,0.0,0.34498354031595707
train,2015-520,3,377,11,1.0,0.5299055939933986
train,2015-520,3,377,12,1.0,0.8952691839912644
train,2015-520,3,377,13,0.0,0.018123551619048408
train,2015-520,3,377,14,1.0,0.5217875905604555
train,2015-520,3,377,15,1.0,0.9892707102444559
train,2015-520,4,378,0,0.0,0.11853982308698482
train,2015-520,4,378,1,1.0,0.7249672373722336
train,2015-520,4,378,2,0.0,0.6069106162073774
train,2015-520,4,378,3,0.0,0.25881079846804195
train,2015-520,4,378,4,1.0,0.7213563824167214
train,2015-520,4,378,5,0.0,0.11005774953065166
train,2015-520,4,378,6,0.0,0.018612749287785245
train,2015-520,4,378,7,0.0,0.021989167441065306
train,2015-520,5,379,0,1.0,0.23027434195107674
train,2015-520,5,379,1,0.0,0.46160254075892354
train,2015-520,5,379,2,1.0,0.6626525765656557
train,2015-520,5,379,3,0.0,0.38837500775408534
train,2015-520,6,380,0,1.0,0.5578658395626677
train,2015-520,6,380,1,0.0,0.10810500591422023
train,2015-520,7,381,0,0.0,0.9528762985207601
train,2015-540,1,382,0,0.0,0.4903488301423963
train,2015-540,1,382,1,1.0,0.5680543954904201
train,2015-540,1,382,2,1.0,0.6750002799967961
train,2015-540,1,382,3,0.0,0.49038393221881893
train,2015-540,1,382,4,1.0,0.512863038083712
train,2015-540,1,382,5,1.0,0.6733971031847547
train,2015-540,1,382,6,0.0,0.059165792090928135
train,2015-540,1,382,7,1.0,0.46147535835086784
train,2015-540,1,382,8,1.0,0.5547885536542696
train,2015-540,1,382,9,1.0,0.3343534629994086
train,2015-540,1,382,10,1.0,0.5490406731463628
train,2015-540,1,382,11,0.0,0.33682056332566185
train,2015-540,1,382,12,0.0,0.5147780951448997
train,2015-540,1,382,13,1.0,0.8607446928592026
train,2015-540,1,382,14,0.0,0.268556387550026
train,2015-540,1,382,15,1.0,0.5833430811065798
train,2015-540,1,382,16,0.0,0.4393848583436005
train,2015-540,1,382,17,1.0,0.4855807877090493
train,2015-540,1,382,18,0.0,0.35369388050915596
train,2015-540,1,382,19,0.0,0.5012084315326828
train,2015-540,1,382,20,1.0,0.4886614143541852
train,2015-540,1,382,21,1.0,0.6970551802039413
train,2015-540,1,382,22,0.0,0.3502196044943209
train,2015-540,1,382,23,0.0,0.5629737758560102
train,2015-540,1,382,24,0.0,0.500661236083827
train,2015-540,1,382,25,1.0,0.5405359149877662
train,2015-540,1,382,26,0.0,0.47458183280118293
train,2015-540,1,382,27,1.0,0.4990155385070458
train,2015-540,1,382,28,0.0,0.5315667646382065
train,2015-540,1,382,29,0.0,0.01751133138726575
train,2015-540,1,382,30,0.0,0.5348958595487984
train,2015-540,1,382,31,1.0,0.5507028165838104
train,2015-540,1,382,32,0.0,0.430193537830944
train,2015-540,1,382,33,0.0,0.33227095240944116
train,2015-540,1,382,34,1.0,0.49666352388972734
train,2015-540,1,382,35,1.0,0.4681599575644954
train,2015-540,1,382,36,1.0,0.5737030511169404
train,2015-540,1,382,37,0.0,0.5738646939655604
train,2015-540,1,382,38,1.0,0.4978640155363041
train,2015-540,1,382,39,0.0,0.378871693980228
train,2015-540,1,382,40,0.0,0.4782604769468906
train,2015-540,1,382,41,1.0,0.640677380065269
train,2015-540,1,382,42,1.0,0.5336020632688631
train,2015-540,1,382,43,0.0,0.33217480996982424
train,2015-540,1,382,44,0.0,0.5212081692632988
train,2015-540,1,382,45,1.0,0.4233916550678435
train,2015-540,1,382,46,0.0,0.4417411285566497
train,2015-540,1,382,47,1.0,0.782659619384601
train,2015-540,1,382,48,0.0,0.4887899525522367
train,2015-540,1,382,49,0.0,0.49083044564424105
train,2015-540,1,382,50,0.0,0.07530974808398067
train,2015-540,1,382,51,1.0,0.5033075016603772
train,2015-540,1,382,52,0.0,0.4661421854805592
train,2015-540,1,382,53,0.0,0.338681706501787
train,2015-540,1,382,54,0.0,0.6067469954505377
train,2015-540,1,382,55,1.0,0.5068830453383719
train,2015-540,1,382,56,1.0,0.5737583870764308
train,2015-540,1,382,57,1.0,0.7768770320104116
train,2015-540,1,382,58,0.0,0.51449369178762
train,2015-540,1,382,59,0.0,0.35995722788730655
train,2015-540,1,382,60,1.0,0.5693193587132214
train,2015-540,1,382,61,1.0,0.6403072851796127
train,2015-540,1,382,62,0.0,0.5219564421577657
train,2015-540,1,382,63,0.0,0.023981731733967778
train,2015-540,2,383,0,1.0,0.022919441401929176
train,2015-540,2,383,1,1.0,0.7842325332780332
train,2015-540,2,383,2,0.0,0.5690973016766214
train,2015-540,2,383,3,1.0,0.6248530638400965
train,2015-540,2,383,4,0.0,0.08390884943932399
train,2015-540,2,383,5,1.0,0.3554897075562672
train,2015-540,2,383,6,0.0,0.4663938144258003
train,2015-540,2,383,7,1.0,0.6367442190562222
train,2015-540,2,383,8,1.0,0.6458133742219262
train,2015-540,2,383,9,1.0,0.5663006528600931
train,2015-540,2,383,10,0.0,0.48168000526644356
train,2015-540,2,383,11,0.0,0.18975953261685644
train,2015-540,2,383,12,0.0,0.6319805033315925
train,2015-540,2,383,13,0.0,0.5096938360484585
train,2015-540,2,383,14,0.0,0.45154964830501626
train,2015-540,2,383,15,0.0,0.5288467427317451
train,2015-540,2,383,16,1.0,0.667289510562075
train,2015-540,2,383,17,0.0,0.3184858900664612
train,2015-540,2,383,18,0.0,0.4271181722649896
train,2015-540,2,383,19,0.0,0.43579136238742927
train,2015-540,2,383,20,1.0,0.6546974005768408
train,2015-540,2,383,21,1.0,0.8586632326346224
train,2015-540,2,383,22,1.0,0.27617872747706695
train,2015-540,2,383,23,1.0,0.643206744268542
train,2015-540,2,383,24,1.0,0.6916209922941787
train,2015-540,2,383,25,1.0,0.6515534327108209
train,2015-540,2,383,26,0.0,0.5411655162123878
train,2015-540,2,383,27,1.0,0.49872329269268423
train,2015-540,2,383,28,1.0,0.5017562587496364
train,2015-540,2,383,29,0.0,0.4683583551670635
train,2015-540,2,383,30,1.0,0.9218246954949428
train,2015-540,2,383,31,1.0,0.9882612381966587
train,2015-540,3,384,0,0.0,0.7485219044853266
train,2015-540,3,384,1,1.0,0.9885110209133033
train,2015-540,3,384,2,1.0,0.9421109510789965
train,2015-540,3,384,3,0.0,0.4302251450701391
train,2015-540,3,384,4,1.0,0.4760627131969325
train,2015-540,3,384,5,1.0,0.7971812721189867
train,2015-540,3,384,6,1.0,0.8786172455903956
train,2015-540,3,384,7,0.0,0.5175067074383695
train,2015-540,3,384,8,0.0,0.4695524198829454
train,2015-540,3,384,9,1.0,0.38527961147794093
train,2015-540,3,384,10,0.0,0.5263696066598147
train,2015-540,3,384,11,0.0,0.4999285483317196
train,2015-540,3,384,12,0.0,0.26768977848385156
train,2015-540,3,384,13,0.0,0.5720356021388048
train,2015-540,3,384,14,0.0,0.4428632448471148
train,2015-540,3,384,15,0.0,0.39409347880668844
train,2015-540,4,385,0,1.0,0.9231318558456022
train,2015-540,4,385,1,1.0,0.2608725304903499
train,2015-540,4,385,2,1.0,0.8989237745581312
train,2015-540,4,385,3,0.0,0.5361471915071557
train,2015-540,4,385,4,0.0,0.4059904803503032
train,2015-540,4,385,5,1.0,0.8349045365260496
train,2015-540,4,385,6,0.0,0.3032795619434566
train,2015-540,4,385,7,1.0,0.980267119614123
train,2015-540,5,386,0,1.0,0.885395829997639
train,2015-540,5,386,1,1.0,0.9170969431923961
train,2015-540,5,386,2,1.0,0.24040727441388043
train,2015-540,5,386,3,0.0,0.02331388742526847
train,2015-540,6,387,0,1.0,0.5595024061002808
train,2015-540,6,387,1,0.0,0.0235054400507731
train,2015-540,7,388,0,0.0,0.15449317655916806
train,2015-560,1,401,0,0.0,0.4673529166351417
train,2015-560,1,401,1,1.0,0.4513410271814996
train,2015-560,1,401,2,1.0,0.6090934925446679
train,2015-560,1,401,3,1.0,0.6832736740995514
train,2015-560,1,401,4,0.0,0.5190080663127667
train,2015-560,1,401,5,0.0,0.5106291696815054
train,2015-560,1,401,6,1.0,0.6848601830932779
train,2015-560,1,401,7,0.0,0.6601273199310803
train,2015-560,1,401,8,0.0,0.4724360230644825
train,2015-560,1,401,9,1.0,0.5779063011168614
train,2015-560,1,401,10,1.0,0.7607162194961887
train,2015-560,1,401,11,1.0,0.6580055981596528
train,2015-560,1,401,12,0.0,0.6388710864003453
train,2015-560,1,401,13,0.0,0.5946322978171297
train,2015-560,1,401,14,0.0,0.7292190276488361
train,2015-560,1,401,15,1.0,0.9758413045022444
train,2015-560,1,401,16,1.0,0.9495662705156922
train,2015-560,1,401,17,1.0,0.5052989239829023
train,2015-560,1,401,18,1.0,0.6331092542362357
train,2015-560,1,401,19,1.0,0.6777248531514293
train,2015-560,1,401,20,1.0,0.5899999884900677
train,2015-560,1,401,21,0.0,0.4229987144530704
train,2015-560,1,401,22,1.0,0.6802259554334592
train,2015-560,1,401,23,1.0,0.5387142947364564
train,2015-560,1,401,24,0.0,0.5202841402779499
train,2015-560,1,401,25,1.0,0.4397771448490926
train,2015-560,1,401,26,1.0,0.5692023461690241
train,2015-560,1,401,27,1.0,0.6326341493720641
train,2015-560,1,401,28,0.0,0.5324800711637068
train,2015-560,1,401,29,0.0,0.5257127749105585
train,2015-560,1,401,30,1.0,0.9900463625557494
train,2015-560,1,401,31,1.0,0.4907576034491224
train,2015-560,1,401,32,0.0,0.5019034733593276
train,2015-560,1,401,33,1.0,0.49565852907662483
train,2015-560,1,401,34,0.0,0.16158327240468826
train,2015-560,1,401,35,0.0,0.17112114198976947
train,2015-560,1,401,36,0.0,0.4540159620456507
train,2015-560,1,401,37,1.0,0.6220120510609364
train,2015-560,1,401,38,1.0,0.5816824186399809
train,2015-560,1,401,39,1.0,0.5036649095102579
train,2015-560,1,401,40,1.0,0.6200711852255284
train,2015-560,1,401,41,1.0,0.6366681272985101
train,2015-560,1,401,42,0.0,0.3116472607671179
train,2015-560,1,401,43,0.0,0.43230987477195676
train,2015-560,1,401,44,1.0,0.5357759338853352
train,2015-560,1,401,45,1.0,0.5016477398439101
train,2015-560,1,401,46,0.0,0.5277255362169131
train,2015-560,1,401,47,0.0,0.4187673124197597
train,2015-560,1,401,48,1.0,0.8320475515642237
train,2015-560,1,401,49,0.0,0.5395224325800138
train,2015-560,1,401,50,0.0,0.46349605952994816
train,2015-560,1,401,51,1.0,0.5018339468260398
train,2015-560,1,401,52,1.0,0.9113629803681658
train,2015-560,1,401,53,1.0,0.4565454919753694
train,2015-560,1,401,54,1.0,0.5170912987375725
train,2015-560,1,401,55,0.0,0.431812552728147
train,2015-560,1,401,56,0.0,0.6048128533511236
train,2015-560,1,401,57,1.0,0.3658673459635112
train,2015-560,1,401,58,1.0,0.49534177881571456
train,2015-560,1,401,59,0.0,0.5665106469694637
train,2015-560,1,401,60,1.0,0.5026874737743424
train,2015-560,1,401,61,1.0,0.5403901008258546
train,2015-560,1,401,62,0.0,0.532392377264732
train,2015-560,1,401,63,1.0,0.6386695537193409
train,2015-560,2,402,0,0.0,0.4500164318459378
train,2015-560,2,402,1,0.0,0.47234259353624786
train,2015-560,2,402,2,1.0,0.6426458331288019
train,2015-560,2,402,3,0.0,0.4827604168545877
train,2015-560,2,402,4,0.0,0.06414494969217768
train,2015-560,2,402,5,1.0,0.40341524956757824
train,2015-560,2,402,6,1.0,0.5278473856754528
train,2015-560,2,402,7,1.0,0.47727619703384006
train,2015-560,2,402,8,0.0,0.3320492004587453
train,2015-560,2,402,9,1.0,0.521076946299174
train,2015-560,2,402,10,0.0,0.4356323722632654
train,2015-560,2,402,11,0.0,0.22360426903402536
train,2015-560,2,402,12,0.0,0.5359850232600821
train,2015-560,2,402,13,1.0,0.6325724318424685
train,2015-560,2,402,14,1.0,0.8264466199890952
train,2015-560,2,402,15,1.0,0.5619658590914596
train,2015-560,2,402,16,1.0,0.32615322903741395
train,2015-560,2,402,17,1.0,0.6797506036548849
train,2015-560,2,402,18,1.0,0.5190485194927996
train,2015-560,2,402,19,0.0,0.2700195393091406
train,2015-560,2,402,20,0.0,0.3438937186963073
train,2015-560,2,402,21,0.0,0.43232473156122514
train,2015-560,2,402,22,1.0,0.9768651673984248
train,2015-560,2,402,23,1.0,0.5860723444412635
train,2015-560,2,402,24,0.0,0.3981840210198656
train,2015-560,2,402,25,0.0,0.5316215359443563
train,2015-560,2,402,26,1.0,0.581037110481244
train,2015-560,2,402,27,0.0,0.4382129831375371
train,2015-560,2,402,28,1.0,0.8552089092342509
train,2015-560,2,402,29,0.0,0.04584180978445799
train,2015-560,2,402,30,0.0,0.40879877960378475
train,2015-560,2,402,31,0.0,0.01082466378957669
train,2015-560,3,403,0,0.0,0.06790574178882265
train,2015-560,3,403,1,1.0,0.4864585963657924
train,2015-560,3,403,2,0.0,0.07100278565691724
train,2015-560,3,403,3,0.0,0.3699049573946
train,2015-560,3,403,4,0.0,0.3367126798442775
train,2015-560,3,403,5,0.0,0.22254913498491932
train,2015-560,3,403,6,0.0,0.40871685087876675
train,2015-560,3,403,7,0.0,0.5246710318408063
train,2015-560,3,403,8,1.0,0.8539187018217519
train,2015-560,3,403,9,0.0,0.7539279537119017
train,2015-560,3,403,10,1.0,0.6656949348766821
train,2015-560,3,403,11,1.0,0.7677647366345984
train,2015-560,3,403,12,1.0,0.4087581163322596
train,2015-560,3,403,13,0.0,0.957790257902199
train,2015-560,3,403,14,1.0,0.4973227412246217
train,2015-560,3,403,15,0.0,0.01773953975774607
train,2015-560,4,404,0,1.0,0.9263284245223469
train,2015-560,4,404,1,0.0,0.6803196952814208
train,2015-560,4,404,2,0.0,0.899959665928598
train,2015-560,4,404,3,0.0,0.17152034843350716
train,2015-560,4,404,4,0.0,0.4374421154657705
train,2015-560,4,404,5,0.0,0.2716731559827588
train,2015-560,4,404,6,0.0,0.48997751970341114
train,2015-560,4,404,7,1.0,0.9857513377221011
train,2015-560,5,405,0,0.0,0.10055971052485967
train,2015-560,5,405,1,0.0,0.2664182994301414
train,2015-560,5,405,2,0.0,0.6322724873352988
train,2015-560,5,405,3,0.0,0.024474635527530892
train,2015-560,6,406,0,1.0,0.7995268695221793
train,2015-560,6,406,1,0.0,0.024128454303165382
train,2015-560,7,407,0,1.0,0.793072823752784
train,2015-580,1,336,0,1.0,0.4840695747667676
train,2015-580,1,336,1,1.0,0.43394526659604177
train,2015-580,1,336,2,0.0,0.43625867205302726
train,2015-580,1,336,3,1.0,0.6252323926239388
train,2015-580,1,336,4,1.0,0.5674903927784383
train,2015-580,1,336,5,0.0,0.4603915727002561
train,2015-580,1,336,6,0.0,0.16384686969847176
train,2015-580,1,336,7,1.0,0.41261441838436164
train,2015-580,1,336,8,1.0,0.5719895849690718
train,2015-580,1,336,9,1.0,0.4238286152001669
train,2015-580,1,336,10,0.0,0.5970430460159775
train,2015-580,1,336,11,0.0,0.5034152546908837
train,2015-580,1,336,12,0.0,0.46672779017645444
train,2015-580,1,336,13,1.0,0.4591555228756423
train,2015-580,1,336,14,0.0,0.1806256382399756
train,2015-580,1,336,15,1.0,0.7045940259706126
train,2015-580,1,336,16,1.0,0.5187455938895498
train,2015-580,1,336,17,0.0,0.4071710831119163
train,2015-580,1,336,18,1.0,0.41474735083824643
train,2015-580,1,336,19,0.0,0.05183538404404853
train,2015-580,1,336,20,1.0,0.57450297360035
train,2015-580,1,336,21,0.0,0.47773965103873733
train,2015-580,1,336,22,1.0,0.6747586681288413
train,2015-580,1,336,23,1.0,0.5142553335719519
train,2015-580,1,336,24,1.0,0.5119188685426883
train,2015-580,1,336,25,0.0,0.4953908470221321
train,2015-580,1,336,26,1.0,0.6125102123008483
train,2015-580,1,336,27,1.0,0.6812524205166471
train,2015-580,1,336,28,1.0,0.499021688640914
train,2015-580,1,336,29,0.0,0.5035068368059323
train,2015-580,1,336,30,1.0,0.9856421908034537
train,2015-580,1,336,31,0.0,0.4878577125727056
train,2015-580,1,336,32,0.0,0.41345397081163443
train,2015-580,1,336,33,0.0,0.3657838885842683
train,2015-580,1,336,34,1.0,0.7884238730566275
train,2015-580,1,336,35,1.0,0.63198174584949
train,2015-580,1,336,36,1.0,0.5394603045832052
train,2015-580,1,336,37,0.0,0.38848937650281934
train,2015-580,1,336,38,0.0,0.43591928078406367
train,2015-580,1,336,39,1.0,0.5283786462437758
train,2015-580,1,336,40,1.0,0.48851548079114737
train,2015-580,1,336,41,0.0,0.40008678319675683
train,2015-580,1,336,42,0.0,0.4974577964879406
train,2015-580,1,336,43,1.0,0.545011573060909
train,2015-580,1,336,44,0.0,0.4921167218008469
train,2015-580,1,336,45,0.0,0.4522413471205153
train,2015-580,1,336,46,1.0,0.5156715551505554
train,2015-580,1,336,47,0.0,0.44525047348683827
train,2015-580,1,336,48,0.0,0.09398606036062397
train,2015-580,1,336,49,1.0,0.32859936328702904
train,2015-580,1,336,50,0.0,0.4988655543646661
train,2015-580,1,336,51,1.0,0.6061283385768559
train,2015-580,1,336,52,1.0,0.9762332970422206
train,2015-580,1,336,53,1.0,0.5439790898263737
train,2015-580,1,336,54,1.0,0.5544066474803641
train,2015-580,1,336,55,1.0,0.63248195983047
train,2015-580,1,336,56,1.0,0.49763110432915053
train,2015-580,1,336,57,0.0,0.47885810210794927
train,2015-580,1,336,58,0.0,0.3788952939647602
train,2015-580,1,336,59,1.0,0.48811333577148514
train,2015-580,1,336,60,0.0,0.31480458742702955
train,2015-580,1,336,61,1.0,0.5292227036130267
train,2015-580,1,336,62,1.0,0.5010501769591986
train,2015-580,1,336,63,1.0,0.34850052881713234
train,2015-580,2,337,0,0.0,0.5076102026944626
train,2015-580,2,337,1,0.0,0.3866446942137427
train,2015-580,2,337,2,0.0,0.29995546001435597
train,2015-580,2,337,3,0.0,0.5317099159655954
train,2015-580,2,337,4,1.0,0.9871824861134619
train,2015-580,2,337,5,1.0,0.57111923312473
train,2015-580,2,337,6,0.0,0.5345423924998143
train,2015-580,2,337,7,0.0,0.34949009742887505
train,2015-580,2,337,8,1.0,0.4697177187673184
train,2015-580,2,337,9,1.0,0.36224458046070784
train,2015-580,2,337,10,1.0,0.5015928106798687
train,2015-580,2,337,11,1.0,0.8839791833853333
train,2015-580,2,337,12,1.0,0.4969563244261059
train,2015-580,2,337,13,0.0,0.4263574207779866
train,2015-580,2,337,14,1.0,0.7004222636600705
train,2015-580,2,337,15,1.0,0.4353514307184658
train,2015-580,2,337,16,0.0,0.415105685824599
train,2015-580,2,337,17,0.0,0.16118000344973418
train,2015-580,2,337,18,0.0,0.5120831639516921
train,2015-580,2,337,19,0.0,0.47546625912010054
train,2015-580,2,337,20,0.0,0.448771513631729
train,2015-580,2,337,21,0.0,0.1822423346655957
train,2015-580,2,337,22,1.0,0.6893101155437023
train,2015-580,2,337,23,0.0,0.5585179300659693
train,2015-580,2,337,24,0.0,0.5696524845018847
train,2015-580,2,337,25,1.0,0.6546568224353857
train,2015-580,2,337,26,1.0,0.45903460426358506
train,2015-580,2,337,27,0.0,0.3848299347553504
train,2015-580,2,337,28,0.0,0.2676499161123029
train,2015-580,2,337,29,0.0,0.0520194542309744
train,2015-580,2,337,30,0.0,0.3083328757494473
train,2015-580,2,337,31,1.0,0.983361445963692
train,2015-580,3,338,0,0.0,0.23423279884366516
train,2015-580,3,338,1,0.0,0.5942175801298368
train,2015-580,3,338,2,0.0,0.9332876925528286
train,2015-580,3,338,3,1.0,0.5623248600449465
train,2015-580,3,338,4,0.0,0.42346584153387284
train,2015-580,3,338,5,1.0,0.899050941773723
train,2015-580,3,338,6,1.0,0.9863386661994967
train,2015-580,3,338,7,0.0,0.5882567082961847
train,2015-580,3,338,8,0.0,0.4536173188347324
train,2015-580,3,338,9,0.0,0.22104357738780953
train,2015-580,3,338,10,1.0,0.7587776734761257
train,2015-580,3,338,11,1.0,0.5456963661879415
train,2015-580,3,338,12,1.0,0.7833072705495956
train,2015-580,3,338,13,0.0,0.3276746907537187
train,2015-580,3,338,14,1.0,0.6021400879165542
train,2015-580,3,338,15,1.0,0.9677795829405772
train,2015-580,4,339,0,0.0,0.5786617474892694
train,2015-580,4,339,1,1.0,0.8296584325302339
train,2015-580,4,339,2,1.0,0.9776528508099253
train,2015-580,4,339,3,1.0,0.7844571270476096
train,2015-580,4,339,4,1.0,0.33725048911090594
train,2015-580,4,339,5,1.0,0.7662956917525077
train,2015-580,4,339,6,1.0,0.5309118072584855
train,2015-580,4,339,7,0.0,0.01646974415189369
train,2015-580,5,340,0,0.0,0.12407119800568432
train,2015-580,5,340,1,0.0,0.9448017710786947
train,2015-580,5,340,2,1.0,0.5565815521649905
train,2015-580,5,340,3,0.0,0.03588501006885609
train,2015-580,6,341,0,0.0,0.36446220502174714
train,2015-580,6,341,1,1.0,0.9320717023626283
train,2015-580,7,342,0,0.0,0.12508358414760617
val,2016-0352,2,498,0,1.0,0.4863619864523125
val,2016-0352,2,498,1,0.0,0.3136897585050632
val,2016-0352,2,498,2,0.0,0.35719828930570974
val,2016-0352,2,498,3,0.0,0.40578313395472826
val,2016-0352,2,498,4,0.0,0.5697175889359023
val,2016-0352,2,498,5,0.0,0.616440280469173
val,2016-0352,2,498,6,0.0,0.5520278369111685
val,2016-0352,2,498,7,1.0,0.5376811192984842
val,2016-0352,2,498,8,1.0,0.4134815580737985
val,2016-0352,2,498,9,0.0,0.4570563761454581
val,2016-0352,2,498,10,1.0,0.531865445509445
val,2016-0352,2,498,11,1.0,0.5484634058450386
val,2016-0352,2,498,12,1.0,0.6372232852183204
val,2016-0352,2,498,13,0.0,0.5452860421761843
val,2016-0352,2,498,14,1.0,0.5425126127908805
val,2016-0352,2,498,15,1.0,0.5803038217925217
val,2016-0352,3,499,0,0.0,0.6848347034891317
val,2016-0352,3,499,1,0.0,0.8605164757381728
val,2016-0352,3,499,2,1.0,0.531455014646065
val,2016-0352,3,499,3,0.0,0.342332627209087
val,2016-0352,3,499,4,0.0,0.36624214791498144
val,2016-0352,3,499,5,1.0,0.989372201211825
val,2016-0352,3,499,6,0.0,0.3287877151607787
val,2016-0352,3,499,7,0.0,0.5600550542180484
val,2016-0352,3,499,8,0.0,0.2583481026223994
val,2016-0352,3,499,9,0.0,0.23554899353062209
val,2016-0352,3,499,10,0.0,0.45603247365997723
val,2016-0352,3,499,11,1.0,0.7882385496395145
val,2016-0352,3,499,12,0.0,0.4322561205768283
val,2016-0352,3,499,13,0.0,0.28259222680221746
val,2016-0352,3,499,14,1.0,0.9092655106381612
val,2016-0352,3,499,15,1.0,0.4559737852257848
val,2016-0352,4,500,0,1.0,0.9390559812334812
val,2016-0352,4,500,1,1.0,0.6886686991518954
val,2016-0352,4,500,2,0.0,0.3123973687538803
val,2016-0352,4,500,3,1.0,0.453806795255008
val,2016-0352,4,500,4,1.0,0.6334948118858655
val,2016-0352,4,500,5,1.0,0.6330044306455355
val,2016-0352,4,500,6,0.0,0.01981666876092805
val,2016-0352,4,500,7,0.0,0.6626860793830147
val,2016-0352,5,501,0,0.0,0.15383648651367757
val,2016-0352,5,501,1,0.0,0.5719814746158857
val,2016-0352,5,501,2,1.0,0.5880488708537223
val,2016-0352,5,501,3,1.0,0.02317037075498623
val,2016-0352,6,502,0,1.0,0.8987330425319722
val,2016-0352,6,502,1,0.0,0.6484722367238976
val,2016-0352,7,503,0,0.0,0.06909077889805808
val,2016-0410,2,441,0,1.0,0.5026689837966724
val,2016-0410,2,441,1,1.0,0.4895585196183345
val,2016-0410,2,441,2,0.0,0.565055939237867
val,2016-0410,2,441,3,1.0,0.5764767760646528
val,2016-0410,2,441,4,1.0,0.6986020435710657
val,2016-0410,2,441,5,1.0,0.5259636178923478
val,2016-0410,2,441,6,1.0,0.6061913168175168
val,2016-0410,2,441,7,1.0,0.6910680652763992
val,2016-0410,2,441,8,0.0,0.39320676297670326
val,2016-0410,2,441,9,0.0,0.4315593989838245
val,2016-0410,2,441,10,1.0,0.4654222393626487
val,2016-0410,2,441,11,0.0,0.5302617479017744
val,2016-0410,2,441,12,0.0,0.4782289311847293
val,2016-0410,2,441,13,0.0,0.3889031155774068
val,2016-0410,2,441,14,1.0,0.4867546955170153
val,2016-0410,2,441,15,1.0,0.4769767162021169
val,2016-0410,2,441,16,1.0,0.626727993461231
val,2016-0410,2,441,17,1.0,0.35119001456301624
val,2016-0410,2,441,18,1.0,0.7044769672985846
val,2016-0410,2,441,19,1.0,0.5006269187901049
val,2016-0410,2,441,20,1.0,0.5264111022640522
val,2016-0410,2,441,21,1.0,0.5638688191062916
val,2016-0410,2,441,22,0.0,0.43838134765601894
val,2016-0410,2,441,23,0.0,0.5897181526561267
val,2016-0410,3,442,0,1.0,0.5613895711896842
val,2016-0410,3,442,1,1.0,0.007872812884520406
val,2016-0410,3,442,2,1.0,0.6547516150231096
val,2016-0410,3,442,3,0.0,0.6437605645930968
val,2016-0410,3,442,4,0.0,0.05983347568054637
val,2016-0410,3,442,5,0.0,0.4262304224035181
val,2016-0410,3,442,6,1.0,0.3206607954896408
val,2016-0410,3,442,7,0.0,0.2267600111189353
val,2016-0410,3,442,8,1.0,0.9716012948747166
val,2016-0410,3,442,9,1.0,0.4765735400921085
val,2016-0410,3,442,10,0.0,0.5265962600232015
val,2016-0410,3,442,11,0.0,0.23100666679976484
val,2016-0410,3,442,12,0.0,0.35632568107716966
val,2016-0410,3,442,13,1.0,0.20534955421244275
val,2016-0410,3,442,14,1.0,0.5484124615659876
val,2016-0410,3,442,15,1.0,0.9338884967866691
val,2016-0410,4,443,0,0.0,0.08698036648874759
val,2016-0410,4,443,1,0.0,0.36655735267637096
val,2016-0410,4,443,2,1.0,0.9636021299079772
val,2016-0410,4,443,3,1.0,0.7401331936591068
val,2016-0410,4,443,4,1.0,0.9350413657092207
val,2016-0410,4,443,5,1.0,0.4559935663722703
val,2016-0410,4,443,6,1.0,0.5938806700384777
val,2016-0410,4,443,7,1.0,0.7267042138067951
val,2016-0410,5,444,0,0.0,0.1420971467197247
val,2016-0410,5,444,1,0.0,0.1398925978210086
val,2016-0410,5,444,2,1.0,0.13958138166643796
val,2016-0410,5,444,3,0.0,0.3988858459576446
val,2016-0410,6,445,0,0.0,0.28169465486253076
val,2016-0410,6,445,1,1.0,0.33325191752080624
val,2016-0410,7,446,0,1.0,0.9504848072822112
val,2016-0421,2,473,0,1.0,0.5797677487819546
val,2016-0421,2,473,1,1.0,0.4273068812310104
val,2016-0421,2,473,2,1.0,0.5318662045628983
val,2016-0421,2,473,3,0.0,0.42552129969597347
val,2016-0421,2,473,4,1.0,0.4874591592362026
val,2016-0421,2,473,5,0.0,0.4282978834592423
val,2016-0421,2,473,6,0.0,0.5235469650212906
val,2016-0421,2,473,7,0.0,0.4174903065784798
val,2016-0421,2,473,8,1.0,0.36837541504134846
val,2016-0421,2,473,9,0.0,0.3276601839708997
val,2016-0421,2,473,10,0.0,0.41969111514401164
val,2016-0421,2,473,11,1.0,0.627658702651034
val,2016-0421,2,473,12,1.0,0.3986628066595567
val,2016-0421,2,473,13,0.0,0.3700198847807793
val,2016-0421,2,473,14,0.0,0.5878781860472135
val,2016-0421,2,473,15,1.0,0.5331171456919992
val,2016-0421,2,473,16,0.0,0.5059381397267734
val,2016-0421,2,473,17,1.0,0.5152815201608064
val,2016-0421,2,473,18,0.0,0.36888545686796315
val,2016-0421,2,473,19,0.0,0.5461952629744176
val,2016-0421,2,473,20,0.0,0.5459741346317017
val,2016-0421,2,473,21,0.0,0.5084262275159656
val,2016-0421,2,473,22,1.0,0.602408733398468
val,2016-0421,2,473,23,0.0,0.5332600296716165
val,2016-0421,3,474,0,0.0,0.010580570627587388
val,2016-0421,3,474,1,0.0,0.41255622485390764
val,2016-0421,3,474,2,1.0,0.8105518080444057
val,2016-0421,3,474,3,0.0,0.27202042579620644
val,2016-0421,3,474,4,0.0,0.5073658281406198
val,2016-0421,3,474,5,1.0,0.6352860879034213
val,2016-0421,3,474,6,1.0,0.3927001709680656
val,2016-0421,3,474,7,1.0,0.6669272229886257
val,2016-0421,3,474,8,0.0,0.5701228732474847
val,2016-0421,3,474,9,0.0,0.6420043377640944
val,2016-0421,3,474,10,1.0,0.7824060123933227
val,2016-0421,3,474,11,1.0,0.518639863033228
val,2016-0421,3,474,12,1.0,0.3599394483355498
val,2016-0421,3,474,13,0.0,0.4938667789927494
val,2016-0421,3,474,14,1.0,0.7591539776175877
val,2016-0421,3,474,15,0.0,0.42212238263314944
val,2016-0421,4,475,0,0.0,0.20033150886627546
val,2016-0421,4,475,1,0.0,0.4249300776582738
val,2016-0421,4,475,2,1.0,0.5884476740969145
val,2016-0421,4,475,3,0.0,0.4626310019922769
val,2016-0421,4,475,4,0.0,0.25822413188256516
val,2016-0421,4,475,5,1.0,0.818037470900962
val,2016-0421,4,475,6,1.0,0.9883980468354544
val,2016-0421,4,475,7,1.0,0.7704908378398657
val,2016-0421,5,476,0,0.0,0.28190403553470855
val,2016-0421,5,476,1,0.0,0.3672548833796609
val,2016-0421,5,476,2,0.0,0.5917635116036021
val,2016-0421,5,476,3,1.0,0.9624838146379756
val,2016-0421,6,477,0,1.0,0.4315202181932189
val,2016-0421,6,477,1,1.0,0.983523933674446
val,2016-0421,7,478,0,1.0,0.9707020873379751
val,2016-5014,2,492,0,1.0,0.499999363061116
val,2016-5014,2,492,1,0.0,0.5
val,2016-5014,2,492,2,0.0,0.5000006480252046
val,2016-5014,2,492,3,1.0,0.49999978102390485
val,2016-5014,2,492,4,1.0,0.5000002335499283
val,2016-5014,2,492,5,0.0,0.5000006541212632
val,2016-5014,2,492,6,1.0,0.49999993739489607
val,2016-5014,2,492,7,1.0,0.4999999317524977
val,2016-5014,2,492,8,1.0,0.5000007808342204
val,2016-5014,2,492,9,0.0,0.5000005285424562
val,2016-5014,2,492,10,1.0,0.49999993739489607
val,2016-5014,2,492,11,1.0,0.5000001316465117
val,2016-5014,2,492,12,0.0,0.4999999726953283
val,2016-5014,2,492,13,0.0,0.500000105759528
val,2016-5014,2,492,14,0.0,0.5000007394660834
val,2016-5014,2,492,15,1.0,0.5000000988979179
val,2016-5014,2,492,16,0.0,0.5000000565941067
val,2016-5014,2,492,17,0.0,0.5000001624103422
val,2016-5014,2,492,18,0.0,0.49999976514579875
val,2016-5014,2,492,19,1.0,0.5
val,2016-5014,2,492,20,1.0,0.5000001316465117
val,2016-5014,2,492,21,0.0,0.5000001568530051
val,2016-5014,2,492,22,1.0,0.49999997533222806
val,2016-5014,2,492,23,0.0,0.4999993717373668
val,2016-5014,3,493,0,1.0,0.5000000239305742
val,2016-5014,3,493,1,1.0,0.5000005683794904
val,2016-5014,3,493,2,0.0,0.5000000580117948
val,2016-5014,3,493,3,0.0,0.5000005234671331
val,2016-5014,3,493,4,0.0,0.5
val,2016-5014,3,493,5,1.0,0.5000001020451854
val,2016-5014,3,493,6,1.0,0.5000001568813588
val,2016-5014,3,493,7,0.0,0.5000005742770726
val,2016-5014,3,493,8,0.0,0.49999989256760013
val,2016-5014,3,493,9,1.0,0.5000001289812582
val,2016-5014,3,493,10,1.0,0.49999984311864115
val,2016-5014,3,493,11,1.0,0.49999993739489607
val,2016-5014,3,493,12,0.0,0.5000001109199125
val,2016-5014,3,493,13,1.0,0.5000000256885073
val,2016-5014,3,493,14,0.0,0.5000001961796714
val,2016-5014,3,493,15,1.0,0.5000000364062289
val,2016-5014,4,494,0,0.0,0.4999999266204669
val,2016-5014,4,494,1,1.0,0.5
val,2016-5014,4,494,2,0.0,0.5000000579267334
val,2016-5014,4,494,3,0.0,0.500000116307127
val,2016-5014,4,494,4,1.0,0.49999987745504554
val,2016-5014,4,494,5,1.0,0.5000005922250031
val,2016-5014,4,494,6,1.0,0.4999998382985018
val,2016-5014,4,494,7,0.0,0.5000000596846667
val,2016-5014,5,495,0,0.0,0.4999998617754158
val,2016-5014,5,495,1,0.0,0.5000000990396867
val,2016-5014,5,495,2,1.0,0.4999999372531272
val,2016-5014,5,495,3,1.0,0.499999371709013
val,2016-5014,6,496,0,0.0,0.4999999010453747
val,2016-5014,6,496,1,0.0,0.5000000627468728
val,2016-5014,7,497,0,1.0,0.5000000989829791
val,2016-520,1,459,0,1.0,0.9357086695291243
val,2016-520,1,459,1,0.0,0.5008814253057974
val,2016-520,1,459,2,1.0,0.4651342360708577
val,2016-520,1,459,3,1.0,0.452614311021715
val,2016-520,1,459,4,0.0,0.4409650897740712
val,2016-520,1,459,5,1.0,0.4965737899287162
val,2016-520,1,459,6,0.0,0.3816480348225743
val,2016-520,1,459,7,1.0,0.609007650264235
val,2016-520,1,459,8,1.0,0.561618995463496
val,2016-520,1,459,9,0.0,0.4799890686471472
val,2016-520,1,459,10,1.0,0.35800998279308893
val,2016-520,1,459,11,1.0,0.4131147933348649
val,2016-520,1,459,12,0.0,0.45302633282224597
val,2016-520,1,459,13,0.0,0.5052716407333182
val,2016-520,1,459,14,1.0,0.9757884663020734
val,2016-520,1,459,15,0.0,0.20010895545831978
val,2016-520,1,459,16,1.0,0.4898127613960899
val,2016-520,1,459,17,1.0,0.4600698888623847
val,2016-520,1,459,18,1.0,0.5645507512219944
val,2016-520,1,459,19,1.0,0.6599266307879355
val,2016-520,1,459,20,1.0,0.5039558019670596
val,2016-520,1,459,21,0.0,0.41763571890198536
val,2016-520,1,459,22,1.0,0.7984814718359423
val,2016-520,1,459,23,1.0,0.5679622358619795
val,2016-520,1,459,24,0.0,0.5268664856820163
val,2016-520,1,459,25,1.0,0.5195628481708129
val,2016-520,1,459,26,0.0,0.4608775220293825
val,2016-520,1,459,27,1.0,0.4929798065906004
val,2016-520,1,459,28,1.0,0.5103464243239897
val,2016-520,1,459,29,1.0,0.5117647559432664
val,2016-520,1,459,30,0.0,0.007834357113030679
val,2016-520,1,459,31,1.0,0.4999994249006684
val,2016-520,1,459,32,0.0,0.49952859053989856
val,2016-520,1,459,33,0.0,0.477640739938735
val,2016-520,1,459,34,1.0,0.6402148523919656
val,2016-520,1,459,35,1.0,0.5765042022036709
val,2016-520,1,459,36,0.0,0.49612581284526697
val,2016-520,1,459,37,1.0,0.6378314936040054
val,2016-520,1,459,38,0.0,0.34835791428989504
val,2016-520,1,459,39,0.0,0.5723182882194814
val,2016-520,1,459,40,0.0,0.49185244105076675
val,2016-520,1,459,41,0.0,0.3706537181357577
val,2016-520,1,459,42,0.0,0.29906255867668957
val,2016-520,1,459,43,1.0,0.455663599908179
val,2016-520,1,459,44,1.0,0.5254763585898913
val,2016-520,1,459,45,1.0,0.7644064603842612
val,2016-520,1,459,46,0.0,0.447710331208371
val,2016-520,1,459,47,1.0,0.8099454152327845
val,2016-520,1,459,48,1.0,0.4642306917567054
val,2016-520,1,459,49,0.0,0.5012589090855645
val,2016-520,1,459,50,1.0,0.5750335319853841
val,2016-520,1,459,51,1.0,0.5007080037667248
val,2016-520,1,459,52,0.0,0.4930069768595069
val,2016-520,1,459,53,1.0,0.5198512901770168
val,2016-520,1,459,54,1.0,0.5062783825990576
val,2016-520,1,459,55,1.0,0.5352868916205076
val,2016-520,1,459,56,1.0,0.5170057327752624
val,2016-520,1,459,57,0.0,0.5005811532783474
val,2016-520,1,459,58,1.0,0.6636005241411199
val,2016-520,1,459,59,1.0,0.5152780066714
val,2016-520,1,459,60,1.0,0.7778202776675845
val,2016-520,1,459,61,0.0,0.501660606186104
val,2016-520,1,459,62,0.0,0.6602979816484363
val,2016-520,1,459,63,0.0,0.6216635858082618
val,2016-520,2,460,0,1.0,0.5295817419555106
val,2016-520,2,460,1,1.0,0.83287487368334
val,2016-520,2,460,2,1.0,0.5575496428632999
val,2016-520,2,460,3,0.0,0.3872043791629332
val,2016-520,2,460,4,0.0,0.2469401212284016
val,2016-520,2,460,5,1.0,0.45865684315395283
val,2016-520,2,460,6,1.0,0.6209945424177167
val,2016-520,2,460,7,1.0,0.7064505191657805
val,2016-520,2,460,8,0.0,0.35981914879943566
val,2016-520,2,460,9,0.0,0.42128170014361566
val,2016-520,2,460,10,1.0,0.48240294781932624
val,2016-520,2,460,11,1.0,0.6600522343621377
val,2016-520,2,460,12,1.0,0.41801947474150297
val,2016-520,2,460,13,1.0,0.5705236385866957
val,2016-520,2,460,14,1.0,0.7386054351057871
val,2016-520,2,460,15,1.0,0.5631690243779983
val,2016-520,2,460,16,1.0,0.6105053320474644
val,2016-520,2,460,17,0.0,0.46300630229060674
val,2016-520,2,460,18,1.0,0.5130295530311652
val,2016-520,2,460,19,1.0,0.5246981126998207
val,2016-520,2,460,20,1.0,0.9760757760491067
val,2016-520,2,460,21,0.0,0.18592400722090566
val,2016-520,2,460,22,1.0,0.5699943074519855
val,2016-520,2,460,23,0.0,0.3535964012984734
val,2016-520,2,460,24,0.0,0.28198677493555113
val,2016-520,2,460,25,0.0,0.045357851065517714
val,2016-520,2,460,26,1.0,0.47830564327446995
val,2016-520,2,460,27,1.0,0.4946562281697564
val,2016-520,2,460,28,1.0,0.6816375021868053
val,2016-520,2,460,29,0.0,0.007825100526583318
val,2016-520,2,460,30,1.0,0.6506934629026176
val,2016-520,2,460,31,1.0,0.5385819103389857
val,2016-520,3,461,0,0.0,0.0077962422263490976
val,2016-520,3,461,1,1.0,0.5899747532293929
val,2016-520,3,461,2,0.0,0.3184743323826062
val,2016-520,3,461,3,0.0,0.42009777673266
val,2016-520,3,461,4,1.0,0.9385035228017864
val,2016-520,3,461,5,0.0,0.39418036537033685
val,2016-520,3,461,6,1.0,0.6021446229981859
val,2016-520,3,461,7,0.0,0.23916123185817068
val,2016-520,3,461,8,1.0,0.3976903314471364
val,2016-520,3,461,9,1.0,0.4986358864833686
val,2016-520,3,461,10,0.0,0.2952501551855869
val,2016-520,3,461,11,1.0,0.292585892566457
val,2016-520,3,461,12,1.0,0.5120675045753459
val,2016-520,3,461,13,1.0,0.587419822506286
val,2016-520,3,461,14,1.0,0.03247930531255139
val,2016-520,3,461,15,1.0,0.7702857521454382
val,2016-520,4,462,0,0.0,0.07980858740462238
val,2016-520,4,462,1,1.0,0.3865501056392167
val,2016-520,4,462,2,0.0,0.21127528517531066
val,2016-520,4,462,3,1.0,0.32645372114249716
val,2016-520,4,462,4,0.0,0.48684562997607417
val,2016-520,4,462,5,1.0,0.49366212888584005
val,2016-520,4,462,6,1.0,0.9885634709255322
val,2016-520,4,462,7,1.0,0.5133301288880202
val,2016-520,5,463,0,0.0,0.11146158746411594
val,2016-520,5,463,1,1.0,0.8062799432124994
val,2016-520,5,463,2,1.0,0.48764875148353093
val,2016-520,5,463,3,1.0,0.9646136746783879
val,2016-520,6,464,0,0.0,0.189146006175355
val,2016-520,6,464,1,1.0,0.987967843081939
val,2016-520,7,465,0,1.0,0.8566590829920265
val,2016-540,1,466,0,1.0,0.9588498600211992
val,2016-540,1,466,1,0.0,0.5195160566423734
val,2016-540,1,466,2,0.0,0.4431974286301172
val,2016-540,1,466,3,1.0,0.4931256442382846
val,2016-540,1,466,4,0.0,0.4790424308504652
val,2016-540,1,466,5,1.0,0.6646892762634362
val,2016-540,1,466,6,0.0,0.4139973453144666
val,2016-540,1,466,7,0.0,0.3351299329946173
val,2016-540,1,466,8,1.0,0.5205740669264595
val,2016-540,1,466,9,1.0,0.43769701331636646
val,2016-540,1,466,10,0.0,0.40117202994594037
val,2016-540,1,466,11,0.0,0.4996133317593496
val,2016-540,1,466,12,0.0,0.5036561595550008
val,2016-540,1,466,13,0.0,0.06449628451635477
val,2016-540,1,466,14,0.0,0.3031769950703452
val,2016-540,1,466,15,0.0,0.5176447378934433
val,2016-540,1,466,16,1.0,0.5442254877522587
val,2016-540,1,466,17,1.0,0.4247096811763882
val,2016-540,1,466,18,1.0,0.3891250630448476
val,2016-540,1,466,19,1.0,0.6069584025201467
val,2016-540,1,466,20,0.0,0.47735987177343026
val,2016-540,1,466,21,1.0,0.6279805589040853
val,2016-540,1,466,22,1.0,0.7931039263924816
val,2016-540,1,466,23,1.0,0.5613286524258251
val,2016-540,1,466,24,0.0,0.4504358939884561
val,2016-540,1,466,25,0.0,0.6431102564342809
val,2016-540,1,466,26,0.0,0.46883245403079793
val,2016-540,1,466,27,0.0,0.443118150648914
val,2016-540,1,466,28,0.0,0.4755236052313439
val,2016-540,1,466,29,0.0,0.007383396447914339
val,2016-540,1,466,30,0.0,0.4717599024027368
val,2016-540,1,466,31,1.0,0.5122070262503936
val,2016-540,1,466,32,1.0,0.47691314506075516
val,2016-540,1,466,33,1.0,0.7834492869148905
val,2016-540,1,466,34,0.0,0.45080219317443654
val,2016-540,1,466,35,1.0,0.5740463413819945
val,2016-540,1,466,36,1.0,0.6462903363773355
val,2016-540,1,466,37,1.0,0.6218959281652405
val,2016-540,1,466,38,0.0,0.4565248245270997
val,2016-540,1,466,39,1.0,0.7765943848765843
val,2016-540,1,466,40,0.0,0.3923708177891191
val,2016-540,1,466,41,0.0,0.4991077604904146
val,2016-540,1,466,42,1.0,0.5675499962842798
val,2016-540,1,466,43,1.0,0.571367271653271
val,2016-540,1,466,44,1.0,0.5210141459792749
val,2016-540,1,466,45,1.0,0.6015922089272379
val,2016-540,1,466,46,1.0,0.703939135884719
val,2016-540,1,466,47,0.0,0.1710490200073028
val,2016-540,1,466,48,0.0,0.4643230693248334
val,2016-540,1,466,49,1.0,0.4923003333573864
val,2016-540,1,466,50,0.0,0.440551842471739
val,2016-540,1,466,51,1.0,0.6026337035477596
val,2016-540,1,466,52,0.0,0.44039901125978803
val,2016-540,1,466,53,0.0,0.5017051043011249
val,2016-540,1,466,54,1.0,0.5352393570063704
val,2016-540,1,466,55,1.0,0.5794406769213734
val,2016-540,1,466,56,0.0,0.4956914482784737
val,2016-540,1,466,57,0.0,0.2159178603061865
val,2016-540,1,466,58,0.0,0.39425731534595804
val,2016-540,1,466,59,0.0,0.5149958239723148
val,2016-540,1,466,60,1.0,0.4995582196565637
val,2016-540,1,466,61,0.0,0.6695335968014807
val,2016-540,1,466,62,1.0,0.571509578957096
val,2016-540,1,466,63,0.0,0.47029436314912354
val,2016-540,2,467,0,0.0,0.4902570465811577
val,2016-540,2,467,1,1.0,0.46926679793236037
val,2016-540,2,467,2,0.0,0.19579575463077822
val,2016-540,2,467,3,0.0,0.4156392065311612
val,2016-540,2,467,4,0.0,0.4239437909808224
val,2016-540,2,467,5,0.0,0.45493369147364454
val,2016-540,2,467,6,0.0,0.3107592196725844
val,2016-540,2,467,7,0.0,0.38233526060776396
val,2016-540,2,467,8,1.0,0.4767473533391134
val,2016-540,2,467,9,0.0,0.3509681457297769
val,2016-540,2,467,10,1.0,0.5741619151113677
val,2016-540,2,467,11,0.0,0.4624499285079966
val,2016-540,2,467,12,0.0,0.7523729527457658
val,2016-540,2,467,13,0.0,0.5689942802674898
val,2016-540,2,467,14,1.0,0.4320115035787746
val,2016-540,2,467,15,0.0,0.5175703972662464
val,2016-540,2,467,16,1.0,0.42257078843220164
val,2016-540,2,467,17,0.0,0.3572133023741395
val,2016-540,2,467,18,1.0,0.5037477945667763
val,2016-540,2,467,19,0.0,0.5878888360022556
val,2016-540,2,467,20,1.0,0.4011600818533285
val,2016-540,2,467,21,0.0,0.3938760560303083
val,2016-540,2,467,22,0.0,0.48610890899650877
val,2016-540,2,467,23,1.0,0.4331270856045479
val,2016-540,2,467,24,0.0,0.3871975244667927
val,2016-540,2,467,25,1.0,0.23651871372388464
val,2016-540,2,467,26,0.0,0.5469381800778573
val,2016-540,2,467,27,1.0,0.5154110414068944
val,2016-540,2,467,28,1.0,0.7460201213670528
val,2016-540,2,467,29,1.0,0.9549628862643237
val,2016-540,2,467,30,0.0,0.008439549964992505
val,2016-540,2,467,31,1.0,0.9386157526393586
val,2016-540,3,468,0,1.0,0.46607373382221373
val,2016-540,3,468,1,1.0,0.563198716383189
val,2016-540,3,468,2,1.0,0.9569841898961886
val,2016-540,3,468,3,1.0,0.4626348455891534
val,2016-540,3,468,4,1.0,0.655273600265076
val,2016-540,3,468,5,1.0,0.6812020563219913
val,2016-540,3,468,6,0.0,0.5570344396626769
val,2016-540,3,468,7,0.0,0.2233301048153981
val,2016-540,3,468,8,1.0,0.5354899546605443
val,2016-540,3,468,9,0.0,0.24912631474146296
val,2016-540,3,468,10,0.0,0.33727386476289795
val,2016-540,3,468,11,1.0,0.3588546086318159
val,2016-540,3,468,12,0.0,0.064907666257318
val,2016-540,3,468,13,1.0,0.6807842765390091
val,2016-540,3,468,14,0.0,0.4145994024461871
val,2016-540,3,468,15,1.0,0.010123039763454078
val,2016-540,4,469,0,0.0,0.0696443472573916
val,2016-540,4,469,1,1.0,0.575515473150175
val,2016-540,4,469,2,0.0,0.4970944563370938
val,2016-540,4,469,3,1.0,0.7781649547713216
val,2016-540,4,469,4,1.0,0.3511482182398471
val,2016-540,4,469,5,0.0,0.0739532088100925
val,2016-540,4,469,6,1.0,0.5996706319537908
val,2016-540,4,469,7,1.0,0.5526869417547934
val,2016-540,5,470,0,1.0,0.861074657789299
val,2016-540,5,470,1,0.0,0.22992908566114464
val,2016-540,5,470,2,0.0,0.12690696943557797
val,2016-540,5,470,3,1.0,0.5994667802411772
val,2016-540,6,471,0,1.0,0.8364318733183079
val,2016-540,6,471,1,1.0,0.14863094238889263
val,2016-540,7,472,0,1.0,0.8962883889028584
val,2016-560,1,485,0,0.0,0.04217047017201217
val,2016-560,1,485,1,0.0,0.5200610364695555
val,2016-560,1,485,2,0.0,0.4413052931495347
val,2016-560,1,485,3,1.0,0.5526468452930504
val,2016-560,1,485,4,0.0,0.49999990858747495
val,2016-560,1,485,5,0.0,0.3755984981047016
val,2016-560,1,485,6,1.0,0.5382092343968891
val,2016-560,1,485,7,0.0,0.4804261248416759
val,2016-560,1,485,8,1.0,0.5035891842294307
val,2016-560,1,485,9,0.0,0.446533040555045
val,2016-560,1,485,10,0.0,0.5017408120364566
val,2016-560,1,485,11,1.0,0.4912990402885142
val,2016-560,1,485,12,1.0,0.5949530290653672
val,2016-560,1,485,13,0.0,0.03820305495834321
val,2016-560,1,485,14,1.0,0.7458885752951488
val,2016-560,1,485,15,1.0,0.5762129393591059
val,2016-560,1,485,16,1.0,0.5271818318741848
val,2016-560,1,485,17,0.0,0.45709949130148997
val,2016-560,1,485,18,1.0,0.6563069898362031
val,2016-560,1,485,19,1.0,0.5310918397843418
val,2016-560,1,485,20,1.0,0.4751423340329493
val,2016-560,1,485,21,0.0,0.2198622933223013
val,2016-560,1,485,22,0.0,0.7138888660506052
val,2016-560,1,485,23,0.0,0.5083357731381292
val,2016-560,1,485,24,0.0,0.48242368887553655
val,2016-560,1,485,25,0.0,0.3515121304636386
val,2016-560,1,485,26,0.0,0.44163319046333993
val,2016-560,1,485,27,1.0,0.5079597551768443
val,2016-560,1,485,28,1.0,0.5652547217271652
val,2016-560,1,485,29,1.0,0.9901891811851351
val,2016-560,1,485,30,1.0,0.49523728111923354
val,2016-560,1,485,31,0.0,0.5225013393739858
val,2016-560,1,485,32,1.0,0.5998383912837931
val,2016-560,1,485,33,1.0,0.6154919464807438
val,2016-560,1,485,34,1.0,0.5001635793194262
val,2016-560,1,485,35,0.0,0.42055472411919176
val,2016-560,1,485,36,0.0,0.298722093841171
val,2016-560,1,485,37,0.0,0.388878330320978
val,2016-560,1,485,38,0.0,0.48139535015079804
val,2016-560,1,485,39,0.0,0.41603335064469193
val,2016-560,1,485,40,1.0,0.38618975885391915
val,2016-560,1,485,41,1.0,0.572917370370608
val,2016-560,1,485,42,1.0,0.5281147170531071
val,2016-560,1,485,43,0.0,0.43261644091826523
val,2016-560,1,485,44,0.0,0.29030541710100055
val,2016-560,1,485,45,0.0,0.4637068285870472
val,2016-560,1,485,46,1.0,0.5045976160166761
val,2016-560,1,485,47,0.0,0.22558226163199335
val,2016-560,1,485,48,0.0,0.34354303594221497
val,2016-560,1,485,49,1.0,0.4377062886665364
val,2016-560,1,485,50,1.0,0.4947584227251399
val,2016-560,1,485,51,1.0,0.49603564208514106
val,2016-560,1,485,52,1.0,0.48991712112944663
val,2016-560,1,485,53,0.0,0.5485241637487066
val,2016-560,1,485,54,0.0,0.445877359340891
val,2016-560,1,485,55,1.0,0.6301777200256943
val,2016-560,1,485,56,0.0,0.39199876902986136
val,2016-560,1,485,57,1.0,0.5174246915161159
val,2016-560,1,485,58,1.0,0.6106467997786551
val,2016-560,1,485,59,0.0,0.5526771438104701
val,2016-560,1,485,60,1.0,0.4533400567291822
val,2016-560,1,485,61,1.0,0.4522788985935921
val,2016-560,1,485,62,0.0,0.4429041432390236
val,2016-560,1,485,63,1.0,0.7227023725816466
val,2016-560,2,486,0,1.0,0.5721693106958101
val,2016-560,2,486,1,1.0,0.6899592895312668
val,2016-560,2,486,2,0.0,0.39085191674293884
val,2016-560,2,486,3,0.0,0.5444296182205626
val,2016-560,2,486,4,0.0,0.5515828777638889
val,2016-560,2,486,5,1.0,0.8307068048016444
val,2016-560,2,486,6,1.0,0.37514557496718504
val,2016-560,2,486,7,0.0,0.4467209546300568
val,2016-560,2,486,8,1.0,0.5595020876686712
val,2016-560,2,486,9,0.0,0.5527111098424966
val,2016-560,2,486,10,1.0,0.6027136849576827
val,2016-560,2,486,11,0.0,0.5688555988533683
val,2016-560,2,486,12,1.0,0.7913953967566604
val,2016-560,2,486,13,0.0,0.378820738007514
val,2016-560,2,486,14,1.0,0.6341907045823658
val,2016-560,2,486,15,1.0,0.5072719900444673
val,2016-560,2,486,16,1.0,0.5351091255705959
val,2016-560,2,486,17,0.0,0.31477448935544133
val,2016-560,2,486,18,0.0,0.4119928171648329
val,2016-560,2,486,19,0.0,0.4241731886751616
val,2016-560,2,486,20,0.0,0.5053140405053527
val,2016-560,2,486,21,0.0,0.050172754144057176
val,2016-560,2,486,22,1.0,0.7241027388930933
val,2016-560,2,486,23,0.0,0.4655118703822123
val,2016-560,2,486,24,0.0,0.6576884732705282
val,2016-560,2,486,25,1.0,0.7767231524563334
val,2016-560,2,486,26,0.0,0.47716831960259837
val,2016-560,2,486,27,0.0,0.36727801220417783
val,2016-560,2,486,28,0.0,0.735734072479619
val,2016-560,2,486,29,0.0,0.05677294011599046
val,2016-560,2,486,30,1.0,0.5856007973582991
val,2016-560,2,486,31,0.0,0.010505808929625136
val,2016-560,3,487,0,0.0,0.6142490586238355
val,2016-560,3,487,1,1.0,0.37205303117995975
val,2016-560,3,487,2,0.0,0.03884744713519001
val,2016-560,3,487,3,0.0,0.3296842926907728
val,2016-560,3,487,4,0.0,0.42910336351796347
val,2016-560,3,487,5,1.0,0.7269691552128167
val,2016-560,3,487,6,0.0,0.17866628985996094
val,2016-560,3,487,7,1.0,0.29780753720291775
val,2016-560,3,487,8,1.0,0.6041613862144883
val,2016-560,3,487,9,0.0,0.44966906586637484
val,2016-560,3,487,10,1.0,0.5864259593794734
val,2016-560,3,487,11,0.0,0.5325306446766951
val,2016-560,3,487,12,0.0,0.03971929430575655
val,2016-560,3,487,13,1.0,0.2892540110694404
val,2016-560,3,487,14,1.0,0.6401155601530591
val,2016-560,3,487,15,0.0,0.01211792548802788
val,2016-560,4,488,0,0.0,0.08469471529748489
val,2016-560,4,488,1,0.0,0.2738297063400536
val,2016-560,4,488,2,0.0,0.18263841390157332
val,2016-560,4,488,3,1.0,0.5229714532181743
val,2016-560,4,488,4,0.0,0.3840932695667686
val,2016-560,4,488,5,0.0,0.9551289642327958
val,2016-560,4,488,6,1.0,0.7406330364663529
val,2016-560,4,488,7,0.0,0.009218928068251524
val,2016-560,5,489,0,0.0,0.8728080880490172
val,2016-560,5,489,1,1.0,0.7212458015437219
val,2016-560,5,489,2,1.0,0.5763139533514415
val,2016-560,5,489,3,1.0,0.9706386583272284
val,2016-560,6,490,0,0.0,0.48115784234482467
val,2016-560,6,490,1,1.0,0.9820380940428182
val,2016-560,7,491,0,0.0,0.9603314473544307
val,2016-580,1,420,0,0.0,0.06339763544964475
val,2016-580,1,420,1,1.0,0.5200300976583889
val,2016-580,1,420,2,1.0,0.5905167047526273
val,2016-580,1,420,3,1.0,0.5233843873109851
val,2016-580,1,420,4,1.0,0.42729267812129074
val,2016-580,1,420,5,1.0,0.5093508636651275
val,2016-580,1,420,6,1.0,0.6779156387502135
val,2016-580,1,420,7,0.0,0.4624718196347466
val,2016-580,1,420,8,1.0,0.506819019144937
val,2016-580,1,420,9,0.0,0.4620811429559355
val,2016-580,1,420,10,1.0,0.5074263885001837
val,2016-580,1,420,11,0.0,0.32816477566739993
val,2016-580,1,420,12,0.0,0.5000000659508478
val,2016-580,1,420,13,0.0,0.37807384167083624
val,2016-580,1,420,14,1.0,0.9567244086859625
val,2016-580,1,420,15,0.0,0.3586720073819854
val,2016-580,1,420,16,1.0,0.5034939106196592
val,2016-580,1,420,17,1.0,0.4901859552915949
val,2016-580,1,420,18,1.0,0.5483589312299485
val,2016-580,1,420,19,0.0,0.526090354653199
val,2016-580,1,420,20,1.0,0.43847708745004715
val,2016-580,1,420,21,0.0,0.5117779755281407
val,2016-580,1,420,22,1.0,0.7380829731988631
val,2016-580,1,420,23,1.0,0.6231240170845024
val,2016-580,1,420,24,0.0,0.49403314221106687
val,2016-580,1,420,25,1.0,0.4876891616216498
val,2016-580,1,420,26,0.0,0.5706756614969924
val,2016-580,1,420,27,0.0,0.4150505260251487
val,2016-580,1,420,28,0.0,0.4992116862569587
val,2016-580,1,420,29,0.0,0.5587795946545823
val,2016-580,1,420,30,0.0,0.008584589308162948
val,2016-580,1,420,31,1.0,0.5131069453624836
val,2016-580,1,420,32,1.0,0.46430768733644817
val,2016-580,1,420,33,1.0,0.42002159322647864
val,2016-580,1,420,34,0.0,0.9463083647211109
val,2016-580,1,420,35,1.0,0.8322737340218238
val,2016-580,1,420,36,1.0,0.5014911150999062
val,2016-580,1,420,37,0.0,0.631216820998387
val,2016-580,1,420,38,0.0,0.4950501430865136
val,2016-580,1,420,39,0.0,0.4611255244150593
val,2016-580,1,420,40,1.0,0.6054760025274624
val,2016-580,1,420,41,1.0,0.5728816359178253
val,2016-580,1,420,42,1.0,0.4786176731522112
val,2016-580,1,420,43,0.0,0.32510305269800505
val,2016-580,1,420,44,0.0,0.502136709399419
val,2016-580,1,420,45,0.0,0.4499883526130786
val,2016-580,1,420,46,0.0,0.43305714704577336
val,2016-580,1,420,47,0.0,0.17362128783088554
val,2016-580,1,420,48,1.0,0.8422225168373321
val,2016-580,1,420,49,0.0,0.48708828115616337
val,2016-580,1,420,50,0.0,0.4515481095584418
val,2016-580,1,420,51,0.0,0.5206248884477074
val,2016-580,1,420,52,1.0,0.5972013819676575
val,2016-580,1,420,53,0.0,0.48552027284243104
val,2016-580,1,420,54,0.0,0.4910034217889551
val,2016-580,1,420,55,0.0,0.3434220027443554
val,2016-580,1,420,56,1.0,0.5063742646561028
val,2016-580,1,420,57,1.0,0.5546440845967484
val,2016-580,1,420,58,0.0,0.33943854559988196
val,2016-580,1,420,59,0.0,0.3480809759486475
val,2016-580,1,420,60,1.0,0.47818900341360954
val,2016-580,1,420,61,0.0,0.42767795233217343
val,2016-580,1,420,62,0.0,0.4690681959601128
val,2016-580,1,420,63,1.0,0.3412081663283245
val,2016-580,2,421,0,1.0,0.5164784366355242
val,2016-580,2,421,1,1.0,0.4931230484320655
val,2016-580,2,421,2,0.0,0.47692192368986613
val,2016-580,2,421,3,0.0,0.43021614894144566
val,2016-580,2,421,4,0.0,0.39488036048530134
val,2016-580,2,421,5,0.0,0.19213848894339852
val,2016-580,2,421,6,1.0,0.4589143717780595
val,2016-580,2,421,7,0.0,0.5351895538533815
val,2016-580,2,421,8,0.0,0.3201585276197176
val,2016-580,2,421,9,1.0,0.5937980919348393
val,2016-580,2,421,10,1.0,0.5099666352761802
val,2016-580,2,421,11,0.0,0.6008426300425793
val,2016-580,2,421,12,0.0,0.21137756371470515
val,2016-580,2,421,13,1.0,0.27446987292517044
val,2016-580,2,421,14,0.0,0.47086273528215955
val,2016-580,2,421,15,0.0,0.4127058934169169
val,2016-580,2,421,16,0.0,0.44060417819676645
val,2016-580,2,421,17,1.0,0.664089983514671
val,2016-580,2,421,18,1.0,0.5680759813645645
val,2016-580,2,421,19,0.0,0.5632572705182466
val,2016-580,2,421,20,1.0,0.677829592843807
val,2016-580,2,421,21,0.0,0.0705193837576446
val,2016-580,2,421,22,0.0,0.24498362789564324
val,2016-580,2,421,23,0.0,0.425153030131225
val,2016-580,2,421,24,0.0,0.21195408915257252
val,2016-580,2,421,25,0.0,0.3475972755831832
val,2016-580,2,421,26,1.0,0.45960430329001034
val,2016-580,2,421,27,1.0,0.6180554405141078
val,2016-580,2,421,28,0.0,0.16993336911149534
val,2016-580,2,421,29,1.0,0.9365470359208146
val,2016-580,2,421,30,1.0,0.9910929594131038
val,2016-580,2,421,31,0.0,0.49815881126759043
val,2016-580,3,422,0,1.0,0.4838624380801847
val,2016-580,3,422,1,0.0,0.36835718877300205
val,2016-580,3,422,2,0.0,0.06788652921429557
val,2016-580,3,422,3,0.0,0.4527193291260126
val,2016-580,3,422,4,1.0,0.8211637504088452
val,2016-580,3,422,5,0.0,0.16096393761531233
val,2016-580,3,422,6,0.0,0.3854490817322952
val,2016-580,3,422,7,1.0,0.6521446318716543
val,2016-580,3,422,8,1.0,0.5036194576678958
val,2016-580,3,422,9,0.0,0.23491869629532158
val,2016-580,3,422,10,1.0,0.3707543812010945
val,2016-580,3,422,11,0.0,0.48557324055229917
val,2016-580,3,422,12,0.0,0.08558314639193483
val,2016-580,3,422,13,0.0,0.3094108707078906
val,2016-580,3,422,14,1.0,0.7836747860961293
val,2016-580,3,422,15,1.0,0.9853520911982137
val,2016-580,4,423,0,1.0,0.9235296423167362
val,2016-580,4,423,1,1.0,0.7015765953066355
val,2016-580,4,423,2,0.0,0.7458311624993572
val,2016-580,4,423,3,0.0,0.37059707216271814
val,2016-580,4,423,4,1.0,0.7828407408381254
val,2016-580,4,423,5,0.0,0.056144951638529415
val,2016-580,4,423,6,1.0,0.4606749559031409
val,2016-580,4,423,7,0.0,0.01709613894114726
val,2016-580,5,424,0,1.0,0.7493266131720632
val,2016-580,5,424,1,1.0,0.5512451817215117
val,2016-580,5,424,2,0.0,0.17967853034706463
val,2016-580,5,424,3,0.0,0.02922269411434073
val,2016-580,6,425,0,0.0,0.133342688620497
val,2016-580,6,425,1,0.0,0.1739700537363074
val,2016-580,7,426,0,0.0,0.11139933103542642
val,2016-M006,1,427,0,0.0,0.4999999403436871
val,2016-M006,1,427,1,1.0,0.4999994597190867
val,2016-M006,1,427,2,1.0,0.50000047617306
val,2016-M006,1,427,3,0.0,0.500000098642734
val,2016-M006,1,427,4,0.0,0.5000005793807495
val,2016-M006,1,427,5,0.0,0.49999983481098925
val,2016-M006,1,427,6,0.0,0.4999997217645446
val,2016-M006,1,427,7,0.0,0.5000000596563129
val,2016-M006,1,427,8,1.0,0.5000000256317998
val,2016-M006,1,427,9,1.0,0.49999990586551396
val,2016-M006,1,427,10,0.0,0.4999994354766212
val,2016-M006,1,427,11,0.0,0.49999993396409087
val,2016-M006,1,427,12,0.0,0.5
val,2016-M006,1,427,13,0.0,0.49999971345689265
val,2016-M006,1,427,14,0.0,0.4999999625163282
val,2016-M006,1,427,15,1.0,0.5000002301191232
val,2016-M006,1,427,16,0.0,0.5000000394967888
val,2016-M006,1,427,17,0.0,0.4999999625163282
val,2016-M006,1,427,18,0.0,0.4999993894584672
val,2016-M006,1,427,19,1.0,0.5000006540362019
val,2016-M006,1,427,20,0.0,0.4999998208042314
val,2016-M006,1,427,21,0.0,0.49999928752669703
val,2016-M006,1,427,22,0.0,0.49999979332943706
val,2016-M006,1,427,23,0.0,0.4999994053082196
val,2016-M006,1,427,24,0.0,0.4999991472889958
val,2016-M006,1,427,25,0.0,0.5000000256317998
val,2016-M006,1,427,26,1.0,0.4999999353534252
val,2016-M006,1,427,27,0.0,0.5000000244976494
val,2016-M006,1,427,28,0.0,0.4999999736310024
val,2016-M006,1,427,29,1.0,0.4999993639684363
val,2016-M006,1,427,30,1.0,0.49999993730983483
val,2016-M006,1,427,31,0.0,0.49999930865024883
val,2016-M006,2,428,0,1.0,0.5000006105415327
val,2016-M006,2,428,1,1.0,0.500000062605104
val,2016-M006,2,428,2,1.0,0.4999999726953283
val,2016-M006,2,428,3,1.0,0.5
val,2016-M006,2,428,4,0.0,0.4999999196454417
val,2016-M006,2,428,5,0.0,0.5000006181119869
val,2016-M006,2,428,6,0.0,0.4999999434058932
val,2016-M006,2,428,7,0.0,0.5000004655120459
val,2016-M006,2,428,8,0.0,0.5000000709694634
val,2016-M006,2,428,9,1.0,0.4999999735459411
val,2016-M006,2,428,10,0.0,0.5000001225733083
val,2016-M006,2,428,11,1.0,0.5000004416948868
val,2016-M006,2,428,12,0.0,0.49999993739489607
val,2016-M006,2,428,13,0.0,0.4999999741980776
val,2016-M006,2,428,14,1.0,0.4999999338223221
val,2016-M006,2,428,15,0.0,0.5000000988979179
val,2016-M006,2,428,16,1.0,0.5000001981927885
val,2016-M006,2,428,17,0.0,0.5000000596846667
val,2016-M006,2,428,18,0.0,0.500000138252938
val,2016-M006,2,428,19,0.0,0.49999984629426236
val,2016-M006,2,428,20,1.0,0.49999989801152217
val,2016-M006,2,428,21,1.0,0.5000006666819792
val,2016-M006,2,428,22,0.0,0.500000062605104
val,2016-M006,2,428,23,0.0,0.5000000258019224
val,2016-M006,2,428,24,0.0,0.5000006105415327
val,2016-M006,2,428,25,1.0,0.5000000348184184
val,2016-M006,2,428,26,0.0,0.499999803763621
val,2016-M006,2,428,27,1.0,0.5000000596846667
val,2016-M006,2,428,28,0.0,0.5000000223711173
val,2016-M006,2,428,29,1.0,0.5000006914915199
val,2016-M006,2,428,30,1.0,0.5
val,2016-M006,2,428,31,0.0,0.49999944925654893
val,2016-M006,3,429,0,1.0,0.49999968626563607
val,2016-M006,3,429,1,0.0,0.5000001289812582
val,2016-M006,3,429,2,1.0,0.5000000395534964
val,2016-M006,3,429,3,0.0,0.4999998835794579
val,2016-M006,3,429,4,1.0,0.49999933323295953
val,2016-M006,3,429,5,0.0,0.5
val,2016-M006,3,429,6,0.0,0.49999982083258515
val,2016-M006,3,429,7,1.0,0.49999997275203584
val,2016-M006,3,429,8,0.0,0.5000000735213019
val,2016-M006,3,429,9,0.0,0.49999938168953684
val,2016-M006,3,429,10,0.0,0.4999999058088065
val,2016-M006,3,429,11,1.0,0.5
val,2016-M006,3,429,12,1.0,0.4999994490580726
val,2016-M006,3,429,13,1.0,0.5000001289812582
val,2016-M006,3,429,14,1.0,0.5000006734018205
val,2016-M006,3,429,15,1.0,0.4999998835794579
val,2016-M006,4,430,0,1.0,0.49999938925999093
val,2016-M006,4,430,1,0.0,0.5000000395534964
val,2016-M006,4,430,2,0.0,0.4999995331836811
val,2016-M006,4,430,3,1.0,0.4999996487252566
val,2016-M006,4,430,4,0.0,0.5
val,2016-M006,4,430,5,1.0,0.5000000375970869
val,2016-M006,4,430,6,1.0,0.5000001793375375
val,2016-M006,4,430,7,0.0,0.5000005945216578
val,2016-M006,5,431,0,1.0,0.5
val,2016-M006,5,431,1,0.0,0.49999928772517327
val,2016-M006,5,431,2,1.0,0.4999997812223811
val,2016-M006,5,431,3,1.0,0.5000000343647582
val,2016-M006,6,432,0,1.0,0.49999941659301644
val,2016-M006,6,432,1,0.0,0.49999980367855984
val,2016-M006,7,433,0,0.0,0.5000000941061323
val,2016-M007,1,434,0,0.0,0.4905771286535562
val,2016-M007,1,434,1,1.0,0.5390000302877943
val,2016-M007,1,434,2,1.0,0.478189577560125
val,2016-M007,1,434,3,1.0,0.45971635631797264
val,2016-M007,1,434,4,0.0,0.5360320675312127
val,2016-M007,1,434,5,1.0,0.5145800899529792
val,2016-M007,1,434,6,0.0,0.4669243612011614
val,2016-M007,1,434,7,1.0,0.5044026259897473
val,2016-M007,1,434,8,1.0,0.5035716291614172
val,2016-M007,1,434,9,0.0,0.42946198375846517
val,2016-M007,1,434,10,1.0,0.5327513186328777
val,2016-M007,1,434,11,1.0,0.4592389920417708
val,2016-M007,1,434,12,1.0,0.5823461468028491
val,2016-M007,1,434,13,0.0,0.4851259294962337
val,2016-M007,1,434,14,1.0,0.5254807983450941
val,2016-M007,1,434,15,0.0,0.55080768163362
val,2016-M007,1,434,16,0.0,0.5022041188553212
val,2016-M007,1,434,17,0.0,0.4734608067232464
val,2016-M007,1,434,18,1.0,0.5155342752987259
val,2016-M007,1,434,19,1.0,0.5280509509460437
val,2016-M007,1,434,20,1.0,0.493568005214647
val,2016-M007,1,434,21,1.0,0.5194514321320861
val,2016-M007,1,434,22,0.0,0.39289507894786024
val,2016-M007,1,434,23,0.0,0.3089870802723332
val,2016-M007,1,434,24,0.0,0.511557902402155
val,2016-M007,1,434,25,0.0,0.46643123688907845
val,2016-M007,1,434,26,0.0,0.5006234360463953
val,2016-M007,1,434,27,0.0,0.5084660738181156
val,2016-M007,1,434,28,0.0,0.47323318988270047
val,2016-M007,1,434,29,1.0,0.5064289031490576
val,2016-M007,1,434,30,1.0,0.5069562606844839
val,2016-M007,1,434,31,0.0,0.49515418097038616
val,2016-M007,2,435,0,1.0,0.4887332918167052
val,2016-M007,2,435,1,1.0,0.9922406014537458
val,2016-M007,2,435,2,0.0,0.6744283671236684
val,2016-M007,2,435,3,1.0,0.5689829588691633
val,2016-M007,2,435,4,0.0,0.4410409092225725
val,2016-M007,2,435,5,1.0,0.4545473668102084
val,2016-M007,2,435,6,0.0,0.49213923046723024
val,2016-M007,2,435,7,0.0,0.18048650654307496
val,2016-M007,2,435,8,1.0,0.3775872857376042
val,2016-M007,2,435,9,0.0,0.3749018716353865
val,2016-M007,2,435,10,0.0,0.43330623199232315
val,2016-M007,2,435,11,0.0,0.49803107262509433
val,2016-M007,2,435,12,1.0,0.6754660782176819
val,2016-M007,2,435,13,0.0,0.5627443228343757
val,2016-M007,2,435,14,1.0,0.6798670532131933
val,2016-M007,2,435,15,0.0,0.17446540015620218
val,2016-M007,2,435,16,1.0,0.025948828440717938
val,2016-M007,2,435,17,1.0,0.49565054707514955
val,2016-M007,2,435,18,1.0,0.46800906688785265
val,2016-M007,2,435,19,0.0,0.307321809316606
val,2016-M007,2,435,20,0.0,0.6627578433833247
val,2016-M007,2,435,21,0.0,0.4666575933849165
val,2016-M007,2,435,22,1.0,0.4526335461616347
val,2016-M007,2,435,23,0.0,0.838588747282897
val,2016-M007,2,435,24,1.0,0.5005111583038777
val,2016-M007,2,435,25,0.0,0.4370722640396004
val,2016-M007,2,435,26,0.0,0.2645576345768252
val,2016-M007,2,435,27,1.0,0.6495077994919514
val,2016-M007,2,435,28,0.0,0.2470316603681929
val,2016-M007,2,435,29,1.0,0.6403637348127821
val,2016-M007,2,435,30,0.0,0.07140775882580881
val,2016-M007,2,435,31,0.0,0.443792402870776
val,2016-M007,3,436,0,1.0,0.5172710242271304
val,2016-M007,3,436,1,0.0,0.7228835379958776
val,2016-M007,3,436,2,1.0,0.6525979202104498
val,2016-M007,3,436,3,0.0,0.411739332463913
val,2016-M007,3,436,4,1.0,0.595412613648937
val,2016-M007,3,436,5,1.0,0.6721107009066167
val,2016-M007,3,436,6,0.0,0.46319484171258885
val,2016-M007,3,436,7,1.0,0.4707721965832271
val,2016-M007,3,436,8,0.0,0.00870609737736015
val,2016-M007,3,436,9,1.0,0.5671752114368319
val,2016-M007,3,436,10,1.0,0.6385781170028568
val,2016-M007,3,436,11,1.0,0.8172628131267043
val,2016-M007,3,436,12,1.0,0.2769365905117044
val,2016-M007,3,436,13,0.0,0.489566141415663
val,2016-M007,3,436,14,0.0,0.8156375298457528
val,2016-M007,3,436,15,1.0,0.1176164015916409
val,2016-M007,4,437,0,0.0,0.3135608076289103
val,2016-M007,4,437,1,1.0,0.9889627780614371
val,2016-M007,4,437,2,1.0,0.6587707137042146
val,2016-M007,4,437,3,1.0,0.5573971606393577
val,2016-M007,4,437,4,1.0,0.6311875825737971
val,2016-M007,4,437,5,0.0,0.3518210201882042
val,2016-M007,4,437,6,1.0,0.5471677927596812
val,2016-M007,4,437,7,1.0,0.455192788276617
val,2016-M007,5,438,0,0.0,0.038934614966468994
val,2016-M007,5,438,1,1.0,0.40653753417670346
val,2016-M007,5,438,2,0.0,0.6088157337737597
val,2016-M007,5,438,3,0.0,0.38220079829820863
val,2016-M007,6,439,0,0.0,0.011065959189739863
val,2016-M007,6,439,1,0.0,0.3192096410010557
val,2016-M007,7,440,0,0.0,0.02571458406697494
val,2016-M009,2,453,0,0.0,0.46463140942112524
val,2016-M009,2,453,1,1.0,0.5910841986439062
val,2016-M009,2,453,2,1.0,0.5639107240467276
val,2016-M009,2,453,3,1.0,0.5223845688947909
val,2016-M009,2,453,4,1.0,0.4604811127150068
val,2016-M009,2,453,5,0.0,0.46655145160950584
val,2016-M009,2,453,6,1.0,0.5760194295894133
val,2016-M009,2,453,7,0.0,0.5293417824362786
val,2016-M009,2,453,8,0.0,0.1990869720596016
val,2016-M009,2,453,9,1.0,0.40834696476904997
val,2016-M009,2,453,10,1.0,0.5112560480429708
val,2016-M009,2,453,11,0.0,0.4757647798492622
val,2016-M009,2,453,12,1.0,0.4992899619684388
val,2016-M009,2,453,13,0.0,0.345911875762787
val,2016-M009,2,453,14,0.0,0.509659147671438
val,2016-M009,2,453,15,0.0,0.42245977832008896
val,2016-M009,2,453,16,0.0,0.6331078514556969
val,2016-M009,2,453,17,1.0,0.4713161121561969
val,2016-M009,2,453,18,1.0,0.6261922131592371
val,2016-M009,2,453,19,1.0,0.6475615573348965
val,2016-M009,2,453,20,1.0,0.3352616876721608
val,2016-M009,2,453,21,0.0,0.46609734567076977
val,2016-M009,2,453,22,1.0,0.45746696882868404
val,2016-M009,2,453,23,1.0,0.7126923592420091
val,2016-M009,3,454,0,1.0,0.9918400836524837
val,2016-M009,3,454,1,1.0,0.5117940814907118
val,2016-M009,3,454,2,0.0,0.5969496442315836
val,2016-M009,3,454,3,1.0,0.9594899532144282
val,2016-M009,3,454,4,1.0,0.7568836041284388
val,2016-M009,3,454,5,0.0,0.4539672196599223
val,2016-M009,3,454,6,1.0,0.6136559518547203
val,2016-M009,3,454,7,0.0,0.2580930169795862
val,2016-M009,3,454,8,0.0,0.5449875150307478
val,2016-M009,3,454,9,1.0,0.9413899167619307
val,2016-M009,3,454,10,1.0,0.43739715288774933
val,2016-M009,3,454,11,1.0,0.7905204744398816
val,2016-M009,3,454,12,0.0,0.19857129847053318
val,2016-M009,3,454,13,0.0,0.4337174811956129
val,2016-M009,3,454,14,1.0,0.5045169251954054
val,2016-M009,3,454,15,0.0,0.0592593421843849
val,2016-M009,4,455,0,1.0,0.9159011445171098
val,2016-M009,4,455,1,1.0,0.24447972244653185
val,2016-M009,4,455,2,0.0,0.7740856853729448
val,2016-M009,4,455,3,0.0,0.4028822013025618
val,2016-M009,4,455,4,1.0,0.0725925976284277
val,2016-M009,4,455,5,1.0,0.9619628092018814
val,2016-M009,4,455,6,0.0,0.010531473178879359
val,2016-M009,4,455,7,1.0,0.21975058158066096
val,2016-M009,5,456,0,1.0,0.912739696302808
val,2016-M009,5,456,1,1.0,0.45863655367271455
val,2016-M009,5,456,2,1.0,0.7078640392543608
val,2016-M009,5,456,3,1.0,0.7316155209978176
val,2016-M009,6,457,0,1.0,0.9249570463058499
val,2016-M009,6,457,1,1.0,0.9723142355849853
val,2016-M009,7,458,0,0.0,0.8921161518186994
val,2016-M021,2,447,0,1.0,0.5399081064235028
val,2016-M021,2,447,1,1.0,0.5639462950485704
val,2016-M021,2,447,2,1.0,0.32466455070608047
val,2016-M021,2,447,3,0.0,0.38389388946250247
val,2016-M021,2,447,4,1.0,0.7688730332765444
val,2016-M021,2,447,5,0.0,0.5785654501077967
val,2016-M021,2,447,6,1.0,0.4965755729563459
val,2016-M021,2,447,7,0.0,0.5219861719668324
val,2016-M021,2,447,8,1.0,0.4455608249256291
val,2016-M021,2,447,9,1.0,0.5469439861094185
val,2016-M021,2,447,10,1.0,0.4416504524554346
val,2016-M021,2,447,11,1.0,0.565758187630358
val,2016-M021,2,447,12,1.0,0.4893759289693866
val,2016-M021,2,447,13,1.0,0.6420946728827839
val,2016-M021,2,447,14,1.0,0.4099154877255562
val,2016-M021,2,447,15,1.0,0.6179430917670676
val,2016-M021,2,447,16,1.0,0.6482133952986502
val,2016-M021,2,447,17,0.0,0.3655369585501956
val,2016-M021,2,447,18,0.0,0.5832632302234695
val,2016-M021,2,447,19,0.0,0.40973515768043
val,2016-M021,2,447,20,1.0,0.4028113643433289
val,2016-M021,2,447,21,0.0,0.4588869828136744
val,2016-M021,2,447,22,0.0,0.29458818676354914
val,2016-M021,2,447,23,1.0,0.6069723037344552
val,2016-M021,3,448,0,1.0,0.4221285231486498
val,2016-M021,3,448,1,0.0,0.41244493917248237
val,2016-M021,3,448,2,1.0,0.7741319881173668
val,2016-M021,3,448,3,1.0,0.216342894740894
val,2016-M021,3,448,4,0.0,0.6261354902764884
val,2016-M021,3,448,5,1.0,0.5182848541843705
val,2016-M021,3,448,6,1.0,0.6405612846182476
val,2016-M021,3,448,7,0.0,0.025445492029388006
val,2016-M021,3,448,8,0.0,0.00980476888683587
val,2016-M021,3,448,9,1.0,0.47101363556295267
val,2016-M021,3,448,10,0.0,0.5964345754249547
val,2016-M021,3,448,11,1.0,0.45780578032930846
val,2016-M021,3,448,12,1.0,0.8134421398569199
val,2016-M021,3,448,13,0.0,0.20198799173419757
val,2016-M021,3,448,14,0.0,0.34131710146938693
val,2016-M021,3,448,15,1.0,0.9040180098229751
val,2016-M021,4,449,0,0.0,0.1290209807895183
val,2016-M021,4,449,1,1.0,0.49500959304971465
val,2016-M021,4,449,2,0.0,0.02774518889723504
val,2016-M021,4,449,3,1.0,0.5926525042905372
val,2016-M021,4,449,4,0.0,0.45001613721893635
val,2016-M021,4,449,5,0.0,0.6211176881474715
val,2016-M021,4,449,6,1.0,0.9858046907927823
val,2016-M021,4,449,7,1.0,0.5037250298096024
val,2016-M021,5,450,0,0.0,0.312624392547768
val,2016-M021,5,450,1,0.0,0.25260731162688205
val,2016-M021,5,450,2,0.0,0.0239285201581758
val,2016-M021,5,450,3,0.0,0.023117290679625285
val,2016-M021,6,451,0,0.0,0.7515514485609641
val,2016-M021,6,451,1,0.0,0.03323050199711952
val,2016-M021,7,452,0,1.0,0.8651902539200077
val,2016-M024,2,479,0,0.0,0.3106480387028193
val,2016-M024,2,479,1,1.0,0.40424971433137546
val,2016-M024,2,479,2,0.0,0.4848420964701053
val,2016-M024,2,479,3,1.0,0.6503777157239641
val,2016-M024,2,479,4,1.0,0.24281688593628925
val,2016-M024,2,479,5,0.0,0.4831191741483128
val,2016-M024,2,479,6,1.0,0.38810481199118174
val,2016-M024,2,479,7,0.0,0.5441797453062379
val,2016-M024,2,479,8,0.0,0.449316845890565
val,2016-M024,2,479,9,1.0,0.6673729038833935
val,2016-M024,2,479,10,1.0,0.54111857930024
val,2016-M024,2,479,11,1.0,0.5016239231665496
val,2016-M024,2,479,12,0.0,0.5687311993577975
val,2016-M024,2,479,13,0.0,0.33522977537347387
val,2016-M024,2,479,14,0.0,0.4549199942782092
val,2016-M024,2,479,15,1.0,0.5194733632639078
val,2016-M024,2,479,16,0.0,0.4479408227260867
val,2016-M024,2,479,17,0.0,0.384495884532286
val,2016-M024,2,479,18,0.0,0.4601008296552662
val,2016-M024,2,479,19,1.0,0.5960742844446044
val,2016-M024,2,479,20,1.0,0.5052880985963542
val,2016-M024,2,479,21,1.0,0.43415725239589187
val,2016-M024,2,479,22,0.0,0.5274250176572707
val,2016-M024,2,479,23,1.0,0.6243645678733318
val,2016-M024,3,480,0,0.0,0.5525246279744026
val,2016-M024,3,480,1,1.0,0.9400539120816764
val,2016-M024,3,480,2,1.0,0.41859270476623905
val,2016-M024,3,480,3,1.0,0.7251074742600933
val,2016-M024,3,480,4,0.0,0.5383999198128351
val,2016-M024,3,480,5,1.0,0.4191595099971745
val,2016-M024,3,480,6,1.0,0.6095610092885585
val,2016-M024,3,480,7,1.0,0.6111586670915045
val,2016-M024,3,480,8,1.0,0.7483496860220047
val,2016-M024,3,480,9,1.0,0.6071321517749716
val,2016-M024,3,480,10,1.0,0.39664468829796334
val,2016-M024,3,480,11,0.0,0.040667657016937295
val,2016-M024,3,480,12,0.0,0.5333504675272257
val,2016-M024,3,480,13,0.0,0.21967350852858247
val,2016-M024,3,480,14,1.0,0.5245524355217094
val,2016-M024,3,480,15,1.0,0.8193421486868737
val,2016-M024,4,481,0,1.0,0.3141635710995793
val,2016-M024,4,481,1,1.0,0.25003970100644485
val,2016-M024,4,481,2,1.0,0.31912031669455343
val,2016-M024,4,481,3,1.0,0.42856271799078693
val,2016-M024,4,481,4,1.0,0.7420276059507876
val,2016-M024,4,481,5,1.0,0.26202947797386306
val,2016-M024,4,481,6,0.0,0.0733697030522057
val,2016-M024,4,481,7,0.0,0.9643726628404592
val,2016-M024,5,482,0,0.0,0.3642351390230671
val,2016-M024,5,482,1,1.0,0.6485656449944437
val,2016-M024,5,482,2,0.0,0.36225135515670176
val,2016-M024,5,482,3,0.0,0.05572581326129282
val,2016-M024,6,483,0,0.0,0.49496723905478385
val,2016-M024,6,483,1,1.0,0.8955262184498949
val,2016-M024,7,484,0,1.0,0.08617113719294121
