phase,tourney_id,round_order,block_idx,row_in_block,y_true,probability
test,2017-0352,2,582,0,0.0,0.36838048696517944
test,2017-0352,2,582,1,0.0,0.33206140995025635
test,2017-0352,2,582,2,1.0,0.6820074915885925
test,2017-0352,2,582,3,1.0,0.3413313925266266
test,2017-0352,2,582,4,1.0,0.6059632301330566
test,2017-0352,2,582,5,0.0,0.7003461122512817
test,2017-0352,2,582,6,1.0,0.3350827693939209
test,2017-0352,2,582,7,1.0,0.24632628262043
test,2017-0352,2,582,8,1.0,0.811789333820343
test,2017-0352,2,582,9,0.0,0.4612565338611603
test,2017-0352,2,582,10,0.0,0.481103777885437
test,2017-0352,2,582,11,1.0,0.426140159368515
test,2017-0352,2,582,12,1.0,0.4909329116344452
test,2017-0352,2,582,13,1.0,0.46562817692756653
test,2017-0352,2,582,14,0.0,0.6251333355903625
test,2017-0352,2,582,15,1.0,0.6437162756919861
test,2017-0352,3,583,0,0.0,0.0967627465724945
test,2017-0352,3,583,1,0.0,0.4761790335178375
test,2017-0352,3,583,2,1.0,0.31909942626953125
test,2017-0352,3,583,3,0.0,0.7745334506034851
test,2017-0352,3,583,4,0.0,0.77840256690979
test,2017-0352,3,583,5,0.0,0.20919091999530792
test,2017-0352,3,583,6,0.0,0.22750695049762726
test,2017-0352,3,583,7,0.0,0.6202367544174194
test,2017-0352,3,583,8,1.0,0.8082430958747864
test,2017-0352,3,583,9,1.0,0.6840323209762573
test,2017-0352,3,583,10,1.0,0.7280644774436951
test,2017-0352,3,583,11,0.0,0.13843704760074615
test,2017-0352,3,583,12,0.0,0.8465851545333862
test,2017-0352,3,583,13,1.0,0.4454885721206665
test,2017-0352,3,583,14,1.0,0.7206535339355469
test,2017-0352,3,583,15,1.0,0.2610546052455902
test,2017-0352,4,584,0,1.0,0.6992217302322388
test,2017-0352,4,584,1,1.0,0.2832673192024231
test,2017-0352,4,584,2,0.0,0.40939873456954956
test,2017-0352,4,584,3,1.0,0.13793662190437317
test,2017-0352,4,584,4,1.0,0.6032475829124451
test,2017-0352,4,584,5,0.0,0.19189514219760895
test,2017-0352,4,584,6,0.0,0.6143093705177307
test,2017-0352,4,584,7,1.0,0.8719578981399536
test,2017-0352,5,585,0,0.0,0.43594929575920105
test,2017-0352,5,585,1,0.0,0.29259568452835083
test,2017-0352,5,585,2,0.0,0.822934627532959
test,2017-0352,5,585,3,0.0,0.9292058944702148
test,2017-0352,6,586,0,0.0,0.8589094877243042
test,2017-0352,6,586,1,1.0,0.8029541969299316
test,2017-0352,7,587,0,1.0,0.8012403249740601
test,2017-0410,2,525,0,0.0,0.3023483455181122
test,2017-0410,2,525,1,1.0,0.782828152179718
test,2017-0410,2,525,2,0.0,0.6355394721031189
test,2017-0410,2,525,3,0.0,0.5869389176368713
test,2017-0410,2,525,4,0.0,0.11704458296298981
test,2017-0410,2,525,5,0.0,0.5519002676010132
test,2017-0410,2,525,6,1.0,0.4896591901779175
test,2017-0410,2,525,7,1.0,0.8136097192764282
test,2017-0410,2,525,8,1.0,0.5972346663475037
test,2017-0410,2,525,9,1.0,0.825774610042572
test,2017-0410,2,525,10,1.0,0.32106614112854004
test,2017-0410,2,525,11,0.0,0.5086339116096497
test,2017-0410,2,525,12,0.0,0.6061628460884094
test,2017-0410,2,525,13,0.0,0.35446688532829285
test,2017-0410,2,525,14,0.0,0.5740669369697571
test,2017-0410,2,525,15,0.0,0.6065949201583862
test,2017-0410,2,525,16,1.0,0.6819776892662048
test,2017-0410,2,525,17,1.0,0.4364946484565735
test,2017-0410,2,525,18,1.0,0.4181675314903259
test,2017-0410,2,525,19,0.0,0.41424641013145447
test,2017-0410,2,525,20,1.0,0.35771307349205017
test,2017-0410,2,525,21,1.0,0.5807115435600281
test,2017-0410,2,525,22,0.0,0.5089865922927856
test,2017-0410,2,525,23,1.0,0.8459991812705994
test,2017-0410,3,526,0,0.0,0.4078648090362549
test,2017-0410,3,526,1,1.0,0.9309488534927368
test,2017-0410,3,526,2,0.0,0.35314369201660156
test,2017-0410,3,526,3,1.0,0.8612270355224609
test,2017-0410,3,526,4,0.0,0.16103269159793854
test,2017-0410,3,526,5,1.0,0.6640490293502808
test,2017-0410,3,526,6,0.0,0.8577296733856201
test,2017-0410,3,526,7,1.0,0.20728130638599396
test,2017-0410,3,526,8,1.0,0.21021971106529236
test,2017-0410,3,526,9,1.0,0.5619346499443054
test,2017-0410,3,526,10,0.0,0.5334698557853699
test,2017-0410,3,526,11,1.0,0.9159184694290161
test,2017-0410,3,526,12,0.0,0.12698712944984436
test,2017-0410,3,526,13,1.0,0.7952907681465149
test,2017-0410,3,526,14,0.0,0.3470735549926758
test,2017-0410,3,526,15,1.0,0.8759767413139343
test,2017-0410,4,527,0,0.0,0.07445646077394485
test,2017-0410,4,527,1,1.0,0.7454511523246765
test,2017-0410,4,527,2,1.0,0.5373374819755554
test,2017-0410,4,527,3,0.0,0.3653506934642792
test,2017-0410,4,527,4,1.0,0.18485982716083527
test,2017-0410,4,527,5,1.0,0.2729451656341553
test,2017-0410,4,527,6,0.0,0.9167434573173523
test,2017-0410,4,527,7,1.0,0.8710724711418152
test,2017-0410,5,528,0,0.0,0.79606032371521
test,2017-0410,5,528,1,0.0,0.0920562893152237
test,2017-0410,5,528,2,0.0,0.38291850686073303
test,2017-0410,5,528,3,1.0,0.3058359622955322
test,2017-0410,6,529,0,1.0,0.7073662281036377
test,2017-0410,6,529,1,0.0,0.5837283134460449
test,2017-0410,7,530,0,0.0,0.12146623432636261
test,2017-0421,2,557,0,1.0,0.7805105447769165
test,2017-0421,2,557,1,0.0,0.18491433560848236
test,2017-0421,2,557,2,1.0,0.8275503516197205
test,2017-0421,2,557,3,0.0,0.38214170932769775
test,2017-0421,2,557,4,1.0,0.8421798944473267
test,2017-0421,2,557,5,1.0,0.683977484703064
test,2017-0421,2,557,6,1.0,0.5694149136543274
test,2017-0421,2,557,7,0.0,0.6046661138534546
test,2017-0421,2,557,8,0.0,0.5385268926620483
test,2017-0421,2,557,9,1.0,0.33443647623062134
test,2017-0421,2,557,10,0.0,0.28693249821662903
test,2017-0421,2,557,11,1.0,0.7579057216644287
test,2017-0421,2,557,12,1.0,0.2941247224807739
test,2017-0421,2,557,13,0.0,0.2663860619068146
test,2017-0421,2,557,14,0.0,0.4235232472419739
test,2017-0421,2,557,15,1.0,0.36932042241096497
test,2017-0421,2,557,16,0.0,0.2768571078777313
test,2017-0421,2,557,17,0.0,0.09759222716093063
test,2017-0421,2,557,18,0.0,0.7664571404457092
test,2017-0421,2,557,19,0.0,0.344654381275177
test,2017-0421,2,557,20,1.0,0.9041945338249207
test,2017-0421,2,557,21,0.0,0.42827558517456055
test,2017-0421,2,557,22,1.0,0.7622867822647095
test,2017-0421,2,557,23,0.0,0.7089248299598694
test,2017-0421,3,558,0,0.0,0.7455928325653076
test,2017-0421,3,558,1,0.0,0.11778029054403305
test,2017-0421,3,558,2,1.0,0.11957649886608124
test,2017-0421,3,558,3,1.0,0.16450642049312592
test,2017-0421,3,558,4,0.0,0.1919843703508377
test,2017-0421,3,558,5,0.0,0.5299352407455444
test,2017-0421,3,558,6,0.0,0.819814145565033
test,2017-0421,3,558,7,0.0,0.23168426752090454
test,2017-0421,3,558,8,0.0,0.4634208083152771
test,2017-0421,3,558,9,1.0,0.46704810857772827
test,2017-0421,3,558,10,0.0,0.7833273410797119
test,2017-0421,3,558,11,1.0,0.48227542638778687
test,2017-0421,3,558,12,1.0,0.1856892853975296
test,2017-0421,3,558,13,1.0,0.4644394516944885
test,2017-0421,3,558,14,0.0,0.05166412889957428
test,2017-0421,3,558,15,0.0,0.22604896128177643
test,2017-0421,4,559,0,1.0,0.8338329792022705
test,2017-0421,4,559,1,1.0,0.3035047650337219
test,2017-0421,4,559,2,0.0,0.7919629812240601
test,2017-0421,4,559,3,1.0,0.686572253704071
test,2017-0421,4,559,4,0.0,0.6287402510643005
test,2017-0421,4,559,5,0.0,0.4149615168571472
test,2017-0421,4,559,6,0.0,0.9384094476699829
test,2017-0421,4,559,7,0.0,0.5794209241867065
test,2017-0421,5,560,0,0.0,0.15430942177772522
test,2017-0421,5,560,1,0.0,0.5761113166809082
test,2017-0421,5,560,2,1.0,0.5285675525665283
test,2017-0421,5,560,3,0.0,0.6602305173873901
test,2017-0421,6,561,0,1.0,0.7844991087913513
test,2017-0421,6,561,1,0.0,0.07098817825317383
test,2017-0421,7,562,0,1.0,0.15714110434055328
test,2017-5014,2,576,0,1.0,0.6767005920410156
test,2017-5014,2,576,1,1.0,0.6286684274673462
test,2017-5014,2,576,2,0.0,0.7040585279464722
test,2017-5014,2,576,3,1.0,0.2243616133928299
test,2017-5014,2,576,4,1.0,0.838205099105835
test,2017-5014,2,576,5,1.0,0.8316916823387146
test,2017-5014,2,576,6,1.0,0.44798773527145386
test,2017-5014,2,576,7,1.0,0.8144146800041199
test,2017-5014,2,576,8,1.0,0.8558842539787292
test,2017-5014,2,576,9,1.0,0.26547253131866455
test,2017-5014,2,576,10,1.0,0.4243662357330322
test,2017-5014,2,576,11,1.0,0.6105924248695374
test,2017-5014,2,576,12,0.0,0.6728855967521667
test,2017-5014,2,576,13,0.0,0.259722501039505
test,2017-5014,2,576,14,0.0,0.5862009525299072
test,2017-5014,2,576,15,1.0,0.24488653242588043
test,2017-5014,2,576,16,0.0,0.7996518015861511
test,2017-5014,2,576,17,0.0,0.4320540130138397
test,2017-5014,2,576,18,1.0,0.4694812297821045
test,2017-5014,2,576,19,0.0,0.27544260025024414
test,2017-5014,2,576,20,0.0,0.3525761365890503
test,2017-5014,2,576,21,1.0,0.3547690510749817
test,2017-5014,2,576,22,1.0,0.6795927286148071
test,2017-5014,2,576,23,0.0,0.4393584132194519
test,2017-5014,3,577,0,0.0,0.1403232216835022
test,2017-5014,3,577,1,0.0,0.28323253989219666
test,2017-5014,3,577,2,0.0,0.34211158752441406
test,2017-5014,3,577,3,1.0,0.6987057328224182
test,2017-5014,3,577,4,1.0,0.4280015230178833
test,2017-5014,3,577,5,0.0,0.8203325271606445
test,2017-5014,3,577,6,0.0,0.721993088722229
test,2017-5014,3,577,7,0.0,0.18586581945419312
test,2017-5014,3,577,8,0.0,0.08948853611946106
test,2017-5014,3,577,9,1.0,0.24161282181739807
test,2017-5014,3,577,10,0.0,0.20179817080497742
test,2017-5014,3,577,11,0.0,0.7253564596176147
test,2017-5014,3,577,12,0.0,0.1680411398410797
test,2017-5014,3,577,13,0.0,0.20136874914169312
test,2017-5014,3,577,14,1.0,0.8817737102508545
test,2017-5014,3,577,15,1.0,0.48604145646095276
test,2017-5014,4,578,0,0.0,0.4351033568382263
test,2017-5014,4,578,1,0.0,0.3094532787799835
test,2017-5014,4,578,2,1.0,0.8742908239364624
test,2017-5014,4,578,3,1.0,0.18988505005836487
test,2017-5014,4,578,4,1.0,0.6591835618019104
test,2017-5014,4,578,5,1.0,0.7579310536384583
test,2017-5014,4,578,6,1.0,0.8894490003585815
test,2017-5014,4,578,7,0.0,0.2475515753030777
test,2017-5014,5,579,0,0.0,0.23268358409404755
test,2017-5014,5,579,1,0.0,0.23951654136180878
test,2017-5014,5,579,2,1.0,0.6967337131500244
test,2017-5014,5,579,3,0.0,0.20498697459697723
test,2017-5014,6,580,0,1.0,0.7762547135353088
test,2017-5014,6,580,1,0.0,0.19008181989192963
test,2017-5014,7,581,0,1.0,0.4821711778640747
test,2017-520,1,543,0,1.0,0.937211811542511
test,2017-520,1,543,1,1.0,0.646064043045044
test,2017-520,1,543,2,1.0,0.7276278734207153
test,2017-520,1,543,3,0.0,0.29298847913742065
test,2017-520,1,543,4,0.0,0.37210747599601746
test,2017-520,1,543,5,1.0,0.5821785926818848
test,2017-520,1,543,6,0.0,0.8989525437355042
test,2017-520,1,543,7,0.0,0.12677282094955444
test,2017-520,1,543,8,1.0,0.5746191143989563
test,2017-520,1,543,9,1.0,0.4794129729270935
test,2017-520,1,543,10,1.0,0.891602635383606
test,2017-520,1,543,11,1.0,0.7395334243774414
test,2017-520,1,543,12,1.0,0.6499510407447815
test,2017-520,1,543,13,0.0,0.09609890729188919
test,2017-520,1,543,14,0.0,0.13264980912208557
test,2017-520,1,543,15,0.0,0.2033945918083191
test,2017-520,1,543,16,1.0,0.6996711492538452
test,2017-520,1,543,17,0.0,0.624563992023468
test,2017-520,1,543,18,1.0,0.7904821038246155
test,2017-520,1,543,19,1.0,0.2855268716812134
test,2017-520,1,543,20,0.0,0.5953392386436462
test,2017-520,1,543,21,0.0,0.7189614772796631
test,2017-520,1,543,22,0.0,0.1350717395544052
test,2017-520,1,543,23,0.0,0.33687055110931396
test,2017-520,1,543,24,1.0,0.5920425057411194
test,2017-520,1,543,25,1.0,0.8836011290550232
test,2017-520,1,543,26,0.0,0.2941637933254242
test,2017-520,1,543,27,0.0,0.5548566579818726
test,2017-520,1,543,28,1.0,0.7173645496368408
test,2017-520,1,543,29,1.0,0.9292802214622498
test,2017-520,1,543,30,0.0,0.3983151316642761
test,2017-520,1,543,31,1.0,0.7475985884666443
test,2017-520,1,543,32,1.0,0.5989586710929871
test,2017-520,1,543,33,1.0,0.7826164364814758
test,2017-520,1,543,34,1.0,0.2403700202703476
test,2017-520,1,543,35,0.0,0.2822665274143219
test,2017-520,1,543,36,1.0,0.37643760442733765
test,2017-520,1,543,37,1.0,0.5195579528808594
test,2017-520,1,543,38,0.0,0.30010125041007996
test,2017-520,1,543,39,0.0,0.10366015881299973
test,2017-520,1,543,40,1.0,0.4083784818649292
test,2017-520,1,543,41,1.0,0.3632795214653015
test,2017-520,1,543,42,0.0,0.26819756627082825
test,2017-520,1,543,43,0.0,0.33172428607940674
test,2017-520,1,543,44,0.0,0.21842457354068756
test,2017-520,1,543,45,0.0,0.5907732248306274
test,2017-520,1,543,46,1.0,0.7018293142318726
test,2017-520,1,543,47,1.0,0.8732583522796631
test,2017-520,1,543,48,0.0,0.3134410083293915
test,2017-520,1,543,49,0.0,0.5196675658226013
test,2017-520,1,543,50,0.0,0.8088064193725586
test,2017-520,1,543,51,1.0,0.6774253249168396
test,2017-520,1,543,52,1.0,0.8808209300041199
test,2017-520,1,543,53,0.0,0.5280787348747253
test,2017-520,1,543,54,0.0,0.48678600788116455
test,2017-520,1,543,55,1.0,0.688996434211731
test,2017-520,1,543,56,0.0,0.5670938491821289
test,2017-520,1,543,57,1.0,0.3506631553173065
test,2017-520,1,543,58,0.0,0.205002099275589
test,2017-520,1,543,59,1.0,0.2331114262342453
test,2017-520,1,543,60,0.0,0.5416901111602783
test,2017-520,1,543,61,1.0,0.7110100984573364
test,2017-520,1,543,62,0.0,0.17967796325683594
test,2017-520,1,543,63,0.0,0.36207443475723267
test,2017-520,2,544,0,0.0,0.2644859254360199
test,2017-520,2,544,1,0.0,0.23425856232643127
test,2017-520,2,544,2,1.0,0.7118692994117737
test,2017-520,2,544,3,0.0,0.42431992292404175
test,2017-520,2,544,4,1.0,0.3397320508956909
test,2017-520,2,544,5,0.0,0.10044063627719879
test,2017-520,2,544,6,1.0,0.8232777714729309
test,2017-520,2,544,7,1.0,0.4294359087944031
test,2017-520,2,544,8,0.0,0.6473824381828308
test,2017-520,2,544,9,1.0,0.653986930847168
test,2017-520,2,544,10,0.0,0.316510409116745
test,2017-520,2,544,11,1.0,0.9090847969055176
test,2017-520,2,544,12,0.0,0.09809506684541702
test,2017-520,2,544,13,1.0,0.11507842689752579
test,2017-520,2,544,14,1.0,0.3350277245044708
test,2017-520,2,544,15,0.0,0.6290025115013123
test,2017-520,2,544,16,1.0,0.6191670298576355
test,2017-520,2,544,17,0.0,0.09604482352733612
test,2017-520,2,544,18,1.0,0.8497136831283569
test,2017-520,2,544,19,0.0,0.3604777753353119
test,2017-520,2,544,20,1.0,0.8013206720352173
test,2017-520,2,544,21,0.0,0.1917373687028885
test,2017-520,2,544,22,0.0,0.5569664835929871
test,2017-520,2,544,23,0.0,0.18737360835075378
test,2017-520,2,544,24,0.0,0.362575501203537
test,2017-520,2,544,25,0.0,0.21344970166683197
test,2017-520,2,544,26,1.0,0.8542234301567078
test,2017-520,2,544,27,0.0,0.2817675769329071
test,2017-520,2,544,28,1.0,0.8358259797096252
test,2017-520,2,544,29,0.0,0.25908681750297546
test,2017-520,2,544,30,0.0,0.07011682540178299
test,2017-520,2,544,31,1.0,0.935077965259552
test,2017-520,3,545,0,1.0,0.7571358680725098
test,2017-520,3,545,1,1.0,0.8677300214767456
test,2017-520,3,545,2,0.0,0.06788282841444016
test,2017-520,3,545,3,0.0,0.5435734391212463
test,2017-520,3,545,4,0.0,0.8916891813278198
test,2017-520,3,545,5,1.0,0.9117575287818909
test,2017-520,3,545,6,1.0,0.7495461106300354
test,2017-520,3,545,7,0.0,0.6529539823532104
test,2017-520,3,545,8,1.0,0.8558490872383118
test,2017-520,3,545,9,0.0,0.35664764046669006
test,2017-520,3,545,10,0.0,0.29550808668136597
test,2017-520,3,545,11,1.0,0.5784560441970825
test,2017-520,3,545,12,1.0,0.8849073052406311
test,2017-520,3,545,13,0.0,0.569053053855896
test,2017-520,3,545,14,0.0,0.8596913814544678
test,2017-520,3,545,15,0.0,0.24405555427074432
test,2017-520,4,546,0,1.0,0.9074649810791016
test,2017-520,4,546,1,1.0,0.8180767297744751
test,2017-520,4,546,2,1.0,0.7922391295433044
test,2017-520,4,546,3,1.0,0.22337979078292847
test,2017-520,4,546,4,0.0,0.3551599085330963
test,2017-520,4,546,5,0.0,0.5412330031394958
test,2017-520,4,546,6,1.0,0.8112497329711914
test,2017-520,4,546,7,1.0,0.9225137829780579
test,2017-520,5,547,0,0.0,0.8463085889816284
test,2017-520,5,547,1,0.0,0.16263478994369507
test,2017-520,5,547,2,1.0,0.6403535008430481
test,2017-520,5,547,3,1.0,0.7670021057128906
test,2017-520,6,548,0,0.0,0.2452060878276825
test,2017-520,6,548,1,0.0,0.7886181473731995
test,2017-520,7,549,0,1.0,0.7141585350036621
test,2017-540,1,550,0,1.0,0.9215151071548462
test,2017-540,1,550,1,1.0,0.38974660634994507
test,2017-540,1,550,2,1.0,0.7625735402107239
test,2017-540,1,550,3,1.0,0.8333585262298584
test,2017-540,1,550,4,1.0,0.44776228070259094
test,2017-540,1,550,5,1.0,0.42290791869163513
test,2017-540,1,550,6,1.0,0.9076562523841858
test,2017-540,1,550,7,0.0,0.2747688889503479
test,2017-540,1,550,8,1.0,0.6922398209571838
test,2017-540,1,550,9,1.0,0.6177309155464172
test,2017-540,1,550,10,0.0,0.6080033183097839
test,2017-540,1,550,11,1.0,0.44866159558296204
test,2017-540,1,550,12,0.0,0.3898368775844574
test,2017-540,1,550,13,0.0,0.4686429798603058
test,2017-540,1,550,14,0.0,0.07243086397647858
test,2017-540,1,550,15,1.0,0.5359512567520142
test,2017-540,1,550,16,0.0,0.9120911359786987
test,2017-540,1,550,17,1.0,0.7682467699050903
test,2017-540,1,550,18,1.0,0.6343594789505005
test,2017-540,1,550,19,0.0,0.49242860078811646
test,2017-540,1,550,20,0.0,0.5407550930976868
test,2017-540,1,550,21,1.0,0.6766538619995117
test,2017-540,1,550,22,1.0,0.6856471300125122
test,2017-540,1,550,23,0.0,0.3163011074066162
test,2017-540,1,550,24,1.0,0.17750832438468933
test,2017-540,1,550,25,1.0,0.7277733683586121
test,2017-540,1,550,26,1.0,0.6060355305671692
test,2017-540,1,550,27,0.0,0.6008820533752441
test,2017-540,1,550,28,1.0,0.9614527821540833
test,2017-540,1,550,29,1.0,0.9336811900138855
test,2017-540,1,550,30,1.0,0.4465424120426178
test,2017-540,1,550,31,1.0,0.3545307219028473
test,2017-540,1,550,32,0.0,0.33076611161231995
test,2017-540,1,550,33,0.0,0.1311810165643692
test,2017-540,1,550,34,0.0,0.4571206271648407
test,2017-540,1,550,35,0.0,0.2196357250213623
test,2017-540,1,550,36,0.0,0.2785269320011139
test,2017-540,1,550,37,1.0,0.33306002616882324
test,2017-540,1,550,38,1.0,0.6388884782791138
test,2017-540,1,550,39,1.0,0.740106999874115
test,2017-540,1,550,40,1.0,0.9208589792251587
test,2017-540,1,550,41,0.0,0.6196578145027161
test,2017-540,1,550,42,1.0,0.544304609298706
test,2017-540,1,550,43,1.0,0.37128499150276184
test,2017-540,1,550,44,0.0,0.4618467390537262
test,2017-540,1,550,45,0.0,0.3711456060409546
test,2017-540,1,550,46,0.0,0.13183915615081787
test,2017-540,1,550,47,0.0,0.21972234547138214
test,2017-540,1,550,48,0.0,0.20933248102664948
test,2017-540,1,550,49,0.0,0.27873098850250244
test,2017-540,1,550,50,0.0,0.3877737820148468
test,2017-540,1,550,51,0.0,0.09037953615188599
test,2017-540,1,550,52,1.0,0.7161281108856201
test,2017-540,1,550,53,1.0,0.8867571949958801
test,2017-540,1,550,54,0.0,0.5474978685379028
test,2017-540,1,550,55,0.0,0.1903505176305771
test,2017-540,1,550,56,1.0,0.2881605327129364
test,2017-540,1,550,57,0.0,0.3496731221675873
test,2017-540,1,550,58,0.0,0.5847644805908203
test,2017-540,1,550,59,0.0,0.1392761915922165
test,2017-540,1,550,60,1.0,0.3368352949619293
test,2017-540,1,550,61,0.0,0.3912452757358551
test,2017-540,1,550,62,1.0,0.7696223258972168
test,2017-540,1,550,63,0.0,0.4835445284843445
test,2017-540,2,551,0,0.0,0.20069362223148346
test,2017-540,2,551,1,0.0,0.23524433374404907
test,2017-540,2,551,2,0.0,0.8639088273048401
test,2017-540,2,551,3,0.0,0.4874006509780884
test,2017-540,2,551,4,0.0,0.06882260739803314
test,2017-540,2,551,5,0.0,0.43075770139694214
test,2017-540,2,551,6,1.0,0.8353091478347778
test,2017-540,2,551,7,0.0,0.14524956047534943
test,2017-540,2,551,8,1.0,0.8471173048019409
test,2017-540,2,551,9,0.0,0.3396979868412018
test,2017-540,2,551,10,1.0,0.09728281199932098
test,2017-540,2,551,11,0.0,0.3927135467529297
test,2017-540,2,551,12,0.0,0.26280081272125244
test,2017-540,2,551,13,0.0,0.11711443215608597
test,2017-540,2,551,14,1.0,0.8467721939086914
test,2017-540,2,551,15,0.0,0.35637837648391724
test,2017-540,2,551,16,1.0,0.8571456670761108
test,2017-540,2,551,17,0.0,0.10879102349281311
test,2017-540,2,551,18,0.0,0.44701603055000305
test,2017-540,2,551,19,1.0,0.45217907428741455
test,2017-540,2,551,20,0.0,0.3414698839187622
test,2017-540,2,551,21,1.0,0.9051989316940308
test,2017-540,2,551,22,0.0,0.4199215769767761
test,2017-540,2,551,23,0.0,0.3078969120979309
test,2017-540,2,551,24,1.0,0.5994927883148193
test,2017-540,2,551,25,1.0,0.27948498725891113
test,2017-540,2,551,26,1.0,0.29691728949546814
test,2017-540,2,551,27,1.0,0.611226499080658
test,2017-540,2,551,28,0.0,0.14728452265262604
test,2017-540,2,551,29,1.0,0.9585549831390381
test,2017-540,2,551,30,0.0,0.35956627130508423
test,2017-540,2,551,31,0.0,0.05859287083148956
test,2017-540,3,552,0,1.0,0.624060869216919
test,2017-540,3,552,1,0.0,0.3561154305934906
test,2017-540,3,552,2,1.0,0.9368970394134521
test,2017-540,3,552,3,1.0,0.15401983261108398
test,2017-540,3,552,4,1.0,0.7780613899230957
test,2017-540,3,552,5,0.0,0.07693306356668472
test,2017-540,3,552,6,1.0,0.8069958686828613
test,2017-540,3,552,7,0.0,0.1302395462989807
test,2017-540,3,552,8,1.0,0.796830415725708
test,2017-540,3,552,9,0.0,0.21763622760772705
test,2017-540,3,552,10,1.0,0.2891358733177185
test,2017-540,3,552,11,0.0,0.46761608123779297
test,2017-540,3,552,12,1.0,0.9099328517913818
test,2017-540,3,552,13,0.0,0.20231777429580688
test,2017-540,3,552,14,1.0,0.14194552600383759
test,2017-540,3,552,15,0.0,0.099551722407341
test,2017-540,4,553,0,1.0,0.9281678199768066
test,2017-540,4,553,1,0.0,0.38488373160362244
test,2017-540,4,553,2,0.0,0.1568804234266281
test,2017-540,4,553,3,0.0,0.2977418899536133
test,2017-540,4,553,4,0.0,0.39701932668685913
test,2017-540,4,553,5,0.0,0.9038234949111938
test,2017-540,4,553,6,0.0,0.7095054984092712
test,2017-540,4,553,7,0.0,0.08424481749534607
test,2017-540,5,554,0,1.0,0.18985281884670258
test,2017-540,5,554,1,1.0,0.7624529600143433
test,2017-540,5,554,2,0.0,0.19248484075069427
test,2017-540,5,554,3,0.0,0.9247409105300903
test,2017-540,6,555,0,1.0,0.7764016389846802
test,2017-540,6,555,1,0.0,0.21474489569664001
test,2017-540,7,556,0,0.0,0.18169520795345306
test,2017-560,1,569,0,1.0,0.8706191778182983
test,2017-560,1,569,1,0.0,0.5660726428031921
test,2017-560,1,569,2,1.0,0.8386932015419006
test,2017-560,1,569,3,0.0,0.5542010068893433
test,2017-560,1,569,4,0.0,0.5713174343109131
test,2017-560,1,569,5,1.0,0.7826080918312073
test,2017-560,1,569,6,0.0,0.8606165647506714
test,2017-560,1,569,7,1.0,0.6112135648727417
test,2017-560,1,569,8,0.0,0.35361960530281067
test,2017-560,1,569,9,1.0,0.6513956189155579
test,2017-560,1,569,10,1.0,0.6609373688697815
test,2017-560,1,569,11,0.0,0.39969125390052795
test,2017-560,1,569,12,0.0,0.0643613338470459
test,2017-560,1,569,13,1.0,0.888974130153656
test,2017-560,1,569,14,1.0,0.39624089002609253
test,2017-560,1,569,15,1.0,0.6777408123016357
test,2017-560,1,569,16,1.0,0.5200272798538208
test,2017-560,1,569,17,1.0,0.796005129814148
test,2017-560,1,569,18,1.0,0.7232610583305359
test,2017-560,1,569,19,0.0,0.4737679362297058
test,2017-560,1,569,20,1.0,0.8708820939064026
test,2017-560,1,569,21,0.0,0.1658443808555603
test,2017-560,1,569,22,1.0,0.6334626078605652
test,2017-560,1,569,23,0.0,0.27298298478126526
test,2017-560,1,569,24,1.0,0.21623684465885162
test,2017-560,1,569,25,1.0,0.14293651282787323
test,2017-560,1,569,26,1.0,0.6680831909179688
test,2017-560,1,569,27,0.0,0.4116861820220947
test,2017-560,1,569,28,0.0,0.08682500571012497
test,2017-560,1,569,29,1.0,0.5346693992614746
test,2017-560,1,569,30,1.0,0.35019123554229736
test,2017-560,1,569,31,0.0,0.6538313031196594
test,2017-560,1,569,32,1.0,0.6964271068572998
test,2017-560,1,569,33,0.0,0.11282668262720108
test,2017-560,1,569,34,0.0,0.36630746722221375
test,2017-560,1,569,35,0.0,0.8075631260871887
test,2017-560,1,569,36,1.0,0.438976913690567
test,2017-560,1,569,37,0.0,0.25750333070755005
test,2017-560,1,569,38,0.0,0.3040214776992798
test,2017-560,1,569,39,1.0,0.8415020108222961
test,2017-560,1,569,40,0.0,0.6465228199958801
test,2017-560,1,569,41,1.0,0.7043251395225525
test,2017-560,1,569,42,1.0,0.6424860954284668
test,2017-560,1,569,43,0.0,0.4798896908760071
test,2017-560,1,569,44,0.0,0.46947482228279114
test,2017-560,1,569,45,0.0,0.37670063972473145
test,2017-560,1,569,46,0.0,0.11898700892925262
test,2017-560,1,569,47,0.0,0.1317637860774994
test,2017-560,1,569,48,1.0,0.5577157139778137
test,2017-560,1,569,49,0.0,0.485796183347702
test,2017-560,1,569,50,0.0,0.1402280330657959
test,2017-560,1,569,51,1.0,0.7056437134742737
test,2017-560,1,569,52,0.0,0.7044479250907898
test,2017-560,1,569,53,0.0,0.48641252517700195
test,2017-560,1,569,54,0.0,0.6164373159408569
test,2017-560,1,569,55,0.0,0.268042653799057
test,2017-560,1,569,56,0.0,0.32069867849349976
test,2017-560,1,569,57,1.0,0.7039406895637512
test,2017-560,1,569,58,0.0,0.1481700837612152
test,2017-560,1,569,59,1.0,0.14851345121860504
test,2017-560,1,569,60,0.0,0.399740993976593
test,2017-560,1,569,61,1.0,0.4568748474121094
test,2017-560,1,569,62,0.0,0.45262277126312256
test,2017-560,1,569,63,1.0,0.3679717183113098
test,2017-560,2,570,0,0.0,0.5120363235473633
test,2017-560,2,570,1,1.0,0.8434451818466187
test,2017-560,2,570,2,1.0,0.45541977882385254
test,2017-560,2,570,3,1.0,0.4651084244251251
test,2017-560,2,570,4,1.0,0.7993612289428711
test,2017-560,2,570,5,1.0,0.8678848743438721
test,2017-560,2,570,6,1.0,0.15492193400859833
test,2017-560,2,570,7,1.0,0.5180827379226685
test,2017-560,2,570,8,1.0,0.3513449430465698
test,2017-560,2,570,9,1.0,0.37704285979270935
test,2017-560,2,570,10,1.0,0.4858749806880951
test,2017-560,2,570,11,1.0,0.2582969665527344
test,2017-560,2,570,12,0.0,0.3826524615287781
test,2017-560,2,570,13,0.0,0.15731477737426758
test,2017-560,2,570,14,0.0,0.31757044792175293
test,2017-560,2,570,15,0.0,0.13494637608528137
test,2017-560,2,570,16,0.0,0.19301410019397736
test,2017-560,2,570,17,1.0,0.44171446561813354
test,2017-560,2,570,18,0.0,0.3774864673614502
test,2017-560,2,570,19,1.0,0.562628448009491
test,2017-560,2,570,20,0.0,0.08158639818429947
test,2017-560,2,570,21,0.0,0.866510272026062
test,2017-560,2,570,22,1.0,0.7380428314208984
test,2017-560,2,570,23,0.0,0.37484559416770935
test,2017-560,2,570,24,1.0,0.863541305065155
test,2017-560,2,570,25,1.0,0.22698169946670532
test,2017-560,2,570,26,1.0,0.7634797096252441
test,2017-560,2,570,27,0.0,0.47635015845298767
test,2017-560,2,570,28,1.0,0.816153347492218
test,2017-560,2,570,29,0.0,0.36301183700561523
test,2017-560,2,570,30,1.0,0.9267926812171936
test,2017-560,2,570,31,0.0,0.19563178718090057
test,2017-560,3,571,0,0.0,0.3782992959022522
test,2017-560,3,571,1,1.0,0.9118488430976868
test,2017-560,3,571,2,1.0,0.2755957841873169
test,2017-560,3,571,3,1.0,0.6171239614486694
test,2017-560,3,571,4,1.0,0.512253999710083
test,2017-560,3,571,5,0.0,0.2789410650730133
test,2017-560,3,571,6,1.0,0.19199414551258087
test,2017-560,3,571,7,0.0,0.3762686848640442
test,2017-560,3,571,8,1.0,0.7273647785186768
test,2017-560,3,571,9,1.0,0.5245600342750549
test,2017-560,3,571,10,1.0,0.636963963508606
test,2017-560,3,571,11,1.0,0.8760457634925842
test,2017-560,3,571,12,0.0,0.6142653822898865
test,2017-560,3,571,13,1.0,0.5345634818077087
test,2017-560,3,571,14,1.0,0.5499045252799988
test,2017-560,3,571,15,1.0,0.7669791579246521
test,2017-560,4,572,0,0.0,0.5327742695808411
test,2017-560,4,572,1,1.0,0.7181293964385986
test,2017-560,4,572,2,0.0,0.20708627998828888
test,2017-560,4,572,3,1.0,0.39725539088249207
test,2017-560,4,572,4,0.0,0.5081356763839722
test,2017-560,4,572,5,1.0,0.90297532081604
test,2017-560,4,572,6,1.0,0.11784487217664719
test,2017-560,4,572,7,0.0,0.12908828258514404
test,2017-560,5,573,0,0.0,0.285241037607193
test,2017-560,5,573,1,0.0,0.244548037648201
test,2017-560,5,573,2,1.0,0.19463573396205902
test,2017-560,5,573,3,0.0,0.08322946727275848
test,2017-560,6,574,0,1.0,0.48588550090789795
test,2017-560,6,574,1,1.0,0.7796685695648193
test,2017-560,7,575,0,0.0,0.21545548737049103
test,2017-580,1,504,0,0.0,0.0768616795539856
test,2017-580,1,504,1,1.0,0.4523976147174835
test,2017-580,1,504,2,1.0,0.7740121483802795
test,2017-580,1,504,3,1.0,0.3041887581348419
test,2017-580,1,504,4,1.0,0.5517604351043701
test,2017-580,1,504,5,0.0,0.07616203278303146
test,2017-580,1,504,6,0.0,0.21087361872196198
test,2017-580,1,504,7,1.0,0.6277706027030945
test,2017-580,1,504,8,0.0,0.544141948223114
test,2017-580,1,504,9,0.0,0.6015868782997131
test,2017-580,1,504,10,1.0,0.5689800977706909
test,2017-580,1,504,11,1.0,0.5554927587509155
test,2017-580,1,504,12,1.0,0.5867428183555603
test,2017-580,1,504,13,1.0,0.8376321792602539
test,2017-580,1,504,14,0.0,0.13587138056755066
test,2017-580,1,504,15,0.0,0.35099929571151733
test,2017-580,1,504,16,0.0,0.32607319951057434
test,2017-580,1,504,17,0.0,0.6756159067153931
test,2017-580,1,504,18,0.0,0.07358027249574661
test,2017-580,1,504,19,1.0,0.41474077105522156
test,2017-580,1,504,20,1.0,0.46917155385017395
test,2017-580,1,504,21,0.0,0.1069495752453804
test,2017-580,1,504,22,1.0,0.22696521878242493
test,2017-580,1,504,23,0.0,0.3937029242515564
test,2017-580,1,504,24,0.0,0.6572293043136597
test,2017-580,1,504,25,1.0,0.9145102500915527
test,2017-580,1,504,26,0.0,0.323161780834198
test,2017-580,1,504,27,1.0,0.557672381401062
test,2017-580,1,504,28,1.0,0.36222928762435913
test,2017-580,1,504,29,1.0,0.9435954689979553
test,2017-580,1,504,30,0.0,0.5962533354759216
test,2017-580,1,504,31,1.0,0.5505843162536621
test,2017-580,1,504,32,0.0,0.5549396276473999
test,2017-580,1,504,33,1.0,0.7830870151519775
test,2017-580,1,504,34,1.0,0.6233812570571899
test,2017-580,1,504,35,1.0,0.8909949660301208
test,2017-580,1,504,36,0.0,0.4664177894592285
test,2017-580,1,504,37,0.0,0.3804185390472412
test,2017-580,1,504,38,1.0,0.8443175554275513
test,2017-580,1,504,39,1.0,0.9100715517997742
test,2017-580,1,504,40,1.0,0.5605939030647278
test,2017-580,1,504,41,0.0,0.44734156131744385
test,2017-580,1,504,42,0.0,0.4611954689025879
test,2017-580,1,504,43,1.0,0.3417087197303772
test,2017-580,1,504,44,0.0,0.37095195055007935
test,2017-580,1,504,45,0.0,0.6643070578575134
test,2017-580,1,504,46,1.0,0.7940689325332642
test,2017-580,1,504,47,0.0,0.12178537994623184
test,2017-580,1,504,48,1.0,0.6551579236984253
test,2017-580,1,504,49,0.0,0.6417317390441895
test,2017-580,1,504,50,0.0,0.46020448207855225
test,2017-580,1,504,51,0.0,0.4722214639186859
test,2017-580,1,504,52,1.0,0.6867461204528809
test,2017-580,1,504,53,1.0,0.6838749051094055
test,2017-580,1,504,54,1.0,0.5974095463752747
test,2017-580,1,504,55,0.0,0.6752676963806152
test,2017-580,1,504,56,1.0,0.8473267555236816
test,2017-580,1,504,57,1.0,0.9155225157737732
test,2017-580,1,504,58,1.0,0.7986308932304382
test,2017-580,1,504,59,1.0,0.6454927325248718
test,2017-580,1,504,60,1.0,0.4594053328037262
test,2017-580,1,504,61,0.0,0.0947791114449501
test,2017-580,1,504,62,0.0,0.12186778336763382
test,2017-580,1,504,63,1.0,0.5021668672561646
test,2017-580,2,505,0,1.0,0.6763493418693542
test,2017-580,2,505,1,1.0,0.9020618796348572
test,2017-580,2,505,2,1.0,0.8992337584495544
test,2017-580,2,505,3,0.0,0.15688787400722504
test,2017-580,2,505,4,0.0,0.141302227973938
test,2017-580,2,505,5,0.0,0.15257808566093445
test,2017-580,2,505,6,1.0,0.8403298854827881
test,2017-580,2,505,7,1.0,0.47720080614089966
test,2017-580,2,505,8,0.0,0.24246101081371307
test,2017-580,2,505,9,1.0,0.8188686370849609
test,2017-580,2,505,10,0.0,0.40191325545310974
test,2017-580,2,505,11,1.0,0.864583432674408
test,2017-580,2,505,12,1.0,0.8037392497062683
test,2017-580,2,505,13,1.0,0.6950406432151794
test,2017-580,2,505,14,1.0,0.7036712765693665
test,2017-580,2,505,15,1.0,0.8558932542800903
test,2017-580,2,505,16,0.0,0.12994785606861115
test,2017-580,2,505,17,1.0,0.31564316153526306
test,2017-580,2,505,18,1.0,0.616599977016449
test,2017-580,2,505,19,1.0,0.8105290532112122
test,2017-580,2,505,20,0.0,0.20461328327655792
test,2017-580,2,505,21,1.0,0.415286660194397
test,2017-580,2,505,22,1.0,0.9414981007575989
test,2017-580,2,505,23,1.0,0.8522158861160278
test,2017-580,2,505,24,0.0,0.13313134014606476
test,2017-580,2,505,25,1.0,0.13071796298027039
test,2017-580,2,505,26,1.0,0.7147685289382935
test,2017-580,2,505,27,0.0,0.8202515244483948
test,2017-580,2,505,28,0.0,0.44446367025375366
test,2017-580,2,505,29,1.0,0.9521371126174927
test,2017-580,2,505,30,1.0,0.056465186178684235
test,2017-580,2,505,31,0.0,0.5598716139793396
test,2017-580,3,506,0,0.0,0.33167731761932373
test,2017-580,3,506,1,1.0,0.9306463599205017
test,2017-580,3,506,2,0.0,0.5173599123954773
test,2017-580,3,506,3,0.0,0.69036465883255
test,2017-580,3,506,4,0.0,0.18115058541297913
test,2017-580,3,506,5,0.0,0.26935461163520813
test,2017-580,3,506,6,1.0,0.3917958736419678
test,2017-580,3,506,7,1.0,0.9003169536590576
test,2017-580,3,506,8,0.0,0.19425247609615326
test,2017-580,3,506,9,0.0,0.7437171936035156
test,2017-580,3,506,10,1.0,0.7534869313240051
test,2017-580,3,506,11,0.0,0.3627513349056244
test,2017-580,3,506,12,0.0,0.1905519813299179
test,2017-580,3,506,13,0.0,0.1058194637298584
test,2017-580,3,506,14,0.0,0.2553170323371887
test,2017-580,3,506,15,1.0,0.613021194934845
test,2017-580,4,507,0,0.0,0.2265661507844925
test,2017-580,4,507,1,0.0,0.3015517592430115
test,2017-580,4,507,2,1.0,0.6660726070404053
test,2017-580,4,507,3,0.0,0.27683648467063904
test,2017-580,4,507,4,0.0,0.10649794340133667
test,2017-580,4,507,5,1.0,0.8138116598129272
test,2017-580,4,507,6,1.0,0.7127128839492798
test,2017-580,4,507,7,0.0,0.9207254648208618
test,2017-580,5,508,0,1.0,0.28092318773269653
test,2017-580,5,508,1,0.0,0.27703744173049927
test,2017-580,5,508,2,0.0,0.6279628276824951
test,2017-580,5,508,3,1.0,0.891486406326294
test,2017-580,6,509,0,1.0,0.8227116465568542
test,2017-580,6,509,1,0.0,0.246599942445755
test,2017-580,7,510,0,0.0,0.48771703243255615
test,2017-M006,1,511,0,1.0,0.45747941732406616
test,2017-M006,1,511,1,1.0,0.2594703137874603
test,2017-M006,1,511,2,0.0,0.6236716508865356
test,2017-M006,1,511,3,0.0,0.3417537808418274
test,2017-M006,1,511,4,1.0,0.5439397096633911
test,2017-M006,1,511,5,1.0,0.714706540107727
test,2017-M006,1,511,6,1.0,0.37666863203048706
test,2017-M006,1,511,7,1.0,0.4535768926143646
test,2017-M006,1,511,8,1.0,0.2545112371444702
test,2017-M006,1,511,9,0.0,0.2512326240539551
test,2017-M006,1,511,10,1.0,0.5160853862762451
test,2017-M006,1,511,11,1.0,0.4706152081489563
test,2017-M006,1,511,12,1.0,0.6618900895118713
test,2017-M006,1,511,13,0.0,0.4851904511451721
test,2017-M006,1,511,14,1.0,0.3952650725841522
test,2017-M006,1,511,15,1.0,0.44560059905052185
test,2017-M006,1,511,16,1.0,0.840768575668335
test,2017-M006,1,511,17,0.0,0.429801344871521
test,2017-M006,1,511,18,0.0,0.6328984498977661
test,2017-M006,1,511,19,0.0,0.5006406307220459
test,2017-M006,1,511,20,0.0,0.30331456661224365
test,2017-M006,1,511,21,1.0,0.5113180875778198
test,2017-M006,1,511,22,0.0,0.4323461055755615
test,2017-M006,1,511,23,1.0,0.736582338809967
test,2017-M006,1,511,24,0.0,0.48975324630737305
test,2017-M006,1,511,25,0.0,0.26847127079963684
test,2017-M006,1,511,26,0.0,0.74632728099823
test,2017-M006,1,511,27,1.0,0.41588860750198364
test,2017-M006,1,511,28,1.0,0.546539306640625
test,2017-M006,1,511,29,1.0,0.6124075055122375
test,2017-M006,1,511,30,1.0,0.5177724957466125
test,2017-M006,1,511,31,0.0,0.46290475130081177
test,2017-M006,2,512,0,1.0,0.3001945912837982
test,2017-M006,2,512,1,0.0,0.9314343929290771
test,2017-M006,2,512,2,1.0,0.6673094034194946
test,2017-M006,2,512,3,0.0,0.2133898138999939
test,2017-M006,2,512,4,1.0,0.6114699840545654
test,2017-M006,2,512,5,0.0,0.45536842942237854
test,2017-M006,2,512,6,0.0,0.46553999185562134
test,2017-M006,2,512,7,0.0,0.8447137475013733
test,2017-M006,2,512,8,1.0,0.8624838590621948
test,2017-M006,2,512,9,0.0,0.47183164954185486
test,2017-M006,2,512,10,0.0,0.662589967250824
test,2017-M006,2,512,11,1.0,0.8808280229568481
test,2017-M006,2,512,12,1.0,0.9229093194007874
test,2017-M006,2,512,13,0.0,0.17977707087993622
test,2017-M006,2,512,14,1.0,0.903944730758667
test,2017-M006,2,512,15,1.0,0.6109941601753235
test,2017-M006,2,512,16,1.0,0.38728052377700806
test,2017-M006,2,512,17,0.0,0.7823442220687866
test,2017-M006,2,512,18,1.0,0.7217406034469604
test,2017-M006,2,512,19,0.0,0.34117591381073
test,2017-M006,2,512,20,1.0,0.4623427987098694
test,2017-M006,2,512,21,1.0,0.4734312891960144
test,2017-M006,2,512,22,1.0,0.876733660697937
test,2017-M006,2,512,23,0.0,0.08203121274709702
test,2017-M006,2,512,24,0.0,0.3657700717449188
test,2017-M006,2,512,25,0.0,0.6903464198112488
test,2017-M006,2,512,26,1.0,0.9311878085136414
test,2017-M006,2,512,27,0.0,0.12119747698307037
test,2017-M006,2,512,28,1.0,0.6676238775253296
test,2017-M006,2,512,29,0.0,0.2358829230070114
test,2017-M006,2,512,30,1.0,0.9480217099189758
test,2017-M006,2,512,31,0.0,0.475493460893631
test,2017-M006,3,513,0,0.0,0.6445457935333252
test,2017-M006,3,513,1,1.0,0.9310243129730225
test,2017-M006,3,513,2,0.0,0.12921680510044098
test,2017-M006,3,513,3,0.0,0.09198959916830063
test,2017-M006,3,513,4,1.0,0.8929474353790283
test,2017-M006,3,513,5,1.0,0.6565983891487122
test,2017-M006,3,513,6,0.0,0.5013546347618103
test,2017-M006,3,513,7,0.0,0.5215111970901489
test,2017-M006,3,513,8,0.0,0.41813376545906067
test,2017-M006,3,513,9,0.0,0.39374610781669617
test,2017-M006,3,513,10,0.0,0.5303593277931213
test,2017-M006,3,513,11,1.0,0.21533797681331635
test,2017-M006,3,513,12,1.0,0.8263747692108154
test,2017-M006,3,513,13,1.0,0.4497624635696411
test,2017-M006,3,513,14,0.0,0.20678342878818512
test,2017-M006,3,513,15,0.0,0.8824012875556946
test,2017-M006,4,514,0,0.0,0.4833366870880127
test,2017-M006,4,514,1,0.0,0.835514485836029
test,2017-M006,4,514,2,0.0,0.12460186332464218
test,2017-M006,4,514,3,0.0,0.7325835824012756
test,2017-M006,4,514,4,0.0,0.13310042023658752
test,2017-M006,4,514,5,0.0,0.5113046765327454
test,2017-M006,4,514,6,1.0,0.10186735540628433
test,2017-M006,4,514,7,1.0,0.8039202690124512
test,2017-M006,5,515,0,1.0,0.4896619915962219
test,2017-M006,5,515,1,0.0,0.3100971281528473
test,2017-M006,5,515,2,1.0,0.2811201810836792
test,2017-M006,5,515,3,1.0,0.8599033951759338
test,2017-M006,6,516,0,1.0,0.8301823139190674
test,2017-M006,6,516,1,1.0,0.8358150124549866
test,2017-M006,7,517,0,0.0,0.24131624400615692
test,2017-M007,1,518,0,0.0,0.27605971693992615
test,2017-M007,1,518,1,1.0,0.445515513420105
test,2017-M007,1,518,2,0.0,0.5651128888130188
test,2017-M007,1,518,3,0.0,0.35290104150772095
test,2017-M007,1,518,4,1.0,0.5271424055099487
test,2017-M007,1,518,5,0.0,0.4844484031200409
test,2017-M007,1,518,6,0.0,0.2966865599155426
test,2017-M007,1,518,7,0.0,0.31177330017089844
test,2017-M007,1,518,8,1.0,0.658032238483429
test,2017-M007,1,518,9,0.0,0.40800562500953674
test,2017-M007,1,518,10,0.0,0.3059772849082947
test,2017-M007,1,518,11,1.0,0.5782666802406311
test,2017-M007,1,518,12,1.0,0.5430770516395569
test,2017-M007,1,518,13,0.0,0.25781920552253723
test,2017-M007,1,518,14,1.0,0.7258256673812866
test,2017-M007,1,518,15,1.0,0.544749915599823
test,2017-M007,1,518,16,1.0,0.552787721157074
test,2017-M007,1,518,17,0.0,0.5775317549705505
test,2017-M007,1,518,18,0.0,0.4781259596347809
test,2017-M007,1,518,19,1.0,0.34603220224380493
test,2017-M007,1,518,20,0.0,0.4732266664505005
test,2017-M007,1,518,21,1.0,0.6606555581092834
test,2017-M007,1,518,22,1.0,0.6193368434906006
test,2017-M007,1,518,23,1.0,0.3537001311779022
test,2017-M007,1,518,24,0.0,0.4325728416442871
test,2017-M007,1,518,25,0.0,0.3794369101524353
test,2017-M007,1,518,26,0.0,0.3635224401950836
test,2017-M007,1,518,27,1.0,0.5517973303794861
test,2017-M007,1,518,28,0.0,0.3079294264316559
test,2017-M007,1,518,29,1.0,0.5094025731086731
test,2017-M007,1,518,30,0.0,0.6233404874801636
test,2017-M007,1,518,31,0.0,0.5144137144088745
test,2017-M007,2,519,0,0.0,0.11262334883213043
test,2017-M007,2,519,1,0.0,0.685546875
test,2017-M007,2,519,2,1.0,0.8234473466873169
test,2017-M007,2,519,3,0.0,0.08748725801706314
test,2017-M007,2,519,4,1.0,0.7167775630950928
test,2017-M007,2,519,5,1.0,0.5528299808502197
test,2017-M007,2,519,6,0.0,0.8272203803062439
test,2017-M007,2,519,7,0.0,0.058770276606082916
test,2017-M007,2,519,8,0.0,0.35466861724853516
test,2017-M007,2,519,9,0.0,0.5963640213012695
test,2017-M007,2,519,10,0.0,0.23713889718055725
test,2017-M007,2,519,11,1.0,0.8866648077964783
test,2017-M007,2,519,12,1.0,0.3853745460510254
test,2017-M007,2,519,13,0.0,0.39809301495552063
test,2017-M007,2,519,14,0.0,0.4621525704860687
test,2017-M007,2,519,15,0.0,0.709322452545166
test,2017-M007,2,519,16,1.0,0.6490492224693298
test,2017-M007,2,519,17,1.0,0.9169243574142456
test,2017-M007,2,519,18,0.0,0.606792151927948
test,2017-M007,2,519,19,1.0,0.21203745901584625
test,2017-M007,2,519,20,1.0,0.7901057600975037
test,2017-M007,2,519,21,0.0,0.5705751776695251
test,2017-M007,2,519,22,1.0,0.8183737993240356
test,2017-M007,2,519,23,1.0,0.39459535479545593
test,2017-M007,2,519,24,0.0,0.41167783737182617
test,2017-M007,2,519,25,0.0,0.5075432062149048
test,2017-M007,2,519,26,1.0,0.37770184874534607
test,2017-M007,2,519,27,1.0,0.33319658041000366
test,2017-M007,2,519,28,0.0,0.8041630387306213
test,2017-M007,2,519,29,1.0,0.3991122245788574
test,2017-M007,2,519,30,0.0,0.2447502464056015
test,2017-M007,2,519,31,1.0,0.713318943977356
test,2017-M007,3,520,0,1.0,0.7758743166923523
test,2017-M007,3,520,1,0.0,0.8493582010269165
test,2017-M007,3,520,2,0.0,0.5808066725730896
test,2017-M007,3,520,3,0.0,0.5538173913955688
test,2017-M007,3,520,4,1.0,0.5212757587432861
test,2017-M007,3,520,5,1.0,0.8219738602638245
test,2017-M007,3,520,6,0.0,0.4947936534881592
test,2017-M007,3,520,7,1.0,0.8775720596313477
test,2017-M007,3,520,8,0.0,0.1520402580499649
test,2017-M007,3,520,9,1.0,0.847671389579773
test,2017-M007,3,520,10,1.0,0.19899523258209229
test,2017-M007,3,520,11,0.0,0.29648497700691223
test,2017-M007,3,520,12,1.0,0.8657710552215576
test,2017-M007,3,520,13,0.0,0.09990407526493073
test,2017-M007,3,520,14,1.0,0.7766396403312683
test,2017-M007,3,520,15,0.0,0.5872845649719238
test,2017-M007,4,521,0,0.0,0.09070448577404022
test,2017-M007,4,521,1,1.0,0.1882767379283905
test,2017-M007,4,521,2,1.0,0.2517394721508026
test,2017-M007,4,521,3,1.0,0.8329005837440491
test,2017-M007,4,521,4,0.0,0.16153323650360107
test,2017-M007,4,521,5,0.0,0.24463115632534027
test,2017-M007,4,521,6,1.0,0.5622225403785706
test,2017-M007,4,521,7,1.0,0.8672139048576355
test,2017-M007,5,522,0,0.0,0.3318725824356079
test,2017-M007,5,522,1,1.0,0.7689235210418701
test,2017-M007,5,522,2,0.0,0.19471336901187897
test,2017-M007,5,522,3,1.0,0.1785382181406021
test,2017-M007,6,523,0,0.0,0.15065309405326843
test,2017-M007,6,523,1,0.0,0.12445378303527832
test,2017-M007,7,524,0,0.0,0.43484488129615784
test,2017-M009,2,537,0,1.0,0.702061116695404
test,2017-M009,2,537,1,1.0,0.25314614176750183
test,2017-M009,2,537,2,1.0,0.27780938148498535
test,2017-M009,2,537,3,1.0,0.4541122615337372
test,2017-M009,2,537,4,1.0,0.669376015663147
test,2017-M009,2,537,5,0.0,0.5972855687141418
test,2017-M009,2,537,6,0.0,0.4303119480609894
test,2017-M009,2,537,7,1.0,0.7656292915344238
test,2017-M009,2,537,8,0.0,0.6592259407043457
test,2017-M009,2,537,9,1.0,0.31838107109069824
test,2017-M009,2,537,10,0.0,0.42776358127593994
test,2017-M009,2,537,11,0.0,0.6055972576141357
test,2017-M009,2,537,12,1.0,0.6623426675796509
test,2017-M009,2,537,13,1.0,0.8614959120750427
test,2017-M009,2,537,14,0.0,0.2093745917081833
test,2017-M009,2,537,15,0.0,0.40625473856925964
test,2017-M009,2,537,16,1.0,0.47787541151046753
test,2017-M009,2,537,17,0.0,0.2698996961116791
test,2017-M009,2,537,18,0.0,0.5294873118400574
test,2017-M009,2,537,19,0.0,0.4340183138847351
test,2017-M009,2,537,20,1.0,0.57984459400177
test,2017-M009,2,537,21,1.0,0.6288526058197021
test,2017-M009,2,537,22,1.0,0.7839375138282776
test,2017-M009,2,537,23,1.0,0.8338648080825806
test,2017-M009,3,538,0,1.0,0.10787340253591537
test,2017-M009,3,538,1,1.0,0.6541948914527893
test,2017-M009,3,538,2,1.0,0.8830495476722717
test,2017-M009,3,538,3,0.0,0.1260298490524292
test,2017-M009,3,538,4,1.0,0.5581817626953125
test,2017-M009,3,538,5,0.0,0.13371558487415314
test,2017-M009,3,538,6,0.0,0.16715383529663086
test,2017-M009,3,538,7,1.0,0.7526780962944031
test,2017-M009,3,538,8,1.0,0.6929988265037537
test,2017-M009,3,538,9,0.0,0.2135588824748993
test,2017-M009,3,538,10,1.0,0.7711010575294495
test,2017-M009,3,538,11,1.0,0.9116676449775696
test,2017-M009,3,538,12,1.0,0.6687976121902466
test,2017-M009,3,538,13,1.0,0.6560185551643372
test,2017-M009,3,538,14,0.0,0.2968517243862152
test,2017-M009,3,538,15,0.0,0.05425877869129181
test,2017-M009,4,539,0,0.0,0.12701676785945892
test,2017-M009,4,539,1,0.0,0.7834154367446899
test,2017-M009,4,539,2,0.0,0.23099149763584137
test,2017-M009,4,539,3,0.0,0.776320219039917
test,2017-M009,4,539,4,0.0,0.49350327253341675
test,2017-M009,4,539,5,1.0,0.4579642415046692
test,2017-M009,4,539,6,0.0,0.4716109335422516
test,2017-M009,4,539,7,0.0,0.18435798585414886
test,2017-M009,5,540,0,1.0,0.8951643109321594
test,2017-M009,5,540,1,0.0,0.808638334274292
test,2017-M009,5,540,2,0.0,0.31264936923980713
test,2017-M009,5,540,3,1.0,0.2713039219379425
test,2017-M009,6,541,0,1.0,0.8611475825309753
test,2017-M009,6,541,1,0.0,0.6893597841262817
test,2017-M009,7,542,0,1.0,0.12436837702989578
test,2017-M021,2,531,0,1.0,0.493062824010849
test,2017-M021,2,531,1,1.0,0.7592781186103821
test,2017-M021,2,531,2,0.0,0.6919748783111572
test,2017-M021,2,531,3,1.0,0.8634322881698608
test,2017-M021,2,531,4,0.0,0.21618840098381042
test,2017-M021,2,531,5,1.0,0.3789742887020111
test,2017-M021,2,531,6,1.0,0.6136344075202942
test,2017-M021,2,531,7,0.0,0.6911358833312988
test,2017-M021,2,531,8,1.0,0.7240503430366516
test,2017-M021,2,531,9,0.0,0.10765361040830612
test,2017-M021,2,531,10,0.0,0.611557126045227
test,2017-M021,2,531,11,1.0,0.5172308087348938
test,2017-M021,2,531,12,0.0,0.4422106146812439
test,2017-M021,2,531,13,0.0,0.6309549808502197
test,2017-M021,2,531,14,0.0,0.14573878049850464
test,2017-M021,2,531,15,0.0,0.6696541905403137
test,2017-M021,2,531,16,1.0,0.48090121150016785
test,2017-M021,2,531,17,1.0,0.29605627059936523
test,2017-M021,2,531,18,0.0,0.7189580798149109
test,2017-M021,2,531,19,1.0,0.4984416663646698
test,2017-M021,2,531,20,0.0,0.5558724403381348
test,2017-M021,2,531,21,0.0,0.4282936751842499
test,2017-M021,2,531,22,1.0,0.20580211281776428
test,2017-M021,2,531,23,0.0,0.34398123621940613
test,2017-M021,3,532,0,1.0,0.9532002210617065
test,2017-M021,3,532,1,1.0,0.6274872422218323
test,2017-M021,3,532,2,0.0,0.2956260144710541
test,2017-M021,3,532,3,0.0,0.29866713285446167
test,2017-M021,3,532,4,1.0,0.18156929314136505
test,2017-M021,3,532,5,0.0,0.11270209401845932
test,2017-M021,3,532,6,0.0,0.12692125141620636
test,2017-M021,3,532,7,0.0,0.6020666360855103
test,2017-M021,3,532,8,0.0,0.15528836846351624
test,2017-M021,3,532,9,1.0,0.5961829423904419
test,2017-M021,3,532,10,1.0,0.775505542755127
test,2017-M021,3,532,11,1.0,0.8773084282875061
test,2017-M021,3,532,12,1.0,0.2969784736633301
test,2017-M021,3,532,13,0.0,0.6775565147399902
test,2017-M021,3,532,14,0.0,0.05844699218869209
test,2017-M021,3,532,15,1.0,0.845599889755249
test,2017-M021,4,533,0,0.0,0.09298568964004517
test,2017-M021,4,533,1,1.0,0.6677533984184265
test,2017-M021,4,533,2,1.0,0.5981048941612244
test,2017-M021,4,533,3,0.0,0.7687609195709229
test,2017-M021,4,533,4,0.0,0.4819682836532593
test,2017-M021,4,533,5,1.0,0.48619723320007324
test,2017-M021,4,533,6,0.0,0.9111679196357727
test,2017-M021,4,533,7,0.0,0.17800746858119965
test,2017-M021,5,534,0,1.0,0.6643309593200684
test,2017-M021,5,534,1,0.0,0.19005075097084045
test,2017-M021,5,534,2,1.0,0.691832959651947
test,2017-M021,5,534,3,1.0,0.3739736080169678
test,2017-M021,6,535,0,1.0,0.3202195465564728
test,2017-M021,6,535,1,1.0,0.6981496214866638
test,2017-M021,7,536,0,1.0,0.8159205913543701
test,2017-M024,2,563,0,1.0,0.4171809256076813
test,2017-M024,2,563,1,1.0,0.48529738187789917
test,2017-M024,2,563,2,0.0,0.7544971704483032
test,2017-M024,2,563,3,0.0,0.755892813205719
test,2017-M024,2,563,4,0.0,0.3165219724178314
test,2017-M024,2,563,5,1.0,0.6526420712471008
test,2017-M024,2,563,6,1.0,0.28555232286453247
test,2017-M024,2,563,7,0.0,0.18895819783210754
test,2017-M024,2,563,8,1.0,0.2735871374607086
test,2017-M024,2,563,9,1.0,0.4999659061431885
test,2017-M024,2,563,10,0.0,0.6448699831962585
test,2017-M024,2,563,11,1.0,0.7716966867446899
test,2017-M024,2,563,12,0.0,0.8550139665603638
test,2017-M024,2,563,13,1.0,0.72637939453125
test,2017-M024,2,563,14,0.0,0.6187487244606018
test,2017-M024,2,563,15,1.0,0.9101825952529907
test,2017-M024,2,563,16,1.0,0.6032460331916809
test,2017-M024,2,563,17,0.0,0.4823578894138336
test,2017-M024,2,563,18,1.0,0.3079511523246765
test,2017-M024,2,563,19,0.0,0.4737972617149353
test,2017-M024,2,563,20,0.0,0.29817870259284973
test,2017-M024,2,563,21,0.0,0.4173809885978699
test,2017-M024,2,563,22,1.0,0.7651287913322449
test,2017-M024,2,563,23,0.0,0.6767281293869019
test,2017-M024,3,564,0,0.0,0.2718767821788788
test,2017-M024,3,564,1,1.0,0.6143877506256104
test,2017-M024,3,564,2,0.0,0.2562027871608734
test,2017-M024,3,564,3,1.0,0.17810718715190887
test,2017-M024,3,564,4,1.0,0.7549718022346497
test,2017-M024,3,564,5,0.0,0.48276200890541077
test,2017-M024,3,564,6,1.0,0.7083635330200195
test,2017-M024,3,564,7,0.0,0.1661558449268341
test,2017-M024,3,564,8,0.0,0.3266023099422455
test,2017-M024,3,564,9,0.0,0.2794067859649658
test,2017-M024,3,564,10,1.0,0.9094182848930359
test,2017-M024,3,564,11,0.0,0.840263843536377
test,2017-M024,3,564,12,0.0,0.6163302063941956
test,2017-M024,3,564,13,1.0,0.8429957032203674
test,2017-M024,3,564,14,0.0,0.37472379207611084
test,2017-M024,3,564,15,1.0,0.6342630982398987
test,2017-M024,4,565,0,0.0,0.6443707942962646
test,2017-M024,4,565,1,1.0,0.5627082586288452
test,2017-M024,4,565,2,0.0,0.28886929154396057
test,2017-M024,4,565,3,0.0,0.42682671546936035
test,2017-M024,4,565,4,1.0,0.7309410572052002
test,2017-M024,4,565,5,0.0,0.2249109447002411
test,2017-M024,4,565,6,0.0,0.12235697358846664
test,2017-M024,4,565,7,0.0,0.11973626911640167
test,2017-M024,5,566,0,1.0,0.8129298686981201
test,2017-M024,5,566,1,0.0,0.23410965502262115
test,2017-M024,5,566,2,0.0,0.48746687173843384
test,2017-M024,5,566,3,1.0,0.22592265903949738
test,2017-M024,6,567,0,0.0,0.6625981330871582
test,2017-M024,6,567,1,1.0,0.5285260677337646
test,2017-M024,7,568,0,1.0,0.4291757345199585
test,2018-0352,2,666,0,1.0,0.7512999176979065
test,2018-0352,2,666,1,0.0,0.5778263807296753
test,2018-0352,2,666,2,0.0,0.2505638003349304
test,2018-0352,2,666,3,0.0,0.45025140047073364
test,2018-0352,2,666,4,0.0,0.41210854053497314
test,2018-0352,2,666,5,1.0,0.5644663572311401
test,2018-0352,2,666,6,1.0,0.48597580194473267
test,2018-0352,2,666,7,1.0,0.48693960905075073
test,2018-0352,2,666,8,1.0,0.6345932483673096
test,2018-0352,2,666,9,0.0,0.3851119875907898
test,2018-0352,2,666,10,0.0,0.41893815994262695
test,2018-0352,2,666,11,1.0,0.7088468074798584
test,2018-0352,2,666,12,0.0,0.813308596611023
test,2018-0352,2,666,13,1.0,0.4979621171951294
test,2018-0352,2,666,14,0.0,0.3811025023460388
test,2018-0352,2,666,15,0.0,0.3264428675174713
test,2018-0352,3,667,0,1.0,0.279214471578598
test,2018-0352,3,667,1,0.0,0.7278242707252502
test,2018-0352,3,667,2,0.0,0.20639252662658691
test,2018-0352,3,667,3,0.0,0.28064215183258057
test,2018-0352,3,667,4,0.0,0.08340869098901749
test,2018-0352,3,667,5,1.0,0.7118508219718933
test,2018-0352,3,667,6,1.0,0.8200235366821289
test,2018-0352,3,667,7,1.0,0.7778409123420715
test,2018-0352,3,667,8,0.0,0.25400230288505554
test,2018-0352,3,667,9,0.0,0.38109540939331055
test,2018-0352,3,667,10,1.0,0.8151771426200867
test,2018-0352,3,667,11,0.0,0.17669886350631714
test,2018-0352,3,667,12,1.0,0.7073020935058594
test,2018-0352,3,667,13,1.0,0.5410337448120117
test,2018-0352,3,667,14,0.0,0.6470625996589661
test,2018-0352,3,667,15,0.0,0.2102767676115036
test,2018-0352,4,668,0,1.0,0.6732435822486877
test,2018-0352,4,668,1,0.0,0.0749189555644989
test,2018-0352,4,668,2,0.0,0.35036370158195496
test,2018-0352,4,668,3,0.0,0.12423732876777649
test,2018-0352,4,668,4,1.0,0.6021724343299866
test,2018-0352,4,668,5,1.0,0.36756885051727295
test,2018-0352,4,668,6,1.0,0.7812370657920837
test,2018-0352,4,668,7,1.0,0.5432044267654419
test,2018-0352,5,669,0,1.0,0.8042723536491394
test,2018-0352,5,669,1,1.0,0.7308902144432068
test,2018-0352,5,669,2,1.0,0.28052031993865967
test,2018-0352,5,669,3,0.0,0.37919187545776367
test,2018-0352,6,670,0,1.0,0.6625169515609741
test,2018-0352,6,670,1,1.0,0.36054283380508423
test,2018-0352,7,671,0,0.0,0.8661157488822937
test,2018-0410,2,609,0,0.0,0.5373332500457764
test,2018-0410,2,609,1,0.0,0.6590842604637146
test,2018-0410,2,609,2,1.0,0.8984982371330261
test,2018-0410,2,609,3,0.0,0.41180089116096497
test,2018-0410,2,609,4,1.0,0.511240541934967
test,2018-0410,2,609,5,1.0,0.5526965856552124
test,2018-0410,2,609,6,0.0,0.4752037227153778
test,2018-0410,2,609,7,0.0,0.19817136228084564
test,2018-0410,2,609,8,0.0,0.30186063051223755
test,2018-0410,2,609,9,0.0,0.2326110601425171
test,2018-0410,2,609,10,0.0,0.2447642683982849
test,2018-0410,2,609,11,0.0,0.7908009886741638
test,2018-0410,2,609,12,0.0,0.7042871713638306
test,2018-0410,2,609,13,1.0,0.7869482040405273
test,2018-0410,2,609,14,1.0,0.5931280851364136
test,2018-0410,2,609,15,0.0,0.3219251334667206
test,2018-0410,2,609,16,1.0,0.6200809478759766
test,2018-0410,2,609,17,1.0,0.9346492886543274
test,2018-0410,2,609,18,1.0,0.6014503836631775
test,2018-0410,2,609,19,0.0,0.3280186951160431
test,2018-0410,2,609,20,0.0,0.491637259721756
test,2018-0410,2,609,21,0.0,0.4910643696784973
test,2018-0410,2,609,22,1.0,0.6019205451011658
test,2018-0410,2,609,23,0.0,0.6289438009262085
test,2018-0410,3,610,0,1.0,0.9213631749153137
test,2018-0410,3,610,1,0.0,0.6266045570373535
test,2018-0410,3,610,2,1.0,0.8923208117485046
test,2018-0410,3,610,3,0.0,0.22012946009635925
test,2018-0410,3,610,4,0.0,0.6731967926025391
test,2018-0410,3,610,5,1.0,0.4851055443286896
test,2018-0410,3,610,6,1.0,0.6202592253684998
test,2018-0410,3,610,7,1.0,0.8582135438919067
test,2018-0410,3,610,8,0.0,0.2415400594472885
test,2018-0410,3,610,9,1.0,0.7986283302307129
test,2018-0410,3,610,10,0.0,0.23066329956054688
test,2018-0410,3,610,11,0.0,0.5727167725563049
test,2018-0410,3,610,12,1.0,0.5074754953384399
test,2018-0410,3,610,13,1.0,0.8827654719352722
test,2018-0410,3,610,14,1.0,0.8499800562858582
test,2018-0410,3,610,15,1.0,0.7541651725769043
test,2018-0410,4,611,0,1.0,0.4774441719055176
test,2018-0410,4,611,1,0.0,0.16581210494041443
test,2018-0410,4,611,2,0.0,0.19898240268230438
test,2018-0410,4,611,3,0.0,0.34883201122283936
test,2018-0410,4,611,4,1.0,0.7364467978477478
test,2018-0410,4,611,5,1.0,0.1430559754371643
test,2018-0410,4,611,6,0.0,0.09662260115146637
test,2018-0410,4,611,7,0.0,0.2379724234342575
test,2018-0410,5,612,0,1.0,0.46867963671684265
test,2018-0410,5,612,1,0.0,0.7166911363601685
test,2018-0410,5,612,2,1.0,0.4385654032230377
test,2018-0410,5,612,3,1.0,0.8243693709373474
test,2018-0410,6,613,0,1.0,0.6233721375465393
test,2018-0410,6,613,1,1.0,0.8142154812812805
test,2018-0410,7,614,0,0.0,0.21121320128440857
test,2018-0421,2,641,0,1.0,0.6133377552032471
test,2018-0421,2,641,1,1.0,0.22948671877384186
test,2018-0421,2,641,2,0.0,0.797552764415741
test,2018-0421,2,641,3,0.0,0.05059641972184181
test,2018-0421,2,641,4,1.0,0.4801027178764343
test,2018-0421,2,641,5,1.0,0.4055858850479126
test,2018-0421,2,641,6,0.0,0.5300192832946777
test,2018-0421,2,641,7,1.0,0.3530840575695038
test,2018-0421,2,641,8,0.0,0.3612944781780243
test,2018-0421,2,641,9,1.0,0.47464102506637573
test,2018-0421,2,641,10,0.0,0.4712482988834381
test,2018-0421,2,641,11,0.0,0.3039436638355255
test,2018-0421,2,641,12,1.0,0.37468793988227844
test,2018-0421,2,641,13,0.0,0.8132854104042053
test,2018-0421,2,641,14,1.0,0.8350110650062561
test,2018-0421,2,641,15,1.0,0.47210898995399475
test,2018-0421,2,641,16,1.0,0.4759019613265991
test,2018-0421,2,641,17,1.0,0.3857816159725189
test,2018-0421,2,641,18,0.0,0.5482102036476135
test,2018-0421,2,641,19,0.0,0.4122213125228882
test,2018-0421,2,641,20,0.0,0.2982286810874939
test,2018-0421,2,641,21,0.0,0.823050320148468
test,2018-0421,2,641,22,0.0,0.36842772364616394
test,2018-0421,2,641,23,0.0,0.45560622215270996
test,2018-0421,3,642,0,0.0,0.09429463744163513
test,2018-0421,3,642,1,1.0,0.8200230598449707
test,2018-0421,3,642,2,0.0,0.29968327283859253
test,2018-0421,3,642,3,0.0,0.30182573199272156
test,2018-0421,3,642,4,1.0,0.523125946521759
test,2018-0421,3,642,5,0.0,0.3245916962623596
test,2018-0421,3,642,6,1.0,0.2494419515132904
test,2018-0421,3,642,7,1.0,0.808455228805542
test,2018-0421,3,642,8,1.0,0.16440875828266144
test,2018-0421,3,642,9,0.0,0.39361560344696045
test,2018-0421,3,642,10,0.0,0.6775221228599548
test,2018-0421,3,642,11,1.0,0.8385004997253418
test,2018-0421,3,642,12,1.0,0.9432141184806824
test,2018-0421,3,642,13,1.0,0.1705155074596405
test,2018-0421,3,642,14,0.0,0.10281182825565338
test,2018-0421,3,642,15,1.0,0.649298906326294
test,2018-0421,4,643,0,0.0,0.15493202209472656
test,2018-0421,4,643,1,1.0,0.06986650824546814
test,2018-0421,4,643,2,0.0,0.20660598576068878
test,2018-0421,4,643,3,1.0,0.23539817333221436
test,2018-0421,4,643,4,0.0,0.7264392375946045
test,2018-0421,4,643,5,0.0,0.38091954588890076
test,2018-0421,4,643,6,1.0,0.8376937508583069
test,2018-0421,4,643,7,1.0,0.8802476525306702
test,2018-0421,5,644,0,1.0,0.18280406296253204
test,2018-0421,5,644,1,0.0,0.414079874753952
test,2018-0421,5,644,2,0.0,0.4205283522605896
test,2018-0421,5,644,3,1.0,0.7922133803367615
test,2018-0421,6,645,0,1.0,0.8920578956604004
test,2018-0421,6,645,1,0.0,0.7952380776405334
test,2018-0421,7,646,0,0.0,0.0996476337313652
test,2018-5014,2,660,0,1.0,0.4047123193740845
test,2018-5014,2,660,1,0.0,0.37836360931396484
test,2018-5014,2,660,2,0.0,0.16427183151245117
test,2018-5014,2,660,3,1.0,0.30278900265693665
test,2018-5014,2,660,4,0.0,0.8004571199417114
test,2018-5014,2,660,5,1.0,0.6382344365119934
test,2018-5014,2,660,6,1.0,0.3750404715538025
test,2018-5014,2,660,7,1.0,0.22246704995632172
test,2018-5014,2,660,8,1.0,0.23593445122241974
test,2018-5014,2,660,9,1.0,0.6554406881332397
test,2018-5014,2,660,10,1.0,0.42448002099990845
test,2018-5014,2,660,11,0.0,0.6473366618156433
test,2018-5014,2,660,12,0.0,0.5545649528503418
test,2018-5014,2,660,13,1.0,0.2102915197610855
test,2018-5014,2,660,14,1.0,0.43271392583847046
test,2018-5014,2,660,15,1.0,0.13308872282505035
test,2018-5014,2,660,16,1.0,0.3794916570186615
test,2018-5014,2,660,17,0.0,0.33330777287483215
test,2018-5014,2,660,18,0.0,0.8949161171913147
test,2018-5014,2,660,19,1.0,0.3226677477359772
test,2018-5014,2,660,20,0.0,0.5670568346977234
test,2018-5014,2,660,21,1.0,0.4988009035587311
test,2018-5014,2,660,22,1.0,0.7934234142303467
test,2018-5014,2,660,23,1.0,0.7420769929885864
test,2018-5014,3,661,0,1.0,0.9199965596199036
test,2018-5014,3,661,1,0.0,0.19549646973609924
test,2018-5014,3,661,2,1.0,0.5582528710365295
test,2018-5014,3,661,3,1.0,0.9179016947746277
test,2018-5014,3,661,4,1.0,0.8128789067268372
test,2018-5014,3,661,5,1.0,0.6548810005187988
test,2018-5014,3,661,6,0.0,0.5562931299209595
test,2018-5014,3,661,7,0.0,0.8347268104553223
test,2018-5014,3,661,8,0.0,0.2713121473789215
test,2018-5014,3,661,9,0.0,0.8788495063781738
test,2018-5014,3,661,10,1.0,0.3308107852935791
test,2018-5014,3,661,11,0.0,0.1565587818622589
test,2018-5014,3,661,12,0.0,0.18689857423305511
test,2018-5014,3,661,13,1.0,0.41953349113464355
test,2018-5014,3,661,14,0.0,0.7809243202209473
test,2018-5014,3,661,15,1.0,0.9197273850440979
test,2018-5014,4,662,0,1.0,0.7287260293960571
test,2018-5014,4,662,1,1.0,0.9340173602104187
test,2018-5014,4,662,2,0.0,0.13330364227294922
test,2018-5014,4,662,3,1.0,0.7771896123886108
test,2018-5014,4,662,4,1.0,0.3320823609828949
test,2018-5014,4,662,5,0.0,0.23027178645133972
test,2018-5014,4,662,6,0.0,0.16836264729499817
test,2018-5014,4,662,7,1.0,0.5269602537155151
test,2018-5014,5,663,0,0.0,0.17267897725105286
test,2018-5014,5,663,1,0.0,0.3181743323802948
test,2018-5014,5,663,2,0.0,0.22403328120708466
test,2018-5014,5,663,3,0.0,0.2665894329547882
test,2018-5014,6,664,0,1.0,0.8027596473693848
test,2018-5014,6,664,1,0.0,0.8000364899635315
test,2018-5014,7,665,0,1.0,0.8464414477348328
test,2018-520,1,627,0,1.0,0.8411349058151245
test,2018-520,1,627,1,0.0,0.48534095287323
test,2018-520,1,627,2,1.0,0.6320972442626953
test,2018-520,1,627,3,0.0,0.6660096049308777
test,2018-520,1,627,4,1.0,0.6106283068656921
test,2018-520,1,627,5,1.0,0.5039540529251099
test,2018-520,1,627,6,0.0,0.11758985370397568
test,2018-520,1,627,7,1.0,0.7993434071540833
test,2018-520,1,627,8,1.0,0.4116109311580658
test,2018-520,1,627,9,0.0,0.6173664927482605
test,2018-520,1,627,10,0.0,0.25455647706985474
test,2018-520,1,627,11,0.0,0.5179862976074219
test,2018-520,1,627,12,0.0,0.6573007702827454
test,2018-520,1,627,13,0.0,0.11568808555603027
test,2018-520,1,627,14,1.0,0.8328959941864014
test,2018-520,1,627,15,1.0,0.35419508814811707
test,2018-520,1,627,16,0.0,0.32521528005599976
test,2018-520,1,627,17,1.0,0.2650104761123657
test,2018-520,1,627,18,0.0,0.4026518166065216
test,2018-520,1,627,19,1.0,0.5397146940231323
test,2018-520,1,627,20,0.0,0.5055723786354065
test,2018-520,1,627,21,1.0,0.8464987874031067
test,2018-520,1,627,22,1.0,0.11338791996240616
test,2018-520,1,627,23,0.0,0.458561509847641
test,2018-520,1,627,24,0.0,0.6519811153411865
test,2018-520,1,627,25,0.0,0.2001642882823944
test,2018-520,1,627,26,0.0,0.5869424939155579
test,2018-520,1,627,27,0.0,0.5740979313850403
test,2018-520,1,627,28,1.0,0.9410478472709656
test,2018-520,1,627,29,0.0,0.13761894404888153
test,2018-520,1,627,30,0.0,0.3269813656806946
test,2018-520,1,627,31,1.0,0.46461793780326843
test,2018-520,1,627,32,0.0,0.40713971853256226
test,2018-520,1,627,33,1.0,0.8377390503883362
test,2018-520,1,627,34,1.0,0.7110415697097778
test,2018-520,1,627,35,0.0,0.4053954482078552
test,2018-520,1,627,36,0.0,0.14838041365146637
test,2018-520,1,627,37,0.0,0.34917739033699036
test,2018-520,1,627,38,0.0,0.6027397513389587
test,2018-520,1,627,39,0.0,0.34212255477905273
test,2018-520,1,627,40,1.0,0.6503476500511169
test,2018-520,1,627,41,1.0,0.6681433320045471
test,2018-520,1,627,42,0.0,0.30171528458595276
test,2018-520,1,627,43,1.0,0.9058945775032043
test,2018-520,1,627,44,0.0,0.5736710429191589
test,2018-520,1,627,45,0.0,0.4301944673061371
test,2018-520,1,627,46,0.0,0.3344793915748596
test,2018-520,1,627,47,1.0,0.8891921043395996
test,2018-520,1,627,48,0.0,0.10971299558877945
test,2018-520,1,627,49,0.0,0.7852571606636047
test,2018-520,1,627,50,0.0,0.7153551578521729
test,2018-520,1,627,51,1.0,0.7463046312332153
test,2018-520,1,627,52,0.0,0.7644731402397156
test,2018-520,1,627,53,1.0,0.9132434725761414
test,2018-520,1,627,54,1.0,0.3073563575744629
test,2018-520,1,627,55,0.0,0.53678297996521
test,2018-520,1,627,56,1.0,0.5077821016311646
test,2018-520,1,627,57,1.0,0.6397837996482849
test,2018-520,1,627,58,1.0,0.7511052489280701
test,2018-520,1,627,59,1.0,0.3915095031261444
test,2018-520,1,627,60,0.0,0.847771406173706
test,2018-520,1,627,61,1.0,0.9399906396865845
test,2018-520,1,627,62,1.0,0.6945176124572754
test,2018-520,1,627,63,1.0,0.8806477189064026
test,2018-520,2,628,0,0.0,0.19775062799453735
test,2018-520,2,628,1,1.0,0.826902449131012
test,2018-520,2,628,2,1.0,0.7735081315040588
test,2018-520,2,628,3,1.0,0.9601740837097168
test,2018-520,2,628,4,0.0,0.26581844687461853
test,2018-520,2,628,5,1.0,0.5508190393447876
test,2018-520,2,628,6,0.0,0.6082261800765991
test,2018-520,2,628,7,1.0,0.8098406195640564
test,2018-520,2,628,8,0.0,0.4972045123577118
test,2018-520,2,628,9,1.0,0.7134771943092346
test,2018-520,2,628,10,0.0,0.4156627357006073
test,2018-520,2,628,11,1.0,0.8411962985992432
test,2018-520,2,628,12,1.0,0.8751475811004639
test,2018-520,2,628,13,1.0,0.8364483714103699
test,2018-520,2,628,14,1.0,0.839015781879425
test,2018-520,2,628,15,0.0,0.23826800286769867
test,2018-520,2,628,16,0.0,0.6300260424613953
test,2018-520,2,628,17,1.0,0.8292365074157715
test,2018-520,2,628,18,0.0,0.226645827293396
test,2018-520,2,628,19,0.0,0.2480747550725937
test,2018-520,2,628,20,0.0,0.523164689540863
test,2018-520,2,628,21,1.0,0.9126905202865601
test,2018-520,2,628,22,1.0,0.718546986579895
test,2018-520,2,628,23,0.0,0.27745816111564636
test,2018-520,2,628,24,0.0,0.22195316851139069
test,2018-520,2,628,25,0.0,0.4382227063179016
test,2018-520,2,628,26,0.0,0.6795375347137451
test,2018-520,2,628,27,0.0,0.8148476481437683
test,2018-520,2,628,28,1.0,0.9146873950958252
test,2018-520,2,628,29,1.0,0.8127436637878418
test,2018-520,2,628,30,1.0,0.8577315807342529
test,2018-520,2,628,31,0.0,0.0794115737080574
test,2018-520,3,629,0,0.0,0.22749736905097961
test,2018-520,3,629,1,1.0,0.7142379879951477
test,2018-520,3,629,2,0.0,0.18300797045230865
test,2018-520,3,629,3,1.0,0.44929254055023193
test,2018-520,3,629,4,1.0,0.8690401315689087
test,2018-520,3,629,5,1.0,0.2607368528842926
test,2018-520,3,629,6,0.0,0.12192270904779434
test,2018-520,3,629,7,0.0,0.8587106466293335
test,2018-520,3,629,8,0.0,0.5082540512084961
test,2018-520,3,629,9,0.0,0.22427226603031158
test,2018-520,3,629,10,1.0,0.8110691905021667
test,2018-520,3,629,11,0.0,0.6067008376121521
test,2018-520,3,629,12,0.0,0.1841309368610382
test,2018-520,3,629,13,1.0,0.7553730607032776
test,2018-520,3,629,14,1.0,0.5848121643066406
test,2018-520,3,629,15,0.0,0.22152213752269745
test,2018-520,4,630,0,1.0,0.770182192325592
test,2018-520,4,630,1,0.0,0.5886717438697815
test,2018-520,4,630,2,0.0,0.10154065489768982
test,2018-520,4,630,3,0.0,0.8751413822174072
test,2018-520,4,630,4,1.0,0.6031357049942017
test,2018-520,4,630,5,1.0,0.760139524936676
test,2018-520,4,630,6,1.0,0.37884974479675293
test,2018-520,4,630,7,1.0,0.9128945469856262
test,2018-520,5,631,0,0.0,0.545221209526062
test,2018-520,5,631,1,1.0,0.061945345252752304
test,2018-520,5,631,2,0.0,0.476960688829422
test,2018-520,5,631,3,0.0,0.16986268758773804
test,2018-520,6,632,0,0.0,0.16319537162780762
test,2018-520,6,632,1,0.0,0.24925003945827484
test,2018-520,7,633,0,1.0,0.7949395179748535
test,2018-540,1,634,0,1.0,0.5889552235603333
test,2018-540,1,634,1,0.0,0.5008796453475952
test,2018-540,1,634,2,1.0,0.658156156539917
test,2018-540,1,634,3,0.0,0.8419914245605469
test,2018-540,1,634,4,1.0,0.6166245937347412
test,2018-540,1,634,5,1.0,0.3259490430355072
test,2018-540,1,634,6,1.0,0.8993455767631531
test,2018-540,1,634,7,0.0,0.09027358144521713
test,2018-540,1,634,8,0.0,0.3485643267631531
test,2018-540,1,634,9,0.0,0.6604852676391602
test,2018-540,1,634,10,1.0,0.7038313150405884
test,2018-540,1,634,11,1.0,0.2098330408334732
test,2018-540,1,634,12,0.0,0.6349007487297058
test,2018-540,1,634,13,0.0,0.29230910539627075
test,2018-540,1,634,14,1.0,0.8737889528274536
test,2018-540,1,634,15,1.0,0.9023622870445251
test,2018-540,1,634,16,0.0,0.32256510853767395
test,2018-540,1,634,17,1.0,0.6497043967247009
test,2018-540,1,634,18,0.0,0.3341315984725952
test,2018-540,1,634,19,1.0,0.9322111010551453
test,2018-540,1,634,20,1.0,0.6338886022567749
test,2018-540,1,634,21,1.0,0.3328061103820801
test,2018-540,1,634,22,0.0,0.32836177945137024
test,2018-540,1,634,23,0.0,0.7516737580299377
test,2018-540,1,634,24,0.0,0.367155522108078
test,2018-540,1,634,25,0.0,0.35336923599243164
test,2018-540,1,634,26,0.0,0.23539812862873077
test,2018-540,1,634,27,0.0,0.48272189497947693
test,2018-540,1,634,28,1.0,0.5631545186042786
test,2018-540,1,634,29,1.0,0.6750006079673767
test,2018-540,1,634,30,0.0,0.07841753214597702
test,2018-540,1,634,31,0.0,0.3202303349971771
test,2018-540,1,634,32,0.0,0.483231782913208
test,2018-540,1,634,33,0.0,0.47523102164268494
test,2018-540,1,634,34,0.0,0.8055955171585083
test,2018-540,1,634,35,1.0,0.44181954860687256
test,2018-540,1,634,36,0.0,0.6339434385299683
test,2018-540,1,634,37,0.0,0.6002029180526733
test,2018-540,1,634,38,1.0,0.7344199419021606
test,2018-540,1,634,39,0.0,0.7794589996337891
test,2018-540,1,634,40,1.0,0.5746727585792542
test,2018-540,1,634,41,0.0,0.8860222697257996
test,2018-540,1,634,42,0.0,0.7184504866600037
test,2018-540,1,634,43,1.0,0.7009758353233337
test,2018-540,1,634,44,1.0,0.13964585959911346
test,2018-540,1,634,45,0.0,0.3352280557155609
test,2018-540,1,634,46,0.0,0.24677741527557373
test,2018-540,1,634,47,1.0,0.653117299079895
test,2018-540,1,634,48,1.0,0.8667857050895691
test,2018-540,1,634,49,0.0,0.1524544358253479
test,2018-540,1,634,50,1.0,0.6400985717773438
test,2018-540,1,634,51,1.0,0.3725462853908539
test,2018-540,1,634,52,1.0,0.8861440420150757
test,2018-540,1,634,53,1.0,0.5598961114883423
test,2018-540,1,634,54,1.0,0.3188360929489136
test,2018-540,1,634,55,0.0,0.14385534822940826
test,2018-540,1,634,56,0.0,0.327176034450531
test,2018-540,1,634,57,0.0,0.6924900412559509
test,2018-540,1,634,58,1.0,0.8378103375434875
test,2018-540,1,634,59,0.0,0.25233712792396545
test,2018-540,1,634,60,1.0,0.9077171087265015
test,2018-540,1,634,61,0.0,0.48947688937187195
test,2018-540,1,634,62,0.0,0.3401135504245758
test,2018-540,1,634,63,1.0,0.9398177862167358
test,2018-540,2,635,0,0.0,0.07153955101966858
test,2018-540,2,635,1,0.0,0.20056922733783722
test,2018-540,2,635,2,0.0,0.16946011781692505
test,2018-540,2,635,3,0.0,0.6051779985427856
test,2018-540,2,635,4,1.0,0.8426833748817444
test,2018-540,2,635,5,0.0,0.6991721987724304
test,2018-540,2,635,6,1.0,0.7615416049957275
test,2018-540,2,635,7,1.0,0.4696815311908722
test,2018-540,2,635,8,0.0,0.7802360653877258
test,2018-540,2,635,9,0.0,0.2367819845676422
test,2018-540,2,635,10,1.0,0.867316484451294
test,2018-540,2,635,11,1.0,0.7758800983428955
test,2018-540,2,635,12,0.0,0.5101973414421082
test,2018-540,2,635,13,0.0,0.2768069803714752
test,2018-540,2,635,14,0.0,0.8472021818161011
test,2018-540,2,635,15,0.0,0.6915175914764404
test,2018-540,2,635,16,0.0,0.5327529907226562
test,2018-540,2,635,17,0.0,0.12603133916854858
test,2018-540,2,635,18,1.0,0.8655773401260376
test,2018-540,2,635,19,1.0,0.20413222908973694
test,2018-540,2,635,20,0.0,0.5909822583198547
test,2018-540,2,635,21,1.0,0.15023371577262878
test,2018-540,2,635,22,0.0,0.15931478142738342
test,2018-540,2,635,23,1.0,0.6368492841720581
test,2018-540,2,635,24,1.0,0.8621330261230469
test,2018-540,2,635,25,0.0,0.6355287432670593
test,2018-540,2,635,26,1.0,0.44225919246673584
test,2018-540,2,635,27,0.0,0.46155881881713867
test,2018-540,2,635,28,1.0,0.5364100337028503
test,2018-540,2,635,29,1.0,0.9198201298713684
test,2018-540,2,635,30,1.0,0.5173686742782593
test,2018-540,2,635,31,0.0,0.060101840645074844
test,2018-540,3,636,0,0.0,0.2564393877983093
test,2018-540,3,636,1,1.0,0.6033605933189392
test,2018-540,3,636,2,0.0,0.059165749698877335
test,2018-540,3,636,3,1.0,0.318053275346756
test,2018-540,3,636,4,0.0,0.1960081309080124
test,2018-540,3,636,5,0.0,0.8469923734664917
test,2018-540,3,636,6,1.0,0.5817182064056396
test,2018-540,3,636,7,1.0,0.8505918383598328
test,2018-540,3,636,8,0.0,0.3851810395717621
test,2018-540,3,636,9,0.0,0.4436887204647064
test,2018-540,3,636,10,0.0,0.16121937334537506
test,2018-540,3,636,11,0.0,0.08698983490467072
test,2018-540,3,636,12,0.0,0.6568620800971985
test,2018-540,3,636,13,1.0,0.7694334387779236
test,2018-540,3,636,14,0.0,0.19596320390701294
test,2018-540,3,636,15,1.0,0.9166401028633118
test,2018-540,4,637,0,0.0,0.07716751843690872
test,2018-540,4,637,1,0.0,0.235525444149971
test,2018-540,4,637,2,0.0,0.1482473760843277
test,2018-540,4,637,3,0.0,0.09292062371969223
test,2018-540,4,637,4,0.0,0.15072809159755707
test,2018-540,4,637,5,0.0,0.09932335466146469
test,2018-540,4,637,6,0.0,0.5435265898704529
test,2018-540,4,637,7,1.0,0.916519820690155
test,2018-540,5,638,0,0.0,0.22815637290477753
test,2018-540,5,638,1,1.0,0.7992625832557678
test,2018-540,5,638,2,1.0,0.4527416229248047
test,2018-540,5,638,3,0.0,0.7871192693710327
test,2018-540,6,639,0,1.0,0.545893132686615
test,2018-540,6,639,1,1.0,0.5125793814659119
test,2018-540,7,640,0,1.0,0.8202710747718811
test,2018-560,1,653,0,1.0,0.4437916874885559
test,2018-560,1,653,1,0.0,0.24093863368034363
test,2018-560,1,653,2,1.0,0.8912273645401001
test,2018-560,1,653,3,1.0,0.4854514002799988
test,2018-560,1,653,4,0.0,0.5635495185852051
test,2018-560,1,653,5,0.0,0.12516798079013824
test,2018-560,1,653,6,0.0,0.2808617651462555
test,2018-560,1,653,7,0.0,0.4945475161075592
test,2018-560,1,653,8,1.0,0.7664360404014587
test,2018-560,1,653,9,0.0,0.44752106070518494
test,2018-560,1,653,10,1.0,0.9302294254302979
test,2018-560,1,653,11,0.0,0.44390803575515747
test,2018-560,1,653,12,1.0,0.8400939702987671
test,2018-560,1,653,13,1.0,0.8303287029266357
test,2018-560,1,653,14,1.0,0.5900768637657166
test,2018-560,1,653,15,0.0,0.21046149730682373
test,2018-560,1,653,16,1.0,0.32783472537994385
test,2018-560,1,653,17,0.0,0.856167733669281
test,2018-560,1,653,18,1.0,0.3804068863391876
test,2018-560,1,653,19,1.0,0.6057519912719727
test,2018-560,1,653,20,1.0,0.8731880784034729
test,2018-560,1,653,21,1.0,0.25893276929855347
test,2018-560,1,653,22,0.0,0.36932656168937683
test,2018-560,1,653,23,0.0,0.5489645004272461
test,2018-560,1,653,24,0.0,0.14303891360759735
test,2018-560,1,653,25,1.0,0.5680429935455322
test,2018-560,1,653,26,0.0,0.6343503594398499
test,2018-560,1,653,27,1.0,0.5749266743659973
test,2018-560,1,653,28,1.0,0.8968199491500854
test,2018-560,1,653,29,1.0,0.9260696172714233
test,2018-560,1,653,30,1.0,0.8403322100639343
test,2018-560,1,653,31,0.0,0.49855324625968933
test,2018-560,1,653,32,0.0,0.4144119620323181
test,2018-560,1,653,33,0.0,0.13456854224205017
test,2018-560,1,653,34,1.0,0.6324480175971985
test,2018-560,1,653,35,1.0,0.8202474117279053
test,2018-560,1,653,36,0.0,0.19404000043869019
test,2018-560,1,653,37,0.0,0.34555211663246155
test,2018-560,1,653,38,1.0,0.6412136554718018
test,2018-560,1,653,39,1.0,0.761606752872467
test,2018-560,1,653,40,1.0,0.5463794469833374
test,2018-560,1,653,41,1.0,0.577077329158783
test,2018-560,1,653,42,0.0,0.4493691623210907
test,2018-560,1,653,43,0.0,0.20439958572387695
test,2018-560,1,653,44,1.0,0.8391959071159363
test,2018-560,1,653,45,0.0,0.6811768412590027
test,2018-560,1,653,46,0.0,0.6429198980331421
test,2018-560,1,653,47,1.0,0.9332045316696167
test,2018-560,1,653,48,0.0,0.13337992131710052
test,2018-560,1,653,49,1.0,0.8379778265953064
test,2018-560,1,653,50,0.0,0.23606979846954346
test,2018-560,1,653,51,0.0,0.33585864305496216
test,2018-560,1,653,52,0.0,0.5693677067756653
test,2018-560,1,653,53,0.0,0.5454303026199341
test,2018-560,1,653,54,0.0,0.46004506945610046
test,2018-560,1,653,55,1.0,0.6575155258178711
test,2018-560,1,653,56,1.0,0.6821936964988708
test,2018-560,1,653,57,0.0,0.4747180640697479
test,2018-560,1,653,58,1.0,0.7720495462417603
test,2018-560,1,653,59,0.0,0.6397942304611206
test,2018-560,1,653,60,0.0,0.10610939562320709
test,2018-560,1,653,61,1.0,0.8477773666381836
test,2018-560,1,653,62,0.0,0.6571431159973145
test,2018-560,1,653,63,0.0,0.08362891525030136
test,2018-560,2,654,0,0.0,0.18383923172950745
test,2018-560,2,654,1,0.0,0.13741905987262726
test,2018-560,2,654,2,1.0,0.4586053788661957
test,2018-560,2,654,3,1.0,0.676089346408844
test,2018-560,2,654,4,0.0,0.15407191216945648
test,2018-560,2,654,5,0.0,0.7347517609596252
test,2018-560,2,654,6,1.0,0.8769582509994507
test,2018-560,2,654,7,0.0,0.42364490032196045
test,2018-560,2,654,8,1.0,0.2188751995563507
test,2018-560,2,654,9,0.0,0.7697578072547913
test,2018-560,2,654,10,1.0,0.5655889511108398
test,2018-560,2,654,11,1.0,0.9418460130691528
test,2018-560,2,654,12,0.0,0.6427611708641052
test,2018-560,2,654,13,1.0,0.7918463945388794
test,2018-560,2,654,14,1.0,0.8681745529174805
test,2018-560,2,654,15,0.0,0.23194345831871033
test,2018-560,2,654,16,0.0,0.3910616934299469
test,2018-560,2,654,17,0.0,0.13918881118297577
test,2018-560,2,654,18,1.0,0.31862127780914307
test,2018-560,2,654,19,0.0,0.19277194142341614
test,2018-560,2,654,20,0.0,0.8640367388725281
test,2018-560,2,654,21,1.0,0.8620238304138184
test,2018-560,2,654,22,0.0,0.21970243752002716
test,2018-560,2,654,23,1.0,0.7997150421142578
test,2018-560,2,654,24,1.0,0.7001695036888123
test,2018-560,2,654,25,1.0,0.7914046049118042
test,2018-560,2,654,26,1.0,0.494423508644104
test,2018-560,2,654,27,1.0,0.2006722241640091
test,2018-560,2,654,28,1.0,0.8962143063545227
test,2018-560,2,654,29,0.0,0.10089879482984543
test,2018-560,2,654,30,0.0,0.223214253783226
test,2018-560,2,654,31,0.0,0.0769646093249321
test,2018-560,3,655,0,1.0,0.5932132005691528
test,2018-560,3,655,1,0.0,0.5163589119911194
test,2018-560,3,655,2,1.0,0.7861027717590332
test,2018-560,3,655,3,0.0,0.5711935758590698
test,2018-560,3,655,4,0.0,0.5921242237091064
test,2018-560,3,655,5,1.0,0.8113753795623779
test,2018-560,3,655,6,0.0,0.7677908539772034
test,2018-560,3,655,7,1.0,0.8253811597824097
test,2018-560,3,655,8,1.0,0.8860300183296204
test,2018-560,3,655,9,1.0,0.5736500024795532
test,2018-560,3,655,10,1.0,0.7947999238967896
test,2018-560,3,655,11,1.0,0.7572792768478394
test,2018-560,3,655,12,1.0,0.7402981519699097
test,2018-560,3,655,13,0.0,0.3805450201034546
test,2018-560,3,655,14,0.0,0.17342446744441986
test,2018-560,3,655,15,0.0,0.12750965356826782
test,2018-560,4,656,0,1.0,0.07821622490882874
test,2018-560,4,656,1,1.0,0.918144702911377
test,2018-560,4,656,2,0.0,0.2521640360355377
test,2018-560,4,656,3,0.0,0.5357488989830017
test,2018-560,4,656,4,0.0,0.6292667984962463
test,2018-560,4,656,5,0.0,0.32982337474823
test,2018-560,4,656,6,1.0,0.4778819680213928
test,2018-560,4,656,7,0.0,0.0728062093257904
test,2018-560,5,657,0,1.0,0.9330620169639587
test,2018-560,5,657,1,0.0,0.5545412302017212
test,2018-560,5,657,2,0.0,0.41528770327568054
test,2018-560,5,657,3,1.0,0.7970169186592102
test,2018-560,6,658,0,1.0,0.816669762134552
test,2018-560,6,658,1,0.0,0.776119589805603
test,2018-560,7,659,0,1.0,0.7982262969017029
test,2018-580,1,588,0,0.0,0.06939034163951874
test,2018-580,1,588,1,0.0,0.7207460999488831
test,2018-580,1,588,2,1.0,0.30579763650894165
test,2018-580,1,588,3,0.0,0.31970053911209106
test,2018-580,1,588,4,0.0,0.48412710428237915
test,2018-580,1,588,5,0.0,0.7439632415771484
test,2018-580,1,588,6,0.0,0.11248636990785599
test,2018-580,1,588,7,0.0,0.28019657731056213
test,2018-580,1,588,8,0.0,0.24014359712600708
test,2018-580,1,588,9,0.0,0.1632181704044342
test,2018-580,1,588,10,1.0,0.20144790410995483
test,2018-580,1,588,11,0.0,0.2929087281227112
test,2018-580,1,588,12,1.0,0.8850070238113403
test,2018-580,1,588,13,1.0,0.7814503312110901
test,2018-580,1,588,14,1.0,0.5986711978912354
test,2018-580,1,588,15,1.0,0.34017664194107056
test,2018-580,1,588,16,0.0,0.4451407492160797
test,2018-580,1,588,17,1.0,0.5340641140937805
test,2018-580,1,588,18,0.0,0.2949865460395813
test,2018-580,1,588,19,0.0,0.19937728345394135
test,2018-580,1,588,20,1.0,0.8614197373390198
test,2018-580,1,588,21,0.0,0.9075375199317932
test,2018-580,1,588,22,0.0,0.29158687591552734
test,2018-580,1,588,23,1.0,0.4044734537601471
test,2018-580,1,588,24,0.0,0.360713392496109
test,2018-580,1,588,25,1.0,0.536155641078949
test,2018-580,1,588,26,0.0,0.6635646820068359
test,2018-580,1,588,27,0.0,0.3378765285015106
test,2018-580,1,588,28,1.0,0.9267640113830566
test,2018-580,1,588,29,1.0,0.6850441694259644
test,2018-580,1,588,30,1.0,0.6601875424385071
test,2018-580,1,588,31,0.0,0.34003353118896484
test,2018-580,1,588,32,0.0,0.6195594072341919
test,2018-580,1,588,33,0.0,0.8385665416717529
test,2018-580,1,588,34,1.0,0.8871250152587891
test,2018-580,1,588,35,1.0,0.1503584086894989
test,2018-580,1,588,36,0.0,0.2588481903076172
test,2018-580,1,588,37,0.0,0.6580039262771606
test,2018-580,1,588,38,0.0,0.5906158685684204
test,2018-580,1,588,39,1.0,0.8278910517692566
test,2018-580,1,588,40,1.0,0.6197358965873718
test,2018-580,1,588,41,0.0,0.540511429309845
test,2018-580,1,588,42,0.0,0.11848720908164978
test,2018-580,1,588,43,0.0,0.35627683997154236
test,2018-580,1,588,44,1.0,0.4729743003845215
test,2018-580,1,588,45,1.0,0.5912362933158875
test,2018-580,1,588,46,1.0,0.9069581031799316
test,2018-580,1,588,47,1.0,0.8086662292480469
test,2018-580,1,588,48,1.0,0.36736050248146057
test,2018-580,1,588,49,1.0,0.36142227053642273
test,2018-580,1,588,50,1.0,0.45885539054870605
test,2018-580,1,588,51,1.0,0.7907441258430481
test,2018-580,1,588,52,0.0,0.6052424907684326
test,2018-580,1,588,53,0.0,0.26929232478141785
test,2018-580,1,588,54,1.0,0.771949291229248
test,2018-580,1,588,55,0.0,0.6424252986907959
test,2018-580,1,588,56,1.0,0.528709888458252
test,2018-580,1,588,57,0.0,0.6000977754592896
test,2018-580,1,588,58,1.0,0.8780799508094788
test,2018-580,1,588,59,1.0,0.935627818107605
test,2018-580,1,588,60,1.0,0.9035720825195312
test,2018-580,1,588,61,0.0,0.39301183819770813
test,2018-580,1,588,62,0.0,0.5538758635520935
test,2018-580,1,588,63,0.0,0.7629175186157227
test,2018-580,2,589,0,1.0,0.7248960137367249
test,2018-580,2,589,1,0.0,0.7939654588699341
test,2018-580,2,589,2,0.0,0.9084272384643555
test,2018-580,2,589,3,0.0,0.18272356688976288
test,2018-580,2,589,4,1.0,0.6421424746513367
test,2018-580,2,589,5,0.0,0.7387025952339172
test,2018-580,2,589,6,1.0,0.15819209814071655
test,2018-580,2,589,7,0.0,0.34118807315826416
test,2018-580,2,589,8,0.0,0.21576529741287231
test,2018-580,2,589,9,1.0,0.40461650490760803
test,2018-580,2,589,10,0.0,0.41439294815063477
test,2018-580,2,589,11,0.0,0.1843906193971634
test,2018-580,2,589,12,1.0,0.8146486282348633
test,2018-580,2,589,13,1.0,0.794356644153595
test,2018-580,2,589,14,1.0,0.5749691724777222
test,2018-580,2,589,15,0.0,0.48075658082962036
test,2018-580,2,589,16,1.0,0.599855363368988
test,2018-580,2,589,17,1.0,0.7990308403968811
test,2018-580,2,589,18,0.0,0.24348275363445282
test,2018-580,2,589,19,1.0,0.48310932517051697
test,2018-580,2,589,20,1.0,0.8968172669410706
test,2018-580,2,589,21,1.0,0.7739469408988953
test,2018-580,2,589,22,1.0,0.3435451090335846
test,2018-580,2,589,23,0.0,0.44935569167137146
test,2018-580,2,589,24,0.0,0.3728996217250824
test,2018-580,2,589,25,1.0,0.9100449681282043
test,2018-580,2,589,26,1.0,0.7827170491218567
test,2018-580,2,589,27,1.0,0.6192502379417419
test,2018-580,2,589,28,0.0,0.3946589231491089
test,2018-580,2,589,29,1.0,0.9296118021011353
test,2018-580,2,589,30,1.0,0.923633337020874
test,2018-580,2,589,31,1.0,0.8117707967758179
test,2018-580,3,590,0,0.0,0.3961411118507385
test,2018-580,3,590,1,1.0,0.49109283089637756
test,2018-580,3,590,2,1.0,0.7865203619003296
test,2018-580,3,590,3,0.0,0.4836108982563019
test,2018-580,3,590,4,1.0,0.44891035556793213
test,2018-580,3,590,5,0.0,0.721527636051178
test,2018-580,3,590,6,0.0,0.09282573312520981
test,2018-580,3,590,7,0.0,0.48239901661872864
test,2018-580,3,590,8,1.0,0.7183065414428711
test,2018-580,3,590,9,0.0,0.5774689316749573
test,2018-580,3,590,10,1.0,0.6678855419158936
test,2018-580,3,590,11,1.0,0.4387776553630829
test,2018-580,3,590,12,0.0,0.18742075562477112
test,2018-580,3,590,13,0.0,0.2117028832435608
test,2018-580,3,590,14,1.0,0.7834330797195435
test,2018-580,3,590,15,1.0,0.9133564233779907
test,2018-580,4,591,0,0.0,0.05293014273047447
test,2018-580,4,591,1,1.0,0.7427459359169006
test,2018-580,4,591,2,1.0,0.08417254686355591
test,2018-580,4,591,3,1.0,0.13256630301475525
test,2018-580,4,591,4,1.0,0.662148654460907
test,2018-580,4,591,5,0.0,0.47523894906044006
test,2018-580,4,591,6,1.0,0.4968908131122589
test,2018-580,4,591,7,0.0,0.1239965558052063
test,2018-580,5,592,0,1.0,0.8114996552467346
test,2018-580,5,592,1,0.0,0.27255910634994507
test,2018-580,5,592,2,1.0,0.27394354343414307
test,2018-580,5,592,3,1.0,0.1840745508670807
test,2018-580,6,593,0,0.0,0.10944309830665588
test,2018-580,6,593,1,1.0,0.692679762840271
test,2018-580,7,594,0,1.0,0.8119828701019287
test,2018-M006,1,595,0,1.0,0.49777111411094666
test,2018-M006,1,595,1,1.0,0.3918996751308441
test,2018-M006,1,595,2,0.0,0.6640709638595581
test,2018-M006,1,595,3,1.0,0.45318958163261414
test,2018-M006,1,595,4,0.0,0.3838280141353607
test,2018-M006,1,595,5,0.0,0.5166469216346741
test,2018-M006,1,595,6,1.0,0.5563517212867737
test,2018-M006,1,595,7,0.0,0.7002483010292053
test,2018-M006,1,595,8,1.0,0.5899654030799866
test,2018-M006,1,595,9,0.0,0.1976824253797531
test,2018-M006,1,595,10,1.0,0.585776150226593
test,2018-M006,1,595,11,0.0,0.4600818455219269
test,2018-M006,1,595,12,1.0,0.35834333300590515
test,2018-M006,1,595,13,1.0,0.41850700974464417
test,2018-M006,1,595,14,1.0,0.5275351405143738
test,2018-M006,1,595,15,1.0,0.6546268463134766
test,2018-M006,1,595,16,0.0,0.09668184816837311
test,2018-M006,1,595,17,1.0,0.25502991676330566
test,2018-M006,1,595,18,1.0,0.622984766960144
test,2018-M006,1,595,19,1.0,0.29564017057418823
test,2018-M006,1,595,20,0.0,0.7042721509933472
test,2018-M006,1,595,21,1.0,0.5861531496047974
test,2018-M006,1,595,22,1.0,0.644141674041748
test,2018-M006,1,595,23,1.0,0.6079871654510498
test,2018-M006,1,595,24,0.0,0.32838863134384155
test,2018-M006,1,595,25,1.0,0.5391941666603088
test,2018-M006,1,595,26,0.0,0.6965441703796387
test,2018-M006,1,595,27,1.0,0.36750495433807373
test,2018-M006,1,595,28,1.0,0.46384239196777344
test,2018-M006,1,595,29,0.0,0.7491700053215027
test,2018-M006,1,595,30,1.0,0.4476493299007416
test,2018-M006,1,595,31,0.0,0.4269676208496094
test,2018-M006,2,596,0,0.0,0.3157365620136261
test,2018-M006,2,596,1,1.0,0.7105004787445068
test,2018-M006,2,596,2,0.0,0.06508134305477142
test,2018-M006,2,596,3,1.0,0.4701123535633087
test,2018-M006,2,596,4,0.0,0.20032112300395966
test,2018-M006,2,596,5,0.0,0.31291744112968445
test,2018-M006,2,596,6,1.0,0.5234848260879517
test,2018-M006,2,596,7,0.0,0.13870316743850708
test,2018-M006,2,596,8,0.0,0.7319479584693909
test,2018-M006,2,596,9,0.0,0.5454561710357666
test,2018-M006,2,596,10,1.0,0.4663834571838379
test,2018-M006,2,596,11,1.0,0.6166206002235413
test,2018-M006,2,596,12,1.0,0.643187403678894
test,2018-M006,2,596,13,0.0,0.13408033549785614
test,2018-M006,2,596,14,1.0,0.32481512427330017
test,2018-M006,2,596,15,1.0,0.7988114356994629
test,2018-M006,2,596,16,0.0,0.35122066736221313
test,2018-M006,2,596,17,1.0,0.6954427361488342
test,2018-M006,2,596,18,0.0,0.1478307843208313
test,2018-M006,2,596,19,0.0,0.49723976850509644
test,2018-M006,2,596,20,1.0,0.2375565469264984
test,2018-M006,2,596,21,1.0,0.34145253896713257
test,2018-M006,2,596,22,1.0,0.2866957485675812
test,2018-M006,2,596,23,0.0,0.11679065972566605
test,2018-M006,2,596,24,1.0,0.2646319270133972
test,2018-M006,2,596,25,1.0,0.7859127521514893
test,2018-M006,2,596,26,1.0,0.5535060167312622
test,2018-M006,2,596,27,0.0,0.9452427625656128
test,2018-M006,2,596,28,0.0,0.13472169637680054
test,2018-M006,2,596,29,0.0,0.5098652243614197
test,2018-M006,2,596,30,0.0,0.3843719959259033
test,2018-M006,2,596,31,1.0,0.8663012981414795
test,2018-M006,3,597,0,1.0,0.1971416026353836
test,2018-M006,3,597,1,0.0,0.2142675668001175
test,2018-M006,3,597,2,1.0,0.5996254086494446
test,2018-M006,3,597,3,0.0,0.41643571853637695
test,2018-M006,3,597,4,0.0,0.8577608466148376
test,2018-M006,3,597,5,1.0,0.5552918314933777
test,2018-M006,3,597,6,1.0,0.7326960563659668
test,2018-M006,3,597,7,0.0,0.15436622500419617
test,2018-M006,3,597,8,0.0,0.0738951787352562
test,2018-M006,3,597,9,1.0,0.5219504833221436
test,2018-M006,3,597,10,1.0,0.30825382471084595
test,2018-M006,3,597,11,0.0,0.6808217763900757
test,2018-M006,3,597,12,0.0,0.6692798733711243
test,2018-M006,3,597,13,1.0,0.35087820887565613
test,2018-M006,3,597,14,1.0,0.8336686491966248
test,2018-M006,3,597,15,0.0,0.6988481283187866
test,2018-M006,4,598,0,0.0,0.09156463295221329
test,2018-M006,4,598,1,0.0,0.42387938499450684
test,2018-M006,4,598,2,1.0,0.6543927192687988
test,2018-M006,4,598,3,1.0,0.46572887897491455
test,2018-M006,4,598,4,0.0,0.5666507482528687
test,2018-M006,4,598,5,1.0,0.7946953773498535
test,2018-M006,4,598,6,1.0,0.8086223006248474
test,2018-M006,4,598,7,1.0,0.5689205527305603
test,2018-M006,5,599,0,1.0,0.863261342048645
test,2018-M006,5,599,1,1.0,0.31283038854599
test,2018-M006,5,599,2,1.0,0.7542415261268616
test,2018-M006,5,599,3,1.0,0.7780947089195251
test,2018-M006,6,600,0,0.0,0.4651116132736206
test,2018-M006,6,600,1,1.0,0.8941799402236938
test,2018-M006,7,601,0,1.0,0.19780133664608002
test,2018-M007,1,602,0,0.0,0.4379918873310089
test,2018-M007,1,602,1,0.0,0.4543079733848572
test,2018-M007,1,602,2,0.0,0.4271325469017029
test,2018-M007,1,602,3,0.0,0.3936045169830322
test,2018-M007,1,602,4,0.0,0.4619863033294678
test,2018-M007,1,602,5,1.0,0.5335602164268494
test,2018-M007,1,602,6,0.0,0.5470492839813232
test,2018-M007,1,602,7,1.0,0.5342313647270203
test,2018-M007,1,602,8,0.0,0.7057599425315857
test,2018-M007,1,602,9,0.0,0.5422869324684143
test,2018-M007,1,602,10,1.0,0.6836190223693848
test,2018-M007,1,602,11,1.0,0.5254940986633301
test,2018-M007,1,602,12,1.0,0.6241288185119629
test,2018-M007,1,602,13,1.0,0.1931532919406891
test,2018-M007,1,602,14,0.0,0.41063573956489563
test,2018-M007,1,602,15,0.0,0.42246130108833313
test,2018-M007,1,602,16,1.0,0.521048367023468
test,2018-M007,1,602,17,0.0,0.5649391412734985
test,2018-M007,1,602,18,1.0,0.4948822259902954
test,2018-M007,1,602,19,1.0,0.45102277398109436
test,2018-M007,1,602,20,0.0,0.47373485565185547
test,2018-M007,1,602,21,0.0,0.6634918451309204
test,2018-M007,1,602,22,0.0,0.45693081617355347
test,2018-M007,1,602,23,0.0,0.5279413461685181
test,2018-M007,1,602,24,0.0,0.32884475588798523
test,2018-M007,1,602,25,0.0,0.4692178964614868
test,2018-M007,1,602,26,1.0,0.5619174242019653
test,2018-M007,1,602,27,0.0,0.3063068389892578
test,2018-M007,1,602,28,1.0,0.5708880424499512
test,2018-M007,1,602,29,1.0,0.5835389494895935
test,2018-M007,1,602,30,0.0,0.582499086856842
test,2018-M007,1,602,31,1.0,0.597078263759613
test,2018-M007,2,603,0,0.0,0.94040447473526
test,2018-M007,2,603,1,0.0,0.37880733609199524
test,2018-M007,2,603,2,1.0,0.44438427686691284
test,2018-M007,2,603,3,1.0,0.8040071129798889
test,2018-M007,2,603,4,0.0,0.3885073959827423
test,2018-M007,2,603,5,0.0,0.6843762397766113
test,2018-M007,2,603,6,0.0,0.4122171700000763
test,2018-M007,2,603,7,1.0,0.7967235445976257
test,2018-M007,2,603,8,0.0,0.2073855698108673
test,2018-M007,2,603,9,1.0,0.8051140904426575
test,2018-M007,2,603,10,1.0,0.8034303188323975
test,2018-M007,2,603,11,0.0,0.20506080985069275
test,2018-M007,2,603,12,1.0,0.6372431516647339
test,2018-M007,2,603,13,1.0,0.650235652923584
test,2018-M007,2,603,14,1.0,0.8212711215019226
test,2018-M007,2,603,15,0.0,0.14621666073799133
test,2018-M007,2,603,16,0.0,0.17034943401813507
test,2018-M007,2,603,17,1.0,0.7282133102416992
test,2018-M007,2,603,18,1.0,0.8548852205276489
test,2018-M007,2,603,19,1.0,0.07591523230075836
test,2018-M007,2,603,20,1.0,0.7636426091194153
test,2018-M007,2,603,21,1.0,0.21706627309322357
test,2018-M007,2,603,22,1.0,0.8596845865249634
test,2018-M007,2,603,23,1.0,0.193992018699646
test,2018-M007,2,603,24,0.0,0.45370951294898987
test,2018-M007,2,603,25,0.0,0.18619829416275024
test,2018-M007,2,603,26,1.0,0.16898149251937866
test,2018-M007,2,603,27,1.0,0.7953113913536072
test,2018-M007,2,603,28,0.0,0.48190760612487793
test,2018-M007,2,603,29,0.0,0.10812258720397949
test,2018-M007,2,603,30,0.0,0.17697009444236755
test,2018-M007,2,603,31,0.0,0.5203635692596436
test,2018-M007,3,604,0,1.0,0.2798893451690674
test,2018-M007,3,604,1,1.0,0.32552361488342285
test,2018-M007,3,604,2,1.0,0.8302246928215027
test,2018-M007,3,604,3,0.0,0.2125985026359558
test,2018-M007,3,604,4,0.0,0.17045088112354279
test,2018-M007,3,604,5,0.0,0.28523528575897217
test,2018-M007,3,604,6,0.0,0.48755884170532227
test,2018-M007,3,604,7,1.0,0.3010061979293823
test,2018-M007,3,604,8,1.0,0.6971408724784851
test,2018-M007,3,604,9,0.0,0.20746876299381256
test,2018-M007,3,604,10,1.0,0.19476455450057983
test,2018-M007,3,604,11,1.0,0.7773071527481079
test,2018-M007,3,604,12,1.0,0.39310222864151
test,2018-M007,3,604,13,0.0,0.3586355447769165
test,2018-M007,3,604,14,0.0,0.4807794988155365
test,2018-M007,3,604,15,0.0,0.277555912733078
test,2018-M007,4,605,0,0.0,0.22249901294708252
test,2018-M007,4,605,1,0.0,0.2578350603580475
test,2018-M007,4,605,2,0.0,0.2012527585029602
test,2018-M007,4,605,3,0.0,0.6384677886962891
test,2018-M007,4,605,4,1.0,0.3968295753002167
test,2018-M007,4,605,5,1.0,0.7205017805099487
test,2018-M007,4,605,6,1.0,0.7394502758979797
test,2018-M007,4,605,7,1.0,0.41293439269065857
test,2018-M007,5,606,0,1.0,0.5649047493934631
test,2018-M007,5,606,1,0.0,0.40007278323173523
test,2018-M007,5,606,2,1.0,0.548778235912323
test,2018-M007,5,606,3,1.0,0.5407806038856506
test,2018-M007,6,607,0,1.0,0.34353628754615784
test,2018-M007,6,607,1,0.0,0.5899555087089539
test,2018-M007,7,608,0,1.0,0.5920356512069702
test,2018-M009,2,621,0,1.0,0.7441526651382446
test,2018-M009,2,621,1,1.0,0.6322982311248779
test,2018-M009,2,621,2,0.0,0.18834346532821655
test,2018-M009,2,621,3,1.0,0.23989060521125793
test,2018-M009,2,621,4,1.0,0.24457940459251404
test,2018-M009,2,621,5,0.0,0.42110303044319153
test,2018-M009,2,621,6,1.0,0.1722332239151001
test,2018-M009,2,621,7,0.0,0.20852753520011902
test,2018-M009,2,621,8,1.0,0.7254618406295776
test,2018-M009,2,621,9,0.0,0.805602490901947
test,2018-M009,2,621,10,1.0,0.477551132440567
test,2018-M009,2,621,11,1.0,0.6451355218887329
test,2018-M009,2,621,12,1.0,0.32870155572891235
test,2018-M009,2,621,13,1.0,0.9120106101036072
test,2018-M009,2,621,14,1.0,0.552581787109375
test,2018-M009,2,621,15,1.0,0.5682674050331116
test,2018-M009,2,621,16,1.0,0.7427544593811035
test,2018-M009,2,621,17,0.0,0.792239785194397
test,2018-M009,2,621,18,1.0,0.26923447847366333
test,2018-M009,2,621,19,0.0,0.6947927474975586
test,2018-M009,2,621,20,0.0,0.4055522382259369
test,2018-M009,2,621,21,0.0,0.4335286617279053
test,2018-M009,2,621,22,0.0,0.6201068162918091
test,2018-M009,2,621,23,0.0,0.31185996532440186
test,2018-M009,3,622,0,1.0,0.9130557179450989
test,2018-M009,3,622,1,0.0,0.3724881708621979
test,2018-M009,3,622,2,0.0,0.7235629558563232
test,2018-M009,3,622,3,0.0,0.4304540753364563
test,2018-M009,3,622,4,0.0,0.06510908156633377
test,2018-M009,3,622,5,0.0,0.6740109920501709
test,2018-M009,3,622,6,1.0,0.25750818848609924
test,2018-M009,3,622,7,1.0,0.1716802567243576
test,2018-M009,3,622,8,0.0,0.19667834043502808
test,2018-M009,3,622,9,1.0,0.2779214084148407
test,2018-M009,3,622,10,1.0,0.8202576041221619
test,2018-M009,3,622,11,1.0,0.8588560223579407
test,2018-M009,3,622,12,0.0,0.22717097401618958
test,2018-M009,3,622,13,0.0,0.3585956394672394
test,2018-M009,3,622,14,1.0,0.8818067908287048
test,2018-M009,3,622,15,1.0,0.8766637444496155
test,2018-M009,4,623,0,1.0,0.6637831926345825
test,2018-M009,4,623,1,1.0,0.46782246232032776
test,2018-M009,4,623,2,1.0,0.8236033916473389
test,2018-M009,4,623,3,0.0,0.18390513956546783
test,2018-M009,4,623,4,1.0,0.9069926142692566
test,2018-M009,4,623,5,1.0,0.7533947825431824
test,2018-M009,4,623,6,1.0,0.7016574144363403
test,2018-M009,4,623,7,1.0,0.8047126531600952
test,2018-M009,5,624,0,1.0,0.43574613332748413
test,2018-M009,5,624,1,0.0,0.45332828164100647
test,2018-M009,5,624,2,1.0,0.8164117336273193
test,2018-M009,5,624,3,1.0,0.8825183510780334
test,2018-M009,6,625,0,1.0,0.42177411913871765
test,2018-M009,6,625,1,0.0,0.5730578303337097
test,2018-M009,7,626,0,1.0,0.7968664765357971
test,2018-M021,2,615,0,1.0,0.27517151832580566
test,2018-M021,2,615,1,0.0,0.3474624454975128
test,2018-M021,2,615,2,1.0,0.3526328206062317
test,2018-M021,2,615,3,0.0,0.6683275103569031
test,2018-M021,2,615,4,0.0,0.31422293186187744
test,2018-M021,2,615,5,1.0,0.48786985874176025
test,2018-M021,2,615,6,1.0,0.8791415095329285
test,2018-M021,2,615,7,1.0,0.7298843860626221
test,2018-M021,2,615,8,0.0,0.5556661486625671
test,2018-M021,2,615,9,0.0,0.17164376378059387
test,2018-M021,2,615,10,0.0,0.29858162999153137
test,2018-M021,2,615,11,1.0,0.22131995856761932
test,2018-M021,2,615,12,1.0,0.6722197532653809
test,2018-M021,2,615,13,0.0,0.44463101029396057
test,2018-M021,2,615,14,1.0,0.5872011780738831
test,2018-M021,2,615,15,0.0,0.3634556233882904
test,2018-M021,2,615,16,0.0,0.14476528763771057
test,2018-M021,2,615,17,0.0,0.2631610929965973
test,2018-M021,2,615,18,0.0,0.35767051577568054
test,2018-M021,2,615,19,0.0,0.4048050343990326
test,2018-M021,2,615,20,1.0,0.3280663788318634
test,2018-M021,2,615,21,0.0,0.47431015968322754
test,2018-M021,2,615,22,0.0,0.5840585827827454
test,2018-M021,2,615,23,0.0,0.2704671621322632
test,2018-M021,3,616,0,1.0,0.7867478728294373
test,2018-M021,3,616,1,1.0,0.5625175833702087
test,2018-M021,3,616,2,1.0,0.6726617217063904
test,2018-M021,3,616,3,1.0,0.8040146231651306
test,2018-M021,3,616,4,0.0,0.17563261091709137
test,2018-M021,3,616,5,0.0,0.19408604502677917
test,2018-M021,3,616,6,0.0,0.6495153307914734
test,2018-M021,3,616,7,0.0,0.1728792041540146
test,2018-M021,3,616,8,0.0,0.8950289487838745
test,2018-M021,3,616,9,1.0,0.1447601616382599
test,2018-M021,3,616,10,0.0,0.29031360149383545
test,2018-M021,3,616,11,1.0,0.6098144054412842
test,2018-M021,3,616,12,0.0,0.4237295091152191
test,2018-M021,3,616,13,1.0,0.7948839068412781
test,2018-M021,3,616,14,1.0,0.7959206700325012
test,2018-M021,3,616,15,0.0,0.6256113648414612
test,2018-M021,4,617,0,0.0,0.26265427470207214
test,2018-M021,4,617,1,0.0,0.29964423179626465
test,2018-M021,4,617,2,0.0,0.7393459677696228
test,2018-M021,4,617,3,0.0,0.2737429738044739
test,2018-M021,4,617,4,0.0,0.8396461009979248
test,2018-M021,4,617,5,1.0,0.6199148893356323
test,2018-M021,4,617,6,1.0,0.8678105473518372
test,2018-M021,4,617,7,0.0,0.7011958360671997
test,2018-M021,5,618,0,1.0,0.16998061537742615
test,2018-M021,5,618,1,1.0,0.4439912736415863
test,2018-M021,5,618,2,0.0,0.3862904906272888
test,2018-M021,5,618,3,1.0,0.8087620139122009
test,2018-M021,6,619,0,0.0,0.4716510474681854
test,2018-M021,6,619,1,1.0,0.4424015283584595
test,2018-M021,7,620,0,0.0,0.49375104904174805
test,2018-M024,2,647,0,0.0,0.5985230207443237
test,2018-M024,2,647,1,0.0,0.33639469742774963
test,2018-M024,2,647,2,0.0,0.46755510568618774
test,2018-M024,2,647,3,0.0,0.17648087441921234
test,2018-M024,2,647,4,0.0,0.31952089071273804
test,2018-M024,2,647,5,1.0,0.47989627718925476
test,2018-M024,2,647,6,0.0,0.2633693814277649
test,2018-M024,2,647,7,1.0,0.8422240614891052
test,2018-M024,2,647,8,1.0,0.7865775227546692
test,2018-M024,2,647,9,1.0,0.4140458106994629
test,2018-M024,2,647,10,0.0,0.6155848503112793
test,2018-M024,2,647,11,1.0,0.3459659814834595
test,2018-M024,2,647,12,0.0,0.8838828802108765
test,2018-M024,2,647,13,1.0,0.2540985941886902
test,2018-M024,2,647,14,1.0,0.5287085175514221
test,2018-M024,2,647,15,1.0,0.735423743724823
test,2018-M024,2,647,16,1.0,0.7928175330162048
test,2018-M024,2,647,17,1.0,0.9198351502418518
test,2018-M024,2,647,18,1.0,0.8233515620231628
test,2018-M024,2,647,19,1.0,0.5407779216766357
test,2018-M024,2,647,20,0.0,0.538590669631958
test,2018-M024,2,647,21,1.0,0.36066657304763794
test,2018-M024,2,647,22,1.0,0.39236077666282654
test,2018-M024,2,647,23,1.0,0.5850874185562134
test,2018-M024,3,648,0,0.0,0.1354677677154541
test,2018-M024,3,648,1,1.0,0.5371533036231995
test,2018-M024,3,648,2,1.0,0.7893126606941223
test,2018-M024,3,648,3,1.0,0.9204392433166504
test,2018-M024,3,648,4,1.0,0.74931401014328
test,2018-M024,3,648,5,1.0,0.8674898743629456
test,2018-M024,3,648,6,1.0,0.5217511057853699
test,2018-M024,3,648,7,0.0,0.13623207807540894
test,2018-M024,3,648,8,1.0,0.7875550389289856
test,2018-M024,3,648,9,1.0,0.20109744369983673
test,2018-M024,3,648,10,0.0,0.3710564970970154
test,2018-M024,3,648,11,0.0,0.5638484358787537
test,2018-M024,3,648,12,0.0,0.37347212433815
test,2018-M024,3,648,13,1.0,0.3969709873199463
test,2018-M024,3,648,14,1.0,0.429552286863327
test,2018-M024,3,648,15,0.0,0.06484600901603699
test,2018-M024,4,649,0,1.0,0.9151184558868408
test,2018-M024,4,649,1,0.0,0.18159189820289612
test,2018-M024,4,649,2,0.0,0.3206113576889038
test,2018-M024,4,649,3,0.0,0.490656316280365
test,2018-M024,4,649,4,1.0,0.7433894872665405
test,2018-M024,4,649,5,1.0,0.7659735083580017
test,2018-M024,4,649,6,1.0,0.8493086695671082
test,2018-M024,4,649,7,0.0,0.4205400347709656
test,2018-M024,5,650,0,0.0,0.18687130510807037
test,2018-M024,5,650,1,0.0,0.4852195084095001
test,2018-M024,5,650,2,1.0,0.564327597618103
test,2018-M024,5,650,3,1.0,0.7906937003135681
test,2018-M024,6,651,0,0.0,0.21997858583927155
test,2018-M024,6,651,1,0.0,0.1902313381433487
test,2018-M024,7,652,0,1.0,0.6011884808540344
test,2019-0352,2,750,0,1.0,0.37537601590156555
test,2019-0352,2,750,1,0.0,0.6849014163017273
test,2019-0352,2,750,2,0.0,0.2587316334247589
test,2019-0352,2,750,3,1.0,0.5384383201599121
test,2019-0352,2,750,4,0.0,0.5375117659568787
test,2019-0352,2,750,5,0.0,0.5326123237609863
test,2019-0352,2,750,6,0.0,0.7259336709976196
test,2019-0352,2,750,7,1.0,0.8427278995513916
test,2019-0352,2,750,8,0.0,0.17019051313400269
test,2019-0352,2,750,9,1.0,0.282156765460968
test,2019-0352,2,750,10,0.0,0.2818794250488281
test,2019-0352,2,750,11,1.0,0.5558598041534424
test,2019-0352,2,750,12,1.0,0.5504868626594543
test,2019-0352,2,750,13,1.0,0.34049758315086365
test,2019-0352,2,750,14,1.0,0.758100688457489
test,2019-0352,2,750,15,1.0,0.6289554238319397
test,2019-0352,3,751,0,1.0,0.1865064650774002
test,2019-0352,3,751,1,0.0,0.3274208605289459
test,2019-0352,3,751,2,0.0,0.7598790526390076
test,2019-0352,3,751,3,0.0,0.658871054649353
test,2019-0352,3,751,4,0.0,0.5042892098426819
test,2019-0352,3,751,5,0.0,0.23177886009216309
test,2019-0352,3,751,6,0.0,0.5738898515701294
test,2019-0352,3,751,7,1.0,0.7769507169723511
test,2019-0352,3,751,8,0.0,0.45935356616973877
test,2019-0352,3,751,9,0.0,0.5977665185928345
test,2019-0352,3,751,10,1.0,0.4035176932811737
test,2019-0352,3,751,11,1.0,0.35112902522087097
test,2019-0352,3,751,12,0.0,0.07776372134685516
test,2019-0352,3,751,13,1.0,0.32664182782173157
test,2019-0352,3,751,14,0.0,0.7323358058929443
test,2019-0352,3,751,15,1.0,0.9396608471870422
test,2019-0352,4,752,0,1.0,0.8721740245819092
test,2019-0352,4,752,1,1.0,0.8555694818496704
test,2019-0352,4,752,2,0.0,0.2888123691082001
test,2019-0352,4,752,3,1.0,0.3601042926311493
test,2019-0352,4,752,4,1.0,0.3452621102333069
test,2019-0352,4,752,5,1.0,0.8094778656959534
test,2019-0352,4,752,6,0.0,0.6816503405570984
test,2019-0352,4,752,7,1.0,0.48908066749572754
test,2019-0352,5,753,0,0.0,0.16139832139015198
test,2019-0352,5,753,1,1.0,0.8236412405967712
test,2019-0352,5,753,2,1.0,0.3688763678073883
test,2019-0352,5,753,3,1.0,0.9283104538917542
test,2019-0352,6,754,0,1.0,0.7980443239212036
test,2019-0352,6,754,1,1.0,0.1367645263671875
test,2019-0352,7,755,0,0.0,0.16680550575256348
test,2019-0410,2,693,0,1.0,0.5823720693588257
test,2019-0410,2,693,1,0.0,0.22057993710041046
test,2019-0410,2,693,2,1.0,0.4049738347530365
test,2019-0410,2,693,3,1.0,0.555867075920105
test,2019-0410,2,693,4,0.0,0.12821638584136963
test,2019-0410,2,693,5,1.0,0.6935024261474609
test,2019-0410,2,693,6,0.0,0.3639454245567322
test,2019-0410,2,693,7,1.0,0.7801754474639893
test,2019-0410,2,693,8,1.0,0.6562076807022095
test,2019-0410,2,693,9,1.0,0.2506718039512634
test,2019-0410,2,693,10,1.0,0.35829856991767883
test,2019-0410,2,693,11,1.0,0.40819963812828064
test,2019-0410,2,693,12,0.0,0.49584531784057617
test,2019-0410,2,693,13,0.0,0.11951539665460587
test,2019-0410,2,693,14,1.0,0.4557829201221466
test,2019-0410,2,693,15,1.0,0.4362225830554962
test,2019-0410,2,693,16,0.0,0.4432392716407776
test,2019-0410,2,693,17,0.0,0.5449544191360474
test,2019-0410,2,693,18,0.0,0.5076703429222107
test,2019-0410,2,693,19,0.0,0.6301009058952332
test,2019-0410,2,693,20,1.0,0.702153205871582
test,2019-0410,2,693,21,0.0,0.1630750298500061
test,2019-0410,2,693,22,0.0,0.34317702054977417
test,2019-0410,2,693,23,1.0,0.4697548747062683
test,2019-0410,3,694,0,1.0,0.1955241709947586
test,2019-0410,3,694,1,0.0,0.8186709880828857
test,2019-0410,3,694,2,0.0,0.6250512003898621
test,2019-0410,3,694,3,1.0,0.16527913510799408
test,2019-0410,3,694,4,1.0,0.8447400331497192
test,2019-0410,3,694,5,0.0,0.29812029004096985
test,2019-0410,3,694,6,1.0,0.5686822533607483
test,2019-0410,3,694,7,0.0,0.7535220980644226
test,2019-0410,3,694,8,0.0,0.10834231972694397
test,2019-0410,3,694,9,1.0,0.8409537076950073
test,2019-0410,3,694,10,0.0,0.47728246450424194
test,2019-0410,3,694,11,0.0,0.4157131314277649
test,2019-0410,3,694,12,1.0,0.16346412897109985
test,2019-0410,3,694,13,0.0,0.14917582273483276
test,2019-0410,3,694,14,0.0,0.24553923308849335
test,2019-0410,3,694,15,0.0,0.7643497586250305
test,2019-0410,4,695,0,0.0,0.1628871113061905
test,2019-0410,4,695,1,0.0,0.5557404160499573
test,2019-0410,4,695,2,0.0,0.7585003972053528
test,2019-0410,4,695,3,1.0,0.7816823124885559
test,2019-0410,4,695,4,0.0,0.7896144390106201
test,2019-0410,4,695,5,1.0,0.35721391439437866
test,2019-0410,4,695,6,1.0,0.9213926196098328
test,2019-0410,4,695,7,0.0,0.5463622212409973
test,2019-0410,5,696,0,1.0,0.9266219139099121
test,2019-0410,5,696,1,1.0,0.3026414215564728
test,2019-0410,5,696,2,1.0,0.6188419461250305
test,2019-0410,5,696,3,0.0,0.904327392578125
test,2019-0410,6,697,0,0.0,0.8894977569580078
test,2019-0410,6,697,1,1.0,0.44414040446281433
test,2019-0410,7,698,0,0.0,0.4133527874946594
test,2019-0421,2,725,0,1.0,0.457960844039917
test,2019-0421,2,725,1,0.0,0.1302633136510849
test,2019-0421,2,725,2,1.0,0.7650007605552673
test,2019-0421,2,725,3,1.0,0.3797823488712311
test,2019-0421,2,725,4,0.0,0.5015802979469299
test,2019-0421,2,725,5,1.0,0.39843374490737915
test,2019-0421,2,725,6,0.0,0.44943317770957947
test,2019-0421,2,725,7,1.0,0.4443356394767761
test,2019-0421,2,725,8,1.0,0.7775599956512451
test,2019-0421,2,725,9,1.0,0.7093563079833984
test,2019-0421,2,725,10,1.0,0.40299686789512634
test,2019-0421,2,725,11,0.0,0.28155097365379333
test,2019-0421,2,725,12,0.0,0.2919270694255829
test,2019-0421,2,725,13,0.0,0.22369623184204102
test,2019-0421,2,725,14,1.0,0.8585294485092163
test,2019-0421,2,725,15,1.0,0.6487547755241394
test,2019-0421,2,725,16,0.0,0.5074176788330078
test,2019-0421,2,725,17,0.0,0.4270767271518707
test,2019-0421,2,725,18,1.0,0.5173699259757996
test,2019-0421,2,725,19,1.0,0.8256011605262756
test,2019-0421,2,725,20,1.0,0.1814558058977127
test,2019-0421,2,725,21,0.0,0.5902137160301208
test,2019-0421,2,725,22,1.0,0.4950621426105499
test,2019-0421,2,725,23,1.0,0.7675250172615051
test,2019-0421,3,726,0,1.0,0.4311327338218689
test,2019-0421,3,726,1,0.0,0.6324822902679443
test,2019-0421,3,726,2,1.0,0.39807620644569397
test,2019-0421,3,726,3,1.0,0.8558756709098816
test,2019-0421,3,726,4,0.0,0.701111912727356
test,2019-0421,3,726,5,1.0,0.8621386289596558
test,2019-0421,3,726,6,1.0,0.20310916006565094
test,2019-0421,3,726,7,1.0,0.5115352869033813
test,2019-0421,3,726,8,0.0,0.06001458317041397
test,2019-0421,3,726,9,0.0,0.7191261053085327
test,2019-0421,3,726,10,0.0,0.6034188270568848
test,2019-0421,3,726,11,0.0,0.7089836597442627
test,2019-0421,3,726,12,0.0,0.8317802548408508
test,2019-0421,3,726,13,0.0,0.34367212653160095
test,2019-0421,3,726,14,1.0,0.8363206386566162
test,2019-0421,3,726,15,1.0,0.8610856533050537
test,2019-0421,4,727,0,1.0,0.43599411845207214
test,2019-0421,4,727,1,0.0,0.3099823594093323
test,2019-0421,4,727,2,1.0,0.815119206905365
test,2019-0421,4,727,3,0.0,0.47862884402275085
test,2019-0421,4,727,4,1.0,0.4556266665458679
test,2019-0421,4,727,5,1.0,0.7715640664100647
test,2019-0421,4,727,6,0.0,0.23605287075042725
test,2019-0421,4,727,7,0.0,0.07587984204292297
test,2019-0421,5,728,0,1.0,0.2270413637161255
test,2019-0421,5,728,1,0.0,0.6894420981407166
test,2019-0421,5,728,2,0.0,0.3416003882884979
test,2019-0421,5,728,3,0.0,0.16941533982753754
test,2019-0421,6,729,0,1.0,0.32119905948638916
test,2019-0421,6,729,1,1.0,0.8129847049713135
test,2019-0421,7,730,0,1.0,0.9023767709732056
test,2019-5014,2,744,0,0.0,0.3375051021575928
test,2019-5014,2,744,1,0.0,0.23302984237670898
test,2019-5014,2,744,2,1.0,0.7634564638137817
test,2019-5014,2,744,3,0.0,0.23348303139209747
test,2019-5014,2,744,4,1.0,0.7560833096504211
test,2019-5014,2,744,5,1.0,0.3732876777648926
test,2019-5014,2,744,6,0.0,0.6554248929023743
test,2019-5014,2,744,7,0.0,0.8365222811698914
test,2019-5014,2,744,8,1.0,0.8414776921272278
test,2019-5014,2,744,9,1.0,0.7292847037315369
test,2019-5014,2,744,10,0.0,0.25046876072883606
test,2019-5014,2,744,11,0.0,0.5906823873519897
test,2019-5014,2,744,12,1.0,0.20559091866016388
test,2019-5014,2,744,13,1.0,0.3803160488605499
test,2019-5014,2,744,14,1.0,0.6203262209892273
test,2019-5014,2,744,15,0.0,0.7553182244300842
test,2019-5014,2,744,16,1.0,0.47254469990730286
test,2019-5014,2,744,17,1.0,0.3360346555709839
test,2019-5014,2,744,18,0.0,0.11253012716770172
test,2019-5014,2,744,19,1.0,0.5501484274864197
test,2019-5014,2,744,20,0.0,0.3817679286003113
test,2019-5014,2,744,21,1.0,0.3336408734321594
test,2019-5014,2,744,22,1.0,0.25921955704689026
test,2019-5014,2,744,23,1.0,0.40761518478393555
test,2019-5014,3,745,0,1.0,0.921198844909668
test,2019-5014,3,745,1,1.0,0.8487489223480225
test,2019-5014,3,745,2,0.0,0.3705953359603882
test,2019-5014,3,745,3,0.0,0.30548256635665894
test,2019-5014,3,745,4,1.0,0.47956156730651855
test,2019-5014,3,745,5,1.0,0.5629912614822388
test,2019-5014,3,745,6,1.0,0.6196696758270264
test,2019-5014,3,745,7,1.0,0.7654915452003479
test,2019-5014,3,745,8,0.0,0.31278637051582336
test,2019-5014,3,745,9,1.0,0.4491080939769745
test,2019-5014,3,745,10,1.0,0.7951147556304932
test,2019-5014,3,745,11,1.0,0.5183804631233215
test,2019-5014,3,745,12,1.0,0.23276549577713013
test,2019-5014,3,745,13,0.0,0.2955296039581299
test,2019-5014,3,745,14,0.0,0.19741924107074738
test,2019-5014,3,745,15,1.0,0.8431402444839478
test,2019-5014,4,746,0,0.0,0.25121089816093445
test,2019-5014,4,746,1,1.0,0.8396571278572083
test,2019-5014,4,746,2,0.0,0.38151901960372925
test,2019-5014,4,746,3,0.0,0.21709559857845306
test,2019-5014,4,746,4,0.0,0.4155433177947998
test,2019-5014,4,746,5,0.0,0.7540382742881775
test,2019-5014,4,746,6,0.0,0.2235686331987381
test,2019-5014,4,746,7,1.0,0.7638521194458008
test,2019-5014,5,747,0,0.0,0.8522061705589294
test,2019-5014,5,747,1,1.0,0.4765549600124359
test,2019-5014,5,747,2,1.0,0.221016526222229
test,2019-5014,5,747,3,0.0,0.7967190742492676
test,2019-5014,6,748,0,1.0,0.5867536664009094
test,2019-5014,6,748,1,1.0,0.8011746406555176
test,2019-5014,7,749,0,0.0,0.6244593858718872
test,2019-520,1,711,0,1.0,0.8569546937942505
test,2019-520,1,711,1,1.0,0.27217546105384827
test,2019-520,1,711,2,1.0,0.4527049958705902
test,2019-520,1,711,3,0.0,0.2555803954601288
test,2019-520,1,711,4,0.0,0.2736913859844208
test,2019-520,1,711,5,0.0,0.5587462782859802
test,2019-520,1,711,6,1.0,0.5574461221694946
test,2019-520,1,711,7,1.0,0.8488882780075073
test,2019-520,1,711,8,1.0,0.7997827529907227
test,2019-520,1,711,9,0.0,0.5952292680740356
test,2019-520,1,711,10,1.0,0.6427974104881287
test,2019-520,1,711,11,0.0,0.32477882504463196
test,2019-520,1,711,12,1.0,0.8578912019729614
test,2019-520,1,711,13,0.0,0.7161504030227661
test,2019-520,1,711,14,1.0,0.8487992882728577
test,2019-520,1,711,15,0.0,0.12142889201641083
test,2019-520,1,711,16,0.0,0.6333403587341309
test,2019-520,1,711,17,0.0,0.3335164785385132
test,2019-520,1,711,18,0.0,0.3319024443626404
test,2019-520,1,711,19,0.0,0.16077543795108795
test,2019-520,1,711,20,1.0,0.768111526966095
test,2019-520,1,711,21,0.0,0.3861287236213684
test,2019-520,1,711,22,0.0,0.2754284739494324
test,2019-520,1,711,23,1.0,0.3302956819534302
test,2019-520,1,711,24,0.0,0.3173842430114746
test,2019-520,1,711,25,0.0,0.6687566637992859
test,2019-520,1,711,26,0.0,0.4578142762184143
test,2019-520,1,711,27,1.0,0.4886278212070465
test,2019-520,1,711,28,1.0,0.8311181664466858
test,2019-520,1,711,29,0.0,0.20796392858028412
test,2019-520,1,711,30,1.0,0.48938101530075073
test,2019-520,1,711,31,0.0,0.3516382873058319
test,2019-520,1,711,32,1.0,0.7307636141777039
test,2019-520,1,711,33,1.0,0.7030948400497437
test,2019-520,1,711,34,1.0,0.30629169940948486
test,2019-520,1,711,35,1.0,0.5237756371498108
test,2019-520,1,711,36,1.0,0.8366044759750366
test,2019-520,1,711,37,0.0,0.10100194811820984
test,2019-520,1,711,38,0.0,0.4115414023399353
test,2019-520,1,711,39,1.0,0.7990389466285706
test,2019-520,1,711,40,0.0,0.31891173124313354
test,2019-520,1,711,41,1.0,0.2876637876033783
test,2019-520,1,711,42,0.0,0.10598438233137131
test,2019-520,1,711,43,0.0,0.402878075838089
test,2019-520,1,711,44,1.0,0.31652894616127014
test,2019-520,1,711,45,0.0,0.5066052079200745
test,2019-520,1,711,46,0.0,0.0722285583615303
test,2019-520,1,711,47,0.0,0.0991731733083725
test,2019-520,1,711,48,1.0,0.6470076441764832
test,2019-520,1,711,49,1.0,0.5188851952552795
test,2019-520,1,711,50,1.0,0.38008567690849304
test,2019-520,1,711,51,0.0,0.4959581196308136
test,2019-520,1,711,52,1.0,0.7760167717933655
test,2019-520,1,711,53,1.0,0.570273220539093
test,2019-520,1,711,54,1.0,0.3908545672893524
test,2019-520,1,711,55,1.0,0.2339051514863968
test,2019-520,1,711,56,0.0,0.25216037034988403
test,2019-520,1,711,57,0.0,0.45353472232818604
test,2019-520,1,711,58,1.0,0.5908764600753784
test,2019-520,1,711,59,1.0,0.8668102025985718
test,2019-520,1,711,60,0.0,0.39923590421676636
test,2019-520,1,711,61,0.0,0.5444740056991577
test,2019-520,1,711,62,0.0,0.04156792163848877
test,2019-520,1,711,63,1.0,0.5804232954978943
test,2019-520,2,712,0,1.0,0.3309132754802704
test,2019-520,2,712,1,0.0,0.04428575187921524
test,2019-520,2,712,2,0.0,0.15406134724617004
test,2019-520,2,712,3,0.0,0.8644642233848572
test,2019-520,2,712,4,0.0,0.4737100899219513
test,2019-520,2,712,5,0.0,0.4057566523551941
test,2019-520,2,712,6,0.0,0.16501787304878235
test,2019-520,2,712,7,0.0,0.21975179016590118
test,2019-520,2,712,8,1.0,0.900646984577179
test,2019-520,2,712,9,1.0,0.8917907476425171
test,2019-520,2,712,10,1.0,0.389466255903244
test,2019-520,2,712,11,0.0,0.8242200016975403
test,2019-520,2,712,12,0.0,0.21265408396720886
test,2019-520,2,712,13,1.0,0.8639504313468933
test,2019-520,2,712,14,0.0,0.6660149097442627
test,2019-520,2,712,15,1.0,0.48793965578079224
test,2019-520,2,712,16,1.0,0.8223398923873901
test,2019-520,2,712,17,0.0,0.11688829213380814
test,2019-520,2,712,18,1.0,0.8187238574028015
test,2019-520,2,712,19,1.0,0.8646295070648193
test,2019-520,2,712,20,0.0,0.5906155109405518
test,2019-520,2,712,21,1.0,0.24044600129127502
test,2019-520,2,712,22,0.0,0.7241551876068115
test,2019-520,2,712,23,1.0,0.4608202576637268
test,2019-520,2,712,24,0.0,0.04491919279098511
test,2019-520,2,712,25,0.0,0.19639952480793
test,2019-520,2,712,26,1.0,0.6874712705612183
test,2019-520,2,712,27,0.0,0.20592078566551208
test,2019-520,2,712,28,0.0,0.34509357810020447
test,2019-520,2,712,29,1.0,0.9458997845649719
test,2019-520,2,712,30,0.0,0.7711284160614014
test,2019-520,2,712,31,1.0,0.8845741748809814
test,2019-520,3,713,0,1.0,0.7112191915512085
test,2019-520,3,713,1,1.0,0.4378828704357147
test,2019-520,3,713,2,1.0,0.5890434384346008
test,2019-520,3,713,3,0.0,0.16098527610301971
test,2019-520,3,713,4,1.0,0.7928473949432373
test,2019-520,3,713,5,0.0,0.10355577617883682
test,2019-520,3,713,6,0.0,0.7333648204803467
test,2019-520,3,713,7,1.0,0.7893007397651672
test,2019-520,3,713,8,0.0,0.42129698395729065
test,2019-520,3,713,9,0.0,0.048097237944602966
test,2019-520,3,713,10,1.0,0.9388641119003296
test,2019-520,3,713,11,1.0,0.7279485464096069
test,2019-520,3,713,12,1.0,0.8459978103637695
test,2019-520,3,713,13,1.0,0.41226625442504883
test,2019-520,3,713,14,0.0,0.21755817532539368
test,2019-520,3,713,15,1.0,0.20945242047309875
test,2019-520,4,714,0,0.0,0.047726310789585114
test,2019-520,4,714,1,0.0,0.18363074958324432
test,2019-520,4,714,2,1.0,0.8876901268959045
test,2019-520,4,714,3,0.0,0.5355587601661682
test,2019-520,4,714,4,0.0,0.485045850276947
test,2019-520,4,714,5,1.0,0.6264498233795166
test,2019-520,4,714,6,1.0,0.8808149099349976
test,2019-520,4,714,7,1.0,0.3648183345794678
test,2019-520,5,715,0,0.0,0.3911230266094208
test,2019-520,5,715,1,1.0,0.7975372672080994
test,2019-520,5,715,2,0.0,0.16992592811584473
test,2019-520,5,715,3,1.0,0.7742668390274048
test,2019-520,6,716,0,1.0,0.5112454295158386
test,2019-520,6,716,1,1.0,0.21547356247901917
test,2019-520,7,717,0,0.0,0.19591960310935974
test,2019-540,1,718,0,1.0,0.7340447902679443
test,2019-540,1,718,1,1.0,0.2313266098499298
test,2019-540,1,718,2,1.0,0.12773941457271576
test,2019-540,1,718,3,0.0,0.3190493881702423
test,2019-540,1,718,4,0.0,0.3945530354976654
test,2019-540,1,718,5,0.0,0.2973492443561554
test,2019-540,1,718,6,0.0,0.22674836218357086
test,2019-540,1,718,7,1.0,0.35059699416160583
test,2019-540,1,718,8,0.0,0.27873119711875916
test,2019-540,1,718,9,1.0,0.8784394264221191
test,2019-540,1,718,10,0.0,0.10059487074613571
test,2019-540,1,718,11,1.0,0.716586709022522
test,2019-540,1,718,12,0.0,0.32416868209838867
test,2019-540,1,718,13,0.0,0.12989668548107147
test,2019-540,1,718,14,1.0,0.5301974415779114
test,2019-540,1,718,15,0.0,0.4885009229183197
test,2019-540,1,718,16,0.0,0.5945980548858643
test,2019-540,1,718,17,0.0,0.8306407928466797
test,2019-540,1,718,18,0.0,0.28814956545829773
test,2019-540,1,718,19,0.0,0.1829075962305069
test,2019-540,1,718,20,1.0,0.6629000902175903
test,2019-540,1,718,21,0.0,0.19465553760528564
test,2019-540,1,718,22,1.0,0.6768007278442383
test,2019-540,1,718,23,0.0,0.32631832361221313
test,2019-540,1,718,24,0.0,0.17756681144237518
test,2019-540,1,718,25,0.0,0.3694682717323303
test,2019-540,1,718,26,0.0,0.5803326964378357
test,2019-540,1,718,27,0.0,0.32466790080070496
test,2019-540,1,718,28,1.0,0.3946859836578369
test,2019-540,1,718,29,0.0,0.5700014233589172
test,2019-540,1,718,30,1.0,0.5239638090133667
test,2019-540,1,718,31,0.0,0.1128607988357544
test,2019-540,1,718,32,1.0,0.9336379170417786
test,2019-540,1,718,33,0.0,0.2303117960691452
test,2019-540,1,718,34,0.0,0.29631152749061584
test,2019-540,1,718,35,1.0,0.22303108870983124
test,2019-540,1,718,36,0.0,0.24548722803592682
test,2019-540,1,718,37,0.0,0.5419188737869263
test,2019-540,1,718,38,0.0,0.25752684473991394
test,2019-540,1,718,39,1.0,0.8251535892486572
test,2019-540,1,718,40,1.0,0.750565230846405
test,2019-540,1,718,41,1.0,0.7185966968536377
test,2019-540,1,718,42,1.0,0.5762340426445007
test,2019-540,1,718,43,0.0,0.1366553157567978
test,2019-540,1,718,44,0.0,0.21467708051204681
test,2019-540,1,718,45,1.0,0.1365743726491928
test,2019-540,1,718,46,0.0,0.3721727728843689
test,2019-540,1,718,47,1.0,0.6141309142112732
test,2019-540,1,718,48,1.0,0.11940331012010574
test,2019-540,1,718,49,0.0,0.5587683320045471
test,2019-540,1,718,50,1.0,0.1153378039598465
test,2019-540,1,718,51,0.0,0.24121470749378204
test,2019-540,1,718,52,0.0,0.5617433190345764
test,2019-540,1,718,53,1.0,0.7617748379707336
test,2019-540,1,718,54,1.0,0.8640435338020325
test,2019-540,1,718,55,0.0,0.5631294846534729
test,2019-540,1,718,56,0.0,0.242136612534523
test,2019-540,1,718,57,1.0,0.14360925555229187
test,2019-540,1,718,58,1.0,0.7859317064285278
test,2019-540,1,718,59,1.0,0.292417049407959
test,2019-540,1,718,60,1.0,0.504084050655365
test,2019-540,1,718,61,0.0,0.5775346159934998
test,2019-540,1,718,62,1.0,0.9509124159812927
test,2019-540,1,718,63,1.0,0.472982257604599
test,2019-540,2,719,0,0.0,0.04043328016996384
test,2019-540,2,719,1,0.0,0.2489807903766632
test,2019-540,2,719,2,0.0,0.1074165403842926
test,2019-540,2,719,3,1.0,0.35490500926971436
test,2019-540,2,719,4,1.0,0.5940349698066711
test,2019-540,2,719,5,0.0,0.777850866317749
test,2019-540,2,719,6,0.0,0.6377877593040466
test,2019-540,2,719,7,1.0,0.3863135576248169
test,2019-540,2,719,8,1.0,0.8207429051399231
test,2019-540,2,719,9,0.0,0.8137673139572144
test,2019-540,2,719,10,1.0,0.8089736700057983
test,2019-540,2,719,11,0.0,0.2514960765838623
test,2019-540,2,719,12,0.0,0.16119611263275146
test,2019-540,2,719,13,1.0,0.5880825519561768
test,2019-540,2,719,14,1.0,0.7891996502876282
test,2019-540,2,719,15,0.0,0.7330237030982971
test,2019-540,2,719,16,1.0,0.5043746829032898
test,2019-540,2,719,17,1.0,0.3594590425491333
test,2019-540,2,719,18,0.0,0.23353861272335052
test,2019-540,2,719,19,0.0,0.8115954995155334
test,2019-540,2,719,20,1.0,0.3598383665084839
test,2019-540,2,719,21,1.0,0.691563606262207
test,2019-540,2,719,22,1.0,0.8662776350975037
test,2019-540,2,719,23,0.0,0.13845841586589813
test,2019-540,2,719,24,1.0,0.5908533334732056
test,2019-540,2,719,25,1.0,0.6375604867935181
test,2019-540,2,719,26,1.0,0.6790394186973572
test,2019-540,2,719,27,1.0,0.5211048126220703
test,2019-540,2,719,28,0.0,0.1901186853647232
test,2019-540,2,719,29,0.0,0.5253652334213257
test,2019-540,2,719,30,1.0,0.9374881386756897
test,2019-540,2,719,31,1.0,0.3762367367744446
test,2019-540,3,720,0,1.0,0.48120859265327454
test,2019-540,3,720,1,1.0,0.181091770529747
test,2019-540,3,720,2,1.0,0.9134402871131897
test,2019-540,3,720,3,1.0,0.6333861351013184
test,2019-540,3,720,4,1.0,0.624591052532196
test,2019-540,3,720,5,0.0,0.3651542365550995
test,2019-540,3,720,6,1.0,0.8457077145576477
test,2019-540,3,720,7,0.0,0.09624973684549332
test,2019-540,3,720,8,1.0,0.7171018123626709
test,2019-540,3,720,9,1.0,0.7937682271003723
test,2019-540,3,720,10,0.0,0.7999829053878784
test,2019-540,3,720,11,0.0,0.16764673590660095
test,2019-540,3,720,12,1.0,0.2068406492471695
test,2019-540,3,720,13,1.0,0.3346240818500519
test,2019-540,3,720,14,1.0,0.9051827192306519
test,2019-540,3,720,15,0.0,0.8282791972160339
test,2019-540,4,721,0,1.0,0.9371594786643982
test,2019-540,4,721,1,0.0,0.160289004445076
test,2019-540,4,721,2,1.0,0.9153075814247131
test,2019-540,4,721,3,0.0,0.3141750991344452
test,2019-540,4,721,4,0.0,0.27985888719558716
test,2019-540,4,721,5,1.0,0.1537923812866211
test,2019-540,4,721,6,0.0,0.2549062967300415
test,2019-540,4,721,7,1.0,0.9392909407615662
test,2019-540,5,722,0,1.0,0.9081660509109497
test,2019-540,5,722,1,1.0,0.7971570491790771
test,2019-540,5,722,2,1.0,0.7501331567764282
test,2019-540,5,722,3,0.0,0.21326853334903717
test,2019-540,6,723,0,1.0,0.4808306396007538
test,2019-540,6,723,1,1.0,0.8508579730987549
test,2019-540,7,724,0,0.0,0.5295780301094055
test,2019-560,1,737,0,0.0,0.5504994988441467
test,2019-560,1,737,1,0.0,0.4442678987979889
test,2019-560,1,737,2,1.0,0.8859151005744934
test,2019-560,1,737,3,0.0,0.7145790457725525
test,2019-560,1,737,4,1.0,0.6897962689399719
test,2019-560,1,737,5,1.0,0.21893705427646637
test,2019-560,1,737,6,1.0,0.7507498860359192
test,2019-560,1,737,7,0.0,0.8297934532165527
test,2019-560,1,737,8,1.0,0.45466890931129456
test,2019-560,1,737,9,1.0,0.4367518126964569
test,2019-560,1,737,10,0.0,0.7810412645339966
test,2019-560,1,737,11,1.0,0.5577268600463867
test,2019-560,1,737,12,1.0,0.7927377223968506
test,2019-560,1,737,13,0.0,0.6708372831344604
test,2019-560,1,737,14,1.0,0.5389398336410522
test,2019-560,1,737,15,0.0,0.8074333071708679
test,2019-560,1,737,16,1.0,0.5496830344200134
test,2019-560,1,737,17,1.0,0.4815867841243744
test,2019-560,1,737,18,0.0,0.8516204357147217
test,2019-560,1,737,19,0.0,0.37640848755836487
test,2019-560,1,737,20,0.0,0.3888005316257477
test,2019-560,1,737,21,1.0,0.7272550463676453
test,2019-560,1,737,22,0.0,0.23525895178318024
test,2019-560,1,737,23,1.0,0.5786678194999695
test,2019-560,1,737,24,1.0,0.3092830181121826
test,2019-560,1,737,25,0.0,0.5717223882675171
test,2019-560,1,737,26,0.0,0.19267483055591583
test,2019-560,1,737,27,0.0,0.0613250806927681
test,2019-560,1,737,28,1.0,0.2941240668296814
test,2019-560,1,737,29,1.0,0.4279952645301819
test,2019-560,1,737,30,0.0,0.31273308396339417
test,2019-560,1,737,31,0.0,0.11727374792098999
test,2019-560,1,737,32,0.0,0.548900842666626
test,2019-560,1,737,33,0.0,0.38004401326179504
test,2019-560,1,737,34,1.0,0.6768532991409302
test,2019-560,1,737,35,0.0,0.7962422370910645
test,2019-560,1,737,36,1.0,0.3267836272716522
test,2019-560,1,737,37,1.0,0.21620193123817444
test,2019-560,1,737,38,1.0,0.5450360774993896
test,2019-560,1,737,39,1.0,0.4522923231124878
test,2019-560,1,737,40,0.0,0.24197401106357574
test,2019-560,1,737,41,0.0,0.46377262473106384
test,2019-560,1,737,42,0.0,0.19131402671337128
test,2019-560,1,737,43,1.0,0.9581292867660522
test,2019-560,1,737,44,1.0,0.6950713992118835
test,2019-560,1,737,45,1.0,0.3632943630218506
test,2019-560,1,737,46,1.0,0.4289274513721466
test,2019-560,1,737,47,0.0,0.2070227414369583
test,2019-560,1,737,48,0.0,0.4886845350265503
test,2019-560,1,737,49,1.0,0.4041025936603546
test,2019-560,1,737,50,1.0,0.8869247436523438
test,2019-560,1,737,51,0.0,0.1600467413663864
test,2019-560,1,737,52,1.0,0.4237050712108612
test,2019-560,1,737,53,1.0,0.37042731046676636
test,2019-560,1,737,54,1.0,0.8346757292747498
test,2019-560,1,737,55,1.0,0.4752002954483032
test,2019-560,1,737,56,0.0,0.21947938203811646
test,2019-560,1,737,57,0.0,0.21501488983631134
test,2019-560,1,737,58,1.0,0.8447349071502686
test,2019-560,1,737,59,0.0,0.8038893342018127
test,2019-560,1,737,60,1.0,0.7142685651779175
test,2019-560,1,737,61,1.0,0.929945707321167
test,2019-560,1,737,62,1.0,0.7693086266517639
test,2019-560,1,737,63,0.0,0.7825422286987305
test,2019-560,2,738,0,1.0,0.9447462558746338
test,2019-560,2,738,1,1.0,0.6045631766319275
test,2019-560,2,738,2,0.0,0.11009537428617477
test,2019-560,2,738,3,0.0,0.36741432547569275
test,2019-560,2,738,4,1.0,0.4940422475337982
test,2019-560,2,738,5,0.0,0.5995321273803711
test,2019-560,2,738,6,0.0,0.10174322128295898
test,2019-560,2,738,7,0.0,0.07271064817905426
test,2019-560,2,738,8,0.0,0.6059090495109558
test,2019-560,2,738,9,1.0,0.7735998630523682
test,2019-560,2,738,10,0.0,0.7158312797546387
test,2019-560,2,738,11,0.0,0.6910489797592163
test,2019-560,2,738,12,1.0,0.7458452582359314
test,2019-560,2,738,13,0.0,0.678469181060791
test,2019-560,2,738,14,1.0,0.8258171081542969
test,2019-560,2,738,15,0.0,0.06561457365751266
test,2019-560,2,738,16,1.0,0.8419870734214783
test,2019-560,2,738,17,1.0,0.7860183715820312
test,2019-560,2,738,18,0.0,0.5926886796951294
test,2019-560,2,738,19,0.0,0.5952268838882446
test,2019-560,2,738,20,1.0,0.8292177319526672
test,2019-560,2,738,21,0.0,0.15682807564735413
test,2019-560,2,738,22,0.0,0.5879042148590088
test,2019-560,2,738,23,1.0,0.31899920105934143
test,2019-560,2,738,24,0.0,0.5635418891906738
test,2019-560,2,738,25,0.0,0.5168645977973938
test,2019-560,2,738,26,0.0,0.15833833813667297
test,2019-560,2,738,27,1.0,0.5942476391792297
test,2019-560,2,738,28,0.0,0.8078645467758179
test,2019-560,2,738,29,0.0,0.521138072013855
test,2019-560,2,738,30,0.0,0.11372772604227066
test,2019-560,2,738,31,1.0,0.8525999188423157
test,2019-560,3,739,0,0.0,0.3354698419570923
test,2019-560,3,739,1,1.0,0.9349468946456909
test,2019-560,3,739,2,0.0,0.4960951507091522
test,2019-560,3,739,3,0.0,0.705236554145813
test,2019-560,3,739,4,0.0,0.8055704236030579
test,2019-560,3,739,5,0.0,0.12046484649181366
test,2019-560,3,739,6,1.0,0.6017078161239624
test,2019-560,3,739,7,0.0,0.0655897855758667
test,2019-560,3,739,8,0.0,0.7551981210708618
test,2019-560,3,739,9,1.0,0.8167511820793152
test,2019-560,3,739,10,1.0,0.5214920043945312
test,2019-560,3,739,11,1.0,0.7259453535079956
test,2019-560,3,739,12,1.0,0.8518499135971069
test,2019-560,3,739,13,0.0,0.3480479419231415
test,2019-560,3,739,14,1.0,0.8801485896110535
test,2019-560,3,739,15,1.0,0.8273306488990784
test,2019-560,4,740,0,1.0,0.45101720094680786
test,2019-560,4,740,1,1.0,0.8785585761070251
test,2019-560,4,740,2,0.0,0.6564157009124756
test,2019-560,4,740,3,0.0,0.1957658976316452
test,2019-560,4,740,4,0.0,0.2162862867116928
test,2019-560,4,740,5,1.0,0.8212555646896362
test,2019-560,4,740,6,0.0,0.8184034824371338
test,2019-560,4,740,7,1.0,0.8127756714820862
test,2019-560,5,741,0,1.0,0.8181610107421875
test,2019-560,5,741,1,1.0,0.1544537991285324
test,2019-560,5,741,2,0.0,0.815841794013977
test,2019-560,5,741,3,0.0,0.562923789024353
test,2019-560,6,742,0,0.0,0.07199528813362122
test,2019-560,6,742,1,0.0,0.6084722876548767
test,2019-560,7,743,0,1.0,0.8509857058525085
test,2019-580,1,672,0,0.0,0.8000488877296448
test,2019-580,1,672,1,1.0,0.9107437133789062
test,2019-580,1,672,2,0.0,0.20338740944862366
test,2019-580,1,672,3,1.0,0.8258137702941895
test,2019-580,1,672,4,0.0,0.3490641117095947
test,2019-580,1,672,5,1.0,0.8204882740974426
test,2019-580,1,672,6,1.0,0.7573040723800659
test,2019-580,1,672,7,1.0,0.6018924117088318
test,2019-580,1,672,8,0.0,0.29301387071609497
test,2019-580,1,672,9,0.0,0.23321092128753662
test,2019-580,1,672,10,1.0,0.8467116951942444
test,2019-580,1,672,11,1.0,0.6277850270271301
test,2019-580,1,672,12,0.0,0.6252610087394714
test,2019-580,1,672,13,1.0,0.6171384453773499
test,2019-580,1,672,14,0.0,0.2263934165239334
test,2019-580,1,672,15,1.0,0.5016764998435974
test,2019-580,1,672,16,0.0,0.441219687461853
test,2019-580,1,672,17,0.0,0.32514214515686035
test,2019-580,1,672,18,0.0,0.5773167014122009
test,2019-580,1,672,19,0.0,0.42469748854637146
test,2019-580,1,672,20,1.0,0.5022618770599365
test,2019-580,1,672,21,0.0,0.46915164589881897
test,2019-580,1,672,22,0.0,0.3958498537540436
test,2019-580,1,672,23,0.0,0.5721147060394287
test,2019-580,1,672,24,0.0,0.42420950531959534
test,2019-580,1,672,25,1.0,0.42402732372283936
test,2019-580,1,672,26,0.0,0.1775663048028946
test,2019-580,1,672,27,1.0,0.7403276562690735
test,2019-580,1,672,28,0.0,0.38438931107521057
test,2019-580,1,672,29,0.0,0.4054986834526062
test,2019-580,1,672,30,1.0,0.3947082459926605
test,2019-580,1,672,31,1.0,0.6105243563652039
test,2019-580,1,672,32,0.0,0.47156599164009094
test,2019-580,1,672,33,0.0,0.49587708711624146
test,2019-580,1,672,34,0.0,0.7371975183486938
test,2019-580,1,672,35,1.0,0.7620859742164612
test,2019-580,1,672,36,0.0,0.5883395075798035
test,2019-580,1,672,37,0.0,0.4979307949542999
test,2019-580,1,672,38,1.0,0.7958884239196777
test,2019-580,1,672,39,1.0,0.6450719237327576
test,2019-580,1,672,40,0.0,0.21642011404037476
test,2019-580,1,672,41,1.0,0.5905064344406128
test,2019-580,1,672,42,0.0,0.5835682153701782
test,2019-580,1,672,43,1.0,0.16143183410167694
test,2019-580,1,672,44,0.0,0.15278753638267517
test,2019-580,1,672,45,1.0,0.4240611493587494
test,2019-580,1,672,46,0.0,0.045144397765398026
test,2019-580,1,672,47,1.0,0.8403561115264893
test,2019-580,1,672,48,0.0,0.0704764872789383
test,2019-580,1,672,49,1.0,0.6508660912513733
test,2019-580,1,672,50,0.0,0.4108075499534607
test,2019-580,1,672,51,1.0,0.1515824943780899
test,2019-580,1,672,52,1.0,0.7712705731391907
test,2019-580,1,672,53,1.0,0.947943925857544
test,2019-580,1,672,54,1.0,0.7219895124435425
test,2019-580,1,672,55,0.0,0.08733149617910385
test,2019-580,1,672,56,0.0,0.29633253812789917
test,2019-580,1,672,57,1.0,0.8449218273162842
test,2019-580,1,672,58,0.0,0.3142317533493042
test,2019-580,1,672,59,1.0,0.821431040763855
test,2019-580,1,672,60,1.0,0.7147288918495178
test,2019-580,1,672,61,0.0,0.36778515577316284
test,2019-580,1,672,62,1.0,0.5723022222518921
test,2019-580,1,672,63,1.0,0.8871544599533081
test,2019-580,2,673,0,1.0,0.85982346534729
test,2019-580,2,673,1,1.0,0.7466869354248047
test,2019-580,2,673,2,0.0,0.3048385679721832
test,2019-580,2,673,3,1.0,0.772517740726471
test,2019-580,2,673,4,1.0,0.6060288548469543
test,2019-580,2,673,5,0.0,0.13729606568813324
test,2019-580,2,673,6,1.0,0.630224883556366
test,2019-580,2,673,7,1.0,0.4575018882751465
test,2019-580,2,673,8,1.0,0.5953415036201477
test,2019-580,2,673,9,1.0,0.7452521324157715
test,2019-580,2,673,10,0.0,0.22657591104507446
test,2019-580,2,673,11,0.0,0.14413847029209137
test,2019-580,2,673,12,0.0,0.1869232952594757
test,2019-580,2,673,13,1.0,0.6734062433242798
test,2019-580,2,673,14,1.0,0.6330667734146118
test,2019-580,2,673,15,0.0,0.49202120304107666
test,2019-580,2,673,16,0.0,0.5129604935646057
test,2019-580,2,673,17,1.0,0.6284719109535217
test,2019-580,2,673,18,1.0,0.8737109303474426
test,2019-580,2,673,19,1.0,0.18117713928222656
test,2019-580,2,673,20,1.0,0.22911331057548523
test,2019-580,2,673,21,0.0,0.7352901101112366
test,2019-580,2,673,22,0.0,0.8970358371734619
test,2019-580,2,673,23,0.0,0.7908580303192139
test,2019-580,2,673,24,1.0,0.44967973232269287
test,2019-580,2,673,25,0.0,0.061962541192770004
test,2019-580,2,673,26,1.0,0.8147679567337036
test,2019-580,2,673,27,0.0,0.07237154990434647
test,2019-580,2,673,28,0.0,0.10078834742307663
test,2019-580,2,673,29,0.0,0.3569098711013794
test,2019-580,2,673,30,1.0,0.6326029300689697
test,2019-580,2,673,31,0.0,0.386771559715271
test,2019-580,3,674,0,1.0,0.8249959945678711
test,2019-580,3,674,1,1.0,0.8228999972343445
test,2019-580,3,674,2,1.0,0.7476249933242798
test,2019-580,3,674,3,0.0,0.18781208992004395
test,2019-580,3,674,4,0.0,0.43924564123153687
test,2019-580,3,674,5,0.0,0.06284844130277634
test,2019-580,3,674,6,1.0,0.7354883551597595
test,2019-580,3,674,7,1.0,0.8690817952156067
test,2019-580,3,674,8,0.0,0.8495808243751526
test,2019-580,3,674,9,0.0,0.3404160439968109
test,2019-580,3,674,10,1.0,0.3409048020839691
test,2019-580,3,674,11,1.0,0.7183521389961243
test,2019-580,3,674,12,0.0,0.5286138653755188
test,2019-580,3,674,13,0.0,0.08840429782867432
test,2019-580,3,674,14,1.0,0.7716309428215027
test,2019-580,3,674,15,0.0,0.10386212170124054
test,2019-580,4,675,0,0.0,0.3671707510948181
test,2019-580,4,675,1,1.0,0.2547769248485565
test,2019-580,4,675,2,1.0,0.9291925430297852
test,2019-580,4,675,3,1.0,0.2727147936820984
test,2019-580,4,675,4,1.0,0.3150407075881958
test,2019-580,4,675,5,0.0,0.5109367370605469
test,2019-580,4,675,6,1.0,0.12026593834161758
test,2019-580,4,675,7,1.0,0.8948590159416199
test,2019-580,5,676,0,0.0,0.5954936742782593
test,2019-580,5,676,1,0.0,0.7826822996139526
test,2019-580,5,676,2,1.0,0.7896448373794556
test,2019-580,5,676,3,1.0,0.9121175408363342
test,2019-580,6,677,0,0.0,0.09148887544870377
test,2019-580,6,677,1,0.0,0.12104744464159012
test,2019-580,7,678,0,0.0,0.4592091143131256
test,2019-M006,1,679,0,1.0,0.6082720160484314
test,2019-M006,1,679,1,0.0,0.3228004276752472
test,2019-M006,1,679,2,1.0,0.4889093041419983
test,2019-M006,1,679,3,1.0,0.5565004944801331
test,2019-M006,1,679,4,1.0,0.27416935563087463
test,2019-M006,1,679,5,1.0,0.7193369269371033
test,2019-M006,1,679,6,1.0,0.5520854592323303
test,2019-M006,1,679,7,1.0,0.40138018131256104
test,2019-M006,1,679,8,1.0,0.5231543779373169
test,2019-M006,1,679,9,1.0,0.4889478385448456
test,2019-M006,1,679,10,1.0,0.41142451763153076
test,2019-M006,1,679,11,1.0,0.5041100382804871
test,2019-M006,1,679,12,0.0,0.38992956280708313
test,2019-M006,1,679,13,0.0,0.4785483479499817
test,2019-M006,1,679,14,0.0,0.6226524710655212
test,2019-M006,1,679,15,1.0,0.8270650506019592
test,2019-M006,1,679,16,0.0,0.5076005458831787
test,2019-M006,1,679,17,1.0,0.4917428493499756
test,2019-M006,1,679,18,0.0,0.5700404644012451
test,2019-M006,1,679,19,0.0,0.6480992436408997
test,2019-M006,1,679,20,0.0,0.6283537149429321
test,2019-M006,1,679,21,0.0,0.4193287491798401
test,2019-M006,1,679,22,0.0,0.6171109676361084
test,2019-M006,1,679,23,1.0,0.7320011854171753
test,2019-M006,1,679,24,0.0,0.45307111740112305
test,2019-M006,1,679,25,0.0,0.42460668087005615
test,2019-M006,1,679,26,1.0,0.23378974199295044
test,2019-M006,1,679,27,1.0,0.5734336376190186
test,2019-M006,1,679,28,0.0,0.544283390045166
test,2019-M006,1,679,29,1.0,0.5466829538345337
test,2019-M006,1,679,30,1.0,0.6092744469642639
test,2019-M006,1,679,31,1.0,0.6220827698707581
test,2019-M006,2,680,0,0.0,0.05225302651524544
test,2019-M006,2,680,1,1.0,0.31429949402809143
test,2019-M006,2,680,2,1.0,0.6367496252059937
test,2019-M006,2,680,3,1.0,0.7293122410774231
test,2019-M006,2,680,4,0.0,0.26033321022987366
test,2019-M006,2,680,5,0.0,0.07899666577577591
test,2019-M006,2,680,6,0.0,0.18057510256767273
test,2019-M006,2,680,7,0.0,0.4033040404319763
test,2019-M006,2,680,8,0.0,0.5903757810592651
test,2019-M006,2,680,9,0.0,0.6787199974060059
test,2019-M006,2,680,10,1.0,0.7151727676391602
test,2019-M006,2,680,11,0.0,0.8102765679359436
test,2019-M006,2,680,12,1.0,0.8134235143661499
test,2019-M006,2,680,13,1.0,0.7832544445991516
test,2019-M006,2,680,14,1.0,0.5470401048660278
test,2019-M006,2,680,15,1.0,0.827842652797699
test,2019-M006,2,680,16,0.0,0.08047379553318024
test,2019-M006,2,680,17,1.0,0.27428168058395386
test,2019-M006,2,680,18,0.0,0.28924256563186646
test,2019-M006,2,680,19,1.0,0.2067287415266037
test,2019-M006,2,680,20,1.0,0.6585613489151001
test,2019-M006,2,680,21,1.0,0.8160972595214844
test,2019-M006,2,680,22,1.0,0.8746866583824158
test,2019-M006,2,680,23,1.0,0.6247759461402893
test,2019-M006,2,680,24,1.0,0.2741662561893463
test,2019-M006,2,680,25,1.0,0.7709059119224548
test,2019-M006,2,680,26,1.0,0.24292685091495514
test,2019-M006,2,680,27,0.0,0.759434163570404
test,2019-M006,2,680,28,1.0,0.5467702746391296
test,2019-M006,2,680,29,1.0,0.27904394268989563
test,2019-M006,2,680,30,1.0,0.31380772590637207
test,2019-M006,2,680,31,1.0,0.8218516111373901
test,2019-M006,3,681,0,1.0,0.7304750680923462
test,2019-M006,3,681,1,0.0,0.1471065878868103
test,2019-M006,3,681,2,1.0,0.6647155284881592
test,2019-M006,3,681,3,0.0,0.248046413064003
test,2019-M006,3,681,4,1.0,0.7869769930839539
test,2019-M006,3,681,5,0.0,0.16539300978183746
test,2019-M006,3,681,6,0.0,0.6736068725585938
test,2019-M006,3,681,7,1.0,0.12340763211250305
test,2019-M006,3,681,8,0.0,0.6226922273635864
test,2019-M006,3,681,9,0.0,0.45050540566444397
test,2019-M006,3,681,10,1.0,0.17349913716316223
test,2019-M006,3,681,11,0.0,0.2557958960533142
test,2019-M006,3,681,12,1.0,0.6995890140533447
test,2019-M006,3,681,13,0.0,0.23757919669151306
test,2019-M006,3,681,14,1.0,0.09812210500240326
test,2019-M006,3,681,15,1.0,0.9133810997009277
test,2019-M006,4,682,0,0.0,0.5389707684516907
test,2019-M006,4,682,1,0.0,0.14916715025901794
test,2019-M006,4,682,2,1.0,0.21433793008327484
test,2019-M006,4,682,3,0.0,0.6809514164924622
test,2019-M006,4,682,4,1.0,0.8142269849777222
test,2019-M006,4,682,5,0.0,0.18524502217769623
test,2019-M006,4,682,6,0.0,0.2717266380786896
test,2019-M006,4,682,7,0.0,0.12524186074733734
test,2019-M006,5,683,0,0.0,0.14061936736106873
test,2019-M006,5,683,1,1.0,0.9165096879005432
test,2019-M006,5,683,2,0.0,0.11583027243614197
test,2019-M006,5,683,3,0.0,0.5392499566078186
test,2019-M006,6,684,0,1.0,0.3970557153224945
test,2019-M006,6,684,1,1.0,0.40278151631355286
test,2019-M006,7,685,0,1.0,0.21784065663814545
test,2019-M007,1,686,0,1.0,0.42520779371261597
test,2019-M007,1,686,1,1.0,0.5683027505874634
test,2019-M007,1,686,2,0.0,0.693099856376648
test,2019-M007,1,686,3,0.0,0.6772550940513611
test,2019-M007,1,686,4,0.0,0.41280820965766907
test,2019-M007,1,686,5,0.0,0.27063724398612976
test,2019-M007,1,686,6,1.0,0.6508456468582153
test,2019-M007,1,686,7,1.0,0.6423781514167786
test,2019-M007,1,686,8,0.0,0.3890466094017029
test,2019-M007,1,686,9,1.0,0.7465870976448059
test,2019-M007,1,686,10,1.0,0.48521655797958374
test,2019-M007,1,686,11,1.0,0.4517713487148285
test,2019-M007,1,686,12,1.0,0.4187723696231842
test,2019-M007,1,686,13,1.0,0.5747277736663818
test,2019-M007,1,686,14,0.0,0.6322145462036133
test,2019-M007,1,686,15,1.0,0.7057551145553589
test,2019-M007,1,686,16,0.0,0.5329981446266174
test,2019-M007,1,686,17,1.0,0.6475740075111389
test,2019-M007,1,686,18,1.0,0.749507486820221
test,2019-M007,1,686,19,1.0,0.5605162978172302
test,2019-M007,1,686,20,0.0,0.30779021978378296
test,2019-M007,1,686,21,1.0,0.31306105852127075
test,2019-M007,1,686,22,0.0,0.48626893758773804
test,2019-M007,1,686,23,0.0,0.5456953644752502
test,2019-M007,1,686,24,1.0,0.6397446990013123
test,2019-M007,1,686,25,0.0,0.44627776741981506
test,2019-M007,1,686,26,0.0,0.5231772661209106
test,2019-M007,1,686,27,0.0,0.6288051605224609
test,2019-M007,1,686,28,1.0,0.4897037148475647
test,2019-M007,1,686,29,0.0,0.40781503915786743
test,2019-M007,1,686,30,1.0,0.49092361330986023
test,2019-M007,1,686,31,1.0,0.5126631259918213
test,2019-M007,2,687,0,1.0,0.8350110650062561
test,2019-M007,2,687,1,1.0,0.4556298851966858
test,2019-M007,2,687,2,0.0,0.2102993279695511
test,2019-M007,2,687,3,1.0,0.8432629704475403
test,2019-M007,2,687,4,0.0,0.26938822865486145
test,2019-M007,2,687,5,1.0,0.791227400302887
test,2019-M007,2,687,6,0.0,0.4797133803367615
test,2019-M007,2,687,7,0.0,0.06014702841639519
test,2019-M007,2,687,8,1.0,0.17981623113155365
test,2019-M007,2,687,9,0.0,0.1566464751958847
test,2019-M007,2,687,10,1.0,0.2356940060853958
test,2019-M007,2,687,11,1.0,0.4567403197288513
test,2019-M007,2,687,12,0.0,0.7962939739227295
test,2019-M007,2,687,13,0.0,0.5219376087188721
test,2019-M007,2,687,14,0.0,0.08262903988361359
test,2019-M007,2,687,15,1.0,0.6957509517669678
test,2019-M007,2,687,16,0.0,0.3915359675884247
test,2019-M007,2,687,17,0.0,0.25330621004104614
test,2019-M007,2,687,18,0.0,0.19538693130016327
test,2019-M007,2,687,19,0.0,0.5574249029159546
test,2019-M007,2,687,20,1.0,0.9011192917823792
test,2019-M007,2,687,21,1.0,0.5673624277114868
test,2019-M007,2,687,22,1.0,0.20246197283267975
test,2019-M007,2,687,23,1.0,0.17251203954219818
test,2019-M007,2,687,24,1.0,0.5585095286369324
test,2019-M007,2,687,25,1.0,0.4590776264667511
test,2019-M007,2,687,26,0.0,0.8295761942863464
test,2019-M007,2,687,27,1.0,0.8746498227119446
test,2019-M007,2,687,28,1.0,0.4297370910644531
test,2019-M007,2,687,29,0.0,0.17579220235347748
test,2019-M007,2,687,30,0.0,0.24292758107185364
test,2019-M007,2,687,31,1.0,0.4844759404659271
test,2019-M007,3,688,0,0.0,0.29758530855178833
test,2019-M007,3,688,1,1.0,0.30721262097358704
test,2019-M007,3,688,2,1.0,0.6450849771499634
test,2019-M007,3,688,3,0.0,0.06835807859897614
test,2019-M007,3,688,4,1.0,0.5119674205780029
test,2019-M007,3,688,5,1.0,0.4454004168510437
test,2019-M007,3,688,6,0.0,0.26016807556152344
test,2019-M007,3,688,7,0.0,0.22688362002372742
test,2019-M007,3,688,8,1.0,0.4837501049041748
test,2019-M007,3,688,9,1.0,0.858195424079895
test,2019-M007,3,688,10,0.0,0.250264048576355
test,2019-M007,3,688,11,1.0,0.6231549382209778
test,2019-M007,3,688,12,0.0,0.1711956262588501
test,2019-M007,3,688,13,0.0,0.43377336859703064
test,2019-M007,3,688,14,0.0,0.7842648029327393
test,2019-M007,3,688,15,0.0,0.27099311351776123
test,2019-M007,4,689,0,0.0,0.8291460871696472
test,2019-M007,4,689,1,0.0,0.40789559483528137
test,2019-M007,4,689,2,0.0,0.09442215412855148
test,2019-M007,4,689,3,0.0,0.20618344843387604
test,2019-M007,4,689,4,1.0,0.6443091630935669
test,2019-M007,4,689,5,1.0,0.5254845023155212
test,2019-M007,4,689,6,0.0,0.8613543510437012
test,2019-M007,4,689,7,0.0,0.5340425968170166
test,2019-M007,5,690,0,1.0,0.6988628506660461
test,2019-M007,5,690,1,0.0,0.19697292149066925
test,2019-M007,5,690,2,0.0,0.6046018600463867
test,2019-M007,5,690,3,1.0,0.5558121800422668
test,2019-M007,6,691,0,1.0,0.8147343397140503
test,2019-M007,6,691,1,1.0,0.5492234826087952
test,2019-M007,7,692,0,0.0,0.19793488085269928
test,2019-M009,2,705,0,1.0,0.2919226586818695
test,2019-M009,2,705,1,1.0,0.41459596157073975
test,2019-M009,2,705,2,0.0,0.3642456829547882
test,2019-M009,2,705,3,1.0,0.6191126108169556
test,2019-M009,2,705,4,0.0,0.3569788932800293
test,2019-M009,2,705,5,0.0,0.5287451148033142
test,2019-M009,2,705,6,1.0,0.6692302227020264
test,2019-M009,2,705,7,1.0,0.7546285390853882
test,2019-M009,2,705,8,0.0,0.7548696398735046
test,2019-M009,2,705,9,1.0,0.9032263159751892
test,2019-M009,2,705,10,0.0,0.7643450498580933
test,2019-M009,2,705,11,0.0,0.4571071267127991
test,2019-M009,2,705,12,1.0,0.29116544127464294
test,2019-M009,2,705,13,0.0,0.5444983243942261
test,2019-M009,2,705,14,1.0,0.6552221775054932
test,2019-M009,2,705,15,1.0,0.46409130096435547
test,2019-M009,2,705,16,1.0,0.4642601013183594
test,2019-M009,2,705,17,0.0,0.5845138430595398
test,2019-M009,2,705,18,0.0,0.6240296959877014
test,2019-M009,2,705,19,0.0,0.2229633927345276
test,2019-M009,2,705,20,1.0,0.7558002471923828
test,2019-M009,2,705,21,1.0,0.4522106945514679
test,2019-M009,2,705,22,0.0,0.7719618678092957
test,2019-M009,2,705,23,0.0,0.5409572124481201
test,2019-M009,3,706,0,1.0,0.5972669720649719
test,2019-M009,3,706,1,1.0,0.9068670272827148
test,2019-M009,3,706,2,1.0,0.47350025177001953
test,2019-M009,3,706,3,1.0,0.2658363878726959
test,2019-M009,3,706,4,0.0,0.17767006158828735
test,2019-M009,3,706,5,1.0,0.8503318428993225
test,2019-M009,3,706,6,1.0,0.6617338061332703
test,2019-M009,3,706,7,0.0,0.8153001070022583
test,2019-M009,3,706,8,0.0,0.6277875900268555
test,2019-M009,3,706,9,0.0,0.871652364730835
test,2019-M009,3,706,10,0.0,0.2989349365234375
test,2019-M009,3,706,11,1.0,0.2058088481426239
test,2019-M009,3,706,12,1.0,0.8084149360656738
test,2019-M009,3,706,13,0.0,0.13167068362236023
test,2019-M009,3,706,14,1.0,0.7536899447441101
test,2019-M009,3,706,15,0.0,0.08928370475769043
test,2019-M009,4,707,0,1.0,0.8196170330047607
test,2019-M009,4,707,1,1.0,0.8724361658096313
test,2019-M009,4,707,2,1.0,0.8672633171081543
test,2019-M009,4,707,3,1.0,0.7781533002853394
test,2019-M009,4,707,4,0.0,0.46736422181129456
test,2019-M009,4,707,5,0.0,0.19387398660182953
test,2019-M009,4,707,6,1.0,0.3917568624019623
test,2019-M009,4,707,7,0.0,0.08619017153978348
test,2019-M009,5,708,0,1.0,0.8049313426017761
test,2019-M009,5,708,1,0.0,0.6190466284751892
test,2019-M009,5,708,2,0.0,0.8208608031272888
test,2019-M009,5,708,3,1.0,0.8863288760185242
test,2019-M009,6,709,0,1.0,0.8225058317184448
test,2019-M009,6,709,1,0.0,0.17295429110527039
test,2019-M009,7,710,0,0.0,0.4897843897342682
test,2019-M021,2,699,0,0.0,0.3953251838684082
test,2019-M021,2,699,1,1.0,0.6806091666221619
test,2019-M021,2,699,2,0.0,0.4223381280899048
test,2019-M021,2,699,3,0.0,0.6466407775878906
test,2019-M021,2,699,4,1.0,0.7509227991104126
test,2019-M021,2,699,5,0.0,0.7534009218215942
test,2019-M021,2,699,6,1.0,0.2828298509120941
test,2019-M021,2,699,7,0.0,0.36629754304885864
test,2019-M021,2,699,8,1.0,0.26243290305137634
test,2019-M021,2,699,9,1.0,0.7930133938789368
test,2019-M021,2,699,10,1.0,0.6453718543052673
test,2019-M021,2,699,11,1.0,0.48535746335983276
test,2019-M021,2,699,12,0.0,0.5294872522354126
test,2019-M021,2,699,13,1.0,0.4209156334400177
test,2019-M021,2,699,14,1.0,0.8024393320083618
test,2019-M021,2,699,15,0.0,0.8343542814254761
test,2019-M021,2,699,16,1.0,0.8767625689506531
test,2019-M021,2,699,17,0.0,0.6779432892799377
test,2019-M021,2,699,18,0.0,0.72747403383255
test,2019-M021,2,699,19,1.0,0.8432818055152893
test,2019-M021,2,699,20,1.0,0.7465453743934631
test,2019-M021,2,699,21,0.0,0.5520662665367126
test,2019-M021,2,699,22,1.0,0.21304406225681305
test,2019-M021,2,699,23,0.0,0.8080412745475769
test,2019-M021,3,700,0,0.0,0.20982614159584045
test,2019-M021,3,700,1,1.0,0.4165458083152771
test,2019-M021,3,700,2,1.0,0.6842899322509766
test,2019-M021,3,700,3,1.0,0.8207144737243652
test,2019-M021,3,700,4,1.0,0.7208423018455505
test,2019-M021,3,700,5,1.0,0.7601672410964966
test,2019-M021,3,700,6,1.0,0.8103140592575073
test,2019-M021,3,700,7,0.0,0.8472321033477783
test,2019-M021,3,700,8,1.0,0.7721825838088989
test,2019-M021,3,700,9,1.0,0.2779731750488281
test,2019-M021,3,700,10,0.0,0.08214593678712845
test,2019-M021,3,700,11,1.0,0.9095528721809387
test,2019-M021,3,700,12,1.0,0.7731465101242065
test,2019-M021,3,700,13,1.0,0.3764679431915283
test,2019-M021,3,700,14,1.0,0.8055757284164429
test,2019-M021,3,700,15,0.0,0.620218813419342
test,2019-M021,4,701,0,0.0,0.09491993486881256
test,2019-M021,4,701,1,0.0,0.6408010721206665
test,2019-M021,4,701,2,0.0,0.22120538353919983
test,2019-M021,4,701,3,0.0,0.402837336063385
test,2019-M021,4,701,4,1.0,0.6652405261993408
test,2019-M021,4,701,5,0.0,0.17686283588409424
test,2019-M021,4,701,6,0.0,0.15246711671352386
test,2019-M021,4,701,7,0.0,0.09295802563428879
test,2019-M021,5,702,0,0.0,0.18156513571739197
test,2019-M021,5,702,1,0.0,0.15638111531734467
test,2019-M021,5,702,2,1.0,0.3091007471084595
test,2019-M021,5,702,3,1.0,0.2105124592781067
test,2019-M021,6,703,0,1.0,0.80116868019104
test,2019-M021,6,703,1,1.0,0.14157149195671082
test,2019-M021,7,704,0,1.0,0.851834774017334
test,2019-M024,2,731,0,0.0,0.2981817424297333
test,2019-M024,2,731,1,0.0,0.40328526496887207
test,2019-M024,2,731,2,0.0,0.23256802558898926
test,2019-M024,2,731,3,1.0,0.7007839679718018
test,2019-M024,2,731,4,1.0,0.683239758014679
test,2019-M024,2,731,5,0.0,0.21686221659183502
test,2019-M024,2,731,6,0.0,0.6127039194107056
test,2019-M024,2,731,7,0.0,0.5937690138816833
test,2019-M024,2,731,8,0.0,0.5945292115211487
test,2019-M024,2,731,9,0.0,0.6414585113525391
test,2019-M024,2,731,10,0.0,0.5881383419036865
test,2019-M024,2,731,11,1.0,0.6570927500724792
test,2019-M024,2,731,12,0.0,0.7267902493476868
test,2019-M024,2,731,13,1.0,0.20616665482521057
test,2019-M024,2,731,14,1.0,0.6936891674995422
test,2019-M024,2,731,15,1.0,0.6470435261726379
test,2019-M024,2,731,16,1.0,0.6118062138557434
test,2019-M024,2,731,17,1.0,0.7935904860496521
test,2019-M024,2,731,18,1.0,0.18266446888446808
test,2019-M024,2,731,19,0.0,0.5924593210220337
test,2019-M024,2,731,20,1.0,0.5286622047424316
test,2019-M024,2,731,21,0.0,0.5047595500946045
test,2019-M024,2,731,22,0.0,0.19737638533115387
test,2019-M024,2,731,23,0.0,0.8388397693634033
test,2019-M024,3,732,0,0.0,0.19446447491645813
test,2019-M024,3,732,1,1.0,0.5558657646179199
test,2019-M024,3,732,2,0.0,0.5753986239433289
test,2019-M024,3,732,3,0.0,0.7844651937484741
test,2019-M024,3,732,4,1.0,0.7880521416664124
test,2019-M024,3,732,5,0.0,0.0998971089720726
test,2019-M024,3,732,6,1.0,0.6072241067886353
test,2019-M024,3,732,7,0.0,0.6721449494361877
test,2019-M024,3,732,8,0.0,0.49200761318206787
test,2019-M024,3,732,9,1.0,0.9486878514289856
test,2019-M024,3,732,10,0.0,0.7738659381866455
test,2019-M024,3,732,11,1.0,0.6193772554397583
test,2019-M024,3,732,12,0.0,0.6375266909599304
test,2019-M024,3,732,13,1.0,0.16808363795280457
test,2019-M024,3,732,14,1.0,0.6954444646835327
test,2019-M024,3,732,15,0.0,0.20844170451164246
test,2019-M024,4,733,0,0.0,0.27232635021209717
test,2019-M024,4,733,1,1.0,0.7991006970405579
test,2019-M024,4,733,2,1.0,0.31395721435546875
test,2019-M024,4,733,3,1.0,0.07367599010467529
test,2019-M024,4,733,4,0.0,0.48261559009552
test,2019-M024,4,733,5,1.0,0.48922133445739746
test,2019-M024,4,733,6,1.0,0.6148637533187866
test,2019-M024,4,733,7,0.0,0.20040538907051086
test,2019-M024,5,734,0,0.0,0.10507414489984512
test,2019-M024,5,734,1,1.0,0.6609855890274048
test,2019-M024,5,734,2,0.0,0.4000001847743988
test,2019-M024,5,734,3,1.0,0.786801278591156
test,2019-M024,6,735,0,1.0,0.13742424547672272
test,2019-M024,6,735,1,0.0,0.45017096400260925
test,2019-M024,7,736,0,1.0,0.27673766016960144
test,2020-0352,2,789,0,1.0,0.49501094222068787
test,2020-0352,2,789,1,1.0,0.31529882550239563
test,2020-0352,2,789,2,0.0,0.4574774205684662
test,2020-0352,2,789,3,1.0,0.7074000239372253
test,2020-0352,2,789,4,0.0,0.120841383934021
test,2020-0352,2,789,5,1.0,0.5718564987182617
test,2020-0352,2,789,6,1.0,0.35127970576286316
test,2020-0352,2,789,7,0.0,0.5933488011360168
test,2020-0352,2,789,8,0.0,0.3448404371738434
test,2020-0352,2,789,9,0.0,0.6266089081764221
test,2020-0352,2,789,10,0.0,0.2703426778316498
test,2020-0352,2,789,11,0.0,0.5389000177383423
test,2020-0352,2,789,12,0.0,0.44042086601257324
test,2020-0352,2,789,13,1.0,0.33942604064941406
test,2020-0352,2,789,14,0.0,0.8464181423187256
test,2020-0352,2,789,15,1.0,0.5345432162284851
test,2020-0352,2,789,16,1.0,0.578336775302887
test,2020-0352,2,789,17,0.0,0.3141973316669464
test,2020-0352,2,789,18,0.0,0.6139903664588928
test,2020-0352,2,789,19,0.0,0.48375144600868225
test,2020-0352,2,789,20,1.0,0.8754871487617493
test,2020-0352,2,789,21,0.0,0.28706061840057373
test,2020-0352,2,789,22,0.0,0.6315323710441589
test,2020-0352,2,789,23,1.0,0.3589859902858734
test,2020-0352,3,790,0,1.0,0.8465107083320618
test,2020-0352,3,790,1,0.0,0.831441342830658
test,2020-0352,3,790,2,1.0,0.8653460144996643
test,2020-0352,3,790,3,1.0,0.2027280181646347
test,2020-0352,3,790,4,1.0,0.776467502117157
test,2020-0352,3,790,5,1.0,0.47861748933792114
test,2020-0352,3,790,6,1.0,0.9334415793418884
test,2020-0352,3,790,7,0.0,0.7893373966217041
test,2020-0352,3,790,8,1.0,0.75666743516922
test,2020-0352,3,790,9,0.0,0.8479539752006531
test,2020-0352,3,790,10,1.0,0.8610949516296387
test,2020-0352,3,790,11,0.0,0.581322431564331
test,2020-0352,3,790,12,1.0,0.7554271817207336
test,2020-0352,3,790,13,0.0,0.28951296210289
test,2020-0352,3,790,14,1.0,0.7561724781990051
test,2020-0352,3,790,15,0.0,0.3659862279891968
test,2020-0352,4,791,0,1.0,0.9229289293289185
test,2020-0352,4,791,1,0.0,0.1332264393568039
test,2020-0352,4,791,2,0.0,0.15356792509555817
test,2020-0352,4,791,3,1.0,0.4077431857585907
test,2020-0352,4,791,4,1.0,0.8525334596633911
test,2020-0352,4,791,5,0.0,0.16088558733463287
test,2020-0352,4,791,6,0.0,0.8267273306846619
test,2020-0352,4,791,7,1.0,0.8991081714630127
test,2020-0352,5,792,0,1.0,0.795178234577179
test,2020-0352,5,792,1,1.0,0.7565591931343079
test,2020-0352,5,792,2,1.0,0.5177625417709351
test,2020-0352,5,792,3,1.0,0.8886142373085022
test,2020-0352,6,793,0,0.0,0.7956334948539734
test,2020-0352,6,793,1,0.0,0.5744855999946594
test,2020-0352,7,794,0,0.0,0.5047804117202759
test,2020-520,1,782,0,1.0,0.23590220510959625
test,2020-520,1,782,1,0.0,0.20813529193401337
test,2020-520,1,782,2,1.0,0.8230927586555481
test,2020-520,1,782,3,1.0,0.2990487515926361
test,2020-520,1,782,4,1.0,0.5713232755661011
test,2020-520,1,782,5,1.0,0.1605021357536316
test,2020-520,1,782,6,0.0,0.4123852550983429
test,2020-520,1,782,7,0.0,0.4266325533390045
test,2020-520,1,782,8,1.0,0.6709461808204651
test,2020-520,1,782,9,0.0,0.5032182931900024
test,2020-520,1,782,10,0.0,0.5301791429519653
test,2020-520,1,782,11,1.0,0.5825765132904053
test,2020-520,1,782,12,1.0,0.5628793835639954
test,2020-520,1,782,13,0.0,0.6240801811218262
test,2020-520,1,782,14,0.0,0.30246782302856445
test,2020-520,1,782,15,0.0,0.12079419195652008
test,2020-520,1,782,16,0.0,0.05012594908475876
test,2020-520,1,782,17,0.0,0.04585087671875954
test,2020-520,1,782,18,1.0,0.48323145508766174
test,2020-520,1,782,19,1.0,0.4592190682888031
test,2020-520,1,782,20,1.0,0.7707309126853943
test,2020-520,1,782,21,1.0,0.30758464336395264
test,2020-520,1,782,22,1.0,0.5817280411720276
test,2020-520,1,782,23,1.0,0.4904743432998657
test,2020-520,1,782,24,1.0,0.17991909384727478
test,2020-520,1,782,25,0.0,0.2574908137321472
test,2020-520,1,782,26,1.0,0.46148720383644104
test,2020-520,1,782,27,1.0,0.3206806182861328
test,2020-520,1,782,28,1.0,0.5290683507919312
test,2020-520,1,782,29,0.0,0.2470306009054184
test,2020-520,1,782,30,1.0,0.6089369654655457
test,2020-520,1,782,31,0.0,0.56910640001297
test,2020-520,1,782,32,0.0,0.3721460998058319
test,2020-520,1,782,33,0.0,0.14690835773944855
test,2020-520,1,782,34,1.0,0.6247707605361938
test,2020-520,1,782,35,0.0,0.6129785180091858
test,2020-520,1,782,36,1.0,0.3164512813091278
test,2020-520,1,782,37,1.0,0.4458281397819519
test,2020-520,1,782,38,1.0,0.30674439668655396
test,2020-520,1,782,39,1.0,0.6942920088768005
test,2020-520,1,782,40,0.0,0.41764745116233826
test,2020-520,1,782,41,0.0,0.3170434534549713
test,2020-520,1,782,42,0.0,0.2499079406261444
test,2020-520,1,782,43,1.0,0.6165834665298462
test,2020-520,1,782,44,0.0,0.6065683364868164
test,2020-520,1,782,45,1.0,0.474195271730423
test,2020-520,1,782,46,1.0,0.6323108077049255
test,2020-520,1,782,47,1.0,0.6897518634796143
test,2020-520,1,782,48,0.0,0.6461532115936279
test,2020-520,1,782,49,0.0,0.7030114531517029
test,2020-520,1,782,50,1.0,0.13396301865577698
test,2020-520,1,782,51,1.0,0.532465398311615
test,2020-520,1,782,52,1.0,0.7353700995445251
test,2020-520,1,782,53,0.0,0.333249032497406
test,2020-520,1,782,54,0.0,0.8316101431846619
test,2020-520,1,782,55,0.0,0.17563213407993317
test,2020-520,1,782,56,0.0,0.320087194442749
test,2020-520,1,782,57,1.0,0.6807780265808105
test,2020-520,1,782,58,0.0,0.8659654259681702
test,2020-520,1,782,59,1.0,0.8245952129364014
test,2020-520,1,782,60,0.0,0.704569935798645
test,2020-520,1,782,61,1.0,0.4292559027671814
test,2020-520,1,782,62,1.0,0.5080972909927368
test,2020-520,1,782,63,1.0,0.8297469615936279
test,2020-520,2,783,0,0.0,0.8141347765922546
test,2020-520,2,783,1,0.0,0.05490149185061455
test,2020-520,2,783,2,0.0,0.7309816479682922
test,2020-520,2,783,3,0.0,0.3584107458591461
test,2020-520,2,783,4,1.0,0.8518127202987671
test,2020-520,2,783,5,0.0,0.12115725129842758
test,2020-520,2,783,6,1.0,0.7941640019416809
test,2020-520,2,783,7,0.0,0.19797757267951965
test,2020-520,2,783,8,0.0,0.3928808867931366
test,2020-520,2,783,9,1.0,0.513855516910553
test,2020-520,2,783,10,0.0,0.46867576241493225
test,2020-520,2,783,11,1.0,0.7542452812194824
test,2020-520,2,783,12,0.0,0.8156033158302307
test,2020-520,2,783,13,0.0,0.12200376391410828
test,2020-520,2,783,14,1.0,0.7020716667175293
test,2020-520,2,783,15,1.0,0.7843621969223022
test,2020-520,2,783,16,0.0,0.060174986720085144
test,2020-520,2,783,17,1.0,0.22463323175907135
test,2020-520,2,783,18,1.0,0.14796759188175201
test,2020-520,2,783,19,1.0,0.40732431411743164
test,2020-520,2,783,20,0.0,0.28806382417678833
test,2020-520,2,783,21,0.0,0.6771020889282227
test,2020-520,2,783,22,1.0,0.5867483019828796
test,2020-520,2,783,23,1.0,0.8406086564064026
test,2020-520,2,783,24,1.0,0.7865286469459534
test,2020-520,2,783,25,0.0,0.3170817494392395
test,2020-520,2,783,26,0.0,0.7724452018737793
test,2020-520,2,783,27,1.0,0.7059502005577087
test,2020-520,2,783,28,1.0,0.899043083190918
test,2020-520,2,783,29,0.0,0.3625173568725586
test,2020-520,2,783,30,0.0,0.4688728153705597
test,2020-520,2,783,31,1.0,0.6023411154747009
test,2020-520,3,784,0,1.0,0.5640369057655334
test,2020-520,3,784,1,0.0,0.2871182858943939
test,2020-520,3,784,2,0.0,0.851276695728302
test,2020-520,3,784,3,0.0,0.45904478430747986
test,2020-520,3,784,4,1.0,0.7955521941184998
test,2020-520,3,784,5,0.0,0.039024144411087036
test,2020-520,3,784,6,1.0,0.8340743780136108
test,2020-520,3,784,7,0.0,0.1827789545059204
test,2020-520,3,784,8,1.0,0.3424931764602661
test,2020-520,3,784,9,1.0,0.8804638385772705
test,2020-520,3,784,10,0.0,0.06658655405044556
test,2020-520,3,784,11,0.0,0.6503484845161438
test,2020-520,3,784,12,0.0,0.3596595525741577
test,2020-520,3,784,13,1.0,0.8331392407417297
test,2020-520,3,784,14,0.0,0.21067287027835846
test,2020-520,3,784,15,0.0,0.8164028525352478
test,2020-520,4,785,0,0.0,0.052233416587114334
test,2020-520,4,785,1,0.0,0.7809202671051025
test,2020-520,4,785,2,1.0,0.8933241963386536
test,2020-520,4,785,3,1.0,0.8371934294700623
test,2020-520,4,785,4,1.0,0.602215051651001
test,2020-520,4,785,5,1.0,0.8598673343658447
test,2020-520,4,785,6,0.0,0.13906064629554749
test,2020-520,4,785,7,1.0,0.5359673500061035
test,2020-520,5,786,0,1.0,0.5135304927825928
test,2020-520,5,786,1,1.0,0.8681824207305908
test,2020-520,5,786,2,1.0,0.6524510979652405
test,2020-520,5,786,3,0.0,0.16009211540222168
test,2020-520,6,787,0,0.0,0.1988726258277893
test,2020-520,6,787,1,0.0,0.16033165156841278
test,2020-520,7,788,0,0.0,0.5644741654396057
test,2020-560,1,769,0,1.0,0.43213099241256714
test,2020-560,1,769,1,1.0,0.49171558022499084
test,2020-560,1,769,2,0.0,0.42928260564804077
test,2020-560,1,769,3,1.0,0.5908502340316772
test,2020-560,1,769,4,0.0,0.5973222851753235
test,2020-560,1,769,5,1.0,0.7326271533966064
test,2020-560,1,769,6,1.0,0.7348012328147888
test,2020-560,1,769,7,1.0,0.4913102686405182
test,2020-560,1,769,8,0.0,0.6953144073486328
test,2020-560,1,769,9,1.0,0.4268764555454254
test,2020-560,1,769,10,1.0,0.49529218673706055
test,2020-560,1,769,11,1.0,0.6747201681137085
test,2020-560,1,769,12,0.0,0.44478699564933777
test,2020-560,1,769,13,1.0,0.8139382004737854
test,2020-560,1,769,14,0.0,0.30959421396255493
test,2020-560,1,769,15,1.0,0.606549084186554
test,2020-560,1,769,16,1.0,0.36552610993385315
test,2020-560,1,769,17,1.0,0.2805834412574768
test,2020-560,1,769,18,0.0,0.5754838585853577
test,2020-560,1,769,19,1.0,0.2961038053035736
test,2020-560,1,769,20,1.0,0.8539931178092957
test,2020-560,1,769,21,0.0,0.24837902188301086
test,2020-560,1,769,22,1.0,0.42148271203041077
test,2020-560,1,769,23,0.0,0.5268468260765076
test,2020-560,1,769,24,1.0,0.5610278248786926
test,2020-560,1,769,25,1.0,0.7619133591651917
test,2020-560,1,769,26,1.0,0.662097692489624
test,2020-560,1,769,27,1.0,0.29088446497917175
test,2020-560,1,769,28,0.0,0.06222190707921982
test,2020-560,1,769,29,0.0,0.3033442199230194
test,2020-560,1,769,30,0.0,0.5805275440216064
test,2020-560,1,769,31,1.0,0.7766996622085571
test,2020-560,1,769,32,0.0,0.15931451320648193
test,2020-560,1,769,33,0.0,0.42512011528015137
test,2020-560,1,769,34,0.0,0.30981090664863586
test,2020-560,1,769,35,0.0,0.7910196185112
test,2020-560,1,769,36,1.0,0.8380686640739441
test,2020-560,1,769,37,1.0,0.5942978262901306
test,2020-560,1,769,38,1.0,0.18759369850158691
test,2020-560,1,769,39,1.0,0.7321392297744751
test,2020-560,1,769,40,0.0,0.2409263402223587
test,2020-560,1,769,41,1.0,0.6081365942955017
test,2020-560,1,769,42,0.0,0.6458374261856079
test,2020-560,1,769,43,0.0,0.2248983085155487
test,2020-560,1,769,44,1.0,0.7853223085403442
test,2020-560,1,769,45,0.0,0.5903850197792053
test,2020-560,1,769,46,0.0,0.5075339674949646
test,2020-560,1,769,47,1.0,0.8380705714225769
test,2020-560,1,769,48,0.0,0.7473543882369995
test,2020-560,1,769,49,0.0,0.4358274042606354
test,2020-560,1,769,50,1.0,0.6837738752365112
test,2020-560,1,769,51,1.0,0.6725122928619385
test,2020-560,1,769,52,0.0,0.3353146016597748
test,2020-560,1,769,53,1.0,0.8725314140319824
test,2020-560,1,769,54,0.0,0.13885647058486938
test,2020-560,1,769,55,0.0,0.6983193755149841
test,2020-560,1,769,56,1.0,0.33912762999534607
test,2020-560,1,769,57,1.0,0.8185958862304688
test,2020-560,1,769,58,0.0,0.34917113184928894
test,2020-560,1,769,59,0.0,0.48215943574905396
test,2020-560,1,769,60,0.0,0.6233973503112793
test,2020-560,1,769,61,1.0,0.7163347601890564
test,2020-560,1,769,62,0.0,0.7192689180374146
test,2020-560,1,769,63,0.0,0.14219553768634796
test,2020-560,2,770,0,0.0,0.11603114753961563
test,2020-560,2,770,1,1.0,0.896062970161438
test,2020-560,2,770,2,0.0,0.5316464304924011
test,2020-560,2,770,3,0.0,0.3581365942955017
test,2020-560,2,770,4,0.0,0.11439396440982819
test,2020-560,2,770,5,0.0,0.7490394115447998
test,2020-560,2,770,6,1.0,0.7904159426689148
test,2020-560,2,770,7,1.0,0.9213083386421204
test,2020-560,2,770,8,1.0,0.7171755433082581
test,2020-560,2,770,9,0.0,0.16277311742305756
test,2020-560,2,770,10,0.0,0.18464720249176025
test,2020-560,2,770,11,1.0,0.4894770085811615
test,2020-560,2,770,12,0.0,0.8954970240592957
test,2020-560,2,770,13,1.0,0.7848280072212219
test,2020-560,2,770,14,1.0,0.8597696423530579
test,2020-560,2,770,15,0.0,0.10789641737937927
test,2020-560,2,770,16,1.0,0.49234074354171753
test,2020-560,2,770,17,0.0,0.30372676253318787
test,2020-560,2,770,18,1.0,0.9089673757553101
test,2020-560,2,770,19,0.0,0.6395995616912842
test,2020-560,2,770,20,1.0,0.5851041674613953
test,2020-560,2,770,21,0.0,0.6735396981239319
test,2020-560,2,770,22,0.0,0.3189423978328705
test,2020-560,2,770,23,0.0,0.4343792200088501
test,2020-560,2,770,24,0.0,0.34657469391822815
test,2020-560,2,770,25,1.0,0.835465133190155
test,2020-560,2,770,26,0.0,0.5997822284698486
test,2020-560,2,770,27,1.0,0.32890743017196655
test,2020-560,2,770,28,1.0,0.6645197868347168
test,2020-560,2,770,29,1.0,0.48814165592193604
test,2020-560,2,770,30,0.0,0.34723445773124695
test,2020-560,2,770,31,0.0,0.09106988459825516
test,2020-560,3,771,0,0.0,0.7943305373191833
test,2020-560,3,771,1,1.0,0.3628939092159271
test,2020-560,3,771,2,0.0,0.27051684260368347
test,2020-560,3,771,3,1.0,0.7062836289405823
test,2020-560,3,771,4,0.0,0.170862078666687
test,2020-560,3,771,5,1.0,0.9089666604995728
test,2020-560,3,771,6,1.0,0.5163935422897339
test,2020-560,3,771,7,1.0,0.4448468089103699
test,2020-560,3,771,8,0.0,0.3421793282032013
test,2020-560,3,771,9,1.0,0.7904895544052124
test,2020-560,3,771,10,0.0,0.08865639567375183
test,2020-560,3,771,11,0.0,0.3115788996219635
test,2020-560,3,771,12,0.0,0.8157345056533813
test,2020-560,3,771,13,0.0,0.264175146818161
test,2020-560,3,771,14,0.0,0.5715446472167969
test,2020-560,3,771,15,0.0,0.4836304485797882
test,2020-560,4,772,0,1.0,0.12685778737068176
test,2020-560,4,772,1,1.0,0.3325568735599518
test,2020-560,4,772,2,0.0,0.19617615640163422
test,2020-560,4,772,3,0.0,0.10443942248821259
test,2020-560,4,772,4,1.0,0.4446909725666046
test,2020-560,4,772,5,1.0,0.8058836460113525
test,2020-560,4,772,6,0.0,0.48506537079811096
test,2020-560,4,772,7,0.0,0.3189792037010193
test,2020-560,5,773,0,1.0,0.799812376499176
test,2020-560,5,773,1,1.0,0.6094124913215637
test,2020-560,5,773,2,0.0,0.3957303464412689
test,2020-560,5,773,3,0.0,0.20421305298805237
test,2020-560,6,774,0,1.0,0.3670412003993988
test,2020-560,6,774,1,0.0,0.38151928782463074
test,2020-560,7,775,0,1.0,0.4407556653022766
test,2020-580,1,756,0,1.0,0.8398341536521912
test,2020-580,1,756,1,1.0,0.3873797655105591
test,2020-580,1,756,2,0.0,0.2642562687397003
test,2020-580,1,756,3,0.0,0.22004170715808868
test,2020-580,1,756,4,0.0,0.3983251452445984
test,2020-580,1,756,5,0.0,0.45273762941360474
test,2020-580,1,756,6,0.0,0.19620148837566376
test,2020-580,1,756,7,1.0,0.7202051281929016
test,2020-580,1,756,8,1.0,0.41820573806762695
test,2020-580,1,756,9,0.0,0.49856147170066833
test,2020-580,1,756,10,1.0,0.8212071657180786
test,2020-580,1,756,11,1.0,0.4319823682308197
test,2020-580,1,756,12,0.0,0.35301029682159424
test,2020-580,1,756,13,0.0,0.6602048873901367
test,2020-580,1,756,14,1.0,0.7254875302314758
test,2020-580,1,756,15,1.0,0.6985123157501221
test,2020-580,1,756,16,1.0,0.7680665254592896
test,2020-580,1,756,17,1.0,0.7625675797462463
test,2020-580,1,756,18,1.0,0.7386698126792908
test,2020-580,1,756,19,0.0,0.3652271628379822
test,2020-580,1,756,20,1.0,0.5142404437065125
test,2020-580,1,756,21,1.0,0.8630111217498779
test,2020-580,1,756,22,1.0,0.9065788984298706
test,2020-580,1,756,23,0.0,0.3991948962211609
test,2020-580,1,756,24,0.0,0.6348295211791992
test,2020-580,1,756,25,0.0,0.24442920088768005
test,2020-580,1,756,26,1.0,0.8663185834884644
test,2020-580,1,756,27,0.0,0.40622973442077637
test,2020-580,1,756,28,1.0,0.44989368319511414
test,2020-580,1,756,29,0.0,0.04809929057955742
test,2020-580,1,756,30,1.0,0.3130749464035034
test,2020-580,1,756,31,0.0,0.667481541633606
test,2020-580,1,756,32,0.0,0.7419335842132568
test,2020-580,1,756,33,1.0,0.7262665629386902
test,2020-580,1,756,34,0.0,0.1657298356294632
test,2020-580,1,756,35,1.0,0.6283574104309082
test,2020-580,1,756,36,1.0,0.4540034830570221
test,2020-580,1,756,37,0.0,0.6585593819618225
test,2020-580,1,756,38,0.0,0.7249693870544434
test,2020-580,1,756,39,1.0,0.4402797520160675
test,2020-580,1,756,40,1.0,0.8654367923736572
test,2020-580,1,756,41,1.0,0.5007894039154053
test,2020-580,1,756,42,0.0,0.13787300884723663
test,2020-580,1,756,43,1.0,0.6807882785797119
test,2020-580,1,756,44,0.0,0.13371074199676514
test,2020-580,1,756,45,1.0,0.545836329460144
test,2020-580,1,756,46,0.0,0.24098819494247437
test,2020-580,1,756,47,0.0,0.17542782425880432
test,2020-580,1,756,48,1.0,0.7088994979858398
test,2020-580,1,756,49,0.0,0.24869990348815918
test,2020-580,1,756,50,1.0,0.6322854161262512
test,2020-580,1,756,51,1.0,0.9372567534446716
test,2020-580,1,756,52,1.0,0.5596222877502441
test,2020-580,1,756,53,1.0,0.2423747032880783
test,2020-580,1,756,54,1.0,0.7003394365310669
test,2020-580,1,756,55,0.0,0.3995622396469116
test,2020-580,1,756,56,0.0,0.21668630838394165
test,2020-580,1,756,57,0.0,0.3565636873245239
test,2020-580,1,756,58,0.0,0.733799159526825
test,2020-580,1,756,59,0.0,0.5120089650154114
test,2020-580,1,756,60,0.0,0.713040292263031
test,2020-580,1,756,61,1.0,0.830804169178009
test,2020-580,1,756,62,0.0,0.29370051622390747
test,2020-580,1,756,63,1.0,0.5723269581794739
test,2020-580,2,757,0,1.0,0.40649160742759705
test,2020-580,2,757,1,1.0,0.7767922878265381
test,2020-580,2,757,2,0.0,0.275407999753952
test,2020-580,2,757,3,0.0,0.8568268418312073
test,2020-580,2,757,4,1.0,0.9139962196350098
test,2020-580,2,757,5,0.0,0.23984698951244354
test,2020-580,2,757,6,1.0,0.8240559101104736
test,2020-580,2,757,7,0.0,0.2201724648475647
test,2020-580,2,757,8,1.0,0.8016466498374939
test,2020-580,2,757,9,1.0,0.8874146938323975
test,2020-580,2,757,10,1.0,0.6456259489059448
test,2020-580,2,757,11,0.0,0.393096387386322
test,2020-580,2,757,12,0.0,0.3439142107963562
test,2020-580,2,757,13,1.0,0.8170782327651978
test,2020-580,2,757,14,0.0,0.08863546699285507
test,2020-580,2,757,15,0.0,0.46312519907951355
test,2020-580,2,757,16,1.0,0.7014880180358887
test,2020-580,2,757,17,1.0,0.8313907384872437
test,2020-580,2,757,18,1.0,0.7386316061019897
test,2020-580,2,757,19,0.0,0.1626785695552826
test,2020-580,2,757,20,1.0,0.5409380793571472
test,2020-580,2,757,21,1.0,0.8847885727882385
test,2020-580,2,757,22,1.0,0.8588173985481262
test,2020-580,2,757,23,1.0,0.3569435179233551
test,2020-580,2,757,24,0.0,0.5983173847198486
test,2020-580,2,757,25,1.0,0.6678579449653625
test,2020-580,2,757,26,0.0,0.1869661808013916
test,2020-580,2,757,27,0.0,0.290711909532547
test,2020-580,2,757,28,1.0,0.3619443476200104
test,2020-580,2,757,29,1.0,0.9574182629585266
test,2020-580,2,757,30,0.0,0.18117168545722961
test,2020-580,2,757,31,0.0,0.062468335032463074
test,2020-580,3,758,0,1.0,0.6412189602851868
test,2020-580,3,758,1,1.0,0.47930169105529785
test,2020-580,3,758,2,0.0,0.09755399823188782
test,2020-580,3,758,3,0.0,0.23955482244491577
test,2020-580,3,758,4,0.0,0.3496644198894501
test,2020-580,3,758,5,0.0,0.06829017400741577
test,2020-580,3,758,6,0.0,0.3167206346988678
test,2020-580,3,758,7,1.0,0.7637075185775757
test,2020-580,3,758,8,0.0,0.6413978338241577
test,2020-580,3,758,9,1.0,0.7676299810409546
test,2020-580,3,758,10,0.0,0.7770135998725891
test,2020-580,3,758,11,0.0,0.5675586462020874
test,2020-580,3,758,12,1.0,0.8078981637954712
test,2020-580,3,758,13,0.0,0.24093970656394958
test,2020-580,3,758,14,0.0,0.1305190920829773
test,2020-580,3,758,15,0.0,0.16690346598625183
test,2020-580,4,759,0,0.0,0.17349781095981598
test,2020-580,4,759,1,1.0,0.5215993523597717
test,2020-580,4,759,2,0.0,0.07720606029033661
test,2020-580,4,759,3,0.0,0.7977333664894104
test,2020-580,4,759,4,1.0,0.7697028517723083
test,2020-580,4,759,5,0.0,0.6435874700546265
test,2020-580,4,759,6,0.0,0.5362956523895264
test,2020-580,4,759,7,0.0,0.11562695354223251
test,2020-580,5,760,0,0.0,0.1821194589138031
test,2020-580,5,760,1,0.0,0.06486137211322784
test,2020-580,5,760,2,1.0,0.7182748317718506
test,2020-580,5,760,3,1.0,0.16582441329956055
test,2020-580,6,761,0,1.0,0.5242094397544861
test,2020-580,6,761,1,0.0,0.5940990447998047
test,2020-580,7,762,0,0.0,0.1756628155708313
test,2020-M009,2,776,0,1.0,0.3893425464630127
test,2020-M009,2,776,1,1.0,0.36982133984565735
test,2020-M009,2,776,2,1.0,0.5661134123802185
test,2020-M009,2,776,3,0.0,0.8056891560554504
test,2020-M009,2,776,4,0.0,0.6610990762710571
test,2020-M009,2,776,5,0.0,0.2985881567001343
test,2020-M009,2,776,6,0.0,0.12002397328615189
test,2020-M009,2,776,7,1.0,0.8150668740272522
test,2020-M009,2,776,8,1.0,0.5932297706604004
test,2020-M009,2,776,9,0.0,0.4224720001220703
test,2020-M009,2,776,10,1.0,0.2989542782306671
test,2020-M009,2,776,11,1.0,0.6131830811500549
test,2020-M009,2,776,12,0.0,0.14810121059417725
test,2020-M009,2,776,13,1.0,0.7486523985862732
test,2020-M009,2,776,14,0.0,0.6727588176727295
test,2020-M009,2,776,15,0.0,0.7346430420875549
test,2020-M009,2,776,16,0.0,0.1373407393693924
test,2020-M009,2,776,17,0.0,0.6685223579406738
test,2020-M009,2,776,18,1.0,0.16942451894283295
test,2020-M009,2,776,19,1.0,0.8198246359825134
test,2020-M009,2,776,20,0.0,0.643151581287384
test,2020-M009,2,776,21,0.0,0.8128068447113037
test,2020-M009,2,776,22,0.0,0.24287845194339752
test,2020-M009,3,777,0,0.0,0.8548591732978821
test,2020-M009,3,777,1,1.0,0.3300788998603821
test,2020-M009,3,777,2,0.0,0.24080295860767365
test,2020-M009,3,777,3,0.0,0.8602322340011597
test,2020-M009,3,777,4,0.0,0.29227373003959656
test,2020-M009,3,777,5,1.0,0.8347758054733276
test,2020-M009,3,777,6,1.0,0.2075028121471405
test,2020-M009,3,777,7,1.0,0.5324804782867432
test,2020-M009,3,777,8,0.0,0.5053659081459045
test,2020-M009,3,777,9,1.0,0.1597117930650711
test,2020-M009,3,777,10,1.0,0.788232147693634
test,2020-M009,3,777,11,1.0,0.15809600055217743
test,2020-M009,3,777,12,0.0,0.8633568286895752
test,2020-M009,3,777,13,0.0,0.24596081674098969
test,2020-M009,3,777,14,1.0,0.9529852867126465
test,2020-M009,3,777,15,1.0,0.8513755798339844
test,2020-M009,4,778,0,1.0,0.7472326159477234
test,2020-M009,4,778,1,0.0,0.13061080873012543
test,2020-M009,4,778,2,0.0,0.09087169915437698
test,2020-M009,4,778,3,1.0,0.770386815071106
test,2020-M009,4,778,4,0.0,0.17745941877365112
test,2020-M009,4,778,5,1.0,0.8048368692398071
test,2020-M009,4,778,6,0.0,0.8470032215118408
test,2020-M009,4,778,7,0.0,0.35233980417251587
test,2020-M009,5,779,0,1.0,0.9489501118659973
test,2020-M009,5,779,1,1.0,0.2637256383895874
test,2020-M009,5,779,2,1.0,0.47812992334365845
test,2020-M009,5,779,3,0.0,0.8449933528900146
test,2020-M009,6,780,0,1.0,0.9353904724121094
test,2020-M009,6,780,1,0.0,0.3958287239074707
test,2020-M009,7,781,0,0.0,0.15286147594451904
test,2020-M024,2,763,0,1.0,0.7750417590141296
test,2020-M024,2,763,1,1.0,0.6157433986663818
test,2020-M024,2,763,2,0.0,0.43621060252189636
test,2020-M024,2,763,3,1.0,0.42098337411880493
test,2020-M024,2,763,4,0.0,0.6679843664169312
test,2020-M024,2,763,5,1.0,0.6505253911018372
test,2020-M024,2,763,6,1.0,0.7367739081382751
test,2020-M024,2,763,7,1.0,0.36928361654281616
test,2020-M024,2,763,8,1.0,0.5070982575416565
test,2020-M024,2,763,9,0.0,0.1914488524198532
test,2020-M024,2,763,10,0.0,0.27336469292640686
test,2020-M024,2,763,11,0.0,0.2372208684682846
test,2020-M024,2,763,12,1.0,0.4999784827232361
test,2020-M024,2,763,13,1.0,0.5182952284812927
test,2020-M024,2,763,14,0.0,0.1505517214536667
test,2020-M024,2,763,15,1.0,0.7502573728561401
test,2020-M024,2,763,16,0.0,0.5081830620765686
test,2020-M024,2,763,17,0.0,0.4066300094127655
test,2020-M024,2,763,18,1.0,0.3094928562641144
test,2020-M024,2,763,19,0.0,0.18966203927993774
test,2020-M024,2,763,20,1.0,0.3139116168022156
test,2020-M024,2,763,21,1.0,0.7304799556732178
test,2020-M024,2,763,22,0.0,0.3164577782154083
test,2020-M024,2,763,23,1.0,0.6502357125282288
test,2020-M024,3,764,0,0.0,0.6884753704071045
test,2020-M024,3,764,1,0.0,0.7572484016418457
test,2020-M024,3,764,2,1.0,0.8686630725860596
test,2020-M024,3,764,3,0.0,0.8680773377418518
test,2020-M024,3,764,4,1.0,0.7442370057106018
test,2020-M024,3,764,5,1.0,0.5753058195114136
test,2020-M024,3,764,6,0.0,0.8330910801887512
test,2020-M024,3,764,7,1.0,0.5253315567970276
test,2020-M024,3,764,8,0.0,0.5698264837265015
test,2020-M024,3,764,9,0.0,0.5759945511817932
test,2020-M024,3,764,10,0.0,0.1336483359336853
test,2020-M024,3,764,11,1.0,0.6348618865013123
test,2020-M024,3,764,12,0.0,0.6549224257469177
test,2020-M024,3,764,13,0.0,0.6117985844612122
test,2020-M024,3,764,14,1.0,0.9405343532562256
test,2020-M024,3,764,15,0.0,0.431047260761261
test,2020-M024,4,765,0,1.0,0.9328966736793518
test,2020-M024,4,765,1,0.0,0.16327957808971405
test,2020-M024,4,765,2,0.0,0.5542731285095215
test,2020-M024,4,765,3,0.0,0.575249195098877
test,2020-M024,4,765,4,0.0,0.4798566401004791
test,2020-M024,4,765,5,0.0,0.7481111288070679
test,2020-M024,4,765,6,0.0,0.4741115868091583
test,2020-M024,4,765,7,0.0,0.12758168578147888
test,2020-M024,5,766,0,1.0,0.9150297045707703
test,2020-M024,5,766,1,1.0,0.3409295678138733
test,2020-M024,5,766,2,1.0,0.7591570615768433
test,2020-M024,5,766,3,0.0,0.1927294135093689
test,2020-M024,6,767,0,1.0,0.8813797235488892
test,2020-M024,6,767,1,1.0,0.7036690711975098
test,2020-M024,7,768,0,1.0,0.7939861416816711
