phase,tourney_id,round_order,block_idx,row_in_block,y_true,probability
test,2017-0352,2,582,0,0.0,0.3196841027355297
test,2017-0352,2,582,1,0.0,0.4377119104220286
test,2017-0352,2,582,2,1.0,0.748990946624006
test,2017-0352,2,582,3,1.0,0.40339845659327617
test,2017-0352,2,582,4,1.0,0.5946241535507866
test,2017-0352,2,582,5,0.0,0.5868336735338214
test,2017-0352,2,582,6,1.0,0.4165090984393396
test,2017-0352,2,582,7,1.0,0.22358706011258872
test,2017-0352,2,582,8,1.0,0.6769081444480145
test,2017-0352,2,582,9,0.0,0.4782368232897873
test,2017-0352,2,582,10,0.0,0.49136526738965
test,2017-0352,2,582,11,1.0,0.4740051949953034
test,2017-0352,2,582,12,1.0,0.5272231344598104
test,2017-0352,2,582,13,1.0,0.43542790328667497
test,2017-0352,2,582,14,0.0,0.5244346950560079
test,2017-0352,2,582,15,1.0,0.5319593572591399
test,2017-0352,3,583,0,0.0,0.02545985595592243
test,2017-0352,3,583,1,0.0,0.547029423807113
test,2017-0352,3,583,2,1.0,0.2912258750380831
test,2017-0352,3,583,3,0.0,0.7592782174396919
test,2017-0352,3,583,4,0.0,0.5335680896818822
test,2017-0352,3,583,5,0.0,0.23829534397042498
test,2017-0352,3,583,6,0.0,0.3502485360596546
test,2017-0352,3,583,7,0.0,0.4895763477044439
test,2017-0352,3,583,8,1.0,0.6313476045122332
test,2017-0352,3,583,9,1.0,0.5889937642647907
test,2017-0352,3,583,10,1.0,0.7307691644219252
test,2017-0352,3,583,11,0.0,0.17191899185634416
test,2017-0352,3,583,12,0.0,0.7809051280466647
test,2017-0352,3,583,13,1.0,0.3424380051695211
test,2017-0352,3,583,14,1.0,0.5976814239172085
test,2017-0352,3,583,15,1.0,0.46154226887172733
test,2017-0352,4,584,0,1.0,0.5008040556585068
test,2017-0352,4,584,1,1.0,0.4083876850820298
test,2017-0352,4,584,2,0.0,0.34386153426404176
test,2017-0352,4,584,3,1.0,0.2954680190880881
test,2017-0352,4,584,4,1.0,0.43193472941868444
test,2017-0352,4,584,5,0.0,0.2722625604059875
test,2017-0352,4,584,6,0.0,0.599770987343599
test,2017-0352,4,584,7,1.0,0.9706983445022683
test,2017-0352,5,585,0,0.0,0.573622965386146
test,2017-0352,5,585,1,0.0,0.6138846173012324
test,2017-0352,5,585,2,0.0,0.7887297397921983
test,2017-0352,5,585,3,0.0,0.9821574705117184
test,2017-0352,6,586,0,0.0,0.7118661656456176
test,2017-0352,6,586,1,1.0,0.5609548988005177
test,2017-0352,7,587,0,1.0,0.6000994881148626
test,2017-0410,2,525,0,0.0,0.37609866354670485
test,2017-0410,2,525,1,1.0,0.6917384974370314
test,2017-0410,2,525,2,0.0,0.5706436791184072
test,2017-0410,2,525,3,0.0,0.6477206204430729
test,2017-0410,2,525,4,0.0,0.32435244378966044
test,2017-0410,2,525,5,0.0,0.4348242880658894
test,2017-0410,2,525,6,1.0,0.45507999793183784
test,2017-0410,2,525,7,1.0,0.7746468920343684
test,2017-0410,2,525,8,1.0,0.5017742642397907
test,2017-0410,2,525,9,1.0,0.7129486180529161
test,2017-0410,2,525,10,1.0,0.3773895431253279
test,2017-0410,2,525,11,0.0,0.5208167915815803
test,2017-0410,2,525,12,0.0,0.5767312143876179
test,2017-0410,2,525,13,0.0,0.4004032694119226
test,2017-0410,2,525,14,0.0,0.6089075573760757
test,2017-0410,2,525,15,0.0,0.586359274446177
test,2017-0410,2,525,16,1.0,0.6345593418790574
test,2017-0410,2,525,17,1.0,0.4922614520559517
test,2017-0410,2,525,18,1.0,0.4900606110932208
test,2017-0410,2,525,19,0.0,0.4660720298726828
test,2017-0410,2,525,20,1.0,0.4598278759929914
test,2017-0410,2,525,21,1.0,0.5107824312548916
test,2017-0410,2,525,22,0.0,0.5274256098930546
test,2017-0410,2,525,23,1.0,0.7921682494770413
test,2017-0410,3,526,0,0.0,0.34123358089959527
test,2017-0410,3,526,1,1.0,0.9454881171267652
test,2017-0410,3,526,2,0.0,0.40530502058405915
test,2017-0410,3,526,3,1.0,0.7886831286598959
test,2017-0410,3,526,4,0.0,0.15538627364392196
test,2017-0410,3,526,5,1.0,0.614547856028372
test,2017-0410,3,526,6,0.0,0.8011662282871386
test,2017-0410,3,526,7,1.0,0.2611640758344899
test,2017-0410,3,526,8,1.0,0.3369069990549372
test,2017-0410,3,526,9,1.0,0.5231840728559155
test,2017-0410,3,526,10,0.0,0.558574962312813
test,2017-0410,3,526,11,1.0,0.9765201773420836
test,2017-0410,3,526,12,0.0,0.4067600471506412
test,2017-0410,3,526,13,1.0,0.6818891775371494
test,2017-0410,3,526,14,0.0,0.45463795440640314
test,2017-0410,3,526,15,1.0,0.9729410263575333
test,2017-0410,4,527,0,0.0,0.012542240115172671
test,2017-0410,4,527,1,1.0,0.49825742834800735
test,2017-0410,4,527,2,1.0,0.49177193786108914
test,2017-0410,4,527,3,0.0,0.4377310080761802
test,2017-0410,4,527,4,1.0,0.15360586932229464
test,2017-0410,4,527,5,1.0,0.3968564696930493
test,2017-0410,4,527,6,0.0,0.9397063176563478
test,2017-0410,4,527,7,1.0,0.9542307095352042
test,2017-0410,5,528,0,0.0,0.9761578925379254
test,2017-0410,5,528,1,0.0,0.02575415536535146
test,2017-0410,5,528,2,0.0,0.45432344581910755
test,2017-0410,5,528,3,1.0,0.30129595780354745
test,2017-0410,6,529,0,1.0,0.9305204872550319
test,2017-0410,6,529,1,0.0,0.4902548885720603
test,2017-0410,7,530,0,0.0,0.045293236843485345
test,2017-0421,2,557,0,1.0,0.815713539718874
test,2017-0421,2,557,1,0.0,0.3682388563480212
test,2017-0421,2,557,2,1.0,0.7419744952644236
test,2017-0421,2,557,3,0.0,0.4007639080406986
test,2017-0421,2,557,4,1.0,0.666972109459817
test,2017-0421,2,557,5,1.0,0.6160365426802046
test,2017-0421,2,557,6,1.0,0.555314365377127
test,2017-0421,2,557,7,0.0,0.5572783076386317
test,2017-0421,2,557,8,0.0,0.5379980986037917
test,2017-0421,2,557,9,1.0,0.3885662030117791
test,2017-0421,2,557,10,0.0,0.3573617855800582
test,2017-0421,2,557,11,1.0,0.7465234829338153
test,2017-0421,2,557,12,1.0,0.36771134598039346
test,2017-0421,2,557,13,0.0,0.4876122304383909
test,2017-0421,2,557,14,0.0,0.48447001328462075
test,2017-0421,2,557,15,1.0,0.4254524408073186
test,2017-0421,2,557,16,0.0,0.29392574185124254
test,2017-0421,2,557,17,0.0,0.23519014229688676
test,2017-0421,2,557,18,0.0,0.5008976096294075
test,2017-0421,2,557,19,0.0,0.37939801351715596
test,2017-0421,2,557,20,1.0,0.8259967440209351
test,2017-0421,2,557,21,0.0,0.459674113546568
test,2017-0421,2,557,22,1.0,0.6255128980449011
test,2017-0421,2,557,23,0.0,0.7399198901575718
test,2017-0421,3,558,0,0.0,0.4829373399800155
test,2017-0421,3,558,1,0.0,0.032395563119654
test,2017-0421,3,558,2,1.0,0.27811496599488916
test,2017-0421,3,558,3,1.0,0.2847988758266684
test,2017-0421,3,558,4,0.0,0.3245857375547993
test,2017-0421,3,558,5,0.0,0.5302479661393352
test,2017-0421,3,558,6,0.0,0.6931988008069614
test,2017-0421,3,558,7,0.0,0.2869155175921808
test,2017-0421,3,558,8,0.0,0.4245812285894177
test,2017-0421,3,558,9,1.0,0.6407018189580507
test,2017-0421,3,558,10,0.0,0.7819793064119638
test,2017-0421,3,558,11,1.0,0.36864503415329913
test,2017-0421,3,558,12,1.0,0.20869833389719214
test,2017-0421,3,558,13,1.0,0.7182129404892956
test,2017-0421,3,558,14,0.0,0.03299349773663659
test,2017-0421,3,558,15,0.0,0.32551795903409575
test,2017-0421,4,559,0,1.0,0.7992208104977815
test,2017-0421,4,559,1,1.0,0.457548720556971
test,2017-0421,4,559,2,0.0,0.7255582110964467
test,2017-0421,4,559,3,1.0,0.5821748476761214
test,2017-0421,4,559,4,0.0,0.3678299421701836
test,2017-0421,4,559,5,0.0,0.4519964244458638
test,2017-0421,4,559,6,0.0,0.9849517405432601
test,2017-0421,4,559,7,0.0,0.5506689647678573
test,2017-0421,5,560,0,0.0,0.10609969170079982
test,2017-0421,5,560,1,0.0,0.5091872108269537
test,2017-0421,5,560,2,1.0,0.5857296141979207
test,2017-0421,5,560,3,0.0,0.616122830968267
test,2017-0421,6,561,0,1.0,0.7855776542957422
test,2017-0421,6,561,1,0.0,0.054737684797075956
test,2017-0421,7,562,0,1.0,0.16009083990327713
test,2017-5014,2,576,0,1.0,0.5378951069282792
test,2017-5014,2,576,1,1.0,0.5491608165830089
test,2017-5014,2,576,2,0.0,0.5304717728718252
test,2017-5014,2,576,3,1.0,0.42603978676135235
test,2017-5014,2,576,4,1.0,0.5813186433290816
test,2017-5014,2,576,5,1.0,0.6469854746077566
test,2017-5014,2,576,6,1.0,0.48336818813866184
test,2017-5014,2,576,7,1.0,0.6011967687516234
test,2017-5014,2,576,8,1.0,0.5778007356688766
test,2017-5014,2,576,9,1.0,0.3943961127245241
test,2017-5014,2,576,10,1.0,0.4961399211709532
test,2017-5014,2,576,11,1.0,0.5351186352190944
test,2017-5014,2,576,12,0.0,0.5239080373724911
test,2017-5014,2,576,13,0.0,0.4503067333884557
test,2017-5014,2,576,14,0.0,0.5060849207853325
test,2017-5014,2,576,15,1.0,0.38638786007959847
test,2017-5014,2,576,16,0.0,0.5467267946392013
test,2017-5014,2,576,17,0.0,0.4414697402890496
test,2017-5014,2,576,18,1.0,0.47404252477436293
test,2017-5014,2,576,19,0.0,0.4074887523837132
test,2017-5014,2,576,20,0.0,0.46111558930482105
test,2017-5014,2,576,21,1.0,0.47134585797000705
test,2017-5014,2,576,22,1.0,0.5908732619359097
test,2017-5014,2,576,23,0.0,0.4934860782836229
test,2017-5014,3,577,0,0.0,0.5620173197291514
test,2017-5014,3,577,1,0.0,0.4400598702325899
test,2017-5014,3,577,2,0.0,0.4719433309090019
test,2017-5014,3,577,3,1.0,0.6119311986175298
test,2017-5014,3,577,4,1.0,0.4823088021192732
test,2017-5014,3,577,5,0.0,0.5764565952046397
test,2017-5014,3,577,6,0.0,0.4920832479263619
test,2017-5014,3,577,7,0.0,0.42613224996492294
test,2017-5014,3,577,8,0.0,0.3524889127964275
test,2017-5014,3,577,9,1.0,0.4275473892108619
test,2017-5014,3,577,10,0.0,0.43395567870206964
test,2017-5014,3,577,11,0.0,0.5265489960787686
test,2017-5014,3,577,12,0.0,0.4324135560594968
test,2017-5014,3,577,13,0.0,0.44019400073245657
test,2017-5014,3,577,14,1.0,0.4463241771484385
test,2017-5014,3,577,15,1.0,0.4928645481038838
test,2017-5014,4,578,0,0.0,0.4851773397039112
test,2017-5014,4,578,1,0.0,0.4814234247405789
test,2017-5014,4,578,2,1.0,0.4138122584466887
test,2017-5014,4,578,3,1.0,0.43497016104734726
test,2017-5014,4,578,4,1.0,0.5396692871633947
test,2017-5014,4,578,5,1.0,0.548214547077644
test,2017-5014,4,578,6,1.0,0.5072292623380278
test,2017-5014,4,578,7,0.0,0.4567362710650243
test,2017-5014,5,579,0,0.0,0.5933185571010035
test,2017-5014,5,579,1,0.0,0.42243405583054255
test,2017-5014,5,579,2,1.0,0.5154982377914024
test,2017-5014,5,579,3,0.0,0.5456406595439642
test,2017-5014,6,580,0,1.0,0.40971889330017036
test,2017-5014,6,580,1,0.0,0.5435020332232244
test,2017-5014,7,581,0,1.0,0.45364107775126755
test,2017-520,1,543,0,1.0,0.9827969902024433
test,2017-520,1,543,1,1.0,0.5800949026147223
test,2017-520,1,543,2,1.0,0.5515020866709399
test,2017-520,1,543,3,0.0,0.3202268104278372
test,2017-520,1,543,4,0.0,0.4895534268826122
test,2017-520,1,543,5,1.0,0.5833406784763631
test,2017-520,1,543,6,0.0,0.8435309472760594
test,2017-520,1,543,7,0.0,0.2770329958285099
test,2017-520,1,543,8,1.0,0.5594854640086567
test,2017-520,1,543,9,1.0,0.4843983992119435
test,2017-520,1,543,10,1.0,0.8066599327198117
test,2017-520,1,543,11,1.0,0.7296414723646608
test,2017-520,1,543,12,1.0,0.6539902656570017
test,2017-520,1,543,13,0.0,0.09159254729245239
test,2017-520,1,543,14,0.0,0.15701323485962076
test,2017-520,1,543,15,0.0,0.18857396759004394
test,2017-520,1,543,16,1.0,0.6794406584441796
test,2017-520,1,543,17,0.0,0.6147515446666747
test,2017-520,1,543,18,1.0,0.7128292147939618
test,2017-520,1,543,19,1.0,0.3320200168225496
test,2017-520,1,543,20,0.0,0.5765088255074428
test,2017-520,1,543,21,0.0,0.6008585552109191
test,2017-520,1,543,22,0.0,0.17268671157025908
test,2017-520,1,543,23,0.0,0.3708981727133821
test,2017-520,1,543,24,1.0,0.5543689285154929
test,2017-520,1,543,25,1.0,0.7669233656730365
test,2017-520,1,543,26,0.0,0.29974911230744944
test,2017-520,1,543,27,0.0,0.5154490004905075
test,2017-520,1,543,28,1.0,0.6465578270523434
test,2017-520,1,543,29,1.0,0.9316005206198867
test,2017-520,1,543,30,0.0,0.3739988488094986
test,2017-520,1,543,31,1.0,0.7266271770387128
test,2017-520,1,543,32,1.0,0.6088828962563412
test,2017-520,1,543,33,1.0,0.7471440404558991
test,2017-520,1,543,34,1.0,0.3417629982234334
test,2017-520,1,543,35,0.0,0.3214923070977223
test,2017-520,1,543,36,1.0,0.4014858402194002
test,2017-520,1,543,37,1.0,0.5787897581325456
test,2017-520,1,543,38,0.0,0.39355012265651257
test,2017-520,1,543,39,0.0,0.23429764097541103
test,2017-520,1,543,40,1.0,0.5289135892418115
test,2017-520,1,543,41,1.0,0.44850790405900814
test,2017-520,1,543,42,0.0,0.2979184341180294
test,2017-520,1,543,43,0.0,0.39040387453995185
test,2017-520,1,543,44,0.0,0.2709262007298911
test,2017-520,1,543,45,0.0,0.5301719415032463
test,2017-520,1,543,46,1.0,0.7040023987803117
test,2017-520,1,543,47,1.0,0.973742465724644
test,2017-520,1,543,48,0.0,0.3833466897068423
test,2017-520,1,543,49,0.0,0.5165349380025307
test,2017-520,1,543,50,0.0,0.7518293380973562
test,2017-520,1,543,51,1.0,0.617765405306771
test,2017-520,1,543,52,1.0,0.772797536870938
test,2017-520,1,543,53,0.0,0.5206144970251173
test,2017-520,1,543,54,0.0,0.5232805111056936
test,2017-520,1,543,55,1.0,0.5228980793821885
test,2017-520,1,543,56,0.0,0.5599567265572153
test,2017-520,1,543,57,1.0,0.346823313715403
test,2017-520,1,543,58,0.0,0.23633668535896382
test,2017-520,1,543,59,1.0,0.4108830488424798
test,2017-520,1,543,60,0.0,0.5298848142238148
test,2017-520,1,543,61,1.0,0.6434843624632985
test,2017-520,1,543,62,0.0,0.31784178464711277
test,2017-520,1,543,63,0.0,0.40378159067406066
test,2017-520,2,544,0,0.0,0.40940521477499375
test,2017-520,2,544,1,0.0,0.344290377459291
test,2017-520,2,544,2,1.0,0.6387805536554335
test,2017-520,2,544,3,0.0,0.43705174949859465
test,2017-520,2,544,4,1.0,0.39862032439271144
test,2017-520,2,544,5,0.0,0.25232499314002654
test,2017-520,2,544,6,1.0,0.7755258471276393
test,2017-520,2,544,7,1.0,0.4224869892158454
test,2017-520,2,544,8,0.0,0.5726824526207146
test,2017-520,2,544,9,1.0,0.5745330541263255
test,2017-520,2,544,10,0.0,0.3891032885693634
test,2017-520,2,544,11,1.0,0.9845248368155358
test,2017-520,2,544,12,0.0,0.18939197970808708
test,2017-520,2,544,13,1.0,0.16229557692175522
test,2017-520,2,544,14,1.0,0.3226106303580598
test,2017-520,2,544,15,0.0,0.5018386365976732
test,2017-520,2,544,16,1.0,0.546651913050983
test,2017-520,2,544,17,0.0,0.2383708560506244
test,2017-520,2,544,18,1.0,0.7511283472934412
test,2017-520,2,544,19,0.0,0.4078229991650834
test,2017-520,2,544,20,1.0,0.7716934466990275
test,2017-520,2,544,21,0.0,0.2605538988713992
test,2017-520,2,544,22,0.0,0.5624536964717501
test,2017-520,2,544,23,0.0,0.2955801703131309
test,2017-520,2,544,24,0.0,0.2712408705442043
test,2017-520,2,544,25,0.0,0.2660094668097912
test,2017-520,2,544,26,1.0,0.7360626429463899
test,2017-520,2,544,27,0.0,0.3741778628644356
test,2017-520,2,544,28,1.0,0.8351901221096275
test,2017-520,2,544,29,0.0,0.3724938969802774
test,2017-520,2,544,30,0.0,0.0526225855419867
test,2017-520,2,544,31,1.0,0.9863784827461397
test,2017-520,3,545,0,1.0,0.734206158728668
test,2017-520,3,545,1,1.0,0.8693679056491358
test,2017-520,3,545,2,0.0,0.014430966604843483
test,2017-520,3,545,3,0.0,0.5007986910493204
test,2017-520,3,545,4,0.0,0.7290922817924828
test,2017-520,3,545,5,1.0,0.9857642679213583
test,2017-520,3,545,6,1.0,0.6237817815362487
test,2017-520,3,545,7,0.0,0.6964604049747968
test,2017-520,3,545,8,1.0,0.7446344299237739
test,2017-520,3,545,9,0.0,0.3995760350040783
test,2017-520,3,545,10,0.0,0.3112160262750781
test,2017-520,3,545,11,1.0,0.4494371819638832
test,2017-520,3,545,12,1.0,0.8280177749039305
test,2017-520,3,545,13,0.0,0.3705630462308308
test,2017-520,3,545,14,0.0,0.7090234972246372
test,2017-520,3,545,15,0.0,0.27825894377345955
test,2017-520,4,546,0,1.0,0.9762439019671111
test,2017-520,4,546,1,1.0,0.7318354184551819
test,2017-520,4,546,2,1.0,0.9615473732604151
test,2017-520,4,546,3,1.0,0.29261190330511855
test,2017-520,4,546,4,0.0,0.3830852569648895
test,2017-520,4,546,5,0.0,0.28648634599339107
test,2017-520,4,546,6,1.0,0.6287562509861365
test,2017-520,4,546,7,1.0,0.9354879774360212
test,2017-520,5,547,0,0.0,0.9547743540476815
test,2017-520,5,547,1,0.0,0.024839774378951865
test,2017-520,5,547,2,1.0,0.6158240141347322
test,2017-520,5,547,3,1.0,0.7881065356835155
test,2017-520,6,548,0,0.0,0.07929312719497907
test,2017-520,6,548,1,0.0,0.7370175435788279
test,2017-520,7,549,0,1.0,0.8825159811655077
test,2017-540,1,550,0,1.0,0.8550404611276979
test,2017-540,1,550,1,1.0,0.4338442210700782
test,2017-540,1,550,2,1.0,0.6523703751845205
test,2017-540,1,550,3,1.0,0.7065515313653247
test,2017-540,1,550,4,1.0,0.4672695738200428
test,2017-540,1,550,5,1.0,0.4832244328184792
test,2017-540,1,550,6,1.0,0.879538952164661
test,2017-540,1,550,7,0.0,0.2989266192122578
test,2017-540,1,550,8,1.0,0.6298750296025761
test,2017-540,1,550,9,1.0,0.5704051478592757
test,2017-540,1,550,10,0.0,0.6054297682284133
test,2017-540,1,550,11,1.0,0.5037584435560555
test,2017-540,1,550,12,0.0,0.4240446479549643
test,2017-540,1,550,13,0.0,0.5064981741119956
test,2017-540,1,550,14,0.0,0.01653828428424098
test,2017-540,1,550,15,1.0,0.5095378826302925
test,2017-540,1,550,16,0.0,0.9126820196108475
test,2017-540,1,550,17,1.0,0.7036617528905112
test,2017-540,1,550,18,1.0,0.4793024777445122
test,2017-540,1,550,19,0.0,0.5145907507127803
test,2017-540,1,550,20,0.0,0.4741804653187744
test,2017-540,1,550,21,1.0,0.614155788606718
test,2017-540,1,550,22,1.0,0.6373333228188014
test,2017-540,1,550,23,0.0,0.3547137107611666
test,2017-540,1,550,24,1.0,0.3025033598546207
test,2017-540,1,550,25,1.0,0.7310244760479432
test,2017-540,1,550,26,1.0,0.5820768416605605
test,2017-540,1,550,27,0.0,0.5334821337643488
test,2017-540,1,550,28,1.0,0.9707624588623471
test,2017-540,1,550,29,1.0,0.9864854213079235
test,2017-540,1,550,30,1.0,0.3569282416096667
test,2017-540,1,550,31,1.0,0.47491356478510627
test,2017-540,1,550,32,0.0,0.32640453515799284
test,2017-540,1,550,33,0.0,0.25747294794811176
test,2017-540,1,550,34,0.0,0.4186708120436956
test,2017-540,1,550,35,0.0,0.28949441398160125
test,2017-540,1,550,36,0.0,0.27561440080279814
test,2017-540,1,550,37,1.0,0.28315330042676545
test,2017-540,1,550,38,1.0,0.5984053023522221
test,2017-540,1,550,39,1.0,0.6341902976242456
test,2017-540,1,550,40,1.0,0.7971715196935353
test,2017-540,1,550,41,0.0,0.6104969761966056
test,2017-540,1,550,42,1.0,0.5500477432842419
test,2017-540,1,550,43,1.0,0.5892057488704169
test,2017-540,1,550,44,0.0,0.5528205356687922
test,2017-540,1,550,45,0.0,0.47615908039960864
test,2017-540,1,550,46,0.0,0.22125787398957758
test,2017-540,1,550,47,0.0,0.20372105719993835
test,2017-540,1,550,48,0.0,0.24677174572934632
test,2017-540,1,550,49,0.0,0.3952405500365361
test,2017-540,1,550,50,0.0,0.394119692355447
test,2017-540,1,550,51,0.0,0.09782599734549875
test,2017-540,1,550,52,1.0,0.6274242247826922
test,2017-540,1,550,53,1.0,0.725086923910628
test,2017-540,1,550,54,0.0,0.5588350909409072
test,2017-540,1,550,55,0.0,0.18857329853112795
test,2017-540,1,550,56,1.0,0.327670089914113
test,2017-540,1,550,57,0.0,0.3138033928947719
test,2017-540,1,550,58,0.0,0.591311917739176
test,2017-540,1,550,59,0.0,0.23916260338044928
test,2017-540,1,550,60,1.0,0.417393824057969
test,2017-540,1,550,61,0.0,0.43744245545658855
test,2017-540,1,550,62,1.0,0.7237371993128098
test,2017-540,1,550,63,0.0,0.43837217090043645
test,2017-540,2,551,0,0.0,0.19783806598965203
test,2017-540,2,551,1,0.0,0.34759660460122976
test,2017-540,2,551,2,0.0,0.7389050185056537
test,2017-540,2,551,3,0.0,0.4919074153573131
test,2017-540,2,551,4,0.0,0.056014131907904
test,2017-540,2,551,5,0.0,0.44691795532057543
test,2017-540,2,551,6,1.0,0.8321455255787
test,2017-540,2,551,7,0.0,0.17853745107848548
test,2017-540,2,551,8,1.0,0.7132795999076457
test,2017-540,2,551,9,0.0,0.3949391687612711
test,2017-540,2,551,10,1.0,0.2740082746064908
test,2017-540,2,551,11,0.0,0.35048921759429885
test,2017-540,2,551,12,0.0,0.34866321171902087
test,2017-540,2,551,13,0.0,0.20993469671323092
test,2017-540,2,551,14,1.0,0.7925853061447325
test,2017-540,2,551,15,0.0,0.3831244998635484
test,2017-540,2,551,16,1.0,0.729445413343787
test,2017-540,2,551,17,0.0,0.17802278138352068
test,2017-540,2,551,18,0.0,0.41217355198567723
test,2017-540,2,551,19,1.0,0.47191187517942673
test,2017-540,2,551,20,0.0,0.36088439247683346
test,2017-540,2,551,21,1.0,0.9779449557349161
test,2017-540,2,551,22,0.0,0.4886800904523711
test,2017-540,2,551,23,0.0,0.3720160608728151
test,2017-540,2,551,24,1.0,0.6189314091405766
test,2017-540,2,551,25,1.0,0.32747861811793044
test,2017-540,2,551,26,1.0,0.3700701293095609
test,2017-540,2,551,27,1.0,0.6038944883280584
test,2017-540,2,551,28,0.0,0.317454980449879
test,2017-540,2,551,29,1.0,0.992431516570554
test,2017-540,2,551,30,0.0,0.3544749882181399
test,2017-540,2,551,31,0.0,0.048653627541885985
test,2017-540,3,552,0,1.0,0.5014343855094849
test,2017-540,3,552,1,0.0,0.40284645550992815
test,2017-540,3,552,2,1.0,0.9819877498604995
test,2017-540,3,552,3,1.0,0.3315172774763505
test,2017-540,3,552,4,1.0,0.7605598315673816
test,2017-540,3,552,5,0.0,0.07555900146307454
test,2017-540,3,552,6,1.0,0.7385504227339572
test,2017-540,3,552,7,0.0,0.1547070070898729
test,2017-540,3,552,8,1.0,0.6430202620372311
test,2017-540,3,552,9,0.0,0.22824137399653044
test,2017-540,3,552,10,1.0,0.3154349308498257
test,2017-540,3,552,11,0.0,0.42758967088956196
test,2017-540,3,552,12,1.0,0.9756992069783335
test,2017-540,3,552,13,0.0,0.23956101122126908
test,2017-540,3,552,14,1.0,0.26605996814491073
test,2017-540,3,552,15,0.0,0.11575041801503576
test,2017-540,4,553,0,1.0,0.9807513096365389
test,2017-540,4,553,1,0.0,0.46514245774426083
test,2017-540,4,553,2,0.0,0.1611828029571962
test,2017-540,4,553,3,0.0,0.5376347196233631
test,2017-540,4,553,4,0.0,0.34669087350167566
test,2017-540,4,553,5,0.0,0.9743354944768612
test,2017-540,4,553,6,0.0,0.6316301747663792
test,2017-540,4,553,7,0.0,0.079892780901218
test,2017-540,5,554,0,1.0,0.0721366008269473
test,2017-540,5,554,1,1.0,0.821275430648529
test,2017-540,5,554,2,0.0,0.277408385761451
test,2017-540,5,554,3,0.0,0.9230143788078297
test,2017-540,6,555,0,1.0,0.7201473349434293
test,2017-540,6,555,1,0.0,0.27756070158493035
test,2017-540,7,556,0,0.0,0.20789460356218423
test,2017-560,1,569,0,1.0,0.8768453206567867
test,2017-560,1,569,1,0.0,0.4707767824015085
test,2017-560,1,569,2,1.0,0.810777819331132
test,2017-560,1,569,3,0.0,0.5218492929321416
test,2017-560,1,569,4,0.0,0.5471234398191204
test,2017-560,1,569,5,1.0,0.6194990219528222
test,2017-560,1,569,6,0.0,0.7579845200787846
test,2017-560,1,569,7,1.0,0.5750249966801978
test,2017-560,1,569,8,0.0,0.38989207290895556
test,2017-560,1,569,9,1.0,0.6943069612302847
test,2017-560,1,569,10,1.0,0.7004334512626545
test,2017-560,1,569,11,0.0,0.2938527277407625
test,2017-560,1,569,12,0.0,0.04589779274759582
test,2017-560,1,569,13,1.0,0.8379583798835613
test,2017-560,1,569,14,1.0,0.4612112320938113
test,2017-560,1,569,15,1.0,0.6540104666513615
test,2017-560,1,569,16,1.0,0.46453954887460813
test,2017-560,1,569,17,1.0,0.6395179235465939
test,2017-560,1,569,18,1.0,0.6654298601464083
test,2017-560,1,569,19,0.0,0.49070848950197166
test,2017-560,1,569,20,1.0,0.7209540415577691
test,2017-560,1,569,21,0.0,0.14179058174718534
test,2017-560,1,569,22,1.0,0.6077344387124088
test,2017-560,1,569,23,0.0,0.3543272728827506
test,2017-560,1,569,24,1.0,0.2234168247630214
test,2017-560,1,569,25,1.0,0.2629732329177298
test,2017-560,1,569,26,1.0,0.6283790348670213
test,2017-560,1,569,27,0.0,0.4353637146461812
test,2017-560,1,569,28,0.0,0.018055234830662303
test,2017-560,1,569,29,1.0,0.5920601333437598
test,2017-560,1,569,30,1.0,0.43719763927100186
test,2017-560,1,569,31,0.0,0.6588359571660215
test,2017-560,1,569,32,1.0,0.6779965896496475
test,2017-560,1,569,33,0.0,0.14181637173037462
test,2017-560,1,569,34,0.0,0.42848490113771076
test,2017-560,1,569,35,0.0,0.8259804037432675
test,2017-560,1,569,36,1.0,0.37776511506861615
test,2017-560,1,569,37,0.0,0.3704679305440391
test,2017-560,1,569,38,0.0,0.33339228282569017
test,2017-560,1,569,39,1.0,0.691101687125686
test,2017-560,1,569,40,0.0,0.5910604131785141
test,2017-560,1,569,41,1.0,0.6569826606821956
test,2017-560,1,569,42,1.0,0.5880031019173764
test,2017-560,1,569,43,0.0,0.5349358170872666
test,2017-560,1,569,44,0.0,0.5304807010179402
test,2017-560,1,569,45,0.0,0.4168140064542275
test,2017-560,1,569,46,0.0,0.1701763101858754
test,2017-560,1,569,47,0.0,0.13992162499699493
test,2017-560,1,569,48,1.0,0.5566431392092868
test,2017-560,1,569,49,0.0,0.5159994223746351
test,2017-560,1,569,50,0.0,0.1971558876041685
test,2017-560,1,569,51,1.0,0.6870311839863574
test,2017-560,1,569,52,0.0,0.5600746106336618
test,2017-560,1,569,53,0.0,0.5096365627999778
test,2017-560,1,569,54,0.0,0.6010036192773844
test,2017-560,1,569,55,0.0,0.3363091640426645
test,2017-560,1,569,56,0.0,0.3539193785069694
test,2017-560,1,569,57,1.0,0.6461137484294298
test,2017-560,1,569,58,0.0,0.26501117163449117
test,2017-560,1,569,59,1.0,0.36133720415007853
test,2017-560,1,569,60,0.0,0.44731309444970585
test,2017-560,1,569,61,1.0,0.47627901020146396
test,2017-560,1,569,62,0.0,0.5086616214083762
test,2017-560,1,569,63,1.0,0.534949373762552
test,2017-560,2,570,0,0.0,0.5488701572045701
test,2017-560,2,570,1,1.0,0.6926885458550874
test,2017-560,2,570,2,1.0,0.42479892895163723
test,2017-560,2,570,3,1.0,0.3660826865752279
test,2017-560,2,570,4,1.0,0.6771318441398526
test,2017-560,2,570,5,1.0,0.6836968744877647
test,2017-560,2,570,6,1.0,0.22077088262607025
test,2017-560,2,570,7,1.0,0.44944099586663666
test,2017-560,2,570,8,1.0,0.4045079049738989
test,2017-560,2,570,9,1.0,0.5003428211312011
test,2017-560,2,570,10,1.0,0.4615125078548609
test,2017-560,2,570,11,1.0,0.2647575606010481
test,2017-560,2,570,12,0.0,0.352692430065322
test,2017-560,2,570,13,0.0,0.2997625428847931
test,2017-560,2,570,14,0.0,0.3563382562838668
test,2017-560,2,570,15,0.0,0.18708988441306884
test,2017-560,2,570,16,0.0,0.2994620892874924
test,2017-560,2,570,17,1.0,0.5069743169884674
test,2017-560,2,570,18,0.0,0.3499432738101387
test,2017-560,2,570,19,1.0,0.538542558131924
test,2017-560,2,570,20,0.0,0.06853348844561688
test,2017-560,2,570,21,0.0,0.7900828293724356
test,2017-560,2,570,22,1.0,0.6666218885609452
test,2017-560,2,570,23,0.0,0.4104537815240924
test,2017-560,2,570,24,1.0,0.7258647277852301
test,2017-560,2,570,25,1.0,0.21592307839551023
test,2017-560,2,570,26,1.0,0.6646977033317675
test,2017-560,2,570,27,0.0,0.43677267742175596
test,2017-560,2,570,28,1.0,0.8159479497947509
test,2017-560,2,570,29,0.0,0.4904062836762771
test,2017-560,2,570,30,1.0,0.983400551984294
test,2017-560,2,570,31,0.0,0.20151571336158397
test,2017-560,3,571,0,0.0,0.41179733672935953
test,2017-560,3,571,1,1.0,0.974888449492219
test,2017-560,3,571,2,1.0,0.2050383008558183
test,2017-560,3,571,3,1.0,0.5750258336906564
test,2017-560,3,571,4,1.0,0.526926752732099
test,2017-560,3,571,5,0.0,0.37510281266821577
test,2017-560,3,571,6,1.0,0.3239290162186076
test,2017-560,3,571,7,0.0,0.2986423069808176
test,2017-560,3,571,8,1.0,0.7198801440982445
test,2017-560,3,571,9,1.0,0.5490838492819392
test,2017-560,3,571,10,1.0,0.6235564057816495
test,2017-560,3,571,11,1.0,0.8562872783489731
test,2017-560,3,571,12,0.0,0.5490233807368117
test,2017-560,3,571,13,1.0,0.5093872836292568
test,2017-560,3,571,14,1.0,0.6105667757672595
test,2017-560,3,571,15,1.0,0.5311437566372298
test,2017-560,4,572,0,0.0,0.5537150055458695
test,2017-560,4,572,1,1.0,0.5390475663536738
test,2017-560,4,572,2,0.0,0.2770644658452355
test,2017-560,4,572,3,1.0,0.5832943322869528
test,2017-560,4,572,4,0.0,0.5743321878644186
test,2017-560,4,572,5,1.0,0.9161406654993728
test,2017-560,4,572,6,1.0,0.26543457591260794
test,2017-560,4,572,7,0.0,0.04089101666589469
test,2017-560,5,573,0,0.0,0.4864699267218925
test,2017-560,5,573,1,0.0,0.41037331732732685
test,2017-560,5,573,2,1.0,0.1315785252212233
test,2017-560,5,573,3,0.0,0.024164943689716216
test,2017-560,6,574,0,1.0,0.6533524041937642
test,2017-560,6,574,1,1.0,0.9229743293651492
test,2017-560,7,575,0,0.0,0.05984855032437552
test,2017-580,1,504,0,0.0,0.02347279239882602
test,2017-580,1,504,1,1.0,0.46583994713903537
test,2017-580,1,504,2,1.0,0.6601271851381992
test,2017-580,1,504,3,1.0,0.36755227701340387
test,2017-580,1,504,4,1.0,0.5223074785520431
test,2017-580,1,504,5,0.0,0.12512516170053692
test,2017-580,1,504,6,0.0,0.25106349096148217
test,2017-580,1,504,7,1.0,0.6246152216031318
test,2017-580,1,504,8,0.0,0.48418874691555375
test,2017-580,1,504,9,0.0,0.5857908767750661
test,2017-580,1,504,10,1.0,0.508632053517557
test,2017-580,1,504,11,1.0,0.5401864919045135
test,2017-580,1,504,12,1.0,0.5816607248749777
test,2017-580,1,504,13,1.0,0.8714691893859536
test,2017-580,1,504,14,0.0,0.23713994241301445
test,2017-580,1,504,15,0.0,0.42157126442130094
test,2017-580,1,504,16,0.0,0.47606878210047304
test,2017-580,1,504,17,0.0,0.6318443995486611
test,2017-580,1,504,18,0.0,0.08230462048858136
test,2017-580,1,504,19,1.0,0.4434681600462156
test,2017-580,1,504,20,1.0,0.48205864164967044
test,2017-580,1,504,21,0.0,0.1158379407984574
test,2017-580,1,504,22,1.0,0.27228886957771503
test,2017-580,1,504,23,0.0,0.4358746008493195
test,2017-580,1,504,24,0.0,0.6041983718095799
test,2017-580,1,504,25,1.0,0.8004524268237667
test,2017-580,1,504,26,0.0,0.32517933970577567
test,2017-580,1,504,27,1.0,0.5014975366419775
test,2017-580,1,504,28,1.0,0.41599292513882047
test,2017-580,1,504,29,1.0,0.9712167801458585
test,2017-580,1,504,30,0.0,0.6253246554379682
test,2017-580,1,504,31,1.0,0.4837665641964195
test,2017-580,1,504,32,0.0,0.5233377260417075
test,2017-580,1,504,33,1.0,0.8034170578154131
test,2017-580,1,504,34,1.0,0.5725172040203088
test,2017-580,1,504,35,1.0,0.8282792421745658
test,2017-580,1,504,36,0.0,0.45952474791448583
test,2017-580,1,504,37,0.0,0.45113083526449327
test,2017-580,1,504,38,1.0,0.8162121940197431
test,2017-580,1,504,39,1.0,0.7554274468465729
test,2017-580,1,504,40,1.0,0.5707550699706705
test,2017-580,1,504,41,0.0,0.5036913213158125
test,2017-580,1,504,42,0.0,0.47743719257599015
test,2017-580,1,504,43,1.0,0.4204543366622469
test,2017-580,1,504,44,0.0,0.5136025699529858
test,2017-580,1,504,45,0.0,0.6061227864716208
test,2017-580,1,504,46,1.0,0.6683987842935913
test,2017-580,1,504,47,0.0,0.2214287425069902
test,2017-580,1,504,48,1.0,0.6225959703921484
test,2017-580,1,504,49,0.0,0.6099026650243835
test,2017-580,1,504,50,0.0,0.4074270297336794
test,2017-580,1,504,51,0.0,0.48072299289103787
test,2017-580,1,504,52,1.0,0.6256528176346664
test,2017-580,1,504,53,1.0,0.6958560671006353
test,2017-580,1,504,54,1.0,0.5790193380398316
test,2017-580,1,504,55,0.0,0.6050255662267465
test,2017-580,1,504,56,1.0,0.6874079478810615
test,2017-580,1,504,57,1.0,0.9720162742468167
test,2017-580,1,504,58,1.0,0.6715866599413103
test,2017-580,1,504,59,1.0,0.5955306087961809
test,2017-580,1,504,60,1.0,0.4908237259554628
test,2017-580,1,504,61,0.0,0.1134185479095732
test,2017-580,1,504,62,0.0,0.20703572462732903
test,2017-580,1,504,63,1.0,0.5216120008144209
test,2017-580,2,505,0,1.0,0.6205774145270304
test,2017-580,2,505,1,1.0,0.8825313640410306
test,2017-580,2,505,2,1.0,0.9520580197941869
test,2017-580,2,505,3,0.0,0.32185417652101445
test,2017-580,2,505,4,0.0,0.22679029856718583
test,2017-580,2,505,5,0.0,0.4005433071429412
test,2017-580,2,505,6,1.0,0.7024580659181083
test,2017-580,2,505,7,1.0,0.4291905026590669
test,2017-580,2,505,8,0.0,0.2884674931848007
test,2017-580,2,505,9,1.0,0.785703206792307
test,2017-580,2,505,10,0.0,0.37893109249141643
test,2017-580,2,505,11,1.0,0.7337895730992307
test,2017-580,2,505,12,1.0,0.6146769817314749
test,2017-580,2,505,13,1.0,0.5979287706772004
test,2017-580,2,505,14,1.0,0.6477272469466492
test,2017-580,2,505,15,1.0,0.7165780712794967
test,2017-580,2,505,16,0.0,0.16039637326744635
test,2017-580,2,505,17,1.0,0.42622837636270544
test,2017-580,2,505,18,1.0,0.5914133197687913
test,2017-580,2,505,19,1.0,0.8357504592671925
test,2017-580,2,505,20,0.0,0.26762825229666415
test,2017-580,2,505,21,1.0,0.44385142660474114
test,2017-580,2,505,22,1.0,0.956151848201335
test,2017-580,2,505,23,1.0,0.8274140065389579
test,2017-580,2,505,24,0.0,0.21534233358131624
test,2017-580,2,505,25,1.0,0.26629295955577376
test,2017-580,2,505,26,1.0,0.7194643938781363
test,2017-580,2,505,27,0.0,0.8275000318456149
test,2017-580,2,505,28,0.0,0.4987819565805381
test,2017-580,2,505,29,1.0,0.9764450755768251
test,2017-580,2,505,30,1.0,0.008922498502202269
test,2017-580,2,505,31,0.0,0.47007291474713636
test,2017-580,3,506,0,0.0,0.45745812566064215
test,2017-580,3,506,1,1.0,0.951353887307499
test,2017-580,3,506,2,0.0,0.41711463712786256
test,2017-580,3,506,3,0.0,0.5311293242134016
test,2017-580,3,506,4,0.0,0.41287203753298907
test,2017-580,3,506,5,0.0,0.4139107879549091
test,2017-580,3,506,6,1.0,0.2866842593725374
test,2017-580,3,506,7,1.0,0.9656472492883389
test,2017-580,3,506,8,0.0,0.39905696975184707
test,2017-580,3,506,9,0.0,0.6429842285162463
test,2017-580,3,506,10,1.0,0.7274128245549296
test,2017-580,3,506,11,0.0,0.3684871618276773
test,2017-580,3,506,12,0.0,0.16478092997297303
test,2017-580,3,506,13,0.0,0.14745975758504065
test,2017-580,3,506,14,0.0,0.29266129261160845
test,2017-580,3,506,15,1.0,0.5689786658110517
test,2017-580,4,507,0,0.0,0.31809890339545366
test,2017-580,4,507,1,0.0,0.495423935571585
test,2017-580,4,507,2,1.0,0.6103123788813042
test,2017-580,4,507,3,0.0,0.07284434883579606
test,2017-580,4,507,4,0.0,0.1801753864102174
test,2017-580,4,507,5,1.0,0.8024866470832214
test,2017-580,4,507,6,1.0,0.7521708127547568
test,2017-580,4,507,7,0.0,0.9592383052410549
test,2017-580,5,508,0,1.0,0.589992766763999
test,2017-580,5,508,1,0.0,0.08466952280480558
test,2017-580,5,508,2,0.0,0.4165179096586107
test,2017-580,5,508,3,1.0,0.9072155121479658
test,2017-580,6,509,0,1.0,0.918468201528676
test,2017-580,6,509,1,0.0,0.33665010855714284
test,2017-580,7,510,0,0.0,0.709134803332624
test,2017-M006,1,511,0,1.0,0.47117254642414497
test,2017-M006,1,511,1,1.0,0.41074970452547954
test,2017-M006,1,511,2,0.0,0.5737829229552965
test,2017-M006,1,511,3,0.0,0.44945312285460476
test,2017-M006,1,511,4,1.0,0.5178043632440249
test,2017-M006,1,511,5,1.0,0.5753306593889724
test,2017-M006,1,511,6,1.0,0.45432434013045697
test,2017-M006,1,511,7,1.0,0.49806546369903604
test,2017-M006,1,511,8,1.0,0.36321644933747
test,2017-M006,1,511,9,0.0,0.36983073152193735
test,2017-M006,1,511,10,1.0,0.5493234176599119
test,2017-M006,1,511,11,1.0,0.4893196877879136
test,2017-M006,1,511,12,1.0,0.5790346326792024
test,2017-M006,1,511,13,0.0,0.4459603841427618
test,2017-M006,1,511,14,1.0,0.47787421474561814
test,2017-M006,1,511,15,1.0,0.46521989347759435
test,2017-M006,1,511,16,1.0,0.6530651262460252
test,2017-M006,1,511,17,0.0,0.471270178302735
test,2017-M006,1,511,18,0.0,0.5615630792957639
test,2017-M006,1,511,19,0.0,0.5601505852609928
test,2017-M006,1,511,20,0.0,0.387564411076305
test,2017-M006,1,511,21,1.0,0.521369411464977
test,2017-M006,1,511,22,0.0,0.45072838494781814
test,2017-M006,1,511,23,1.0,0.5950837663076215
test,2017-M006,1,511,24,0.0,0.48719698963541086
test,2017-M006,1,511,25,0.0,0.39599121368155155
test,2017-M006,1,511,26,0.0,0.609322105334464
test,2017-M006,1,511,27,1.0,0.4499461604201944
test,2017-M006,1,511,28,1.0,0.5217273896589404
test,2017-M006,1,511,29,1.0,0.5340817022469945
test,2017-M006,1,511,30,1.0,0.5155018735267629
test,2017-M006,1,511,31,0.0,0.5067694894345569
test,2017-M006,2,512,0,1.0,0.4337845076639462
test,2017-M006,2,512,1,0.0,0.5143618532818003
test,2017-M006,2,512,2,1.0,0.5755513555001421
test,2017-M006,2,512,3,0.0,0.4226302045470894
test,2017-M006,2,512,4,1.0,0.5416277620902078
test,2017-M006,2,512,5,0.0,0.49748112799795813
test,2017-M006,2,512,6,0.0,0.5037416543266249
test,2017-M006,2,512,7,0.0,0.5630312833458306
test,2017-M006,2,512,8,1.0,0.564595771341161
test,2017-M006,2,512,9,0.0,0.5228781078172525
test,2017-M006,2,512,10,0.0,0.5378730662983398
test,2017-M006,2,512,11,1.0,0.5893076456391025
test,2017-M006,2,512,12,1.0,0.6474384715803774
test,2017-M006,2,512,13,0.0,0.43938793573970714
test,2017-M006,2,512,14,1.0,0.6183723625183658
test,2017-M006,2,512,15,1.0,0.5442506063562628
test,2017-M006,2,512,16,1.0,0.4627399164845546
test,2017-M006,2,512,17,0.0,0.583294376570275
test,2017-M006,2,512,18,1.0,0.5451507884840268
test,2017-M006,2,512,19,0.0,0.456626516719121
test,2017-M006,2,512,20,1.0,0.5109592387130766
test,2017-M006,2,512,21,1.0,0.49118683478666847
test,2017-M006,2,512,22,1.0,0.5126524885952699
test,2017-M006,2,512,23,0.0,0.4368968479542711
test,2017-M006,2,512,24,0.0,0.45481986990449874
test,2017-M006,2,512,25,0.0,0.5412924954837072
test,2017-M006,2,512,26,1.0,0.5297934993508213
test,2017-M006,2,512,27,0.0,0.34485225065657266
test,2017-M006,2,512,28,1.0,0.5596565360801041
test,2017-M006,2,512,29,0.0,0.41238256265191503
test,2017-M006,2,512,30,1.0,0.5064740153127255
test,2017-M006,2,512,31,0.0,0.4373190662192995
test,2017-M006,3,513,0,0.0,0.5194441903773557
test,2017-M006,3,513,1,1.0,0.43731435443019956
test,2017-M006,3,513,2,0.0,0.4646328309337133
test,2017-M006,3,513,3,0.0,0.5600656012252239
test,2017-M006,3,513,4,1.0,0.500816854428201
test,2017-M006,3,513,5,1.0,0.5530739250373824
test,2017-M006,3,513,6,0.0,0.48266960866641795
test,2017-M006,3,513,7,0.0,0.5118959298801523
test,2017-M006,3,513,8,0.0,0.5207243695410055
test,2017-M006,3,513,9,0.0,0.4672491041746588
test,2017-M006,3,513,10,0.0,0.5109370780353016
test,2017-M006,3,513,11,1.0,0.43038812840341234
test,2017-M006,3,513,12,1.0,0.5420857829984841
test,2017-M006,3,513,13,1.0,0.488727921481388
test,2017-M006,3,513,14,0.0,0.48786311817820444
test,2017-M006,3,513,15,0.0,0.5650325166085267
test,2017-M006,4,514,0,0.0,0.5021225554816182
test,2017-M006,4,514,1,0.0,0.5743011560683797
test,2017-M006,4,514,2,0.0,0.45212021218910375
test,2017-M006,4,514,3,0.0,0.47284189190609366
test,2017-M006,4,514,4,0.0,0.4873251051075849
test,2017-M006,4,514,5,0.0,0.5483674445777651
test,2017-M006,4,514,6,1.0,0.5917817567209444
test,2017-M006,4,514,7,1.0,0.5788998445612977
test,2017-M006,5,515,0,1.0,0.500541517555362
test,2017-M006,5,515,1,0.0,0.5515360963001792
test,2017-M006,5,515,2,1.0,0.565537258427314
test,2017-M006,5,515,3,1.0,0.4129373138875271
test,2017-M006,6,516,0,1.0,0.5340753824423718
test,2017-M006,6,516,1,1.0,0.40743557184762247
test,2017-M006,7,517,0,0.0,0.5492639877778172
test,2017-M007,1,518,0,0.0,0.2963961630606487
test,2017-M007,1,518,1,1.0,0.410247913487046
test,2017-M007,1,518,2,0.0,0.5732122603772962
test,2017-M007,1,518,3,0.0,0.3220319854305814
test,2017-M007,1,518,4,1.0,0.532085448162696
test,2017-M007,1,518,5,0.0,0.5204220516330433
test,2017-M007,1,518,6,0.0,0.3787137653815933
test,2017-M007,1,518,7,0.0,0.40096097963951505
test,2017-M007,1,518,8,1.0,0.6425667391693236
test,2017-M007,1,518,9,0.0,0.4505082594434378
test,2017-M007,1,518,10,0.0,0.2954864513385611
test,2017-M007,1,518,11,1.0,0.5252616023838333
test,2017-M007,1,518,12,1.0,0.50724347582461
test,2017-M007,1,518,13,0.0,0.3482870281363872
test,2017-M007,1,518,14,1.0,0.6630384265643966
test,2017-M007,1,518,15,1.0,0.555059411062827
test,2017-M007,1,518,16,1.0,0.5317980130134627
test,2017-M007,1,518,17,0.0,0.6325079021258452
test,2017-M007,1,518,18,0.0,0.4980927655120177
test,2017-M007,1,518,19,1.0,0.3433886447580347
test,2017-M007,1,518,20,0.0,0.5387772911227404
test,2017-M007,1,518,21,1.0,0.613173283197125
test,2017-M007,1,518,22,1.0,0.624198713177512
test,2017-M007,1,518,23,1.0,0.4184021398192034
test,2017-M007,1,518,24,0.0,0.45438515851012773
test,2017-M007,1,518,25,0.0,0.39686476417449457
test,2017-M007,1,518,26,0.0,0.4696660202749247
test,2017-M007,1,518,27,1.0,0.5879846263093951
test,2017-M007,1,518,28,0.0,0.3771054571619884
test,2017-M007,1,518,29,1.0,0.5512273152117041
test,2017-M007,1,518,30,0.0,0.6574882948898195
test,2017-M007,1,518,31,0.0,0.5146020004205494
test,2017-M007,2,519,0,0.0,0.10941880181200751
test,2017-M007,2,519,1,0.0,0.6867906979153511
test,2017-M007,2,519,2,1.0,0.6608320041093406
test,2017-M007,2,519,3,0.0,0.24235983493974825
test,2017-M007,2,519,4,1.0,0.615445178596026
test,2017-M007,2,519,5,1.0,0.5082380012896113
test,2017-M007,2,519,6,0.0,0.8439024046976455
test,2017-M007,2,519,7,0.0,0.04015602388433891
test,2017-M007,2,519,8,0.0,0.29657133369197075
test,2017-M007,2,519,9,0.0,0.5612821839921364
test,2017-M007,2,519,10,0.0,0.3611711036274003
test,2017-M007,2,519,11,1.0,0.8681635005778552
test,2017-M007,2,519,12,1.0,0.418139898995386
test,2017-M007,2,519,13,0.0,0.4307381540515109
test,2017-M007,2,519,14,0.0,0.4668570457711614
test,2017-M007,2,519,15,0.0,0.5982430927379495
test,2017-M007,2,519,16,1.0,0.6678043372055006
test,2017-M007,2,519,17,1.0,0.9774563354546772
test,2017-M007,2,519,18,0.0,0.5376772029730335
test,2017-M007,2,519,19,1.0,0.23927065545674453
test,2017-M007,2,519,20,1.0,0.6288610654145713
test,2017-M007,2,519,21,0.0,0.5345076154381692
test,2017-M007,2,519,22,1.0,0.7061905645640664
test,2017-M007,2,519,23,1.0,0.30031457993550903
test,2017-M007,2,519,24,0.0,0.3842121070153089
test,2017-M007,2,519,25,0.0,0.46875600955363095
test,2017-M007,2,519,26,1.0,0.41616720239697175
test,2017-M007,2,519,27,1.0,0.41853865133555185
test,2017-M007,2,519,28,0.0,0.7145698657546337
test,2017-M007,2,519,29,1.0,0.4747506980961036
test,2017-M007,2,519,30,0.0,0.35788972711008127
test,2017-M007,2,519,31,1.0,0.7788133393924891
test,2017-M007,3,520,0,1.0,0.5818012697388838
test,2017-M007,3,520,1,0.0,0.7379000492107003
test,2017-M007,3,520,2,0.0,0.4919225627192778
test,2017-M007,3,520,3,0.0,0.5402337719975695
test,2017-M007,3,520,4,1.0,0.4938611626343494
test,2017-M007,3,520,5,1.0,0.6310823691258958
test,2017-M007,3,520,6,0.0,0.4770482059256555
test,2017-M007,3,520,7,1.0,0.9556336336757062
test,2017-M007,3,520,8,0.0,0.18574157118381418
test,2017-M007,3,520,9,1.0,0.8673789724216243
test,2017-M007,3,520,10,1.0,0.3448953895997559
test,2017-M007,3,520,11,0.0,0.40978853128869763
test,2017-M007,3,520,12,1.0,0.679503160793541
test,2017-M007,3,520,13,0.0,0.10846462595538707
test,2017-M007,3,520,14,1.0,0.57124605489819
test,2017-M007,3,520,15,0.0,0.5758792616523972
test,2017-M007,4,521,0,0.0,0.027672216204200028
test,2017-M007,4,521,1,1.0,0.17571120590178
test,2017-M007,4,521,2,1.0,0.4968668939553312
test,2017-M007,4,521,3,1.0,0.8993385561362929
test,2017-M007,4,521,4,0.0,0.17168350807798274
test,2017-M007,4,521,5,0.0,0.42618802264582767
test,2017-M007,4,521,6,1.0,0.6037081654304827
test,2017-M007,4,521,7,1.0,0.82550269149636
test,2017-M007,5,522,0,0.0,0.43862694779505884
test,2017-M007,5,522,1,1.0,0.7793260123296504
test,2017-M007,5,522,2,0.0,0.04401012574531589
test,2017-M007,5,522,3,1.0,0.28732303192547204
test,2017-M007,6,523,0,0.0,0.09756524392870186
test,2017-M007,6,523,1,0.0,0.04895823435595706
test,2017-M007,7,524,0,0.0,0.6686979540305937
test,2017-M009,2,537,0,1.0,0.5478841337952723
test,2017-M009,2,537,1,1.0,0.32212416345493994
test,2017-M009,2,537,2,1.0,0.40910328105856414
test,2017-M009,2,537,3,1.0,0.48285961337986477
test,2017-M009,2,537,4,1.0,0.6721979910429203
test,2017-M009,2,537,5,0.0,0.5252378486870891
test,2017-M009,2,537,6,0.0,0.4821007347430477
test,2017-M009,2,537,7,1.0,0.6027896670292923
test,2017-M009,2,537,8,0.0,0.5472808750233705
test,2017-M009,2,537,9,1.0,0.40744597905072344
test,2017-M009,2,537,10,0.0,0.4422877476617543
test,2017-M009,2,537,11,0.0,0.5520515486305209
test,2017-M009,2,537,12,1.0,0.6157693577698825
test,2017-M009,2,537,13,1.0,0.7020423291363154
test,2017-M009,2,537,14,0.0,0.237228204462464
test,2017-M009,2,537,15,0.0,0.32619433492856065
test,2017-M009,2,537,16,1.0,0.5086210747528975
test,2017-M009,2,537,17,0.0,0.32574461220958506
test,2017-M009,2,537,18,0.0,0.5188698663405984
test,2017-M009,2,537,19,0.0,0.37798123522068566
test,2017-M009,2,537,20,1.0,0.5659011878377709
test,2017-M009,2,537,21,1.0,0.5987574251979848
test,2017-M009,2,537,22,1.0,0.5685161449920407
test,2017-M009,2,537,23,1.0,0.8013752010181683
test,2017-M009,3,538,0,1.0,0.0949878646484868
test,2017-M009,3,538,1,1.0,0.6464248864912705
test,2017-M009,3,538,2,1.0,0.8551903752781992
test,2017-M009,3,538,3,0.0,0.2999024218404804
test,2017-M009,3,538,4,1.0,0.5589506359168297
test,2017-M009,3,538,5,0.0,0.31296619918052415
test,2017-M009,3,538,6,0.0,0.4478080095464733
test,2017-M009,3,538,7,1.0,0.7681018397596043
test,2017-M009,3,538,8,1.0,0.6339006042129984
test,2017-M009,3,538,9,0.0,0.20939106728380935
test,2017-M009,3,538,10,1.0,0.5821156832033219
test,2017-M009,3,538,11,1.0,0.9753267777589117
test,2017-M009,3,538,12,1.0,0.4741745077174309
test,2017-M009,3,538,13,1.0,0.6783864681494591
test,2017-M009,3,538,14,0.0,0.37273613736288286
test,2017-M009,3,538,15,0.0,0.011619265362354593
test,2017-M009,4,539,0,0.0,0.026421845677989535
test,2017-M009,4,539,1,0.0,0.6716614769397774
test,2017-M009,4,539,2,0.0,0.3428974941299749
test,2017-M009,4,539,3,0.0,0.478933196600263
test,2017-M009,4,539,4,0.0,0.7101122800540995
test,2017-M009,4,539,5,1.0,0.3616990572917878
test,2017-M009,4,539,6,0.0,0.49618248720827146
test,2017-M009,4,539,7,0.0,0.031224022185128538
test,2017-M009,5,540,0,1.0,0.9691834491912251
test,2017-M009,5,540,1,0.0,0.948516964998026
test,2017-M009,5,540,2,0.0,0.5797618672173246
test,2017-M009,5,540,3,1.0,0.4585636643117369
test,2017-M009,6,541,0,1.0,0.9559535571253883
test,2017-M009,6,541,1,0.0,0.49534061324627915
test,2017-M009,7,542,0,1.0,0.03436554631833435
test,2017-M021,2,531,0,1.0,0.5225773006022321
test,2017-M021,2,531,1,1.0,0.7387830479048466
test,2017-M021,2,531,2,0.0,0.501242895607193
test,2017-M021,2,531,3,1.0,0.7690257267442177
test,2017-M021,2,531,4,0.0,0.1960977713383058
test,2017-M021,2,531,5,1.0,0.3758447428173841
test,2017-M021,2,531,6,1.0,0.6403959733671792
test,2017-M021,2,531,7,0.0,0.6141536817556422
test,2017-M021,2,531,8,1.0,0.5767678433041953
test,2017-M021,2,531,9,0.0,0.27099180280704777
test,2017-M021,2,531,10,0.0,0.5878762304947344
test,2017-M021,2,531,11,1.0,0.4591748403017348
test,2017-M021,2,531,12,0.0,0.5634423164164215
test,2017-M021,2,531,13,0.0,0.5538904077848641
test,2017-M021,2,531,14,0.0,0.19122858996257738
test,2017-M021,2,531,15,0.0,0.6310303984710625
test,2017-M021,2,531,16,1.0,0.44673247673110583
test,2017-M021,2,531,17,1.0,0.35082402577257765
test,2017-M021,2,531,18,0.0,0.586217863848053
test,2017-M021,2,531,19,1.0,0.5009074159403581
test,2017-M021,2,531,20,0.0,0.45884303218839007
test,2017-M021,2,531,21,0.0,0.48496991879534457
test,2017-M021,2,531,22,1.0,0.40689263010413274
test,2017-M021,2,531,23,0.0,0.3895072174670052
test,2017-M021,3,532,0,1.0,0.968434606556098
test,2017-M021,3,532,1,1.0,0.610391705098712
test,2017-M021,3,532,2,0.0,0.3352584767447353
test,2017-M021,3,532,3,0.0,0.3434605361821145
test,2017-M021,3,532,4,1.0,0.18126733846388932
test,2017-M021,3,532,5,0.0,0.28262761727320784
test,2017-M021,3,532,6,0.0,0.14932592789479804
test,2017-M021,3,532,7,0.0,0.6343767748743171
test,2017-M021,3,532,8,0.0,0.29883471720936716
test,2017-M021,3,532,9,1.0,0.5427613749754986
test,2017-M021,3,532,10,1.0,0.6734789844120841
test,2017-M021,3,532,11,1.0,0.9564466806432284
test,2017-M021,3,532,12,1.0,0.5006852029783871
test,2017-M021,3,532,13,0.0,0.5425813942665846
test,2017-M021,3,532,14,0.0,0.017233923716460306
test,2017-M021,3,532,15,1.0,0.7938343413483686
test,2017-M021,4,533,0,0.0,0.028345673893165887
test,2017-M021,4,533,1,1.0,0.46702975460767415
test,2017-M021,4,533,2,1.0,0.49501630192860163
test,2017-M021,4,533,3,0.0,0.7010416129491631
test,2017-M021,4,533,4,0.0,0.5214148140574169
test,2017-M021,4,533,5,1.0,0.4693830740048323
test,2017-M021,4,533,6,0.0,0.9300828883003612
test,2017-M021,4,533,7,0.0,0.04809400800469684
test,2017-M021,5,534,0,1.0,0.5986688481023151
test,2017-M021,5,534,1,0.0,0.05341648218736811
test,2017-M021,5,534,2,1.0,0.9342280412272016
test,2017-M021,5,534,3,1.0,0.38718834920619205
test,2017-M021,6,535,0,1.0,0.3481738923646204
test,2017-M021,6,535,1,1.0,0.6357661101123147
test,2017-M021,7,536,0,1.0,0.948894367964544
test,2017-M024,2,563,0,1.0,0.5234331321411116
test,2017-M024,2,563,1,1.0,0.5122634269086968
test,2017-M024,2,563,2,0.0,0.692562518226744
test,2017-M024,2,563,3,0.0,0.7104559528555433
test,2017-M024,2,563,4,0.0,0.2924596478672585
test,2017-M024,2,563,5,1.0,0.5990409370599734
test,2017-M024,2,563,6,1.0,0.3453924124214794
test,2017-M024,2,563,7,0.0,0.32168047411204037
test,2017-M024,2,563,8,1.0,0.3936737338177991
test,2017-M024,2,563,9,1.0,0.5000146278138013
test,2017-M024,2,563,10,0.0,0.6431289801170855
test,2017-M024,2,563,11,1.0,0.7947159648576312
test,2017-M024,2,563,12,0.0,0.6586104619151455
test,2017-M024,2,563,13,1.0,0.5798807343550769
test,2017-M024,2,563,14,0.0,0.6839108691142315
test,2017-M024,2,563,15,1.0,0.8306650689359832
test,2017-M024,2,563,16,1.0,0.535204722270534
test,2017-M024,2,563,17,0.0,0.3846114212251688
test,2017-M024,2,563,18,1.0,0.4272194367440582
test,2017-M024,2,563,19,0.0,0.4597939226092546
test,2017-M024,2,563,20,0.0,0.2878712140046064
test,2017-M024,2,563,21,0.0,0.44906359714659333
test,2017-M024,2,563,22,1.0,0.749579912638823
test,2017-M024,2,563,23,0.0,0.6332557686079606
test,2017-M024,3,564,0,0.0,0.06485618740723072
test,2017-M024,3,564,1,1.0,0.4886838939829735
test,2017-M024,3,564,2,0.0,0.42900554988933626
test,2017-M024,3,564,3,1.0,0.27623639899912095
test,2017-M024,3,564,4,1.0,0.699220172019573
test,2017-M024,3,564,5,0.0,0.5499760385382646
test,2017-M024,3,564,6,1.0,0.5319989438246716
test,2017-M024,3,564,7,0.0,0.18771426295033627
test,2017-M024,3,564,8,0.0,0.40882069325199694
test,2017-M024,3,564,9,0.0,0.3526095627693906
test,2017-M024,3,564,10,1.0,0.7955227472654491
test,2017-M024,3,564,11,0.0,0.8285368742599108
test,2017-M024,3,564,12,0.0,0.5463670638253706
test,2017-M024,3,564,13,1.0,0.8090740781456143
test,2017-M024,3,564,14,0.0,0.5079716182129792
test,2017-M024,3,564,15,1.0,0.6512904140935144
test,2017-M024,4,565,0,0.0,0.5877915223998236
test,2017-M024,4,565,1,1.0,0.4981504674874646
test,2017-M024,4,565,2,0.0,0.37892328035724226
test,2017-M024,4,565,3,0.0,0.23517004743959521
test,2017-M024,4,565,4,1.0,0.7238840061295158
test,2017-M024,4,565,5,0.0,0.4136024410829278
test,2017-M024,4,565,6,0.0,0.03554550202451799
test,2017-M024,4,565,7,0.0,0.272082106799576
test,2017-M024,5,566,0,1.0,0.75517637190636
test,2017-M024,5,566,1,0.0,0.38370908644883356
test,2017-M024,5,566,2,0.0,0.4603386651411599
test,2017-M024,5,566,3,1.0,0.045667637321437776
test,2017-M024,6,567,0,0.0,0.46112879966464687
test,2017-M024,6,567,1,1.0,0.345406483873208
test,2017-M024,7,568,0,1.0,0.5308819845037608
test,2018-0352,2,666,0,1.0,0.5455397301547961
test,2018-0352,2,666,1,0.0,0.6062583277325775
test,2018-0352,2,666,2,0.0,0.30513578205646946
test,2018-0352,2,666,3,0.0,0.4530680447162852
test,2018-0352,2,666,4,0.0,0.5004691215514349
test,2018-0352,2,666,5,1.0,0.5802793287278646
test,2018-0352,2,666,6,1.0,0.42676647057168665
test,2018-0352,2,666,7,1.0,0.5165255620929182
test,2018-0352,2,666,8,1.0,0.6414565674213483
test,2018-0352,2,666,9,0.0,0.29996898568216707
test,2018-0352,2,666,10,0.0,0.47188788851935004
test,2018-0352,2,666,11,1.0,0.6206692816472548
test,2018-0352,2,666,12,0.0,0.6445988965667894
test,2018-0352,2,666,13,1.0,0.572926073528244
test,2018-0352,2,666,14,0.0,0.3610981072508153
test,2018-0352,2,666,15,0.0,0.42494239584749166
test,2018-0352,3,667,0,1.0,0.3393912338917455
test,2018-0352,3,667,1,0.0,0.7778436983238954
test,2018-0352,3,667,2,0.0,0.3427795569863088
test,2018-0352,3,667,3,0.0,0.3193812004434371
test,2018-0352,3,667,4,0.0,0.018321671205062767
test,2018-0352,3,667,5,1.0,0.4374364790462206
test,2018-0352,3,667,6,1.0,0.7412548707329168
test,2018-0352,3,667,7,1.0,0.7241060549038772
test,2018-0352,3,667,8,0.0,0.19752284796099015
test,2018-0352,3,667,9,0.0,0.36979204251533904
test,2018-0352,3,667,10,1.0,0.7633519794502777
test,2018-0352,3,667,11,0.0,0.20975668167857317
test,2018-0352,3,667,12,1.0,0.6199697057208153
test,2018-0352,3,667,13,1.0,0.5762477014067162
test,2018-0352,3,667,14,0.0,0.6173643214354152
test,2018-0352,3,667,15,0.0,0.27358186348414
test,2018-0352,4,668,0,1.0,0.6837183704329438
test,2018-0352,4,668,1,0.0,0.016924707840373632
test,2018-0352,4,668,2,0.0,0.34439103796009285
test,2018-0352,4,668,3,0.0,0.13552473612050167
test,2018-0352,4,668,4,1.0,0.588516409062053
test,2018-0352,4,668,5,1.0,0.4238933055283291
test,2018-0352,4,668,6,1.0,0.6303255597543337
test,2018-0352,4,668,7,1.0,0.649835924928229
test,2018-0352,5,669,0,1.0,0.9164789294827819
test,2018-0352,5,669,1,1.0,0.7203287571637564
test,2018-0352,5,669,2,1.0,0.368501220540332
test,2018-0352,5,669,3,0.0,0.2775857929765877
test,2018-0352,6,670,0,1.0,0.8337240610933898
test,2018-0352,6,670,1,1.0,0.35086095543296664
test,2018-0352,7,671,0,0.0,0.9674819541789282
test,2018-0410,2,609,0,0.0,0.31954575275629415
test,2018-0410,2,609,1,0.0,0.6180003735553107
test,2018-0410,2,609,2,1.0,0.8377718645904634
test,2018-0410,2,609,3,0.0,0.639825162339896
test,2018-0410,2,609,4,1.0,0.49427811662844195
test,2018-0410,2,609,5,1.0,0.5760710737328855
test,2018-0410,2,609,6,0.0,0.4874803024721041
test,2018-0410,2,609,7,0.0,0.22353694112759118
test,2018-0410,2,609,8,0.0,0.4015664140972118
test,2018-0410,2,609,9,0.0,0.374544922850261
test,2018-0410,2,609,10,0.0,0.3283865303023861
test,2018-0410,2,609,11,0.0,0.6649862811311716
test,2018-0410,2,609,12,0.0,0.480552564735254
test,2018-0410,2,609,13,1.0,0.7134743698717493
test,2018-0410,2,609,14,1.0,0.6116851233756933
test,2018-0410,2,609,15,0.0,0.3761186709710694
test,2018-0410,2,609,16,1.0,0.6036287108051009
test,2018-0410,2,609,17,1.0,0.9813814488336986
test,2018-0410,2,609,18,1.0,0.5166672516237746
test,2018-0410,2,609,19,0.0,0.4574405631920699
test,2018-0410,2,609,20,0.0,0.4932935150089789
test,2018-0410,2,609,21,0.0,0.4952267908864633
test,2018-0410,2,609,22,1.0,0.6069384918102442
test,2018-0410,2,609,23,0.0,0.4895245738894849
test,2018-0410,3,610,0,1.0,0.977089638210295
test,2018-0410,3,610,1,0.0,0.6389846584895124
test,2018-0410,3,610,2,1.0,0.9637772510995681
test,2018-0410,3,610,3,0.0,0.2771966318663554
test,2018-0410,3,610,4,0.0,0.6678231875190735
test,2018-0410,3,610,5,1.0,0.5166855390124997
test,2018-0410,3,610,6,1.0,0.43752597466444243
test,2018-0410,3,610,7,1.0,0.7418061990717514
test,2018-0410,3,610,8,0.0,0.3283722740110214
test,2018-0410,3,610,9,1.0,0.7601297231507983
test,2018-0410,3,610,10,0.0,0.29190903624784453
test,2018-0410,3,610,11,0.0,0.44629423742185015
test,2018-0410,3,610,12,1.0,0.46296438045294674
test,2018-0410,3,610,13,1.0,0.822284942429411
test,2018-0410,3,610,14,1.0,0.8267533510089666
test,2018-0410,3,610,15,1.0,0.579699012145147
test,2018-0410,4,611,0,1.0,0.611322401531078
test,2018-0410,4,611,1,0.0,0.268493212464904
test,2018-0410,4,611,2,0.0,0.2987290606382798
test,2018-0410,4,611,3,0.0,0.4796202937165043
test,2018-0410,4,611,4,1.0,0.6415803189796534
test,2018-0410,4,611,5,1.0,0.06059545835782248
test,2018-0410,4,611,6,0.0,0.03150619822956732
test,2018-0410,4,611,7,0.0,0.22193451489888136
test,2018-0410,5,612,0,1.0,0.4345435258984034
test,2018-0410,5,612,1,0.0,0.4539000993753038
test,2018-0410,5,612,2,1.0,0.5668390072339465
test,2018-0410,5,612,3,1.0,0.9085775132017024
test,2018-0410,6,613,0,1.0,0.5199653726598639
test,2018-0410,6,613,1,1.0,0.9236891200927783
test,2018-0410,7,614,0,0.0,0.0960799784179756
test,2018-0421,2,641,0,1.0,0.6155641289339161
test,2018-0421,2,641,1,1.0,0.32216886515466864
test,2018-0421,2,641,2,0.0,0.6271435193983637
test,2018-0421,2,641,3,0.0,0.010764352847928682
test,2018-0421,2,641,4,1.0,0.42632413404497677
test,2018-0421,2,641,5,1.0,0.4708622173460432
test,2018-0421,2,641,6,0.0,0.5621754694962132
test,2018-0421,2,641,7,1.0,0.3953129028076846
test,2018-0421,2,641,8,0.0,0.3749102741695552
test,2018-0421,2,641,9,1.0,0.4893230260234467
test,2018-0421,2,641,10,0.0,0.4923901937370177
test,2018-0421,2,641,11,0.0,0.23760426369903542
test,2018-0421,2,641,12,1.0,0.40071762681433604
test,2018-0421,2,641,13,0.0,0.8525743569575074
test,2018-0421,2,641,14,1.0,0.6763662960414143
test,2018-0421,2,641,15,1.0,0.6354280743583895
test,2018-0421,2,641,16,1.0,0.5479078041634808
test,2018-0421,2,641,17,1.0,0.44244908123827154
test,2018-0421,2,641,18,0.0,0.3748326550662643
test,2018-0421,2,641,19,0.0,0.4173863012371867
test,2018-0421,2,641,20,0.0,0.31151535420586307
test,2018-0421,2,641,21,0.0,0.8075916829614993
test,2018-0421,2,641,22,0.0,0.47775955227115185
test,2018-0421,2,641,23,0.0,0.5206053984872795
test,2018-0421,3,642,0,0.0,0.029132030425898185
test,2018-0421,3,642,1,1.0,0.8164417439829786
test,2018-0421,3,642,2,0.0,0.5406789150108713
test,2018-0421,3,642,3,0.0,0.28852846598153165
test,2018-0421,3,642,4,1.0,0.4935892895370189
test,2018-0421,3,642,5,0.0,0.49868968793297136
test,2018-0421,3,642,6,1.0,0.45159323717399136
test,2018-0421,3,642,7,1.0,0.7343144415140787
test,2018-0421,3,642,8,1.0,0.28824736082712726
test,2018-0421,3,642,9,0.0,0.5134269380006216
test,2018-0421,3,642,10,0.0,0.5991137343889761
test,2018-0421,3,642,11,1.0,0.7943350368553636
test,2018-0421,3,642,12,1.0,0.9873051188534038
test,2018-0421,3,642,13,1.0,0.1868529024124882
test,2018-0421,3,642,14,0.0,0.13584680281181968
test,2018-0421,3,642,15,1.0,0.6005606207606182
test,2018-0421,4,643,0,0.0,0.1872944827127354
test,2018-0421,4,643,1,1.0,0.022108064530276833
test,2018-0421,4,643,2,0.0,0.2948218869735983
test,2018-0421,4,643,3,1.0,0.3765335353858094
test,2018-0421,4,643,4,0.0,0.6098156559297921
test,2018-0421,4,643,5,0.0,0.23653404641622805
test,2018-0421,4,643,6,1.0,0.9292459123563976
test,2018-0421,4,643,7,1.0,0.8175144164094849
test,2018-0421,5,644,0,1.0,0.26144310426790945
test,2018-0421,5,644,1,0.0,0.47622093203296684
test,2018-0421,5,644,2,0.0,0.4351099283058827
test,2018-0421,5,644,3,1.0,0.902921856161605
test,2018-0421,6,645,0,1.0,0.9668759737851162
test,2018-0421,6,645,1,0.0,0.6653881293261877
test,2018-0421,7,646,0,0.0,0.031720204273526315
test,2018-5014,2,660,0,1.0,0.4836837092234
test,2018-5014,2,660,1,0.0,0.4551440906261882
test,2018-5014,2,660,2,0.0,0.3906274912895689
test,2018-5014,2,660,3,1.0,0.44537805515485673
test,2018-5014,2,660,4,0.0,0.5117904285829645
test,2018-5014,2,660,5,1.0,0.5390989197238202
test,2018-5014,2,660,6,1.0,0.47126259701650947
test,2018-5014,2,660,7,1.0,0.4095178782130843
test,2018-5014,2,660,8,1.0,0.4343231835068309
test,2018-5014,2,660,9,1.0,0.5457354606458164
test,2018-5014,2,660,10,1.0,0.48772984752194193
test,2018-5014,2,660,11,0.0,0.5542653249114615
test,2018-5014,2,660,12,0.0,0.49424885118936696
test,2018-5014,2,660,13,1.0,0.4326584951300539
test,2018-5014,2,660,14,1.0,0.47111093322491904
test,2018-5014,2,660,15,1.0,0.4144807711840982
test,2018-5014,2,660,16,1.0,0.5344691637246625
test,2018-5014,2,660,17,0.0,0.412338776656042
test,2018-5014,2,660,18,0.0,0.629302625704274
test,2018-5014,2,660,19,1.0,0.4935287819639613
test,2018-5014,2,660,20,0.0,0.5135221959408119
test,2018-5014,2,660,21,1.0,0.5012259071212238
test,2018-5014,2,660,22,1.0,0.5396003227671362
test,2018-5014,2,660,23,1.0,0.5586474026799914
test,2018-5014,3,661,0,1.0,0.4906574828083163
test,2018-5014,3,661,1,0.0,0.3743886934654192
test,2018-5014,3,661,2,1.0,0.4642598988670017
test,2018-5014,3,661,3,1.0,0.6519162401091695
test,2018-5014,3,661,4,1.0,0.5757520625226941
test,2018-5014,3,661,5,1.0,0.5489851366229044
test,2018-5014,3,661,6,0.0,0.5285489859414595
test,2018-5014,3,661,7,0.0,0.5463045857339421
test,2018-5014,3,661,8,0.0,0.4753964194114937
test,2018-5014,3,661,9,0.0,0.5927752814749879
test,2018-5014,3,661,10,1.0,0.4808191489341208
test,2018-5014,3,661,11,0.0,0.41991421276938207
test,2018-5014,3,661,12,0.0,0.42936718583436884
test,2018-5014,3,661,13,1.0,0.4741320006838143
test,2018-5014,3,661,14,0.0,0.562080337192376
test,2018-5014,3,661,15,1.0,0.48208360589157634
test,2018-5014,4,662,0,1.0,0.517701198920805
test,2018-5014,4,662,1,1.0,0.49220205728912625
test,2018-5014,4,662,2,0.0,0.43426875881645016
test,2018-5014,4,662,3,1.0,0.5557643808665822
test,2018-5014,4,662,4,1.0,0.5388489264042048
test,2018-5014,4,662,5,0.0,0.5183672160862248
test,2018-5014,4,662,6,0.0,0.5922577635562888
test,2018-5014,4,662,7,1.0,0.542080776625859
test,2018-5014,5,663,0,0.0,0.5637391777260345
test,2018-5014,5,663,1,0.0,0.4799151277439275
test,2018-5014,5,663,2,0.0,0.46740340814853165
test,2018-5014,5,663,3,0.0,0.5674521147696964
test,2018-5014,6,664,0,1.0,0.43925458510783755
test,2018-5014,6,664,1,0.0,0.40011943827903196
test,2018-5014,7,665,0,1.0,0.41895734367021775
test,2018-520,1,627,0,1.0,0.690370301203258
test,2018-520,1,627,1,0.0,0.4827701082581198
test,2018-520,1,627,2,1.0,0.6144591650067978
test,2018-520,1,627,3,0.0,0.7650190847877821
test,2018-520,1,627,4,1.0,0.5627999803202349
test,2018-520,1,627,5,1.0,0.5430202689723443
test,2018-520,1,627,6,0.0,0.17730176536652892
test,2018-520,1,627,7,1.0,0.6878766927989804
test,2018-520,1,627,8,1.0,0.4578324610194313
test,2018-520,1,627,9,0.0,0.5964706877904269
test,2018-520,1,627,10,0.0,0.2645486100910222
test,2018-520,1,627,11,0.0,0.5080986750027355
test,2018-520,1,627,12,0.0,0.6366234761555252
test,2018-520,1,627,13,0.0,0.11092025706685613
test,2018-520,1,627,14,1.0,0.7413265677293825
test,2018-520,1,627,15,1.0,0.4191167043240002
test,2018-520,1,627,16,0.0,0.4203049474558479
test,2018-520,1,627,17,1.0,0.26804557673655216
test,2018-520,1,627,18,0.0,0.5404786412241377
test,2018-520,1,627,19,1.0,0.4611493577732254
test,2018-520,1,627,20,0.0,0.5158970348790667
test,2018-520,1,627,21,1.0,0.7161725810951816
test,2018-520,1,627,22,1.0,0.2555783981283963
test,2018-520,1,627,23,0.0,0.49423241818070707
test,2018-520,1,627,24,0.0,0.5745803855054482
test,2018-520,1,627,25,0.0,0.3345063479721975
test,2018-520,1,627,26,0.0,0.6234954280534244
test,2018-520,1,627,27,0.0,0.5477596046879144
test,2018-520,1,627,28,1.0,0.9881569781611927
test,2018-520,1,627,29,0.0,0.1318876717836385
test,2018-520,1,627,30,0.0,0.47243733479029204
test,2018-520,1,627,31,1.0,0.497599675752451
test,2018-520,1,627,32,0.0,0.456566942200948
test,2018-520,1,627,33,1.0,0.7003546800656488
test,2018-520,1,627,34,1.0,0.5770655931271093
test,2018-520,1,627,35,0.0,0.41256210943747873
test,2018-520,1,627,36,0.0,0.2541964219442804
test,2018-520,1,627,37,0.0,0.36628216958807575
test,2018-520,1,627,38,0.0,0.5852301312688986
test,2018-520,1,627,39,0.0,0.38468049569434215
test,2018-520,1,627,40,1.0,0.6292910567795273
test,2018-520,1,627,41,1.0,0.7057431422001111
test,2018-520,1,627,42,0.0,0.28256042312658997
test,2018-520,1,627,43,1.0,0.8920355749394525
test,2018-520,1,627,44,0.0,0.5499617532545845
test,2018-520,1,627,45,0.0,0.43456963404465904
test,2018-520,1,627,46,0.0,0.3578919879835343
test,2018-520,1,627,47,1.0,0.8840262964455796
test,2018-520,1,627,48,0.0,0.16492446581692816
test,2018-520,1,627,49,0.0,0.787104129351392
test,2018-520,1,627,50,0.0,0.6106742561648549
test,2018-520,1,627,51,1.0,0.6439514434873012
test,2018-520,1,627,52,0.0,0.7105528460138721
test,2018-520,1,627,53,1.0,0.8049915809702246
test,2018-520,1,627,54,1.0,0.358787756413456
test,2018-520,1,627,55,0.0,0.49160314792881377
test,2018-520,1,627,56,1.0,0.5061771112541684
test,2018-520,1,627,57,1.0,0.6558659164128852
test,2018-520,1,627,58,1.0,0.6568792210540472
test,2018-520,1,627,59,1.0,0.3887369327460871
test,2018-520,1,627,60,0.0,0.8730477641146545
test,2018-520,1,627,61,1.0,0.9842706976605794
test,2018-520,1,627,62,1.0,0.7612070031547847
test,2018-520,1,627,63,1.0,0.7447756133633668
test,2018-520,2,628,0,0.0,0.17417034003365875
test,2018-520,2,628,1,1.0,0.6533026230709307
test,2018-520,2,628,2,1.0,0.7165546709109358
test,2018-520,2,628,3,1.0,0.987149597896009
test,2018-520,2,628,4,0.0,0.296960300436136
test,2018-520,2,628,5,1.0,0.48813364779545887
test,2018-520,2,628,6,0.0,0.6460555920628606
test,2018-520,2,628,7,1.0,0.751013923794901
test,2018-520,2,628,8,0.0,0.4575319624372033
test,2018-520,2,628,9,1.0,0.6766011626588073
test,2018-520,2,628,10,0.0,0.48823818204260605
test,2018-520,2,628,11,1.0,0.8206241357838623
test,2018-520,2,628,12,1.0,0.6895352849588612
test,2018-520,2,628,13,1.0,0.7047712967921591
test,2018-520,2,628,14,1.0,0.7061763358241354
test,2018-520,2,628,15,0.0,0.296881068772288
test,2018-520,2,628,16,0.0,0.6473677040917589
test,2018-520,2,628,17,1.0,0.7230202033360514
test,2018-520,2,628,18,0.0,0.3549119687544979
test,2018-520,2,628,19,0.0,0.23406772022204653
test,2018-520,2,628,20,0.0,0.4360676996264118
test,2018-520,2,628,21,1.0,0.8882619926566581
test,2018-520,2,628,22,1.0,0.6430432379989438
test,2018-520,2,628,23,0.0,0.4468267587802704
test,2018-520,2,628,24,0.0,0.2872264920094194
test,2018-520,2,628,25,0.0,0.3933545364783446
test,2018-520,2,628,26,0.0,0.5923709620104319
test,2018-520,2,628,27,0.0,0.6874089814014607
test,2018-520,2,628,28,1.0,0.8115331255363035
test,2018-520,2,628,29,1.0,0.8147191411071893
test,2018-520,2,628,30,1.0,0.7716061652535344
test,2018-520,2,628,31,0.0,0.016119230297765633
test,2018-520,3,629,0,0.0,0.29789115002278177
test,2018-520,3,629,1,1.0,0.5924488182034986
test,2018-520,3,629,2,0.0,0.1824824307493488
test,2018-520,3,629,3,1.0,0.47132690444886277
test,2018-520,3,629,4,1.0,0.8527562702553955
test,2018-520,3,629,5,1.0,0.47948646295238984
test,2018-520,3,629,6,0.0,0.048456851691538544
test,2018-520,3,629,7,0.0,0.7019833007374298
test,2018-520,3,629,8,0.0,0.46816483929680675
test,2018-520,3,629,9,0.0,0.33793576837748335
test,2018-520,3,629,10,1.0,0.7409174138571332
test,2018-520,3,629,11,0.0,0.4330113342635752
test,2018-520,3,629,12,0.0,0.22956814907326248
test,2018-520,3,629,13,1.0,0.6809289594986818
test,2018-520,3,629,14,1.0,0.4449841625460845
test,2018-520,3,629,15,0.0,0.05331643181676482
test,2018-520,4,630,0,1.0,0.7932323115619279
test,2018-520,4,630,1,0.0,0.5134233423546481
test,2018-520,4,630,2,0.0,0.0694040713059129
test,2018-520,4,630,3,0.0,0.7641626222780674
test,2018-520,4,630,4,1.0,0.5369430710622248
test,2018-520,4,630,5,1.0,0.6766308376222692
test,2018-520,4,630,6,1.0,0.36270430856471925
test,2018-520,4,630,7,1.0,0.9855224417307228
test,2018-520,5,631,0,0.0,0.4979124236882587
test,2018-520,5,631,1,1.0,0.01908882101924274
test,2018-520,5,631,2,0.0,0.5811356126008149
test,2018-520,5,631,3,0.0,0.027889555804899286
test,2018-520,6,632,0,0.0,0.18180331905091243
test,2018-520,6,632,1,0.0,0.05976128617295609
test,2018-520,7,633,0,1.0,0.9164575286473549
test,2018-540,1,634,0,1.0,0.602878557325431
test,2018-540,1,634,1,0.0,0.46483806605653805
test,2018-540,1,634,2,1.0,0.6226849748928313
test,2018-540,1,634,3,0.0,0.7135748307270512
test,2018-540,1,634,4,1.0,0.5933034432987682
test,2018-540,1,634,5,1.0,0.36746787492438054
test,2018-540,1,634,6,1.0,0.8249640139340659
test,2018-540,1,634,7,0.0,0.16934622768762167
test,2018-540,1,634,8,0.0,0.3626305465723714
test,2018-540,1,634,9,0.0,0.5863684302918124
test,2018-540,1,634,10,1.0,0.6270691415312356
test,2018-540,1,634,11,1.0,0.4208657782379552
test,2018-540,1,634,12,0.0,0.5801028108540353
test,2018-540,1,634,13,0.0,0.3625266439278741
test,2018-540,1,634,14,1.0,0.8783915443678668
test,2018-540,1,634,15,1.0,0.8082822009164284
test,2018-540,1,634,16,0.0,0.3072922492083682
test,2018-540,1,634,17,1.0,0.6592912665163246
test,2018-540,1,634,18,0.0,0.3040410991063337
test,2018-540,1,634,19,1.0,0.9861710834052912
test,2018-540,1,634,20,1.0,0.5853076359438028
test,2018-540,1,634,21,1.0,0.46756336740074783
test,2018-540,1,634,22,0.0,0.3133434750285456
test,2018-540,1,634,23,0.0,0.7136949121645487
test,2018-540,1,634,24,0.0,0.35290344810074126
test,2018-540,1,634,25,0.0,0.4044241118198728
test,2018-540,1,634,26,0.0,0.292065688952733
test,2018-540,1,634,27,0.0,0.5637318293369538
test,2018-540,1,634,28,1.0,0.49125653602920066
test,2018-540,1,634,29,1.0,0.5958176169050762
test,2018-540,1,634,30,0.0,0.08885133604849803
test,2018-540,1,634,31,0.0,0.41612091763720915
test,2018-540,1,634,32,0.0,0.5133409004117024
test,2018-540,1,634,33,0.0,0.5710867673331751
test,2018-540,1,634,34,0.0,0.8110738995108878
test,2018-540,1,634,35,1.0,0.5500249541882896
test,2018-540,1,634,36,0.0,0.5637193773381522
test,2018-540,1,634,37,0.0,0.6118843158809693
test,2018-540,1,634,38,1.0,0.7249360379032552
test,2018-540,1,634,39,0.0,0.6333401773336736
test,2018-540,1,634,40,1.0,0.48946181915523096
test,2018-540,1,634,41,0.0,0.7639150705586618
test,2018-540,1,634,42,0.0,0.6596021915307965
test,2018-540,1,634,43,1.0,0.703299651747483
test,2018-540,1,634,44,1.0,0.32217064756118746
test,2018-540,1,634,45,0.0,0.4821081130582534
test,2018-540,1,634,46,0.0,0.26238333342784126
test,2018-540,1,634,47,1.0,0.7069462403845004
test,2018-540,1,634,48,1.0,0.8135197381995817
test,2018-540,1,634,49,0.0,0.3048933063320359
test,2018-540,1,634,50,1.0,0.5477362308376221
test,2018-540,1,634,51,1.0,0.2647538154966576
test,2018-540,1,634,52,1.0,0.8728368154768216
test,2018-540,1,634,53,1.0,0.6146964514618399
test,2018-540,1,634,54,1.0,0.25876654304203495
test,2018-540,1,634,55,0.0,0.25381316811807186
test,2018-540,1,634,56,0.0,0.37340958013366665
test,2018-540,1,634,57,0.0,0.6440488331521442
test,2018-540,1,634,58,1.0,0.6886529238702322
test,2018-540,1,634,59,0.0,0.3213308492375669
test,2018-540,1,634,60,1.0,0.8928977762025188
test,2018-540,1,634,61,0.0,0.4400417291445718
test,2018-540,1,634,62,0.0,0.3079761104979528
test,2018-540,1,634,63,1.0,0.980493682200089
test,2018-540,2,635,0,0.0,0.024268012084912888
test,2018-540,2,635,1,0.0,0.32736436917579337
test,2018-540,2,635,2,0.0,0.20795264527435833
test,2018-540,2,635,3,0.0,0.47800256274965985
test,2018-540,2,635,4,1.0,0.8501227627543008
test,2018-540,2,635,5,0.0,0.5563532088206862
test,2018-540,2,635,6,1.0,0.7053461855860987
test,2018-540,2,635,7,1.0,0.5384395248393347
test,2018-540,2,635,8,0.0,0.5972437824175115
test,2018-540,2,635,9,0.0,0.28616453719447515
test,2018-540,2,635,10,1.0,0.7456000448606336
test,2018-540,2,635,11,1.0,0.5862631609789078
test,2018-540,2,635,12,0.0,0.5689381222853473
test,2018-540,2,635,13,0.0,0.35515371937998286
test,2018-540,2,635,14,0.0,0.8577753812732101
test,2018-540,2,635,15,0.0,0.568608270836298
test,2018-540,2,635,16,0.0,0.5702100728104219
test,2018-540,2,635,17,0.0,0.22352960484504955
test,2018-540,2,635,18,1.0,0.728663093086679
test,2018-540,2,635,19,1.0,0.29631744394968784
test,2018-540,2,635,20,0.0,0.5804594464883764
test,2018-540,2,635,21,1.0,0.12659734413275095
test,2018-540,2,635,22,0.0,0.33550280331690635
test,2018-540,2,635,23,1.0,0.5914985051972648
test,2018-540,2,635,24,1.0,0.7425345476287224
test,2018-540,2,635,25,0.0,0.5777652685098285
test,2018-540,2,635,26,1.0,0.43147845621504954
test,2018-540,2,635,27,0.0,0.4284528407024413
test,2018-540,2,635,28,1.0,0.5245584772933428
test,2018-540,2,635,29,1.0,0.9801627758538569
test,2018-540,2,635,30,1.0,0.4444069351117512
test,2018-540,2,635,31,0.0,0.060893729131292436
test,2018-540,3,636,0,0.0,0.33968283321007714
test,2018-540,3,636,1,1.0,0.5848925569181986
test,2018-540,3,636,2,0.0,0.01266570727215202
test,2018-540,3,636,3,1.0,0.33699617310930935
test,2018-540,3,636,4,0.0,0.2954624212775163
test,2018-540,3,636,5,0.0,0.7890123785148832
test,2018-540,3,636,6,1.0,0.6627915664977166
test,2018-540,3,636,7,1.0,0.9599775332985555
test,2018-540,3,636,8,0.0,0.4221500205335137
test,2018-540,3,636,9,0.0,0.4390572252228659
test,2018-540,3,636,10,0.0,0.21253642805229336
test,2018-540,3,636,11,0.0,0.1679391012644985
test,2018-540,3,636,12,0.0,0.6519965067372777
test,2018-540,3,636,13,1.0,0.5646630314742022
test,2018-540,3,636,14,0.0,0.42461925037559795
test,2018-540,3,636,15,1.0,0.9140502904582423
test,2018-540,4,637,0,0.0,0.020550922906907743
test,2018-540,4,637,1,0.0,0.35206469979930044
test,2018-540,4,637,2,0.0,0.2166749576598613
test,2018-540,4,637,3,0.0,0.036399675875052044
test,2018-540,4,637,4,0.0,0.2664424624512617
test,2018-540,4,637,5,0.0,0.17183217216239322
test,2018-540,4,637,6,0.0,0.4755884604896538
test,2018-540,4,637,7,1.0,0.8943998982027658
test,2018-540,5,638,0,0.0,0.06753742563427884
test,2018-540,5,638,1,1.0,0.8975721704667146
test,2018-540,5,638,2,1.0,0.509254749930162
test,2018-540,5,638,3,0.0,0.8150047258400667
test,2018-540,6,639,0,1.0,0.4537499325145327
test,2018-540,6,639,1,1.0,0.5338427593421166
test,2018-540,7,640,0,1.0,0.9401276460702735
test,2018-560,1,653,0,1.0,0.46468703568376907
test,2018-560,1,653,1,0.0,0.26637703233678334
test,2018-560,1,653,2,1.0,0.7880783976054825
test,2018-560,1,653,3,1.0,0.5105417205770478
test,2018-560,1,653,4,0.0,0.5121210156373533
test,2018-560,1,653,5,0.0,0.21655208472401297
test,2018-560,1,653,6,0.0,0.38592720210832904
test,2018-560,1,653,7,0.0,0.4702526490041122
test,2018-560,1,653,8,1.0,0.6603015889602356
test,2018-560,1,653,9,0.0,0.45608290646853406
test,2018-560,1,653,10,1.0,0.9333219611528102
test,2018-560,1,653,11,0.0,0.49547389857485225
test,2018-560,1,653,12,1.0,0.7959538628770227
test,2018-560,1,653,13,1.0,0.7820584147434743
test,2018-560,1,653,14,1.0,0.6222822826771618
test,2018-560,1,653,15,0.0,0.23285546229681156
test,2018-560,1,653,16,1.0,0.3933175657310507
test,2018-560,1,653,17,0.0,0.7756344004931671
test,2018-560,1,653,18,1.0,0.39851874110426744
test,2018-560,1,653,19,1.0,0.5465782349123467
test,2018-560,1,653,20,1.0,0.8598106192698192
test,2018-560,1,653,21,1.0,0.35117508737231595
test,2018-560,1,653,22,0.0,0.4063466283096805
test,2018-560,1,653,23,0.0,0.5302997995919275
test,2018-560,1,653,24,0.0,0.29564197631566
test,2018-560,1,653,25,1.0,0.57847474317154
test,2018-560,1,653,26,0.0,0.6504843507649073
test,2018-560,1,653,27,1.0,0.5335867546892581
test,2018-560,1,653,28,1.0,0.941603619276497
test,2018-560,1,653,29,1.0,0.9290254005645321
test,2018-560,1,653,30,1.0,0.7331054572616975
test,2018-560,1,653,31,0.0,0.4990744463146741
test,2018-560,1,653,32,0.0,0.4572149600071108
test,2018-560,1,653,33,0.0,0.12065404122278989
test,2018-560,1,653,34,1.0,0.579181238574316
test,2018-560,1,653,35,1.0,0.7589791666044627
test,2018-560,1,653,36,0.0,0.3177613166035493
test,2018-560,1,653,37,0.0,0.3895315739644992
test,2018-560,1,653,38,1.0,0.6455844330679654
test,2018-560,1,653,39,1.0,0.7333057199333297
test,2018-560,1,653,40,1.0,0.5828315426035193
test,2018-560,1,653,41,1.0,0.48656351078704574
test,2018-560,1,653,42,0.0,0.48723236815991633
test,2018-560,1,653,43,0.0,0.2839895351820449
test,2018-560,1,653,44,1.0,0.7553890715800945
test,2018-560,1,653,45,0.0,0.6821550867858572
test,2018-560,1,653,46,0.0,0.5550424478728836
test,2018-560,1,653,47,1.0,0.9850249242337724
test,2018-560,1,653,48,0.0,0.15777761397648485
test,2018-560,1,653,49,1.0,0.6909514745862627
test,2018-560,1,653,50,0.0,0.23836289131720065
test,2018-560,1,653,51,0.0,0.36814622596666
test,2018-560,1,653,52,0.0,0.5172756316546823
test,2018-560,1,653,53,0.0,0.5231546988183486
test,2018-560,1,653,54,0.0,0.44049483279698026
test,2018-560,1,653,55,1.0,0.6058363320510602
test,2018-560,1,653,56,1.0,0.69928219510519
test,2018-560,1,653,57,0.0,0.47365595447706366
test,2018-560,1,653,58,1.0,0.6198196880719068
test,2018-560,1,653,59,0.0,0.5528850847199622
test,2018-560,1,653,60,0.0,0.21252103606305783
test,2018-560,1,653,61,1.0,0.8447570796814391
test,2018-560,1,653,62,0.0,0.4969755919830647
test,2018-560,1,653,63,0.0,0.1590848179797515
test,2018-560,2,654,0,0.0,0.3192852402862973
test,2018-560,2,654,1,0.0,0.3062970996501765
test,2018-560,2,654,2,1.0,0.6436994014448839
test,2018-560,2,654,3,1.0,0.6464508451571822
test,2018-560,2,654,4,0.0,0.2100298397953782
test,2018-560,2,654,5,0.0,0.6642506366101524
test,2018-560,2,654,6,1.0,0.8006328603818383
test,2018-560,2,654,7,0.0,0.494926867380762
test,2018-560,2,654,8,1.0,0.34603229415070685
test,2018-560,2,654,9,0.0,0.6086034630951651
test,2018-560,2,654,10,1.0,0.43471131019147013
test,2018-560,2,654,11,1.0,0.9854658350454474
test,2018-560,2,654,12,0.0,0.6234480904215018
test,2018-560,2,654,13,1.0,0.6150848458224756
test,2018-560,2,654,14,1.0,0.8907643384423857
test,2018-560,2,654,15,0.0,0.4268236774462842
test,2018-560,2,654,16,0.0,0.3896243173906257
test,2018-560,2,654,17,0.0,0.22869945977491815
test,2018-560,2,654,18,1.0,0.36034691155770376
test,2018-560,2,654,19,0.0,0.24689801441553105
test,2018-560,2,654,20,0.0,0.7337180324510407
test,2018-560,2,654,21,1.0,0.8181803548402504
test,2018-560,2,654,22,0.0,0.33892993783639924
test,2018-560,2,654,23,1.0,0.6998218571345628
test,2018-560,2,654,24,1.0,0.5891659987649989
test,2018-560,2,654,25,1.0,0.769711037017656
test,2018-560,2,654,26,1.0,0.5115704593810434
test,2018-560,2,654,27,1.0,0.3693312829631554
test,2018-560,2,654,28,1.0,0.8994716388130185
test,2018-560,2,654,29,0.0,0.12385013572968552
test,2018-560,2,654,30,0.0,0.2890455463382934
test,2018-560,2,654,31,0.0,0.01583915030115715
test,2018-560,3,655,0,1.0,0.7222373147515501
test,2018-560,3,655,1,0.0,0.523305096469103
test,2018-560,3,655,2,1.0,0.8329016192692262
test,2018-560,3,655,3,0.0,0.4962566306273403
test,2018-560,3,655,4,0.0,0.5554693636990188
test,2018-560,3,655,5,1.0,0.9490140668593104
test,2018-560,3,655,6,0.0,0.6845656041901926
test,2018-560,3,655,7,1.0,0.7382822089483253
test,2018-560,3,655,8,1.0,0.8810962625493788
test,2018-560,3,655,9,1.0,0.3791181736898343
test,2018-560,3,655,10,1.0,0.7034433370933236
test,2018-560,3,655,11,1.0,0.6645626525566599
test,2018-560,3,655,12,1.0,0.5226605634806131
test,2018-560,3,655,13,0.0,0.39534452973405443
test,2018-560,3,655,14,0.0,0.1669662239798334
test,2018-560,3,655,15,0.0,0.0384965929127943
test,2018-560,4,656,0,1.0,0.09216777232976425
test,2018-560,4,656,1,1.0,0.9800830021374319
test,2018-560,4,656,2,0.0,0.31931766353951896
test,2018-560,4,656,3,0.0,0.3728663558365401
test,2018-560,4,656,4,0.0,0.5088279213747786
test,2018-560,4,656,5,0.0,0.385736612253643
test,2018-560,4,656,6,1.0,0.5538949591236797
test,2018-560,4,656,7,0.0,0.016697116190444637
test,2018-560,5,657,0,1.0,0.9759824059357393
test,2018-560,5,657,1,0.0,0.5531811353547912
test,2018-560,5,657,2,0.0,0.43621616348946407
test,2018-560,5,657,3,1.0,0.9205141050183597
test,2018-560,6,658,0,1.0,0.9209856145332754
test,2018-560,6,658,1,0.0,0.9340226368703826
test,2018-560,7,659,0,1.0,0.9285304908530472
test,2018-580,1,588,0,0.0,0.0515674702448121
test,2018-580,1,588,1,0.0,0.6718419179970686
test,2018-580,1,588,2,1.0,0.3199019137331851
test,2018-580,1,588,3,0.0,0.40688488297514314
test,2018-580,1,588,4,0.0,0.44901719774595067
test,2018-580,1,588,5,0.0,0.7135262117360686
test,2018-580,1,588,6,0.0,0.14425331627872595
test,2018-580,1,588,7,0.0,0.3231679331747014
test,2018-580,1,588,8,0.0,0.3355222187222112
test,2018-580,1,588,9,0.0,0.24456318212795625
test,2018-580,1,588,10,1.0,0.17440788697887738
test,2018-580,1,588,11,0.0,0.31156762305770414
test,2018-580,1,588,12,1.0,0.834660959577582
test,2018-580,1,588,13,1.0,0.8162552625041781
test,2018-580,1,588,14,1.0,0.5342871171298555
test,2018-580,1,588,15,1.0,0.340918740281155
test,2018-580,1,588,16,0.0,0.5006364212901705
test,2018-580,1,588,17,1.0,0.6075316675043048
test,2018-580,1,588,18,0.0,0.3841131260414659
test,2018-580,1,588,19,0.0,0.2692482422439896
test,2018-580,1,588,20,1.0,0.6926151172720968
test,2018-580,1,588,21,0.0,0.8177310811343457
test,2018-580,1,588,22,0.0,0.31587335585085824
test,2018-580,1,588,23,1.0,0.44100316584510163
test,2018-580,1,588,24,0.0,0.41564536294040827
test,2018-580,1,588,25,1.0,0.5262409185141863
test,2018-580,1,588,26,0.0,0.6094163007654017
test,2018-580,1,588,27,0.0,0.3470154379223519
test,2018-580,1,588,28,1.0,0.9837656412868315
test,2018-580,1,588,29,1.0,0.6459058153673458
test,2018-580,1,588,30,1.0,0.5141733179482288
test,2018-580,1,588,31,0.0,0.2939263165693413
test,2018-580,1,588,32,0.0,0.5516375229762156
test,2018-580,1,588,33,0.0,0.6598241640146661
test,2018-580,1,588,34,1.0,0.8156797738789656
test,2018-580,1,588,35,1.0,0.2045688078572451
test,2018-580,1,588,36,0.0,0.28800872296725366
test,2018-580,1,588,37,0.0,0.5690127968985632
test,2018-580,1,588,38,0.0,0.6086228967585411
test,2018-580,1,588,39,1.0,0.7826492076410556
test,2018-580,1,588,40,1.0,0.6305947130495457
test,2018-580,1,588,41,0.0,0.549878722922141
test,2018-580,1,588,42,0.0,0.09884066904822027
test,2018-580,1,588,43,0.0,0.35140539767532053
test,2018-580,1,588,44,1.0,0.4185868567597076
test,2018-580,1,588,45,1.0,0.6187655813633917
test,2018-580,1,588,46,1.0,0.8067542503562677
test,2018-580,1,588,47,1.0,0.8220902071313029
test,2018-580,1,588,48,1.0,0.40134020431814105
test,2018-580,1,588,49,1.0,0.40615729956881497
test,2018-580,1,588,50,1.0,0.48992752611351786
test,2018-580,1,588,51,1.0,0.7749179045011578
test,2018-580,1,588,52,0.0,0.5594591598623025
test,2018-580,1,588,53,0.0,0.3376710607103172
test,2018-580,1,588,54,1.0,0.7118649399290938
test,2018-580,1,588,55,0.0,0.4449595004274365
test,2018-580,1,588,56,1.0,0.5054841094227319
test,2018-580,1,588,57,0.0,0.60152411691136
test,2018-580,1,588,58,1.0,0.883282567740026
test,2018-580,1,588,59,1.0,0.978021311455344
test,2018-580,1,588,60,1.0,0.8082210307058978
test,2018-580,1,588,61,0.0,0.42892862894022804
test,2018-580,1,588,62,0.0,0.4685973351885476
test,2018-580,1,588,63,0.0,0.7121510156517752
test,2018-580,2,589,0,1.0,0.6977602807097649
test,2018-580,2,589,1,0.0,0.823646969157776
test,2018-580,2,589,2,0.0,0.8950912613653178
test,2018-580,2,589,3,0.0,0.047214083564700915
test,2018-580,2,589,4,1.0,0.6052352245846021
test,2018-580,2,589,5,0.0,0.747698956040447
test,2018-580,2,589,6,1.0,0.33746507707918183
test,2018-580,2,589,7,0.0,0.2951223295928722
test,2018-580,2,589,8,0.0,0.16762383772579129
test,2018-580,2,589,9,1.0,0.4287243650683253
test,2018-580,2,589,10,0.0,0.42690229942168434
test,2018-580,2,589,11,0.0,0.19354318482775998
test,2018-580,2,589,12,1.0,0.8064210049279468
test,2018-580,2,589,13,1.0,0.7274130846557828
test,2018-580,2,589,14,1.0,0.589673304921851
test,2018-580,2,589,15,0.0,0.5026028790251398
test,2018-580,2,589,16,1.0,0.49315095069999476
test,2018-580,2,589,17,1.0,0.7511432641745475
test,2018-580,2,589,18,0.0,0.3290977525373943
test,2018-580,2,589,19,1.0,0.48827107183864626
test,2018-580,2,589,20,1.0,0.8424843358652887
test,2018-580,2,589,21,1.0,0.8021719030645472
test,2018-580,2,589,22,1.0,0.40444021701621274
test,2018-580,2,589,23,0.0,0.35821076737409596
test,2018-580,2,589,24,0.0,0.6061516149313102
test,2018-580,2,589,25,1.0,0.8242528194590332
test,2018-580,2,589,26,1.0,0.6747439914538239
test,2018-580,2,589,27,1.0,0.5163039401064959
test,2018-580,2,589,28,0.0,0.39537560005711203
test,2018-580,2,589,29,1.0,0.9458778617900109
test,2018-580,2,589,30,1.0,0.9759690505382845
test,2018-580,2,589,31,1.0,0.7339186854127716
test,2018-580,3,590,0,0.0,0.41839173903162064
test,2018-580,3,590,1,1.0,0.42090127714871867
test,2018-580,3,590,2,1.0,0.856282561093363
test,2018-580,3,590,3,0.0,0.5001120840735094
test,2018-580,3,590,4,1.0,0.6270802700492574
test,2018-580,3,590,5,0.0,0.7310892972713384
test,2018-580,3,590,6,0.0,0.033114775570429654
test,2018-580,3,590,7,0.0,0.4183963763729612
test,2018-580,3,590,8,1.0,0.6886798143660271
test,2018-580,3,590,9,0.0,0.510031451178736
test,2018-580,3,590,10,1.0,0.5770885815207653
test,2018-580,3,590,11,1.0,0.3863608544814075
test,2018-580,3,590,12,0.0,0.2933019853986112
test,2018-580,3,590,13,0.0,0.19046326847625236
test,2018-580,3,590,14,1.0,0.4744042202349313
test,2018-580,3,590,15,1.0,0.9759077512723738
test,2018-580,4,591,0,0.0,0.03528915877643031
test,2018-580,4,591,1,1.0,0.7336852121955555
test,2018-580,4,591,2,1.0,0.02724370660602872
test,2018-580,4,591,3,1.0,0.19393322768075327
test,2018-580,4,591,4,1.0,0.44999690171690393
test,2018-580,4,591,5,0.0,0.4364060791251811
test,2018-580,4,591,6,1.0,0.727772742211788
test,2018-580,4,591,7,0.0,0.03040674357680861
test,2018-580,5,592,0,1.0,0.7517163952954078
test,2018-580,5,592,1,0.0,0.3285740291500849
test,2018-580,5,592,2,1.0,0.26942213282265054
test,2018-580,5,592,3,1.0,0.08678992812638871
test,2018-580,6,593,0,0.0,0.08911643923790115
test,2018-580,6,593,1,1.0,0.7892853107274826
test,2018-580,7,594,0,1.0,0.7985928027482223
test,2018-M006,1,595,0,1.0,0.5230201297763524
test,2018-M006,1,595,1,1.0,0.4239763031634512
test,2018-M006,1,595,2,0.0,0.5730957393275427
test,2018-M006,1,595,3,1.0,0.47236215184488617
test,2018-M006,1,595,4,0.0,0.4334853341774539
test,2018-M006,1,595,5,0.0,0.5288456209926062
test,2018-M006,1,595,6,1.0,0.5094608198706609
test,2018-M006,1,595,7,0.0,0.5863176658551583
test,2018-M006,1,595,8,1.0,0.5152126500074067
test,2018-M006,1,595,9,0.0,0.35087816775459857
test,2018-M006,1,595,10,1.0,0.5296694018748583
test,2018-M006,1,595,11,0.0,0.5055214150094964
test,2018-M006,1,595,12,1.0,0.4340691838592707
test,2018-M006,1,595,13,1.0,0.5027088584383921
test,2018-M006,1,595,14,1.0,0.5348440736171798
test,2018-M006,1,595,15,1.0,0.5798343604059797
test,2018-M006,1,595,16,0.0,0.38097674173224727
test,2018-M006,1,595,17,1.0,0.43613412521618317
test,2018-M006,1,595,18,1.0,0.5470441092337707
test,2018-M006,1,595,19,1.0,0.4464689828640606
test,2018-M006,1,595,20,0.0,0.6128536855565314
test,2018-M006,1,595,21,1.0,0.5182053754026841
test,2018-M006,1,595,22,1.0,0.5497488936830323
test,2018-M006,1,595,23,1.0,0.5620296435408254
test,2018-M006,1,595,24,0.0,0.4258116848746533
test,2018-M006,1,595,25,1.0,0.5341274593007387
test,2018-M006,1,595,26,0.0,0.6009578326413184
test,2018-M006,1,595,27,1.0,0.45394323218407157
test,2018-M006,1,595,28,1.0,0.5040620811384727
test,2018-M006,1,595,29,0.0,0.6187345167306676
test,2018-M006,1,595,30,1.0,0.4904220645828441
test,2018-M006,1,595,31,0.0,0.5017187039916438
test,2018-M006,2,596,0,0.0,0.4350154175876258
test,2018-M006,2,596,1,1.0,0.5917368983152526
test,2018-M006,2,596,2,0.0,0.514154685829928
test,2018-M006,2,596,3,1.0,0.4832117542116633
test,2018-M006,2,596,4,0.0,0.46839453777933265
test,2018-M006,2,596,5,0.0,0.4530700311432738
test,2018-M006,2,596,6,1.0,0.49159663023615774
test,2018-M006,2,596,7,0.0,0.38407886165406535
test,2018-M006,2,596,8,0.0,0.5101292038528187
test,2018-M006,2,596,9,0.0,0.5461576462929011
test,2018-M006,2,596,10,1.0,0.4821764094700626
test,2018-M006,2,596,11,1.0,0.49246466249868004
test,2018-M006,2,596,12,1.0,0.5512257197602741
test,2018-M006,2,596,13,0.0,0.3754518738878497
test,2018-M006,2,596,14,1.0,0.43377529843829854
test,2018-M006,2,596,15,1.0,0.5874467655755279
test,2018-M006,2,596,16,0.0,0.42872136648723197
test,2018-M006,2,596,17,1.0,0.572391176704722
test,2018-M006,2,596,18,0.0,0.384206115471275
test,2018-M006,2,596,19,0.0,0.5123877308701321
test,2018-M006,2,596,20,1.0,0.3864413204393836
test,2018-M006,2,596,21,1.0,0.4786641911817427
test,2018-M006,2,596,22,1.0,0.4577495089219186
test,2018-M006,2,596,23,0.0,0.3663270316752398
test,2018-M006,2,596,24,1.0,0.4267184022662845
test,2018-M006,2,596,25,1.0,0.5802311919450296
test,2018-M006,2,596,26,1.0,0.549334418528854
test,2018-M006,2,596,27,0.0,0.5247361823577646
test,2018-M006,2,596,28,0.0,0.3870049025483893
test,2018-M006,2,596,29,0.0,0.5145439052143982
test,2018-M006,2,596,30,0.0,0.4997930636306677
test,2018-M006,2,596,31,1.0,0.5840216014446775
test,2018-M006,3,597,0,1.0,0.45641753447170474
test,2018-M006,3,597,1,0.0,0.4725668270266952
test,2018-M006,3,597,2,1.0,0.5310691144471185
test,2018-M006,3,597,3,0.0,0.5064180150544035
test,2018-M006,3,597,4,0.0,0.558725756394594
test,2018-M006,3,597,5,1.0,0.5237456231095521
test,2018-M006,3,597,6,1.0,0.6027178798262167
test,2018-M006,3,597,7,0.0,0.3955819033342095
test,2018-M006,3,597,8,0.0,0.5025181182126439
test,2018-M006,3,597,9,1.0,0.49058359231423215
test,2018-M006,3,597,10,1.0,0.5253253145173107
test,2018-M006,3,597,11,0.0,0.5439542443596973
test,2018-M006,3,597,12,0.0,0.5598543693219659
test,2018-M006,3,597,13,1.0,0.4732883002540279
test,2018-M006,3,597,14,1.0,0.5844185516938318
test,2018-M006,3,597,15,0.0,0.5248935106670795
test,2018-M006,4,598,0,0.0,0.5522162593342612
test,2018-M006,4,598,1,0.0,0.461473768685711
test,2018-M006,4,598,2,1.0,0.5360460836904276
test,2018-M006,4,598,3,1.0,0.51703040448939
test,2018-M006,4,598,4,0.0,0.5367944676898788
test,2018-M006,4,598,5,1.0,0.4918204270303885
test,2018-M006,4,598,6,1.0,0.5553946529112054
test,2018-M006,4,598,7,1.0,0.5140927635637885
test,2018-M006,5,599,0,1.0,0.4025365186206704
test,2018-M006,5,599,1,1.0,0.47180621543806356
test,2018-M006,5,599,2,1.0,0.49524660616744154
test,2018-M006,5,599,3,1.0,0.5489002198104459
test,2018-M006,6,600,0,0.0,0.4513841395933839
test,2018-M006,6,600,1,1.0,0.4185364255523924
test,2018-M006,7,601,0,1.0,0.5760165510263351
test,2018-M007,1,602,0,0.0,0.5090426198923129
test,2018-M007,1,602,1,0.0,0.44258664997513075
test,2018-M007,1,602,2,0.0,0.4821399986599082
test,2018-M007,1,602,3,0.0,0.43363312507818375
test,2018-M007,1,602,4,0.0,0.44945524170253515
test,2018-M007,1,602,5,1.0,0.5616452598278614
test,2018-M007,1,602,6,0.0,0.49216073773632707
test,2018-M007,1,602,7,1.0,0.5096490620336184
test,2018-M007,1,602,8,0.0,0.6377500527096212
test,2018-M007,1,602,9,0.0,0.546197778958966
test,2018-M007,1,602,10,1.0,0.6600268194978884
test,2018-M007,1,602,11,1.0,0.5144358677707905
test,2018-M007,1,602,12,1.0,0.5071689974807536
test,2018-M007,1,602,13,1.0,0.2702959542518922
test,2018-M007,1,602,14,0.0,0.4808982737914747
test,2018-M007,1,602,15,0.0,0.44013303776973717
test,2018-M007,1,602,16,1.0,0.5741094782254988
test,2018-M007,1,602,17,0.0,0.5916397732231826
test,2018-M007,1,602,18,1.0,0.5165081296720033
test,2018-M007,1,602,19,1.0,0.4560632236999817
test,2018-M007,1,602,20,0.0,0.5429065179762043
test,2018-M007,1,602,21,0.0,0.5950810971736975
test,2018-M007,1,602,22,0.0,0.4789174697638889
test,2018-M007,1,602,23,0.0,0.5371185105824043
test,2018-M007,1,602,24,0.0,0.3884000707905321
test,2018-M007,1,602,25,0.0,0.4975259135835701
test,2018-M007,1,602,26,1.0,0.5696566695072889
test,2018-M007,1,602,27,0.0,0.32927036135688714
test,2018-M007,1,602,28,1.0,0.5618154369174915
test,2018-M007,1,602,29,1.0,0.5242855021646387
test,2018-M007,1,602,30,0.0,0.5814347188183072
test,2018-M007,1,602,31,1.0,0.53471628559881
test,2018-M007,2,603,0,0.0,0.9625578703391597
test,2018-M007,2,603,1,0.0,0.2779974061749517
test,2018-M007,2,603,2,1.0,0.44331518966803024
test,2018-M007,2,603,3,1.0,0.5668325432433321
test,2018-M007,2,603,4,0.0,0.4339346942983721
test,2018-M007,2,603,5,0.0,0.581747418827767
test,2018-M007,2,603,6,0.0,0.406267609770574
test,2018-M007,2,603,7,1.0,0.7483556643431343
test,2018-M007,2,603,8,0.0,0.2149592766310431
test,2018-M007,2,603,9,1.0,0.8412360347395459
test,2018-M007,2,603,10,1.0,0.7147871979532543
test,2018-M007,2,603,11,0.0,0.21780274854647277
test,2018-M007,2,603,12,1.0,0.7067998900946479
test,2018-M007,2,603,13,1.0,0.570981882518853
test,2018-M007,2,603,14,1.0,0.8650417638206344
test,2018-M007,2,603,15,0.0,0.31049657313285794
test,2018-M007,2,603,16,0.0,0.2740869858993213
test,2018-M007,2,603,17,1.0,0.6733273467118083
test,2018-M007,2,603,18,1.0,0.7652635436598512
test,2018-M007,2,603,19,1.0,0.024752895874528297
test,2018-M007,2,603,20,1.0,0.6761045302009672
test,2018-M007,2,603,21,1.0,0.3462414670829744
test,2018-M007,2,603,22,1.0,0.8032397226308609
test,2018-M007,2,603,23,1.0,0.30134876609293854
test,2018-M007,2,603,24,0.0,0.6436482045512344
test,2018-M007,2,603,25,0.0,0.3205844839812174
test,2018-M007,2,603,26,1.0,0.24236148087512796
test,2018-M007,2,603,27,1.0,0.6992757739774927
test,2018-M007,2,603,28,0.0,0.5223841134449384
test,2018-M007,2,603,29,0.0,0.16536092562040206
test,2018-M007,2,603,30,0.0,0.1690744347531071
test,2018-M007,2,603,31,0.0,0.546205424283457
test,2018-M007,3,604,0,1.0,0.3409910054479307
test,2018-M007,3,604,1,1.0,0.4304732386397793
test,2018-M007,3,604,2,1.0,0.7092156964651334
test,2018-M007,3,604,3,0.0,0.36506788666015094
test,2018-M007,3,604,4,0.0,0.17600411148496625
test,2018-M007,3,604,5,0.0,0.34115059468214903
test,2018-M007,3,604,6,0.0,0.6039038581573938
test,2018-M007,3,604,7,1.0,0.48114200914304806
test,2018-M007,3,604,8,1.0,0.7395514623851991
test,2018-M007,3,604,9,0.0,0.42629825027540147
test,2018-M007,3,604,10,1.0,0.13271575164357197
test,2018-M007,3,604,11,1.0,0.6842562379990063
test,2018-M007,3,604,12,1.0,0.3958426014520122
test,2018-M007,3,604,13,0.0,0.5643269937352475
test,2018-M007,3,604,14,0.0,0.5374788256674212
test,2018-M007,3,604,15,0.0,0.4678520080046854
test,2018-M007,4,605,0,0.0,0.2748099481687933
test,2018-M007,4,605,1,0.0,0.6563485346717524
test,2018-M007,4,605,2,0.0,0.2906416531537915
test,2018-M007,4,605,3,0.0,0.41151312509161175
test,2018-M007,4,605,4,1.0,0.5327991318239498
test,2018-M007,4,605,5,1.0,0.6180239602474297
test,2018-M007,4,605,6,1.0,0.6160554350277091
test,2018-M007,4,605,7,1.0,0.34781112992938706
test,2018-M007,5,606,0,1.0,0.41235296567442326
test,2018-M007,5,606,1,0.0,0.32595464681776215
test,2018-M007,5,606,2,1.0,0.5223723357681102
test,2018-M007,5,606,3,1.0,0.5718020910801181
test,2018-M007,6,607,0,1.0,0.6544223467188093
test,2018-M007,6,607,1,0.0,0.546457901907819
test,2018-M007,7,608,0,1.0,0.4363919593771744
test,2018-M009,2,621,0,1.0,0.6509494875243296
test,2018-M009,2,621,1,1.0,0.49480316246037725
test,2018-M009,2,621,2,0.0,0.3400662989150817
test,2018-M009,2,621,3,1.0,0.33484943839086256
test,2018-M009,2,621,4,1.0,0.35274189513451165
test,2018-M009,2,621,5,0.0,0.4655151812901094
test,2018-M009,2,621,6,1.0,0.33240971459054225
test,2018-M009,2,621,7,0.0,0.31768634086516706
test,2018-M009,2,621,8,1.0,0.5871954262029939
test,2018-M009,2,621,9,0.0,0.7782706396643374
test,2018-M009,2,621,10,1.0,0.39051628425311957
test,2018-M009,2,621,11,1.0,0.5937536953988933
test,2018-M009,2,621,12,1.0,0.38430982155588356
test,2018-M009,2,621,13,1.0,0.9645381968301175
test,2018-M009,2,621,14,1.0,0.273662961008365
test,2018-M009,2,621,15,1.0,0.6153414716813538
test,2018-M009,2,621,16,1.0,0.6226529732648518
test,2018-M009,2,621,17,0.0,0.580313282700605
test,2018-M009,2,621,18,1.0,0.3228642364996828
test,2018-M009,2,621,19,0.0,0.684445585608748
test,2018-M009,2,621,20,0.0,0.7438338289712177
test,2018-M009,2,621,21,0.0,0.42831235027074427
test,2018-M009,2,621,22,0.0,0.7390926412209309
test,2018-M009,2,621,23,0.0,0.39706816758562596
test,2018-M009,3,622,0,1.0,0.976865884615994
test,2018-M009,3,622,1,0.0,0.44466190707480013
test,2018-M009,3,622,2,0.0,0.7162797883354752
test,2018-M009,3,622,3,0.0,0.42546375715296564
test,2018-M009,3,622,4,0.0,0.016709243430699395
test,2018-M009,3,622,5,0.0,0.47531117566662057
test,2018-M009,3,622,6,1.0,0.349580402201982
test,2018-M009,3,622,7,1.0,0.27323907022384863
test,2018-M009,3,622,8,0.0,0.3930366210645633
test,2018-M009,3,622,9,1.0,0.5246961077656433
test,2018-M009,3,622,10,1.0,0.8128844892466471
test,2018-M009,3,622,11,1.0,0.7621310406237426
test,2018-M009,3,622,12,0.0,0.375447268556093
test,2018-M009,3,622,13,0.0,0.45799718730449085
test,2018-M009,3,622,14,1.0,0.7680698147536857
test,2018-M009,3,622,15,1.0,0.866541113330029
test,2018-M009,4,623,0,1.0,0.722069172139597
test,2018-M009,4,623,1,1.0,0.46004596397277026
test,2018-M009,4,623,2,1.0,0.9589308844015633
test,2018-M009,4,623,3,0.0,0.35180252476865503
test,2018-M009,4,623,4,1.0,0.9615954575367492
test,2018-M009,4,623,5,1.0,0.6891938480912324
test,2018-M009,4,623,6,1.0,0.7101245812764561
test,2018-M009,4,623,7,1.0,0.7307474848414005
test,2018-M009,5,624,0,1.0,0.6206783752324234
test,2018-M009,5,624,1,0.0,0.3197919997128083
test,2018-M009,5,624,2,1.0,0.8983271739329991
test,2018-M009,5,624,3,1.0,0.9566704834963424
test,2018-M009,6,625,0,1.0,0.5060552208943093
test,2018-M009,6,625,1,0.0,0.48587907303809325
test,2018-M009,7,626,0,1.0,0.917009482705836
test,2018-M021,2,615,0,1.0,0.4542732925878351
test,2018-M021,2,615,1,0.0,0.2379986011937937
test,2018-M021,2,615,2,1.0,0.37797925625486833
test,2018-M021,2,615,3,0.0,0.5407933622675245
test,2018-M021,2,615,4,0.0,0.3483160591527293
test,2018-M021,2,615,5,1.0,0.45618907827360894
test,2018-M021,2,615,6,1.0,0.7929858817989851
test,2018-M021,2,615,7,1.0,0.5930936957924197
test,2018-M021,2,615,8,0.0,0.47177711932741634
test,2018-M021,2,615,9,0.0,0.09075157585306765
test,2018-M021,2,615,10,0.0,0.4166572845569342
test,2018-M021,2,615,11,1.0,0.3808106993032794
test,2018-M021,2,615,12,1.0,0.6182184819220978
test,2018-M021,2,615,13,0.0,0.5141929011996221
test,2018-M021,2,615,14,1.0,0.6052842814909677
test,2018-M021,2,615,15,0.0,0.32650923677514604
test,2018-M021,2,615,16,0.0,0.2392238866976868
test,2018-M021,2,615,17,0.0,0.24759864431803205
test,2018-M021,2,615,18,0.0,0.4885717176970463
test,2018-M021,2,615,19,0.0,0.42673332847463424
test,2018-M021,2,615,20,1.0,0.44324168713365447
test,2018-M021,2,615,21,0.0,0.5695922593110407
test,2018-M021,2,615,22,0.0,0.5742708140937013
test,2018-M021,2,615,23,0.0,0.649964198768794
test,2018-M021,3,616,0,1.0,0.9478876075940839
test,2018-M021,3,616,1,1.0,0.36314950213794134
test,2018-M021,3,616,2,1.0,0.6207861706502517
test,2018-M021,3,616,3,1.0,0.7861051791041185
test,2018-M021,3,616,4,0.0,0.2523302588621562
test,2018-M021,3,616,5,0.0,0.2901958012066968
test,2018-M021,3,616,6,0.0,0.5364875302963047
test,2018-M021,3,616,7,0.0,0.3112518948082088
test,2018-M021,3,616,8,0.0,0.9730831134462319
test,2018-M021,3,616,9,1.0,0.22686437555022157
test,2018-M021,3,616,10,0.0,0.5048164415219095
test,2018-M021,3,616,11,1.0,0.464525454927203
test,2018-M021,3,616,12,0.0,0.5134632016055205
test,2018-M021,3,616,13,1.0,0.7331027195241044
test,2018-M021,3,616,14,1.0,0.8200001611290965
test,2018-M021,3,616,15,0.0,0.7108977818000527
test,2018-M021,4,617,0,0.0,0.2516766705955604
test,2018-M021,4,617,1,0.0,0.34656649409609136
test,2018-M021,4,617,2,0.0,0.6207307303286981
test,2018-M021,4,617,3,0.0,0.4445839777571157
test,2018-M021,4,617,4,0.0,0.7622491704264576
test,2018-M021,4,617,5,1.0,0.6725297438202474
test,2018-M021,4,617,6,1.0,0.9676609775448862
test,2018-M021,4,617,7,0.0,0.6489720504197036
test,2018-M021,5,618,0,1.0,0.0756142605878182
test,2018-M021,5,618,1,1.0,0.5790851696363131
test,2018-M021,5,618,2,0.0,0.4890789492455844
test,2018-M021,5,618,3,1.0,0.7070216185518312
test,2018-M021,6,619,0,0.0,0.3007167015108063
test,2018-M021,6,619,1,1.0,0.6375023569170213
test,2018-M021,7,620,0,0.0,0.5334967546177908
test,2018-M024,2,647,0,0.0,0.5641283961457716
test,2018-M024,2,647,1,0.0,0.3429902911142935
test,2018-M024,2,647,2,0.0,0.3063747912880769
test,2018-M024,2,647,3,0.0,0.18358962463255332
test,2018-M024,2,647,4,0.0,0.40987527098212345
test,2018-M024,2,647,5,1.0,0.49933947879729274
test,2018-M024,2,647,6,0.0,0.3243483074257808
test,2018-M024,2,647,7,1.0,0.7461070751568956
test,2018-M024,2,647,8,1.0,0.5970671132660716
test,2018-M024,2,647,9,1.0,0.3117797800670168
test,2018-M024,2,647,10,0.0,0.6242550474279348
test,2018-M024,2,647,11,1.0,0.28926556108399093
test,2018-M024,2,647,12,0.0,0.8689690341304284
test,2018-M024,2,647,13,1.0,0.39439035128250743
test,2018-M024,2,647,14,1.0,0.5578650985771474
test,2018-M024,2,647,15,1.0,0.6257249712011119
test,2018-M024,2,647,16,1.0,0.7250519711678508
test,2018-M024,2,647,17,1.0,0.9745206157758085
test,2018-M024,2,647,18,1.0,0.7069820664330014
test,2018-M024,2,647,19,1.0,0.5310195412646718
test,2018-M024,2,647,20,0.0,0.3991726252583098
test,2018-M024,2,647,21,1.0,0.4413109158165827
test,2018-M024,2,647,22,1.0,0.3858735695395405
test,2018-M024,2,647,23,1.0,0.5537410774480309
test,2018-M024,3,648,0,0.0,0.2355903336255678
test,2018-M024,3,648,1,1.0,0.5555791916959447
test,2018-M024,3,648,2,1.0,0.6181399587615852
test,2018-M024,3,648,3,1.0,0.9734308825055298
test,2018-M024,3,648,4,1.0,0.7013605016236046
test,2018-M024,3,648,5,1.0,0.7167200469503394
test,2018-M024,3,648,6,1.0,0.49403786329051613
test,2018-M024,3,648,7,0.0,0.12150816367067982
test,2018-M024,3,648,8,1.0,0.6612476421876429
test,2018-M024,3,648,9,1.0,0.2402798010580391
test,2018-M024,3,648,10,0.0,0.32306976562665757
test,2018-M024,3,648,11,0.0,0.560029495859555
test,2018-M024,3,648,12,0.0,0.4971159924582233
test,2018-M024,3,648,13,1.0,0.4905795297945796
test,2018-M024,3,648,14,1.0,0.46458850878747804
test,2018-M024,3,648,15,0.0,0.07274473362069356
test,2018-M024,4,649,0,1.0,0.8736400767590285
test,2018-M024,4,649,1,0.0,0.18140322018268684
test,2018-M024,4,649,2,0.0,0.44874998802847343
test,2018-M024,4,649,3,0.0,0.542156418527564
test,2018-M024,4,649,4,1.0,0.7208304317695348
test,2018-M024,4,649,5,1.0,0.573083891541041
test,2018-M024,4,649,6,1.0,0.9407345340953029
test,2018-M024,4,649,7,0.0,0.398307950915536
test,2018-M024,5,650,0,0.0,0.2882717319748426
test,2018-M024,5,650,1,0.0,0.5405186092479742
test,2018-M024,5,650,2,1.0,0.7204272867662116
test,2018-M024,5,650,3,1.0,0.9470396349691842
test,2018-M024,6,651,0,0.0,0.21542526640292237
test,2018-M024,6,651,1,0.0,0.10256171802136753
test,2018-M024,7,652,0,1.0,0.8220603609391292
test,2019-0352,2,750,0,1.0,0.4863956618425696
test,2019-0352,2,750,1,0.0,0.6081902405933186
test,2019-0352,2,750,2,0.0,0.34949369612406134
test,2019-0352,2,750,3,1.0,0.5152213824467378
test,2019-0352,2,750,4,0.0,0.5282957483690115
test,2019-0352,2,750,5,0.0,0.5136646719561002
test,2019-0352,2,750,6,0.0,0.5857642996283936
test,2019-0352,2,750,7,1.0,0.8009651764507826
test,2019-0352,2,750,8,0.0,0.25246946254999425
test,2019-0352,2,750,9,1.0,0.5818427603852814
test,2019-0352,2,750,10,0.0,0.46067418293376416
test,2019-0352,2,750,11,1.0,0.6006975755098216
test,2019-0352,2,750,12,1.0,0.5806435798063566
test,2019-0352,2,750,13,1.0,0.5201173245823406
test,2019-0352,2,750,14,1.0,0.7486805075092907
test,2019-0352,2,750,15,1.0,0.6371857186486388
test,2019-0352,3,751,0,1.0,0.32015565000965224
test,2019-0352,3,751,1,0.0,0.3259705623506197
test,2019-0352,3,751,2,0.0,0.6700965819747043
test,2019-0352,3,751,3,0.0,0.5205622382206265
test,2019-0352,3,751,4,0.0,0.2951779091499495
test,2019-0352,3,751,5,0.0,0.5053930904124314
test,2019-0352,3,751,6,0.0,0.6115847384327822
test,2019-0352,3,751,7,1.0,0.6161673425934663
test,2019-0352,3,751,8,0.0,0.523708378843786
test,2019-0352,3,751,9,0.0,0.6092204674775216
test,2019-0352,3,751,10,1.0,0.5952294889699596
test,2019-0352,3,751,11,1.0,0.5746707869555203
test,2019-0352,3,751,12,0.0,0.024616570584354083
test,2019-0352,3,751,13,1.0,0.42689616607046454
test,2019-0352,3,751,14,0.0,0.7480732032468445
test,2019-0352,3,751,15,1.0,0.9866824332627617
test,2019-0352,4,752,0,1.0,0.9107187904991283
test,2019-0352,4,752,1,1.0,0.9738366506546057
test,2019-0352,4,752,2,0.0,0.28415603583444393
test,2019-0352,4,752,3,1.0,0.3647949788620481
test,2019-0352,4,752,4,1.0,0.5475275222334707
test,2019-0352,4,752,5,1.0,0.6954107784270509
test,2019-0352,4,752,6,0.0,0.6198711360680268
test,2019-0352,4,752,7,1.0,0.37663608639612384
test,2019-0352,5,753,0,0.0,0.048497378485452936
test,2019-0352,5,753,1,1.0,0.7401867639783991
test,2019-0352,5,753,2,1.0,0.46045629099787394
test,2019-0352,5,753,3,1.0,0.9650827622605481
test,2019-0352,6,754,0,1.0,0.9412723909198806
test,2019-0352,6,754,1,1.0,0.032414857889756905
test,2019-0352,7,755,0,0.0,0.041566132081224595
test,2019-0410,2,693,0,1.0,0.5790900722547027
test,2019-0410,2,693,1,0.0,0.2756683253458595
test,2019-0410,2,693,2,1.0,0.3728045159491035
test,2019-0410,2,693,3,1.0,0.562973460155349
test,2019-0410,2,693,4,0.0,0.32986697724495934
test,2019-0410,2,693,5,1.0,0.6862827519348721
test,2019-0410,2,693,6,0.0,0.3954945844714131
test,2019-0410,2,693,7,1.0,0.6663730762535783
test,2019-0410,2,693,8,1.0,0.5895915033211114
test,2019-0410,2,693,9,1.0,0.3531933325983517
test,2019-0410,2,693,10,1.0,0.2812289171081325
test,2019-0410,2,693,11,1.0,0.39459969670339234
test,2019-0410,2,693,12,0.0,0.46817467394209017
test,2019-0410,2,693,13,0.0,0.2234949242582608
test,2019-0410,2,693,14,1.0,0.5165930893107477
test,2019-0410,2,693,15,1.0,0.3839754548317702
test,2019-0410,2,693,16,0.0,0.5191541654367173
test,2019-0410,2,693,17,0.0,0.5120685473504305
test,2019-0410,2,693,18,0.0,0.5193227276301705
test,2019-0410,2,693,19,0.0,0.7149780412781939
test,2019-0410,2,693,20,1.0,0.7131718024165973
test,2019-0410,2,693,21,0.0,0.2230186884394782
test,2019-0410,2,693,22,0.0,0.24742189631890454
test,2019-0410,2,693,23,1.0,0.5264672526544798
test,2019-0410,3,694,0,1.0,0.2712358287202613
test,2019-0410,3,694,1,0.0,0.7999645996822006
test,2019-0410,3,694,2,0.0,0.5801626760449118
test,2019-0410,3,694,3,1.0,0.32847919586772323
test,2019-0410,3,694,4,1.0,0.776581152179305
test,2019-0410,3,694,5,0.0,0.3437101167099375
test,2019-0410,3,694,6,1.0,0.5679990548655066
test,2019-0410,3,694,7,0.0,0.6098833928873277
test,2019-0410,3,694,8,0.0,0.023589833650777554
test,2019-0410,3,694,9,1.0,0.7244225830570378
test,2019-0410,3,694,10,0.0,0.30489778534353384
test,2019-0410,3,694,11,0.0,0.46185450662974137
test,2019-0410,3,694,12,1.0,0.16306158069951024
test,2019-0410,3,694,13,0.0,0.07042806564427018
test,2019-0410,3,694,14,0.0,0.28511723709966125
test,2019-0410,3,694,15,0.0,0.7839435932668974
test,2019-0410,4,695,0,0.0,0.06017482679730071
test,2019-0410,4,695,1,0.0,0.5540343985781552
test,2019-0410,4,695,2,0.0,0.6251478852590541
test,2019-0410,4,695,3,1.0,0.6301125227094725
test,2019-0410,4,695,4,0.0,0.7228886753604082
test,2019-0410,4,695,5,1.0,0.36494828194552886
test,2019-0410,4,695,6,1.0,0.9862901755013015
test,2019-0410,4,695,7,0.0,0.4492215934338526
test,2019-0410,5,696,0,1.0,0.9775671483498707
test,2019-0410,5,696,1,1.0,0.48491925008765563
test,2019-0410,5,696,2,1.0,0.5889112688510615
test,2019-0410,5,696,3,0.0,0.9845271460943996
test,2019-0410,6,697,0,0.0,0.9520528437941922
test,2019-0410,6,697,1,1.0,0.47819670859850144
test,2019-0410,7,698,0,0.0,0.3634703810958945
test,2019-0421,2,725,0,1.0,0.3700174490052248
test,2019-0421,2,725,1,0.0,0.1557212997831183
test,2019-0421,2,725,2,1.0,0.6665061278611749
test,2019-0421,2,725,3,1.0,0.44609069363892084
test,2019-0421,2,725,4,0.0,0.5195486580990716
test,2019-0421,2,725,5,1.0,0.4286383275046058
test,2019-0421,2,725,6,0.0,0.5988465298041579
test,2019-0421,2,725,7,1.0,0.42732872930530197
test,2019-0421,2,725,8,1.0,0.6484085996871759
test,2019-0421,2,725,9,1.0,0.6271843143266883
test,2019-0421,2,725,10,1.0,0.6034413945509276
test,2019-0421,2,725,11,0.0,0.435300477607582
test,2019-0421,2,725,12,0.0,0.409326989457654
test,2019-0421,2,725,13,0.0,0.393123698005471
test,2019-0421,2,725,14,1.0,0.743266475508856
test,2019-0421,2,725,15,1.0,0.5816004936351513
test,2019-0421,2,725,16,0.0,0.5133369315101175
test,2019-0421,2,725,17,0.0,0.4559235997553947
test,2019-0421,2,725,18,1.0,0.5590642971974558
test,2019-0421,2,725,19,1.0,0.7115316093320431
test,2019-0421,2,725,20,1.0,0.300278411707298
test,2019-0421,2,725,21,0.0,0.625835695358703
test,2019-0421,2,725,22,1.0,0.512140034116324
test,2019-0421,2,725,23,1.0,0.7559214235054275
test,2019-0421,3,726,0,1.0,0.3598577750134515
test,2019-0421,3,726,1,0.0,0.6915772335296975
test,2019-0421,3,726,2,1.0,0.6220034297981795
test,2019-0421,3,726,3,1.0,0.727251806807635
test,2019-0421,3,726,4,0.0,0.7055292825054256
test,2019-0421,3,726,5,1.0,0.8176186551696909
test,2019-0421,3,726,6,1.0,0.3859243783635221
test,2019-0421,3,726,7,1.0,0.5956052719534454
test,2019-0421,3,726,8,0.0,0.014303242454254468
test,2019-0421,3,726,9,0.0,0.6177624110675134
test,2019-0421,3,726,10,0.0,0.6073205865566683
test,2019-0421,3,726,11,0.0,0.4772736902802487
test,2019-0421,3,726,12,0.0,0.7357133328484579
test,2019-0421,3,726,13,0.0,0.23968164344931955
test,2019-0421,3,726,14,1.0,0.7656522423807596
test,2019-0421,3,726,15,1.0,0.7957062874180186
test,2019-0421,4,727,0,1.0,0.6011531475224184
test,2019-0421,4,727,1,0.0,0.34144397307690005
test,2019-0421,4,727,2,1.0,0.7595749120036248
test,2019-0421,4,727,3,0.0,0.3799123001606913
test,2019-0421,4,727,4,1.0,0.6072442876011871
test,2019-0421,4,727,5,1.0,0.5959615526394381
test,2019-0421,4,727,6,0.0,0.32854730915345665
test,2019-0421,4,727,7,0.0,0.02340051084173901
test,2019-0421,5,728,0,1.0,0.2191963074575794
test,2019-0421,5,728,1,0.0,0.5484525912401482
test,2019-0421,5,728,2,0.0,0.6128719271868746
test,2019-0421,5,728,3,0.0,0.05031206954533745
test,2019-0421,6,729,0,1.0,0.4250073710222315
test,2019-0421,6,729,1,1.0,0.9644405746671749
test,2019-0421,7,730,0,1.0,0.9653099031400868
test,2019-5014,2,744,0,0.0,0.4764339588912378
test,2019-5014,2,744,1,0.0,0.3904313645000329
test,2019-5014,2,744,2,1.0,0.5271891295865507
test,2019-5014,2,744,3,0.0,0.39002799106512626
test,2019-5014,2,744,4,1.0,0.644288071385398
test,2019-5014,2,744,5,1.0,0.4647259341846435
test,2019-5014,2,744,6,0.0,0.5433984225485058
test,2019-5014,2,744,7,0.0,0.5802010346797282
test,2019-5014,2,744,8,1.0,0.5784727173734088
test,2019-5014,2,744,9,1.0,0.53889582824113
test,2019-5014,2,744,10,0.0,0.5187578773191323
test,2019-5014,2,744,11,0.0,0.5115138275423069
test,2019-5014,2,744,12,1.0,0.4465297947896067
test,2019-5014,2,744,13,1.0,0.4400365710173835
test,2019-5014,2,744,14,1.0,0.5435848521552266
test,2019-5014,2,744,15,0.0,0.5329385143564667
test,2019-5014,2,744,16,1.0,0.5030756286525702
test,2019-5014,2,744,17,1.0,0.48334883148791785
test,2019-5014,2,744,18,0.0,0.34328804168419613
test,2019-5014,2,744,19,1.0,0.49948637816833197
test,2019-5014,2,744,20,0.0,0.530091175280677
test,2019-5014,2,744,21,1.0,0.46788013979044374
test,2019-5014,2,744,22,1.0,0.4429690822599957
test,2019-5014,2,744,23,1.0,0.4766276130670278
test,2019-5014,3,745,0,1.0,0.459216107350257
test,2019-5014,3,745,1,1.0,0.5750241596693092
test,2019-5014,3,745,2,0.0,0.47169805433428846
test,2019-5014,3,745,3,0.0,0.41556708516166174
test,2019-5014,3,745,4,1.0,0.47389066370645627
test,2019-5014,3,745,5,1.0,0.4711020198686437
test,2019-5014,3,745,6,1.0,0.5262239511369684
test,2019-5014,3,745,7,1.0,0.5415718009900209
test,2019-5014,3,745,8,0.0,0.46689294733354053
test,2019-5014,3,745,9,1.0,0.4777891268197222
test,2019-5014,3,745,10,1.0,0.5813632690312239
test,2019-5014,3,745,11,1.0,0.4905566025915717
test,2019-5014,3,745,12,1.0,0.48210612632557065
test,2019-5014,3,745,13,0.0,0.47947474517033123
test,2019-5014,3,745,14,0.0,0.4758832916189354
test,2019-5014,3,745,15,1.0,0.4391179182259464
test,2019-5014,4,746,0,0.0,0.428772271680569
test,2019-5014,4,746,1,1.0,0.49550200468977074
test,2019-5014,4,746,2,0.0,0.4949155135997792
test,2019-5014,4,746,3,0.0,0.42734150300782847
test,2019-5014,4,746,4,0.0,0.5013672213557525
test,2019-5014,4,746,5,0.0,0.5448734620465154
test,2019-5014,4,746,6,0.0,0.5974226435371146
test,2019-5014,4,746,7,1.0,0.4790068004767548
test,2019-5014,5,747,0,0.0,0.43362301276330334
test,2019-5014,5,747,1,1.0,0.5102992851897759
test,2019-5014,5,747,2,1.0,0.48249162325752937
test,2019-5014,5,747,3,0.0,0.43252869665756
test,2019-5014,6,748,0,1.0,0.5092689097241639
test,2019-5014,6,748,1,1.0,0.500992791848554
test,2019-5014,7,749,0,0.0,0.45090947017172406
test,2019-520,1,711,0,1.0,0.7951509312211866
test,2019-520,1,711,1,1.0,0.3426131349510478
test,2019-520,1,711,2,1.0,0.5041599477906098
test,2019-520,1,711,3,0.0,0.33784674953408256
test,2019-520,1,711,4,0.0,0.3654470123311919
test,2019-520,1,711,5,0.0,0.6154486971165176
test,2019-520,1,711,6,1.0,0.5347401959147488
test,2019-520,1,711,7,1.0,0.7525614667580335
test,2019-520,1,711,8,1.0,0.7907144036067648
test,2019-520,1,711,9,0.0,0.535772793213639
test,2019-520,1,711,10,1.0,0.5950896664784493
test,2019-520,1,711,11,0.0,0.5414992698272664
test,2019-520,1,711,12,1.0,0.8725803617551879
test,2019-520,1,711,13,0.0,0.6153868021642785
test,2019-520,1,711,14,1.0,0.7484501554907872
test,2019-520,1,711,15,0.0,0.13938070188585144
test,2019-520,1,711,16,0.0,0.5705071748382318
test,2019-520,1,711,17,0.0,0.38667381151863356
test,2019-520,1,711,18,0.0,0.4169949373023137
test,2019-520,1,711,19,0.0,0.25071874719277826
test,2019-520,1,711,20,1.0,0.6202940802943371
test,2019-520,1,711,21,0.0,0.3562568422724042
test,2019-520,1,711,22,0.0,0.21125682963201156
test,2019-520,1,711,23,1.0,0.3976957329290632
test,2019-520,1,711,24,0.0,0.3474959994916487
test,2019-520,1,711,25,0.0,0.5743852617017626
test,2019-520,1,711,26,0.0,0.4879881421414662
test,2019-520,1,711,27,1.0,0.5032452527036324
test,2019-520,1,711,28,1.0,0.7033953400215491
test,2019-520,1,711,29,0.0,0.2865398131334238
test,2019-520,1,711,30,1.0,0.4768916009529598
test,2019-520,1,711,31,0.0,0.4712139931154569
test,2019-520,1,711,32,1.0,0.7268428749372784
test,2019-520,1,711,33,1.0,0.668173469401441
test,2019-520,1,711,34,1.0,0.40564166298513454
test,2019-520,1,711,35,1.0,0.5297271995090104
test,2019-520,1,711,36,1.0,0.7398315987583257
test,2019-520,1,711,37,0.0,0.09585969658478619
test,2019-520,1,711,38,0.0,0.4605707391914963
test,2019-520,1,711,39,1.0,0.6996511176694727
test,2019-520,1,711,40,0.0,0.5287672104748989
test,2019-520,1,711,41,1.0,0.345257198590056
test,2019-520,1,711,42,0.0,0.015312176370850378
test,2019-520,1,711,43,0.0,0.4413956677275266
test,2019-520,1,711,44,1.0,0.38598927462082866
test,2019-520,1,711,45,0.0,0.5136283693191892
test,2019-520,1,711,46,0.0,0.08126009142654642
test,2019-520,1,711,47,0.0,0.1197305959435088
test,2019-520,1,711,48,1.0,0.7062268528334041
test,2019-520,1,711,49,1.0,0.5558592163414342
test,2019-520,1,711,50,1.0,0.40580874787244714
test,2019-520,1,711,51,0.0,0.5012583007608294
test,2019-520,1,711,52,1.0,0.6008524729862679
test,2019-520,1,711,53,1.0,0.6155548162262312
test,2019-520,1,711,54,1.0,0.4148639271996245
test,2019-520,1,711,55,1.0,0.3668089206655196
test,2019-520,1,711,56,0.0,0.33895897012482645
test,2019-520,1,711,57,0.0,0.43998193786313505
test,2019-520,1,711,58,1.0,0.6140312698224282
test,2019-520,1,711,59,1.0,0.7825335971963434
test,2019-520,1,711,60,0.0,0.4840706888396622
test,2019-520,1,711,61,0.0,0.5095299517371029
test,2019-520,1,711,62,0.0,0.008079130472009744
test,2019-520,1,711,63,1.0,0.545042219538081
test,2019-520,2,712,0,1.0,0.36852157130416047
test,2019-520,2,712,1,0.0,0.008563241835195707
test,2019-520,2,712,2,0.0,0.24635485306142066
test,2019-520,2,712,3,0.0,0.7698623583868692
test,2019-520,2,712,4,0.0,0.4875058226120355
test,2019-520,2,712,5,0.0,0.45177992074827394
test,2019-520,2,712,6,0.0,0.3225184748991756
test,2019-520,2,712,7,0.0,0.30378164962283327
test,2019-520,2,712,8,1.0,0.8297954487725309
test,2019-520,2,712,9,1.0,0.8888319018622838
test,2019-520,2,712,10,1.0,0.46085002650540763
test,2019-520,2,712,11,0.0,0.8417298148625064
test,2019-520,2,712,12,0.0,0.3631723987644686
test,2019-520,2,712,13,1.0,0.7789541107684562
test,2019-520,2,712,14,0.0,0.5645501147861743
test,2019-520,2,712,15,1.0,0.4424267352418031
test,2019-520,2,712,16,1.0,0.7648424047454253
test,2019-520,2,712,17,0.0,0.16546583784494315
test,2019-520,2,712,18,1.0,0.6379682792603686
test,2019-520,2,712,19,1.0,0.8552798433962926
test,2019-520,2,712,20,0.0,0.6129510628016464
test,2019-520,2,712,21,1.0,0.3291929504335132
test,2019-520,2,712,22,0.0,0.558192675296681
test,2019-520,2,712,23,1.0,0.45551530711786314
test,2019-520,2,712,24,0.0,0.04189827267438675
test,2019-520,2,712,25,0.0,0.33805245587975397
test,2019-520,2,712,26,1.0,0.7083606437386246
test,2019-520,2,712,27,0.0,0.2403631151562088
test,2019-520,2,712,28,0.0,0.3798102331772548
test,2019-520,2,712,29,1.0,0.9927083017613433
test,2019-520,2,712,30,0.0,0.7153928988189198
test,2019-520,2,712,31,1.0,0.7682068632240784
test,2019-520,3,713,0,1.0,0.5805556685281231
test,2019-520,3,713,1,1.0,0.5846169061465882
test,2019-520,3,713,2,1.0,0.7106516979957382
test,2019-520,3,713,3,0.0,0.24434565681668025
test,2019-520,3,713,4,1.0,0.6690172883169224
test,2019-520,3,713,5,0.0,0.23756759235000982
test,2019-520,3,713,6,0.0,0.5902601769077949
test,2019-520,3,713,7,1.0,0.7022610505295552
test,2019-520,3,713,8,0.0,0.48583258365948123
test,2019-520,3,713,9,0.0,0.007737804406758605
test,2019-520,3,713,10,1.0,0.9342113276417008
test,2019-520,3,713,11,1.0,0.7903554692913366
test,2019-520,3,713,12,1.0,0.8178675973015538
test,2019-520,3,713,13,1.0,0.462065039623357
test,2019-520,3,713,14,0.0,0.043501886444546944
test,2019-520,3,713,15,1.0,0.43808739987928746
test,2019-520,4,714,0,0.0,0.011115485107923428
test,2019-520,4,714,1,0.0,0.23864626771379618
test,2019-520,4,714,2,1.0,0.8703659001394697
test,2019-520,4,714,3,0.0,0.4485022755371145
test,2019-520,4,714,4,0.0,0.2857931258733056
test,2019-520,4,714,5,1.0,0.49640121742604104
test,2019-520,4,714,6,1.0,0.9778017876805971
test,2019-520,4,714,7,1.0,0.44284844501297876
test,2019-520,5,715,0,0.0,0.3235952126583469
test,2019-520,5,715,1,1.0,0.9295546612839051
test,2019-520,5,715,2,0.0,0.29288700084051356
test,2019-520,5,715,3,1.0,0.9540509147000691
test,2019-520,6,716,0,1.0,0.8414024784128599
test,2019-520,6,716,1,1.0,0.07131454002157511
test,2019-520,7,717,0,0.0,0.0926629274204135
test,2019-540,1,718,0,1.0,0.6937880589255928
test,2019-540,1,718,1,1.0,0.2138746031395665
test,2019-540,1,718,2,1.0,0.21565317376525187
test,2019-540,1,718,3,0.0,0.41522625263260077
test,2019-540,1,718,4,0.0,0.477757613520837
test,2019-540,1,718,5,0.0,0.34527291486252737
test,2019-540,1,718,6,0.0,0.23337653845815337
test,2019-540,1,718,7,1.0,0.4267208847586889
test,2019-540,1,718,8,0.0,0.21073791262464323
test,2019-540,1,718,9,1.0,0.8034384882857475
test,2019-540,1,718,10,0.0,0.19733774512030322
test,2019-540,1,718,11,1.0,0.6617056434257621
test,2019-540,1,718,12,0.0,0.39830506041042285
test,2019-540,1,718,13,0.0,0.1360701247058137
test,2019-540,1,718,14,1.0,0.5836359823446196
test,2019-540,1,718,15,0.0,0.4878045391445473
test,2019-540,1,718,16,0.0,0.5041185480935044
test,2019-540,1,718,17,0.0,0.7970960495300875
test,2019-540,1,718,18,0.0,0.3065513843831529
test,2019-540,1,718,19,0.0,0.15389759305415246
test,2019-540,1,718,20,1.0,0.5857229033575404
test,2019-540,1,718,21,0.0,0.34061124164231144
test,2019-540,1,718,22,1.0,0.6259110597773798
test,2019-540,1,718,23,0.0,0.3795112692937065
test,2019-540,1,718,24,0.0,0.2670393251038739
test,2019-540,1,718,25,0.0,0.4470018416387931
test,2019-540,1,718,26,0.0,0.7155672123624844
test,2019-540,1,718,27,0.0,0.3755749189196909
test,2019-540,1,718,28,1.0,0.4061043670409366
test,2019-540,1,718,29,0.0,0.5344220623672659
test,2019-540,1,718,30,1.0,0.4679256672680979
test,2019-540,1,718,31,0.0,0.14151028431763882
test,2019-540,1,718,32,1.0,0.9880132647299328
test,2019-540,1,718,33,0.0,0.37072379348311907
test,2019-540,1,718,34,0.0,0.2940499869573581
test,2019-540,1,718,35,1.0,0.29108350297404023
test,2019-540,1,718,36,0.0,0.36761794940233045
test,2019-540,1,718,37,0.0,0.5250815602853292
test,2019-540,1,718,38,0.0,0.32375768035438823
test,2019-540,1,718,39,1.0,0.7575068598240131
test,2019-540,1,718,40,1.0,0.6750081508221063
test,2019-540,1,718,41,1.0,0.6556631934278794
test,2019-540,1,718,42,1.0,0.567054560450449
test,2019-540,1,718,43,0.0,0.2211139073289751
test,2019-540,1,718,44,0.0,0.37048393259651186
test,2019-540,1,718,45,1.0,0.3261421361270236
test,2019-540,1,718,46,0.0,0.40195538342513004
test,2019-540,1,718,47,1.0,0.6726963017080677
test,2019-540,1,718,48,1.0,0.2442869941172448
test,2019-540,1,718,49,0.0,0.519063751848968
test,2019-540,1,718,50,1.0,0.2075428406541885
test,2019-540,1,718,51,0.0,0.37251454258719535
test,2019-540,1,718,52,0.0,0.5427048657144824
test,2019-540,1,718,53,1.0,0.6444892182756442
test,2019-540,1,718,54,1.0,0.968936008770386
test,2019-540,1,718,55,0.0,0.5267164731068
test,2019-540,1,718,56,0.0,0.3115046634412846
test,2019-540,1,718,57,1.0,0.29652828030968814
test,2019-540,1,718,58,1.0,0.6497214616946207
test,2019-540,1,718,59,1.0,0.40840651622848045
test,2019-540,1,718,60,1.0,0.4825645442199493
test,2019-540,1,718,61,0.0,0.5561382565737457
test,2019-540,1,718,62,1.0,0.9571410431035203
test,2019-540,1,718,63,1.0,0.5238074524155172
test,2019-540,2,719,0,0.0,0.03566524583114785
test,2019-540,2,719,1,0.0,0.3285771642404734
test,2019-540,2,719,2,0.0,0.23346213304227575
test,2019-540,2,719,3,1.0,0.46079541554283115
test,2019-540,2,719,4,1.0,0.5339976465913113
test,2019-540,2,719,5,0.0,0.6923159032047059
test,2019-540,2,719,6,0.0,0.3316892517137852
test,2019-540,2,719,7,1.0,0.41704090435157504
test,2019-540,2,719,8,1.0,0.6929580209221743
test,2019-540,2,719,9,0.0,0.8291248058197546
test,2019-540,2,719,10,1.0,0.6570342763764664
test,2019-540,2,719,11,0.0,0.45532423672891076
test,2019-540,2,719,12,0.0,0.22229473107229103
test,2019-540,2,719,13,1.0,0.6027527706345105
test,2019-540,2,719,14,1.0,0.6326090327403341
test,2019-540,2,719,15,0.0,0.5705582932186217
test,2019-540,2,719,16,1.0,0.5389072412191156
test,2019-540,2,719,17,1.0,0.3552955968628622
test,2019-540,2,719,18,0.0,0.2565280161205039
test,2019-540,2,719,19,0.0,0.7916105790371937
test,2019-540,2,719,20,1.0,0.4870025932573308
test,2019-540,2,719,21,1.0,0.7539411537468218
test,2019-540,2,719,22,1.0,0.9722216075305528
test,2019-540,2,719,23,0.0,0.1634971853847613
test,2019-540,2,719,24,1.0,0.5765484485823807
test,2019-540,2,719,25,1.0,0.652899232771728
test,2019-540,2,719,26,1.0,0.675606191063146
test,2019-540,2,719,27,1.0,0.49596053447944916
test,2019-540,2,719,28,0.0,0.36376373723999705
test,2019-540,2,719,29,0.0,0.5569105704831347
test,2019-540,2,719,30,1.0,0.9892391790039593
test,2019-540,2,719,31,1.0,0.4299971253840788
test,2019-540,3,720,0,1.0,0.5353566005538188
test,2019-540,3,720,1,1.0,0.22940077298455486
test,2019-540,3,720,2,1.0,0.9630982979038549
test,2019-540,3,720,3,1.0,0.6325504358264441
test,2019-540,3,720,4,1.0,0.5634978581463644
test,2019-540,3,720,5,0.0,0.4149083581418746
test,2019-540,3,720,6,1.0,0.7069619570578031
test,2019-540,3,720,7,0.0,0.020073457847351366
test,2019-540,3,720,8,1.0,0.7727267436416282
test,2019-540,3,720,9,1.0,0.6170841580671862
test,2019-540,3,720,10,0.0,0.6530838500910989
test,2019-540,3,720,11,0.0,0.20355479841384033
test,2019-540,3,720,12,1.0,0.3412218351213527
test,2019-540,3,720,13,1.0,0.39702643553793415
test,2019-540,3,720,14,1.0,0.9025899749526993
test,2019-540,3,720,15,0.0,0.6375528954863945
test,2019-540,4,721,0,1.0,0.9229095012406973
test,2019-540,4,721,1,0.0,0.19382286145879354
test,2019-540,4,721,2,1.0,0.9808644989083068
test,2019-540,4,721,3,0.0,0.32019249819648765
test,2019-540,4,721,4,0.0,0.3179031739287166
test,2019-540,4,721,5,1.0,0.3278155941816763
test,2019-540,4,721,6,0.0,0.508681211689247
test,2019-540,4,721,7,1.0,0.9886940850078699
test,2019-540,5,722,0,1.0,0.9673038171895598
test,2019-540,5,722,1,1.0,0.7416095675797552
test,2019-540,5,722,2,1.0,0.6969845754238118
test,2019-540,5,722,3,0.0,0.051576224687741534
test,2019-540,6,723,0,1.0,0.1683829712961236
test,2019-540,6,723,1,1.0,0.9514215118260249
test,2019-540,7,724,0,0.0,0.19247731208389388
test,2019-560,1,737,0,0.0,0.5837608355000081
test,2019-560,1,737,1,0.0,0.4679022344077308
test,2019-560,1,737,2,1.0,0.866886682862608
test,2019-560,1,737,3,0.0,0.6593613749227546
test,2019-560,1,737,4,1.0,0.6983970300129724
test,2019-560,1,737,5,1.0,0.31664499124260076
test,2019-560,1,737,6,1.0,0.6239039356774009
test,2019-560,1,737,7,0.0,0.7015780307743653
test,2019-560,1,737,8,1.0,0.4589061046888835
test,2019-560,1,737,9,1.0,0.47852963854680236
test,2019-560,1,737,10,0.0,0.7665110913486459
test,2019-560,1,737,11,1.0,0.6166212843399108
test,2019-560,1,737,12,1.0,0.6529520466113116
test,2019-560,1,737,13,0.0,0.6376520608014373
test,2019-560,1,737,14,1.0,0.5397682298840434
test,2019-560,1,737,15,0.0,0.6596066257769232
test,2019-560,1,737,16,1.0,0.5140856956779962
test,2019-560,1,737,17,1.0,0.4508284750308206
test,2019-560,1,737,18,0.0,0.8808965114182509
test,2019-560,1,737,19,0.0,0.4398646812607201
test,2019-560,1,737,20,0.0,0.42678150417922905
test,2019-560,1,737,21,1.0,0.722693436208844
test,2019-560,1,737,22,0.0,0.39766054174344473
test,2019-560,1,737,23,1.0,0.5263684319422345
test,2019-560,1,737,24,1.0,0.34511596500663416
test,2019-560,1,737,25,0.0,0.46798826445268393
test,2019-560,1,737,26,0.0,0.3032907504604282
test,2019-560,1,737,27,0.0,0.010354783116547061
test,2019-560,1,737,28,1.0,0.2958343315327241
test,2019-560,1,737,29,1.0,0.431395617177062
test,2019-560,1,737,30,0.0,0.38363551112590116
test,2019-560,1,737,31,0.0,0.12280534608473483
test,2019-560,1,737,32,0.0,0.4420064385287039
test,2019-560,1,737,33,0.0,0.4560829471448913
test,2019-560,1,737,34,1.0,0.6274989656884017
test,2019-560,1,737,35,0.0,0.7345459427558616
test,2019-560,1,737,36,1.0,0.41018755205977225
test,2019-560,1,737,37,1.0,0.15692142831418993
test,2019-560,1,737,38,1.0,0.4917674925065469
test,2019-560,1,737,39,1.0,0.5866350018103281
test,2019-560,1,737,40,0.0,0.33981019581737754
test,2019-560,1,737,41,0.0,0.44356758462638995
test,2019-560,1,737,42,0.0,0.17410508821607948
test,2019-560,1,737,43,1.0,0.9654094980003033
test,2019-560,1,737,44,1.0,0.605519498804405
test,2019-560,1,737,45,1.0,0.37652860828837276
test,2019-560,1,737,46,1.0,0.4409277624187408
test,2019-560,1,737,47,0.0,0.4286649432699083
test,2019-560,1,737,48,0.0,0.5882722985849423
test,2019-560,1,737,49,1.0,0.4475030740943846
test,2019-560,1,737,50,1.0,0.8072608746237916
test,2019-560,1,737,51,0.0,0.28059490153774175
test,2019-560,1,737,52,1.0,0.43726842516621495
test,2019-560,1,737,53,1.0,0.2960746003906224
test,2019-560,1,737,54,1.0,0.772136412632097
test,2019-560,1,737,55,1.0,0.505780060127035
test,2019-560,1,737,56,0.0,0.37527598160657843
test,2019-560,1,737,57,0.0,0.1636159658954966
test,2019-560,1,737,58,1.0,0.800006275225776
test,2019-560,1,737,59,0.0,0.6786734099506962
test,2019-560,1,737,60,1.0,0.6624017250414853
test,2019-560,1,737,61,1.0,0.9802029666591634
test,2019-560,1,737,62,1.0,0.6955043905871239
test,2019-560,1,737,63,0.0,0.7645718143094472
test,2019-560,2,738,0,1.0,0.9870603801692222
test,2019-560,2,738,1,1.0,0.2702824719096734
test,2019-560,2,738,2,0.0,0.1396707248398679
test,2019-560,2,738,3,0.0,0.4680343284593567
test,2019-560,2,738,4,1.0,0.5332335500701744
test,2019-560,2,738,5,0.0,0.6265491382471898
test,2019-560,2,738,6,0.0,0.22947347808010032
test,2019-560,2,738,7,0.0,0.06357673540476133
test,2019-560,2,738,8,0.0,0.38609982779407553
test,2019-560,2,738,9,1.0,0.6636345361279701
test,2019-560,2,738,10,0.0,0.6819251553223811
test,2019-560,2,738,11,0.0,0.5790708968885464
test,2019-560,2,738,12,1.0,0.7113685689420463
test,2019-560,2,738,13,0.0,0.6185597063441313
test,2019-560,2,738,14,1.0,0.8170677864668682
test,2019-560,2,738,15,0.0,0.014516627127754016
test,2019-560,2,738,16,1.0,0.7091497594919265
test,2019-560,2,738,17,1.0,0.6758706730568559
test,2019-560,2,738,18,0.0,0.5992273675441689
test,2019-560,2,738,19,0.0,0.5275546505258557
test,2019-560,2,738,20,1.0,0.7177818683363664
test,2019-560,2,738,21,0.0,0.2618450766194369
test,2019-560,2,738,22,0.0,0.5405832094675632
test,2019-560,2,738,23,1.0,0.37525912713285664
test,2019-560,2,738,24,0.0,0.49959656449885415
test,2019-560,2,738,25,0.0,0.47053548668711265
test,2019-560,2,738,26,0.0,0.15968653548688427
test,2019-560,2,738,27,1.0,0.4975701435444208
test,2019-560,2,738,28,0.0,0.6980052342922552
test,2019-560,2,738,29,0.0,0.4486358269260378
test,2019-560,2,738,30,0.0,0.17928956840872917
test,2019-560,2,738,31,1.0,0.7189200192159102
test,2019-560,3,739,0,0.0,0.45439130591711
test,2019-560,3,739,1,1.0,0.9306165418051472
test,2019-560,3,739,2,0.0,0.482989078556776
test,2019-560,3,739,3,0.0,0.49194160565862
test,2019-560,3,739,4,0.0,0.8146435982009258
test,2019-560,3,739,5,0.0,0.1875971936132527
test,2019-560,3,739,6,1.0,0.6509449173896559
test,2019-560,3,739,7,0.0,0.01278082241976865
test,2019-560,3,739,8,0.0,0.6675636979233082
test,2019-560,3,739,9,1.0,0.8344516275345355
test,2019-560,3,739,10,1.0,0.5517024467725736
test,2019-560,3,739,11,1.0,0.6318183521980653
test,2019-560,3,739,12,1.0,0.788569520457837
test,2019-560,3,739,13,0.0,0.3393036945150274
test,2019-560,3,739,14,1.0,0.9785402763926374
test,2019-560,3,739,15,1.0,0.64452136031222
test,2019-560,4,740,0,1.0,0.3800862616717739
test,2019-560,4,740,1,1.0,0.7201176808795401
test,2019-560,4,740,2,0.0,0.6190813728485911
test,2019-560,4,740,3,0.0,0.27060546013896897
test,2019-560,4,740,4,0.0,0.2079973969175164
test,2019-560,4,740,5,1.0,0.8363250866791104
test,2019-560,4,740,6,0.0,0.9319968985478824
test,2019-560,4,740,7,1.0,0.9299146749150724
test,2019-560,5,741,0,1.0,0.9639949570662006
test,2019-560,5,741,1,1.0,0.350715272078899
test,2019-560,5,741,2,0.0,0.8295501385791759
test,2019-560,5,741,3,0.0,0.5913758452457761
test,2019-560,6,742,0,0.0,0.021792727700558397
test,2019-560,6,742,1,0.0,0.4585329185601014
test,2019-560,7,743,0,1.0,0.9347843996279929
test,2019-580,1,672,0,0.0,0.8006279281905947
test,2019-580,1,672,1,1.0,0.8259983779820887
test,2019-580,1,672,2,0.0,0.3570147259200827
test,2019-580,1,672,3,1.0,0.7173254385909497
test,2019-580,1,672,4,0.0,0.3894876096306977
test,2019-580,1,672,5,1.0,0.7489551033777285
test,2019-580,1,672,6,1.0,0.7546559568608642
test,2019-580,1,672,7,1.0,0.5746070433187805
test,2019-580,1,672,8,0.0,0.3422695134282966
test,2019-580,1,672,9,0.0,0.2831158778142407
test,2019-580,1,672,10,1.0,0.7066419402638947
test,2019-580,1,672,11,1.0,0.5564799406265845
test,2019-580,1,672,12,0.0,0.6613661451078735
test,2019-580,1,672,13,1.0,0.5992022702801305
test,2019-580,1,672,14,0.0,0.263236954580315
test,2019-580,1,672,15,1.0,0.5240699853446456
test,2019-580,1,672,16,0.0,0.45275911937660746
test,2019-580,1,672,17,0.0,0.4469335371322668
test,2019-580,1,672,18,0.0,0.7210208325965118
test,2019-580,1,672,19,0.0,0.45027540890326556
test,2019-580,1,672,20,1.0,0.49184888880445615
test,2019-580,1,672,21,0.0,0.42038662761109535
test,2019-580,1,672,22,0.0,0.4800510460090476
test,2019-580,1,672,23,0.0,0.6053346507587442
test,2019-580,1,672,24,0.0,0.4531620675551326
test,2019-580,1,672,25,1.0,0.44486372974687244
test,2019-580,1,672,26,0.0,0.19880623653489024
test,2019-580,1,672,27,1.0,0.7326276230898854
test,2019-580,1,672,28,0.0,0.3647086159863258
test,2019-580,1,672,29,0.0,0.4585063617585177
test,2019-580,1,672,30,1.0,0.42821711279705044
test,2019-580,1,672,31,1.0,0.6014022989526705
test,2019-580,1,672,32,0.0,0.5081933997126591
test,2019-580,1,672,33,0.0,0.5734597481418219
test,2019-580,1,672,34,0.0,0.677807931327167
test,2019-580,1,672,35,1.0,0.7112211900695137
test,2019-580,1,672,36,0.0,0.5633209248179295
test,2019-580,1,672,37,0.0,0.5131429255091294
test,2019-580,1,672,38,1.0,0.6691263176724104
test,2019-580,1,672,39,1.0,0.6081641393105781
test,2019-580,1,672,40,0.0,0.2849864811452009
test,2019-580,1,672,41,1.0,0.4699236602440205
test,2019-580,1,672,42,0.0,0.2918143273605731
test,2019-580,1,672,43,1.0,0.19015364854258243
test,2019-580,1,672,44,0.0,0.1695242645658712
test,2019-580,1,672,45,1.0,0.5251790352511733
test,2019-580,1,672,46,0.0,0.00774895382906804
test,2019-580,1,672,47,1.0,0.788197186945342
test,2019-580,1,672,48,0.0,0.07055745107641977
test,2019-580,1,672,49,1.0,0.6170725087339859
test,2019-580,1,672,50,0.0,0.4344194142087608
test,2019-580,1,672,51,1.0,0.27455544131393067
test,2019-580,1,672,52,1.0,0.7717333877489231
test,2019-580,1,672,53,1.0,0.9878113957375043
test,2019-580,1,672,54,1.0,0.6807435542784656
test,2019-580,1,672,55,0.0,0.11054445801412115
test,2019-580,1,672,56,0.0,0.35403035895942
test,2019-580,1,672,57,1.0,0.7220388240584091
test,2019-580,1,672,58,0.0,0.3670089596910111
test,2019-580,1,672,59,1.0,0.8359733017785231
test,2019-580,1,672,60,1.0,0.7075953758702984
test,2019-580,1,672,61,0.0,0.39147404931357416
test,2019-580,1,672,62,1.0,0.4868539521025622
test,2019-580,1,672,63,1.0,0.7627371121429888
test,2019-580,2,673,0,1.0,0.7650621564981099
test,2019-580,2,673,1,1.0,0.6119777937472798
test,2019-580,2,673,2,0.0,0.21333159774792765
test,2019-580,2,673,3,1.0,0.7064092977817835
test,2019-580,2,673,4,1.0,0.6658796973012243
test,2019-580,2,673,5,0.0,0.2968352514264303
test,2019-580,2,673,6,1.0,0.3877858183711245
test,2019-580,2,673,7,1.0,0.5055709086324814
test,2019-580,2,673,8,1.0,0.5729494725782482
test,2019-580,2,673,9,1.0,0.6397057557693836
test,2019-580,2,673,10,0.0,0.24762848619296646
test,2019-580,2,673,11,0.0,0.19733481316521254
test,2019-580,2,673,12,0.0,0.35682555987273457
test,2019-580,2,673,13,1.0,0.6260340630908786
test,2019-580,2,673,14,1.0,0.739387758009718
test,2019-580,2,673,15,0.0,0.4681681779928019
test,2019-580,2,673,16,0.0,0.3856980460935789
test,2019-580,2,673,17,1.0,0.5664379507954753
test,2019-580,2,673,18,1.0,0.8868296196777706
test,2019-580,2,673,19,1.0,0.28358631844102666
test,2019-580,2,673,20,1.0,0.2561002453216417
test,2019-580,2,673,21,0.0,0.5998251285499108
test,2019-580,2,673,22,0.0,0.8752698334894854
test,2019-580,2,673,23,0.0,0.7217137305457147
test,2019-580,2,673,24,1.0,0.3796271984587032
test,2019-580,2,673,25,0.0,0.05687572972649662
test,2019-580,2,673,26,1.0,0.691374079594376
test,2019-580,2,673,27,0.0,0.02540610744842651
test,2019-580,2,673,28,0.0,0.033572204645445934
test,2019-580,2,673,29,0.0,0.39093298313077074
test,2019-580,2,673,30,1.0,0.6037602255550324
test,2019-580,2,673,31,0.0,0.4214073474916768
test,2019-580,3,674,0,1.0,0.7773686754884545
test,2019-580,3,674,1,1.0,0.7399440249001937
test,2019-580,3,674,2,1.0,0.6495848195774198
test,2019-580,3,674,3,0.0,0.206985551464657
test,2019-580,3,674,4,0.0,0.5074763635692744
test,2019-580,3,674,5,0.0,0.017796490165642734
test,2019-580,3,674,6,1.0,0.622884434434498
test,2019-580,3,674,7,1.0,0.973650777932528
test,2019-580,3,674,8,0.0,0.7251887011560014
test,2019-580,3,674,9,0.0,0.36910695748009253
test,2019-580,3,674,10,1.0,0.7002817247089581
test,2019-580,3,674,11,1.0,0.4949195099661342
test,2019-580,3,674,12,0.0,0.5598061115067793
test,2019-580,3,674,13,0.0,0.06899795851857508
test,2019-580,3,674,14,1.0,0.6983686155752273
test,2019-580,3,674,15,0.0,0.17073374952371895
test,2019-580,4,675,0,0.0,0.30125544228699586
test,2019-580,4,675,1,1.0,0.33287731821647404
test,2019-580,4,675,2,1.0,0.9851402510961513
test,2019-580,4,675,3,1.0,0.3925572417474942
test,2019-580,4,675,4,1.0,0.308385710180027
test,2019-580,4,675,5,0.0,0.5438231160258487
test,2019-580,4,675,6,1.0,0.1224532786426019
test,2019-580,4,675,7,1.0,0.9195531567657294
test,2019-580,5,676,0,0.0,0.5348557564119205
test,2019-580,5,676,1,0.0,0.694927566202433
test,2019-580,5,676,2,1.0,0.9367269677933409
test,2019-580,5,676,3,1.0,0.9683243078218846
test,2019-580,6,677,0,0.0,0.01989316409411153
test,2019-580,6,677,1,0.0,0.04667340016994643
test,2019-580,7,678,0,0.0,0.3924117481150888
test,2019-M006,1,679,0,1.0,0.5285323608508125
test,2019-M006,1,679,1,0.0,0.44435769587549573
test,2019-M006,1,679,2,1.0,0.4605129736781245
test,2019-M006,1,679,3,1.0,0.5300148187324344
test,2019-M006,1,679,4,1.0,0.382256311734751
test,2019-M006,1,679,5,1.0,0.5678767872327021
test,2019-M006,1,679,6,1.0,0.4711430913692812
test,2019-M006,1,679,7,1.0,0.4672519159949005
test,2019-M006,1,679,8,1.0,0.4844156573793794
test,2019-M006,1,679,9,1.0,0.46347393820044097
test,2019-M006,1,679,10,1.0,0.499499735482213
test,2019-M006,1,679,11,1.0,0.5070643030767189
test,2019-M006,1,679,12,0.0,0.467195686788245
test,2019-M006,1,679,13,0.0,0.5224828431250741
test,2019-M006,1,679,14,0.0,0.5593668367621561
test,2019-M006,1,679,15,1.0,0.5789586198455206
test,2019-M006,1,679,16,0.0,0.5216073682096919
test,2019-M006,1,679,17,1.0,0.4498363800745798
test,2019-M006,1,679,18,0.0,0.5462168132025054
test,2019-M006,1,679,19,0.0,0.5363035471292431
test,2019-M006,1,679,20,0.0,0.5780858126712916
test,2019-M006,1,679,21,0.0,0.49669993455641087
test,2019-M006,1,679,22,0.0,0.5544543355978674
test,2019-M006,1,679,23,1.0,0.6317364840908488
test,2019-M006,1,679,24,0.0,0.4953506794753826
test,2019-M006,1,679,25,0.0,0.4550568208328675
test,2019-M006,1,679,26,1.0,0.3961708149628324
test,2019-M006,1,679,27,1.0,0.5164669461858651
test,2019-M006,1,679,28,0.0,0.561759887968646
test,2019-M006,1,679,29,1.0,0.5294352190387192
test,2019-M006,1,679,30,1.0,0.5113634554409171
test,2019-M006,1,679,31,1.0,0.5698610817775593
test,2019-M006,2,680,0,0.0,0.43112242663770095
test,2019-M006,2,680,1,1.0,0.5142308888511355
test,2019-M006,2,680,2,1.0,0.5247072691621968
test,2019-M006,2,680,3,1.0,0.5485218579496745
test,2019-M006,2,680,4,0.0,0.5080622739665018
test,2019-M006,2,680,5,0.0,0.5275752843346937
test,2019-M006,2,680,6,0.0,0.3900686051303624
test,2019-M006,2,680,7,0.0,0.4726924970352141
test,2019-M006,2,680,8,0.0,0.5280847036575573
test,2019-M006,2,680,9,0.0,0.5543587159970523
test,2019-M006,2,680,10,1.0,0.560203992502792
test,2019-M006,2,680,11,0.0,0.5436237159234286
test,2019-M006,2,680,12,1.0,0.5800448960281711
test,2019-M006,2,680,13,1.0,0.5252156304611272
test,2019-M006,2,680,14,1.0,0.5418448614845933
test,2019-M006,2,680,15,1.0,0.5153481837876001
test,2019-M006,2,680,16,0.0,0.5355850242476734
test,2019-M006,2,680,17,1.0,0.4491007524641942
test,2019-M006,2,680,18,0.0,0.4370142802887577
test,2019-M006,2,680,19,1.0,0.4283162894309934
test,2019-M006,2,680,20,1.0,0.5458338806358547
test,2019-M006,2,680,21,1.0,0.5872432971482937
test,2019-M006,2,680,22,1.0,0.5851778134494156
test,2019-M006,2,680,23,1.0,0.5538005856482612
test,2019-M006,2,680,24,1.0,0.40400984468776646
test,2019-M006,2,680,25,1.0,0.4889825036418062
test,2019-M006,2,680,26,1.0,0.41038021205533437
test,2019-M006,2,680,27,0.0,0.5554396137470116
test,2019-M006,2,680,28,1.0,0.5041805847099379
test,2019-M006,2,680,29,1.0,0.43142525573609186
test,2019-M006,2,680,30,1.0,0.4022258973509965
test,2019-M006,2,680,31,1.0,0.5325564195475947
test,2019-M006,3,681,0,1.0,0.5524155367563832
test,2019-M006,3,681,1,0.0,0.5527470893659695
test,2019-M006,3,681,2,1.0,0.5409196406251472
test,2019-M006,3,681,3,0.0,0.42570659863146687
test,2019-M006,3,681,4,1.0,0.5631128559549757
test,2019-M006,3,681,5,0.0,0.571460336858529
test,2019-M006,3,681,6,0.0,0.4391068528124882
test,2019-M006,3,681,7,1.0,0.4309884049835517
test,2019-M006,3,681,8,0.0,0.547015483184947
test,2019-M006,3,681,9,0.0,0.4642571346761387
test,2019-M006,3,681,10,1.0,0.4564936273340567
test,2019-M006,3,681,11,0.0,0.48241960603777473
test,2019-M006,3,681,12,1.0,0.6017385058907619
test,2019-M006,3,681,13,0.0,0.47947266261771465
test,2019-M006,3,681,14,1.0,0.5450292760918166
test,2019-M006,3,681,15,1.0,0.6403721335063182
test,2019-M006,4,682,0,0.0,0.46061055374451204
test,2019-M006,4,682,1,0.0,0.5876011198891115
test,2019-M006,4,682,2,1.0,0.4302364900707493
test,2019-M006,4,682,3,0.0,0.6129265205061535
test,2019-M006,4,682,4,1.0,0.5189494886102458
test,2019-M006,4,682,5,0.0,0.4356634070525134
test,2019-M006,4,682,6,0.0,0.5079703238587986
test,2019-M006,4,682,7,0.0,0.5572098482872779
test,2019-M006,5,683,0,0.0,0.5766300846693678
test,2019-M006,5,683,1,1.0,0.4372747507433116
test,2019-M006,5,683,2,0.0,0.3861339953416868
test,2019-M006,5,683,3,0.0,0.4895249005482278
test,2019-M006,6,684,0,1.0,0.4663618575151531
test,2019-M006,6,684,1,1.0,0.5185385262544941
test,2019-M006,7,685,0,1.0,0.5765879639240178
test,2019-M007,1,686,0,1.0,0.41579596560122756
test,2019-M007,1,686,1,1.0,0.548155131860067
test,2019-M007,1,686,2,0.0,0.5696002945234449
test,2019-M007,1,686,3,0.0,0.6247742733891966
test,2019-M007,1,686,4,0.0,0.3709486938902014
test,2019-M007,1,686,5,0.0,0.3374869436186581
test,2019-M007,1,686,6,1.0,0.6362410949526544
test,2019-M007,1,686,7,1.0,0.5913593089225415
test,2019-M007,1,686,8,0.0,0.45690359360787314
test,2019-M007,1,686,9,1.0,0.679322143429302
test,2019-M007,1,686,10,1.0,0.46887339122959715
test,2019-M007,1,686,11,1.0,0.5750329393578586
test,2019-M007,1,686,12,1.0,0.47321496543909103
test,2019-M007,1,686,13,1.0,0.5663906566718253
test,2019-M007,1,686,14,0.0,0.5782355385927644
test,2019-M007,1,686,15,1.0,0.5403864001152896
test,2019-M007,1,686,16,0.0,0.5850624598034019
test,2019-M007,1,686,17,1.0,0.5702929978889444
test,2019-M007,1,686,18,1.0,0.691708427191344
test,2019-M007,1,686,19,1.0,0.5618563228243835
test,2019-M007,1,686,20,0.0,0.3513921431577684
test,2019-M007,1,686,21,1.0,0.3645536084985852
test,2019-M007,1,686,22,0.0,0.6168419224379414
test,2019-M007,1,686,23,0.0,0.3842551264710986
test,2019-M007,1,686,24,1.0,0.6019479055239026
test,2019-M007,1,686,25,0.0,0.4533794082614053
test,2019-M007,1,686,26,0.0,0.510110551889032
test,2019-M007,1,686,27,0.0,0.607602082603792
test,2019-M007,1,686,28,1.0,0.44657893267881676
test,2019-M007,1,686,29,0.0,0.39435268505564675
test,2019-M007,1,686,30,1.0,0.5070112941967322
test,2019-M007,1,686,31,1.0,0.5254155545464665
test,2019-M007,2,687,0,1.0,0.7654846709331977
test,2019-M007,2,687,1,1.0,0.4805853502250928
test,2019-M007,2,687,2,0.0,0.34340290744578156
test,2019-M007,2,687,3,1.0,0.8019488388871935
test,2019-M007,2,687,4,0.0,0.2848934263876327
test,2019-M007,2,687,5,1.0,0.7074087017840256
test,2019-M007,2,687,6,0.0,0.5676264724700905
test,2019-M007,2,687,7,0.0,0.01117589504558193
test,2019-M007,2,687,8,1.0,0.2113222154631303
test,2019-M007,2,687,9,0.0,0.21808456183468708
test,2019-M007,2,687,10,1.0,0.2625123795435723
test,2019-M007,2,687,11,1.0,0.4639461772642789
test,2019-M007,2,687,12,0.0,0.6473331996848274
test,2019-M007,2,687,13,0.0,0.75872315589153
test,2019-M007,2,687,14,0.0,0.06433209417471712
test,2019-M007,2,687,15,1.0,0.6987166221281893
test,2019-M007,2,687,16,0.0,0.42184644985489833
test,2019-M007,2,687,17,0.0,0.4244981953524656
test,2019-M007,2,687,18,0.0,0.32983575772469387
test,2019-M007,2,687,19,0.0,0.5002935127365942
test,2019-M007,2,687,20,1.0,0.7691439671194302
test,2019-M007,2,687,21,1.0,0.6353858083753574
test,2019-M007,2,687,22,1.0,0.48518546390101025
test,2019-M007,2,687,23,1.0,0.16552662843757707
test,2019-M007,2,687,24,1.0,0.5150458331558632
test,2019-M007,2,687,25,1.0,0.46929733590079514
test,2019-M007,2,687,26,0.0,0.8065645113146881
test,2019-M007,2,687,27,1.0,0.7714037494201192
test,2019-M007,2,687,28,1.0,0.4697693488842785
test,2019-M007,2,687,29,0.0,0.2862680403921032
test,2019-M007,2,687,30,0.0,0.3036125944306388
test,2019-M007,2,687,31,1.0,0.45062707204426633
test,2019-M007,3,688,0,0.0,0.34496629449724303
test,2019-M007,3,688,1,1.0,0.33837728219657515
test,2019-M007,3,688,2,1.0,0.5681039519153022
test,2019-M007,3,688,3,0.0,0.010400605151493205
test,2019-M007,3,688,4,1.0,0.48362022609295174
test,2019-M007,3,688,5,1.0,0.40126277940701716
test,2019-M007,3,688,6,0.0,0.45040271160956674
test,2019-M007,3,688,7,0.0,0.39365612146103024
test,2019-M007,3,688,8,1.0,0.28856317423299854
test,2019-M007,3,688,9,1.0,0.7014890706164052
test,2019-M007,3,688,10,0.0,0.3783165272251379
test,2019-M007,3,688,11,1.0,0.5973817342323998
test,2019-M007,3,688,12,0.0,0.10442695482055636
test,2019-M007,3,688,13,0.0,0.4507633190465165
test,2019-M007,3,688,14,0.0,0.747873057854913
test,2019-M007,3,688,15,0.0,0.3001853228813323
test,2019-M007,4,689,0,0.0,0.6415219901661617
test,2019-M007,4,689,1,0.0,0.5380945866752239
test,2019-M007,4,689,2,0.0,0.08616172455075266
test,2019-M007,4,689,3,0.0,0.25845684061278384
test,2019-M007,4,689,4,1.0,0.5406100228866717
test,2019-M007,4,689,5,1.0,0.6003149211348336
test,2019-M007,4,689,6,0.0,0.9703345498895678
test,2019-M007,4,689,7,0.0,0.4814556767193549
test,2019-M007,5,690,0,1.0,0.5445706956109462
test,2019-M007,5,690,1,0.0,0.18278930248163247
test,2019-M007,5,690,2,0.0,0.6553380405979263
test,2019-M007,5,690,3,1.0,0.45335309869539286
test,2019-M007,6,691,0,1.0,0.872521930513716
test,2019-M007,6,691,1,1.0,0.6968005581092088
test,2019-M007,7,692,0,0.0,0.17621721900580217
test,2019-M009,2,705,0,1.0,0.3767518759028101
test,2019-M009,2,705,1,1.0,0.5193163355087034
test,2019-M009,2,705,2,0.0,0.4298701503375518
test,2019-M009,2,705,3,1.0,0.6113902080942634
test,2019-M009,2,705,4,0.0,0.4855205980701872
test,2019-M009,2,705,5,0.0,0.5621744291374787
test,2019-M009,2,705,6,1.0,0.36159356259959713
test,2019-M009,2,705,7,1.0,0.6337074101640052
test,2019-M009,2,705,8,0.0,0.6171715108648155
test,2019-M009,2,705,9,1.0,0.8886726493110259
test,2019-M009,2,705,10,0.0,0.692610974697015
test,2019-M009,2,705,11,0.0,0.5231515855154815
test,2019-M009,2,705,12,1.0,0.33091616563463466
test,2019-M009,2,705,13,0.0,0.6061356001781577
test,2019-M009,2,705,14,1.0,0.5785800010726834
test,2019-M009,2,705,15,1.0,0.6111057933958652
test,2019-M009,2,705,16,1.0,0.40861619485127326
test,2019-M009,2,705,17,0.0,0.5786366563118573
test,2019-M009,2,705,18,0.0,0.3503026869101453
test,2019-M009,2,705,19,0.0,0.28901358895174023
test,2019-M009,2,705,20,1.0,0.6931441028482902
test,2019-M009,2,705,21,1.0,0.4503727478964367
test,2019-M009,2,705,22,0.0,0.5734558977915285
test,2019-M009,2,705,23,0.0,0.5365761022676973
test,2019-M009,3,706,0,1.0,0.5119825729842192
test,2019-M009,3,706,1,1.0,0.9645039317281487
test,2019-M009,3,706,2,1.0,0.4404655208255635
test,2019-M009,3,706,3,1.0,0.35493822282396226
test,2019-M009,3,706,4,0.0,0.28186952749895394
test,2019-M009,3,706,5,1.0,0.9740609897605605
test,2019-M009,3,706,6,1.0,0.6153956161922169
test,2019-M009,3,706,7,0.0,0.7388832256778931
test,2019-M009,3,706,8,0.0,0.4922222480813927
test,2019-M009,3,706,9,0.0,0.7921794314812
test,2019-M009,3,706,10,0.0,0.46168084027948986
test,2019-M009,3,706,11,1.0,0.21694209814118837
test,2019-M009,3,706,12,1.0,0.7847821822248628
test,2019-M009,3,706,13,0.0,0.1790281978900954
test,2019-M009,3,706,14,1.0,0.7667462602308842
test,2019-M009,3,706,15,0.0,0.09157558301379745
test,2019-M009,4,707,0,1.0,0.6191638685563889
test,2019-M009,4,707,1,1.0,0.9703322842266434
test,2019-M009,4,707,2,1.0,0.8057460868174842
test,2019-M009,4,707,3,1.0,0.7523258095166001
test,2019-M009,4,707,4,0.0,0.5124240712054073
test,2019-M009,4,707,5,0.0,0.15586648995563648
test,2019-M009,4,707,6,1.0,0.5664682550883559
test,2019-M009,4,707,7,0.0,0.019070424566327734
test,2019-M009,5,708,0,1.0,0.961658674015785
test,2019-M009,5,708,1,0.0,0.714846978436855
test,2019-M009,5,708,2,0.0,0.801111172552715
test,2019-M009,5,708,3,1.0,0.9317137032490149
test,2019-M009,6,709,0,1.0,0.9757252915685531
test,2019-M009,6,709,1,0.0,0.06779330353564077
test,2019-M009,7,710,0,0.0,0.6026753358821267
test,2019-M021,2,699,0,0.0,0.5818664219469243
test,2019-M021,2,699,1,1.0,0.6520002933098179
test,2019-M021,2,699,2,0.0,0.38586079864388567
test,2019-M021,2,699,3,0.0,0.5902832481295838
test,2019-M021,2,699,4,1.0,0.763953748384145
test,2019-M021,2,699,5,0.0,0.7398462989764967
test,2019-M021,2,699,6,1.0,0.5142372648623205
test,2019-M021,2,699,7,0.0,0.4376116900011144
test,2019-M021,2,699,8,1.0,0.38135180575693767
test,2019-M021,2,699,9,1.0,0.7352405952063029
test,2019-M021,2,699,10,1.0,0.7628979714091536
test,2019-M021,2,699,11,1.0,0.516695334428362
test,2019-M021,2,699,12,0.0,0.48032800979433765
test,2019-M021,2,699,13,1.0,0.6384433123913889
test,2019-M021,2,699,14,1.0,0.6403588077207866
test,2019-M021,2,699,15,0.0,0.7016335354135667
test,2019-M021,2,699,16,1.0,0.796790278071829
test,2019-M021,2,699,17,0.0,0.6609806264232423
test,2019-M021,2,699,18,0.0,0.6244429663321807
test,2019-M021,2,699,19,1.0,0.8167553325275161
test,2019-M021,2,699,20,1.0,0.5545944338729454
test,2019-M021,2,699,21,0.0,0.46173281740530553
test,2019-M021,2,699,22,1.0,0.26866978737588637
test,2019-M021,2,699,23,0.0,0.6611595353836657
test,2019-M021,3,700,0,0.0,0.5198843884823496
test,2019-M021,3,700,1,1.0,0.43857908157375153
test,2019-M021,3,700,2,1.0,0.6160036870885739
test,2019-M021,3,700,3,1.0,0.8207809156609195
test,2019-M021,3,700,4,1.0,0.7084938333456475
test,2019-M021,3,700,5,1.0,0.6419825152554428
test,2019-M021,3,700,6,1.0,0.8348268534404404
test,2019-M021,3,700,7,0.0,0.8008804920319563
test,2019-M021,3,700,8,1.0,0.786807767710391
test,2019-M021,3,700,9,1.0,0.4975335699050063
test,2019-M021,3,700,10,0.0,0.016628351866395105
test,2019-M021,3,700,11,1.0,0.8810908264113619
test,2019-M021,3,700,12,1.0,0.7733199161657313
test,2019-M021,3,700,13,1.0,0.4348911449296976
test,2019-M021,3,700,14,1.0,0.9705887349779448
test,2019-M021,3,700,15,0.0,0.45902504214135703
test,2019-M021,4,701,0,0.0,0.03540889709618812
test,2019-M021,4,701,1,0.0,0.5163593962561903
test,2019-M021,4,701,2,0.0,0.2594148407521205
test,2019-M021,4,701,3,0.0,0.5758566029290674
test,2019-M021,4,701,4,1.0,0.6023545311415959
test,2019-M021,4,701,5,0.0,0.14653422815948502
test,2019-M021,4,701,6,0.0,0.1532930309401905
test,2019-M021,4,701,7,0.0,0.024558334830964885
test,2019-M021,5,702,0,0.0,0.062349397730466924
test,2019-M021,5,702,1,0.0,0.08772953069562547
test,2019-M021,5,702,2,1.0,0.4099911999940395
test,2019-M021,5,702,3,1.0,0.27203433522890397
test,2019-M021,6,703,0,1.0,0.9262576046098945
test,2019-M021,6,703,1,1.0,0.04784748188163682
test,2019-M021,7,704,0,1.0,0.9598968060547052
test,2019-M024,2,731,0,0.0,0.3944140325633702
test,2019-M024,2,731,1,0.0,0.3938668094486545
test,2019-M024,2,731,2,0.0,0.4604608398776302
test,2019-M024,2,731,3,1.0,0.5941224104622728
test,2019-M024,2,731,4,1.0,0.636032754438477
test,2019-M024,2,731,5,0.0,0.33971470846893703
test,2019-M024,2,731,6,0.0,0.5844918703708778
test,2019-M024,2,731,7,0.0,0.39155222694709335
test,2019-M024,2,731,8,0.0,0.47405634522432594
test,2019-M024,2,731,9,0.0,0.42521026926685285
test,2019-M024,2,731,10,0.0,0.6832015098730994
test,2019-M024,2,731,11,1.0,0.5769312755462005
test,2019-M024,2,731,12,0.0,0.6216999869038574
test,2019-M024,2,731,13,1.0,0.3871595246937795
test,2019-M024,2,731,14,1.0,0.7014031478073985
test,2019-M024,2,731,15,1.0,0.6108500257232247
test,2019-M024,2,731,16,1.0,0.6205503108739134
test,2019-M024,2,731,17,1.0,0.7036440186309865
test,2019-M024,2,731,18,1.0,0.32105873415849223
test,2019-M024,2,731,19,0.0,0.5789136214683468
test,2019-M024,2,731,20,1.0,0.47908495657434735
test,2019-M024,2,731,21,0.0,0.6802306528027104
test,2019-M024,2,731,22,0.0,0.34692475225155994
test,2019-M024,2,731,23,0.0,0.8140252258804249
test,2019-M024,3,732,0,0.0,0.3185871001261455
test,2019-M024,3,732,1,1.0,0.5812898913271777
test,2019-M024,3,732,2,0.0,0.569464691498476
test,2019-M024,3,732,3,0.0,0.8079117218370396
test,2019-M024,3,732,4,1.0,0.6427133649607176
test,2019-M024,3,732,5,0.0,0.02924778564943986
test,2019-M024,3,732,6,1.0,0.474155437991472
test,2019-M024,3,732,7,0.0,0.5692115743215644
test,2019-M024,3,732,8,0.0,0.3818678852930456
test,2019-M024,3,732,9,1.0,0.9465058326007154
test,2019-M024,3,732,10,0.0,0.7886852176992727
test,2019-M024,3,732,11,1.0,0.5952909231019614
test,2019-M024,3,732,12,0.0,0.6477097950915884
test,2019-M024,3,732,13,1.0,0.23962771563645213
test,2019-M024,3,732,14,1.0,0.6917020865908984
test,2019-M024,3,732,15,0.0,0.299781603269815
test,2019-M024,4,733,0,0.0,0.250205120829741
test,2019-M024,4,733,1,1.0,0.9708468475177716
test,2019-M024,4,733,2,1.0,0.33712346609184535
test,2019-M024,4,733,3,1.0,0.09062315147020701
test,2019-M024,4,733,4,0.0,0.4286332899653087
test,2019-M024,4,733,5,1.0,0.545257162190641
test,2019-M024,4,733,6,1.0,0.5605649014109317
test,2019-M024,4,733,7,0.0,0.31566468131014636
test,2019-M024,5,734,0,0.0,0.022070698825231057
test,2019-M024,5,734,1,1.0,0.6065561183029582
test,2019-M024,5,734,2,0.0,0.5889273502035952
test,2019-M024,5,734,3,1.0,0.739821541142314
test,2019-M024,6,735,0,1.0,0.03901154707881617
test,2019-M024,6,735,1,0.0,0.4331750078001151
test,2019-M024,7,736,0,1.0,0.47773168251571724
test,2020-0352,2,789,0,1.0,0.5033981799808566
test,2020-0352,2,789,1,1.0,0.5511526748992643
test,2020-0352,2,789,2,0.0,0.46488145542619724
test,2020-0352,2,789,3,1.0,0.6047834097652147
test,2020-0352,2,789,4,0.0,0.304145459823332
test,2020-0352,2,789,5,1.0,0.6232790791066699
test,2020-0352,2,789,6,1.0,0.4177182013693532
test,2020-0352,2,789,7,0.0,0.5711399615143711
test,2020-0352,2,789,8,0.0,0.4538108237505797
test,2020-0352,2,789,9,0.0,0.4960121769987913
test,2020-0352,2,789,10,0.0,0.15358699675525037
test,2020-0352,2,789,11,0.0,0.5244592522698082
test,2020-0352,2,789,12,0.0,0.3727232647644315
test,2020-0352,2,789,13,1.0,0.4355959630842968
test,2020-0352,2,789,14,0.0,0.7437902519153338
test,2020-0352,2,789,15,1.0,0.5095360608302794
test,2020-0352,2,789,16,1.0,0.5140951028370464
test,2020-0352,2,789,17,0.0,0.28480505095021785
test,2020-0352,2,789,18,0.0,0.6000066893288231
test,2020-0352,2,789,19,0.0,0.49495878995532167
test,2020-0352,2,789,20,1.0,0.786305555245445
test,2020-0352,2,789,21,0.0,0.2529732505776886
test,2020-0352,2,789,22,0.0,0.5468306185142886
test,2020-0352,2,789,23,1.0,0.36077545494481
test,2020-0352,3,790,0,1.0,0.8299175665515237
test,2020-0352,3,790,1,0.0,0.7544216839511716
test,2020-0352,3,790,2,1.0,0.7301512522006333
test,2020-0352,3,790,3,1.0,0.41020560642842446
test,2020-0352,3,790,4,1.0,0.5565173431596434
test,2020-0352,3,790,5,1.0,0.5395241329304903
test,2020-0352,3,790,6,1.0,0.9773860014690933
test,2020-0352,3,790,7,0.0,0.6438821407056774
test,2020-0352,3,790,8,1.0,0.5242941062006222
test,2020-0352,3,790,9,0.0,0.7672232096694743
test,2020-0352,3,790,10,1.0,0.7706915570665684
test,2020-0352,3,790,11,0.0,0.45725954119022705
test,2020-0352,3,790,12,1.0,0.8629635808746472
test,2020-0352,3,790,13,0.0,0.338236903411125
test,2020-0352,3,790,14,1.0,0.5514531150231237
test,2020-0352,3,790,15,0.0,0.4063670297679687
test,2020-0352,4,791,0,1.0,0.9820132957529941
test,2020-0352,4,791,1,0.0,0.323705700105001
test,2020-0352,4,791,2,0.0,0.2989733399873245
test,2020-0352,4,791,3,1.0,0.7231212716793445
test,2020-0352,4,791,4,1.0,0.7599747419704793
test,2020-0352,4,791,5,0.0,0.29541868765811075
test,2020-0352,4,791,6,0.0,0.7896238481127529
test,2020-0352,4,791,7,1.0,0.7894228185091319
test,2020-0352,5,792,0,1.0,0.9693771035787798
test,2020-0352,5,792,1,1.0,0.33618080285379737
test,2020-0352,5,792,2,1.0,0.468969716919707
test,2020-0352,5,792,3,1.0,0.7214009119722351
test,2020-0352,6,793,0,0.0,0.9502894979106639
test,2020-0352,6,793,1,0.0,0.5327362085768287
test,2020-0352,7,794,0,0.0,0.6119163846581287
test,2020-520,1,782,0,1.0,0.27325236985221685
test,2020-520,1,782,1,0.0,0.23379381588281378
test,2020-520,1,782,2,1.0,0.7607436437683135
test,2020-520,1,782,3,1.0,0.32012930405931406
test,2020-520,1,782,4,1.0,0.5709784148113912
test,2020-520,1,782,5,1.0,0.23544584265726456
test,2020-520,1,782,6,0.0,0.46342467015890343
test,2020-520,1,782,7,0.0,0.45488450318131135
test,2020-520,1,782,8,1.0,0.6798998321788938
test,2020-520,1,782,9,0.0,0.5006968738933397
test,2020-520,1,782,10,0.0,0.4932454963158971
test,2020-520,1,782,11,1.0,0.5934537469913487
test,2020-520,1,782,12,1.0,0.5055977747969763
test,2020-520,1,782,13,0.0,0.5397506783138394
test,2020-520,1,782,14,0.0,0.3919884778689117
test,2020-520,1,782,15,0.0,0.1642550228737603
test,2020-520,1,782,16,0.0,0.011952106570143742
test,2020-520,1,782,17,0.0,0.008074020768126527
test,2020-520,1,782,18,1.0,0.5676760284622692
test,2020-520,1,782,19,1.0,0.5519702838365199
test,2020-520,1,782,20,1.0,0.6724792174272254
test,2020-520,1,782,21,1.0,0.3941883190462762
test,2020-520,1,782,22,1.0,0.5526668484394323
test,2020-520,1,782,23,1.0,0.4716376867648954
test,2020-520,1,782,24,1.0,0.31369117177951755
test,2020-520,1,782,25,0.0,0.4538471721962665
test,2020-520,1,782,26,1.0,0.40386873602147044
test,2020-520,1,782,27,1.0,0.24721997908400994
test,2020-520,1,782,28,1.0,0.5840488483538725
test,2020-520,1,782,29,0.0,0.4205508889437297
test,2020-520,1,782,30,1.0,0.5948034941386227
test,2020-520,1,782,31,0.0,0.5139860039836823
test,2020-520,1,782,32,0.0,0.41387059570996676
test,2020-520,1,782,33,0.0,0.22754200784566836
test,2020-520,1,782,34,1.0,0.6208643719115442
test,2020-520,1,782,35,0.0,0.609035904226534
test,2020-520,1,782,36,1.0,0.38882067128893805
test,2020-520,1,782,37,1.0,0.48968174899137873
test,2020-520,1,782,38,1.0,0.3846280059181557
test,2020-520,1,782,39,1.0,0.7042527101102332
test,2020-520,1,782,40,0.0,0.4209088708422897
test,2020-520,1,782,41,0.0,0.46048766256021806
test,2020-520,1,782,42,0.0,0.36512984916160135
test,2020-520,1,782,43,1.0,0.6017442168077817
test,2020-520,1,782,44,0.0,0.568742138465887
test,2020-520,1,782,45,1.0,0.473740556204202
test,2020-520,1,782,46,1.0,0.5578549606969334
test,2020-520,1,782,47,1.0,0.49350474042579995
test,2020-520,1,782,48,0.0,0.6067859580299174
test,2020-520,1,782,49,0.0,0.7453058737458591
test,2020-520,1,782,50,1.0,0.25362316033789667
test,2020-520,1,782,51,1.0,0.4326012440310234
test,2020-520,1,782,52,1.0,0.6750518575082868
test,2020-520,1,782,53,0.0,0.3896886003842132
test,2020-520,1,782,54,0.0,0.7515473452009125
test,2020-520,1,782,55,0.0,0.2157923008356644
test,2020-520,1,782,56,0.0,0.3630410107347164
test,2020-520,1,782,57,1.0,0.62817652534084
test,2020-520,1,782,58,0.0,0.7087888062516657
test,2020-520,1,782,59,1.0,0.7936592226174584
test,2020-520,1,782,60,0.0,0.6458394091501214
test,2020-520,1,782,61,1.0,0.4128226009032334
test,2020-520,1,782,62,1.0,0.4923876892136294
test,2020-520,1,782,63,1.0,0.7175043831592227
test,2020-520,2,783,0,0.0,0.7365305780738356
test,2020-520,2,783,1,0.0,0.010763235442167259
test,2020-520,2,783,2,0.0,0.6727337989149378
test,2020-520,2,783,3,0.0,0.3793394345479022
test,2020-520,2,783,4,1.0,0.7199552177363231
test,2020-520,2,783,5,0.0,0.15659455890202806
test,2020-520,2,783,6,1.0,0.6001250388753794
test,2020-520,2,783,7,0.0,0.3859550686498984
test,2020-520,2,783,8,0.0,0.4814117352416482
test,2020-520,2,783,9,1.0,0.4877257256946576
test,2020-520,2,783,10,0.0,0.39841131514658107
test,2020-520,2,783,11,1.0,0.7186029121344597
test,2020-520,2,783,12,0.0,0.7674322693757373
test,2020-520,2,783,13,0.0,0.17806416130427427
test,2020-520,2,783,14,1.0,0.6097198997025275
test,2020-520,2,783,15,1.0,0.7104701342736465
test,2020-520,2,783,16,0.0,0.015657809521912446
test,2020-520,2,783,17,1.0,0.2046248325027696
test,2020-520,2,783,18,1.0,0.2158522920138547
test,2020-520,2,783,19,1.0,0.40742157547804336
test,2020-520,2,783,20,0.0,0.35986158582311256
test,2020-520,2,783,21,0.0,0.678484928329862
test,2020-520,2,783,22,1.0,0.5214583386557986
test,2020-520,2,783,23,1.0,0.7459457719642257
test,2020-520,2,783,24,1.0,0.8457423014982637
test,2020-520,2,783,25,0.0,0.41355939439436856
test,2020-520,2,783,26,0.0,0.6595009653083008
test,2020-520,2,783,27,1.0,0.87150533019449
test,2020-520,2,783,28,1.0,0.7920568131230805
test,2020-520,2,783,29,0.0,0.43180695856206863
test,2020-520,2,783,30,0.0,0.4934157419126107
test,2020-520,2,783,31,1.0,0.5351602774206539
test,2020-520,3,784,0,1.0,0.5189141627070297
test,2020-520,3,784,1,0.0,0.37385990675974007
test,2020-520,3,784,2,0.0,0.645452419506024
test,2020-520,3,784,3,0.0,0.6432936725913478
test,2020-520,3,784,4,1.0,0.6607085581608091
test,2020-520,3,784,5,0.0,0.0072084759272812785
test,2020-520,3,784,6,1.0,0.7777673493441636
test,2020-520,3,784,7,0.0,0.23679221740265077
test,2020-520,3,784,8,1.0,0.41497434811939504
test,2020-520,3,784,9,1.0,0.7545114994226159
test,2020-520,3,784,10,0.0,0.019867944770758428
test,2020-520,3,784,11,0.0,0.5362788840515851
test,2020-520,3,784,12,0.0,0.44606619504959877
test,2020-520,3,784,13,1.0,0.7500946475753312
test,2020-520,3,784,14,0.0,0.16326819510618087
test,2020-520,3,784,15,0.0,0.9055712663325519
test,2020-520,4,785,0,0.0,0.013723950711365202
test,2020-520,4,785,1,0.0,0.7665638710335467
test,2020-520,4,785,2,1.0,0.8924767230555201
test,2020-520,4,785,3,1.0,0.7281676616440151
test,2020-520,4,785,4,1.0,0.6160038680902742
test,2020-520,4,785,5,1.0,0.7048459244002345
test,2020-520,4,785,6,0.0,0.03310721635187448
test,2020-520,4,785,7,1.0,0.5060431298448281
test,2020-520,5,786,0,1.0,0.2907702064616965
test,2020-520,5,786,1,1.0,0.9783590261412622
test,2020-520,5,786,2,1.0,0.590459353578372
test,2020-520,5,786,3,0.0,0.025713827119826966
test,2020-520,6,787,0,0.0,0.052526913601809985
test,2020-520,6,787,1,0.0,0.04140711653534267
test,2020-520,7,788,0,0.0,0.6040726414741193
test,2020-560,1,769,0,1.0,0.4708848320301037
test,2020-560,1,769,1,1.0,0.5378173096820396
test,2020-560,1,769,2,0.0,0.4765151536270958
test,2020-560,1,769,3,1.0,0.4678852109725197
test,2020-560,1,769,4,0.0,0.5799345189128341
test,2020-560,1,769,5,1.0,0.5534386954845723
test,2020-560,1,769,6,1.0,0.6114026832705508
test,2020-560,1,769,7,1.0,0.5195459953780626
test,2020-560,1,769,8,0.0,0.5963043732195633
test,2020-560,1,769,9,1.0,0.49827544779888033
test,2020-560,1,769,10,1.0,0.53737942761085
test,2020-560,1,769,11,1.0,0.6135321989082302
test,2020-560,1,769,12,0.0,0.4851870145643629
test,2020-560,1,769,13,1.0,0.5989447570185366
test,2020-560,1,769,14,0.0,0.4406957171663279
test,2020-560,1,769,15,1.0,0.5158717019890939
test,2020-560,1,769,16,1.0,0.5405058356454693
test,2020-560,1,769,17,1.0,0.3955400856275387
test,2020-560,1,769,18,0.0,0.5342779530200324
test,2020-560,1,769,19,1.0,0.41081078780811864
test,2020-560,1,769,20,1.0,0.5795614943479163
test,2020-560,1,769,21,0.0,0.44310064188786635
test,2020-560,1,769,22,1.0,0.4933474835317588
test,2020-560,1,769,23,0.0,0.4980127696499964
test,2020-560,1,769,24,1.0,0.5217034314854748
test,2020-560,1,769,25,1.0,0.5384987752704532
test,2020-560,1,769,26,1.0,0.6005830936413707
test,2020-560,1,769,27,1.0,0.4371450916999556
test,2020-560,1,769,28,0.0,0.47415389351958653
test,2020-560,1,769,29,0.0,0.3971255515964206
test,2020-560,1,769,30,0.0,0.5619611978812176
test,2020-560,1,769,31,1.0,0.6413835210259791
test,2020-560,1,769,32,0.0,0.35942225895181557
test,2020-560,1,769,33,0.0,0.47427006643906955
test,2020-560,1,769,34,0.0,0.40600661941275756
test,2020-560,1,769,35,0.0,0.5456143852904196
test,2020-560,1,769,36,1.0,0.6571062004226941
test,2020-560,1,769,37,1.0,0.5230572061361337
test,2020-560,1,769,38,1.0,0.4450518014054064
test,2020-560,1,769,39,1.0,0.5865872513621877
test,2020-560,1,769,40,0.0,0.4154589458220299
test,2020-560,1,769,41,1.0,0.5620627488305594
test,2020-560,1,769,42,0.0,0.566173302937465
test,2020-560,1,769,43,0.0,0.4631923566304681
test,2020-560,1,769,44,1.0,0.576777494056051
test,2020-560,1,769,45,0.0,0.5507117584570117
test,2020-560,1,769,46,0.0,0.47864204323776316
test,2020-560,1,769,47,1.0,0.5960106681158135
test,2020-560,1,769,48,0.0,0.5895894401427171
test,2020-560,1,769,49,0.0,0.44448590190322573
test,2020-560,1,769,50,1.0,0.5965357095153597
test,2020-560,1,769,51,1.0,0.6100587627514912
test,2020-560,1,769,52,0.0,0.3882340337327657
test,2020-560,1,769,53,1.0,0.5413570882692913
test,2020-560,1,769,54,0.0,0.4145950624423376
test,2020-560,1,769,55,0.0,0.6206521751828099
test,2020-560,1,769,56,1.0,0.42111771650994145
test,2020-560,1,769,57,1.0,0.6156883075169854
test,2020-560,1,769,58,0.0,0.3827587914046184
test,2020-560,1,769,59,0.0,0.46799329495135733
test,2020-560,1,769,60,0.0,0.5650327897471233
test,2020-560,1,769,61,1.0,0.6193542672304347
test,2020-560,1,769,62,0.0,0.6238008846575748
test,2020-560,1,769,63,0.0,0.3745574622798503
test,2020-560,2,770,0,0.0,0.3534473022809002
test,2020-560,2,770,1,1.0,0.6423890654517718
test,2020-560,2,770,2,0.0,0.5285206024879712
test,2020-560,2,770,3,0.0,0.42493927493169664
test,2020-560,2,770,4,0.0,0.3435940021198541
test,2020-560,2,770,5,0.0,0.5235786683099201
test,2020-560,2,770,6,1.0,0.5505178983598398
test,2020-560,2,770,7,1.0,0.452864159491297
test,2020-560,2,770,8,1.0,0.6015476719993859
test,2020-560,2,770,9,0.0,0.3765850918064571
test,2020-560,2,770,10,0.0,0.36400538190535336
test,2020-560,2,770,11,1.0,0.5423406987685495
test,2020-560,2,770,12,0.0,0.560508617812424
test,2020-560,2,770,13,1.0,0.5710033312726809
test,2020-560,2,770,14,1.0,0.6208341454709625
test,2020-560,2,770,15,0.0,0.3409294166543102
test,2020-560,2,770,16,1.0,0.4935635088727499
test,2020-560,2,770,17,0.0,0.45651445219904296
test,2020-560,2,770,18,1.0,0.6477755763000063
test,2020-560,2,770,19,0.0,0.5710811979145041
test,2020-560,2,770,20,1.0,0.48730895986013706
test,2020-560,2,770,21,0.0,0.5371697086272663
test,2020-560,2,770,22,0.0,0.42491587938403547
test,2020-560,2,770,23,0.0,0.4406164181448671
test,2020-560,2,770,24,0.0,0.4192968602833
test,2020-560,2,770,25,1.0,0.5706414248918129
test,2020-560,2,770,26,0.0,0.4764536348438154
test,2020-560,2,770,27,1.0,0.40406675236520045
test,2020-560,2,770,28,1.0,0.5981822509210729
test,2020-560,2,770,29,1.0,0.4806054677464073
test,2020-560,2,770,30,0.0,0.42198446073081336
test,2020-560,2,770,31,0.0,0.3556880454949235
test,2020-560,3,771,0,0.0,0.5831129453877045
test,2020-560,3,771,1,1.0,0.4524412349520197
test,2020-560,3,771,2,0.0,0.4235541873496731
test,2020-560,3,771,3,1.0,0.5371142119583829
test,2020-560,3,771,4,0.0,0.444325186702706
test,2020-560,3,771,5,1.0,0.644495246050351
test,2020-560,3,771,6,1.0,0.5275729071830398
test,2020-560,3,771,7,1.0,0.4805569966105928
test,2020-560,3,771,8,0.0,0.44390827316251774
test,2020-560,3,771,9,1.0,0.56781302363117
test,2020-560,3,771,10,0.0,0.5803718439734211
test,2020-560,3,771,11,0.0,0.468861882936205
test,2020-560,3,771,12,0.0,0.5593068739419036
test,2020-560,3,771,13,0.0,0.4326030194051995
test,2020-560,3,771,14,0.0,0.49865189301505425
test,2020-560,3,771,15,0.0,0.4979540919628357
test,2020-560,4,772,0,1.0,0.5688614248476209
test,2020-560,4,772,1,1.0,0.4819492512917426
test,2020-560,4,772,2,0.0,0.44211028490912496
test,2020-560,4,772,3,0.0,0.39723966502947544
test,2020-560,4,772,4,1.0,0.5334263998768153
test,2020-560,4,772,5,1.0,0.5247962800178475
test,2020-560,4,772,6,0.0,0.4794763571029227
test,2020-560,4,772,7,0.0,0.5295957018725868
test,2020-560,5,773,0,1.0,0.5261615817085975
test,2020-560,5,773,1,1.0,0.4922332405531669
test,2020-560,5,773,2,0.0,0.5257635401377425
test,2020-560,5,773,3,0.0,0.4998827770833953
test,2020-560,6,774,0,1.0,0.4862959010744459
test,2020-560,6,774,1,0.0,0.5263670375275344
test,2020-560,7,775,0,1.0,0.49889352817874766
test,2020-580,1,756,0,1.0,0.8024075343094308
test,2020-580,1,756,1,1.0,0.4468494281112227
test,2020-580,1,756,2,0.0,0.36424294372706306
test,2020-580,1,756,3,0.0,0.2558786677009603
test,2020-580,1,756,4,0.0,0.4433033737028539
test,2020-580,1,756,5,0.0,0.4166465861002776
test,2020-580,1,756,6,0.0,0.36290249064132063
test,2020-580,1,756,7,1.0,0.8555050064123849
test,2020-580,1,756,8,1.0,0.511311829035209
test,2020-580,1,756,9,0.0,0.4999582043350055
test,2020-580,1,756,10,1.0,0.770530168511529
test,2020-580,1,756,11,1.0,0.3190539882487157
test,2020-580,1,756,12,0.0,0.4167309271389966
test,2020-580,1,756,13,0.0,0.6003021391058109
test,2020-580,1,756,14,1.0,0.7085718368030925
test,2020-580,1,756,15,1.0,0.7779573684013266
test,2020-580,1,756,16,1.0,0.7872288348170914
test,2020-580,1,756,17,1.0,0.732033755499757
test,2020-580,1,756,18,1.0,0.6916270040356569
test,2020-580,1,756,19,0.0,0.39068746211607397
test,2020-580,1,756,20,1.0,0.5650314016653212
test,2020-580,1,756,21,1.0,0.7715583604589951
test,2020-580,1,756,22,1.0,0.973805631830985
test,2020-580,1,756,23,0.0,0.4218080500030187
test,2020-580,1,756,24,0.0,0.4754539112454946
test,2020-580,1,756,25,0.0,0.332520729272455
test,2020-580,1,756,26,1.0,0.7270314655810336
test,2020-580,1,756,27,0.0,0.41046190227308477
test,2020-580,1,756,28,1.0,0.4475490702402019
test,2020-580,1,756,29,0.0,0.010372183040806672
test,2020-580,1,756,30,1.0,0.34624227538896263
test,2020-580,1,756,31,0.0,0.5976237349354192
test,2020-580,1,756,32,0.0,0.6199236631360499
test,2020-580,1,756,33,1.0,0.69149551134047
test,2020-580,1,756,34,0.0,0.24946750818267202
test,2020-580,1,756,35,1.0,0.5585926391424839
test,2020-580,1,756,36,1.0,0.5337183887206871
test,2020-580,1,756,37,0.0,0.5482957867133482
test,2020-580,1,756,38,0.0,0.668962742624694
test,2020-580,1,756,39,1.0,0.5244926061793265
test,2020-580,1,756,40,1.0,0.7390338111824207
test,2020-580,1,756,41,1.0,0.43251934615864335
test,2020-580,1,756,42,0.0,0.17516769061877
test,2020-580,1,756,43,1.0,0.6751984620553817
test,2020-580,1,756,44,0.0,0.18318331251268755
test,2020-580,1,756,45,1.0,0.6200635441773055
test,2020-580,1,756,46,0.0,0.2580087906629654
test,2020-580,1,756,47,0.0,0.21228162597062344
test,2020-580,1,756,48,1.0,0.6152546602873908
test,2020-580,1,756,49,0.0,0.32523272223459143
test,2020-580,1,756,50,1.0,0.6007924006081921
test,2020-580,1,756,51,1.0,0.9266063005468839
test,2020-580,1,756,52,1.0,0.5011970880632938
test,2020-580,1,756,53,1.0,0.45092045857467783
test,2020-580,1,756,54,1.0,0.6972569294510361
test,2020-580,1,756,55,0.0,0.38229646024563035
test,2020-580,1,756,56,0.0,0.28551997906538773
test,2020-580,1,756,57,0.0,0.4238335538044183
test,2020-580,1,756,58,0.0,0.7027582585219289
test,2020-580,1,756,59,0.0,0.45611123995300684
test,2020-580,1,756,60,0.0,0.674384607541674
test,2020-580,1,756,61,1.0,0.7893602041623692
test,2020-580,1,756,62,0.0,0.3250756581591229
test,2020-580,1,756,63,1.0,0.6025879571317662
test,2020-580,2,757,0,1.0,0.4754497696125153
test,2020-580,2,757,1,1.0,0.732013884522177
test,2020-580,2,757,2,0.0,0.3540829674711353
test,2020-580,2,757,3,0.0,0.8276560351197045
test,2020-580,2,757,4,1.0,0.9122749368729317
test,2020-580,2,757,5,0.0,0.31155421151283264
test,2020-580,2,757,6,1.0,0.6901500338446053
test,2020-580,2,757,7,0.0,0.26166690490461536
test,2020-580,2,757,8,1.0,0.8039171171791577
test,2020-580,2,757,9,1.0,0.7471637965567731
test,2020-580,2,757,10,1.0,0.6372432758971055
test,2020-580,2,757,11,0.0,0.4002773831940595
test,2020-580,2,757,12,0.0,0.29302232676241813
test,2020-580,2,757,13,1.0,0.6712345094057157
test,2020-580,2,757,14,0.0,0.15183358175032569
test,2020-580,2,757,15,0.0,0.2573259882065127
test,2020-580,2,757,16,1.0,0.6753087285002501
test,2020-580,2,757,17,1.0,0.7396923407899341
test,2020-580,2,757,18,1.0,0.834573143254894
test,2020-580,2,757,19,0.0,0.204513861645148
test,2020-580,2,757,20,1.0,0.6111211988223872
test,2020-580,2,757,21,1.0,0.8477340560118137
test,2020-580,2,757,22,1.0,0.879100287261781
test,2020-580,2,757,23,1.0,0.4091183611438018
test,2020-580,2,757,24,0.0,0.5140378678341536
test,2020-580,2,757,25,1.0,0.557820821390305
test,2020-580,2,757,26,0.0,0.2263727407816779
test,2020-580,2,757,27,0.0,0.4691760600779072
test,2020-580,2,757,28,1.0,0.4366364817175071
test,2020-580,2,757,29,1.0,0.9919882278496218
test,2020-580,2,757,30,0.0,0.30979932054670245
test,2020-580,2,757,31,0.0,0.01464597602265788
test,2020-580,3,758,0,1.0,0.560882566391969
test,2020-580,3,758,1,1.0,0.4088920369217554
test,2020-580,3,758,2,0.0,0.01935312324223992
test,2020-580,3,758,3,0.0,0.40980830765657633
test,2020-580,3,758,4,0.0,0.5338044026227253
test,2020-580,3,758,5,0.0,0.08622688556332767
test,2020-580,3,758,6,0.0,0.404040026668242
test,2020-580,3,758,7,1.0,0.686129314200902
test,2020-580,3,758,8,0.0,0.6460740892555508
test,2020-580,3,758,9,1.0,0.4998289128003501
test,2020-580,3,758,10,0.0,0.6566603851832845
test,2020-580,3,758,11,0.0,0.2649689585785991
test,2020-580,3,758,12,1.0,0.7384705289713719
test,2020-580,3,758,13,0.0,0.20508938343577915
test,2020-580,3,758,14,0.0,0.2894175832162272
test,2020-580,3,758,15,0.0,0.030670239446607836
test,2020-580,4,759,0,0.0,0.030055700103564047
test,2020-580,4,759,1,1.0,0.38983119266731914
test,2020-580,4,759,2,0.0,0.08193895977922314
test,2020-580,4,759,3,0.0,0.7257590304361977
test,2020-580,4,759,4,1.0,0.6199759126764852
test,2020-580,4,759,5,0.0,0.35960214699709186
test,2020-580,4,759,6,0.0,0.31876857351491744
test,2020-580,4,759,7,0.0,0.029696000320756345
test,2020-580,5,760,0,0.0,0.04411595443317224
test,2020-580,5,760,1,0.0,0.08844428077094421
test,2020-580,5,760,2,1.0,0.3426888063816493
test,2020-580,5,760,3,1.0,0.08506016839794439
test,2020-580,6,761,0,1.0,0.8337356383933444
test,2020-580,6,761,1,0.0,0.34219255765096335
test,2020-580,7,762,0,0.0,0.09541019660957624
test,2020-M009,2,776,0,1.0,0.41830157531406365
test,2020-M009,2,776,1,1.0,0.3975383147104652
test,2020-M009,2,776,2,1.0,0.48312725157145053
test,2020-M009,2,776,3,0.0,0.9005895761867887
test,2020-M009,2,776,4,0.0,0.6111838573928325
test,2020-M009,2,776,5,0.0,0.39872544564454737
test,2020-M009,2,776,6,0.0,0.27957145092439395
test,2020-M009,2,776,7,1.0,0.7353160443451979
test,2020-M009,2,776,8,1.0,0.5013086820526793
test,2020-M009,2,776,9,0.0,0.45954439051258855
test,2020-M009,2,776,10,1.0,0.3380110520623425
test,2020-M009,2,776,11,1.0,0.5156708844871561
test,2020-M009,2,776,12,0.0,0.16667487043388018
test,2020-M009,2,776,13,1.0,0.6665456834471716
test,2020-M009,2,776,14,0.0,0.7354978090138458
test,2020-M009,2,776,15,0.0,0.7134009325215825
test,2020-M009,2,776,16,0.0,0.15115169351664684
test,2020-M009,2,776,17,0.0,0.5603036885741749
test,2020-M009,2,776,18,1.0,0.27175993094829504
test,2020-M009,2,776,19,1.0,0.6540938043083416
test,2020-M009,2,776,20,0.0,0.6250779927462304
test,2020-M009,2,776,21,0.0,0.7470856472926803
test,2020-M009,2,776,22,0.0,0.24254918072656298
test,2020-M009,3,777,0,0.0,0.7581124213680216
test,2020-M009,3,777,1,1.0,0.4034105584730235
test,2020-M009,3,777,2,0.0,0.43933008880668445
test,2020-M009,3,777,3,0.0,0.7634772054704432
test,2020-M009,3,777,4,0.0,0.274057451204385
test,2020-M009,3,777,5,1.0,0.7675919034131125
test,2020-M009,3,777,6,1.0,0.2524064481205602
test,2020-M009,3,777,7,1.0,0.549589783876133
test,2020-M009,3,777,8,0.0,0.4925407265352744
test,2020-M009,3,777,9,1.0,0.2856411864609332
test,2020-M009,3,777,10,1.0,0.6450999274634825
test,2020-M009,3,777,11,1.0,0.2489317758407991
test,2020-M009,3,777,12,0.0,0.8434071158227718
test,2020-M009,3,777,13,0.0,0.431104553521614
test,2020-M009,3,777,14,1.0,0.990427778166962
test,2020-M009,3,777,15,1.0,0.966347083163814
test,2020-M009,4,778,0,1.0,0.5725869981378717
test,2020-M009,4,778,1,0.0,0.01942224850700929
test,2020-M009,4,778,2,0.0,0.02179244806313717
test,2020-M009,4,778,3,1.0,0.5942403923561086
test,2020-M009,4,778,4,0.0,0.23271139631583385
test,2020-M009,4,778,5,1.0,0.7101373172165406
test,2020-M009,4,778,6,0.0,0.8211587837648023
test,2020-M009,4,778,7,0.0,0.43839496205384515
test,2020-M009,5,779,0,1.0,0.9893804971666209
test,2020-M009,5,779,1,1.0,0.4690111439618659
test,2020-M009,5,779,2,1.0,0.4506279831295224
test,2020-M009,5,779,3,0.0,0.9671967769050209
test,2020-M009,6,780,0,1.0,0.9867570190398925
test,2020-M009,6,780,1,0.0,0.5331707247611243
test,2020-M009,7,781,0,0.0,0.03132369235055221
test,2020-M024,2,763,0,1.0,0.7977660623112967
test,2020-M024,2,763,1,1.0,0.5290259926853564
test,2020-M024,2,763,2,0.0,0.4273508436998021
test,2020-M024,2,763,3,1.0,0.5568466358135437
test,2020-M024,2,763,4,0.0,0.6503831759585678
test,2020-M024,2,763,5,1.0,0.6040038098771388
test,2020-M024,2,763,6,1.0,0.566242144372002
test,2020-M024,2,763,7,1.0,0.44317499387212594
test,2020-M024,2,763,8,1.0,0.46373093637457136
test,2020-M024,2,763,9,0.0,0.242025653584979
test,2020-M024,2,763,10,0.0,0.3993645324671176
test,2020-M024,2,763,11,0.0,0.20524768056520618
test,2020-M024,2,763,12,1.0,0.5000092221982289
test,2020-M024,2,763,13,1.0,0.5676226270509319
test,2020-M024,2,763,14,0.0,0.3309072589172454
test,2020-M024,2,763,15,1.0,0.6251390561201257
test,2020-M024,2,763,16,0.0,0.5240379306077235
test,2020-M024,2,763,17,0.0,0.4630568745793447
test,2020-M024,2,763,18,1.0,0.7781829485364642
test,2020-M024,2,763,19,0.0,0.39895648487612617
test,2020-M024,2,763,20,1.0,0.37720230879183525
test,2020-M024,2,763,21,1.0,0.6478968311614794
test,2020-M024,2,763,22,0.0,0.3888735535113276
test,2020-M024,2,763,23,1.0,0.6522057811213494
test,2020-M024,3,764,0,0.0,0.7390130654341966
test,2020-M024,3,764,1,0.0,0.8442903313583925
test,2020-M024,3,764,2,1.0,0.7063272669711576
test,2020-M024,3,764,3,0.0,0.40878773960312453
test,2020-M024,3,764,4,1.0,0.6120421582844814
test,2020-M024,3,764,5,1.0,0.5818477250004435
test,2020-M024,3,764,6,0.0,0.5921373128177114
test,2020-M024,3,764,7,1.0,0.527599362290263
test,2020-M024,3,764,8,0.0,0.44670539561061734
test,2020-M024,3,764,9,0.0,0.5719308072309207
test,2020-M024,3,764,10,0.0,0.21914706948345414
test,2020-M024,3,764,11,1.0,0.668670829927176
test,2020-M024,3,764,12,0.0,0.5718234225200663
test,2020-M024,3,764,13,0.0,0.5406871225989355
test,2020-M024,3,764,14,1.0,0.9895268903190796
test,2020-M024,3,764,15,0.0,0.37730716612293547
test,2020-M024,4,765,0,1.0,0.9833528429320654
test,2020-M024,4,765,1,0.0,0.26842444343755123
test,2020-M024,4,765,2,0.0,0.4568404238180737
test,2020-M024,4,765,3,0.0,0.4809470271877871
test,2020-M024,4,765,4,0.0,0.4190783018738016
test,2020-M024,4,765,5,0.0,0.6478309522161104
test,2020-M024,4,765,6,0.0,0.47631770434213744
test,2020-M024,4,765,7,0.0,0.6572704327848599
test,2020-M024,5,766,0,1.0,0.9728655237808456
test,2020-M024,5,766,1,1.0,0.5406487268234917
test,2020-M024,5,766,2,1.0,0.6817515535466917
test,2020-M024,5,766,3,0.0,0.31378812439610143
test,2020-M024,6,767,0,1.0,0.9564758751508435
test,2020-M024,6,767,1,1.0,0.5098598215740222
test,2020-M024,7,768,0,1.0,0.9592709588608891
train,2011-1536,2,27,0,0.0,0.2923751318564561
train,2011-1536,2,27,1,0.0,0.42720836254124195
train,2011-1536,2,27,2,1.0,0.13498915667201353
train,2011-1536,2,27,3,0.0,0.4649717551508836
train,2011-1536,2,27,4,0.0,0.6602825779804149
train,2011-1536,2,27,5,1.0,0.5864689904226636
train,2011-1536,2,27,6,0.0,0.4818008574506672
train,2011-1536,2,27,7,1.0,0.18826115848820033
train,2011-1536,2,27,8,0.0,0.46241663657163334
train,2011-1536,2,27,9,0.0,0.6068002160311984
train,2011-1536,2,27,10,1.0,0.3862938445696387
train,2011-1536,2,27,11,0.0,0.7795515979295783
train,2011-1536,2,27,12,1.0,0.7047307185465715
train,2011-1536,2,27,13,1.0,0.6292410562378998
train,2011-1536,2,27,14,0.0,0.49622520132135434
train,2011-1536,2,27,15,0.0,0.3760979282391617
train,2011-1536,2,27,16,0.0,0.713860352634798
train,2011-1536,2,27,17,1.0,0.38499380832429436
train,2011-1536,2,27,18,0.0,0.5112796025271955
train,2011-1536,2,27,19,0.0,0.587522585010739
train,2011-1536,2,27,20,0.0,0.4884592239006286
train,2011-1536,2,27,21,1.0,0.5498745652448306
train,2011-1536,2,27,22,0.0,0.45256538244153727
train,2011-1536,2,27,23,0.0,0.6742309300418615
train,2011-1536,3,28,0,0.0,0.04281215358093137
train,2011-1536,3,28,1,1.0,0.5108008670592344
train,2011-1536,3,28,2,0.0,0.5775154467902528
train,2011-1536,3,28,3,0.0,0.10321009306815661
train,2011-1536,3,28,4,1.0,0.8159597036323233
train,2011-1536,3,28,5,0.0,0.6353111730483657
train,2011-1536,3,28,6,0.0,0.19342957638357228
train,2011-1536,3,28,7,1.0,0.792298758528248
train,2011-1536,3,28,8,1.0,0.774003738184193
train,2011-1536,3,28,9,0.0,0.6240815723088703
train,2011-1536,3,28,10,0.0,0.46797565875014885
train,2011-1536,3,28,11,0.0,0.04504364523894551
train,2011-1536,3,28,12,1.0,0.24881299671090007
train,2011-1536,3,28,13,0.0,0.3434221986734539
train,2011-1536,3,28,14,1.0,0.5633683270187668
train,2011-1536,3,28,15,0.0,0.021719303803931955
train,2011-1536,4,29,0,0.0,0.026862409961293285
train,2011-1536,4,29,1,0.0,0.4018172673771199
train,2011-1536,4,29,2,1.0,0.5624989631037872
train,2011-1536,4,29,3,1.0,0.7404514992494666
train,2011-1536,4,29,4,1.0,0.10512080811304747
train,2011-1536,4,29,5,0.0,0.14284631313825707
train,2011-1536,4,29,6,0.0,0.05275670662960476
train,2011-1536,4,29,7,0.0,0.035361366532246856
train,2011-1536,5,30,0,1.0,0.9856393825786567
train,2011-1536,5,30,1,0.0,0.10324978867684698
train,2011-1536,5,30,2,1.0,0.2119434624060821
train,2011-1536,5,30,3,1.0,0.7840603883782564
train,2011-1536,6,31,0,0.0,0.23344549228824604
train,2011-1536,6,31,1,0.0,0.05485538930866472
train,2011-1536,7,32,0,1.0,0.159328969882927
train,2011-352,2,78,0,0.0,0.5346280177569249
train,2011-352,2,78,1,0.0,0.3504574153992937
train,2011-352,2,78,2,0.0,0.4065240817053254
train,2011-352,2,78,3,1.0,0.44112765100280904
train,2011-352,2,78,4,1.0,0.633053907644332
train,2011-352,2,78,5,1.0,0.4817088697082907
train,2011-352,2,78,6,0.0,0.4305770335757267
train,2011-352,2,78,7,0.0,0.49191028408848597
train,2011-352,2,78,8,0.0,0.4719097185086755
train,2011-352,2,78,9,0.0,0.4177450203650134
train,2011-352,2,78,10,0.0,0.5361388740610573
train,2011-352,2,78,11,0.0,0.6853256840643748
train,2011-352,2,78,12,1.0,0.5693145909789075
train,2011-352,2,78,13,1.0,0.3755587768881401
train,2011-352,2,78,14,1.0,0.5303422161325758
train,2011-352,2,78,15,1.0,0.33767914486893374
train,2011-352,3,79,0,1.0,0.9732569673380498
train,2011-352,3,79,1,1.0,0.38912701227680135
train,2011-352,3,79,2,1.0,0.6462709822620079
train,2011-352,3,79,3,0.0,0.2859764814199398
train,2011-352,3,79,4,0.0,0.39440037725489074
train,2011-352,3,79,5,0.0,0.09140477614720156
train,2011-352,3,79,6,0.0,0.4431072956077726
train,2011-352,3,79,7,0.0,0.3255363596586121
train,2011-352,3,79,8,1.0,0.9719531612164047
train,2011-352,3,79,9,1.0,0.5542117883829714
train,2011-352,3,79,10,0.0,0.6352663769087417
train,2011-352,3,79,11,1.0,0.8185865422038647
train,2011-352,3,79,12,0.0,0.6168469260076903
train,2011-352,3,79,13,1.0,0.6744120357197955
train,2011-352,3,79,14,1.0,0.414561686746127
train,2011-352,3,79,15,0.0,0.1953065818520369
train,2011-352,4,80,0,1.0,0.9050347112030358
train,2011-352,4,80,1,1.0,0.699541809815594
train,2011-352,4,80,2,0.0,0.24706621426096095
train,2011-352,4,80,3,1.0,0.3247753119461904
train,2011-352,4,80,4,1.0,0.7247492080834201
train,2011-352,4,80,5,0.0,0.02347826539867041
train,2011-352,4,80,6,0.0,0.1919699395353423
train,2011-352,4,80,7,0.0,0.5397370551859741
train,2011-352,5,81,0,0.0,0.07474870516703627
train,2011-352,5,81,1,0.0,0.6954748963987316
train,2011-352,5,81,2,0.0,0.9125959804785543
train,2011-352,5,81,3,1.0,0.29935272889920506
train,2011-352,6,82,0,0.0,0.17333768862300156
train,2011-352,6,82,1,1.0,0.7862738383378493
train,2011-352,7,83,0,0.0,0.1984631233842455
train,2011-403,1,14,0,0.0,0.5430500487489651
train,2011-403,1,14,1,1.0,0.5913119353504847
train,2011-403,1,14,2,1.0,0.4996882854132157
train,2011-403,1,14,3,1.0,0.47213395429958116
train,2011-403,1,14,4,0.0,0.517995944572903
train,2011-403,1,14,5,1.0,0.5101820442906524
train,2011-403,1,14,6,1.0,0.623314456250519
train,2011-403,1,14,7,1.0,0.5136909854463507
train,2011-403,1,14,8,0.0,0.3646221858450716
train,2011-403,1,14,9,1.0,0.5719651301917731
train,2011-403,1,14,10,0.0,0.35198496660945355
train,2011-403,1,14,11,1.0,0.4874635606766995
train,2011-403,1,14,12,0.0,0.45782884767265924
train,2011-403,1,14,13,0.0,0.5626629965999742
train,2011-403,1,14,14,0.0,0.44298508172079926
train,2011-403,1,14,15,0.0,0.4818940097723531
train,2011-403,1,14,16,1.0,0.5666172905633239
train,2011-403,1,14,17,1.0,0.622338893112108
train,2011-403,1,14,18,1.0,0.4539918573405444
train,2011-403,1,14,19,0.0,0.37009540879981806
train,2011-403,1,14,20,1.0,0.3167494853760765
train,2011-403,1,14,21,1.0,0.5398447215343573
train,2011-403,1,14,22,1.0,0.5068530931446751
train,2011-403,1,14,23,1.0,0.802900628617235
train,2011-403,1,14,24,0.0,0.41943791629540816
train,2011-403,1,14,25,1.0,0.66602644749275
train,2011-403,1,14,26,0.0,0.6071306289491646
train,2011-403,1,14,27,1.0,0.4888534175962856
train,2011-403,1,14,28,1.0,0.4786942477785003
train,2011-403,1,14,29,0.0,0.8013624176733621
train,2011-403,1,14,30,1.0,0.6089631252915146
train,2011-403,1,14,31,1.0,0.36579818901636635
train,2011-403,2,15,0,0.0,0.38800082596018204
train,2011-403,2,15,1,0.0,0.047588612044038345
train,2011-403,2,15,2,1.0,0.6483038921291039
train,2011-403,2,15,3,0.0,0.3684522449542044
train,2011-403,2,15,4,1.0,0.820581737492136
train,2011-403,2,15,5,0.0,0.559536284217934
train,2011-403,2,15,6,0.0,0.5251429009073078
train,2011-403,2,15,7,1.0,0.04816069825012484
train,2011-403,2,15,8,1.0,0.5414972388389168
train,2011-403,2,15,9,1.0,0.7040224439975312
train,2011-403,2,15,10,0.0,0.4291467397247604
train,2011-403,2,15,11,1.0,0.2184486693621588
train,2011-403,2,15,12,0.0,0.4268563176646339
train,2011-403,2,15,13,1.0,0.49403332969774805
train,2011-403,2,15,14,1.0,0.14873565110325068
train,2011-403,2,15,15,0.0,0.12747241175846416
train,2011-403,2,15,16,0.0,0.8632917200855278
train,2011-403,2,15,17,1.0,0.3886763084417453
train,2011-403,2,15,18,0.0,0.33902033706981094
train,2011-403,2,15,19,0.0,0.6567135026596976
train,2011-403,2,15,20,1.0,0.6987138300227954
train,2011-403,2,15,21,1.0,0.2637963685892465
train,2011-403,2,15,22,0.0,0.39160726539436885
train,2011-403,2,15,23,1.0,0.9507839199528763
train,2011-403,2,15,24,1.0,0.27977647511350306
train,2011-403,2,15,25,1.0,0.5814608077365658
train,2011-403,2,15,26,1.0,0.7129655155809346
train,2011-403,2,15,27,1.0,0.7598609578068403
train,2011-403,2,15,28,0.0,0.11357544711108615
train,2011-403,2,15,29,1.0,0.6004048198765504
train,2011-403,2,15,30,1.0,0.9831681242126353
train,2011-403,2,15,31,0.0,0.46479773642399086
train,2011-403,3,16,0,0.0,0.11765956456961453
train,2011-403,3,16,1,0.0,0.6434161644323975
train,2011-403,3,16,2,0.0,0.565844821152809
train,2011-403,3,16,3,1.0,0.9618437984684073
train,2011-403,3,16,4,0.0,0.02098616139007506
train,2011-403,3,16,5,1.0,0.3043360661445524
train,2011-403,3,16,6,0.0,0.46536567700145937
train,2011-403,3,16,7,0.0,0.14022666491520502
train,2011-403,3,16,8,0.0,0.07426905041499846
train,2011-403,3,16,9,0.0,0.46203767844328925
train,2011-403,3,16,10,1.0,0.6334481070369953
train,2011-403,3,16,11,0.0,0.6022113527198851
train,2011-403,3,16,12,1.0,0.5507470954798468
train,2011-403,3,16,13,1.0,0.39166875719083843
train,2011-403,3,16,14,1.0,0.6544360588847393
train,2011-403,3,16,15,1.0,0.49888547886430046
train,2011-403,4,17,0,1.0,0.9782471131956579
train,2011-403,4,17,1,0.0,0.06195526320914271
train,2011-403,4,17,2,1.0,0.44021840617710606
train,2011-403,4,17,3,0.0,0.5482030269411732
train,2011-403,4,17,4,1.0,0.8372961620211091
train,2011-403,4,17,5,1.0,0.5494459715596375
train,2011-403,4,17,6,1.0,0.7627023988759686
train,2011-403,4,17,7,1.0,0.9782956056964233
train,2011-403,5,18,0,1.0,0.9555836635704951
train,2011-403,5,18,1,0.0,0.6817711121591006
train,2011-403,5,18,2,1.0,0.9547260702524359
train,2011-403,5,18,3,1.0,0.9296945844935922
train,2011-403,6,19,0,1.0,0.8775625393338896
train,2011-403,6,19,1,0.0,0.3566177361151465
train,2011-403,7,20,0,1.0,0.2019841134074522
train,2011-404,1,7,0,1.0,0.5821229426119345
train,2011-404,1,7,1,1.0,0.5053285914036063
train,2011-404,1,7,2,1.0,0.5017330566423573
train,2011-404,1,7,3,1.0,0.5443818593624575
train,2011-404,1,7,4,0.0,0.4119806559947336
train,2011-404,1,7,5,1.0,0.4950596689755725
train,2011-404,1,7,6,0.0,0.4166853506660137
train,2011-404,1,7,7,0.0,0.44163961972098503
train,2011-404,1,7,8,1.0,0.569982824611965
train,2011-404,1,7,9,0.0,0.5683981898191047
train,2011-404,1,7,10,1.0,0.4785035017212165
train,2011-404,1,7,11,1.0,0.4166918425251722
train,2011-404,1,7,12,0.0,0.437269362121422
train,2011-404,1,7,13,1.0,0.607558652523949
train,2011-404,1,7,14,1.0,0.5073768753969125
train,2011-404,1,7,15,1.0,0.4749119451101255
train,2011-404,1,7,16,1.0,0.5194247710450345
train,2011-404,1,7,17,0.0,0.4469031842196465
train,2011-404,1,7,18,0.0,0.4838526732997574
train,2011-404,1,7,19,1.0,0.4649729426346537
train,2011-404,1,7,20,1.0,0.4991828033982999
train,2011-404,1,7,21,0.0,0.5974196376082124
train,2011-404,1,7,22,1.0,0.4538132668348024
train,2011-404,1,7,23,0.0,0.4273642729859104
train,2011-404,1,7,24,1.0,0.4357409949722224
train,2011-404,1,7,25,0.0,0.5464299920022475
train,2011-404,1,7,26,1.0,0.5083413744442467
train,2011-404,1,7,27,1.0,0.5884059637697042
train,2011-404,1,7,28,1.0,0.4283924512885397
train,2011-404,1,7,29,1.0,0.4955811454448185
train,2011-404,1,7,30,1.0,0.5481853066774207
train,2011-404,1,7,31,1.0,0.5244702097154289
train,2011-404,2,8,0,1.0,0.45010863273111024
train,2011-404,2,8,1,1.0,0.4484388846009266
train,2011-404,2,8,2,0.0,0.5244833777030882
train,2011-404,2,8,3,0.0,0.5928669220880942
train,2011-404,2,8,4,0.0,0.4276197931061816
train,2011-404,2,8,5,0.0,0.4562265925708007
train,2011-404,2,8,6,1.0,0.5147595766842972
train,2011-404,2,8,7,1.0,0.5844171799750548
train,2011-404,2,8,8,0.0,0.4423614244261009
train,2011-404,2,8,9,0.0,0.4886165232026016
train,2011-404,2,8,10,0.0,0.4208991633552957
train,2011-404,2,8,11,0.0,0.4462642485614889
train,2011-404,2,8,12,0.0,0.43225855326358714
train,2011-404,2,8,13,1.0,0.5419393283932668
train,2011-404,2,8,14,1.0,0.5882627140099329
train,2011-404,2,8,15,0.0,0.5404701751579014
train,2011-404,2,8,16,1.0,0.5746396903104232
train,2011-404,2,8,17,0.0,0.43021440105870834
train,2011-404,2,8,18,0.0,0.5609582102346692
train,2011-404,2,8,19,1.0,0.6119906081305931
train,2011-404,2,8,20,1.0,0.43370922425712954
train,2011-404,2,8,21,0.0,0.4521086996337721
train,2011-404,2,8,22,1.0,0.6332020981763116
train,2011-404,2,8,23,0.0,0.4163538703347555
train,2011-404,2,8,24,0.0,0.5591510783831323
train,2011-404,2,8,25,0.0,0.5024684956166849
train,2011-404,2,8,26,1.0,0.5684656511888085
train,2011-404,2,8,27,0.0,0.5437062917568222
train,2011-404,2,8,28,1.0,0.5050576737298322
train,2011-404,2,8,29,1.0,0.4303358225995006
train,2011-404,2,8,30,0.0,0.381885663657987
train,2011-404,2,8,31,0.0,0.5839293494067677
train,2011-404,3,9,0,1.0,0.5010562868550756
train,2011-404,3,9,1,0.0,0.560943842699214
train,2011-404,3,9,2,0.0,0.5213924526485325
train,2011-404,3,9,3,0.0,0.5620439449861455
train,2011-404,3,9,4,1.0,0.45392063377563563
train,2011-404,3,9,5,1.0,0.5401188106045642
train,2011-404,3,9,6,1.0,0.45613871498135916
train,2011-404,3,9,7,0.0,0.4183745375472859
train,2011-404,3,9,8,1.0,0.4661731092285129
train,2011-404,3,9,9,1.0,0.5173418554656001
train,2011-404,3,9,10,0.0,0.5115659298463611
train,2011-404,3,9,11,0.0,0.4786250055406019
train,2011-404,3,9,12,0.0,0.4395018617632328
train,2011-404,3,9,13,0.0,0.5602236170022898
train,2011-404,3,9,14,1.0,0.5435206520980163
train,2011-404,3,9,15,1.0,0.4362919948705669
train,2011-404,4,10,0,0.0,0.4940422932787713
train,2011-404,4,10,1,0.0,0.4928028919473518
train,2011-404,4,10,2,1.0,0.43177325499550484
train,2011-404,4,10,3,1.0,0.5516465262563598
train,2011-404,4,10,4,0.0,0.4648161392969609
train,2011-404,4,10,5,0.0,0.5650760526112508
train,2011-404,4,10,6,1.0,0.5384132045492519
train,2011-404,4,10,7,0.0,0.47965684168318806
train,2011-404,5,11,0,1.0,0.4191529254123708
train,2011-404,5,11,1,0.0,0.5573068819193417
train,2011-404,5,11,2,1.0,0.42709835562433585
train,2011-404,5,11,3,0.0,0.5567148671798279
train,2011-404,6,12,0,0.0,0.48735610751618125
train,2011-404,6,12,1,0.0,0.5169042687640902
train,2011-404,7,13,0,0.0,0.48570398366695694
train,2011-410,2,21,0,0.0,0.5921710697087507
train,2011-410,2,21,1,1.0,0.667860191416578
train,2011-410,2,21,2,0.0,0.3765100378086297
train,2011-410,2,21,3,1.0,0.6285625964859689
train,2011-410,2,21,4,0.0,0.4586517734222154
train,2011-410,2,21,5,1.0,0.5058019221959124
train,2011-410,2,21,6,0.0,0.5253796695288299
train,2011-410,2,21,7,0.0,0.3592359939741817
train,2011-410,2,21,8,1.0,0.4384077639690519
train,2011-410,2,21,9,0.0,0.5543788664355982
train,2011-410,2,21,10,0.0,0.5060516949082
train,2011-410,2,21,11,1.0,0.6930528913348097
train,2011-410,2,21,12,1.0,0.46672840926280496
train,2011-410,2,21,13,0.0,0.34661696293698163
train,2011-410,2,21,14,0.0,0.49204225881761904
train,2011-410,2,21,15,0.0,0.30357134808752023
train,2011-410,2,21,16,0.0,0.5402529001373128
train,2011-410,2,21,17,1.0,0.6888680746732069
train,2011-410,2,21,18,0.0,0.35839023749566257
train,2011-410,2,21,19,0.0,0.7980930036981884
train,2011-410,2,21,20,0.0,0.49166512221567804
train,2011-410,2,21,21,0.0,0.6441138949705365
train,2011-410,2,21,22,0.0,0.49400321696650373
train,2011-410,2,21,23,0.0,0.5870300556207738
train,2011-410,3,22,0,0.0,0.054888572550242605
train,2011-410,3,22,1,1.0,0.6510084662647274
train,2011-410,3,22,2,1.0,0.33265182300029555
train,2011-410,3,22,3,1.0,0.7454393868373324
train,2011-410,3,22,4,1.0,0.34277161092414493
train,2011-410,3,22,5,1.0,0.37417462047717837
train,2011-410,3,22,6,0.0,0.22155817502911965
train,2011-410,3,22,7,0.0,0.30528627146277415
train,2011-410,3,22,8,1.0,0.7169315100056168
train,2011-410,3,22,9,0.0,0.2721454158308407
train,2011-410,3,22,10,0.0,0.19347701510549548
train,2011-410,3,22,11,0.0,0.17604182459238712
train,2011-410,3,22,12,0.0,0.45113517957683275
train,2011-410,3,22,13,0.0,0.3984838571644962
train,2011-410,3,22,14,0.0,0.012083538226405755
train,2011-410,3,22,15,0.0,0.6305703605837761
train,2011-410,4,23,0,0.0,0.022871463337104485
train,2011-410,4,23,1,1.0,0.8235268986727892
train,2011-410,4,23,2,1.0,0.24636830253917433
train,2011-410,4,23,3,0.0,0.6245654023981182
train,2011-410,4,23,4,0.0,0.16533190007456455
train,2011-410,4,23,5,1.0,0.5283145059476118
train,2011-410,4,23,6,1.0,0.9466907036641273
train,2011-410,4,23,7,1.0,0.24250765150444434
train,2011-410,5,24,0,0.0,0.022326254816844877
train,2011-410,5,24,1,0.0,0.08946376550416194
train,2011-410,5,24,2,0.0,0.21608543983550182
train,2011-410,5,24,3,0.0,0.9415746487594219
train,2011-410,6,25,0,0.0,0.35512808399946
train,2011-410,6,25,1,1.0,0.8963611640905949
train,2011-410,7,26,0,1.0,0.942197656854854
train,2011-416,2,33,0,1.0,0.49171513930565103
train,2011-416,2,33,1,1.0,0.5089725828461727
train,2011-416,2,33,2,0.0,0.2837390800242894
train,2011-416,2,33,3,0.0,0.3228804876688539
train,2011-416,2,33,4,0.0,0.4232046811148427
train,2011-416,2,33,5,0.0,0.44429270049751346
train,2011-416,2,33,6,0.0,0.3798888832993016
train,2011-416,2,33,7,0.0,0.36121720149875536
train,2011-416,2,33,8,0.0,0.4142587590590945
train,2011-416,2,33,9,0.0,0.49566742087592913
train,2011-416,2,33,10,0.0,0.42362288780840335
train,2011-416,2,33,11,0.0,0.6453933885256603
train,2011-416,2,33,12,0.0,0.5736443539592685
train,2011-416,2,33,13,1.0,0.6493423761928395
train,2011-416,2,33,14,1.0,0.4716311240862016
train,2011-416,2,33,15,1.0,0.4404152585859505
train,2011-416,2,33,16,1.0,0.7219661997751441
train,2011-416,2,33,17,0.0,0.4571721473435483
train,2011-416,2,33,18,1.0,0.6577537825242623
train,2011-416,2,33,19,0.0,0.5134800498534513
train,2011-416,2,33,20,0.0,0.6321648384844667
train,2011-416,2,33,21,1.0,0.29683768518002124
train,2011-416,2,33,22,1.0,0.3474225538002677
train,2011-416,2,33,23,0.0,0.22577588150572653
train,2011-416,3,34,0,1.0,0.7423007523096349
train,2011-416,3,34,1,0.0,0.38888872505256966
train,2011-416,3,34,2,1.0,0.4876383039755606
train,2011-416,3,34,3,1.0,0.8705423021939916
train,2011-416,3,34,4,0.0,0.4036063183118707
train,2011-416,3,34,5,1.0,0.3188008580896206
train,2011-416,3,34,6,0.0,0.6056324244025305
train,2011-416,3,34,7,0.0,0.2653432489221219
train,2011-416,3,34,8,0.0,0.5003544607489895
train,2011-416,3,34,9,0.0,0.025359976022245594
train,2011-416,3,34,10,0.0,0.6360865861112893
train,2011-416,3,34,11,0.0,0.08384519296155435
train,2011-416,3,34,12,0.0,0.2569886759308247
train,2011-416,3,34,13,0.0,0.558739434192735
train,2011-416,3,34,14,0.0,0.41271088254002564
train,2011-416,3,34,15,1.0,0.9938488790149647
train,2011-416,4,35,0,1.0,0.985888516707755
train,2011-416,4,35,1,0.0,0.9413561593575942
train,2011-416,4,35,2,1.0,0.810683080897065
train,2011-416,4,35,3,1.0,0.9147770190407343
train,2011-416,4,35,4,1.0,0.632495705702106
train,2011-416,4,35,5,1.0,0.9144199372805122
train,2011-416,4,35,6,0.0,0.5593042289457717
train,2011-416,4,35,7,0.0,0.36825379272047254
train,2011-416,5,36,0,1.0,0.9809046826037199
train,2011-416,5,36,1,1.0,0.34187401205116735
train,2011-416,5,36,2,1.0,0.8159493944318195
train,2011-416,5,36,3,1.0,0.8876216098385699
train,2011-416,6,37,0,1.0,0.9773453299362501
train,2011-416,6,37,1,1.0,0.7931949688276562
train,2011-416,7,38,0,0.0,0.7698025458968677
train,2011-421,2,53,0,0.0,0.5519567717239966
train,2011-421,2,53,1,1.0,0.7692300193599235
train,2011-421,2,53,2,0.0,0.37181331279359225
train,2011-421,2,53,3,0.0,0.29251160103673823
train,2011-421,2,53,4,1.0,0.6944334243229454
train,2011-421,2,53,5,1.0,0.3790241826310532
train,2011-421,2,53,6,0.0,0.4468691525003241
train,2011-421,2,53,7,1.0,0.3513819615849578
train,2011-421,2,53,8,1.0,0.48578928367727875
train,2011-421,2,53,9,1.0,0.8113036532019647
train,2011-421,2,53,10,0.0,0.39322057984615577
train,2011-421,2,53,11,1.0,0.6021572765797912
train,2011-421,2,53,12,1.0,0.3252367844822555
train,2011-421,2,53,13,1.0,0.42147577664096025
train,2011-421,2,53,14,0.0,0.5286686443184478
train,2011-421,2,53,15,1.0,0.47560736532567444
train,2011-421,2,53,16,1.0,0.817025388679459
train,2011-421,2,53,17,0.0,0.4323060551643026
train,2011-421,2,53,18,1.0,0.47575926086609643
train,2011-421,2,53,19,0.0,0.3038052938387081
train,2011-421,2,53,20,0.0,0.44319381380718803
train,2011-421,2,53,21,0.0,0.565880313475647
train,2011-421,2,53,22,1.0,0.5600686492557272
train,2011-421,2,53,23,1.0,0.3469974881469578
train,2011-421,3,54,0,1.0,0.009427973047943395
train,2011-421,3,54,1,1.0,0.2754605495414191
train,2011-421,3,54,2,0.0,0.479786776864978
train,2011-421,3,54,3,1.0,0.7545884857515414
train,2011-421,3,54,4,1.0,0.10720136625444063
train,2011-421,3,54,5,0.0,0.40703796989879787
train,2011-421,3,54,6,0.0,0.5380141699579897
train,2011-421,3,54,7,0.0,0.3355319022619471
train,2011-421,3,54,8,0.0,0.3468387333254471
train,2011-421,3,54,9,1.0,0.755412191482579
train,2011-421,3,54,10,1.0,0.8176001803484808
train,2011-421,3,54,11,0.0,0.01713265974166217
train,2011-421,3,54,12,1.0,0.502076158929533
train,2011-421,3,54,13,1.0,0.7310945839779438
train,2011-421,3,54,14,1.0,0.46085751838437267
train,2011-421,3,54,15,1.0,0.9409618825963851
train,2011-421,4,55,0,0.0,0.049906102802042766
train,2011-421,4,55,1,1.0,0.1385444125394712
train,2011-421,4,55,2,1.0,0.44472107794883137
train,2011-421,4,55,3,0.0,0.3327122021251106
train,2011-421,4,55,4,1.0,0.6662069716169232
train,2011-421,4,55,5,0.0,0.27200818576643376
train,2011-421,4,55,6,1.0,0.49629887344649726
train,2011-421,4,55,7,1.0,0.6461907281460868
train,2011-421,5,56,0,0.0,0.30434311721362545
train,2011-421,5,56,1,0.0,0.05797179397948157
train,2011-421,5,56,2,1.0,0.49939254905237485
train,2011-421,5,56,3,1.0,0.2789986202347766
train,2011-421,6,57,0,1.0,0.8892531275475196
train,2011-421,6,57,1,1.0,0.6284961187067244
train,2011-421,7,58,0,0.0,0.056578368947670904
train,2011-422,2,59,0,0.0,0.5197028598080401
train,2011-422,2,59,1,0.0,0.41918547456940813
train,2011-422,2,59,2,1.0,0.3958168513901341
train,2011-422,2,59,3,1.0,0.5472919433431632
train,2011-422,2,59,4,0.0,0.47276646613017004
train,2011-422,2,59,5,0.0,0.32268535854078995
train,2011-422,2,59,6,1.0,0.39679608137601907
train,2011-422,2,59,7,0.0,0.560551688974922
train,2011-422,2,59,8,1.0,0.6805188313865939
train,2011-422,2,59,9,0.0,0.5277576537665671
train,2011-422,2,59,10,0.0,0.4732430102945661
train,2011-422,2,59,11,0.0,0.5313197703875945
train,2011-422,2,59,12,0.0,0.7533462464163561
train,2011-422,2,59,13,1.0,0.5186873074274906
train,2011-422,2,59,14,1.0,0.7413961559483725
train,2011-422,2,59,15,1.0,0.5108503219436228
train,2011-422,2,59,16,0.0,0.27466491255728887
train,2011-422,2,59,17,1.0,0.43512546709697475
train,2011-422,2,59,18,0.0,0.33380991500045243
train,2011-422,2,59,19,1.0,0.7089610982972268
train,2011-422,2,59,20,1.0,0.6394000939956339
train,2011-422,2,59,21,0.0,0.463832057816098
train,2011-422,2,59,22,0.0,0.2857959521437806
train,2011-422,2,59,23,1.0,0.4840477221862755
train,2011-422,3,60,0,1.0,0.9868798955444436
train,2011-422,3,60,1,0.0,0.30976566321992727
train,2011-422,3,60,2,0.0,0.34359263791740635
train,2011-422,3,60,3,0.0,0.45979387735642646
train,2011-422,3,60,4,1.0,0.5958256108425746
train,2011-422,3,60,5,1.0,0.15415076904993086
train,2011-422,3,60,6,1.0,0.5935166643238915
train,2011-422,3,60,7,0.0,0.15884389063016355
train,2011-422,3,60,8,0.0,0.2817180549132843
train,2011-422,3,60,9,0.0,0.19503564777687116
train,2011-422,3,60,10,0.0,0.4383651196456537
train,2011-422,3,60,11,1.0,0.9158731589580917
train,2011-422,3,60,12,0.0,0.3237084441959961
train,2011-422,3,60,13,1.0,0.5429368459849752
train,2011-422,3,60,14,1.0,0.6141457292177591
train,2011-422,3,60,15,0.0,0.019917840033919665
train,2011-422,4,61,0,1.0,0.958059205955582
train,2011-422,4,61,1,0.0,0.4715509085607692
train,2011-422,4,61,2,1.0,0.6264585628836824
train,2011-422,4,61,3,1.0,0.36960890385892803
train,2011-422,4,61,4,0.0,0.1280533393264515
train,2011-422,4,61,5,1.0,0.5199399295027319
train,2011-422,4,61,6,0.0,0.03667963818483046
train,2011-422,4,61,7,0.0,0.05213949851678542
train,2011-422,5,62,0,0.0,0.05602092972537605
train,2011-422,5,62,1,0.0,0.8689804846249191
train,2011-422,5,62,2,1.0,0.760696220618964
train,2011-422,5,62,3,1.0,0.030104917028015776
train,2011-422,6,63,0,1.0,0.908945242935774
train,2011-422,6,63,1,0.0,0.31521582571188417
train,2011-422,7,64,0,1.0,0.15538034386171823
train,2011-5014,2,72,0,0.0,0.5516550248170685
train,2011-5014,2,72,1,0.0,0.4744894870322092
train,2011-5014,2,72,2,1.0,0.5149613836456751
train,2011-5014,2,72,3,1.0,0.552794908318825
train,2011-5014,2,72,4,1.0,0.4652442794632254
train,2011-5014,2,72,5,1.0,0.5002185179178215
train,2011-5014,2,72,6,1.0,0.6495741200505059
train,2011-5014,2,72,7,1.0,0.48572181340756077
train,2011-5014,2,72,8,0.0,0.4995235259753309
train,2011-5014,2,72,9,1.0,0.6497030185986604
train,2011-5014,2,72,10,0.0,0.47759143579562185
train,2011-5014,2,72,11,1.0,0.4944852631255071
train,2011-5014,2,72,12,1.0,0.6489599477359833
train,2011-5014,2,72,13,0.0,0.6323566544885858
train,2011-5014,2,72,14,0.0,0.39006949805009783
train,2011-5014,2,72,15,0.0,0.5281538210811504
train,2011-5014,2,72,16,1.0,0.4681253172460061
train,2011-5014,2,72,17,0.0,0.4740934959718475
train,2011-5014,2,72,18,1.0,0.5325703047218941
train,2011-5014,2,72,19,0.0,0.5097189191070082
train,2011-5014,2,72,20,1.0,0.43936639889618306
train,2011-5014,2,72,21,1.0,0.4766470579515778
train,2011-5014,2,72,22,1.0,0.5475448723778181
train,2011-5014,2,72,23,0.0,0.5643764226679797
train,2011-5014,3,73,0,1.0,0.5752548422730759
train,2011-5014,3,73,1,0.0,0.600582805194009
train,2011-5014,3,73,2,0.0,0.43483569636919456
train,2011-5014,3,73,3,1.0,0.4669425557215726
train,2011-5014,3,73,4,0.0,0.456640082650962
train,2011-5014,3,73,5,1.0,0.6035019765979341
train,2011-5014,3,73,6,0.0,0.5769602780080796
train,2011-5014,3,73,7,1.0,0.507562919237943
train,2011-5014,3,73,8,1.0,0.5488076579625566
train,2011-5014,3,73,9,1.0,0.438265355133626
train,2011-5014,3,73,10,1.0,0.4885545086714322
train,2011-5014,3,73,11,1.0,0.5547026846674283
train,2011-5014,3,73,12,1.0,0.5122977238519789
train,2011-5014,3,73,13,0.0,0.4810266061351285
train,2011-5014,3,73,14,0.0,0.45045651099725453
train,2011-5014,3,73,15,0.0,0.529563853159464
train,2011-5014,4,74,0,0.0,0.4150958006482194
train,2011-5014,4,74,1,1.0,0.42456890797729013
train,2011-5014,4,74,2,1.0,0.511399937029184
train,2011-5014,4,74,3,1.0,0.423928872875458
train,2011-5014,4,74,4,1.0,0.5359757699534962
train,2011-5014,4,74,5,0.0,0.4557573426806398
train,2011-5014,4,74,6,0.0,0.6261273583200807
train,2011-5014,4,74,7,1.0,0.4657686068178039
train,2011-5014,5,75,0,0.0,0.543456925229256
train,2011-5014,5,75,1,1.0,0.5683744655540784
train,2011-5014,5,75,2,1.0,0.49116839271766505
train,2011-5014,5,75,3,0.0,0.41500951158519667
train,2011-5014,6,76,0,0.0,0.4719360276932595
train,2011-5014,6,76,1,0.0,0.5639762557736987
train,2011-5014,7,77,0,1.0,0.4360804460291321
train,2011-520,1,39,0,1.0,0.6917528559884962
train,2011-520,1,39,1,1.0,0.5974097609331395
train,2011-520,1,39,2,0.0,0.4506656175542781
train,2011-520,1,39,3,1.0,0.5283833360186831
train,2011-520,1,39,4,0.0,0.5253133208528942
train,2011-520,1,39,5,1.0,0.2993654461809858
train,2011-520,1,39,6,1.0,0.6760975561419155
train,2011-520,1,39,7,0.0,0.598142995965826
train,2011-520,1,39,8,1.0,0.4083327866501174
train,2011-520,1,39,9,0.0,0.3906944707823278
train,2011-520,1,39,10,0.0,0.5525836228862947
train,2011-520,1,39,11,1.0,0.5287259220963736
train,2011-520,1,39,12,1.0,0.5759772262542068
train,2011-520,1,39,13,1.0,0.9417751136172708
train,2011-520,1,39,14,1.0,0.817269039183762
train,2011-520,1,39,15,1.0,0.6258278966314551
train,2011-520,1,39,16,0.0,0.4969205822367357
train,2011-520,1,39,17,0.0,0.31480609358855877
train,2011-520,1,39,18,0.0,0.28584739319552466
train,2011-520,1,39,19,1.0,0.6559722644735262
train,2011-520,1,39,20,1.0,0.7698154467919969
train,2011-520,1,39,21,1.0,0.6924978409187229
train,2011-520,1,39,22,1.0,0.5753672802082169
train,2011-520,1,39,23,0.0,0.34208974417403143
train,2011-520,1,39,24,1.0,0.3933242085504317
train,2011-520,1,39,25,0.0,0.18289304702066295
train,2011-520,1,39,26,0.0,0.6300254862964585
train,2011-520,1,39,27,0.0,0.5307874656731698
train,2011-520,1,39,28,0.0,0.011471001417004084
train,2011-520,1,39,29,1.0,0.9769494265607576
train,2011-520,1,39,30,0.0,0.43884792329303
train,2011-520,1,39,31,1.0,0.5035004388617
train,2011-520,1,39,32,0.0,0.5300069220463257
train,2011-520,1,39,33,1.0,0.8333408990924909
train,2011-520,1,39,34,1.0,0.33525204529729724
train,2011-520,1,39,35,1.0,0.7558557881738347
train,2011-520,1,39,36,0.0,0.35703140491416985
train,2011-520,1,39,37,1.0,0.6026479729190164
train,2011-520,1,39,38,0.0,0.4317892976356212
train,2011-520,1,39,39,1.0,0.5965256767107746
train,2011-520,1,39,40,1.0,0.7720329362588296
train,2011-520,1,39,41,1.0,0.4760201810362434
train,2011-520,1,39,42,0.0,0.4669747780564817
train,2011-520,1,39,43,0.0,0.7605986346900246
train,2011-520,1,39,44,1.0,0.5943823990240305
train,2011-520,1,39,45,1.0,0.34233433595702145
train,2011-520,1,39,46,1.0,0.5029229719795429
train,2011-520,1,39,47,0.0,0.860187667650434
train,2011-520,1,39,48,1.0,0.5842760452510402
train,2011-520,1,39,49,1.0,0.4901221532578736
train,2011-520,1,39,50,1.0,0.5421080108284934
train,2011-520,1,39,51,1.0,0.9471057245151612
train,2011-520,1,39,52,1.0,0.6763686888565753
train,2011-520,1,39,53,0.0,0.37697158439915524
train,2011-520,1,39,54,1.0,0.3184463928894
train,2011-520,1,39,55,1.0,0.47044052906438844
train,2011-520,1,39,56,1.0,0.7963757463486542
train,2011-520,1,39,57,0.0,0.42079083088646774
train,2011-520,1,39,58,0.0,0.5832285966422069
train,2011-520,1,39,59,0.0,0.44859492025132336
train,2011-520,1,39,60,0.0,0.2034693210863059
train,2011-520,1,39,61,0.0,0.3593597185155552
train,2011-520,1,39,62,0.0,0.5826849111220075
train,2011-520,1,39,63,1.0,0.8139635903158728
train,2011-520,2,40,0,1.0,0.781926025819106
train,2011-520,2,40,1,1.0,0.6111627637899919
train,2011-520,2,40,2,1.0,0.8111166652989966
train,2011-520,2,40,3,1.0,0.6779607592146393
train,2011-520,2,40,4,0.0,0.016432358806351792
train,2011-520,2,40,5,0.0,0.28919415925009234
train,2011-520,2,40,6,1.0,0.5978247935059594
train,2011-520,2,40,7,1.0,0.5815545538199679
train,2011-520,2,40,8,1.0,0.7053107276016585
train,2011-520,2,40,9,0.0,0.4613215557899116
train,2011-520,2,40,10,0.0,0.6169202457029235
train,2011-520,2,40,11,1.0,0.5622465175285807
train,2011-520,2,40,12,1.0,0.46125885082713197
train,2011-520,2,40,13,0.0,0.2808265519604696
train,2011-520,2,40,14,0.0,0.8166793856081277
train,2011-520,2,40,15,1.0,0.4898819165249576
train,2011-520,2,40,16,0.0,0.6533832681250905
train,2011-520,2,40,17,1.0,0.5501081780114679
train,2011-520,2,40,18,0.0,0.35781431804281594
train,2011-520,2,40,19,1.0,0.6969890696193307
train,2011-520,2,40,20,0.0,0.5460759295082227
train,2011-520,2,40,21,0.0,0.10941005310276777
train,2011-520,2,40,22,0.0,0.14148418674234634
train,2011-520,2,40,23,0.0,0.7072602235527881
train,2011-520,2,40,24,1.0,0.6373307456112023
train,2011-520,2,40,25,0.0,0.22090151968824084
train,2011-520,2,40,26,1.0,0.7361833496012611
train,2011-520,2,40,27,0.0,0.43718344205319953
train,2011-520,2,40,28,0.0,0.19876113240145749
train,2011-520,2,40,29,0.0,0.021214337153380416
train,2011-520,2,40,30,0.0,0.8380652214587746
train,2011-520,2,40,31,1.0,0.9931494877686198
train,2011-520,3,41,0,1.0,0.9575558513753325
train,2011-520,3,41,1,1.0,0.3274186906405256
train,2011-520,3,41,2,0.0,0.05924031252222639
train,2011-520,3,41,3,0.0,0.34013355333754497
train,2011-520,3,41,4,0.0,0.6449225501097422
train,2011-520,3,41,5,0.0,0.5345747831265296
train,2011-520,3,41,6,1.0,0.5017741754235906
train,2011-520,3,41,7,1.0,0.7545990660491202
train,2011-520,3,41,8,1.0,0.8329878946352826
train,2011-520,3,41,9,1.0,0.6294928244043803
train,2011-520,3,41,10,1.0,0.5356681135798522
train,2011-520,3,41,11,0.0,0.4918672839132582
train,2011-520,3,41,12,0.0,0.09283820194367726
train,2011-520,3,41,13,1.0,0.8050634372977693
train,2011-520,3,41,14,1.0,0.4405264352309375
train,2011-520,3,41,15,1.0,0.9943949676267245
train,2011-520,4,42,0,1.0,0.9388724750598204
train,2011-520,4,42,1,0.0,0.4881788122355956
train,2011-520,4,42,2,0.0,0.08851430507246545
train,2011-520,4,42,3,0.0,0.6857923240035122
train,2011-520,4,42,4,1.0,0.49585998349212396
train,2011-520,4,42,5,0.0,0.16091809035760332
train,2011-520,4,42,6,1.0,0.6198303865918834
train,2011-520,4,42,7,1.0,0.982049256171518
train,2011-520,5,43,0,0.0,0.02341988421697548
train,2011-520,5,43,1,1.0,0.9156785396534207
train,2011-520,5,43,2,1.0,0.8845213339356685
train,2011-520,5,43,3,1.0,0.9663240775989204
train,2011-520,6,44,0,1.0,0.3995366879390814
train,2011-520,6,44,1,1.0,0.9336377857388943
train,2011-520,7,45,0,1.0,0.7696578377861288
train,2011-540,1,46,0,1.0,0.9713349312945758
train,2011-540,1,46,1,0.0,0.45751139701843585
train,2011-540,1,46,2,1.0,0.39153779934341887
train,2011-540,1,46,3,1.0,0.522084197710837
train,2011-540,1,46,4,0.0,0.5295088492251669
train,2011-540,1,46,5,0.0,0.5395431658526507
train,2011-540,1,46,6,0.0,0.2467384787213986
train,2011-540,1,46,7,0.0,0.3499152243661141
train,2011-540,1,46,8,1.0,0.6084753346460228
train,2011-540,1,46,9,0.0,0.2646419603207118
train,2011-540,1,46,10,1.0,0.479677456423984
train,2011-540,1,46,11,1.0,0.6481887837569114
train,2011-540,1,46,12,0.0,0.5082879029903726
train,2011-540,1,46,13,0.0,0.09505283772710207
train,2011-540,1,46,14,1.0,0.8174582452585323
train,2011-540,1,46,15,1.0,0.7063209784478889
train,2011-540,1,46,16,0.0,0.47159343030187884
train,2011-540,1,46,17,1.0,0.6204432187782104
train,2011-540,1,46,18,0.0,0.35136791023995606
train,2011-540,1,46,19,1.0,0.5451428194379394
train,2011-540,1,46,20,1.0,0.31235417236827845
train,2011-540,1,46,21,0.0,0.3016609671433442
train,2011-540,1,46,22,1.0,0.7845303388868283
train,2011-540,1,46,23,0.0,0.5326556760045088
train,2011-540,1,46,24,1.0,0.6714124496586609
train,2011-540,1,46,25,1.0,0.7825664844793855
train,2011-540,1,46,26,0.0,0.4576019709565191
train,2011-540,1,46,27,0.0,0.6737738695808643
train,2011-540,1,46,28,0.0,0.5344271802866656
train,2011-540,1,46,29,1.0,0.9937019035611279
train,2011-540,1,46,30,1.0,0.5761064720113543
train,2011-540,1,46,31,1.0,0.6370649476811192
train,2011-540,1,46,32,0.0,0.35701134666761164
train,2011-540,1,46,33,0.0,0.17776607445852566
train,2011-540,1,46,34,0.0,0.13380999558324133
train,2011-540,1,46,35,1.0,0.5870735244958872
train,2011-540,1,46,36,0.0,0.29383385589045613
train,2011-540,1,46,37,1.0,0.5015824972869656
train,2011-540,1,46,38,0.0,0.6681327180639918
train,2011-540,1,46,39,1.0,0.6709036795077746
train,2011-540,1,46,40,1.0,0.6951315746765283
train,2011-540,1,46,41,0.0,0.5895512619566846
train,2011-540,1,46,42,1.0,0.5781735722177492
train,2011-540,1,46,43,1.0,0.8276285071339599
train,2011-540,1,46,44,1.0,0.21937901141930705
train,2011-540,1,46,45,1.0,0.596572279456821
train,2011-540,1,46,46,0.0,0.4096375037531596
train,2011-540,1,46,47,1.0,0.7305686866537042
train,2011-540,1,46,48,0.0,0.021340413916001878
train,2011-540,1,46,49,0.0,0.3946838217755528
train,2011-540,1,46,50,0.0,0.25491237195134064
train,2011-540,1,46,51,1.0,0.76865967176032
train,2011-540,1,46,52,1.0,0.5267719045937329
train,2011-540,1,46,53,0.0,0.4476016711831431
train,2011-540,1,46,54,0.0,0.4097963748221569
train,2011-540,1,46,55,0.0,0.35570057986781795
train,2011-540,1,46,56,0.0,0.1365903035376607
train,2011-540,1,46,57,1.0,0.5726187886615799
train,2011-540,1,46,58,0.0,0.5550801446761754
train,2011-540,1,46,59,0.0,0.4717620866768785
train,2011-540,1,46,60,1.0,0.5811716316077378
train,2011-540,1,46,61,0.0,0.568520877875116
train,2011-540,1,46,62,0.0,0.5310093847211194
train,2011-540,1,46,63,1.0,0.38400231184310285
train,2011-540,2,47,0,1.0,0.36266006575335535
train,2011-540,2,47,1,1.0,0.7503307948678662
train,2011-540,2,47,2,0.0,0.16623318894482284
train,2011-540,2,47,3,0.0,0.39495498999068146
train,2011-540,2,47,4,0.0,0.3375126075452391
train,2011-540,2,47,5,1.0,0.6586892721801525
train,2011-540,2,47,6,0.0,0.02153632467073379
train,2011-540,2,47,7,0.0,0.3377398768835604
train,2011-540,2,47,8,0.0,0.6042711998696062
train,2011-540,2,47,9,1.0,0.4324890635720248
train,2011-540,2,47,10,0.0,0.5865004057007076
train,2011-540,2,47,11,0.0,0.15430459549120237
train,2011-540,2,47,12,0.0,0.21889417066671327
train,2011-540,2,47,13,1.0,0.7916858015926906
train,2011-540,2,47,14,1.0,0.9240563505536432
train,2011-540,2,47,15,1.0,0.38086547372852153
train,2011-540,2,47,16,0.0,0.19981303511052423
train,2011-540,2,47,17,0.0,0.7307970938964682
train,2011-540,2,47,18,1.0,0.7650869647870674
train,2011-540,2,47,19,0.0,0.3519068788027294
train,2011-540,2,47,20,1.0,0.7652463023034951
train,2011-540,2,47,21,0.0,0.5491889451698303
train,2011-540,2,47,22,1.0,0.2149183274144876
train,2011-540,2,47,23,0.0,0.29504142718575754
train,2011-540,2,47,24,0.0,0.28460486065861507
train,2011-540,2,47,25,0.0,0.2853056817450928
train,2011-540,2,47,26,0.0,0.5919389251248579
train,2011-540,2,47,27,0.0,0.37442645958953724
train,2011-540,2,47,28,1.0,0.6399119834574964
train,2011-540,2,47,29,0.0,0.0277116325796946
train,2011-540,2,47,30,1.0,0.9946491467764104
train,2011-540,2,47,31,0.0,0.29118094504767594
train,2011-540,3,48,0,1.0,0.5833138256754203
train,2011-540,3,48,1,1.0,0.5392124926477235
train,2011-540,3,48,2,0.0,0.05753712652888972
train,2011-540,3,48,3,1.0,0.36603153775752384
train,2011-540,3,48,4,0.0,0.8056563250301102
train,2011-540,3,48,5,1.0,0.9345347212699585
train,2011-540,3,48,6,0.0,0.5317457248542848
train,2011-540,3,48,7,1.0,0.6925551012035746
train,2011-540,3,48,8,0.0,0.13929458330956956
train,2011-540,3,48,9,1.0,0.3217303437020988
train,2011-540,3,48,10,1.0,0.2573109470799793
train,2011-540,3,48,11,0.0,0.2835155520044895
train,2011-540,3,48,12,1.0,0.8100544644040523
train,2011-540,3,48,13,0.0,0.18608574272605996
train,2011-540,3,48,14,0.0,0.31241987141135114
train,2011-540,3,48,15,0.0,0.006110750995658377
train,2011-540,4,49,0,1.0,0.9606341958037156
train,2011-540,4,49,1,0.0,0.5923841685916259
train,2011-540,4,49,2,0.0,0.05654420969698545
train,2011-540,4,49,3,0.0,0.5672498331806755
train,2011-540,4,49,4,1.0,0.6349795957541222
train,2011-540,4,49,5,1.0,0.7591153446522506
train,2011-540,4,49,6,0.0,0.6069961407762543
train,2011-540,4,49,7,0.0,0.022457936923005527
train,2011-540,5,50,0,1.0,0.9743129755764223
train,2011-540,5,50,1,1.0,0.1109148814662081
train,2011-540,5,50,2,0.0,0.16944495002505347
train,2011-540,5,50,3,0.0,0.023654807721520336
train,2011-540,6,51,0,1.0,0.8830095359263187
train,2011-540,6,51,1,0.0,0.07405436852928683
train,2011-540,7,52,0,0.0,0.7694465707636539
train,2011-560,1,65,0,0.0,0.009019248931238472
train,2011-560,1,65,1,0.0,0.23268159911025352
train,2011-560,1,65,2,1.0,0.7772061860084798
train,2011-560,1,65,3,1.0,0.5203263564102093
train,2011-560,1,65,4,1.0,0.4250459326140518
train,2011-560,1,65,5,1.0,0.8431045241832168
train,2011-560,1,65,6,1.0,0.4255089297899889
train,2011-560,1,65,7,1.0,0.7221803676389204
train,2011-560,1,65,8,0.0,0.42960388816059514
train,2011-560,1,65,9,0.0,0.5401445419820081
train,2011-560,1,65,10,0.0,0.3158511827222124
train,2011-560,1,65,11,1.0,0.617859727868144
train,2011-560,1,65,12,0.0,0.6169804028052663
train,2011-560,1,65,13,0.0,0.03127679513085465
train,2011-560,1,65,14,0.0,0.22635084092142868
train,2011-560,1,65,15,1.0,0.6238273838289125
train,2011-560,1,65,16,0.0,0.3671973263705693
train,2011-560,1,65,17,1.0,0.7351668917034633
train,2011-560,1,65,18,0.0,0.3106222444565055
train,2011-560,1,65,19,1.0,0.589560061551141
train,2011-560,1,65,20,1.0,0.8899241793609639
train,2011-560,1,65,21,0.0,0.2845888805514589
train,2011-560,1,65,22,1.0,0.613444293880341
train,2011-560,1,65,23,1.0,0.4854782610154607
train,2011-560,1,65,24,1.0,0.428430020427316
train,2011-560,1,65,25,1.0,0.5877079215797976
train,2011-560,1,65,26,0.0,0.39374395116004796
train,2011-560,1,65,27,0.0,0.5148314363769695
train,2011-560,1,65,28,0.0,0.5241793398535618
train,2011-560,1,65,29,1.0,0.9903709742470365
train,2011-560,1,65,30,1.0,0.42834346676147544
train,2011-560,1,65,31,1.0,0.6908011282862359
train,2011-560,1,65,32,1.0,0.4239787592540363
train,2011-560,1,65,33,1.0,0.8358076728388177
train,2011-560,1,65,34,1.0,0.35422636088296233
train,2011-560,1,65,35,0.0,0.29460424404511126
train,2011-560,1,65,36,0.0,0.22247207108146574
train,2011-560,1,65,37,1.0,0.5904900958549192
train,2011-560,1,65,38,1.0,0.5963003646265229
train,2011-560,1,65,39,0.0,0.5941720892993055
train,2011-560,1,65,40,1.0,0.35873211285883716
train,2011-560,1,65,41,0.0,0.437859329006419
train,2011-560,1,65,42,0.0,0.20035269288352764
train,2011-560,1,65,43,0.0,0.3350994462968971
train,2011-560,1,65,44,0.0,0.6239702647778632
train,2011-560,1,65,45,0.0,0.27475647636233685
train,2011-560,1,65,46,1.0,0.7887667027266865
train,2011-560,1,65,47,1.0,0.9332932747611815
train,2011-560,1,65,48,0.0,0.6111939537729699
train,2011-560,1,65,49,0.0,0.5707407509226853
train,2011-560,1,65,50,1.0,0.6775329554483809
train,2011-560,1,65,51,1.0,0.6264444595109891
train,2011-560,1,65,52,0.0,0.5854407894269014
train,2011-560,1,65,53,0.0,0.24736821818684265
train,2011-560,1,65,54,0.0,0.44608808260443505
train,2011-560,1,65,55,0.0,0.3797710606812962
train,2011-560,1,65,56,0.0,0.2228447986146105
train,2011-560,1,65,57,0.0,0.21586428183145273
train,2011-560,1,65,58,0.0,0.49232316940795107
train,2011-560,1,65,59,0.0,0.5568178261575571
train,2011-560,1,65,60,0.0,0.39807465496626954
train,2011-560,1,65,61,0.0,0.24356980773153772
train,2011-560,1,65,62,0.0,0.5486062730817769
train,2011-560,1,65,63,0.0,0.47485289434723826
train,2011-560,2,66,0,1.0,0.8179650818826592
train,2011-560,2,66,1,0.0,0.3135643686953649
train,2011-560,2,66,2,1.0,0.23421507522497187
train,2011-560,2,66,3,1.0,0.5562778038948157
train,2011-560,2,66,4,0.0,0.24735766258843897
train,2011-560,2,66,5,1.0,0.5813137035580557
train,2011-560,2,66,6,1.0,0.7539157092301445
train,2011-560,2,66,7,0.0,0.3121846138459039
train,2011-560,2,66,8,0.0,0.13517102264664274
train,2011-560,2,66,9,0.0,0.6337880369539423
train,2011-560,2,66,10,1.0,0.6188233414618199
train,2011-560,2,66,11,0.0,0.09056646130239007
train,2011-560,2,66,12,0.0,0.3256621063240549
train,2011-560,2,66,13,0.0,0.4461168491657442
train,2011-560,2,66,14,1.0,0.454702208452759
train,2011-560,2,66,15,0.0,0.18577007537003276
train,2011-560,2,66,16,1.0,0.9014958780583686
train,2011-560,2,66,17,0.0,0.4133567189012862
train,2011-560,2,66,18,0.0,0.5613587997831923
train,2011-560,2,66,19,0.0,0.3179750793337729
train,2011-560,2,66,20,1.0,0.969765994275886
train,2011-560,2,66,21,0.0,0.6480313646688832
train,2011-560,2,66,22,0.0,0.4310060311919658
train,2011-560,2,66,23,0.0,0.7364916156241077
train,2011-560,2,66,24,0.0,0.1898511166986555
train,2011-560,2,66,25,0.0,0.6315605665980978
train,2011-560,2,66,26,0.0,0.38158572732190804
train,2011-560,2,66,27,0.0,0.2478219738082813
train,2011-560,2,66,28,0.0,0.12807633622556328
train,2011-560,2,66,29,0.0,0.4905117875485169
train,2011-560,2,66,30,1.0,0.9858935284177988
train,2011-560,2,66,31,1.0,0.9923476240219229
train,2011-560,3,67,0,0.0,0.540424631755251
train,2011-560,3,67,1,0.0,0.054539624127111906
train,2011-560,3,67,2,1.0,0.9762674440327486
train,2011-560,3,67,3,0.0,0.45349509758624906
train,2011-560,3,67,4,1.0,0.6953900935919847
train,2011-560,3,67,5,1.0,0.7183875041570277
train,2011-560,3,67,6,1.0,0.8637257854376366
train,2011-560,3,67,7,1.0,0.5341125598733049
train,2011-560,3,67,8,0.0,0.430152543478337
train,2011-560,3,67,9,0.0,0.2518378923335884
train,2011-560,3,67,10,1.0,0.5894598062663811
train,2011-560,3,67,11,1.0,0.5359340649577399
train,2011-560,3,67,12,1.0,0.9183934168279582
train,2011-560,3,67,13,0.0,0.39051800144893184
train,2011-560,3,67,14,1.0,0.26548404123782426
train,2011-560,3,67,15,0.0,0.5696207687399635
train,2011-560,4,68,0,1.0,0.42876885356023803
train,2011-560,4,68,1,1.0,0.9279351477430516
train,2011-560,4,68,2,0.0,0.6505548801144682
train,2011-560,4,68,3,1.0,0.5580547120804029
train,2011-560,4,68,4,0.0,0.06779577215519947
train,2011-560,4,68,5,1.0,0.5344906006338336
train,2011-560,4,68,6,0.0,0.030089489541782182
train,2011-560,4,68,7,0.0,0.010153498718368086
train,2011-560,5,69,0,0.0,0.03750475266659967
train,2011-560,5,69,1,0.0,0.12826681032139164
train,2011-560,5,69,2,0.0,0.18583558385933224
train,2011-560,5,69,3,0.0,0.04259368953463756
train,2011-560,6,70,0,0.0,0.11112960830691604
train,2011-560,6,70,1,0.0,0.3598461580287193
train,2011-560,7,71,0,1.0,0.357264051920275
train,2011-580,1,0,0,1.0,0.9840622297371829
train,2011-580,1,0,1,1.0,0.5902324609537118
train,2011-580,1,0,2,1.0,0.7898409228841767
train,2011-580,1,0,3,0.0,0.24572385252554269
train,2011-580,1,0,4,0.0,0.4875155454542732
train,2011-580,1,0,5,1.0,0.796428069830206
train,2011-580,1,0,6,1.0,0.7062061839608518
train,2011-580,1,0,7,0.0,0.47276360970247167
train,2011-580,1,0,8,1.0,0.6420599544000313
train,2011-580,1,0,9,0.0,0.6223985317224601
train,2011-580,1,0,10,1.0,0.6103988887117914
train,2011-580,1,0,11,0.0,0.5921061951636346
train,2011-580,1,0,12,0.0,0.4031012871439041
train,2011-580,1,0,13,1.0,0.8494488288801059
train,2011-580,1,0,14,1.0,0.8138902161759642
train,2011-580,1,0,15,0.0,0.4021986330146558
train,2011-580,1,0,16,1.0,0.6062321027917486
train,2011-580,1,0,17,0.0,0.4460462074199758
train,2011-580,1,0,18,1.0,0.6104776366861684
train,2011-580,1,0,19,1.0,0.4792841195445551
train,2011-580,1,0,20,0.0,0.577725835909835
train,2011-580,1,0,21,0.0,0.3182894473059478
train,2011-580,1,0,22,1.0,0.743892715543088
train,2011-580,1,0,23,1.0,0.5946838780030379
train,2011-580,1,0,24,0.0,0.24664417989871762
train,2011-580,1,0,25,0.0,0.471903352930805
train,2011-580,1,0,26,0.0,0.40517184631259867
train,2011-580,1,0,27,0.0,0.6804512682202015
train,2011-580,1,0,28,1.0,0.41438810863659625
train,2011-580,1,0,29,1.0,0.9924630527855846
train,2011-580,1,0,30,0.0,0.5130368706613861
train,2011-580,1,0,31,0.0,0.5162306466940582
train,2011-580,1,0,32,1.0,0.7549264441640139
train,2011-580,1,0,33,0.0,0.04963505320854648
train,2011-580,1,0,34,0.0,0.4090515678830053
train,2011-580,1,0,35,1.0,0.635675710852436
train,2011-580,1,0,36,0.0,0.622285511531443
train,2011-580,1,0,37,1.0,0.5422742461594424
train,2011-580,1,0,38,0.0,0.2600131223324192
train,2011-580,1,0,39,0.0,0.26611157148164694
train,2011-580,1,0,40,1.0,0.48858383151983154
train,2011-580,1,0,41,1.0,0.35856150081000815
train,2011-580,1,0,42,0.0,0.2238543867482562
train,2011-580,1,0,43,1.0,0.6706127482975419
train,2011-580,1,0,44,1.0,0.5454886881343678
train,2011-580,1,0,45,0.0,0.4238246913407256
train,2011-580,1,0,46,0.0,0.10675409529000253
train,2011-580,1,0,47,0.0,0.05221639557986606
train,2011-580,1,0,48,1.0,0.7076779377756185
train,2011-580,1,0,49,1.0,0.5746633056456341
train,2011-580,1,0,50,0.0,0.10373942707430064
train,2011-580,1,0,51,0.0,0.6974032663391923
train,2011-580,1,0,52,1.0,0.7549694117017708
train,2011-580,1,0,53,1.0,0.464899267271018
train,2011-580,1,0,54,1.0,0.25019838075498074
train,2011-580,1,0,55,0.0,0.5604832782406546
train,2011-580,1,0,56,0.0,0.3061568427833292
train,2011-580,1,0,57,1.0,0.8358102730751652
train,2011-580,1,0,58,1.0,0.7199916700827548
train,2011-580,1,0,59,0.0,0.37659269676474794
train,2011-580,1,0,60,1.0,0.4561012018492006
train,2011-580,1,0,61,0.0,0.33186248277771463
train,2011-580,1,0,62,0.0,0.4416971313229862
train,2011-580,1,0,63,0.0,0.40928655267074343
train,2011-580,2,1,0,1.0,0.7747077729888675
train,2011-580,2,1,1,1.0,0.5742863993910349
train,2011-580,2,1,2,1.0,0.4168741400488204
train,2011-580,2,1,3,0.0,0.4217096685838101
train,2011-580,2,1,4,1.0,0.7108692936125759
train,2011-580,2,1,5,0.0,0.5593272748770298
train,2011-580,2,1,6,1.0,0.8816656488049784
train,2011-580,2,1,7,1.0,0.3156125596982854
train,2011-580,2,1,8,0.0,0.1605648356519056
train,2011-580,2,1,9,0.0,0.1872805505535146
train,2011-580,2,1,10,0.0,0.2668314513911796
train,2011-580,2,1,11,0.0,0.46038479524224124
train,2011-580,2,1,12,1.0,0.9528033015447555
train,2011-580,2,1,13,1.0,0.6976629102829769
train,2011-580,2,1,14,1.0,0.6955373092052171
train,2011-580,2,1,15,1.0,0.5975990515671136
train,2011-580,2,1,16,0.0,0.5251779812324272
train,2011-580,2,1,17,0.0,0.2448396485988652
train,2011-580,2,1,18,0.0,0.30688958040598113
train,2011-580,2,1,19,0.0,0.5087169373171148
train,2011-580,2,1,20,1.0,0.4160515552399029
train,2011-580,2,1,21,0.0,0.15518052261600537
train,2011-580,2,1,22,1.0,0.14590437347257484
train,2011-580,2,1,23,1.0,0.27664985463177233
train,2011-580,2,1,24,1.0,0.761696838355306
train,2011-580,2,1,25,0.0,0.4757925596152918
train,2011-580,2,1,26,0.0,0.625677037278566
train,2011-580,2,1,27,1.0,0.3198184260800236
train,2011-580,2,1,28,1.0,0.9300836275832196
train,2011-580,2,1,29,1.0,0.9580765613417453
train,2011-580,2,1,30,1.0,0.992625414744853
train,2011-580,2,1,31,1.0,0.8677185881544018
train,2011-580,3,2,0,1.0,0.9180702057845205
train,2011-580,3,2,1,1.0,0.615137175062354
train,2011-580,3,2,2,0.0,0.025458669824828473
train,2011-580,3,2,3,0.0,0.3272303746211205
train,2011-580,3,2,4,0.0,0.504187807158667
train,2011-580,3,2,5,1.0,0.8768139486883476
train,2011-580,3,2,6,0.0,0.4476544670057878
train,2011-580,3,2,7,1.0,0.8125925219835818
train,2011-580,3,2,8,0.0,0.2544413714186133
train,2011-580,3,2,9,1.0,0.8879040612456514
train,2011-580,3,2,10,0.0,0.5364004715067628
train,2011-580,3,2,11,1.0,0.2904844445025831
train,2011-580,3,2,12,1.0,0.8507373620399068
train,2011-580,3,2,13,0.0,0.13022532354637933
train,2011-580,3,2,14,1.0,0.23436559377381666
train,2011-580,3,2,15,1.0,0.9911773640762943
train,2011-580,4,3,0,0.0,0.049945730852195974
train,2011-580,4,3,1,0.0,0.6029487208147732
train,2011-580,4,3,2,0.0,0.12262565183939239
train,2011-580,4,3,3,0.0,0.4596538366086002
train,2011-580,4,3,4,0.0,0.19788414597830273
train,2011-580,4,3,5,1.0,0.21680891887878287
train,2011-580,4,3,6,1.0,0.8552433976304297
train,2011-580,4,3,7,1.0,0.9706646965124036
train,2011-580,5,4,0,1.0,0.9209583939724741
train,2011-580,5,4,1,0.0,0.27824894769902137
train,2011-580,5,4,2,0.0,0.12323270482255098
train,2011-580,5,4,3,1.0,0.05795013162637256
train,2011-580,6,5,0,1.0,0.27558971060711124
train,2011-580,6,5,1,1.0,0.6203801301130694
train,2011-580,7,6,0,1.0,0.6486285354252371
train,2012-1536,2,111,0,1.0,0.47103430665423834
train,2012-1536,2,111,1,0.0,0.4957631011298225
train,2012-1536,2,111,2,0.0,0.30102334707724043
train,2012-1536,2,111,3,0.0,0.5049173489300556
train,2012-1536,2,111,4,1.0,0.7129782815451805
train,2012-1536,2,111,5,1.0,0.41182732777925996
train,2012-1536,2,111,6,1.0,0.38137033142634313
train,2012-1536,2,111,7,0.0,0.38677130949984323
train,2012-1536,2,111,8,1.0,0.6205239786842822
train,2012-1536,2,111,9,1.0,0.6846281375549014
train,2012-1536,2,111,10,0.0,0.4390391244686151
train,2012-1536,2,111,11,0.0,0.41683505160229073
train,2012-1536,2,111,12,0.0,0.6068021547575612
train,2012-1536,2,111,13,1.0,0.7461752379541733
train,2012-1536,2,111,14,1.0,0.6628944641562905
train,2012-1536,2,111,15,1.0,0.582566292830674
train,2012-1536,2,111,16,0.0,0.4810075447586074
train,2012-1536,2,111,17,0.0,0.2380950150465024
train,2012-1536,2,111,18,1.0,0.40082488400549415
train,2012-1536,2,111,19,1.0,0.5020543079646368
train,2012-1536,2,111,20,0.0,0.5493914653115572
train,2012-1536,2,111,21,0.0,0.3959816269026133
train,2012-1536,2,111,22,0.0,0.4202492298885181
train,2012-1536,2,111,23,0.0,0.4619930370089129
train,2012-1536,3,112,0,0.0,0.020265483688926535
train,2012-1536,3,112,1,1.0,0.7431817911885649
train,2012-1536,3,112,2,0.0,0.3166531911395398
train,2012-1536,3,112,3,0.0,0.21055123349277274
train,2012-1536,3,112,4,1.0,0.8357862496324235
train,2012-1536,3,112,5,1.0,0.5295606782602971
train,2012-1536,3,112,6,1.0,0.5794918917305932
train,2012-1536,3,112,7,0.0,0.3175983914958126
train,2012-1536,3,112,8,0.0,0.3218130604847768
train,2012-1536,3,112,9,0.0,0.45733058312677166
train,2012-1536,3,112,10,1.0,0.6570461328457933
train,2012-1536,3,112,11,1.0,0.9268207083739533
train,2012-1536,3,112,12,0.0,0.31784047318198727
train,2012-1536,3,112,13,0.0,0.24429333084412994
train,2012-1536,3,112,14,0.0,0.014394113974047667
train,2012-1536,3,112,15,1.0,0.5730080334102734
train,2012-1536,4,113,0,1.0,0.9600796618392493
train,2012-1536,4,113,1,1.0,0.41961887375347423
train,2012-1536,4,113,2,1.0,0.6431909475943942
train,2012-1536,4,113,3,0.0,0.4516987173855414
train,2012-1536,4,113,4,1.0,0.21764476598863847
train,2012-1536,4,113,5,1.0,0.6968298413123784
train,2012-1536,4,113,6,0.0,0.9712181654251811
train,2012-1536,4,113,7,1.0,0.889857527703766
train,2012-1536,5,114,0,0.0,0.4097545402365031
train,2012-1536,5,114,1,1.0,0.03438893459157548
train,2012-1536,5,114,2,1.0,0.8267561901693484
train,2012-1536,5,114,3,0.0,0.4559093729096105
train,2012-1536,6,115,0,1.0,0.8794009679577652
train,2012-1536,6,115,1,0.0,0.30600733589520546
train,2012-1536,7,116,0,1.0,0.7824795461152485
train,2012-352,2,162,0,0.0,0.43042093924136066
train,2012-352,2,162,1,1.0,0.48492090650285913
train,2012-352,2,162,2,0.0,0.49175032013125963
train,2012-352,2,162,3,0.0,0.4209961166278714
train,2012-352,2,162,4,1.0,0.6490442806973495
train,2012-352,2,162,5,1.0,0.18715530787406473
train,2012-352,2,162,6,0.0,0.5531317391537521
train,2012-352,2,162,7,0.0,0.6837582083491707
train,2012-352,2,162,8,1.0,0.35484536559117846
train,2012-352,2,162,9,0.0,0.5715458788547271
train,2012-352,2,162,10,0.0,0.48865596731275707
train,2012-352,2,162,11,1.0,0.40947895992526545
train,2012-352,2,162,12,0.0,0.6134432570165381
train,2012-352,2,162,13,0.0,0.466197823530121
train,2012-352,2,162,14,0.0,0.40450294586505636
train,2012-352,2,162,15,0.0,0.6969447108760403
train,2012-352,3,163,0,0.0,0.4243839008752734
train,2012-352,3,163,1,0.0,0.5590483714271115
train,2012-352,3,163,2,0.0,0.25245084044036686
train,2012-352,3,163,3,0.0,0.18566286602266638
train,2012-352,3,163,4,0.0,0.2873817710911704
train,2012-352,3,163,5,1.0,0.7415044824909821
train,2012-352,3,163,6,1.0,0.7597892088238241
train,2012-352,3,163,7,0.0,0.22699380844400835
train,2012-352,3,163,8,1.0,0.02594975818423312
train,2012-352,3,163,9,0.0,0.7648133183503717
train,2012-352,3,163,10,0.0,0.38049358282956464
train,2012-352,3,163,11,0.0,0.0829008149168689
train,2012-352,3,163,12,0.0,0.20923082581131625
train,2012-352,3,163,13,0.0,0.41342711650439645
train,2012-352,3,163,14,1.0,0.715442306550621
train,2012-352,3,163,15,0.0,0.6968704379365684
train,2012-352,4,164,0,0.0,0.1982494629160089
train,2012-352,4,164,1,1.0,0.6164706678253874
train,2012-352,4,164,2,0.0,0.9498564171923827
train,2012-352,4,164,3,1.0,0.5511188807072154
train,2012-352,4,164,4,0.0,0.35345153234084814
train,2012-352,4,164,5,1.0,0.3098489531985107
train,2012-352,4,164,6,1.0,0.48418515909973686
train,2012-352,4,164,7,0.0,0.34171819427340083
train,2012-352,5,165,0,1.0,0.417245731692102
train,2012-352,5,165,1,1.0,0.3035548781672516
train,2012-352,5,165,2,0.0,0.7323928302014695
train,2012-352,5,165,3,1.0,0.5192976320931423
train,2012-352,6,166,0,1.0,0.2884117328211271
train,2012-352,6,166,1,0.0,0.22811978037935052
train,2012-352,7,167,0,0.0,0.16398659080725275
train,2012-403,1,98,0,0.0,0.6902013495030765
train,2012-403,1,98,1,1.0,0.7380085759209626
train,2012-403,1,98,2,0.0,0.44888283200113605
train,2012-403,1,98,3,1.0,0.4604558610046059
train,2012-403,1,98,4,0.0,0.6493260645304709
train,2012-403,1,98,5,1.0,0.41888705826420064
train,2012-403,1,98,6,0.0,0.4475386150585696
train,2012-403,1,98,7,0.0,0.5259302113121731
train,2012-403,1,98,8,0.0,0.6057497941461206
train,2012-403,1,98,9,0.0,0.6796652432722924
train,2012-403,1,98,10,0.0,0.5611705928331044
train,2012-403,1,98,11,0.0,0.4490441159612959
train,2012-403,1,98,12,0.0,0.47673471646916615
train,2012-403,1,98,13,0.0,0.5253338009258455
train,2012-403,1,98,14,0.0,0.47391366604235324
train,2012-403,1,98,15,0.0,0.36992192394656287
train,2012-403,1,98,16,1.0,0.4796503869440216
train,2012-403,1,98,17,1.0,0.42368708919669706
train,2012-403,1,98,18,0.0,0.3329282335151502
train,2012-403,1,98,19,1.0,0.670885545398005
train,2012-403,1,98,20,1.0,0.5828209732225816
train,2012-403,1,98,21,0.0,0.4409688120135467
train,2012-403,1,98,22,1.0,0.49553656636906523
train,2012-403,1,98,23,1.0,0.6312249716309811
train,2012-403,1,98,24,0.0,0.4911521089405285
train,2012-403,1,98,25,0.0,0.4946524072723385
train,2012-403,1,98,26,0.0,0.3313073092494849
train,2012-403,1,98,27,0.0,0.686583452015186
train,2012-403,1,98,28,1.0,0.5248804164436616
train,2012-403,1,98,29,1.0,0.6518757728003837
train,2012-403,1,98,30,0.0,0.3686633358328603
train,2012-403,1,98,31,1.0,0.4252739281153834
train,2012-403,2,99,0,1.0,0.9903414267672348
train,2012-403,2,99,1,1.0,0.5676270090395578
train,2012-403,2,99,2,1.0,0.42531037632640195
train,2012-403,2,99,3,1.0,0.4816336913571488
train,2012-403,2,99,4,1.0,0.423896064038435
train,2012-403,2,99,5,0.0,0.4793553542195112
train,2012-403,2,99,6,0.0,0.3132114654107314
train,2012-403,2,99,7,0.0,0.16924322715318801
train,2012-403,2,99,8,0.0,0.11265955422968986
train,2012-403,2,99,9,1.0,0.5240535512956742
train,2012-403,2,99,10,1.0,0.6342177958707648
train,2012-403,2,99,11,0.0,0.20889854568082325
train,2012-403,2,99,12,0.0,0.34184264573232254
train,2012-403,2,99,13,0.0,0.37519051639997353
train,2012-403,2,99,14,0.0,0.17197666265431336
train,2012-403,2,99,15,0.0,0.19869744723679292
train,2012-403,2,99,16,1.0,0.44054966813190777
train,2012-403,2,99,17,1.0,0.8104051195741949
train,2012-403,2,99,18,0.0,0.471400987082333
train,2012-403,2,99,19,1.0,0.7752271393298779
train,2012-403,2,99,20,0.0,0.21404761406641706
train,2012-403,2,99,21,0.0,0.36063356267237096
train,2012-403,2,99,22,0.0,0.22629050920027363
train,2012-403,2,99,23,0.0,0.038816551830931835
train,2012-403,2,99,24,0.0,0.40965985983025294
train,2012-403,2,99,25,1.0,0.7036281378172872
train,2012-403,2,99,26,1.0,0.5732969160118
train,2012-403,2,99,27,0.0,0.6668626427155379
train,2012-403,2,99,28,0.0,0.2555597082875507
train,2012-403,2,99,29,0.0,0.2166041907389487
train,2012-403,2,99,30,0.0,0.49058967414410015
train,2012-403,2,99,31,1.0,0.9700107339829082
train,2012-403,3,100,0,1.0,0.4492707825825209
train,2012-403,3,100,1,0.0,0.8981533570026905
train,2012-403,3,100,2,0.0,0.2718367235752743
train,2012-403,3,100,3,1.0,0.5612276162269306
train,2012-403,3,100,4,0.0,0.2934518079115971
train,2012-403,3,100,5,1.0,0.978776509002205
train,2012-403,3,100,6,1.0,0.39399638015839794
train,2012-403,3,100,7,1.0,0.6810303475712762
train,2012-403,3,100,8,1.0,0.575869934769557
train,2012-403,3,100,9,1.0,0.9790314693919542
train,2012-403,3,100,10,0.0,0.3678063538268159
train,2012-403,3,100,11,1.0,0.47887185353629236
train,2012-403,3,100,12,0.0,0.283211303993071
train,2012-403,3,100,13,1.0,0.8848854149525899
train,2012-403,3,100,14,0.0,0.4403594165779359
train,2012-403,3,100,15,0.0,0.8274287210623618
train,2012-403,4,101,0,1.0,0.5753755060910248
train,2012-403,4,101,1,1.0,0.983391637021837
train,2012-403,4,101,2,0.0,0.22810991268685468
train,2012-403,4,101,3,0.0,0.21781772195757818
train,2012-403,4,101,4,1.0,0.6207933846084464
train,2012-403,4,101,5,0.0,0.6560514808231322
train,2012-403,4,101,6,0.0,0.39225802139244614
train,2012-403,4,101,7,1.0,0.959171872563204
train,2012-403,5,102,0,1.0,0.9360065989081093
train,2012-403,5,102,1,1.0,0.8171793002361815
train,2012-403,5,102,2,0.0,0.5926359567318662
train,2012-403,5,102,3,1.0,0.9389976934092364
train,2012-403,6,103,0,1.0,0.09399596986352649
train,2012-403,6,103,1,0.0,0.03559295076114791
train,2012-403,7,104,0,1.0,0.8395040471862255
train,2012-404,1,91,0,0.0,0.4279964976025889
train,2012-404,1,91,1,0.0,0.35910364202512257
train,2012-404,1,91,2,0.0,0.415067676953966
train,2012-404,1,91,3,0.0,0.42533929500819284
train,2012-404,1,91,4,1.0,0.5154654353301953
train,2012-404,1,91,5,1.0,0.44353993001059744
train,2012-404,1,91,6,1.0,0.541165839114093
train,2012-404,1,91,7,1.0,0.5371622325748043
train,2012-404,1,91,8,1.0,0.5815500670530503
train,2012-404,1,91,9,0.0,0.3939645298186321
train,2012-404,1,91,10,0.0,0.4202602205416068
train,2012-404,1,91,11,0.0,0.40507046441516353
train,2012-404,1,91,12,1.0,0.5376234810657292
train,2012-404,1,91,13,0.0,0.5164080147500225
train,2012-404,1,91,14,0.0,0.5489999056498761
train,2012-404,1,91,15,0.0,0.4262096541119502
train,2012-404,1,91,16,0.0,0.4016249608967453
train,2012-404,1,91,17,1.0,0.5461321989726199
train,2012-404,1,91,18,0.0,0.5341123649313588
train,2012-404,1,91,19,1.0,0.6376347005605064
train,2012-404,1,91,20,1.0,0.47609411890800263
train,2012-404,1,91,21,0.0,0.5095145924830989
train,2012-404,1,91,22,1.0,0.5610380240263464
train,2012-404,1,91,23,1.0,0.5135778992554768
train,2012-404,1,91,24,1.0,0.4006029683101704
train,2012-404,1,91,25,1.0,0.5856254290145977
train,2012-404,1,91,26,1.0,0.46149360003958845
train,2012-404,1,91,27,0.0,0.4714866977007141
train,2012-404,1,91,28,1.0,0.5800080157832602
train,2012-404,1,91,29,0.0,0.44809510576863976
train,2012-404,1,91,30,1.0,0.4702708352628908
train,2012-404,1,91,31,0.0,0.506226275461931
train,2012-404,2,92,0,1.0,0.5548798422214843
train,2012-404,2,92,1,0.0,0.477720354642999
train,2012-404,2,92,2,1.0,0.45619290651707356
train,2012-404,2,92,3,1.0,0.4854762153896366
train,2012-404,2,92,4,1.0,0.5984716757170161
train,2012-404,2,92,5,1.0,0.5093568311307268
train,2012-404,2,92,6,0.0,0.48607763298426004
train,2012-404,2,92,7,0.0,0.46991886104353625
train,2012-404,2,92,8,0.0,0.37210123361128933
train,2012-404,2,92,9,1.0,0.5526404041402317
train,2012-404,2,92,10,1.0,0.4748305554190452
train,2012-404,2,92,11,1.0,0.5942205537425419
train,2012-404,2,92,12,1.0,0.5777733220253566
train,2012-404,2,92,13,0.0,0.4352465889511413
train,2012-404,2,92,14,0.0,0.484347086785497
train,2012-404,2,92,15,1.0,0.567012533386979
train,2012-404,2,92,16,0.0,0.5424992383392171
train,2012-404,2,92,17,1.0,0.541432327906303
train,2012-404,2,92,18,1.0,0.5857372091686063
train,2012-404,2,92,19,1.0,0.5624413214982631
train,2012-404,2,92,20,0.0,0.399563568986273
train,2012-404,2,92,21,1.0,0.6032848326429369
train,2012-404,2,92,22,1.0,0.47146216176047223
train,2012-404,2,92,23,0.0,0.4769056518554392
train,2012-404,2,92,24,0.0,0.5037258220991673
train,2012-404,2,92,25,1.0,0.43392143428226704
train,2012-404,2,92,26,0.0,0.4515690211517186
train,2012-404,2,92,27,1.0,0.5533329695191229
train,2012-404,2,92,28,0.0,0.5815350726412175
train,2012-404,2,92,29,0.0,0.590906557900188
train,2012-404,2,92,30,0.0,0.4883239187837024
train,2012-404,2,92,31,0.0,0.5316507569966991
train,2012-404,3,93,0,1.0,0.49110264928824726
train,2012-404,3,93,1,1.0,0.5024869036925708
train,2012-404,3,93,2,1.0,0.5640386992969247
train,2012-404,3,93,3,1.0,0.5644126100169454
train,2012-404,3,93,4,1.0,0.4883171769028738
train,2012-404,3,93,5,1.0,0.4426374314621229
train,2012-404,3,93,6,1.0,0.49766514631223224
train,2012-404,3,93,7,0.0,0.5673631497713032
train,2012-404,3,93,8,0.0,0.5615822016763846
train,2012-404,3,93,9,1.0,0.49429447054336634
train,2012-404,3,93,10,1.0,0.5181052897183218
train,2012-404,3,93,11,0.0,0.5179692178472626
train,2012-404,3,93,12,1.0,0.5181167287082794
train,2012-404,3,93,13,1.0,0.46114463134325556
train,2012-404,3,93,14,0.0,0.519272220375013
train,2012-404,3,93,15,1.0,0.456453112626673
train,2012-404,4,94,0,0.0,0.5765156488596924
train,2012-404,4,94,1,1.0,0.4952755773681731
train,2012-404,4,94,2,0.0,0.5336228851426085
train,2012-404,4,94,3,0.0,0.5224852977080322
train,2012-404,4,94,4,0.0,0.4676430036853331
train,2012-404,4,94,5,1.0,0.5302923799423549
train,2012-404,4,94,6,0.0,0.48828363713322637
train,2012-404,4,94,7,1.0,0.5035920931539069
train,2012-404,5,95,0,1.0,0.4396150446156201
train,2012-404,5,95,1,1.0,0.48900464485789125
train,2012-404,5,95,2,1.0,0.4878282643241628
train,2012-404,5,95,3,0.0,0.586988625984926
train,2012-404,6,96,0,0.0,0.49463265679626944
train,2012-404,6,96,1,1.0,0.5776964919366585
train,2012-404,7,97,0,0.0,0.5668805551647481
train,2012-410,2,105,0,1.0,0.5691861587527257
train,2012-410,2,105,1,0.0,0.4657767170535855
train,2012-410,2,105,2,0.0,0.4337598245362857
train,2012-410,2,105,3,0.0,0.5932173290627641
train,2012-410,2,105,4,1.0,0.47969936037241123
train,2012-410,2,105,5,0.0,0.3466773881506819
train,2012-410,2,105,6,0.0,0.4158259269278042
train,2012-410,2,105,7,1.0,0.6585290864467325
train,2012-410,2,105,8,0.0,0.420699325289631
train,2012-410,2,105,9,0.0,0.4118321821897053
train,2012-410,2,105,10,0.0,0.34464095616860846
train,2012-410,2,105,11,1.0,0.3244922338729298
train,2012-410,2,105,12,1.0,0.354223351894019
train,2012-410,2,105,13,1.0,0.4484250142547199
train,2012-410,2,105,14,0.0,0.6506080751312723
train,2012-410,2,105,15,1.0,0.37457147010590186
train,2012-410,2,105,16,0.0,0.4355331931081101
train,2012-410,2,105,17,1.0,0.6170815061982801
train,2012-410,2,105,18,1.0,0.5250204801478586
train,2012-410,2,105,19,0.0,0.2625955730325799
train,2012-410,2,105,20,1.0,0.45457317336552633
train,2012-410,2,105,21,0.0,0.24718816320576978
train,2012-410,2,105,22,0.0,0.20504412141731013
train,2012-410,2,105,23,1.0,0.6158539273420733
train,2012-410,3,106,0,1.0,0.9888110733364466
train,2012-410,3,106,1,0.0,0.2844531085419028
train,2012-410,3,106,2,1.0,0.5428550708548001
train,2012-410,3,106,3,1.0,0.7196340738949213
train,2012-410,3,106,4,0.0,0.285585634194385
train,2012-410,3,106,5,1.0,0.429736795392721
train,2012-410,3,106,6,0.0,0.3306340171559077
train,2012-410,3,106,7,0.0,0.28310191536104534
train,2012-410,3,106,8,0.0,0.43909775283413743
train,2012-410,3,106,9,1.0,0.6960852263999273
train,2012-410,3,106,10,1.0,0.9006614782422241
train,2012-410,3,106,11,0.0,0.7478921441450531
train,2012-410,3,106,12,1.0,0.6861386207989888
train,2012-410,3,106,13,0.0,0.46879967566022446
train,2012-410,3,106,14,0.0,0.47907041376549064
train,2012-410,3,106,15,0.0,0.01745400898117561
train,2012-410,4,107,0,0.0,0.02183519869529297
train,2012-410,4,107,1,0.0,0.5411557599371987
train,2012-410,4,107,2,0.0,0.24700434680306121
train,2012-410,4,107,3,0.0,0.4680069258663938
train,2012-410,4,107,4,0.0,0.3666937290281872
train,2012-410,4,107,5,1.0,0.5225216981366674
train,2012-410,4,107,6,1.0,0.9870976960262785
train,2012-410,4,107,7,0.0,0.11265442555252007
train,2012-410,5,108,0,0.0,0.019546751387498992
train,2012-410,5,108,1,0.0,0.715411846478634
train,2012-410,5,108,2,1.0,0.2897679311885145
train,2012-410,5,108,3,0.0,0.029775974520076073
train,2012-410,6,109,0,0.0,0.0760204381254437
train,2012-410,6,109,1,0.0,0.032095569066313376
train,2012-410,7,110,0,1.0,0.5497662873163335
train,2012-416,2,117,0,0.0,0.43998840667595235
train,2012-416,2,117,1,0.0,0.37566073524992083
train,2012-416,2,117,2,0.0,0.22511466274899156
train,2012-416,2,117,3,1.0,0.6502547244325486
train,2012-416,2,117,4,1.0,0.5424107538789265
train,2012-416,2,117,5,1.0,0.5883875024059954
train,2012-416,2,117,6,0.0,0.4661777972707656
train,2012-416,2,117,7,1.0,0.6767369127934165
train,2012-416,2,117,8,0.0,0.5670352735653408
train,2012-416,2,117,9,0.0,0.45065812129472393
train,2012-416,2,117,10,1.0,0.6629255356289699
train,2012-416,2,117,11,0.0,0.49145562770797213
train,2012-416,2,117,12,1.0,0.5845349129309758
train,2012-416,2,117,13,0.0,0.2781319236969672
train,2012-416,2,117,14,0.0,0.4821034470235471
train,2012-416,2,117,15,1.0,0.3864919755330404
train,2012-416,2,117,16,0.0,0.6354188312271539
train,2012-416,2,117,17,0.0,0.465583608604147
train,2012-416,2,117,18,1.0,0.5341566232859416
train,2012-416,2,117,19,1.0,0.7064112626084137
train,2012-416,2,117,20,1.0,0.26070396520273836
train,2012-416,2,117,21,1.0,0.5806558149328416
train,2012-416,2,117,22,1.0,0.7636621045872034
train,2012-416,2,117,23,0.0,0.469628530006042
train,2012-416,3,118,0,1.0,0.9842373613906263
train,2012-416,3,118,1,1.0,0.4905719443031041
train,2012-416,3,118,2,1.0,0.6582937890339278
train,2012-416,3,118,3,0.0,0.13171411784128964
train,2012-416,3,118,4,0.0,0.18145926201267842
train,2012-416,3,118,5,1.0,0.4696174007511241
train,2012-416,3,118,6,0.0,0.3148080899727204
train,2012-416,3,118,7,0.0,0.5264888156154215
train,2012-416,3,118,8,0.0,0.5871355940357204
train,2012-416,3,118,9,0.0,0.5931720187512707
train,2012-416,3,118,10,0.0,0.2599016508781926
train,2012-416,3,118,11,1.0,0.9690172053361996
train,2012-416,3,118,12,1.0,0.8094602666848593
train,2012-416,3,118,13,1.0,0.5422278708886745
train,2012-416,3,118,14,0.0,0.3931943677147934
train,2012-416,3,118,15,1.0,0.9769682195959767
train,2012-416,4,119,0,1.0,0.9613290425354983
train,2012-416,4,119,1,1.0,0.9298493498557916
train,2012-416,4,119,2,0.0,0.6677333284542394
train,2012-416,4,119,3,0.0,0.40672212483867387
train,2012-416,4,119,4,0.0,0.7998093377244156
train,2012-416,4,119,5,0.0,0.2807009344954486
train,2012-416,4,119,6,1.0,0.9895022256258562
train,2012-416,4,119,7,0.0,0.33120779842245746
train,2012-416,5,120,0,1.0,0.9096576085636895
train,2012-416,5,120,1,1.0,0.5933145918331613
train,2012-416,5,120,2,1.0,0.9434419640537394
train,2012-416,5,120,3,0.0,0.05713392099474276
train,2012-416,6,121,0,0.0,0.27690866996196106
train,2012-416,6,121,1,1.0,0.9589146599533782
train,2012-416,7,122,0,1.0,0.6144449478411129
train,2012-421,2,137,0,0.0,0.43059939515501766
train,2012-421,2,137,1,0.0,0.4397842471386748
train,2012-421,2,137,2,1.0,0.4129309362792447
train,2012-421,2,137,3,1.0,0.5051452606911652
train,2012-421,2,137,4,0.0,0.47131576163292255
train,2012-421,2,137,5,1.0,0.575141060990314
train,2012-421,2,137,6,1.0,0.6794811317515149
train,2012-421,2,137,7,0.0,0.40870733156140826
train,2012-421,2,137,8,0.0,0.6763331147202092
train,2012-421,2,137,9,1.0,0.5396548354076801
train,2012-421,2,137,10,0.0,0.4919730365774644
train,2012-421,2,137,11,1.0,0.5122431306838928
train,2012-421,2,137,12,0.0,0.4761491827518889
train,2012-421,2,137,13,1.0,0.5608080415624768
train,2012-421,2,137,14,1.0,0.5909634409807978
train,2012-421,2,137,15,0.0,0.30976008502437563
train,2012-421,3,138,0,1.0,0.9343307081459008
train,2012-421,3,138,1,0.0,0.4981448612558543
train,2012-421,3,138,2,0.0,0.359809469916127
train,2012-421,3,138,3,1.0,0.7731372094365084
train,2012-421,3,138,4,0.0,0.2794065293879094
train,2012-421,3,138,5,1.0,0.6952731168057059
train,2012-421,3,138,6,1.0,0.7236210833109797
train,2012-421,3,138,7,1.0,0.73806955574399
train,2012-421,3,138,8,0.0,0.4583225468528655
train,2012-421,3,138,9,0.0,0.4380935441990341
train,2012-421,3,138,10,1.0,0.9792779903113731
train,2012-421,3,138,11,0.0,0.5231514173516257
train,2012-421,3,138,12,0.0,0.5182310288622193
train,2012-421,3,138,13,1.0,0.390833872806113
train,2012-421,3,138,14,0.0,0.8446669347621131
train,2012-421,3,138,15,1.0,0.41170505525431306
train,2012-421,4,139,0,1.0,0.5621176301021478
train,2012-421,4,139,1,1.0,0.9754719253518912
train,2012-421,4,139,2,1.0,0.49392475260900254
train,2012-421,4,139,3,0.0,0.44601708611604934
train,2012-421,4,139,4,1.0,0.36477668227520094
train,2012-421,4,139,5,0.0,0.6270666022333794
train,2012-421,4,139,6,0.0,0.8719363263387662
train,2012-421,4,139,7,0.0,0.5286902830320076
train,2012-421,5,140,0,1.0,0.5023621652646286
train,2012-421,5,140,1,1.0,0.9513516208262031
train,2012-421,5,140,2,1.0,0.6861897024102365
train,2012-421,5,140,3,1.0,0.580748147456011
train,2012-421,6,141,0,0.0,0.04587820205196738
train,2012-421,6,141,1,0.0,0.3508627812153238
train,2012-421,7,142,0,0.0,0.05294318857670134
train,2012-422,2,143,0,1.0,0.5000364538157315
train,2012-422,2,143,1,0.0,0.48723220315845955
train,2012-422,2,143,2,0.0,0.4245162081512123
train,2012-422,2,143,3,1.0,0.4523601597465896
train,2012-422,2,143,4,1.0,0.6908809444798272
train,2012-422,2,143,5,0.0,0.322010188060745
train,2012-422,2,143,6,1.0,0.4529097403259202
train,2012-422,2,143,7,0.0,0.4573227879618499
train,2012-422,2,143,8,1.0,0.5897809231623534
train,2012-422,2,143,9,0.0,0.6605368867317929
train,2012-422,2,143,10,0.0,0.4757323103031722
train,2012-422,2,143,11,0.0,0.4555755508241856
train,2012-422,2,143,12,0.0,0.7796560534074961
train,2012-422,2,143,13,0.0,0.48327105961287187
train,2012-422,2,143,14,0.0,0.5581972761624936
train,2012-422,2,143,15,1.0,0.5577983925974896
train,2012-422,2,143,16,0.0,0.41973011391296716
train,2012-422,2,143,17,0.0,0.4407187274269011
train,2012-422,2,143,18,1.0,0.4831529872692018
train,2012-422,2,143,19,1.0,0.5306452612888101
train,2012-422,2,143,20,0.0,0.55983699951206
train,2012-422,2,143,21,0.0,0.5841341000649184
train,2012-422,2,143,22,1.0,0.28748947817020265
train,2012-422,2,143,23,1.0,0.6629345408817701
train,2012-422,3,144,0,1.0,0.9743384027378679
train,2012-422,3,144,1,1.0,0.5387253711802572
train,2012-422,3,144,2,1.0,0.7272175172830597
train,2012-422,3,144,3,0.0,0.7365818529573117
train,2012-422,3,144,4,1.0,0.872385593917932
train,2012-422,3,144,5,1.0,0.5156811601054755
train,2012-422,3,144,6,0.0,0.539322897434764
train,2012-422,3,144,7,0.0,0.48867446824017724
train,2012-422,3,144,8,1.0,0.8268848323318827
train,2012-422,3,144,9,1.0,0.5287411300660497
train,2012-422,3,144,10,1.0,0.5628099771210305
train,2012-422,3,144,11,0.0,0.6689634043008298
train,2012-422,3,144,12,0.0,0.5412009983489191
train,2012-422,3,144,13,0.0,0.24311216224019327
train,2012-422,3,144,14,1.0,0.5712839881088461
train,2012-422,3,144,15,1.0,0.9614481573083548
train,2012-422,4,145,0,1.0,0.955710764865719
train,2012-422,4,145,1,0.0,0.4846946723926469
train,2012-422,4,145,2,0.0,0.7139241492271599
train,2012-422,4,145,3,1.0,0.6730572389833177
train,2012-422,4,145,4,1.0,0.11711808450794148
train,2012-422,4,145,5,1.0,0.6824550857176098
train,2012-422,4,145,6,1.0,0.9661057495852537
train,2012-422,4,145,7,0.0,0.3683065891423924
train,2012-422,5,146,0,0.0,0.0864965325090693
train,2012-422,5,146,1,0.0,0.44585187734190157
train,2012-422,5,146,2,0.0,0.3404054007488789
train,2012-422,5,146,3,1.0,0.9645457538035197
train,2012-422,6,147,0,0.0,0.04631709270007709
train,2012-422,6,147,1,0.0,0.09335535050407187
train,2012-422,7,148,0,0.0,0.7025391232637085
train,2012-5014,2,156,0,1.0,0.599200467597479
train,2012-5014,2,156,1,1.0,0.5396406189427808
train,2012-5014,2,156,2,1.0,0.58238427532555
train,2012-5014,2,156,3,0.0,0.5144657844447895
train,2012-5014,2,156,4,0.0,0.38213613394679047
train,2012-5014,2,156,5,1.0,0.5297444031661929
train,2012-5014,2,156,6,0.0,0.46626484904313065
train,2012-5014,2,156,7,1.0,0.5420950766487106
train,2012-5014,2,156,8,0.0,0.42336094869270796
train,2012-5014,2,156,9,0.0,0.5167665282441049
train,2012-5014,2,156,10,1.0,0.5291235565699856
train,2012-5014,2,156,11,0.0,0.44633471242305706
train,2012-5014,2,156,12,1.0,0.5264680565833898
train,2012-5014,2,156,13,0.0,0.5178336721253155
train,2012-5014,2,156,14,1.0,0.5372191733565205
train,2012-5014,2,156,15,1.0,0.5277045272996577
train,2012-5014,2,156,16,0.0,0.5290632699503413
train,2012-5014,2,156,17,1.0,0.5364960634422152
train,2012-5014,2,156,18,1.0,0.5032970104885337
train,2012-5014,2,156,19,0.0,0.45467527613849046
train,2012-5014,2,156,20,1.0,0.6349677549566627
train,2012-5014,2,156,21,1.0,0.6584615832776377
train,2012-5014,2,156,22,1.0,0.5986107853745489
train,2012-5014,2,156,23,1.0,0.5288349938348097
train,2012-5014,3,157,0,1.0,0.48269045910328034
train,2012-5014,3,157,1,0.0,0.47052276639032103
train,2012-5014,3,157,2,0.0,0.453163268483087
train,2012-5014,3,157,3,1.0,0.5252598305714382
train,2012-5014,3,157,4,1.0,0.4844879154805757
train,2012-5014,3,157,5,1.0,0.4658430457701282
train,2012-5014,3,157,6,0.0,0.44050261885913566
train,2012-5014,3,157,7,0.0,0.46083280204109617
train,2012-5014,3,157,8,1.0,0.4626407186804245
train,2012-5014,3,157,9,1.0,0.4289507641134602
train,2012-5014,3,157,10,1.0,0.4610880912875572
train,2012-5014,3,157,11,0.0,0.5673096363097414
train,2012-5014,3,157,12,1.0,0.5004739882806823
train,2012-5014,3,157,13,1.0,0.5561073912689978
train,2012-5014,3,157,14,0.0,0.45850872295667544
train,2012-5014,3,157,15,0.0,0.4777215615240139
train,2012-5014,4,158,0,0.0,0.5728257824580886
train,2012-5014,4,158,1,0.0,0.5697989611849309
train,2012-5014,4,158,2,1.0,0.4343579903567736
train,2012-5014,4,158,3,1.0,0.4847213176923472
train,2012-5014,4,158,4,0.0,0.5036022747353706
train,2012-5014,4,158,5,1.0,0.5192539807259652
train,2012-5014,4,158,6,1.0,0.49336891432904995
train,2012-5014,4,158,7,0.0,0.5253113786942606
train,2012-5014,5,159,0,0.0,0.5679923535851723
train,2012-5014,5,159,1,1.0,0.44296581854635947
train,2012-5014,5,159,2,0.0,0.49500083445391485
train,2012-5014,5,159,3,1.0,0.41559345752721655
train,2012-5014,6,160,0,0.0,0.4952647437635466
train,2012-5014,6,160,1,0.0,0.5604261126964646
train,2012-5014,7,161,0,1.0,0.4848904301088855
train,2012-520,1,123,0,1.0,0.823452494763163
train,2012-520,1,123,1,1.0,0.5776918693886022
train,2012-520,1,123,2,1.0,0.7486765035387095
train,2012-520,1,123,3,1.0,0.7363489857504812
train,2012-520,1,123,4,1.0,0.5185621100448998
train,2012-520,1,123,5,1.0,0.7471219977750143
train,2012-520,1,123,6,1.0,0.35243696075416453
train,2012-520,1,123,7,1.0,0.5769126251088891
train,2012-520,1,123,8,0.0,0.5259851977700108
train,2012-520,1,123,9,1.0,0.25990872995651365
train,2012-520,1,123,10,1.0,0.23827201104651882
train,2012-520,1,123,11,1.0,0.4103272505152823
train,2012-520,1,123,12,0.0,0.780976165159009
train,2012-520,1,123,13,0.0,0.0338954245174533
train,2012-520,1,123,14,0.0,0.0937380000981111
train,2012-520,1,123,15,0.0,0.3585269569811834
train,2012-520,1,123,16,1.0,0.5522792437352861
train,2012-520,1,123,17,0.0,0.522127426293427
train,2012-520,1,123,18,0.0,0.25529343402976434
train,2012-520,1,123,19,1.0,0.9941032602132339
train,2012-520,1,123,20,0.0,0.6593047387405664
train,2012-520,1,123,21,1.0,0.721859984958048
train,2012-520,1,123,22,1.0,0.821182434660636
train,2012-520,1,123,23,1.0,0.6288952695108478
train,2012-520,1,123,24,1.0,0.45823437056238914
train,2012-520,1,123,25,0.0,0.600469474947441
train,2012-520,1,123,26,0.0,0.6725276092092066
train,2012-520,1,123,27,0.0,0.496915420495571
train,2012-520,1,123,28,1.0,0.3299901785038849
train,2012-520,1,123,29,1.0,0.9887245661890801
train,2012-520,1,123,30,0.0,0.4147700102475477
train,2012-520,1,123,31,1.0,0.5670948153536911
train,2012-520,1,123,32,0.0,0.49527585689003273
train,2012-520,1,123,33,0.0,0.11699937791585717
train,2012-520,1,123,34,1.0,0.517962346803652
train,2012-520,1,123,35,0.0,0.6620522637448883
train,2012-520,1,123,36,0.0,0.38762020615064396
train,2012-520,1,123,37,1.0,0.6556535847639381
train,2012-520,1,123,38,0.0,0.5780135128740538
train,2012-520,1,123,39,1.0,0.49089967013059493
train,2012-520,1,123,40,0.0,0.2820662796857294
train,2012-520,1,123,41,1.0,0.6168713492733603
train,2012-520,1,123,42,0.0,0.5413007285513092
train,2012-520,1,123,43,1.0,0.6843616713015286
train,2012-520,1,123,44,1.0,0.6471325812002291
train,2012-520,1,123,45,0.0,0.39146484822611466
train,2012-520,1,123,46,1.0,0.501558954097829
train,2012-520,1,123,47,1.0,0.6831030622325477
train,2012-520,1,123,48,1.0,0.7318292542327487
train,2012-520,1,123,49,0.0,0.5154154367742197
train,2012-520,1,123,50,1.0,0.8495014033701048
train,2012-520,1,123,51,1.0,0.946230090899443
train,2012-520,1,123,52,1.0,0.45580624850751117
train,2012-520,1,123,53,1.0,0.46937425734894295
train,2012-520,1,123,54,0.0,0.33940812871978854
train,2012-520,1,123,55,0.0,0.6797616565454786
train,2012-520,1,123,56,1.0,0.5985236948504074
train,2012-520,1,123,57,0.0,0.25508344837955704
train,2012-520,1,123,58,1.0,0.39375431931005345
train,2012-520,1,123,59,1.0,0.6413376751119657
train,2012-520,1,123,60,0.0,0.412072170303589
train,2012-520,1,123,61,0.0,0.35726556636674134
train,2012-520,1,123,62,0.0,0.5422556554391667
train,2012-520,1,123,63,0.0,0.3997095939029029
train,2012-520,2,124,0,0.0,0.626084401198658
train,2012-520,2,124,1,1.0,0.5778117934361113
train,2012-520,2,124,2,0.0,0.2974743701798698
train,2012-520,2,124,3,1.0,0.43992251641930497
train,2012-520,2,124,4,0.0,0.3732972628834846
train,2012-520,2,124,5,0.0,0.2830872138214968
train,2012-520,2,124,6,1.0,0.30206045666851183
train,2012-520,2,124,7,0.0,0.43087281802910626
train,2012-520,2,124,8,1.0,0.6445074266906659
train,2012-520,2,124,9,1.0,0.7098084469181627
train,2012-520,2,124,10,0.0,0.09570093690283414
train,2012-520,2,124,11,0.0,0.42615607720732485
train,2012-520,2,124,12,1.0,0.49016508088212485
train,2012-520,2,124,13,0.0,0.19331508674526326
train,2012-520,2,124,14,0.0,0.38761271589492663
train,2012-520,2,124,15,0.0,0.4628344336608702
train,2012-520,2,124,16,1.0,0.8052986085815397
train,2012-520,2,124,17,1.0,0.645736721801019
train,2012-520,2,124,18,1.0,0.3695141185103169
train,2012-520,2,124,19,0.0,0.351304018069516
train,2012-520,2,124,20,0.0,0.026185654911654414
train,2012-520,2,124,21,0.0,0.11245699549423481
train,2012-520,2,124,22,1.0,0.4614646499260136
train,2012-520,2,124,23,0.0,0.2714735642772254
train,2012-520,2,124,24,0.0,0.19445136672807564
train,2012-520,2,124,25,1.0,0.8102330026493522
train,2012-520,2,124,26,1.0,0.5669862055973476
train,2012-520,2,124,27,1.0,0.8536681868620641
train,2012-520,2,124,28,0.0,0.6373258943754871
train,2012-520,2,124,29,0.0,0.6268485032505035
train,2012-520,2,124,30,0.0,0.00789369291136833
train,2012-520,2,124,31,1.0,0.988676377946932
train,2012-520,3,125,0,0.0,0.5695124724426746
train,2012-520,3,125,1,0.0,0.007824950704576786
train,2012-520,3,125,2,1.0,0.9928648093374773
train,2012-520,3,125,3,0.0,0.40255517591353335
train,2012-520,3,125,4,0.0,0.2902199846954977
train,2012-520,3,125,5,1.0,0.6419550115634296
train,2012-520,3,125,6,1.0,0.9075192062758706
train,2012-520,3,125,7,0.0,0.34651757991293936
train,2012-520,3,125,8,1.0,0.49942987504800823
train,2012-520,3,125,9,0.0,0.28620043025468067
train,2012-520,3,125,10,0.0,0.18084971802671293
train,2012-520,3,125,11,0.0,0.41909405660659205
train,2012-520,3,125,12,1.0,0.9547163420693229
train,2012-520,3,125,13,0.0,0.16783132811008666
train,2012-520,3,125,14,1.0,0.4865307631976719
train,2012-520,3,125,15,0.0,0.7375573679891628
train,2012-520,4,126,0,0.0,0.018088314716221063
train,2012-520,4,126,1,1.0,0.4519802778711954
train,2012-520,4,126,2,0.0,0.24220222168348404
train,2012-520,4,126,3,0.0,0.1985628166556092
train,2012-520,4,126,4,1.0,0.31401168416010306
train,2012-520,4,126,5,0.0,0.04170080738226735
train,2012-520,4,126,6,1.0,0.6685030230807821
train,2012-520,4,126,7,0.0,0.025607550424156425
train,2012-520,5,127,0,1.0,0.9804862769117472
train,2012-520,5,127,1,0.0,0.6801744400292549
train,2012-520,5,127,2,0.0,0.1266785739701554
train,2012-520,5,127,3,1.0,0.9171099110865539
train,2012-520,6,128,0,0.0,0.039699234262080496
train,2012-520,6,128,1,0.0,0.24403582112102568
train,2012-520,7,129,0,1.0,0.6282917630999526
train,2012-540,1,130,0,1.0,0.9898465774541523
train,2012-540,1,130,1,1.0,0.5736332363915755
train,2012-540,1,130,2,0.0,0.6147301774131274
train,2012-540,1,130,3,1.0,0.6611015260481912
train,2012-540,1,130,4,1.0,0.6035604542699177
train,2012-540,1,130,5,1.0,0.3904924519368075
train,2012-540,1,130,6,0.0,0.306527837421495
train,2012-540,1,130,7,1.0,0.5864769525611289
train,2012-540,1,130,8,1.0,0.5646564076793764
train,2012-540,1,130,9,1.0,0.8619701402863522
train,2012-540,1,130,10,0.0,0.4009714558998402
train,2012-540,1,130,11,1.0,0.6032540479576223
train,2012-540,1,130,12,0.0,0.5518632977046385
train,2012-540,1,130,13,0.0,0.03615676092855038
train,2012-540,1,130,14,0.0,0.8183020685610974
train,2012-540,1,130,15,0.0,0.3040693810739614
train,2012-540,1,130,16,0.0,0.6213612494451249
train,2012-540,1,130,17,1.0,0.6231665308395137
train,2012-540,1,130,18,1.0,0.7655268724458085
train,2012-540,1,130,19,0.0,0.5848901948019459
train,2012-540,1,130,20,0.0,0.5435585358666039
train,2012-540,1,130,21,1.0,0.6973086764373766
train,2012-540,1,130,22,0.0,0.3163888807115977
train,2012-540,1,130,23,0.0,0.44595754367917273
train,2012-540,1,130,24,0.0,0.6127295303205021
train,2012-540,1,130,25,1.0,0.5350383044523748
train,2012-540,1,130,26,1.0,0.6170585431329145
train,2012-540,1,130,27,1.0,0.5020080895613394
train,2012-540,1,130,28,1.0,0.9767179204116304
train,2012-540,1,130,29,0.0,0.6131923489638492
train,2012-540,1,130,30,0.0,0.39610379459053274
train,2012-540,1,130,31,1.0,0.3934136296074285
train,2012-540,1,130,32,0.0,0.5498084608476196
train,2012-540,1,130,33,1.0,0.5380614416516302
train,2012-540,1,130,34,1.0,0.48567399255754057
train,2012-540,1,130,35,0.0,0.44134494284680376
train,2012-540,1,130,36,1.0,0.5918821368278454
train,2012-540,1,130,37,0.0,0.5376455754494918
train,2012-540,1,130,38,1.0,0.3767492321106366
train,2012-540,1,130,39,0.0,0.2221755949637619
train,2012-540,1,130,40,1.0,0.4018123014804498
train,2012-540,1,130,41,0.0,0.46617978084943623
train,2012-540,1,130,42,1.0,0.43422334569369275
train,2012-540,1,130,43,0.0,0.5958551291788086
train,2012-540,1,130,44,0.0,0.4536700543790834
train,2012-540,1,130,45,1.0,0.6044416715857898
train,2012-540,1,130,46,0.0,0.22336574688119687
train,2012-540,1,130,47,0.0,0.18888139199300086
train,2012-540,1,130,48,0.0,0.5288817172711234
train,2012-540,1,130,49,0.0,0.37115470190124755
train,2012-540,1,130,50,1.0,0.4825233616060979
train,2012-540,1,130,51,1.0,0.6636114520171977
train,2012-540,1,130,52,1.0,0.556094987459033
train,2012-540,1,130,53,0.0,0.14081266722596994
train,2012-540,1,130,54,0.0,0.4354049766041725
train,2012-540,1,130,55,0.0,0.3734739332004911
train,2012-540,1,130,56,1.0,0.8772118140359788
train,2012-540,1,130,57,1.0,0.7090240685518643
train,2012-540,1,130,58,0.0,0.27310626976622565
train,2012-540,1,130,59,0.0,0.4175229673765278
train,2012-540,1,130,60,0.0,0.36151020927527844
train,2012-540,1,130,61,0.0,0.5278982111028083
train,2012-540,1,130,62,0.0,0.4260098489309582
train,2012-540,1,130,63,0.0,0.5477861239818201
train,2012-540,2,131,0,1.0,0.5834398223138588
train,2012-540,2,131,1,1.0,0.8353808463846022
train,2012-540,2,131,2,0.0,0.32517223943588935
train,2012-540,2,131,3,1.0,0.4703326382697737
train,2012-540,2,131,4,0.0,0.4342095241384597
train,2012-540,2,131,5,0.0,0.6835962554652026
train,2012-540,2,131,6,0.0,0.18796398651087473
train,2012-540,2,131,7,0.0,0.4246726924788772
train,2012-540,2,131,8,0.0,0.18558806379407486
train,2012-540,2,131,9,1.0,0.36955947669246825
train,2012-540,2,131,10,1.0,0.8494667778434015
train,2012-540,2,131,11,1.0,0.8931177482599594
train,2012-540,2,131,12,1.0,0.840819286071072
train,2012-540,2,131,13,0.0,0.24004269952669802
train,2012-540,2,131,14,0.0,0.5036962589476192
train,2012-540,2,131,15,0.0,0.5249226704073144
train,2012-540,2,131,16,1.0,0.3078835332995736
train,2012-540,2,131,17,0.0,0.6544642075745046
train,2012-540,2,131,18,0.0,0.35683529391848245
train,2012-540,2,131,19,1.0,0.947485648451125
train,2012-540,2,131,20,0.0,0.7045297812133982
train,2012-540,2,131,21,1.0,0.5574119881366013
train,2012-540,2,131,22,0.0,0.18627816068415412
train,2012-540,2,131,23,1.0,0.7457539898605906
train,2012-540,2,131,24,1.0,0.664479714719656
train,2012-540,2,131,25,0.0,0.3452970170986553
train,2012-540,2,131,26,0.0,0.35216695287152155
train,2012-540,2,131,27,0.0,0.24525191132606047
train,2012-540,2,131,28,0.0,0.20920577136277785
train,2012-540,2,131,29,0.0,0.018053767141009924
train,2012-540,2,131,30,1.0,0.006556145525429719
train,2012-540,2,131,31,1.0,0.7989249492743822
train,2012-540,3,132,0,1.0,0.23923455037814875
train,2012-540,3,132,1,0.0,0.028724288644166616
train,2012-540,3,132,2,0.0,0.3121996989799477
train,2012-540,3,132,3,0.0,0.5660597206243484
train,2012-540,3,132,4,1.0,0.6835878697706091
train,2012-540,3,132,5,1.0,0.8704625496762832
train,2012-540,3,132,6,1.0,0.8377077917275719
train,2012-540,3,132,7,0.0,0.38073760272488294
train,2012-540,3,132,8,0.0,0.34414304806436063
train,2012-540,3,132,9,0.0,0.38316604370955065
train,2012-540,3,132,10,0.0,0.5972015699429788
train,2012-540,3,132,11,0.0,0.5249587086672602
train,2012-540,3,132,12,1.0,0.9298589896481873
train,2012-540,3,132,13,0.0,0.28307301559007475
train,2012-540,3,132,14,0.0,0.45676225126041453
train,2012-540,3,132,15,0.0,0.629288396160862
train,2012-540,4,133,0,0.0,0.21114010953270776
train,2012-540,4,133,1,1.0,0.7079242455000957
train,2012-540,4,133,2,0.0,0.18806186872949857
train,2012-540,4,133,3,0.0,0.3623687513245692
train,2012-540,4,133,4,0.0,0.36999592588875624
train,2012-540,4,133,5,1.0,0.9414358943395958
train,2012-540,4,133,6,0.0,0.6471307340111588
train,2012-540,4,133,7,1.0,0.9779029299440481
train,2012-540,5,134,0,0.0,0.3305214176174551
train,2012-540,5,134,1,0.0,0.36454697390670343
train,2012-540,5,134,2,0.0,0.08911107978901342
train,2012-540,5,134,3,1.0,0.9721648452966247
train,2012-540,6,135,0,1.0,0.6327126835314644
train,2012-540,6,135,1,1.0,0.25509409729141397
train,2012-540,7,136,0,0.0,0.299519820738183
train,2012-560,1,149,0,1.0,0.9879998348171695
train,2012-560,1,149,1,1.0,0.5069836626207703
train,2012-560,1,149,2,1.0,0.7041984891919849
train,2012-560,1,149,3,0.0,0.4649175596302836
train,2012-560,1,149,4,0.0,0.4948741074115499
train,2012-560,1,149,5,0.0,0.27716877347339464
train,2012-560,1,149,6,1.0,0.6735106504921412
train,2012-560,1,149,7,0.0,0.4855606644154868
train,2012-560,1,149,8,1.0,0.5774364702640813
train,2012-560,1,149,9,1.0,0.42181738105342087
train,2012-560,1,149,10,1.0,0.6456864651157526
train,2012-560,1,149,11,0.0,0.41736320136706334
train,2012-560,1,149,12,0.0,0.5675542353575708
train,2012-560,1,149,13,1.0,0.6901843175247724
train,2012-560,1,149,14,0.0,0.09486107873374824
train,2012-560,1,149,15,0.0,0.3684492179856588
train,2012-560,1,149,16,0.0,0.16421116986240478
train,2012-560,1,149,17,0.0,0.4335354988049046
train,2012-560,1,149,18,0.0,0.7039093300743003
train,2012-560,1,149,19,0.0,0.5059727482979479
train,2012-560,1,149,20,0.0,0.5209968982665547
train,2012-560,1,149,21,0.0,0.46595566817693196
train,2012-560,1,149,22,0.0,0.25740953262281685
train,2012-560,1,149,23,0.0,0.7254923830516833
train,2012-560,1,149,24,1.0,0.7793685712891256
train,2012-560,1,149,25,1.0,0.8013849679117946
train,2012-560,1,149,26,0.0,0.17818939210542603
train,2012-560,1,149,27,0.0,0.4920983943203678
train,2012-560,1,149,28,0.0,0.41577496206446407
train,2012-560,1,149,29,0.0,0.02117633436941326
train,2012-560,1,149,30,1.0,0.4565501716941111
train,2012-560,1,149,31,0.0,0.45025995876246744
train,2012-560,1,149,32,0.0,0.6554883254460251
train,2012-560,1,149,33,0.0,0.11343144583773583
train,2012-560,1,149,34,0.0,0.6239099036057508
train,2012-560,1,149,35,1.0,0.5984519216996859
train,2012-560,1,149,36,1.0,0.7192800102331361
train,2012-560,1,149,37,1.0,0.5473762361815278
train,2012-560,1,149,38,0.0,0.27072407322435166
train,2012-560,1,149,39,1.0,0.6400570987044182
train,2012-560,1,149,40,1.0,0.34903291109306595
train,2012-560,1,149,41,0.0,0.41983413771970324
train,2012-560,1,149,42,1.0,0.8472469698921156
train,2012-560,1,149,43,0.0,0.5425762802192229
train,2012-560,1,149,44,1.0,0.4875212148406601
train,2012-560,1,149,45,0.0,0.4677121889892335
train,2012-560,1,149,46,0.0,0.2378142286752611
train,2012-560,1,149,47,0.0,0.20368032225448354
train,2012-560,1,149,48,1.0,0.5829448242206442
train,2012-560,1,149,49,1.0,0.4027604159763057
train,2012-560,1,149,50,1.0,0.5777842022058248
train,2012-560,1,149,51,0.0,0.5192251123572029
train,2012-560,1,149,52,1.0,0.3524497509283607
train,2012-560,1,149,53,1.0,0.6629513297443583
train,2012-560,1,149,54,0.0,0.5046316018572478
train,2012-560,1,149,55,1.0,0.3852864351554758
train,2012-560,1,149,56,1.0,0.5862256418006108
train,2012-560,1,149,57,0.0,0.2460105038507728
train,2012-560,1,149,58,0.0,0.747324602122817
train,2012-560,1,149,59,0.0,0.5349605735044876
train,2012-560,1,149,60,0.0,0.6737607985276294
train,2012-560,1,149,61,1.0,0.3447313929038501
train,2012-560,1,149,62,0.0,0.3273667280916158
train,2012-560,1,149,63,1.0,0.7657169755225687
train,2012-560,2,150,0,1.0,0.7532741175261715
train,2012-560,2,150,1,1.0,0.6312741489533575
train,2012-560,2,150,2,1.0,0.832988543492244
train,2012-560,2,150,3,1.0,0.2933896345221858
train,2012-560,2,150,4,1.0,0.6178055943594292
train,2012-560,2,150,5,0.0,0.5318152146740422
train,2012-560,2,150,6,0.0,0.26728554969343443
train,2012-560,2,150,7,1.0,0.39039920912053855
train,2012-560,2,150,8,0.0,0.29961528424588535
train,2012-560,2,150,9,0.0,0.5350040101303413
train,2012-560,2,150,10,1.0,0.48217988827774666
train,2012-560,2,150,11,1.0,0.8876788647871726
train,2012-560,2,150,12,1.0,0.7332857948890157
train,2012-560,2,150,13,1.0,0.46361381801751267
train,2012-560,2,150,14,1.0,0.6450826253312129
train,2012-560,2,150,15,1.0,0.6914524146514588
train,2012-560,2,150,16,0.0,0.25741875451618457
train,2012-560,2,150,17,0.0,0.3580299885910034
train,2012-560,2,150,18,0.0,0.5072808907654888
train,2012-560,2,150,19,1.0,0.6259062222357512
train,2012-560,2,150,20,0.0,0.11442934946648038
train,2012-560,2,150,21,0.0,0.11182460251439412
train,2012-560,2,150,22,0.0,0.3454288273903276
train,2012-560,2,150,23,0.0,0.253972394328511
train,2012-560,2,150,24,1.0,0.6714233663143584
train,2012-560,2,150,25,0.0,0.20513809887567783
train,2012-560,2,150,26,1.0,0.5283210505371868
train,2012-560,2,150,27,1.0,0.7878763610126154
train,2012-560,2,150,28,0.0,0.8763683345995062
train,2012-560,2,150,29,1.0,0.724421448271505
train,2012-560,2,150,30,1.0,0.9801582183499681
train,2012-560,2,150,31,0.0,0.008395271486851747
train,2012-560,3,151,0,0.0,0.2607679773772472
train,2012-560,3,151,1,0.0,0.0991241343726674
train,2012-560,3,151,2,0.0,0.024685718791155428
train,2012-560,3,151,3,1.0,0.6378649176467418
train,2012-560,3,151,4,0.0,0.2855291369362248
train,2012-560,3,151,5,0.0,0.23090804255482894
train,2012-560,3,151,6,1.0,0.8342668317595024
train,2012-560,3,151,7,1.0,0.7671470111276396
train,2012-560,3,151,8,1.0,0.3669605411998864
train,2012-560,3,151,9,1.0,0.5802425251708979
train,2012-560,3,151,10,0.0,0.3651831323770331
train,2012-560,3,151,11,0.0,0.15193663842585683
train,2012-560,3,151,12,0.0,0.22544624557085352
train,2012-560,3,151,13,0.0,0.2380894626566114
train,2012-560,3,151,14,0.0,0.5062282951732446
train,2012-560,3,151,15,1.0,0.6070856333242849
train,2012-560,4,152,0,1.0,0.9565273115183276
train,2012-560,4,152,1,1.0,0.5033628303113933
train,2012-560,4,152,2,1.0,0.6034373748180917
train,2012-560,4,152,3,0.0,0.51158135301798
train,2012-560,4,152,4,0.0,0.31373469567139123
train,2012-560,4,152,5,0.0,0.18750560365188565
train,2012-560,4,152,6,0.0,0.3377826011342053
train,2012-560,4,152,7,1.0,0.9287036439829514
train,2012-560,5,153,0,0.0,0.048568721278166097
train,2012-560,5,153,1,0.0,0.3598312005633421
train,2012-560,5,153,2,1.0,0.8123306917405594
train,2012-560,5,153,3,1.0,0.12718356938427128
train,2012-560,6,154,0,0.0,0.07744808342194759
train,2012-560,6,154,1,0.0,0.3752939640316782
train,2012-560,7,155,0,1.0,0.1397841133973186
train,2012-580,1,84,0,0.0,0.308011865800226
train,2012-580,1,84,1,0.0,0.27222067405873573
train,2012-580,1,84,2,1.0,0.5822400012003051
train,2012-580,1,84,3,1.0,0.5803381309181352
train,2012-580,1,84,4,1.0,0.654911227638867
train,2012-580,1,84,5,1.0,0.8116376540207889
train,2012-580,1,84,6,0.0,0.21731928121197167
train,2012-580,1,84,7,0.0,0.4078053203444814
train,2012-580,1,84,8,0.0,0.6031702013291057
train,2012-580,1,84,9,1.0,0.4378916796061362
train,2012-580,1,84,10,0.0,0.44247550392690627
train,2012-580,1,84,11,0.0,0.4711961705355558
train,2012-580,1,84,12,1.0,0.32759606596844854
train,2012-580,1,84,13,0.0,0.07872343104626474
train,2012-580,1,84,14,1.0,0.8506202795641212
train,2012-580,1,84,15,1.0,0.6283854420683781
train,2012-580,1,84,16,0.0,0.4209100609684169
train,2012-580,1,84,17,0.0,0.4605882836051311
train,2012-580,1,84,18,1.0,0.6645846809590392
train,2012-580,1,84,19,1.0,0.3321614545611461
train,2012-580,1,84,20,0.0,0.00609781579052142
train,2012-580,1,84,21,1.0,0.6710349153790356
train,2012-580,1,84,22,1.0,0.7569536468502106
train,2012-580,1,84,23,0.0,0.26126882255398826
train,2012-580,1,84,24,0.0,0.33156093306417056
train,2012-580,1,84,25,1.0,0.5278325542055406
train,2012-580,1,84,26,1.0,0.3270232848557015
train,2012-580,1,84,27,0.0,0.61290266923704
train,2012-580,1,84,28,0.0,0.37473432116140887
train,2012-580,1,84,29,1.0,0.9859431087654106
train,2012-580,1,84,30,1.0,0.5278908690204812
train,2012-580,1,84,31,1.0,0.3633231595008436
train,2012-580,1,84,32,1.0,0.5000099093937628
train,2012-580,1,84,33,0.0,0.1234699070418289
train,2012-580,1,84,34,0.0,0.4096407113029602
train,2012-580,1,84,35,0.0,0.38737355732137113
train,2012-580,1,84,36,1.0,0.2945995038395849
train,2012-580,1,84,37,1.0,0.674209784849052
train,2012-580,1,84,38,1.0,0.24453799196870818
train,2012-580,1,84,39,0.0,0.2587963453325061
train,2012-580,1,84,40,0.0,0.3156806603227483
train,2012-580,1,84,41,1.0,0.4261782206326458
train,2012-580,1,84,42,0.0,0.34061525170225476
train,2012-580,1,84,43,0.0,0.2315314106611614
train,2012-580,1,84,44,0.0,0.3057203241194773
train,2012-580,1,84,45,0.0,0.42216408241318615
train,2012-580,1,84,46,0.0,0.38907419548076044
train,2012-580,1,84,47,0.0,0.12133114606249325
train,2012-580,1,84,48,0.0,0.3021854393456543
train,2012-580,1,84,49,1.0,0.5675290109387773
train,2012-580,1,84,50,1.0,0.7943535135515665
train,2012-580,1,84,51,0.0,0.01707745130689704
train,2012-580,1,84,52,1.0,0.47244229798943915
train,2012-580,1,84,53,1.0,0.4405472613098191
train,2012-580,1,84,54,0.0,0.3855084651260395
train,2012-580,1,84,55,0.0,0.4493407003175096
train,2012-580,1,84,56,1.0,0.5263284797543026
train,2012-580,1,84,57,0.0,0.2395918391890129
train,2012-580,1,84,58,1.0,0.7051623102769211
train,2012-580,1,84,59,1.0,0.45892520041734314
train,2012-580,1,84,60,0.0,0.7765666363578093
train,2012-580,1,84,61,1.0,0.445861321122425
train,2012-580,1,84,62,1.0,0.5897834532822115
train,2012-580,1,84,63,1.0,0.5761093906882555
train,2012-580,2,85,0,1.0,0.7588424825945013
train,2012-580,2,85,1,0.0,0.377389688674004
train,2012-580,2,85,2,1.0,0.4682888265858399
train,2012-580,2,85,3,1.0,0.693231750254971
train,2012-580,2,85,4,1.0,0.8390309519362813
train,2012-580,2,85,5,0.0,0.44303306283042876
train,2012-580,2,85,6,1.0,0.5737486014840841
train,2012-580,2,85,7,1.0,0.7066272408619269
train,2012-580,2,85,8,0.0,0.5578431780468474
train,2012-580,2,85,9,0.0,0.49428658504930534
train,2012-580,2,85,10,0.0,0.021432525042970996
train,2012-580,2,85,11,0.0,0.27515793402518096
train,2012-580,2,85,12,1.0,0.761882589410669
train,2012-580,2,85,13,0.0,0.10338041259723563
train,2012-580,2,85,14,1.0,0.4632887031326137
train,2012-580,2,85,15,1.0,0.609392830732916
train,2012-580,2,85,16,0.0,0.6514019423161298
train,2012-580,2,85,17,0.0,0.3388786689258129
train,2012-580,2,85,18,0.0,0.6149316644108962
train,2012-580,2,85,19,1.0,0.5496581264380132
train,2012-580,2,85,20,0.0,0.05336346024659379
train,2012-580,2,85,21,0.0,0.16015503377810822
train,2012-580,2,85,22,0.0,0.45362252781687806
train,2012-580,2,85,23,1.0,0.7261488014258246
train,2012-580,2,85,24,0.0,0.31761443875758977
train,2012-580,2,85,25,0.0,0.6663758467447516
train,2012-580,2,85,26,0.0,0.5507972759668902
train,2012-580,2,85,27,0.0,0.774414531569184
train,2012-580,2,85,28,0.0,0.5347561828748506
train,2012-580,2,85,29,0.0,0.3559943382879239
train,2012-580,2,85,30,0.0,0.01845817034069192
train,2012-580,2,85,31,0.0,0.017402508130402207
train,2012-580,3,86,0,1.0,0.79639964056232
train,2012-580,3,86,1,0.0,0.019067589175735325
train,2012-580,3,86,2,0.0,0.008794687843037947
train,2012-580,3,86,3,1.0,0.5037075267425334
train,2012-580,3,86,4,0.0,0.5488131888512192
train,2012-580,3,86,5,1.0,0.9433982248185157
train,2012-580,3,86,6,1.0,0.4509769169858304
train,2012-580,3,86,7,0.0,0.30336189875680525
train,2012-580,3,86,8,0.0,0.3351317592681751
train,2012-580,3,86,9,0.0,0.12589748331403885
train,2012-580,3,86,10,0.0,0.5454874595004958
train,2012-580,3,86,11,0.0,0.734331914849537
train,2012-580,3,86,12,1.0,0.860704840034873
train,2012-580,3,86,13,1.0,0.7885483050788059
train,2012-580,3,86,14,0.0,0.4284965993753437
train,2012-580,3,86,15,0.0,0.37944236188514263
train,2012-580,4,87,0,0.0,0.024403669864323407
train,2012-580,4,87,1,1.0,0.7008408198760405
train,2012-580,4,87,2,1.0,0.9583087903362586
train,2012-580,4,87,3,1.0,0.4816795674397486
train,2012-580,4,87,4,0.0,0.8259821006746125
train,2012-580,4,87,5,0.0,0.09275914380713433
train,2012-580,4,87,6,0.0,0.4144959546598631
train,2012-580,4,87,7,1.0,0.9612692116777846
train,2012-580,5,88,0,1.0,0.9387764936944881
train,2012-580,5,88,1,1.0,0.9269492339238816
train,2012-580,5,88,2,1.0,0.8660324127948529
train,2012-580,5,88,3,1.0,0.9231314340531971
train,2012-580,6,89,0,1.0,0.7412162915587539
train,2012-580,6,89,1,0.0,0.16481894626880877
train,2012-580,7,90,0,1.0,0.36141766405000003
train,2013-1536,2,195,0,0.0,0.46660137329089213
train,2013-1536,2,195,1,1.0,0.4890186962555077
train,2013-1536,2,195,2,1.0,0.8289994674816147
train,2013-1536,2,195,3,1.0,0.5422716549520245
train,2013-1536,2,195,4,1.0,0.7123105969351288
train,2013-1536,2,195,5,1.0,0.4248531115263606
train,2013-1536,2,195,6,0.0,0.3928440623541765
train,2013-1536,2,195,7,0.0,0.3343295891232778
train,2013-1536,2,195,8,0.0,0.35096353797130264
train,2013-1536,2,195,9,0.0,0.547496671730584
train,2013-1536,2,195,10,0.0,0.3555498214411418
train,2013-1536,2,195,11,1.0,0.386898860447275
train,2013-1536,2,195,12,0.0,0.38176865222113915
train,2013-1536,2,195,13,0.0,0.3182132983308269
train,2013-1536,2,195,14,0.0,0.25909598796554506
train,2013-1536,2,195,15,0.0,0.4769155077342891
train,2013-1536,2,195,16,1.0,0.6128549045568658
train,2013-1536,2,195,17,0.0,0.5256915251102113
train,2013-1536,2,195,18,1.0,0.586843718578666
train,2013-1536,2,195,19,1.0,0.40181233651315995
train,2013-1536,2,195,20,1.0,0.4550418891012742
train,2013-1536,2,195,21,0.0,0.4853601502466018
train,2013-1536,2,195,22,1.0,0.7057040341986753
train,2013-1536,2,195,23,0.0,0.6938409125223897
train,2013-1536,3,196,0,0.0,0.07601986481179505
train,2013-1536,3,196,1,0.0,0.4681752886082414
train,2013-1536,3,196,2,0.0,0.6177921121486526
train,2013-1536,3,196,3,0.0,0.7658620341286834
train,2013-1536,3,196,4,1.0,0.8415780498509281
train,2013-1536,3,196,5,0.0,0.6153618085498592
train,2013-1536,3,196,6,1.0,0.9844342418516782
train,2013-1536,3,196,7,1.0,0.7819744360014207
train,2013-1536,3,196,8,0.0,0.5738685297165338
train,2013-1536,3,196,9,0.0,0.3067231218119806
train,2013-1536,3,196,10,1.0,0.6365272752901668
train,2013-1536,3,196,11,0.0,0.09959817143940172
train,2013-1536,3,196,12,0.0,0.44072373457238123
train,2013-1536,3,196,13,1.0,0.7610013272755203
train,2013-1536,3,196,14,1.0,0.021369034285547928
train,2013-1536,3,196,15,0.0,0.1756555875125132
train,2013-1536,4,197,0,1.0,0.6172254891477634
train,2013-1536,4,197,1,0.0,0.38470014339612046
train,2013-1536,4,197,2,1.0,0.754366606509837
train,2013-1536,4,197,3,0.0,0.02767241228774996
train,2013-1536,4,197,4,1.0,0.5766625618056995
train,2013-1536,4,197,5,1.0,0.48765211801591263
train,2013-1536,4,197,6,0.0,0.9371227707485442
train,2013-1536,4,197,7,1.0,0.8271057100703026
train,2013-1536,5,198,0,1.0,0.3786799008269564
train,2013-1536,5,198,1,1.0,0.27529442206553456
train,2013-1536,5,198,2,1.0,0.9153362830699747
train,2013-1536,5,198,3,1.0,0.3704595259686956
train,2013-1536,6,199,0,0.0,0.6382332612748048
train,2013-1536,6,199,1,0.0,0.01609608972994693
train,2013-1536,7,200,0,1.0,0.9481698143711399
train,2013-352,2,246,0,1.0,0.49496549896708747
train,2013-352,2,246,1,0.0,0.4967439057790238
train,2013-352,2,246,2,1.0,0.5772238283276586
train,2013-352,2,246,3,1.0,0.5210231599598348
train,2013-352,2,246,4,1.0,0.4078597479398002
train,2013-352,2,246,5,1.0,0.4542961649478738
train,2013-352,2,246,6,0.0,0.5523067327178416
train,2013-352,2,246,7,0.0,0.5548953216953638
train,2013-352,2,246,8,0.0,0.5856205303628004
train,2013-352,2,246,9,0.0,0.4148825998796982
train,2013-352,2,246,10,0.0,0.28654420816251064
train,2013-352,2,246,11,0.0,0.49518184833412854
train,2013-352,2,246,12,0.0,0.6300265904412891
train,2013-352,2,246,13,1.0,0.6299026629302572
train,2013-352,2,246,14,0.0,0.3913050220275912
train,2013-352,2,246,15,0.0,0.6921154262440357
train,2013-352,3,247,0,0.0,0.011457542725163491
train,2013-352,3,247,1,0.0,0.26189016708938223
train,2013-352,3,247,2,0.0,0.4020740237748279
train,2013-352,3,247,3,1.0,0.40493636647613207
train,2013-352,3,247,4,0.0,0.464812259752169
train,2013-352,3,247,5,1.0,0.5028436527813351
train,2013-352,3,247,6,0.0,0.32180005025981756
train,2013-352,3,247,7,0.0,0.09594376005462675
train,2013-352,3,247,8,0.0,0.14272202518038385
train,2013-352,3,247,9,1.0,0.6699800286446904
train,2013-352,3,247,10,0.0,0.29692740746777074
train,2013-352,3,247,11,0.0,0.15770294526100298
train,2013-352,3,247,12,1.0,0.30249594846958855
train,2013-352,3,247,13,1.0,0.6554538306544624
train,2013-352,3,247,14,1.0,0.9872571012839398
train,2013-352,3,247,15,0.0,0.45476068166878775
train,2013-352,4,248,0,0.0,0.01473990682701891
train,2013-352,4,248,1,0.0,0.3533046760993591
train,2013-352,4,248,2,0.0,0.3239040876408314
train,2013-352,4,248,3,0.0,0.13225733952020038
train,2013-352,4,248,4,0.0,0.3677446746549213
train,2013-352,4,248,5,1.0,0.9497077187918628
train,2013-352,4,248,6,0.0,0.2953133813673149
train,2013-352,4,248,7,1.0,0.636629342942011
train,2013-352,5,249,0,1.0,0.9700710343410923
train,2013-352,5,249,1,0.0,0.5267679692297026
train,2013-352,5,249,2,0.0,0.1431320154376775
train,2013-352,5,249,3,0.0,0.0877072065713381
train,2013-352,6,250,0,1.0,0.04704522360595526
train,2013-352,6,250,1,1.0,0.7115437401722613
train,2013-352,7,251,0,0.0,0.13024170114106867
train,2013-403,1,182,0,1.0,0.591872542778401
train,2013-403,1,182,1,1.0,0.399304321069182
train,2013-403,1,182,2,1.0,0.48327843002613874
train,2013-403,1,182,3,0.0,0.44551200384091394
train,2013-403,1,182,4,0.0,0.4103754069023006
train,2013-403,1,182,5,0.0,0.5119811777598468
train,2013-403,1,182,6,0.0,0.35216019432396506
train,2013-403,1,182,7,0.0,0.4893516304045682
train,2013-403,1,182,8,1.0,0.5546538117903876
train,2013-403,1,182,9,1.0,0.5418902749035571
train,2013-403,1,182,10,0.0,0.3922109677010767
train,2013-403,1,182,11,1.0,0.5212931539560312
train,2013-403,1,182,12,1.0,0.5027539836908681
train,2013-403,1,182,13,1.0,0.4637825943179914
train,2013-403,1,182,14,0.0,0.46817395040530524
train,2013-403,1,182,15,1.0,0.7181726744605359
train,2013-403,1,182,16,0.0,0.5616379574208324
train,2013-403,1,182,17,0.0,0.31831810055658927
train,2013-403,1,182,18,0.0,0.44700780886454067
train,2013-403,1,182,19,0.0,0.49012853422818947
train,2013-403,1,182,20,0.0,0.4654443595936695
train,2013-403,1,182,21,0.0,0.3910690315618916
train,2013-403,1,182,22,0.0,0.3501541917766011
train,2013-403,1,182,23,1.0,0.570064398561825
train,2013-403,1,182,24,0.0,0.5248258174343161
train,2013-403,1,182,25,0.0,0.3731032057706234
train,2013-403,1,182,26,0.0,0.4978327958492651
train,2013-403,1,182,27,0.0,0.41172392408713127
train,2013-403,1,182,28,0.0,0.6036743669349183
train,2013-403,1,182,29,0.0,0.40720403967291896
train,2013-403,1,182,30,1.0,0.589496946558156
train,2013-403,1,182,31,0.0,0.644245622795577
train,2013-403,2,183,0,0.0,0.08209436814457817
train,2013-403,2,183,1,1.0,0.5742937487941217
train,2013-403,2,183,2,0.0,0.5103834081525198
train,2013-403,2,183,3,0.0,0.3953151413137372
train,2013-403,2,183,4,1.0,0.6754758170154826
train,2013-403,2,183,5,0.0,0.4424392475329172
train,2013-403,2,183,6,1.0,0.5239855492696998
train,2013-403,2,183,7,0.0,0.21573126136671522
train,2013-403,2,183,8,0.0,0.1522839496229247
train,2013-403,2,183,9,0.0,0.7457953437342076
train,2013-403,2,183,10,1.0,0.6809737978104516
train,2013-403,2,183,11,1.0,0.7151362665117027
train,2013-403,2,183,12,0.0,0.6893158614330049
train,2013-403,2,183,13,1.0,0.697678604492499
train,2013-403,2,183,14,1.0,0.7430967268709334
train,2013-403,2,183,15,0.0,0.7868519184513976
train,2013-403,2,183,16,0.0,0.21257072755136408
train,2013-403,2,183,17,1.0,0.43918852560421096
train,2013-403,2,183,18,1.0,0.5776250809402941
train,2013-403,2,183,19,0.0,0.6679507282556848
train,2013-403,2,183,20,1.0,0.6098195314337813
train,2013-403,2,183,21,0.0,0.5796701849500854
train,2013-403,2,183,22,0.0,0.5932874061217227
train,2013-403,2,183,23,1.0,0.8671617668626863
train,2013-403,2,183,24,1.0,0.6509814942476796
train,2013-403,2,183,25,0.0,0.6363084897893154
train,2013-403,2,183,26,0.0,0.36714570563028925
train,2013-403,2,183,27,1.0,0.7336832898881316
train,2013-403,2,183,28,0.0,0.2557368957568733
train,2013-403,2,183,29,0.0,0.5809857089015347
train,2013-403,2,183,30,0.0,0.5011690370352816
train,2013-403,2,183,31,1.0,0.9851427685894886
train,2013-403,3,184,0,1.0,0.5316526010766413
train,2013-403,3,184,1,0.0,0.17123481812374652
train,2013-403,3,184,2,1.0,0.6084218775464661
train,2013-403,3,184,3,1.0,0.7481293168001157
train,2013-403,3,184,4,1.0,0.6472884115379184
train,2013-403,3,184,5,0.0,0.01211388507707662
train,2013-403,3,184,6,0.0,0.5539866412400538
train,2013-403,3,184,7,0.0,0.3687278018025825
train,2013-403,3,184,8,0.0,0.32599301129943137
train,2013-403,3,184,9,0.0,0.08898178404814477
train,2013-403,3,184,10,1.0,0.5533718653484287
train,2013-403,3,184,11,1.0,0.5590455060330851
train,2013-403,3,184,12,1.0,0.8070736473345405
train,2013-403,3,184,13,1.0,0.8197145081604984
train,2013-403,3,184,14,1.0,0.4884354039767767
train,2013-403,3,184,15,0.0,0.3650916035128537
train,2013-403,4,185,0,0.0,0.3944008211150978
train,2013-403,4,185,1,0.0,0.1075928241479983
train,2013-403,4,185,2,1.0,0.31619886805443603
train,2013-403,4,185,3,1.0,0.7021903278778174
train,2013-403,4,185,4,1.0,0.548814862551692
train,2013-403,4,185,5,1.0,0.7732173177654197
train,2013-403,4,185,6,1.0,0.5223048102442289
train,2013-403,4,185,7,1.0,0.039718086247980525
train,2013-403,5,186,0,0.0,0.14938481350060728
train,2013-403,5,186,1,1.0,0.3666127350375871
train,2013-403,5,186,2,0.0,0.22462340803928932
train,2013-403,5,186,3,1.0,0.5449039496670216
train,2013-403,6,187,0,0.0,0.19307804166332843
train,2013-403,6,187,1,1.0,0.595085504753667
train,2013-403,7,188,0,1.0,0.716227891117069
train,2013-404,1,175,0,0.0,0.44888250298075344
train,2013-404,1,175,1,0.0,0.5332066710609259
train,2013-404,1,175,2,1.0,0.5153693433177111
train,2013-404,1,175,3,0.0,0.4709329987095105
train,2013-404,1,175,4,1.0,0.461398981129524
train,2013-404,1,175,5,1.0,0.43022977312382854
train,2013-404,1,175,6,1.0,0.5222027499254811
train,2013-404,1,175,7,0.0,0.5509947963593259
train,2013-404,1,175,8,1.0,0.5639837600352107
train,2013-404,1,175,9,0.0,0.4920825779790932
train,2013-404,1,175,10,0.0,0.48177456601504276
train,2013-404,1,175,11,1.0,0.545665560454254
train,2013-404,1,175,12,0.0,0.5627843215517058
train,2013-404,1,175,13,1.0,0.46702616748005066
train,2013-404,1,175,14,1.0,0.41716284936524695
train,2013-404,1,175,15,0.0,0.4052733329065472
train,2013-404,1,175,16,1.0,0.5193456900975721
train,2013-404,1,175,17,0.0,0.5833372067700338
train,2013-404,1,175,18,0.0,0.4366248251462266
train,2013-404,1,175,19,0.0,0.4501909168365964
train,2013-404,1,175,20,0.0,0.5165146699625206
train,2013-404,1,175,21,1.0,0.5378763767044373
train,2013-404,1,175,22,1.0,0.6124805099887946
train,2013-404,1,175,23,0.0,0.40278075954357023
train,2013-404,1,175,24,0.0,0.4426894727183408
train,2013-404,1,175,25,1.0,0.42790413221336626
train,2013-404,1,175,26,1.0,0.4802352695578511
train,2013-404,1,175,27,0.0,0.4528452087143135
train,2013-404,1,175,28,0.0,0.5208018256413277
train,2013-404,1,175,29,0.0,0.38369381777432154
train,2013-404,1,175,30,0.0,0.4535035096631813
train,2013-404,1,175,31,1.0,0.437964925575198
train,2013-404,2,176,0,0.0,0.35594998066874445
train,2013-404,2,176,1,1.0,0.49866971556242723
train,2013-404,2,176,2,1.0,0.46723975488731523
train,2013-404,2,176,3,1.0,0.4818769508001945
train,2013-404,2,176,4,1.0,0.4396707766200072
train,2013-404,2,176,5,0.0,0.4433579398981365
train,2013-404,2,176,6,0.0,0.5285289400330734
train,2013-404,2,176,7,1.0,0.4594369437361729
train,2013-404,2,176,8,0.0,0.49138413829918864
train,2013-404,2,176,9,1.0,0.429693469619737
train,2013-404,2,176,10,1.0,0.45622241173597383
train,2013-404,2,176,11,1.0,0.5921113169549936
train,2013-404,2,176,12,1.0,0.5365369597252834
train,2013-404,2,176,13,1.0,0.4477221212618517
train,2013-404,2,176,14,0.0,0.4718172686959541
train,2013-404,2,176,15,1.0,0.5920961803316551
train,2013-404,2,176,16,1.0,0.43218758888943465
train,2013-404,2,176,17,1.0,0.5364643477580534
train,2013-404,2,176,18,0.0,0.44906892046851415
train,2013-404,2,176,19,0.0,0.4231640423193829
train,2013-404,2,176,20,0.0,0.4411109693103602
train,2013-404,2,176,21,1.0,0.4489187360557413
train,2013-404,2,176,22,0.0,0.5136795843844713
train,2013-404,2,176,23,1.0,0.6327317017808884
train,2013-404,2,176,24,0.0,0.38001878182404514
train,2013-404,2,176,25,0.0,0.45802401544062044
train,2013-404,2,176,26,0.0,0.4569015637261762
train,2013-404,2,176,27,1.0,0.544778875091304
train,2013-404,2,176,28,0.0,0.4615896615816268
train,2013-404,2,176,29,0.0,0.5716101362716854
train,2013-404,2,176,30,1.0,0.48337984674014406
train,2013-404,2,176,31,0.0,0.4521374517836816
train,2013-404,3,177,0,0.0,0.5698186604836615
train,2013-404,3,177,1,0.0,0.4928641929069674
train,2013-404,3,177,2,0.0,0.46252591861307885
train,2013-404,3,177,3,1.0,0.5319419589111416
train,2013-404,3,177,4,1.0,0.5726960331215704
train,2013-404,3,177,5,0.0,0.5676906495240004
train,2013-404,3,177,6,1.0,0.4985076070303939
train,2013-404,3,177,7,0.0,0.41368279371984823
train,2013-404,3,177,8,0.0,0.4286737647135257
train,2013-404,3,177,9,1.0,0.4805513231740094
train,2013-404,3,177,10,1.0,0.5301547600363632
train,2013-404,3,177,11,1.0,0.49118739996742283
train,2013-404,3,177,12,0.0,0.5024869190644187
train,2013-404,3,177,13,1.0,0.5479353960026355
train,2013-404,3,177,14,1.0,0.5531748668823654
train,2013-404,3,177,15,0.0,0.5075595062452897
train,2013-404,4,178,0,1.0,0.42804371030191757
train,2013-404,4,178,1,0.0,0.5519024701902596
train,2013-404,4,178,2,1.0,0.4710940121632128
train,2013-404,4,178,3,1.0,0.4663969699000627
train,2013-404,4,178,4,0.0,0.5289221303088536
train,2013-404,4,178,5,0.0,0.4833469592936507
train,2013-404,4,178,6,0.0,0.5473830611013201
train,2013-404,4,178,7,1.0,0.41573464639835533
train,2013-404,5,179,0,1.0,0.4941698547963198
train,2013-404,5,179,1,1.0,0.47484693365530917
train,2013-404,5,179,2,1.0,0.5480484183768825
train,2013-404,5,179,3,1.0,0.4439084170797182
train,2013-404,6,180,0,1.0,0.4525000242917417
train,2013-404,6,180,1,1.0,0.5578927168660837
train,2013-404,7,181,0,0.0,0.5516836295070345
train,2013-410,2,189,0,0.0,0.6941696853990554
train,2013-410,2,189,1,1.0,0.6195275804135932
train,2013-410,2,189,2,0.0,0.5362845701447556
train,2013-410,2,189,3,1.0,0.6598977521735462
train,2013-410,2,189,4,1.0,0.589038970546938
train,2013-410,2,189,5,0.0,0.4654103261468628
train,2013-410,2,189,6,1.0,0.5669126593332753
train,2013-410,2,189,7,0.0,0.6437302968385017
train,2013-410,2,189,8,1.0,0.42255756390484445
train,2013-410,2,189,9,0.0,0.26222094127915196
train,2013-410,2,189,10,1.0,0.5598269474925832
train,2013-410,2,189,11,0.0,0.554356416036148
train,2013-410,2,189,12,1.0,0.4775271320385084
train,2013-410,2,189,13,0.0,0.30447085467240725
train,2013-410,2,189,14,1.0,0.4967971774366585
train,2013-410,2,189,15,0.0,0.2877138954548717
train,2013-410,2,189,16,1.0,0.6711237744389867
train,2013-410,2,189,17,1.0,0.4421564040319555
train,2013-410,2,189,18,1.0,0.6863648521673613
train,2013-410,2,189,19,0.0,0.7807876772617076
train,2013-410,2,189,20,1.0,0.36909832809503645
train,2013-410,2,189,21,0.0,0.35066373026858033
train,2013-410,2,189,22,1.0,0.22183370702618696
train,2013-410,2,189,23,0.0,0.27152954818372377
train,2013-410,3,190,0,0.0,0.04950259639550094
train,2013-410,3,190,1,1.0,0.7282740473237268
train,2013-410,3,190,2,0.0,0.6084320257409
train,2013-410,3,190,3,1.0,0.7162807954165789
train,2013-410,3,190,4,1.0,0.7599147964872686
train,2013-410,3,190,5,0.0,0.29961832749840916
train,2013-410,3,190,6,1.0,0.6197868705373449
train,2013-410,3,190,7,0.0,0.658112804828095
train,2013-410,3,190,8,0.0,0.41313175661993473
train,2013-410,3,190,9,1.0,0.9862660394740319
train,2013-410,3,190,10,1.0,0.5246601584958
train,2013-410,3,190,11,0.0,0.17021957895597373
train,2013-410,3,190,12,0.0,0.6380778634738922
train,2013-410,3,190,13,0.0,0.32442072171154757
train,2013-410,3,190,14,1.0,0.5582027306916366
train,2013-410,3,190,15,1.0,0.9729365441839728
train,2013-410,4,191,0,1.0,0.9663991168028293
train,2013-410,4,191,1,0.0,0.7068925191529032
train,2013-410,4,191,2,0.0,0.25196666905591286
train,2013-410,4,191,3,1.0,0.5768011270322985
train,2013-410,4,191,4,0.0,0.5011674992515164
train,2013-410,4,191,5,1.0,0.9607129273230888
train,2013-410,4,191,6,1.0,0.14284640236825324
train,2013-410,4,191,7,0.0,0.8194296231355076
train,2013-410,5,192,0,1.0,0.9774409848510344
train,2013-410,5,192,1,0.0,0.7165626783791091
train,2013-410,5,192,2,0.0,0.024578300207006357
train,2013-410,5,192,3,1.0,0.6123041531291563
train,2013-410,6,193,0,0.0,0.024456992164594543
train,2013-410,6,193,1,1.0,0.9202648860220652
train,2013-410,7,194,0,0.0,0.5153965639483015
train,2013-416,2,201,0,1.0,0.5045487809952705
train,2013-416,2,201,1,1.0,0.6981356550569432
train,2013-416,2,201,2,0.0,0.20022261241357198
train,2013-416,2,201,3,0.0,0.2801258370471379
train,2013-416,2,201,4,1.0,0.5138874011938874
train,2013-416,2,201,5,0.0,0.6084006693405035
train,2013-416,2,201,6,0.0,0.40390344145444074
train,2013-416,2,201,7,0.0,0.4845872138370149
train,2013-416,2,201,8,1.0,0.5630015471995754
train,2013-416,2,201,9,1.0,0.5320348716749501
train,2013-416,2,201,10,1.0,0.48729059222677373
train,2013-416,2,201,11,1.0,0.7860881460964756
train,2013-416,2,201,12,0.0,0.6746572999294237
train,2013-416,2,201,13,0.0,0.6035213503247204
train,2013-416,2,201,14,0.0,0.6803143123155935
train,2013-416,2,201,15,1.0,0.7559603472363704
train,2013-416,2,201,16,0.0,0.6839612326395779
train,2013-416,2,201,17,1.0,0.6156566822953459
train,2013-416,2,201,18,0.0,0.4610796119500174
train,2013-416,2,201,19,0.0,0.6070778195275076
train,2013-416,2,201,20,1.0,0.5221977586864345
train,2013-416,2,201,21,0.0,0.3210507597111061
train,2013-416,2,201,22,0.0,0.6382335725630663
train,2013-416,2,201,23,0.0,0.3821943454141267
train,2013-416,3,202,0,0.0,0.0365263427265155
train,2013-416,3,202,1,1.0,0.5972662028262975
train,2013-416,3,202,2,1.0,0.6391834609090032
train,2013-416,3,202,3,0.0,0.7718541310217
train,2013-416,3,202,4,0.0,0.593442098552902
train,2013-416,3,202,5,0.0,0.534657436079285
train,2013-416,3,202,6,0.0,0.23668859653385554
train,2013-416,3,202,7,0.0,0.02168624770348005
train,2013-416,3,202,8,1.0,0.5380013568066656
train,2013-416,3,202,9,1.0,0.6939290214780693
train,2013-416,3,202,10,0.0,0.9153493167334149
train,2013-416,3,202,11,1.0,0.6495316854065282
train,2013-416,3,202,12,0.0,0.14785199330887105
train,2013-416,3,202,13,0.0,0.7349672233829568
train,2013-416,3,202,14,1.0,0.4283251135398104
train,2013-416,3,202,15,1.0,0.9843785542726912
train,2013-416,4,203,0,0.0,0.02602453154203707
train,2013-416,4,203,1,1.0,0.9760505939970772
train,2013-416,4,203,2,1.0,0.6970622950712232
train,2013-416,4,203,3,0.0,0.7135198956713281
train,2013-416,4,203,4,1.0,0.4530000104946107
train,2013-416,4,203,5,1.0,0.3223232216313749
train,2013-416,4,203,6,0.0,0.23371201300367903
train,2013-416,4,203,7,0.0,0.1200264974089339
train,2013-416,5,204,0,1.0,0.09744664267721645
train,2013-416,5,204,1,0.0,0.08368058069654317
train,2013-416,5,204,2,0.0,0.5467254356373462
train,2013-416,5,204,3,0.0,0.07439571330641195
train,2013-416,6,205,0,1.0,0.9062960813384762
train,2013-416,6,205,1,1.0,0.9409635343376864
train,2013-416,7,206,0,0.0,0.21236789231924583
train,2013-421,2,221,0,0.0,0.4780202054862759
train,2013-421,2,221,1,0.0,0.6901577011036512
train,2013-421,2,221,2,1.0,0.3184869802470189
train,2013-421,2,221,3,1.0,0.7366403884224096
train,2013-421,2,221,4,0.0,0.3845319684839745
train,2013-421,2,221,5,1.0,0.4519426149572261
train,2013-421,2,221,6,1.0,0.42359944462365706
train,2013-421,2,221,7,1.0,0.5461873473233632
train,2013-421,2,221,8,0.0,0.22264527409279106
train,2013-421,2,221,9,1.0,0.49621326205280397
train,2013-421,2,221,10,0.0,0.6615433883510765
train,2013-421,2,221,11,1.0,0.3908093482080002
train,2013-421,2,221,12,0.0,0.6619634764855143
train,2013-421,2,221,13,1.0,0.44284055141097833
train,2013-421,2,221,14,0.0,0.5260891184090178
train,2013-421,2,221,15,0.0,0.5187320291447977
train,2013-421,2,221,16,1.0,0.5440780543224931
train,2013-421,2,221,17,0.0,0.4409228580791343
train,2013-421,2,221,18,1.0,0.5899863851455373
train,2013-421,2,221,19,1.0,0.3742933333437962
train,2013-421,2,221,20,0.0,0.35659706120834317
train,2013-421,2,221,21,0.0,0.6191293021365425
train,2013-421,2,221,22,1.0,0.40947365577732303
train,2013-421,2,221,23,0.0,0.4246305965485545
train,2013-421,3,222,0,0.0,0.09966609461401607
train,2013-421,3,222,1,1.0,0.5108190410595997
train,2013-421,3,222,2,1.0,0.4890476071801679
train,2013-421,3,222,3,0.0,0.3414062351891677
train,2013-421,3,222,4,1.0,0.1298469975733297
train,2013-421,3,222,5,0.0,0.7991199646148797
train,2013-421,3,222,6,0.0,0.6853236881321086
train,2013-421,3,222,7,1.0,0.8066735938987742
train,2013-421,3,222,8,0.0,0.7227259892558462
train,2013-421,3,222,9,1.0,0.6330215815160244
train,2013-421,3,222,10,0.0,0.00986819654528457
train,2013-421,3,222,11,1.0,0.770489048578654
train,2013-421,3,222,12,1.0,0.7007989680710447
train,2013-421,3,222,13,0.0,0.3332266664716492
train,2013-421,3,222,14,0.0,0.4825290821891798
train,2013-421,3,222,15,1.0,0.9694764946686255
train,2013-421,4,223,0,1.0,0.9772808135989624
train,2013-421,4,223,1,0.0,0.37048110268548995
train,2013-421,4,223,2,0.0,0.5942164594642493
train,2013-421,4,223,3,1.0,0.12497283668083939
train,2013-421,4,223,4,0.0,0.3759379953241165
train,2013-421,4,223,5,0.0,0.5553920120974649
train,2013-421,4,223,6,0.0,0.8773589954394202
train,2013-421,4,223,7,0.0,0.02318603679380736
train,2013-421,5,224,0,1.0,0.9345071444603755
train,2013-421,5,224,1,1.0,0.9879816317039801
train,2013-421,5,224,2,0.0,0.6333428596623286
train,2013-421,5,224,3,0.0,0.48693329908893246
train,2013-421,6,225,0,0.0,0.3842603251371939
train,2013-421,6,225,1,1.0,0.6695654620208844
train,2013-421,7,226,0,1.0,0.9734237570322217
train,2013-422,2,227,0,0.0,0.43319093308827966
train,2013-422,2,227,1,0.0,0.6886543613955208
train,2013-422,2,227,2,1.0,0.7389472791792175
train,2013-422,2,227,3,1.0,0.544638079803987
train,2013-422,2,227,4,1.0,0.5194804366085755
train,2013-422,2,227,5,1.0,0.4110291702285106
train,2013-422,2,227,6,0.0,0.4661517229452277
train,2013-422,2,227,7,0.0,0.6166836728562736
train,2013-422,2,227,8,1.0,0.49784069133334014
train,2013-422,2,227,9,0.0,0.363550649348298
train,2013-422,2,227,10,1.0,0.5606964959959587
train,2013-422,2,227,11,0.0,0.3652020120512192
train,2013-422,2,227,12,1.0,0.5892405942995006
train,2013-422,2,227,13,0.0,0.4030444497785487
train,2013-422,2,227,14,1.0,0.5245874844855225
train,2013-422,2,227,15,1.0,0.5158165745177211
train,2013-422,2,227,16,0.0,0.3287175676335078
train,2013-422,2,227,17,0.0,0.5099743462884648
train,2013-422,2,227,18,1.0,0.5946264108346953
train,2013-422,2,227,19,1.0,0.46512386054563437
train,2013-422,2,227,20,1.0,0.42887252469031295
train,2013-422,2,227,21,0.0,0.6131421428512313
train,2013-422,2,227,22,1.0,0.6818453405092257
train,2013-422,2,227,23,0.0,0.3692442243198304
train,2013-422,3,228,0,1.0,0.8557269091764955
train,2013-422,3,228,1,1.0,0.4591493908332202
train,2013-422,3,228,2,0.0,0.6404572019634698
train,2013-422,3,228,3,1.0,0.8247083651463026
train,2013-422,3,228,4,1.0,0.9909503158299764
train,2013-422,3,228,5,0.0,0.1255710241881985
train,2013-422,3,228,6,0.0,0.28629229661309213
train,2013-422,3,228,7,1.0,0.6026909104962714
train,2013-422,3,228,8,0.0,0.4548548856189798
train,2013-422,3,228,9,0.0,0.5220931325693662
train,2013-422,3,228,10,0.0,0.3640913446725303
train,2013-422,3,228,11,0.0,0.15179413163112349
train,2013-422,3,228,12,1.0,0.3327401608800151
train,2013-422,3,228,13,1.0,0.4243506110135566
train,2013-422,3,228,14,1.0,0.5284147213194614
train,2013-422,3,228,15,0.0,0.04161982894965546
train,2013-422,4,229,0,1.0,0.9781904938513071
train,2013-422,4,229,1,0.0,0.8286090846245683
train,2013-422,4,229,2,1.0,0.591592260045826
train,2013-422,4,229,3,0.0,0.17135711646275595
train,2013-422,4,229,4,1.0,0.9808123917773709
train,2013-422,4,229,5,0.0,0.26087593755403354
train,2013-422,4,229,6,0.0,0.11334382373547988
train,2013-422,4,229,7,0.0,0.6038446221209961
train,2013-422,5,230,0,1.0,0.6760541620125328
train,2013-422,5,230,1,1.0,0.8244257360269295
train,2013-422,5,230,2,1.0,0.30615769421800854
train,2013-422,5,230,3,1.0,0.037397694345677995
train,2013-422,6,231,0,0.0,0.5727729441263768
train,2013-422,6,231,1,1.0,0.9341721346626155
train,2013-422,7,232,0,1.0,0.9775945560153962
train,2013-5014,2,240,0,1.0,0.47084208120855797
train,2013-5014,2,240,1,1.0,0.46072760582670036
train,2013-5014,2,240,2,1.0,0.544504990723479
train,2013-5014,2,240,3,1.0,0.5915077233839591
train,2013-5014,2,240,4,1.0,0.46307625341545494
train,2013-5014,2,240,5,1.0,0.5180856265289997
train,2013-5014,2,240,6,1.0,0.4535695474209833
train,2013-5014,2,240,7,0.0,0.37400865947713524
train,2013-5014,2,240,8,0.0,0.4759017931093211
train,2013-5014,2,240,9,1.0,0.471226390883071
train,2013-5014,2,240,10,1.0,0.4729672175081954
train,2013-5014,2,240,11,1.0,0.6399083143169415
train,2013-5014,2,240,12,0.0,0.3961372214833577
train,2013-5014,2,240,13,0.0,0.47086257821772226
train,2013-5014,2,240,14,1.0,0.46988594525864075
train,2013-5014,2,240,15,0.0,0.43377601441144215
train,2013-5014,2,240,16,1.0,0.5758115648772228
train,2013-5014,2,240,17,0.0,0.37531598763187024
train,2013-5014,2,240,18,0.0,0.5516021178571807
train,2013-5014,2,240,19,0.0,0.4381113314390071
train,2013-5014,2,240,20,0.0,0.47857860960881354
train,2013-5014,2,240,21,1.0,0.515848487116454
train,2013-5014,2,240,22,1.0,0.6056612131865908
train,2013-5014,2,240,23,1.0,0.6335608029668673
train,2013-5014,3,241,0,0.0,0.5465901098821234
train,2013-5014,3,241,1,1.0,0.43112979041372235
train,2013-5014,3,241,2,1.0,0.5442627580808669
train,2013-5014,3,241,3,1.0,0.5224616359376616
train,2013-5014,3,241,4,1.0,0.4859045034915419
train,2013-5014,3,241,5,0.0,0.4780945410607688
train,2013-5014,3,241,6,1.0,0.595899493126104
train,2013-5014,3,241,7,1.0,0.5480526963874498
train,2013-5014,3,241,8,0.0,0.4350221074263546
train,2013-5014,3,241,9,1.0,0.4957085117709044
train,2013-5014,3,241,10,0.0,0.5159245164790351
train,2013-5014,3,241,11,1.0,0.5565209538776079
train,2013-5014,3,241,12,1.0,0.5037448894299846
train,2013-5014,3,241,13,0.0,0.5644518603537951
train,2013-5014,3,241,14,0.0,0.5521973019673373
train,2013-5014,3,241,15,1.0,0.439858450746496
train,2013-5014,4,242,0,1.0,0.4535177014344715
train,2013-5014,4,242,1,1.0,0.552637507906093
train,2013-5014,4,242,2,0.0,0.5475547480067178
train,2013-5014,4,242,3,1.0,0.44940318619743813
train,2013-5014,4,242,4,0.0,0.46267498758466646
train,2013-5014,4,242,5,1.0,0.48998288819091856
train,2013-5014,4,242,6,1.0,0.5129218819480036
train,2013-5014,4,242,7,0.0,0.48838877261627145
train,2013-5014,5,243,0,1.0,0.43151236877036564
train,2013-5014,5,243,1,0.0,0.511133562330117
train,2013-5014,5,243,2,0.0,0.5423276389939156
train,2013-5014,5,243,3,1.0,0.4267478759736234
train,2013-5014,6,244,0,1.0,0.4460492055532984
train,2013-5014,6,244,1,1.0,0.5397622330332152
train,2013-5014,7,245,0,0.0,0.5503287073418218
train,2013-520,1,207,0,0.0,0.025003612664841263
train,2013-520,1,207,1,0.0,0.47574032593383364
train,2013-520,1,207,2,0.0,0.3764800058936906
train,2013-520,1,207,3,0.0,0.35372487780210715
train,2013-520,1,207,4,1.0,0.5021929235345682
train,2013-520,1,207,5,1.0,0.8145877344069772
train,2013-520,1,207,6,0.0,0.32047633450580537
train,2013-520,1,207,7,1.0,0.5047985863370158
train,2013-520,1,207,8,1.0,0.6177168166472478
train,2013-520,1,207,9,0.0,0.5311882037288976
train,2013-520,1,207,10,1.0,0.6959226614642067
train,2013-520,1,207,11,1.0,0.5529906554167778
train,2013-520,1,207,12,1.0,0.5505217123266352
train,2013-520,1,207,13,0.0,0.009008997149892704
train,2013-520,1,207,14,0.0,0.3181728560443703
train,2013-520,1,207,15,1.0,0.43414176956235256
train,2013-520,1,207,16,1.0,0.8066802992005986
train,2013-520,1,207,17,0.0,0.38127730252556213
train,2013-520,1,207,18,1.0,0.6385730179759107
train,2013-520,1,207,19,1.0,0.5704138222156346
train,2013-520,1,207,20,0.0,0.6037785314702149
train,2013-520,1,207,21,1.0,0.8117613813409892
train,2013-520,1,207,22,1.0,0.8031326551731437
train,2013-520,1,207,23,0.0,0.46036440956438546
train,2013-520,1,207,24,0.0,0.5574916998456173
train,2013-520,1,207,25,1.0,0.4095023882991366
train,2013-520,1,207,26,1.0,0.613884297736622
train,2013-520,1,207,27,0.0,0.48337680981489284
train,2013-520,1,207,28,0.0,0.6582750681011663
train,2013-520,1,207,29,1.0,0.9786397300424717
train,2013-520,1,207,30,1.0,0.5305860471294821
train,2013-520,1,207,31,1.0,0.6711518419635514
train,2013-520,1,207,32,0.0,0.4549806856595709
train,2013-520,1,207,33,1.0,0.7714005109747005
train,2013-520,1,207,34,1.0,0.4499258200043366
train,2013-520,1,207,35,0.0,0.3530397588279954
train,2013-520,1,207,36,0.0,0.2990770753803225
train,2013-520,1,207,37,1.0,0.530366435159026
train,2013-520,1,207,38,0.0,0.5001037380570913
train,2013-520,1,207,39,0.0,0.3246184743394453
train,2013-520,1,207,40,1.0,0.2516326293322291
train,2013-520,1,207,41,0.0,0.47650174454845035
train,2013-520,1,207,42,1.0,0.35545806946832215
train,2013-520,1,207,43,1.0,0.6610643145851519
train,2013-520,1,207,44,0.0,0.5384921511932371
train,2013-520,1,207,45,1.0,0.5408779133818264
train,2013-520,1,207,46,1.0,0.8776817909601476
train,2013-520,1,207,47,1.0,0.8778158881629645
train,2013-520,1,207,48,0.0,0.33949950512581983
train,2013-520,1,207,49,1.0,0.4788973850314559
train,2013-520,1,207,50,0.0,0.8074556454681122
train,2013-520,1,207,51,1.0,0.5806192600908466
train,2013-520,1,207,52,0.0,0.28593585860474874
train,2013-520,1,207,53,1.0,0.36487269516023785
train,2013-520,1,207,54,1.0,0.6118020887016209
train,2013-520,1,207,55,0.0,0.3957710342653263
train,2013-520,1,207,56,0.0,0.2701842849373529
train,2013-520,1,207,57,1.0,0.7824617088666583
train,2013-520,1,207,58,0.0,0.3584685324783282
train,2013-520,1,207,59,1.0,0.6403193997233406
train,2013-520,1,207,60,0.0,0.42179033004765726
train,2013-520,1,207,61,1.0,0.7145735668067745
train,2013-520,1,207,62,0.0,0.49525795611116313
train,2013-520,1,207,63,1.0,0.6105116365616081
train,2013-520,2,208,0,1.0,0.6427663953791293
train,2013-520,2,208,1,1.0,0.7401204827001718
train,2013-520,2,208,2,1.0,0.5863707104062472
train,2013-520,2,208,3,1.0,0.689584535092612
train,2013-520,2,208,4,0.0,0.311305295627995
train,2013-520,2,208,5,0.0,0.13183971909700593
train,2013-520,2,208,6,0.0,0.23789887139028415
train,2013-520,2,208,7,1.0,0.6602037169489813
train,2013-520,2,208,8,1.0,0.5336904001052498
train,2013-520,2,208,9,1.0,0.7680497440034459
train,2013-520,2,208,10,1.0,0.7228897702478084
train,2013-520,2,208,11,0.0,0.35452240674164
train,2013-520,2,208,12,0.0,0.21192464517042087
train,2013-520,2,208,13,1.0,0.5538905473413814
train,2013-520,2,208,14,0.0,0.3027925455936224
train,2013-520,2,208,15,0.0,0.390326862998985
train,2013-520,2,208,16,1.0,0.6384547009161775
train,2013-520,2,208,17,0.0,0.18545363254733135
train,2013-520,2,208,18,1.0,0.6543651220241979
train,2013-520,2,208,19,0.0,0.40931584499196993
train,2013-520,2,208,20,1.0,0.5879545598831445
train,2013-520,2,208,21,1.0,0.9895101257843418
train,2013-520,2,208,22,1.0,0.45220439846022653
train,2013-520,2,208,23,1.0,0.6106078424145472
train,2013-520,2,208,24,1.0,0.8060351457105966
train,2013-520,2,208,25,1.0,0.6201661544237821
train,2013-520,2,208,26,0.0,0.5384160253991223
train,2013-520,2,208,27,1.0,0.7454995792044835
train,2013-520,2,208,28,1.0,0.8419694300429674
train,2013-520,2,208,29,0.0,0.037323950597346174
train,2013-520,2,208,30,1.0,0.9869669407678053
train,2013-520,2,208,31,1.0,0.7195239757889762
train,2013-520,3,209,0,1.0,0.7983708467036067
train,2013-520,3,209,1,0.0,0.27405155030250644
train,2013-520,3,209,2,0.0,0.07273608249219127
train,2013-520,3,209,3,1.0,0.5902706110007838
train,2013-520,3,209,4,0.0,0.6120369670431466
train,2013-520,3,209,5,0.0,0.2734729217825264
train,2013-520,3,209,6,1.0,0.4423151076278165
train,2013-520,3,209,7,1.0,0.6208985256310835
train,2013-520,3,209,8,0.0,0.5263747794762653
train,2013-520,3,209,9,0.0,0.3391812917835936
train,2013-520,3,209,10,0.0,0.336973540654529
train,2013-520,3,209,11,1.0,0.5718435136196262
train,2013-520,3,209,12,0.0,0.01801212639473516
train,2013-520,3,209,13,0.0,0.5817788128869537
train,2013-520,3,209,14,0.0,0.30694131061097896
train,2013-520,3,209,15,1.0,0.9650620984431053
train,2013-520,4,210,0,1.0,0.8738861765808764
train,2013-520,4,210,1,0.0,0.22948963696514554
train,2013-520,4,210,2,0.0,0.2414336733239074
train,2013-520,4,210,3,0.0,0.5781375625177884
train,2013-520,4,210,4,1.0,0.5129042850900636
train,2013-520,4,210,5,0.0,0.021723255756407097
train,2013-520,4,210,6,1.0,0.6543157060904674
train,2013-520,4,210,7,1.0,0.9502064930868424
train,2013-520,5,211,0,1.0,0.18897506135847147
train,2013-520,5,211,1,1.0,0.7447820132022562
train,2013-520,5,211,2,1.0,0.9579261075520981
train,2013-520,5,211,3,1.0,0.9342387337012954
train,2013-520,6,212,0,0.0,0.48584726886087554
train,2013-520,6,212,1,1.0,0.6178784915183143
train,2013-520,7,213,0,1.0,0.940421394646633
train,2013-540,1,214,0,0.0,0.06477610943112522
train,2013-540,1,214,1,1.0,0.6164033552424218
train,2013-540,1,214,2,1.0,0.5855390900071815
train,2013-540,1,214,3,0.0,0.4623433060839016
train,2013-540,1,214,4,1.0,0.5655829314118597
train,2013-540,1,214,5,0.0,0.3234876953278541
train,2013-540,1,214,6,0.0,0.6446146900587834
train,2013-540,1,214,7,1.0,0.5402093355926748
train,2013-540,1,214,8,0.0,0.37769318857965367
train,2013-540,1,214,9,0.0,0.3154652400921982
train,2013-540,1,214,10,0.0,0.2969760325997668
train,2013-540,1,214,11,0.0,0.46978040140300736
train,2013-540,1,214,12,1.0,0.5554298334703205
train,2013-540,1,214,13,1.0,0.9178404126742923
train,2013-540,1,214,14,1.0,0.8732579296811082
train,2013-540,1,214,15,1.0,0.6362554733039589
train,2013-540,1,214,16,0.0,0.5732829570861605
train,2013-540,1,214,17,1.0,0.6477938912785502
train,2013-540,1,214,18,0.0,0.616107999072977
train,2013-540,1,214,19,0.0,0.5010233956242643
train,2013-540,1,214,20,0.0,0.28888549593087615
train,2013-540,1,214,21,0.0,0.2356414423683357
train,2013-540,1,214,22,1.0,0.4761754538221394
train,2013-540,1,214,23,0.0,0.4612039476399684
train,2013-540,1,214,24,0.0,0.6255867950006557
train,2013-540,1,214,25,1.0,0.6190471902358982
train,2013-540,1,214,26,1.0,0.39928963795571865
train,2013-540,1,214,27,1.0,0.4802229659916424
train,2013-540,1,214,28,0.0,0.02767557334084876
train,2013-540,1,214,29,1.0,0.6410184003235924
train,2013-540,1,214,30,0.0,0.621263823349072
train,2013-540,1,214,31,0.0,0.4370814958740765
train,2013-540,1,214,32,0.0,0.40687125306494143
train,2013-540,1,214,33,0.0,0.2745761547174466
train,2013-540,1,214,34,1.0,0.6724840487450798
train,2013-540,1,214,35,0.0,0.48279264565236096
train,2013-540,1,214,36,0.0,0.33020314116124366
train,2013-540,1,214,37,0.0,0.4677744311970302
train,2013-540,1,214,38,0.0,0.5259021568472826
train,2013-540,1,214,39,1.0,0.3727227621318842
train,2013-540,1,214,40,1.0,0.6314398457548348
train,2013-540,1,214,41,0.0,0.5546202842054044
train,2013-540,1,214,42,0.0,0.23862366588625686
train,2013-540,1,214,43,1.0,0.6258306867744241
train,2013-540,1,214,44,0.0,0.3205250104943061
train,2013-540,1,214,45,0.0,0.3527243998122946
train,2013-540,1,214,46,1.0,0.8378701135869372
train,2013-540,1,214,47,0.0,0.040214511992447126
train,2013-540,1,214,48,1.0,0.4190309854420914
train,2013-540,1,214,49,1.0,0.3884277173002857
train,2013-540,1,214,50,1.0,0.46120202806011057
train,2013-540,1,214,51,1.0,0.6021149392007794
train,2013-540,1,214,52,1.0,0.39450414954761476
train,2013-540,1,214,53,1.0,0.6454069312694224
train,2013-540,1,214,54,1.0,0.6634694488524795
train,2013-540,1,214,55,0.0,0.6172818059902444
train,2013-540,1,214,56,1.0,0.2869551053113744
train,2013-540,1,214,57,1.0,0.43466826809436554
train,2013-540,1,214,58,1.0,0.45903113617166885
train,2013-540,1,214,59,1.0,0.7500138628354565
train,2013-540,1,214,60,1.0,0.008109947569832906
train,2013-540,1,214,61,0.0,0.27063745152234864
train,2013-540,1,214,62,1.0,0.4894263057862752
train,2013-540,1,214,63,1.0,0.7749496041478182
train,2013-540,2,215,0,0.0,0.6575715124160909
train,2013-540,2,215,1,1.0,0.30226225047116634
train,2013-540,2,215,2,1.0,0.744029990493677
train,2013-540,2,215,3,1.0,0.5005592209320372
train,2013-540,2,215,4,1.0,0.6795742735877455
train,2013-540,2,215,5,0.0,0.36089753687625536
train,2013-540,2,215,6,1.0,0.2250527852901221
train,2013-540,2,215,7,1.0,0.7244452490641342
train,2013-540,2,215,8,0.0,0.7914057733172251
train,2013-540,2,215,9,1.0,0.6274277256038259
train,2013-540,2,215,10,1.0,0.6149035535140288
train,2013-540,2,215,11,1.0,0.04491358275988762
train,2013-540,2,215,12,1.0,0.4447973158479749
train,2013-540,2,215,13,0.0,0.6918308580890112
train,2013-540,2,215,14,1.0,0.3699973103514963
train,2013-540,2,215,15,0.0,0.4963878158173217
train,2013-540,2,215,16,0.0,0.34945247570450483
train,2013-540,2,215,17,1.0,0.6829658928101342
train,2013-540,2,215,18,0.0,0.2765679611297504
train,2013-540,2,215,19,1.0,0.6050549712273005
train,2013-540,2,215,20,0.0,0.11677649808903755
train,2013-540,2,215,21,0.0,0.11848051763049038
train,2013-540,2,215,22,1.0,0.7102271344414677
train,2013-540,2,215,23,1.0,0.49287188087260386
train,2013-540,2,215,24,1.0,0.8253189911799557
train,2013-540,2,215,25,0.0,0.1441304731274613
train,2013-540,2,215,26,1.0,0.6191837933190913
train,2013-540,2,215,27,0.0,0.2679933493173907
train,2013-540,2,215,28,1.0,0.7727930839596702
train,2013-540,2,215,29,1.0,0.6179541791883234
train,2013-540,2,215,30,0.0,0.01310218827329612
train,2013-540,2,215,31,0.0,0.08440047219146037
train,2013-540,3,216,0,1.0,0.59856165927411
train,2013-540,3,216,1,0.0,0.03640374540177339
train,2013-540,3,216,2,1.0,0.8501601233448483
train,2013-540,3,216,3,1.0,0.5814330161946184
train,2013-540,3,216,4,0.0,0.7208444073693411
train,2013-540,3,216,5,1.0,0.6216577283388988
train,2013-540,3,216,6,1.0,0.5482822995957575
train,2013-540,3,216,7,0.0,0.5802366056343491
train,2013-540,3,216,8,1.0,0.5302796008692545
train,2013-540,3,216,9,1.0,0.4268253756311967
train,2013-540,3,216,10,0.0,0.29411641786695725
train,2013-540,3,216,11,0.0,0.5319539275131964
train,2013-540,3,216,12,1.0,0.8141329013328463
train,2013-540,3,216,13,0.0,0.22988752094631248
train,2013-540,3,216,14,0.0,0.735497440403749
train,2013-540,3,216,15,1.0,0.6658279250144739
train,2013-540,4,217,0,0.0,0.158157540147236
train,2013-540,4,217,1,0.0,0.2142475931811445
train,2013-540,4,217,2,0.0,0.43442134800506893
train,2013-540,4,217,3,1.0,0.5293001037265137
train,2013-540,4,217,4,1.0,0.6013234647653557
train,2013-540,4,217,5,0.0,0.187286496027091
train,2013-540,4,217,6,1.0,0.9225608304293177
train,2013-540,4,217,7,0.0,0.17694211732151358
train,2013-540,5,218,0,1.0,0.7905060537394404
train,2013-540,5,218,1,1.0,0.6668902458329065
train,2013-540,5,218,2,0.0,0.7035212144496402
train,2013-540,5,218,3,1.0,0.8818460605618345
train,2013-540,6,219,0,1.0,0.8664775878419951
train,2013-540,6,219,1,1.0,0.9452034776209607
train,2013-540,7,220,0,0.0,0.8092985388936669
train,2013-560,1,233,0,1.0,0.25385681279273864
train,2013-560,1,233,1,0.0,0.6594614428751031
train,2013-560,1,233,2,0.0,0.34894933084371754
train,2013-560,1,233,3,0.0,0.3449141937097398
train,2013-560,1,233,4,1.0,0.4750933951437331
train,2013-560,1,233,5,1.0,0.6485567642335794
train,2013-560,1,233,6,1.0,0.3170383676191232
train,2013-560,1,233,7,0.0,0.43925694553752614
train,2013-560,1,233,8,1.0,0.5209845766910919
train,2013-560,1,233,9,0.0,0.4303188640793889
train,2013-560,1,233,10,0.0,0.5727448792173374
train,2013-560,1,233,11,1.0,0.45852219810595807
train,2013-560,1,233,12,1.0,0.5075339235774771
train,2013-560,1,233,13,1.0,0.8912081538020304
train,2013-560,1,233,14,0.0,0.2531238621431725
train,2013-560,1,233,15,0.0,0.3104761350711132
train,2013-560,1,233,16,1.0,0.5926726915665813
train,2013-560,1,233,17,1.0,0.9900823413922549
train,2013-560,1,233,18,1.0,0.6512057514692415
train,2013-560,1,233,19,0.0,0.4226297421970437
train,2013-560,1,233,20,0.0,0.5302070552797199
train,2013-560,1,233,21,0.0,0.238881522489476
train,2013-560,1,233,22,0.0,0.6908546879520122
train,2013-560,1,233,23,1.0,0.6782827283755554
train,2013-560,1,233,24,1.0,0.5706850581631261
train,2013-560,1,233,25,0.0,0.5687333218153573
train,2013-560,1,233,26,0.0,0.6824657300460978
train,2013-560,1,233,27,0.0,0.4296592124827874
train,2013-560,1,233,28,1.0,0.47439375591039995
train,2013-560,1,233,29,1.0,0.9793742914591748
train,2013-560,1,233,30,1.0,0.3632634520684423
train,2013-560,1,233,31,1.0,0.5772220854612642
train,2013-560,1,233,32,0.0,0.6432329589857937
train,2013-560,1,233,33,1.0,0.8971449730341109
train,2013-560,1,233,34,0.0,0.26980106508686025
train,2013-560,1,233,35,1.0,0.3280048056279891
train,2013-560,1,233,36,1.0,0.7929920547575977
train,2013-560,1,233,37,0.0,0.5328287347999029
train,2013-560,1,233,38,1.0,0.7449790267327366
train,2013-560,1,233,39,1.0,0.72916867932486
train,2013-560,1,233,40,0.0,0.7434518854615282
train,2013-560,1,233,41,0.0,0.4475283446107916
train,2013-560,1,233,42,0.0,0.5542981285789594
train,2013-560,1,233,43,0.0,0.32837476522289416
train,2013-560,1,233,44,0.0,0.30669013055236344
train,2013-560,1,233,45,1.0,0.5188892918751202
train,2013-560,1,233,46,0.0,0.5020038625512963
train,2013-560,1,233,47,0.0,0.0513175225687005
train,2013-560,1,233,48,0.0,0.09627175817010769
train,2013-560,1,233,49,1.0,0.43230464225094584
train,2013-560,1,233,50,0.0,0.36558722246297115
train,2013-560,1,233,51,1.0,0.7255814430340901
train,2013-560,1,233,52,0.0,0.5214618893503008
train,2013-560,1,233,53,1.0,0.4433280578126532
train,2013-560,1,233,54,0.0,0.7180338109794641
train,2013-560,1,233,55,1.0,0.7975629588275381
train,2013-560,1,233,56,0.0,0.4400187982483896
train,2013-560,1,233,57,0.0,0.5655757110092193
train,2013-560,1,233,58,0.0,0.3065410669717836
train,2013-560,1,233,59,1.0,0.6549163827626338
train,2013-560,1,233,60,0.0,0.42263947825067033
train,2013-560,1,233,61,0.0,0.42042648378285985
train,2013-560,1,233,62,1.0,0.8050686981950899
train,2013-560,1,233,63,1.0,0.5503394738218453
train,2013-560,2,234,0,0.0,0.27654276614192
train,2013-560,2,234,1,0.0,0.23888080698695985
train,2013-560,2,234,2,0.0,0.3007030320003619
train,2013-560,2,234,3,1.0,0.5425862550901966
train,2013-560,2,234,4,1.0,0.5701940213317427
train,2013-560,2,234,5,1.0,0.5418372721610151
train,2013-560,2,234,6,1.0,0.9537976406104889
train,2013-560,2,234,7,1.0,0.33481074414790557
train,2013-560,2,234,8,0.0,0.2955693212730918
train,2013-560,2,234,9,1.0,0.3125525134619408
train,2013-560,2,234,10,0.0,0.13386345504244787
train,2013-560,2,234,11,1.0,0.6415926947744756
train,2013-560,2,234,12,0.0,0.39305159847504345
train,2013-560,2,234,13,0.0,0.08750498418494691
train,2013-560,2,234,14,0.0,0.5048793985413609
train,2013-560,2,234,15,0.0,0.5572229200109674
train,2013-560,2,234,16,1.0,0.7479001548799382
train,2013-560,2,234,17,1.0,0.5556504235903261
train,2013-560,2,234,18,0.0,0.34845257792338874
train,2013-560,2,234,19,0.0,0.3551739145034028
train,2013-560,2,234,20,1.0,0.9310083703802293
train,2013-560,2,234,21,1.0,0.3297359555397154
train,2013-560,2,234,22,0.0,0.2823188229294511
train,2013-560,2,234,23,1.0,0.6081278604526529
train,2013-560,2,234,24,1.0,0.7828045744443066
train,2013-560,2,234,25,0.0,0.35367349277795945
train,2013-560,2,234,26,1.0,0.4072984561287354
train,2013-560,2,234,27,1.0,0.8013727650382966
train,2013-560,2,234,28,0.0,0.5399332948998198
train,2013-560,2,234,29,1.0,0.3764817166010354
train,2013-560,2,234,30,1.0,0.9937303977122541
train,2013-560,2,234,31,1.0,0.9806483538300335
train,2013-560,3,235,0,1.0,0.7107391733939145
train,2013-560,3,235,1,0.0,0.01799492883880392
train,2013-560,3,235,2,1.0,0.9834378979000858
train,2013-560,3,235,3,0.0,0.5027351122873459
train,2013-560,3,235,4,0.0,0.24032672434377547
train,2013-560,3,235,5,0.0,0.045192276476641764
train,2013-560,3,235,6,1.0,0.8534286740403646
train,2013-560,3,235,7,1.0,0.5584714139895528
train,2013-560,3,235,8,1.0,0.6811713346349099
train,2013-560,3,235,9,0.0,0.206978015499775
train,2013-560,3,235,10,1.0,0.717432456052783
train,2013-560,3,235,11,1.0,0.40995252356005935
train,2013-560,3,235,12,1.0,0.891062740128166
train,2013-560,3,235,13,0.0,0.3313515160091448
train,2013-560,3,235,14,0.0,0.6264022248488087
train,2013-560,3,235,15,1.0,0.640760802005962
train,2013-560,4,236,0,1.0,0.9749742627302863
train,2013-560,4,236,1,0.0,0.8947834513159932
train,2013-560,4,236,2,1.0,0.7095740696529476
train,2013-560,4,236,3,0.0,0.45821603908737957
train,2013-560,4,236,4,0.0,0.6481179852991986
train,2013-560,4,236,5,1.0,0.9138568879664252
train,2013-560,4,236,6,1.0,0.58542265135947
train,2013-560,4,236,7,0.0,0.03476436056878459
train,2013-560,5,237,0,0.0,0.023231727532870745
train,2013-560,5,237,1,0.0,0.6280626774670581
train,2013-560,5,237,2,1.0,0.22308352735263007
train,2013-560,5,237,3,1.0,0.9416244049708367
train,2013-560,6,238,0,1.0,0.9662167870520746
train,2013-560,6,238,1,1.0,0.9112899331526766
train,2013-560,7,239,0,0.0,0.3004562295802785
train,2013-580,1,168,0,0.0,0.02967462288459298
train,2013-580,1,168,1,0.0,0.45040093470263404
train,2013-580,1,168,2,1.0,0.5813953185450974
train,2013-580,1,168,3,0.0,0.47197678464877163
train,2013-580,1,168,4,1.0,0.49507911636896246
train,2013-580,1,168,5,0.0,0.2179742298411784
train,2013-580,1,168,6,0.0,0.3931374421267778
train,2013-580,1,168,7,0.0,0.3922379036748559
train,2013-580,1,168,8,0.0,0.5618896911297797
train,2013-580,1,168,9,0.0,0.3203077683491593
train,2013-580,1,168,10,1.0,0.6438691149529197
train,2013-580,1,168,11,0.0,0.4345833642459734
train,2013-580,1,168,12,0.0,0.6926030307957641
train,2013-580,1,168,13,0.0,0.13914889340677794
train,2013-580,1,168,14,0.0,0.12041528407231415
train,2013-580,1,168,15,1.0,0.53161558548615
train,2013-580,1,168,16,0.0,0.4776057362267638
train,2013-580,1,168,17,1.0,0.6025824946518483
train,2013-580,1,168,18,1.0,0.7851830497737848
train,2013-580,1,168,19,1.0,0.5535430433532709
train,2013-580,1,168,20,1.0,0.6255491559105943
train,2013-580,1,168,21,1.0,0.23117058415748393
train,2013-580,1,168,22,1.0,0.7676488673407859
train,2013-580,1,168,23,1.0,0.5081036679577973
train,2013-580,1,168,24,1.0,0.46108180308473573
train,2013-580,1,168,25,1.0,0.7448932454942807
train,2013-580,1,168,26,0.0,0.42816570220614
train,2013-580,1,168,27,1.0,0.7334491152462923
train,2013-580,1,168,28,0.0,0.4834317510533395
train,2013-580,1,168,29,1.0,0.6974148620633578
train,2013-580,1,168,30,1.0,0.3555519588292863
train,2013-580,1,168,31,1.0,0.5904514321950577
train,2013-580,1,168,32,1.0,0.9808886507584693
train,2013-580,1,168,33,1.0,0.6210433611342042
train,2013-580,1,168,34,1.0,0.4416901225603279
train,2013-580,1,168,35,1.0,0.7366392573814993
train,2013-580,1,168,36,1.0,0.5151736656275074
train,2013-580,1,168,37,0.0,0.34376155565961036
train,2013-580,1,168,38,0.0,0.2710744350251382
train,2013-580,1,168,39,1.0,0.7498928239366913
train,2013-580,1,168,40,0.0,0.3608404224458181
train,2013-580,1,168,41,0.0,0.3349524499111044
train,2013-580,1,168,42,1.0,0.28328754353080365
train,2013-580,1,168,43,1.0,0.39383587614801646
train,2013-580,1,168,44,0.0,0.5058876664451
train,2013-580,1,168,45,0.0,0.45040749212688475
train,2013-580,1,168,46,1.0,0.7400910457538119
train,2013-580,1,168,47,0.0,0.08682653149706719
train,2013-580,1,168,48,0.0,0.5960657123638091
train,2013-580,1,168,49,0.0,0.6178751706961557
train,2013-580,1,168,50,0.0,0.19659242647910094
train,2013-580,1,168,51,1.0,0.6311636870019359
train,2013-580,1,168,52,0.0,0.27695869388550876
train,2013-580,1,168,53,0.0,0.3945477310029247
train,2013-580,1,168,54,1.0,0.4962873950083618
train,2013-580,1,168,55,0.0,0.4032394505744054
train,2013-580,1,168,56,0.0,0.3560345546575938
train,2013-580,1,168,57,0.0,0.2761650843587282
train,2013-580,1,168,58,0.0,0.2604127730078764
train,2013-580,1,168,59,0.0,0.6685486768570925
train,2013-580,1,168,60,1.0,0.5763726548336945
train,2013-580,1,168,61,0.0,0.414384094192251
train,2013-580,1,168,62,0.0,0.2876264902023722
train,2013-580,1,168,63,1.0,0.3240746497178379
train,2013-580,2,169,0,1.0,0.5744366636558943
train,2013-580,2,169,1,1.0,0.7700288642866027
train,2013-580,2,169,2,0.0,0.24178906094558505
train,2013-580,2,169,3,1.0,0.6752788466154832
train,2013-580,2,169,4,0.0,0.6776564025814982
train,2013-580,2,169,5,1.0,0.5616238863069356
train,2013-580,2,169,6,1.0,0.8831159144747133
train,2013-580,2,169,7,0.0,0.4766450923266312
train,2013-580,2,169,8,0.0,0.2725735781584698
train,2013-580,2,169,9,1.0,0.653098941099387
train,2013-580,2,169,10,0.0,0.18954505762913462
train,2013-580,2,169,11,0.0,0.04313055365513892
train,2013-580,2,169,12,1.0,0.6112739940823748
train,2013-580,2,169,13,1.0,0.761517671423265
train,2013-580,2,169,14,0.0,0.36003963915193066
train,2013-580,2,169,15,0.0,0.41935811484189583
train,2013-580,2,169,16,0.0,0.28584251364397467
train,2013-580,2,169,17,0.0,0.37853607967177627
train,2013-580,2,169,18,1.0,0.24396179102978877
train,2013-580,2,169,19,0.0,0.29977022202556725
train,2013-580,2,169,20,1.0,0.892520325522513
train,2013-580,2,169,21,1.0,0.8793902090114708
train,2013-580,2,169,22,1.0,0.6952353954059769
train,2013-580,2,169,23,1.0,0.7287652948782003
train,2013-580,2,169,24,0.0,0.3269139442674173
train,2013-580,2,169,25,1.0,0.6045548436057381
train,2013-580,2,169,26,1.0,0.6803165946406565
train,2013-580,2,169,27,1.0,0.5319922122771401
train,2013-580,2,169,28,0.0,0.24593802927576372
train,2013-580,2,169,29,1.0,0.9357019027259214
train,2013-580,2,169,30,1.0,0.9813320843869375
train,2013-580,2,169,31,1.0,0.7735867481841678
train,2013-580,3,170,0,1.0,0.8588828419166283
train,2013-580,3,170,1,1.0,0.5606741251141891
train,2013-580,3,170,2,0.0,0.03915652896803761
train,2013-580,3,170,3,1.0,0.45566810598131025
train,2013-580,3,170,4,0.0,0.29509414795782973
train,2013-580,3,170,5,1.0,0.9371739370781387
train,2013-580,3,170,6,1.0,0.5731307695946186
train,2013-580,3,170,7,0.0,0.5849940534546778
train,2013-580,3,170,8,1.0,0.3271397023997425
train,2013-580,3,170,9,0.0,0.3582417290421449
train,2013-580,3,170,10,0.0,0.325860634876682
train,2013-580,3,170,11,0.0,0.2958997667524966
train,2013-580,3,170,12,1.0,0.7630439585935433
train,2013-580,3,170,13,1.0,0.7796763343382777
train,2013-580,3,170,14,0.0,0.7042286514277212
train,2013-580,3,170,15,0.0,0.03500998785457621
train,2013-580,4,171,0,1.0,0.9292396640757291
train,2013-580,4,171,1,1.0,0.6017412827621296
train,2013-580,4,171,2,0.0,0.19666690861789776
train,2013-580,4,171,3,0.0,0.49231887416818665
train,2013-580,4,171,4,0.0,0.5363100124643978
train,2013-580,4,171,5,0.0,0.2173308092975588
train,2013-580,4,171,6,0.0,0.2172359202714222
train,2013-580,4,171,7,0.0,0.04629020171138743
train,2013-580,5,172,0,0.0,0.14075801173197625
train,2013-580,5,172,1,0.0,0.1299523466998332
train,2013-580,5,172,2,1.0,0.690776019941992
train,2013-580,5,172,3,0.0,0.09043436435466726
train,2013-580,6,173,0,0.0,0.7258065741757392
train,2013-580,6,173,1,0.0,0.08791744785634366
train,2013-580,7,174,0,0.0,0.18406995567839748
train,2014-1536,2,279,0,0.0,0.4482259894911036
train,2014-1536,2,279,1,0.0,0.7609536740259444
train,2014-1536,2,279,2,1.0,0.6615327005339908
train,2014-1536,2,279,3,0.0,0.6765137878694351
train,2014-1536,2,279,4,1.0,0.4706020617814407
train,2014-1536,2,279,5,0.0,0.3533339985096156
train,2014-1536,2,279,6,1.0,0.56453433135515
train,2014-1536,2,279,7,1.0,0.3457185309850771
train,2014-1536,2,279,8,1.0,0.794321583332252
train,2014-1536,2,279,9,0.0,0.6077051646693846
train,2014-1536,2,279,10,1.0,0.7647211141402622
train,2014-1536,2,279,11,0.0,0.4144134511842689
train,2014-1536,2,279,12,1.0,0.5636680360787407
train,2014-1536,2,279,13,1.0,0.6462459089422374
train,2014-1536,2,279,14,0.0,0.2943173069715121
train,2014-1536,2,279,15,1.0,0.5403829882497684
train,2014-1536,2,279,16,1.0,0.5097490179048424
train,2014-1536,2,279,17,1.0,0.5486298420452976
train,2014-1536,2,279,18,1.0,0.3124645047255636
train,2014-1536,2,279,19,0.0,0.524798890276456
train,2014-1536,2,279,20,1.0,0.38575046085102194
train,2014-1536,2,279,21,1.0,0.6559755865707196
train,2014-1536,2,279,22,0.0,0.31760060270692414
train,2014-1536,2,279,23,1.0,0.6249196756810561
train,2014-1536,3,280,0,0.0,0.3282609347424748
train,2014-1536,3,280,1,1.0,0.5006137080045092
train,2014-1536,3,280,2,1.0,0.6615625281062583
train,2014-1536,3,280,3,1.0,0.880667829743849
train,2014-1536,3,280,4,0.0,0.7873626135035549
train,2014-1536,3,280,5,1.0,0.47581054957223035
train,2014-1536,3,280,6,1.0,0.6540338826190583
train,2014-1536,3,280,7,1.0,0.5811117886701298
train,2014-1536,3,280,8,0.0,0.2618748687302203
train,2014-1536,3,280,9,0.0,0.8857665434819629
train,2014-1536,3,280,10,0.0,0.6343452417310005
train,2014-1536,3,280,11,1.0,0.2873394620525394
train,2014-1536,3,280,12,1.0,0.7594501214504956
train,2014-1536,3,280,13,1.0,0.7035192992008098
train,2014-1536,3,280,14,0.0,0.4201505750076392
train,2014-1536,3,280,15,1.0,0.9836532856777958
train,2014-1536,4,281,0,0.0,0.01214871435260736
train,2014-1536,4,281,1,0.0,0.2454299900213885
train,2014-1536,4,281,2,0.0,0.8808999826433733
train,2014-1536,4,281,3,0.0,0.45372049441910584
train,2014-1536,4,281,4,0.0,0.38337115268904604
train,2014-1536,4,281,5,1.0,0.7941383838750561
train,2014-1536,4,281,6,1.0,0.4643560306334815
train,2014-1536,4,281,7,1.0,0.6041209727702287
train,2014-1536,5,282,0,1.0,0.9512529859257074
train,2014-1536,5,282,1,1.0,0.5185508207653794
train,2014-1536,5,282,2,1.0,0.5873203906325485
train,2014-1536,5,282,3,1.0,0.7881925638090669
train,2014-1536,6,283,0,1.0,0.9861080709582054
train,2014-1536,6,283,1,1.0,0.26043017767814647
train,2014-1536,7,284,0,1.0,0.9731070316786811
train,2014-352,2,330,0,0.0,0.44796567997658526
train,2014-352,2,330,1,1.0,0.6985943079803634
train,2014-352,2,330,2,0.0,0.30827704253860455
train,2014-352,2,330,3,0.0,0.6220826464845699
train,2014-352,2,330,4,1.0,0.5787739724837624
train,2014-352,2,330,5,0.0,0.5317039196825254
train,2014-352,2,330,6,0.0,0.29203241985158723
train,2014-352,2,330,7,0.0,0.487999928687474
train,2014-352,2,330,8,0.0,0.3943148547367177
train,2014-352,2,330,9,0.0,0.6283209765881799
train,2014-352,2,330,10,0.0,0.25213948822682775
train,2014-352,2,330,11,1.0,0.5058779052929271
train,2014-352,2,330,12,1.0,0.437612770602196
train,2014-352,2,330,13,0.0,0.32619507173291734
train,2014-352,2,330,14,0.0,0.6446873427427738
train,2014-352,2,330,15,0.0,0.3095642444539554
train,2014-352,3,331,0,0.0,0.1980092642930298
train,2014-352,3,331,1,0.0,0.32315966029577625
train,2014-352,3,331,2,1.0,0.3624665550193198
train,2014-352,3,331,3,1.0,0.3194613320874205
train,2014-352,3,331,4,0.0,0.07682925299774454
train,2014-352,3,331,5,0.0,0.4264998192614897
train,2014-352,3,331,6,1.0,0.5733335331238453
train,2014-352,3,331,7,0.0,0.18031009130322564
train,2014-352,3,331,8,0.0,0.1872595872628343
train,2014-352,3,331,9,0.0,0.4726327200197287
train,2014-352,3,331,10,1.0,0.4823478920606633
train,2014-352,3,331,11,0.0,0.1136846210411346
train,2014-352,3,331,12,1.0,0.7211898188001731
train,2014-352,3,331,13,1.0,0.5205316434440573
train,2014-352,3,331,14,0.0,0.159807166501692
train,2014-352,3,331,15,1.0,0.959487934831233
train,2014-352,4,332,0,0.0,0.25024738235169075
train,2014-352,4,332,1,1.0,0.9638391753641172
train,2014-352,4,332,2,1.0,0.7859668523507239
train,2014-352,4,332,3,0.0,0.6098443707442186
train,2014-352,4,332,4,1.0,0.251469066813148
train,2014-352,4,332,5,1.0,0.5995392459600749
train,2014-352,4,332,6,1.0,0.9708223583694542
train,2014-352,4,332,7,0.0,0.3620084680286005
train,2014-352,5,333,0,0.0,0.6417311617734911
train,2014-352,5,333,1,0.0,0.137439865553453
train,2014-352,5,333,2,0.0,0.31149412917094704
train,2014-352,5,333,3,1.0,0.10130850341512562
train,2014-352,6,334,0,1.0,0.9382465717500174
train,2014-352,6,334,1,1.0,0.38933932773812246
train,2014-352,7,335,0,0.0,0.043413973382821776
train,2014-403,1,266,0,0.0,0.5070064295579122
train,2014-403,1,266,1,0.0,0.46904764394241055
train,2014-403,1,266,2,1.0,0.5077443157013806
train,2014-403,1,266,3,0.0,0.5404824918964547
train,2014-403,1,266,4,1.0,0.5079198849449033
train,2014-403,1,266,5,1.0,0.4463432622390487
train,2014-403,1,266,6,0.0,0.4568531860562497
train,2014-403,1,266,7,0.0,0.38832814475815075
train,2014-403,1,266,8,1.0,0.4853310989382735
train,2014-403,1,266,9,0.0,0.47897957714335754
train,2014-403,1,266,10,1.0,0.4661202399511414
train,2014-403,1,266,11,1.0,0.5393192173372973
train,2014-403,1,266,12,0.0,0.4655152651518733
train,2014-403,1,266,13,0.0,0.4592724325031896
train,2014-403,1,266,14,1.0,0.6054174513708019
train,2014-403,1,266,15,0.0,0.4475138669591314
train,2014-403,1,266,16,1.0,0.5423978662520507
train,2014-403,1,266,17,1.0,0.5989141220440999
train,2014-403,1,266,18,1.0,0.5224257805837889
train,2014-403,1,266,19,1.0,0.6243569037970531
train,2014-403,1,266,20,0.0,0.352370535085797
train,2014-403,1,266,21,1.0,0.6601505820994493
train,2014-403,1,266,22,1.0,0.46167916945443094
train,2014-403,1,266,23,1.0,0.48973402315313364
train,2014-403,1,266,24,0.0,0.6116097187062232
train,2014-403,1,266,25,0.0,0.5084796386785887
train,2014-403,1,266,26,0.0,0.5486766905775167
train,2014-403,1,266,27,1.0,0.6187627190568524
train,2014-403,1,266,28,0.0,0.29411728027064327
train,2014-403,1,266,29,0.0,0.5915798466490811
train,2014-403,1,266,30,0.0,0.67930991916119
train,2014-403,1,266,31,1.0,0.5881003662089506
train,2014-403,2,267,0,1.0,0.9674859432690139
train,2014-403,2,267,1,0.0,0.4763527767623828
train,2014-403,2,267,2,1.0,0.43594996628786487
train,2014-403,2,267,3,1.0,0.6536057473200652
train,2014-403,2,267,4,0.0,0.17964626600473016
train,2014-403,2,267,5,0.0,0.625611059032758
train,2014-403,2,267,6,1.0,0.6917440295635384
train,2014-403,2,267,7,0.0,0.08418278373579369
train,2014-403,2,267,8,1.0,0.870873384194697
train,2014-403,2,267,9,1.0,0.48035219897047243
train,2014-403,2,267,10,0.0,0.36751433106545994
train,2014-403,2,267,11,1.0,0.6266073514470145
train,2014-403,2,267,12,0.0,0.18540451696157326
train,2014-403,2,267,13,1.0,0.709552698375019
train,2014-403,2,267,14,1.0,0.2392716370576876
train,2014-403,2,267,15,1.0,0.8611191831695942
train,2014-403,2,267,16,0.0,0.05518038313694886
train,2014-403,2,267,17,1.0,0.247126058291476
train,2014-403,2,267,18,0.0,0.4611984877059379
train,2014-403,2,267,19,1.0,0.6907444033079401
train,2014-403,2,267,20,1.0,0.36763289218744966
train,2014-403,2,267,21,1.0,0.5513152932606495
train,2014-403,2,267,22,0.0,0.6887316855210739
train,2014-403,2,267,23,1.0,0.8609840040843697
train,2014-403,2,267,24,0.0,0.5298420208374782
train,2014-403,2,267,25,1.0,0.355455364657752
train,2014-403,2,267,26,0.0,0.31262752178902486
train,2014-403,2,267,27,0.0,0.3417616047173757
train,2014-403,2,267,28,0.0,0.6069253917276964
train,2014-403,2,267,29,1.0,0.4697534293159053
train,2014-403,2,267,30,0.0,0.014705959708893162
train,2014-403,2,267,31,0.0,0.564389206345047
train,2014-403,3,268,0,0.0,0.29135742440319556
train,2014-403,3,268,1,0.0,0.1387771357529544
train,2014-403,3,268,2,1.0,0.5308204982843804
train,2014-403,3,268,3,0.0,0.3510967332247482
train,2014-403,3,268,4,0.0,0.4499880231548699
train,2014-403,3,268,5,1.0,0.9882644536887749
train,2014-403,3,268,6,0.0,0.5255102358522467
train,2014-403,3,268,7,1.0,0.874776888095027
train,2014-403,3,268,8,0.0,0.3443748470968978
train,2014-403,3,268,9,0.0,0.03482831071633974
train,2014-403,3,268,10,0.0,0.37905290473162134
train,2014-403,3,268,11,1.0,0.7341068949304618
train,2014-403,3,268,12,1.0,0.831520326275602
train,2014-403,3,268,13,1.0,0.7854351740088892
train,2014-403,3,268,14,0.0,0.4875421865910998
train,2014-403,3,268,15,0.0,0.038348646101076946
train,2014-403,4,269,0,1.0,0.7323957439597729
train,2014-403,4,269,1,0.0,0.050386344986000114
train,2014-403,4,269,2,0.0,0.28742881534565584
train,2014-403,4,269,3,1.0,0.22127640823076564
train,2014-403,4,269,4,0.0,0.14965370810914289
train,2014-403,4,269,5,1.0,0.20238059259001484
train,2014-403,4,269,6,0.0,0.2983048183688465
train,2014-403,4,269,7,1.0,0.9853884421135266
train,2014-403,5,270,0,0.0,0.18020449582675732
train,2014-403,5,270,1,1.0,0.09850003206484093
train,2014-403,5,270,2,1.0,0.7602847022349156
train,2014-403,5,270,3,0.0,0.018399949837700526
train,2014-403,6,271,0,0.0,0.044782369375754943
train,2014-403,6,271,1,1.0,0.9530583936625568
train,2014-403,7,272,0,1.0,0.2913038917454114
train,2014-404,1,259,0,1.0,0.5229635636933886
train,2014-404,1,259,1,1.0,0.5133672341676258
train,2014-404,1,259,2,1.0,0.5005225348677393
train,2014-404,1,259,3,0.0,0.5448303504951129
train,2014-404,1,259,4,0.0,0.4372299117632919
train,2014-404,1,259,5,0.0,0.36683577438628295
train,2014-404,1,259,6,0.0,0.5112975652092115
train,2014-404,1,259,7,0.0,0.4270932201233198
train,2014-404,1,259,8,1.0,0.4819008727198637
train,2014-404,1,259,9,0.0,0.389354384586397
train,2014-404,1,259,10,1.0,0.5402117385143956
train,2014-404,1,259,11,1.0,0.5114429681896131
train,2014-404,1,259,12,1.0,0.6032209862135457
train,2014-404,1,259,13,1.0,0.4474338585930085
train,2014-404,1,259,14,0.0,0.4248642411918055
train,2014-404,1,259,15,1.0,0.5271962866161024
train,2014-404,1,259,16,1.0,0.5303054947878655
train,2014-404,1,259,17,1.0,0.49633795208645276
train,2014-404,1,259,18,0.0,0.5397118092458915
train,2014-404,1,259,19,1.0,0.49717486731175703
train,2014-404,1,259,20,0.0,0.35399683568867285
train,2014-404,1,259,21,1.0,0.5674329662415819
train,2014-404,1,259,22,1.0,0.5487758844427936
train,2014-404,1,259,23,0.0,0.4709059307030189
train,2014-404,1,259,24,1.0,0.6146992130959914
train,2014-404,1,259,25,0.0,0.49961193785609465
train,2014-404,1,259,26,1.0,0.5957461518284963
train,2014-404,1,259,27,1.0,0.5673327216176408
train,2014-404,1,259,28,0.0,0.4384929701145136
train,2014-404,1,259,29,0.0,0.5840138203129842
train,2014-404,1,259,30,1.0,0.5026406020052522
train,2014-404,1,259,31,1.0,0.5611049847695603
train,2014-404,2,260,0,1.0,0.572158436473166
train,2014-404,2,260,1,0.0,0.6100667633773368
train,2014-404,2,260,2,0.0,0.48566210309088836
train,2014-404,2,260,3,0.0,0.4124769558112907
train,2014-404,2,260,4,1.0,0.4995376627193864
train,2014-404,2,260,5,0.0,0.43507877050317345
train,2014-404,2,260,6,0.0,0.5229376291369949
train,2014-404,2,260,7,1.0,0.6487742828490543
train,2014-404,2,260,8,0.0,0.5133487073545488
train,2014-404,2,260,9,0.0,0.5258166842060042
train,2014-404,2,260,10,0.0,0.40819298028950135
train,2014-404,2,260,11,1.0,0.5492643260666445
train,2014-404,2,260,12,1.0,0.5256267297511887
train,2014-404,2,260,13,1.0,0.46508486249425834
train,2014-404,2,260,14,1.0,0.3509807360037936
train,2014-404,2,260,15,0.0,0.4068865889223858
train,2014-404,2,260,16,1.0,0.5105582582832953
train,2014-404,2,260,17,0.0,0.4302408668185987
train,2014-404,2,260,18,1.0,0.5086278251374621
train,2014-404,2,260,19,1.0,0.5370778750026207
train,2014-404,2,260,20,1.0,0.496386854818561
train,2014-404,2,260,21,0.0,0.47601345099477954
train,2014-404,2,260,22,0.0,0.5081420838319517
train,2014-404,2,260,23,0.0,0.4330845181033215
train,2014-404,2,260,24,0.0,0.49741438238373303
train,2014-404,2,260,25,0.0,0.5631569868421176
train,2014-404,2,260,26,0.0,0.429219831809194
train,2014-404,2,260,27,0.0,0.4710448835819732
train,2014-404,2,260,28,1.0,0.43596692313544994
train,2014-404,2,260,29,1.0,0.5440754557024245
train,2014-404,2,260,30,1.0,0.5699425408255
train,2014-404,2,260,31,0.0,0.5410254785717297
train,2014-404,3,261,0,1.0,0.5339616694278259
train,2014-404,3,261,1,1.0,0.5051210548299807
train,2014-404,3,261,2,1.0,0.5595191092999985
train,2014-404,3,261,3,0.0,0.44038888419557215
train,2014-404,3,261,4,1.0,0.4808620051753903
train,2014-404,3,261,5,0.0,0.4258492987553241
train,2014-404,3,261,6,0.0,0.51110411232473
train,2014-404,3,261,7,1.0,0.47423516293834694
train,2014-404,3,261,8,1.0,0.6177031611495329
train,2014-404,3,261,9,1.0,0.4705051146306641
train,2014-404,3,261,10,0.0,0.40198380736022254
train,2014-404,3,261,11,0.0,0.4729756986185948
train,2014-404,3,261,12,1.0,0.520111006021081
train,2014-404,3,261,13,1.0,0.47973703652851535
train,2014-404,3,261,14,0.0,0.4598406193557581
train,2014-404,3,261,15,0.0,0.5643533052266587
train,2014-404,4,262,0,0.0,0.5855317504185731
train,2014-404,4,262,1,1.0,0.4787458503727846
train,2014-404,4,262,2,1.0,0.4909354568218136
train,2014-404,4,262,3,0.0,0.4916213258803444
train,2014-404,4,262,4,1.0,0.4329506056595685
train,2014-404,4,262,5,1.0,0.49890108330748517
train,2014-404,4,262,6,0.0,0.4131489221687445
train,2014-404,4,262,7,0.0,0.5167145305399533
train,2014-404,5,263,0,0.0,0.5626740566105616
train,2014-404,5,263,1,0.0,0.5063712478615059
train,2014-404,5,263,2,0.0,0.5658295319440819
train,2014-404,5,263,3,1.0,0.45648056836346806
train,2014-404,6,264,0,1.0,0.46175473779295334
train,2014-404,6,264,1,1.0,0.425886762035649
train,2014-404,7,265,0,0.0,0.5239098641889876
train,2014-410,2,273,0,0.0,0.702591616407305
train,2014-410,2,273,1,0.0,0.4873476968913028
train,2014-410,2,273,2,1.0,0.45803719894466466
train,2014-410,2,273,3,0.0,0.45241140974283106
train,2014-410,2,273,4,0.0,0.3536360119130367
train,2014-410,2,273,5,1.0,0.6788714452554249
train,2014-410,2,273,6,1.0,0.5571281122574068
train,2014-410,2,273,7,1.0,0.6597781163783496
train,2014-410,2,273,8,1.0,0.7118982723339021
train,2014-410,2,273,9,1.0,0.5387612145021305
train,2014-410,2,273,10,1.0,0.5443726860869009
train,2014-410,2,273,11,1.0,0.4409353255438065
train,2014-410,2,273,12,0.0,0.473356342749528
train,2014-410,2,273,13,0.0,0.30268301743772696
train,2014-410,2,273,14,0.0,0.5653254551810197
train,2014-410,2,273,15,0.0,0.6698429865156146
train,2014-410,2,273,16,1.0,0.47899270343484074
train,2014-410,2,273,17,0.0,0.4531689300079296
train,2014-410,2,273,18,0.0,0.41522354526816513
train,2014-410,2,273,19,1.0,0.5987516037149282
train,2014-410,2,273,20,0.0,0.45832065620276496
train,2014-410,2,273,21,0.0,0.5465842040102449
train,2014-410,2,273,22,1.0,0.6533145734873603
train,2014-410,2,273,23,1.0,0.6453414169175686
train,2014-410,3,274,0,1.0,0.28287064892562463
train,2014-410,3,274,1,0.0,0.6019568632454672
train,2014-410,3,274,2,1.0,0.7813481595245015
train,2014-410,3,274,3,1.0,0.9067181609519296
train,2014-410,3,274,4,1.0,0.5516512441779331
train,2014-410,3,274,5,1.0,0.6190046106961513
train,2014-410,3,274,6,1.0,0.6655919075915062
train,2014-410,3,274,7,0.0,0.3836578614688123
train,2014-410,3,274,8,1.0,0.9859075486340378
train,2014-410,3,274,9,0.0,0.3597081769301365
train,2014-410,3,274,10,0.0,0.5736321090348636
train,2014-410,3,274,11,1.0,0.728490733125603
train,2014-410,3,274,12,0.0,0.20960345433716332
train,2014-410,3,274,13,1.0,0.6105573839338647
train,2014-410,3,274,14,1.0,0.6224076433263905
train,2014-410,3,274,15,1.0,0.990870886965807
train,2014-410,4,275,0,0.0,0.01563592203722014
train,2014-410,4,275,1,1.0,0.16918253657849194
train,2014-410,4,275,2,1.0,0.7347009581772028
train,2014-410,4,275,3,0.0,0.5493057142332958
train,2014-410,4,275,4,0.0,0.3165171349033293
train,2014-410,4,275,5,0.0,0.05340945197163285
train,2014-410,4,275,6,0.0,0.01213698643689412
train,2014-410,4,275,7,1.0,0.7737077810472116
train,2014-410,5,276,0,0.0,0.9485922578298381
train,2014-410,5,276,1,1.0,0.7289595182354719
train,2014-410,5,276,2,1.0,0.8198281228352158
train,2014-410,5,276,3,0.0,0.021268826694579506
train,2014-410,6,277,0,0.0,0.5660954057570724
train,2014-410,6,277,1,1.0,0.23986585209987996
train,2014-410,7,278,0,0.0,0.7708692523798227
train,2014-416,2,285,0,0.0,0.7335143059018867
train,2014-416,2,285,1,1.0,0.6308313531308395
train,2014-416,2,285,2,0.0,0.6166971526812389
train,2014-416,2,285,3,0.0,0.39022651599854374
train,2014-416,2,285,4,1.0,0.40254479124178344
train,2014-416,2,285,5,1.0,0.4753505463665116
train,2014-416,2,285,6,0.0,0.38479391071973235
train,2014-416,2,285,7,0.0,0.40290953393034873
train,2014-416,2,285,8,0.0,0.38621131694573746
train,2014-416,2,285,9,0.0,0.42152469706891577
train,2014-416,2,285,10,0.0,0.5284581918372581
train,2014-416,2,285,11,0.0,0.273438607057921
train,2014-416,2,285,12,0.0,0.41127945476275984
train,2014-416,2,285,13,0.0,0.37962026463295734
train,2014-416,2,285,14,0.0,0.3912636414815476
train,2014-416,2,285,15,0.0,0.408187962959066
train,2014-416,2,285,16,0.0,0.4125363588102763
train,2014-416,2,285,17,1.0,0.5514149852154362
train,2014-416,2,285,18,1.0,0.643435158143255
train,2014-416,2,285,19,0.0,0.39575715355384433
train,2014-416,2,285,20,1.0,0.5920815363623151
train,2014-416,2,285,21,0.0,0.612374526420622
train,2014-416,2,285,22,1.0,0.6666553480343168
train,2014-416,2,285,23,1.0,0.5393843539759137
train,2014-416,3,286,0,0.0,0.5352810950414573
train,2014-416,3,286,1,1.0,0.6794780209577853
train,2014-416,3,286,2,1.0,0.8804284578922694
train,2014-416,3,286,3,0.0,0.9209812021172481
train,2014-416,3,286,4,1.0,0.7538550922251351
train,2014-416,3,286,5,1.0,0.7002749180831302
train,2014-416,3,286,6,1.0,0.7011497531319499
train,2014-416,3,286,7,0.0,0.21653213005276092
train,2014-416,3,286,8,1.0,0.5890849250508932
train,2014-416,3,286,9,0.0,0.036711303339927656
train,2014-416,3,286,10,0.0,0.43896362265087047
train,2014-416,3,286,11,1.0,0.90410867992624
train,2014-416,3,286,12,1.0,0.8596465560179073
train,2014-416,3,286,13,1.0,0.6732571813747058
train,2014-416,3,286,14,1.0,0.3749074135053669
train,2014-416,3,286,15,0.0,0.020091918213104805
train,2014-416,4,287,0,0.0,0.01829475748977702
train,2014-416,4,287,1,1.0,0.2781233935568561
train,2014-416,4,287,2,0.0,0.7504285996745603
train,2014-416,4,287,3,0.0,0.43401269446421975
train,2014-416,4,287,4,1.0,0.7927915794635302
train,2014-416,4,287,5,1.0,0.9533898417431041
train,2014-416,4,287,6,0.0,0.1348246508087998
train,2014-416,4,287,7,0.0,0.6336214890996773
train,2014-416,5,288,0,1.0,0.9311141967263885
train,2014-416,5,288,1,1.0,0.3894842824858058
train,2014-416,5,288,2,0.0,0.4464044985785669
train,2014-416,5,288,3,0.0,0.14919996219543763
train,2014-416,6,289,0,0.0,0.016889285217458822
train,2014-416,6,289,1,0.0,0.04413103991864299
train,2014-416,7,290,0,1.0,0.2981441088905845
train,2014-421,2,305,0,1.0,0.6689898869361899
train,2014-421,2,305,1,1.0,0.7916282505631479
train,2014-421,2,305,2,0.0,0.2615297384465909
train,2014-421,2,305,3,1.0,0.5274500723592914
train,2014-421,2,305,4,1.0,0.48526954143800277
train,2014-421,2,305,5,0.0,0.46653691718742524
train,2014-421,2,305,6,0.0,0.27298066877721705
train,2014-421,2,305,7,0.0,0.5513558717778382
train,2014-421,2,305,8,1.0,0.5038969426299991
train,2014-421,2,305,9,1.0,0.6532898636422054
train,2014-421,2,305,10,0.0,0.47367270573528053
train,2014-421,2,305,11,0.0,0.5844419680590528
train,2014-421,2,305,12,0.0,0.492810467179612
train,2014-421,2,305,13,0.0,0.28029760414071525
train,2014-421,2,305,14,1.0,0.600787821210237
train,2014-421,2,305,15,1.0,0.4557351134521549
train,2014-421,2,305,16,1.0,0.4167261710355524
train,2014-421,2,305,17,1.0,0.4072199423934416
train,2014-421,2,305,18,0.0,0.261974571992434
train,2014-421,2,305,19,1.0,0.41113566190872625
train,2014-421,2,305,20,0.0,0.35751446795944686
train,2014-421,2,305,21,0.0,0.6654601182400173
train,2014-421,2,305,22,0.0,0.6626334114932253
train,2014-421,2,305,23,0.0,0.5021256478057133
train,2014-421,3,306,0,0.0,0.038146445926352746
train,2014-421,3,306,1,0.0,0.2323994122738034
train,2014-421,3,306,2,1.0,0.4578495781229251
train,2014-421,3,306,3,0.0,0.08842479994652182
train,2014-421,3,306,4,1.0,0.8148620859703568
train,2014-421,3,306,5,0.0,0.4525232424967098
train,2014-421,3,306,6,1.0,0.3823495351537987
train,2014-421,3,306,7,1.0,0.7069682979390076
train,2014-421,3,306,8,1.0,0.7124723797515403
train,2014-421,3,306,9,0.0,0.27957548739110777
train,2014-421,3,306,10,0.0,0.17715552150753483
train,2014-421,3,306,11,1.0,0.8585550936818841
train,2014-421,3,306,12,0.0,0.48313105499416764
train,2014-421,3,306,13,0.0,0.33830975652900047
train,2014-421,3,306,14,0.0,0.30436411667482666
train,2014-421,3,306,15,0.0,0.030776492288288
train,2014-421,4,307,0,1.0,0.05569256490499688
train,2014-421,4,307,1,1.0,0.7466704010289267
train,2014-421,4,307,2,0.0,0.5075008192826721
train,2014-421,4,307,3,0.0,0.39010128820652784
train,2014-421,4,307,4,1.0,0.33060497035834935
train,2014-421,4,307,5,1.0,0.8252551245748249
train,2014-421,4,307,6,0.0,0.13588032503228195
train,2014-421,4,307,7,0.0,0.7664463019751403
train,2014-421,5,308,0,1.0,0.35567501864150447
train,2014-421,5,308,1,1.0,0.5826006467771532
train,2014-421,5,308,2,0.0,0.5139154890077822
train,2014-421,5,308,3,1.0,0.7005533209969645
train,2014-421,6,309,0,0.0,0.12451651321473686
train,2014-421,6,309,1,0.0,0.3480049979759211
train,2014-421,7,310,0,0.0,0.7763409478441826
train,2014-422,2,311,0,1.0,0.6604660131880878
train,2014-422,2,311,1,0.0,0.39249414524597986
train,2014-422,2,311,2,0.0,0.790208381409229
train,2014-422,2,311,3,0.0,0.4383348246523398
train,2014-422,2,311,4,1.0,0.5422888301375859
train,2014-422,2,311,5,1.0,0.43796451747469045
train,2014-422,2,311,6,0.0,0.38746918311030837
train,2014-422,2,311,7,0.0,0.49489930725923725
train,2014-422,2,311,8,0.0,0.2841256777585689
train,2014-422,2,311,9,0.0,0.6502948316246112
train,2014-422,2,311,10,1.0,0.5570172109880672
train,2014-422,2,311,11,1.0,0.6978161895819806
train,2014-422,2,311,12,1.0,0.39013722339075974
train,2014-422,2,311,13,1.0,0.4195719485628059
train,2014-422,2,311,14,0.0,0.6537605124381461
train,2014-422,2,311,15,1.0,0.6824600604646119
train,2014-422,2,311,16,1.0,0.5481024209701728
train,2014-422,2,311,17,1.0,0.5131861950742705
train,2014-422,2,311,18,0.0,0.480390793153118
train,2014-422,2,311,19,1.0,0.44394362310761126
train,2014-422,2,311,20,1.0,0.5218603647938145
train,2014-422,2,311,21,1.0,0.5961200874602552
train,2014-422,2,311,22,0.0,0.38582508587115966
train,2014-422,2,311,23,1.0,0.6093794822513183
train,2014-422,3,312,0,0.0,0.42061614553332805
train,2014-422,3,312,1,1.0,0.6307140890777658
train,2014-422,3,312,2,0.0,0.08778353104517872
train,2014-422,3,312,3,1.0,0.19629882698658432
train,2014-422,3,312,4,0.0,0.46553406610193665
train,2014-422,3,312,5,1.0,0.26126667052895286
train,2014-422,3,312,6,1.0,0.7556687137351668
train,2014-422,3,312,7,0.0,0.658243805339075
train,2014-422,3,312,8,0.0,0.32769336965655244
train,2014-422,3,312,9,0.0,0.05026227159918627
train,2014-422,3,312,10,1.0,0.49802874925780627
train,2014-422,3,312,11,0.0,0.1347462932629271
train,2014-422,3,312,12,1.0,0.7444116187995606
train,2014-422,3,312,13,1.0,0.6046831602059793
train,2014-422,3,312,14,0.0,0.4712414330409453
train,2014-422,3,312,15,0.0,0.034444510558199984
train,2014-422,4,313,0,0.0,0.9608284759750226
train,2014-422,4,313,1,0.0,0.10157258850703078
train,2014-422,4,313,2,0.0,0.3323692532025082
train,2014-422,4,313,3,0.0,0.2615691211881404
train,2014-422,4,313,4,1.0,0.562851994506473
train,2014-422,4,313,5,1.0,0.806819820256407
train,2014-422,4,313,6,0.0,0.22202226401657202
train,2014-422,4,313,7,1.0,0.5357088633579339
train,2014-422,5,314,0,1.0,0.6874244683248932
train,2014-422,5,314,1,0.0,0.7801699491234739
train,2014-422,5,314,2,0.0,0.3865041839249157
train,2014-422,5,314,3,1.0,0.6932725856146844
train,2014-422,6,315,0,0.0,0.19831051426291732
train,2014-422,6,315,1,1.0,0.8900353676036951
train,2014-422,7,316,0,0.0,0.2619321912399752
train,2014-5014,2,324,0,1.0,0.5101677210305188
train,2014-5014,2,324,1,0.0,0.46375406149379217
train,2014-5014,2,324,2,0.0,0.5617827491164109
train,2014-5014,2,324,3,1.0,0.5963599746751306
train,2014-5014,2,324,4,1.0,0.5705808364328327
train,2014-5014,2,324,5,1.0,0.633510916029152
train,2014-5014,2,324,6,1.0,0.487633177342932
train,2014-5014,2,324,7,1.0,0.5270932442955729
train,2014-5014,2,324,8,0.0,0.4388271952930919
train,2014-5014,2,324,9,0.0,0.38252109265378176
train,2014-5014,2,324,10,1.0,0.5293441009309957
train,2014-5014,2,324,11,1.0,0.5100262608706215
train,2014-5014,2,324,12,0.0,0.4708137405275199
train,2014-5014,2,324,13,1.0,0.42338774201071094
train,2014-5014,2,324,14,1.0,0.49809791513373425
train,2014-5014,2,324,15,1.0,0.627784739115187
train,2014-5014,2,324,16,0.0,0.42757900003914995
train,2014-5014,2,324,17,1.0,0.4892989550105954
train,2014-5014,2,324,18,0.0,0.4550727556322443
train,2014-5014,2,324,19,0.0,0.4578646738175107
train,2014-5014,2,324,20,1.0,0.5575441052538599
train,2014-5014,2,324,21,1.0,0.45795262202137876
train,2014-5014,2,324,22,0.0,0.6314785304508228
train,2014-5014,2,324,23,0.0,0.536480059528771
train,2014-5014,3,325,0,1.0,0.5573374784987778
train,2014-5014,3,325,1,0.0,0.422936132127504
train,2014-5014,3,325,2,1.0,0.5095665015328634
train,2014-5014,3,325,3,1.0,0.4408708242850725
train,2014-5014,3,325,4,1.0,0.5251924194524598
train,2014-5014,3,325,5,0.0,0.5287206968980643
train,2014-5014,3,325,6,1.0,0.47453033448715715
train,2014-5014,3,325,7,1.0,0.47405422389055724
train,2014-5014,3,325,8,0.0,0.5540879482724714
train,2014-5014,3,325,9,0.0,0.4210387509965241
train,2014-5014,3,325,10,0.0,0.43554441307854613
train,2014-5014,3,325,11,0.0,0.5635304098610879
train,2014-5014,3,325,12,0.0,0.5384825116198148
train,2014-5014,3,325,13,1.0,0.5397947833485275
train,2014-5014,3,325,14,0.0,0.5568481689009398
train,2014-5014,3,325,15,1.0,0.47264299197435244
train,2014-5014,4,326,0,0.0,0.5615867949678723
train,2014-5014,4,326,1,0.0,0.4649681655077028
train,2014-5014,4,326,2,1.0,0.48682366362378243
train,2014-5014,4,326,3,1.0,0.5348203045076625
train,2014-5014,4,326,4,1.0,0.6013848641656867
train,2014-5014,4,326,5,0.0,0.4932727468919073
train,2014-5014,4,326,6,1.0,0.48010115948168824
train,2014-5014,4,326,7,1.0,0.42282973012321867
train,2014-5014,5,327,0,0.0,0.5420729029910157
train,2014-5014,5,327,1,0.0,0.5383128250670072
train,2014-5014,5,327,2,0.0,0.45858105703865965
train,2014-5014,5,327,3,1.0,0.5195476757802633
train,2014-5014,6,328,0,0.0,0.48471044659979184
train,2014-5014,6,328,1,0.0,0.49477345231024833
train,2014-5014,7,329,0,0.0,0.5763996123174854
train,2014-520,1,291,0,0.0,0.3625213640828218
train,2014-520,1,291,1,0.0,0.3600072156335393
train,2014-520,1,291,2,1.0,0.643304115770572
train,2014-520,1,291,3,0.0,0.57422759407621
train,2014-520,1,291,4,1.0,0.37692653643870266
train,2014-520,1,291,5,1.0,0.7355702486891829
train,2014-520,1,291,6,0.0,0.29371471343518873
train,2014-520,1,291,7,1.0,0.5498232701171811
train,2014-520,1,291,8,0.0,0.4423036566664261
train,2014-520,1,291,9,0.0,0.31681087208006425
train,2014-520,1,291,10,0.0,0.2522217282114621
train,2014-520,1,291,11,0.0,0.4720218554250484
train,2014-520,1,291,12,1.0,0.4588877691029992
train,2014-520,1,291,13,1.0,0.1600215535031302
train,2014-520,1,291,14,1.0,0.9054032118836748
train,2014-520,1,291,15,0.0,0.26425250492786473
train,2014-520,1,291,16,1.0,0.6085760349181645
train,2014-520,1,291,17,1.0,0.5572840252220788
train,2014-520,1,291,18,1.0,0.4146002183232994
train,2014-520,1,291,19,0.0,0.5782372803339596
train,2014-520,1,291,20,0.0,0.6313818409828291
train,2014-520,1,291,21,0.0,0.8024254661665234
train,2014-520,1,291,22,0.0,0.5678046405756982
train,2014-520,1,291,23,0.0,0.4100787813747804
train,2014-520,1,291,24,1.0,0.2592928424256685
train,2014-520,1,291,25,1.0,0.5118361234838396
train,2014-520,1,291,26,1.0,0.6259585806735513
train,2014-520,1,291,27,0.0,0.45711449208757526
train,2014-520,1,291,28,0.0,0.0055009856731273845
train,2014-520,1,291,29,1.0,0.9868837146595669
train,2014-520,1,291,30,0.0,0.26498945422602715
train,2014-520,1,291,31,0.0,0.4194920424281742
train,2014-520,1,291,32,1.0,0.6284223017443046
train,2014-520,1,291,33,1.0,0.3633295232602451
train,2014-520,1,291,34,1.0,0.8885422283055164
train,2014-520,1,291,35,1.0,0.6656023211582041
train,2014-520,1,291,36,1.0,0.6919518950468897
train,2014-520,1,291,37,0.0,0.3982682704014406
train,2014-520,1,291,38,1.0,0.5949634916612949
train,2014-520,1,291,39,1.0,0.7925935245268046
train,2014-520,1,291,40,0.0,0.7310341339473307
train,2014-520,1,291,41,0.0,0.5168087872010609
train,2014-520,1,291,42,1.0,0.6206566534336777
train,2014-520,1,291,43,1.0,0.7774781567751
train,2014-520,1,291,44,1.0,0.501902918370571
train,2014-520,1,291,45,0.0,0.5587643190221221
train,2014-520,1,291,46,1.0,0.7597580709235018
train,2014-520,1,291,47,0.0,0.04123284639041809
train,2014-520,1,291,48,0.0,0.3816087630738022
train,2014-520,1,291,49,0.0,0.3373089845280371
train,2014-520,1,291,50,0.0,0.10760652559369914
train,2014-520,1,291,51,0.0,0.5622522303180718
train,2014-520,1,291,52,1.0,0.5324435175814958
train,2014-520,1,291,53,1.0,0.6329393006610854
train,2014-520,1,291,54,1.0,0.5179396479750964
train,2014-520,1,291,55,0.0,0.5800470085157379
train,2014-520,1,291,56,1.0,0.4843416799285393
train,2014-520,1,291,57,0.0,0.2286094358809314
train,2014-520,1,291,58,1.0,0.7669537034356207
train,2014-520,1,291,59,1.0,0.7019536467944439
train,2014-520,1,291,60,0.0,0.26215290701057037
train,2014-520,1,291,61,0.0,0.7127666150559703
train,2014-520,1,291,62,1.0,0.6817228232020642
train,2014-520,1,291,63,1.0,0.6265949895480796
train,2014-520,2,292,0,0.0,0.5446502072489642
train,2014-520,2,292,1,0.0,0.3628957425699569
train,2014-520,2,292,2,1.0,0.4586552837268495
train,2014-520,2,292,3,1.0,0.7527436720461893
train,2014-520,2,292,4,1.0,0.9688620206006671
train,2014-520,2,292,5,1.0,0.5127268468085142
train,2014-520,2,292,6,0.0,0.2761026952105382
train,2014-520,2,292,7,0.0,0.5702283744414544
train,2014-520,2,292,8,1.0,0.5392139230910735
train,2014-520,2,292,9,1.0,0.7457483798723438
train,2014-520,2,292,10,0.0,0.26332582316973197
train,2014-520,2,292,11,1.0,0.7233367720904557
train,2014-520,2,292,12,1.0,0.5441361678786992
train,2014-520,2,292,13,0.0,0.3722640671677512
train,2014-520,2,292,14,0.0,0.1083516846211368
train,2014-520,2,292,15,0.0,0.38894088319701464
train,2014-520,2,292,16,0.0,0.24333180107068134
train,2014-520,2,292,17,0.0,0.24520537536063183
train,2014-520,2,292,18,1.0,0.5827048379147928
train,2014-520,2,292,19,1.0,0.7274182721903864
train,2014-520,2,292,20,1.0,0.3384801413817782
train,2014-520,2,292,21,0.0,0.38641350135840274
train,2014-520,2,292,22,1.0,0.9052407285022112
train,2014-520,2,292,23,0.0,0.48221228596552845
train,2014-520,2,292,24,0.0,0.28589250165920027
train,2014-520,2,292,25,1.0,0.7006771371540135
train,2014-520,2,292,26,1.0,0.49071344846479337
train,2014-520,2,292,27,1.0,0.5759900231514941
train,2014-520,2,292,28,1.0,0.8910556658825199
train,2014-520,2,292,29,1.0,0.9687236111441181
train,2014-520,2,292,30,0.0,0.521352396483668
train,2014-520,2,292,31,0.0,0.01138903880598161
train,2014-520,3,293,0,0.0,0.45894255451732824
train,2014-520,3,293,1,0.0,0.576831955219005
train,2014-520,3,293,2,0.0,0.03618768663243472
train,2014-520,3,293,3,0.0,0.26257494239944984
train,2014-520,3,293,4,0.0,0.47123719526460905
train,2014-520,3,293,5,0.0,0.08433842117589828
train,2014-520,3,293,6,0.0,0.46408154056105716
train,2014-520,3,293,7,0.0,0.5492157924309149
train,2014-520,3,293,8,0.0,0.2406237887246906
train,2014-520,3,293,9,1.0,0.7762527129533744
train,2014-520,3,293,10,1.0,0.4424212791147504
train,2014-520,3,293,11,0.0,0.4573135549687176
train,2014-520,3,293,12,1.0,0.6090119921785989
train,2014-520,3,293,13,1.0,0.8056306958484751
train,2014-520,3,293,14,0.0,0.4368987484022008
train,2014-520,3,293,15,1.0,0.9900370455795071
train,2014-520,4,294,0,0.0,0.05965307666013239
train,2014-520,4,294,1,0.0,0.3652498931013086
train,2014-520,4,294,2,1.0,0.11559606154173828
train,2014-520,4,294,3,1.0,0.7082739187910233
train,2014-520,4,294,4,1.0,0.7675536013331348
train,2014-520,4,294,5,0.0,0.4376398979187307
train,2014-520,4,294,6,0.0,0.1710532881368083
train,2014-520,4,294,7,1.0,0.9932782732929177
train,2014-520,5,295,0,0.0,0.03730364690472807
train,2014-520,5,295,1,0.0,0.6675596385477249
train,2014-520,5,295,2,1.0,0.8050195389210923
train,2014-520,5,295,3,1.0,0.9309781441067544
train,2014-520,6,296,0,0.0,0.040383642746183133
train,2014-520,6,296,1,1.0,0.9313719195759025
train,2014-520,7,297,0,0.0,0.342395554434167
train,2014-540,1,298,0,0.0,0.008369200400804118
train,2014-540,1,298,1,1.0,0.5687131814370672
train,2014-540,1,298,2,1.0,0.3804494016395795
train,2014-540,1,298,3,0.0,0.26254652407099305
train,2014-540,1,298,4,1.0,0.4847879916156515
train,2014-540,1,298,5,0.0,0.6613723145405844
train,2014-540,1,298,6,1.0,0.6900747738369161
train,2014-540,1,298,7,0.0,0.29228799208878614
train,2014-540,1,298,8,0.0,0.6648196709423232
train,2014-540,1,298,9,1.0,0.5451027841185094
train,2014-540,1,298,10,1.0,0.6642269557577544
train,2014-540,1,298,11,1.0,0.6427398053034254
train,2014-540,1,298,12,0.0,0.6091198091598292
train,2014-540,1,298,13,0.0,0.6446902807625331
train,2014-540,1,298,14,0.0,0.09218828712202494
train,2014-540,1,298,15,1.0,0.8567195698521078
train,2014-540,1,298,16,0.0,0.43908246962931613
train,2014-540,1,298,17,0.0,0.44309074226941453
train,2014-540,1,298,18,0.0,0.3242331710095969
train,2014-540,1,298,19,1.0,0.3134335787641181
train,2014-540,1,298,20,0.0,0.5385328145723886
train,2014-540,1,298,21,1.0,0.5091815728302048
train,2014-540,1,298,22,0.0,0.24146853666279228
train,2014-540,1,298,23,0.0,0.25742920254137125
train,2014-540,1,298,24,1.0,0.684201286144936
train,2014-540,1,298,25,1.0,0.44829042469470737
train,2014-540,1,298,26,1.0,0.7253005027722139
train,2014-540,1,298,27,1.0,0.4995068374446275
train,2014-540,1,298,28,1.0,0.7692518814092506
train,2014-540,1,298,29,1.0,0.712713213846716
train,2014-540,1,298,30,0.0,0.01649050852035696
train,2014-540,1,298,31,1.0,0.6214061183966598
train,2014-540,1,298,32,1.0,0.5853637872696377
train,2014-540,1,298,33,0.0,0.2528781949835791
train,2014-540,1,298,34,1.0,0.8751916205939955
train,2014-540,1,298,35,0.0,0.09135901875666336
train,2014-540,1,298,36,0.0,0.5933150138578116
train,2014-540,1,298,37,0.0,0.26090220137068665
train,2014-540,1,298,38,1.0,0.5935699179270627
train,2014-540,1,298,39,0.0,0.5364276708212644
train,2014-540,1,298,40,1.0,0.8093539816051428
train,2014-540,1,298,41,0.0,0.44258223620456477
train,2014-540,1,298,42,0.0,0.44251754089775197
train,2014-540,1,298,43,0.0,0.2917708649224884
train,2014-540,1,298,44,1.0,0.35987706427128946
train,2014-540,1,298,45,1.0,0.551036412424735
train,2014-540,1,298,46,0.0,0.3969671897695006
train,2014-540,1,298,47,1.0,0.7389513559895896
train,2014-540,1,298,48,0.0,0.04364019992964564
train,2014-540,1,298,49,0.0,0.22657478531853958
train,2014-540,1,298,50,0.0,0.4396436308099714
train,2014-540,1,298,51,0.0,0.4075709335499675
train,2014-540,1,298,52,0.0,0.6407460230921743
train,2014-540,1,298,53,1.0,0.4771724304771863
train,2014-540,1,298,54,1.0,0.4878167203695882
train,2014-540,1,298,55,0.0,0.644268680436159
train,2014-540,1,298,56,0.0,0.4046489449217145
train,2014-540,1,298,57,0.0,0.21718878434820024
train,2014-540,1,298,58,1.0,0.633288669944111
train,2014-540,1,298,59,0.0,0.3564197705406499
train,2014-540,1,298,60,1.0,0.5518755262216501
train,2014-540,1,298,61,1.0,0.718950958126335
train,2014-540,1,298,62,0.0,0.4396796861617953
train,2014-540,1,298,63,1.0,0.7615627596494735
train,2014-540,2,299,0,1.0,0.47353044456646626
train,2014-540,2,299,1,1.0,0.7745455845015933
train,2014-540,2,299,2,0.0,0.38995345066913734
train,2014-540,2,299,3,0.0,0.5390818533308789
train,2014-540,2,299,4,1.0,0.6975806656932045
train,2014-540,2,299,5,1.0,0.9479055173934505
train,2014-540,2,299,6,1.0,0.313260330527812
train,2014-540,2,299,7,1.0,0.496614923102056
train,2014-540,2,299,8,1.0,0.2888307054728265
train,2014-540,2,299,9,0.0,0.19796063994691268
train,2014-540,2,299,10,1.0,0.21660733173305693
train,2014-540,2,299,11,1.0,0.6564118655759625
train,2014-540,2,299,12,0.0,0.2854838250381244
train,2014-540,2,299,13,0.0,0.1403747062628759
train,2014-540,2,299,14,0.0,0.30547579457760554
train,2014-540,2,299,15,1.0,0.46482192916290666
train,2014-540,2,299,16,1.0,0.7767464182491127
train,2014-540,2,299,17,0.0,0.2818992968662335
train,2014-540,2,299,18,0.0,0.3942358650767724
train,2014-540,2,299,19,1.0,0.5587500799049666
train,2014-540,2,299,20,1.0,0.943486961575331
train,2014-540,2,299,21,1.0,0.8232440666469563
train,2014-540,2,299,22,1.0,0.7512564903665127
train,2014-540,2,299,23,0.0,0.3977860810168328
train,2014-540,2,299,24,1.0,0.28750118171981304
train,2014-540,2,299,25,0.0,0.31163749950472164
train,2014-540,2,299,26,1.0,0.2684010459055958
train,2014-540,2,299,27,1.0,0.6630253521636333
train,2014-540,2,299,28,0.0,0.9091124177347537
train,2014-540,2,299,29,0.0,0.007364737619643067
train,2014-540,2,299,30,0.0,0.03371899665218941
train,2014-540,2,299,31,0.0,0.3479862306162483
train,2014-540,3,300,0,1.0,0.5456331300563326
train,2014-540,3,300,1,0.0,0.1514768290744138
train,2014-540,3,300,2,0.0,0.00884244431159383
train,2014-540,3,300,3,0.0,0.5122651145604447
train,2014-540,3,300,4,1.0,0.7418105539047344
train,2014-540,3,300,5,1.0,0.7301253626132291
train,2014-540,3,300,6,1.0,0.9194563029118011
train,2014-540,3,300,7,1.0,0.6195004992829565
train,2014-540,3,300,8,0.0,0.48313487661704807
train,2014-540,3,300,9,1.0,0.810439828649861
train,2014-540,3,300,10,0.0,0.4350121219328031
train,2014-540,3,300,11,0.0,0.4782950637382614
train,2014-540,3,300,12,0.0,0.1537839446431893
train,2014-540,3,300,13,1.0,0.3235180298830873
train,2014-540,3,300,14,0.0,0.367547381216309
train,2014-540,3,300,15,0.0,0.03522058948944015
train,2014-540,4,301,0,1.0,0.007248745472707832
train,2014-540,4,301,1,1.0,0.4594874494962764
train,2014-540,4,301,2,0.0,0.13492485488597475
train,2014-540,4,301,3,0.0,0.272932986593485
train,2014-540,4,301,4,1.0,0.6419424654155059
train,2014-540,4,301,5,0.0,0.17247204948233574
train,2014-540,4,301,6,0.0,0.4396118983184937
train,2014-540,4,301,7,0.0,0.06286944877774606
train,2014-540,5,302,0,1.0,0.6605437498242492
train,2014-540,5,302,1,1.0,0.7126039011960928
train,2014-540,5,302,2,1.0,0.21693687382551297
train,2014-540,5,302,3,0.0,0.04097315759005619
train,2014-540,6,303,0,1.0,0.8644847578117673
train,2014-540,6,303,1,1.0,0.9585176909499401
train,2014-540,7,304,0,0.0,0.21366740849137897
train,2014-560,1,317,0,1.0,0.6260315721324694
train,2014-560,1,317,1,1.0,0.3702207464659016
train,2014-560,1,317,2,0.0,0.6530787811604051
train,2014-560,1,317,3,1.0,0.5931082844288286
train,2014-560,1,317,4,0.0,0.5275154759999793
train,2014-560,1,317,5,1.0,0.505663929614475
train,2014-560,1,317,6,1.0,0.8101959335850791
train,2014-560,1,317,7,1.0,0.7554670296971855
train,2014-560,1,317,8,0.0,0.5295748892628295
train,2014-560,1,317,9,0.0,0.3815420648983039
train,2014-560,1,317,10,1.0,0.3883788127229155
train,2014-560,1,317,11,0.0,0.36797984121052274
train,2014-560,1,317,12,1.0,0.44920091192921724
train,2014-560,1,317,13,0.0,0.5013176158176744
train,2014-560,1,317,14,1.0,0.8694186310318847
train,2014-560,1,317,15,1.0,0.8984088422942651
train,2014-560,1,317,16,1.0,0.25377718776040337
train,2014-560,1,317,17,0.0,0.23538019118334733
train,2014-560,1,317,18,0.0,0.5933821491914261
train,2014-560,1,317,19,1.0,0.5571176562234482
train,2014-560,1,317,20,1.0,0.56498043149113
train,2014-560,1,317,21,1.0,0.7970424157550889
train,2014-560,1,317,22,1.0,0.7614060836635886
train,2014-560,1,317,23,1.0,0.40378654693583793
train,2014-560,1,317,24,1.0,0.5515386468902873
train,2014-560,1,317,25,0.0,0.23156506015047965
train,2014-560,1,317,26,0.0,0.48599766074253614
train,2014-560,1,317,27,1.0,0.728010920240412
train,2014-560,1,317,28,1.0,0.5299060814067227
train,2014-560,1,317,29,1.0,0.991142705025431
train,2014-560,1,317,30,0.0,0.04558045073451326
train,2014-560,1,317,31,1.0,0.4061762390985929
train,2014-560,1,317,32,1.0,0.41175476080189316
train,2014-560,1,317,33,0.0,0.4589079368964018
train,2014-560,1,317,34,0.0,0.24808513115359915
train,2014-560,1,317,35,0.0,0.19977584470854892
train,2014-560,1,317,36,1.0,0.5092121418315839
train,2014-560,1,317,37,1.0,0.48126781166325333
train,2014-560,1,317,38,0.0,0.3390995440255693
train,2014-560,1,317,39,0.0,0.3961080742245943
train,2014-560,1,317,40,0.0,0.448970614433618
train,2014-560,1,317,41,0.0,0.37941669123584626
train,2014-560,1,317,42,0.0,0.31928764781512187
train,2014-560,1,317,43,1.0,0.590982924065193
train,2014-560,1,317,44,0.0,0.2403239702381765
train,2014-560,1,317,45,1.0,0.5029962226349042
train,2014-560,1,317,46,1.0,0.6128873934207008
train,2014-560,1,317,47,0.0,0.5364335424196417
train,2014-560,1,317,48,1.0,0.7300710224146773
train,2014-560,1,317,49,0.0,0.626468249235201
train,2014-560,1,317,50,1.0,0.3951227155132277
train,2014-560,1,317,51,1.0,0.5667653253399787
train,2014-560,1,317,52,1.0,0.9235334107527943
train,2014-560,1,317,53,0.0,0.5555161179613676
train,2014-560,1,317,54,0.0,0.5558534230558968
train,2014-560,1,317,55,1.0,0.7412204851286013
train,2014-560,1,317,56,0.0,0.3291100779113302
train,2014-560,1,317,57,1.0,0.571117349725535
train,2014-560,1,317,58,1.0,0.620181054935158
train,2014-560,1,317,59,0.0,0.31824482561091255
train,2014-560,1,317,60,0.0,0.23277848228583628
train,2014-560,1,317,61,1.0,0.6164674457453403
train,2014-560,1,317,62,0.0,0.4409958944091151
train,2014-560,1,317,63,1.0,0.5013281713404728
train,2014-560,2,318,0,0.0,0.6857131108738439
train,2014-560,2,318,1,0.0,0.19293568021480365
train,2014-560,2,318,2,1.0,0.5609480695113204
train,2014-560,2,318,3,0.0,0.30835697149258373
train,2014-560,2,318,4,1.0,0.8801767278453737
train,2014-560,2,318,5,0.0,0.6239305602134388
train,2014-560,2,318,6,0.0,0.4994765388141903
train,2014-560,2,318,7,1.0,0.6910193350744877
train,2014-560,2,318,8,1.0,0.7779034596188703
train,2014-560,2,318,9,0.0,0.3861581188585742
train,2014-560,2,318,10,1.0,0.7649289937840775
train,2014-560,2,318,11,1.0,0.7468733961606159
train,2014-560,2,318,12,0.0,0.3529215216270849
train,2014-560,2,318,13,0.0,0.7075593072822836
train,2014-560,2,318,14,0.0,0.22160589021545787
train,2014-560,2,318,15,0.0,0.46464490858884583
train,2014-560,2,318,16,1.0,0.623818089108752
train,2014-560,2,318,17,0.0,0.2834155496954651
train,2014-560,2,318,18,0.0,0.24683617526842241
train,2014-560,2,318,19,0.0,0.5663319154181312
train,2014-560,2,318,20,1.0,0.31153667381565747
train,2014-560,2,318,21,1.0,0.8466983802223137
train,2014-560,2,318,22,0.0,0.06099360772618896
train,2014-560,2,318,23,1.0,0.5446713397826809
train,2014-560,2,318,24,1.0,0.3973576812426762
train,2014-560,2,318,25,0.0,0.10358678618226756
train,2014-560,2,318,26,1.0,0.7195666388107371
train,2014-560,2,318,27,1.0,0.6507046813427693
train,2014-560,2,318,28,1.0,0.805894168292528
train,2014-560,2,318,29,1.0,0.9762417520448571
train,2014-560,2,318,30,1.0,0.555564567170167
train,2014-560,2,318,31,1.0,0.983487597118049
train,2014-560,3,319,0,1.0,0.223055387584157
train,2014-560,3,319,1,0.0,0.46676169539213097
train,2014-560,3,319,2,0.0,0.06198661187767173
train,2014-560,3,319,3,1.0,0.5882624845441489
train,2014-560,3,319,4,0.0,0.571571215383392
train,2014-560,3,319,5,0.0,0.26717950577003535
train,2014-560,3,319,6,0.0,0.3993051338896795
train,2014-560,3,319,7,1.0,0.31801847963138496
train,2014-560,3,319,8,0.0,0.18626897025045336
train,2014-560,3,319,9,0.0,0.20610743739053863
train,2014-560,3,319,10,1.0,0.6323170171323796
train,2014-560,3,319,11,0.0,0.3046262850351354
train,2014-560,3,319,12,1.0,0.8740338192539407
train,2014-560,3,319,13,1.0,0.9001389814032448
train,2014-560,3,319,14,1.0,0.8818374344303483
train,2014-560,3,319,15,0.0,0.030544715429876846
train,2014-560,4,320,0,1.0,0.935422063053942
train,2014-560,4,320,1,0.0,0.554999305898467
train,2014-560,4,320,2,1.0,0.5506477411999523
train,2014-560,4,320,3,0.0,0.22018193685170934
train,2014-560,4,320,4,1.0,0.5021750381459801
train,2014-560,4,320,5,1.0,0.621057467892558
train,2014-560,4,320,6,1.0,0.5798253588673462
train,2014-560,4,320,7,0.0,0.04257954584820086
train,2014-560,5,321,0,1.0,0.9092350855536384
train,2014-560,5,321,1,1.0,0.39418077486575687
train,2014-560,5,321,2,0.0,0.6732836966724881
train,2014-560,5,321,3,0.0,0.1359514994318518
train,2014-560,6,322,0,0.0,0.8800819284609631
train,2014-560,6,322,1,0.0,0.9543726184499487
train,2014-560,7,323,0,1.0,0.5015229549587217
train,2014-580,1,252,0,0.0,0.487599091276595
train,2014-580,1,252,1,0.0,0.48924729964284897
train,2014-580,1,252,2,0.0,0.2676685490818854
train,2014-580,1,252,3,0.0,0.39188732700650275
train,2014-580,1,252,4,1.0,0.6172428270130851
train,2014-580,1,252,5,0.0,0.16666296726629345
train,2014-580,1,252,6,1.0,0.30646542736498966
train,2014-580,1,252,7,0.0,0.6197033964113936
train,2014-580,1,252,8,0.0,0.5023631277154254
train,2014-580,1,252,9,0.0,0.4880120236526809
train,2014-580,1,252,10,1.0,0.6745407753585959
train,2014-580,1,252,11,0.0,0.6456667833577282
train,2014-580,1,252,12,1.0,0.4885023366165091
train,2014-580,1,252,13,1.0,0.9433760707800628
train,2014-580,1,252,14,1.0,0.8100457404459733
train,2014-580,1,252,15,1.0,0.8137067936444579
train,2014-580,1,252,16,0.0,0.48007031600155614
train,2014-580,1,252,17,0.0,0.4030464398752384
train,2014-580,1,252,18,1.0,0.7064907107355964
train,2014-580,1,252,19,1.0,0.6293036032333658
train,2014-580,1,252,20,0.0,0.38766189653527333
train,2014-580,1,252,21,1.0,0.6832043332375473
train,2014-580,1,252,22,0.0,0.3560266599254031
train,2014-580,1,252,23,1.0,0.4987759221629505
train,2014-580,1,252,24,1.0,0.4469908124443772
train,2014-580,1,252,25,1.0,0.5036645756553766
train,2014-580,1,252,26,1.0,0.6785390563882358
train,2014-580,1,252,27,1.0,0.5126120911307026
train,2014-580,1,252,28,1.0,0.9899711561975066
train,2014-580,1,252,29,0.0,0.013880660512215669
train,2014-580,1,252,30,0.0,0.5832397476424839
train,2014-580,1,252,31,1.0,0.38571909456096415
train,2014-580,1,252,32,1.0,0.38105598344404656
train,2014-580,1,252,33,0.0,0.029725874781957966
train,2014-580,1,252,34,0.0,0.6802737679073264
train,2014-580,1,252,35,1.0,0.46519259088967285
train,2014-580,1,252,36,0.0,0.5118357399625061
train,2014-580,1,252,37,1.0,0.6435322012727972
train,2014-580,1,252,38,1.0,0.5889174085451006
train,2014-580,1,252,39,0.0,0.4128228570470444
train,2014-580,1,252,40,0.0,0.1545018576886671
train,2014-580,1,252,41,1.0,0.6559947458929541
train,2014-580,1,252,42,0.0,0.2967039675141165
train,2014-580,1,252,43,0.0,0.319730828776944
train,2014-580,1,252,44,1.0,0.6717157479642826
train,2014-580,1,252,45,1.0,0.40213194657636603
train,2014-580,1,252,46,0.0,0.1765471662109871
train,2014-580,1,252,47,1.0,0.9226875843744261
train,2014-580,1,252,48,1.0,0.6372157570652428
train,2014-580,1,252,49,1.0,0.6113247305051829
train,2014-580,1,252,50,0.0,0.09498651146547184
train,2014-580,1,252,51,1.0,0.5462265492900351
train,2014-580,1,252,52,1.0,0.4228586487061998
train,2014-580,1,252,53,1.0,0.7199116209781261
train,2014-580,1,252,54,1.0,0.4044719014091486
train,2014-580,1,252,55,0.0,0.5174831516645297
train,2014-580,1,252,56,1.0,0.5673458517591969
train,2014-580,1,252,57,1.0,0.7689641048582937
train,2014-580,1,252,58,1.0,0.6861699294184933
train,2014-580,1,252,59,0.0,0.48913861868395764
train,2014-580,1,252,60,1.0,0.7197737062641639
train,2014-580,1,252,61,0.0,0.3134232912350728
train,2014-580,1,252,62,1.0,0.2426198798813138
train,2014-580,1,252,63,0.0,0.45614101550168634
train,2014-580,2,253,0,0.0,0.3796809115285281
train,2014-580,2,253,1,1.0,0.7294010414160863
train,2014-580,2,253,2,1.0,0.450832331668444
train,2014-580,2,253,3,1.0,0.4067130422890462
train,2014-580,2,253,4,1.0,0.5112952173040697
train,2014-580,2,253,5,1.0,0.5559622875055419
train,2014-580,2,253,6,0.0,0.21401392557887866
train,2014-580,2,253,7,0.0,0.4090598739174678
train,2014-580,2,253,8,0.0,0.38932950364824026
train,2014-580,2,253,9,0.0,0.3462949821542387
train,2014-580,2,253,10,1.0,0.2774991261867701
train,2014-580,2,253,11,1.0,0.8917602248701891
train,2014-580,2,253,12,0.0,0.10288426952427421
train,2014-580,2,253,13,1.0,0.710881545834222
train,2014-580,2,253,14,0.0,0.7824738651033938
train,2014-580,2,253,15,1.0,0.5198556161896136
train,2014-580,2,253,16,1.0,0.7859949985267635
train,2014-580,2,253,17,0.0,0.35560342486707
train,2014-580,2,253,18,0.0,0.5152711273676107
train,2014-580,2,253,19,0.0,0.30688778226027846
train,2014-580,2,253,20,0.0,0.04554526061602467
train,2014-580,2,253,21,1.0,0.24103573793063596
train,2014-580,2,253,22,1.0,0.6389463784688995
train,2014-580,2,253,23,0.0,0.400829793369321
train,2014-580,2,253,24,1.0,0.4836130271022139
train,2014-580,2,253,25,0.0,0.2532239812256078
train,2014-580,2,253,26,0.0,0.6556395828699028
train,2014-580,2,253,27,0.0,0.04362071400481671
train,2014-580,2,253,28,1.0,0.45401784350434005
train,2014-580,2,253,29,1.0,0.6731258389807714
train,2014-580,2,253,30,1.0,0.9801903540561016
train,2014-580,2,253,31,0.0,0.004577969061173597
train,2014-580,3,254,0,1.0,0.7574465080972158
train,2014-580,3,254,1,0.0,0.018340303522736665
train,2014-580,3,254,2,1.0,0.9744478009594233
train,2014-580,3,254,3,0.0,0.53579242553377
train,2014-580,3,254,4,0.0,0.5948631311368326
train,2014-580,3,254,5,0.0,0.17782786392494496
train,2014-580,3,254,6,1.0,0.4680433394683714
train,2014-580,3,254,7,0.0,0.36743392157321764
train,2014-580,3,254,8,1.0,0.9024029002376672
train,2014-580,3,254,9,0.0,0.04046928975616693
train,2014-580,3,254,10,1.0,0.5975075076160841
train,2014-580,3,254,11,0.0,0.5562202771146254
train,2014-580,3,254,12,1.0,0.8409701006898416
train,2014-580,3,254,13,0.0,0.5555301489968443
train,2014-580,3,254,14,1.0,0.4095134462114024
train,2014-580,3,254,15,1.0,0.6622611663309512
train,2014-580,4,255,0,0.0,0.033014178743012934
train,2014-580,4,255,1,0.0,0.38761857143672335
train,2014-580,4,255,2,0.0,0.18973204007317127
train,2014-580,4,255,3,0.0,0.23278942814216544
train,2014-580,4,255,4,1.0,0.808823070876018
train,2014-580,4,255,5,1.0,0.9306216800819199
train,2014-580,4,255,6,1.0,0.6017943127627571
train,2014-580,4,255,7,0.0,0.01652475352046434
train,2014-580,5,256,0,1.0,0.07298804081949972
train,2014-580,5,256,1,0.0,0.5539845479792215
train,2014-580,5,256,2,1.0,0.6306310580164196
train,2014-580,5,256,3,0.0,0.015723120700784476
train,2014-580,6,257,0,0.0,0.5482296454626376
train,2014-580,6,257,1,0.0,0.15410601925669273
train,2014-580,7,258,0,1.0,0.04129492422016757
train,2015-1536,2,363,0,1.0,0.3625678733321733
train,2015-1536,2,363,1,0.0,0.3987275422245349
train,2015-1536,2,363,2,0.0,0.5989331070664907
train,2015-1536,2,363,3,1.0,0.6574023758833228
train,2015-1536,2,363,4,0.0,0.18383803327250317
train,2015-1536,2,363,5,0.0,0.4969377629003664
train,2015-1536,2,363,6,1.0,0.6942830170169892
train,2015-1536,2,363,7,1.0,0.5158139661285798
train,2015-1536,2,363,8,0.0,0.6516478614162183
train,2015-1536,2,363,9,0.0,0.2702887674496134
train,2015-1536,2,363,10,0.0,0.3478247350903944
train,2015-1536,2,363,11,1.0,0.4023528877334698
train,2015-1536,2,363,12,1.0,0.5258055412166045
train,2015-1536,2,363,13,1.0,0.767233322177595
train,2015-1536,2,363,14,0.0,0.31743742164965744
train,2015-1536,2,363,15,0.0,0.3130555699904078
train,2015-1536,2,363,16,1.0,0.7017973600078116
train,2015-1536,2,363,17,1.0,0.5366436288891538
train,2015-1536,2,363,18,1.0,0.5750968800631099
train,2015-1536,2,363,19,1.0,0.44186710990869665
train,2015-1536,2,363,20,1.0,0.33184865105562594
train,2015-1536,2,363,21,0.0,0.37374768836721955
train,2015-1536,2,363,22,1.0,0.6747374980014269
train,2015-1536,2,363,23,1.0,0.704767172394971
train,2015-1536,3,364,0,0.0,0.19545471544488158
train,2015-1536,3,364,1,1.0,0.32925597284585995
train,2015-1536,3,364,2,1.0,0.3621369509079232
train,2015-1536,3,364,3,1.0,0.6174980912272037
train,2015-1536,3,364,4,1.0,0.7899066010215591
train,2015-1536,3,364,5,1.0,0.5487558131900372
train,2015-1536,3,364,6,1.0,0.48089489456398515
train,2015-1536,3,364,7,0.0,0.1269923527269359
train,2015-1536,3,364,8,0.0,0.16505864095627779
train,2015-1536,3,364,9,0.0,0.4791191642558587
train,2015-1536,3,364,10,0.0,0.34825852755647946
train,2015-1536,3,364,11,0.0,0.013332916250168489
train,2015-1536,3,364,12,1.0,0.7625066360618274
train,2015-1536,3,364,13,0.0,0.29520761168536896
train,2015-1536,3,364,14,0.0,0.3309285739265939
train,2015-1536,3,364,15,0.0,0.9137493280518267
train,2015-1536,4,365,0,0.0,0.4149737200502678
train,2015-1536,4,365,1,0.0,0.4280747460617336
train,2015-1536,4,365,2,1.0,0.39213367265699395
train,2015-1536,4,365,3,0.0,0.3129169203265713
train,2015-1536,4,365,4,0.0,0.32450745742075227
train,2015-1536,4,365,5,1.0,0.654692735503337
train,2015-1536,4,365,6,0.0,0.13319605410424867
train,2015-1536,4,365,7,1.0,0.9833714574680036
train,2015-1536,5,366,0,0.0,0.6445247664568674
train,2015-1536,5,366,1,0.0,0.2701526002899266
train,2015-1536,5,366,2,1.0,0.9560975531101268
train,2015-1536,5,366,3,1.0,0.7844893134589143
train,2015-1536,6,367,0,0.0,0.089262806507623
train,2015-1536,6,367,1,1.0,0.7150752901289075
train,2015-1536,7,368,0,1.0,0.12994039963516352
train,2015-352,2,414,0,1.0,0.5097620895688951
train,2015-352,2,414,1,1.0,0.35593395071741146
train,2015-352,2,414,2,1.0,0.682764940742533
train,2015-352,2,414,3,1.0,0.38020362411432324
train,2015-352,2,414,4,1.0,0.3548473092160487
train,2015-352,2,414,5,1.0,0.4902962412981779
train,2015-352,2,414,6,1.0,0.5706107403358732
train,2015-352,2,414,7,0.0,0.5543100832556762
train,2015-352,2,414,8,0.0,0.25135915012263776
train,2015-352,2,414,9,1.0,0.650350315259244
train,2015-352,2,414,10,0.0,0.3504264771368246
train,2015-352,2,414,11,1.0,0.401131437968653
train,2015-352,2,414,12,1.0,0.4721568071321935
train,2015-352,2,414,13,0.0,0.4657060421027806
train,2015-352,2,414,14,1.0,0.6655624340523176
train,2015-352,2,414,15,0.0,0.7037206195409466
train,2015-352,3,415,0,1.0,0.7103277017733207
train,2015-352,3,415,1,0.0,0.07038603495851875
train,2015-352,3,415,2,1.0,0.47754529601877427
train,2015-352,3,415,3,1.0,0.6744135559164187
train,2015-352,3,415,4,1.0,0.7013759028858352
train,2015-352,3,415,5,1.0,0.6140986258035636
train,2015-352,3,415,6,0.0,0.0695654066550039
train,2015-352,3,415,7,1.0,0.7284378728840516
train,2015-352,3,415,8,1.0,0.9762924881986561
train,2015-352,3,415,9,1.0,0.3145018429689371
train,2015-352,3,415,10,1.0,0.6298532910134159
train,2015-352,3,415,11,1.0,0.836703628364807
train,2015-352,3,415,12,0.0,0.14446510554787376
train,2015-352,3,415,13,0.0,0.37882886226274776
train,2015-352,3,415,14,0.0,0.01181361766009517
train,2015-352,3,415,15,1.0,0.7270432669698399
train,2015-352,4,416,0,0.0,0.4621080019373036
train,2015-352,4,416,1,0.0,0.024024865501376485
train,2015-352,4,416,2,0.0,0.1692143959443831
train,2015-352,4,416,3,0.0,0.916674797523514
train,2015-352,4,416,4,0.0,0.5414840984466772
train,2015-352,4,416,5,0.0,0.08915841389473705
train,2015-352,4,416,6,1.0,0.9417146948116228
train,2015-352,4,416,7,0.0,0.35390853044732223
train,2015-352,5,417,0,1.0,0.9450274098438044
train,2015-352,5,417,1,0.0,0.8689599727020655
train,2015-352,5,417,2,0.0,0.3359627809135136
train,2015-352,5,417,3,0.0,0.1763577731492072
train,2015-352,6,418,0,1.0,0.9328345944043358
train,2015-352,6,418,1,0.0,0.2605486617440719
train,2015-352,7,419,0,1.0,0.8702882270053809
train,2015-403,1,350,0,1.0,0.5885809813659473
train,2015-403,1,350,1,0.0,0.37153442492930827
train,2015-403,1,350,2,1.0,0.523315210998899
train,2015-403,1,350,3,0.0,0.5222560395353772
train,2015-403,1,350,4,0.0,0.5092905651478599
train,2015-403,1,350,5,0.0,0.4016394097609796
train,2015-403,1,350,6,0.0,0.5978701646929006
train,2015-403,1,350,7,1.0,0.3846183724470998
train,2015-403,1,350,8,0.0,0.448433481555293
train,2015-403,1,350,9,0.0,0.3170202531171669
train,2015-403,1,350,10,1.0,0.4951952869717727
train,2015-403,1,350,11,0.0,0.5170861714370528
train,2015-403,1,350,12,0.0,0.5635468916466859
train,2015-403,1,350,13,1.0,0.5362084957804911
train,2015-403,1,350,14,0.0,0.47729638058687535
train,2015-403,1,350,15,1.0,0.648774183213523
train,2015-403,1,350,16,0.0,0.554907781694494
train,2015-403,1,350,17,0.0,0.5093378342821762
train,2015-403,1,350,18,0.0,0.4252922211416494
train,2015-403,1,350,19,1.0,0.6741121972395905
train,2015-403,1,350,20,0.0,0.47147600619718116
train,2015-403,1,350,21,0.0,0.5474281448460092
train,2015-403,1,350,22,1.0,0.45521780854995947
train,2015-403,1,350,23,0.0,0.3834499378405847
train,2015-403,1,350,24,0.0,0.3276502145015238
train,2015-403,1,350,25,0.0,0.47685214817784777
train,2015-403,1,350,26,1.0,0.43934730808223643
train,2015-403,1,350,27,1.0,0.711018800579781
train,2015-403,1,350,28,1.0,0.5962417517390597
train,2015-403,1,350,29,1.0,0.41424696442276016
train,2015-403,1,350,30,1.0,0.33884916652438724
train,2015-403,1,350,31,1.0,0.3092594885724874
train,2015-403,2,351,0,0.0,0.2442197186615998
train,2015-403,2,351,1,0.0,0.02814952193371423
train,2015-403,2,351,2,1.0,0.61300853914897
train,2015-403,2,351,3,1.0,0.4060875992303622
train,2015-403,2,351,4,1.0,0.5383941512966338
train,2015-403,2,351,5,1.0,0.7541990815708063
train,2015-403,2,351,6,1.0,0.6393402487033041
train,2015-403,2,351,7,0.0,0.09502599892545627
train,2015-403,2,351,8,1.0,0.911006128258261
train,2015-403,2,351,9,0.0,0.4866524555506774
train,2015-403,2,351,10,1.0,0.5478625617553121
train,2015-403,2,351,11,1.0,0.3262803706477546
train,2015-403,2,351,12,0.0,0.5907829270208251
train,2015-403,2,351,13,1.0,0.5119713941135512
train,2015-403,2,351,14,0.0,0.143910418649105
train,2015-403,2,351,15,1.0,0.8550780149593056
train,2015-403,2,351,16,0.0,0.2647295582550701
train,2015-403,2,351,17,0.0,0.2458712443026638
train,2015-403,2,351,18,0.0,0.46190659973828224
train,2015-403,2,351,19,1.0,0.6697305143552189
train,2015-403,2,351,20,0.0,0.5427931377793014
train,2015-403,2,351,21,0.0,0.4422925518091592
train,2015-403,2,351,22,1.0,0.5056863371587004
train,2015-403,2,351,23,1.0,0.6685264075122248
train,2015-403,2,351,24,1.0,0.63711254712169
train,2015-403,2,351,25,0.0,0.5352197032745724
train,2015-403,2,351,26,0.0,0.3210070609579824
train,2015-403,2,351,27,1.0,0.3655608637195691
train,2015-403,2,351,28,1.0,0.8902870498344754
train,2015-403,2,351,29,1.0,0.466098031091792
train,2015-403,2,351,30,0.0,0.016108877908409664
train,2015-403,2,351,31,1.0,0.5383018673097942
train,2015-403,3,352,0,0.0,0.012100141287069644
train,2015-403,3,352,1,1.0,0.4026893957969799
train,2015-403,3,352,2,0.0,0.3063626652790098
train,2015-403,3,352,3,1.0,0.8748219051442715
train,2015-403,3,352,4,0.0,0.22653422830758316
train,2015-403,3,352,5,0.0,0.40294997207807487
train,2015-403,3,352,6,0.0,0.5514485859853075
train,2015-403,3,352,7,0.0,0.8305014451158346
train,2015-403,3,352,8,0.0,0.9705305298523385
train,2015-403,3,352,9,0.0,0.4549646565189893
train,2015-403,3,352,10,1.0,0.31376182523488144
train,2015-403,3,352,11,0.0,0.1597024758353002
train,2015-403,3,352,12,0.0,0.10558910323456194
train,2015-403,3,352,13,0.0,0.4065108072373362
train,2015-403,3,352,14,1.0,0.4872993441875659
train,2015-403,3,352,15,0.0,0.3776065293655765
train,2015-403,4,353,0,0.0,0.30442054615579067
train,2015-403,4,353,1,1.0,0.8175606828253733
train,2015-403,4,353,2,0.0,0.48137328739518176
train,2015-403,4,353,3,0.0,0.5730437564296945
train,2015-403,4,353,4,0.0,0.19221859860203694
train,2015-403,4,353,5,1.0,0.7382766046047652
train,2015-403,4,353,6,1.0,0.9753173339955508
train,2015-403,4,353,7,0.0,0.6558950954288838
train,2015-403,5,354,0,1.0,0.7749919247193984
train,2015-403,5,354,1,1.0,0.8731345364614818
train,2015-403,5,354,2,0.0,0.6424154662187376
train,2015-403,5,354,3,1.0,0.9056412754499524
train,2015-403,6,355,0,1.0,0.6211784774571038
train,2015-403,6,355,1,0.0,0.03036549304134686
train,2015-403,7,356,0,0.0,0.12494748057258624
train,2015-404,1,343,0,0.0,0.3705724376649889
train,2015-404,1,343,1,1.0,0.5412435625503919
train,2015-404,1,343,2,1.0,0.5513285295757557
train,2015-404,1,343,3,1.0,0.5160322453771228
train,2015-404,1,343,4,0.0,0.44742329581813606
train,2015-404,1,343,5,0.0,0.5776338196941476
train,2015-404,1,343,6,0.0,0.42791377929783936
train,2015-404,1,343,7,0.0,0.497864846921085
train,2015-404,1,343,8,0.0,0.41287416625348816
train,2015-404,1,343,9,0.0,0.4765672746122431
train,2015-404,1,343,10,0.0,0.4997368775797683
train,2015-404,1,343,11,1.0,0.531289502592154
train,2015-404,1,343,12,0.0,0.5596249359583912
train,2015-404,1,343,13,1.0,0.5064427807411632
train,2015-404,1,343,14,0.0,0.4734065639827904
train,2015-404,1,343,15,0.0,0.5422617377967502
train,2015-404,1,343,16,1.0,0.6067950953431444
train,2015-404,1,343,17,1.0,0.4649479964941895
train,2015-404,1,343,18,1.0,0.515282158874614
train,2015-404,1,343,19,1.0,0.4900869703345574
train,2015-404,1,343,20,0.0,0.5080881938900365
train,2015-404,1,343,21,0.0,0.45466782259282523
train,2015-404,1,343,22,0.0,0.42628216502382005
train,2015-404,1,343,23,0.0,0.4903644980589462
train,2015-404,1,343,24,0.0,0.39612256931517786
train,2015-404,1,343,25,0.0,0.588573693089684
train,2015-404,1,343,26,0.0,0.5563457080175249
train,2015-404,1,343,27,0.0,0.4773751587674814
train,2015-404,1,343,28,0.0,0.38423703911252555
train,2015-404,1,343,29,1.0,0.4317885913809689
train,2015-404,1,343,30,0.0,0.5394460401653328
train,2015-404,1,343,31,0.0,0.48658732284013945
train,2015-404,2,344,0,0.0,0.4398082257733518
train,2015-404,2,344,1,0.0,0.4267473054810792
train,2015-404,2,344,2,0.0,0.43883102681639474
train,2015-404,2,344,3,1.0,0.5598302113738715
train,2015-404,2,344,4,0.0,0.4437145736501739
train,2015-404,2,344,5,0.0,0.49620294531904124
train,2015-404,2,344,6,1.0,0.4777275959329898
train,2015-404,2,344,7,0.0,0.5609847733040493
train,2015-404,2,344,8,0.0,0.5447059141947538
train,2015-404,2,344,9,0.0,0.6154454286873421
train,2015-404,2,344,10,0.0,0.41124369701534136
train,2015-404,2,344,11,1.0,0.5353126855972873
train,2015-404,2,344,12,1.0,0.5883710175746191
train,2015-404,2,344,13,1.0,0.5560471165521351
train,2015-404,2,344,14,0.0,0.47232271955621447
train,2015-404,2,344,15,1.0,0.5665088002287417
train,2015-404,2,344,16,0.0,0.4127112446452743
train,2015-404,2,344,17,0.0,0.4213383439006186
train,2015-404,2,344,18,0.0,0.41898543569099145
train,2015-404,2,344,19,0.0,0.45280865730405945
train,2015-404,2,344,20,0.0,0.43854228323059025
train,2015-404,2,344,21,0.0,0.5256514105545437
train,2015-404,2,344,22,0.0,0.4503504422112756
train,2015-404,2,344,23,0.0,0.5173760703319705
train,2015-404,2,344,24,1.0,0.4990002166620878
train,2015-404,2,344,25,0.0,0.5497534890052859
train,2015-404,2,344,26,1.0,0.4541098493629055
train,2015-404,2,344,27,1.0,0.5849318099417516
train,2015-404,2,344,28,0.0,0.4267560589975027
train,2015-404,2,344,29,1.0,0.45405682773600836
train,2015-404,2,344,30,1.0,0.4713844031041561
train,2015-404,2,344,31,0.0,0.5464659167515064
train,2015-404,3,345,0,1.0,0.44336708985130974
train,2015-404,3,345,1,0.0,0.5535334484990457
train,2015-404,3,345,2,1.0,0.46458294136722483
train,2015-404,3,345,3,1.0,0.44440805971879455
train,2015-404,3,345,4,0.0,0.4879357259162021
train,2015-404,3,345,5,1.0,0.5012640636017097
train,2015-404,3,345,6,0.0,0.43626700119193573
train,2015-404,3,345,7,1.0,0.5289701102267698
train,2015-404,3,345,8,1.0,0.49203017931145704
train,2015-404,3,345,9,0.0,0.5622108099782049
train,2015-404,3,345,10,0.0,0.5170453846760777
train,2015-404,3,345,11,0.0,0.47188661041494473
train,2015-404,3,345,12,1.0,0.49532550195457675
train,2015-404,3,345,13,1.0,0.5248027818083144
train,2015-404,3,345,14,1.0,0.5982698737388475
train,2015-404,3,345,15,0.0,0.46058379791113324
train,2015-404,4,346,0,1.0,0.5443419124647781
train,2015-404,4,346,1,1.0,0.4229860141418401
train,2015-404,4,346,2,0.0,0.5775620680196173
train,2015-404,4,346,3,0.0,0.5164680256244207
train,2015-404,4,346,4,0.0,0.4930463825399655
train,2015-404,4,346,5,0.0,0.5121395379429532
train,2015-404,4,346,6,0.0,0.5016783221835576
train,2015-404,4,346,7,1.0,0.4087413399303173
train,2015-404,5,347,0,0.0,0.5291289605809736
train,2015-404,5,347,1,0.0,0.44281745514908755
train,2015-404,5,347,2,0.0,0.5723638278526372
train,2015-404,5,347,3,1.0,0.48635173674968063
train,2015-404,6,348,0,0.0,0.5575637457157872
train,2015-404,6,348,1,0.0,0.5159528545386262
train,2015-404,7,349,0,0.0,0.5174218263764353
train,2015-410,2,357,0,0.0,0.501709861078993
train,2015-410,2,357,1,1.0,0.5151166164533604
train,2015-410,2,357,2,0.0,0.7345873909997047
train,2015-410,2,357,3,1.0,0.8615570237710145
train,2015-410,2,357,4,1.0,0.3967831738247309
train,2015-410,2,357,5,1.0,0.3831368577737341
train,2015-410,2,357,6,1.0,0.5092162032748095
train,2015-410,2,357,7,1.0,0.6937600664385406
train,2015-410,2,357,8,1.0,0.7714705672782619
train,2015-410,2,357,9,0.0,0.37235754885699696
train,2015-410,2,357,10,0.0,0.5939347399338977
train,2015-410,2,357,11,0.0,0.37893611767347896
train,2015-410,2,357,12,1.0,0.6701778701402973
train,2015-410,2,357,13,1.0,0.5617910197907576
train,2015-410,2,357,14,1.0,0.6763501841791211
train,2015-410,2,357,15,0.0,0.32333958450334427
train,2015-410,2,357,16,0.0,0.549519874453386
train,2015-410,2,357,17,0.0,0.29701276314175107
train,2015-410,2,357,18,1.0,0.639646722111242
train,2015-410,2,357,19,1.0,0.46325117306223607
train,2015-410,2,357,20,1.0,0.5168827142057143
train,2015-410,2,357,21,0.0,0.42547040181261775
train,2015-410,2,357,22,1.0,0.6073124963348195
train,2015-410,2,357,23,0.0,0.43575828593688865
train,2015-410,3,358,0,0.0,0.09172473253042426
train,2015-410,3,358,1,1.0,0.5963379150783947
train,2015-410,3,358,2,0.0,0.41822195843613064
train,2015-410,3,358,3,1.0,0.7427691372421829
train,2015-410,3,358,4,0.0,0.33694140059685035
train,2015-410,3,358,5,1.0,0.6722640503041657
train,2015-410,3,358,6,0.0,0.5821851735177821
train,2015-410,3,358,7,1.0,0.8499542291404611
train,2015-410,3,358,8,1.0,0.6497693917484022
train,2015-410,3,358,9,1.0,0.7516335804427817
train,2015-410,3,358,10,0.0,0.010639195935557044
train,2015-410,3,358,11,1.0,0.6852756579651716
train,2015-410,3,358,12,0.0,0.10085068162683328
train,2015-410,3,358,13,0.0,0.5825275960534739
train,2015-410,3,358,14,0.0,0.16500784811908462
train,2015-410,3,358,15,1.0,0.9879499058056014
train,2015-410,4,359,0,1.0,0.9906508435970897
train,2015-410,4,359,1,0.0,0.620082403499512
train,2015-410,4,359,2,0.0,0.8767008392859235
train,2015-410,4,359,3,1.0,0.7366168055736261
train,2015-410,4,359,4,1.0,0.7711298325600423
train,2015-410,4,359,5,0.0,0.5041155342024518
train,2015-410,4,359,6,1.0,0.35074499400439346
train,2015-410,4,359,7,0.0,0.032959419547878094
train,2015-410,5,360,0,1.0,0.9609547359369626
train,2015-410,5,360,1,1.0,0.9098037647330413
train,2015-410,5,360,2,1.0,0.6727028803249687
train,2015-410,5,360,3,1.0,0.5111643643399324
train,2015-410,6,361,0,0.0,0.48195392290887695
train,2015-410,6,361,1,1.0,0.6633820000401813
train,2015-410,7,362,0,1.0,0.9377038538005886
train,2015-416,2,369,0,0.0,0.2512561613466539
train,2015-416,2,369,1,0.0,0.4147905302811088
train,2015-416,2,369,2,0.0,0.47246298409906723
train,2015-416,2,369,3,0.0,0.41988739931746316
train,2015-416,2,369,4,0.0,0.4649534874401107
train,2015-416,2,369,5,0.0,0.6753631354310335
train,2015-416,2,369,6,0.0,0.3784660499207161
train,2015-416,2,369,7,0.0,0.259951361268999
train,2015-416,2,369,8,0.0,0.706986927587108
train,2015-416,2,369,9,0.0,0.44145887788729493
train,2015-416,2,369,10,0.0,0.19550624415970425
train,2015-416,2,369,11,0.0,0.4062218445219277
train,2015-416,2,369,12,0.0,0.4722773528719765
train,2015-416,2,369,13,0.0,0.3442645153308544
train,2015-416,2,369,14,1.0,0.5277243113060676
train,2015-416,2,369,15,1.0,0.682329266043165
train,2015-416,2,369,16,0.0,0.4030669459472713
train,2015-416,2,369,17,1.0,0.6966015994348416
train,2015-416,2,369,18,0.0,0.30614530984392085
train,2015-416,2,369,19,1.0,0.35561301875951107
train,2015-416,2,369,20,1.0,0.6882914115614188
train,2015-416,2,369,21,0.0,0.30111603185026864
train,2015-416,2,369,22,0.0,0.3763768302764632
train,2015-416,2,369,23,1.0,0.3315014827166902
train,2015-416,3,370,0,1.0,0.46976585002289817
train,2015-416,3,370,1,1.0,0.41739853802415566
train,2015-416,3,370,2,0.0,0.08246529183430795
train,2015-416,3,370,3,1.0,0.9921204164072146
train,2015-416,3,370,4,1.0,0.1774821022083593
train,2015-416,3,370,5,1.0,0.3767454332764766
train,2015-416,3,370,6,0.0,0.2728646324059672
train,2015-416,3,370,7,1.0,0.7243182288771247
train,2015-416,3,370,8,0.0,0.5434336725686965
train,2015-416,3,370,9,1.0,0.9382686597428929
train,2015-416,3,370,10,0.0,0.3739704581741892
train,2015-416,3,370,11,0.0,0.10742524217859811
train,2015-416,3,370,12,0.0,0.6562398088596969
train,2015-416,3,370,13,1.0,0.3995360497947453
train,2015-416,3,370,14,0.0,0.1893937250545097
train,2015-416,3,370,15,1.0,0.9743129609854099
train,2015-416,4,371,0,0.0,0.0139801320426225
train,2015-416,4,371,1,0.0,0.1347549260052231
train,2015-416,4,371,2,0.0,0.9273058816822125
train,2015-416,4,371,3,0.0,0.15851501387562694
train,2015-416,4,371,4,1.0,0.7499700407965871
train,2015-416,4,371,5,1.0,0.9668214928408627
train,2015-416,4,371,6,0.0,0.25507151197538935
train,2015-416,4,371,7,0.0,0.24162991104178502
train,2015-416,5,372,0,1.0,0.9505985283481307
train,2015-416,5,372,1,0.0,0.15227862489074767
train,2015-416,5,372,2,0.0,0.9391071543619953
train,2015-416,5,372,3,1.0,0.6684980812367547
train,2015-416,6,373,0,1.0,0.9218417423765147
train,2015-416,6,373,1,0.0,0.27147819089095876
train,2015-416,7,374,0,1.0,0.8428927338829514
train,2015-421,2,389,0,1.0,0.6379867350480734
train,2015-421,2,389,1,0.0,0.45859374994807395
train,2015-421,2,389,2,0.0,0.4662032007602687
train,2015-421,2,389,3,1.0,0.6131366113025157
train,2015-421,2,389,4,0.0,0.6859189734266911
train,2015-421,2,389,5,1.0,0.5627107823924226
train,2015-421,2,389,6,1.0,0.5589596861090231
train,2015-421,2,389,7,0.0,0.49336664931667656
train,2015-421,2,389,8,0.0,0.31134891991752667
train,2015-421,2,389,9,0.0,0.39954708187224397
train,2015-421,2,389,10,0.0,0.315931973795185
train,2015-421,2,389,11,0.0,0.4851783647562151
train,2015-421,2,389,12,1.0,0.4189442336489922
train,2015-421,2,389,13,0.0,0.4354047884981328
train,2015-421,2,389,14,0.0,0.35432409678285237
train,2015-421,2,389,15,0.0,0.4633851293910917
train,2015-421,2,389,16,0.0,0.42763342966140006
train,2015-421,2,389,17,1.0,0.8310431285004088
train,2015-421,2,389,18,1.0,0.5678573883494203
train,2015-421,2,389,19,0.0,0.37835250449352614
train,2015-421,2,389,20,1.0,0.5503992025828549
train,2015-421,2,389,21,0.0,0.4389189564468585
train,2015-421,2,389,22,1.0,0.5837360711404016
train,2015-421,2,389,23,1.0,0.5223016191827862
train,2015-421,3,390,0,1.0,0.829600500528774
train,2015-421,3,390,1,0.0,0.723560156981659
train,2015-421,3,390,2,1.0,0.7434025941045133
train,2015-421,3,390,3,0.0,0.7271245230274415
train,2015-421,3,390,4,0.0,0.2484836815295649
train,2015-421,3,390,5,0.0,0.016984448085595728
train,2015-421,3,390,6,1.0,0.391143596410607
train,2015-421,3,390,7,0.0,0.6490841198047242
train,2015-421,3,390,8,0.0,0.4724026583913147
train,2015-421,3,390,9,1.0,0.47389541042744265
train,2015-421,3,390,10,0.0,0.3412669190025153
train,2015-421,3,390,11,1.0,0.21180368901165422
train,2015-421,3,390,12,0.0,0.3853079930586325
train,2015-421,3,390,13,1.0,0.1463576691182265
train,2015-421,3,390,14,0.0,0.011311498074271132
train,2015-421,3,390,15,0.0,0.6856884684223132
train,2015-421,4,391,0,0.0,0.01437364091577848
train,2015-421,4,391,1,0.0,0.38272659571123685
train,2015-421,4,391,2,1.0,0.5266269524768051
train,2015-421,4,391,3,0.0,0.035341047764184896
train,2015-421,4,391,4,0.0,0.26658720274444986
train,2015-421,4,391,5,0.0,0.17921185917713597
train,2015-421,4,391,6,0.0,0.07434305841294798
train,2015-421,4,391,7,0.0,0.46718341928559126
train,2015-421,5,392,0,0.0,0.5924474809004425
train,2015-421,5,392,1,1.0,0.9808787683550588
train,2015-421,5,392,2,0.0,0.9332874852891774
train,2015-421,5,392,3,0.0,0.2796590282399379
train,2015-421,6,393,0,1.0,0.982501523544066
train,2015-421,6,393,1,0.0,0.25207281872277143
train,2015-421,7,394,0,0.0,0.8771311765214393
train,2015-422,2,395,0,0.0,0.6292540199221534
train,2015-422,2,395,1,0.0,0.4527778483409097
train,2015-422,2,395,2,1.0,0.3290926679869001
train,2015-422,2,395,3,1.0,0.3515687061419207
train,2015-422,2,395,4,1.0,0.45798812404448674
train,2015-422,2,395,5,0.0,0.39357536908348223
train,2015-422,2,395,6,1.0,0.5262810236023778
train,2015-422,2,395,7,0.0,0.6335157804910767
train,2015-422,2,395,8,0.0,0.6859326949976461
train,2015-422,2,395,9,1.0,0.6592218551095238
train,2015-422,2,395,10,1.0,0.5520573200057475
train,2015-422,2,395,11,0.0,0.6720542556736129
train,2015-422,2,395,12,1.0,0.5524726013492521
train,2015-422,2,395,13,1.0,0.5873352895211688
train,2015-422,2,395,14,0.0,0.6642998485329148
train,2015-422,2,395,15,1.0,0.6212537835497924
train,2015-422,2,395,16,0.0,0.31691867701489373
train,2015-422,2,395,17,0.0,0.3731925281708947
train,2015-422,2,395,18,0.0,0.36918899597148497
train,2015-422,2,395,19,1.0,0.7008945240122688
train,2015-422,2,395,20,0.0,0.5830315136931832
train,2015-422,2,395,21,1.0,0.6003142479397225
train,2015-422,2,395,22,1.0,0.7138632255997671
train,2015-422,2,395,23,0.0,0.5307593809352733
train,2015-422,3,396,0,1.0,0.9075272428104753
train,2015-422,3,396,1,1.0,0.6260776111301657
train,2015-422,3,396,2,1.0,0.5417027913771894
train,2015-422,3,396,3,1.0,0.966098647096446
train,2015-422,3,396,4,0.0,0.26187826362017963
train,2015-422,3,396,5,0.0,0.29545162025609156
train,2015-422,3,396,6,1.0,0.7333791835666325
train,2015-422,3,396,7,1.0,0.8259458128271623
train,2015-422,3,396,8,0.0,0.37306354189986823
train,2015-422,3,396,9,1.0,0.9468093146872225
train,2015-422,3,396,10,1.0,0.6774199144860386
train,2015-422,3,396,11,1.0,0.6145715833633943
train,2015-422,3,396,12,1.0,0.5599865528557779
train,2015-422,3,396,13,0.0,0.12147767311605996
train,2015-422,3,396,14,1.0,0.3419006244975291
train,2015-422,3,396,15,0.0,0.0132202476075069
train,2015-422,4,397,0,1.0,0.9847132685743446
train,2015-422,4,397,1,0.0,0.17657846469038976
train,2015-422,4,397,2,1.0,0.6828515606610962
train,2015-422,4,397,3,0.0,0.47651082027091357
train,2015-422,4,397,4,0.0,0.14592905873501338
train,2015-422,4,397,5,0.0,0.953865650335957
train,2015-422,4,397,6,1.0,0.8757925892570594
train,2015-422,4,397,7,1.0,0.5951964355052018
train,2015-422,5,398,0,1.0,0.932065021445996
train,2015-422,5,398,1,1.0,0.24671332728965947
train,2015-422,5,398,2,1.0,0.8505484078118023
train,2015-422,5,398,3,0.0,0.1448030186070575
train,2015-422,6,399,0,1.0,0.9797554457336105
train,2015-422,6,399,1,0.0,0.5054989600502556
train,2015-422,7,400,0,1.0,0.16309239431296924
train,2015-5014,2,408,0,1.0,0.5846051905886174
train,2015-5014,2,408,1,0.0,0.4699401863277624
train,2015-5014,2,408,2,1.0,0.571596738913206
train,2015-5014,2,408,3,0.0,0.4853004549497656
train,2015-5014,2,408,4,1.0,0.48358391613195306
train,2015-5014,2,408,5,1.0,0.46263306869169296
train,2015-5014,2,408,6,0.0,0.41978908737428855
train,2015-5014,2,408,7,1.0,0.5734949401090612
train,2015-5014,2,408,8,1.0,0.6411397788822102
train,2015-5014,2,408,9,0.0,0.3722932312717442
train,2015-5014,2,408,10,0.0,0.41779870413188774
train,2015-5014,2,408,11,0.0,0.5168326031122863
train,2015-5014,2,408,12,0.0,0.41271734745769756
train,2015-5014,2,408,13,1.0,0.5413947467736334
train,2015-5014,2,408,14,1.0,0.5590653705882089
train,2015-5014,2,408,15,0.0,0.5161271327076536
train,2015-5014,2,408,16,1.0,0.4902996606156978
train,2015-5014,2,408,17,0.0,0.44035312619623546
train,2015-5014,2,408,18,1.0,0.44496039583623415
train,2015-5014,2,408,19,0.0,0.41282892501940405
train,2015-5014,2,408,20,1.0,0.505159955549932
train,2015-5014,2,408,21,0.0,0.5290099663578511
train,2015-5014,2,408,22,0.0,0.3447681206059628
train,2015-5014,2,408,23,1.0,0.534875269200097
train,2015-5014,3,409,0,0.0,0.500736891706423
train,2015-5014,3,409,1,1.0,0.5764488107771095
train,2015-5014,3,409,2,0.0,0.45517451552287935
train,2015-5014,3,409,3,0.0,0.5353294834727605
train,2015-5014,3,409,4,1.0,0.456242999582203
train,2015-5014,3,409,5,1.0,0.5510394548362398
train,2015-5014,3,409,6,1.0,0.4685112010461441
train,2015-5014,3,409,7,1.0,0.5304400534046775
train,2015-5014,3,409,8,0.0,0.46110939611860685
train,2015-5014,3,409,9,0.0,0.45408527140602506
train,2015-5014,3,409,10,0.0,0.47991650560165067
train,2015-5014,3,409,11,1.0,0.48110452366704937
train,2015-5014,3,409,12,0.0,0.5227589245985239
train,2015-5014,3,409,13,0.0,0.4867065387682278
train,2015-5014,3,409,14,0.0,0.44399544823230647
train,2015-5014,3,409,15,0.0,0.5098667238642086
train,2015-5014,4,410,0,0.0,0.5927854846077049
train,2015-5014,4,410,1,1.0,0.4452606208677159
train,2015-5014,4,410,2,1.0,0.457093938664403
train,2015-5014,4,410,3,1.0,0.46554791019142544
train,2015-5014,4,410,4,1.0,0.45603974014464965
train,2015-5014,4,410,5,1.0,0.5353912472095569
train,2015-5014,4,410,6,0.0,0.44546057107277903
train,2015-5014,4,410,7,0.0,0.5749116935515947
train,2015-5014,5,411,0,1.0,0.4692399452465344
train,2015-5014,5,411,1,1.0,0.4580156983305704
train,2015-5014,5,411,2,0.0,0.5327897146051555
train,2015-5014,5,411,3,1.0,0.4834935787665556
train,2015-5014,6,412,0,1.0,0.47542058516783336
train,2015-5014,6,412,1,0.0,0.447144991709474
train,2015-5014,7,413,0,0.0,0.5696161593821402
train,2015-520,1,375,0,1.0,0.9451621546411471
train,2015-520,1,375,1,0.0,0.70749437121398
train,2015-520,1,375,2,1.0,0.6231470213497324
train,2015-520,1,375,3,0.0,0.41733438684756363
train,2015-520,1,375,4,1.0,0.6862033234112508
train,2015-520,1,375,5,0.0,0.5508011120359739
train,2015-520,1,375,6,0.0,0.24902366187108307
train,2015-520,1,375,7,0.0,0.42258510827329065
train,2015-520,1,375,8,0.0,0.3566716120981256
train,2015-520,1,375,9,1.0,0.5320075079329971
train,2015-520,1,375,10,1.0,0.6385785599965306
train,2015-520,1,375,11,0.0,0.38572810806325536
train,2015-520,1,375,12,0.0,0.5468723618241518
train,2015-520,1,375,13,0.0,0.041133210900962655
train,2015-520,1,375,14,0.0,0.00842307607809746
train,2015-520,1,375,15,1.0,0.5660325513112
train,2015-520,1,375,16,1.0,0.540060043065584
train,2015-520,1,375,17,1.0,0.5405455725507742
train,2015-520,1,375,18,1.0,0.7355203503138119
train,2015-520,1,375,19,1.0,0.34699474700520283
train,2015-520,1,375,20,1.0,0.4597166679472638
train,2015-520,1,375,21,1.0,0.29979260231457144
train,2015-520,1,375,22,0.0,0.30591730164826625
train,2015-520,1,375,23,1.0,0.5583512241737054
train,2015-520,1,375,24,1.0,0.5907740473535383
train,2015-520,1,375,25,0.0,0.20446245880505878
train,2015-520,1,375,26,1.0,0.606023264325893
train,2015-520,1,375,27,0.0,0.3762735033897404
train,2015-520,1,375,28,1.0,0.5372577010287991
train,2015-520,1,375,29,1.0,0.9872981202727731
train,2015-520,1,375,30,0.0,0.3354974905790813
train,2015-520,1,375,31,0.0,0.4392588392682744
train,2015-520,1,375,32,0.0,0.4017509169545597
train,2015-520,1,375,33,0.0,0.5753856904595124
train,2015-520,1,375,34,1.0,0.8193349718481895
train,2015-520,1,375,35,0.0,0.45348697000091076
train,2015-520,1,375,36,0.0,0.43392246357476466
train,2015-520,1,375,37,0.0,0.09462150805822753
train,2015-520,1,375,38,1.0,0.4971489915613511
train,2015-520,1,375,39,1.0,0.7363415721125154
train,2015-520,1,375,40,0.0,0.28213874562172625
train,2015-520,1,375,41,0.0,0.32941477921463486
train,2015-520,1,375,42,1.0,0.6336655587524683
train,2015-520,1,375,43,1.0,0.6762365916601816
train,2015-520,1,375,44,0.0,0.5829579617349753
train,2015-520,1,375,45,0.0,0.4351029963445229
train,2015-520,1,375,46,1.0,0.5698003456361794
train,2015-520,1,375,47,1.0,0.8927009462569205
train,2015-520,1,375,48,1.0,0.919487750537101
train,2015-520,1,375,49,0.0,0.4586606532342743
train,2015-520,1,375,50,1.0,0.6404340015875942
train,2015-520,1,375,51,1.0,0.7507141006071185
train,2015-520,1,375,52,0.0,0.47416358054627866
train,2015-520,1,375,53,1.0,0.5978183105195124
train,2015-520,1,375,54,0.0,0.18174494031931598
train,2015-520,1,375,55,1.0,0.5698704554991801
train,2015-520,1,375,56,0.0,0.33873322621987234
train,2015-520,1,375,57,1.0,0.6441481737006232
train,2015-520,1,375,58,1.0,0.6391441983934597
train,2015-520,1,375,59,1.0,0.8783725020112835
train,2015-520,1,375,60,0.0,0.5567915968093989
train,2015-520,1,375,61,0.0,0.4577539135593007
train,2015-520,1,375,62,0.0,0.2497368029889917
train,2015-520,1,375,63,1.0,0.308578153058463
train,2015-520,2,376,0,1.0,0.36349449196624256
train,2015-520,2,376,1,1.0,0.3842416945507738
train,2015-520,2,376,2,0.0,0.6051617963205246
train,2015-520,2,376,3,0.0,0.15865550978361945
train,2015-520,2,376,4,0.0,0.7431123778633366
train,2015-520,2,376,5,1.0,0.3414527237033465
train,2015-520,2,376,6,1.0,0.40727447753514323
train,2015-520,2,376,7,1.0,0.8655177142278885
train,2015-520,2,376,8,0.0,0.5173170301376502
train,2015-520,2,376,9,1.0,0.34006466343061403
train,2015-520,2,376,10,1.0,0.6450182687477827
train,2015-520,2,376,11,0.0,0.21888133686975933
train,2015-520,2,376,12,0.0,0.19561749687936847
train,2015-520,2,376,13,0.0,0.11615053645414414
train,2015-520,2,376,14,1.0,0.7333528635476412
train,2015-520,2,376,15,0.0,0.4812631280103979
train,2015-520,2,376,16,1.0,0.8043366536163851
train,2015-520,2,376,17,0.0,0.6090552868303241
train,2015-520,2,376,18,0.0,0.4722830333315505
train,2015-520,2,376,19,1.0,0.7089104365963076
train,2015-520,2,376,20,0.0,0.06865340613730672
train,2015-520,2,376,21,0.0,0.03090310430254623
train,2015-520,2,376,22,1.0,0.4225032856601842
train,2015-520,2,376,23,0.0,0.7369345509408276
train,2015-520,2,376,24,0.0,0.38607289011664586
train,2015-520,2,376,25,1.0,0.6438677781092873
train,2015-520,2,376,26,0.0,0.6227792099639353
train,2015-520,2,376,27,1.0,0.49364632145798704
train,2015-520,2,376,28,0.0,0.5487002363312676
train,2015-520,2,376,29,0.0,0.08130459638560494
train,2015-520,2,376,30,1.0,0.9902471474519118
train,2015-520,2,376,31,1.0,0.7623060348070396
train,2015-520,3,377,0,1.0,0.685410764131606
train,2015-520,3,377,1,0.0,0.45950639050213754
train,2015-520,3,377,2,0.0,0.053354404784685026
train,2015-520,3,377,3,0.0,0.27029454562916627
train,2015-520,3,377,4,0.0,0.1539117517402207
train,2015-520,3,377,5,0.0,0.1535604533148374
train,2015-520,3,377,6,1.0,0.782828313607833
train,2015-520,3,377,7,1.0,0.5157285406244684
train,2015-520,3,377,8,0.0,0.18620201877446405
train,2015-520,3,377,9,0.0,0.14241943420562136
train,2015-520,3,377,10,1.0,0.6634605157227885
train,2015-520,3,377,11,0.0,0.4435758900727938
train,2015-520,3,377,12,1.0,0.8720099043159643
train,2015-520,3,377,13,1.0,0.9856261938939106
train,2015-520,3,377,14,1.0,0.5796398212558302
train,2015-520,3,377,15,0.0,0.011381695744475848
train,2015-520,4,378,0,1.0,0.8518746779486716
train,2015-520,4,378,1,0.0,0.30473367686716635
train,2015-520,4,378,2,1.0,0.4119298742252519
train,2015-520,4,378,3,1.0,0.7856878193619101
train,2015-520,4,378,4,0.0,0.3052314982702302
train,2015-520,4,378,5,1.0,0.8792310004702366
train,2015-520,4,378,6,0.0,0.022276176749886734
train,2015-520,4,378,7,0.0,0.0273082713458212
train,2015-520,5,379,0,0.0,0.7477393720220293
train,2015-520,5,379,1,0.0,0.4593839049879521
train,2015-520,5,379,2,0.0,0.3573646976896755
train,2015-520,5,379,3,1.0,0.5875358392982066
train,2015-520,6,380,0,1.0,0.5354829583619848
train,2015-520,6,380,1,0.0,0.11109894574625953
train,2015-520,7,381,0,0.0,0.9461261475353231
train,2015-540,1,382,0,0.0,0.48460061934505305
train,2015-540,1,382,1,1.0,0.6190929644219317
train,2015-540,1,382,2,0.0,0.19866565681609008
train,2015-540,1,382,3,1.0,0.5817063156356577
train,2015-540,1,382,4,0.0,0.4473029691195429
train,2015-540,1,382,5,0.0,0.2412156551321312
train,2015-540,1,382,6,1.0,0.9517046663151726
train,2015-540,1,382,7,0.0,0.6466962147118392
train,2015-540,1,382,8,0.0,0.44054211538987836
train,2015-540,1,382,9,0.0,0.7936861931543345
train,2015-540,1,382,10,1.0,0.59707154893004
train,2015-540,1,382,11,1.0,0.6874638179477165
train,2015-540,1,382,12,1.0,0.47752591610851797
train,2015-540,1,382,13,0.0,0.10613338414553254
train,2015-540,1,382,14,1.0,0.7793623306791656
train,2015-540,1,382,15,0.0,0.3368173482587777
train,2015-540,1,382,16,0.0,0.36792752193571615
train,2015-540,1,382,17,0.0,0.5640249052681454
train,2015-540,1,382,18,1.0,0.7518888487063256
train,2015-540,1,382,19,0.0,0.4746994406198362
train,2015-540,1,382,20,1.0,0.5037506622313289
train,2015-540,1,382,21,0.0,0.1852111024112926
train,2015-540,1,382,22,1.0,0.7308406476070152
train,2015-540,1,382,23,0.0,0.6398310738552028
train,2015-540,1,382,24,0.0,0.46889816150857755
train,2015-540,1,382,25,1.0,0.5771864096308769
train,2015-540,1,382,26,1.0,0.5642432639849722
train,2015-540,1,382,27,0.0,0.45471527718047283
train,2015-540,1,382,28,0.0,0.49703723924022786
train,2015-540,1,382,29,0.0,0.021137523620303578
train,2015-540,1,382,30,0.0,0.6366202140023481
train,2015-540,1,382,31,1.0,0.5385554981854476
train,2015-540,1,382,32,0.0,0.3834032397140481
train,2015-540,1,382,33,1.0,0.7321063409586934
train,2015-540,1,382,34,0.0,0.5357380461142697
train,2015-540,1,382,35,0.0,0.6330475677884106
train,2015-540,1,382,36,0.0,0.31197545037652746
train,2015-540,1,382,37,0.0,0.5962622341064869
train,2015-540,1,382,38,0.0,0.5396926823008205
train,2015-540,1,382,39,1.0,0.7028035448033174
train,2015-540,1,382,40,1.0,0.5464736471018659
train,2015-540,1,382,41,1.0,0.6803192256435531
train,2015-540,1,382,42,0.0,0.43668991640768456
train,2015-540,1,382,43,0.0,0.2443561390686668
train,2015-540,1,382,44,0.0,0.525516932049686
train,2015-540,1,382,45,1.0,0.36475711118563936
train,2015-540,1,382,46,1.0,0.5729750912437297
train,2015-540,1,382,47,0.0,0.20557856659358467
train,2015-540,1,382,48,1.0,0.6185527167284415
train,2015-540,1,382,49,1.0,0.507699404210235
train,2015-540,1,382,50,0.0,0.0724773810612383
train,2015-540,1,382,51,1.0,0.535563702704712
train,2015-540,1,382,52,0.0,0.3429970900203542
train,2015-540,1,382,53,1.0,0.6921285327461377
train,2015-540,1,382,54,0.0,0.6680827368750024
train,2015-540,1,382,55,1.0,0.42700699330825304
train,2015-540,1,382,56,1.0,0.6476341297973401
train,2015-540,1,382,57,1.0,0.8379804057703725
train,2015-540,1,382,58,1.0,0.48771007255296794
train,2015-540,1,382,59,1.0,0.7117986120796725
train,2015-540,1,382,60,1.0,0.6485537909243237
train,2015-540,1,382,61,1.0,0.7585080634675914
train,2015-540,1,382,62,0.0,0.5095949615848673
train,2015-540,1,382,63,1.0,0.9798257779918834
train,2015-540,2,383,0,0.0,0.9853104280398827
train,2015-540,2,383,1,0.0,0.16576870002736346
train,2015-540,2,383,2,0.0,0.604719324224867
train,2015-540,2,383,3,1.0,0.6485754509692739
train,2015-540,2,383,4,1.0,0.9336560792109844
train,2015-540,2,383,5,0.0,0.7763845499168729
train,2015-540,2,383,6,1.0,0.5468346727820084
train,2015-540,2,383,7,0.0,0.292723541562391
train,2015-540,2,383,8,0.0,0.2819504462192417
train,2015-540,2,383,9,0.0,0.3821661770426276
train,2015-540,2,383,10,1.0,0.5680639473637094
train,2015-540,2,383,11,1.0,0.8661168056765635
train,2015-540,2,383,12,1.0,0.3551047692093205
train,2015-540,2,383,13,0.0,0.43936694191443715
train,2015-540,2,383,14,1.0,0.5787244114292774
train,2015-540,2,383,15,1.0,0.5286060451132228
train,2015-540,2,383,16,1.0,0.759370485285612
train,2015-540,2,383,17,1.0,0.7408235776392837
train,2015-540,2,383,18,0.0,0.31476167188161985
train,2015-540,2,383,19,1.0,0.673078967927633
train,2015-540,2,383,20,0.0,0.351851750056091
train,2015-540,2,383,21,1.0,0.8933791738196025
train,2015-540,2,383,22,1.0,0.20958551395670286
train,2015-540,2,383,23,0.0,0.2597374373709201
train,2015-540,2,383,24,0.0,0.2329363403372719
train,2015-540,2,383,25,0.0,0.2512063018744539
train,2015-540,2,383,26,1.0,0.501250595337617
train,2015-540,2,383,27,0.0,0.5537293989291983
train,2015-540,2,383,28,0.0,0.4883682486905389
train,2015-540,2,383,29,1.0,0.6076193012600057
train,2015-540,2,383,30,1.0,0.9192392207643386
train,2015-540,2,383,31,1.0,0.9880194530993065
train,2015-540,3,384,0,0.0,0.8093706007716153
train,2015-540,3,384,1,1.0,0.9899514164638468
train,2015-540,3,384,2,1.0,0.9599862793795635
train,2015-540,3,384,3,1.0,0.7183959519717555
train,2015-540,3,384,4,0.0,0.5371642640878357
train,2015-540,3,384,5,0.0,0.16894236228766885
train,2015-540,3,384,6,0.0,0.12814894686128636
train,2015-540,3,384,7,1.0,0.5420314360401505
train,2015-540,3,384,8,0.0,0.40896536611428486
train,2015-540,3,384,9,1.0,0.4260467500576654
train,2015-540,3,384,10,1.0,0.4594445770116588
train,2015-540,3,384,11,1.0,0.48955871262192024
train,2015-540,3,384,12,1.0,0.739794018176421
train,2015-540,3,384,13,1.0,0.38418531344802737
train,2015-540,3,384,14,0.0,0.4624557696263858
train,2015-540,3,384,15,0.0,0.38084922581405817
train,2015-540,4,385,0,0.0,0.09341924812217894
train,2015-540,4,385,1,1.0,0.2923340627032921
train,2015-540,4,385,2,0.0,0.08718295232252243
train,2015-540,4,385,3,1.0,0.4587697689506115
train,2015-540,4,385,4,0.0,0.40642769986509625
train,2015-540,4,385,5,0.0,0.14248404815944815
train,2015-540,4,385,6,1.0,0.7871616660474727
train,2015-540,4,385,7,1.0,0.9745870275207431
train,2015-540,5,386,0,0.0,0.14127613433937825
train,2015-540,5,386,1,1.0,0.918586044197055
train,2015-540,5,386,2,0.0,0.7353968542678122
train,2015-540,5,386,3,1.0,0.9711461757412811
train,2015-540,6,387,0,0.0,0.43810562210334153
train,2015-540,6,387,1,1.0,0.9706315345601432
train,2015-540,7,388,0,0.0,0.15991020926017008
train,2015-560,1,401,0,1.0,0.5810142183667351
train,2015-560,1,401,1,0.0,0.597994775711073
train,2015-560,1,401,2,0.0,0.27149586183978014
train,2015-560,1,401,3,1.0,0.776459390666841
train,2015-560,1,401,4,1.0,0.4764439706902837
train,2015-560,1,401,5,1.0,0.4623685185628052
train,2015-560,1,401,6,0.0,0.21529217133404577
train,2015-560,1,401,7,1.0,0.23015748751167886
train,2015-560,1,401,8,1.0,0.6031068631920681
train,2015-560,1,401,9,1.0,0.6191450689729674
train,2015-560,1,401,10,1.0,0.8067508873411031
train,2015-560,1,401,11,0.0,0.2597560458782979
train,2015-560,1,401,12,1.0,0.2934799886672606
train,2015-560,1,401,13,1.0,0.3492818027254535
train,2015-560,1,401,14,0.0,0.7726781570679309
train,2015-560,1,401,15,1.0,0.979628911056633
train,2015-560,1,401,16,0.0,0.0534914959859472
train,2015-560,1,401,17,0.0,0.4755031340053048
train,2015-560,1,401,18,1.0,0.6548828326301
train,2015-560,1,401,19,0.0,0.20035680270250245
train,2015-560,1,401,20,0.0,0.3603397977867768
train,2015-560,1,401,21,0.0,0.3966921883871503
train,2015-560,1,401,22,0.0,0.25726777666776923
train,2015-560,1,401,23,0.0,0.439006629669284
train,2015-560,1,401,24,0.0,0.5366216932475326
train,2015-560,1,401,25,1.0,0.39519212580207586
train,2015-560,1,401,26,1.0,0.6863962740299099
train,2015-560,1,401,27,0.0,0.24797383888888666
train,2015-560,1,401,28,0.0,0.5242011968452632
train,2015-560,1,401,29,0.0,0.580057677420738
train,2015-560,1,401,30,0.0,0.005386170897670311
train,2015-560,1,401,31,0.0,0.5365618633139501
train,2015-560,1,401,32,1.0,0.46393366705272854
train,2015-560,1,401,33,1.0,0.5542225642071067
train,2015-560,1,401,34,1.0,0.8705685157678734
train,2015-560,1,401,35,1.0,0.9036642604265683
train,2015-560,1,401,36,0.0,0.36733193392074565
train,2015-560,1,401,37,1.0,0.7250520583352291
train,2015-560,1,401,38,1.0,0.6284685273833968
train,2015-560,1,401,39,1.0,0.5327517756525378
train,2015-560,1,401,40,0.0,0.26242622671037036
train,2015-560,1,401,41,1.0,0.7255748116812842
train,2015-560,1,401,42,0.0,0.2548732580145288
train,2015-560,1,401,43,1.0,0.6212340637441041
train,2015-560,1,401,44,0.0,0.4337965137347571
train,2015-560,1,401,45,1.0,0.512561914974441
train,2015-560,1,401,46,1.0,0.4034783750216565
train,2015-560,1,401,47,0.0,0.37352761533751544
train,2015-560,1,401,48,1.0,0.9062026124902695
train,2015-560,1,401,49,0.0,0.508262808725627
train,2015-560,1,401,50,1.0,0.6473826932322714
train,2015-560,1,401,51,1.0,0.4591723926191496
train,2015-560,1,401,52,1.0,0.8919395380270839
train,2015-560,1,401,53,0.0,0.5872390753858516
train,2015-560,1,401,54,0.0,0.41630281604337654
train,2015-560,1,401,55,0.0,0.3341598003926746
train,2015-560,1,401,56,1.0,0.3131258791453975
train,2015-560,1,401,57,1.0,0.31117444285938706
train,2015-560,1,401,58,0.0,0.5470650289408369
train,2015-560,1,401,59,0.0,0.6556771290550066
train,2015-560,1,401,60,1.0,0.5188828163242685
train,2015-560,1,401,61,1.0,0.5944199099047994
train,2015-560,1,401,62,0.0,0.599810399584253
train,2015-560,1,401,63,1.0,0.7778194933684832
train,2015-560,2,402,0,0.0,0.3585822009934265
train,2015-560,2,402,1,0.0,0.41541786916512463
train,2015-560,2,402,2,0.0,0.2346889391507412
train,2015-560,2,402,3,0.0,0.4353512282993497
train,2015-560,2,402,4,1.0,0.9444810114942485
train,2015-560,2,402,5,0.0,0.62366435815096
train,2015-560,2,402,6,1.0,0.568364936427882
train,2015-560,2,402,7,0.0,0.4957895414681376
train,2015-560,2,402,8,0.0,0.25125145889401884
train,2015-560,2,402,9,0.0,0.43327835911513035
train,2015-560,2,402,10,0.0,0.38012964524822723
train,2015-560,2,402,11,0.0,0.18375140494743522
train,2015-560,2,402,12,0.0,0.634330619968373
train,2015-560,2,402,13,0.0,0.3470368229972793
train,2015-560,2,402,14,1.0,0.8764562360400858
train,2015-560,2,402,15,0.0,0.40707793306111684
train,2015-560,2,402,16,1.0,0.2749630509332229
train,2015-560,2,402,17,0.0,0.22696979472786702
train,2015-560,2,402,18,1.0,0.550706272359718
train,2015-560,2,402,19,1.0,0.7847727044137084
train,2015-560,2,402,20,0.0,0.26766852051137235
train,2015-560,2,402,21,0.0,0.39106849358192636
train,2015-560,2,402,22,1.0,0.9838720852900616
train,2015-560,2,402,23,0.0,0.3671526226496429
train,2015-560,2,402,24,1.0,0.7233108848406172
train,2015-560,2,402,25,1.0,0.47399459980489994
train,2015-560,2,402,26,0.0,0.37320904694441226
train,2015-560,2,402,27,0.0,0.3561360653286475
train,2015-560,2,402,28,0.0,0.08921043655193614
train,2015-560,2,402,29,1.0,0.9642885267733053
train,2015-560,2,402,30,0.0,0.3842800251317267
train,2015-560,2,402,31,0.0,0.008347959729755947
train,2015-560,3,403,0,0.0,0.061641595141796776
train,2015-560,3,403,1,1.0,0.5215694911848641
train,2015-560,3,403,2,1.0,0.9200795292729145
train,2015-560,3,403,3,0.0,0.30126961699596944
train,2015-560,3,403,4,0.0,0.27644444926964945
train,2015-560,3,403,5,1.0,0.8112567019538818
train,2015-560,3,403,6,0.0,0.38888137306306714
train,2015-560,3,403,7,0.0,0.4951016356504741
train,2015-560,3,403,8,0.0,0.10206643855868508
train,2015-560,3,403,9,1.0,0.24538084033009078
train,2015-560,3,403,10,1.0,0.7058897096957043
train,2015-560,3,403,11,1.0,0.8271931486888693
train,2015-560,3,403,12,1.0,0.3513213067951212
train,2015-560,3,403,13,0.0,0.9599989529063936
train,2015-560,3,403,14,1.0,0.5271011121963932
train,2015-560,3,403,15,0.0,0.019841946056777186
train,2015-560,4,404,0,1.0,0.9076361695143592
train,2015-560,4,404,1,1.0,0.3542469656823938
train,2015-560,4,404,2,0.0,0.877119976320306
train,2015-560,4,404,3,0.0,0.16893945647173972
train,2015-560,4,404,4,1.0,0.6007641199223754
train,2015-560,4,404,5,1.0,0.7703501226376189
train,2015-560,4,404,6,1.0,0.5561203571783246
train,2015-560,4,404,7,1.0,0.9817461176045612
train,2015-560,5,405,0,0.0,0.12196233366678702
train,2015-560,5,405,1,1.0,0.7064039322545347
train,2015-560,5,405,2,0.0,0.6196250251018678
train,2015-560,5,405,3,0.0,0.031766354815859016
train,2015-560,6,406,0,0.0,0.21930955504779276
train,2015-560,6,406,1,0.0,0.030688799345877198
train,2015-560,7,407,0,1.0,0.7864099641436976
train,2015-580,1,336,0,0.0,0.577929050744893
train,2015-580,1,336,1,0.0,0.6120650167479266
train,2015-580,1,336,2,1.0,0.6756733800872583
train,2015-580,1,336,3,0.0,0.3008816523700013
train,2015-580,1,336,4,0.0,0.38444279522862906
train,2015-580,1,336,5,1.0,0.5196718537751475
train,2015-580,1,336,6,0.0,0.13205767748236255
train,2015-580,1,336,7,1.0,0.36229014447628183
train,2015-580,1,336,8,0.0,0.35547475768585446
train,2015-580,1,336,9,1.0,0.3689097244069751
train,2015-580,1,336,10,0.0,0.6579354484425812
train,2015-580,1,336,11,1.0,0.4255460780121831
train,2015-580,1,336,12,0.0,0.42742907570014976
train,2015-580,1,336,13,1.0,0.38949562427977885
train,2015-580,1,336,14,0.0,0.09939330504814972
train,2015-580,1,336,15,0.0,0.18199340561078653
train,2015-580,1,336,16,1.0,0.6194126114693385
train,2015-580,1,336,17,0.0,0.32562390599816005
train,2015-580,1,336,18,1.0,0.35371832225433253
train,2015-580,1,336,19,1.0,0.9473188907158429
train,2015-580,1,336,20,0.0,0.30775484234869477
train,2015-580,1,336,21,1.0,0.5858030069634325
train,2015-580,1,336,22,1.0,0.7632896521308494
train,2015-580,1,336,23,1.0,0.5521436366593911
train,2015-580,1,336,24,0.0,0.49963558374570705
train,2015-580,1,336,25,0.0,0.4314580008370036
train,2015-580,1,336,26,1.0,0.7338387831059994
train,2015-580,1,336,27,0.0,0.2502205564668434
train,2015-580,1,336,28,1.0,0.5528885526271952
train,2015-580,1,336,29,0.0,0.5166288682083501
train,2015-580,1,336,30,1.0,0.9898415224741433
train,2015-580,1,336,31,0.0,0.40224364752985065
train,2015-580,1,336,32,0.0,0.3131970590662863
train,2015-580,1,336,33,1.0,0.7295909096316685
train,2015-580,1,336,34,0.0,0.171558042031689
train,2015-580,1,336,35,0.0,0.35321543353655543
train,2015-580,1,336,36,0.0,0.42945032238412
train,2015-580,1,336,37,1.0,0.7421064028211531
train,2015-580,1,336,38,1.0,0.6702370819867634
train,2015-580,1,336,39,0.0,0.38485737305001044
train,2015-580,1,336,40,0.0,0.5777548326566767
train,2015-580,1,336,41,1.0,0.7303581546548094
train,2015-580,1,336,42,0.0,0.42760398500699204
train,2015-580,1,336,43,1.0,0.5578993450224081
train,2015-580,1,336,44,0.0,0.4474451601390017
train,2015-580,1,336,45,1.0,0.6104331596924044
train,2015-580,1,336,46,0.0,0.39284582664369694
train,2015-580,1,336,47,1.0,0.6566073295119508
train,2015-580,1,336,48,1.0,0.9447037419128664
train,2015-580,1,336,49,0.0,0.7452276919435132
train,2015-580,1,336,50,1.0,0.5863322396076802
train,2015-580,1,336,51,0.0,0.32643312047534995
train,2015-580,1,336,52,1.0,0.9749549521156042
train,2015-580,1,336,53,0.0,0.4327173669842409
train,2015-580,1,336,54,0.0,0.3010304926118903
train,2015-580,1,336,55,1.0,0.6866677673487135
train,2015-580,1,336,56,0.0,0.44159963073899877
train,2015-580,1,336,57,0.0,0.4656876913207176
train,2015-580,1,336,58,0.0,0.2605589675769769
train,2015-580,1,336,59,1.0,0.4646937951908727
train,2015-580,1,336,60,1.0,0.7534035087653428
train,2015-580,1,336,61,0.0,0.4398813798505012
train,2015-580,1,336,62,0.0,0.4842812048305105
train,2015-580,1,336,63,1.0,0.2370240520986053
train,2015-580,2,337,0,1.0,0.4833739002824144
train,2015-580,2,337,1,0.0,0.3024419038230882
train,2015-580,2,337,2,1.0,0.7975944670088793
train,2015-580,2,337,3,0.0,0.5587089521205878
train,2015-580,2,337,4,0.0,0.00934496720020518
train,2015-580,2,337,5,0.0,0.4184079476221823
train,2015-580,2,337,6,0.0,0.5647326896464115
train,2015-580,2,337,7,0.0,0.2511099876671842
train,2015-580,2,337,8,0.0,0.5810145288277534
train,2015-580,2,337,9,1.0,0.3109140768872298
train,2015-580,2,337,10,1.0,0.5527261229448498
train,2015-580,2,337,11,1.0,0.8966669443171909
train,2015-580,2,337,12,1.0,0.46219121783061057
train,2015-580,2,337,13,0.0,0.41633647129814305
train,2015-580,2,337,14,1.0,0.7455869679705407
train,2015-580,2,337,15,1.0,0.40721515748363235
train,2015-580,2,337,16,1.0,0.6347528355481465
train,2015-580,2,337,17,1.0,0.8767287863300675
train,2015-580,2,337,18,0.0,0.5045732441453185
train,2015-580,2,337,19,0.0,0.43854205893458165
train,2015-580,2,337,20,1.0,0.630074509016333
train,2015-580,2,337,21,0.0,0.12004407880358638
train,2015-580,2,337,22,0.0,0.23428435797784528
train,2015-580,2,337,23,0.0,0.5875807846045149
train,2015-580,2,337,24,0.0,0.6248928484617721
train,2015-580,2,337,25,1.0,0.6939981117679745
train,2015-580,2,337,26,1.0,0.363805912569968
train,2015-580,2,337,27,0.0,0.2783531050340054
train,2015-580,2,337,28,1.0,0.7786850631103661
train,2015-580,2,337,29,0.0,0.0445473462123629
train,2015-580,2,337,30,1.0,0.7696253300839196
train,2015-580,2,337,31,1.0,0.985706092011785
train,2015-580,3,338,0,1.0,0.7268122286929212
train,2015-580,3,338,1,1.0,0.3213008448427433
train,2015-580,3,338,2,1.0,0.07737041040491323
train,2015-580,3,338,3,1.0,0.6404283041796903
train,2015-580,3,338,4,1.0,0.644774251767524
train,2015-580,3,338,5,0.0,0.0835817377683705
train,2015-580,3,338,6,1.0,0.990237844262465
train,2015-580,3,338,7,1.0,0.414813730657868
train,2015-580,3,338,8,0.0,0.3932422281397222
train,2015-580,3,338,9,0.0,0.2039075270523778
train,2015-580,3,338,10,1.0,0.8177286697782032
train,2015-580,3,338,11,0.0,0.4613786477989326
train,2015-580,3,338,12,1.0,0.8088048600690424
train,2015-580,3,338,13,1.0,0.7526739345611427
train,2015-580,3,338,14,1.0,0.6277982174324711
train,2015-580,3,338,15,1.0,0.9649888303396487
train,2015-580,4,339,0,0.0,0.5990927393107994
train,2015-580,4,339,1,0.0,0.21589650377358446
train,2015-580,4,339,2,0.0,0.026441311374219147
train,2015-580,4,339,3,1.0,0.8195612035187256
train,2015-580,4,339,4,0.0,0.6294239927144545
train,2015-580,4,339,5,0.0,0.19454094650288456
train,2015-580,4,339,6,0.0,0.4510628249663106
train,2015-580,4,339,7,0.0,0.014564729628581559
train,2015-580,5,340,0,0.0,0.13717333203781856
train,2015-580,5,340,1,1.0,0.05758568972739881
train,2015-580,5,340,2,1.0,0.538132492812381
train,2015-580,5,340,3,1.0,0.9563231532934394
train,2015-580,6,341,0,0.0,0.39044366149607646
train,2015-580,6,341,1,0.0,0.07858614165022118
train,2015-580,7,342,0,0.0,0.12679339369106063
val,2016-0352,2,498,0,1.0,0.45276536234984865
val,2016-0352,2,498,1,0.0,0.2580942658771173
val,2016-0352,2,498,2,1.0,0.7280954152760812
val,2016-0352,2,498,3,1.0,0.6589751110574078
val,2016-0352,2,498,4,0.0,0.5936796004061391
val,2016-0352,2,498,5,0.0,0.644049041986623
val,2016-0352,2,498,6,0.0,0.5871696352685652
val,2016-0352,2,498,7,0.0,0.4031571889633572
val,2016-0352,2,498,8,1.0,0.469286132680304
val,2016-0352,2,498,9,1.0,0.5898085161989157
val,2016-0352,2,498,10,0.0,0.4501300343629136
val,2016-0352,2,498,11,0.0,0.48782520649502537
val,2016-0352,2,498,12,1.0,0.7265644044015435
val,2016-0352,2,498,13,1.0,0.4407502973439905
val,2016-0352,2,498,14,1.0,0.6274136881674175
val,2016-0352,2,498,15,1.0,0.6055731474845578
val,2016-0352,3,499,0,0.0,0.6617185960885253
val,2016-0352,3,499,1,1.0,0.09509623791876017
val,2016-0352,3,499,2,1.0,0.6140300608290278
val,2016-0352,3,499,3,1.0,0.7013510225228944
val,2016-0352,3,499,4,0.0,0.3629523235765891
val,2016-0352,3,499,5,0.0,0.00939686373123744
val,2016-0352,3,499,6,1.0,0.7181059697069626
val,2016-0352,3,499,7,1.0,0.44748769569894
val,2016-0352,3,499,8,1.0,0.7692188549258039
val,2016-0352,3,499,9,1.0,0.7872286395104907
val,2016-0352,3,499,10,0.0,0.4397610408279986
val,2016-0352,3,499,11,1.0,0.826626260930937
val,2016-0352,3,499,12,0.0,0.4274267170053098
val,2016-0352,3,499,13,0.0,0.2326660900011448
val,2016-0352,3,499,14,0.0,0.09606811823032362
val,2016-0352,3,499,15,0.0,0.5749530566957732
val,2016-0352,4,500,0,0.0,0.06666798952672442
val,2016-0352,4,500,1,1.0,0.6568989476711714
val,2016-0352,4,500,2,0.0,0.26889809497317135
val,2016-0352,4,500,3,1.0,0.49436573613731255
val,2016-0352,4,500,4,1.0,0.7246256630178457
val,2016-0352,4,500,5,0.0,0.3826902089297428
val,2016-0352,4,500,6,0.0,0.024699590795893695
val,2016-0352,4,500,7,1.0,0.33690327083258775
val,2016-0352,5,501,0,1.0,0.8344372107872542
val,2016-0352,5,501,1,0.0,0.610122280714615
val,2016-0352,5,501,2,1.0,0.5760625666395991
val,2016-0352,5,501,3,0.0,0.9722825625991229
val,2016-0352,6,502,0,1.0,0.8949913079981687
val,2016-0352,6,502,1,1.0,0.3699424006313536
val,2016-0352,7,503,0,0.0,0.08223655735165811
val,2016-0410,2,441,0,1.0,0.5064585283907616
val,2016-0410,2,441,1,1.0,0.48049267218573516
val,2016-0410,2,441,2,1.0,0.40544591207111
val,2016-0410,2,441,3,0.0,0.3522596664993846
val,2016-0410,2,441,4,0.0,0.1911009673869361
val,2016-0410,2,441,5,0.0,0.45651163606449896
val,2016-0410,2,441,6,0.0,0.37562360304694337
val,2016-0410,2,441,7,0.0,0.2314786805507988
val,2016-0410,2,441,8,0.0,0.33276912402664643
val,2016-0410,2,441,9,0.0,0.33423596486767476
val,2016-0410,2,441,10,0.0,0.6267801534704717
val,2016-0410,2,441,11,0.0,0.5349401660163066
val,2016-0410,2,441,12,0.0,0.43423891744533566
val,2016-0410,2,441,13,0.0,0.32484178204618913
val,2016-0410,2,441,14,1.0,0.5351577325831461
val,2016-0410,2,441,15,0.0,0.5337738257742634
val,2016-0410,2,441,16,1.0,0.7006503739483094
val,2016-0410,2,441,17,1.0,0.29766326973208584
val,2016-0410,2,441,18,0.0,0.25156042316302124
val,2016-0410,2,441,19,1.0,0.6014220306984589
val,2016-0410,2,441,20,1.0,0.5287783099224133
val,2016-0410,2,441,21,1.0,0.5870256918749683
val,2016-0410,2,441,22,0.0,0.3801174104221331
val,2016-0410,2,441,23,0.0,0.6045892346694753
val,2016-0410,3,442,0,0.0,0.4456937921051572
val,2016-0410,3,442,1,1.0,0.007037207231618269
val,2016-0410,3,442,2,0.0,0.2548044652689102
val,2016-0410,3,442,3,1.0,0.3794891490654344
val,2016-0410,3,442,4,1.0,0.9402376655293628
val,2016-0410,3,442,5,0.0,0.3189096889081784
val,2016-0410,3,442,6,1.0,0.2570223106407837
val,2016-0410,3,442,7,1.0,0.8337834561075663
val,2016-0410,3,442,8,1.0,0.976579455733066
val,2016-0410,3,442,9,0.0,0.4855041488049764
val,2016-0410,3,442,10,1.0,0.4735997691553933
val,2016-0410,3,442,11,0.0,0.25105472122537775
val,2016-0410,3,442,12,0.0,0.31004010708778085
val,2016-0410,3,442,13,1.0,0.20024228850532783
val,2016-0410,3,442,14,1.0,0.5689041014703556
val,2016-0410,3,442,15,1.0,0.9488152327039753
val,2016-0410,4,443,0,0.0,0.08377057989494577
val,2016-0410,4,443,1,1.0,0.6165064890851075
val,2016-0410,4,443,2,0.0,0.041809417909649774
val,2016-0410,4,443,3,1.0,0.7854687006377595
val,2016-0410,4,443,4,0.0,0.0812407138426934
val,2016-0410,4,443,5,1.0,0.4053969966032766
val,2016-0410,4,443,6,1.0,0.6669752335790263
val,2016-0410,4,443,7,0.0,0.3142650745978399
val,2016-0410,5,444,0,0.0,0.15055987597595719
val,2016-0410,5,444,1,0.0,0.14140713914439895
val,2016-0410,5,444,2,1.0,0.1653580691484265
val,2016-0410,5,444,3,1.0,0.6672435293023617
val,2016-0410,6,445,0,0.0,0.2720689294036024
val,2016-0410,6,445,1,1.0,0.3409650002717924
val,2016-0410,7,446,0,0.0,0.05780793161422271
val,2016-0421,2,473,0,0.0,0.36526095140086784
val,2016-0421,2,473,1,0.0,0.6053067329151243
val,2016-0421,2,473,2,1.0,0.5949875861382622
val,2016-0421,2,473,3,1.0,0.6457094223753118
val,2016-0421,2,473,4,1.0,0.39796511317372796
val,2016-0421,2,473,5,0.0,0.37691308407868984
val,2016-0421,2,473,6,1.0,0.40240792330460917
val,2016-0421,2,473,7,1.0,0.7056953464836567
val,2016-0421,2,473,8,1.0,0.2311127703206442
val,2016-0421,2,473,9,0.0,0.20123808560431838
val,2016-0421,2,473,10,0.0,0.35529876853261805
val,2016-0421,2,473,11,1.0,0.6922002713799889
val,2016-0421,2,473,12,0.0,0.6425035099604034
val,2016-0421,2,473,13,0.0,0.30564546281523625
val,2016-0421,2,473,14,0.0,0.6174418639488491
val,2016-0421,2,473,15,1.0,0.5281157255866482
val,2016-0421,2,473,16,0.0,0.5576083518168942
val,2016-0421,2,473,17,1.0,0.5015334694645781
val,2016-0421,2,473,18,1.0,0.7108766329999455
val,2016-0421,2,473,19,0.0,0.6211178373598937
val,2016-0421,2,473,20,1.0,0.3972947366121609
val,2016-0421,2,473,21,1.0,0.42851522659676355
val,2016-0421,2,473,22,0.0,0.4000562591275136
val,2016-0421,2,473,23,1.0,0.4758230457904338
val,2016-0421,3,474,0,0.0,0.009274862227808859
val,2016-0421,3,474,1,0.0,0.35433134931325566
val,2016-0421,3,474,2,0.0,0.17476568490761557
val,2016-0421,3,474,3,1.0,0.7727436883407781
val,2016-0421,3,474,4,1.0,0.5481688452686986
val,2016-0421,3,474,5,1.0,0.6903183778020976
val,2016-0421,3,474,6,1.0,0.33337278307557894
val,2016-0421,3,474,7,1.0,0.7930669568362785
val,2016-0421,3,474,8,1.0,0.3917870884352308
val,2016-0421,3,474,9,0.0,0.7000581611431413
val,2016-0421,3,474,10,1.0,0.865876069243481
val,2016-0421,3,474,11,1.0,0.5058921072640559
val,2016-0421,3,474,12,1.0,0.2751209154859851
val,2016-0421,3,474,13,1.0,0.5505217078184037
val,2016-0421,3,474,14,0.0,0.24303364325222396
val,2016-0421,3,474,15,0.0,0.2847877133078037
val,2016-0421,4,475,0,0.0,0.22855859959615638
val,2016-0421,4,475,1,0.0,0.41421237682085243
val,2016-0421,4,475,2,1.0,0.6427623876801213
val,2016-0421,4,475,3,0.0,0.46819085489060036
val,2016-0421,4,475,4,1.0,0.8068774696139996
val,2016-0421,4,475,5,1.0,0.8624103964268413
val,2016-0421,4,475,6,1.0,0.9891381708649369
val,2016-0421,4,475,7,1.0,0.7907318898565847
val,2016-0421,5,476,0,0.0,0.31090314763012766
val,2016-0421,5,476,1,1.0,0.6034354129043681
val,2016-0421,5,476,2,0.0,0.5552035075082276
val,2016-0421,5,476,3,0.0,0.042731378773803806
val,2016-0421,6,477,0,0.0,0.5565421009639059
val,2016-0421,6,477,1,0.0,0.019969192936734086
val,2016-0421,7,478,0,1.0,0.9673962535460161
val,2016-5014,2,492,0,1.0,0.5281607699945337
val,2016-5014,2,492,1,0.0,0.5250188218325785
val,2016-5014,2,492,2,1.0,0.4896582361066393
val,2016-5014,2,492,3,1.0,0.5157044243839641
val,2016-5014,2,492,4,1.0,0.6496560629776187
val,2016-5014,2,492,5,1.0,0.5023802137049601
val,2016-5014,2,492,6,0.0,0.4250767567200107
val,2016-5014,2,492,7,0.0,0.5900366351635155
val,2016-5014,2,492,8,0.0,0.4729819839602731
val,2016-5014,2,492,9,1.0,0.5738466227554696
val,2016-5014,2,492,10,0.0,0.5336344766477364
val,2016-5014,2,492,11,0.0,0.49306905732850514
val,2016-5014,2,492,12,1.0,0.43387283442465835
val,2016-5014,2,492,13,1.0,0.43068750413968065
val,2016-5014,2,492,14,1.0,0.4717452289209906
val,2016-5014,2,492,15,0.0,0.5171657471041674
val,2016-5014,2,492,16,1.0,0.5756551078307754
val,2016-5014,2,492,17,0.0,0.51988212153788
val,2016-5014,2,492,18,1.0,0.5622576740440312
val,2016-5014,2,492,19,1.0,0.5123909559180262
val,2016-5014,2,492,20,0.0,0.5181112918072777
val,2016-5014,2,492,21,0.0,0.4883840985658604
val,2016-5014,2,492,22,0.0,0.41778936228965435
val,2016-5014,2,492,23,1.0,0.5162899696523724
val,2016-5014,3,493,0,0.0,0.5700422058941972
val,2016-5014,3,493,1,0.0,0.6379544602965386
val,2016-5014,3,493,2,1.0,0.4647297796440529
val,2016-5014,3,493,3,1.0,0.46774153534507307
val,2016-5014,3,493,4,1.0,0.4490075790187087
val,2016-5014,3,493,5,1.0,0.5971029925985998
val,2016-5014,3,493,6,1.0,0.577735623038498
val,2016-5014,3,493,7,0.0,0.4930154721485653
val,2016-5014,3,493,8,1.0,0.6389894580776786
val,2016-5014,3,493,9,0.0,0.5325105570686565
val,2016-5014,3,493,10,0.0,0.39928144870262783
val,2016-5014,3,493,11,0.0,0.43183364025509763
val,2016-5014,3,493,12,1.0,0.4908079582324053
val,2016-5014,3,493,13,0.0,0.4692746027882584
val,2016-5014,3,493,14,0.0,0.44757899907337334
val,2016-5014,3,493,15,1.0,0.47314788328496493
val,2016-5014,4,494,0,0.0,0.5394784715524951
val,2016-5014,4,494,1,1.0,0.5464397363447883
val,2016-5014,4,494,2,0.0,0.4494952972897748
val,2016-5014,4,494,3,0.0,0.4492631417909605
val,2016-5014,4,494,4,0.0,0.4423140335358173
val,2016-5014,4,494,5,1.0,0.43202079422927575
val,2016-5014,4,494,6,1.0,0.5106375626936678
val,2016-5014,4,494,7,0.0,0.528047606457812
val,2016-5014,5,495,0,1.0,0.43569592273119195
val,2016-5014,5,495,1,0.0,0.5089799101900042
val,2016-5014,5,495,2,0.0,0.4923839643050059
val,2016-5014,5,495,3,0.0,0.4577960066692706
val,2016-5014,6,496,0,1.0,0.42976295925180785
val,2016-5014,6,496,1,0.0,0.4092896272330164
val,2016-5014,7,497,0,1.0,0.4327246299457097
val,2016-520,1,459,0,1.0,0.9456304608953116
val,2016-520,1,459,1,0.0,0.49319095031478116
val,2016-520,1,459,2,1.0,0.4294169717574012
val,2016-520,1,459,3,1.0,0.41557752785261703
val,2016-520,1,459,4,0.0,0.44272176428075366
val,2016-520,1,459,5,1.0,0.5033133111702027
val,2016-520,1,459,6,0.0,0.25244698960063494
val,2016-520,1,459,7,0.0,0.30478480198419483
val,2016-520,1,459,8,0.0,0.38372990460473577
val,2016-520,1,459,9,0.0,0.44218774834901925
val,2016-520,1,459,10,0.0,0.7198795856653682
val,2016-520,1,459,11,1.0,0.3993783511893218
val,2016-520,1,459,12,1.0,0.5332050612617593
val,2016-520,1,459,13,1.0,0.4523266706425758
val,2016-520,1,459,14,1.0,0.9813712408722726
val,2016-520,1,459,15,1.0,0.8285802282157687
val,2016-520,1,459,16,1.0,0.48733829739206924
val,2016-520,1,459,17,1.0,0.41803263279196934
val,2016-520,1,459,18,1.0,0.6192886773874052
val,2016-520,1,459,19,0.0,0.21334737499892667
val,2016-520,1,459,20,0.0,0.4729266877800567
val,2016-520,1,459,21,1.0,0.616628959290739
val,2016-520,1,459,22,0.0,0.1403435084390179
val,2016-520,1,459,23,1.0,0.6331245571014584
val,2016-520,1,459,24,1.0,0.4431788963201734
val,2016-520,1,459,25,1.0,0.6277687573027306
val,2016-520,1,459,26,0.0,0.3512136945586608
val,2016-520,1,459,27,1.0,0.4962939335388811
val,2016-520,1,459,28,0.0,0.38663734501018027
val,2016-520,1,459,29,0.0,0.4868104777312409
val,2016-520,1,459,30,0.0,0.007007595254531976
val,2016-520,1,459,31,1.0,0.49995331738983423
val,2016-520,1,459,32,1.0,0.4520190605071409
val,2016-520,1,459,33,0.0,0.4438244384964141
val,2016-520,1,459,34,0.0,0.2769011989560176
val,2016-520,1,459,35,0.0,0.32190231044326717
val,2016-520,1,459,36,1.0,0.4791846725008549
val,2016-520,1,459,37,1.0,0.6992397896966919
val,2016-520,1,459,38,1.0,0.7145392306382236
val,2016-520,1,459,39,1.0,0.37169548088058835
val,2016-520,1,459,40,1.0,0.5808602040566327
val,2016-520,1,459,41,1.0,0.747881865973915
val,2016-520,1,459,42,1.0,0.7307823981741861
val,2016-520,1,459,43,0.0,0.5739207229855322
val,2016-520,1,459,44,0.0,0.4341480982315028
val,2016-520,1,459,45,0.0,0.18182317938124903
val,2016-520,1,459,46,0.0,0.3912740906161976
val,2016-520,1,459,47,1.0,0.8447739376797103
val,2016-520,1,459,48,1.0,0.4019043008323361
val,2016-520,1,459,49,1.0,0.5348191486830866
val,2016-520,1,459,50,1.0,0.5860614560097928
val,2016-520,1,459,51,0.0,0.5094888430550004
val,2016-520,1,459,52,1.0,0.4759722915959328
val,2016-520,1,459,53,1.0,0.556651614680253
val,2016-520,1,459,54,0.0,0.426333491334219
val,2016-520,1,459,55,0.0,0.5208470257132596
val,2016-520,1,459,56,0.0,0.42822694901300584
val,2016-520,1,459,57,1.0,0.4523334902890089
val,2016-520,1,459,58,1.0,0.7816191567931711
val,2016-520,1,459,59,1.0,0.5154454102352074
val,2016-520,1,459,60,0.0,0.14647022312432115
val,2016-520,1,459,61,0.0,0.4844176526903056
val,2016-520,1,459,62,0.0,0.792394898273352
val,2016-520,1,459,63,1.0,0.3178480892005253
val,2016-520,2,460,0,0.0,0.368942563853199
val,2016-520,2,460,1,1.0,0.8780381501855559
val,2016-520,2,460,2,1.0,0.5670789460820116
val,2016-520,2,460,3,1.0,0.7374801992032295
val,2016-520,2,460,4,0.0,0.23293206940430122
val,2016-520,2,460,5,0.0,0.5598815124429706
val,2016-520,2,460,6,0.0,0.2739626838781229
val,2016-520,2,460,7,1.0,0.7899548279647046
val,2016-520,2,460,8,0.0,0.2727328996610289
val,2016-520,2,460,9,0.0,0.3254710318778314
val,2016-520,2,460,10,1.0,0.575275857928804
val,2016-520,2,460,11,1.0,0.682405541280757
val,2016-520,2,460,12,0.0,0.7041044693312762
val,2016-520,2,460,13,1.0,0.6688611593464417
val,2016-520,2,460,14,0.0,0.22522169296579955
val,2016-520,2,460,15,1.0,0.5974149139908626
val,2016-520,2,460,16,0.0,0.31584186017970106
val,2016-520,2,460,17,0.0,0.4237178829332451
val,2016-520,2,460,18,0.0,0.4518167825799615
val,2016-520,2,460,19,1.0,0.5744379864299471
val,2016-520,2,460,20,1.0,0.9864745275702417
val,2016-520,2,460,21,0.0,0.13997585071955945
val,2016-520,2,460,22,1.0,0.6444085151503613
val,2016-520,2,460,23,1.0,0.7215373253556215
val,2016-520,2,460,24,0.0,0.27476466662726695
val,2016-520,2,460,25,0.0,0.024965288147250575
val,2016-520,2,460,26,1.0,0.45447134543066753
val,2016-520,2,460,27,0.0,0.5026078418427256
val,2016-520,2,460,28,0.0,0.2826322568042712
val,2016-520,2,460,29,1.0,0.9937876429839205
val,2016-520,2,460,30,1.0,0.7257971035470127
val,2016-520,2,460,31,0.0,0.4541058704465882
val,2016-520,3,461,0,0.0,0.006872645198206514
val,2016-520,3,461,1,1.0,0.5815663381692101
val,2016-520,3,461,2,1.0,0.6554966526645074
val,2016-520,3,461,3,1.0,0.6258787066393718
val,2016-520,3,461,4,1.0,0.9444568249792463
val,2016-520,3,461,5,0.0,0.33108828914241295
val,2016-520,3,461,6,1.0,0.6046317342529032
val,2016-520,3,461,7,0.0,0.23968832358690087
val,2016-520,3,461,8,1.0,0.34397093305361975
val,2016-520,3,461,9,0.0,0.5327678143224028
val,2016-520,3,461,10,0.0,0.18810720731408379
val,2016-520,3,461,11,0.0,0.735733581144262
val,2016-520,3,461,12,0.0,0.4322727670394968
val,2016-520,3,461,13,0.0,0.38108701670915235
val,2016-520,3,461,14,1.0,0.027539925322306917
val,2016-520,3,461,15,0.0,0.19283495630393366
val,2016-520,4,462,0,0.0,0.08952785245295643
val,2016-520,4,462,1,1.0,0.4238156331704398
val,2016-520,4,462,2,0.0,0.19433468368301668
val,2016-520,4,462,3,1.0,0.31417911229795353
val,2016-520,4,462,4,1.0,0.5424749153277969
val,2016-520,4,462,5,1.0,0.542667825282462
val,2016-520,4,462,6,1.0,0.9854237394378331
val,2016-520,4,462,7,1.0,0.5139944179561851
val,2016-520,5,463,0,1.0,0.8672406406087987
val,2016-520,5,463,1,0.0,0.19177759121928714
val,2016-520,5,463,2,0.0,0.5143149280377919
val,2016-520,5,463,3,1.0,0.9594894304922448
val,2016-520,6,464,0,0.0,0.19487714369281153
val,2016-520,6,464,1,1.0,0.9847518394501816
val,2016-520,7,465,0,0.0,0.15295395480539484
val,2016-540,1,466,0,1.0,0.9794067588546734
val,2016-540,1,466,1,0.0,0.4798942052620645
val,2016-540,1,466,2,0.0,0.4554998487528763
val,2016-540,1,466,3,1.0,0.47015406469993704
val,2016-540,1,466,4,0.0,0.438691741726225
val,2016-540,1,466,5,1.0,0.7651964453639943
val,2016-540,1,466,6,1.0,0.6888378972375377
val,2016-540,1,466,7,1.0,0.7454226120587788
val,2016-540,1,466,8,0.0,0.45460359645776116
val,2016-540,1,466,9,1.0,0.3960777074707944
val,2016-540,1,466,10,0.0,0.317760637261335
val,2016-540,1,466,11,1.0,0.43519409455003943
val,2016-540,1,466,12,0.0,0.5941355288850513
val,2016-540,1,466,13,0.0,0.05506710305590133
val,2016-540,1,466,14,1.0,0.754400877296711
val,2016-540,1,466,15,0.0,0.48047750983410586
val,2016-540,1,466,16,1.0,0.5516924163233005
val,2016-540,1,466,17,0.0,0.5615091157860257
val,2016-540,1,466,18,0.0,0.677151743399353
val,2016-540,1,466,19,0.0,0.31694507123948923
val,2016-540,1,466,20,1.0,0.6190213161868068
val,2016-540,1,466,21,0.0,0.24542081274878874
val,2016-540,1,466,22,1.0,0.845172054677683
val,2016-540,1,466,23,0.0,0.35618250555014547
val,2016-540,1,466,24,1.0,0.5964507087593284
val,2016-540,1,466,25,0.0,0.6888588123080054
val,2016-540,1,466,26,1.0,0.5390975028092742
val,2016-540,1,466,27,0.0,0.38279567998103214
val,2016-540,1,466,28,1.0,0.5588873643229992
val,2016-540,1,466,29,0.0,0.004703952340168331
val,2016-540,1,466,30,0.0,0.47076325114120765
val,2016-540,1,466,31,1.0,0.5106679688168314
val,2016-540,1,466,32,0.0,0.5480259902939145
val,2016-540,1,466,33,0.0,0.16859090459068563
val,2016-540,1,466,34,0.0,0.38516399170192195
val,2016-540,1,466,35,1.0,0.6859557100836975
val,2016-540,1,466,36,0.0,0.29292929286189967
val,2016-540,1,466,37,1.0,0.6554545218829742
val,2016-540,1,466,38,0.0,0.49137337638522655
val,2016-540,1,466,39,0.0,0.1531051589338484
val,2016-540,1,466,40,0.0,0.32402245141689406
val,2016-540,1,466,41,1.0,0.5038831238333524
val,2016-540,1,466,42,0.0,0.39926912559974714
val,2016-540,1,466,43,1.0,0.6816970959578412
val,2016-540,1,466,44,1.0,0.555301115811731
val,2016-540,1,466,45,0.0,0.3672134642976941
val,2016-540,1,466,46,1.0,0.7696003398638814
val,2016-540,1,466,47,0.0,0.1095766252897552
val,2016-540,1,466,48,0.0,0.38265400422514645
val,2016-540,1,466,49,1.0,0.4777036447088706
val,2016-540,1,466,50,0.0,0.3778452700240501
val,2016-540,1,466,51,1.0,0.6203427572557626
val,2016-540,1,466,52,0.0,0.3953869674596177
val,2016-540,1,466,53,0.0,0.4789711907904748
val,2016-540,1,466,54,0.0,0.4063165409237143
val,2016-540,1,466,55,1.0,0.6432314454767047
val,2016-540,1,466,56,1.0,0.5107017745512213
val,2016-540,1,466,57,0.0,0.18549011799494672
val,2016-540,1,466,58,0.0,0.2853631333142779
val,2016-540,1,466,59,0.0,0.4967388360057764
val,2016-540,1,466,60,1.0,0.5219524392989989
val,2016-540,1,466,61,0.0,0.6752351557718765
val,2016-540,1,466,62,1.0,0.6540147211573198
val,2016-540,1,466,63,1.0,0.57998558541154
val,2016-540,2,467,0,1.0,0.5589182345602319
val,2016-540,2,467,1,0.0,0.5354872522359713
val,2016-540,2,467,2,1.0,0.8529364986481702
val,2016-540,2,467,3,0.0,0.36275402028087506
val,2016-540,2,467,4,0.0,0.3135125604796118
val,2016-540,2,467,5,0.0,0.43482812515235036
val,2016-540,2,467,6,1.0,0.7087499510276829
val,2016-540,2,467,7,1.0,0.6819607990096553
val,2016-540,2,467,8,1.0,0.5116289994623173
val,2016-540,2,467,9,1.0,0.7860850825011418
val,2016-540,2,467,10,1.0,0.6736254588101329
val,2016-540,2,467,11,1.0,0.6337270326047663
val,2016-540,2,467,12,1.0,0.20800964243478695
val,2016-540,2,467,13,0.0,0.6310950601591149
val,2016-540,2,467,14,0.0,0.5741893485595011
val,2016-540,2,467,15,1.0,0.5312857528447374
val,2016-540,2,467,16,1.0,0.36344911183125433
val,2016-540,2,467,17,0.0,0.2882663044290881
val,2016-540,2,467,18,0.0,0.5061683697742215
val,2016-540,2,467,19,0.0,0.6147871759078973
val,2016-540,2,467,20,1.0,0.28057696942108
val,2016-540,2,467,21,1.0,0.6225162394492484
val,2016-540,2,467,22,1.0,0.5817909412249339
val,2016-540,2,467,23,0.0,0.5793145545963564
val,2016-540,2,467,24,0.0,0.31032847255650403
val,2016-540,2,467,25,0.0,0.8308001718568611
val,2016-540,2,467,26,0.0,0.6006328803586257
val,2016-540,2,467,27,1.0,0.508179521742564
val,2016-540,2,467,28,0.0,0.21790275919005195
val,2016-540,2,467,29,1.0,0.9655624302668467
val,2016-540,2,467,30,0.0,0.007829308467644562
val,2016-540,2,467,31,0.0,0.03413965645343583
val,2016-540,3,468,0,0.0,0.5704966215244428
val,2016-540,3,468,1,0.0,0.4580436889588063
val,2016-540,3,468,2,1.0,0.962321880478678
val,2016-540,3,468,3,0.0,0.5159662648025112
val,2016-540,3,468,4,0.0,0.33522661244519036
val,2016-540,3,468,5,1.0,0.7119634656743707
val,2016-540,3,468,6,1.0,0.5010546744863261
val,2016-540,3,468,7,1.0,0.7847549050043443
val,2016-540,3,468,8,1.0,0.5365684935182538
val,2016-540,3,468,9,1.0,0.7398414737734177
val,2016-540,3,468,10,0.0,0.24194265515116847
val,2016-540,3,468,11,0.0,0.6900069236641797
val,2016-540,3,468,12,1.0,0.9546416384573932
val,2016-540,3,468,13,0.0,0.3420747531477194
val,2016-540,3,468,14,1.0,0.6492371158584868
val,2016-540,3,468,15,0.0,0.9905720378415369
val,2016-540,4,469,0,1.0,0.9166041103534391
val,2016-540,4,469,1,1.0,0.5626084712271392
val,2016-540,4,469,2,0.0,0.5071746874503316
val,2016-540,4,469,3,0.0,0.18540522137227833
val,2016-540,4,469,4,1.0,0.37536804158143283
val,2016-540,4,469,5,1.0,0.9217354658667707
val,2016-540,4,469,6,1.0,0.565569247091369
val,2016-540,4,469,7,1.0,0.5966934524681203
val,2016-540,5,470,0,0.0,0.156582354919803
val,2016-540,5,470,1,1.0,0.7686746907961225
val,2016-540,5,470,2,0.0,0.1567790025632562
val,2016-540,5,470,3,1.0,0.635103382270912
val,2016-540,6,471,0,0.0,0.1706879423922804
val,2016-540,6,471,1,0.0,0.8337809917543608
val,2016-540,7,472,0,1.0,0.8961712066407382
val,2016-560,1,485,0,0.0,0.03354577055527702
val,2016-560,1,485,1,1.0,0.5158797557411414
val,2016-560,1,485,2,1.0,0.5746760416646384
val,2016-560,1,485,3,0.0,0.4282191647920682
val,2016-560,1,485,4,1.0,0.5189935445262125
val,2016-560,1,485,5,0.0,0.3015440582409986
val,2016-560,1,485,6,0.0,0.40120712125868735
val,2016-560,1,485,7,1.0,0.5763318351777488
val,2016-560,1,485,8,1.0,0.4830104064667224
val,2016-560,1,485,9,0.0,0.44718472940006493
val,2016-560,1,485,10,0.0,0.5353376206584098
val,2016-560,1,485,11,1.0,0.5120415728231438
val,2016-560,1,485,12,1.0,0.6423446157914271
val,2016-560,1,485,13,1.0,0.9715127684677967
val,2016-560,1,485,14,0.0,0.1530597886210835
val,2016-560,1,485,15,1.0,0.6699158622286365
val,2016-560,1,485,16,1.0,0.6107091161092683
val,2016-560,1,485,17,0.0,0.3550787348950911
val,2016-560,1,485,18,1.0,0.7460509815646983
val,2016-560,1,485,19,0.0,0.3545477722812032
val,2016-560,1,485,20,1.0,0.4515462627216274
val,2016-560,1,485,21,0.0,0.12696637167574876
val,2016-560,1,485,22,0.0,0.8035111223778674
val,2016-560,1,485,23,0.0,0.5899390597395363
val,2016-560,1,485,24,0.0,0.4465232929790959
val,2016-560,1,485,25,1.0,0.7682735953019777
val,2016-560,1,485,26,1.0,0.5717953374067402
val,2016-560,1,485,27,0.0,0.47711397218038576
val,2016-560,1,485,28,0.0,0.3229690162564202
val,2016-560,1,485,29,1.0,0.9921244329569828
val,2016-560,1,485,30,1.0,0.4171704596371518
val,2016-560,1,485,31,1.0,0.4567778205036367
val,2016-560,1,485,32,1.0,0.7026446371292258
val,2016-560,1,485,33,0.0,0.33209850698628074
val,2016-560,1,485,34,1.0,0.4811728588927917
val,2016-560,1,485,35,0.0,0.35588718252811896
val,2016-560,1,485,36,0.0,0.21180600057755858
val,2016-560,1,485,37,0.0,0.2768799247806677
val,2016-560,1,485,38,1.0,0.534878587043358
val,2016-560,1,485,39,0.0,0.40684868928360673
val,2016-560,1,485,40,0.0,0.6838793601786191
val,2016-560,1,485,41,0.0,0.3556040594464514
val,2016-560,1,485,42,0.0,0.41178366533508975
val,2016-560,1,485,43,0.0,0.4111585544732377
val,2016-560,1,485,44,1.0,0.7845835279879818
val,2016-560,1,485,45,1.0,0.6209948992153451
val,2016-560,1,485,46,0.0,0.5314792673999756
val,2016-560,1,485,47,1.0,0.8302424214591813
val,2016-560,1,485,48,1.0,0.6550986168487161
val,2016-560,1,485,49,1.0,0.37996543653460507
val,2016-560,1,485,50,1.0,0.40927843903187167
val,2016-560,1,485,51,0.0,0.5248650549949944
val,2016-560,1,485,52,1.0,0.3922203574323467
val,2016-560,1,485,53,0.0,0.6251583195886239
val,2016-560,1,485,54,0.0,0.37031642229059797
val,2016-560,1,485,55,1.0,0.6858732063412457
val,2016-560,1,485,56,1.0,0.62454892926996
val,2016-560,1,485,57,0.0,0.38277872053783246
val,2016-560,1,485,58,0.0,0.31058838191315286
val,2016-560,1,485,59,0.0,0.6024348409467847
val,2016-560,1,485,60,1.0,0.39023638294071655
val,2016-560,1,485,61,0.0,0.5842547592317506
val,2016-560,1,485,62,0.0,0.37319526423213484
val,2016-560,1,485,63,1.0,0.7313800544462017
val,2016-560,2,486,0,0.0,0.4528113748299602
val,2016-560,2,486,1,1.0,0.7251231811970642
val,2016-560,2,486,2,0.0,0.2936882428462725
val,2016-560,2,486,3,1.0,0.39123976679802663
val,2016-560,2,486,4,0.0,0.629148859946553
val,2016-560,2,486,5,0.0,0.09661986430006747
val,2016-560,2,486,6,1.0,0.31264820952794
val,2016-560,2,486,7,0.0,0.4355246068519753
val,2016-560,2,486,8,1.0,0.5593495032707535
val,2016-560,2,486,9,0.0,0.5411994376350218
val,2016-560,2,486,10,1.0,0.6516161477977879
val,2016-560,2,486,11,0.0,0.5318799787918319
val,2016-560,2,486,12,0.0,0.11756588872067707
val,2016-560,2,486,13,1.0,0.7070956118663356
val,2016-560,2,486,14,0.0,0.3006722922203326
val,2016-560,2,486,15,1.0,0.5492177590536967
val,2016-560,2,486,16,1.0,0.5387274492617701
val,2016-560,2,486,17,1.0,0.8092834446464853
val,2016-560,2,486,18,0.0,0.31980312813194345
val,2016-560,2,486,19,1.0,0.6945577709651625
val,2016-560,2,486,20,1.0,0.4910244233807534
val,2016-560,2,486,21,0.0,0.04491512082806333
val,2016-560,2,486,22,0.0,0.2144273541854015
val,2016-560,2,486,23,0.0,0.3301141766610211
val,2016-560,2,486,24,0.0,0.7403290445405701
val,2016-560,2,486,25,0.0,0.14990067509034313
val,2016-560,2,486,26,1.0,0.610443687726604
val,2016-560,2,486,27,0.0,0.2812993663426366
val,2016-560,2,486,28,0.0,0.7866961632569037
val,2016-560,2,486,29,1.0,0.9497655931880913
val,2016-560,2,486,30,0.0,0.37309812624535704
val,2016-560,2,486,31,1.0,0.990110675770747
val,2016-560,3,487,0,0.0,0.7043016284599579
val,2016-560,3,487,1,0.0,0.7210521430185044
val,2016-560,3,487,2,1.0,0.9723597508817475
val,2016-560,3,487,3,1.0,0.7341008066262139
val,2016-560,3,487,4,0.0,0.4507534183714334
val,2016-560,3,487,5,1.0,0.7912322159673543
val,2016-560,3,487,6,0.0,0.1317060502819307
val,2016-560,3,487,7,1.0,0.27038288096397933
val,2016-560,3,487,8,0.0,0.3228963250042408
val,2016-560,3,487,9,1.0,0.6036857087638311
val,2016-560,3,487,10,0.0,0.35351426149374754
val,2016-560,3,487,11,0.0,0.583154000549336
val,2016-560,3,487,12,0.0,0.04158706376457879
val,2016-560,3,487,13,1.0,0.2965537896103224
val,2016-560,3,487,14,0.0,0.34840989245307513
val,2016-560,3,487,15,0.0,0.012898595678404541
val,2016-560,4,488,0,1.0,0.9004221648125038
val,2016-560,4,488,1,1.0,0.7481565877942059
val,2016-560,4,488,2,0.0,0.14585993419879312
val,2016-560,4,488,3,0.0,0.5380492037871739
val,2016-560,4,488,4,0.0,0.3875391135527979
val,2016-560,4,488,5,0.0,0.9586613844161129
val,2016-560,4,488,6,0.0,0.25934429695427075
val,2016-560,4,488,7,0.0,0.00711571028377577
val,2016-560,5,489,0,0.0,0.8694951921575966
val,2016-560,5,489,1,1.0,0.7416910159032017
val,2016-560,5,489,2,0.0,0.39685851060096533
val,2016-560,5,489,3,1.0,0.9636219629704723
val,2016-560,6,490,0,0.0,0.47504735675543086
val,2016-560,6,490,1,0.0,0.02161449379633633
val,2016-560,7,491,0,0.0,0.9549455449777885
val,2016-580,1,420,0,0.0,0.040796529340739386
val,2016-580,1,420,1,0.0,0.5263158095351357
val,2016-580,1,420,2,1.0,0.6772882487143681
val,2016-580,1,420,3,1.0,0.589482256336774
val,2016-580,1,420,4,1.0,0.4015816678687814
val,2016-580,1,420,5,0.0,0.5033293533751195
val,2016-580,1,420,6,0.0,0.21916001425887222
val,2016-580,1,420,7,0.0,0.4154314698151936
val,2016-580,1,420,8,0.0,0.4562687176506502
val,2016-580,1,420,9,0.0,0.4452882609156787
val,2016-580,1,420,10,0.0,0.47546179012655
val,2016-580,1,420,11,0.0,0.24041389561473736
val,2016-580,1,420,12,1.0,0.5000076095376239
val,2016-580,1,420,13,0.0,0.31245179225232717
val,2016-580,1,420,14,1.0,0.9745875184556796
val,2016-580,1,420,15,0.0,0.3678964487748308
val,2016-580,1,420,16,1.0,0.5491576455567976
val,2016-580,1,420,17,1.0,0.4556316520243413
val,2016-580,1,420,18,0.0,0.4023543509941736
val,2016-580,1,420,19,0.0,0.5510683462869679
val,2016-580,1,420,20,0.0,0.6123621491571062
val,2016-580,1,420,21,1.0,0.41119778590098605
val,2016-580,1,420,22,0.0,0.200033441164845
val,2016-580,1,420,23,0.0,0.3208846385543698
val,2016-580,1,420,24,1.0,0.5845658755210987
val,2016-580,1,420,25,1.0,0.3722852014709464
val,2016-580,1,420,26,0.0,0.6304257854348329
val,2016-580,1,420,27,0.0,0.39363385635867504
val,2016-580,1,420,28,0.0,0.5211257572242041
val,2016-580,1,420,29,1.0,0.3234795617089304
val,2016-580,1,420,30,0.0,0.005497602685312488
val,2016-580,1,420,31,1.0,0.5794453639166951
val,2016-580,1,420,32,1.0,0.3659864795808024
val,2016-580,1,420,33,1.0,0.298214078576974
val,2016-580,1,420,34,0.0,0.9510482394473183
val,2016-580,1,420,35,1.0,0.9058419244395475
val,2016-580,1,420,36,1.0,0.4504333251185038
val,2016-580,1,420,37,1.0,0.3272917605592502
val,2016-580,1,420,38,1.0,0.43881986427234676
val,2016-580,1,420,39,0.0,0.35007237762689597
val,2016-580,1,420,40,1.0,0.6854219521616163
val,2016-580,1,420,41,1.0,0.6162348345332227
val,2016-580,1,420,42,1.0,0.4474707588594545
val,2016-580,1,420,43,0.0,0.18816206108555303
val,2016-580,1,420,44,1.0,0.5201145029442286
val,2016-580,1,420,45,0.0,0.34338879264159616
val,2016-580,1,420,46,0.0,0.3764697588211724
val,2016-580,1,420,47,0.0,0.11155210711347233
val,2016-580,1,420,48,1.0,0.8642953196263218
val,2016-580,1,420,49,0.0,0.4600762633533946
val,2016-580,1,420,50,0.0,0.3688014078080498
val,2016-580,1,420,51,1.0,0.47337351305947584
val,2016-580,1,420,52,0.0,0.35491516391232525
val,2016-580,1,420,53,1.0,0.5377184131789426
val,2016-580,1,420,54,1.0,0.48809218217103
val,2016-580,1,420,55,0.0,0.21025281852838407
val,2016-580,1,420,56,0.0,0.42434264024075097
val,2016-580,1,420,57,1.0,0.6183273376587831
val,2016-580,1,420,58,0.0,0.26829321929561584
val,2016-580,1,420,59,0.0,0.2678119117002187
val,2016-580,1,420,60,0.0,0.5222391635620925
val,2016-580,1,420,61,1.0,0.669414624613943
val,2016-580,1,420,62,0.0,0.3329265179329997
val,2016-580,1,420,63,0.0,0.7602300303179913
val,2016-580,2,421,0,0.0,0.5385535648777426
val,2016-580,2,421,1,1.0,0.4859160337475888
val,2016-580,2,421,2,0.0,0.5153721850611619
val,2016-580,2,421,3,0.0,0.40527335047156005
val,2016-580,2,421,4,0.0,0.2907193521421042
val,2016-580,2,421,5,1.0,0.8469419118428259
val,2016-580,2,421,6,0.0,0.6042550278737713
val,2016-580,2,421,7,1.0,0.4484216886280796
val,2016-580,2,421,8,0.0,0.23266105489997566
val,2016-580,2,421,9,1.0,0.6679206800005087
val,2016-580,2,421,10,0.0,0.46119827492262766
val,2016-580,2,421,11,1.0,0.35677393126655155
val,2016-580,2,421,12,1.0,0.830876313850698
val,2016-580,2,421,13,1.0,0.2407993659077631
val,2016-580,2,421,14,1.0,0.6159623058088937
val,2016-580,2,421,15,0.0,0.33759061546339414
val,2016-580,2,421,16,0.0,0.3689809360488258
val,2016-580,2,421,17,0.0,0.27570313386367057
val,2016-580,2,421,18,0.0,0.3838082350106066
val,2016-580,2,421,19,1.0,0.47583565109721265
val,2016-580,2,421,20,1.0,0.8038491468998392
val,2016-580,2,421,21,0.0,0.07751863595286068
val,2016-580,2,421,22,0.0,0.16854065350654546
val,2016-580,2,421,23,0.0,0.3751064255448008
val,2016-580,2,421,24,0.0,0.1206441757017404
val,2016-580,2,421,25,0.0,0.2532958141148578
val,2016-580,2,421,26,1.0,0.46254416207662763
val,2016-580,2,421,27,0.0,0.31705446285092875
val,2016-580,2,421,28,1.0,0.9026676938391852
val,2016-580,2,421,29,1.0,0.9472052303450786
val,2016-580,2,421,30,0.0,0.004778072007207862
val,2016-580,2,421,31,1.0,0.581754555914364
val,2016-580,3,422,0,0.0,0.5166014596498688
val,2016-580,3,422,1,1.0,0.7188018402929273
val,2016-580,3,422,2,1.0,0.9424351887808253
val,2016-580,3,422,3,1.0,0.6278019722536343
val,2016-580,3,422,4,0.0,0.15039542981990653
val,2016-580,3,422,5,1.0,0.8710617705307148
val,2016-580,3,422,6,0.0,0.36374068969915707
val,2016-580,3,422,7,1.0,0.7412059192726771
val,2016-580,3,422,8,0.0,0.4988410285882498
val,2016-580,3,422,9,1.0,0.7428844099940913
val,2016-580,3,422,10,0.0,0.6308466273806997
val,2016-580,3,422,11,1.0,0.4875987407777968
val,2016-580,3,422,12,0.0,0.10757824268092686
val,2016-580,3,422,13,1.0,0.726595067988978
val,2016-580,3,422,14,1.0,0.8500942915080866
val,2016-580,3,422,15,1.0,0.9838461156201089
val,2016-580,4,423,0,0.0,0.08074790393284031
val,2016-580,4,423,1,1.0,0.6671327316722739
val,2016-580,4,423,2,0.0,0.7533776206293485
val,2016-580,4,423,3,1.0,0.6958326075199229
val,2016-580,4,423,4,1.0,0.755116126279563
val,2016-580,4,423,5,0.0,0.06327130450336428
val,2016-580,4,423,6,0.0,0.5650382928097815
val,2016-580,4,423,7,0.0,0.022170705650527135
val,2016-580,5,424,0,0.0,0.26974174550389046
val,2016-580,5,424,1,1.0,0.5015226292982415
val,2016-580,5,424,2,0.0,0.19610808811172642
val,2016-580,5,424,3,1.0,0.9661499550871498
val,2016-580,6,425,0,0.0,0.14086106095718234
val,2016-580,6,425,1,0.0,0.17983691468127197
val,2016-580,7,426,0,1.0,0.885375678053269
val,2016-M006,1,427,0,1.0,0.6012414104855182
val,2016-M006,1,427,1,0.0,0.49671481337402806
val,2016-M006,1,427,2,1.0,0.5089430156030094
val,2016-M006,1,427,3,0.0,0.4165063532462441
val,2016-M006,1,427,4,0.0,0.39183408064217073
val,2016-M006,1,427,5,1.0,0.5678587296017935
val,2016-M006,1,427,6,1.0,0.5075355361564718
val,2016-M006,1,427,7,0.0,0.46152351029833677
val,2016-M006,1,427,8,1.0,0.4669520199126617
val,2016-M006,1,427,9,0.0,0.4813058495504256
val,2016-M006,1,427,10,0.0,0.47838226412609125
val,2016-M006,1,427,11,0.0,0.39177589638895266
val,2016-M006,1,427,12,1.0,0.41015090631447515
val,2016-M006,1,427,13,0.0,0.5464091801709982
val,2016-M006,1,427,14,1.0,0.5346312859676557
val,2016-M006,1,427,15,1.0,0.572958816058925
val,2016-M006,1,427,16,1.0,0.37558656630634973
val,2016-M006,1,427,17,0.0,0.4649945417646502
val,2016-M006,1,427,18,0.0,0.4472080102442738
val,2016-M006,1,427,19,1.0,0.4773453000612044
val,2016-M006,1,427,20,0.0,0.5721866003258741
val,2016-M006,1,427,21,1.0,0.5957441773550389
val,2016-M006,1,427,22,1.0,0.5171432174723384
val,2016-M006,1,427,23,0.0,0.4952347842871451
val,2016-M006,1,427,24,1.0,0.5011983579728577
val,2016-M006,1,427,25,0.0,0.5898919971190214
val,2016-M006,1,427,26,1.0,0.4637345292756913
val,2016-M006,1,427,27,0.0,0.5275377742343573
val,2016-M006,1,427,28,0.0,0.44241355337047855
val,2016-M006,1,427,29,1.0,0.45077753639391543
val,2016-M006,1,427,30,1.0,0.4093619035132396
val,2016-M006,1,427,31,1.0,0.447043783677957
val,2016-M006,2,428,0,1.0,0.5535947540227815
val,2016-M006,2,428,1,0.0,0.3966367442336692
val,2016-M006,2,428,2,1.0,0.5707787532732617
val,2016-M006,2,428,3,1.0,0.5350920103310922
val,2016-M006,2,428,4,0.0,0.5980760091474541
val,2016-M006,2,428,5,1.0,0.5633919402954621
val,2016-M006,2,428,6,1.0,0.54314058877195
val,2016-M006,2,428,7,0.0,0.34208387237779525
val,2016-M006,2,428,8,0.0,0.46270726164186365
val,2016-M006,2,428,9,1.0,0.5227090420049436
val,2016-M006,2,428,10,0.0,0.4429380277297601
val,2016-M006,2,428,11,0.0,0.5029101525467762
val,2016-M006,2,428,12,0.0,0.4781222307649397
val,2016-M006,2,428,13,1.0,0.6542534451823888
val,2016-M006,2,428,14,0.0,0.4944913013999814
val,2016-M006,2,428,15,1.0,0.6112705740490383
val,2016-M006,2,428,16,0.0,0.4577940078208085
val,2016-M006,2,428,17,1.0,0.5234946401618619
val,2016-M006,2,428,18,1.0,0.5533997872698899
val,2016-M006,2,428,19,1.0,0.5962001631679752
val,2016-M006,2,428,20,0.0,0.38637338962255496
val,2016-M006,2,428,21,0.0,0.5200345370508886
val,2016-M006,2,428,22,1.0,0.4654011968247178
val,2016-M006,2,428,23,1.0,0.5878546544816576
val,2016-M006,2,428,24,0.0,0.49136545635475115
val,2016-M006,2,428,25,0.0,0.44784745658140984
val,2016-M006,2,428,26,0.0,0.35949500649283456
val,2016-M006,2,428,27,0.0,0.4118320939275441
val,2016-M006,2,428,28,1.0,0.58529766838748
val,2016-M006,2,428,29,1.0,0.4838786469266894
val,2016-M006,2,428,30,0.0,0.49764970610195963
val,2016-M006,2,428,31,1.0,0.44111695206683926
val,2016-M006,3,429,0,1.0,0.5603100846488425
val,2016-M006,3,429,1,0.0,0.4590750750809396
val,2016-M006,3,429,2,0.0,0.47674593095465545
val,2016-M006,3,429,3,1.0,0.5328962164758928
val,2016-M006,3,429,4,1.0,0.5470569120781146
val,2016-M006,3,429,5,1.0,0.522286550256939
val,2016-M006,3,429,6,1.0,0.41899271823617523
val,2016-M006,3,429,7,0.0,0.5094447235015196
val,2016-M006,3,429,8,1.0,0.5064421426149825
val,2016-M006,3,429,9,0.0,0.5451112050465959
val,2016-M006,3,429,10,1.0,0.4942997966121423
val,2016-M006,3,429,11,1.0,0.5035098661289941
val,2016-M006,3,429,12,1.0,0.557635056606747
val,2016-M006,3,429,13,1.0,0.4179987258730184
val,2016-M006,3,429,14,0.0,0.5033788736336757
val,2016-M006,3,429,15,1.0,0.5651235725594693
val,2016-M006,4,430,0,0.0,0.5936795212988852
val,2016-M006,4,430,1,1.0,0.5119648492963045
val,2016-M006,4,430,2,0.0,0.49479389457921125
val,2016-M006,4,430,3,1.0,0.4647979494353943
val,2016-M006,4,430,4,1.0,0.4942917619680574
val,2016-M006,4,430,5,1.0,0.49262663155465114
val,2016-M006,4,430,6,1.0,0.5154810795100564
val,2016-M006,4,430,7,1.0,0.5869455608254113
val,2016-M006,5,431,0,1.0,0.4242239644971896
val,2016-M006,5,431,1,0.0,0.5304881021753555
val,2016-M006,5,431,2,1.0,0.4672675080294058
val,2016-M006,5,431,3,0.0,0.546376465215792
val,2016-M006,6,432,0,0.0,0.5322335246127844
val,2016-M006,6,432,1,1.0,0.47870708473385043
val,2016-M006,7,433,0,1.0,0.44664171524662777
val,2016-M007,1,434,0,0.0,0.38559534813764273
val,2016-M007,1,434,1,1.0,0.5536856872466094
val,2016-M007,1,434,2,0.0,0.5487516626751774
val,2016-M007,1,434,3,1.0,0.36240244583606845
val,2016-M007,1,434,4,1.0,0.4186163075273284
val,2016-M007,1,434,5,1.0,0.6292501945920683
val,2016-M007,1,434,6,1.0,0.6352393258624054
val,2016-M007,1,434,7,0.0,0.48577523799481154
val,2016-M007,1,434,8,0.0,0.40548790761636655
val,2016-M007,1,434,9,1.0,0.6338507283441169
val,2016-M007,1,434,10,1.0,0.5509412799255676
val,2016-M007,1,434,11,0.0,0.5806966630341733
val,2016-M007,1,434,12,1.0,0.5861850015238468
val,2016-M007,1,434,13,1.0,0.6110117799819531
val,2016-M007,1,434,14,1.0,0.5550248456155172
val,2016-M007,1,434,15,0.0,0.5471048589894689
val,2016-M007,1,434,16,1.0,0.5041240492693931
val,2016-M007,1,434,17,1.0,0.5862944217769486
val,2016-M007,1,434,18,1.0,0.47589271616944384
val,2016-M007,1,434,19,0.0,0.3725980155390359
val,2016-M007,1,434,20,0.0,0.4985858863096155
val,2016-M007,1,434,21,0.0,0.4305000075631512
val,2016-M007,1,434,22,1.0,0.5890927662688067
val,2016-M007,1,434,23,1.0,0.7222508377213852
val,2016-M007,1,434,24,1.0,0.44952857300329785
val,2016-M007,1,434,25,1.0,0.5780957308581995
val,2016-M007,1,434,26,1.0,0.5056681706660807
val,2016-M007,1,434,27,0.0,0.5013366894870936
val,2016-M007,1,434,28,1.0,0.5629625228632149
val,2016-M007,1,434,29,1.0,0.5142104773923272
val,2016-M007,1,434,30,1.0,0.6234775933170664
val,2016-M007,1,434,31,0.0,0.4604428707094179
val,2016-M007,2,435,0,1.0,0.45726269264460384
val,2016-M007,2,435,1,0.0,0.005531525873970311
val,2016-M007,2,435,2,1.0,0.23187848203569547
val,2016-M007,2,435,3,0.0,0.37792574861637446
val,2016-M007,2,435,4,1.0,0.5966995993734258
val,2016-M007,2,435,5,1.0,0.41301430682063556
val,2016-M007,2,435,6,1.0,0.4796816125751037
val,2016-M007,2,435,7,1.0,0.8587866433602469
val,2016-M007,2,435,8,0.0,0.6422053829448174
val,2016-M007,2,435,9,1.0,0.61700606277528
val,2016-M007,2,435,10,1.0,0.6497258402056237
val,2016-M007,2,435,11,1.0,0.5341789823342579
val,2016-M007,2,435,12,0.0,0.25894718028741387
val,2016-M007,2,435,13,0.0,0.5969345181571761
val,2016-M007,2,435,14,1.0,0.7332084231498655
val,2016-M007,2,435,15,1.0,0.9013370066074918
val,2016-M007,2,435,16,0.0,0.979423919612477
val,2016-M007,2,435,17,1.0,0.546591446377304
val,2016-M007,2,435,18,0.0,0.5106570560836631
val,2016-M007,2,435,19,1.0,0.7589452772069438
val,2016-M007,2,435,20,0.0,0.7333840711845391
val,2016-M007,2,435,21,1.0,0.5953312689015056
val,2016-M007,2,435,22,1.0,0.4658497462572025
val,2016-M007,2,435,23,0.0,0.8638758947304152
val,2016-M007,2,435,24,1.0,0.5162871225521412
val,2016-M007,2,435,25,0.0,0.35659258018294215
val,2016-M007,2,435,26,0.0,0.20105912961938133
val,2016-M007,2,435,27,1.0,0.7424767527654033
val,2016-M007,2,435,28,0.0,0.18379845406514386
val,2016-M007,2,435,29,1.0,0.7165288566261246
val,2016-M007,2,435,30,0.0,0.06142118508946656
val,2016-M007,2,435,31,1.0,0.5349250863824162
val,2016-M007,3,436,0,0.0,0.48906442203164785
val,2016-M007,3,436,1,0.0,0.7177780891165433
val,2016-M007,3,436,2,1.0,0.6481249407882559
val,2016-M007,3,436,3,0.0,0.3412695074810883
val,2016-M007,3,436,4,1.0,0.6723392859633444
val,2016-M007,3,436,5,1.0,0.6465646550085209
val,2016-M007,3,436,6,0.0,0.4895573923250612
val,2016-M007,3,436,7,1.0,0.4588901577444475
val,2016-M007,3,436,8,1.0,0.9922617837646426
val,2016-M007,3,436,9,0.0,0.3460622430355401
val,2016-M007,3,436,10,1.0,0.6974322705561881
val,2016-M007,3,436,11,1.0,0.8455985879463596
val,2016-M007,3,436,12,1.0,0.22083605630008357
val,2016-M007,3,436,13,1.0,0.5472496649987488
val,2016-M007,3,436,14,0.0,0.8573653879544121
val,2016-M007,3,436,15,1.0,0.14410658008565655
val,2016-M007,4,437,0,1.0,0.6563234177355121
val,2016-M007,4,437,1,0.0,0.013935342870573355
val,2016-M007,4,437,2,0.0,0.3689594633645731
val,2016-M007,4,437,3,1.0,0.6260897496221655
val,2016-M007,4,437,4,0.0,0.3048941712417233
val,2016-M007,4,437,5,0.0,0.3449766689925868
val,2016-M007,4,437,6,0.0,0.3978110368563203
val,2016-M007,4,437,7,0.0,0.5448938835485593
val,2016-M007,5,438,0,0.0,0.04435892671594111
val,2016-M007,5,438,1,1.0,0.3851718440772833
val,2016-M007,5,438,2,0.0,0.5700166102990097
val,2016-M007,5,438,3,1.0,0.5850129135175488
val,2016-M007,6,439,0,0.0,0.01342022704247561
val,2016-M007,6,439,1,0.0,0.3432841315433211
val,2016-M007,7,440,0,0.0,0.02908727045288752
val,2016-M009,2,453,0,1.0,0.5320948330904883
val,2016-M009,2,453,1,0.0,0.3148384767275878
val,2016-M009,2,453,2,1.0,0.5936906138463643
val,2016-M009,2,453,3,0.0,0.4083831952270651
val,2016-M009,2,453,4,0.0,0.528386121342678
val,2016-M009,2,453,5,1.0,0.5062226709484504
val,2016-M009,2,453,6,0.0,0.41053706339900947
val,2016-M009,2,453,7,1.0,0.4686891059944066
val,2016-M009,2,453,8,1.0,0.8715619888483066
val,2016-M009,2,453,9,1.0,0.4029718528832643
val,2016-M009,2,453,10,0.0,0.4716540628588721
val,2016-M009,2,453,11,0.0,0.4716619558219939
val,2016-M009,2,453,12,1.0,0.501334310082415
val,2016-M009,2,453,13,1.0,0.7249237293827784
val,2016-M009,2,453,14,0.0,0.5311834943069954
val,2016-M009,2,453,15,1.0,0.5979903083291113
val,2016-M009,2,453,16,1.0,0.299190427320729
val,2016-M009,2,453,17,0.0,0.5771788155191703
val,2016-M009,2,453,18,0.0,0.23749964580958371
val,2016-M009,2,453,19,1.0,0.7264168764974627
val,2016-M009,2,453,20,0.0,0.7186362152145539
val,2016-M009,2,453,21,1.0,0.6398631330105923
val,2016-M009,2,453,22,0.0,0.5381597029070933
val,2016-M009,2,453,23,1.0,0.8127363089547008
val,2016-M009,3,454,0,1.0,0.9935359863994337
val,2016-M009,3,454,1,1.0,0.5648362720050104
val,2016-M009,3,454,2,1.0,0.44773940228383446
val,2016-M009,3,454,3,0.0,0.043126222912071605
val,2016-M009,3,454,4,0.0,0.21734469316972171
val,2016-M009,3,454,5,1.0,0.5883910411474716
val,2016-M009,3,454,6,1.0,0.6635873910027059
val,2016-M009,3,454,7,0.0,0.21922604366368625
val,2016-M009,3,454,8,0.0,0.568458066716039
val,2016-M009,3,454,9,1.0,0.9398368274703893
val,2016-M009,3,454,10,1.0,0.38795694190294006
val,2016-M009,3,454,11,1.0,0.8001973815219697
val,2016-M009,3,454,12,1.0,0.8203701655364635
val,2016-M009,3,454,13,1.0,0.5755048089865964
val,2016-M009,3,454,14,0.0,0.5355529285918451
val,2016-M009,3,454,15,0.0,0.0628933770297722
val,2016-M009,4,455,0,1.0,0.9094535365431115
val,2016-M009,4,455,1,1.0,0.2663305367464256
val,2016-M009,4,455,2,1.0,0.2052305154464489
val,2016-M009,4,455,3,0.0,0.44086577636655494
val,2016-M009,4,455,4,0.0,0.9114578335163145
val,2016-M009,4,455,5,0.0,0.045349564566504394
val,2016-M009,4,455,6,0.0,0.010695922526421228
val,2016-M009,4,455,7,1.0,0.2103281193994774
val,2016-M009,5,456,0,0.0,0.10507037637296539
val,2016-M009,5,456,1,1.0,0.46150627768127206
val,2016-M009,5,456,2,1.0,0.686494293604445
val,2016-M009,5,456,3,0.0,0.29045081603509004
val,2016-M009,6,457,0,1.0,0.9199859684856215
val,2016-M009,6,457,1,0.0,0.03127050727304498
val,2016-M009,7,458,0,0.0,0.8858001492858636
val,2016-M021,2,447,0,0.0,0.3802259665513147
val,2016-M021,2,447,1,0.0,0.4655368584876838
val,2016-M021,2,447,2,1.0,0.2510463627602051
val,2016-M021,2,447,3,0.0,0.31540732971804525
val,2016-M021,2,447,4,0.0,0.2057871164725525
val,2016-M021,2,447,5,0.0,0.6244815299842552
val,2016-M021,2,447,6,1.0,0.49434062852068966
val,2016-M021,2,447,7,0.0,0.48029949815495804
val,2016-M021,2,447,8,1.0,0.47922708330475444
val,2016-M021,2,447,9,1.0,0.4445686774415423
val,2016-M021,2,447,10,0.0,0.6069363533865728
val,2016-M021,2,447,11,0.0,0.41225587049462037
val,2016-M021,2,447,12,1.0,0.4979750838159047
val,2016-M021,2,447,13,0.0,0.3412077961414064
val,2016-M021,2,447,14,0.0,0.5688360489527626
val,2016-M021,2,447,15,1.0,0.591140346059104
val,2016-M021,2,447,16,1.0,0.6805528477762102
val,2016-M021,2,447,17,1.0,0.6676172761143921
val,2016-M021,2,447,18,1.0,0.3886549582855615
val,2016-M021,2,447,19,1.0,0.676979511505629
val,2016-M021,2,447,20,0.0,0.6445624668253328
val,2016-M021,2,447,21,0.0,0.4532638458752449
val,2016-M021,2,447,22,0.0,0.1742166128092518
val,2016-M021,2,447,23,1.0,0.6416416263338239
val,2016-M021,3,448,0,1.0,0.427756948502156
val,2016-M021,3,448,1,0.0,0.42446834359709895
val,2016-M021,3,448,2,1.0,0.8149026949973797
val,2016-M021,3,448,3,1.0,0.24345030146761412
val,2016-M021,3,448,4,0.0,0.698056847320705
val,2016-M021,3,448,5,0.0,0.4992636628312718
val,2016-M021,3,448,6,0.0,0.3343466676729795
val,2016-M021,3,448,7,1.0,0.9769418237300923
val,2016-M021,3,448,8,1.0,0.9888203030656073
val,2016-M021,3,448,9,1.0,0.5117897867225214
val,2016-M021,3,448,10,1.0,0.4943154628672554
val,2016-M021,3,448,11,0.0,0.5550094885230947
val,2016-M021,3,448,12,1.0,0.8586373070158619
val,2016-M021,3,448,13,0.0,0.170066674754764
val,2016-M021,3,448,14,1.0,0.7321216626440978
val,2016-M021,3,448,15,1.0,0.9173271175509958
val,2016-M021,4,449,0,0.0,0.15949859530590985
val,2016-M021,4,449,1,1.0,0.44426425859060353
val,2016-M021,4,449,2,1.0,0.9768362677878856
val,2016-M021,4,449,3,0.0,0.448829094100939
val,2016-M021,4,449,4,1.0,0.6169216407407071
val,2016-M021,4,449,5,1.0,0.3460844910973067
val,2016-M021,4,449,6,0.0,0.018089857652527276
val,2016-M021,4,449,7,1.0,0.5028648893918475
val,2016-M021,5,450,0,1.0,0.6581575018320353
val,2016-M021,5,450,1,0.0,0.26955268694797085
val,2016-M021,5,450,2,1.0,0.9802749039810594
val,2016-M021,5,450,3,1.0,0.973983218186737
val,2016-M021,6,451,0,0.0,0.7608903162655004
val,2016-M021,6,451,1,1.0,0.9624406910360844
val,2016-M021,7,452,0,1.0,0.8575400447170428
val,2016-M024,2,479,0,0.0,0.24458895303228234
val,2016-M024,2,479,1,1.0,0.366671635164645
val,2016-M024,2,479,2,0.0,0.48892692771839336
val,2016-M024,2,479,3,0.0,0.21718303536169423
val,2016-M024,2,479,4,1.0,0.20481509768836442
val,2016-M024,2,479,5,0.0,0.44338304728172745
val,2016-M024,2,479,6,0.0,0.7264333578315942
val,2016-M024,2,479,7,0.0,0.5169732154034141
val,2016-M024,2,479,8,0.0,0.4011414867855318
val,2016-M024,2,479,9,0.0,0.33652490494913084
val,2016-M024,2,479,10,1.0,0.5492176237356646
val,2016-M024,2,479,11,0.0,0.4664046689153402
val,2016-M024,2,479,12,1.0,0.41194965532436
val,2016-M024,2,479,13,0.0,0.26164420954655815
val,2016-M024,2,479,14,0.0,0.4124809029807384
val,2016-M024,2,479,15,1.0,0.5502578313472372
val,2016-M024,2,479,16,1.0,0.5721445394576177
val,2016-M024,2,479,17,1.0,0.6719302800915757
val,2016-M024,2,479,18,1.0,0.5851603000392265
val,2016-M024,2,479,19,1.0,0.6733635885502252
val,2016-M024,2,479,20,0.0,0.43400798634609833
val,2016-M024,2,479,21,1.0,0.3220806584118933
val,2016-M024,2,479,22,0.0,0.6257889105477589
val,2016-M024,2,479,23,0.0,0.2713514597399045
val,2016-M024,3,480,0,1.0,0.4285100020311036
val,2016-M024,3,480,1,1.0,0.934893107836888
val,2016-M024,3,480,2,1.0,0.39883495323675505
val,2016-M024,3,480,3,1.0,0.734939810972903
val,2016-M024,3,480,4,0.0,0.5153989096871026
val,2016-M024,3,480,5,1.0,0.3592464196659849
val,2016-M024,3,480,6,1.0,0.6312998646043003
val,2016-M024,3,480,7,1.0,0.6590411406093153
val,2016-M024,3,480,8,0.0,0.21711504706954646
val,2016-M024,3,480,9,0.0,0.4261408042084511
val,2016-M024,3,480,10,0.0,0.6555262908629332
val,2016-M024,3,480,11,0.0,0.03253359402938506
val,2016-M024,3,480,12,0.0,0.521061565658317
val,2016-M024,3,480,13,1.0,0.873879751182728
val,2016-M024,3,480,14,0.0,0.465669728225412
val,2016-M024,3,480,15,1.0,0.8570262548134834
val,2016-M024,4,481,0,0.0,0.6470112315077912
val,2016-M024,4,481,1,1.0,0.21334485547388324
val,2016-M024,4,481,2,1.0,0.3367384841513782
val,2016-M024,4,481,3,0.0,0.5646177393049956
val,2016-M024,4,481,4,0.0,0.1759284085011399
val,2016-M024,4,481,5,0.0,0.7183963352895375
val,2016-M024,4,481,6,0.0,0.08302305633940468
val,2016-M024,4,481,7,1.0,0.035695295105843954
val,2016-M024,5,482,0,1.0,0.5965728933315724
val,2016-M024,5,482,1,0.0,0.3143799202541449
val,2016-M024,5,482,2,0.0,0.34847302810360753
val,2016-M024,5,482,3,1.0,0.9352428717269357
val,2016-M024,6,483,0,0.0,0.5040301562499344
val,2016-M024,6,483,1,0.0,0.10826359541428701
val,2016-M024,7,484,0,1.0,0.09700098045269896
