phase,tourney_id,round_order,block_idx,row_in_block,y_true,probability
test,2017-0352,2,582,0,0.0,0.42388145623054413
test,2017-0352,2,582,1,0.0,0.27828078444463855
test,2017-0352,2,582,2,1.0,0.6778030350042081
test,2017-0352,2,582,3,1.0,0.33833293848040424
test,2017-0352,2,582,4,1.0,0.5920767827255276
test,2017-0352,2,582,5,0.0,0.6290430984586434
test,2017-0352,2,582,6,1.0,0.3693710765768092
test,2017-0352,2,582,7,1.0,0.35317955428362036
test,2017-0352,2,582,8,1.0,0.7067932197336653
test,2017-0352,2,582,9,0.0,0.4256008444237371
test,2017-0352,2,582,10,0.0,0.48146212367740704
test,2017-0352,2,582,11,1.0,0.4687000083533752
test,2017-0352,2,582,12,1.0,0.545963191963365
test,2017-0352,2,582,13,1.0,0.31791669530494227
test,2017-0352,2,582,14,0.0,0.5512530446072476
test,2017-0352,2,582,15,1.0,0.6392441530401827
test,2017-0352,3,583,0,0.0,0.07687790846526775
test,2017-0352,3,583,1,0.0,0.4886289219200696
test,2017-0352,3,583,2,1.0,0.14067856625840502
test,2017-0352,3,583,3,0.0,0.7680962353049441
test,2017-0352,3,583,4,0.0,0.7054987674652189
test,2017-0352,3,583,5,0.0,0.2704109043897942
test,2017-0352,3,583,6,0.0,0.36484746039621635
test,2017-0352,3,583,7,0.0,0.4219062695965444
test,2017-0352,3,583,8,1.0,0.7093409992281289
test,2017-0352,3,583,9,1.0,0.7036997260237111
test,2017-0352,3,583,10,1.0,0.6709569917031302
test,2017-0352,3,583,11,0.0,0.1358779009449437
test,2017-0352,3,583,12,0.0,0.760704447000727
test,2017-0352,3,583,13,1.0,0.5628671703305307
test,2017-0352,3,583,14,1.0,0.6374663769107412
test,2017-0352,3,583,15,1.0,0.31125558883385324
test,2017-0352,4,584,0,1.0,0.5227983395067696
test,2017-0352,4,584,1,1.0,0.26141623108189244
test,2017-0352,4,584,2,0.0,0.4820375873756142
test,2017-0352,4,584,3,1.0,0.16522653099730433
test,2017-0352,4,584,4,1.0,0.4428632593726208
test,2017-0352,4,584,5,0.0,0.25780022303838834
test,2017-0352,4,584,6,0.0,0.6249464125446081
test,2017-0352,4,584,7,1.0,0.8675217654532701
test,2017-0352,5,585,0,0.0,0.5140328326763217
test,2017-0352,5,585,1,0.0,0.3709353724175828
test,2017-0352,5,585,2,0.0,0.8132353546373298
test,2017-0352,5,585,3,0.0,0.9404438765406006
test,2017-0352,6,586,0,0.0,0.8060742451714914
test,2017-0352,6,586,1,1.0,0.7574425546288025
test,2017-0352,7,587,0,1.0,0.752297288051349
test,2017-0410,2,525,0,0.0,0.247760698064419
test,2017-0410,2,525,1,1.0,0.7477251990434179
test,2017-0410,2,525,2,0.0,0.6455785415920741
test,2017-0410,2,525,3,0.0,0.5094025801832703
test,2017-0410,2,525,4,0.0,0.14879738527398495
test,2017-0410,2,525,5,0.0,0.44488512770695016
test,2017-0410,2,525,6,1.0,0.5137472151396474
test,2017-0410,2,525,7,1.0,0.7717457310646143
test,2017-0410,2,525,8,1.0,0.6136117470121804
test,2017-0410,2,525,9,1.0,0.8527880302165298
test,2017-0410,2,525,10,1.0,0.35124665600969784
test,2017-0410,2,525,11,0.0,0.517681232860354
test,2017-0410,2,525,12,0.0,0.6067263606558698
test,2017-0410,2,525,13,0.0,0.26465372361951195
test,2017-0410,2,525,14,0.0,0.6442484030044312
test,2017-0410,2,525,15,0.0,0.5210620680652772
test,2017-0410,2,525,16,1.0,0.7506963400844565
test,2017-0410,2,525,17,1.0,0.4468683469653154
test,2017-0410,2,525,18,1.0,0.3285805218365697
test,2017-0410,2,525,19,0.0,0.47681705473079883
test,2017-0410,2,525,20,1.0,0.4830049125897052
test,2017-0410,2,525,21,1.0,0.7273521370933742
test,2017-0410,2,525,22,0.0,0.4853418252087801
test,2017-0410,2,525,23,1.0,0.8187377921754765
test,2017-0410,3,526,0,0.0,0.39656614271481944
test,2017-0410,3,526,1,1.0,0.9516763256778211
test,2017-0410,3,526,2,0.0,0.3179508703342391
test,2017-0410,3,526,3,1.0,0.8829052663284147
test,2017-0410,3,526,4,0.0,0.1643549114974734
test,2017-0410,3,526,5,1.0,0.6970359214739452
test,2017-0410,3,526,6,0.0,0.8384287857563424
test,2017-0410,3,526,7,1.0,0.24974888792459113
test,2017-0410,3,526,8,1.0,0.21878557082024153
test,2017-0410,3,526,9,1.0,0.5101464792767896
test,2017-0410,3,526,10,0.0,0.3936471168820901
test,2017-0410,3,526,11,1.0,0.8955325682942072
test,2017-0410,3,526,12,0.0,0.16788029363701393
test,2017-0410,3,526,13,1.0,0.8022927508845065
test,2017-0410,3,526,14,0.0,0.3831263756917286
test,2017-0410,3,526,15,1.0,0.8952648204295913
test,2017-0410,4,527,0,0.0,0.057363917821380055
test,2017-0410,4,527,1,1.0,0.620571578986779
test,2017-0410,4,527,2,1.0,0.49660251727807964
test,2017-0410,4,527,3,0.0,0.31093413201181735
test,2017-0410,4,527,4,1.0,0.22723498397644182
test,2017-0410,4,527,5,1.0,0.28139115651346275
test,2017-0410,4,527,6,0.0,0.9210379117445074
test,2017-0410,4,527,7,1.0,0.8051273251669998
test,2017-0410,5,528,0,0.0,0.8440814986343591
test,2017-0410,5,528,1,0.0,0.10699239298641397
test,2017-0410,5,528,2,0.0,0.46359071212743325
test,2017-0410,5,528,3,1.0,0.4095250428923519
test,2017-0410,6,529,0,1.0,0.6560997985828265
test,2017-0410,6,529,1,0.0,0.5505392453288567
test,2017-0410,7,530,0,0.0,0.17421987840323264
test,2017-0421,2,557,0,1.0,0.6538031708420432
test,2017-0421,2,557,1,0.0,0.2213456291857748
test,2017-0421,2,557,2,1.0,0.8480522994248278
test,2017-0421,2,557,3,0.0,0.3003535787532802
test,2017-0421,2,557,4,1.0,0.8083176629092191
test,2017-0421,2,557,5,1.0,0.6918790141466356
test,2017-0421,2,557,6,1.0,0.5611783353475038
test,2017-0421,2,557,7,0.0,0.6970303098049413
test,2017-0421,2,557,8,0.0,0.504092692390404
test,2017-0421,2,557,9,1.0,0.3008423848754219
test,2017-0421,2,557,10,0.0,0.1855254883317046
test,2017-0421,2,557,11,1.0,0.8286783039989067
test,2017-0421,2,557,12,1.0,0.34994198194403986
test,2017-0421,2,557,13,0.0,0.36653406142522466
test,2017-0421,2,557,14,0.0,0.40822891923403676
test,2017-0421,2,557,15,1.0,0.4850020428328531
test,2017-0421,2,557,16,0.0,0.2688197884841896
test,2017-0421,2,557,17,0.0,0.12387801529835983
test,2017-0421,2,557,18,0.0,0.6212839710349953
test,2017-0421,2,557,19,0.0,0.29082341553307944
test,2017-0421,2,557,20,1.0,0.8855091192051312
test,2017-0421,2,557,21,0.0,0.4171871080897073
test,2017-0421,2,557,22,1.0,0.7524959493907211
test,2017-0421,2,557,23,0.0,0.667793736115362
test,2017-0421,3,558,0,0.0,0.5093392236357639
test,2017-0421,3,558,1,0.0,0.11962197196966719
test,2017-0421,3,558,2,1.0,0.15015599842825536
test,2017-0421,3,558,3,1.0,0.20529915190330936
test,2017-0421,3,558,4,0.0,0.21789353236086567
test,2017-0421,3,558,5,0.0,0.5632206290812986
test,2017-0421,3,558,6,0.0,0.6867455609980064
test,2017-0421,3,558,7,0.0,0.3046013374620107
test,2017-0421,3,558,8,0.0,0.4491472765327003
test,2017-0421,3,558,9,1.0,0.512185768524404
test,2017-0421,3,558,10,0.0,0.7672430583911122
test,2017-0421,3,558,11,1.0,0.4905022834233622
test,2017-0421,3,558,12,1.0,0.21324711764120352
test,2017-0421,3,558,13,1.0,0.45651405414857243
test,2017-0421,3,558,14,0.0,0.046049111920615844
test,2017-0421,3,558,15,0.0,0.2437932771457084
test,2017-0421,4,559,0,1.0,0.8537285280297829
test,2017-0421,4,559,1,1.0,0.37942602740388687
test,2017-0421,4,559,2,0.0,0.7492389284673726
test,2017-0421,4,559,3,1.0,0.5564433780072102
test,2017-0421,4,559,4,0.0,0.5366196899440513
test,2017-0421,4,559,5,0.0,0.41601106237795166
test,2017-0421,4,559,6,0.0,0.9449330051851806
test,2017-0421,4,559,7,0.0,0.46544567567339096
test,2017-0421,5,560,0,0.0,0.1898440259200424
test,2017-0421,5,560,1,0.0,0.5575542140871304
test,2017-0421,5,560,2,1.0,0.5868358495207042
test,2017-0421,5,560,3,0.0,0.6610695848142902
test,2017-0421,6,561,0,1.0,0.8136190242458919
test,2017-0421,6,561,1,0.0,0.07276026643678495
test,2017-0421,7,562,0,1.0,0.18989901964086525
test,2017-5014,2,576,0,1.0,0.7224578244478814
test,2017-5014,2,576,1,1.0,0.5112478278082666
test,2017-5014,2,576,2,0.0,0.7227351658764899
test,2017-5014,2,576,3,1.0,0.22981622408319852
test,2017-5014,2,576,4,1.0,0.7052722027658962
test,2017-5014,2,576,5,1.0,0.8320904387303746
test,2017-5014,2,576,6,1.0,0.44361439597453695
test,2017-5014,2,576,7,1.0,0.7710614199161018
test,2017-5014,2,576,8,1.0,0.8049296804234327
test,2017-5014,2,576,9,1.0,0.23253220731492957
test,2017-5014,2,576,10,1.0,0.5222574595692667
test,2017-5014,2,576,11,1.0,0.5853764114989908
test,2017-5014,2,576,12,0.0,0.6174259586055124
test,2017-5014,2,576,13,0.0,0.3328023626538285
test,2017-5014,2,576,14,0.0,0.5116761062203047
test,2017-5014,2,576,15,1.0,0.26245211578458155
test,2017-5014,2,576,16,0.0,0.7534878500311302
test,2017-5014,2,576,17,0.0,0.6071948080228701
test,2017-5014,2,576,18,1.0,0.5202237749484339
test,2017-5014,2,576,19,0.0,0.1805670180134655
test,2017-5014,2,576,20,0.0,0.33378711772641917
test,2017-5014,2,576,21,1.0,0.3782417733578299
test,2017-5014,2,576,22,1.0,0.7880293949749613
test,2017-5014,2,576,23,0.0,0.5018838572825791
test,2017-5014,3,577,0,0.0,0.14176470567124724
test,2017-5014,3,577,1,0.0,0.35569415611891675
test,2017-5014,3,577,2,0.0,0.2958109205669066
test,2017-5014,3,577,3,1.0,0.6769253064906195
test,2017-5014,3,577,4,1.0,0.421634661388207
test,2017-5014,3,577,5,0.0,0.7688643472929682
test,2017-5014,3,577,6,0.0,0.6043906247283686
test,2017-5014,3,577,7,0.0,0.20705723137486537
test,2017-5014,3,577,8,0.0,0.14517293209054632
test,2017-5014,3,577,9,1.0,0.2396003537837003
test,2017-5014,3,577,10,0.0,0.22150487151183137
test,2017-5014,3,577,11,0.0,0.6442383749492371
test,2017-5014,3,577,12,0.0,0.2800583618874674
test,2017-5014,3,577,13,0.0,0.27581123554530224
test,2017-5014,3,577,14,1.0,0.8444612795605416
test,2017-5014,3,577,15,1.0,0.4258347462486623
test,2017-5014,4,578,0,0.0,0.5520493452157159
test,2017-5014,4,578,1,0.0,0.4545120091194631
test,2017-5014,4,578,2,1.0,0.902449747024697
test,2017-5014,4,578,3,1.0,0.2741919570880335
test,2017-5014,4,578,4,1.0,0.6550362360693458
test,2017-5014,4,578,5,1.0,0.6469590900974539
test,2017-5014,4,578,6,1.0,0.8494503906791834
test,2017-5014,4,578,7,0.0,0.3264092917744872
test,2017-5014,5,579,0,0.0,0.20231715421420335
test,2017-5014,5,579,1,0.0,0.3063531474936823
test,2017-5014,5,579,2,1.0,0.5757535901201412
test,2017-5014,5,579,3,0.0,0.27404075050815374
test,2017-5014,6,580,0,1.0,0.7898612378241324
test,2017-5014,6,580,1,0.0,0.2153069915013944
test,2017-5014,7,581,0,1.0,0.5067732451608082
test,2017-520,1,543,0,1.0,0.9440084267518548
test,2017-520,1,543,1,1.0,0.7311585005864352
test,2017-520,1,543,2,1.0,0.8090655369813032
test,2017-520,1,543,3,0.0,0.3745445261384723
test,2017-520,1,543,4,0.0,0.2554233345845507
test,2017-520,1,543,5,1.0,0.722394131214394
test,2017-520,1,543,6,0.0,0.9101609983187287
test,2017-520,1,543,7,0.0,0.0884680631306206
test,2017-520,1,543,8,1.0,0.4981279513034461
test,2017-520,1,543,9,1.0,0.4553008074244746
test,2017-520,1,543,10,1.0,0.8931053762966191
test,2017-520,1,543,11,1.0,0.7874618711923332
test,2017-520,1,543,12,1.0,0.500311225101253
test,2017-520,1,543,13,0.0,0.07800704904157978
test,2017-520,1,543,14,0.0,0.07034146992671934
test,2017-520,1,543,15,0.0,0.20934510359560157
test,2017-520,1,543,16,1.0,0.7285388285810241
test,2017-520,1,543,17,0.0,0.7501629922258833
test,2017-520,1,543,18,1.0,0.8803932780170349
test,2017-520,1,543,19,1.0,0.26818545035661695
test,2017-520,1,543,20,0.0,0.5139889584353904
test,2017-520,1,543,21,0.0,0.729338433715837
test,2017-520,1,543,22,0.0,0.14555255349113627
test,2017-520,1,543,23,0.0,0.21907874753409434
test,2017-520,1,543,24,1.0,0.6833231291961368
test,2017-520,1,543,25,1.0,0.8511836997144154
test,2017-520,1,543,26,0.0,0.2655069791234052
test,2017-520,1,543,27,0.0,0.4153971369122023
test,2017-520,1,543,28,1.0,0.6664808825193697
test,2017-520,1,543,29,1.0,0.9286888204381856
test,2017-520,1,543,30,0.0,0.41873798241954446
test,2017-520,1,543,31,1.0,0.7294529543283508
test,2017-520,1,543,32,1.0,0.617484597282397
test,2017-520,1,543,33,1.0,0.7958636717770186
test,2017-520,1,543,34,1.0,0.2013384414821178
test,2017-520,1,543,35,0.0,0.19961760703259343
test,2017-520,1,543,36,1.0,0.3452752757998174
test,2017-520,1,543,37,1.0,0.5356075301380018
test,2017-520,1,543,38,0.0,0.18782990579459555
test,2017-520,1,543,39,0.0,0.08460100379870551
test,2017-520,1,543,40,1.0,0.5309679749196184
test,2017-520,1,543,41,1.0,0.37145167142748503
test,2017-520,1,543,42,0.0,0.21947539162751742
test,2017-520,1,543,43,0.0,0.2972341266884266
test,2017-520,1,543,44,0.0,0.18581142261978123
test,2017-520,1,543,45,0.0,0.6640311795197253
test,2017-520,1,543,46,1.0,0.784557065981654
test,2017-520,1,543,47,1.0,0.9000094156069585
test,2017-520,1,543,48,0.0,0.2397251698913838
test,2017-520,1,543,49,0.0,0.4856976468339976
test,2017-520,1,543,50,0.0,0.8464057930554795
test,2017-520,1,543,51,1.0,0.762322815879979
test,2017-520,1,543,52,1.0,0.8894334289001403
test,2017-520,1,543,53,0.0,0.5166523727611391
test,2017-520,1,543,54,0.0,0.5329129826054323
test,2017-520,1,543,55,1.0,0.7147076343037244
test,2017-520,1,543,56,0.0,0.4780021226805529
test,2017-520,1,543,57,1.0,0.3482232036606324
test,2017-520,1,543,58,0.0,0.1965102124089827
test,2017-520,1,543,59,1.0,0.2977590838410549
test,2017-520,1,543,60,0.0,0.5057168488759067
test,2017-520,1,543,61,1.0,0.7026210612076087
test,2017-520,1,543,62,0.0,0.1761351281058225
test,2017-520,1,543,63,0.0,0.49914315893834654
test,2017-520,2,544,0,0.0,0.27184517227163646
test,2017-520,2,544,1,0.0,0.21990094142715347
test,2017-520,2,544,2,1.0,0.7916850428021409
test,2017-520,2,544,3,0.0,0.37894272970405135
test,2017-520,2,544,4,1.0,0.2993806946228101
test,2017-520,2,544,5,0.0,0.11712539303805437
test,2017-520,2,544,6,1.0,0.8657577080882897
test,2017-520,2,544,7,1.0,0.3905867649674549
test,2017-520,2,544,8,0.0,0.6346930536230097
test,2017-520,2,544,9,1.0,0.7354878599609392
test,2017-520,2,544,10,0.0,0.3809304632002069
test,2017-520,2,544,11,1.0,0.9344289132110782
test,2017-520,2,544,12,0.0,0.08687909879156436
test,2017-520,2,544,13,1.0,0.12753313219016962
test,2017-520,2,544,14,1.0,0.3443862241123534
test,2017-520,2,544,15,0.0,0.7571821458811417
test,2017-520,2,544,16,1.0,0.6963072195486488
test,2017-520,2,544,17,0.0,0.07667731347064143
test,2017-520,2,544,18,1.0,0.850092170695676
test,2017-520,2,544,19,0.0,0.35545055545566745
test,2017-520,2,544,20,1.0,0.8520345314421937
test,2017-520,2,544,21,0.0,0.14667004954376062
test,2017-520,2,544,22,0.0,0.6049506379029562
test,2017-520,2,544,23,0.0,0.10880426352349366
test,2017-520,2,544,24,0.0,0.36623709916378483
test,2017-520,2,544,25,0.0,0.11892873771123277
test,2017-520,2,544,26,1.0,0.7931599121848765
test,2017-520,2,544,27,0.0,0.3346832654428168
test,2017-520,2,544,28,1.0,0.847555560819739
test,2017-520,2,544,29,0.0,0.26991654426868217
test,2017-520,2,544,30,0.0,0.04559460025149477
test,2017-520,2,544,31,1.0,0.939058787285743
test,2017-520,3,545,0,1.0,0.7937492205424318
test,2017-520,3,545,1,1.0,0.8774644201571764
test,2017-520,3,545,2,0.0,0.05987879406989785
test,2017-520,3,545,3,0.0,0.5436280577952106
test,2017-520,3,545,4,0.0,0.8677886765182292
test,2017-520,3,545,5,1.0,0.9461406607012476
test,2017-520,3,545,6,1.0,0.6783910195617494
test,2017-520,3,545,7,0.0,0.6223973003594034
test,2017-520,3,545,8,1.0,0.8483884854002001
test,2017-520,3,545,9,0.0,0.3139522072672816
test,2017-520,3,545,10,0.0,0.4267189552687776
test,2017-520,3,545,11,1.0,0.6295241214246373
test,2017-520,3,545,12,1.0,0.9074718398402997
test,2017-520,3,545,13,0.0,0.6482154940653608
test,2017-520,3,545,14,0.0,0.7903541322124369
test,2017-520,3,545,15,0.0,0.25204761042394036
test,2017-520,4,546,0,1.0,0.9060009589063777
test,2017-520,4,546,1,1.0,0.8347196080185871
test,2017-520,4,546,2,1.0,0.8122066929605846
test,2017-520,4,546,3,1.0,0.25829009355434573
test,2017-520,4,546,4,0.0,0.3174340715465596
test,2017-520,4,546,5,0.0,0.5442791314252587
test,2017-520,4,546,6,1.0,0.8082859755577652
test,2017-520,4,546,7,1.0,0.9271833708719858
test,2017-520,5,547,0,0.0,0.8368352401614993
test,2017-520,5,547,1,0.0,0.13248803223507696
test,2017-520,5,547,2,1.0,0.6324450926208972
test,2017-520,5,547,3,1.0,0.7082011809350546
test,2017-520,6,548,0,0.0,0.26017058308457597
test,2017-520,6,548,1,0.0,0.7509468743572348
test,2017-520,7,549,0,1.0,0.7135045284542123
test,2017-540,1,550,0,1.0,0.9065588845786214
test,2017-540,1,550,1,1.0,0.41419426456693836
test,2017-540,1,550,2,1.0,0.7505090691820838
test,2017-540,1,550,3,1.0,0.8674768167520693
test,2017-540,1,550,4,1.0,0.467557878964855
test,2017-540,1,550,5,1.0,0.5079316470239638
test,2017-540,1,550,6,1.0,0.9330035833413521
test,2017-540,1,550,7,0.0,0.20814069359594306
test,2017-540,1,550,8,1.0,0.5991008521336307
test,2017-540,1,550,9,1.0,0.6197089597573183
test,2017-540,1,550,10,0.0,0.6127917739852711
test,2017-540,1,550,11,1.0,0.4430854928704956
test,2017-540,1,550,12,0.0,0.4712234954441385
test,2017-540,1,550,13,0.0,0.5321149777790635
test,2017-540,1,550,14,0.0,0.07015536206103651
test,2017-540,1,550,15,1.0,0.541696232840652
test,2017-540,1,550,16,0.0,0.9248812370142414
test,2017-540,1,550,17,1.0,0.7895255374931317
test,2017-540,1,550,18,1.0,0.52282629968506
test,2017-540,1,550,19,0.0,0.49945080434303984
test,2017-540,1,550,20,0.0,0.5236212559192888
test,2017-540,1,550,21,1.0,0.7443808880509675
test,2017-540,1,550,22,1.0,0.55738729382606
test,2017-540,1,550,23,0.0,0.30689150170702095
test,2017-540,1,550,24,1.0,0.19070279958203404
test,2017-540,1,550,25,1.0,0.7841422439869263
test,2017-540,1,550,26,1.0,0.7530633901991958
test,2017-540,1,550,27,0.0,0.6747606162760177
test,2017-540,1,550,28,1.0,0.9672498246468458
test,2017-540,1,550,29,1.0,0.9654127286377623
test,2017-540,1,550,30,1.0,0.29830030290653003
test,2017-540,1,550,31,1.0,0.29802598488020987
test,2017-540,1,550,32,0.0,0.23008275726183916
test,2017-540,1,550,33,0.0,0.14804434502438985
test,2017-540,1,550,34,0.0,0.4919883695473812
test,2017-540,1,550,35,0.0,0.20413445454402368
test,2017-540,1,550,36,0.0,0.13468399549487498
test,2017-540,1,550,37,1.0,0.3799729233689873
test,2017-540,1,550,38,1.0,0.6788332574835647
test,2017-540,1,550,39,1.0,0.8132512093063541
test,2017-540,1,550,40,1.0,0.9111978818322364
test,2017-540,1,550,41,0.0,0.6373250775879677
test,2017-540,1,550,42,1.0,0.5558063532600894
test,2017-540,1,550,43,1.0,0.3787824088692935
test,2017-540,1,550,44,0.0,0.49295847948416166
test,2017-540,1,550,45,0.0,0.4038801310273873
test,2017-540,1,550,46,0.0,0.1351675459879792
test,2017-540,1,550,47,0.0,0.17268830422115367
test,2017-540,1,550,48,0.0,0.1771028505933086
test,2017-540,1,550,49,0.0,0.2687486806852659
test,2017-540,1,550,50,0.0,0.3996135673941848
test,2017-540,1,550,51,0.0,0.061409387531855895
test,2017-540,1,550,52,1.0,0.7965801243076158
test,2017-540,1,550,53,1.0,0.8680204433056931
test,2017-540,1,550,54,0.0,0.5984901805049231
test,2017-540,1,550,55,0.0,0.14193457486851307
test,2017-540,1,550,56,1.0,0.3043216865354607
test,2017-540,1,550,57,0.0,0.2906392678242054
test,2017-540,1,550,58,0.0,0.67874502737701
test,2017-540,1,550,59,0.0,0.1632048461692273
test,2017-540,1,550,60,1.0,0.40268301787574484
test,2017-540,1,550,61,0.0,0.4214850245549743
test,2017-540,1,550,62,1.0,0.7200759478529991
test,2017-540,1,550,63,0.0,0.5814808800497077
test,2017-540,2,551,0,0.0,0.17313698130807129
test,2017-540,2,551,1,0.0,0.23115781795844162
test,2017-540,2,551,2,0.0,0.8392291614304133
test,2017-540,2,551,3,0.0,0.40754506913975747
test,2017-540,2,551,4,0.0,0.06321931172906027
test,2017-540,2,551,5,0.0,0.528398124741063
test,2017-540,2,551,6,1.0,0.7668968740908663
test,2017-540,2,551,7,0.0,0.16329821683080212
test,2017-540,2,551,8,1.0,0.8311177816934824
test,2017-540,2,551,9,0.0,0.3992813599805489
test,2017-540,2,551,10,1.0,0.12499852389081395
test,2017-540,2,551,11,0.0,0.35246424668713994
test,2017-540,2,551,12,0.0,0.22218288921351628
test,2017-540,2,551,13,0.0,0.1368928827230283
test,2017-540,2,551,14,1.0,0.8444545487224172
test,2017-540,2,551,15,0.0,0.29264861218985233
test,2017-540,2,551,16,1.0,0.8487799528946948
test,2017-540,2,551,17,0.0,0.11258739191187712
test,2017-540,2,551,18,0.0,0.394771262535334
test,2017-540,2,551,19,1.0,0.4789733037812352
test,2017-540,2,551,20,0.0,0.32109622723710507
test,2017-540,2,551,21,1.0,0.9294392550442288
test,2017-540,2,551,22,0.0,0.5442565376953787
test,2017-540,2,551,23,0.0,0.4019970808238152
test,2017-540,2,551,24,1.0,0.6601410248296876
test,2017-540,2,551,25,1.0,0.27461701605307504
test,2017-540,2,551,26,1.0,0.19877273804034332
test,2017-540,2,551,27,1.0,0.5681563185181426
test,2017-540,2,551,28,0.0,0.15111063092762456
test,2017-540,2,551,29,1.0,0.9643063164793385
test,2017-540,2,551,30,0.0,0.4755616158979997
test,2017-540,2,551,31,0.0,0.046604535315093586
test,2017-540,3,552,0,1.0,0.6897351292902731
test,2017-540,3,552,1,0.0,0.3146315243922167
test,2017-540,3,552,2,1.0,0.9433122365576396
test,2017-540,3,552,3,1.0,0.15451555135494074
test,2017-540,3,552,4,1.0,0.8225264517743307
test,2017-540,3,552,5,0.0,0.08720284442393766
test,2017-540,3,552,6,1.0,0.8094689870044127
test,2017-540,3,552,7,0.0,0.16987350976805243
test,2017-540,3,552,8,1.0,0.7157687686401925
test,2017-540,3,552,9,0.0,0.2747462210078841
test,2017-540,3,552,10,1.0,0.32842208467716344
test,2017-540,3,552,11,0.0,0.4756459068224474
test,2017-540,3,552,12,1.0,0.9084145902566244
test,2017-540,3,552,13,0.0,0.22214360532151495
test,2017-540,3,552,14,1.0,0.23379529117553424
test,2017-540,3,552,15,0.0,0.11398654871078084
test,2017-540,4,553,0,1.0,0.9366010804022132
test,2017-540,4,553,1,0.0,0.451587761994777
test,2017-540,4,553,2,0.0,0.16545094068914631
test,2017-540,4,553,3,0.0,0.3771407081785748
test,2017-540,4,553,4,0.0,0.49080222842022964
test,2017-540,4,553,5,0.0,0.9130535133373645
test,2017-540,4,553,6,0.0,0.5728558489810908
test,2017-540,4,553,7,0.0,0.09131173509039799
test,2017-540,5,554,0,1.0,0.21153428704033184
test,2017-540,5,554,1,1.0,0.7504655209222523
test,2017-540,5,554,2,0.0,0.24366498399563574
test,2017-540,5,554,3,0.0,0.9038884706962294
test,2017-540,6,555,0,1.0,0.7561066031333967
test,2017-540,6,555,1,0.0,0.29347114581626865
test,2017-540,7,556,0,0.0,0.1926754545304024
test,2017-560,1,569,0,1.0,0.9297879049471978
test,2017-560,1,569,1,0.0,0.47145069159964753
test,2017-560,1,569,2,1.0,0.8089887151354728
test,2017-560,1,569,3,0.0,0.4986720753124862
test,2017-560,1,569,4,0.0,0.5891559623972004
test,2017-560,1,569,5,1.0,0.7717293315180486
test,2017-560,1,569,6,0.0,0.8725538914520425
test,2017-560,1,569,7,1.0,0.6751204747050036
test,2017-560,1,569,8,0.0,0.38978488143817824
test,2017-560,1,569,9,1.0,0.6247568926469853
test,2017-560,1,569,10,1.0,0.5925345346118679
test,2017-560,1,569,11,0.0,0.3414360498670621
test,2017-560,1,569,12,0.0,0.052976953249834924
test,2017-560,1,569,13,1.0,0.9152083676034815
test,2017-560,1,569,14,1.0,0.4080542472800719
test,2017-560,1,569,15,1.0,0.7716947284755625
test,2017-560,1,569,16,1.0,0.4532098792199693
test,2017-560,1,569,17,1.0,0.8204570147887912
test,2017-560,1,569,18,1.0,0.8038731852444517
test,2017-560,1,569,19,0.0,0.5014749628435821
test,2017-560,1,569,20,1.0,0.8729070454858314
test,2017-560,1,569,21,0.0,0.18284678169787724
test,2017-560,1,569,22,1.0,0.5130793113786488
test,2017-560,1,569,23,0.0,0.2606823256411685
test,2017-560,1,569,24,1.0,0.11899794932115121
test,2017-560,1,569,25,1.0,0.17146349810196626
test,2017-560,1,569,26,1.0,0.7227229432880179
test,2017-560,1,569,27,0.0,0.4751758036716816
test,2017-560,1,569,28,0.0,0.06065610750334466
test,2017-560,1,569,29,1.0,0.5070758401476773
test,2017-560,1,569,30,1.0,0.2667251745688707
test,2017-560,1,569,31,0.0,0.7065756178289468
test,2017-560,1,569,32,1.0,0.7211862917714027
test,2017-560,1,569,33,0.0,0.07883412208698456
test,2017-560,1,569,34,0.0,0.3176483651310519
test,2017-560,1,569,35,0.0,0.7653368765789061
test,2017-560,1,569,36,1.0,0.4677564289718228
test,2017-560,1,569,37,0.0,0.33460224499363567
test,2017-560,1,569,38,0.0,0.1820802442821526
test,2017-560,1,569,39,1.0,0.8558695210612858
test,2017-560,1,569,40,0.0,0.6376851351497027
test,2017-560,1,569,41,1.0,0.7596879173355925
test,2017-560,1,569,42,1.0,0.7078024701035679
test,2017-560,1,569,43,0.0,0.5025982533000347
test,2017-560,1,569,44,0.0,0.43995632789258626
test,2017-560,1,569,45,0.0,0.35643878375635646
test,2017-560,1,569,46,0.0,0.1292038918491312
test,2017-560,1,569,47,0.0,0.12526426996439702
test,2017-560,1,569,48,1.0,0.5171959605743488
test,2017-560,1,569,49,0.0,0.3990980616500039
test,2017-560,1,569,50,0.0,0.13294254203238687
test,2017-560,1,569,51,1.0,0.6588651446532227
test,2017-560,1,569,52,0.0,0.5745437660753331
test,2017-560,1,569,53,0.0,0.5517189672650569
test,2017-560,1,569,54,0.0,0.6631562786464459
test,2017-560,1,569,55,0.0,0.20063150696428525
test,2017-560,1,569,56,0.0,0.3012976400817698
test,2017-560,1,569,57,1.0,0.7261833791999428
test,2017-560,1,569,58,0.0,0.18343855338538792
test,2017-560,1,569,59,1.0,0.16795707585893335
test,2017-560,1,569,60,0.0,0.3974225692315024
test,2017-560,1,569,61,1.0,0.4368811736928391
test,2017-560,1,569,62,0.0,0.4973875376628961
test,2017-560,1,569,63,1.0,0.502626636073783
test,2017-560,2,570,0,0.0,0.4876345380585929
test,2017-560,2,570,1,1.0,0.8035336937049071
test,2017-560,2,570,2,1.0,0.43669932617693974
test,2017-560,2,570,3,1.0,0.4470199476286853
test,2017-560,2,570,4,1.0,0.7520079759914734
test,2017-560,2,570,5,1.0,0.8552386513654692
test,2017-560,2,570,6,1.0,0.21174512041137944
test,2017-560,2,570,7,1.0,0.484574063005638
test,2017-560,2,570,8,1.0,0.3323083485698622
test,2017-560,2,570,9,1.0,0.613230833759491
test,2017-560,2,570,10,1.0,0.4597452894260467
test,2017-560,2,570,11,1.0,0.24868869154928722
test,2017-560,2,570,12,0.0,0.30564117576253885
test,2017-560,2,570,13,0.0,0.1443971318577358
test,2017-560,2,570,14,0.0,0.2806760070145489
test,2017-560,2,570,15,0.0,0.18883436840937634
test,2017-560,2,570,16,0.0,0.16027622777491804
test,2017-560,2,570,17,1.0,0.41152801613101714
test,2017-560,2,570,18,0.0,0.3786376812050697
test,2017-560,2,570,19,1.0,0.500805767627965
test,2017-560,2,570,20,0.0,0.06345361393822253
test,2017-560,2,570,21,0.0,0.8679823821420923
test,2017-560,2,570,22,1.0,0.7704086655999018
test,2017-560,2,570,23,0.0,0.34249781723387784
test,2017-560,2,570,24,1.0,0.8491271687317878
test,2017-560,2,570,25,1.0,0.17874853496945317
test,2017-560,2,570,26,1.0,0.7176757398771327
test,2017-560,2,570,27,0.0,0.5567880716523093
test,2017-560,2,570,28,1.0,0.8568263710236873
test,2017-560,2,570,29,0.0,0.3119125344302645
test,2017-560,2,570,30,1.0,0.9460848687790426
test,2017-560,2,570,31,0.0,0.1530648800364479
test,2017-560,3,571,0,0.0,0.33333839666842113
test,2017-560,3,571,1,1.0,0.9372010412358442
test,2017-560,3,571,2,1.0,0.2962939152511374
test,2017-560,3,571,3,1.0,0.6885538540294155
test,2017-560,3,571,4,1.0,0.4392524363421959
test,2017-560,3,571,5,0.0,0.35915071878952626
test,2017-560,3,571,6,1.0,0.2802999355935138
test,2017-560,3,571,7,0.0,0.25095988842811356
test,2017-560,3,571,8,1.0,0.7490586615223229
test,2017-560,3,571,9,1.0,0.40876329618865903
test,2017-560,3,571,10,1.0,0.5530638826924363
test,2017-560,3,571,11,1.0,0.9026152496206065
test,2017-560,3,571,12,0.0,0.573017597242891
test,2017-560,3,571,13,1.0,0.4379510808102849
test,2017-560,3,571,14,1.0,0.4752366378931596
test,2017-560,3,571,15,1.0,0.7023356275639895
test,2017-560,4,572,0,0.0,0.6018984689330066
test,2017-560,4,572,1,1.0,0.7142332793581321
test,2017-560,4,572,2,0.0,0.27002613930543073
test,2017-560,4,572,3,1.0,0.5394808253205959
test,2017-560,4,572,4,0.0,0.661429109732951
test,2017-560,4,572,5,1.0,0.9311730637996328
test,2017-560,4,572,6,1.0,0.14841808896718034
test,2017-560,4,572,7,0.0,0.07877841548975505
test,2017-560,5,573,0,0.0,0.37359045075425856
test,2017-560,5,573,1,0.0,0.39174070096413627
test,2017-560,5,573,2,1.0,0.14019405958542275
test,2017-560,5,573,3,0.0,0.06550970167388681
test,2017-560,6,574,0,1.0,0.5208235719990801
test,2017-560,6,574,1,1.0,0.8360265954847015
test,2017-560,7,575,0,0.0,0.17751154368233493
test,2017-580,1,504,0,0.0,0.04103442132864586
test,2017-580,1,504,1,1.0,0.5528507283032773
test,2017-580,1,504,2,1.0,0.7716957339429389
test,2017-580,1,504,3,1.0,0.24559283962978617
test,2017-580,1,504,4,1.0,0.5076665770370316
test,2017-580,1,504,5,0.0,0.05682329969209372
test,2017-580,1,504,6,0.0,0.11915032751555497
test,2017-580,1,504,7,1.0,0.6577689405931378
test,2017-580,1,504,8,0.0,0.4940625637211621
test,2017-580,1,504,9,0.0,0.6676469085767057
test,2017-580,1,504,10,1.0,0.6044557093741187
test,2017-580,1,504,11,1.0,0.5872531642987073
test,2017-580,1,504,12,1.0,0.6156006614675644
test,2017-580,1,504,13,1.0,0.883601835954023
test,2017-580,1,504,14,0.0,0.17119717673620116
test,2017-580,1,504,15,0.0,0.3063675110792854
test,2017-580,1,504,16,0.0,0.3491835808999384
test,2017-580,1,504,17,0.0,0.7536050097488328
test,2017-580,1,504,18,0.0,0.06266113474873035
test,2017-580,1,504,19,1.0,0.4688793538467946
test,2017-580,1,504,20,1.0,0.4498511185617182
test,2017-580,1,504,21,0.0,0.07341907183161914
test,2017-580,1,504,22,1.0,0.1362376636153333
test,2017-580,1,504,23,0.0,0.29585970105985215
test,2017-580,1,504,24,0.0,0.5702332923779634
test,2017-580,1,504,25,1.0,0.9416621395309777
test,2017-580,1,504,26,0.0,0.33730325160807256
test,2017-580,1,504,27,1.0,0.606765772467372
test,2017-580,1,504,28,1.0,0.3792245443410754
test,2017-580,1,504,29,1.0,0.9679054289915902
test,2017-580,1,504,30,0.0,0.723018860502215
test,2017-580,1,504,31,1.0,0.4188780599059817
test,2017-580,1,504,32,0.0,0.47670100006944355
test,2017-580,1,504,33,1.0,0.8437129715554228
test,2017-580,1,504,34,1.0,0.6663293500895576
test,2017-580,1,504,35,1.0,0.9099186885055307
test,2017-580,1,504,36,0.0,0.4779136359862491
test,2017-580,1,504,37,0.0,0.4737297705813589
test,2017-580,1,504,38,1.0,0.877905617609854
test,2017-580,1,504,39,1.0,0.9053043082070548
test,2017-580,1,504,40,1.0,0.6179361309413074
test,2017-580,1,504,41,0.0,0.47022471571398833
test,2017-580,1,504,42,0.0,0.36141530821178164
test,2017-580,1,504,43,1.0,0.3095012498360475
test,2017-580,1,504,44,0.0,0.29675853303006244
test,2017-580,1,504,45,0.0,0.761779371923295
test,2017-580,1,504,46,1.0,0.7871067353868817
test,2017-580,1,504,47,0.0,0.08876897117911922
test,2017-580,1,504,48,1.0,0.6869970613114164
test,2017-580,1,504,49,0.0,0.6740603163199247
test,2017-580,1,504,50,0.0,0.400319923344881
test,2017-580,1,504,51,0.0,0.5159311623161863
test,2017-580,1,504,52,1.0,0.7757922884294771
test,2017-580,1,504,53,1.0,0.6821542912158792
test,2017-580,1,504,54,1.0,0.645094907374087
test,2017-580,1,504,55,0.0,0.6379855617220078
test,2017-580,1,504,56,1.0,0.846516879047373
test,2017-580,1,504,57,1.0,0.9370108854086482
test,2017-580,1,504,58,1.0,0.804984728661347
test,2017-580,1,504,59,1.0,0.6876510856799194
test,2017-580,1,504,60,1.0,0.5393427847990226
test,2017-580,1,504,61,0.0,0.10694959646844798
test,2017-580,1,504,62,0.0,0.11031335780109532
test,2017-580,1,504,63,1.0,0.43584227920728746
test,2017-580,2,505,0,1.0,0.6965789746023314
test,2017-580,2,505,1,1.0,0.9158223965731028
test,2017-580,2,505,2,1.0,0.884294147968192
test,2017-580,2,505,3,0.0,0.176431577519107
test,2017-580,2,505,4,0.0,0.13674350974732052
test,2017-580,2,505,5,0.0,0.17337438494698293
test,2017-580,2,505,6,1.0,0.8238957356187618
test,2017-580,2,505,7,1.0,0.5319472125689022
test,2017-580,2,505,8,0.0,0.17786300417655523
test,2017-580,2,505,9,1.0,0.8208576001376272
test,2017-580,2,505,10,0.0,0.48296168099153547
test,2017-580,2,505,11,1.0,0.8576508595457146
test,2017-580,2,505,12,1.0,0.8426487754740559
test,2017-580,2,505,13,1.0,0.6953619424394716
test,2017-580,2,505,14,1.0,0.7959299188422666
test,2017-580,2,505,15,1.0,0.8185134180605957
test,2017-580,2,505,16,0.0,0.09985997399838525
test,2017-580,2,505,17,1.0,0.2810748612275503
test,2017-580,2,505,18,1.0,0.6348384152861694
test,2017-580,2,505,19,1.0,0.8018087007411977
test,2017-580,2,505,20,0.0,0.20200834651633023
test,2017-580,2,505,21,1.0,0.4634167373763304
test,2017-580,2,505,22,1.0,0.9440972094515646
test,2017-580,2,505,23,1.0,0.8637707449243969
test,2017-580,2,505,24,0.0,0.12120280472540748
test,2017-580,2,505,25,1.0,0.17707724193371127
test,2017-580,2,505,26,1.0,0.745922061551032
test,2017-580,2,505,27,0.0,0.8340692321398726
test,2017-580,2,505,28,0.0,0.49250635082706473
test,2017-580,2,505,29,1.0,0.9761411818855757
test,2017-580,2,505,30,1.0,0.026116491242766448
test,2017-580,2,505,31,0.0,0.4725310426888098
test,2017-580,3,506,0,0.0,0.32151954498837165
test,2017-580,3,506,1,1.0,0.9504229464844003
test,2017-580,3,506,2,0.0,0.5529536745314291
test,2017-580,3,506,3,0.0,0.6473048870637893
test,2017-580,3,506,4,0.0,0.2393755545200464
test,2017-580,3,506,5,0.0,0.31694700087311223
test,2017-580,3,506,6,1.0,0.39447614836730127
test,2017-580,3,506,7,1.0,0.8489760228164507
test,2017-580,3,506,8,0.0,0.1557569611356357
test,2017-580,3,506,9,0.0,0.7491577430392877
test,2017-580,3,506,10,1.0,0.7490457884005282
test,2017-580,3,506,11,0.0,0.39019932835839716
test,2017-580,3,506,12,0.0,0.1979355059519537
test,2017-580,3,506,13,0.0,0.09130104173826595
test,2017-580,3,506,14,0.0,0.3516472635225174
test,2017-580,3,506,15,1.0,0.5665578347143345
test,2017-580,4,507,0,0.0,0.23522036664933937
test,2017-580,4,507,1,0.0,0.3496505288100097
test,2017-580,4,507,2,1.0,0.6673674215708705
test,2017-580,4,507,3,0.0,0.4401333338404194
test,2017-580,4,507,4,0.0,0.11301291039460129
test,2017-580,4,507,5,1.0,0.8196466450172067
test,2017-580,4,507,6,1.0,0.6381155753644525
test,2017-580,4,507,7,0.0,0.9535232269957314
test,2017-580,5,508,0,1.0,0.3683220797459162
test,2017-580,5,508,1,0.0,0.4281336404934172
test,2017-580,5,508,2,0.0,0.6102888905542388
test,2017-580,5,508,3,1.0,0.8908005223937789
test,2017-580,6,509,0,1.0,0.7313457763715887
test,2017-580,6,509,1,0.0,0.3075265370117176
test,2017-580,7,510,0,0.0,0.39342727143350154
test,2017-M006,1,511,0,1.0,0.4959161907496422
test,2017-M006,1,511,1,1.0,0.23173743029120597
test,2017-M006,1,511,2,0.0,0.5800926682004616
test,2017-M006,1,511,3,0.0,0.43568633405706797
test,2017-M006,1,511,4,1.0,0.6727602622575694
test,2017-M006,1,511,5,1.0,0.6768581782370467
test,2017-M006,1,511,6,1.0,0.38260652863710354
test,2017-M006,1,511,7,1.0,0.4530144690391837
test,2017-M006,1,511,8,1.0,0.24435184306757554
test,2017-M006,1,511,9,0.0,0.21542448590609156
test,2017-M006,1,511,10,1.0,0.6732361875017412
test,2017-M006,1,511,11,1.0,0.5022867039959028
test,2017-M006,1,511,12,1.0,0.6462547218782217
test,2017-M006,1,511,13,0.0,0.3630218273331261
test,2017-M006,1,511,14,1.0,0.45930209057408183
test,2017-M006,1,511,15,1.0,0.4938672614985284
test,2017-M006,1,511,16,1.0,0.8403051300186427
test,2017-M006,1,511,17,0.0,0.33079192261165247
test,2017-M006,1,511,18,0.0,0.6300030860844714
test,2017-M006,1,511,19,0.0,0.614841789667029
test,2017-M006,1,511,20,0.0,0.30603656199856766
test,2017-M006,1,511,21,1.0,0.40440266107571077
test,2017-M006,1,511,22,0.0,0.31309033121576985
test,2017-M006,1,511,23,1.0,0.7652501713901972
test,2017-M006,1,511,24,0.0,0.4591533151252539
test,2017-M006,1,511,25,0.0,0.31393894222488117
test,2017-M006,1,511,26,0.0,0.5596504188328429
test,2017-M006,1,511,27,1.0,0.4822249576612156
test,2017-M006,1,511,28,1.0,0.4933379820689192
test,2017-M006,1,511,29,1.0,0.5570607816658266
test,2017-M006,1,511,30,1.0,0.55972612354209
test,2017-M006,1,511,31,0.0,0.6081341067632909
test,2017-M006,2,512,0,1.0,0.37412162456201814
test,2017-M006,2,512,1,0.0,0.9349342979095584
test,2017-M006,2,512,2,1.0,0.6847138010052795
test,2017-M006,2,512,3,0.0,0.25195133138431003
test,2017-M006,2,512,4,1.0,0.46491149138460824
test,2017-M006,2,512,5,0.0,0.4057654075644116
test,2017-M006,2,512,6,0.0,0.4073193751461141
test,2017-M006,2,512,7,0.0,0.834457433539008
test,2017-M006,2,512,8,1.0,0.8207255605421309
test,2017-M006,2,512,9,0.0,0.50099941688288
test,2017-M006,2,512,10,0.0,0.6296542177027421
test,2017-M006,2,512,11,1.0,0.8728277637175775
test,2017-M006,2,512,12,1.0,0.9279830544942926
test,2017-M006,2,512,13,0.0,0.20617721308897607
test,2017-M006,2,512,14,1.0,0.8543362892955529
test,2017-M006,2,512,15,1.0,0.6846386038469149
test,2017-M006,2,512,16,1.0,0.3757165025756611
test,2017-M006,2,512,17,0.0,0.7910654897892507
test,2017-M006,2,512,18,1.0,0.7307522856680926
test,2017-M006,2,512,19,0.0,0.2825814470218194
test,2017-M006,2,512,20,1.0,0.4460750767330056
test,2017-M006,2,512,21,1.0,0.47933865452253405
test,2017-M006,2,512,22,1.0,0.8233023362778011
test,2017-M006,2,512,23,0.0,0.13043417914574212
test,2017-M006,2,512,24,0.0,0.4283350269963775
test,2017-M006,2,512,25,0.0,0.5926762261678704
test,2017-M006,2,512,26,1.0,0.8893249237129164
test,2017-M006,2,512,27,0.0,0.11765890018957799
test,2017-M006,2,512,28,1.0,0.7299833403551044
test,2017-M006,2,512,29,0.0,0.192697963229027
test,2017-M006,2,512,30,1.0,0.9411694233295854
test,2017-M006,2,512,31,0.0,0.41402812845411097
test,2017-M006,3,513,0,0.0,0.6979254860353059
test,2017-M006,3,513,1,1.0,0.9212702012347581
test,2017-M006,3,513,2,0.0,0.1493467567074279
test,2017-M006,3,513,3,0.0,0.17646595929258316
test,2017-M006,3,513,4,1.0,0.8055601529053255
test,2017-M006,3,513,5,1.0,0.6913946477956124
test,2017-M006,3,513,6,0.0,0.511770542873679
test,2017-M006,3,513,7,0.0,0.4317322493935862
test,2017-M006,3,513,8,0.0,0.3477925526748974
test,2017-M006,3,513,9,0.0,0.33286608253905225
test,2017-M006,3,513,10,0.0,0.5153698315682445
test,2017-M006,3,513,11,1.0,0.29107455663764387
test,2017-M006,3,513,12,1.0,0.7459322690373316
test,2017-M006,3,513,13,1.0,0.5238062918196121
test,2017-M006,3,513,14,0.0,0.18854778822249726
test,2017-M006,3,513,15,0.0,0.847648354413776
test,2017-M006,4,514,0,0.0,0.4597458763596521
test,2017-M006,4,514,1,0.0,0.7751125531929441
test,2017-M006,4,514,2,0.0,0.16807723926558701
test,2017-M006,4,514,3,0.0,0.6841892602494896
test,2017-M006,4,514,4,0.0,0.14534399294743394
test,2017-M006,4,514,5,0.0,0.427909262069884
test,2017-M006,4,514,6,1.0,0.17352032663060848
test,2017-M006,4,514,7,1.0,0.7377895134100149
test,2017-M006,5,515,0,1.0,0.48597053833086873
test,2017-M006,5,515,1,0.0,0.39951937195668724
test,2017-M006,5,515,2,1.0,0.34377907532028884
test,2017-M006,5,515,3,1.0,0.657174254189836
test,2017-M006,6,516,0,1.0,0.7810420746838466
test,2017-M006,6,516,1,1.0,0.7064279166360852
test,2017-M006,7,517,0,0.0,0.36077907088319405
test,2017-M007,1,518,0,0.0,0.3201928107474285
test,2017-M007,1,518,1,1.0,0.45922454263283
test,2017-M007,1,518,2,0.0,0.4936168298793259
test,2017-M007,1,518,3,0.0,0.3050490489090654
test,2017-M007,1,518,4,1.0,0.6040123670261534
test,2017-M007,1,518,5,0.0,0.549081131486521
test,2017-M007,1,518,6,0.0,0.24978707436022485
test,2017-M007,1,518,7,0.0,0.3171947864975113
test,2017-M007,1,518,8,1.0,0.7096486573890605
test,2017-M007,1,518,9,0.0,0.4619225961719491
test,2017-M007,1,518,10,0.0,0.39256529033901144
test,2017-M007,1,518,11,1.0,0.5986771178006237
test,2017-M007,1,518,12,1.0,0.4618189236797177
test,2017-M007,1,518,13,0.0,0.23230794236826655
test,2017-M007,1,518,14,1.0,0.683349332726352
test,2017-M007,1,518,15,1.0,0.5690137731975816
test,2017-M007,1,518,16,1.0,0.6249338022987739
test,2017-M007,1,518,17,0.0,0.5295294916468759
test,2017-M007,1,518,18,0.0,0.5048094916691286
test,2017-M007,1,518,19,1.0,0.3404480422743436
test,2017-M007,1,518,20,0.0,0.35746882906020955
test,2017-M007,1,518,21,1.0,0.6628805150776135
test,2017-M007,1,518,22,1.0,0.5428677260472795
test,2017-M007,1,518,23,1.0,0.48732925040820535
test,2017-M007,1,518,24,0.0,0.46005559719384387
test,2017-M007,1,518,25,0.0,0.4103682702990072
test,2017-M007,1,518,26,0.0,0.5239428768841516
test,2017-M007,1,518,27,1.0,0.5299494189359506
test,2017-M007,1,518,28,0.0,0.3319339833073499
test,2017-M007,1,518,29,1.0,0.6215053956838196
test,2017-M007,1,518,30,0.0,0.4966382307834217
test,2017-M007,1,518,31,0.0,0.43879396699429635
test,2017-M007,2,519,0,0.0,0.119995883228138
test,2017-M007,2,519,1,0.0,0.5854379266426729
test,2017-M007,2,519,2,1.0,0.7791165674161236
test,2017-M007,2,519,3,0.0,0.13240415001390415
test,2017-M007,2,519,4,1.0,0.7992951462921104
test,2017-M007,2,519,5,1.0,0.48604834008298065
test,2017-M007,2,519,6,0.0,0.8152718908136055
test,2017-M007,2,519,7,0.0,0.054740953215893826
test,2017-M007,2,519,8,0.0,0.32677468030978835
test,2017-M007,2,519,9,0.0,0.4252616961806842
test,2017-M007,2,519,10,0.0,0.24873521219767214
test,2017-M007,2,519,11,1.0,0.8909465329234804
test,2017-M007,2,519,12,1.0,0.4354806971007158
test,2017-M007,2,519,13,0.0,0.32027574869816466
test,2017-M007,2,519,14,0.0,0.4917553232383498
test,2017-M007,2,519,15,0.0,0.7320680984940824
test,2017-M007,2,519,16,1.0,0.5424209390049158
test,2017-M007,2,519,17,1.0,0.9090209856871345
test,2017-M007,2,519,18,0.0,0.5705608391681168
test,2017-M007,2,519,19,1.0,0.1995442545726401
test,2017-M007,2,519,20,1.0,0.7616582868456223
test,2017-M007,2,519,21,0.0,0.5856107420145779
test,2017-M007,2,519,22,1.0,0.8101057724486668
test,2017-M007,2,519,23,1.0,0.3163469739528182
test,2017-M007,2,519,24,0.0,0.5350553113836846
test,2017-M007,2,519,25,0.0,0.5485419226383331
test,2017-M007,2,519,26,1.0,0.31840881904187857
test,2017-M007,2,519,27,1.0,0.3842734208414849
test,2017-M007,2,519,28,0.0,0.8000748409433078
test,2017-M007,2,519,29,1.0,0.41802844188758453
test,2017-M007,2,519,30,0.0,0.24204326144350088
test,2017-M007,2,519,31,1.0,0.6793083292847262
test,2017-M007,3,520,0,1.0,0.7471764506551002
test,2017-M007,3,520,1,0.0,0.8682296270136936
test,2017-M007,3,520,2,0.0,0.5181632899703847
test,2017-M007,3,520,3,0.0,0.5206286400076294
test,2017-M007,3,520,4,1.0,0.5084168929367816
test,2017-M007,3,520,5,1.0,0.8198548252904775
test,2017-M007,3,520,6,0.0,0.46267499397499845
test,2017-M007,3,520,7,1.0,0.8776617791486577
test,2017-M007,3,520,8,0.0,0.1519953392103596
test,2017-M007,3,520,9,1.0,0.8450122443119308
test,2017-M007,3,520,10,1.0,0.3378843709647753
test,2017-M007,3,520,11,0.0,0.23503188071029704
test,2017-M007,3,520,12,1.0,0.8530791517602194
test,2017-M007,3,520,13,0.0,0.11992497808686998
test,2017-M007,3,520,14,1.0,0.6990669656201581
test,2017-M007,3,520,15,0.0,0.5461508825065025
test,2017-M007,4,521,0,0.0,0.12627501262881408
test,2017-M007,4,521,1,1.0,0.21927512231900437
test,2017-M007,4,521,2,1.0,0.4832105751098476
test,2017-M007,4,521,3,1.0,0.8125285364795369
test,2017-M007,4,521,4,0.0,0.1544890856809458
test,2017-M007,4,521,5,0.0,0.22160559577889194
test,2017-M007,4,521,6,1.0,0.5197025420221076
test,2017-M007,4,521,7,1.0,0.86863742369155
test,2017-M007,5,522,0,0.0,0.2936153960812153
test,2017-M007,5,522,1,1.0,0.7040582445615317
test,2017-M007,5,522,2,0.0,0.2956539852916196
test,2017-M007,5,522,3,1.0,0.1587633353219298
test,2017-M007,6,523,0,0.0,0.25118747885359005
test,2017-M007,6,523,1,0.0,0.13661798708799608
test,2017-M007,7,524,0,0.0,0.3790917916459033
test,2017-M009,2,537,0,1.0,0.7571081864012457
test,2017-M009,2,537,1,1.0,0.33411799370460893
test,2017-M009,2,537,2,1.0,0.3188736909741796
test,2017-M009,2,537,3,1.0,0.41875050572981326
test,2017-M009,2,537,4,1.0,0.6469896944476973
test,2017-M009,2,537,5,0.0,0.48769323675436665
test,2017-M009,2,537,6,0.0,0.39622171269498047
test,2017-M009,2,537,7,1.0,0.6964786738449288
test,2017-M009,2,537,8,0.0,0.69549962998181
test,2017-M009,2,537,9,1.0,0.4375663926405393
test,2017-M009,2,537,10,0.0,0.29084812171538554
test,2017-M009,2,537,11,0.0,0.5277779721775537
test,2017-M009,2,537,12,1.0,0.6782272887175975
test,2017-M009,2,537,13,1.0,0.8630056879091837
test,2017-M009,2,537,14,0.0,0.2030443916756405
test,2017-M009,2,537,15,0.0,0.371016830667608
test,2017-M009,2,537,16,1.0,0.6502911246483162
test,2017-M009,2,537,17,0.0,0.23109027034818802
test,2017-M009,2,537,18,0.0,0.5345277078690259
test,2017-M009,2,537,19,0.0,0.4385033768774908
test,2017-M009,2,537,20,1.0,0.5177587556483862
test,2017-M009,2,537,21,1.0,0.5820221254018312
test,2017-M009,2,537,22,1.0,0.5699563191244996
test,2017-M009,2,537,23,1.0,0.8445990455280427
test,2017-M009,3,538,0,1.0,0.08966804384782215
test,2017-M009,3,538,1,1.0,0.6840775739066041
test,2017-M009,3,538,2,1.0,0.8678854980805314
test,2017-M009,3,538,3,0.0,0.13418712539431532
test,2017-M009,3,538,4,1.0,0.5276664019699161
test,2017-M009,3,538,5,0.0,0.19897004456281558
test,2017-M009,3,538,6,0.0,0.21322824795889322
test,2017-M009,3,538,7,1.0,0.7355691560491886
test,2017-M009,3,538,8,1.0,0.5827045459787378
test,2017-M009,3,538,9,0.0,0.2153565311799603
test,2017-M009,3,538,10,1.0,0.6861091346038294
test,2017-M009,3,538,11,1.0,0.9148144153367236
test,2017-M009,3,538,12,1.0,0.6965765119162787
test,2017-M009,3,538,13,1.0,0.5658494771095288
test,2017-M009,3,538,14,0.0,0.35946480842540607
test,2017-M009,3,538,15,0.0,0.042862911736019596
test,2017-M009,4,539,0,0.0,0.12441324416024588
test,2017-M009,4,539,1,0.0,0.7980387213141145
test,2017-M009,4,539,2,0.0,0.25397997576556175
test,2017-M009,4,539,3,0.0,0.6913632279776678
test,2017-M009,4,539,4,0.0,0.6467846059939406
test,2017-M009,4,539,5,1.0,0.4605994135739271
test,2017-M009,4,539,6,0.0,0.3781071771613511
test,2017-M009,4,539,7,0.0,0.19278255982332532
test,2017-M009,5,540,0,1.0,0.9094242320882852
test,2017-M009,5,540,1,0.0,0.7620536906867352
test,2017-M009,5,540,2,0.0,0.48349027315221627
test,2017-M009,5,540,3,1.0,0.3536747202605228
test,2017-M009,6,541,0,1.0,0.8396427860697327
test,2017-M009,6,541,1,0.0,0.4989479157030659
test,2017-M009,7,542,0,1.0,0.1308405013676686
test,2017-M021,2,531,0,1.0,0.5493323422307527
test,2017-M021,2,531,1,1.0,0.7082346073686782
test,2017-M021,2,531,2,0.0,0.6791566845026381
test,2017-M021,2,531,3,1.0,0.7900944028710123
test,2017-M021,2,531,4,0.0,0.22878504609497788
test,2017-M021,2,531,5,1.0,0.3332571028086283
test,2017-M021,2,531,6,1.0,0.4765774553938305
test,2017-M021,2,531,7,0.0,0.6546195580995651
test,2017-M021,2,531,8,1.0,0.8132602015848862
test,2017-M021,2,531,9,0.0,0.13470306331579776
test,2017-M021,2,531,10,0.0,0.731336712395779
test,2017-M021,2,531,11,1.0,0.559352942445511
test,2017-M021,2,531,12,0.0,0.4226688556100658
test,2017-M021,2,531,13,0.0,0.456959049113115
test,2017-M021,2,531,14,0.0,0.13904320600513362
test,2017-M021,2,531,15,0.0,0.7038030795973939
test,2017-M021,2,531,16,1.0,0.507913636070341
test,2017-M021,2,531,17,1.0,0.24133360687186775
test,2017-M021,2,531,18,0.0,0.7103479727348877
test,2017-M021,2,531,19,1.0,0.39847277063178155
test,2017-M021,2,531,20,0.0,0.5863781904002838
test,2017-M021,2,531,21,0.0,0.2992002327662567
test,2017-M021,2,531,22,1.0,0.2626627091007137
test,2017-M021,2,531,23,0.0,0.3181193505533329
test,2017-M021,3,532,0,1.0,0.967166577123518
test,2017-M021,3,532,1,1.0,0.573043916223448
test,2017-M021,3,532,2,0.0,0.3314731426223798
test,2017-M021,3,532,3,0.0,0.23429481015580508
test,2017-M021,3,532,4,1.0,0.18089053379758002
test,2017-M021,3,532,5,0.0,0.10338427041362593
test,2017-M021,3,532,6,0.0,0.1293807850229423
test,2017-M021,3,532,7,0.0,0.5259580904245279
test,2017-M021,3,532,8,0.0,0.165432915890083
test,2017-M021,3,532,9,1.0,0.6520765126644608
test,2017-M021,3,532,10,1.0,0.8325155316295796
test,2017-M021,3,532,11,1.0,0.8799037283462899
test,2017-M021,3,532,12,1.0,0.3636466869603682
test,2017-M021,3,532,13,0.0,0.6892347982963506
test,2017-M021,3,532,14,0.0,0.04679211714742235
test,2017-M021,3,532,15,1.0,0.8374086973363047
test,2017-M021,4,533,0,0.0,0.06699873545390525
test,2017-M021,4,533,1,1.0,0.6986570669232592
test,2017-M021,4,533,2,1.0,0.5254407080861795
test,2017-M021,4,533,3,0.0,0.713547532716361
test,2017-M021,4,533,4,0.0,0.3564378564581306
test,2017-M021,4,533,5,1.0,0.5523652576069437
test,2017-M021,4,533,6,0.0,0.9261605745586389
test,2017-M021,4,533,7,0.0,0.28595298267691294
test,2017-M021,5,534,0,1.0,0.6873368913726826
test,2017-M021,5,534,1,0.0,0.21340947509818026
test,2017-M021,5,534,2,1.0,0.6611921017220658
test,2017-M021,5,534,3,1.0,0.48215089433003416
test,2017-M021,6,535,0,1.0,0.3086718471040693
test,2017-M021,6,535,1,1.0,0.586450136392263
test,2017-M021,7,536,0,1.0,0.761185216676434
test,2017-M024,2,563,0,1.0,0.4496974040023573
test,2017-M024,2,563,1,1.0,0.506177769903585
test,2017-M024,2,563,2,0.0,0.6991532136870726
test,2017-M024,2,563,3,0.0,0.7921463225061042
test,2017-M024,2,563,4,0.0,0.3828778419024615
test,2017-M024,2,563,5,1.0,0.663759523817038
test,2017-M024,2,563,6,1.0,0.20108902154082856
test,2017-M024,2,563,7,0.0,0.279474275224296
test,2017-M024,2,563,8,1.0,0.24593369375106333
test,2017-M024,2,563,9,1.0,0.4999922483290561
test,2017-M024,2,563,10,0.0,0.6992033904003948
test,2017-M024,2,563,11,1.0,0.6580748731798499
test,2017-M024,2,563,12,0.0,0.815780204869916
test,2017-M024,2,563,13,1.0,0.6499769277446515
test,2017-M024,2,563,14,0.0,0.5705978509157567
test,2017-M024,2,563,15,1.0,0.8903921214685564
test,2017-M024,2,563,16,1.0,0.6636233832870836
test,2017-M024,2,563,17,0.0,0.47811649883949975
test,2017-M024,2,563,18,1.0,0.45030424831579624
test,2017-M024,2,563,19,0.0,0.5074672203150926
test,2017-M024,2,563,20,0.0,0.21105097094632116
test,2017-M024,2,563,21,0.0,0.4600719518037842
test,2017-M024,2,563,22,1.0,0.866699694277878
test,2017-M024,2,563,23,0.0,0.716650812656615
test,2017-M024,3,564,0,0.0,0.2268862601969231
test,2017-M024,3,564,1,1.0,0.6129231035955697
test,2017-M024,3,564,2,0.0,0.2038331133376748
test,2017-M024,3,564,3,1.0,0.271290446506856
test,2017-M024,3,564,4,1.0,0.7086170389388252
test,2017-M024,3,564,5,0.0,0.5290338143329877
test,2017-M024,3,564,6,1.0,0.59598429159746
test,2017-M024,3,564,7,0.0,0.19234214609186667
test,2017-M024,3,564,8,0.0,0.3076048931308203
test,2017-M024,3,564,9,0.0,0.31833027900525557
test,2017-M024,3,564,10,1.0,0.8473830739392334
test,2017-M024,3,564,11,0.0,0.8439262113535809
test,2017-M024,3,564,12,0.0,0.6292314747705584
test,2017-M024,3,564,13,1.0,0.8319259360577343
test,2017-M024,3,564,14,0.0,0.3523373966028662
test,2017-M024,3,564,15,1.0,0.7250035999375943
test,2017-M024,4,565,0,0.0,0.6023140554570133
test,2017-M024,4,565,1,1.0,0.5894992360457193
test,2017-M024,4,565,2,0.0,0.3652059610367793
test,2017-M024,4,565,3,0.0,0.45618002990273304
test,2017-M024,4,565,4,1.0,0.7354864721220761
test,2017-M024,4,565,5,0.0,0.25630941424672016
test,2017-M024,4,565,6,0.0,0.14169207429925962
test,2017-M024,4,565,7,0.0,0.2160143669848808
test,2017-M024,5,566,0,1.0,0.7878079882458642
test,2017-M024,5,566,1,0.0,0.316958172098852
test,2017-M024,5,566,2,0.0,0.6118383648866638
test,2017-M024,5,566,3,1.0,0.2404988242451816
test,2017-M024,6,567,0,0.0,0.49735869558309953
test,2017-M024,6,567,1,1.0,0.5975780032989384
test,2017-M024,7,568,0,1.0,0.4359351594998563
test,2018-0352,2,666,0,1.0,0.7597248153416892
test,2018-0352,2,666,1,0.0,0.5987271004892979
test,2018-0352,2,666,2,0.0,0.22519472043018623
test,2018-0352,2,666,3,0.0,0.4872207977701508
test,2018-0352,2,666,4,0.0,0.5043215698035995
test,2018-0352,2,666,5,1.0,0.5781280211204385
test,2018-0352,2,666,6,1.0,0.5205566873519586
test,2018-0352,2,666,7,1.0,0.4885949743977124
test,2018-0352,2,666,8,1.0,0.6933591301973354
test,2018-0352,2,666,9,0.0,0.41771050334589904
test,2018-0352,2,666,10,0.0,0.46480763881745035
test,2018-0352,2,666,11,1.0,0.6425804203686086
test,2018-0352,2,666,12,0.0,0.7354409021562351
test,2018-0352,2,666,13,1.0,0.5147642390560752
test,2018-0352,2,666,14,0.0,0.40675170365487456
test,2018-0352,2,666,15,0.0,0.45259422793028653
test,2018-0352,3,667,0,1.0,0.33090851640081786
test,2018-0352,3,667,1,0.0,0.7323170437060174
test,2018-0352,3,667,2,0.0,0.23958261318804805
test,2018-0352,3,667,3,0.0,0.25730689221861713
test,2018-0352,3,667,4,0.0,0.08102015437971151
test,2018-0352,3,667,5,1.0,0.6398351975104394
test,2018-0352,3,667,6,1.0,0.8445321185388253
test,2018-0352,3,667,7,1.0,0.6854742503633108
test,2018-0352,3,667,8,0.0,0.25672897769956404
test,2018-0352,3,667,9,0.0,0.32062812534561047
test,2018-0352,3,667,10,1.0,0.7637028903938199
test,2018-0352,3,667,11,0.0,0.2124446779762204
test,2018-0352,3,667,12,1.0,0.7273214959968565
test,2018-0352,3,667,13,1.0,0.5542320551305469
test,2018-0352,3,667,14,0.0,0.6013201635021164
test,2018-0352,3,667,15,0.0,0.21167928295876845
test,2018-0352,4,668,0,1.0,0.7210860261457482
test,2018-0352,4,668,1,0.0,0.07747473065506984
test,2018-0352,4,668,2,0.0,0.38169041568597495
test,2018-0352,4,668,3,0.0,0.18225824725800738
test,2018-0352,4,668,4,1.0,0.538432084070885
test,2018-0352,4,668,5,1.0,0.3675132298438923
test,2018-0352,4,668,6,1.0,0.6341210165126135
test,2018-0352,4,668,7,1.0,0.5537698306375094
test,2018-0352,5,669,0,1.0,0.7248232302950243
test,2018-0352,5,669,1,1.0,0.6844265006499918
test,2018-0352,5,669,2,1.0,0.2661670333868896
test,2018-0352,5,669,3,0.0,0.24786286617100073
test,2018-0352,6,670,0,1.0,0.5929216041999444
test,2018-0352,6,670,1,1.0,0.35362378992534754
test,2018-0352,7,671,0,0.0,0.8358817116504279
test,2018-0410,2,609,0,0.0,0.6094011647677692
test,2018-0410,2,609,1,0.0,0.7486057824820794
test,2018-0410,2,609,2,1.0,0.8925954322053921
test,2018-0410,2,609,3,0.0,0.5421798585859217
test,2018-0410,2,609,4,1.0,0.5039877450419186
test,2018-0410,2,609,5,1.0,0.6219640905467884
test,2018-0410,2,609,6,0.0,0.43671644335130616
test,2018-0410,2,609,7,0.0,0.13663950157367608
test,2018-0410,2,609,8,0.0,0.2451395747154571
test,2018-0410,2,609,9,0.0,0.3491280442428981
test,2018-0410,2,609,10,0.0,0.3486535763235587
test,2018-0410,2,609,11,0.0,0.6643365050952302
test,2018-0410,2,609,12,0.0,0.6296070003630309
test,2018-0410,2,609,13,1.0,0.7766778849781684
test,2018-0410,2,609,14,1.0,0.517575116807546
test,2018-0410,2,609,15,0.0,0.2532331665642255
test,2018-0410,2,609,16,1.0,0.5019312555490353
test,2018-0410,2,609,17,1.0,0.8853992858619683
test,2018-0410,2,609,18,1.0,0.6212680601347009
test,2018-0410,2,609,19,0.0,0.2717718556653958
test,2018-0410,2,609,20,0.0,0.5666996255116242
test,2018-0410,2,609,21,0.0,0.5093819934239616
test,2018-0410,2,609,22,1.0,0.6523710529665131
test,2018-0410,2,609,23,0.0,0.3871243006788397
test,2018-0410,3,610,0,1.0,0.9492367158364692
test,2018-0410,3,610,1,0.0,0.5233284886774469
test,2018-0410,3,610,2,1.0,0.7520618748329413
test,2018-0410,3,610,3,0.0,0.18686772598620158
test,2018-0410,3,610,4,0.0,0.6627613002014293
test,2018-0410,3,610,5,1.0,0.4048413468466862
test,2018-0410,3,610,6,1.0,0.6092563677575639
test,2018-0410,3,610,7,1.0,0.826692808995757
test,2018-0410,3,610,8,0.0,0.43253046791067035
test,2018-0410,3,610,9,1.0,0.8147176995645824
test,2018-0410,3,610,10,0.0,0.22030392319347936
test,2018-0410,3,610,11,0.0,0.4540732107885488
test,2018-0410,3,610,12,1.0,0.43087116726023494
test,2018-0410,3,610,13,1.0,0.8732612316460355
test,2018-0410,3,610,14,1.0,0.8234784313033292
test,2018-0410,3,610,15,1.0,0.6959829525389929
test,2018-0410,4,611,0,1.0,0.512695195702346
test,2018-0410,4,611,1,0.0,0.2588543081972977
test,2018-0410,4,611,2,0.0,0.24886622997006136
test,2018-0410,4,611,3,0.0,0.39063704211137745
test,2018-0410,4,611,4,1.0,0.7404914207412812
test,2018-0410,4,611,5,1.0,0.37098536738116555
test,2018-0410,4,611,6,0.0,0.07374849183807966
test,2018-0410,4,611,7,0.0,0.21862056475439479
test,2018-0410,5,612,0,1.0,0.4654043314384668
test,2018-0410,5,612,1,0.0,0.4213631223265253
test,2018-0410,5,612,2,1.0,0.5322908350203437
test,2018-0410,5,612,3,1.0,0.8191272055077907
test,2018-0410,6,613,0,1.0,0.4209781641789249
test,2018-0410,6,613,1,1.0,0.8163099177777943
test,2018-0410,7,614,0,0.0,0.15739240601571414
test,2018-0421,2,641,0,1.0,0.6524850325090403
test,2018-0421,2,641,1,1.0,0.287687489220721
test,2018-0421,2,641,2,0.0,0.6800367395891463
test,2018-0421,2,641,3,0.0,0.052035654434095385
test,2018-0421,2,641,4,1.0,0.47608294778021387
test,2018-0421,2,641,5,1.0,0.4832242104368728
test,2018-0421,2,641,6,0.0,0.5589349735662906
test,2018-0421,2,641,7,1.0,0.3083883793146502
test,2018-0421,2,641,8,0.0,0.4029433504918297
test,2018-0421,2,641,9,1.0,0.4531268189205659
test,2018-0421,2,641,10,0.0,0.5352588710676095
test,2018-0421,2,641,11,0.0,0.30661125663812183
test,2018-0421,2,641,12,1.0,0.3617455781168573
test,2018-0421,2,641,13,0.0,0.7759144454113099
test,2018-0421,2,641,14,1.0,0.7910110508112188
test,2018-0421,2,641,15,1.0,0.5623537319973425
test,2018-0421,2,641,16,1.0,0.5095304465388603
test,2018-0421,2,641,17,1.0,0.4358407005443212
test,2018-0421,2,641,18,0.0,0.5080462795962932
test,2018-0421,2,641,19,0.0,0.4300620841763715
test,2018-0421,2,641,20,0.0,0.23763270210601686
test,2018-0421,2,641,21,0.0,0.7715267297685309
test,2018-0421,2,641,22,0.0,0.42155718474790144
test,2018-0421,2,641,23,0.0,0.48607790446219507
test,2018-0421,3,642,0,0.0,0.07494053322208379
test,2018-0421,3,642,1,1.0,0.7713091325590049
test,2018-0421,3,642,2,0.0,0.46551278295125087
test,2018-0421,3,642,3,0.0,0.37173159666027317
test,2018-0421,3,642,4,1.0,0.6128774976478928
test,2018-0421,3,642,5,0.0,0.40480614697722817
test,2018-0421,3,642,6,1.0,0.3538425638309299
test,2018-0421,3,642,7,1.0,0.7941676666999418
test,2018-0421,3,642,8,1.0,0.24692579831374675
test,2018-0421,3,642,9,0.0,0.5376649382975351
test,2018-0421,3,642,10,0.0,0.6432939186079379
test,2018-0421,3,642,11,1.0,0.8279042029777668
test,2018-0421,3,642,12,1.0,0.9248098195861697
test,2018-0421,3,642,13,1.0,0.19733813440790984
test,2018-0421,3,642,14,0.0,0.10368993308109213
test,2018-0421,3,642,15,1.0,0.5549935127712874
test,2018-0421,4,643,0,0.0,0.14440510825077355
test,2018-0421,4,643,1,1.0,0.12714404940707552
test,2018-0421,4,643,2,0.0,0.25632530152956945
test,2018-0421,4,643,3,1.0,0.282124750817014
test,2018-0421,4,643,4,0.0,0.5874060609344766
test,2018-0421,4,643,5,0.0,0.3739928040429562
test,2018-0421,4,643,6,1.0,0.8689085752940119
test,2018-0421,4,643,7,1.0,0.8475652232209957
test,2018-0421,5,644,0,1.0,0.19093066111584417
test,2018-0421,5,644,1,0.0,0.44427178014035207
test,2018-0421,5,644,2,0.0,0.4803669098744061
test,2018-0421,5,644,3,1.0,0.814375643394809
test,2018-0421,6,645,0,1.0,0.9090236995277429
test,2018-0421,6,645,1,0.0,0.7491565141767172
test,2018-0421,7,646,0,0.0,0.07366126335045059
test,2018-5014,2,660,0,1.0,0.49600856385487285
test,2018-5014,2,660,1,0.0,0.4180561523072065
test,2018-5014,2,660,2,0.0,0.20576857332529835
test,2018-5014,2,660,3,1.0,0.39845778058892883
test,2018-5014,2,660,4,0.0,0.6205562233534234
test,2018-5014,2,660,5,1.0,0.6390346754843835
test,2018-5014,2,660,6,1.0,0.3569447033423324
test,2018-5014,2,660,7,1.0,0.361173318763828
test,2018-5014,2,660,8,1.0,0.3331805207545132
test,2018-5014,2,660,9,1.0,0.6692643203091613
test,2018-5014,2,660,10,1.0,0.45102475373024087
test,2018-5014,2,660,11,0.0,0.6259767288368966
test,2018-5014,2,660,12,0.0,0.5047381134170085
test,2018-5014,2,660,13,1.0,0.3818886281153806
test,2018-5014,2,660,14,1.0,0.40361420041240126
test,2018-5014,2,660,15,1.0,0.22025362616059646
test,2018-5014,2,660,16,1.0,0.49222870550756265
test,2018-5014,2,660,17,0.0,0.21188686658177758
test,2018-5014,2,660,18,0.0,0.8435849043591674
test,2018-5014,2,660,19,1.0,0.45925863454787835
test,2018-5014,2,660,20,0.0,0.6230179168064388
test,2018-5014,2,660,21,1.0,0.4435961905863148
test,2018-5014,2,660,22,1.0,0.6173953601031538
test,2018-5014,2,660,23,1.0,0.6876645947242526
test,2018-5014,3,661,0,1.0,0.8837019489275034
test,2018-5014,3,661,1,0.0,0.2501514670283639
test,2018-5014,3,661,2,1.0,0.7112933672898736
test,2018-5014,3,661,3,1.0,0.9060986450565538
test,2018-5014,3,661,4,1.0,0.7915051387238454
test,2018-5014,3,661,5,1.0,0.6949181707683421
test,2018-5014,3,661,6,0.0,0.5274706557209188
test,2018-5014,3,661,7,0.0,0.8387288626993302
test,2018-5014,3,661,8,0.0,0.34281189719762717
test,2018-5014,3,661,9,0.0,0.8601945356037575
test,2018-5014,3,661,10,1.0,0.35332671273822863
test,2018-5014,3,661,11,0.0,0.19927102305523012
test,2018-5014,3,661,12,0.0,0.2201476270902159
test,2018-5014,3,661,13,1.0,0.40628921623501657
test,2018-5014,3,661,14,0.0,0.6723276204370656
test,2018-5014,3,661,15,1.0,0.8402044927837367
test,2018-5014,4,662,0,1.0,0.7040366791014246
test,2018-5014,4,662,1,1.0,0.8514433215170838
test,2018-5014,4,662,2,0.0,0.14591383852417816
test,2018-5014,4,662,3,1.0,0.7481022435206002
test,2018-5014,4,662,4,1.0,0.311366550323056
test,2018-5014,4,662,5,0.0,0.3638197362207666
test,2018-5014,4,662,6,0.0,0.21576600172084778
test,2018-5014,4,662,7,1.0,0.48285490386086016
test,2018-5014,5,663,0,0.0,0.3477273299318128
test,2018-5014,5,663,1,0.0,0.2980604112824118
test,2018-5014,5,663,2,0.0,0.23389760283382738
test,2018-5014,5,663,3,0.0,0.33905347323765633
test,2018-5014,6,664,0,1.0,0.5685712148298762
test,2018-5014,6,664,1,0.0,0.7333693885763509
test,2018-5014,7,665,0,1.0,0.7096373881139213
test,2018-520,1,627,0,1.0,0.7294595007945232
test,2018-520,1,627,1,0.0,0.4796122119491988
test,2018-520,1,627,2,1.0,0.7172866152275875
test,2018-520,1,627,3,0.0,0.7581819238129197
test,2018-520,1,627,4,1.0,0.6671788005523303
test,2018-520,1,627,5,1.0,0.5427828672059107
test,2018-520,1,627,6,0.0,0.11351008873417626
test,2018-520,1,627,7,1.0,0.8552738431755114
test,2018-520,1,627,8,1.0,0.5171091074624428
test,2018-520,1,627,9,0.0,0.7453022565853815
test,2018-520,1,627,10,0.0,0.09889273448009377
test,2018-520,1,627,11,0.0,0.5397013895689757
test,2018-520,1,627,12,0.0,0.6644975124292921
test,2018-520,1,627,13,0.0,0.06292169704264511
test,2018-520,1,627,14,1.0,0.8046707081779139
test,2018-520,1,627,15,1.0,0.38710281969087884
test,2018-520,1,627,16,0.0,0.27987291286441135
test,2018-520,1,627,17,1.0,0.2847915416446315
test,2018-520,1,627,18,0.0,0.45767195611606004
test,2018-520,1,627,19,1.0,0.5256098947922725
test,2018-520,1,627,20,0.0,0.4616145619495682
test,2018-520,1,627,21,1.0,0.9113871291028425
test,2018-520,1,627,22,1.0,0.14195311053414278
test,2018-520,1,627,23,0.0,0.5464955567117715
test,2018-520,1,627,24,0.0,0.6580069441058157
test,2018-520,1,627,25,0.0,0.24313723772859702
test,2018-520,1,627,26,0.0,0.44398304816181794
test,2018-520,1,627,27,0.0,0.598476187980212
test,2018-520,1,627,28,1.0,0.9756276161390668
test,2018-520,1,627,29,0.0,0.06130180231977132
test,2018-520,1,627,30,0.0,0.37038544414152474
test,2018-520,1,627,31,1.0,0.3288767945791429
test,2018-520,1,627,32,0.0,0.3304818309015101
test,2018-520,1,627,33,1.0,0.7654390576730563
test,2018-520,1,627,34,1.0,0.6607881897364737
test,2018-520,1,627,35,0.0,0.3409846868698477
test,2018-520,1,627,36,0.0,0.14204628283651158
test,2018-520,1,627,37,0.0,0.22984709798917835
test,2018-520,1,627,38,0.0,0.6844370164736786
test,2018-520,1,627,39,0.0,0.33569699485360477
test,2018-520,1,627,40,1.0,0.751319216826328
test,2018-520,1,627,41,1.0,0.5665943673615735
test,2018-520,1,627,42,0.0,0.14754501654736865
test,2018-520,1,627,43,1.0,0.9149538674453032
test,2018-520,1,627,44,0.0,0.6560981219081591
test,2018-520,1,627,45,0.0,0.36583604824663757
test,2018-520,1,627,46,0.0,0.2993759189052621
test,2018-520,1,627,47,1.0,0.9484540297162384
test,2018-520,1,627,48,0.0,0.08049245613208231
test,2018-520,1,627,49,0.0,0.8527146974615293
test,2018-520,1,627,50,0.0,0.6862359716766647
test,2018-520,1,627,51,1.0,0.7193529537114717
test,2018-520,1,627,52,0.0,0.7980136360999177
test,2018-520,1,627,53,1.0,0.875213054870549
test,2018-520,1,627,54,1.0,0.32099353395464
test,2018-520,1,627,55,0.0,0.4367945144938275
test,2018-520,1,627,56,1.0,0.5776726110035428
test,2018-520,1,627,57,1.0,0.6481699445039185
test,2018-520,1,627,58,1.0,0.7736112961092921
test,2018-520,1,627,59,1.0,0.3894961778907772
test,2018-520,1,627,60,0.0,0.8732619817014776
test,2018-520,1,627,61,1.0,0.9335977131612919
test,2018-520,1,627,62,1.0,0.714217893775353
test,2018-520,1,627,63,1.0,0.9304703860093705
test,2018-520,2,628,0,0.0,0.14389327724555118
test,2018-520,2,628,1,1.0,0.7999738935005223
test,2018-520,2,628,2,1.0,0.8286755863528813
test,2018-520,2,628,3,1.0,0.9381530275420424
test,2018-520,2,628,4,0.0,0.1954342435523451
test,2018-520,2,628,5,1.0,0.6015118330281334
test,2018-520,2,628,6,0.0,0.5685256951915765
test,2018-520,2,628,7,1.0,0.7714616063583855
test,2018-520,2,628,8,0.0,0.6434892109778835
test,2018-520,2,628,9,1.0,0.7529899123012825
test,2018-520,2,628,10,0.0,0.42876224488248466
test,2018-520,2,628,11,1.0,0.8564865724182339
test,2018-520,2,628,12,1.0,0.8015639112102869
test,2018-520,2,628,13,1.0,0.836316705707629
test,2018-520,2,628,14,1.0,0.8593301435962015
test,2018-520,2,628,15,0.0,0.18528770273195808
test,2018-520,2,628,16,0.0,0.57515254929176
test,2018-520,2,628,17,1.0,0.807176546933342
test,2018-520,2,628,18,0.0,0.22245018006686376
test,2018-520,2,628,19,0.0,0.13750895035703345
test,2018-520,2,628,20,0.0,0.5578094291438718
test,2018-520,2,628,21,1.0,0.9259233542108453
test,2018-520,2,628,22,1.0,0.5737557675960391
test,2018-520,2,628,23,0.0,0.38362789975833816
test,2018-520,2,628,24,0.0,0.18210335276357645
test,2018-520,2,628,25,0.0,0.38212348492077014
test,2018-520,2,628,26,0.0,0.6928521352762409
test,2018-520,2,628,27,0.0,0.7409124370223661
test,2018-520,2,628,28,1.0,0.8819626003302797
test,2018-520,2,628,29,1.0,0.8541551217036432
test,2018-520,2,628,30,1.0,0.8044323323335698
test,2018-520,2,628,31,0.0,0.03548151574754199
test,2018-520,3,629,0,0.0,0.20754704581789096
test,2018-520,3,629,1,1.0,0.5759164908283113
test,2018-520,3,629,2,0.0,0.12882432765530372
test,2018-520,3,629,3,1.0,0.4849377236580772
test,2018-520,3,629,4,1.0,0.867362576101834
test,2018-520,3,629,5,1.0,0.27249061211926595
test,2018-520,3,629,6,0.0,0.23904307110074935
test,2018-520,3,629,7,0.0,0.8157998945668007
test,2018-520,3,629,8,0.0,0.37085691752777794
test,2018-520,3,629,9,0.0,0.2878202818235219
test,2018-520,3,629,10,1.0,0.7733730547434746
test,2018-520,3,629,11,0.0,0.5040111520531517
test,2018-520,3,629,12,0.0,0.20406699130591657
test,2018-520,3,629,13,1.0,0.764603732861274
test,2018-520,3,629,14,1.0,0.4908540578351798
test,2018-520,3,629,15,0.0,0.13473110103141267
test,2018-520,4,630,0,1.0,0.8240490940368685
test,2018-520,4,630,1,0.0,0.5118695600889583
test,2018-520,4,630,2,0.0,0.19440156110624754
test,2018-520,4,630,3,0.0,0.8216102554790891
test,2018-520,4,630,4,1.0,0.6248728527102431
test,2018-520,4,630,5,1.0,0.6496314665661627
test,2018-520,4,630,6,1.0,0.4058983197720891
test,2018-520,4,630,7,1.0,0.9552450876457138
test,2018-520,5,631,0,0.0,0.5878069139100445
test,2018-520,5,631,1,1.0,0.1268962191847336
test,2018-520,5,631,2,0.0,0.44956038093777734
test,2018-520,5,631,3,0.0,0.10449210545185718
test,2018-520,6,632,0,0.0,0.2023961625752505
test,2018-520,6,632,1,0.0,0.17397426478053107
test,2018-520,7,633,0,1.0,0.8344609646759925
test,2018-540,1,634,0,1.0,0.6684868875815176
test,2018-540,1,634,1,0.0,0.4270550711795612
test,2018-540,1,634,2,1.0,0.7199555538880535
test,2018-540,1,634,3,0.0,0.7969727693109971
test,2018-540,1,634,4,1.0,0.660761086036585
test,2018-540,1,634,5,1.0,0.3338100805781159
test,2018-540,1,634,6,1.0,0.8932103707036652
test,2018-540,1,634,7,0.0,0.10061139710909528
test,2018-540,1,634,8,0.0,0.40954405440482383
test,2018-540,1,634,9,0.0,0.6645554402641431
test,2018-540,1,634,10,1.0,0.7306848847616273
test,2018-540,1,634,11,1.0,0.2662502495129923
test,2018-540,1,634,12,0.0,0.5245765295419065
test,2018-540,1,634,13,0.0,0.2937454429652175
test,2018-540,1,634,14,1.0,0.880912425131605
test,2018-540,1,634,15,1.0,0.8942179738676337
test,2018-540,1,634,16,0.0,0.25481415224441384
test,2018-540,1,634,17,1.0,0.7373929655148594
test,2018-540,1,634,18,0.0,0.28869442494917397
test,2018-540,1,634,19,1.0,0.9593242571706276
test,2018-540,1,634,20,1.0,0.6655688043746021
test,2018-540,1,634,21,1.0,0.45409289891000454
test,2018-540,1,634,22,0.0,0.1796129825968479
test,2018-540,1,634,23,0.0,0.7403208052827694
test,2018-540,1,634,24,0.0,0.3892862146964654
test,2018-540,1,634,25,0.0,0.2926726710394624
test,2018-540,1,634,26,0.0,0.1670389935906
test,2018-540,1,634,27,0.0,0.528263926245279
test,2018-540,1,634,28,1.0,0.5343716252757938
test,2018-540,1,634,29,1.0,0.6013672572332982
test,2018-540,1,634,30,0.0,0.060689893014004445
test,2018-540,1,634,31,0.0,0.43601909037287256
test,2018-540,1,634,32,0.0,0.5281101160799566
test,2018-540,1,634,33,0.0,0.550414088490216
test,2018-540,1,634,34,0.0,0.8598168034481788
test,2018-540,1,634,35,1.0,0.4011178584085346
test,2018-540,1,634,36,0.0,0.561937097378491
test,2018-540,1,634,37,0.0,0.7001577380297637
test,2018-540,1,634,38,1.0,0.8037053237896145
test,2018-540,1,634,39,0.0,0.8011705627705549
test,2018-540,1,634,40,1.0,0.6156229019811484
test,2018-540,1,634,41,0.0,0.8780795698547165
test,2018-540,1,634,42,0.0,0.8221773621614944
test,2018-540,1,634,43,1.0,0.5794032717031794
test,2018-540,1,634,44,1.0,0.259564262369307
test,2018-540,1,634,45,0.0,0.41895985801102276
test,2018-540,1,634,46,0.0,0.19895922450368506
test,2018-540,1,634,47,1.0,0.5787994739455437
test,2018-540,1,634,48,1.0,0.8565424777951328
test,2018-540,1,634,49,0.0,0.1622330023109941
test,2018-540,1,634,50,1.0,0.5851067003683973
test,2018-540,1,634,51,1.0,0.47437255855362814
test,2018-540,1,634,52,1.0,0.9288781773852722
test,2018-540,1,634,53,1.0,0.5749141350998743
test,2018-540,1,634,54,1.0,0.3218409043080385
test,2018-540,1,634,55,0.0,0.15517482860524046
test,2018-540,1,634,56,0.0,0.35260694058283065
test,2018-540,1,634,57,0.0,0.7610163123884292
test,2018-540,1,634,58,1.0,0.7822336641421571
test,2018-540,1,634,59,0.0,0.385971530070848
test,2018-540,1,634,60,1.0,0.9249062291217356
test,2018-540,1,634,61,0.0,0.428232871556705
test,2018-540,1,634,62,0.0,0.28701778489232205
test,2018-540,1,634,63,1.0,0.9107862432207833
test,2018-540,2,635,0,0.0,0.10543830616847988
test,2018-540,2,635,1,0.0,0.295312386492234
test,2018-540,2,635,2,0.0,0.15179976036891402
test,2018-540,2,635,3,0.0,0.6243770550219558
test,2018-540,2,635,4,1.0,0.87597405475473
test,2018-540,2,635,5,0.0,0.559347601589815
test,2018-540,2,635,6,1.0,0.6319186745296529
test,2018-540,2,635,7,1.0,0.543684379225509
test,2018-540,2,635,8,0.0,0.7252554018386406
test,2018-540,2,635,9,0.0,0.20147754588992334
test,2018-540,2,635,10,1.0,0.8208002640706766
test,2018-540,2,635,11,1.0,0.7993127696511536
test,2018-540,2,635,12,0.0,0.5456145955064255
test,2018-540,2,635,13,0.0,0.2486605020693126
test,2018-540,2,635,14,0.0,0.8328040557776435
test,2018-540,2,635,15,0.0,0.6118173494507765
test,2018-540,2,635,16,0.0,0.5737260214260131
test,2018-540,2,635,17,0.0,0.15829580171680463
test,2018-540,2,635,18,1.0,0.8299963445181165
test,2018-540,2,635,19,1.0,0.2806482224449633
test,2018-540,2,635,20,0.0,0.447473709951048
test,2018-540,2,635,21,1.0,0.1411710600417586
test,2018-540,2,635,22,0.0,0.23358799407242634
test,2018-540,2,635,23,1.0,0.5974358721666531
test,2018-540,2,635,24,1.0,0.7771314959129983
test,2018-540,2,635,25,0.0,0.6545605374979062
test,2018-540,2,635,26,1.0,0.46868208109465864
test,2018-540,2,635,27,0.0,0.4380665098815374
test,2018-540,2,635,28,1.0,0.6523199148970278
test,2018-540,2,635,29,1.0,0.954831276610522
test,2018-540,2,635,30,1.0,0.5516442972112208
test,2018-540,2,635,31,0.0,0.04128069704404991
test,2018-540,3,636,0,0.0,0.3257939673742916
test,2018-540,3,636,1,1.0,0.6260340991661959
test,2018-540,3,636,2,0.0,0.03432457169185944
test,2018-540,3,636,3,1.0,0.2832033004013808
test,2018-540,3,636,4,0.0,0.20930557007389552
test,2018-540,3,636,5,0.0,0.8665148206419291
test,2018-540,3,636,6,1.0,0.6249328269135798
test,2018-540,3,636,7,1.0,0.773979068773199
test,2018-540,3,636,8,0.0,0.372696758163926
test,2018-540,3,636,9,0.0,0.44067242857296585
test,2018-540,3,636,10,0.0,0.17287970444988793
test,2018-540,3,636,11,0.0,0.15166419123126085
test,2018-540,3,636,12,0.0,0.5586423895806039
test,2018-540,3,636,13,1.0,0.6682128697080759
test,2018-540,3,636,14,0.0,0.43330158607976094
test,2018-540,3,636,15,1.0,0.9303076631140826
test,2018-540,4,637,0,0.0,0.05392065033112887
test,2018-540,4,637,1,0.0,0.20614462044660825
test,2018-540,4,637,2,0.0,0.18299367010383844
test,2018-540,4,637,3,0.0,0.16691378574195506
test,2018-540,4,637,4,0.0,0.210363762951189
test,2018-540,4,637,5,0.0,0.17864382002416238
test,2018-540,4,637,6,0.0,0.41139227694605246
test,2018-540,4,637,7,1.0,0.9220572830426544
test,2018-540,5,638,0,0.0,0.18862048917111185
test,2018-540,5,638,1,1.0,0.6343748454937727
test,2018-540,5,638,2,1.0,0.549281401533147
test,2018-540,5,638,3,0.0,0.8289932683529753
test,2018-540,6,639,0,1.0,0.24117194512632026
test,2018-540,6,639,1,1.0,0.5077117179090591
test,2018-540,7,640,0,1.0,0.6721878519306761
test,2018-560,1,653,0,1.0,0.4793310637631547
test,2018-560,1,653,1,0.0,0.21732756639375736
test,2018-560,1,653,2,1.0,0.8746703551108851
test,2018-560,1,653,3,1.0,0.5036945083390318
test,2018-560,1,653,4,0.0,0.594525519022652
test,2018-560,1,653,5,0.0,0.1354673125612297
test,2018-560,1,653,6,0.0,0.2749146503492473
test,2018-560,1,653,7,0.0,0.4817721275863514
test,2018-560,1,653,8,1.0,0.8204958755053835
test,2018-560,1,653,9,0.0,0.42380340472154465
test,2018-560,1,653,10,1.0,0.8802563686720656
test,2018-560,1,653,11,0.0,0.5383787821931904
test,2018-560,1,653,12,1.0,0.8785204578611835
test,2018-560,1,653,13,1.0,0.8121661583338842
test,2018-560,1,653,14,1.0,0.5953274460558922
test,2018-560,1,653,15,0.0,0.1992489224851124
test,2018-560,1,653,16,1.0,0.3180465476393032
test,2018-560,1,653,17,0.0,0.8592493517329103
test,2018-560,1,653,18,1.0,0.43583775517198603
test,2018-560,1,653,19,1.0,0.6302377415628634
test,2018-560,1,653,20,1.0,0.9096893877369615
test,2018-560,1,653,21,1.0,0.27757296604771814
test,2018-560,1,653,22,0.0,0.36887190183783425
test,2018-560,1,653,23,0.0,0.49905368926974314
test,2018-560,1,653,24,0.0,0.19035725577122456
test,2018-560,1,653,25,1.0,0.5273296096134027
test,2018-560,1,653,26,0.0,0.7011918680404212
test,2018-560,1,653,27,1.0,0.5691113392135483
test,2018-560,1,653,28,1.0,0.9434124801319361
test,2018-560,1,653,29,1.0,0.9440703713432782
test,2018-560,1,653,30,1.0,0.7799785971228006
test,2018-560,1,653,31,0.0,0.499672334099276
test,2018-560,1,653,32,0.0,0.5830946507123844
test,2018-560,1,653,33,0.0,0.12083893631258336
test,2018-560,1,653,34,1.0,0.6182404778693753
test,2018-560,1,653,35,1.0,0.8215577095511817
test,2018-560,1,653,36,0.0,0.17835729932232885
test,2018-560,1,653,37,0.0,0.2740963394768997
test,2018-560,1,653,38,1.0,0.7068350066253802
test,2018-560,1,653,39,1.0,0.8248072840686138
test,2018-560,1,653,40,1.0,0.5154248660960352
test,2018-560,1,653,41,1.0,0.6255636471052608
test,2018-560,1,653,42,0.0,0.48819613007419643
test,2018-560,1,653,43,0.0,0.14934793488382977
test,2018-560,1,653,44,1.0,0.7648944907277703
test,2018-560,1,653,45,0.0,0.8106785453332475
test,2018-560,1,653,46,0.0,0.577752000086968
test,2018-560,1,653,47,1.0,0.9084703055432561
test,2018-560,1,653,48,0.0,0.10076235632687892
test,2018-560,1,653,49,1.0,0.790725458615641
test,2018-560,1,653,50,0.0,0.1722820147277816
test,2018-560,1,653,51,0.0,0.3377213905820527
test,2018-560,1,653,52,0.0,0.5461622802658416
test,2018-560,1,653,53,0.0,0.5912656747593615
test,2018-560,1,653,54,0.0,0.49761416219053395
test,2018-560,1,653,55,1.0,0.686945069727141
test,2018-560,1,653,56,1.0,0.7343968102090693
test,2018-560,1,653,57,0.0,0.4865399744629137
test,2018-560,1,653,58,1.0,0.7349906694497134
test,2018-560,1,653,59,0.0,0.5916420741583767
test,2018-560,1,653,60,0.0,0.13968655856180168
test,2018-560,1,653,61,1.0,0.8345691852590668
test,2018-560,1,653,62,0.0,0.623213285331904
test,2018-560,1,653,63,0.0,0.0580822097934509
test,2018-560,2,654,0,0.0,0.2845187277301787
test,2018-560,2,654,1,0.0,0.16574489461427622
test,2018-560,2,654,2,1.0,0.6140765404366545
test,2018-560,2,654,3,1.0,0.7471985729564996
test,2018-560,2,654,4,0.0,0.14248073040504317
test,2018-560,2,654,5,0.0,0.7497433869284271
test,2018-560,2,654,6,1.0,0.8512714660767594
test,2018-560,2,654,7,0.0,0.37083730486974215
test,2018-560,2,654,8,1.0,0.23663875224249079
test,2018-560,2,654,9,0.0,0.7126006567137291
test,2018-560,2,654,10,1.0,0.5822743865027693
test,2018-560,2,654,11,1.0,0.9211230247685162
test,2018-560,2,654,12,0.0,0.6339706367215845
test,2018-560,2,654,13,1.0,0.6843819314915798
test,2018-560,2,654,14,1.0,0.8712991559501526
test,2018-560,2,654,15,0.0,0.28540349601545256
test,2018-560,2,654,16,0.0,0.34193727277971236
test,2018-560,2,654,17,0.0,0.14151301508146855
test,2018-560,2,654,18,1.0,0.3653925733658224
test,2018-560,2,654,19,0.0,0.15346256126883823
test,2018-560,2,654,20,0.0,0.6445272439258141
test,2018-560,2,654,21,1.0,0.9027960281725909
test,2018-560,2,654,22,0.0,0.2477465164386381
test,2018-560,2,654,23,1.0,0.7446629652353987
test,2018-560,2,654,24,1.0,0.6320003907505288
test,2018-560,2,654,25,1.0,0.7901778384365085
test,2018-560,2,654,26,1.0,0.4971572104502367
test,2018-560,2,654,27,1.0,0.35752560549450696
test,2018-560,2,654,28,1.0,0.8967597972902533
test,2018-560,2,654,29,0.0,0.09740605167980666
test,2018-560,2,654,30,0.0,0.2074056993059338
test,2018-560,2,654,31,0.0,0.036187691388090804
test,2018-560,3,655,0,1.0,0.6135346818038953
test,2018-560,3,655,1,0.0,0.4827921583672669
test,2018-560,3,655,2,1.0,0.8309009898605292
test,2018-560,3,655,3,0.0,0.4992649239087362
test,2018-560,3,655,4,0.0,0.5792020031083959
test,2018-560,3,655,5,1.0,0.7832255482605124
test,2018-560,3,655,6,0.0,0.75003684785206
test,2018-560,3,655,7,1.0,0.7451679894361173
test,2018-560,3,655,8,1.0,0.8796730115227741
test,2018-560,3,655,9,1.0,0.47091826962150124
test,2018-560,3,655,10,1.0,0.768539178471235
test,2018-560,3,655,11,1.0,0.7511728846438337
test,2018-560,3,655,12,1.0,0.7654191405459468
test,2018-560,3,655,13,0.0,0.3361640317967426
test,2018-560,3,655,14,0.0,0.17162251551388277
test,2018-560,3,655,15,0.0,0.08991032726228533
test,2018-560,4,656,0,1.0,0.06719316930806131
test,2018-560,4,656,1,1.0,0.8998611912284986
test,2018-560,4,656,2,0.0,0.32530349672831016
test,2018-560,4,656,3,0.0,0.4503592872233122
test,2018-560,4,656,4,0.0,0.5188378075752138
test,2018-560,4,656,5,0.0,0.30161473476729
test,2018-560,4,656,6,1.0,0.5230361262163225
test,2018-560,4,656,7,0.0,0.04776251111399004
test,2018-560,5,657,0,1.0,0.8989689694683182
test,2018-560,5,657,1,0.0,0.5430106172827889
test,2018-560,5,657,2,0.0,0.3510645176165783
test,2018-560,5,657,3,1.0,0.8398858850812357
test,2018-560,6,658,0,1.0,0.707531712256383
test,2018-560,6,658,1,0.0,0.7974339020510068
test,2018-560,7,659,0,1.0,0.6372837165287585
test,2018-580,1,588,0,0.0,0.037542928727682015
test,2018-580,1,588,1,0.0,0.7989798091059445
test,2018-580,1,588,2,1.0,0.19231089671916002
test,2018-580,1,588,3,0.0,0.26106749459609296
test,2018-580,1,588,4,0.0,0.4902243158187765
test,2018-580,1,588,5,0.0,0.7140636950374366
test,2018-580,1,588,6,0.0,0.1367157087843499
test,2018-580,1,588,7,0.0,0.3235449914763629
test,2018-580,1,588,8,0.0,0.17088623486559076
test,2018-580,1,588,9,0.0,0.15027700630195312
test,2018-580,1,588,10,1.0,0.325454437315245
test,2018-580,1,588,11,0.0,0.2501793008751793
test,2018-580,1,588,12,1.0,0.9398105129521197
test,2018-580,1,588,13,1.0,0.8383418088839576
test,2018-580,1,588,14,1.0,0.6290725066696616
test,2018-580,1,588,15,1.0,0.47298838427832446
test,2018-580,1,588,16,0.0,0.4435424813554686
test,2018-580,1,588,17,1.0,0.6061066462344932
test,2018-580,1,588,18,0.0,0.2252511522714891
test,2018-580,1,588,19,0.0,0.2140801890276227
test,2018-580,1,588,20,1.0,0.8901496054635055
test,2018-580,1,588,21,0.0,0.9023954313532976
test,2018-580,1,588,22,0.0,0.2679437952377577
test,2018-580,1,588,23,1.0,0.44460200431981656
test,2018-580,1,588,24,0.0,0.2578820383721083
test,2018-580,1,588,25,1.0,0.4471765401092269
test,2018-580,1,588,26,0.0,0.6873927947947416
test,2018-580,1,588,27,0.0,0.29406807869090057
test,2018-580,1,588,28,1.0,0.9681699933252932
test,2018-580,1,588,29,1.0,0.7604106719182009
test,2018-580,1,588,30,1.0,0.7011966136087532
test,2018-580,1,588,31,0.0,0.254919553073958
test,2018-580,1,588,32,0.0,0.46233776231364454
test,2018-580,1,588,33,0.0,0.8163749638370569
test,2018-580,1,588,34,1.0,0.8683761246837824
test,2018-580,1,588,35,1.0,0.13072969639108353
test,2018-580,1,588,36,0.0,0.18387558553985892
test,2018-580,1,588,37,0.0,0.5991957265243842
test,2018-580,1,588,38,0.0,0.3805300177098862
test,2018-580,1,588,39,1.0,0.8339000397360268
test,2018-580,1,588,40,1.0,0.6611997990956904
test,2018-580,1,588,41,0.0,0.6055140890993451
test,2018-580,1,588,42,0.0,0.08515751463931881
test,2018-580,1,588,43,0.0,0.27214359072648237
test,2018-580,1,588,44,1.0,0.47385017548274366
test,2018-580,1,588,45,1.0,0.5918007221350079
test,2018-580,1,588,46,1.0,0.8828133657424724
test,2018-580,1,588,47,1.0,0.8856195112517772
test,2018-580,1,588,48,1.0,0.4157077490292115
test,2018-580,1,588,49,1.0,0.39206346742439746
test,2018-580,1,588,50,1.0,0.48927194083367964
test,2018-580,1,588,51,1.0,0.8374178920701935
test,2018-580,1,588,52,0.0,0.5500436631127216
test,2018-580,1,588,53,0.0,0.18393980800583773
test,2018-580,1,588,54,1.0,0.8664406646332586
test,2018-580,1,588,55,0.0,0.6852540141661018
test,2018-580,1,588,56,1.0,0.43537882221792257
test,2018-580,1,588,57,0.0,0.7901745267139382
test,2018-580,1,588,58,1.0,0.9304607858012899
test,2018-580,1,588,59,1.0,0.9042690166075498
test,2018-580,1,588,60,1.0,0.9231688742416346
test,2018-580,1,588,61,0.0,0.37127044970613765
test,2018-580,1,588,62,0.0,0.466342733347649
test,2018-580,1,588,63,0.0,0.7340181053768876
test,2018-580,2,589,0,1.0,0.782474378354544
test,2018-580,2,589,1,0.0,0.7578815650980323
test,2018-580,2,589,2,0.0,0.9190249287166559
test,2018-580,2,589,3,0.0,0.3140681997062202
test,2018-580,2,589,4,1.0,0.7004428101585127
test,2018-580,2,589,5,0.0,0.8393715778572182
test,2018-580,2,589,6,1.0,0.1986582215645686
test,2018-580,2,589,7,0.0,0.22646984061867512
test,2018-580,2,589,8,0.0,0.16505216988303484
test,2018-580,2,589,9,1.0,0.4646273699909008
test,2018-580,2,589,10,0.0,0.40893704178004336
test,2018-580,2,589,11,0.0,0.14879482527357887
test,2018-580,2,589,12,1.0,0.8926049608842196
test,2018-580,2,589,13,1.0,0.797421975124528
test,2018-580,2,589,14,1.0,0.5240709992792547
test,2018-580,2,589,15,0.0,0.41002910816416127
test,2018-580,2,589,16,1.0,0.696819974236563
test,2018-580,2,589,17,1.0,0.6995208947066215
test,2018-580,2,589,18,0.0,0.25966031511437404
test,2018-580,2,589,19,1.0,0.5322471748632185
test,2018-580,2,589,20,1.0,0.9424736093878695
test,2018-580,2,589,21,1.0,0.8158468430939332
test,2018-580,2,589,22,1.0,0.3065888613990361
test,2018-580,2,589,23,0.0,0.41931467669198585
test,2018-580,2,589,24,0.0,0.3507770204135284
test,2018-580,2,589,25,1.0,0.8723170764109263
test,2018-580,2,589,26,1.0,0.8384425078639995
test,2018-580,2,589,27,1.0,0.5316996939951696
test,2018-580,2,589,28,0.0,0.40295821031478357
test,2018-580,2,589,29,1.0,0.9464815822537458
test,2018-580,2,589,30,1.0,0.9499533088181402
test,2018-580,2,589,31,1.0,0.7923070562207031
test,2018-580,3,590,0,0.0,0.3171099826822911
test,2018-580,3,590,1,1.0,0.6547193621032192
test,2018-580,3,590,2,1.0,0.9073652032574215
test,2018-580,3,590,3,0.0,0.5275561421390086
test,2018-580,3,590,4,1.0,0.4797544527059498
test,2018-580,3,590,5,0.0,0.7661828985788977
test,2018-580,3,590,6,0.0,0.14964799971522827
test,2018-580,3,590,7,0.0,0.4437979806233278
test,2018-580,3,590,8,1.0,0.7350079452714176
test,2018-580,3,590,9,0.0,0.5618515457488511
test,2018-580,3,590,10,1.0,0.6935735904986693
test,2018-580,3,590,11,1.0,0.5838458115775705
test,2018-580,3,590,12,0.0,0.1357115400513425
test,2018-580,3,590,13,0.0,0.19673100027724882
test,2018-580,3,590,14,1.0,0.7106284609365269
test,2018-580,3,590,15,1.0,0.9492941484351877
test,2018-580,4,591,0,0.0,0.033603084516795514
test,2018-580,4,591,1,1.0,0.6921455696014683
test,2018-580,4,591,2,1.0,0.11859075769274038
test,2018-580,4,591,3,1.0,0.14667780257623791
test,2018-580,4,591,4,1.0,0.6275625380027716
test,2018-580,4,591,5,0.0,0.2987787250790394
test,2018-580,4,591,6,1.0,0.583973534504725
test,2018-580,4,591,7,0.0,0.10878840087868114
test,2018-580,5,592,0,1.0,0.8430704907337203
test,2018-580,5,592,1,0.0,0.32161684038536537
test,2018-580,5,592,2,1.0,0.21540646091642765
test,2018-580,5,592,3,1.0,0.18408216218548804
test,2018-580,6,593,0,0.0,0.07440563493551215
test,2018-580,6,593,1,1.0,0.6906108571192685
test,2018-580,7,594,0,1.0,0.8388175039237685
test,2018-M006,1,595,0,1.0,0.4709394226010692
test,2018-M006,1,595,1,1.0,0.34234548671163834
test,2018-M006,1,595,2,0.0,0.607422319946163
test,2018-M006,1,595,3,1.0,0.3728496547974645
test,2018-M006,1,595,4,0.0,0.3849610116249126
test,2018-M006,1,595,5,0.0,0.541407846909757
test,2018-M006,1,595,6,1.0,0.5839173655362015
test,2018-M006,1,595,7,0.0,0.7980472677692622
test,2018-M006,1,595,8,1.0,0.441640563513177
test,2018-M006,1,595,9,0.0,0.16761298744444117
test,2018-M006,1,595,10,1.0,0.5052818651522494
test,2018-M006,1,595,11,0.0,0.4750191580666719
test,2018-M006,1,595,12,1.0,0.2973030874464368
test,2018-M006,1,595,13,1.0,0.48978964915338014
test,2018-M006,1,595,14,1.0,0.6310242384140118
test,2018-M006,1,595,15,1.0,0.5969027079846629
test,2018-M006,1,595,16,0.0,0.1550425436120856
test,2018-M006,1,595,17,1.0,0.3018295854862427
test,2018-M006,1,595,18,1.0,0.6614157568825172
test,2018-M006,1,595,19,1.0,0.3747028816124427
test,2018-M006,1,595,20,0.0,0.7011815422318085
test,2018-M006,1,595,21,1.0,0.5625465348726439
test,2018-M006,1,595,22,1.0,0.620983550208116
test,2018-M006,1,595,23,1.0,0.6043540796203017
test,2018-M006,1,595,24,0.0,0.3277703361266855
test,2018-M006,1,595,25,1.0,0.5330979919374476
test,2018-M006,1,595,26,0.0,0.6477420402907734
test,2018-M006,1,595,27,1.0,0.4629775107176639
test,2018-M006,1,595,28,1.0,0.5153367559206558
test,2018-M006,1,595,29,0.0,0.66500570611536
test,2018-M006,1,595,30,1.0,0.4683444279645976
test,2018-M006,1,595,31,0.0,0.5033479166398692
test,2018-M006,2,596,0,0.0,0.27059113719172845
test,2018-M006,2,596,1,1.0,0.6164091535161106
test,2018-M006,2,596,2,0.0,0.0569477863774624
test,2018-M006,2,596,3,1.0,0.3398707922129589
test,2018-M006,2,596,4,0.0,0.24130365426322953
test,2018-M006,2,596,5,0.0,0.3324864805346696
test,2018-M006,2,596,6,1.0,0.654151415863136
test,2018-M006,2,596,7,0.0,0.13745244310311855
test,2018-M006,2,596,8,0.0,0.7828358978614168
test,2018-M006,2,596,9,0.0,0.5579994275224318
test,2018-M006,2,596,10,1.0,0.45333894771108385
test,2018-M006,2,596,11,1.0,0.6406074602488625
test,2018-M006,2,596,12,1.0,0.6177301727451391
test,2018-M006,2,596,13,0.0,0.16600091047179197
test,2018-M006,2,596,14,1.0,0.4616488792823858
test,2018-M006,2,596,15,1.0,0.8120483067583288
test,2018-M006,2,596,16,0.0,0.4030152985769559
test,2018-M006,2,596,17,1.0,0.6287313265261176
test,2018-M006,2,596,18,0.0,0.18286731853355356
test,2018-M006,2,596,19,0.0,0.3795820932084451
test,2018-M006,2,596,20,1.0,0.2867920983028676
test,2018-M006,2,596,21,1.0,0.268312947008818
test,2018-M006,2,596,22,1.0,0.3200346402858363
test,2018-M006,2,596,23,0.0,0.13364628708853818
test,2018-M006,2,596,24,1.0,0.20629239781983166
test,2018-M006,2,596,25,1.0,0.6355999658409549
test,2018-M006,2,596,26,1.0,0.6225538087630128
test,2018-M006,2,596,27,0.0,0.8717574333850602
test,2018-M006,2,596,28,0.0,0.1506164926959408
test,2018-M006,2,596,29,0.0,0.6212910137106135
test,2018-M006,2,596,30,0.0,0.4676215797561143
test,2018-M006,2,596,31,1.0,0.8019399238496501
test,2018-M006,3,597,0,1.0,0.22291467589120148
test,2018-M006,3,597,1,0.0,0.2693837904272108
test,2018-M006,3,597,2,1.0,0.5920463435204236
test,2018-M006,3,597,3,0.0,0.31653942135636387
test,2018-M006,3,597,4,0.0,0.792090838007546
test,2018-M006,3,597,5,1.0,0.49365170662835883
test,2018-M006,3,597,6,1.0,0.7765235297820441
test,2018-M006,3,597,7,0.0,0.2001845380300099
test,2018-M006,3,597,8,0.0,0.08288477430400583
test,2018-M006,3,597,9,1.0,0.38307193367349446
test,2018-M006,3,597,10,1.0,0.3162904707046257
test,2018-M006,3,597,11,0.0,0.6329426614646823
test,2018-M006,3,597,12,0.0,0.6060748329482112
test,2018-M006,3,597,13,1.0,0.3789672697997156
test,2018-M006,3,597,14,1.0,0.7950707918466973
test,2018-M006,3,597,15,0.0,0.6816342450886828
test,2018-M006,4,598,0,0.0,0.07230811459446244
test,2018-M006,4,598,1,0.0,0.5448075343860659
test,2018-M006,4,598,2,1.0,0.6300016172158581
test,2018-M006,4,598,3,1.0,0.5467111608085454
test,2018-M006,4,598,4,0.0,0.3739294929722456
test,2018-M006,4,598,5,1.0,0.7399045192889331
test,2018-M006,4,598,6,1.0,0.7356629215541852
test,2018-M006,4,598,7,1.0,0.5467218858608426
test,2018-M006,5,599,0,1.0,0.8785316108859714
test,2018-M006,5,599,1,1.0,0.328603526138225
test,2018-M006,5,599,2,1.0,0.5201143204083095
test,2018-M006,5,599,3,1.0,0.7588821867691661
test,2018-M006,6,600,0,0.0,0.4378414747739781
test,2018-M006,6,600,1,1.0,0.8917585134031103
test,2018-M006,7,601,0,1.0,0.1924060420423131
test,2018-M007,1,602,0,0.0,0.47415009212274595
test,2018-M007,1,602,1,0.0,0.5092314902608766
test,2018-M007,1,602,2,0.0,0.4026407723520377
test,2018-M007,1,602,3,0.0,0.36599546968007407
test,2018-M007,1,602,4,0.0,0.4249023534076803
test,2018-M007,1,602,5,1.0,0.5065673782380503
test,2018-M007,1,602,6,0.0,0.5191025873149844
test,2018-M007,1,602,7,1.0,0.4717878209871138
test,2018-M007,1,602,8,0.0,0.8166558345711747
test,2018-M007,1,602,9,0.0,0.624925441821344
test,2018-M007,1,602,10,1.0,0.6825663406306021
test,2018-M007,1,602,11,1.0,0.5046463572826989
test,2018-M007,1,602,12,1.0,0.5538295854347531
test,2018-M007,1,602,13,1.0,0.23035148852236947
test,2018-M007,1,602,14,0.0,0.4306293150960436
test,2018-M007,1,602,15,0.0,0.4065491029807261
test,2018-M007,1,602,16,1.0,0.509292613222873
test,2018-M007,1,602,17,0.0,0.583799503276606
test,2018-M007,1,602,18,1.0,0.47731491902845624
test,2018-M007,1,602,19,1.0,0.47560023153649955
test,2018-M007,1,602,20,0.0,0.5025681923139517
test,2018-M007,1,602,21,0.0,0.6372586378205239
test,2018-M007,1,602,22,0.0,0.49048389654527047
test,2018-M007,1,602,23,0.0,0.5247576098092526
test,2018-M007,1,602,24,0.0,0.4003945572900053
test,2018-M007,1,602,25,0.0,0.5059440972099811
test,2018-M007,1,602,26,1.0,0.6658685816295364
test,2018-M007,1,602,27,0.0,0.3032341203597124
test,2018-M007,1,602,28,1.0,0.622828862416976
test,2018-M007,1,602,29,1.0,0.498624525878018
test,2018-M007,1,602,30,0.0,0.599914816228965
test,2018-M007,1,602,31,1.0,0.5741526809597305
test,2018-M007,2,603,0,0.0,0.9710188923916029
test,2018-M007,2,603,1,0.0,0.3714739484583863
test,2018-M007,2,603,2,1.0,0.4079150117322791
test,2018-M007,2,603,3,1.0,0.7541144365536333
test,2018-M007,2,603,4,0.0,0.41244157070979154
test,2018-M007,2,603,5,0.0,0.6774034572379556
test,2018-M007,2,603,6,0.0,0.3747424955673439
test,2018-M007,2,603,7,1.0,0.7948686868050808
test,2018-M007,2,603,8,0.0,0.15585712564756501
test,2018-M007,2,603,9,1.0,0.7000148442063012
test,2018-M007,2,603,10,1.0,0.7881196654690259
test,2018-M007,2,603,11,0.0,0.14796196107847184
test,2018-M007,2,603,12,1.0,0.8023893672158107
test,2018-M007,2,603,13,1.0,0.5681359712071072
test,2018-M007,2,603,14,1.0,0.8019979116531164
test,2018-M007,2,603,15,0.0,0.2254752357883276
test,2018-M007,2,603,16,0.0,0.20851473776796753
test,2018-M007,2,603,17,1.0,0.7734941660771908
test,2018-M007,2,603,18,1.0,0.8292163473880235
test,2018-M007,2,603,19,1.0,0.1356389827976082
test,2018-M007,2,603,20,1.0,0.8028613958751724
test,2018-M007,2,603,21,1.0,0.33283436043989156
test,2018-M007,2,603,22,1.0,0.8677187912844593
test,2018-M007,2,603,23,1.0,0.21144768121727028
test,2018-M007,2,603,24,0.0,0.5254992845669249
test,2018-M007,2,603,25,0.0,0.20418694170811158
test,2018-M007,2,603,26,1.0,0.14279478003832458
test,2018-M007,2,603,27,1.0,0.7264119669254128
test,2018-M007,2,603,28,0.0,0.5968581296019804
test,2018-M007,2,603,29,0.0,0.14312904683573202
test,2018-M007,2,603,30,0.0,0.18986437967351116
test,2018-M007,2,603,31,0.0,0.544813796298893
test,2018-M007,3,604,0,1.0,0.21107694595236473
test,2018-M007,3,604,1,1.0,0.4506264570860485
test,2018-M007,3,604,2,1.0,0.813614047996077
test,2018-M007,3,604,3,0.0,0.2344647460991267
test,2018-M007,3,604,4,0.0,0.18151072694266798
test,2018-M007,3,604,5,0.0,0.4182067391293834
test,2018-M007,3,604,6,0.0,0.4416759628054436
test,2018-M007,3,604,7,1.0,0.41518417900927407
test,2018-M007,3,604,8,1.0,0.6982677180597233
test,2018-M007,3,604,9,0.0,0.28201677669401304
test,2018-M007,3,604,10,1.0,0.1628117292675356
test,2018-M007,3,604,11,1.0,0.766472982635774
test,2018-M007,3,604,12,1.0,0.6786596755793406
test,2018-M007,3,604,13,0.0,0.689166952058012
test,2018-M007,3,604,14,0.0,0.45993986586918695
test,2018-M007,3,604,15,0.0,0.383429639718033
test,2018-M007,4,605,0,0.0,0.25122900989222935
test,2018-M007,4,605,1,0.0,0.340093419310349
test,2018-M007,4,605,2,0.0,0.18926943519487072
test,2018-M007,4,605,3,0.0,0.45886611534807736
test,2018-M007,4,605,4,1.0,0.6129445624589177
test,2018-M007,4,605,5,1.0,0.6936597124600572
test,2018-M007,4,605,6,1.0,0.6886039276716064
test,2018-M007,4,605,7,1.0,0.41487205681892914
test,2018-M007,5,606,0,1.0,0.456480631890959
test,2018-M007,5,606,1,0.0,0.34075882626488946
test,2018-M007,5,606,2,1.0,0.6112556098131128
test,2018-M007,5,606,3,1.0,0.5407459826646387
test,2018-M007,6,607,0,1.0,0.5513412373157024
test,2018-M007,6,607,1,0.0,0.631790139362388
test,2018-M007,7,608,0,1.0,0.42271527693712635
test,2018-M009,2,621,0,1.0,0.7248767620361503
test,2018-M009,2,621,1,1.0,0.4989389899774829
test,2018-M009,2,621,2,0.0,0.2913478811467776
test,2018-M009,2,621,3,1.0,0.16622703584172957
test,2018-M009,2,621,4,1.0,0.20988353322922296
test,2018-M009,2,621,5,0.0,0.4440638488051618
test,2018-M009,2,621,6,1.0,0.2686689643680064
test,2018-M009,2,621,7,0.0,0.17041836853460318
test,2018-M009,2,621,8,1.0,0.74558253687719
test,2018-M009,2,621,9,0.0,0.8462158411977978
test,2018-M009,2,621,10,1.0,0.4093020497937283
test,2018-M009,2,621,11,1.0,0.6954206984397913
test,2018-M009,2,621,12,1.0,0.3438189611309334
test,2018-M009,2,621,13,1.0,0.8595862931068127
test,2018-M009,2,621,14,1.0,0.5165736542404841
test,2018-M009,2,621,15,1.0,0.6002131475255217
test,2018-M009,2,621,16,1.0,0.7025104500226048
test,2018-M009,2,621,17,0.0,0.5596191838799552
test,2018-M009,2,621,18,1.0,0.25214983273703045
test,2018-M009,2,621,19,0.0,0.7788087590006821
test,2018-M009,2,621,20,0.0,0.6933603941293925
test,2018-M009,2,621,21,0.0,0.3549870997181222
test,2018-M009,2,621,22,0.0,0.6701047020422797
test,2018-M009,2,621,23,0.0,0.29442667209340334
test,2018-M009,3,622,0,1.0,0.9512716265370523
test,2018-M009,3,622,1,0.0,0.44071711982978146
test,2018-M009,3,622,2,0.0,0.679402719020983
test,2018-M009,3,622,3,0.0,0.5524495545366469
test,2018-M009,3,622,4,0.0,0.12300229682751093
test,2018-M009,3,622,5,0.0,0.6238873993358718
test,2018-M009,3,622,6,1.0,0.376218706847033
test,2018-M009,3,622,7,1.0,0.21421164581622323
test,2018-M009,3,622,8,0.0,0.24240147031605372
test,2018-M009,3,622,9,1.0,0.4906833103898717
test,2018-M009,3,622,10,1.0,0.7826306080698269
test,2018-M009,3,622,11,1.0,0.8608108413486693
test,2018-M009,3,622,12,0.0,0.42870771754102677
test,2018-M009,3,622,13,0.0,0.3706005718184899
test,2018-M009,3,622,14,1.0,0.8639843094400352
test,2018-M009,3,622,15,1.0,0.9066495703710111
test,2018-M009,4,623,0,1.0,0.7142046069298298
test,2018-M009,4,623,1,1.0,0.4571181003195597
test,2018-M009,4,623,2,1.0,0.9124818334940578
test,2018-M009,4,623,3,0.0,0.229497910741809
test,2018-M009,4,623,4,1.0,0.7708115652960902
test,2018-M009,4,623,5,1.0,0.6339146135031029
test,2018-M009,4,623,6,1.0,0.7408819210342944
test,2018-M009,4,623,7,1.0,0.7163849564709261
test,2018-M009,5,624,0,1.0,0.6051690236041241
test,2018-M009,5,624,1,0.0,0.4780069527395897
test,2018-M009,5,624,2,1.0,0.6451711629184765
test,2018-M009,5,624,3,1.0,0.8866514437723613
test,2018-M009,6,625,0,1.0,0.6127519247372045
test,2018-M009,6,625,1,0.0,0.24476902211514945
test,2018-M009,7,626,0,1.0,0.7852464618538533
test,2018-M021,2,615,0,1.0,0.38311052046845245
test,2018-M021,2,615,1,0.0,0.345414219220446
test,2018-M021,2,615,2,1.0,0.3246283169142153
test,2018-M021,2,615,3,0.0,0.4524342202704071
test,2018-M021,2,615,4,0.0,0.2305139210219157
test,2018-M021,2,615,5,1.0,0.47585914508200344
test,2018-M021,2,615,6,1.0,0.8325837391111005
test,2018-M021,2,615,7,1.0,0.5810234272767837
test,2018-M021,2,615,8,0.0,0.5126541176618373
test,2018-M021,2,615,9,0.0,0.36391292060755726
test,2018-M021,2,615,10,0.0,0.3088338680546474
test,2018-M021,2,615,11,1.0,0.3442268239290584
test,2018-M021,2,615,12,1.0,0.6847174457488571
test,2018-M021,2,615,13,0.0,0.5482365616171974
test,2018-M021,2,615,14,1.0,0.6885333414298347
test,2018-M021,2,615,15,0.0,0.2960554271828319
test,2018-M021,2,615,16,0.0,0.2305834178748231
test,2018-M021,2,615,17,0.0,0.24994166448775765
test,2018-M021,2,615,18,0.0,0.4037054064374286
test,2018-M021,2,615,19,0.0,0.3148367068733243
test,2018-M021,2,615,20,1.0,0.3865267348178036
test,2018-M021,2,615,21,0.0,0.5010844343305976
test,2018-M021,2,615,22,0.0,0.6360319097536388
test,2018-M021,2,615,23,0.0,0.549345536236362
test,2018-M021,3,616,0,1.0,0.8774589613988139
test,2018-M021,3,616,1,1.0,0.5952020602168029
test,2018-M021,3,616,2,1.0,0.6356675407693912
test,2018-M021,3,616,3,1.0,0.8446649038192161
test,2018-M021,3,616,4,0.0,0.15637600459973264
test,2018-M021,3,616,5,0.0,0.2249532142679297
test,2018-M021,3,616,6,0.0,0.5791239414153286
test,2018-M021,3,616,7,0.0,0.2565516236886358
test,2018-M021,3,616,8,0.0,0.7923948309609091
test,2018-M021,3,616,9,1.0,0.18368895905025542
test,2018-M021,3,616,10,0.0,0.5285242161077137
test,2018-M021,3,616,11,1.0,0.4212474182933965
test,2018-M021,3,616,12,0.0,0.4324520192584979
test,2018-M021,3,616,13,1.0,0.771413326537239
test,2018-M021,3,616,14,1.0,0.8742505024078064
test,2018-M021,3,616,15,0.0,0.5852310933163772
test,2018-M021,4,617,0,0.0,0.24981341056547898
test,2018-M021,4,617,1,0.0,0.45716450511924234
test,2018-M021,4,617,2,0.0,0.6816909797279792
test,2018-M021,4,617,3,0.0,0.3736465178789354
test,2018-M021,4,617,4,0.0,0.8348451360669455
test,2018-M021,4,617,5,1.0,0.6258200488800899
test,2018-M021,4,617,6,1.0,0.899554423853975
test,2018-M021,4,617,7,0.0,0.7424514643874245
test,2018-M021,5,618,0,1.0,0.16283829258183402
test,2018-M021,5,618,1,1.0,0.6195427444572
test,2018-M021,5,618,2,0.0,0.5855406503429648
test,2018-M021,5,618,3,1.0,0.7693209498836872
test,2018-M021,6,619,0,0.0,0.23467335176942364
test,2018-M021,6,619,1,1.0,0.5688810208731644
test,2018-M021,7,620,0,0.0,0.46270640717566125
test,2018-M024,2,647,0,0.0,0.5574629149653061
test,2018-M024,2,647,1,0.0,0.27006163423546475
test,2018-M024,2,647,2,0.0,0.4737161094095456
test,2018-M024,2,647,3,0.0,0.18909776298825012
test,2018-M024,2,647,4,0.0,0.35646249841050703
test,2018-M024,2,647,5,1.0,0.545719566756006
test,2018-M024,2,647,6,0.0,0.26454267357115757
test,2018-M024,2,647,7,1.0,0.8446602394115901
test,2018-M024,2,647,8,1.0,0.6799730957439601
test,2018-M024,2,647,9,1.0,0.49911136002345247
test,2018-M024,2,647,10,0.0,0.5904274961047266
test,2018-M024,2,647,11,1.0,0.25708581118737517
test,2018-M024,2,647,12,0.0,0.7113053308986125
test,2018-M024,2,647,13,1.0,0.33664658966680067
test,2018-M024,2,647,14,1.0,0.5074014883452931
test,2018-M024,2,647,15,1.0,0.6583481024487363
test,2018-M024,2,647,16,1.0,0.7651774585955128
test,2018-M024,2,647,17,1.0,0.867883385012338
test,2018-M024,2,647,18,1.0,0.7251230551459593
test,2018-M024,2,647,19,1.0,0.5065216590857814
test,2018-M024,2,647,20,0.0,0.4173987120683871
test,2018-M024,2,647,21,1.0,0.40038684321261897
test,2018-M024,2,647,22,1.0,0.5189972298779856
test,2018-M024,2,647,23,1.0,0.603671648018089
test,2018-M024,3,648,0,0.0,0.2278265823425281
test,2018-M024,3,648,1,1.0,0.4927389125454071
test,2018-M024,3,648,2,1.0,0.6820884739647834
test,2018-M024,3,648,3,1.0,0.8427446004389367
test,2018-M024,3,648,4,1.0,0.7174955456198537
test,2018-M024,3,648,5,1.0,0.8154549464673883
test,2018-M024,3,648,6,1.0,0.4847476403917873
test,2018-M024,3,648,7,0.0,0.13049228470948182
test,2018-M024,3,648,8,1.0,0.7535522638096862
test,2018-M024,3,648,9,1.0,0.22323644077767033
test,2018-M024,3,648,10,0.0,0.27910796873611027
test,2018-M024,3,648,11,0.0,0.5009406696512598
test,2018-M024,3,648,12,0.0,0.47808370394876304
test,2018-M024,3,648,13,1.0,0.5151809667235976
test,2018-M024,3,648,14,1.0,0.4154878512067587
test,2018-M024,3,648,15,0.0,0.06006106357146412
test,2018-M024,4,649,0,1.0,0.8899979338873363
test,2018-M024,4,649,1,0.0,0.24019484722703893
test,2018-M024,4,649,2,0.0,0.40868093214417284
test,2018-M024,4,649,3,0.0,0.5515906291987783
test,2018-M024,4,649,4,1.0,0.6925472385055226
test,2018-M024,4,649,5,1.0,0.6481537981638723
test,2018-M024,4,649,6,1.0,0.7263524058952268
test,2018-M024,4,649,7,0.0,0.34491809297899534
test,2018-M024,5,650,0,0.0,0.18548481715977172
test,2018-M024,5,650,1,0.0,0.6097683987925004
test,2018-M024,5,650,2,1.0,0.5936359416409369
test,2018-M024,5,650,3,1.0,0.7099307826978543
test,2018-M024,6,651,0,0.0,0.20454455381427314
test,2018-M024,6,651,1,0.0,0.36741741771533853
test,2018-M024,7,652,0,1.0,0.3605810029793986
test,2019-0352,2,750,0,1.0,0.43091469001492755
test,2019-0352,2,750,1,0.0,0.7113237030099496
test,2019-0352,2,750,2,0.0,0.24994991168056646
test,2019-0352,2,750,3,1.0,0.6027686175800664
test,2019-0352,2,750,4,0.0,0.514549235853081
test,2019-0352,2,750,5,0.0,0.49531750669515323
test,2019-0352,2,750,6,0.0,0.5642408838636412
test,2019-0352,2,750,7,1.0,0.764957409507497
test,2019-0352,2,750,8,0.0,0.19705551614476075
test,2019-0352,2,750,9,1.0,0.44471375124932216
test,2019-0352,2,750,10,0.0,0.3355081997805869
test,2019-0352,2,750,11,1.0,0.5736413451461991
test,2019-0352,2,750,12,1.0,0.6755117136879811
test,2019-0352,2,750,13,1.0,0.43167693701233545
test,2019-0352,2,750,14,1.0,0.7130840645136112
test,2019-0352,2,750,15,1.0,0.6260316357386873
test,2019-0352,3,751,0,1.0,0.23540722381648235
test,2019-0352,3,751,1,0.0,0.28777707361582333
test,2019-0352,3,751,2,0.0,0.7870781241109701
test,2019-0352,3,751,3,0.0,0.6257118636226798
test,2019-0352,3,751,4,0.0,0.423970022762467
test,2019-0352,3,751,5,0.0,0.3250539834320351
test,2019-0352,3,751,6,0.0,0.5830776123123561
test,2019-0352,3,751,7,1.0,0.6641202177043739
test,2019-0352,3,751,8,0.0,0.42340006982725786
test,2019-0352,3,751,9,0.0,0.6116303947242271
test,2019-0352,3,751,10,1.0,0.37039330463077813
test,2019-0352,3,751,11,1.0,0.4125123213668494
test,2019-0352,3,751,12,0.0,0.04984359123590723
test,2019-0352,3,751,13,1.0,0.3746121825635471
test,2019-0352,3,751,14,0.0,0.6729510649815026
test,2019-0352,3,751,15,1.0,0.958824182858872
test,2019-0352,4,752,0,1.0,0.9021703647160016
test,2019-0352,4,752,1,1.0,0.9098583847882711
test,2019-0352,4,752,2,0.0,0.3138899435892154
test,2019-0352,4,752,3,1.0,0.40351797157668495
test,2019-0352,4,752,4,1.0,0.3195353263223151
test,2019-0352,4,752,5,1.0,0.7069822800807994
test,2019-0352,4,752,6,0.0,0.670998686944526
test,2019-0352,4,752,7,1.0,0.3338979072056177
test,2019-0352,5,753,0,0.0,0.13801811183094326
test,2019-0352,5,753,1,1.0,0.7230792632951829
test,2019-0352,5,753,2,1.0,0.44065829974202103
test,2019-0352,5,753,3,1.0,0.9555988575265498
test,2019-0352,6,754,0,1.0,0.8868828586331314
test,2019-0352,6,754,1,1.0,0.09011948207836516
test,2019-0352,7,755,0,0.0,0.11128001302935464
test,2019-0410,2,693,0,1.0,0.626471984270259
test,2019-0410,2,693,1,0.0,0.2652128967141175
test,2019-0410,2,693,2,1.0,0.385708789642281
test,2019-0410,2,693,3,1.0,0.5879287630645024
test,2019-0410,2,693,4,0.0,0.23752898326897637
test,2019-0410,2,693,5,1.0,0.6728988456001741
test,2019-0410,2,693,6,0.0,0.2953310550800264
test,2019-0410,2,693,7,1.0,0.7890980035224883
test,2019-0410,2,693,8,1.0,0.6725561535553753
test,2019-0410,2,693,9,1.0,0.3856477804431973
test,2019-0410,2,693,10,1.0,0.3481458551373991
test,2019-0410,2,693,11,1.0,0.3769747809346827
test,2019-0410,2,693,12,0.0,0.5652685202412572
test,2019-0410,2,693,13,0.0,0.140433368134695
test,2019-0410,2,693,14,1.0,0.4469274732463987
test,2019-0410,2,693,15,1.0,0.41505470915732817
test,2019-0410,2,693,16,0.0,0.5019204742890591
test,2019-0410,2,693,17,0.0,0.479537048780608
test,2019-0410,2,693,18,0.0,0.4921629332307833
test,2019-0410,2,693,19,0.0,0.5472528651514214
test,2019-0410,2,693,20,1.0,0.8242591896899187
test,2019-0410,2,693,21,0.0,0.25938759749825385
test,2019-0410,2,693,22,0.0,0.455331690868056
test,2019-0410,2,693,23,1.0,0.543746978585228
test,2019-0410,3,694,0,1.0,0.19648779852866072
test,2019-0410,3,694,1,0.0,0.8352608237989011
test,2019-0410,3,694,2,0.0,0.6004930642238365
test,2019-0410,3,694,3,1.0,0.2491573406241197
test,2019-0410,3,694,4,1.0,0.8393240261930821
test,2019-0410,3,694,5,0.0,0.3144916961070359
test,2019-0410,3,694,6,1.0,0.6445897718069209
test,2019-0410,3,694,7,0.0,0.7567233636525624
test,2019-0410,3,694,8,0.0,0.16112657894659843
test,2019-0410,3,694,9,1.0,0.8137597051412699
test,2019-0410,3,694,10,0.0,0.2513159334418106
test,2019-0410,3,694,11,0.0,0.39829303803506416
test,2019-0410,3,694,12,1.0,0.159491980345971
test,2019-0410,3,694,13,0.0,0.10356427399279025
test,2019-0410,3,694,14,0.0,0.4194813141937036
test,2019-0410,3,694,15,0.0,0.581696549809062
test,2019-0410,4,695,0,0.0,0.10193785496375311
test,2019-0410,4,695,1,0.0,0.5777674815054644
test,2019-0410,4,695,2,0.0,0.7256428901397501
test,2019-0410,4,695,3,1.0,0.7381688773502382
test,2019-0410,4,695,4,0.0,0.7457894297882294
test,2019-0410,4,695,5,1.0,0.47776241231518296
test,2019-0410,4,695,6,1.0,0.9349425571406221
test,2019-0410,4,695,7,0.0,0.4564243968034305
test,2019-0410,5,696,0,1.0,0.9500325544441854
test,2019-0410,5,696,1,1.0,0.3557719802405889
test,2019-0410,5,696,2,1.0,0.6127219909643001
test,2019-0410,5,696,3,0.0,0.8870127827333242
test,2019-0410,6,697,0,0.0,0.9057853472188006
test,2019-0410,6,697,1,1.0,0.4485956522299333
test,2019-0410,7,698,0,0.0,0.4549467358088045
test,2019-0421,2,725,0,1.0,0.4951605837829063
test,2019-0421,2,725,1,0.0,0.14100127764019135
test,2019-0421,2,725,2,1.0,0.7757645132362624
test,2019-0421,2,725,3,1.0,0.3467373945508519
test,2019-0421,2,725,4,0.0,0.4340109121512375
test,2019-0421,2,725,5,1.0,0.42404151979093657
test,2019-0421,2,725,6,0.0,0.33471471792848057
test,2019-0421,2,725,7,1.0,0.43305310977686384
test,2019-0421,2,725,8,1.0,0.732449057026684
test,2019-0421,2,725,9,1.0,0.6834703272568725
test,2019-0421,2,725,10,1.0,0.5126790112421703
test,2019-0421,2,725,11,0.0,0.4813294788465681
test,2019-0421,2,725,12,0.0,0.3690659151573805
test,2019-0421,2,725,13,0.0,0.28869278913250823
test,2019-0421,2,725,14,1.0,0.8146656457985514
test,2019-0421,2,725,15,1.0,0.718794337679294
test,2019-0421,2,725,16,0.0,0.5123600035117627
test,2019-0421,2,725,17,0.0,0.44018267190518334
test,2019-0421,2,725,18,1.0,0.509865068500572
test,2019-0421,2,725,19,1.0,0.8131674278574835
test,2019-0421,2,725,20,1.0,0.28838064435001526
test,2019-0421,2,725,21,0.0,0.5415764496269524
test,2019-0421,2,725,22,1.0,0.47635723682419506
test,2019-0421,2,725,23,1.0,0.8082965507343874
test,2019-0421,3,726,0,1.0,0.5856328933493858
test,2019-0421,3,726,1,0.0,0.7298680117294927
test,2019-0421,3,726,2,1.0,0.5112036905533126
test,2019-0421,3,726,3,1.0,0.7677379398488732
test,2019-0421,3,726,4,0.0,0.703375698408105
test,2019-0421,3,726,5,1.0,0.8799063416499983
test,2019-0421,3,726,6,1.0,0.23659388886627972
test,2019-0421,3,726,7,1.0,0.5423542236155658
test,2019-0421,3,726,8,0.0,0.046479502453873646
test,2019-0421,3,726,9,0.0,0.7097995917585428
test,2019-0421,3,726,10,0.0,0.6159634477666135
test,2019-0421,3,726,11,0.0,0.4973292609173054
test,2019-0421,3,726,12,0.0,0.8439711668296574
test,2019-0421,3,726,13,0.0,0.304198423668356
test,2019-0421,3,726,14,1.0,0.7742686890586167
test,2019-0421,3,726,15,1.0,0.8493179537065939
test,2019-0421,4,727,0,1.0,0.5257858013001778
test,2019-0421,4,727,1,0.0,0.2514639462638006
test,2019-0421,4,727,2,1.0,0.7605747599877293
test,2019-0421,4,727,3,0.0,0.2987447740928413
test,2019-0421,4,727,4,1.0,0.6313593583420909
test,2019-0421,4,727,5,1.0,0.6465633111158849
test,2019-0421,4,727,6,0.0,0.2728520753161114
test,2019-0421,4,727,7,0.0,0.06373362017705636
test,2019-0421,5,728,0,1.0,0.31515959598075427
test,2019-0421,5,728,1,0.0,0.5429676149339654
test,2019-0421,5,728,2,0.0,0.5293048754376481
test,2019-0421,5,728,3,0.0,0.12284610225222423
test,2019-0421,6,729,0,1.0,0.37603595101580173
test,2019-0421,6,729,1,1.0,0.887552324859836
test,2019-0421,7,730,0,1.0,0.8974712816747579
test,2019-5014,2,744,0,0.0,0.39559705168830017
test,2019-5014,2,744,1,0.0,0.13787853260490368
test,2019-5014,2,744,2,1.0,0.6371865718856352
test,2019-5014,2,744,3,0.0,0.35026264763846526
test,2019-5014,2,744,4,1.0,0.7645909143692057
test,2019-5014,2,744,5,1.0,0.4106677858824046
test,2019-5014,2,744,6,0.0,0.48723962022693446
test,2019-5014,2,744,7,0.0,0.8129096352500448
test,2019-5014,2,744,8,1.0,0.7655869157905087
test,2019-5014,2,744,9,1.0,0.6937831804623472
test,2019-5014,2,744,10,0.0,0.54500884464487
test,2019-5014,2,744,11,0.0,0.6569388672362739
test,2019-5014,2,744,12,1.0,0.2574627434245977
test,2019-5014,2,744,13,1.0,0.46987696828360015
test,2019-5014,2,744,14,1.0,0.6477225073858497
test,2019-5014,2,744,15,0.0,0.7176368685368224
test,2019-5014,2,744,16,1.0,0.41851436022487365
test,2019-5014,2,744,17,1.0,0.4061874499753854
test,2019-5014,2,744,18,0.0,0.1266486572826905
test,2019-5014,2,744,19,1.0,0.5361043570573182
test,2019-5014,2,744,20,0.0,0.4515758919058413
test,2019-5014,2,744,21,1.0,0.3454314915528012
test,2019-5014,2,744,22,1.0,0.40396494389357995
test,2019-5014,2,744,23,1.0,0.36903371739239255
test,2019-5014,3,745,0,1.0,0.8645886266297186
test,2019-5014,3,745,1,1.0,0.782778164794689
test,2019-5014,3,745,2,0.0,0.4883770112825493
test,2019-5014,3,745,3,0.0,0.21843642542798572
test,2019-5014,3,745,4,1.0,0.6521261165320003
test,2019-5014,3,745,5,1.0,0.5141443786936859
test,2019-5014,3,745,6,1.0,0.627837276550783
test,2019-5014,3,745,7,1.0,0.7411170414342703
test,2019-5014,3,745,8,0.0,0.26516688406087124
test,2019-5014,3,745,9,1.0,0.4058858909212347
test,2019-5014,3,745,10,1.0,0.8057892806719826
test,2019-5014,3,745,11,1.0,0.6582829809713215
test,2019-5014,3,745,12,1.0,0.3198949671548838
test,2019-5014,3,745,13,0.0,0.39193552542103616
test,2019-5014,3,745,14,0.0,0.24106512527336804
test,2019-5014,3,745,15,1.0,0.8442307029334486
test,2019-5014,4,746,0,0.0,0.28834529085466737
test,2019-5014,4,746,1,1.0,0.8291046346114936
test,2019-5014,4,746,2,0.0,0.3448265179161097
test,2019-5014,4,746,3,0.0,0.18375805294348882
test,2019-5014,4,746,4,0.0,0.5435605591012226
test,2019-5014,4,746,5,0.0,0.6611042417485276
test,2019-5014,4,746,6,0.0,0.3011953665023484
test,2019-5014,4,746,7,1.0,0.7614024255542191
test,2019-5014,5,747,0,0.0,0.8191380915205047
test,2019-5014,5,747,1,1.0,0.5549485848867358
test,2019-5014,5,747,2,1.0,0.28583938184634095
test,2019-5014,5,747,3,0.0,0.6800432200193655
test,2019-5014,6,748,0,1.0,0.570347332560877
test,2019-5014,6,748,1,1.0,0.7089645124271235
test,2019-5014,7,749,0,0.0,0.5169344053895886
test,2019-520,1,711,0,1.0,0.9203154839537615
test,2019-520,1,711,1,1.0,0.3679728975700985
test,2019-520,1,711,2,1.0,0.4824403947641662
test,2019-520,1,711,3,0.0,0.2709927092127962
test,2019-520,1,711,4,0.0,0.27211650789435193
test,2019-520,1,711,5,0.0,0.5567689525737232
test,2019-520,1,711,6,1.0,0.5020157727804022
test,2019-520,1,711,7,1.0,0.8997802300469449
test,2019-520,1,711,8,1.0,0.7865067070813756
test,2019-520,1,711,9,0.0,0.44397837404730167
test,2019-520,1,711,10,1.0,0.6067287437021222
test,2019-520,1,711,11,0.0,0.6433181724803835
test,2019-520,1,711,12,1.0,0.8928879285345546
test,2019-520,1,711,13,0.0,0.6849710075890854
test,2019-520,1,711,14,1.0,0.8181881073675676
test,2019-520,1,711,15,0.0,0.12398187834346382
test,2019-520,1,711,16,0.0,0.7191331162837418
test,2019-520,1,711,17,0.0,0.24337197069003444
test,2019-520,1,711,18,0.0,0.3894789815445175
test,2019-520,1,711,19,0.0,0.18236491183652398
test,2019-520,1,711,20,1.0,0.7689079550398012
test,2019-520,1,711,21,0.0,0.32461163409770794
test,2019-520,1,711,22,0.0,0.21314199350933422
test,2019-520,1,711,23,1.0,0.2439325359675162
test,2019-520,1,711,24,0.0,0.3245990571124713
test,2019-520,1,711,25,0.0,0.4953064452638764
test,2019-520,1,711,26,0.0,0.3706792263136708
test,2019-520,1,711,27,1.0,0.4812787127475433
test,2019-520,1,711,28,1.0,0.8436777247459991
test,2019-520,1,711,29,0.0,0.2110203860030628
test,2019-520,1,711,30,1.0,0.5276764864065966
test,2019-520,1,711,31,0.0,0.2865300940598028
test,2019-520,1,711,32,1.0,0.7138157633526387
test,2019-520,1,711,33,1.0,0.8840182485411138
test,2019-520,1,711,34,1.0,0.24918000668000626
test,2019-520,1,711,35,1.0,0.5394823576342865
test,2019-520,1,711,36,1.0,0.8441813825211792
test,2019-520,1,711,37,0.0,0.08238563145402619
test,2019-520,1,711,38,0.0,0.3847175601675587
test,2019-520,1,711,39,1.0,0.8227542732435387
test,2019-520,1,711,40,0.0,0.3784542185175304
test,2019-520,1,711,41,1.0,0.26059148026824225
test,2019-520,1,711,42,0.0,0.06909165267522
test,2019-520,1,711,43,0.0,0.31211738942575534
test,2019-520,1,711,44,1.0,0.2909231306470985
test,2019-520,1,711,45,0.0,0.4713200810592394
test,2019-520,1,711,46,0.0,0.09925085403395298
test,2019-520,1,711,47,0.0,0.0534186274384748
test,2019-520,1,711,48,1.0,0.512420643900023
test,2019-520,1,711,49,1.0,0.5393367106557566
test,2019-520,1,711,50,1.0,0.35013848807564163
test,2019-520,1,711,51,0.0,0.3981924655682809
test,2019-520,1,711,52,1.0,0.6717797146750304
test,2019-520,1,711,53,1.0,0.6737953080105321
test,2019-520,1,711,54,1.0,0.3524108178793275
test,2019-520,1,711,55,1.0,0.1473646111475955
test,2019-520,1,711,56,0.0,0.27907798274220647
test,2019-520,1,711,57,0.0,0.3886726672129908
test,2019-520,1,711,58,1.0,0.6719601044249466
test,2019-520,1,711,59,1.0,0.8942894359602226
test,2019-520,1,711,60,0.0,0.44157108601833056
test,2019-520,1,711,61,0.0,0.5502711020844778
test,2019-520,1,711,62,0.0,0.01261267835277535
test,2019-520,1,711,63,1.0,0.5514050609561695
test,2019-520,2,712,0,1.0,0.320642861788409
test,2019-520,2,712,1,0.0,0.01875467010723978
test,2019-520,2,712,2,0.0,0.16707090704930586
test,2019-520,2,712,3,0.0,0.797585468569172
test,2019-520,2,712,4,0.0,0.49629560040992987
test,2019-520,2,712,5,0.0,0.39723807246804793
test,2019-520,2,712,6,0.0,0.27013251570566726
test,2019-520,2,712,7,0.0,0.21722312907052466
test,2019-520,2,712,8,1.0,0.8981996426283224
test,2019-520,2,712,9,1.0,0.9145384573029735
test,2019-520,2,712,10,1.0,0.3313768509517053
test,2019-520,2,712,11,0.0,0.8773967653661049
test,2019-520,2,712,12,0.0,0.26986569298027946
test,2019-520,2,712,13,1.0,0.8659857381153551
test,2019-520,2,712,14,0.0,0.61137184027784
test,2019-520,2,712,15,1.0,0.48471573832725284
test,2019-520,2,712,16,1.0,0.8842987463213426
test,2019-520,2,712,17,0.0,0.1663316341951621
test,2019-520,2,712,18,1.0,0.5956819021549504
test,2019-520,2,712,19,1.0,0.8058784266532427
test,2019-520,2,712,20,0.0,0.6868614796015371
test,2019-520,2,712,21,1.0,0.1623269595187083
test,2019-520,2,712,22,0.0,0.734304149600976
test,2019-520,2,712,23,1.0,0.44258790947989357
test,2019-520,2,712,24,0.0,0.05841049370910551
test,2019-520,2,712,25,0.0,0.14849190289166947
test,2019-520,2,712,26,1.0,0.6493496460193858
test,2019-520,2,712,27,0.0,0.18706906444129848
test,2019-520,2,712,28,0.0,0.2861163434252878
test,2019-520,2,712,29,1.0,0.9707010900240287
test,2019-520,2,712,30,0.0,0.728061772748694
test,2019-520,2,712,31,1.0,0.9019085942382584
test,2019-520,3,713,0,1.0,0.6651683416670134
test,2019-520,3,713,1,1.0,0.4861209606118906
test,2019-520,3,713,2,1.0,0.7820855568273172
test,2019-520,3,713,3,0.0,0.13793391461946716
test,2019-520,3,713,4,1.0,0.7951756715760664
test,2019-520,3,713,5,0.0,0.20330255243568315
test,2019-520,3,713,6,0.0,0.624215073200851
test,2019-520,3,713,7,1.0,0.7206276217853155
test,2019-520,3,713,8,0.0,0.4025461845098018
test,2019-520,3,713,9,0.0,0.046214595133902754
test,2019-520,3,713,10,1.0,0.9106242338981643
test,2019-520,3,713,11,1.0,0.8226847351041952
test,2019-520,3,713,12,1.0,0.8435829903879334
test,2019-520,3,713,13,1.0,0.48396907479287826
test,2019-520,3,713,14,0.0,0.12032325080779101
test,2019-520,3,713,15,1.0,0.33498924817697223
test,2019-520,4,714,0,0.0,0.036130085926200206
test,2019-520,4,714,1,0.0,0.19806311656705355
test,2019-520,4,714,2,1.0,0.8727389454477792
test,2019-520,4,714,3,0.0,0.6116061343020085
test,2019-520,4,714,4,0.0,0.31521087035970635
test,2019-520,4,714,5,1.0,0.5954839943888481
test,2019-520,4,714,6,1.0,0.8727431050357379
test,2019-520,4,714,7,1.0,0.3708271796896326
test,2019-520,5,715,0,0.0,0.3875209103172019
test,2019-520,5,715,1,1.0,0.8469363838382746
test,2019-520,5,715,2,0.0,0.1878446338971422
test,2019-520,5,715,3,1.0,0.7934615805097338
test,2019-520,6,716,0,1.0,0.7715607849268159
test,2019-520,6,716,1,1.0,0.21809127031814338
test,2019-520,7,717,0,0.0,0.1598294475506996
test,2019-540,1,718,0,1.0,0.6937124881698525
test,2019-540,1,718,1,1.0,0.1918758764484927
test,2019-540,1,718,2,1.0,0.14338803837493758
test,2019-540,1,718,3,0.0,0.5389052505436172
test,2019-540,1,718,4,0.0,0.4600550434275184
test,2019-540,1,718,5,0.0,0.3213381204725681
test,2019-540,1,718,6,0.0,0.23947828896745166
test,2019-540,1,718,7,1.0,0.2933276886779491
test,2019-540,1,718,8,0.0,0.36439715647055354
test,2019-540,1,718,9,1.0,0.9243861036859535
test,2019-540,1,718,10,0.0,0.12163979132632102
test,2019-540,1,718,11,1.0,0.7313121359003728
test,2019-540,1,718,12,0.0,0.3868832042709018
test,2019-540,1,718,13,0.0,0.22739212915737417
test,2019-540,1,718,14,1.0,0.6408313841752407
test,2019-540,1,718,15,0.0,0.40422624593442863
test,2019-540,1,718,16,0.0,0.5463502994646506
test,2019-540,1,718,17,0.0,0.8112065140300528
test,2019-540,1,718,18,0.0,0.27572820789727437
test,2019-540,1,718,19,0.0,0.13676697796761914
test,2019-540,1,718,20,1.0,0.5986849877643051
test,2019-540,1,718,21,0.0,0.24894802835676297
test,2019-540,1,718,22,1.0,0.6029871403839863
test,2019-540,1,718,23,0.0,0.37979835308702764
test,2019-540,1,718,24,0.0,0.1878803332770521
test,2019-540,1,718,25,0.0,0.377985723989502
test,2019-540,1,718,26,0.0,0.5457287999050068
test,2019-540,1,718,27,0.0,0.3089501410389411
test,2019-540,1,718,28,1.0,0.46868523427303455
test,2019-540,1,718,29,0.0,0.5685569021163218
test,2019-540,1,718,30,1.0,0.525933695370659
test,2019-540,1,718,31,0.0,0.08937495326676549
test,2019-540,1,718,32,1.0,0.9712158802704244
test,2019-540,1,718,33,0.0,0.35941186552188636
test,2019-540,1,718,34,0.0,0.38230105523952196
test,2019-540,1,718,35,1.0,0.1985021169150722
test,2019-540,1,718,36,0.0,0.20345174331252122
test,2019-540,1,718,37,0.0,0.530978813974806
test,2019-540,1,718,38,0.0,0.2433406859735377
test,2019-540,1,718,39,1.0,0.8094802640964801
test,2019-540,1,718,40,1.0,0.7183630338388609
test,2019-540,1,718,41,1.0,0.5981540513133417
test,2019-540,1,718,42,1.0,0.5747226841117478
test,2019-540,1,718,43,0.0,0.18082921828048087
test,2019-540,1,718,44,0.0,0.23890005753391647
test,2019-540,1,718,45,1.0,0.2349795765123434
test,2019-540,1,718,46,0.0,0.402600544288712
test,2019-540,1,718,47,1.0,0.7652194561972911
test,2019-540,1,718,48,1.0,0.15708682828284048
test,2019-540,1,718,49,0.0,0.6489815959200961
test,2019-540,1,718,50,1.0,0.22685160047167324
test,2019-540,1,718,51,0.0,0.31889795248613306
test,2019-540,1,718,52,0.0,0.6382023863115733
test,2019-540,1,718,53,1.0,0.652738798319187
test,2019-540,1,718,54,1.0,0.8653585940060688
test,2019-540,1,718,55,0.0,0.4998737794310206
test,2019-540,1,718,56,0.0,0.3090119296325808
test,2019-540,1,718,57,1.0,0.2641961581111265
test,2019-540,1,718,58,1.0,0.7687654690801928
test,2019-540,1,718,59,1.0,0.4174291574452256
test,2019-540,1,718,60,1.0,0.5263375326329974
test,2019-540,1,718,61,0.0,0.5980854897054917
test,2019-540,1,718,62,1.0,0.9583026284608042
test,2019-540,1,718,63,1.0,0.5175509291314414
test,2019-540,2,719,0,0.0,0.041124166746735
test,2019-540,2,719,1,0.0,0.31917990470921836
test,2019-540,2,719,2,0.0,0.11635278000863712
test,2019-540,2,719,3,1.0,0.5031995941806355
test,2019-540,2,719,4,1.0,0.6282986974475661
test,2019-540,2,719,5,0.0,0.7963892676962309
test,2019-540,2,719,6,0.0,0.5002392960446074
test,2019-540,2,719,7,1.0,0.4231058865931394
test,2019-540,2,719,8,1.0,0.8554433883069055
test,2019-540,2,719,9,0.0,0.7427270060007043
test,2019-540,2,719,10,1.0,0.7623339961601404
test,2019-540,2,719,11,0.0,0.2213220644314404
test,2019-540,2,719,12,0.0,0.1883277970744182
test,2019-540,2,719,13,1.0,0.6414579570604468
test,2019-540,2,719,14,1.0,0.7264926762951499
test,2019-540,2,719,15,0.0,0.5682973139552497
test,2019-540,2,719,16,1.0,0.5196861951214305
test,2019-540,2,719,17,1.0,0.34215929407714324
test,2019-540,2,719,18,0.0,0.23544929902683726
test,2019-540,2,719,19,0.0,0.784479101012562
test,2019-540,2,719,20,1.0,0.3766203465426526
test,2019-540,2,719,21,1.0,0.6659087622415923
test,2019-540,2,719,22,1.0,0.9439823030142824
test,2019-540,2,719,23,0.0,0.14740749133334283
test,2019-540,2,719,24,1.0,0.49497450141634725
test,2019-540,2,719,25,1.0,0.6261550217614811
test,2019-540,2,719,26,1.0,0.7307084914977945
test,2019-540,2,719,27,1.0,0.506354738704658
test,2019-540,2,719,28,0.0,0.34492682396900654
test,2019-540,2,719,29,0.0,0.5537230202196971
test,2019-540,2,719,30,1.0,0.9507385295060252
test,2019-540,2,719,31,1.0,0.40412570402619996
test,2019-540,3,720,0,1.0,0.39592288231385026
test,2019-540,3,720,1,1.0,0.20121395102604214
test,2019-540,3,720,2,1.0,0.9444927824611298
test,2019-540,3,720,3,1.0,0.5531238320676267
test,2019-540,3,720,4,1.0,0.6207294536413968
test,2019-540,3,720,5,0.0,0.39072701753406436
test,2019-540,3,720,6,1.0,0.8170307347099419
test,2019-540,3,720,7,0.0,0.0704505380677533
test,2019-540,3,720,8,1.0,0.7292378745123197
test,2019-540,3,720,9,1.0,0.6467141032618161
test,2019-540,3,720,10,0.0,0.713024524219495
test,2019-540,3,720,11,0.0,0.17470112628363355
test,2019-540,3,720,12,1.0,0.2417115625251731
test,2019-540,3,720,13,1.0,0.2897009439243569
test,2019-540,3,720,14,1.0,0.8870191218119589
test,2019-540,3,720,15,0.0,0.7339596750356443
test,2019-540,4,721,0,1.0,0.9058908365612581
test,2019-540,4,721,1,0.0,0.1656724392602822
test,2019-540,4,721,2,1.0,0.9403233365772309
test,2019-540,4,721,3,0.0,0.36818141396322807
test,2019-540,4,721,4,0.0,0.34554138539656387
test,2019-540,4,721,5,1.0,0.24323750297249916
test,2019-540,4,721,6,0.0,0.3687365729942397
test,2019-540,4,721,7,1.0,0.9501706978023682
test,2019-540,5,722,0,1.0,0.9378396736824165
test,2019-540,5,722,1,1.0,0.7133027493547733
test,2019-540,5,722,2,1.0,0.6727617673377813
test,2019-540,5,722,3,0.0,0.1742843230819855
test,2019-540,6,723,0,1.0,0.2601894867494292
test,2019-540,6,723,1,1.0,0.8636346995904981
test,2019-540,7,724,0,0.0,0.35684020028692537
test,2019-560,1,737,0,0.0,0.4973688697021935
test,2019-560,1,737,1,0.0,0.423341328965576
test,2019-560,1,737,2,1.0,0.9063235674467693
test,2019-560,1,737,3,0.0,0.7626346292268532
test,2019-560,1,737,4,1.0,0.7064506626393301
test,2019-560,1,737,5,1.0,0.25684706159967646
test,2019-560,1,737,6,1.0,0.5870658586556309
test,2019-560,1,737,7,0.0,0.7148390489782385
test,2019-560,1,737,8,1.0,0.401501212636423
test,2019-560,1,737,9,1.0,0.45792498231826856
test,2019-560,1,737,10,0.0,0.8018606726913365
test,2019-560,1,737,11,1.0,0.587390543663216
test,2019-560,1,737,12,1.0,0.6997657355333605
test,2019-560,1,737,13,0.0,0.6785108647519885
test,2019-560,1,737,14,1.0,0.6013885196984865
test,2019-560,1,737,15,0.0,0.7839527302270606
test,2019-560,1,737,16,1.0,0.6015893470364362
test,2019-560,1,737,17,1.0,0.5461978104623161
test,2019-560,1,737,18,0.0,0.863346850537172
test,2019-560,1,737,19,0.0,0.39006875443264905
test,2019-560,1,737,20,0.0,0.3484912262802411
test,2019-560,1,737,21,1.0,0.8377640081559804
test,2019-560,1,737,22,0.0,0.30138884327383747
test,2019-560,1,737,23,1.0,0.5023662566962694
test,2019-560,1,737,24,1.0,0.34092711293565026
test,2019-560,1,737,25,0.0,0.49885027881765587
test,2019-560,1,737,26,0.0,0.3103851051799397
test,2019-560,1,737,27,0.0,0.04039536381994478
test,2019-560,1,737,28,1.0,0.3506977718989371
test,2019-560,1,737,29,1.0,0.5085312581222249
test,2019-560,1,737,30,0.0,0.2272936355804811
test,2019-560,1,737,31,0.0,0.1499777215423023
test,2019-560,1,737,32,0.0,0.48246687398587274
test,2019-560,1,737,33,0.0,0.45574572205626807
test,2019-560,1,737,34,1.0,0.6772809138023335
test,2019-560,1,737,35,0.0,0.8020968635724282
test,2019-560,1,737,36,1.0,0.3556503425320374
test,2019-560,1,737,37,1.0,0.16325924896487373
test,2019-560,1,737,38,1.0,0.5791184135556011
test,2019-560,1,737,39,1.0,0.4460187741528664
test,2019-560,1,737,40,0.0,0.35613636437386664
test,2019-560,1,737,41,0.0,0.40110759063297907
test,2019-560,1,737,42,0.0,0.126954375631415
test,2019-560,1,737,43,1.0,0.9595649355588117
test,2019-560,1,737,44,1.0,0.6586366109821722
test,2019-560,1,737,45,1.0,0.43153413175425703
test,2019-560,1,737,46,1.0,0.3459373684497893
test,2019-560,1,737,47,0.0,0.3693342290264183
test,2019-560,1,737,48,0.0,0.5871526408800011
test,2019-560,1,737,49,1.0,0.38996677727402695
test,2019-560,1,737,50,1.0,0.8450934315453202
test,2019-560,1,737,51,0.0,0.17032395644740708
test,2019-560,1,737,52,1.0,0.44809445234447687
test,2019-560,1,737,53,1.0,0.43607783612495554
test,2019-560,1,737,54,1.0,0.8036825326183579
test,2019-560,1,737,55,1.0,0.46202014352110166
test,2019-560,1,737,56,0.0,0.2856346168013105
test,2019-560,1,737,57,0.0,0.14464690929956148
test,2019-560,1,737,58,1.0,0.8304944936400908
test,2019-560,1,737,59,0.0,0.7546759425207019
test,2019-560,1,737,60,1.0,0.7628605450763652
test,2019-560,1,737,61,1.0,0.9569268432516104
test,2019-560,1,737,62,1.0,0.8380462502015232
test,2019-560,1,737,63,0.0,0.8541074524046984
test,2019-560,2,738,0,1.0,0.9705303806454364
test,2019-560,2,738,1,1.0,0.33599257392327353
test,2019-560,2,738,2,0.0,0.1117960506396366
test,2019-560,2,738,3,0.0,0.4048544816977628
test,2019-560,2,738,4,1.0,0.5197087928966154
test,2019-560,2,738,5,0.0,0.6505228890282165
test,2019-560,2,738,6,0.0,0.11478218559881899
test,2019-560,2,738,7,0.0,0.07737251347792483
test,2019-560,2,738,8,0.0,0.500994765109271
test,2019-560,2,738,9,1.0,0.7599284009304651
test,2019-560,2,738,10,0.0,0.6326104092273437
test,2019-560,2,738,11,0.0,0.6152371132691034
test,2019-560,2,738,12,1.0,0.6430607274952542
test,2019-560,2,738,13,0.0,0.7220397621259368
test,2019-560,2,738,14,1.0,0.8629699519590095
test,2019-560,2,738,15,0.0,0.05193866451129799
test,2019-560,2,738,16,1.0,0.8147428069802122
test,2019-560,2,738,17,1.0,0.7628049835226987
test,2019-560,2,738,18,0.0,0.5720036214330457
test,2019-560,2,738,19,0.0,0.610787346460657
test,2019-560,2,738,20,1.0,0.7730113236961
test,2019-560,2,738,21,0.0,0.1899155000141862
test,2019-560,2,738,22,0.0,0.521498876346348
test,2019-560,2,738,23,1.0,0.3831234814100003
test,2019-560,2,738,24,0.0,0.5207453162145042
test,2019-560,2,738,25,0.0,0.5476732474293161
test,2019-560,2,738,26,0.0,0.13357536512569482
test,2019-560,2,738,27,1.0,0.6288664764892833
test,2019-560,2,738,28,0.0,0.7123789116538213
test,2019-560,2,738,29,0.0,0.6276173505940378
test,2019-560,2,738,30,0.0,0.1368026499763857
test,2019-560,2,738,31,1.0,0.6951828900485418
test,2019-560,3,739,0,0.0,0.4287899460169427
test,2019-560,3,739,1,1.0,0.9121619372459596
test,2019-560,3,739,2,0.0,0.4842410799368364
test,2019-560,3,739,3,0.0,0.5954269925070278
test,2019-560,3,739,4,0.0,0.7843150646109596
test,2019-560,3,739,5,0.0,0.20194455011537085
test,2019-560,3,739,6,1.0,0.624613668279463
test,2019-560,3,739,7,0.0,0.042225616344027515
test,2019-560,3,739,8,0.0,0.7105656102652289
test,2019-560,3,739,9,1.0,0.784519945229014
test,2019-560,3,739,10,1.0,0.4714663532026242
test,2019-560,3,739,11,1.0,0.7897006340989652
test,2019-560,3,739,12,1.0,0.8496601284038839
test,2019-560,3,739,13,0.0,0.4517074302885322
test,2019-560,3,739,14,1.0,0.9492341376570415
test,2019-560,3,739,15,1.0,0.7799932875914078
test,2019-560,4,740,0,1.0,0.3888968501694672
test,2019-560,4,740,1,1.0,0.80583845246661
test,2019-560,4,740,2,0.0,0.5135677721157993
test,2019-560,4,740,3,0.0,0.3632355442567739
test,2019-560,4,740,4,0.0,0.24443481438119763
test,2019-560,4,740,5,1.0,0.8516986798167401
test,2019-560,4,740,6,0.0,0.878749013566683
test,2019-560,4,740,7,1.0,0.8734469452072113
test,2019-560,5,741,0,1.0,0.8989135378187689
test,2019-560,5,741,1,1.0,0.2560543769097458
test,2019-560,5,741,2,0.0,0.8433074621136596
test,2019-560,5,741,3,0.0,0.3930864934890475
test,2019-560,6,742,0,0.0,0.04678805517367834
test,2019-560,6,742,1,0.0,0.3591708050914508
test,2019-560,7,743,0,1.0,0.8713011291610866
test,2019-580,1,672,0,0.0,0.3324055546888303
test,2019-580,1,672,1,1.0,0.9216713849328564
test,2019-580,1,672,2,0.0,0.23962838532532893
test,2019-580,1,672,3,1.0,0.859887524917402
test,2019-580,1,672,4,0.0,0.27888642759520355
test,2019-580,1,672,5,1.0,0.8538957028239553
test,2019-580,1,672,6,1.0,0.7954224802571633
test,2019-580,1,672,7,1.0,0.6216097478515455
test,2019-580,1,672,8,0.0,0.25283875495869235
test,2019-580,1,672,9,0.0,0.22509847749558387
test,2019-580,1,672,10,1.0,0.9025167145654894
test,2019-580,1,672,11,1.0,0.548079573432181
test,2019-580,1,672,12,0.0,0.7185389603994369
test,2019-580,1,672,13,1.0,0.6342154491622708
test,2019-580,1,672,14,0.0,0.24828471351196213
test,2019-580,1,672,15,1.0,0.38793297002746735
test,2019-580,1,672,16,0.0,0.3272457057476601
test,2019-580,1,672,17,0.0,0.49963646919868754
test,2019-580,1,672,18,0.0,0.6859080431802969
test,2019-580,1,672,19,0.0,0.3701506038708742
test,2019-580,1,672,20,1.0,0.4561272922452599
test,2019-580,1,672,21,0.0,0.3899627538249331
test,2019-580,1,672,22,0.0,0.43879813918586
test,2019-580,1,672,23,0.0,0.5677622326887396
test,2019-580,1,672,24,0.0,0.37655671866742857
test,2019-580,1,672,25,1.0,0.4510504354737561
test,2019-580,1,672,26,0.0,0.23323063469892913
test,2019-580,1,672,27,1.0,0.7739930454392621
test,2019-580,1,672,28,0.0,0.3815371162320579
test,2019-580,1,672,29,0.0,0.4419197645271791
test,2019-580,1,672,30,1.0,0.44462219241278517
test,2019-580,1,672,31,1.0,0.6541395803684852
test,2019-580,1,672,32,0.0,0.4532881946558369
test,2019-580,1,672,33,0.0,0.38088671746872294
test,2019-580,1,672,34,0.0,0.8158843345198056
test,2019-580,1,672,35,1.0,0.6754898086913964
test,2019-580,1,672,36,0.0,0.5775250111905424
test,2019-580,1,672,37,0.0,0.46663784212897397
test,2019-580,1,672,38,1.0,0.6556600413840221
test,2019-580,1,672,39,1.0,0.7042708280007434
test,2019-580,1,672,40,0.0,0.22074604565649367
test,2019-580,1,672,41,1.0,0.4298268264658731
test,2019-580,1,672,42,0.0,0.6037010466293554
test,2019-580,1,672,43,1.0,0.10143136540022503
test,2019-580,1,672,44,0.0,0.10063793121354372
test,2019-580,1,672,45,1.0,0.48368189154519464
test,2019-580,1,672,46,0.0,0.037132876131819856
test,2019-580,1,672,47,1.0,0.8890662462816055
test,2019-580,1,672,48,0.0,0.05475056371820101
test,2019-580,1,672,49,1.0,0.6631503294241766
test,2019-580,1,672,50,0.0,0.45449043875339024
test,2019-580,1,672,51,1.0,0.2069287552406817
test,2019-580,1,672,52,1.0,0.927155961380748
test,2019-580,1,672,53,1.0,0.9769905846497097
test,2019-580,1,672,54,1.0,0.7701191204778883
test,2019-580,1,672,55,0.0,0.06851005808058737
test,2019-580,1,672,56,0.0,0.17435012155421445
test,2019-580,1,672,57,1.0,0.8788634877905145
test,2019-580,1,672,58,0.0,0.20647551063067102
test,2019-580,1,672,59,1.0,0.8920116067655613
test,2019-580,1,672,60,1.0,0.7541175450724126
test,2019-580,1,672,61,0.0,0.42949569958373207
test,2019-580,1,672,62,1.0,0.47666966132989647
test,2019-580,1,672,63,1.0,0.8877971991774246
test,2019-580,2,673,0,1.0,0.824601796980109
test,2019-580,2,673,1,1.0,0.6320656061943174
test,2019-580,2,673,2,0.0,0.2909995492167016
test,2019-580,2,673,3,1.0,0.7919520202052154
test,2019-580,2,673,4,1.0,0.7399565014838938
test,2019-580,2,673,5,0.0,0.17068063120432947
test,2019-580,2,673,6,1.0,0.6977078290772198
test,2019-580,2,673,7,1.0,0.5187002054082485
test,2019-580,2,673,8,1.0,0.5673372348889194
test,2019-580,2,673,9,1.0,0.752760539409958
test,2019-580,2,673,10,0.0,0.16877437249862298
test,2019-580,2,673,11,0.0,0.13305722588833466
test,2019-580,2,673,12,0.0,0.18453947117262193
test,2019-580,2,673,13,1.0,0.5833345040001922
test,2019-580,2,673,14,1.0,0.5138068795706788
test,2019-580,2,673,15,0.0,0.4298360997979007
test,2019-580,2,673,16,0.0,0.37273723159652133
test,2019-580,2,673,17,1.0,0.5403520698689465
test,2019-580,2,673,18,1.0,0.8917372572139992
test,2019-580,2,673,19,1.0,0.300477568358742
test,2019-580,2,673,20,1.0,0.2575536055284705
test,2019-580,2,673,21,0.0,0.6582718548980978
test,2019-580,2,673,22,0.0,0.8803112488683472
test,2019-580,2,673,23,0.0,0.8101634897336538
test,2019-580,2,673,24,1.0,0.2545095137881667
test,2019-580,2,673,25,0.0,0.05155806201407966
test,2019-580,2,673,26,1.0,0.8456244385822
test,2019-580,2,673,27,0.0,0.04421563584868067
test,2019-580,2,673,28,0.0,0.06312280184668786
test,2019-580,2,673,29,0.0,0.2994663282724924
test,2019-580,2,673,30,1.0,0.6882422224994984
test,2019-580,2,673,31,0.0,0.349274763919259
test,2019-580,3,674,0,1.0,0.8171796150993783
test,2019-580,3,674,1,1.0,0.7775716591082269
test,2019-580,3,674,2,1.0,0.7773546183448306
test,2019-580,3,674,3,0.0,0.15789893456060652
test,2019-580,3,674,4,0.0,0.47700984083089165
test,2019-580,3,674,5,0.0,0.04709267503548254
test,2019-580,3,674,6,1.0,0.7609388047557194
test,2019-580,3,674,7,1.0,0.8790741347402296
test,2019-580,3,674,8,0.0,0.7493321561994382
test,2019-580,3,674,9,0.0,0.3880135505625625
test,2019-580,3,674,10,1.0,0.35059495333807084
test,2019-580,3,674,11,1.0,0.6416863768046264
test,2019-580,3,674,12,0.0,0.6272335380263256
test,2019-580,3,674,13,0.0,0.07887650875858325
test,2019-580,3,674,14,1.0,0.6983772258650623
test,2019-580,3,674,15,0.0,0.08315130957371122
test,2019-580,4,675,0,0.0,0.32339870042295826
test,2019-580,4,675,1,1.0,0.2710499779957661
test,2019-580,4,675,2,1.0,0.9279280339023545
test,2019-580,4,675,3,1.0,0.2677511813090468
test,2019-580,4,675,4,1.0,0.2687815341410943
test,2019-580,4,675,5,0.0,0.6493302216792118
test,2019-580,4,675,6,1.0,0.123648313404856
test,2019-580,4,675,7,1.0,0.9162782635682931
test,2019-580,5,676,0,0.0,0.5292683293767956
test,2019-580,5,676,1,0.0,0.7670866230400731
test,2019-580,5,676,2,1.0,0.7483428228338043
test,2019-580,5,676,3,1.0,0.9371773010796536
test,2019-580,6,677,0,0.0,0.08084329873247245
test,2019-580,6,677,1,0.0,0.09593859657967697
test,2019-580,7,678,0,0.0,0.6144119435400859
test,2019-M006,1,679,0,1.0,0.5418149339002984
test,2019-M006,1,679,1,0.0,0.3430520223398562
test,2019-M006,1,679,2,1.0,0.42005093552115524
test,2019-M006,1,679,3,1.0,0.49792301556532975
test,2019-M006,1,679,4,1.0,0.229345100889711
test,2019-M006,1,679,5,1.0,0.6819349494517624
test,2019-M006,1,679,6,1.0,0.5181616647335819
test,2019-M006,1,679,7,1.0,0.37646824126811257
test,2019-M006,1,679,8,1.0,0.4634623339779356
test,2019-M006,1,679,9,1.0,0.48721875001676723
test,2019-M006,1,679,10,1.0,0.526358314940163
test,2019-M006,1,679,11,1.0,0.4978903337689255
test,2019-M006,1,679,12,0.0,0.33493949501642123
test,2019-M006,1,679,13,0.0,0.5022651188459148
test,2019-M006,1,679,14,0.0,0.6438278791919606
test,2019-M006,1,679,15,1.0,0.7798171392233019
test,2019-M006,1,679,16,0.0,0.5754831101518185
test,2019-M006,1,679,17,1.0,0.5188330380921841
test,2019-M006,1,679,18,0.0,0.5298117944840658
test,2019-M006,1,679,19,0.0,0.6316047225893814
test,2019-M006,1,679,20,0.0,0.6177808556105185
test,2019-M006,1,679,21,0.0,0.48556074022440504
test,2019-M006,1,679,22,0.0,0.6505511349292937
test,2019-M006,1,679,23,1.0,0.7945241730315078
test,2019-M006,1,679,24,0.0,0.48502394266622656
test,2019-M006,1,679,25,0.0,0.39028382117935295
test,2019-M006,1,679,26,1.0,0.1726118454287228
test,2019-M006,1,679,27,1.0,0.524169349223454
test,2019-M006,1,679,28,0.0,0.5011432873826988
test,2019-M006,1,679,29,1.0,0.48359576037613583
test,2019-M006,1,679,30,1.0,0.6514376798774631
test,2019-M006,1,679,31,1.0,0.6750899499933722
test,2019-M006,2,680,0,0.0,0.05254767760271908
test,2019-M006,2,680,1,1.0,0.6538370784062789
test,2019-M006,2,680,2,1.0,0.5240004457961859
test,2019-M006,2,680,3,1.0,0.7145873379368856
test,2019-M006,2,680,4,0.0,0.4341822799517405
test,2019-M006,2,680,5,0.0,0.10536745239552739
test,2019-M006,2,680,6,0.0,0.21146439364421746
test,2019-M006,2,680,7,0.0,0.45333285581996835
test,2019-M006,2,680,8,0.0,0.6332731306870714
test,2019-M006,2,680,9,0.0,0.7007002497615721
test,2019-M006,2,680,10,1.0,0.7436122762784382
test,2019-M006,2,680,11,0.0,0.7416584940900373
test,2019-M006,2,680,12,1.0,0.8002820941404878
test,2019-M006,2,680,13,1.0,0.5783656068040319
test,2019-M006,2,680,14,1.0,0.6251735351308454
test,2019-M006,2,680,15,1.0,0.8041740025847861
test,2019-M006,2,680,16,0.0,0.08624554958828434
test,2019-M006,2,680,17,1.0,0.3398608557472832
test,2019-M006,2,680,18,0.0,0.37132577830761115
test,2019-M006,2,680,19,1.0,0.2012654375604192
test,2019-M006,2,680,20,1.0,0.6123491088079798
test,2019-M006,2,680,21,1.0,0.80958611551562
test,2019-M006,2,680,22,1.0,0.8648149964475282
test,2019-M006,2,680,23,1.0,0.7385153080143323
test,2019-M006,2,680,24,1.0,0.305674597346
test,2019-M006,2,680,25,1.0,0.7448537199632673
test,2019-M006,2,680,26,1.0,0.2543808609783987
test,2019-M006,2,680,27,0.0,0.7135395130001261
test,2019-M006,2,680,28,1.0,0.4761960658749239
test,2019-M006,2,680,29,1.0,0.25542057594963397
test,2019-M006,2,680,30,1.0,0.2880675909278828
test,2019-M006,2,680,31,1.0,0.8377369872263107
test,2019-M006,3,681,0,1.0,0.7004888353548637
test,2019-M006,3,681,1,0.0,0.169119943009097
test,2019-M006,3,681,2,1.0,0.45551766223116746
test,2019-M006,3,681,3,0.0,0.20821795222423187
test,2019-M006,3,681,4,1.0,0.7599451025966174
test,2019-M006,3,681,5,0.0,0.1584991217173674
test,2019-M006,3,681,6,0.0,0.7080195750205863
test,2019-M006,3,681,7,1.0,0.12324428938628738
test,2019-M006,3,681,8,0.0,0.5040092294113285
test,2019-M006,3,681,9,0.0,0.5217776280212535
test,2019-M006,3,681,10,1.0,0.25260896095281143
test,2019-M006,3,681,11,0.0,0.32310771715086956
test,2019-M006,3,681,12,1.0,0.6017629228875429
test,2019-M006,3,681,13,0.0,0.4281248056792391
test,2019-M006,3,681,14,1.0,0.19974194595508257
test,2019-M006,3,681,15,1.0,0.8624799658407143
test,2019-M006,4,682,0,0.0,0.49192921847629306
test,2019-M006,4,682,1,0.0,0.20872930822346242
test,2019-M006,4,682,2,1.0,0.2768528914683421
test,2019-M006,4,682,3,0.0,0.5611578802651014
test,2019-M006,4,682,4,1.0,0.7216699025887228
test,2019-M006,4,682,5,0.0,0.24476343956588395
test,2019-M006,4,682,6,0.0,0.5796025873648728
test,2019-M006,4,682,7,0.0,0.0944549691871203
test,2019-M006,5,683,0,0.0,0.1899750835931794
test,2019-M006,5,683,1,1.0,0.9045734228614842
test,2019-M006,5,683,2,0.0,0.13871182289034636
test,2019-M006,5,683,3,0.0,0.435539652864328
test,2019-M006,6,684,0,1.0,0.34356793451346823
test,2019-M006,6,684,1,1.0,0.41033563977075693
test,2019-M006,7,685,0,1.0,0.2696004177896109
test,2019-M007,1,686,0,1.0,0.46252929336411347
test,2019-M007,1,686,1,1.0,0.48912160805791216
test,2019-M007,1,686,2,0.0,0.5118472666981448
test,2019-M007,1,686,3,0.0,0.6797049160291628
test,2019-M007,1,686,4,0.0,0.3972669112853639
test,2019-M007,1,686,5,0.0,0.258775553129178
test,2019-M007,1,686,6,1.0,0.7175350071002554
test,2019-M007,1,686,7,1.0,0.6607017313835281
test,2019-M007,1,686,8,0.0,0.4521289343863263
test,2019-M007,1,686,9,1.0,0.7778448278136216
test,2019-M007,1,686,10,1.0,0.47780878279131345
test,2019-M007,1,686,11,1.0,0.4748027272634311
test,2019-M007,1,686,12,1.0,0.44778254120734706
test,2019-M007,1,686,13,1.0,0.5646252769226578
test,2019-M007,1,686,14,0.0,0.7456000377808035
test,2019-M007,1,686,15,1.0,0.532594192820774
test,2019-M007,1,686,16,0.0,0.49735786194354814
test,2019-M007,1,686,17,1.0,0.591569461545521
test,2019-M007,1,686,18,1.0,0.7419796379096311
test,2019-M007,1,686,19,1.0,0.5440344097865469
test,2019-M007,1,686,20,0.0,0.3054582827783226
test,2019-M007,1,686,21,1.0,0.27017703357083134
test,2019-M007,1,686,22,0.0,0.4984548018204626
test,2019-M007,1,686,23,0.0,0.62826359950683
test,2019-M007,1,686,24,1.0,0.6516295921298588
test,2019-M007,1,686,25,0.0,0.471466508744955
test,2019-M007,1,686,26,0.0,0.5240754864527598
test,2019-M007,1,686,27,0.0,0.5914445507468988
test,2019-M007,1,686,28,1.0,0.5070485562547384
test,2019-M007,1,686,29,0.0,0.3843011308277687
test,2019-M007,1,686,30,1.0,0.4796744099976984
test,2019-M007,1,686,31,1.0,0.36386834989601713
test,2019-M007,2,687,0,1.0,0.8199460843434992
test,2019-M007,2,687,1,1.0,0.5084564451273926
test,2019-M007,2,687,2,0.0,0.23738213748305378
test,2019-M007,2,687,3,1.0,0.81636797701006
test,2019-M007,2,687,4,0.0,0.2645779981315286
test,2019-M007,2,687,5,1.0,0.7568039676136716
test,2019-M007,2,687,6,0.0,0.5348622555162338
test,2019-M007,2,687,7,0.0,0.035326070329671146
test,2019-M007,2,687,8,1.0,0.19048148927559547
test,2019-M007,2,687,9,0.0,0.16171781924061615
test,2019-M007,2,687,10,1.0,0.170355646577882
test,2019-M007,2,687,11,1.0,0.5576267864519673
test,2019-M007,2,687,12,0.0,0.8086814307858182
test,2019-M007,2,687,13,0.0,0.5499226156730957
test,2019-M007,2,687,14,0.0,0.07560470554478149
test,2019-M007,2,687,15,1.0,0.7174563218140438
test,2019-M007,2,687,16,0.0,0.40675199772827403
test,2019-M007,2,687,17,0.0,0.3196158470633176
test,2019-M007,2,687,18,0.0,0.2611898095157269
test,2019-M007,2,687,19,0.0,0.49165855487883814
test,2019-M007,2,687,20,1.0,0.8475423337295538
test,2019-M007,2,687,21,1.0,0.6112737546623065
test,2019-M007,2,687,22,1.0,0.167354056459977
test,2019-M007,2,687,23,1.0,0.1313089833215781
test,2019-M007,2,687,24,1.0,0.5521918441455667
test,2019-M007,2,687,25,1.0,0.48040298739506304
test,2019-M007,2,687,26,0.0,0.8407039333944055
test,2019-M007,2,687,27,1.0,0.818107283873891
test,2019-M007,2,687,28,1.0,0.4748413166907987
test,2019-M007,2,687,29,0.0,0.16799595941355253
test,2019-M007,2,687,30,0.0,0.19209058031472315
test,2019-M007,2,687,31,1.0,0.5451396062486425
test,2019-M007,3,688,0,0.0,0.32368378196596576
test,2019-M007,3,688,1,1.0,0.31809715800403776
test,2019-M007,3,688,2,1.0,0.5057513092181951
test,2019-M007,3,688,3,0.0,0.051051613774337555
test,2019-M007,3,688,4,1.0,0.49464765906523134
test,2019-M007,3,688,5,1.0,0.48333546695258156
test,2019-M007,3,688,6,0.0,0.2661636428496238
test,2019-M007,3,688,7,0.0,0.4612538918952062
test,2019-M007,3,688,8,1.0,0.5613033926633862
test,2019-M007,3,688,9,1.0,0.7471898364849182
test,2019-M007,3,688,10,0.0,0.286485628466106
test,2019-M007,3,688,11,1.0,0.6085181238490245
test,2019-M007,3,688,12,0.0,0.11621569429124934
test,2019-M007,3,688,13,0.0,0.30820346936990817
test,2019-M007,3,688,14,0.0,0.7621854132196674
test,2019-M007,3,688,15,0.0,0.28401325795972654
test,2019-M007,4,689,0,0.0,0.724695557995885
test,2019-M007,4,689,1,0.0,0.5016960997815387
test,2019-M007,4,689,2,0.0,0.1207703535843008
test,2019-M007,4,689,3,0.0,0.18662879473558955
test,2019-M007,4,689,4,1.0,0.44134311784771557
test,2019-M007,4,689,5,1.0,0.5628773872641342
test,2019-M007,4,689,6,0.0,0.8938719354191241
test,2019-M007,4,689,7,0.0,0.2980655232012425
test,2019-M007,5,690,0,1.0,0.6246293771941218
test,2019-M007,5,690,1,0.0,0.23660743960724506
test,2019-M007,5,690,2,0.0,0.7496461552970329
test,2019-M007,5,690,3,1.0,0.6099289825992423
test,2019-M007,6,691,0,1.0,0.8358402461050749
test,2019-M007,6,691,1,1.0,0.7173297106396921
test,2019-M007,7,692,0,0.0,0.22221685569920002
test,2019-M009,2,705,0,1.0,0.3678936798074299
test,2019-M009,2,705,1,1.0,0.47664417301930834
test,2019-M009,2,705,2,0.0,0.29020953108073383
test,2019-M009,2,705,3,1.0,0.6424563284376654
test,2019-M009,2,705,4,0.0,0.6325156779466031
test,2019-M009,2,705,5,0.0,0.5442419101026887
test,2019-M009,2,705,6,1.0,0.6208470504633582
test,2019-M009,2,705,7,1.0,0.7873611048704164
test,2019-M009,2,705,8,0.0,0.6531714918520891
test,2019-M009,2,705,9,1.0,0.9119260108363253
test,2019-M009,2,705,10,0.0,0.5439946413843285
test,2019-M009,2,705,11,0.0,0.5087807341376497
test,2019-M009,2,705,12,1.0,0.2731685112371929
test,2019-M009,2,705,13,0.0,0.5724321242272693
test,2019-M009,2,705,14,1.0,0.7856126867691093
test,2019-M009,2,705,15,1.0,0.6815430300888154
test,2019-M009,2,705,16,1.0,0.4416340620407821
test,2019-M009,2,705,17,0.0,0.5348163147022239
test,2019-M009,2,705,18,0.0,0.5304727099457044
test,2019-M009,2,705,19,0.0,0.32008928690042093
test,2019-M009,2,705,20,1.0,0.7458614870631255
test,2019-M009,2,705,21,1.0,0.5078350803995295
test,2019-M009,2,705,22,0.0,0.6384234636308961
test,2019-M009,2,705,23,0.0,0.5205872808271781
test,2019-M009,3,706,0,1.0,0.6130518219933017
test,2019-M009,3,706,1,1.0,0.9348244486034082
test,2019-M009,3,706,2,1.0,0.5783344599530912
test,2019-M009,3,706,3,1.0,0.30122896331553384
test,2019-M009,3,706,4,0.0,0.18092753174482665
test,2019-M009,3,706,5,1.0,0.8768820208414031
test,2019-M009,3,706,6,1.0,0.7032323234167996
test,2019-M009,3,706,7,0.0,0.7012777673415802
test,2019-M009,3,706,8,0.0,0.4222676727743729
test,2019-M009,3,706,9,0.0,0.8573956465496514
test,2019-M009,3,706,10,0.0,0.35930612683661545
test,2019-M009,3,706,11,1.0,0.28385059637210025
test,2019-M009,3,706,12,1.0,0.8045281391346579
test,2019-M009,3,706,13,0.0,0.11223326615222057
test,2019-M009,3,706,14,1.0,0.7684177977963873
test,2019-M009,3,706,15,0.0,0.11609038743749114
test,2019-M009,4,707,0,1.0,0.749981317500103
test,2019-M009,4,707,1,1.0,0.8308096252058058
test,2019-M009,4,707,2,1.0,0.8817686047418022
test,2019-M009,4,707,3,1.0,0.712972178615708
test,2019-M009,4,707,4,0.0,0.5362615197098649
test,2019-M009,4,707,5,0.0,0.2636309965958478
test,2019-M009,4,707,6,1.0,0.39611376788811475
test,2019-M009,4,707,7,0.0,0.06502382296175484
test,2019-M009,5,708,0,1.0,0.7746522471724493
test,2019-M009,5,708,1,0.0,0.643342411977543
test,2019-M009,5,708,2,0.0,0.7603275048583161
test,2019-M009,5,708,3,1.0,0.9089408946086617
test,2019-M009,6,709,0,1.0,0.8438730685442105
test,2019-M009,6,709,1,0.0,0.12227685510925031
test,2019-M009,7,710,0,0.0,0.37640074441381066
test,2019-M021,2,699,0,0.0,0.6196702211948765
test,2019-M021,2,699,1,1.0,0.7726820570993019
test,2019-M021,2,699,2,0.0,0.5434922697089001
test,2019-M021,2,699,3,0.0,0.6757839829533266
test,2019-M021,2,699,4,1.0,0.5584522912994841
test,2019-M021,2,699,5,0.0,0.777957273188085
test,2019-M021,2,699,6,1.0,0.2895828746250529
test,2019-M021,2,699,7,0.0,0.4392758646012447
test,2019-M021,2,699,8,1.0,0.2384434737024001
test,2019-M021,2,699,9,1.0,0.7894298953605742
test,2019-M021,2,699,10,1.0,0.6494456234189382
test,2019-M021,2,699,11,1.0,0.44624297914829186
test,2019-M021,2,699,12,0.0,0.520735807947618
test,2019-M021,2,699,13,1.0,0.5397678053936557
test,2019-M021,2,699,14,1.0,0.6607841255811858
test,2019-M021,2,699,15,0.0,0.7932433841028065
test,2019-M021,2,699,16,1.0,0.8531422496600758
test,2019-M021,2,699,17,0.0,0.7906540108221377
test,2019-M021,2,699,18,0.0,0.45704974477202864
test,2019-M021,2,699,19,1.0,0.8416370982133852
test,2019-M021,2,699,20,1.0,0.6512442602609041
test,2019-M021,2,699,21,0.0,0.5575932593882302
test,2019-M021,2,699,22,1.0,0.30106479087635546
test,2019-M021,2,699,23,0.0,0.8168103421969628
test,2019-M021,3,700,0,0.0,0.1681444310176963
test,2019-M021,3,700,1,1.0,0.46225551473288906
test,2019-M021,3,700,2,1.0,0.6947917066697226
test,2019-M021,3,700,3,1.0,0.8467976148463463
test,2019-M021,3,700,4,1.0,0.7483507492083118
test,2019-M021,3,700,5,1.0,0.6808277816034347
test,2019-M021,3,700,6,1.0,0.766048917738962
test,2019-M021,3,700,7,0.0,0.8853309133143755
test,2019-M021,3,700,8,1.0,0.7007898200794238
test,2019-M021,3,700,9,1.0,0.3094883675118907
test,2019-M021,3,700,10,0.0,0.07429243759026466
test,2019-M021,3,700,11,1.0,0.9290647506137434
test,2019-M021,3,700,12,1.0,0.6104125984247248
test,2019-M021,3,700,13,1.0,0.2598465901573657
test,2019-M021,3,700,14,1.0,0.9192301061870829
test,2019-M021,3,700,15,0.0,0.6390046987814556
test,2019-M021,4,701,0,0.0,0.06043001037301329
test,2019-M021,4,701,1,0.0,0.7394845024932218
test,2019-M021,4,701,2,0.0,0.1967954539371789
test,2019-M021,4,701,3,0.0,0.44874489290607533
test,2019-M021,4,701,4,1.0,0.5744797312525035
test,2019-M021,4,701,5,0.0,0.201506928787671
test,2019-M021,4,701,6,0.0,0.148158710830254
test,2019-M021,4,701,7,0.0,0.08378671746529065
test,2019-M021,5,702,0,0.0,0.20498548969741726
test,2019-M021,5,702,1,0.0,0.09442243171734388
test,2019-M021,5,702,2,1.0,0.3252237283070345
test,2019-M021,5,702,3,1.0,0.29970318758236275
test,2019-M021,6,703,0,1.0,0.7765868652389661
test,2019-M021,6,703,1,1.0,0.1081292293961045
test,2019-M021,7,704,0,1.0,0.8456928120930466
test,2019-M024,2,731,0,0.0,0.3564159288961
test,2019-M024,2,731,1,0.0,0.4541247855714147
test,2019-M024,2,731,2,0.0,0.3682820532022817
test,2019-M024,2,731,3,1.0,0.6040226827301871
test,2019-M024,2,731,4,1.0,0.6480284389862108
test,2019-M024,2,731,5,0.0,0.39087483223488295
test,2019-M024,2,731,6,0.0,0.5658853738402859
test,2019-M024,2,731,7,0.0,0.4766589321265926
test,2019-M024,2,731,8,0.0,0.6291688673425992
test,2019-M024,2,731,9,0.0,0.4346326471330907
test,2019-M024,2,731,10,0.0,0.6111326065905979
test,2019-M024,2,731,11,1.0,0.6796650140476616
test,2019-M024,2,731,12,0.0,0.6513332203067141
test,2019-M024,2,731,13,1.0,0.33673008520160175
test,2019-M024,2,731,14,1.0,0.7015858892330634
test,2019-M024,2,731,15,1.0,0.6138915089219116
test,2019-M024,2,731,16,1.0,0.65155648528427
test,2019-M024,2,731,17,1.0,0.7032755212405194
test,2019-M024,2,731,18,1.0,0.19269454148189163
test,2019-M024,2,731,19,0.0,0.5090656102227551
test,2019-M024,2,731,20,1.0,0.4840329974273201
test,2019-M024,2,731,21,0.0,0.36101210016465424
test,2019-M024,2,731,22,0.0,0.24740559021546593
test,2019-M024,2,731,23,0.0,0.7846889106394361
test,2019-M024,3,732,0,0.0,0.3236015527253636
test,2019-M024,3,732,1,1.0,0.5398368299828692
test,2019-M024,3,732,2,0.0,0.45820358008319495
test,2019-M024,3,732,3,0.0,0.8286685979632182
test,2019-M024,3,732,4,1.0,0.6967158872176725
test,2019-M024,3,732,5,0.0,0.08395060491948683
test,2019-M024,3,732,6,1.0,0.41824128013912176
test,2019-M024,3,732,7,0.0,0.6076931184834784
test,2019-M024,3,732,8,0.0,0.26288101395494995
test,2019-M024,3,732,9,1.0,0.9077259994605689
test,2019-M024,3,732,10,0.0,0.7462709004809992
test,2019-M024,3,732,11,1.0,0.6524274854705534
test,2019-M024,3,732,12,0.0,0.5652036564557966
test,2019-M024,3,732,13,1.0,0.17436751136733017
test,2019-M024,3,732,14,1.0,0.6875160032437994
test,2019-M024,3,732,15,0.0,0.3364825491260492
test,2019-M024,4,733,0,0.0,0.2296850582225813
test,2019-M024,4,733,1,1.0,0.8795694873527599
test,2019-M024,4,733,2,1.0,0.26833262453986095
test,2019-M024,4,733,3,1.0,0.08709435439832293
test,2019-M024,4,733,4,0.0,0.4700156235821308
test,2019-M024,4,733,5,1.0,0.41363267390917446
test,2019-M024,4,733,6,1.0,0.4656177912615545
test,2019-M024,4,733,7,0.0,0.27460552931154875
test,2019-M024,5,734,0,0.0,0.08194645376418534
test,2019-M024,5,734,1,1.0,0.744819757110573
test,2019-M024,5,734,2,0.0,0.6334499821578441
test,2019-M024,5,734,3,1.0,0.771665254327841
test,2019-M024,6,735,0,1.0,0.14429831666732984
test,2019-M024,6,735,1,0.0,0.3877006498160392
test,2019-M024,7,736,0,1.0,0.4791019990688018
test,2020-0352,2,789,0,1.0,0.5033992149885961
test,2020-0352,2,789,1,1.0,0.32435537425726685
test,2020-0352,2,789,2,0.0,0.3938230313576792
test,2020-0352,2,789,3,1.0,0.5141123470512942
test,2020-0352,2,789,4,0.0,0.19596101009684536
test,2020-0352,2,789,5,1.0,0.6442765653574818
test,2020-0352,2,789,6,1.0,0.49382643028019796
test,2020-0352,2,789,7,0.0,0.5596072069376725
test,2020-0352,2,789,8,0.0,0.3804410082775186
test,2020-0352,2,789,9,0.0,0.500686304708626
test,2020-0352,2,789,10,0.0,0.2486072166871114
test,2020-0352,2,789,11,0.0,0.5651269857511279
test,2020-0352,2,789,12,0.0,0.5311677552657301
test,2020-0352,2,789,13,1.0,0.358323956676532
test,2020-0352,2,789,14,0.0,0.7850460754034705
test,2020-0352,2,789,15,1.0,0.593996553419528
test,2020-0352,2,789,16,1.0,0.5255489590517962
test,2020-0352,2,789,17,0.0,0.408725453777824
test,2020-0352,2,789,18,0.0,0.53273433117586
test,2020-0352,2,789,19,0.0,0.6204693341969342
test,2020-0352,2,789,20,1.0,0.7356798918740509
test,2020-0352,2,789,21,0.0,0.3215504620283316
test,2020-0352,2,789,22,0.0,0.6200606332846542
test,2020-0352,2,789,23,1.0,0.45407231554242766
test,2020-0352,3,790,0,1.0,0.7375766516362623
test,2020-0352,3,790,1,0.0,0.8255799343292836
test,2020-0352,3,790,2,1.0,0.8021969290658907
test,2020-0352,3,790,3,1.0,0.18260527079366762
test,2020-0352,3,790,4,1.0,0.8442828086075556
test,2020-0352,3,790,5,1.0,0.5847573392119774
test,2020-0352,3,790,6,1.0,0.9616433952632705
test,2020-0352,3,790,7,0.0,0.5934091946733521
test,2020-0352,3,790,8,1.0,0.6224024138642389
test,2020-0352,3,790,9,0.0,0.7269967025746129
test,2020-0352,3,790,10,1.0,0.8265222113597507
test,2020-0352,3,790,11,0.0,0.4889681345475759
test,2020-0352,3,790,12,1.0,0.8072899585585803
test,2020-0352,3,790,13,0.0,0.27601905650799535
test,2020-0352,3,790,14,1.0,0.7201768190419172
test,2020-0352,3,790,15,0.0,0.4862432822603414
test,2020-0352,4,791,0,1.0,0.9477134392497766
test,2020-0352,4,791,1,0.0,0.2079986963533068
test,2020-0352,4,791,2,0.0,0.21600419886493386
test,2020-0352,4,791,3,1.0,0.540522322182316
test,2020-0352,4,791,4,1.0,0.7886607773685668
test,2020-0352,4,791,5,0.0,0.18316567742823278
test,2020-0352,4,791,6,0.0,0.7385145732939458
test,2020-0352,4,791,7,1.0,0.8111915640459136
test,2020-0352,5,792,0,1.0,0.8608969902945616
test,2020-0352,5,792,1,1.0,0.5503508309592862
test,2020-0352,5,792,2,1.0,0.6155262626642513
test,2020-0352,5,792,3,1.0,0.7946569663608044
test,2020-0352,6,793,0,0.0,0.8408142301490554
test,2020-0352,6,793,1,0.0,0.3560404174656138
test,2020-0352,7,794,0,0.0,0.4294710606099006
test,2020-520,1,782,0,1.0,0.1991248330633057
test,2020-520,1,782,1,0.0,0.2964204476601171
test,2020-520,1,782,2,1.0,0.7377834180745971
test,2020-520,1,782,3,1.0,0.33128410288092974
test,2020-520,1,782,4,1.0,0.6539687514123783
test,2020-520,1,782,5,1.0,0.2955433610386133
test,2020-520,1,782,6,0.0,0.5332784571589129
test,2020-520,1,782,7,0.0,0.29418466426361334
test,2020-520,1,782,8,1.0,0.7085941828771288
test,2020-520,1,782,9,0.0,0.6157928409578823
test,2020-520,1,782,10,0.0,0.425639734918963
test,2020-520,1,782,11,1.0,0.6218349143848888
test,2020-520,1,782,12,1.0,0.5898570994194594
test,2020-520,1,782,13,0.0,0.6249223484258106
test,2020-520,1,782,14,0.0,0.39805490199526006
test,2020-520,1,782,15,0.0,0.10025065211772646
test,2020-520,1,782,16,0.0,0.024989781919114634
test,2020-520,1,782,17,0.0,0.029424249064156537
test,2020-520,1,782,18,1.0,0.6839134101185983
test,2020-520,1,782,19,1.0,0.6051045975782111
test,2020-520,1,782,20,1.0,0.8275300977847829
test,2020-520,1,782,21,1.0,0.2893283759387132
test,2020-520,1,782,22,1.0,0.5896100738719379
test,2020-520,1,782,23,1.0,0.4298527452974392
test,2020-520,1,782,24,1.0,0.15555897613939218
test,2020-520,1,782,25,0.0,0.16741244921800585
test,2020-520,1,782,26,1.0,0.40395234075792624
test,2020-520,1,782,27,1.0,0.31434086951044343
test,2020-520,1,782,28,1.0,0.6995735477819852
test,2020-520,1,782,29,0.0,0.320114955954057
test,2020-520,1,782,30,1.0,0.6009657710335401
test,2020-520,1,782,31,0.0,0.602292532034305
test,2020-520,1,782,32,0.0,0.33393461191688134
test,2020-520,1,782,33,0.0,0.14595365665855867
test,2020-520,1,782,34,1.0,0.5824690353522505
test,2020-520,1,782,35,0.0,0.6624774687992386
test,2020-520,1,782,36,1.0,0.4066930122459714
test,2020-520,1,782,37,1.0,0.42214494802749264
test,2020-520,1,782,38,1.0,0.2218271731214137
test,2020-520,1,782,39,1.0,0.4966021894013246
test,2020-520,1,782,40,0.0,0.3541867897318964
test,2020-520,1,782,41,0.0,0.27520537004040724
test,2020-520,1,782,42,0.0,0.24937295745513888
test,2020-520,1,782,43,1.0,0.764170611456347
test,2020-520,1,782,44,0.0,0.5204258862690928
test,2020-520,1,782,45,1.0,0.5396099284365227
test,2020-520,1,782,46,1.0,0.656160116043215
test,2020-520,1,782,47,1.0,0.816013910358181
test,2020-520,1,782,48,0.0,0.7732211477551519
test,2020-520,1,782,49,0.0,0.7476612751602191
test,2020-520,1,782,50,1.0,0.19276082062859037
test,2020-520,1,782,51,1.0,0.38904210434082703
test,2020-520,1,782,52,1.0,0.8019520285142212
test,2020-520,1,782,53,0.0,0.28222055084625197
test,2020-520,1,782,54,0.0,0.8296227086893511
test,2020-520,1,782,55,0.0,0.1404724965509441
test,2020-520,1,782,56,0.0,0.4149422011538086
test,2020-520,1,782,57,1.0,0.702053692020029
test,2020-520,1,782,58,0.0,0.8258818227715541
test,2020-520,1,782,59,1.0,0.7931038667129371
test,2020-520,1,782,60,0.0,0.7336157988090154
test,2020-520,1,782,61,1.0,0.45632909357019885
test,2020-520,1,782,62,1.0,0.5015700502630814
test,2020-520,1,782,63,1.0,0.826356462792677
test,2020-520,2,783,0,0.0,0.8508455306862146
test,2020-520,2,783,1,0.0,0.04222423153195182
test,2020-520,2,783,2,0.0,0.7984239245964231
test,2020-520,2,783,3,0.0,0.33827325371751804
test,2020-520,2,783,4,1.0,0.8158121328040381
test,2020-520,2,783,5,0.0,0.16783369308954402
test,2020-520,2,783,6,1.0,0.6568027598225802
test,2020-520,2,783,7,0.0,0.16227841568068316
test,2020-520,2,783,8,0.0,0.3967665610118357
test,2020-520,2,783,9,1.0,0.4651806126985342
test,2020-520,2,783,10,0.0,0.6736366888239456
test,2020-520,2,783,11,1.0,0.7339455130933491
test,2020-520,2,783,12,0.0,0.7855598559662111
test,2020-520,2,783,13,0.0,0.1700325968381017
test,2020-520,2,783,14,1.0,0.7282540157483922
test,2020-520,2,783,15,1.0,0.8047335466292489
test,2020-520,2,783,16,0.0,0.02592612289122462
test,2020-520,2,783,17,1.0,0.27627181923045685
test,2020-520,2,783,18,1.0,0.26346258473067896
test,2020-520,2,783,19,1.0,0.4813954521617841
test,2020-520,2,783,20,0.0,0.19162816466128355
test,2020-520,2,783,21,0.0,0.6061798282798746
test,2020-520,2,783,22,1.0,0.48676500047948423
test,2020-520,2,783,23,1.0,0.8313577238186353
test,2020-520,2,783,24,1.0,0.8736428213939054
test,2020-520,2,783,25,0.0,0.31414139522941675
test,2020-520,2,783,26,0.0,0.7378013818010652
test,2020-520,2,783,27,1.0,0.7413763706421593
test,2020-520,2,783,28,1.0,0.8786765326010917
test,2020-520,2,783,29,0.0,0.3417131944812414
test,2020-520,2,783,30,0.0,0.42220144734992954
test,2020-520,2,783,31,1.0,0.5946211734229583
test,2020-520,3,784,0,1.0,0.6915672159073971
test,2020-520,3,784,1,0.0,0.3155513380176693
test,2020-520,3,784,2,0.0,0.8154932152167479
test,2020-520,3,784,3,0.0,0.5014575478001995
test,2020-520,3,784,4,1.0,0.707915779178945
test,2020-520,3,784,5,0.0,0.0312857877115065
test,2020-520,3,784,6,1.0,0.787637148918705
test,2020-520,3,784,7,0.0,0.20425250196638006
test,2020-520,3,784,8,1.0,0.37085283961331833
test,2020-520,3,784,9,1.0,0.8321424432730962
test,2020-520,3,784,10,0.0,0.04180419826413554
test,2020-520,3,784,11,0.0,0.6092297681292048
test,2020-520,3,784,12,0.0,0.39193739556272694
test,2020-520,3,784,13,1.0,0.8300865996039009
test,2020-520,3,784,14,0.0,0.23803227609546423
test,2020-520,3,784,15,0.0,0.8598771821915145
test,2020-520,4,785,0,0.0,0.0391457027379288
test,2020-520,4,785,1,0.0,0.7320918149953558
test,2020-520,4,785,2,1.0,0.8478605670908788
test,2020-520,4,785,3,1.0,0.7704329124767242
test,2020-520,4,785,4,1.0,0.6338778191354458
test,2020-520,4,785,5,1.0,0.7517522763953102
test,2020-520,4,785,6,0.0,0.11516325145000345
test,2020-520,4,785,7,1.0,0.565543363009786
test,2020-520,5,786,0,1.0,0.4137903492240533
test,2020-520,5,786,1,1.0,0.9218863191695547
test,2020-520,5,786,2,1.0,0.6221933247652277
test,2020-520,5,786,3,0.0,0.12151798179084865
test,2020-520,6,787,0,0.0,0.12812019614284295
test,2020-520,6,787,1,0.0,0.151436935778641
test,2020-520,7,788,0,0.0,0.40977727469233616
test,2020-560,1,769,0,1.0,0.34320522680400806
test,2020-560,1,769,1,1.0,0.7167331942137463
test,2020-560,1,769,2,0.0,0.40561796886466533
test,2020-560,1,769,3,1.0,0.3785534869768055
test,2020-560,1,769,4,0.0,0.5740710354246951
test,2020-560,1,769,5,1.0,0.7307149486132903
test,2020-560,1,769,6,1.0,0.8452786386952762
test,2020-560,1,769,7,1.0,0.5280204345368
test,2020-560,1,769,8,0.0,0.7114763294634308
test,2020-560,1,769,9,1.0,0.4946806952875739
test,2020-560,1,769,10,1.0,0.6435221869218611
test,2020-560,1,769,11,1.0,0.7294596181137964
test,2020-560,1,769,12,0.0,0.43768844180105654
test,2020-560,1,769,13,1.0,0.74751782232885
test,2020-560,1,769,14,0.0,0.3305733866467768
test,2020-560,1,769,15,1.0,0.5863152814945184
test,2020-560,1,769,16,1.0,0.4419079034719695
test,2020-560,1,769,17,1.0,0.16333314645576452
test,2020-560,1,769,18,0.0,0.5696203082682958
test,2020-560,1,769,19,1.0,0.2745088393650437
test,2020-560,1,769,20,1.0,0.8890521973058332
test,2020-560,1,769,21,0.0,0.33185271646679565
test,2020-560,1,769,22,1.0,0.5017040612855613
test,2020-560,1,769,23,0.0,0.42297941122645755
test,2020-560,1,769,24,1.0,0.5290057550555463
test,2020-560,1,769,25,1.0,0.6029715212833656
test,2020-560,1,769,26,1.0,0.7538652280210479
test,2020-560,1,769,27,1.0,0.303885403257204
test,2020-560,1,769,28,0.0,0.05771000736474177
test,2020-560,1,769,29,0.0,0.33580283479917933
test,2020-560,1,769,30,0.0,0.6138032401481053
test,2020-560,1,769,31,1.0,0.8002020217435315
test,2020-560,1,769,32,0.0,0.15619856365713294
test,2020-560,1,769,33,0.0,0.4568811310159096
test,2020-560,1,769,34,0.0,0.29363734360293486
test,2020-560,1,769,35,0.0,0.786340997055015
test,2020-560,1,769,36,1.0,0.8709189259515293
test,2020-560,1,769,37,1.0,0.5466798988015912
test,2020-560,1,769,38,1.0,0.2364195165250197
test,2020-560,1,769,39,1.0,0.7655028358205099
test,2020-560,1,769,40,0.0,0.21785706347902037
test,2020-560,1,769,41,1.0,0.5788613860454787
test,2020-560,1,769,42,0.0,0.6059821555714336
test,2020-560,1,769,43,0.0,0.32672833320038525
test,2020-560,1,769,44,1.0,0.7557746081483941
test,2020-560,1,769,45,0.0,0.5120901640645528
test,2020-560,1,769,46,0.0,0.39483783715704546
test,2020-560,1,769,47,1.0,0.7055352277467517
test,2020-560,1,769,48,0.0,0.724173185399482
test,2020-560,1,769,49,0.0,0.30565685804016207
test,2020-560,1,769,50,1.0,0.6932723795981051
test,2020-560,1,769,51,1.0,0.6500650772090201
test,2020-560,1,769,52,0.0,0.24877427270949412
test,2020-560,1,769,53,1.0,0.7899530470494608
test,2020-560,1,769,54,0.0,0.2534064216424403
test,2020-560,1,769,55,0.0,0.7555212880852368
test,2020-560,1,769,56,1.0,0.3245137618567788
test,2020-560,1,769,57,1.0,0.855075713888793
test,2020-560,1,769,58,0.0,0.26613923643814036
test,2020-560,1,769,59,0.0,0.4847723634868973
test,2020-560,1,769,60,0.0,0.6028315092707487
test,2020-560,1,769,61,1.0,0.7787270059666329
test,2020-560,1,769,62,0.0,0.7359078830436433
test,2020-560,1,769,63,0.0,0.16882441787223615
test,2020-560,2,770,0,0.0,0.13172092221581186
test,2020-560,2,770,1,1.0,0.7829352875682525
test,2020-560,2,770,2,0.0,0.5883211851577144
test,2020-560,2,770,3,0.0,0.33571975773314766
test,2020-560,2,770,4,0.0,0.12492894266326333
test,2020-560,2,770,5,0.0,0.5173859271369627
test,2020-560,2,770,6,1.0,0.6991654425904155
test,2020-560,2,770,7,1.0,0.9088020459087377
test,2020-560,2,770,8,1.0,0.7692792959271653
test,2020-560,2,770,9,0.0,0.2106862222120981
test,2020-560,2,770,10,0.0,0.17804319298889534
test,2020-560,2,770,11,1.0,0.5742278328495788
test,2020-560,2,770,12,0.0,0.8544156818115299
test,2020-560,2,770,13,1.0,0.7395502571135666
test,2020-560,2,770,14,1.0,0.8146471550182469
test,2020-560,2,770,15,0.0,0.09904269329897374
test,2020-560,2,770,16,1.0,0.5123836696818153
test,2020-560,2,770,17,0.0,0.23155649658975352
test,2020-560,2,770,18,1.0,0.9153723821048327
test,2020-560,2,770,19,0.0,0.5962026867613911
test,2020-560,2,770,20,1.0,0.5022930842853975
test,2020-560,2,770,21,0.0,0.654373793505019
test,2020-560,2,770,22,0.0,0.3282019609476126
test,2020-560,2,770,23,0.0,0.393903671873117
test,2020-560,2,770,24,0.0,0.43225912571542097
test,2020-560,2,770,25,1.0,0.655809917558933
test,2020-560,2,770,26,0.0,0.34243973237180625
test,2020-560,2,770,27,1.0,0.23495021103783173
test,2020-560,2,770,28,1.0,0.6063623120310254
test,2020-560,2,770,29,1.0,0.4028615888983885
test,2020-560,2,770,30,0.0,0.3599611021243003
test,2020-560,2,770,31,0.0,0.11905642125435242
test,2020-560,3,771,0,0.0,0.7677008359570474
test,2020-560,3,771,1,1.0,0.41538605698018155
test,2020-560,3,771,2,0.0,0.3111975421545161
test,2020-560,3,771,3,1.0,0.7561275852019745
test,2020-560,3,771,4,0.0,0.2833924057320178
test,2020-560,3,771,5,1.0,0.9022399572484917
test,2020-560,3,771,6,1.0,0.5825422614928695
test,2020-560,3,771,7,1.0,0.34190428654870314
test,2020-560,3,771,8,0.0,0.4672676221943161
test,2020-560,3,771,9,1.0,0.7180778621028432
test,2020-560,3,771,10,0.0,0.1438079237666792
test,2020-560,3,771,11,0.0,0.37335390715938105
test,2020-560,3,771,12,0.0,0.7097341852117297
test,2020-560,3,771,13,0.0,0.3503007328956543
test,2020-560,3,771,14,0.0,0.3273894913594047
test,2020-560,3,771,15,0.0,0.5261610442314849
test,2020-560,4,772,0,1.0,0.14263854830219452
test,2020-560,4,772,1,1.0,0.47959829462881853
test,2020-560,4,772,2,0.0,0.41532534624624157
test,2020-560,4,772,3,0.0,0.19341972532801616
test,2020-560,4,772,4,1.0,0.3864384874409608
test,2020-560,4,772,5,1.0,0.846338667654745
test,2020-560,4,772,6,0.0,0.3961187805808467
test,2020-560,4,772,7,0.0,0.2902748163711698
test,2020-560,5,773,0,1.0,0.7476892235535048
test,2020-560,5,773,1,1.0,0.5034122148811057
test,2020-560,5,773,2,0.0,0.36708438145877864
test,2020-560,5,773,3,0.0,0.20203105929105492
test,2020-560,6,774,0,1.0,0.35953022528532697
test,2020-560,6,774,1,0.0,0.42454656836074856
test,2020-560,7,775,0,1.0,0.580047249096523
test,2020-580,1,756,0,1.0,0.9038143659312067
test,2020-580,1,756,1,1.0,0.35312247760393944
test,2020-580,1,756,2,0.0,0.21397296618554515
test,2020-580,1,756,3,0.0,0.21673452551468134
test,2020-580,1,756,4,0.0,0.4726337522804047
test,2020-580,1,756,5,0.0,0.4737794505959108
test,2020-580,1,756,6,0.0,0.27273225785923316
test,2020-580,1,756,7,1.0,0.8015723077591081
test,2020-580,1,756,8,1.0,0.44209265901772604
test,2020-580,1,756,9,0.0,0.4997770908834844
test,2020-580,1,756,10,1.0,0.8475283067625224
test,2020-580,1,756,11,1.0,0.465600636651126
test,2020-580,1,756,12,0.0,0.3404839242330865
test,2020-580,1,756,13,0.0,0.7789653423879902
test,2020-580,1,756,14,1.0,0.8176578679054367
test,2020-580,1,756,15,1.0,0.7702922850203333
test,2020-580,1,756,16,1.0,0.7660439102661551
test,2020-580,1,756,17,1.0,0.7715899333037498
test,2020-580,1,756,18,1.0,0.787606441669522
test,2020-580,1,756,19,0.0,0.35195204941373576
test,2020-580,1,756,20,1.0,0.528718419758247
test,2020-580,1,756,21,1.0,0.8796265780422537
test,2020-580,1,756,22,1.0,0.9102285423063647
test,2020-580,1,756,23,0.0,0.39517339735227147
test,2020-580,1,756,24,0.0,0.48442708959033165
test,2020-580,1,756,25,0.0,0.3840886833632294
test,2020-580,1,756,26,1.0,0.8412133999601298
test,2020-580,1,756,27,0.0,0.4099815734697027
test,2020-580,1,756,28,1.0,0.3739350180795429
test,2020-580,1,756,29,0.0,0.02516132966986542
test,2020-580,1,756,30,1.0,0.38409880192059037
test,2020-580,1,756,31,0.0,0.5634128201208198
test,2020-580,1,756,32,0.0,0.74782848632455
test,2020-580,1,756,33,1.0,0.8145663713010604
test,2020-580,1,756,34,0.0,0.17300010583229541
test,2020-580,1,756,35,1.0,0.5701639511946331
test,2020-580,1,756,36,1.0,0.5963929973319332
test,2020-580,1,756,37,0.0,0.49628965247143886
test,2020-580,1,756,38,0.0,0.7795969289349056
test,2020-580,1,756,39,1.0,0.4553091852479139
test,2020-580,1,756,40,1.0,0.856612647997756
test,2020-580,1,756,41,1.0,0.39822138488205727
test,2020-580,1,756,42,0.0,0.1800535645947786
test,2020-580,1,756,43,1.0,0.7135476663771597
test,2020-580,1,756,44,0.0,0.10381167842517888
test,2020-580,1,756,45,1.0,0.6515622752503913
test,2020-580,1,756,46,0.0,0.22948311007337077
test,2020-580,1,756,47,0.0,0.13532879497595116
test,2020-580,1,756,48,1.0,0.7521138816536045
test,2020-580,1,756,49,0.0,0.2091384053774041
test,2020-580,1,756,50,1.0,0.7315921816021435
test,2020-580,1,756,51,1.0,0.9436428635658168
test,2020-580,1,756,52,1.0,0.44243439487686326
test,2020-580,1,756,53,1.0,0.24365389691779005
test,2020-580,1,756,54,1.0,0.80757720083665
test,2020-580,1,756,55,0.0,0.3953657568260905
test,2020-580,1,756,56,0.0,0.23412792309725564
test,2020-580,1,756,57,0.0,0.3411355635121172
test,2020-580,1,756,58,0.0,0.7162731449076926
test,2020-580,1,756,59,0.0,0.41543120733675426
test,2020-580,1,756,60,0.0,0.6839028720532412
test,2020-580,1,756,61,1.0,0.7586459298594991
test,2020-580,1,756,62,0.0,0.2130587148089408
test,2020-580,1,756,63,1.0,0.6052979001999912
test,2020-580,2,757,0,1.0,0.4037558026425268
test,2020-580,2,757,1,1.0,0.7311605104714594
test,2020-580,2,757,2,0.0,0.3402427040009401
test,2020-580,2,757,3,0.0,0.8095872885387132
test,2020-580,2,757,4,1.0,0.9226170292926921
test,2020-580,2,757,5,0.0,0.24287283583796423
test,2020-580,2,757,6,1.0,0.7839676919816194
test,2020-580,2,757,7,0.0,0.26297930995438257
test,2020-580,2,757,8,1.0,0.8317396415444589
test,2020-580,2,757,9,1.0,0.8758937259518131
test,2020-580,2,757,10,1.0,0.7102106413939505
test,2020-580,2,757,11,0.0,0.32502822504517803
test,2020-580,2,757,12,0.0,0.344052231255806
test,2020-580,2,757,13,1.0,0.8045219874721066
test,2020-580,2,757,14,0.0,0.12963119108254806
test,2020-580,2,757,15,0.0,0.42442435767270864
test,2020-580,2,757,16,1.0,0.6937612677105838
test,2020-580,2,757,17,1.0,0.8085975906061865
test,2020-580,2,757,18,1.0,0.7998648379904956
test,2020-580,2,757,19,0.0,0.16874243305116424
test,2020-580,2,757,20,1.0,0.5860460015927746
test,2020-580,2,757,21,1.0,0.9156464651054925
test,2020-580,2,757,22,1.0,0.8605332773836536
test,2020-580,2,757,23,1.0,0.37396304771971417
test,2020-580,2,757,24,0.0,0.5532029552365091
test,2020-580,2,757,25,1.0,0.512582339289207
test,2020-580,2,757,26,0.0,0.09148989954447607
test,2020-580,2,757,27,0.0,0.42654813075411546
test,2020-580,2,757,28,1.0,0.3297070558611156
test,2020-580,2,757,29,1.0,0.9752162899495112
test,2020-580,2,757,30,0.0,0.2720565077707268
test,2020-580,2,757,31,0.0,0.030217018773959336
test,2020-580,3,758,0,1.0,0.537368803705008
test,2020-580,3,758,1,1.0,0.23074676684986734
test,2020-580,3,758,2,0.0,0.050306246789614144
test,2020-580,3,758,3,0.0,0.37129910580894987
test,2020-580,3,758,4,0.0,0.5105543050398871
test,2020-580,3,758,5,0.0,0.07576145451314634
test,2020-580,3,758,6,0.0,0.3879598953983449
test,2020-580,3,758,7,1.0,0.6413928875829141
test,2020-580,3,758,8,0.0,0.5722201964870935
test,2020-580,3,758,9,1.0,0.6511071474542064
test,2020-580,3,758,10,0.0,0.7503513719144249
test,2020-580,3,758,11,0.0,0.42936355050319147
test,2020-580,3,758,12,1.0,0.8501485710732779
test,2020-580,3,758,13,0.0,0.2531378242297079
test,2020-580,3,758,14,0.0,0.14141965850888022
test,2020-580,3,758,15,0.0,0.06660538695504872
test,2020-580,4,759,0,0.0,0.10172230504463317
test,2020-580,4,759,1,1.0,0.5711881694073219
test,2020-580,4,759,2,0.0,0.08064470195374357
test,2020-580,4,759,3,0.0,0.7562095723620175
test,2020-580,4,759,4,1.0,0.7458821077957819
test,2020-580,4,759,5,0.0,0.6723038366688922
test,2020-580,4,759,6,0.0,0.49900063699149394
test,2020-580,4,759,7,0.0,0.05407008675871735
test,2020-580,5,760,0,0.0,0.1454123281875711
test,2020-580,5,760,1,0.0,0.07496640189747202
test,2020-580,5,760,2,1.0,0.5685640548417914
test,2020-580,5,760,3,1.0,0.1313686950381338
test,2020-580,6,761,0,1.0,0.671235709345858
test,2020-580,6,761,1,0.0,0.47181589296629517
test,2020-580,7,762,0,0.0,0.15225891367561267
test,2020-M009,2,776,0,1.0,0.42730384907428787
test,2020-M009,2,776,1,1.0,0.442693668656092
test,2020-M009,2,776,2,1.0,0.49906896922206206
test,2020-M009,2,776,3,0.0,0.8878339564240791
test,2020-M009,2,776,4,0.0,0.6738404506226169
test,2020-M009,2,776,5,0.0,0.29045137870923876
test,2020-M009,2,776,6,0.0,0.2523000327865088
test,2020-M009,2,776,7,1.0,0.8099248526043096
test,2020-M009,2,776,8,1.0,0.5417608342258868
test,2020-M009,2,776,9,0.0,0.4506430947514438
test,2020-M009,2,776,10,1.0,0.3599045801349783
test,2020-M009,2,776,11,1.0,0.5001543772818664
test,2020-M009,2,776,12,0.0,0.12873284566441287
test,2020-M009,2,776,13,1.0,0.6180042760488718
test,2020-M009,2,776,14,0.0,0.649265055156146
test,2020-M009,2,776,15,0.0,0.6435472520931657
test,2020-M009,2,776,16,0.0,0.23290213988789255
test,2020-M009,2,776,17,0.0,0.5767987623231605
test,2020-M009,2,776,18,1.0,0.2485366181086182
test,2020-M009,2,776,19,1.0,0.6660795360307322
test,2020-M009,2,776,20,0.0,0.7402665157453701
test,2020-M009,2,776,21,0.0,0.8716790161021112
test,2020-M009,2,776,22,0.0,0.30654085120518465
test,2020-M009,3,777,0,0.0,0.6914470186786369
test,2020-M009,3,777,1,1.0,0.3892949561604228
test,2020-M009,3,777,2,0.0,0.3274381253276783
test,2020-M009,3,777,3,0.0,0.8031791548370678
test,2020-M009,3,777,4,0.0,0.3028617104069121
test,2020-M009,3,777,5,1.0,0.7906333661351971
test,2020-M009,3,777,6,1.0,0.18819221689940524
test,2020-M009,3,777,7,1.0,0.46570185335571573
test,2020-M009,3,777,8,0.0,0.5016536967758236
test,2020-M009,3,777,9,1.0,0.226483566754586
test,2020-M009,3,777,10,1.0,0.8217006618791167
test,2020-M009,3,777,11,1.0,0.18314666208198707
test,2020-M009,3,777,12,0.0,0.8243890802909669
test,2020-M009,3,777,13,0.0,0.34114816362903916
test,2020-M009,3,777,14,1.0,0.9477434782406854
test,2020-M009,3,777,15,1.0,0.915018292371182
test,2020-M009,4,778,0,1.0,0.7783216499409189
test,2020-M009,4,778,1,0.0,0.09433737336717497
test,2020-M009,4,778,2,0.0,0.06722630923989505
test,2020-M009,4,778,3,1.0,0.625680300840386
test,2020-M009,4,778,4,0.0,0.28622569863866637
test,2020-M009,4,778,5,1.0,0.7538920316119857
test,2020-M009,4,778,6,0.0,0.7025702555561435
test,2020-M009,4,778,7,0.0,0.6114881075095858
test,2020-M009,5,779,0,1.0,0.9384656881369473
test,2020-M009,5,779,1,1.0,0.2889502049757984
test,2020-M009,5,779,2,1.0,0.4958736178322307
test,2020-M009,5,779,3,0.0,0.9094065627955815
test,2020-M009,6,780,0,1.0,0.929927953537188
test,2020-M009,6,780,1,0.0,0.4931053572028134
test,2020-M009,7,781,0,0.0,0.13675562240670436
test,2020-M024,2,763,0,1.0,0.7770883516394403
test,2020-M024,2,763,1,1.0,0.4828917052769317
test,2020-M024,2,763,2,0.0,0.4220983405205468
test,2020-M024,2,763,3,1.0,0.5010496411415536
test,2020-M024,2,763,4,0.0,0.5302963558666873
test,2020-M024,2,763,5,1.0,0.6196007051219041
test,2020-M024,2,763,6,1.0,0.6028194820402439
test,2020-M024,2,763,7,1.0,0.48058541292916057
test,2020-M024,2,763,8,1.0,0.40560566456168823
test,2020-M024,2,763,9,0.0,0.1921392788651172
test,2020-M024,2,763,10,0.0,0.4962547429816428
test,2020-M024,2,763,11,0.0,0.22935214076307348
test,2020-M024,2,763,12,1.0,0.49999509880569937
test,2020-M024,2,763,13,1.0,0.5183727920090585
test,2020-M024,2,763,14,0.0,0.21124956496576214
test,2020-M024,2,763,15,1.0,0.5894033658643448
test,2020-M024,2,763,16,0.0,0.5370843043444924
test,2020-M024,2,763,17,0.0,0.5022920931995692
test,2020-M024,2,763,18,1.0,0.3994457622082578
test,2020-M024,2,763,19,0.0,0.28538441277448107
test,2020-M024,2,763,20,1.0,0.36486896511004036
test,2020-M024,2,763,21,1.0,0.7747412950594588
test,2020-M024,2,763,22,0.0,0.30922956412848024
test,2020-M024,2,763,23,1.0,0.7173763456367006
test,2020-M024,3,764,0,0.0,0.6579844557198362
test,2020-M024,3,764,1,0.0,0.7764032603891021
test,2020-M024,3,764,2,1.0,0.7447658804625252
test,2020-M024,3,764,3,0.0,0.8010131086154312
test,2020-M024,3,764,4,1.0,0.7208858472293898
test,2020-M024,3,764,5,1.0,0.6874057223239274
test,2020-M024,3,764,6,0.0,0.7223957048782749
test,2020-M024,3,764,7,1.0,0.5946474323446737
test,2020-M024,3,764,8,0.0,0.384290081908187
test,2020-M024,3,764,9,0.0,0.606960683391402
test,2020-M024,3,764,10,0.0,0.1093969426580073
test,2020-M024,3,764,11,1.0,0.7824274855379948
test,2020-M024,3,764,12,0.0,0.5158401189401979
test,2020-M024,3,764,13,0.0,0.5287665078047586
test,2020-M024,3,764,14,1.0,0.956539056195026
test,2020-M024,3,764,15,0.0,0.4290052802066397
test,2020-M024,4,765,0,1.0,0.9254011370663842
test,2020-M024,4,765,1,0.0,0.13444186912530448
test,2020-M024,4,765,2,0.0,0.5511680105346753
test,2020-M024,4,765,3,0.0,0.6630835963245226
test,2020-M024,4,765,4,0.0,0.4620431353752
test,2020-M024,4,765,5,0.0,0.5556785989125099
test,2020-M024,4,765,6,0.0,0.4583623298641243
test,2020-M024,4,765,7,0.0,0.21636496620979795
test,2020-M024,5,766,0,1.0,0.8930721367555493
test,2020-M024,5,766,1,1.0,0.28440722406420854
test,2020-M024,5,766,2,1.0,0.7142367131388273
test,2020-M024,5,766,3,0.0,0.32112230177650547
test,2020-M024,6,767,0,1.0,0.8738389493947925
test,2020-M024,6,767,1,1.0,0.570907824220316
test,2020-M024,7,768,0,1.0,0.821370310460276
train,2011-1536,2,27,0,0.0,0.24995013458018758
train,2011-1536,2,27,1,0.0,0.33633327702176385
train,2011-1536,2,27,2,1.0,0.07349570499807836
train,2011-1536,2,27,3,0.0,0.4504006637732049
train,2011-1536,2,27,4,0.0,0.6885966871529186
train,2011-1536,2,27,5,1.0,0.5594864007636512
train,2011-1536,2,27,6,0.0,0.5914850589933145
train,2011-1536,2,27,7,1.0,0.19663671620138198
train,2011-1536,2,27,8,0.0,0.49514758404399617
train,2011-1536,2,27,9,0.0,0.4994929181436123
train,2011-1536,2,27,10,1.0,0.42141180234711945
train,2011-1536,2,27,11,0.0,0.6782966156968664
train,2011-1536,2,27,12,1.0,0.6440369831867067
train,2011-1536,2,27,13,1.0,0.682185727792687
train,2011-1536,2,27,14,0.0,0.4959513559906723
train,2011-1536,2,27,15,0.0,0.27133039460874403
train,2011-1536,2,27,16,0.0,0.7324106574139887
train,2011-1536,2,27,17,1.0,0.39373512389082177
train,2011-1536,2,27,18,0.0,0.675223238553493
train,2011-1536,2,27,19,0.0,0.623092528461017
train,2011-1536,2,27,20,0.0,0.681488836368605
train,2011-1536,2,27,21,1.0,0.6671744311846349
train,2011-1536,2,27,22,0.0,0.643328075706343
train,2011-1536,2,27,23,0.0,0.58152758691186
train,2011-1536,3,28,0,0.0,0.0695481385688238
train,2011-1536,3,28,1,1.0,0.5667547228816988
train,2011-1536,3,28,2,0.0,0.6558364191188883
train,2011-1536,3,28,3,0.0,0.08322436047323004
train,2011-1536,3,28,4,1.0,0.8418565017869205
train,2011-1536,3,28,5,0.0,0.6220973932099392
train,2011-1536,3,28,6,0.0,0.12623424840698294
train,2011-1536,3,28,7,1.0,0.8677219573994501
train,2011-1536,3,28,8,1.0,0.8044075286096349
train,2011-1536,3,28,9,0.0,0.3991736744917832
train,2011-1536,3,28,10,0.0,0.5195707732679451
train,2011-1536,3,28,11,0.0,0.09115233952012654
train,2011-1536,3,28,12,1.0,0.2098558916763711
train,2011-1536,3,28,13,0.0,0.24957887858948402
train,2011-1536,3,28,14,1.0,0.6466790328713429
train,2011-1536,3,28,15,0.0,0.048976382581836654
train,2011-1536,4,29,0,0.0,0.11915060204320858
train,2011-1536,4,29,1,0.0,0.3666418833559656
train,2011-1536,4,29,2,1.0,0.6916994814917302
train,2011-1536,4,29,3,1.0,0.7717473856343428
train,2011-1536,4,29,4,1.0,0.16502041819788357
train,2011-1536,4,29,5,0.0,0.12472748503035105
train,2011-1536,4,29,6,0.0,0.10100047473825499
train,2011-1536,4,29,7,0.0,0.07955413947552929
train,2011-1536,5,30,0,1.0,0.9409048150851446
train,2011-1536,5,30,1,0.0,0.3388792561907502
train,2011-1536,5,30,2,1.0,0.20197906231040694
train,2011-1536,5,30,3,1.0,0.7137302121691566
train,2011-1536,6,31,0,0.0,0.28118857569824385
train,2011-1536,6,31,1,0.0,0.1044263498838988
train,2011-1536,7,32,0,1.0,0.3019140515854237
train,2011-352,2,78,0,0.0,0.42478156846386056
train,2011-352,2,78,1,0.0,0.36869575282389555
train,2011-352,2,78,2,0.0,0.38266720893732725
train,2011-352,2,78,3,1.0,0.4938136551302189
train,2011-352,2,78,4,1.0,0.5547409285867334
train,2011-352,2,78,5,1.0,0.5601470195311209
train,2011-352,2,78,6,0.0,0.4527862117565083
train,2011-352,2,78,7,0.0,0.49170925355820255
train,2011-352,2,78,8,0.0,0.45078844905935184
train,2011-352,2,78,9,0.0,0.5748295344595576
train,2011-352,2,78,10,0.0,0.4733276014197583
train,2011-352,2,78,11,0.0,0.583188791880685
train,2011-352,2,78,12,1.0,0.6280636070704854
train,2011-352,2,78,13,1.0,0.36783749896497936
train,2011-352,2,78,14,1.0,0.4899451267864429
train,2011-352,2,78,15,1.0,0.3368884214626415
train,2011-352,3,79,0,1.0,0.9510434724563454
train,2011-352,3,79,1,1.0,0.42708943559655066
train,2011-352,3,79,2,1.0,0.6817949921309351
train,2011-352,3,79,3,0.0,0.2915056498441248
train,2011-352,3,79,4,0.0,0.5230464741242087
train,2011-352,3,79,5,0.0,0.09321442837355183
train,2011-352,3,79,6,0.0,0.2972212247372378
train,2011-352,3,79,7,0.0,0.2967264264291656
train,2011-352,3,79,8,1.0,0.9587933695136619
train,2011-352,3,79,9,1.0,0.5781936353584035
train,2011-352,3,79,10,0.0,0.7026278556181865
train,2011-352,3,79,11,1.0,0.7002701983443671
train,2011-352,3,79,12,0.0,0.4682576647462038
train,2011-352,3,79,13,1.0,0.7328705002918335
train,2011-352,3,79,14,1.0,0.38848337138670497
train,2011-352,3,79,15,0.0,0.1251575463791583
train,2011-352,4,80,0,1.0,0.8139040139059757
train,2011-352,4,80,1,1.0,0.7708833078707878
train,2011-352,4,80,2,0.0,0.24011641551960347
train,2011-352,4,80,3,1.0,0.28755694971175155
train,2011-352,4,80,4,1.0,0.7641137832568854
train,2011-352,4,80,5,0.0,0.0759577476633878
train,2011-352,4,80,6,0.0,0.21936137511924608
train,2011-352,4,80,7,0.0,0.5155383137142209
train,2011-352,5,81,0,0.0,0.1046409689758297
train,2011-352,5,81,1,0.0,0.632019913030651
train,2011-352,5,81,2,0.0,0.8616026365451374
train,2011-352,5,81,3,1.0,0.2530379212240877
train,2011-352,6,82,0,0.0,0.28568364950827535
train,2011-352,6,82,1,1.0,0.6406099101546423
train,2011-352,7,83,0,0.0,0.20143204315485966
train,2011-403,1,14,0,0.0,0.6055430498526573
train,2011-403,1,14,1,1.0,0.5854801928629826
train,2011-403,1,14,2,1.0,0.5359709838291372
train,2011-403,1,14,3,1.0,0.5356370292443801
train,2011-403,1,14,4,0.0,0.5150258854497731
train,2011-403,1,14,5,1.0,0.5150910043666699
train,2011-403,1,14,6,1.0,0.5751813835428644
train,2011-403,1,14,7,1.0,0.5018062277274079
train,2011-403,1,14,8,0.0,0.38366708408226874
train,2011-403,1,14,9,1.0,0.6349027844455091
train,2011-403,1,14,10,0.0,0.4148481734638841
train,2011-403,1,14,11,1.0,0.44633679611066246
train,2011-403,1,14,12,0.0,0.4455023439481257
train,2011-403,1,14,13,0.0,0.6453079226343291
train,2011-403,1,14,14,0.0,0.4492260072498027
train,2011-403,1,14,15,0.0,0.4290279029248421
train,2011-403,1,14,16,1.0,0.5995706038657623
train,2011-403,1,14,17,1.0,0.6536019134517737
train,2011-403,1,14,18,1.0,0.39632087069676036
train,2011-403,1,14,19,0.0,0.3594726926665565
train,2011-403,1,14,20,1.0,0.16209784105131472
train,2011-403,1,14,21,1.0,0.5232019851087463
train,2011-403,1,14,22,1.0,0.48914073935470004
train,2011-403,1,14,23,1.0,0.8104593996176069
train,2011-403,1,14,24,0.0,0.42499205092858333
train,2011-403,1,14,25,1.0,0.6321177944257775
train,2011-403,1,14,26,0.0,0.6328333244580265
train,2011-403,1,14,27,1.0,0.5102650607672705
train,2011-403,1,14,28,1.0,0.39689503645672985
train,2011-403,1,14,29,0.0,0.7707396808846481
train,2011-403,1,14,30,1.0,0.5121299865222226
train,2011-403,1,14,31,1.0,0.18648199926074094
train,2011-403,2,15,0,0.0,0.5177548184865328
train,2011-403,2,15,1,0.0,0.0671161548515723
train,2011-403,2,15,2,1.0,0.7014095964924613
train,2011-403,2,15,3,0.0,0.3458399228276506
train,2011-403,2,15,4,1.0,0.9161793230888233
train,2011-403,2,15,5,0.0,0.6124587360296257
train,2011-403,2,15,6,0.0,0.38268280440752145
train,2011-403,2,15,7,1.0,0.060136968619943366
train,2011-403,2,15,8,1.0,0.6100466789477973
train,2011-403,2,15,9,1.0,0.7279498379116631
train,2011-403,2,15,10,0.0,0.4180075075582569
train,2011-403,2,15,11,1.0,0.1499437268009954
train,2011-403,2,15,12,0.0,0.44910799118481975
train,2011-403,2,15,13,1.0,0.48655176352694585
train,2011-403,2,15,14,1.0,0.13871537406951387
train,2011-403,2,15,15,0.0,0.11666530181291765
train,2011-403,2,15,16,0.0,0.8766100384043297
train,2011-403,2,15,17,1.0,0.3322641626956628
train,2011-403,2,15,18,0.0,0.43362371516295706
train,2011-403,2,15,19,0.0,0.6986896196992769
train,2011-403,2,15,20,1.0,0.6228993694580645
train,2011-403,2,15,21,1.0,0.3376217277063361
train,2011-403,2,15,22,0.0,0.3900301644831627
train,2011-403,2,15,23,1.0,0.9132325880080082
train,2011-403,2,15,24,1.0,0.2206826506741533
train,2011-403,2,15,25,1.0,0.3854665980430658
train,2011-403,2,15,26,1.0,0.8166522563147964
train,2011-403,2,15,27,1.0,0.8050364621517201
train,2011-403,2,15,28,0.0,0.07089070890418026
train,2011-403,2,15,29,1.0,0.6500203546053561
train,2011-403,2,15,30,1.0,0.9633357769923555
train,2011-403,2,15,31,0.0,0.4600264027676545
train,2011-403,3,16,0,0.0,0.08226823056661502
train,2011-403,3,16,1,0.0,0.7148543054117545
train,2011-403,3,16,2,0.0,0.7505171726950276
train,2011-403,3,16,3,1.0,0.8963807874437496
train,2011-403,3,16,4,0.0,0.06275111197011148
train,2011-403,3,16,5,1.0,0.2791049066533976
train,2011-403,3,16,6,0.0,0.5327563657138564
train,2011-403,3,16,7,0.0,0.14196886743824466
train,2011-403,3,16,8,0.0,0.09078853431611023
train,2011-403,3,16,9,0.0,0.41911018856555105
train,2011-403,3,16,10,1.0,0.7254913855807624
train,2011-403,3,16,11,0.0,0.7520998055080174
train,2011-403,3,16,12,1.0,0.5353894693176792
train,2011-403,3,16,13,1.0,0.34612201931038805
train,2011-403,3,16,14,1.0,0.5834975964490433
train,2011-403,3,16,15,1.0,0.5068485292870308
train,2011-403,4,17,0,1.0,0.9434600025528366
train,2011-403,4,17,1,0.0,0.09126033050266798
train,2011-403,4,17,2,1.0,0.36120264457414536
train,2011-403,4,17,3,0.0,0.6227172889621062
train,2011-403,4,17,4,1.0,0.8744197132298144
train,2011-403,4,17,5,1.0,0.523024436133929
train,2011-403,4,17,6,1.0,0.8727391435260298
train,2011-403,4,17,7,1.0,0.9379041164041015
train,2011-403,5,18,0,1.0,0.931002195016488
train,2011-403,5,18,1,0.0,0.7249749638232961
train,2011-403,5,18,2,1.0,0.9185825817706835
train,2011-403,5,18,3,1.0,0.7955834612615347
train,2011-403,6,19,0,1.0,0.8608690384454494
train,2011-403,6,19,1,0.0,0.3473050239641381
train,2011-403,7,20,0,1.0,0.3474144157783267
train,2011-404,1,7,0,1.0,0.6708482853128344
train,2011-404,1,7,1,1.0,0.4539541014557709
train,2011-404,1,7,2,1.0,0.5711163545927828
train,2011-404,1,7,3,1.0,0.59325369724226
train,2011-404,1,7,4,0.0,0.28937730910485676
train,2011-404,1,7,5,1.0,0.47896341581380014
train,2011-404,1,7,6,0.0,0.41912702073414915
train,2011-404,1,7,7,0.0,0.4099598738762781
train,2011-404,1,7,8,1.0,0.7109063934140961
train,2011-404,1,7,9,0.0,0.4943365339272659
train,2011-404,1,7,10,1.0,0.5166159901357504
train,2011-404,1,7,11,1.0,0.3505258604537565
train,2011-404,1,7,12,0.0,0.3833771067036222
train,2011-404,1,7,13,1.0,0.6670387156690069
train,2011-404,1,7,14,1.0,0.5117344993341133
train,2011-404,1,7,15,1.0,0.4726702236891225
train,2011-404,1,7,16,1.0,0.4885277908104459
train,2011-404,1,7,17,0.0,0.25445064033708764
train,2011-404,1,7,18,0.0,0.5095983909642153
train,2011-404,1,7,19,1.0,0.4758994681103646
train,2011-404,1,7,20,1.0,0.533059656849887
train,2011-404,1,7,21,0.0,0.5854270839533104
train,2011-404,1,7,22,1.0,0.4286024024092476
train,2011-404,1,7,23,0.0,0.3885651659404937
train,2011-404,1,7,24,1.0,0.4214317690621016
train,2011-404,1,7,25,0.0,0.5327234433440765
train,2011-404,1,7,26,1.0,0.5588102334491786
train,2011-404,1,7,27,1.0,0.6517879680491588
train,2011-404,1,7,28,1.0,0.33031711552762216
train,2011-404,1,7,29,1.0,0.5296360120715636
train,2011-404,1,7,30,1.0,0.7410108391534455
train,2011-404,1,7,31,1.0,0.5979010631003366
train,2011-404,2,8,0,1.0,0.29119684990457245
train,2011-404,2,8,1,1.0,0.9007234413932433
train,2011-404,2,8,2,0.0,0.5770557806921377
train,2011-404,2,8,3,0.0,0.7050854537432846
train,2011-404,2,8,4,0.0,0.40094295392959356
train,2011-404,2,8,5,0.0,0.3955539415113337
train,2011-404,2,8,6,1.0,0.5633203938493969
train,2011-404,2,8,7,1.0,0.8732376621816083
train,2011-404,2,8,8,0.0,0.07848571622017657
train,2011-404,2,8,9,0.0,0.4421011083644229
train,2011-404,2,8,10,0.0,0.39196498760510473
train,2011-404,2,8,11,0.0,0.3072946228973752
train,2011-404,2,8,12,0.0,0.3725897734579798
train,2011-404,2,8,13,1.0,0.5966518023390844
train,2011-404,2,8,14,1.0,0.7142088660412126
train,2011-404,2,8,15,0.0,0.2228853286155411
train,2011-404,2,8,16,1.0,0.5671220791378375
train,2011-404,2,8,17,0.0,0.26731461077187446
train,2011-404,2,8,18,0.0,0.9180315396670212
train,2011-404,2,8,19,1.0,0.7953534015202628
train,2011-404,2,8,20,1.0,0.36814792080468106
train,2011-404,2,8,21,0.0,0.4993679278664128
train,2011-404,2,8,22,1.0,0.7743250814943413
train,2011-404,2,8,23,0.0,0.1038148420379784
train,2011-404,2,8,24,0.0,0.8115973491591323
train,2011-404,2,8,25,0.0,0.36676446402420265
train,2011-404,2,8,26,1.0,0.7711770859801542
train,2011-404,2,8,27,0.0,0.7838353460414507
train,2011-404,2,8,28,1.0,0.5291166265491938
train,2011-404,2,8,29,1.0,0.27196022583636686
train,2011-404,2,8,30,0.0,0.03821206607928022
train,2011-404,2,8,31,0.0,0.7044609337230601
train,2011-404,3,9,0,1.0,0.18492723651798193
train,2011-404,3,9,1,0.0,0.4345830830410422
train,2011-404,3,9,2,0.0,0.49849926837908853
train,2011-404,3,9,3,0.0,0.6480306084727621
train,2011-404,3,9,4,1.0,0.41993476555809817
train,2011-404,3,9,5,1.0,0.9491167165256263
train,2011-404,3,9,6,1.0,0.2724714031470843
train,2011-404,3,9,7,0.0,0.25220667215614173
train,2011-404,3,9,8,1.0,0.31557736418736837
train,2011-404,3,9,9,1.0,0.914435122423469
train,2011-404,3,9,10,0.0,0.5659169983166087
train,2011-404,3,9,11,0.0,0.3530232450439817
train,2011-404,3,9,12,0.0,0.21314624082067304
train,2011-404,3,9,13,0.0,0.16434553863072102
train,2011-404,3,9,14,1.0,0.49327482636274084
train,2011-404,3,9,15,1.0,0.7394238915356524
train,2011-404,4,10,0,0.0,0.07951437878641061
train,2011-404,4,10,1,0.0,0.6180614004011489
train,2011-404,4,10,2,1.0,0.8638978131238306
train,2011-404,4,10,3,1.0,0.22205589195167405
train,2011-404,4,10,4,0.0,0.38501545603511356
train,2011-404,4,10,5,0.0,0.46358227835109905
train,2011-404,4,10,6,1.0,0.47031105824044067
train,2011-404,4,10,7,0.0,0.05544701023591724
train,2011-404,5,11,0,1.0,0.7225421507864592
train,2011-404,5,11,1,0.0,0.14368466101978677
train,2011-404,5,11,2,1.0,0.5192535926573489
train,2011-404,5,11,3,0.0,0.0961483893213554
train,2011-404,6,12,0,0.0,0.5097603320693006
train,2011-404,6,12,1,0.0,0.1378387815926977
train,2011-404,7,13,0,0.0,0.6481707714693942
train,2011-410,2,21,0,0.0,0.6029360270753358
train,2011-410,2,21,1,1.0,0.7883453179112735
train,2011-410,2,21,2,0.0,0.382064283094227
train,2011-410,2,21,3,1.0,0.6520296300663846
train,2011-410,2,21,4,0.0,0.3216147002907464
train,2011-410,2,21,5,1.0,0.5042544386435378
train,2011-410,2,21,6,0.0,0.366658490583506
train,2011-410,2,21,7,0.0,0.5596502979667919
train,2011-410,2,21,8,1.0,0.29562740703640494
train,2011-410,2,21,9,0.0,0.5983307676541484
train,2011-410,2,21,10,0.0,0.5621466876857278
train,2011-410,2,21,11,1.0,0.7814957307432201
train,2011-410,2,21,12,1.0,0.49481081220003004
train,2011-410,2,21,13,0.0,0.23982445224098997
train,2011-410,2,21,14,0.0,0.502542936705698
train,2011-410,2,21,15,0.0,0.2573745837894069
train,2011-410,2,21,16,0.0,0.5208665058891531
train,2011-410,2,21,17,1.0,0.7170741298377249
train,2011-410,2,21,18,0.0,0.21300772654582087
train,2011-410,2,21,19,0.0,0.8009568184340741
train,2011-410,2,21,20,0.0,0.41764138902549724
train,2011-410,2,21,21,0.0,0.6564063902250757
train,2011-410,2,21,22,0.0,0.4460677946294749
train,2011-410,2,21,23,0.0,0.7205452848288117
train,2011-410,3,22,0,0.0,0.12072260166074501
train,2011-410,3,22,1,1.0,0.435232763822353
train,2011-410,3,22,2,1.0,0.41877843938314124
train,2011-410,3,22,3,1.0,0.7856664090717649
train,2011-410,3,22,4,1.0,0.39397423351734184
train,2011-410,3,22,5,1.0,0.31074006704257673
train,2011-410,3,22,6,0.0,0.198049519945335
train,2011-410,3,22,7,0.0,0.218834082013567
train,2011-410,3,22,8,1.0,0.8356097812716164
train,2011-410,3,22,9,0.0,0.2506852859511181
train,2011-410,3,22,10,0.0,0.1658956067458933
train,2011-410,3,22,11,0.0,0.12056566407697517
train,2011-410,3,22,12,0.0,0.3806665672277534
train,2011-410,3,22,13,0.0,0.504224623524351
train,2011-410,3,22,14,0.0,0.03248689739122275
train,2011-410,3,22,15,0.0,0.5784824689831053
train,2011-410,4,23,0,0.0,0.06287313252352451
train,2011-410,4,23,1,1.0,0.8324731207490149
train,2011-410,4,23,2,1.0,0.2129322571359008
train,2011-410,4,23,3,0.0,0.6179238291006005
train,2011-410,4,23,4,0.0,0.14928341835078812
train,2011-410,4,23,5,1.0,0.47397617861202296
train,2011-410,4,23,6,1.0,0.8783335928921246
train,2011-410,4,23,7,1.0,0.27308638037169974
train,2011-410,5,24,0,0.0,0.09883623436142241
train,2011-410,5,24,1,0.0,0.11859662374172612
train,2011-410,5,24,2,0.0,0.20238579825276923
train,2011-410,5,24,3,0.0,0.8402921742189583
train,2011-410,6,25,0,0.0,0.31899011385778114
train,2011-410,6,25,1,1.0,0.7995523627645137
train,2011-410,7,26,0,1.0,0.819455903365242
train,2011-416,2,33,0,1.0,0.44848254870445703
train,2011-416,2,33,1,1.0,0.5094660636386159
train,2011-416,2,33,2,0.0,0.3289768772472098
train,2011-416,2,33,3,0.0,0.16807078892071617
train,2011-416,2,33,4,0.0,0.38025916088029843
train,2011-416,2,33,5,0.0,0.289142699483721
train,2011-416,2,33,6,0.0,0.4799280827562631
train,2011-416,2,33,7,0.0,0.49292911392955546
train,2011-416,2,33,8,0.0,0.4583483938136939
train,2011-416,2,33,9,0.0,0.5616857625390652
train,2011-416,2,33,10,0.0,0.368755378579642
train,2011-416,2,33,11,0.0,0.7765228695405644
train,2011-416,2,33,12,0.0,0.6746306090557606
train,2011-416,2,33,13,1.0,0.5842516030137961
train,2011-416,2,33,14,1.0,0.4969346578828446
train,2011-416,2,33,15,1.0,0.37685003682630575
train,2011-416,2,33,16,1.0,0.808416328669623
train,2011-416,2,33,17,0.0,0.5031159915842655
train,2011-416,2,33,18,1.0,0.8032720434955497
train,2011-416,2,33,19,0.0,0.6020946802918922
train,2011-416,2,33,20,0.0,0.6400866548970533
train,2011-416,2,33,21,1.0,0.5166426582499936
train,2011-416,2,33,22,1.0,0.24822331716904025
train,2011-416,2,33,23,0.0,0.24737284971404122
train,2011-416,3,34,0,1.0,0.8136657527247715
train,2011-416,3,34,1,0.0,0.2747679819412247
train,2011-416,3,34,2,1.0,0.6988061975431594
train,2011-416,3,34,3,1.0,0.8523984328244755
train,2011-416,3,34,4,0.0,0.34338427916580516
train,2011-416,3,34,5,1.0,0.3562095420496795
train,2011-416,3,34,6,0.0,0.7278553259251302
train,2011-416,3,34,7,0.0,0.23640985800730582
train,2011-416,3,34,8,0.0,0.5435835197510944
train,2011-416,3,34,9,0.0,0.04507378009013198
train,2011-416,3,34,10,0.0,0.7001350358902406
train,2011-416,3,34,11,0.0,0.20050873522282212
train,2011-416,3,34,12,0.0,0.18135427922391037
train,2011-416,3,34,13,0.0,0.5781808476491853
train,2011-416,3,34,14,0.0,0.5661127499761829
train,2011-416,3,34,15,1.0,0.9737143573894002
train,2011-416,4,35,0,1.0,0.9466039009321446
train,2011-416,4,35,1,0.0,0.8696344994723406
train,2011-416,4,35,2,1.0,0.8750910856845683
train,2011-416,4,35,3,1.0,0.8960524307166273
train,2011-416,4,35,4,1.0,0.7211362513839314
train,2011-416,4,35,5,1.0,0.8274806946510505
train,2011-416,4,35,6,0.0,0.5089700594335009
train,2011-416,4,35,7,0.0,0.46442621670163114
train,2011-416,5,36,0,1.0,0.9231651804875535
train,2011-416,5,36,1,1.0,0.24641534588320818
train,2011-416,5,36,2,1.0,0.8515253546349926
train,2011-416,5,36,3,1.0,0.7358275319336043
train,2011-416,6,37,0,1.0,0.9222648038371574
train,2011-416,6,37,1,1.0,0.7340609537348646
train,2011-416,7,38,0,0.0,0.6609942180032775
train,2011-421,2,53,0,0.0,0.5127043382628946
train,2011-421,2,53,1,1.0,0.713620396615775
train,2011-421,2,53,2,0.0,0.3784754739909605
train,2011-421,2,53,3,0.0,0.23046497620432316
train,2011-421,2,53,4,1.0,0.886019286901759
train,2011-421,2,53,5,1.0,0.5002755099764714
train,2011-421,2,53,6,0.0,0.481089220319557
train,2011-421,2,53,7,1.0,0.24645758411813648
train,2011-421,2,53,8,1.0,0.481761413378894
train,2011-421,2,53,9,1.0,0.7492558603733553
train,2011-421,2,53,10,0.0,0.32175882969042296
train,2011-421,2,53,11,1.0,0.7049308857471915
train,2011-421,2,53,12,1.0,0.4421652548445485
train,2011-421,2,53,13,1.0,0.48622750432786666
train,2011-421,2,53,14,0.0,0.6113984930337886
train,2011-421,2,53,15,1.0,0.6088820947315836
train,2011-421,2,53,16,1.0,0.8289483280919157
train,2011-421,2,53,17,0.0,0.44380482613884703
train,2011-421,2,53,18,1.0,0.3973361501349691
train,2011-421,2,53,19,0.0,0.21796251110726905
train,2011-421,2,53,20,0.0,0.3805523343850483
train,2011-421,2,53,21,0.0,0.6615569139889397
train,2011-421,2,53,22,1.0,0.6850938739750885
train,2011-421,2,53,23,1.0,0.42388213129504015
train,2011-421,3,54,0,1.0,0.0312756998530858
train,2011-421,3,54,1,1.0,0.2907404780270191
train,2011-421,3,54,2,0.0,0.5483380459412732
train,2011-421,3,54,3,1.0,0.7945589736385702
train,2011-421,3,54,4,1.0,0.14282899838937083
train,2011-421,3,54,5,0.0,0.3811180429064267
train,2011-421,3,54,6,0.0,0.517580748093443
train,2011-421,3,54,7,0.0,0.37689873185789635
train,2011-421,3,54,8,0.0,0.3859262701897673
train,2011-421,3,54,9,1.0,0.8366506539055122
train,2011-421,3,54,10,1.0,0.7608595492221242
train,2011-421,3,54,11,0.0,0.032328937615249805
train,2011-421,3,54,12,1.0,0.5408713570536269
train,2011-421,3,54,13,1.0,0.7816114945906332
train,2011-421,3,54,14,1.0,0.3819945871860985
train,2011-421,3,54,15,1.0,0.9246975844334271
train,2011-421,4,55,0,0.0,0.10483015680231099
train,2011-421,4,55,1,1.0,0.2168481213058907
train,2011-421,4,55,2,1.0,0.4703656817931331
train,2011-421,4,55,3,0.0,0.36596556385429807
train,2011-421,4,55,4,1.0,0.7632668845140564
train,2011-421,4,55,5,0.0,0.1663243966534416
train,2011-421,4,55,6,1.0,0.5875458166044922
train,2011-421,4,55,7,1.0,0.5994099767856578
train,2011-421,5,56,0,0.0,0.4191508654224222
train,2011-421,5,56,1,0.0,0.15318580455092531
train,2011-421,5,56,2,1.0,0.3861900238803182
train,2011-421,5,56,3,1.0,0.18311429148913846
train,2011-421,6,57,0,1.0,0.8279702255029813
train,2011-421,6,57,1,1.0,0.6687030696376419
train,2011-421,7,58,0,0.0,0.1435982261824261
train,2011-422,2,59,0,0.0,0.57037383840462
train,2011-422,2,59,1,0.0,0.6192158786978313
train,2011-422,2,59,2,1.0,0.2986121050174177
train,2011-422,2,59,3,1.0,0.5068583994862885
train,2011-422,2,59,4,0.0,0.6489835189499124
train,2011-422,2,59,5,0.0,0.2665203805793996
train,2011-422,2,59,6,1.0,0.4274842949764096
train,2011-422,2,59,7,0.0,0.6493372469855062
train,2011-422,2,59,8,1.0,0.6419200888030465
train,2011-422,2,59,9,0.0,0.5061026716938675
train,2011-422,2,59,10,0.0,0.24484169101928202
train,2011-422,2,59,11,0.0,0.5471433216664262
train,2011-422,2,59,12,0.0,0.8603617428181969
train,2011-422,2,59,13,1.0,0.3969586391283574
train,2011-422,2,59,14,1.0,0.8068460133353158
train,2011-422,2,59,15,1.0,0.43220929712531275
train,2011-422,2,59,16,0.0,0.38030780341543746
train,2011-422,2,59,17,1.0,0.48977665779981505
train,2011-422,2,59,18,0.0,0.3393843111803137
train,2011-422,2,59,19,1.0,0.48946316113138205
train,2011-422,2,59,20,1.0,0.6680919071671885
train,2011-422,2,59,21,0.0,0.4859871697035785
train,2011-422,2,59,22,0.0,0.3444795291306309
train,2011-422,2,59,23,1.0,0.4990699578289591
train,2011-422,3,60,0,1.0,0.9508801423092177
train,2011-422,3,60,1,0.0,0.3766393143067058
train,2011-422,3,60,2,0.0,0.3205417080997528
train,2011-422,3,60,3,0.0,0.30669269351869877
train,2011-422,3,60,4,1.0,0.6834498395493386
train,2011-422,3,60,5,1.0,0.19131249892721888
train,2011-422,3,60,6,1.0,0.5303552296286239
train,2011-422,3,60,7,0.0,0.10229876169250365
train,2011-422,3,60,8,0.0,0.22214547489218986
train,2011-422,3,60,9,0.0,0.20277878694025486
train,2011-422,3,60,10,0.0,0.5123015182956521
train,2011-422,3,60,11,1.0,0.8171402675130602
train,2011-422,3,60,12,0.0,0.4338569070758993
train,2011-422,3,60,13,1.0,0.5151038667979531
train,2011-422,3,60,14,1.0,0.7778270965976007
train,2011-422,3,60,15,0.0,0.046809662786155365
train,2011-422,4,61,0,1.0,0.944832273458342
train,2011-422,4,61,1,0.0,0.37689232374005754
train,2011-422,4,61,2,1.0,0.6874753880006174
train,2011-422,4,61,3,1.0,0.22591724392993012
train,2011-422,4,61,4,0.0,0.12997453585029486
train,2011-422,4,61,5,1.0,0.5070686321482597
train,2011-422,4,61,6,0.0,0.10704675083497628
train,2011-422,4,61,7,0.0,0.08928364855172416
train,2011-422,5,62,0,0.0,0.146287478007465
train,2011-422,5,62,1,0.0,0.6895522482367111
train,2011-422,5,62,2,1.0,0.7959116880084117
train,2011-422,5,62,3,1.0,0.11778347535425127
train,2011-422,6,63,0,1.0,0.7638505187337397
train,2011-422,6,63,1,0.0,0.31500993032696095
train,2011-422,7,64,0,1.0,0.27410775382505004
train,2011-5014,2,72,0,0.0,0.7094007594403566
train,2011-5014,2,72,1,0.0,0.352324373601482
train,2011-5014,2,72,2,1.0,0.5564800040869476
train,2011-5014,2,72,3,1.0,0.5045390908808165
train,2011-5014,2,72,4,1.0,0.5001906203623803
train,2011-5014,2,72,5,1.0,0.6298319328458081
train,2011-5014,2,72,6,1.0,0.7778731175909086
train,2011-5014,2,72,7,1.0,0.3809861207135474
train,2011-5014,2,72,8,0.0,0.49526074974550727
train,2011-5014,2,72,9,1.0,0.8702818841366339
train,2011-5014,2,72,10,0.0,0.2814480071007909
train,2011-5014,2,72,11,1.0,0.498466108874869
train,2011-5014,2,72,12,1.0,0.8141409785668482
train,2011-5014,2,72,13,0.0,0.8437701867909084
train,2011-5014,2,72,14,0.0,0.2768227214879759
train,2011-5014,2,72,15,0.0,0.5856323235212766
train,2011-5014,2,72,16,1.0,0.3094383782572664
train,2011-5014,2,72,17,0.0,0.317418743901003
train,2011-5014,2,72,18,1.0,0.6772064429926928
train,2011-5014,2,72,19,0.0,0.5197837973443582
train,2011-5014,2,72,20,1.0,0.49723324669890007
train,2011-5014,2,72,21,1.0,0.5305907976466873
train,2011-5014,2,72,22,1.0,0.6318743842143711
train,2011-5014,2,72,23,0.0,0.6211593135117404
train,2011-5014,3,73,0,1.0,0.8046099292256169
train,2011-5014,3,73,1,0.0,0.6113229115988023
train,2011-5014,3,73,2,0.0,0.413347216353255
train,2011-5014,3,73,3,1.0,0.2006239750893777
train,2011-5014,3,73,4,0.0,0.2199372686724833
train,2011-5014,3,73,5,1.0,0.7303266578869599
train,2011-5014,3,73,6,0.0,0.7702191920900238
train,2011-5014,3,73,7,1.0,0.5406465468085543
train,2011-5014,3,73,8,1.0,0.9085923097701154
train,2011-5014,3,73,9,1.0,0.2550042467495026
train,2011-5014,3,73,10,1.0,0.36092287080084523
train,2011-5014,3,73,11,1.0,0.8407382913689482
train,2011-5014,3,73,12,1.0,0.48886802810016433
train,2011-5014,3,73,13,0.0,0.1687612959230751
train,2011-5014,3,73,14,0.0,0.5955127843364891
train,2011-5014,3,73,15,0.0,0.09870019709744882
train,2011-5014,4,74,0,0.0,0.9095752932892889
train,2011-5014,4,74,1,1.0,0.650266532855611
train,2011-5014,4,74,2,1.0,0.760330906451617
train,2011-5014,4,74,3,1.0,0.540510898253871
train,2011-5014,4,74,4,1.0,0.5885882821828945
train,2011-5014,4,74,5,0.0,0.5050836799799602
train,2011-5014,4,74,6,0.0,0.7707904343512864
train,2011-5014,4,74,7,1.0,0.24566254487911818
train,2011-5014,5,75,0,0.0,0.4631640048054631
train,2011-5014,5,75,1,1.0,0.6807655002647256
train,2011-5014,5,75,2,1.0,0.3512526571417955
train,2011-5014,5,75,3,0.0,0.10276527166652606
train,2011-5014,6,76,0,0.0,0.2566714008663601
train,2011-5014,6,76,1,0.0,0.1348627764476167
train,2011-5014,7,77,0,1.0,0.5495838662904174
train,2011-520,1,39,0,1.0,0.7139769985469286
train,2011-520,1,39,1,1.0,0.7029977734941149
train,2011-520,1,39,2,0.0,0.37320676739742126
train,2011-520,1,39,3,1.0,0.4657931730606727
train,2011-520,1,39,4,0.0,0.5202295820276016
train,2011-520,1,39,5,1.0,0.18817839418865379
train,2011-520,1,39,6,1.0,0.7334907989545758
train,2011-520,1,39,7,0.0,0.6030148984589173
train,2011-520,1,39,8,1.0,0.3395011173380601
train,2011-520,1,39,9,0.0,0.3371959033542857
train,2011-520,1,39,10,0.0,0.575165913340757
train,2011-520,1,39,11,1.0,0.4076210890805857
train,2011-520,1,39,12,1.0,0.6176023768252672
train,2011-520,1,39,13,1.0,0.9575610578708299
train,2011-520,1,39,14,1.0,0.9230337186410001
train,2011-520,1,39,15,1.0,0.693665611768235
train,2011-520,1,39,16,0.0,0.499391314801149
train,2011-520,1,39,17,0.0,0.41620194117329357
train,2011-520,1,39,18,0.0,0.25737010701540003
train,2011-520,1,39,19,1.0,0.7098713317754468
train,2011-520,1,39,20,1.0,0.8200607302451134
train,2011-520,1,39,21,1.0,0.648553926811203
train,2011-520,1,39,22,1.0,0.7134781455720948
train,2011-520,1,39,23,0.0,0.1995559151592158
train,2011-520,1,39,24,1.0,0.32761649904843326
train,2011-520,1,39,25,0.0,0.15225596715361916
train,2011-520,1,39,26,0.0,0.6628063154510125
train,2011-520,1,39,27,0.0,0.6162701053908234
train,2011-520,1,39,28,0.0,0.049846327877609675
train,2011-520,1,39,29,1.0,0.9473007931874629
train,2011-520,1,39,30,0.0,0.38609224446465645
train,2011-520,1,39,31,1.0,0.37829499911217057
train,2011-520,1,39,32,0.0,0.5769384857676436
train,2011-520,1,39,33,1.0,0.884769999298918
train,2011-520,1,39,34,1.0,0.217612612898599
train,2011-520,1,39,35,1.0,0.8205211253190428
train,2011-520,1,39,36,0.0,0.28650958031294615
train,2011-520,1,39,37,1.0,0.7400606743783837
train,2011-520,1,39,38,0.0,0.44898174479161296
train,2011-520,1,39,39,1.0,0.6399785779047502
train,2011-520,1,39,40,1.0,0.8951668306987753
train,2011-520,1,39,41,1.0,0.4591008376224835
train,2011-520,1,39,42,0.0,0.2658278838966274
train,2011-520,1,39,43,0.0,0.8529010604974115
train,2011-520,1,39,44,1.0,0.7794041383786372
train,2011-520,1,39,45,1.0,0.40088286378014915
train,2011-520,1,39,46,1.0,0.5216846881894341
train,2011-520,1,39,47,0.0,0.927598820201894
train,2011-520,1,39,48,1.0,0.7316801204421624
train,2011-520,1,39,49,1.0,0.5557204518678508
train,2011-520,1,39,50,1.0,0.4063611400226816
train,2011-520,1,39,51,1.0,0.8993312013542261
train,2011-520,1,39,52,1.0,0.7844325213023201
train,2011-520,1,39,53,0.0,0.24928256610868915
train,2011-520,1,39,54,1.0,0.21449919435502526
train,2011-520,1,39,55,1.0,0.4212177218843475
train,2011-520,1,39,56,1.0,0.8596770637236546
train,2011-520,1,39,57,0.0,0.3459645398594173
train,2011-520,1,39,58,0.0,0.6573146431497697
train,2011-520,1,39,59,0.0,0.5193483374219848
train,2011-520,1,39,60,0.0,0.10993957447124286
train,2011-520,1,39,61,0.0,0.3384154942471431
train,2011-520,1,39,62,0.0,0.4152150615366877
train,2011-520,1,39,63,1.0,0.9115697251567288
train,2011-520,2,40,0,1.0,0.8054982240144594
train,2011-520,2,40,1,1.0,0.5633000230660914
train,2011-520,2,40,2,1.0,0.9215298641366216
train,2011-520,2,40,3,1.0,0.7761476692095555
train,2011-520,2,40,4,0.0,0.027342462186462198
train,2011-520,2,40,5,0.0,0.2456537538803056
train,2011-520,2,40,6,1.0,0.7235623831768075
train,2011-520,2,40,7,1.0,0.7357034965668507
train,2011-520,2,40,8,1.0,0.7609810641235403
train,2011-520,2,40,9,0.0,0.3633193272346084
train,2011-520,2,40,10,0.0,0.678577670089939
train,2011-520,2,40,11,1.0,0.6204951343776683
train,2011-520,2,40,12,1.0,0.5794959141930168
train,2011-520,2,40,13,0.0,0.25069645292479675
train,2011-520,2,40,14,0.0,0.9063844389938901
train,2011-520,2,40,15,1.0,0.4954971098831276
train,2011-520,2,40,16,0.0,0.6405103066802701
train,2011-520,2,40,17,1.0,0.5424183863927611
train,2011-520,2,40,18,0.0,0.24417957217966454
train,2011-520,2,40,19,1.0,0.7179146905159741
train,2011-520,2,40,20,0.0,0.47753484657053513
train,2011-520,2,40,21,0.0,0.08215453220681856
train,2011-520,2,40,22,0.0,0.0783845288248433
train,2011-520,2,40,23,0.0,0.6674052026807389
train,2011-520,2,40,24,1.0,0.6130519700660759
train,2011-520,2,40,25,0.0,0.185093942323012
train,2011-520,2,40,26,1.0,0.7263891288663582
train,2011-520,2,40,27,0.0,0.27327578019427323
train,2011-520,2,40,28,0.0,0.13630070660616997
train,2011-520,2,40,29,0.0,0.06566102539237109
train,2011-520,2,40,30,0.0,0.7569570280156328
train,2011-520,2,40,31,1.0,0.9723812596952381
train,2011-520,3,41,0,1.0,0.9263624227466568
train,2011-520,3,41,1,1.0,0.47819465145386825
train,2011-520,3,41,2,0.0,0.13236465626095395
train,2011-520,3,41,3,0.0,0.4204442514405945
train,2011-520,3,41,4,0.0,0.5357931226782779
train,2011-520,3,41,5,0.0,0.6412824257310319
train,2011-520,3,41,6,1.0,0.590661449648781
train,2011-520,3,41,7,1.0,0.7705326779690151
train,2011-520,3,41,8,1.0,0.862837905592745
train,2011-520,3,41,9,1.0,0.7427866615940781
train,2011-520,3,41,10,1.0,0.5217418062293017
train,2011-520,3,41,11,0.0,0.40205402457403805
train,2011-520,3,41,12,0.0,0.09453629573766416
train,2011-520,3,41,13,1.0,0.8965723423023721
train,2011-520,3,41,14,1.0,0.39988905086813575
train,2011-520,3,41,15,1.0,0.9758851168250444
train,2011-520,4,42,0,1.0,0.8805082623748935
train,2011-520,4,42,1,0.0,0.6276024007677445
train,2011-520,4,42,2,0.0,0.22433016415433307
train,2011-520,4,42,3,0.0,0.7475941098818437
train,2011-520,4,42,4,1.0,0.5586862847264175
train,2011-520,4,42,5,0.0,0.18446837908129143
train,2011-520,4,42,6,1.0,0.8050795281328385
train,2011-520,4,42,7,1.0,0.9065478051909959
train,2011-520,5,43,0,0.0,0.06056967077224238
train,2011-520,5,43,1,1.0,0.8491111899331822
train,2011-520,5,43,2,1.0,0.8726480393656584
train,2011-520,5,43,3,1.0,0.8267447236820838
train,2011-520,6,44,0,1.0,0.4352455498765972
train,2011-520,6,44,1,1.0,0.808450282679066
train,2011-520,7,45,0,1.0,0.7168274595628511
train,2011-540,1,46,0,1.0,0.9323142592024671
train,2011-540,1,46,1,0.0,0.6119064345358275
train,2011-540,1,46,2,1.0,0.2988333427380201
train,2011-540,1,46,3,1.0,0.5079332052792576
train,2011-540,1,46,4,0.0,0.5007447246142741
train,2011-540,1,46,5,0.0,0.5834550768519977
train,2011-540,1,46,6,0.0,0.143758054907037
train,2011-540,1,46,7,0.0,0.4053093938632467
train,2011-540,1,46,8,1.0,0.6382841922937145
train,2011-540,1,46,9,0.0,0.2614179987060536
train,2011-540,1,46,10,1.0,0.5120554092203644
train,2011-540,1,46,11,1.0,0.7295160097827053
train,2011-540,1,46,12,0.0,0.48595094344129736
train,2011-540,1,46,13,0.0,0.08935873666527754
train,2011-540,1,46,14,1.0,0.8879422722281605
train,2011-540,1,46,15,1.0,0.7552750644928299
train,2011-540,1,46,16,0.0,0.48649852304096186
train,2011-540,1,46,17,1.0,0.6937938649792419
train,2011-540,1,46,18,0.0,0.23305001511116605
train,2011-540,1,46,19,1.0,0.5369555589407149
train,2011-540,1,46,20,1.0,0.31165756702514735
train,2011-540,1,46,21,0.0,0.28485012691286904
train,2011-540,1,46,22,1.0,0.8734624524420244
train,2011-540,1,46,23,0.0,0.5165404556359496
train,2011-540,1,46,24,1.0,0.700780782713526
train,2011-540,1,46,25,1.0,0.8426899482003956
train,2011-540,1,46,26,0.0,0.41097508115605286
train,2011-540,1,46,27,0.0,0.731377195099269
train,2011-540,1,46,28,0.0,0.5255038204951836
train,2011-540,1,46,29,1.0,0.9717671093007773
train,2011-540,1,46,30,1.0,0.6217627563581746
train,2011-540,1,46,31,1.0,0.673463858707608
train,2011-540,1,46,32,0.0,0.2184990312212543
train,2011-540,1,46,33,0.0,0.13324885842328513
train,2011-540,1,46,34,0.0,0.09080610354534333
train,2011-540,1,46,35,1.0,0.6176683405327426
train,2011-540,1,46,36,0.0,0.16862752426414765
train,2011-540,1,46,37,1.0,0.49500851423293696
train,2011-540,1,46,38,0.0,0.6363175448963803
train,2011-540,1,46,39,1.0,0.7921556797889224
train,2011-540,1,46,40,1.0,0.7751480946879785
train,2011-540,1,46,41,0.0,0.7285982326036252
train,2011-540,1,46,42,1.0,0.6630163254358579
train,2011-540,1,46,43,1.0,0.8669703387828108
train,2011-540,1,46,44,1.0,0.3036844710559259
train,2011-540,1,46,45,1.0,0.557670581648077
train,2011-540,1,46,46,0.0,0.33672295535489943
train,2011-540,1,46,47,1.0,0.8481889262309144
train,2011-540,1,46,48,0.0,0.03958835982743274
train,2011-540,1,46,49,0.0,0.4122905083422588
train,2011-540,1,46,50,0.0,0.18178350755628317
train,2011-540,1,46,51,1.0,0.6975309730272947
train,2011-540,1,46,52,1.0,0.5391154155725449
train,2011-540,1,46,53,0.0,0.3450517020052723
train,2011-540,1,46,54,0.0,0.3090319857389559
train,2011-540,1,46,55,0.0,0.27462709384229667
train,2011-540,1,46,56,0.0,0.07465116363830428
train,2011-540,1,46,57,1.0,0.5560583251115949
train,2011-540,1,46,58,0.0,0.5325006928629078
train,2011-540,1,46,59,0.0,0.5761556501034093
train,2011-540,1,46,60,1.0,0.7276545419382231
train,2011-540,1,46,61,0.0,0.5601560053804922
train,2011-540,1,46,62,0.0,0.49862379497721937
train,2011-540,1,46,63,1.0,0.32540398491124767
train,2011-540,2,47,0,1.0,0.2632564216643293
train,2011-540,2,47,1,1.0,0.6627971213128809
train,2011-540,2,47,2,0.0,0.14586475621622755
train,2011-540,2,47,3,0.0,0.3994757888468382
train,2011-540,2,47,4,0.0,0.29157757821371194
train,2011-540,2,47,5,1.0,0.7364783243748068
train,2011-540,2,47,6,0.0,0.04914201997987003
train,2011-540,2,47,7,0.0,0.17621234917022785
train,2011-540,2,47,8,0.0,0.5629478585178982
train,2011-540,2,47,9,1.0,0.5008762040417016
train,2011-540,2,47,10,0.0,0.6517955776689421
train,2011-540,2,47,11,0.0,0.11656993588746412
train,2011-540,2,47,12,0.0,0.2617530683715602
train,2011-540,2,47,13,1.0,0.7738627184060234
train,2011-540,2,47,14,1.0,0.9178090252711172
train,2011-540,2,47,15,1.0,0.4222260141689769
train,2011-540,2,47,16,0.0,0.16040290728351006
train,2011-540,2,47,17,0.0,0.8500074388167633
train,2011-540,2,47,18,1.0,0.803110016525664
train,2011-540,2,47,19,0.0,0.31486633051343
train,2011-540,2,47,20,1.0,0.8397252123906987
train,2011-540,2,47,21,0.0,0.6384107012617077
train,2011-540,2,47,22,1.0,0.2255333373058137
train,2011-540,2,47,23,0.0,0.27123938553956756
train,2011-540,2,47,24,0.0,0.2865334361338083
train,2011-540,2,47,25,0.0,0.23676598653842637
train,2011-540,2,47,26,0.0,0.7690797312912371
train,2011-540,2,47,27,0.0,0.450838155869405
train,2011-540,2,47,28,1.0,0.6627125879320049
train,2011-540,2,47,29,0.0,0.0650476950397881
train,2011-540,2,47,30,1.0,0.9735742134466289
train,2011-540,2,47,31,0.0,0.1760131644336968
train,2011-540,3,48,0,1.0,0.6012640461908494
train,2011-540,3,48,1,1.0,0.6201384982256719
train,2011-540,3,48,2,0.0,0.08783366173968532
train,2011-540,3,48,3,1.0,0.32538673336266266
train,2011-540,3,48,4,0.0,0.8777017566797076
train,2011-540,3,48,5,1.0,0.8868224660101484
train,2011-540,3,48,6,0.0,0.5683721535775751
train,2011-540,3,48,7,1.0,0.7470514861430627
train,2011-540,3,48,8,0.0,0.0987784928675697
train,2011-540,3,48,9,1.0,0.2500932634909253
train,2011-540,3,48,10,1.0,0.2451407407800271
train,2011-540,3,48,11,0.0,0.22868616971023392
train,2011-540,3,48,12,1.0,0.7516228288662606
train,2011-540,3,48,13,0.0,0.12028194176456156
train,2011-540,3,48,14,0.0,0.27755632485277004
train,2011-540,3,48,15,0.0,0.021767080441751265
train,2011-540,4,49,0,1.0,0.8956951215776793
train,2011-540,4,49,1,0.0,0.6199891559514425
train,2011-540,4,49,2,0.0,0.11262519655382296
train,2011-540,4,49,3,0.0,0.6585307182783269
train,2011-540,4,49,4,1.0,0.6394268918861589
train,2011-540,4,49,5,1.0,0.7478143156950797
train,2011-540,4,49,6,0.0,0.74281083021213
train,2011-540,4,49,7,0.0,0.10117889383249647
train,2011-540,5,50,0,1.0,0.9342983195905219
train,2011-540,5,50,1,1.0,0.19344430358945056
train,2011-540,5,50,2,0.0,0.17078579099737315
train,2011-540,5,50,3,0.0,0.08715449594042471
train,2011-540,6,51,0,1.0,0.819692935225262
train,2011-540,6,51,1,0.0,0.21121159021677693
train,2011-540,7,52,0,0.0,0.6698608891483012
train,2011-560,1,65,0,0.0,0.02870830787039115
train,2011-560,1,65,1,0.0,0.12684156182586592
train,2011-560,1,65,2,1.0,0.7936841428810781
train,2011-560,1,65,3,1.0,0.6079943704325935
train,2011-560,1,65,4,1.0,0.3825534556840149
train,2011-560,1,65,5,1.0,0.7918860343007179
train,2011-560,1,65,6,1.0,0.28216390651306217
train,2011-560,1,65,7,1.0,0.6822261843130608
train,2011-560,1,65,8,0.0,0.3808928786236803
train,2011-560,1,65,9,0.0,0.649376094812875
train,2011-560,1,65,10,0.0,0.2934171227338881
train,2011-560,1,65,11,1.0,0.7234774038423573
train,2011-560,1,65,12,0.0,0.6988926632998551
train,2011-560,1,65,13,0.0,0.06200275920767995
train,2011-560,1,65,14,0.0,0.1623911853349779
train,2011-560,1,65,15,1.0,0.5770139362450855
train,2011-560,1,65,16,0.0,0.3152210847126556
train,2011-560,1,65,17,1.0,0.8502250616097472
train,2011-560,1,65,18,0.0,0.16699434939902072
train,2011-560,1,65,19,1.0,0.6497464438352409
train,2011-560,1,65,20,1.0,0.9495071236202483
train,2011-560,1,65,21,0.0,0.2903463327661681
train,2011-560,1,65,22,1.0,0.6539954948200775
train,2011-560,1,65,23,1.0,0.5663651960736334
train,2011-560,1,65,24,1.0,0.36612302244879197
train,2011-560,1,65,25,1.0,0.6387571096221512
train,2011-560,1,65,26,0.0,0.4000623330020703
train,2011-560,1,65,27,0.0,0.5276157590508114
train,2011-560,1,65,28,0.0,0.5008435543956401
train,2011-560,1,65,29,1.0,0.9837724133329506
train,2011-560,1,65,30,1.0,0.38210422078433154
train,2011-560,1,65,31,1.0,0.8098899818394151
train,2011-560,1,65,32,1.0,0.27655706340885217
train,2011-560,1,65,33,1.0,0.8652043921371589
train,2011-560,1,65,34,1.0,0.23742445606716134
train,2011-560,1,65,35,0.0,0.18988166247378513
train,2011-560,1,65,36,0.0,0.09298506611181512
train,2011-560,1,65,37,1.0,0.7297074305159816
train,2011-560,1,65,38,1.0,0.5565531480334375
train,2011-560,1,65,39,0.0,0.536420866754725
train,2011-560,1,65,40,1.0,0.3008793355817815
train,2011-560,1,65,41,0.0,0.438914620017357
train,2011-560,1,65,42,0.0,0.16014041824192513
train,2011-560,1,65,43,0.0,0.3505733112297411
train,2011-560,1,65,44,0.0,0.7564094418637319
train,2011-560,1,65,45,0.0,0.1520366901024311
train,2011-560,1,65,46,1.0,0.8646198316168892
train,2011-560,1,65,47,1.0,0.9127423818059115
train,2011-560,1,65,48,0.0,0.591507517551288
train,2011-560,1,65,49,0.0,0.5713477981046806
train,2011-560,1,65,50,1.0,0.7640843583019137
train,2011-560,1,65,51,1.0,0.6797965654436893
train,2011-560,1,65,52,0.0,0.46776328884781965
train,2011-560,1,65,53,0.0,0.16631412604177517
train,2011-560,1,65,54,0.0,0.33639893786088176
train,2011-560,1,65,55,0.0,0.33216356181490225
train,2011-560,1,65,56,0.0,0.23403579315098916
train,2011-560,1,65,57,0.0,0.10649869833668267
train,2011-560,1,65,58,0.0,0.49070680550397333
train,2011-560,1,65,59,0.0,0.4433876776265687
train,2011-560,1,65,60,0.0,0.3180187879063005
train,2011-560,1,65,61,0.0,0.17628702437175037
train,2011-560,1,65,62,0.0,0.4905239285686616
train,2011-560,1,65,63,0.0,0.5271333191187837
train,2011-560,2,66,0,1.0,0.9139077860512191
train,2011-560,2,66,1,0.0,0.46279941814385567
train,2011-560,2,66,2,1.0,0.1343844895700021
train,2011-560,2,66,3,1.0,0.5827588681050346
train,2011-560,2,66,4,0.0,0.25829091354844325
train,2011-560,2,66,5,1.0,0.5933270195413578
train,2011-560,2,66,6,1.0,0.8338308118098724
train,2011-560,2,66,7,0.0,0.30599454621119887
train,2011-560,2,66,8,0.0,0.10707180180047066
train,2011-560,2,66,9,0.0,0.723702196482424
train,2011-560,2,66,10,1.0,0.6852325629616581
train,2011-560,2,66,11,0.0,0.10128910557671786
train,2011-560,2,66,12,0.0,0.23171203013241193
train,2011-560,2,66,13,0.0,0.4925736451760199
train,2011-560,2,66,14,1.0,0.4634124985273484
train,2011-560,2,66,15,0.0,0.18394958833273337
train,2011-560,2,66,16,1.0,0.9280218365278857
train,2011-560,2,66,17,0.0,0.6225708229549356
train,2011-560,2,66,18,0.0,0.37277234151993566
train,2011-560,2,66,19,0.0,0.34811042832827693
train,2011-560,2,66,20,1.0,0.9417196291480903
train,2011-560,2,66,21,0.0,0.7010870683941731
train,2011-560,2,66,22,0.0,0.4087043780065827
train,2011-560,2,66,23,0.0,0.8130260589629471
train,2011-560,2,66,24,0.0,0.13841833336512577
train,2011-560,2,66,25,0.0,0.7329049944397342
train,2011-560,2,66,26,0.0,0.24573228550532505
train,2011-560,2,66,27,0.0,0.33991988975807624
train,2011-560,2,66,28,0.0,0.07775534909755089
train,2011-560,2,66,29,0.0,0.5826136914231417
train,2011-560,2,66,30,1.0,0.9615125370760171
train,2011-560,2,66,31,1.0,0.9712098369894226
train,2011-560,3,67,0,0.0,0.6372225369110399
train,2011-560,3,67,1,0.0,0.06439607424934529
train,2011-560,3,67,2,1.0,0.9245949939435801
train,2011-560,3,67,3,0.0,0.45456228413710725
train,2011-560,3,67,4,1.0,0.7671727713561571
train,2011-560,3,67,5,1.0,0.8416758400316406
train,2011-560,3,67,6,1.0,0.836227641584773
train,2011-560,3,67,7,1.0,0.3580584580614881
train,2011-560,3,67,8,0.0,0.4916694874519559
train,2011-560,3,67,9,0.0,0.26318035344265917
train,2011-560,3,67,10,1.0,0.5780882061202651
train,2011-560,3,67,11,1.0,0.7283239161389653
train,2011-560,3,67,12,1.0,0.8667094466584538
train,2011-560,3,67,13,0.0,0.3623807404554031
train,2011-560,3,67,14,1.0,0.1682087995550206
train,2011-560,3,67,15,0.0,0.46666585805910143
train,2011-560,4,68,0,1.0,0.35120376892658606
train,2011-560,4,68,1,1.0,0.9217191814683269
train,2011-560,4,68,2,0.0,0.5303528031016088
train,2011-560,4,68,3,1.0,0.5185871258918424
train,2011-560,4,68,4,0.0,0.11906485124044601
train,2011-560,4,68,5,1.0,0.5023565720260272
train,2011-560,4,68,6,0.0,0.0718497374293261
train,2011-560,4,68,7,0.0,0.04011506028075762
train,2011-560,5,69,0,0.0,0.1341144972970429
train,2011-560,5,69,1,0.0,0.16833751237514064
train,2011-560,5,69,2,0.0,0.23593053730744615
train,2011-560,5,69,3,0.0,0.07573801388250438
train,2011-560,6,70,0,0.0,0.22075933980798979
train,2011-560,6,70,1,0.0,0.3654808006739211
train,2011-560,7,71,0,1.0,0.40138994320909305
train,2011-580,1,0,0,1.0,0.9663771569649022
train,2011-580,1,0,1,1.0,0.6285606119352645
train,2011-580,1,0,2,1.0,0.7997145306074417
train,2011-580,1,0,3,0.0,0.14682985138782959
train,2011-580,1,0,4,0.0,0.5299313190450813
train,2011-580,1,0,5,1.0,0.9263483417204037
train,2011-580,1,0,6,1.0,0.8030962355470427
train,2011-580,1,0,7,0.0,0.43887643159848605
train,2011-580,1,0,8,1.0,0.756508798372387
train,2011-580,1,0,9,0.0,0.6545897056417781
train,2011-580,1,0,10,1.0,0.7670948012867966
train,2011-580,1,0,11,0.0,0.6379114435327424
train,2011-580,1,0,12,0.0,0.4346303902074744
train,2011-580,1,0,13,1.0,0.9234650072560908
train,2011-580,1,0,14,1.0,0.8672807173353111
train,2011-580,1,0,15,0.0,0.3215367670391592
train,2011-580,1,0,16,1.0,0.750643288787014
train,2011-580,1,0,17,0.0,0.3810061904303055
train,2011-580,1,0,18,1.0,0.6326857613671368
train,2011-580,1,0,19,1.0,0.4955675248506526
train,2011-580,1,0,20,0.0,0.6533491166092394
train,2011-580,1,0,21,0.0,0.3867523735587147
train,2011-580,1,0,22,1.0,0.8064618876609037
train,2011-580,1,0,23,1.0,0.73625120327692
train,2011-580,1,0,24,0.0,0.18020876837591887
train,2011-580,1,0,25,0.0,0.3926977852333465
train,2011-580,1,0,26,0.0,0.35863277793982223
train,2011-580,1,0,27,0.0,0.732607371872115
train,2011-580,1,0,28,1.0,0.3885092514846325
train,2011-580,1,0,29,1.0,0.98237940948118
train,2011-580,1,0,30,0.0,0.47000679216738883
train,2011-580,1,0,31,0.0,0.5101072003854253
train,2011-580,1,0,32,1.0,0.7489906256779137
train,2011-580,1,0,33,0.0,0.03788793407753639
train,2011-580,1,0,34,0.0,0.3409825227531156
train,2011-580,1,0,35,1.0,0.7641464413428689
train,2011-580,1,0,36,0.0,0.6767615231162384
train,2011-580,1,0,37,1.0,0.6462351379524707
train,2011-580,1,0,38,0.0,0.19518399997225597
train,2011-580,1,0,39,0.0,0.25603775326849404
train,2011-580,1,0,40,1.0,0.4257114289642101
train,2011-580,1,0,41,1.0,0.3225466462966168
train,2011-580,1,0,42,0.0,0.1529815904870968
train,2011-580,1,0,43,1.0,0.7619518521060132
train,2011-580,1,0,44,1.0,0.6480872977023142
train,2011-580,1,0,45,0.0,0.43093702399496375
train,2011-580,1,0,46,0.0,0.08492263028445042
train,2011-580,1,0,47,0.0,0.054208330501609676
train,2011-580,1,0,48,1.0,0.6273273276853847
train,2011-580,1,0,49,1.0,0.5201254284241466
train,2011-580,1,0,50,0.0,0.055828440290584994
train,2011-580,1,0,51,0.0,0.665725364066786
train,2011-580,1,0,52,1.0,0.7872973590892272
train,2011-580,1,0,53,1.0,0.41518600494994784
train,2011-580,1,0,54,1.0,0.18554171201431652
train,2011-580,1,0,55,0.0,0.5969651279039536
train,2011-580,1,0,56,0.0,0.25895637314446074
train,2011-580,1,0,57,1.0,0.8370135274107987
train,2011-580,1,0,58,1.0,0.8265485142979025
train,2011-580,1,0,59,0.0,0.3719507383073768
train,2011-580,1,0,60,1.0,0.6346000379437635
train,2011-580,1,0,61,0.0,0.19256564006091373
train,2011-580,1,0,62,0.0,0.353266093938927
train,2011-580,1,0,63,0.0,0.4265049584196129
train,2011-580,2,1,0,1.0,0.8179628677469579
train,2011-580,2,1,1,1.0,0.6418957927824783
train,2011-580,2,1,2,1.0,0.42003316624283726
train,2011-580,2,1,3,0.0,0.25617681121343594
train,2011-580,2,1,4,1.0,0.8034859391174599
train,2011-580,2,1,5,0.0,0.5175078304817916
train,2011-580,2,1,6,1.0,0.8958159577401816
train,2011-580,2,1,7,1.0,0.22600223341448542
train,2011-580,2,1,8,0.0,0.09483717996951457
train,2011-580,2,1,9,0.0,0.13507461926471534
train,2011-580,2,1,10,0.0,0.28847900845537267
train,2011-580,2,1,11,0.0,0.4244518851330141
train,2011-580,2,1,12,1.0,0.9488442036486565
train,2011-580,2,1,13,1.0,0.7630182324995547
train,2011-580,2,1,14,1.0,0.7053519239935361
train,2011-580,2,1,15,1.0,0.6985945464685844
train,2011-580,2,1,16,0.0,0.7545407394878094
train,2011-580,2,1,17,0.0,0.1624758161603763
train,2011-580,2,1,18,0.0,0.18075566456126071
train,2011-580,2,1,19,0.0,0.49197307124260803
train,2011-580,2,1,20,1.0,0.26813729027824046
train,2011-580,2,1,21,0.0,0.12829244686927954
train,2011-580,2,1,22,1.0,0.18343411892569256
train,2011-580,2,1,23,1.0,0.27531176002277796
train,2011-580,2,1,24,1.0,0.7924654690509106
train,2011-580,2,1,25,0.0,0.6536343229034384
train,2011-580,2,1,26,0.0,0.4952391647032379
train,2011-580,2,1,27,1.0,0.2838385724286514
train,2011-580,2,1,28,1.0,0.9409393808647654
train,2011-580,2,1,29,1.0,0.9269750809548202
train,2011-580,2,1,30,1.0,0.9750241716788776
train,2011-580,2,1,31,1.0,0.9300260814145527
train,2011-580,3,2,0,1.0,0.9110074794459139
train,2011-580,3,2,1,1.0,0.5449725765657384
train,2011-580,3,2,2,0.0,0.04820181122093256
train,2011-580,3,2,3,0.0,0.3009509935562174
train,2011-580,3,2,4,0.0,0.4717139502574555
train,2011-580,3,2,5,1.0,0.8953286163409953
train,2011-580,3,2,6,0.0,0.4923192219945911
train,2011-580,3,2,7,1.0,0.8440130593989396
train,2011-580,3,2,8,0.0,0.17502506362186196
train,2011-580,3,2,9,1.0,0.875264389324229
train,2011-580,3,2,10,0.0,0.3515256702817845
train,2011-580,3,2,11,1.0,0.17916355605806059
train,2011-580,3,2,12,1.0,0.9246265700886516
train,2011-580,3,2,13,0.0,0.12263178433655599
train,2011-580,3,2,14,1.0,0.2282659558836129
train,2011-580,3,2,15,1.0,0.9682587910247775
train,2011-580,4,3,0,0.0,0.10159815245117675
train,2011-580,4,3,1,0.0,0.6159680321410134
train,2011-580,4,3,2,0.0,0.17721292467014352
train,2011-580,4,3,3,0.0,0.38203193269828967
train,2011-580,4,3,4,0.0,0.1946716776007297
train,2011-580,4,3,5,1.0,0.12354624817247312
train,2011-580,4,3,6,1.0,0.8804804886677728
train,2011-580,4,3,7,1.0,0.917884225621447
train,2011-580,5,4,0,1.0,0.8362378832551541
train,2011-580,5,4,1,0.0,0.31091633878665254
train,2011-580,5,4,2,0.0,0.10187633055938417
train,2011-580,5,4,3,1.0,0.16779721369682307
train,2011-580,6,5,0,1.0,0.3577305828411718
train,2011-580,6,5,1,1.0,0.6980852718298182
train,2011-580,7,6,0,1.0,0.5217077772667713
train,2012-1536,2,111,0,1.0,0.6313725717827775
train,2012-1536,2,111,1,0.0,0.5098958764459762
train,2012-1536,2,111,2,0.0,0.1652887741738785
train,2012-1536,2,111,3,0.0,0.5096995817603842
train,2012-1536,2,111,4,1.0,0.7651033412776803
train,2012-1536,2,111,5,1.0,0.5289503765575112
train,2012-1536,2,111,6,1.0,0.27658982046081837
train,2012-1536,2,111,7,0.0,0.24831879986122188
train,2012-1536,2,111,8,1.0,0.686232400444144
train,2012-1536,2,111,9,1.0,0.6975684860030039
train,2012-1536,2,111,10,0.0,0.48070995133102834
train,2012-1536,2,111,11,0.0,0.542391152243255
train,2012-1536,2,111,12,0.0,0.5309159944246111
train,2012-1536,2,111,13,1.0,0.7691525502789238
train,2012-1536,2,111,14,1.0,0.6539182887405213
train,2012-1536,2,111,15,1.0,0.5232307866539245
train,2012-1536,2,111,16,0.0,0.5350583985655678
train,2012-1536,2,111,17,0.0,0.262463485229316
train,2012-1536,2,111,18,1.0,0.49209089847718956
train,2012-1536,2,111,19,1.0,0.4144162786105025
train,2012-1536,2,111,20,0.0,0.5569327741086832
train,2012-1536,2,111,21,0.0,0.2872182624726001
train,2012-1536,2,111,22,0.0,0.28998907525082396
train,2012-1536,2,111,23,0.0,0.43683242878995565
train,2012-1536,3,112,0,0.0,0.04762468954985403
train,2012-1536,3,112,1,1.0,0.6891587381384336
train,2012-1536,3,112,2,0.0,0.28723104155389984
train,2012-1536,3,112,3,0.0,0.1996695661862553
train,2012-1536,3,112,4,1.0,0.798275411835126
train,2012-1536,3,112,5,1.0,0.5184059449964288
train,2012-1536,3,112,6,1.0,0.8010901328518258
train,2012-1536,3,112,7,0.0,0.1679663142067246
train,2012-1536,3,112,8,0.0,0.2745659201065438
train,2012-1536,3,112,9,0.0,0.29656529106505736
train,2012-1536,3,112,10,1.0,0.6417339965963278
train,2012-1536,3,112,11,1.0,0.9261179896810394
train,2012-1536,3,112,12,0.0,0.25840907876409125
train,2012-1536,3,112,13,0.0,0.19632463341411957
train,2012-1536,3,112,14,0.0,0.032404103873265
train,2012-1536,3,112,15,1.0,0.716563997605156
train,2012-1536,4,113,0,1.0,0.8667498370611336
train,2012-1536,4,113,1,1.0,0.37939651370322375
train,2012-1536,4,113,2,1.0,0.7216469994873386
train,2012-1536,4,113,3,0.0,0.3286467565143128
train,2012-1536,4,113,4,1.0,0.3629564101088466
train,2012-1536,4,113,5,1.0,0.7370636657712132
train,2012-1536,4,113,6,0.0,0.920858474712199
train,2012-1536,4,113,7,1.0,0.8239329251558021
train,2012-1536,5,114,0,0.0,0.35174111435202415
train,2012-1536,5,114,1,1.0,0.09787279349513811
train,2012-1536,5,114,2,1.0,0.7442963358859486
train,2012-1536,5,114,3,0.0,0.2614935316788054
train,2012-1536,6,115,0,1.0,0.8394280126483271
train,2012-1536,6,115,1,0.0,0.38220215942965985
train,2012-1536,7,116,0,1.0,0.7219172610673379
train,2012-352,2,162,0,0.0,0.3178728932883339
train,2012-352,2,162,1,1.0,0.4514804988798199
train,2012-352,2,162,2,0.0,0.47622120170783727
train,2012-352,2,162,3,0.0,0.401392221491417
train,2012-352,2,162,4,1.0,0.6368519562965422
train,2012-352,2,162,5,1.0,0.22497127006206555
train,2012-352,2,162,6,0.0,0.5062137507456526
train,2012-352,2,162,7,0.0,0.7903511377432485
train,2012-352,2,162,8,1.0,0.33969161071104714
train,2012-352,2,162,9,0.0,0.5502077415690063
train,2012-352,2,162,10,0.0,0.5060894558068982
train,2012-352,2,162,11,1.0,0.356463848489624
train,2012-352,2,162,12,0.0,0.4898377596204304
train,2012-352,2,162,13,0.0,0.5212893745056985
train,2012-352,2,162,14,0.0,0.40137132430289546
train,2012-352,2,162,15,0.0,0.6051803870925481
train,2012-352,3,163,0,0.0,0.43149364900014564
train,2012-352,3,163,1,0.0,0.6765214389585434
train,2012-352,3,163,2,0.0,0.18004238355837476
train,2012-352,3,163,3,0.0,0.2006903200747641
train,2012-352,3,163,4,0.0,0.251085940483909
train,2012-352,3,163,5,1.0,0.8184737108344203
train,2012-352,3,163,6,1.0,0.7477282267506477
train,2012-352,3,163,7,0.0,0.15497258979661122
train,2012-352,3,163,8,1.0,0.05825663583228874
train,2012-352,3,163,9,0.0,0.7934294679534595
train,2012-352,3,163,10,0.0,0.38468516014841003
train,2012-352,3,163,11,0.0,0.10253946226780478
train,2012-352,3,163,12,0.0,0.1814832085498362
train,2012-352,3,163,13,0.0,0.3075650616666125
train,2012-352,3,163,14,1.0,0.8240719689397609
train,2012-352,3,163,15,0.0,0.7247750284161626
train,2012-352,4,164,0,0.0,0.19978837894174706
train,2012-352,4,164,1,1.0,0.6325410060257699
train,2012-352,4,164,2,0.0,0.9094768493865514
train,2012-352,4,164,3,1.0,0.6605247301903003
train,2012-352,4,164,4,0.0,0.4126800210483452
train,2012-352,4,164,5,1.0,0.21115848941879176
train,2012-352,4,164,6,1.0,0.4902060444711876
train,2012-352,4,164,7,0.0,0.3714961011131504
train,2012-352,5,165,0,1.0,0.4400931303447997
train,2012-352,5,165,1,1.0,0.3385759225174893
train,2012-352,5,165,2,0.0,0.8035550152486557
train,2012-352,5,165,3,1.0,0.553023119615604
train,2012-352,6,166,0,1.0,0.2108805680712253
train,2012-352,6,166,1,0.0,0.1766296644964526
train,2012-352,7,167,0,0.0,0.15576814005057985
train,2012-403,1,98,0,0.0,0.8032483311891995
train,2012-403,1,98,1,1.0,0.6587764046798864
train,2012-403,1,98,2,0.0,0.48972162946889514
train,2012-403,1,98,3,1.0,0.49702728721698247
train,2012-403,1,98,4,0.0,0.4391954665352479
train,2012-403,1,98,5,1.0,0.3698133520073896
train,2012-403,1,98,6,0.0,0.4771918998127063
train,2012-403,1,98,7,0.0,0.6293469833688651
train,2012-403,1,98,8,0.0,0.7270876025503151
train,2012-403,1,98,9,0.0,0.6437583110880377
train,2012-403,1,98,10,0.0,0.6256102240221849
train,2012-403,1,98,11,0.0,0.3856947747445497
train,2012-403,1,98,12,0.0,0.5041091481125777
train,2012-403,1,98,13,0.0,0.5141665609463415
train,2012-403,1,98,14,0.0,0.4210317880817927
train,2012-403,1,98,15,0.0,0.46311410722994634
train,2012-403,1,98,16,1.0,0.5831372819717564
train,2012-403,1,98,17,1.0,0.43406645581935
train,2012-403,1,98,18,0.0,0.2110803315867557
train,2012-403,1,98,19,1.0,0.6310377613530169
train,2012-403,1,98,20,1.0,0.5742019977301341
train,2012-403,1,98,21,0.0,0.5196845275979319
train,2012-403,1,98,22,1.0,0.5260117287221311
train,2012-403,1,98,23,1.0,0.6977975326123049
train,2012-403,1,98,24,0.0,0.49341301898403683
train,2012-403,1,98,25,0.0,0.4858179300724999
train,2012-403,1,98,26,0.0,0.35974036383089947
train,2012-403,1,98,27,0.0,0.7537047183287601
train,2012-403,1,98,28,1.0,0.44847237343467045
train,2012-403,1,98,29,1.0,0.5581442279386597
train,2012-403,1,98,30,0.0,0.45824409504390734
train,2012-403,1,98,31,1.0,0.44248549919672536
train,2012-403,2,99,0,1.0,0.9501208325843585
train,2012-403,2,99,1,1.0,0.5289238794252018
train,2012-403,2,99,2,1.0,0.4059635481282574
train,2012-403,2,99,3,1.0,0.4392418900533216
train,2012-403,2,99,4,1.0,0.6733781058694646
train,2012-403,2,99,5,0.0,0.35674460536328045
train,2012-403,2,99,6,0.0,0.4937904043872865
train,2012-403,2,99,7,0.0,0.2370694080967876
train,2012-403,2,99,8,0.0,0.0881462279990486
train,2012-403,2,99,9,1.0,0.6032979772665562
train,2012-403,2,99,10,1.0,0.639656810462927
train,2012-403,2,99,11,0.0,0.15656210334682963
train,2012-403,2,99,12,0.0,0.2510043673241926
train,2012-403,2,99,13,0.0,0.3860361864375162
train,2012-403,2,99,14,0.0,0.1394226218970993
train,2012-403,2,99,15,0.0,0.1444835402464284
train,2012-403,2,99,16,1.0,0.6199166859142379
train,2012-403,2,99,17,1.0,0.7749082003491904
train,2012-403,2,99,18,0.0,0.4366562889584263
train,2012-403,2,99,19,1.0,0.8485639198176704
train,2012-403,2,99,20,0.0,0.19240009325459598
train,2012-403,2,99,21,0.0,0.37253447929048816
train,2012-403,2,99,22,0.0,0.30120715329792774
train,2012-403,2,99,23,0.0,0.05717516943367349
train,2012-403,2,99,24,0.0,0.4104192350516591
train,2012-403,2,99,25,1.0,0.6985836813011322
train,2012-403,2,99,26,1.0,0.7679465351361061
train,2012-403,2,99,27,0.0,0.6684748592800573
train,2012-403,2,99,28,0.0,0.18638865653047773
train,2012-403,2,99,29,0.0,0.13199575266622132
train,2012-403,2,99,30,0.0,0.48659018924076264
train,2012-403,2,99,31,1.0,0.9532466011376065
train,2012-403,3,100,0,1.0,0.41116047614541446
train,2012-403,3,100,1,0.0,0.897651001683897
train,2012-403,3,100,2,0.0,0.16052530974116241
train,2012-403,3,100,3,1.0,0.7027768629631603
train,2012-403,3,100,4,0.0,0.23174945371103542
train,2012-403,3,100,5,1.0,0.9378286244479817
train,2012-403,3,100,6,1.0,0.5043975281279792
train,2012-403,3,100,7,1.0,0.6741890833105908
train,2012-403,3,100,8,1.0,0.553217013377394
train,2012-403,3,100,9,1.0,0.944039652074453
train,2012-403,3,100,10,0.0,0.3597140473588837
train,2012-403,3,100,11,1.0,0.38976295079902584
train,2012-403,3,100,12,0.0,0.2380706413764578
train,2012-403,3,100,13,1.0,0.8938982352291455
train,2012-403,3,100,14,0.0,0.40738739498766213
train,2012-403,3,100,15,0.0,0.878505903042193
train,2012-403,4,101,0,1.0,0.6188180016741789
train,2012-403,4,101,1,1.0,0.943329413040183
train,2012-403,4,101,2,0.0,0.2970559370036216
train,2012-403,4,101,3,0.0,0.2048075010206841
train,2012-403,4,101,4,1.0,0.7420359017654851
train,2012-403,4,101,5,0.0,0.5734418357710359
train,2012-403,4,101,6,0.0,0.395336056010021
train,2012-403,4,101,7,1.0,0.8865291709937837
train,2012-403,5,102,0,1.0,0.8407791055468943
train,2012-403,5,102,1,1.0,0.7944585582179134
train,2012-403,5,102,2,0.0,0.6609881035826639
train,2012-403,5,102,3,1.0,0.8235901373005321
train,2012-403,6,103,0,1.0,0.28706262834615714
train,2012-403,6,103,1,0.0,0.07046268542949287
train,2012-403,7,104,0,1.0,0.7517850472122607
train,2012-404,1,91,0,0.0,0.2675842395233467
train,2012-404,1,91,1,0.0,0.29733950264856496
train,2012-404,1,91,2,0.0,0.3556487077435017
train,2012-404,1,91,3,0.0,0.34780893679169944
train,2012-404,1,91,4,1.0,0.4517737449476061
train,2012-404,1,91,5,1.0,0.48289064203571347
train,2012-404,1,91,6,1.0,0.5262091241870677
train,2012-404,1,91,7,1.0,0.5514389039670017
train,2012-404,1,91,8,1.0,0.562358245601139
train,2012-404,1,91,9,0.0,0.26747455026390443
train,2012-404,1,91,10,0.0,0.2850597757386422
train,2012-404,1,91,11,0.0,0.4188837613896434
train,2012-404,1,91,12,1.0,0.5739257437729042
train,2012-404,1,91,13,0.0,0.5466180256081474
train,2012-404,1,91,14,0.0,0.5696031037982638
train,2012-404,1,91,15,0.0,0.3543074677189267
train,2012-404,1,91,16,0.0,0.3158926332819892
train,2012-404,1,91,17,1.0,0.6422597740613156
train,2012-404,1,91,18,0.0,0.5235155867888627
train,2012-404,1,91,19,1.0,0.7398435826374786
train,2012-404,1,91,20,1.0,0.4791127959725992
train,2012-404,1,91,21,0.0,0.4274226505168691
train,2012-404,1,91,22,1.0,0.5685296033783159
train,2012-404,1,91,23,1.0,0.6140973486974327
train,2012-404,1,91,24,1.0,0.3107508643691134
train,2012-404,1,91,25,1.0,0.6124707083993347
train,2012-404,1,91,26,1.0,0.3829804425659869
train,2012-404,1,91,27,0.0,0.46861510255173244
train,2012-404,1,91,28,1.0,0.7809035755775029
train,2012-404,1,91,29,0.0,0.5133421267993
train,2012-404,1,91,30,1.0,0.40409840462949204
train,2012-404,1,91,31,0.0,0.5839543471760642
train,2012-404,2,92,0,1.0,0.7234063494005951
train,2012-404,2,92,1,0.0,0.05405275824917572
train,2012-404,2,92,2,1.0,0.4884905367121962
train,2012-404,2,92,3,1.0,0.35969691882852634
train,2012-404,2,92,4,1.0,0.6685108117856541
train,2012-404,2,92,5,1.0,0.3954264043114995
train,2012-404,2,92,6,0.0,0.5346787327615663
train,2012-404,2,92,7,0.0,0.29461387831214003
train,2012-404,2,92,8,0.0,0.043766854699774684
train,2012-404,2,92,9,1.0,0.5314397621655004
train,2012-404,2,92,10,1.0,0.4412252425383747
train,2012-404,2,92,11,1.0,0.7057357616574396
train,2012-404,2,92,12,1.0,0.8543952269170202
train,2012-404,2,92,13,0.0,0.2877663026285151
train,2012-404,2,92,14,0.0,0.5811399126494414
train,2012-404,2,92,15,1.0,0.8693287826285867
train,2012-404,2,92,16,0.0,0.5586499308604612
train,2012-404,2,92,17,1.0,0.7610363352745422
train,2012-404,2,92,18,1.0,0.6302067920641484
train,2012-404,2,92,19,1.0,0.6300809603885934
train,2012-404,2,92,20,0.0,0.2514296844824587
train,2012-404,2,92,21,1.0,0.830405901201676
train,2012-404,2,92,22,1.0,0.342033618447107
train,2012-404,2,92,23,0.0,0.8656612415548951
train,2012-404,2,92,24,0.0,0.3415635317734029
train,2012-404,2,92,25,1.0,0.463681167719975
train,2012-404,2,92,26,0.0,0.40090752915167954
train,2012-404,2,92,27,1.0,0.8088580344033062
train,2012-404,2,92,28,0.0,0.6923614390701978
train,2012-404,2,92,29,0.0,0.8208965154425543
train,2012-404,2,92,30,0.0,0.04729870860743175
train,2012-404,2,92,31,0.0,0.4408972829519091
train,2012-404,3,93,0,1.0,0.4294802082342467
train,2012-404,3,93,1,1.0,0.423660732647206
train,2012-404,3,93,2,1.0,0.7555594324688203
train,2012-404,3,93,3,1.0,0.6284072870113914
train,2012-404,3,93,4,1.0,0.48110796785543253
train,2012-404,3,93,5,1.0,0.911202615051571
train,2012-404,3,93,6,1.0,0.5477485925634271
train,2012-404,3,93,7,0.0,0.7693352975450131
train,2012-404,3,93,8,0.0,0.324271818718973
train,2012-404,3,93,9,1.0,0.9290637163033578
train,2012-404,3,93,10,1.0,0.6406869484229366
train,2012-404,3,93,11,0.0,0.6806736490305934
train,2012-404,3,93,12,1.0,0.7524340079425093
train,2012-404,3,93,13,1.0,0.909982169889694
train,2012-404,3,93,14,0.0,0.4795803008268344
train,2012-404,3,93,15,1.0,0.12832586472390528
train,2012-404,4,94,0,0.0,0.13324199272993884
train,2012-404,4,94,1,1.0,0.2574054680988346
train,2012-404,4,94,2,0.0,0.10323478711761079
train,2012-404,4,94,3,0.0,0.18355615921818288
train,2012-404,4,94,4,0.0,0.3293374320110424
train,2012-404,4,94,5,1.0,0.687038963081362
train,2012-404,4,94,6,0.0,0.7623693441441621
train,2012-404,4,94,7,1.0,0.9458314488176675
train,2012-404,5,95,0,1.0,0.9090202383848995
train,2012-404,5,95,1,1.0,0.7671940076682985
train,2012-404,5,95,2,1.0,0.4989417235200577
train,2012-404,5,95,3,0.0,0.10381189965407121
train,2012-404,6,96,0,0.0,0.5441007285324982
train,2012-404,6,96,1,1.0,0.1240385271850287
train,2012-404,7,97,0,0.0,0.1668367072312994
train,2012-410,2,105,0,1.0,0.5124351884786837
train,2012-410,2,105,1,0.0,0.44387001368401285
train,2012-410,2,105,2,0.0,0.3781120137995869
train,2012-410,2,105,3,0.0,0.5318512657804595
train,2012-410,2,105,4,1.0,0.4851396977604973
train,2012-410,2,105,5,0.0,0.2057846431128345
train,2012-410,2,105,6,0.0,0.4603017154579558
train,2012-410,2,105,7,1.0,0.6008258977797754
train,2012-410,2,105,8,0.0,0.4457839171604945
train,2012-410,2,105,9,0.0,0.5492095124987249
train,2012-410,2,105,10,0.0,0.25494434946614225
train,2012-410,2,105,11,1.0,0.33363184503049415
train,2012-410,2,105,12,1.0,0.5286622265591421
train,2012-410,2,105,13,1.0,0.4980077718945502
train,2012-410,2,105,14,0.0,0.600157562894969
train,2012-410,2,105,15,1.0,0.30383364483180264
train,2012-410,2,105,16,0.0,0.3625029728988208
train,2012-410,2,105,17,1.0,0.6446191885759563
train,2012-410,2,105,18,1.0,0.5025254030673234
train,2012-410,2,105,19,0.0,0.3119202791207182
train,2012-410,2,105,20,1.0,0.27525746485774144
train,2012-410,2,105,21,0.0,0.27604841198807484
train,2012-410,2,105,22,0.0,0.12824705941400813
train,2012-410,2,105,23,1.0,0.6988481247525625
train,2012-410,3,106,0,1.0,0.9630307796129121
train,2012-410,3,106,1,0.0,0.26019889314203043
train,2012-410,3,106,2,1.0,0.5325368840405017
train,2012-410,3,106,3,1.0,0.7854684912229325
train,2012-410,3,106,4,0.0,0.25545976396821723
train,2012-410,3,106,5,1.0,0.41726999117798064
train,2012-410,3,106,6,0.0,0.29067924931406
train,2012-410,3,106,7,0.0,0.24983076851867309
train,2012-410,3,106,8,0.0,0.2376752884015623
train,2012-410,3,106,9,1.0,0.6906174240497849
train,2012-410,3,106,10,1.0,0.8201939061997369
train,2012-410,3,106,11,0.0,0.8178221533517503
train,2012-410,3,106,12,1.0,0.695788326449568
train,2012-410,3,106,13,0.0,0.38592069120941713
train,2012-410,3,106,14,0.0,0.5695319013014315
train,2012-410,3,106,15,0.0,0.03777451971538093
train,2012-410,4,107,0,0.0,0.07463616787142074
train,2012-410,4,107,1,0.0,0.6013132229147591
train,2012-410,4,107,2,0.0,0.1851634627593653
train,2012-410,4,107,3,0.0,0.44572911614631966
train,2012-410,4,107,4,0.0,0.33424582329436475
train,2012-410,4,107,5,1.0,0.6179496115640326
train,2012-410,4,107,6,1.0,0.9607454006924645
train,2012-410,4,107,7,0.0,0.12675995569786225
train,2012-410,5,108,0,0.0,0.04560977232748917
train,2012-410,5,108,1,0.0,0.5865757302536052
train,2012-410,5,108,2,1.0,0.45574639297798875
train,2012-410,5,108,3,0.0,0.13254535486199448
train,2012-410,6,109,0,0.0,0.17585886896599442
train,2012-410,6,109,1,0.0,0.12876258657570872
train,2012-410,7,110,0,1.0,0.4850800446627515
train,2012-416,2,117,0,0.0,0.44943204069884524
train,2012-416,2,117,1,0.0,0.5015280810838306
train,2012-416,2,117,2,0.0,0.19594491874971695
train,2012-416,2,117,3,1.0,0.8203039072588447
train,2012-416,2,117,4,1.0,0.40949382722242306
train,2012-416,2,117,5,1.0,0.7280001409407724
train,2012-416,2,117,6,0.0,0.636992468942143
train,2012-416,2,117,7,1.0,0.6788698704601107
train,2012-416,2,117,8,0.0,0.3871677788085817
train,2012-416,2,117,9,0.0,0.4332996957055989
train,2012-416,2,117,10,1.0,0.7554260303305983
train,2012-416,2,117,11,0.0,0.4704964631641451
train,2012-416,2,117,12,1.0,0.613261472093915
train,2012-416,2,117,13,0.0,0.5097637360168384
train,2012-416,2,117,14,0.0,0.4616633140198483
train,2012-416,2,117,15,1.0,0.49969912717582743
train,2012-416,2,117,16,0.0,0.6460352478578766
train,2012-416,2,117,17,0.0,0.46507928126265363
train,2012-416,2,117,18,1.0,0.5312301841154993
train,2012-416,2,117,19,1.0,0.5849504722794955
train,2012-416,2,117,20,1.0,0.3577586792692375
train,2012-416,2,117,21,1.0,0.7023297490017674
train,2012-416,2,117,22,1.0,0.8598089500326993
train,2012-416,2,117,23,0.0,0.46032113579141754
train,2012-416,3,118,0,1.0,0.9371515497860001
train,2012-416,3,118,1,1.0,0.44310993954441513
train,2012-416,3,118,2,1.0,0.7195704789275823
train,2012-416,3,118,3,0.0,0.11900617627883589
train,2012-416,3,118,4,0.0,0.13449369173027187
train,2012-416,3,118,5,1.0,0.7195028770309367
train,2012-416,3,118,6,0.0,0.24757651228543787
train,2012-416,3,118,7,0.0,0.456400164177811
train,2012-416,3,118,8,0.0,0.6768129408914227
train,2012-416,3,118,9,0.0,0.7038249399393743
train,2012-416,3,118,10,0.0,0.1647325995615019
train,2012-416,3,118,11,1.0,0.9479240978007637
train,2012-416,3,118,12,1.0,0.6841886565272416
train,2012-416,3,118,13,1.0,0.5832279884835766
train,2012-416,3,118,14,0.0,0.19032874470070152
train,2012-416,3,118,15,1.0,0.9472023313142394
train,2012-416,4,119,0,1.0,0.928916608516753
train,2012-416,4,119,1,1.0,0.9381752371605294
train,2012-416,4,119,2,0.0,0.7774041863132294
train,2012-416,4,119,3,0.0,0.40885194418502757
train,2012-416,4,119,4,0.0,0.6926365078958461
train,2012-416,4,119,5,0.0,0.26317500452690096
train,2012-416,4,119,6,1.0,0.9557931764671317
train,2012-416,4,119,7,0.0,0.5448293717781008
train,2012-416,5,120,0,1.0,0.8562304561855226
train,2012-416,5,120,1,1.0,0.636902659573392
train,2012-416,5,120,2,1.0,0.7895435952611488
train,2012-416,5,120,3,0.0,0.06822162963038456
train,2012-416,6,121,0,0.0,0.3921272597748091
train,2012-416,6,121,1,1.0,0.8122515905831091
train,2012-416,7,122,0,1.0,0.5206254705257032
train,2012-421,2,137,0,0.0,0.39330817280774394
train,2012-421,2,137,1,0.0,0.3577253925530725
train,2012-421,2,137,2,1.0,0.4931211366767215
train,2012-421,2,137,3,1.0,0.45778967004039345
train,2012-421,2,137,4,0.0,0.6152265799392832
train,2012-421,2,137,5,1.0,0.4951543674242475
train,2012-421,2,137,6,1.0,0.5750777739586089
train,2012-421,2,137,7,0.0,0.5514117516608585
train,2012-421,2,137,8,0.0,0.6870686299372943
train,2012-421,2,137,9,1.0,0.6547708312340852
train,2012-421,2,137,10,0.0,0.49579118522092785
train,2012-421,2,137,11,1.0,0.530237205469957
train,2012-421,2,137,12,0.0,0.43607684933938395
train,2012-421,2,137,13,1.0,0.6068289050652699
train,2012-421,2,137,14,1.0,0.6283672650331263
train,2012-421,2,137,15,0.0,0.16478181495193797
train,2012-421,3,138,0,1.0,0.9167239354785681
train,2012-421,3,138,1,0.0,0.5668034836627771
train,2012-421,3,138,2,0.0,0.2848048734546463
train,2012-421,3,138,3,1.0,0.792731727649955
train,2012-421,3,138,4,0.0,0.2043557142558736
train,2012-421,3,138,5,1.0,0.5357793348978509
train,2012-421,3,138,6,1.0,0.7420894952026003
train,2012-421,3,138,7,1.0,0.7399741171602258
train,2012-421,3,138,8,0.0,0.39020166232576226
train,2012-421,3,138,9,0.0,0.30850095777117403
train,2012-421,3,138,10,1.0,0.9440832646879461
train,2012-421,3,138,11,0.0,0.5023918154302286
train,2012-421,3,138,12,0.0,0.758531727457287
train,2012-421,3,138,13,1.0,0.2355991298711499
train,2012-421,3,138,14,0.0,0.8623240785540366
train,2012-421,3,138,15,1.0,0.4330950504752092
train,2012-421,4,139,0,1.0,0.47509927779907757
train,2012-421,4,139,1,1.0,0.9433417552181436
train,2012-421,4,139,2,1.0,0.6012093729007236
train,2012-421,4,139,3,0.0,0.40114402806208255
train,2012-421,4,139,4,1.0,0.4026558072747022
train,2012-421,4,139,5,0.0,0.3915228826611458
train,2012-421,4,139,6,0.0,0.8384874363499044
train,2012-421,4,139,7,0.0,0.3812216552797063
train,2012-421,5,140,0,1.0,0.6292335551378057
train,2012-421,5,140,1,1.0,0.9471282429312252
train,2012-421,5,140,2,1.0,0.7060635691182711
train,2012-421,5,140,3,1.0,0.5598298641477376
train,2012-421,6,141,0,0.0,0.12441685777091384
train,2012-421,6,141,1,0.0,0.3866483594010616
train,2012-421,7,142,0,0.0,0.14024103096578427
train,2012-422,2,143,0,1.0,0.5540528396111682
train,2012-422,2,143,1,0.0,0.46263085268463056
train,2012-422,2,143,2,0.0,0.33810987555260325
train,2012-422,2,143,3,1.0,0.45552220348773487
train,2012-422,2,143,4,1.0,0.6178076313564795
train,2012-422,2,143,5,0.0,0.20913240752901044
train,2012-422,2,143,6,1.0,0.35563693736543717
train,2012-422,2,143,7,0.0,0.5134533100142954
train,2012-422,2,143,8,1.0,0.542851320985269
train,2012-422,2,143,9,0.0,0.7434787627277737
train,2012-422,2,143,10,0.0,0.5348875938868083
train,2012-422,2,143,11,0.0,0.48841138703242487
train,2012-422,2,143,12,0.0,0.7116122309620108
train,2012-422,2,143,13,0.0,0.33197626184174356
train,2012-422,2,143,14,0.0,0.6248235634199812
train,2012-422,2,143,15,1.0,0.5300717234847431
train,2012-422,2,143,16,0.0,0.4276195074770781
train,2012-422,2,143,17,0.0,0.6151546802185477
train,2012-422,2,143,18,1.0,0.434137693161828
train,2012-422,2,143,19,1.0,0.6178383857341985
train,2012-422,2,143,20,0.0,0.47532023958527686
train,2012-422,2,143,21,0.0,0.5828477985426198
train,2012-422,2,143,22,1.0,0.31195767712014383
train,2012-422,2,143,23,1.0,0.6482535855265569
train,2012-422,3,144,0,1.0,0.9476777953949242
train,2012-422,3,144,1,1.0,0.42469867291818414
train,2012-422,3,144,2,1.0,0.754895559473423
train,2012-422,3,144,3,0.0,0.7823466962088769
train,2012-422,3,144,4,1.0,0.8294896329784824
train,2012-422,3,144,5,1.0,0.5270982869338995
train,2012-422,3,144,6,0.0,0.31829241886283033
train,2012-422,3,144,7,0.0,0.2508188423081113
train,2012-422,3,144,8,1.0,0.853669173683741
train,2012-422,3,144,9,1.0,0.46995731549024927
train,2012-422,3,144,10,1.0,0.5997637319627367
train,2012-422,3,144,11,0.0,0.6514380578386343
train,2012-422,3,144,12,0.0,0.5446548668574405
train,2012-422,3,144,13,0.0,0.21047092593984476
train,2012-422,3,144,14,1.0,0.6306547487168163
train,2012-422,3,144,15,1.0,0.9335019479037542
train,2012-422,4,145,0,1.0,0.9169543006185648
train,2012-422,4,145,1,0.0,0.3152125000246451
train,2012-422,4,145,2,0.0,0.7775948538437365
train,2012-422,4,145,3,1.0,0.6885985355335328
train,2012-422,4,145,4,1.0,0.11692798711608386
train,2012-422,4,145,5,1.0,0.6831416278577591
train,2012-422,4,145,6,1.0,0.9489076711304796
train,2012-422,4,145,7,0.0,0.3072278246810246
train,2012-422,5,146,0,0.0,0.16743727604104497
train,2012-422,5,146,1,0.0,0.3283390525544307
train,2012-422,5,146,2,0.0,0.1907286557731536
train,2012-422,5,146,3,1.0,0.9165086757284461
train,2012-422,6,147,0,0.0,0.141232883389368
train,2012-422,6,147,1,0.0,0.1637410325746709
train,2012-422,7,148,0,0.0,0.6220670374655133
train,2012-5014,2,156,0,1.0,0.7600462933517347
train,2012-5014,2,156,1,1.0,0.5306017950293748
train,2012-5014,2,156,2,1.0,0.7975935686776261
train,2012-5014,2,156,3,0.0,0.6041550510863387
train,2012-5014,2,156,4,0.0,0.17482321414421353
train,2012-5014,2,156,5,1.0,0.5236934734657775
train,2012-5014,2,156,6,0.0,0.393861881992967
train,2012-5014,2,156,7,1.0,0.7282127078126055
train,2012-5014,2,156,8,0.0,0.1871579486289603
train,2012-5014,2,156,9,0.0,0.39378338025809967
train,2012-5014,2,156,10,1.0,0.6180556116306151
train,2012-5014,2,156,11,0.0,0.31280162592609073
train,2012-5014,2,156,12,1.0,0.4997064271800723
train,2012-5014,2,156,13,0.0,0.5526752636331158
train,2012-5014,2,156,14,1.0,0.4941028432673381
train,2012-5014,2,156,15,1.0,0.5623978214904483
train,2012-5014,2,156,16,0.0,0.7011348306482161
train,2012-5014,2,156,17,1.0,0.6296708111116132
train,2012-5014,2,156,18,1.0,0.5827818149139437
train,2012-5014,2,156,19,0.0,0.36669639987220776
train,2012-5014,2,156,20,1.0,0.852001806647262
train,2012-5014,2,156,21,1.0,0.8549039966500142
train,2012-5014,2,156,22,1.0,0.7540241897813583
train,2012-5014,2,156,23,1.0,0.5130886930615922
train,2012-5014,3,157,0,1.0,0.5041910290598195
train,2012-5014,3,157,1,0.0,0.4885905032775125
train,2012-5014,3,157,2,0.0,0.3533853529783329
train,2012-5014,3,157,3,1.0,0.7876319981233352
train,2012-5014,3,157,4,1.0,0.36571073036562873
train,2012-5014,3,157,5,1.0,0.44583309048897735
train,2012-5014,3,157,6,0.0,0.16988405599826506
train,2012-5014,3,157,7,0.0,0.38240059259116915
train,2012-5014,3,157,8,1.0,0.2609223568019287
train,2012-5014,3,157,9,1.0,0.9292609857468697
train,2012-5014,3,157,10,1.0,0.425835916313661
train,2012-5014,3,157,11,0.0,0.21166420475805228
train,2012-5014,3,157,12,1.0,0.5255845103972325
train,2012-5014,3,157,13,1.0,0.7687960930000515
train,2012-5014,3,157,14,0.0,0.2811096634112433
train,2012-5014,3,157,15,0.0,0.07310620040115852
train,2012-5014,4,158,0,0.0,0.21341246889163182
train,2012-5014,4,158,1,0.0,0.10422095498993464
train,2012-5014,4,158,2,1.0,0.7680302797929407
train,2012-5014,4,158,3,1.0,0.38077072108565313
train,2012-5014,4,158,4,0.0,0.2630527363092488
train,2012-5014,4,158,5,1.0,0.7782509304449764
train,2012-5014,4,158,6,1.0,0.5284595432117201
train,2012-5014,4,158,7,0.0,0.7236887045023497
train,2012-5014,5,159,0,0.0,0.1660489641271201
train,2012-5014,5,159,1,1.0,0.8111558151520326
train,2012-5014,5,159,2,0.0,0.4383317053034854
train,2012-5014,5,159,3,1.0,0.9079493078925291
train,2012-5014,6,160,0,0.0,0.689171994963555
train,2012-5014,6,160,1,0.0,0.2440233506786056
train,2012-5014,7,161,0,1.0,0.719398977472583
train,2012-520,1,123,0,1.0,0.942871932833826
train,2012-520,1,123,1,1.0,0.5751645478886164
train,2012-520,1,123,2,1.0,0.8342036414094604
train,2012-520,1,123,3,1.0,0.8213895858217978
train,2012-520,1,123,4,1.0,0.49134734719796574
train,2012-520,1,123,5,1.0,0.8322868291842773
train,2012-520,1,123,6,1.0,0.24656040699664106
train,2012-520,1,123,7,1.0,0.698353470199845
train,2012-520,1,123,8,0.0,0.6243162924403219
train,2012-520,1,123,9,1.0,0.263229788109003
train,2012-520,1,123,10,1.0,0.3382359284049348
train,2012-520,1,123,11,1.0,0.3684651334418185
train,2012-520,1,123,12,0.0,0.850774358194677
train,2012-520,1,123,13,0.0,0.036001091202576184
train,2012-520,1,123,14,0.0,0.0774114970051071
train,2012-520,1,123,15,0.0,0.21649364796909618
train,2012-520,1,123,16,1.0,0.575814496498332
train,2012-520,1,123,17,0.0,0.44622337153784647
train,2012-520,1,123,18,0.0,0.11493282070643973
train,2012-520,1,123,19,1.0,0.97890128250009
train,2012-520,1,123,20,0.0,0.7810533186143458
train,2012-520,1,123,21,1.0,0.8250982162769882
train,2012-520,1,123,22,1.0,0.7789320543330093
train,2012-520,1,123,23,1.0,0.7587445780389129
train,2012-520,1,123,24,1.0,0.48710778210601485
train,2012-520,1,123,25,0.0,0.46147566745548624
train,2012-520,1,123,26,0.0,0.7000975421351822
train,2012-520,1,123,27,0.0,0.4948972030268807
train,2012-520,1,123,28,1.0,0.43986245703081295
train,2012-520,1,123,29,1.0,0.9718117187299408
train,2012-520,1,123,30,0.0,0.3229887103068148
train,2012-520,1,123,31,1.0,0.4991194818826126
train,2012-520,1,123,32,0.0,0.4872008131635671
train,2012-520,1,123,33,0.0,0.06465837718399928
train,2012-520,1,123,34,1.0,0.3991622684567587
train,2012-520,1,123,35,0.0,0.6722712766175996
train,2012-520,1,123,36,0.0,0.32658776941343776
train,2012-520,1,123,37,1.0,0.7027229555452343
train,2012-520,1,123,38,0.0,0.6008706943694874
train,2012-520,1,123,39,1.0,0.41470737803929897
train,2012-520,1,123,40,0.0,0.18700423475645275
train,2012-520,1,123,41,1.0,0.4953456588223365
train,2012-520,1,123,42,0.0,0.5115735454591873
train,2012-520,1,123,43,1.0,0.662989096446408
train,2012-520,1,123,44,1.0,0.7462277181855763
train,2012-520,1,123,45,0.0,0.40521667474897566
train,2012-520,1,123,46,1.0,0.4655316862186174
train,2012-520,1,123,47,1.0,0.7514290281094826
train,2012-520,1,123,48,1.0,0.7939030649572081
train,2012-520,1,123,49,0.0,0.5453362491838081
train,2012-520,1,123,50,1.0,0.9185373276058801
train,2012-520,1,123,51,1.0,0.9445871778566434
train,2012-520,1,123,52,1.0,0.39260938502820325
train,2012-520,1,123,53,1.0,0.582402080489897
train,2012-520,1,123,54,0.0,0.2299444740228545
train,2012-520,1,123,55,0.0,0.6914925744263464
train,2012-520,1,123,56,1.0,0.637329007469918
train,2012-520,1,123,57,0.0,0.10502813990656883
train,2012-520,1,123,58,1.0,0.29538001234623396
train,2012-520,1,123,59,1.0,0.4935038536389329
train,2012-520,1,123,60,0.0,0.5163794041509396
train,2012-520,1,123,61,0.0,0.2698082772935527
train,2012-520,1,123,62,0.0,0.5168586588604468
train,2012-520,1,123,63,0.0,0.37930299539078205
train,2012-520,2,124,0,0.0,0.775608777963427
train,2012-520,2,124,1,1.0,0.40097854395175014
train,2012-520,2,124,2,0.0,0.16131692843958295
train,2012-520,2,124,3,1.0,0.39701496586973106
train,2012-520,2,124,4,0.0,0.323223768935091
train,2012-520,2,124,5,0.0,0.17983795571414948
train,2012-520,2,124,6,1.0,0.3311084679919286
train,2012-520,2,124,7,0.0,0.2800715229321128
train,2012-520,2,124,8,1.0,0.6658343111408714
train,2012-520,2,124,9,1.0,0.7324808598827923
train,2012-520,2,124,10,0.0,0.09206993191581232
train,2012-520,2,124,11,0.0,0.5162116461476285
train,2012-520,2,124,12,1.0,0.6581643830429904
train,2012-520,2,124,13,0.0,0.11957945649038706
train,2012-520,2,124,14,0.0,0.2238479514897775
train,2012-520,2,124,15,0.0,0.3326484542635688
train,2012-520,2,124,16,1.0,0.8904938195636992
train,2012-520,2,124,17,1.0,0.6904245757616585
train,2012-520,2,124,18,1.0,0.48651254900517804
train,2012-520,2,124,19,0.0,0.21490856452246854
train,2012-520,2,124,20,0.0,0.02866772989651293
train,2012-520,2,124,21,0.0,0.09377433329141668
train,2012-520,2,124,22,1.0,0.39712352137486645
train,2012-520,2,124,23,0.0,0.17592249799498832
train,2012-520,2,124,24,0.0,0.08666423057871088
train,2012-520,2,124,25,1.0,0.7686853769788428
train,2012-520,2,124,26,1.0,0.6100036863328007
train,2012-520,2,124,27,1.0,0.9213715214190176
train,2012-520,2,124,28,0.0,0.7412278904810867
train,2012-520,2,124,29,0.0,0.38880839756217467
train,2012-520,2,124,30,0.0,0.0299812735038001
train,2012-520,2,124,31,1.0,0.9730911878693149
train,2012-520,3,125,0,0.0,0.6577383347593676
train,2012-520,3,125,1,0.0,0.024260651140213602
train,2012-520,3,125,2,1.0,0.971993855619512
train,2012-520,3,125,3,0.0,0.4137654891340462
train,2012-520,3,125,4,0.0,0.20709623669958446
train,2012-520,3,125,5,1.0,0.7103769241017104
train,2012-520,3,125,6,1.0,0.8832856538076006
train,2012-520,3,125,7,0.0,0.17126584835319134
train,2012-520,3,125,8,1.0,0.6068156008513902
train,2012-520,3,125,9,0.0,0.15000024674322354
train,2012-520,3,125,10,0.0,0.16131522334772808
train,2012-520,3,125,11,0.0,0.3206354028763549
train,2012-520,3,125,12,1.0,0.940365702216678
train,2012-520,3,125,13,0.0,0.2005419581051894
train,2012-520,3,125,14,1.0,0.4544444392471525
train,2012-520,3,125,15,0.0,0.6737577280843435
train,2012-520,4,126,0,0.0,0.06366577177884132
train,2012-520,4,126,1,1.0,0.4708870837474596
train,2012-520,4,126,2,0.0,0.3429645681533146
train,2012-520,4,126,3,0.0,0.14379005011976875
train,2012-520,4,126,4,1.0,0.3493522693740297
train,2012-520,4,126,5,0.0,0.05017606636611586
train,2012-520,4,126,6,1.0,0.5852697943359221
train,2012-520,4,126,7,0.0,0.050931882466198966
train,2012-520,5,127,0,1.0,0.9069553532882612
train,2012-520,5,127,1,0.0,0.5128148122843864
train,2012-520,5,127,2,0.0,0.20246617050892132
train,2012-520,5,127,3,1.0,0.8531122008730833
train,2012-520,6,128,0,0.0,0.17459502278348837
train,2012-520,6,128,1,0.0,0.3565598872406126
train,2012-520,7,129,0,1.0,0.5493952688454952
train,2012-540,1,130,0,1.0,0.9533031289009328
train,2012-540,1,130,1,1.0,0.6987357858926463
train,2012-540,1,130,2,0.0,0.617623836389372
train,2012-540,1,130,3,1.0,0.7035882061841094
train,2012-540,1,130,4,1.0,0.6291193081418479
train,2012-540,1,130,5,1.0,0.2735606951295305
train,2012-540,1,130,6,0.0,0.1861422181937378
train,2012-540,1,130,7,1.0,0.7166680264691684
train,2012-540,1,130,8,1.0,0.5972879406168927
train,2012-540,1,130,9,1.0,0.849705928062728
train,2012-540,1,130,10,0.0,0.3853307144685483
train,2012-540,1,130,11,1.0,0.6359870723261782
train,2012-540,1,130,12,0.0,0.48680681694616784
train,2012-540,1,130,13,0.0,0.048326506737940124
train,2012-540,1,130,14,0.0,0.9067157830865135
train,2012-540,1,130,15,0.0,0.3484343506641192
train,2012-540,1,130,16,0.0,0.6661001095220704
train,2012-540,1,130,17,1.0,0.720085294259014
train,2012-540,1,130,18,1.0,0.8675776428993389
train,2012-540,1,130,19,0.0,0.6654517676332249
train,2012-540,1,130,20,0.0,0.5428271926878815
train,2012-540,1,130,21,1.0,0.7815492843751161
train,2012-540,1,130,22,0.0,0.2804661340330846
train,2012-540,1,130,23,0.0,0.424891770748204
train,2012-540,1,130,24,0.0,0.6844476091454275
train,2012-540,1,130,25,1.0,0.6073754816053403
train,2012-540,1,130,26,1.0,0.490665670742467
train,2012-540,1,130,27,1.0,0.5380548854877362
train,2012-540,1,130,28,1.0,0.9610305706982409
train,2012-540,1,130,29,0.0,0.5636061764548577
train,2012-540,1,130,30,0.0,0.4259970298339327
train,2012-540,1,130,31,1.0,0.4428543963232156
train,2012-540,1,130,32,0.0,0.5276526133877234
train,2012-540,1,130,33,1.0,0.6970163494248933
train,2012-540,1,130,34,1.0,0.5237571470146823
train,2012-540,1,130,35,0.0,0.4238233001280073
train,2012-540,1,130,36,1.0,0.6665737197810355
train,2012-540,1,130,37,0.0,0.433273274463
train,2012-540,1,130,38,1.0,0.31266158832963636
train,2012-540,1,130,39,0.0,0.12681637353540454
train,2012-540,1,130,40,1.0,0.30572279666270036
train,2012-540,1,130,41,0.0,0.5162255552920688
train,2012-540,1,130,42,1.0,0.31245990995650186
train,2012-540,1,130,43,0.0,0.7136374658431788
train,2012-540,1,130,44,0.0,0.4312877275874469
train,2012-540,1,130,45,1.0,0.6908802539884444
train,2012-540,1,130,46,0.0,0.13658566462066662
train,2012-540,1,130,47,0.0,0.10809990292776957
train,2012-540,1,130,48,0.0,0.5972509907114343
train,2012-540,1,130,49,0.0,0.43071100018848546
train,2012-540,1,130,50,1.0,0.5096369295414817
train,2012-540,1,130,51,1.0,0.572208227515113
train,2012-540,1,130,52,1.0,0.5757906758370568
train,2012-540,1,130,53,0.0,0.137845747569033
train,2012-540,1,130,54,0.0,0.39902525488654916
train,2012-540,1,130,55,0.0,0.3390034108415286
train,2012-540,1,130,56,1.0,0.9311950061505985
train,2012-540,1,130,57,1.0,0.7956424105557764
train,2012-540,1,130,58,0.0,0.2239273254446873
train,2012-540,1,130,59,0.0,0.27051290659393695
train,2012-540,1,130,60,0.0,0.33879645878634457
train,2012-540,1,130,61,0.0,0.6186338877500358
train,2012-540,1,130,62,0.0,0.4049267114891565
train,2012-540,1,130,63,0.0,0.6413391490402174
train,2012-540,2,131,0,1.0,0.6887756972157899
train,2012-540,2,131,1,1.0,0.8917925019107215
train,2012-540,2,131,2,0.0,0.3727610828472848
train,2012-540,2,131,3,1.0,0.4060316830477933
train,2012-540,2,131,4,0.0,0.42962439163997096
train,2012-540,2,131,5,0.0,0.6469061474284844
train,2012-540,2,131,6,0.0,0.21054731757898176
train,2012-540,2,131,7,0.0,0.3935689777784555
train,2012-540,2,131,8,0.0,0.21318781987328034
train,2012-540,2,131,9,1.0,0.5428459583391746
train,2012-540,2,131,10,1.0,0.8854095640149601
train,2012-540,2,131,11,1.0,0.9172675484926492
train,2012-540,2,131,12,1.0,0.8498432884781204
train,2012-540,2,131,13,0.0,0.2009502896927351
train,2012-540,2,131,14,0.0,0.5148205249198294
train,2012-540,2,131,15,0.0,0.5405705532064159
train,2012-540,2,131,16,1.0,0.2637158286747541
train,2012-540,2,131,17,0.0,0.7926944709373193
train,2012-540,2,131,18,0.0,0.32285713264389737
train,2012-540,2,131,19,1.0,0.9234282434169853
train,2012-540,2,131,20,0.0,0.7241975986768646
train,2012-540,2,131,21,1.0,0.6374545616576511
train,2012-540,2,131,22,0.0,0.10816409089709668
train,2012-540,2,131,23,1.0,0.821777868297269
train,2012-540,2,131,24,1.0,0.7349165558783887
train,2012-540,2,131,25,0.0,0.24788669468199317
train,2012-540,2,131,26,0.0,0.3990574449905959
train,2012-540,2,131,27,0.0,0.1912751790911337
train,2012-540,2,131,28,0.0,0.3419459810787295
train,2012-540,2,131,29,0.0,0.04416981403243636
train,2012-540,2,131,30,1.0,0.030982846917652372
train,2012-540,2,131,31,1.0,0.8659023878750979
train,2012-540,3,132,0,1.0,0.33696072335870986
train,2012-540,3,132,1,0.0,0.047726931391468906
train,2012-540,3,132,2,0.0,0.36719866707459514
train,2012-540,3,132,3,0.0,0.382178451153014
train,2012-540,3,132,4,1.0,0.7568022169735384
train,2012-540,3,132,5,1.0,0.8599778318679505
train,2012-540,3,132,6,1.0,0.8646949381017253
train,2012-540,3,132,7,0.0,0.3191201090818623
train,2012-540,3,132,8,0.0,0.24599916379919948
train,2012-540,3,132,9,0.0,0.2269230094305719
train,2012-540,3,132,10,0.0,0.6950123222361279
train,2012-540,3,132,11,0.0,0.5057919503218925
train,2012-540,3,132,12,1.0,0.9157221043915985
train,2012-540,3,132,13,0.0,0.24094824784583005
train,2012-540,3,132,14,0.0,0.3697258934515516
train,2012-540,3,132,15,0.0,0.5334014367828429
train,2012-540,4,133,0,0.0,0.3957632322233506
train,2012-540,4,133,1,1.0,0.638331172206469
train,2012-540,4,133,2,0.0,0.21849541743552583
train,2012-540,4,133,3,0.0,0.38292281269183015
train,2012-540,4,133,4,0.0,0.4050718639172816
train,2012-540,4,133,5,1.0,0.914564435916356
train,2012-540,4,133,6,0.0,0.7394067328073655
train,2012-540,4,133,7,1.0,0.9316185593783194
train,2012-540,5,134,0,0.0,0.22998213974100473
train,2012-540,5,134,1,0.0,0.4599677009463262
train,2012-540,5,134,2,0.0,0.08712914869987302
train,2012-540,5,134,3,1.0,0.9341231308638432
train,2012-540,6,135,0,1.0,0.6379684264215196
train,2012-540,6,135,1,1.0,0.3397857432949724
train,2012-540,7,136,0,0.0,0.298792799321192
train,2012-560,1,149,0,1.0,0.9765657654179087
train,2012-560,1,149,1,1.0,0.3979185508902926
train,2012-560,1,149,2,1.0,0.8153372391962108
train,2012-560,1,149,3,0.0,0.4706277521490518
train,2012-560,1,149,4,0.0,0.5409444091480016
train,2012-560,1,149,5,0.0,0.18025342261101016
train,2012-560,1,149,6,1.0,0.6315776384703388
train,2012-560,1,149,7,0.0,0.5258552327609903
train,2012-560,1,149,8,1.0,0.5703582364976274
train,2012-560,1,149,9,1.0,0.3551951841388405
train,2012-560,1,149,10,1.0,0.7419064965915677
train,2012-560,1,149,11,0.0,0.3915693717760839
train,2012-560,1,149,12,0.0,0.5755509758277103
train,2012-560,1,149,13,1.0,0.7206887514637511
train,2012-560,1,149,14,0.0,0.12837123605149867
train,2012-560,1,149,15,0.0,0.328370675082183
train,2012-560,1,149,16,0.0,0.1297407743676681
train,2012-560,1,149,17,0.0,0.3905525430282419
train,2012-560,1,149,18,0.0,0.7924259084304321
train,2012-560,1,149,19,0.0,0.5043904037638105
train,2012-560,1,149,20,0.0,0.5278764869460296
train,2012-560,1,149,21,0.0,0.3444233379647431
train,2012-560,1,149,22,0.0,0.1569979950182056
train,2012-560,1,149,23,0.0,0.8285690986134198
train,2012-560,1,149,24,1.0,0.8013847589956656
train,2012-560,1,149,25,1.0,0.9030462749578374
train,2012-560,1,149,26,0.0,0.15247239999109435
train,2012-560,1,149,27,0.0,0.43561720132169457
train,2012-560,1,149,28,0.0,0.3742752721005672
train,2012-560,1,149,29,0.0,0.03931820477939521
train,2012-560,1,149,30,1.0,0.39637825453234216
train,2012-560,1,149,31,0.0,0.3254251389312832
train,2012-560,1,149,32,0.0,0.7602239246001923
train,2012-560,1,149,33,0.0,0.08850352567106431
train,2012-560,1,149,34,0.0,0.6844124022164321
train,2012-560,1,149,35,1.0,0.6548319981833158
train,2012-560,1,149,36,1.0,0.775301302285255
train,2012-560,1,149,37,1.0,0.5395585477600912
train,2012-560,1,149,38,0.0,0.22303122721267085
train,2012-560,1,149,39,1.0,0.7395789741485497
train,2012-560,1,149,40,1.0,0.4162966496702999
train,2012-560,1,149,41,0.0,0.3229354805607177
train,2012-560,1,149,42,1.0,0.8718759256713003
train,2012-560,1,149,43,0.0,0.5045661271808081
train,2012-560,1,149,44,1.0,0.40361696933702795
train,2012-560,1,149,45,0.0,0.38726667444613283
train,2012-560,1,149,46,0.0,0.12115853872107046
train,2012-560,1,149,47,0.0,0.2051822648937018
train,2012-560,1,149,48,1.0,0.6389253910559696
train,2012-560,1,149,49,1.0,0.37958181320980294
train,2012-560,1,149,50,1.0,0.72493768432088
train,2012-560,1,149,51,0.0,0.634262558191066
train,2012-560,1,149,52,1.0,0.22176263263611162
train,2012-560,1,149,53,1.0,0.5692561075237602
train,2012-560,1,149,54,0.0,0.5331760592114398
train,2012-560,1,149,55,1.0,0.32571435869978005
train,2012-560,1,149,56,1.0,0.698386279536802
train,2012-560,1,149,57,0.0,0.16885917299874273
train,2012-560,1,149,58,0.0,0.7772711024813884
train,2012-560,1,149,59,0.0,0.48772576012945457
train,2012-560,1,149,60,0.0,0.6298249751573554
train,2012-560,1,149,61,1.0,0.37079916265963797
train,2012-560,1,149,62,0.0,0.4260134196985664
train,2012-560,1,149,63,1.0,0.8710143969860265
train,2012-560,2,150,0,1.0,0.7124435861619066
train,2012-560,2,150,1,1.0,0.7749141522227964
train,2012-560,2,150,2,1.0,0.9271693542002009
train,2012-560,2,150,3,1.0,0.28657034633504397
train,2012-560,2,150,4,1.0,0.5151553794281091
train,2012-560,2,150,5,0.0,0.5398511471513071
train,2012-560,2,150,6,0.0,0.18553633993165056
train,2012-560,2,150,7,1.0,0.32368343059139
train,2012-560,2,150,8,0.0,0.4368308639422958
train,2012-560,2,150,9,0.0,0.4095714472712361
train,2012-560,2,150,10,1.0,0.4678131879671852
train,2012-560,2,150,11,1.0,0.9113031133151062
train,2012-560,2,150,12,1.0,0.7994276363896319
train,2012-560,2,150,13,1.0,0.4386539291139789
train,2012-560,2,150,14,1.0,0.5096341727440296
train,2012-560,2,150,15,1.0,0.7647331319060453
train,2012-560,2,150,16,0.0,0.17859977417818432
train,2012-560,2,150,17,0.0,0.32378069085485267
train,2012-560,2,150,18,0.0,0.5955226934825122
train,2012-560,2,150,19,1.0,0.6164228583870809
train,2012-560,2,150,20,0.0,0.10718591483910525
train,2012-560,2,150,21,0.0,0.07356075928705198
train,2012-560,2,150,22,0.0,0.2668507181813016
train,2012-560,2,150,23,0.0,0.1636265323853525
train,2012-560,2,150,24,1.0,0.7469902132288753
train,2012-560,2,150,25,0.0,0.1187285767237684
train,2012-560,2,150,26,1.0,0.7295882980787849
train,2012-560,2,150,27,1.0,0.7450049010588369
train,2012-560,2,150,28,0.0,0.8773356809636724
train,2012-560,2,150,29,1.0,0.8424821193337176
train,2012-560,2,150,30,1.0,0.9709334642684297
train,2012-560,2,150,31,0.0,0.017893648942356802
train,2012-560,3,151,0,0.0,0.12484289615420775
train,2012-560,3,151,1,0.0,0.09979860299552863
train,2012-560,3,151,2,0.0,0.053009615388790565
train,2012-560,3,151,3,1.0,0.6754656223892757
train,2012-560,3,151,4,0.0,0.3650534098006414
train,2012-560,3,151,5,0.0,0.14721916437240382
train,2012-560,3,151,6,1.0,0.887552063803935
train,2012-560,3,151,7,1.0,0.8458381825107935
train,2012-560,3,151,8,1.0,0.38211245273608774
train,2012-560,3,151,9,1.0,0.5869507291191509
train,2012-560,3,151,10,0.0,0.3631121194026586
train,2012-560,3,151,11,0.0,0.16961261880360531
train,2012-560,3,151,12,0.0,0.19588809188522072
train,2012-560,3,151,13,0.0,0.1696180110063421
train,2012-560,3,151,14,0.0,0.4915212423318603
train,2012-560,3,151,15,1.0,0.3674103158197807
train,2012-560,4,152,0,1.0,0.8889093206922408
train,2012-560,4,152,1,1.0,0.7145224673355922
train,2012-560,4,152,2,1.0,0.5839247604954453
train,2012-560,4,152,3,0.0,0.30154688084357695
train,2012-560,4,152,4,0.0,0.24863147069480965
train,2012-560,4,152,5,0.0,0.1910681173569564
train,2012-560,4,152,6,0.0,0.3196943228000151
train,2012-560,4,152,7,1.0,0.8577632013791403
train,2012-560,5,153,0,0.0,0.13647385473126125
train,2012-560,5,153,1,0.0,0.3569471595121082
train,2012-560,5,153,2,1.0,0.7642169969914326
train,2012-560,5,153,3,1.0,0.2052623369627204
train,2012-560,6,154,0,0.0,0.1662833996673601
train,2012-560,6,154,1,0.0,0.4419087611603892
train,2012-560,7,155,0,1.0,0.192724839424381
train,2012-580,1,84,0,0.0,0.1588562678050203
train,2012-580,1,84,1,0.0,0.29090695561326163
train,2012-580,1,84,2,1.0,0.6765391837611103
train,2012-580,1,84,3,1.0,0.7279959737686454
train,2012-580,1,84,4,1.0,0.7318381636998847
train,2012-580,1,84,5,1.0,0.8749321478921646
train,2012-580,1,84,6,0.0,0.13913321157701
train,2012-580,1,84,7,0.0,0.3627354943818969
train,2012-580,1,84,8,0.0,0.6954403411169157
train,2012-580,1,84,9,1.0,0.625648528137595
train,2012-580,1,84,10,0.0,0.32825778770246183
train,2012-580,1,84,11,0.0,0.3728841990589416
train,2012-580,1,84,12,1.0,0.25686946161381585
train,2012-580,1,84,13,0.0,0.0665482428167694
train,2012-580,1,84,14,1.0,0.9348115675197611
train,2012-580,1,84,15,1.0,0.6912746543910497
train,2012-580,1,84,16,0.0,0.3682682227519475
train,2012-580,1,84,17,0.0,0.3852050627147135
train,2012-580,1,84,18,1.0,0.803367697538351
train,2012-580,1,84,19,1.0,0.3371924622161986
train,2012-580,1,84,20,0.0,0.02041286434240835
train,2012-580,1,84,21,1.0,0.7799086241030405
train,2012-580,1,84,22,1.0,0.782555335778515
train,2012-580,1,84,23,0.0,0.22404315808101033
train,2012-580,1,84,24,0.0,0.29185428906293426
train,2012-580,1,84,25,1.0,0.6655765716961267
train,2012-580,1,84,26,1.0,0.39752149531083153
train,2012-580,1,84,27,0.0,0.7300573541761233
train,2012-580,1,84,28,0.0,0.28557375145814523
train,2012-580,1,84,29,1.0,0.9761295547387198
train,2012-580,1,84,30,1.0,0.45607047795863503
train,2012-580,1,84,31,1.0,0.47797081361455207
train,2012-580,1,84,32,1.0,0.49999184357298365
train,2012-580,1,84,33,0.0,0.15110077873394512
train,2012-580,1,84,34,0.0,0.34239324378780917
train,2012-580,1,84,35,0.0,0.28125425811098503
train,2012-580,1,84,36,1.0,0.21069134321945607
train,2012-580,1,84,37,1.0,0.786459208323926
train,2012-580,1,84,38,1.0,0.27291526396095644
train,2012-580,1,84,39,0.0,0.1402602705287675
train,2012-580,1,84,40,0.0,0.33824943447987327
train,2012-580,1,84,41,1.0,0.4111431617579335
train,2012-580,1,84,42,0.0,0.38900796667310267
train,2012-580,1,84,43,0.0,0.14629361057509163
train,2012-580,1,84,44,0.0,0.1753124443178093
train,2012-580,1,84,45,0.0,0.29637080782368236
train,2012-580,1,84,46,0.0,0.38456436388363247
train,2012-580,1,84,47,0.0,0.094557487149373
train,2012-580,1,84,48,0.0,0.3085644596236813
train,2012-580,1,84,49,1.0,0.6239276150207597
train,2012-580,1,84,50,1.0,0.8366921984288299
train,2012-580,1,84,51,0.0,0.02371350649528147
train,2012-580,1,84,52,1.0,0.43472380289776547
train,2012-580,1,84,53,1.0,0.37824031937259944
train,2012-580,1,84,54,0.0,0.33199986095435796
train,2012-580,1,84,55,0.0,0.49309186836850316
train,2012-580,1,84,56,1.0,0.4631191586653431
train,2012-580,1,84,57,0.0,0.16718357785106744
train,2012-580,1,84,58,1.0,0.8303149769847352
train,2012-580,1,84,59,1.0,0.3746745929271346
train,2012-580,1,84,60,0.0,0.669109581412047
train,2012-580,1,84,61,1.0,0.35376217109735447
train,2012-580,1,84,62,1.0,0.7221408905692163
train,2012-580,1,84,63,1.0,0.7190138682588336
train,2012-580,2,85,0,1.0,0.836387655617272
train,2012-580,2,85,1,0.0,0.24196904160928157
train,2012-580,2,85,2,1.0,0.46732040426397403
train,2012-580,2,85,3,1.0,0.6362770838068058
train,2012-580,2,85,4,1.0,0.8837100133831145
train,2012-580,2,85,5,0.0,0.42401496483231566
train,2012-580,2,85,6,1.0,0.7505838196484772
train,2012-580,2,85,7,1.0,0.7092976207332807
train,2012-580,2,85,8,0.0,0.41082954034196556
train,2012-580,2,85,9,0.0,0.4185738434149733
train,2012-580,2,85,10,0.0,0.03370072706113078
train,2012-580,2,85,11,0.0,0.31633868132770365
train,2012-580,2,85,12,1.0,0.8062758006949408
train,2012-580,2,85,13,0.0,0.13203498959148458
train,2012-580,2,85,14,1.0,0.4836019511432486
train,2012-580,2,85,15,1.0,0.6203463085078993
train,2012-580,2,85,16,0.0,0.6377415153954487
train,2012-580,2,85,17,0.0,0.290060219489262
train,2012-580,2,85,18,0.0,0.7449342427524475
train,2012-580,2,85,19,1.0,0.45287818397811686
train,2012-580,2,85,20,0.0,0.042438091763963834
train,2012-580,2,85,21,0.0,0.10151403450206996
train,2012-580,2,85,22,0.0,0.37535838480926037
train,2012-580,2,85,23,1.0,0.8517554669282705
train,2012-580,2,85,24,0.0,0.22089055317073789
train,2012-580,2,85,25,0.0,0.8097715494540988
train,2012-580,2,85,26,0.0,0.545760614604868
train,2012-580,2,85,27,0.0,0.8511928412137612
train,2012-580,2,85,28,0.0,0.6320737629695833
train,2012-580,2,85,29,0.0,0.36180928130185536
train,2012-580,2,85,30,0.0,0.03031194471517023
train,2012-580,2,85,31,0.0,0.033494651334401465
train,2012-580,3,86,0,1.0,0.7879525257464461
train,2012-580,3,86,1,0.0,0.03492242175306003
train,2012-580,3,86,2,0.0,0.026294030694146302
train,2012-580,3,86,3,1.0,0.44081432662978465
train,2012-580,3,86,4,0.0,0.6932068556883638
train,2012-580,3,86,5,1.0,0.9342120728398708
train,2012-580,3,86,6,1.0,0.4146660814590965
train,2012-580,3,86,7,0.0,0.21432710406706246
train,2012-580,3,86,8,0.0,0.39124071156791634
train,2012-580,3,86,9,0.0,0.16806668274737394
train,2012-580,3,86,10,0.0,0.5464883115332334
train,2012-580,3,86,11,0.0,0.8078446830618533
train,2012-580,3,86,12,1.0,0.8851646004518922
train,2012-580,3,86,13,1.0,0.8389291457832261
train,2012-580,3,86,14,0.0,0.37574157368398897
train,2012-580,3,86,15,0.0,0.570877358036972
train,2012-580,4,87,0,0.0,0.07547592673061179
train,2012-580,4,87,1,1.0,0.7978821354262079
train,2012-580,4,87,2,1.0,0.9292346895340348
train,2012-580,4,87,3,1.0,0.7362333791129256
train,2012-580,4,87,4,0.0,0.795094327885632
train,2012-580,4,87,5,0.0,0.061908881411906085
train,2012-580,4,87,6,0.0,0.36317030296314795
train,2012-580,4,87,7,1.0,0.9668100351223491
train,2012-580,5,88,0,1.0,0.8064840627457766
train,2012-580,5,88,1,1.0,0.8400310420671862
train,2012-580,5,88,2,1.0,0.8971686481674671
train,2012-580,5,88,3,1.0,0.8270189451284066
train,2012-580,6,89,0,1.0,0.5732888105225287
train,2012-580,6,89,1,0.0,0.26717817339156685
train,2012-580,7,90,0,1.0,0.5344498652506932
train,2013-1536,2,195,0,0.0,0.48983564638073285
train,2013-1536,2,195,1,1.0,0.5727895596915406
train,2013-1536,2,195,2,1.0,0.9368592941265813
train,2013-1536,2,195,3,1.0,0.6400560178609572
train,2013-1536,2,195,4,1.0,0.6500559760281602
train,2013-1536,2,195,5,1.0,0.3365049666491534
train,2013-1536,2,195,6,0.0,0.36851348257918015
train,2013-1536,2,195,7,0.0,0.3155276240100123
train,2013-1536,2,195,8,0.0,0.2714897888937192
train,2013-1536,2,195,9,0.0,0.5844978629532803
train,2013-1536,2,195,10,0.0,0.27383475408056235
train,2013-1536,2,195,11,1.0,0.3797406273066872
train,2013-1536,2,195,12,0.0,0.29634137828477586
train,2013-1536,2,195,13,0.0,0.1483852123741457
train,2013-1536,2,195,14,0.0,0.17526892426805663
train,2013-1536,2,195,15,0.0,0.5555907623804976
train,2013-1536,2,195,16,1.0,0.5063211263626819
train,2013-1536,2,195,17,0.0,0.3431248017755907
train,2013-1536,2,195,18,1.0,0.6579231809643687
train,2013-1536,2,195,19,1.0,0.43677871282298575
train,2013-1536,2,195,20,1.0,0.501746196982508
train,2013-1536,2,195,21,0.0,0.62913850519937
train,2013-1536,2,195,22,1.0,0.5442766541970052
train,2013-1536,2,195,23,0.0,0.7455563291442294
train,2013-1536,3,196,0,0.0,0.07183911351406047
train,2013-1536,3,196,1,0.0,0.3336715222531216
train,2013-1536,3,196,2,0.0,0.6609636453630324
train,2013-1536,3,196,3,0.0,0.8422654271730384
train,2013-1536,3,196,4,1.0,0.8780218853958941
train,2013-1536,3,196,5,0.0,0.7180467512604645
train,2013-1536,3,196,6,1.0,0.9575971164466823
train,2013-1536,3,196,7,1.0,0.8474378512041342
train,2013-1536,3,196,8,0.0,0.5143236106218461
train,2013-1536,3,196,9,0.0,0.2533697580799249
train,2013-1536,3,196,10,1.0,0.7407549019503796
train,2013-1536,3,196,11,0.0,0.13587006949454508
train,2013-1536,3,196,12,0.0,0.5449142024204578
train,2013-1536,3,196,13,1.0,0.8162670014917849
train,2013-1536,3,196,14,1.0,0.06534609491654024
train,2013-1536,3,196,15,0.0,0.1600918277882109
train,2013-1536,4,197,0,1.0,0.7338161064094815
train,2013-1536,4,197,1,0.0,0.27648245907045627
train,2013-1536,4,197,2,1.0,0.7767341789979655
train,2013-1536,4,197,3,0.0,0.05164906847155745
train,2013-1536,4,197,4,1.0,0.7601607862904962
train,2013-1536,4,197,5,1.0,0.5324626514302451
train,2013-1536,4,197,6,0.0,0.8809429801837788
train,2013-1536,4,197,7,1.0,0.6966580886701511
train,2013-1536,5,198,0,1.0,0.4985548776188767
train,2013-1536,5,198,1,1.0,0.4588012730364042
train,2013-1536,5,198,2,1.0,0.7957396714933913
train,2013-1536,5,198,3,1.0,0.2494813580055098
train,2013-1536,6,199,0,0.0,0.5950912514455916
train,2013-1536,6,199,1,0.0,0.04611089667197065
train,2013-1536,7,200,0,1.0,0.850995239502619
train,2013-352,2,246,0,1.0,0.597931397858389
train,2013-352,2,246,1,0.0,0.46596358544001415
train,2013-352,2,246,2,1.0,0.5268126979290966
train,2013-352,2,246,3,1.0,0.6399722908958417
train,2013-352,2,246,4,1.0,0.34611039486603673
train,2013-352,2,246,5,1.0,0.3452357668251803
train,2013-352,2,246,6,0.0,0.6224270030152733
train,2013-352,2,246,7,0.0,0.49353088299184805
train,2013-352,2,246,8,0.0,0.4811634186509394
train,2013-352,2,246,9,0.0,0.44346275261603857
train,2013-352,2,246,10,0.0,0.22992377972116987
train,2013-352,2,246,11,0.0,0.3993586671285872
train,2013-352,2,246,12,0.0,0.6859507156384332
train,2013-352,2,246,13,1.0,0.605592691076963
train,2013-352,2,246,14,0.0,0.4746743364314455
train,2013-352,2,246,15,0.0,0.8189439515086493
train,2013-352,3,247,0,0.0,0.025200063826088154
train,2013-352,3,247,1,0.0,0.24985826658897503
train,2013-352,3,247,2,0.0,0.3324035230944969
train,2013-352,3,247,3,1.0,0.4095141320595166
train,2013-352,3,247,4,0.0,0.38862443083864817
train,2013-352,3,247,5,1.0,0.5204797578792145
train,2013-352,3,247,6,0.0,0.2237257688013133
train,2013-352,3,247,7,0.0,0.14841155223683192
train,2013-352,3,247,8,0.0,0.13406384717054334
train,2013-352,3,247,9,1.0,0.7313037487290399
train,2013-352,3,247,10,0.0,0.20200543328575807
train,2013-352,3,247,11,0.0,0.1250956316590309
train,2013-352,3,247,12,1.0,0.3615251595171696
train,2013-352,3,247,13,1.0,0.6806498990243643
train,2013-352,3,247,14,1.0,0.9452737363365824
train,2013-352,3,247,15,0.0,0.32719176015271384
train,2013-352,4,248,0,0.0,0.06750899329660782
train,2013-352,4,248,1,0.0,0.39534083082595445
train,2013-352,4,248,2,0.0,0.26421596634488126
train,2013-352,4,248,3,0.0,0.1578820827046832
train,2013-352,4,248,4,0.0,0.2888381541541238
train,2013-352,4,248,5,1.0,0.9115265866645149
train,2013-352,4,248,6,0.0,0.31527958970535036
train,2013-352,4,248,7,1.0,0.6253552269609534
train,2013-352,5,249,0,1.0,0.8728201882446566
train,2013-352,5,249,1,0.0,0.5156879297523659
train,2013-352,5,249,2,0.0,0.25113195471255284
train,2013-352,5,249,3,0.0,0.1792404341786696
train,2013-352,6,250,0,1.0,0.17195261557728697
train,2013-352,6,250,1,1.0,0.6462389025619985
train,2013-352,7,251,0,0.0,0.22908618111742704
train,2013-403,1,182,0,1.0,0.6249982730106495
train,2013-403,1,182,1,1.0,0.2613379124233771
train,2013-403,1,182,2,1.0,0.49426545657111276
train,2013-403,1,182,3,0.0,0.36053774662028576
train,2013-403,1,182,4,0.0,0.4730742735715076
train,2013-403,1,182,5,0.0,0.5101145735435061
train,2013-403,1,182,6,0.0,0.40694227721978976
train,2013-403,1,182,7,0.0,0.5491269468541811
train,2013-403,1,182,8,1.0,0.6714791753422985
train,2013-403,1,182,9,1.0,0.5116636865369245
train,2013-403,1,182,10,0.0,0.4635896551324127
train,2013-403,1,182,11,1.0,0.4915743382109686
train,2013-403,1,182,12,1.0,0.4552832188691142
train,2013-403,1,182,13,1.0,0.4367896372406866
train,2013-403,1,182,14,0.0,0.4678216722875703
train,2013-403,1,182,15,1.0,0.7002223070764078
train,2013-403,1,182,16,0.0,0.555870152451622
train,2013-403,1,182,17,0.0,0.356951321372505
train,2013-403,1,182,18,0.0,0.5526629475091587
train,2013-403,1,182,19,0.0,0.49386375274750316
train,2013-403,1,182,20,0.0,0.41393000072128394
train,2013-403,1,182,21,0.0,0.41346844941802013
train,2013-403,1,182,22,0.0,0.3635874664842522
train,2013-403,1,182,23,1.0,0.5750090822152994
train,2013-403,1,182,24,0.0,0.5878258905352913
train,2013-403,1,182,25,0.0,0.19839168845023744
train,2013-403,1,182,26,0.0,0.5936952320472892
train,2013-403,1,182,27,0.0,0.44382581771870344
train,2013-403,1,182,28,0.0,0.6149923701741731
train,2013-403,1,182,29,0.0,0.3206251988186916
train,2013-403,1,182,30,1.0,0.5683746984928137
train,2013-403,1,182,31,0.0,0.5664184419713435
train,2013-403,2,183,0,0.0,0.1553618673790157
train,2013-403,2,183,1,1.0,0.6819189346236946
train,2013-403,2,183,2,0.0,0.5659226937321127
train,2013-403,2,183,3,0.0,0.4932280661661393
train,2013-403,2,183,4,1.0,0.6552939707596401
train,2013-403,2,183,5,0.0,0.34372399789865754
train,2013-403,2,183,6,1.0,0.5187667602887988
train,2013-403,2,183,7,0.0,0.2393099891478344
train,2013-403,2,183,8,0.0,0.1023051165100252
train,2013-403,2,183,9,0.0,0.6780884165597091
train,2013-403,2,183,10,1.0,0.6757976590715185
train,2013-403,2,183,11,1.0,0.7889735368589379
train,2013-403,2,183,12,0.0,0.6466444906604266
train,2013-403,2,183,13,1.0,0.7509732237221687
train,2013-403,2,183,14,1.0,0.8573153825222954
train,2013-403,2,183,15,0.0,0.8740183092376169
train,2013-403,2,183,16,0.0,0.12612808871692233
train,2013-403,2,183,17,1.0,0.3773847292430529
train,2013-403,2,183,18,1.0,0.48139502361697944
train,2013-403,2,183,19,0.0,0.6144287171839219
train,2013-403,2,183,20,1.0,0.8050298000887356
train,2013-403,2,183,21,0.0,0.6054574789465074
train,2013-403,2,183,22,0.0,0.5371339765343242
train,2013-403,2,183,23,1.0,0.9205644795301644
train,2013-403,2,183,24,1.0,0.8190127834293799
train,2013-403,2,183,25,0.0,0.6600643172006329
train,2013-403,2,183,26,0.0,0.21451299716872413
train,2013-403,2,183,27,1.0,0.7130552744495217
train,2013-403,2,183,28,0.0,0.174580973151016
train,2013-403,2,183,29,0.0,0.4381137780316158
train,2013-403,2,183,30,0.0,0.4820916857896956
train,2013-403,2,183,31,1.0,0.9665235572600617
train,2013-403,3,184,0,1.0,0.7361687023077421
train,2013-403,3,184,1,0.0,0.12316774000828137
train,2013-403,3,184,2,1.0,0.6085719093784343
train,2013-403,3,184,3,1.0,0.8312591012553157
train,2013-403,3,184,4,1.0,0.5002026455403585
train,2013-403,3,184,5,0.0,0.030643640121190068
train,2013-403,3,184,6,0.0,0.5009497089390251
train,2013-403,3,184,7,0.0,0.44368296007978003
train,2013-403,3,184,8,0.0,0.22460906578668782
train,2013-403,3,184,9,0.0,0.11563375646102193
train,2013-403,3,184,10,1.0,0.6334975330730414
train,2013-403,3,184,11,1.0,0.5055687205209827
train,2013-403,3,184,12,1.0,0.8232691247096213
train,2013-403,3,184,13,1.0,0.8752127821809402
train,2013-403,3,184,14,1.0,0.44314290961756314
train,2013-403,3,184,15,0.0,0.21277550177367746
train,2013-403,4,185,0,0.0,0.48597726828323745
train,2013-403,4,185,1,0.0,0.16109728456483796
train,2013-403,4,185,2,1.0,0.33114942945990217
train,2013-403,4,185,3,1.0,0.8022656300692709
train,2013-403,4,185,4,1.0,0.5568132823190024
train,2013-403,4,185,5,1.0,0.7463829086813721
train,2013-403,4,185,6,1.0,0.5791929546750837
train,2013-403,4,185,7,1.0,0.07221190963437164
train,2013-403,5,186,0,0.0,0.20307057773030412
train,2013-403,5,186,1,1.0,0.37310474294903334
train,2013-403,5,186,2,0.0,0.12471721829045623
train,2013-403,5,186,3,1.0,0.33157064736866143
train,2013-403,6,187,0,0.0,0.315591026142486
train,2013-403,6,187,1,1.0,0.7780535199044573
train,2013-403,7,188,0,1.0,0.5351244007620397
train,2013-404,1,175,0,0.0,0.41264526774948906
train,2013-404,1,175,1,0.0,0.5413142078448911
train,2013-404,1,175,2,1.0,0.6026734088858947
train,2013-404,1,175,3,0.0,0.5282769629558618
train,2013-404,1,175,4,1.0,0.3714798058120586
train,2013-404,1,175,5,1.0,0.26503679734725305
train,2013-404,1,175,6,1.0,0.5557041378956149
train,2013-404,1,175,7,0.0,0.5892247708478308
train,2013-404,1,175,8,1.0,0.5810409379230136
train,2013-404,1,175,9,0.0,0.5306250463819904
train,2013-404,1,175,10,0.0,0.49513064905298776
train,2013-404,1,175,11,1.0,0.5625754569672614
train,2013-404,1,175,12,0.0,0.4463416991574924
train,2013-404,1,175,13,1.0,0.49250600582854703
train,2013-404,1,175,14,1.0,0.39162579867909836
train,2013-404,1,175,15,0.0,0.29144694105165053
train,2013-404,1,175,16,1.0,0.6680383059042844
train,2013-404,1,175,17,0.0,0.6028414227466165
train,2013-404,1,175,18,0.0,0.4423115170578947
train,2013-404,1,175,19,0.0,0.3465622014578087
train,2013-404,1,175,20,0.0,0.5198010621340051
train,2013-404,1,175,21,1.0,0.5238524779517607
train,2013-404,1,175,22,1.0,0.7560745685886731
train,2013-404,1,175,23,0.0,0.349855383392818
train,2013-404,1,175,24,0.0,0.3023507653183775
train,2013-404,1,175,25,1.0,0.325195797403573
train,2013-404,1,175,26,1.0,0.33600374137858524
train,2013-404,1,175,27,0.0,0.4887384485593959
train,2013-404,1,175,28,0.0,0.5384014940492812
train,2013-404,1,175,29,0.0,0.2435178122831612
train,2013-404,1,175,30,0.0,0.35168707146547795
train,2013-404,1,175,31,1.0,0.3957176351911885
train,2013-404,2,176,0,0.0,0.13938636277080688
train,2013-404,2,176,1,1.0,0.9265784692819323
train,2013-404,2,176,2,1.0,0.38377536718444716
train,2013-404,2,176,3,1.0,0.27644808080132655
train,2013-404,2,176,4,1.0,0.5020139410741172
train,2013-404,2,176,5,0.0,0.3113305804184635
train,2013-404,2,176,6,0.0,0.5783503777607099
train,2013-404,2,176,7,1.0,0.9158443187450687
train,2013-404,2,176,8,0.0,0.8219025832589263
train,2013-404,2,176,9,1.0,0.2927472054532215
train,2013-404,2,176,10,1.0,0.34724365732233803
train,2013-404,2,176,11,1.0,0.843197784722331
train,2013-404,2,176,12,1.0,0.7054034420370113
train,2013-404,2,176,13,1.0,0.21042007532065843
train,2013-404,2,176,14,0.0,0.4226293477845713
train,2013-404,2,176,15,1.0,0.9043540802534384
train,2013-404,2,176,16,1.0,0.3061564913749422
train,2013-404,2,176,17,1.0,0.7667509088593419
train,2013-404,2,176,18,0.0,0.39542246052831437
train,2013-404,2,176,19,0.0,0.20260581799097002
train,2013-404,2,176,20,0.0,0.24312432914029217
train,2013-404,2,176,21,1.0,0.3546044683702172
train,2013-404,2,176,22,0.0,0.4657726782547346
train,2013-404,2,176,23,1.0,0.886080533116155
train,2013-404,2,176,24,0.0,0.21251749422461533
train,2013-404,2,176,25,0.0,0.36126984545632745
train,2013-404,2,176,26,0.0,0.32286478763399895
train,2013-404,2,176,27,1.0,0.8093892993495437
train,2013-404,2,176,28,0.0,0.36106042817190503
train,2013-404,2,176,29,0.0,0.7193084496976543
train,2013-404,2,176,30,1.0,0.9339195282876818
train,2013-404,2,176,31,0.0,0.5083224178143048
train,2013-404,3,177,0,0.0,0.7453086888622603
train,2013-404,3,177,1,0.0,0.1362721278049704
train,2013-404,3,177,2,0.0,0.3319699073645648
train,2013-404,3,177,3,1.0,0.5000435882579697
train,2013-404,3,177,4,1.0,0.7019801464607537
train,2013-404,3,177,5,0.0,0.0765826694982679
train,2013-404,3,177,6,1.0,0.3418067547015145
train,2013-404,3,177,7,0.0,0.14684370349573428
train,2013-404,3,177,8,0.0,0.2483894014121524
train,2013-404,3,177,9,1.0,0.9318789877682249
train,2013-404,3,177,10,1.0,0.7958972222161168
train,2013-404,3,177,11,1.0,0.336684824550184
train,2013-404,3,177,12,0.0,0.06516674320006564
train,2013-404,3,177,13,1.0,0.6384428949920735
train,2013-404,3,177,14,1.0,0.7884843330222383
train,2013-404,3,177,15,0.0,0.19081760390889493
train,2013-404,4,178,0,1.0,0.8167018486137015
train,2013-404,4,178,1,0.0,0.06852051438871153
train,2013-404,4,178,2,1.0,0.31411936515802635
train,2013-404,4,178,3,1.0,0.5919667675080251
train,2013-404,4,178,4,0.0,0.27076293540853474
train,2013-404,4,178,5,0.0,0.13357268191960564
train,2013-404,4,178,6,0.0,0.34619194475772397
train,2013-404,4,178,7,1.0,0.8999971530681594
train,2013-404,5,179,0,1.0,0.4354481289887044
train,2013-404,5,179,1,1.0,0.7728790731219138
train,2013-404,5,179,2,1.0,0.3815915942841451
train,2013-404,5,179,3,1.0,0.8067561856741342
train,2013-404,6,180,0,1.0,0.7155845244777971
train,2013-404,6,180,1,1.0,0.21752066361714806
train,2013-404,7,181,0,0.0,0.2450951570447032
train,2013-410,2,189,0,0.0,0.6561342030881092
train,2013-410,2,189,1,1.0,0.591324397708999
train,2013-410,2,189,2,0.0,0.6766034328682797
train,2013-410,2,189,3,1.0,0.6908959332769276
train,2013-410,2,189,4,1.0,0.5852666053655122
train,2013-410,2,189,5,0.0,0.47073063014843725
train,2013-410,2,189,6,1.0,0.6266072735182988
train,2013-410,2,189,7,0.0,0.6178735254204666
train,2013-410,2,189,8,1.0,0.3974433688526305
train,2013-410,2,189,9,0.0,0.15875150551927839
train,2013-410,2,189,10,1.0,0.6489931611109895
train,2013-410,2,189,11,0.0,0.532223568572544
train,2013-410,2,189,12,1.0,0.40540260695169983
train,2013-410,2,189,13,0.0,0.17860624533220978
train,2013-410,2,189,14,1.0,0.5022564895671455
train,2013-410,2,189,15,0.0,0.20327932875586613
train,2013-410,2,189,16,1.0,0.7813622115195741
train,2013-410,2,189,17,1.0,0.4312276755960382
train,2013-410,2,189,18,1.0,0.6314216327393416
train,2013-410,2,189,19,0.0,0.7653270539538299
train,2013-410,2,189,20,1.0,0.4325819322980167
train,2013-410,2,189,21,0.0,0.41333272156318995
train,2013-410,2,189,22,1.0,0.11711656577063645
train,2013-410,2,189,23,0.0,0.20117579160637675
train,2013-410,3,190,0,0.0,0.08480130231196936
train,2013-410,3,190,1,1.0,0.8371270839732462
train,2013-410,3,190,2,0.0,0.748540708686651
train,2013-410,3,190,3,1.0,0.7895885371783776
train,2013-410,3,190,4,1.0,0.8207324179795765
train,2013-410,3,190,5,0.0,0.36241403734862554
train,2013-410,3,190,6,1.0,0.6271033452271211
train,2013-410,3,190,7,0.0,0.7109770306113353
train,2013-410,3,190,8,0.0,0.4189857188609092
train,2013-410,3,190,9,1.0,0.967091526519864
train,2013-410,3,190,10,1.0,0.546457407881562
train,2013-410,3,190,11,0.0,0.15327558872727418
train,2013-410,3,190,12,0.0,0.6726435619130994
train,2013-410,3,190,13,0.0,0.2630667270689997
train,2013-410,3,190,14,1.0,0.6307091801692534
train,2013-410,3,190,15,1.0,0.944783256747639
train,2013-410,4,191,0,1.0,0.9232160354069663
train,2013-410,4,191,1,0.0,0.8116006760742559
train,2013-410,4,191,2,0.0,0.2104742846896087
train,2013-410,4,191,3,1.0,0.6250220704588629
train,2013-410,4,191,4,0.0,0.47832025153525987
train,2013-410,4,191,5,1.0,0.9384257847857704
train,2013-410,4,191,6,1.0,0.31082343335028717
train,2013-410,4,191,7,0.0,0.8451548398730541
train,2013-410,5,192,0,1.0,0.9459156695421743
train,2013-410,5,192,1,0.0,0.7635548978181952
train,2013-410,5,192,2,0.0,0.055803852961208954
train,2013-410,5,192,3,1.0,0.5216100763860496
train,2013-410,6,193,0,0.0,0.0683455926099158
train,2013-410,6,193,1,1.0,0.8512234099130178
train,2013-410,7,194,0,0.0,0.5870420077274092
train,2013-416,2,201,0,1.0,0.5385022568264191
train,2013-416,2,201,1,1.0,0.8622257350055724
train,2013-416,2,201,2,0.0,0.14193473415078428
train,2013-416,2,201,3,0.0,0.17137088899804181
train,2013-416,2,201,4,1.0,0.6182887708068799
train,2013-416,2,201,5,0.0,0.6062531332787174
train,2013-416,2,201,6,0.0,0.29480398400496227
train,2013-416,2,201,7,0.0,0.5826227337627995
train,2013-416,2,201,8,1.0,0.6434849150041319
train,2013-416,2,201,9,1.0,0.43457031608031177
train,2013-416,2,201,10,1.0,0.5109397453852677
train,2013-416,2,201,11,1.0,0.7845756547613859
train,2013-416,2,201,12,0.0,0.6253820793668128
train,2013-416,2,201,13,0.0,0.6197114395338142
train,2013-416,2,201,14,0.0,0.7225478832125896
train,2013-416,2,201,15,1.0,0.8679903384301739
train,2013-416,2,201,16,0.0,0.657669115501147
train,2013-416,2,201,17,1.0,0.7581609093633106
train,2013-416,2,201,18,0.0,0.3837846882941585
train,2013-416,2,201,19,0.0,0.4938008711653884
train,2013-416,2,201,20,1.0,0.5574829628284923
train,2013-416,2,201,21,0.0,0.16111973302828841
train,2013-416,2,201,22,0.0,0.71218899132968
train,2013-416,2,201,23,0.0,0.4749554152923538
train,2013-416,3,202,0,0.0,0.038637744332662725
train,2013-416,3,202,1,1.0,0.7304556513700047
train,2013-416,3,202,2,1.0,0.6957360661509621
train,2013-416,3,202,3,0.0,0.7759448118954474
train,2013-416,3,202,4,0.0,0.5471776309065276
train,2013-416,3,202,5,0.0,0.7229847627870359
train,2013-416,3,202,6,0.0,0.11667052157823496
train,2013-416,3,202,7,0.0,0.06222304152483191
train,2013-416,3,202,8,1.0,0.423355435282456
train,2013-416,3,202,9,1.0,0.624022253933295
train,2013-416,3,202,10,0.0,0.8489235139702135
train,2013-416,3,202,11,1.0,0.785069047207686
train,2013-416,3,202,12,0.0,0.13923034763129455
train,2013-416,3,202,13,0.0,0.7591478088659108
train,2013-416,3,202,14,1.0,0.43957928862648205
train,2013-416,3,202,15,1.0,0.9636891446758694
train,2013-416,4,203,0,0.0,0.07305639421292236
train,2013-416,4,203,1,1.0,0.9552012617750716
train,2013-416,4,203,2,1.0,0.8006158083612144
train,2013-416,4,203,3,0.0,0.7976172917741371
train,2013-416,4,203,4,1.0,0.4964774376192614
train,2013-416,4,203,5,1.0,0.26014799597480515
train,2013-416,4,203,6,0.0,0.241352415619502
train,2013-416,4,203,7,0.0,0.1819722755560996
train,2013-416,5,204,0,1.0,0.2156158553417658
train,2013-416,5,204,1,0.0,0.18910833744685202
train,2013-416,5,204,2,0.0,0.5259228642012544
train,2013-416,5,204,3,0.0,0.08959724068443978
train,2013-416,6,205,0,1.0,0.8062828575473385
train,2013-416,6,205,1,1.0,0.9216119152270883
train,2013-416,7,206,0,0.0,0.3631094522939051
train,2013-421,2,221,0,0.0,0.49634375703897493
train,2013-421,2,221,1,0.0,0.7592256047632154
train,2013-421,2,221,2,1.0,0.30546490415254923
train,2013-421,2,221,3,1.0,0.8926619350670526
train,2013-421,2,221,4,0.0,0.35015059470141346
train,2013-421,2,221,5,1.0,0.47774603719499376
train,2013-421,2,221,6,1.0,0.34676388178277584
train,2013-421,2,221,7,1.0,0.6042448922130043
train,2013-421,2,221,8,0.0,0.2358639300464836
train,2013-421,2,221,9,1.0,0.5139453531422715
train,2013-421,2,221,10,0.0,0.5333213138741892
train,2013-421,2,221,11,1.0,0.4381494823272321
train,2013-421,2,221,12,0.0,0.7340347485176425
train,2013-421,2,221,13,1.0,0.4277540686904499
train,2013-421,2,221,14,0.0,0.5752930914600586
train,2013-421,2,221,15,0.0,0.4627463225411739
train,2013-421,2,221,16,1.0,0.6116171348763165
train,2013-421,2,221,17,0.0,0.4455490182881346
train,2013-421,2,221,18,1.0,0.5595268167848899
train,2013-421,2,221,19,1.0,0.3814781385254342
train,2013-421,2,221,20,0.0,0.3287551206458333
train,2013-421,2,221,21,0.0,0.707466509657193
train,2013-421,2,221,22,1.0,0.364103848380827
train,2013-421,2,221,23,0.0,0.46130098394372065
train,2013-421,3,222,0,0.0,0.1503716617315081
train,2013-421,3,222,1,1.0,0.4432046592543347
train,2013-421,3,222,2,1.0,0.5455999677409856
train,2013-421,3,222,3,0.0,0.22224616068067135
train,2013-421,3,222,4,1.0,0.10281715886139614
train,2013-421,3,222,5,0.0,0.7819179141053083
train,2013-421,3,222,6,0.0,0.7227599555063202
train,2013-421,3,222,7,1.0,0.7763116654425797
train,2013-421,3,222,8,0.0,0.7325017342991299
train,2013-421,3,222,9,1.0,0.5623437537506942
train,2013-421,3,222,10,0.0,0.03525089044569533
train,2013-421,3,222,11,1.0,0.8334604633353069
train,2013-421,3,222,12,1.0,0.7925834725079217
train,2013-421,3,222,13,0.0,0.21694358150012397
train,2013-421,3,222,14,0.0,0.35166135939181725
train,2013-421,3,222,15,1.0,0.9399007331942191
train,2013-421,4,223,0,1.0,0.9410439540021166
train,2013-421,4,223,1,0.0,0.42553272287716826
train,2013-421,4,223,2,0.0,0.6738110788928605
train,2013-421,4,223,3,1.0,0.10835906134419586
train,2013-421,4,223,4,0.0,0.3406521052368843
train,2013-421,4,223,5,0.0,0.664426205755813
train,2013-421,4,223,6,0.0,0.8407684571113512
train,2013-421,4,223,7,0.0,0.09569467800731628
train,2013-421,5,224,0,1.0,0.831925703313148
train,2013-421,5,224,1,1.0,0.9604887247997869
train,2013-421,5,224,2,0.0,0.6741566459087476
train,2013-421,5,224,3,0.0,0.4206841389702314
train,2013-421,6,225,0,0.0,0.4517831644478334
train,2013-421,6,225,1,1.0,0.749386085524335
train,2013-421,7,226,0,1.0,0.9037444300525556
train,2013-422,2,227,0,0.0,0.43779405216108613
train,2013-422,2,227,1,0.0,0.7958886080444089
train,2013-422,2,227,2,1.0,0.7936127989092058
train,2013-422,2,227,3,1.0,0.5782390511764423
train,2013-422,2,227,4,1.0,0.5611652586118657
train,2013-422,2,227,5,1.0,0.3762564871988072
train,2013-422,2,227,6,0.0,0.518999941979022
train,2013-422,2,227,7,0.0,0.7136165817727775
train,2013-422,2,227,8,1.0,0.26735520128140994
train,2013-422,2,227,9,0.0,0.28459321934270926
train,2013-422,2,227,10,1.0,0.49555229440502196
train,2013-422,2,227,11,0.0,0.2978762417405199
train,2013-422,2,227,12,1.0,0.6114324895145825
train,2013-422,2,227,13,0.0,0.5194508696636788
train,2013-422,2,227,14,1.0,0.547995863100771
train,2013-422,2,227,15,1.0,0.4883116727807596
train,2013-422,2,227,16,0.0,0.2756092321594473
train,2013-422,2,227,17,0.0,0.4961326349429955
train,2013-422,2,227,18,1.0,0.6015669981613834
train,2013-422,2,227,19,1.0,0.38009583650871315
train,2013-422,2,227,20,1.0,0.383332537288304
train,2013-422,2,227,21,0.0,0.6069558544652494
train,2013-422,2,227,22,1.0,0.543426401344779
train,2013-422,2,227,23,0.0,0.4185842023982067
train,2013-422,3,228,0,1.0,0.810439436096383
train,2013-422,3,228,1,1.0,0.47703348446221483
train,2013-422,3,228,2,0.0,0.7626594872248729
train,2013-422,3,228,3,1.0,0.8340548336111404
train,2013-422,3,228,4,1.0,0.9709157826276364
train,2013-422,3,228,5,0.0,0.11781063327817301
train,2013-422,3,228,6,0.0,0.33666779117655105
train,2013-422,3,228,7,1.0,0.716924673823226
train,2013-422,3,228,8,0.0,0.5804136331464672
train,2013-422,3,228,9,0.0,0.5586362517356778
train,2013-422,3,228,10,0.0,0.3145716744359836
train,2013-422,3,228,11,0.0,0.14424154063774994
train,2013-422,3,228,12,1.0,0.2916681113080477
train,2013-422,3,228,13,1.0,0.5087965423727928
train,2013-422,3,228,14,1.0,0.5034806402534412
train,2013-422,3,228,15,0.0,0.0815848341826793
train,2013-422,4,229,0,1.0,0.9509557891942467
train,2013-422,4,229,1,0.0,0.8803436906305052
train,2013-422,4,229,2,1.0,0.7933507882792467
train,2013-422,4,229,3,0.0,0.17128346690359203
train,2013-422,4,229,4,1.0,0.9243894277715499
train,2013-422,4,229,5,0.0,0.1928448645151154
train,2013-422,4,229,6,0.0,0.1645315739539922
train,2013-422,4,229,7,0.0,0.588003602773786
train,2013-422,5,230,0,1.0,0.8256728630776575
train,2013-422,5,230,1,1.0,0.672783649493675
train,2013-422,5,230,2,1.0,0.44517391422980446
train,2013-422,5,230,3,1.0,0.0842839701782133
train,2013-422,6,231,0,0.0,0.6955999114693949
train,2013-422,6,231,1,1.0,0.807798316404532
train,2013-422,7,232,0,1.0,0.9229756532600822
train,2013-5014,2,240,0,1.0,0.3838341211265328
train,2013-5014,2,240,1,1.0,0.37728339540639777
train,2013-5014,2,240,2,1.0,0.7034818083026833
train,2013-5014,2,240,3,1.0,0.7008843727083409
train,2013-5014,2,240,4,1.0,0.1854491098121884
train,2013-5014,2,240,5,1.0,0.6255105646858933
train,2013-5014,2,240,6,1.0,0.3457376760013633
train,2013-5014,2,240,7,0.0,0.244732319529862
train,2013-5014,2,240,8,0.0,0.3994299826605498
train,2013-5014,2,240,9,1.0,0.46359523946994674
train,2013-5014,2,240,10,1.0,0.36829786167228307
train,2013-5014,2,240,11,1.0,0.8635820423195719
train,2013-5014,2,240,12,0.0,0.2549374840038299
train,2013-5014,2,240,13,0.0,0.36696116200929935
train,2013-5014,2,240,14,1.0,0.47368082286270535
train,2013-5014,2,240,15,0.0,0.26513894533246474
train,2013-5014,2,240,16,1.0,0.6839721113950407
train,2013-5014,2,240,17,0.0,0.1615472172770808
train,2013-5014,2,240,18,0.0,0.5178864301896687
train,2013-5014,2,240,19,0.0,0.23998540965541335
train,2013-5014,2,240,20,0.0,0.5040904233075114
train,2013-5014,2,240,21,1.0,0.5603581472656635
train,2013-5014,2,240,22,1.0,0.8113617689691197
train,2013-5014,2,240,23,1.0,0.8785377516514724
train,2013-5014,3,241,0,0.0,0.0887887464481766
train,2013-5014,3,241,1,1.0,0.32866809733632757
train,2013-5014,3,241,2,1.0,0.5989720495120717
train,2013-5014,3,241,3,1.0,0.6655473147584804
train,2013-5014,3,241,4,1.0,0.6397834939005239
train,2013-5014,3,241,5,0.0,0.40461783178322874
train,2013-5014,3,241,6,1.0,0.7935928956700419
train,2013-5014,3,241,7,1.0,0.7896790317944555
train,2013-5014,3,241,8,0.0,0.2933239795486222
train,2013-5014,3,241,9,1.0,0.8193655064364774
train,2013-5014,3,241,10,0.0,0.5796437394357891
train,2013-5014,3,241,11,1.0,0.8583774040471512
train,2013-5014,3,241,12,1.0,0.62495113611791
train,2013-5014,3,241,13,0.0,0.15693803522724292
train,2013-5014,3,241,14,0.0,0.11101377629723462
train,2013-5014,3,241,15,1.0,0.46980488905890094
train,2013-5014,4,242,0,1.0,0.8868746758988351
train,2013-5014,4,242,1,1.0,0.15913588684505933
train,2013-5014,4,242,2,0.0,0.41229060917464583
train,2013-5014,4,242,3,1.0,0.548336639889439
train,2013-5014,4,242,4,0.0,0.6910435763326711
train,2013-5014,4,242,5,1.0,0.5967917561274996
train,2013-5014,4,242,6,1.0,0.9431205611799124
train,2013-5014,4,242,7,0.0,0.8050222420773258
train,2013-5014,5,243,0,1.0,0.8684498446404656
train,2013-5014,5,243,1,0.0,0.2417266429345138
train,2013-5014,5,243,2,0.0,0.41391008468284973
train,2013-5014,5,243,3,1.0,0.8125125078167698
train,2013-5014,6,244,0,1.0,0.7554336088203911
train,2013-5014,6,244,1,1.0,0.17232382885936698
train,2013-5014,7,245,0,0.0,0.22928864029213655
train,2013-520,1,207,0,0.0,0.023190525153112852
train,2013-520,1,207,1,0.0,0.46634312910355274
train,2013-520,1,207,2,0.0,0.3454547863248353
train,2013-520,1,207,3,0.0,0.30009551072288554
train,2013-520,1,207,4,1.0,0.566493804121919
train,2013-520,1,207,5,1.0,0.9412892546126848
train,2013-520,1,207,6,0.0,0.15180537870980768
train,2013-520,1,207,7,1.0,0.3765224989868167
train,2013-520,1,207,8,1.0,0.702935733456895
train,2013-520,1,207,9,0.0,0.38641635804889063
train,2013-520,1,207,10,1.0,0.872637679792825
train,2013-520,1,207,11,1.0,0.5989796319753411
train,2013-520,1,207,12,1.0,0.6039533076614002
train,2013-520,1,207,13,0.0,0.01972196302805895
train,2013-520,1,207,14,0.0,0.26518470003677347
train,2013-520,1,207,15,1.0,0.4553771670784483
train,2013-520,1,207,16,1.0,0.8905925155350218
train,2013-520,1,207,17,0.0,0.4402930495941445
train,2013-520,1,207,18,1.0,0.6513544022872347
train,2013-520,1,207,19,1.0,0.5854792622838643
train,2013-520,1,207,20,0.0,0.6414052483129206
train,2013-520,1,207,21,1.0,0.8122038095113584
train,2013-520,1,207,22,1.0,0.8429944201800105
train,2013-520,1,207,23,0.0,0.3631806834854507
train,2013-520,1,207,24,0.0,0.6689063438665521
train,2013-520,1,207,25,1.0,0.24593845641678017
train,2013-520,1,207,26,1.0,0.6898617231117847
train,2013-520,1,207,27,0.0,0.36130036816478484
train,2013-520,1,207,28,0.0,0.6847234133257026
train,2013-520,1,207,29,1.0,0.9623210952903478
train,2013-520,1,207,30,1.0,0.7224820929805302
train,2013-520,1,207,31,1.0,0.7001735627991785
train,2013-520,1,207,32,0.0,0.39245313711078006
train,2013-520,1,207,33,1.0,0.8701100895248794
train,2013-520,1,207,34,1.0,0.5128138051199878
train,2013-520,1,207,35,0.0,0.27033127598620527
train,2013-520,1,207,36,0.0,0.2858664566813281
train,2013-520,1,207,37,1.0,0.45954764681760935
train,2013-520,1,207,38,0.0,0.4974875415996918
train,2013-520,1,207,39,0.0,0.14966710976418693
train,2013-520,1,207,40,1.0,0.1838032289448637
train,2013-520,1,207,41,0.0,0.31098357896841705
train,2013-520,1,207,42,1.0,0.3241137530030943
train,2013-520,1,207,43,1.0,0.7657528376299695
train,2013-520,1,207,44,0.0,0.46521256638077596
train,2013-520,1,207,45,1.0,0.5917663487123551
train,2013-520,1,207,46,1.0,0.9047639821325043
train,2013-520,1,207,47,1.0,0.912624910071473
train,2013-520,1,207,48,0.0,0.19141884219037536
train,2013-520,1,207,49,1.0,0.4828929596419885
train,2013-520,1,207,50,0.0,0.8526569146992327
train,2013-520,1,207,51,1.0,0.6282358589586636
train,2013-520,1,207,52,0.0,0.17762485625260754
train,2013-520,1,207,53,1.0,0.3324370188125307
train,2013-520,1,207,54,1.0,0.6678407768141859
train,2013-520,1,207,55,0.0,0.4213323801264055
train,2013-520,1,207,56,0.0,0.32214624416246534
train,2013-520,1,207,57,1.0,0.9049961006348436
train,2013-520,1,207,58,0.0,0.27108480573660787
train,2013-520,1,207,59,1.0,0.6462017993014835
train,2013-520,1,207,60,0.0,0.36312375029493293
train,2013-520,1,207,61,1.0,0.8927795139900095
train,2013-520,1,207,62,0.0,0.6184040498681331
train,2013-520,1,207,63,1.0,0.6843398887911203
train,2013-520,2,208,0,1.0,0.6776914266344021
train,2013-520,2,208,1,1.0,0.7971312456976667
train,2013-520,2,208,2,1.0,0.6876591170878135
train,2013-520,2,208,3,1.0,0.7573816486276286
train,2013-520,2,208,4,0.0,0.37535530442745063
train,2013-520,2,208,5,0.0,0.09740414923568927
train,2013-520,2,208,6,0.0,0.07414044290337561
train,2013-520,2,208,7,1.0,0.6916616637429315
train,2013-520,2,208,8,1.0,0.61148204870688
train,2013-520,2,208,9,1.0,0.8802225401187366
train,2013-520,2,208,10,1.0,0.7681944030071768
train,2013-520,2,208,11,0.0,0.44084544035879186
train,2013-520,2,208,12,0.0,0.19186610561006132
train,2013-520,2,208,13,1.0,0.512380372351023
train,2013-520,2,208,14,0.0,0.31084224244597347
train,2013-520,2,208,15,0.0,0.4705780404325548
train,2013-520,2,208,16,1.0,0.6909657928125964
train,2013-520,2,208,17,0.0,0.11258584764608125
train,2013-520,2,208,18,1.0,0.8121284469320299
train,2013-520,2,208,19,0.0,0.33052625225077237
train,2013-520,2,208,20,1.0,0.7128557399878447
train,2013-520,2,208,21,1.0,0.9746483195535902
train,2013-520,2,208,22,1.0,0.5575537264746464
train,2013-520,2,208,23,1.0,0.6461227349430582
train,2013-520,2,208,24,1.0,0.7941550334532891
train,2013-520,2,208,25,1.0,0.6715094283657762
train,2013-520,2,208,26,0.0,0.5453900303832805
train,2013-520,2,208,27,1.0,0.8173375964970131
train,2013-520,2,208,28,1.0,0.9326578578248443
train,2013-520,2,208,29,0.0,0.042947591660919715
train,2013-520,2,208,30,1.0,0.9746605261425555
train,2013-520,2,208,31,1.0,0.703144005930526
train,2013-520,3,209,0,1.0,0.8795742856831208
train,2013-520,3,209,1,0.0,0.24575776123880474
train,2013-520,3,209,2,0.0,0.07395557039583643
train,2013-520,3,209,3,1.0,0.7472742956446673
train,2013-520,3,209,4,0.0,0.6797456695077686
train,2013-520,3,209,5,0.0,0.24998577793450844
train,2013-520,3,209,6,1.0,0.5251931849584098
train,2013-520,3,209,7,1.0,0.6842128691556181
train,2013-520,3,209,8,0.0,0.6401032808661884
train,2013-520,3,209,9,0.0,0.2057758599940304
train,2013-520,3,209,10,0.0,0.2661318985381449
train,2013-520,3,209,11,1.0,0.6960658391830661
train,2013-520,3,209,12,0.0,0.06449211570162126
train,2013-520,3,209,13,0.0,0.62789529506557
train,2013-520,3,209,14,0.0,0.3743663004226529
train,2013-520,3,209,15,1.0,0.9178305302909143
train,2013-520,4,210,0,1.0,0.8320689089732666
train,2013-520,4,210,1,0.0,0.2261312061116616
train,2013-520,4,210,2,0.0,0.23637174171664208
train,2013-520,4,210,3,0.0,0.7622968564156168
train,2013-520,4,210,4,1.0,0.5333267291880024
train,2013-520,4,210,5,0.0,0.10853857883494783
train,2013-520,4,210,6,1.0,0.6259928324140934
train,2013-520,4,210,7,1.0,0.92009852511419
train,2013-520,5,211,0,1.0,0.1913821689073074
train,2013-520,5,211,1,1.0,0.8682127998258357
train,2013-520,5,211,2,1.0,0.8590905445807433
train,2013-520,5,211,3,1.0,0.8907511970398166
train,2013-520,6,212,0,0.0,0.37427633019454654
train,2013-520,6,212,1,1.0,0.6042853571617093
train,2013-520,7,213,0,1.0,0.8114370402328192
train,2013-540,1,214,0,0.0,0.0741065311388428
train,2013-540,1,214,1,1.0,0.6539785852433497
train,2013-540,1,214,2,1.0,0.5645258355650072
train,2013-540,1,214,3,0.0,0.47766985791746774
train,2013-540,1,214,4,1.0,0.5722283164223906
train,2013-540,1,214,5,0.0,0.17048280704984534
train,2013-540,1,214,6,0.0,0.7204697692992124
train,2013-540,1,214,7,1.0,0.4824126595040621
train,2013-540,1,214,8,0.0,0.29458826861912124
train,2013-540,1,214,9,0.0,0.27561162964036356
train,2013-540,1,214,10,0.0,0.20340484872114753
train,2013-540,1,214,11,0.0,0.4438242952537886
train,2013-540,1,214,12,1.0,0.6823180035727038
train,2013-540,1,214,13,1.0,0.9597477730938521
train,2013-540,1,214,14,1.0,0.8788863208272767
train,2013-540,1,214,15,1.0,0.7555095606780613
train,2013-540,1,214,16,0.0,0.5675960346133943
train,2013-540,1,214,17,1.0,0.7693475558606372
train,2013-540,1,214,18,0.0,0.5850935389017924
train,2013-540,1,214,19,0.0,0.4803450390205412
train,2013-540,1,214,20,0.0,0.19659569947825473
train,2013-540,1,214,21,0.0,0.21328380330800742
train,2013-540,1,214,22,1.0,0.4634143537160518
train,2013-540,1,214,23,0.0,0.4543847854865969
train,2013-540,1,214,24,0.0,0.769119573650571
train,2013-540,1,214,25,1.0,0.5966147261824781
train,2013-540,1,214,26,1.0,0.286819482503053
train,2013-540,1,214,27,1.0,0.47863525113981253
train,2013-540,1,214,28,0.0,0.054970191474498976
train,2013-540,1,214,29,1.0,0.6767344991127592
train,2013-540,1,214,30,0.0,0.6337539043079855
train,2013-540,1,214,31,0.0,0.3941419939565521
train,2013-540,1,214,32,0.0,0.369315106565133
train,2013-540,1,214,33,0.0,0.14635460632118213
train,2013-540,1,214,34,1.0,0.5904732823803608
train,2013-540,1,214,35,0.0,0.43126892512584214
train,2013-540,1,214,36,0.0,0.33691232646177816
train,2013-540,1,214,37,0.0,0.42409614830609177
train,2013-540,1,214,38,0.0,0.5229635216097428
train,2013-540,1,214,39,1.0,0.36378634259003034
train,2013-540,1,214,40,1.0,0.7042697384362187
train,2013-540,1,214,41,0.0,0.6104211514153132
train,2013-540,1,214,42,0.0,0.2002992573567674
train,2013-540,1,214,43,1.0,0.6752681484360162
train,2013-540,1,214,44,0.0,0.326982041331361
train,2013-540,1,214,45,0.0,0.37134252881565916
train,2013-540,1,214,46,1.0,0.8520052248166423
train,2013-540,1,214,47,0.0,0.03964773011091595
train,2013-540,1,214,48,1.0,0.46816484584399376
train,2013-540,1,214,49,1.0,0.303177589311368
train,2013-540,1,214,50,1.0,0.5937145049641782
train,2013-540,1,214,51,1.0,0.6358190830092868
train,2013-540,1,214,52,1.0,0.24215694400114607
train,2013-540,1,214,53,1.0,0.7909829428500356
train,2013-540,1,214,54,1.0,0.6860444252073562
train,2013-540,1,214,55,0.0,0.750690354388378
train,2013-540,1,214,56,1.0,0.1673295873774002
train,2013-540,1,214,57,1.0,0.3161428422054124
train,2013-540,1,214,58,1.0,0.505943085811063
train,2013-540,1,214,59,1.0,0.7949885064868122
train,2013-540,1,214,60,1.0,0.025473441920720763
train,2013-540,1,214,61,0.0,0.16591610707242138
train,2013-540,1,214,62,1.0,0.38751101230471313
train,2013-540,1,214,63,1.0,0.8591238174292624
train,2013-540,2,215,0,0.0,0.746156224843054
train,2013-540,2,215,1,1.0,0.35770030207821024
train,2013-540,2,215,2,1.0,0.8128094191930884
train,2013-540,2,215,3,1.0,0.5992241231470686
train,2013-540,2,215,4,1.0,0.6874157371263877
train,2013-540,2,215,5,0.0,0.43352038626894857
train,2013-540,2,215,6,1.0,0.20473360040508853
train,2013-540,2,215,7,1.0,0.752757419360114
train,2013-540,2,215,8,0.0,0.8177343455696583
train,2013-540,2,215,9,1.0,0.7491388181117002
train,2013-540,2,215,10,1.0,0.7139001821530222
train,2013-540,2,215,11,1.0,0.045638774089333894
train,2013-540,2,215,12,1.0,0.5779261807937507
train,2013-540,2,215,13,0.0,0.739966430414826
train,2013-540,2,215,14,1.0,0.31336064680283693
train,2013-540,2,215,15,0.0,0.4463145911319264
train,2013-540,2,215,16,0.0,0.20275727992086767
train,2013-540,2,215,17,1.0,0.6106090243868515
train,2013-540,2,215,18,0.0,0.2557606459274402
train,2013-540,2,215,19,1.0,0.6588284794631367
train,2013-540,2,215,20,0.0,0.10511758039114898
train,2013-540,2,215,21,0.0,0.10946298844681836
train,2013-540,2,215,22,1.0,0.776382330294522
train,2013-540,2,215,23,1.0,0.5768896659451915
train,2013-540,2,215,24,1.0,0.8691768720900013
train,2013-540,2,215,25,0.0,0.16040024928773794
train,2013-540,2,215,26,1.0,0.5999897305975196
train,2013-540,2,215,27,0.0,0.28206754030699216
train,2013-540,2,215,28,1.0,0.8714085635522767
train,2013-540,2,215,29,1.0,0.5505926534891104
train,2013-540,2,215,30,0.0,0.029560959169169516
train,2013-540,2,215,31,0.0,0.11724347323085908
train,2013-540,3,216,0,1.0,0.5184165605969805
train,2013-540,3,216,1,0.0,0.06882734768133364
train,2013-540,3,216,2,1.0,0.8449565841384749
train,2013-540,3,216,3,1.0,0.5183198452211811
train,2013-540,3,216,4,0.0,0.7341749237876778
train,2013-540,3,216,5,1.0,0.6099550064467542
train,2013-540,3,216,6,1.0,0.5840941553717238
train,2013-540,3,216,7,0.0,0.5800792808197955
train,2013-540,3,216,8,1.0,0.4856202212741555
train,2013-540,3,216,9,1.0,0.3574251639037654
train,2013-540,3,216,10,0.0,0.16887701161670343
train,2013-540,3,216,11,0.0,0.7079959540000034
train,2013-540,3,216,12,1.0,0.8054395593706541
train,2013-540,3,216,13,0.0,0.2700103907633191
train,2013-540,3,216,14,0.0,0.7848097736948425
train,2013-540,3,216,15,1.0,0.7172192458102962
train,2013-540,4,217,0,0.0,0.19014022514163528
train,2013-540,4,217,1,0.0,0.2440776399019935
train,2013-540,4,217,2,0.0,0.30857369316996114
train,2013-540,4,217,3,1.0,0.6067623185815654
train,2013-540,4,217,4,1.0,0.772113026612543
train,2013-540,4,217,5,0.0,0.13067987502484274
train,2013-540,4,217,6,1.0,0.8847231529459736
train,2013-540,4,217,7,0.0,0.17170273597709146
train,2013-540,5,218,0,1.0,0.7881278055086375
train,2013-540,5,218,1,1.0,0.7048490576629414
train,2013-540,5,218,2,0.0,0.5972944968218364
train,2013-540,5,218,3,1.0,0.8038161747775494
train,2013-540,6,219,0,1.0,0.762428960087679
train,2013-540,6,219,1,1.0,0.8260963410164888
train,2013-540,7,220,0,0.0,0.7669969253542045
train,2013-560,1,233,0,1.0,0.21067465579383057
train,2013-560,1,233,1,0.0,0.6791485235212037
train,2013-560,1,233,2,0.0,0.2383404181339622
train,2013-560,1,233,3,0.0,0.3438885050429098
train,2013-560,1,233,4,1.0,0.42376802039706174
train,2013-560,1,233,5,1.0,0.727500018780267
train,2013-560,1,233,6,1.0,0.292520301506641
train,2013-560,1,233,7,0.0,0.43682662277271833
train,2013-560,1,233,8,1.0,0.5507134068651219
train,2013-560,1,233,9,0.0,0.35307519526668757
train,2013-560,1,233,10,0.0,0.5935365063146042
train,2013-560,1,233,11,1.0,0.4276300784573059
train,2013-560,1,233,12,1.0,0.560834099441895
train,2013-560,1,233,13,1.0,0.8815758226623636
train,2013-560,1,233,14,0.0,0.14704496398966788
train,2013-560,1,233,15,0.0,0.24633187732572853
train,2013-560,1,233,16,1.0,0.5109407620134047
train,2013-560,1,233,17,1.0,0.9626661000324968
train,2013-560,1,233,18,1.0,0.6745961194868394
train,2013-560,1,233,19,0.0,0.3702231757417139
train,2013-560,1,233,20,0.0,0.47698262872194186
train,2013-560,1,233,21,0.0,0.1944102010241032
train,2013-560,1,233,22,0.0,0.7715470375514727
train,2013-560,1,233,23,1.0,0.7665703308687893
train,2013-560,1,233,24,1.0,0.5768670656823399
train,2013-560,1,233,25,0.0,0.6863397709793407
train,2013-560,1,233,26,0.0,0.7841085936621707
train,2013-560,1,233,27,0.0,0.44370661741332446
train,2013-560,1,233,28,1.0,0.4579438635951632
train,2013-560,1,233,29,1.0,0.9674031430512593
train,2013-560,1,233,30,1.0,0.3003782144276
train,2013-560,1,233,31,1.0,0.680753976023865
train,2013-560,1,233,32,0.0,0.6245863896207908
train,2013-560,1,233,33,1.0,0.9173554234654591
train,2013-560,1,233,34,0.0,0.19974677323999251
train,2013-560,1,233,35,1.0,0.3546572040350981
train,2013-560,1,233,36,1.0,0.8395676922663456
train,2013-560,1,233,37,0.0,0.5121281530791145
train,2013-560,1,233,38,1.0,0.782618289867121
train,2013-560,1,233,39,1.0,0.8210545212530002
train,2013-560,1,233,40,0.0,0.8920335255629529
train,2013-560,1,233,41,0.0,0.47893644652206835
train,2013-560,1,233,42,0.0,0.5843444562826052
train,2013-560,1,233,43,0.0,0.37590649067860527
train,2013-560,1,233,44,0.0,0.21566210803813676
train,2013-560,1,233,45,1.0,0.5006774684796831
train,2013-560,1,233,46,0.0,0.5070630382037629
train,2013-560,1,233,47,0.0,0.0568771300071321
train,2013-560,1,233,48,0.0,0.07203555691832757
train,2013-560,1,233,49,1.0,0.44259648544447744
train,2013-560,1,233,50,0.0,0.3156659029107684
train,2013-560,1,233,51,1.0,0.816429942261268
train,2013-560,1,233,52,0.0,0.5125974378171032
train,2013-560,1,233,53,1.0,0.47957771174156544
train,2013-560,1,233,54,0.0,0.8562041678625766
train,2013-560,1,233,55,1.0,0.8820889415713973
train,2013-560,1,233,56,0.0,0.31885162534241496
train,2013-560,1,233,57,0.0,0.5291708328015642
train,2013-560,1,233,58,0.0,0.2987407016177883
train,2013-560,1,233,59,1.0,0.648108597456049
train,2013-560,1,233,60,0.0,0.4181672233466013
train,2013-560,1,233,61,0.0,0.4622450081153008
train,2013-560,1,233,62,1.0,0.89013053736185
train,2013-560,1,233,63,1.0,0.6484179129567709
train,2013-560,2,234,0,0.0,0.19126668220208431
train,2013-560,2,234,1,0.0,0.2969172470307516
train,2013-560,2,234,2,0.0,0.2636789851626483
train,2013-560,2,234,3,1.0,0.6670893217863946
train,2013-560,2,234,4,1.0,0.6015894396512314
train,2013-560,2,234,5,1.0,0.5883929584304659
train,2013-560,2,234,6,1.0,0.9420960069465228
train,2013-560,2,234,7,1.0,0.2592832984374745
train,2013-560,2,234,8,0.0,0.29991486484386376
train,2013-560,2,234,9,1.0,0.2332047591180401
train,2013-560,2,234,10,0.0,0.10958987119582808
train,2013-560,2,234,11,1.0,0.608841384993622
train,2013-560,2,234,12,0.0,0.2603853270712805
train,2013-560,2,234,13,0.0,0.07811249929569271
train,2013-560,2,234,14,0.0,0.507032654793624
train,2013-560,2,234,15,0.0,0.6781187160295506
train,2013-560,2,234,16,1.0,0.8591474728462504
train,2013-560,2,234,17,1.0,0.6109271270234755
train,2013-560,2,234,18,0.0,0.3291156959576546
train,2013-560,2,234,19,0.0,0.3408113247283423
train,2013-560,2,234,20,1.0,0.9084095848711562
train,2013-560,2,234,21,1.0,0.15372026850384007
train,2013-560,2,234,22,0.0,0.27714599689386815
train,2013-560,2,234,23,1.0,0.5136789117774577
train,2013-560,2,234,24,1.0,0.7657198645433038
train,2013-560,2,234,25,0.0,0.29481042302287314
train,2013-560,2,234,26,1.0,0.4374914360797093
train,2013-560,2,234,27,1.0,0.9140109129545186
train,2013-560,2,234,28,0.0,0.5721210661129899
train,2013-560,2,234,29,1.0,0.3452785279942817
train,2013-560,2,234,30,1.0,0.9803306568111858
train,2013-560,2,234,31,1.0,0.9666971730067718
train,2013-560,3,235,0,1.0,0.7820391709942609
train,2013-560,3,235,1,0.0,0.036165445924847626
train,2013-560,3,235,2,1.0,0.953788779809931
train,2013-560,3,235,3,0.0,0.5435090177231648
train,2013-560,3,235,4,0.0,0.2687289604850977
train,2013-560,3,235,5,0.0,0.04670252412526888
train,2013-560,3,235,6,1.0,0.8836843276241834
train,2013-560,3,235,7,1.0,0.7195856774879084
train,2013-560,3,235,8,1.0,0.814663491606225
train,2013-560,3,235,9,0.0,0.17765634588890414
train,2013-560,3,235,10,1.0,0.8082854781081853
train,2013-560,3,235,11,1.0,0.4439856970757021
train,2013-560,3,235,12,1.0,0.8741436867670118
train,2013-560,3,235,13,0.0,0.5010470120963839
train,2013-560,3,235,14,0.0,0.6444105374452862
train,2013-560,3,235,15,1.0,0.6908041873332392
train,2013-560,4,236,0,1.0,0.935430656390242
train,2013-560,4,236,1,0.0,0.9033555446912742
train,2013-560,4,236,2,1.0,0.7264179686599382
train,2013-560,4,236,3,0.0,0.4052192609345936
train,2013-560,4,236,4,0.0,0.6233019237008939
train,2013-560,4,236,5,1.0,0.8672263629162846
train,2013-560,4,236,6,1.0,0.6827066445506873
train,2013-560,4,236,7,0.0,0.06238275850346654
train,2013-560,5,237,0,0.0,0.06083571239429986
train,2013-560,5,237,1,0.0,0.6175503440776152
train,2013-560,5,237,2,1.0,0.3425326918373314
train,2013-560,5,237,3,1.0,0.9188463562747061
train,2013-560,6,238,0,1.0,0.8808561861164996
train,2013-560,6,238,1,1.0,0.8350947674702908
train,2013-560,7,239,0,0.0,0.3950739336444612
train,2013-580,1,168,0,0.0,0.036126301694935324
train,2013-580,1,168,1,0.0,0.3450595478972869
train,2013-580,1,168,2,1.0,0.7398600819837321
train,2013-580,1,168,3,0.0,0.495496872575523
train,2013-580,1,168,4,1.0,0.4421492867763448
train,2013-580,1,168,5,0.0,0.15807145762373023
train,2013-580,1,168,6,0.0,0.19797161730413113
train,2013-580,1,168,7,0.0,0.24806491411424658
train,2013-580,1,168,8,0.0,0.510505870982919
train,2013-580,1,168,9,0.0,0.4937322502502599
train,2013-580,1,168,10,1.0,0.602709231384609
train,2013-580,1,168,11,0.0,0.42422635676878917
train,2013-580,1,168,12,0.0,0.6866083850265148
train,2013-580,1,168,13,0.0,0.071919891630524
train,2013-580,1,168,14,0.0,0.07744055958253405
train,2013-580,1,168,15,1.0,0.6453210666460792
train,2013-580,1,168,16,0.0,0.42447775019042905
train,2013-580,1,168,17,1.0,0.5411007820979746
train,2013-580,1,168,18,1.0,0.7595823676567807
train,2013-580,1,168,19,1.0,0.48123519130543496
train,2013-580,1,168,20,1.0,0.7642946920149942
train,2013-580,1,168,21,1.0,0.16071423502455942
train,2013-580,1,168,22,1.0,0.8737049027863559
train,2013-580,1,168,23,1.0,0.48645076289426187
train,2013-580,1,168,24,1.0,0.4667707476609926
train,2013-580,1,168,25,1.0,0.8579458200886071
train,2013-580,1,168,26,0.0,0.4489214165214364
train,2013-580,1,168,27,1.0,0.8170568075645932
train,2013-580,1,168,28,0.0,0.5072323137874132
train,2013-580,1,168,29,1.0,0.7211488755654225
train,2013-580,1,168,30,1.0,0.31007660577574325
train,2013-580,1,168,31,1.0,0.5837581697742067
train,2013-580,1,168,32,1.0,0.9653601823959329
train,2013-580,1,168,33,1.0,0.8279415865899474
train,2013-580,1,168,34,1.0,0.48184780097972535
train,2013-580,1,168,35,1.0,0.721640467473063
train,2013-580,1,168,36,1.0,0.5935715142756443
train,2013-580,1,168,37,0.0,0.2597359303145929
train,2013-580,1,168,38,0.0,0.121843214836366
train,2013-580,1,168,39,1.0,0.8476039906666577
train,2013-580,1,168,40,0.0,0.2675558592333414
train,2013-580,1,168,41,0.0,0.21685985277042413
train,2013-580,1,168,42,1.0,0.28212065723850094
train,2013-580,1,168,43,1.0,0.38661834490301444
train,2013-580,1,168,44,0.0,0.30267685718989323
train,2013-580,1,168,45,0.0,0.46231408493740694
train,2013-580,1,168,46,1.0,0.8165029894621069
train,2013-580,1,168,47,0.0,0.09068826183930474
train,2013-580,1,168,48,0.0,0.6289169513546902
train,2013-580,1,168,49,0.0,0.6643197089287255
train,2013-580,1,168,50,0.0,0.10445045897914998
train,2013-580,1,168,51,1.0,0.6722352045365869
train,2013-580,1,168,52,0.0,0.1485834947035325
train,2013-580,1,168,53,0.0,0.27893407267664505
train,2013-580,1,168,54,1.0,0.3948747339899791
train,2013-580,1,168,55,0.0,0.3720764401267325
train,2013-580,1,168,56,0.0,0.2486805832450084
train,2013-580,1,168,57,0.0,0.16838688837518784
train,2013-580,1,168,58,0.0,0.11375632379395086
train,2013-580,1,168,59,0.0,0.6011523452290581
train,2013-580,1,168,60,1.0,0.6443910846955826
train,2013-580,1,168,61,0.0,0.5889079813259013
train,2013-580,1,168,62,0.0,0.2098105708368192
train,2013-580,1,168,63,1.0,0.24771044438187545
train,2013-580,2,169,0,1.0,0.5691553715473894
train,2013-580,2,169,1,1.0,0.8407966925058702
train,2013-580,2,169,2,0.0,0.15455842615268178
train,2013-580,2,169,3,1.0,0.6564821664832918
train,2013-580,2,169,4,0.0,0.7948102893231161
train,2013-580,2,169,5,1.0,0.458063351895403
train,2013-580,2,169,6,1.0,0.9050701465124638
train,2013-580,2,169,7,0.0,0.4484828648443104
train,2013-580,2,169,8,0.0,0.18078383656047453
train,2013-580,2,169,9,1.0,0.7509216572708692
train,2013-580,2,169,10,0.0,0.19875228841095133
train,2013-580,2,169,11,0.0,0.04504608193620461
train,2013-580,2,169,12,1.0,0.5692745981228202
train,2013-580,2,169,13,1.0,0.8729619862212058
train,2013-580,2,169,14,0.0,0.22789810313810252
train,2013-580,2,169,15,0.0,0.32087007874418283
train,2013-580,2,169,16,0.0,0.16244863725058073
train,2013-580,2,169,17,0.0,0.26706628587248676
train,2013-580,2,169,18,1.0,0.2508087440708331
train,2013-580,2,169,19,0.0,0.274047030527207
train,2013-580,2,169,20,1.0,0.933037346071745
train,2013-580,2,169,21,1.0,0.9272811133387263
train,2013-580,2,169,22,1.0,0.6721833981166061
train,2013-580,2,169,23,1.0,0.7323856771476529
train,2013-580,2,169,24,0.0,0.24932003736400318
train,2013-580,2,169,25,1.0,0.7077261990716522
train,2013-580,2,169,26,1.0,0.6830335008248716
train,2013-580,2,169,27,1.0,0.5213865912381759
train,2013-580,2,169,28,0.0,0.15234688582738842
train,2013-580,2,169,29,1.0,0.9352058192925488
train,2013-580,2,169,30,1.0,0.9612623485962825
train,2013-580,2,169,31,1.0,0.8809264189399778
train,2013-580,3,170,0,1.0,0.8701863815080039
train,2013-580,3,170,1,1.0,0.735580163904965
train,2013-580,3,170,2,0.0,0.0576058848309927
train,2013-580,3,170,3,1.0,0.5402982467086793
train,2013-580,3,170,4,0.0,0.1853298304605226
train,2013-580,3,170,5,1.0,0.9293684217708712
train,2013-580,3,170,6,1.0,0.701943195637261
train,2013-580,3,170,7,0.0,0.6244525496533231
train,2013-580,3,170,8,1.0,0.1951848030838489
train,2013-580,3,170,9,0.0,0.30606202806420535
train,2013-580,3,170,10,0.0,0.26795764835915203
train,2013-580,3,170,11,0.0,0.1982941398668304
train,2013-580,3,170,12,1.0,0.8650469876429155
train,2013-580,3,170,13,1.0,0.8769372433583154
train,2013-580,3,170,14,0.0,0.5876012222460165
train,2013-580,3,170,15,0.0,0.06165885452293957
train,2013-580,4,171,0,1.0,0.915867994730685
train,2013-580,4,171,1,1.0,0.5580137742186073
train,2013-580,4,171,2,0.0,0.259199778366192
train,2013-580,4,171,3,0.0,0.5330612105327457
train,2013-580,4,171,4,0.0,0.5674628346515087
train,2013-580,4,171,5,0.0,0.2075810734332635
train,2013-580,4,171,6,0.0,0.1792548998000585
train,2013-580,4,171,7,0.0,0.12692247504140988
train,2013-580,5,172,0,0.0,0.16034320704028135
train,2013-580,5,172,1,0.0,0.12080702115054515
train,2013-580,5,172,2,1.0,0.7418099785382645
train,2013-580,5,172,3,0.0,0.19139028330614047
train,2013-580,6,173,0,0.0,0.7394781119725968
train,2013-580,6,173,1,0.0,0.20716324950754206
train,2013-580,7,174,0,0.0,0.23341588307343594
train,2014-1536,2,279,0,0.0,0.39307029726309006
train,2014-1536,2,279,1,0.0,0.7916028330672725
train,2014-1536,2,279,2,1.0,0.7798316332922631
train,2014-1536,2,279,3,0.0,0.7540699443544882
train,2014-1536,2,279,4,1.0,0.661720984299051
train,2014-1536,2,279,5,0.0,0.5057432616037892
train,2014-1536,2,279,6,1.0,0.5183816655973144
train,2014-1536,2,279,7,1.0,0.41648724820825117
train,2014-1536,2,279,8,1.0,0.819924106816304
train,2014-1536,2,279,9,0.0,0.510099524534153
train,2014-1536,2,279,10,1.0,0.8305393784632182
train,2014-1536,2,279,11,0.0,0.39802246144586045
train,2014-1536,2,279,12,1.0,0.5049394299354331
train,2014-1536,2,279,13,1.0,0.7698913568495684
train,2014-1536,2,279,14,0.0,0.3056907600459745
train,2014-1536,2,279,15,1.0,0.4981002949908061
train,2014-1536,2,279,16,1.0,0.49260250028717584
train,2014-1536,2,279,17,1.0,0.5007123641679426
train,2014-1536,2,279,18,1.0,0.2662074897288865
train,2014-1536,2,279,19,0.0,0.4340630385983068
train,2014-1536,2,279,20,1.0,0.41737410757529014
train,2014-1536,2,279,21,1.0,0.7247950449859357
train,2014-1536,2,279,22,0.0,0.25286294593383407
train,2014-1536,2,279,23,1.0,0.7206193875612996
train,2014-1536,3,280,0,0.0,0.21818519857485158
train,2014-1536,3,280,1,1.0,0.44937343699807597
train,2014-1536,3,280,2,1.0,0.6762465378275547
train,2014-1536,3,280,3,1.0,0.859217513111865
train,2014-1536,3,280,4,0.0,0.85619866378757
train,2014-1536,3,280,5,1.0,0.45436780337993615
train,2014-1536,3,280,6,1.0,0.7585720998744369
train,2014-1536,3,280,7,1.0,0.6910657492533215
train,2014-1536,3,280,8,0.0,0.22031977163112526
train,2014-1536,3,280,9,0.0,0.876204649919008
train,2014-1536,3,280,10,0.0,0.4804905425438879
train,2014-1536,3,280,11,1.0,0.3008509627108434
train,2014-1536,3,280,12,1.0,0.7382672871484232
train,2014-1536,3,280,13,1.0,0.8126928373659938
train,2014-1536,3,280,14,0.0,0.36066861911583165
train,2014-1536,3,280,15,1.0,0.9546010663130986
train,2014-1536,4,281,0,0.0,0.05562854132905791
train,2014-1536,4,281,1,0.0,0.2812846390846627
train,2014-1536,4,281,2,0.0,0.8964714178427216
train,2014-1536,4,281,3,0.0,0.5114441617678649
train,2014-1536,4,281,4,0.0,0.4159706525414675
train,2014-1536,4,281,5,1.0,0.7659773570804467
train,2014-1536,4,281,6,1.0,0.45823243969535854
train,2014-1536,4,281,7,1.0,0.6970300963846022
train,2014-1536,5,282,0,1.0,0.8167590644131464
train,2014-1536,5,282,1,1.0,0.6838257585091745
train,2014-1536,5,282,2,1.0,0.7013812710481488
train,2014-1536,5,282,3,1.0,0.7722462609739419
train,2014-1536,6,283,0,1.0,0.9198122662269383
train,2014-1536,6,283,1,1.0,0.3561478558779421
train,2014-1536,7,284,0,1.0,0.8730614371654503
train,2014-352,2,330,0,0.0,0.5529046175694602
train,2014-352,2,330,1,1.0,0.7382455301385654
train,2014-352,2,330,2,0.0,0.20103873370850675
train,2014-352,2,330,3,0.0,0.6602760797300036
train,2014-352,2,330,4,1.0,0.6190237212204397
train,2014-352,2,330,5,0.0,0.5170594671053358
train,2014-352,2,330,6,0.0,0.32860235885340017
train,2014-352,2,330,7,0.0,0.5618247826699627
train,2014-352,2,330,8,0.0,0.36028058526366935
train,2014-352,2,330,9,0.0,0.6780770360292133
train,2014-352,2,330,10,0.0,0.23204386694834975
train,2014-352,2,330,11,1.0,0.5034758005989196
train,2014-352,2,330,12,1.0,0.45220582220767636
train,2014-352,2,330,13,0.0,0.23723901175779025
train,2014-352,2,330,14,0.0,0.6941189232176941
train,2014-352,2,330,15,0.0,0.2935509276981359
train,2014-352,3,331,0,0.0,0.24459841961902534
train,2014-352,3,331,1,0.0,0.17999789296620541
train,2014-352,3,331,2,1.0,0.48609508178903593
train,2014-352,3,331,3,1.0,0.2976553620846443
train,2014-352,3,331,4,0.0,0.1383480897013308
train,2014-352,3,331,5,0.0,0.2890778827538176
train,2014-352,3,331,6,1.0,0.6276275207824632
train,2014-352,3,331,7,0.0,0.1560486868125977
train,2014-352,3,331,8,0.0,0.16205216168470793
train,2014-352,3,331,9,0.0,0.46523825302967076
train,2014-352,3,331,10,1.0,0.416016861094382
train,2014-352,3,331,11,0.0,0.12546674428308777
train,2014-352,3,331,12,1.0,0.8270499674274625
train,2014-352,3,331,13,1.0,0.5600686388438894
train,2014-352,3,331,14,0.0,0.23073484313741283
train,2014-352,3,331,15,1.0,0.8756219417419133
train,2014-352,4,332,0,0.0,0.237418514792748
train,2014-352,4,332,1,1.0,0.8351944075620515
train,2014-352,4,332,2,1.0,0.6911353464539199
train,2014-352,4,332,3,0.0,0.5520853584809692
train,2014-352,4,332,4,1.0,0.35327899694025466
train,2014-352,4,332,5,1.0,0.6531631959979277
train,2014-352,4,332,6,1.0,0.9360111626254876
train,2014-352,4,332,7,0.0,0.28994724060040034
train,2014-352,5,333,0,0.0,0.6206650443712494
train,2014-352,5,333,1,0.0,0.24564958979701726
train,2014-352,5,333,2,0.0,0.3149109355279614
train,2014-352,5,333,3,1.0,0.2916757506407562
train,2014-352,6,334,0,1.0,0.8398206560184108
train,2014-352,6,334,1,1.0,0.5024012481431951
train,2014-352,7,335,0,0.0,0.20701069758964333
train,2014-403,1,266,0,0.0,0.43672190537758926
train,2014-403,1,266,1,0.0,0.5267520721159132
train,2014-403,1,266,2,1.0,0.5994398742967698
train,2014-403,1,266,3,0.0,0.6033657129811644
train,2014-403,1,266,4,1.0,0.5136950917447759
train,2014-403,1,266,5,1.0,0.548705804989941
train,2014-403,1,266,6,0.0,0.38714668481496733
train,2014-403,1,266,7,0.0,0.3038118162372735
train,2014-403,1,266,8,1.0,0.4272375779224735
train,2014-403,1,266,9,0.0,0.4328426180243493
train,2014-403,1,266,10,1.0,0.49168936631316335
train,2014-403,1,266,11,1.0,0.5534208450092049
train,2014-403,1,266,12,0.0,0.33954361653937065
train,2014-403,1,266,13,0.0,0.4584682747556423
train,2014-403,1,266,14,1.0,0.5438807230257082
train,2014-403,1,266,15,0.0,0.41309937685317955
train,2014-403,1,266,16,1.0,0.4899401147628698
train,2014-403,1,266,17,1.0,0.697160191695638
train,2014-403,1,266,18,1.0,0.6481326759079025
train,2014-403,1,266,19,1.0,0.532432830708517
train,2014-403,1,266,20,0.0,0.3080898612673888
train,2014-403,1,266,21,1.0,0.639070204565192
train,2014-403,1,266,22,1.0,0.47708633541330203
train,2014-403,1,266,23,1.0,0.4887487788823348
train,2014-403,1,266,24,0.0,0.6362145792591987
train,2014-403,1,266,25,0.0,0.42832621297394247
train,2014-403,1,266,26,0.0,0.4178116720064935
train,2014-403,1,266,27,1.0,0.6935793896585645
train,2014-403,1,266,28,0.0,0.13995473465767563
train,2014-403,1,266,29,0.0,0.5434418628287948
train,2014-403,1,266,30,0.0,0.6533303341134027
train,2014-403,1,266,31,1.0,0.5158720158843294
train,2014-403,2,267,0,1.0,0.9349156929861467
train,2014-403,2,267,1,0.0,0.47622232310131796
train,2014-403,2,267,2,1.0,0.45945759469163805
train,2014-403,2,267,3,1.0,0.7915999498017048
train,2014-403,2,267,4,0.0,0.15154354969717052
train,2014-403,2,267,5,0.0,0.6855702410831594
train,2014-403,2,267,6,1.0,0.6972947224883217
train,2014-403,2,267,7,0.0,0.07648302652836363
train,2014-403,2,267,8,1.0,0.9034916666959772
train,2014-403,2,267,9,1.0,0.4767811069177479
train,2014-403,2,267,10,0.0,0.2544138997301953
train,2014-403,2,267,11,1.0,0.7819007209613722
train,2014-403,2,267,12,0.0,0.16323217565988868
train,2014-403,2,267,13,1.0,0.6703710710454291
train,2014-403,2,267,14,1.0,0.25741658158842234
train,2014-403,2,267,15,1.0,0.8679511661336669
train,2014-403,2,267,16,0.0,0.06979377368082172
train,2014-403,2,267,17,1.0,0.3032100929947408
train,2014-403,2,267,18,0.0,0.4842779994219129
train,2014-403,2,267,19,1.0,0.728378151167151
train,2014-403,2,267,20,1.0,0.273151219868692
train,2014-403,2,267,21,1.0,0.5464972510567326
train,2014-403,2,267,22,0.0,0.6791929283000151
train,2014-403,2,267,23,1.0,0.8757595987684805
train,2014-403,2,267,24,0.0,0.5746319270278367
train,2014-403,2,267,25,1.0,0.27724464256304165
train,2014-403,2,267,26,0.0,0.20281323246622998
train,2014-403,2,267,27,0.0,0.2918888887716825
train,2014-403,2,267,28,0.0,0.6149387467798135
train,2014-403,2,267,29,1.0,0.5581074358970084
train,2014-403,2,267,30,0.0,0.03923303698912332
train,2014-403,2,267,31,0.0,0.6033959302825469
train,2014-403,3,268,0,0.0,0.24762300421030836
train,2014-403,3,268,1,0.0,0.15276833532983705
train,2014-403,3,268,2,1.0,0.507236595920598
train,2014-403,3,268,3,0.0,0.18029439545650094
train,2014-403,3,268,4,0.0,0.4805349252748031
train,2014-403,3,268,5,1.0,0.9465905701246191
train,2014-403,3,268,6,0.0,0.49313975983544217
train,2014-403,3,268,7,1.0,0.8819089701031534
train,2014-403,3,268,8,0.0,0.4068812171748134
train,2014-403,3,268,9,0.0,0.0639964289584625
train,2014-403,3,268,10,0.0,0.4576322531709663
train,2014-403,3,268,11,1.0,0.8347815862917567
train,2014-403,3,268,12,1.0,0.8388007369816888
train,2014-403,3,268,13,1.0,0.8502492998662878
train,2014-403,3,268,14,0.0,0.4632001046074568
train,2014-403,3,268,15,0.0,0.056458567046894004
train,2014-403,4,269,0,1.0,0.7771644421821307
train,2014-403,4,269,1,0.0,0.08211351611019566
train,2014-403,4,269,2,0.0,0.33530741337491193
train,2014-403,4,269,3,1.0,0.2786060385558488
train,2014-403,4,269,4,0.0,0.2603458995192537
train,2014-403,4,269,5,1.0,0.22294233693364002
train,2014-403,4,269,6,0.0,0.16983887350905408
train,2014-403,4,269,7,1.0,0.9378942967657289
train,2014-403,5,270,0,0.0,0.264720020835754
train,2014-403,5,270,1,1.0,0.2044504369194842
train,2014-403,5,270,2,1.0,0.7902331858304347
train,2014-403,5,270,3,0.0,0.11303653445584913
train,2014-403,6,271,0,0.0,0.1192926060961919
train,2014-403,6,271,1,1.0,0.7982851186710253
train,2014-403,7,272,0,1.0,0.45595468874799694
train,2014-404,1,259,0,1.0,0.6384902364547926
train,2014-404,1,259,1,1.0,0.5578555593400736
train,2014-404,1,259,2,1.0,0.48511452810697053
train,2014-404,1,259,3,0.0,0.5299035452406897
train,2014-404,1,259,4,0.0,0.36539078134225
train,2014-404,1,259,5,0.0,0.24765614352566193
train,2014-404,1,259,6,0.0,0.49870593107905004
train,2014-404,1,259,7,0.0,0.2527689982894501
train,2014-404,1,259,8,1.0,0.43101679883318145
train,2014-404,1,259,9,0.0,0.24507868054907486
train,2014-404,1,259,10,1.0,0.5507037098949098
train,2014-404,1,259,11,1.0,0.4899052265666924
train,2014-404,1,259,12,1.0,0.6987703609724981
train,2014-404,1,259,13,1.0,0.4154430094626223
train,2014-404,1,259,14,0.0,0.2974118811528286
train,2014-404,1,259,15,1.0,0.5568220953474534
train,2014-404,1,259,16,1.0,0.5970523303094695
train,2014-404,1,259,17,1.0,0.46948919060514005
train,2014-404,1,259,18,0.0,0.5126748358606326
train,2014-404,1,259,19,1.0,0.48771342007938345
train,2014-404,1,259,20,0.0,0.12944012569753716
train,2014-404,1,259,21,1.0,0.7220234878404621
train,2014-404,1,259,22,1.0,0.6373636885695003
train,2014-404,1,259,23,0.0,0.38409105302332974
train,2014-404,1,259,24,1.0,0.7191173864373163
train,2014-404,1,259,25,0.0,0.4225525761832981
train,2014-404,1,259,26,1.0,0.7455032090507406
train,2014-404,1,259,27,1.0,0.7041464044971002
train,2014-404,1,259,28,0.0,0.4398947538346662
train,2014-404,1,259,29,0.0,0.7334191843388819
train,2014-404,1,259,30,1.0,0.4065752645013489
train,2014-404,1,259,31,1.0,0.5947339145845382
train,2014-404,2,260,0,1.0,0.7449084429375488
train,2014-404,2,260,1,0.0,0.7063267368399797
train,2014-404,2,260,2,0.0,0.05103173412230416
train,2014-404,2,260,3,0.0,0.34624516359332336
train,2014-404,2,260,4,1.0,0.21804735791422636
train,2014-404,2,260,5,0.0,0.3340175487005999
train,2014-404,2,260,6,0.0,0.5858079351315553
train,2014-404,2,260,7,1.0,0.8553554296170657
train,2014-404,2,260,8,0.0,0.8403469593131466
train,2014-404,2,260,9,0.0,0.5311159624145135
train,2014-404,2,260,10,0.0,0.3630937385200097
train,2014-404,2,260,11,1.0,0.7488887054303189
train,2014-404,2,260,12,1.0,0.5190514160343797
train,2014-404,2,260,13,1.0,0.36674215275494654
train,2014-404,2,260,14,1.0,0.17402123964672536
train,2014-404,2,260,15,0.0,0.1576525309568661
train,2014-404,2,260,16,1.0,0.9098419426484854
train,2014-404,2,260,17,0.0,0.23744934164783787
train,2014-404,2,260,18,1.0,0.48663529914071146
train,2014-404,2,260,19,1.0,0.6394296194350374
train,2014-404,2,260,20,1.0,0.5865691996214285
train,2014-404,2,260,21,0.0,0.2699675656240099
train,2014-404,2,260,22,0.0,0.5633478933368037
train,2014-404,2,260,23,0.0,0.13045726767383536
train,2014-404,2,260,24,0.0,0.11063073183844299
train,2014-404,2,260,25,0.0,0.7114377532488068
train,2014-404,2,260,26,0.0,0.25352334107394836
train,2014-404,2,260,27,0.0,0.37533704535780876
train,2014-404,2,260,28,1.0,0.367085044421446
train,2014-404,2,260,29,1.0,0.6411038062845209
train,2014-404,2,260,30,1.0,0.7016252550148996
train,2014-404,2,260,31,0.0,0.07737487303183146
train,2014-404,3,261,0,1.0,0.08384768907240857
train,2014-404,3,261,1,1.0,0.8049448016614358
train,2014-404,3,261,2,1.0,0.7537875195889079
train,2014-404,3,261,3,0.0,0.08619328023440981
train,2014-404,3,261,4,1.0,0.45778606956963813
train,2014-404,3,261,5,0.0,0.26109742758820986
train,2014-404,3,261,6,0.0,0.4936460228475482
train,2014-404,3,261,7,1.0,0.280436802644471
train,2014-404,3,261,8,1.0,0.9566918856470418
train,2014-404,3,261,9,1.0,0.516910300931616
train,2014-404,3,261,10,0.0,0.35844306090973105
train,2014-404,3,261,11,0.0,0.35479243354583945
train,2014-404,3,261,12,1.0,0.49875072333019577
train,2014-404,3,261,13,1.0,0.4076605505706943
train,2014-404,3,261,14,0.0,0.4358266095732402
train,2014-404,3,261,15,0.0,0.12889186081425394
train,2014-404,4,262,0,0.0,0.12828157071278765
train,2014-404,4,262,1,1.0,0.45869628687918057
train,2014-404,4,262,2,1.0,0.561763400016208
train,2014-404,4,262,3,0.0,0.4771365877651351
train,2014-404,4,262,4,1.0,0.7121660335529298
train,2014-404,4,262,5,1.0,0.3170274821720455
train,2014-404,4,262,6,0.0,0.7114824066767287
train,2014-404,4,262,7,0.0,0.5092985160227234
train,2014-404,5,263,0,0.0,0.09404169852404128
train,2014-404,5,263,1,0.0,0.4970257899279089
train,2014-404,5,263,2,0.0,0.2598739168729574
train,2014-404,5,263,3,1.0,0.3285469742779016
train,2014-404,6,264,0,1.0,0.8213616752681624
train,2014-404,6,264,1,1.0,0.8832471606837299
train,2014-404,7,265,0,0.0,0.32254372356211464
train,2014-410,2,273,0,0.0,0.7820048177868661
train,2014-410,2,273,1,0.0,0.5088286574391494
train,2014-410,2,273,2,1.0,0.41978973933430497
train,2014-410,2,273,3,0.0,0.3206512013749509
train,2014-410,2,273,4,0.0,0.3144772012130934
train,2014-410,2,273,5,1.0,0.6958860256856751
train,2014-410,2,273,6,1.0,0.46828121859079197
train,2014-410,2,273,7,1.0,0.7407998335274036
train,2014-410,2,273,8,1.0,0.7200929629624994
train,2014-410,2,273,9,1.0,0.5665423163319422
train,2014-410,2,273,10,1.0,0.6418503006920849
train,2014-410,2,273,11,1.0,0.4078799718451352
train,2014-410,2,273,12,0.0,0.3860584345677772
train,2014-410,2,273,13,0.0,0.20070756216234442
train,2014-410,2,273,14,0.0,0.7137428806372302
train,2014-410,2,273,15,0.0,0.7043988108619018
train,2014-410,2,273,16,1.0,0.5090074948145328
train,2014-410,2,273,17,0.0,0.6325821815923411
train,2014-410,2,273,18,0.0,0.45860153679132865
train,2014-410,2,273,19,1.0,0.614147648867586
train,2014-410,2,273,20,0.0,0.483033730085315
train,2014-410,2,273,21,0.0,0.6867801919674501
train,2014-410,2,273,22,1.0,0.6875748263801111
train,2014-410,2,273,23,1.0,0.7162426989474955
train,2014-410,3,274,0,1.0,0.25258287817330816
train,2014-410,3,274,1,0.0,0.7165737411047638
train,2014-410,3,274,2,1.0,0.8649094475219385
train,2014-410,3,274,3,1.0,0.8933891307009996
train,2014-410,3,274,4,1.0,0.5671673495406184
train,2014-410,3,274,5,1.0,0.6857108151444861
train,2014-410,3,274,6,1.0,0.7386588054753813
train,2014-410,3,274,7,0.0,0.4010845919875543
train,2014-410,3,274,8,1.0,0.9616251122731782
train,2014-410,3,274,9,0.0,0.25447836162233645
train,2014-410,3,274,10,0.0,0.5086775112434281
train,2014-410,3,274,11,1.0,0.7672448419180935
train,2014-410,3,274,12,0.0,0.1845558071006926
train,2014-410,3,274,13,1.0,0.555296675373351
train,2014-410,3,274,14,1.0,0.717036933145726
train,2014-410,3,274,15,1.0,0.9704113396052061
train,2014-410,4,275,0,0.0,0.05077766625783671
train,2014-410,4,275,1,1.0,0.11418605251140662
train,2014-410,4,275,2,1.0,0.757767771220829
train,2014-410,4,275,3,0.0,0.38792478315652434
train,2014-410,4,275,4,0.0,0.30137133234509955
train,2014-410,4,275,5,0.0,0.09237614727849879
train,2014-410,4,275,6,0.0,0.03681483269425185
train,2014-410,4,275,7,1.0,0.7498322522059825
train,2014-410,5,276,0,0.0,0.8064055598314669
train,2014-410,5,276,1,1.0,0.6516473785381427
train,2014-410,5,276,2,1.0,0.7099949634851689
train,2014-410,5,276,3,0.0,0.044400194078702035
train,2014-410,6,277,0,0.0,0.5576084666988237
train,2014-410,6,277,1,1.0,0.3024392270816855
train,2014-410,7,278,0,0.0,0.6489578014115633
train,2014-416,2,285,0,0.0,0.755197041166907
train,2014-416,2,285,1,1.0,0.7242241121652825
train,2014-416,2,285,2,0.0,0.6654992914527896
train,2014-416,2,285,3,0.0,0.3142263853551796
train,2014-416,2,285,4,1.0,0.38439687671871847
train,2014-416,2,285,5,1.0,0.3652744456386492
train,2014-416,2,285,6,0.0,0.3171391290031532
train,2014-416,2,285,7,0.0,0.33861731349663626
train,2014-416,2,285,8,0.0,0.28067491480325185
train,2014-416,2,285,9,0.0,0.5298311740260944
train,2014-416,2,285,10,0.0,0.7120412211618156
train,2014-416,2,285,11,0.0,0.23163224395074036
train,2014-416,2,285,12,0.0,0.24220453522262667
train,2014-416,2,285,13,0.0,0.40719334080814057
train,2014-416,2,285,14,0.0,0.48298329119200173
train,2014-416,2,285,15,0.0,0.435235277188499
train,2014-416,2,285,16,0.0,0.3549205133920147
train,2014-416,2,285,17,1.0,0.5545174298511969
train,2014-416,2,285,18,1.0,0.7096576481254107
train,2014-416,2,285,19,0.0,0.32643578637557213
train,2014-416,2,285,20,1.0,0.6222829519265903
train,2014-416,2,285,21,0.0,0.6609747822188511
train,2014-416,2,285,22,1.0,0.6989277410217335
train,2014-416,2,285,23,1.0,0.4999720624842494
train,2014-416,3,286,0,0.0,0.4951155874295724
train,2014-416,3,286,1,1.0,0.6876622325797705
train,2014-416,3,286,2,1.0,0.8806291255858506
train,2014-416,3,286,3,0.0,0.865743861642252
train,2014-416,3,286,4,1.0,0.7680844176499794
train,2014-416,3,286,5,1.0,0.6627037247444356
train,2014-416,3,286,6,1.0,0.8663783251874567
train,2014-416,3,286,7,0.0,0.14505810461012736
train,2014-416,3,286,8,1.0,0.8026101650803666
train,2014-416,3,286,9,0.0,0.0597807361071625
train,2014-416,3,286,10,0.0,0.5098892738212008
train,2014-416,3,286,11,1.0,0.916341868103505
train,2014-416,3,286,12,1.0,0.8619697655346066
train,2014-416,3,286,13,1.0,0.7550620321121243
train,2014-416,3,286,14,1.0,0.3399732460569428
train,2014-416,3,286,15,0.0,0.06331910417027915
train,2014-416,4,287,0,0.0,0.06860997696139148
train,2014-416,4,287,1,1.0,0.2929193195366937
train,2014-416,4,287,2,0.0,0.6958435510214801
train,2014-416,4,287,3,0.0,0.40005956497091566
train,2014-416,4,287,4,1.0,0.7716991902132635
train,2014-416,4,287,5,1.0,0.8972553144991641
train,2014-416,4,287,6,0.0,0.141692594843679
train,2014-416,4,287,7,0.0,0.5586179370327994
train,2014-416,5,288,0,1.0,0.8015735747826749
train,2014-416,5,288,1,1.0,0.5100716613490249
train,2014-416,5,288,2,0.0,0.3195544052362117
train,2014-416,5,288,3,0.0,0.23791955551306235
train,2014-416,6,289,0,0.0,0.10001842849031777
train,2014-416,6,289,1,0.0,0.159858204019019
train,2014-416,7,290,0,1.0,0.39733759502729243
train,2014-421,2,305,0,1.0,0.7826091671950326
train,2014-421,2,305,1,1.0,0.7989996299781352
train,2014-421,2,305,2,0.0,0.20599871057318145
train,2014-421,2,305,3,1.0,0.5149158710095935
train,2014-421,2,305,4,1.0,0.44765880835937244
train,2014-421,2,305,5,0.0,0.34674904235237286
train,2014-421,2,305,6,0.0,0.1626294944317437
train,2014-421,2,305,7,0.0,0.5073916328460087
train,2014-421,2,305,8,1.0,0.4869593181947159
train,2014-421,2,305,9,1.0,0.6215726298341737
train,2014-421,2,305,10,0.0,0.4241469962346871
train,2014-421,2,305,11,0.0,0.5413855518079039
train,2014-421,2,305,12,0.0,0.42172252945211325
train,2014-421,2,305,13,0.0,0.25468036522817616
train,2014-421,2,305,14,1.0,0.40934734685472424
train,2014-421,2,305,15,1.0,0.4544141000432007
train,2014-421,2,305,16,1.0,0.47549216371320596
train,2014-421,2,305,17,1.0,0.44718407553499145
train,2014-421,2,305,18,0.0,0.21062195045590543
train,2014-421,2,305,19,1.0,0.3360385579593616
train,2014-421,2,305,20,0.0,0.3523339780437559
train,2014-421,2,305,21,0.0,0.7431120636538507
train,2014-421,2,305,22,0.0,0.7661514799689668
train,2014-421,2,305,23,0.0,0.4408249762431029
train,2014-421,3,306,0,0.0,0.062318017134041226
train,2014-421,3,306,1,0.0,0.1810221323415146
train,2014-421,3,306,2,1.0,0.47149291213586714
train,2014-421,3,306,3,0.0,0.09293548186128651
train,2014-421,3,306,4,1.0,0.8391013472386668
train,2014-421,3,306,5,0.0,0.44488015072669584
train,2014-421,3,306,6,1.0,0.3462157615611096
train,2014-421,3,306,7,1.0,0.8139014206763803
train,2014-421,3,306,8,1.0,0.7548939975372592
train,2014-421,3,306,9,0.0,0.28743554083553774
train,2014-421,3,306,10,0.0,0.24384461598891402
train,2014-421,3,306,11,1.0,0.8840291219071144
train,2014-421,3,306,12,0.0,0.43647903920275893
train,2014-421,3,306,13,0.0,0.3028382394202269
train,2014-421,3,306,14,0.0,0.21675466962858525
train,2014-421,3,306,15,0.0,0.09642986256209436
train,2014-421,4,307,0,1.0,0.16833233572245648
train,2014-421,4,307,1,1.0,0.6714438193340162
train,2014-421,4,307,2,0.0,0.46324093860826415
train,2014-421,4,307,3,0.0,0.24117192336746218
train,2014-421,4,307,4,1.0,0.23434184601169464
train,2014-421,4,307,5,1.0,0.8277662497453602
train,2014-421,4,307,6,0.0,0.2023448246712213
train,2014-421,4,307,7,0.0,0.6666541128069805
train,2014-421,5,308,0,1.0,0.3892163986061173
train,2014-421,5,308,1,1.0,0.5267307821318269
train,2014-421,5,308,2,0.0,0.7019007567711983
train,2014-421,5,308,3,1.0,0.6238499022160728
train,2014-421,6,309,0,0.0,0.16275367165217294
train,2014-421,6,309,1,0.0,0.4004633796065062
train,2014-421,7,310,0,0.0,0.6881285731879621
train,2014-422,2,311,0,1.0,0.6873631702368165
train,2014-422,2,311,1,0.0,0.4035648616378547
train,2014-422,2,311,2,0.0,0.752570057288825
train,2014-422,2,311,3,0.0,0.41296908201248794
train,2014-422,2,311,4,1.0,0.5596590662310569
train,2014-422,2,311,5,1.0,0.44053806387595756
train,2014-422,2,311,6,0.0,0.4252584487532405
train,2014-422,2,311,7,0.0,0.44483179825085295
train,2014-422,2,311,8,0.0,0.2954037070295546
train,2014-422,2,311,9,0.0,0.7153121333542067
train,2014-422,2,311,10,1.0,0.6318170233604274
train,2014-422,2,311,11,1.0,0.7157957744233336
train,2014-422,2,311,12,1.0,0.2678429889767371
train,2014-422,2,311,13,1.0,0.3052046879464823
train,2014-422,2,311,14,0.0,0.60643959917126
train,2014-422,2,311,15,1.0,0.7992918846992251
train,2014-422,2,311,16,1.0,0.7418119824548742
train,2014-422,2,311,17,1.0,0.47457809553328273
train,2014-422,2,311,18,0.0,0.42591346222375576
train,2014-422,2,311,19,1.0,0.48006260370831144
train,2014-422,2,311,20,1.0,0.47364577185683354
train,2014-422,2,311,21,1.0,0.6316828856356824
train,2014-422,2,311,22,0.0,0.3461434254519408
train,2014-422,2,311,23,1.0,0.700609429603555
train,2014-422,3,312,0,0.0,0.5039365144537604
train,2014-422,3,312,1,1.0,0.6782438817239751
train,2014-422,3,312,2,0.0,0.11271280046668394
train,2014-422,3,312,3,1.0,0.1712362510753971
train,2014-422,3,312,4,0.0,0.41372130732081713
train,2014-422,3,312,5,1.0,0.20551765947097447
train,2014-422,3,312,6,1.0,0.8906244625773707
train,2014-422,3,312,7,0.0,0.6604884447349906
train,2014-422,3,312,8,0.0,0.27119723687812164
train,2014-422,3,312,9,0.0,0.08351945946212556
train,2014-422,3,312,10,1.0,0.6476228818873289
train,2014-422,3,312,11,0.0,0.13509940186124433
train,2014-422,3,312,12,1.0,0.7100648024169717
train,2014-422,3,312,13,1.0,0.66211588172718
train,2014-422,3,312,14,0.0,0.4565854501809047
train,2014-422,3,312,15,0.0,0.09177679824437372
train,2014-422,4,313,0,0.0,0.87880109569995
train,2014-422,4,313,1,0.0,0.18706908252226273
train,2014-422,4,313,2,0.0,0.34747273681050295
train,2014-422,4,313,3,0.0,0.14509157894878613
train,2014-422,4,313,4,1.0,0.5989829305462675
train,2014-422,4,313,5,1.0,0.7472581957247139
train,2014-422,4,313,6,0.0,0.24183983183292845
train,2014-422,4,313,7,1.0,0.4861795488263346
train,2014-422,5,314,0,1.0,0.6867080886598749
train,2014-422,5,314,1,0.0,0.7670850086092937
train,2014-422,5,314,2,0.0,0.2951420379313907
train,2014-422,5,314,3,1.0,0.5978233112294208
train,2014-422,6,315,0,0.0,0.20756124304650672
train,2014-422,6,315,1,1.0,0.6981371283038346
train,2014-422,7,316,0,0.0,0.36006329530156145
train,2014-5014,2,324,0,1.0,0.8456664805156332
train,2014-5014,2,324,1,0.0,0.4212790791481155
train,2014-5014,2,324,2,0.0,0.7245120848639091
train,2014-5014,2,324,3,1.0,0.8238456683367223
train,2014-5014,2,324,4,1.0,0.5936466828070898
train,2014-5014,2,324,5,1.0,0.7247435313217728
train,2014-5014,2,324,6,1.0,0.4969818939316732
train,2014-5014,2,324,7,1.0,0.5828310535805711
train,2014-5014,2,324,8,0.0,0.2878620436825872
train,2014-5014,2,324,9,0.0,0.18211144569794366
train,2014-5014,2,324,10,1.0,0.526686210486148
train,2014-5014,2,324,11,1.0,0.6096510895383787
train,2014-5014,2,324,12,0.0,0.3928797823538399
train,2014-5014,2,324,13,1.0,0.23935726251298112
train,2014-5014,2,324,14,1.0,0.4861461777316871
train,2014-5014,2,324,15,1.0,0.7873675543224001
train,2014-5014,2,324,16,0.0,0.28268527285218575
train,2014-5014,2,324,17,1.0,0.5476867960925468
train,2014-5014,2,324,18,0.0,0.3556268836390642
train,2014-5014,2,324,19,0.0,0.4639672596299903
train,2014-5014,2,324,20,1.0,0.6322210143234085
train,2014-5014,2,324,21,1.0,0.39408602845024543
train,2014-5014,2,324,22,0.0,0.8257549070970279
train,2014-5014,2,324,23,0.0,0.5343406956499572
train,2014-5014,3,325,0,1.0,0.1195428355464177
train,2014-5014,3,325,1,0.0,0.2260299373491969
train,2014-5014,3,325,2,1.0,0.6130913778342965
train,2014-5014,3,325,3,1.0,0.18843881350021519
train,2014-5014,3,325,4,1.0,0.33608653481063827
train,2014-5014,3,325,5,0.0,0.39459902752456427
train,2014-5014,3,325,6,1.0,0.46905452495731903
train,2014-5014,3,325,7,1.0,0.2250923388504505
train,2014-5014,3,325,8,0.0,0.6468726066061016
train,2014-5014,3,325,9,0.0,0.4290223910218523
train,2014-5014,3,325,10,0.0,0.25337839506989257
train,2014-5014,3,325,11,0.0,0.12490361200804335
train,2014-5014,3,325,12,0.0,0.23367429555797126
train,2014-5014,3,325,13,1.0,0.8474658255112463
train,2014-5014,3,325,14,0.0,0.10469897530190884
train,2014-5014,3,325,15,1.0,0.32179928178666733
train,2014-5014,4,326,0,0.0,0.0965853463987323
train,2014-5014,4,326,1,0.0,0.5150675159936103
train,2014-5014,4,326,2,1.0,0.6148625262344753
train,2014-5014,4,326,3,1.0,0.8137987135830793
train,2014-5014,4,326,4,1.0,0.7481465810657527
train,2014-5014,4,326,5,0.0,0.39795390836041505
train,2014-5014,4,326,6,1.0,0.40800012070337266
train,2014-5014,4,326,7,1.0,0.737377286211887
train,2014-5014,5,327,0,0.0,0.26859954018878085
train,2014-5014,5,327,1,0.0,0.18881093074145092
train,2014-5014,5,327,2,0.0,0.6799371702330101
train,2014-5014,5,327,3,1.0,0.502514558527338
train,2014-5014,6,328,0,0.0,0.6413434291102231
train,2014-5014,6,328,1,0.0,0.4790366988022611
train,2014-5014,7,329,0,0.0,0.22411714379895087
train,2014-520,1,291,0,0.0,0.31016474577341263
train,2014-520,1,291,1,0.0,0.28186078885381805
train,2014-520,1,291,2,1.0,0.6689434839529109
train,2014-520,1,291,3,0.0,0.494303063550198
train,2014-520,1,291,4,1.0,0.4902255145344851
train,2014-520,1,291,5,1.0,0.8456488206295508
train,2014-520,1,291,6,0.0,0.12086262163318041
train,2014-520,1,291,7,1.0,0.5362760262709598
train,2014-520,1,291,8,0.0,0.3215251213522889
train,2014-520,1,291,9,0.0,0.2766442424290457
train,2014-520,1,291,10,0.0,0.22154161402869993
train,2014-520,1,291,11,0.0,0.44322020604819534
train,2014-520,1,291,12,1.0,0.3539056198060862
train,2014-520,1,291,13,1.0,0.13036585098828196
train,2014-520,1,291,14,1.0,0.9015599606852611
train,2014-520,1,291,15,0.0,0.17459382338981624
train,2014-520,1,291,16,1.0,0.6449061217689096
train,2014-520,1,291,17,1.0,0.5828522864779682
train,2014-520,1,291,18,1.0,0.42671835174624817
train,2014-520,1,291,19,0.0,0.5541971289088699
train,2014-520,1,291,20,0.0,0.8260445804510508
train,2014-520,1,291,21,0.0,0.8923223639956641
train,2014-520,1,291,22,0.0,0.5435108613999226
train,2014-520,1,291,23,0.0,0.40070054836760416
train,2014-520,1,291,24,1.0,0.233736385020435
train,2014-520,1,291,25,1.0,0.49454094133555093
train,2014-520,1,291,26,1.0,0.662423804493516
train,2014-520,1,291,27,0.0,0.34391164312239897
train,2014-520,1,291,28,0.0,0.015537610262723957
train,2014-520,1,291,29,1.0,0.9639979927531861
train,2014-520,1,291,30,0.0,0.29777676025332084
train,2014-520,1,291,31,0.0,0.3211668721237986
train,2014-520,1,291,32,1.0,0.7254148855622167
train,2014-520,1,291,33,1.0,0.3725123292072274
train,2014-520,1,291,34,1.0,0.9225608334750101
train,2014-520,1,291,35,1.0,0.6890055553699939
train,2014-520,1,291,36,1.0,0.8191473917871405
train,2014-520,1,291,37,0.0,0.27705824402873963
train,2014-520,1,291,38,1.0,0.646613071267506
train,2014-520,1,291,39,1.0,0.8289850597851337
train,2014-520,1,291,40,0.0,0.8757402446088806
train,2014-520,1,291,41,0.0,0.5102864473733626
train,2014-520,1,291,42,1.0,0.6470423191625893
train,2014-520,1,291,43,1.0,0.842059688409478
train,2014-520,1,291,44,1.0,0.5760024865746082
train,2014-520,1,291,45,0.0,0.6420008562160672
train,2014-520,1,291,46,1.0,0.8869524506343199
train,2014-520,1,291,47,0.0,0.047215724031842425
train,2014-520,1,291,48,0.0,0.3158096864493528
train,2014-520,1,291,49,0.0,0.30335767793355733
train,2014-520,1,291,50,0.0,0.06028679839076122
train,2014-520,1,291,51,0.0,0.6601835165207968
train,2014-520,1,291,52,1.0,0.6838612577003129
train,2014-520,1,291,53,1.0,0.8139202929883549
train,2014-520,1,291,54,1.0,0.6561537183658648
train,2014-520,1,291,55,0.0,0.5675579534652833
train,2014-520,1,291,56,1.0,0.567548141239319
train,2014-520,1,291,57,0.0,0.144716576345717
train,2014-520,1,291,58,1.0,0.8156203042484874
train,2014-520,1,291,59,1.0,0.7528254348765779
train,2014-520,1,291,60,0.0,0.2088886284205039
train,2014-520,1,291,61,0.0,0.8026649729477255
train,2014-520,1,291,62,1.0,0.7449584369915607
train,2014-520,1,291,63,1.0,0.698554364266046
train,2014-520,2,292,0,0.0,0.5122351012136708
train,2014-520,2,292,1,0.0,0.3009766452209858
train,2014-520,2,292,2,1.0,0.3835976146499269
train,2014-520,2,292,3,1.0,0.8705719586386077
train,2014-520,2,292,4,1.0,0.9523094547276005
train,2014-520,2,292,5,1.0,0.5305910900715861
train,2014-520,2,292,6,0.0,0.2727758411914826
train,2014-520,2,292,7,0.0,0.6534555955756086
train,2014-520,2,292,8,1.0,0.4708120249243781
train,2014-520,2,292,9,1.0,0.7999639621792501
train,2014-520,2,292,10,0.0,0.20709656860001188
train,2014-520,2,292,11,1.0,0.8557801197757788
train,2014-520,2,292,12,1.0,0.6069437217846667
train,2014-520,2,292,13,0.0,0.3928285660683003
train,2014-520,2,292,14,0.0,0.11512850862156453
train,2014-520,2,292,15,0.0,0.30872983682431193
train,2014-520,2,292,16,0.0,0.275731247103487
train,2014-520,2,292,17,0.0,0.1653037514251835
train,2014-520,2,292,18,1.0,0.7335205476113816
train,2014-520,2,292,19,1.0,0.7423814801481208
train,2014-520,2,292,20,1.0,0.2804730562738807
train,2014-520,2,292,21,0.0,0.40170712962049815
train,2014-520,2,292,22,1.0,0.9202188915453006
train,2014-520,2,292,23,0.0,0.44931622104844565
train,2014-520,2,292,24,0.0,0.1063115108267293
train,2014-520,2,292,25,1.0,0.7458176727958716
train,2014-520,2,292,26,1.0,0.6461550575599474
train,2014-520,2,292,27,1.0,0.5914480198528062
train,2014-520,2,292,28,1.0,0.926650764453485
train,2014-520,2,292,29,1.0,0.9168485272693299
train,2014-520,2,292,30,0.0,0.5215045579489215
train,2014-520,2,292,31,0.0,0.04800449403278924
train,2014-520,3,293,0,0.0,0.3747379546420751
train,2014-520,3,293,1,0.0,0.48503872541108545
train,2014-520,3,293,2,0.0,0.09275801146776515
train,2014-520,3,293,3,0.0,0.24843184427118117
train,2014-520,3,293,4,0.0,0.30150681616759867
train,2014-520,3,293,5,0.0,0.10153203753092138
train,2014-520,3,293,6,0.0,0.367064244207401
train,2014-520,3,293,7,0.0,0.5354517019697783
train,2014-520,3,293,8,0.0,0.2737987128510888
train,2014-520,3,293,9,1.0,0.7543709435048871
train,2014-520,3,293,10,1.0,0.27355469376887787
train,2014-520,3,293,11,0.0,0.5130043754708609
train,2014-520,3,293,12,1.0,0.614615955118788
train,2014-520,3,293,13,1.0,0.8449239653636526
train,2014-520,3,293,14,0.0,0.24644771411005562
train,2014-520,3,293,15,1.0,0.9679502812827188
train,2014-520,4,294,0,0.0,0.16986814463615463
train,2014-520,4,294,1,0.0,0.20430124271646474
train,2014-520,4,294,2,1.0,0.1772822966413984
train,2014-520,4,294,3,1.0,0.7628023159983226
train,2014-520,4,294,4,1.0,0.8131830882841964
train,2014-520,4,294,5,0.0,0.39882794919788395
train,2014-520,4,294,6,0.0,0.2345414319377964
train,2014-520,4,294,7,1.0,0.9619516673958932
train,2014-520,5,295,0,0.0,0.15611491704040795
train,2014-520,5,295,1,0.0,0.7337199484411648
train,2014-520,5,295,2,1.0,0.7979403984933454
train,2014-520,5,295,3,1.0,0.8119724968747657
train,2014-520,6,296,0,0.0,0.1028281270021136
train,2014-520,6,296,1,1.0,0.8098487346634942
train,2014-520,7,297,0,0.0,0.4074674389168548
train,2014-540,1,298,0,0.0,0.03779457692343352
train,2014-540,1,298,1,1.0,0.6049037106883223
train,2014-540,1,298,2,1.0,0.3776090566313047
train,2014-540,1,298,3,0.0,0.16708705589203424
train,2014-540,1,298,4,1.0,0.4391116967782635
train,2014-540,1,298,5,0.0,0.7984238289192012
train,2014-540,1,298,6,1.0,0.786358095600634
train,2014-540,1,298,7,0.0,0.18916285779794167
train,2014-540,1,298,8,0.0,0.6727035508623438
train,2014-540,1,298,9,1.0,0.6489195011257411
train,2014-540,1,298,10,1.0,0.833888923317723
train,2014-540,1,298,11,1.0,0.8108706763796425
train,2014-540,1,298,12,0.0,0.6775224044682113
train,2014-540,1,298,13,0.0,0.6390644042827385
train,2014-540,1,298,14,0.0,0.07781186078384204
train,2014-540,1,298,15,1.0,0.912064473283487
train,2014-540,1,298,16,0.0,0.430250703642939
train,2014-540,1,298,17,0.0,0.43636745394921517
train,2014-540,1,298,18,0.0,0.21888044619486036
train,2014-540,1,298,19,1.0,0.3006624825200602
train,2014-540,1,298,20,0.0,0.6390530092834773
train,2014-540,1,298,21,1.0,0.4834137251321747
train,2014-540,1,298,22,0.0,0.15729470096627404
train,2014-540,1,298,23,0.0,0.2155590749128866
train,2014-540,1,298,24,1.0,0.704741772038253
train,2014-540,1,298,25,1.0,0.3938157864836153
train,2014-540,1,298,26,1.0,0.8004763686000064
train,2014-540,1,298,27,1.0,0.4483267850508004
train,2014-540,1,298,28,1.0,0.8094708207126667
train,2014-540,1,298,29,1.0,0.7191540205388475
train,2014-540,1,298,30,0.0,0.029096447567671917
train,2014-540,1,298,31,1.0,0.5774157945150106
train,2014-540,1,298,32,1.0,0.5178980466334199
train,2014-540,1,298,33,0.0,0.169901913680265
train,2014-540,1,298,34,1.0,0.8582687502724846
train,2014-540,1,298,35,0.0,0.08715385271902246
train,2014-540,1,298,36,0.0,0.6369479572422931
train,2014-540,1,298,37,0.0,0.14900825822036637
train,2014-540,1,298,38,1.0,0.6901610363594156
train,2014-540,1,298,39,0.0,0.6252112721013963
train,2014-540,1,298,40,1.0,0.8898758633031547
train,2014-540,1,298,41,0.0,0.39164437458482426
train,2014-540,1,298,42,0.0,0.41167597839488557
train,2014-540,1,298,43,0.0,0.24584453753985716
train,2014-540,1,298,44,1.0,0.4038623619172213
train,2014-540,1,298,45,1.0,0.5789838841149897
train,2014-540,1,298,46,0.0,0.3873439735492635
train,2014-540,1,298,47,1.0,0.8735080842219949
train,2014-540,1,298,48,0.0,0.0549707102983351
train,2014-540,1,298,49,0.0,0.17152417823639884
train,2014-540,1,298,50,0.0,0.4839451939477996
train,2014-540,1,298,51,0.0,0.3177862268722966
train,2014-540,1,298,52,0.0,0.7478894229843424
train,2014-540,1,298,53,1.0,0.4818919534538288
train,2014-540,1,298,54,1.0,0.5640433373550959
train,2014-540,1,298,55,0.0,0.7537197042743752
train,2014-540,1,298,56,0.0,0.2799833223868698
train,2014-540,1,298,57,0.0,0.18643492665020295
train,2014-540,1,298,58,1.0,0.7473403274052633
train,2014-540,1,298,59,0.0,0.44520597168838466
train,2014-540,1,298,60,1.0,0.6510657143177798
train,2014-540,1,298,61,1.0,0.7905978396003945
train,2014-540,1,298,62,0.0,0.3966912880444313
train,2014-540,1,298,63,1.0,0.8410066593147453
train,2014-540,2,299,0,1.0,0.4470502491058814
train,2014-540,2,299,1,1.0,0.7618566923197629
train,2014-540,2,299,2,0.0,0.37369252884674664
train,2014-540,2,299,3,0.0,0.3328754291642971
train,2014-540,2,299,4,1.0,0.7117032458555076
train,2014-540,2,299,5,1.0,0.9378892825125061
train,2014-540,2,299,6,1.0,0.24732386614732846
train,2014-540,2,299,7,1.0,0.48333063476128435
train,2014-540,2,299,8,1.0,0.19462703911550716
train,2014-540,2,299,9,0.0,0.1387410442606022
train,2014-540,2,299,10,1.0,0.14517930622944306
train,2014-540,2,299,11,1.0,0.6989057113832229
train,2014-540,2,299,12,0.0,0.1711627816522289
train,2014-540,2,299,13,0.0,0.16300621325248257
train,2014-540,2,299,14,0.0,0.11761126385480411
train,2014-540,2,299,15,1.0,0.5171239891126072
train,2014-540,2,299,16,1.0,0.8541009039034078
train,2014-540,2,299,17,0.0,0.16827714818149464
train,2014-540,2,299,18,0.0,0.2856274600497975
train,2014-540,2,299,19,1.0,0.611784120635538
train,2014-540,2,299,20,1.0,0.917061308077896
train,2014-540,2,299,21,1.0,0.8683138579735068
train,2014-540,2,299,22,1.0,0.7895457091706312
train,2014-540,2,299,23,0.0,0.3206073550792399
train,2014-540,2,299,24,1.0,0.2195842347368974
train,2014-540,2,299,25,0.0,0.20971124104211056
train,2014-540,2,299,26,1.0,0.21661859199408878
train,2014-540,2,299,27,1.0,0.7018452526337001
train,2014-540,2,299,28,0.0,0.9089500460242972
train,2014-540,2,299,29,0.0,0.046972506928269285
train,2014-540,2,299,30,0.0,0.06901500664637833
train,2014-540,2,299,31,0.0,0.2682102091960329
train,2014-540,3,300,0,1.0,0.6136238542249621
train,2014-540,3,300,1,0.0,0.12922829341962302
train,2014-540,3,300,2,0.0,0.05375194615327294
train,2014-540,3,300,3,0.0,0.5410828763066716
train,2014-540,3,300,4,1.0,0.837107986671569
train,2014-540,3,300,5,1.0,0.8343082659003486
train,2014-540,3,300,6,1.0,0.906208185611622
train,2014-540,3,300,7,1.0,0.5879951922405638
train,2014-540,3,300,8,0.0,0.5865320695876776
train,2014-540,3,300,9,1.0,0.802395135917342
train,2014-540,3,300,10,0.0,0.41797470742076553
train,2014-540,3,300,11,0.0,0.37701961461375283
train,2014-540,3,300,12,0.0,0.21769717917879627
train,2014-540,3,300,13,1.0,0.2764344538961572
train,2014-540,3,300,14,0.0,0.2767021332478912
train,2014-540,3,300,15,0.0,0.08259398598890914
train,2014-540,4,301,0,1.0,0.037523669716041354
train,2014-540,4,301,1,1.0,0.5715235857967386
train,2014-540,4,301,2,0.0,0.1843658570476411
train,2014-540,4,301,3,0.0,0.23657209283920397
train,2014-540,4,301,4,1.0,0.7489561560600752
train,2014-540,4,301,5,0.0,0.2211684252964513
train,2014-540,4,301,6,0.0,0.453628991640016
train,2014-540,4,301,7,0.0,0.16148355068550357
train,2014-540,5,302,0,1.0,0.8404925427902055
train,2014-540,5,302,1,1.0,0.664616278373279
train,2014-540,5,302,2,1.0,0.24880293746943472
train,2014-540,5,302,3,0.0,0.10535859862800734
train,2014-540,6,303,0,1.0,0.7083125076473571
train,2014-540,6,303,1,1.0,0.8734300693868684
train,2014-540,7,304,0,0.0,0.2968949340248151
train,2014-560,1,317,0,1.0,0.6148807143806492
train,2014-560,1,317,1,1.0,0.2721219478756168
train,2014-560,1,317,2,0.0,0.7416425246063962
train,2014-560,1,317,3,1.0,0.5993985642915212
train,2014-560,1,317,4,0.0,0.5146236355226951
train,2014-560,1,317,5,1.0,0.5177851060028337
train,2014-560,1,317,6,1.0,0.885623461572742
train,2014-560,1,317,7,1.0,0.759748059096531
train,2014-560,1,317,8,0.0,0.599625230896327
train,2014-560,1,317,9,0.0,0.3263654153886324
train,2014-560,1,317,10,1.0,0.29618089682920146
train,2014-560,1,317,11,0.0,0.29891573469102506
train,2014-560,1,317,12,1.0,0.3789844370421526
train,2014-560,1,317,13,0.0,0.49984222200113637
train,2014-560,1,317,14,1.0,0.8701264016691962
train,2014-560,1,317,15,1.0,0.9019140637931221
train,2014-560,1,317,16,1.0,0.20214194800421448
train,2014-560,1,317,17,0.0,0.24706119699815454
train,2014-560,1,317,18,0.0,0.5244364863158785
train,2014-560,1,317,19,1.0,0.5905344768461293
train,2014-560,1,317,20,1.0,0.5497026273235258
train,2014-560,1,317,21,1.0,0.8282192467008688
train,2014-560,1,317,22,1.0,0.8755405492378387
train,2014-560,1,317,23,1.0,0.29820732131055816
train,2014-560,1,317,24,1.0,0.5099976646933274
train,2014-560,1,317,25,0.0,0.1486402836791417
train,2014-560,1,317,26,0.0,0.5322127458910458
train,2014-560,1,317,27,1.0,0.7228125798018099
train,2014-560,1,317,28,1.0,0.5179811330489819
train,2014-560,1,317,29,1.0,0.9816941457271791
train,2014-560,1,317,30,0.0,0.08261420440701461
train,2014-560,1,317,31,1.0,0.33223501482451173
train,2014-560,1,317,32,1.0,0.38623900158727303
train,2014-560,1,317,33,0.0,0.4857077484129763
train,2014-560,1,317,34,0.0,0.13683490331142847
train,2014-560,1,317,35,0.0,0.07336742039613912
train,2014-560,1,317,36,1.0,0.5205728279516212
train,2014-560,1,317,37,1.0,0.38721382597719317
train,2014-560,1,317,38,0.0,0.19100220903136836
train,2014-560,1,317,39,0.0,0.27766961871178636
train,2014-560,1,317,40,0.0,0.3568164744374223
train,2014-560,1,317,41,0.0,0.22847980923076028
train,2014-560,1,317,42,0.0,0.25367534231324296
train,2014-560,1,317,43,1.0,0.6450278051089768
train,2014-560,1,317,44,0.0,0.13207531310684786
train,2014-560,1,317,45,1.0,0.5859933682183659
train,2014-560,1,317,46,1.0,0.6934790517646032
train,2014-560,1,317,47,0.0,0.6010590154708271
train,2014-560,1,317,48,1.0,0.8013767160498824
train,2014-560,1,317,49,0.0,0.6405663034731438
train,2014-560,1,317,50,1.0,0.2570948491548126
train,2014-560,1,317,51,1.0,0.6006442703923135
train,2014-560,1,317,52,1.0,0.9227226115676845
train,2014-560,1,317,53,0.0,0.5364843447925992
train,2014-560,1,317,54,0.0,0.6287179630683691
train,2014-560,1,317,55,1.0,0.8110613460738008
train,2014-560,1,317,56,0.0,0.22881500439933927
train,2014-560,1,317,57,1.0,0.6276436094563905
train,2014-560,1,317,58,1.0,0.6622201691041262
train,2014-560,1,317,59,0.0,0.16453884694348814
train,2014-560,1,317,60,0.0,0.15162709883212191
train,2014-560,1,317,61,1.0,0.6323735203789694
train,2014-560,1,317,62,0.0,0.355174407268912
train,2014-560,1,317,63,1.0,0.39805602015969155
train,2014-560,2,318,0,0.0,0.7022148985574559
train,2014-560,2,318,1,0.0,0.1048051671659354
train,2014-560,2,318,2,1.0,0.6385431870958028
train,2014-560,2,318,3,0.0,0.21753207732296295
train,2014-560,2,318,4,1.0,0.8903386875345359
train,2014-560,2,318,5,0.0,0.6986530618299525
train,2014-560,2,318,6,0.0,0.5345750353295414
train,2014-560,2,318,7,1.0,0.7942152014312338
train,2014-560,2,318,8,1.0,0.8558975466605877
train,2014-560,2,318,9,0.0,0.2454329028747879
train,2014-560,2,318,10,1.0,0.8042079460089548
train,2014-560,2,318,11,1.0,0.846510159202756
train,2014-560,2,318,12,0.0,0.24656336667335602
train,2014-560,2,318,13,0.0,0.7350831538596599
train,2014-560,2,318,14,0.0,0.1058929913747658
train,2014-560,2,318,15,0.0,0.4889121973783341
train,2014-560,2,318,16,1.0,0.5817063860999653
train,2014-560,2,318,17,0.0,0.2147915151005589
train,2014-560,2,318,18,0.0,0.18900618527211482
train,2014-560,2,318,19,0.0,0.6377003396475972
train,2014-560,2,318,20,1.0,0.2563533834836813
train,2014-560,2,318,21,1.0,0.8776744424697923
train,2014-560,2,318,22,0.0,0.04751404578803933
train,2014-560,2,318,23,1.0,0.5631765288490362
train,2014-560,2,318,24,1.0,0.29318216598550667
train,2014-560,2,318,25,0.0,0.09121622538098607
train,2014-560,2,318,26,1.0,0.8296792190284914
train,2014-560,2,318,27,1.0,0.7498521235660117
train,2014-560,2,318,28,1.0,0.8838664409741203
train,2014-560,2,318,29,1.0,0.9548697297034797
train,2014-560,2,318,30,1.0,0.5176013583761897
train,2014-560,2,318,31,1.0,0.9676344051886209
train,2014-560,3,319,0,1.0,0.23913181918381682
train,2014-560,3,319,1,0.0,0.53035348793394
train,2014-560,3,319,2,0.0,0.09532573842858187
train,2014-560,3,319,3,1.0,0.7248898268311408
train,2014-560,3,319,4,0.0,0.5554108989355814
train,2014-560,3,319,5,0.0,0.19798681462560103
train,2014-560,3,319,6,0.0,0.4722898711870555
train,2014-560,3,319,7,1.0,0.36975724344458233
train,2014-560,3,319,8,0.0,0.1311401194052409
train,2014-560,3,319,9,0.0,0.09683233193119407
train,2014-560,3,319,10,1.0,0.7763745688793007
train,2014-560,3,319,11,0.0,0.23154680725434187
train,2014-560,3,319,12,1.0,0.8776293753142881
train,2014-560,3,319,13,1.0,0.9147535959782624
train,2014-560,3,319,14,1.0,0.8808639721231794
train,2014-560,3,319,15,0.0,0.06265700076117299
train,2014-560,4,320,0,1.0,0.8362628746765381
train,2014-560,4,320,1,0.0,0.5065852113570373
train,2014-560,4,320,2,1.0,0.5641273385859055
train,2014-560,4,320,3,0.0,0.17440556491312925
train,2014-560,4,320,4,1.0,0.3882278736195791
train,2014-560,4,320,5,1.0,0.6361073628648263
train,2014-560,4,320,6,1.0,0.5890683855775921
train,2014-560,4,320,7,0.0,0.10409778746080237
train,2014-560,5,321,0,1.0,0.7917996297928223
train,2014-560,5,321,1,1.0,0.30483776976887966
train,2014-560,5,321,2,0.0,0.5927800254546408
train,2014-560,5,321,3,0.0,0.23698802373089978
train,2014-560,6,322,0,0.0,0.8094654479093282
train,2014-560,6,322,1,0.0,0.8579958625104117
train,2014-560,7,323,0,1.0,0.4461570286168323
train,2014-580,1,252,0,0.0,0.5003213309948105
train,2014-580,1,252,1,0.0,0.45097360813232557
train,2014-580,1,252,2,0.0,0.24996620599213284
train,2014-580,1,252,3,0.0,0.3239810119227582
train,2014-580,1,252,4,1.0,0.6574776435392073
train,2014-580,1,252,5,0.0,0.07823663264268492
train,2014-580,1,252,6,1.0,0.252466313090254
train,2014-580,1,252,7,0.0,0.5224975630068048
train,2014-580,1,252,8,0.0,0.4730896111131397
train,2014-580,1,252,9,0.0,0.5091561897649379
train,2014-580,1,252,10,1.0,0.6394077439656166
train,2014-580,1,252,11,0.0,0.7093474094587155
train,2014-580,1,252,12,1.0,0.35455949074229814
train,2014-580,1,252,13,1.0,0.9471771741608109
train,2014-580,1,252,14,1.0,0.9045091153471148
train,2014-580,1,252,15,1.0,0.8436734125253854
train,2014-580,1,252,16,0.0,0.4840556388295933
train,2014-580,1,252,17,0.0,0.2590047000117193
train,2014-580,1,252,18,1.0,0.7976722730111514
train,2014-580,1,252,19,1.0,0.6801852675546138
train,2014-580,1,252,20,0.0,0.4385132789229824
train,2014-580,1,252,21,1.0,0.8251217042911826
train,2014-580,1,252,22,0.0,0.21582757055944973
train,2014-580,1,252,23,1.0,0.5590295725081156
train,2014-580,1,252,24,1.0,0.4578868954835464
train,2014-580,1,252,25,1.0,0.5712267256785555
train,2014-580,1,252,26,1.0,0.661202502478305
train,2014-580,1,252,27,1.0,0.49040602233924896
train,2014-580,1,252,28,1.0,0.9647084909412789
train,2014-580,1,252,29,0.0,0.025426542877756718
train,2014-580,1,252,30,0.0,0.6138443246695205
train,2014-580,1,252,31,1.0,0.37052067630712254
train,2014-580,1,252,32,1.0,0.2996501880543702
train,2014-580,1,252,33,0.0,0.03732700376577216
train,2014-580,1,252,34,0.0,0.7075284523289112
train,2014-580,1,252,35,1.0,0.5224247139616183
train,2014-580,1,252,36,0.0,0.38968240088546413
train,2014-580,1,252,37,1.0,0.6913772954465472
train,2014-580,1,252,38,1.0,0.679072647060496
train,2014-580,1,252,39,0.0,0.3452919266506109
train,2014-580,1,252,40,0.0,0.07884771326131643
train,2014-580,1,252,41,1.0,0.6941019339659543
train,2014-580,1,252,42,0.0,0.16102974552162477
train,2014-580,1,252,43,0.0,0.3153643097723752
train,2014-580,1,252,44,1.0,0.7396261444099848
train,2014-580,1,252,45,1.0,0.48906386712695393
train,2014-580,1,252,46,0.0,0.07026088579304332
train,2014-580,1,252,47,1.0,0.9477640131640968
train,2014-580,1,252,48,1.0,0.6507497994316589
train,2014-580,1,252,49,1.0,0.6785385499157812
train,2014-580,1,252,50,0.0,0.053489564962914966
train,2014-580,1,252,51,1.0,0.584373261888328
train,2014-580,1,252,52,1.0,0.46308001855336606
train,2014-580,1,252,53,1.0,0.8535168876703165
train,2014-580,1,252,54,1.0,0.3082758996861549
train,2014-580,1,252,55,0.0,0.5638627072831237
train,2014-580,1,252,56,1.0,0.6684932244185625
train,2014-580,1,252,57,1.0,0.7743229207301169
train,2014-580,1,252,58,1.0,0.7160025417040389
train,2014-580,1,252,59,0.0,0.4982074946725944
train,2014-580,1,252,60,1.0,0.8587639296731296
train,2014-580,1,252,61,0.0,0.13981727527422236
train,2014-580,1,252,62,1.0,0.14944540264010864
train,2014-580,1,252,63,0.0,0.4599514576348807
train,2014-580,2,253,0,0.0,0.291401876770556
train,2014-580,2,253,1,1.0,0.8837559959361924
train,2014-580,2,253,2,1.0,0.5408639425036459
train,2014-580,2,253,3,1.0,0.433838983358623
train,2014-580,2,253,4,1.0,0.5763595018492108
train,2014-580,2,253,5,1.0,0.5258415499842098
train,2014-580,2,253,6,0.0,0.129347708971342
train,2014-580,2,253,7,0.0,0.4044443434159089
train,2014-580,2,253,8,0.0,0.4131044862789803
train,2014-580,2,253,9,0.0,0.2375414942078758
train,2014-580,2,253,10,1.0,0.208545879757035
train,2014-580,2,253,11,1.0,0.9168783620227753
train,2014-580,2,253,12,0.0,0.0803814891882686
train,2014-580,2,253,13,1.0,0.8511124042214032
train,2014-580,2,253,14,0.0,0.7817492046946621
train,2014-580,2,253,15,1.0,0.43713774434801417
train,2014-580,2,253,16,1.0,0.8866760804623184
train,2014-580,2,253,17,0.0,0.3732995684120119
train,2014-580,2,253,18,0.0,0.5232486214008459
train,2014-580,2,253,19,0.0,0.2618512073394522
train,2014-580,2,253,20,0.0,0.031351876087851796
train,2014-580,2,253,21,1.0,0.16215787458389128
train,2014-580,2,253,22,1.0,0.7658592423673765
train,2014-580,2,253,23,0.0,0.30915134714367615
train,2014-580,2,253,24,1.0,0.5104983142272004
train,2014-580,2,253,25,0.0,0.09902856241768644
train,2014-580,2,253,26,0.0,0.6825351045188693
train,2014-580,2,253,27,0.0,0.055058643380017515
train,2014-580,2,253,28,1.0,0.5685889105226812
train,2014-580,2,253,29,1.0,0.6878285164921415
train,2014-580,2,253,30,1.0,0.9646308424590043
train,2014-580,2,253,31,0.0,0.01388597006998186
train,2014-580,3,254,0,1.0,0.8371792762243618
train,2014-580,3,254,1,0.0,0.05879076096449425
train,2014-580,3,254,2,1.0,0.9493233164178948
train,2014-580,3,254,3,0.0,0.5674968249877662
train,2014-580,3,254,4,0.0,0.7461195835776656
train,2014-580,3,254,5,0.0,0.17288772914622297
train,2014-580,3,254,6,1.0,0.33587866839756986
train,2014-580,3,254,7,0.0,0.2684748527917639
train,2014-580,3,254,8,1.0,0.9242206275609467
train,2014-580,3,254,9,0.0,0.04769923967625902
train,2014-580,3,254,10,1.0,0.7492443789264616
train,2014-580,3,254,11,0.0,0.47901635520422114
train,2014-580,3,254,12,1.0,0.8753359858159764
train,2014-580,3,254,13,0.0,0.6749898117167262
train,2014-580,3,254,14,1.0,0.3823946537670776
train,2014-580,3,254,15,1.0,0.8332913358310805
train,2014-580,4,255,0,0.0,0.05729439477677709
train,2014-580,4,255,1,0.0,0.2579266389574283
train,2014-580,4,255,2,0.0,0.14258929360051087
train,2014-580,4,255,3,0.0,0.20787963677114002
train,2014-580,4,255,4,1.0,0.7005607712375829
train,2014-580,4,255,5,1.0,0.9160448781206588
train,2014-580,4,255,6,1.0,0.7205227440085934
train,2014-580,4,255,7,0.0,0.09447252325382258
train,2014-580,5,256,0,1.0,0.15665838548812602
train,2014-580,5,256,1,0.0,0.5025321072633459
train,2014-580,5,256,2,1.0,0.5831234088847829
train,2014-580,5,256,3,0.0,0.07801963734729948
train,2014-580,6,257,0,0.0,0.6258731693497146
train,2014-580,6,257,1,0.0,0.2663239803502558
train,2014-580,7,258,0,1.0,0.1428106002641668
train,2015-1536,2,363,0,1.0,0.28224020457404075
train,2015-1536,2,363,1,0.0,0.3812417998800517
train,2015-1536,2,363,2,0.0,0.7234814236595057
train,2015-1536,2,363,3,1.0,0.7552674387287539
train,2015-1536,2,363,4,0.0,0.18953426280356003
train,2015-1536,2,363,5,0.0,0.37354881302512893
train,2015-1536,2,363,6,1.0,0.6648012239143697
train,2015-1536,2,363,7,1.0,0.5231721860894933
train,2015-1536,2,363,8,0.0,0.7346863256335519
train,2015-1536,2,363,9,0.0,0.20458324662099217
train,2015-1536,2,363,10,0.0,0.3840612463345614
train,2015-1536,2,363,11,1.0,0.43166171091032357
train,2015-1536,2,363,12,1.0,0.6267281351906976
train,2015-1536,2,363,13,1.0,0.8236666493171239
train,2015-1536,2,363,14,0.0,0.27056297816879377
train,2015-1536,2,363,15,0.0,0.4456110184815025
train,2015-1536,2,363,16,1.0,0.8251301278016429
train,2015-1536,2,363,17,1.0,0.5156159273253799
train,2015-1536,2,363,18,1.0,0.6398313205371916
train,2015-1536,2,363,19,1.0,0.5397655348220288
train,2015-1536,2,363,20,1.0,0.3561933191463848
train,2015-1536,2,363,21,0.0,0.37745712909125234
train,2015-1536,2,363,22,1.0,0.8074826232812561
train,2015-1536,2,363,23,1.0,0.7787883381320814
train,2015-1536,3,364,0,0.0,0.18966780634525301
train,2015-1536,3,364,1,1.0,0.19830856192720753
train,2015-1536,3,364,2,1.0,0.35975689078744205
train,2015-1536,3,364,3,1.0,0.7886261353031905
train,2015-1536,3,364,4,1.0,0.8242575363002875
train,2015-1536,3,364,5,1.0,0.6785578445011036
train,2015-1536,3,364,6,1.0,0.36037514434796236
train,2015-1536,3,364,7,0.0,0.1637139438418852
train,2015-1536,3,364,8,0.0,0.1725534070015423
train,2015-1536,3,364,9,0.0,0.28632172841603637
train,2015-1536,3,364,10,0.0,0.23998985524461522
train,2015-1536,3,364,11,0.0,0.06789792869004517
train,2015-1536,3,364,12,1.0,0.7619839399905806
train,2015-1536,3,364,13,0.0,0.2186731733040308
train,2015-1536,3,364,14,0.0,0.19367339432690703
train,2015-1536,3,364,15,0.0,0.9052777833835668
train,2015-1536,4,365,0,0.0,0.2627984506858519
train,2015-1536,4,365,1,0.0,0.3966969292569374
train,2015-1536,4,365,2,1.0,0.43945781620093505
train,2015-1536,4,365,3,0.0,0.23307224453611394
train,2015-1536,4,365,4,0.0,0.35703262525680135
train,2015-1536,4,365,5,1.0,0.8005258500912596
train,2015-1536,4,365,6,0.0,0.11822455328151604
train,2015-1536,4,365,7,1.0,0.9117392955415484
train,2015-1536,5,366,0,0.0,0.5645374101660412
train,2015-1536,5,366,1,0.0,0.3554906940833396
train,2015-1536,5,366,2,1.0,0.8010289511010343
train,2015-1536,5,366,3,1.0,0.5952273904616384
train,2015-1536,6,367,0,0.0,0.30618215244873737
train,2015-1536,6,367,1,1.0,0.6351353744496411
train,2015-1536,7,368,0,1.0,0.365661350156713
train,2015-352,2,414,0,1.0,0.5712438776996221
train,2015-352,2,414,1,1.0,0.28889738216372857
train,2015-352,2,414,2,1.0,0.8415288180131998
train,2015-352,2,414,3,1.0,0.3663172571011857
train,2015-352,2,414,4,1.0,0.49928494350139585
train,2015-352,2,414,5,1.0,0.40976706632138543
train,2015-352,2,414,6,1.0,0.5317852905891143
train,2015-352,2,414,7,0.0,0.5125544461721975
train,2015-352,2,414,8,0.0,0.19287499535652938
train,2015-352,2,414,9,1.0,0.6364843903940594
train,2015-352,2,414,10,0.0,0.3484974215832105
train,2015-352,2,414,11,1.0,0.3540645803764861
train,2015-352,2,414,12,1.0,0.49837118512082446
train,2015-352,2,414,13,0.0,0.3621072724162355
train,2015-352,2,414,14,1.0,0.7784997209962101
train,2015-352,2,414,15,0.0,0.6669273237526662
train,2015-352,3,415,0,1.0,0.8596110457740581
train,2015-352,3,415,1,0.0,0.10809866490386001
train,2015-352,3,415,2,1.0,0.4570549597115216
train,2015-352,3,415,3,1.0,0.6679107711843819
train,2015-352,3,415,4,1.0,0.6324554845523428
train,2015-352,3,415,5,1.0,0.7627883326694712
train,2015-352,3,415,6,0.0,0.07907415596731768
train,2015-352,3,415,7,1.0,0.774063085939372
train,2015-352,3,415,8,1.0,0.9082644009079949
train,2015-352,3,415,9,1.0,0.31757216700582136
train,2015-352,3,415,10,1.0,0.6670403924791958
train,2015-352,3,415,11,1.0,0.7239171454295278
train,2015-352,3,415,12,0.0,0.11872865136559599
train,2015-352,3,415,13,0.0,0.3194977131603942
train,2015-352,3,415,14,0.0,0.04815020288481888
train,2015-352,3,415,15,1.0,0.690218924964669
train,2015-352,4,416,0,0.0,0.4983685587625219
train,2015-352,4,416,1,0.0,0.09239532854401013
train,2015-352,4,416,2,0.0,0.215460639656854
train,2015-352,4,416,3,0.0,0.775445823296397
train,2015-352,4,416,4,0.0,0.5948033698021437
train,2015-352,4,416,5,0.0,0.1977767164464014
train,2015-352,4,416,6,1.0,0.7996621744628734
train,2015-352,4,416,7,0.0,0.37455545834940696
train,2015-352,5,417,0,1.0,0.8376701465561586
train,2015-352,5,417,1,0.0,0.7217891400171524
train,2015-352,5,417,2,0.0,0.4465527163404798
train,2015-352,5,417,3,0.0,0.2251876878999075
train,2015-352,6,418,0,1.0,0.8616864895216184
train,2015-352,6,418,1,0.0,0.3102080577070762
train,2015-352,7,419,0,1.0,0.7386998642506971
train,2015-403,1,350,0,1.0,0.6546909786186877
train,2015-403,1,350,1,0.0,0.2626264667796906
train,2015-403,1,350,2,1.0,0.515899881759542
train,2015-403,1,350,3,0.0,0.5403925630464897
train,2015-403,1,350,4,0.0,0.4844500402059436
train,2015-403,1,350,5,0.0,0.41709332459508613
train,2015-403,1,350,6,0.0,0.6630158207132113
train,2015-403,1,350,7,1.0,0.34905853125110825
train,2015-403,1,350,8,0.0,0.4491078330739758
train,2015-403,1,350,9,0.0,0.3336287523679449
train,2015-403,1,350,10,1.0,0.5049230062855063
train,2015-403,1,350,11,0.0,0.5024818277449553
train,2015-403,1,350,12,0.0,0.6549694438655218
train,2015-403,1,350,13,1.0,0.5305716955924471
train,2015-403,1,350,14,0.0,0.5057994522791954
train,2015-403,1,350,15,1.0,0.7436295714416375
train,2015-403,1,350,16,0.0,0.5157362186738899
train,2015-403,1,350,17,0.0,0.7168248772034027
train,2015-403,1,350,18,0.0,0.39737258616821103
train,2015-403,1,350,19,1.0,0.6511758555222109
train,2015-403,1,350,20,0.0,0.4471084688697724
train,2015-403,1,350,21,0.0,0.4785714747406702
train,2015-403,1,350,22,1.0,0.4871037358447214
train,2015-403,1,350,23,0.0,0.3199446471464574
train,2015-403,1,350,24,0.0,0.3401865784144122
train,2015-403,1,350,25,0.0,0.4731260824350875
train,2015-403,1,350,26,1.0,0.4319619178869473
train,2015-403,1,350,27,1.0,0.7805788219253564
train,2015-403,1,350,28,1.0,0.7058151258926154
train,2015-403,1,350,29,1.0,0.3991315582513102
train,2015-403,1,350,30,1.0,0.22200760880894163
train,2015-403,1,350,31,1.0,0.24251465572935835
train,2015-403,2,351,0,0.0,0.2809685127952472
train,2015-403,2,351,1,0.0,0.10071675239265984
train,2015-403,2,351,2,1.0,0.6946174474107135
train,2015-403,2,351,3,1.0,0.38467006159634254
train,2015-403,2,351,4,1.0,0.4982291357273569
train,2015-403,2,351,5,1.0,0.8697181422904534
train,2015-403,2,351,6,1.0,0.6476721671851843
train,2015-403,2,351,7,0.0,0.05950842118503858
train,2015-403,2,351,8,1.0,0.9024794898615579
train,2015-403,2,351,9,0.0,0.5092576550749955
train,2015-403,2,351,10,1.0,0.6451246183798464
train,2015-403,2,351,11,1.0,0.32590314043702523
train,2015-403,2,351,12,0.0,0.5049423393435516
train,2015-403,2,351,13,1.0,0.5356507288699064
train,2015-403,2,351,14,0.0,0.16864637689700288
train,2015-403,2,351,15,1.0,0.8710506321588836
train,2015-403,2,351,16,0.0,0.12662196335794557
train,2015-403,2,351,17,0.0,0.11294918744995697
train,2015-403,2,351,18,0.0,0.4339624743436805
train,2015-403,2,351,19,1.0,0.7553295829272479
train,2015-403,2,351,20,0.0,0.6765182906340605
train,2015-403,2,351,21,0.0,0.46717897793530533
train,2015-403,2,351,22,1.0,0.39677307764269965
train,2015-403,2,351,23,1.0,0.7914961719106942
train,2015-403,2,351,24,1.0,0.7637136611370406
train,2015-403,2,351,25,0.0,0.5499277029627518
train,2015-403,2,351,26,0.0,0.2862328400829852
train,2015-403,2,351,27,1.0,0.4248196477993613
train,2015-403,2,351,28,1.0,0.8929809083478784
train,2015-403,2,351,29,1.0,0.4171010282455474
train,2015-403,2,351,30,0.0,0.04439415103822288
train,2015-403,2,351,31,1.0,0.5288064298654075
train,2015-403,3,352,0,0.0,0.026720858913182818
train,2015-403,3,352,1,1.0,0.43019639186529646
train,2015-403,3,352,2,0.0,0.22736737762035839
train,2015-403,3,352,3,1.0,0.8540178708908693
train,2015-403,3,352,4,0.0,0.12900741775128813
train,2015-403,3,352,5,0.0,0.32610536943374363
train,2015-403,3,352,6,0.0,0.5223830894801798
train,2015-403,3,352,7,0.0,0.7942487973217963
train,2015-403,3,352,8,0.0,0.8853282336813548
train,2015-403,3,352,9,0.0,0.5568479620945422
train,2015-403,3,352,10,1.0,0.45414297826851985
train,2015-403,3,352,11,0.0,0.1427689934362055
train,2015-403,3,352,12,0.0,0.09339093048427785
train,2015-403,3,352,13,0.0,0.3562786634955324
train,2015-403,3,352,14,1.0,0.48317195913841676
train,2015-403,3,352,15,0.0,0.2038597031386355
train,2015-403,4,353,0,0.0,0.37517827609471327
train,2015-403,4,353,1,1.0,0.8059973263956637
train,2015-403,4,353,2,0.0,0.4973373014710056
train,2015-403,4,353,3,0.0,0.700935518216388
train,2015-403,4,353,4,0.0,0.1576241126071104
train,2015-403,4,353,5,1.0,0.7071604480174668
train,2015-403,4,353,6,1.0,0.9305846480630763
train,2015-403,4,353,7,0.0,0.5962077960523423
train,2015-403,5,354,0,1.0,0.8146810297597535
train,2015-403,5,354,1,1.0,0.8680535791804449
train,2015-403,5,354,2,0.0,0.653031513790311
train,2015-403,5,354,3,1.0,0.8074556368719308
train,2015-403,6,355,0,1.0,0.6246620626042776
train,2015-403,6,355,1,0.0,0.10812484947165597
train,2015-403,7,356,0,0.0,0.2518268502537922
train,2015-404,1,343,0,0.0,0.28633715619684663
train,2015-404,1,343,1,1.0,0.5317708698161698
train,2015-404,1,343,2,1.0,0.7085996085254468
train,2015-404,1,343,3,1.0,0.5431502451004085
train,2015-404,1,343,4,0.0,0.5126012651255033
train,2015-404,1,343,5,0.0,0.697866150954711
train,2015-404,1,343,6,0.0,0.33937076970159014
train,2015-404,1,343,7,0.0,0.504868383618323
train,2015-404,1,343,8,0.0,0.28104607962996336
train,2015-404,1,343,9,0.0,0.4082470289454834
train,2015-404,1,343,10,0.0,0.5022441959600427
train,2015-404,1,343,11,1.0,0.5581532737423716
train,2015-404,1,343,12,0.0,0.5130090055502466
train,2015-404,1,343,13,1.0,0.5091820148716432
train,2015-404,1,343,14,0.0,0.49325832515416584
train,2015-404,1,343,15,0.0,0.5484331918955444
train,2015-404,1,343,16,1.0,0.6931166290279415
train,2015-404,1,343,17,1.0,0.5056707939330998
train,2015-404,1,343,18,1.0,0.514888213349204
train,2015-404,1,343,19,1.0,0.486008068716226
train,2015-404,1,343,20,0.0,0.5105630093336733
train,2015-404,1,343,21,0.0,0.5185998338435585
train,2015-404,1,343,22,0.0,0.3729423920439938
train,2015-404,1,343,23,0.0,0.48128531333890867
train,2015-404,1,343,24,0.0,0.3240655311477669
train,2015-404,1,343,25,0.0,0.7215672236533356
train,2015-404,1,343,26,0.0,0.6705510542163786
train,2015-404,1,343,27,0.0,0.49718499886328266
train,2015-404,1,343,28,0.0,0.2870625553474436
train,2015-404,1,343,29,1.0,0.3781752977137737
train,2015-404,1,343,30,0.0,0.5427744431485195
train,2015-404,1,343,31,0.0,0.4356388251293256
train,2015-404,2,344,0,0.0,0.3986438871873678
train,2015-404,2,344,1,0.0,0.06902695543053868
train,2015-404,2,344,2,0.0,0.31680117654040385
train,2015-404,2,344,3,1.0,0.7283433714279385
train,2015-404,2,344,4,0.0,0.08888519820541171
train,2015-404,2,344,5,0.0,0.5050182791881876
train,2015-404,2,344,6,1.0,0.46416874496786376
train,2015-404,2,344,7,0.0,0.8422049988068481
train,2015-404,2,344,8,0.0,0.6366024650837424
train,2015-404,2,344,9,0.0,0.7601796877948923
train,2015-404,2,344,10,0.0,0.26872295581920297
train,2015-404,2,344,11,1.0,0.7014581383576245
train,2015-404,2,344,12,1.0,0.781442573778167
train,2015-404,2,344,13,1.0,0.863456688396771
train,2015-404,2,344,14,0.0,0.39960233543369794
train,2015-404,2,344,15,1.0,0.848021670522369
train,2015-404,2,344,16,0.0,0.46305476174562654
train,2015-404,2,344,17,0.0,0.28702611820724705
train,2015-404,2,344,18,0.0,0.14256465703369464
train,2015-404,2,344,19,0.0,0.2909858246441536
train,2015-404,2,344,20,0.0,0.28154032454088534
train,2015-404,2,344,21,0.0,0.546651778149734
train,2015-404,2,344,22,0.0,0.3030437647103889
train,2015-404,2,344,23,0.0,0.12166701697931881
train,2015-404,2,344,24,1.0,0.8082391372836147
train,2015-404,2,344,25,0.0,0.677229495989453
train,2015-404,2,344,26,1.0,0.24272037254027753
train,2015-404,2,344,27,1.0,0.7643739753740962
train,2015-404,2,344,28,0.0,0.3192523417310764
train,2015-404,2,344,29,1.0,0.3192324843077764
train,2015-404,2,344,30,1.0,0.9418924430101963
train,2015-404,2,344,31,0.0,0.6881044984152833
train,2015-404,3,345,0,1.0,0.7806247594577713
train,2015-404,3,345,1,0.0,0.6047261497746513
train,2015-404,3,345,2,1.0,0.14603686368780291
train,2015-404,3,345,3,1.0,0.43335976530074727
train,2015-404,3,345,4,0.0,0.4827102514041332
train,2015-404,3,345,5,1.0,0.9381637332324576
train,2015-404,3,345,6,0.0,0.21040350241600436
train,2015-404,3,345,7,1.0,0.7322921045115484
train,2015-404,3,345,8,1.0,0.44076084859026
train,2015-404,3,345,9,0.0,0.1451586058809609
train,2015-404,3,345,10,0.0,0.6813732454030823
train,2015-404,3,345,11,0.0,0.17754539608054878
train,2015-404,3,345,12,1.0,0.5132687106051248
train,2015-404,3,345,13,1.0,0.8910126851467097
train,2015-404,3,345,14,1.0,0.789365991036185
train,2015-404,3,345,15,0.0,0.21442205873224288
train,2015-404,4,346,0,1.0,0.828579585941447
train,2015-404,4,346,1,1.0,0.8747682958286666
train,2015-404,4,346,2,0.0,0.21914488347899974
train,2015-404,4,346,3,0.0,0.27982920696496244
train,2015-404,4,346,4,0.0,0.6668709076446971
train,2015-404,4,346,5,0.0,0.15382306053217504
train,2015-404,4,346,6,0.0,0.4714886921007559
train,2015-404,4,346,7,1.0,0.8572650965468387
train,2015-404,5,347,0,0.0,0.3336740203316381
train,2015-404,5,347,1,0.0,0.6183203170954037
train,2015-404,5,347,2,0.0,0.24400725193171308
train,2015-404,5,347,3,1.0,0.9354526564463582
train,2015-404,6,348,0,0.0,0.3613835327942204
train,2015-404,6,348,1,0.0,0.30164026831977425
train,2015-404,7,349,0,0.0,0.35504947164486805
train,2015-410,2,357,0,0.0,0.494955572919991
train,2015-410,2,357,1,1.0,0.4660866955776244
train,2015-410,2,357,2,0.0,0.751580143220704
train,2015-410,2,357,3,1.0,0.8599161574686305
train,2015-410,2,357,4,1.0,0.38338281240486227
train,2015-410,2,357,5,1.0,0.3006032744341117
train,2015-410,2,357,6,1.0,0.4421197373678248
train,2015-410,2,357,7,1.0,0.7866874074911947
train,2015-410,2,357,8,1.0,0.9094642997141835
train,2015-410,2,357,9,0.0,0.33729533179237814
train,2015-410,2,357,10,0.0,0.6413695466214251
train,2015-410,2,357,11,0.0,0.2938231591337295
train,2015-410,2,357,12,1.0,0.667317390949143
train,2015-410,2,357,13,1.0,0.4858415091177835
train,2015-410,2,357,14,1.0,0.7320251162314078
train,2015-410,2,357,15,0.0,0.24891106126214627
train,2015-410,2,357,16,0.0,0.37464045543209923
train,2015-410,2,357,17,0.0,0.17700864307008154
train,2015-410,2,357,18,1.0,0.6569566994429189
train,2015-410,2,357,19,1.0,0.4858624189249391
train,2015-410,2,357,20,1.0,0.4519844312279202
train,2015-410,2,357,21,0.0,0.4069872491503912
train,2015-410,2,357,22,1.0,0.7872801959123961
train,2015-410,2,357,23,0.0,0.4748635569381121
train,2015-410,3,358,0,0.0,0.12089933863431472
train,2015-410,3,358,1,1.0,0.6526761904148746
train,2015-410,3,358,2,0.0,0.3146359983245125
train,2015-410,3,358,3,1.0,0.7558948284984606
train,2015-410,3,358,4,0.0,0.24521946980009116
train,2015-410,3,358,5,1.0,0.6758621932740474
train,2015-410,3,358,6,0.0,0.4262884956546936
train,2015-410,3,358,7,1.0,0.8887870861880754
train,2015-410,3,358,8,1.0,0.7963636828245662
train,2015-410,3,358,9,1.0,0.8773567276555212
train,2015-410,3,358,10,0.0,0.05650065015117889
train,2015-410,3,358,11,1.0,0.7582348250166172
train,2015-410,3,358,12,0.0,0.09432951122448874
train,2015-410,3,358,13,0.0,0.5419755483705001
train,2015-410,3,358,14,0.0,0.1948785696933501
train,2015-410,3,358,15,1.0,0.9511671036363492
train,2015-410,4,359,0,1.0,0.9613859380703004
train,2015-410,4,359,1,0.0,0.585720471040696
train,2015-410,4,359,2,0.0,0.801585393739105
train,2015-410,4,359,3,1.0,0.6912102007187222
train,2015-410,4,359,4,1.0,0.6987995159084528
train,2015-410,4,359,5,0.0,0.2802212594054998
train,2015-410,4,359,6,1.0,0.4091305558376069
train,2015-410,4,359,7,0.0,0.18729845732735037
train,2015-410,5,360,0,1.0,0.8844183206849054
train,2015-410,5,360,1,1.0,0.696430653043458
train,2015-410,5,360,2,1.0,0.49905516158501023
train,2015-410,5,360,3,1.0,0.5244680517448096
train,2015-410,6,361,0,0.0,0.3285677871976626
train,2015-410,6,361,1,1.0,0.6027066548776279
train,2015-410,7,362,0,1.0,0.8141019894615713
train,2015-416,2,369,0,0.0,0.3348629058923849
train,2015-416,2,369,1,0.0,0.4066073862380087
train,2015-416,2,369,2,0.0,0.2767780236622086
train,2015-416,2,369,3,0.0,0.37751175038391543
train,2015-416,2,369,4,0.0,0.5367984578962778
train,2015-416,2,369,5,0.0,0.7225674039002529
train,2015-416,2,369,6,0.0,0.18151881704928546
train,2015-416,2,369,7,0.0,0.2066785882873788
train,2015-416,2,369,8,0.0,0.7035249479227899
train,2015-416,2,369,9,0.0,0.36111460167171805
train,2015-416,2,369,10,0.0,0.14222950229839504
train,2015-416,2,369,11,0.0,0.35926503121366493
train,2015-416,2,369,12,0.0,0.5034881572512924
train,2015-416,2,369,13,0.0,0.3277368833010893
train,2015-416,2,369,14,1.0,0.5225869836090045
train,2015-416,2,369,15,1.0,0.6982964998599047
train,2015-416,2,369,16,0.0,0.30127689095080823
train,2015-416,2,369,17,1.0,0.7657324271146294
train,2015-416,2,369,18,0.0,0.35711523395976535
train,2015-416,2,369,19,1.0,0.23722726479046902
train,2015-416,2,369,20,1.0,0.8059778234897397
train,2015-416,2,369,21,0.0,0.18483816761721816
train,2015-416,2,369,22,0.0,0.3202613058851851
train,2015-416,2,369,23,1.0,0.27653773620720307
train,2015-416,3,370,0,1.0,0.5062359784633352
train,2015-416,3,370,1,1.0,0.3146577787901601
train,2015-416,3,370,2,0.0,0.0590215423291986
train,2015-416,3,370,3,1.0,0.9534848637199653
train,2015-416,3,370,4,1.0,0.20893737929707293
train,2015-416,3,370,5,1.0,0.3119298229695239
train,2015-416,3,370,6,0.0,0.28994541699440557
train,2015-416,3,370,7,1.0,0.7540887296314807
train,2015-416,3,370,8,0.0,0.5571899403791742
train,2015-416,3,370,9,1.0,0.931656875370092
train,2015-416,3,370,10,0.0,0.30134096808890637
train,2015-416,3,370,11,0.0,0.15098754693718253
train,2015-416,3,370,12,0.0,0.7324317217122863
train,2015-416,3,370,13,1.0,0.2305475392151694
train,2015-416,3,370,14,0.0,0.1167491856740692
train,2015-416,3,370,15,1.0,0.9492457671294523
train,2015-416,4,371,0,0.0,0.044270245221808176
train,2015-416,4,371,1,0.0,0.16426329136975987
train,2015-416,4,371,2,0.0,0.8890438703833058
train,2015-416,4,371,3,0.0,0.20103686218203168
train,2015-416,4,371,4,1.0,0.7421810537570249
train,2015-416,4,371,5,1.0,0.7752999559559578
train,2015-416,4,371,6,0.0,0.20670987860378273
train,2015-416,4,371,7,0.0,0.150830065507115
train,2015-416,5,372,0,1.0,0.819061438202652
train,2015-416,5,372,1,0.0,0.17934094274225115
train,2015-416,5,372,2,0.0,0.7830877841694517
train,2015-416,5,372,3,1.0,0.6519549840869575
train,2015-416,6,373,0,1.0,0.7998575292402768
train,2015-416,6,373,1,0.0,0.25745915210796444
train,2015-416,7,374,0,1.0,0.696582354494925
train,2015-421,2,389,0,1.0,0.6908678625961325
train,2015-421,2,389,1,0.0,0.43557148447321453
train,2015-421,2,389,2,0.0,0.43898143502031184
train,2015-421,2,389,3,1.0,0.6164450177178915
train,2015-421,2,389,4,0.0,0.6845891216900142
train,2015-421,2,389,5,1.0,0.5136899060275345
train,2015-421,2,389,6,1.0,0.587055331151277
train,2015-421,2,389,7,0.0,0.5093221355531244
train,2015-421,2,389,8,0.0,0.17641684161692234
train,2015-421,2,389,9,0.0,0.2593473088405991
train,2015-421,2,389,10,0.0,0.21885202925554703
train,2015-421,2,389,11,0.0,0.5214410178825171
train,2015-421,2,389,12,1.0,0.4758731235479453
train,2015-421,2,389,13,0.0,0.49814847352186115
train,2015-421,2,389,14,0.0,0.327742397526605
train,2015-421,2,389,15,0.0,0.4936338733072138
train,2015-421,2,389,16,0.0,0.2988181339158365
train,2015-421,2,389,17,1.0,0.8514735169415982
train,2015-421,2,389,18,1.0,0.844280698392955
train,2015-421,2,389,19,0.0,0.4034154692031295
train,2015-421,2,389,20,1.0,0.5097392231174823
train,2015-421,2,389,21,0.0,0.4042547149426948
train,2015-421,2,389,22,1.0,0.667820309839992
train,2015-421,2,389,23,1.0,0.5458982443358416
train,2015-421,3,390,0,1.0,0.8135662275056461
train,2015-421,3,390,1,0.0,0.8082708121152045
train,2015-421,3,390,2,1.0,0.6531691081502757
train,2015-421,3,390,3,0.0,0.7156963424504139
train,2015-421,3,390,4,0.0,0.14742714197375484
train,2015-421,3,390,5,0.0,0.074125574150451
train,2015-421,3,390,6,1.0,0.2621019589124228
train,2015-421,3,390,7,0.0,0.8306652130150903
train,2015-421,3,390,8,0.0,0.48555090332379697
train,2015-421,3,390,9,1.0,0.6011592511254098
train,2015-421,3,390,10,0.0,0.19451364196483278
train,2015-421,3,390,11,1.0,0.2627946500443179
train,2015-421,3,390,12,0.0,0.42525438766177753
train,2015-421,3,390,13,1.0,0.13984420319605304
train,2015-421,3,390,14,0.0,0.04456549567852143
train,2015-421,3,390,15,0.0,0.6472306445949848
train,2015-421,4,391,0,0.0,0.06532837867979147
train,2015-421,4,391,1,0.0,0.37696625006819817
train,2015-421,4,391,2,1.0,0.6575375375852262
train,2015-421,4,391,3,0.0,0.09626061734422323
train,2015-421,4,391,4,0.0,0.2750892015397731
train,2015-421,4,391,5,0.0,0.21025389580377
train,2015-421,4,391,6,0.0,0.09785681710118149
train,2015-421,4,391,7,0.0,0.30174034813787765
train,2015-421,5,392,0,0.0,0.6593773229953601
train,2015-421,5,392,1,1.0,0.9325527289811664
train,2015-421,5,392,2,0.0,0.7140496270475911
train,2015-421,5,392,3,0.0,0.3303579879947383
train,2015-421,6,393,0,1.0,0.9191118088293969
train,2015-421,6,393,1,0.0,0.35152233663218296
train,2015-421,7,394,0,0.0,0.7441907613292539
train,2015-422,2,395,0,0.0,0.7791203117966802
train,2015-422,2,395,1,0.0,0.4882367883677229
train,2015-422,2,395,2,1.0,0.27413432142235195
train,2015-422,2,395,3,1.0,0.26133054500640474
train,2015-422,2,395,4,1.0,0.42170181238049714
train,2015-422,2,395,5,0.0,0.41414295118040273
train,2015-422,2,395,6,1.0,0.5723912671429457
train,2015-422,2,395,7,0.0,0.7109573382544457
train,2015-422,2,395,8,0.0,0.7792293085777554
train,2015-422,2,395,9,1.0,0.7046631549204678
train,2015-422,2,395,10,1.0,0.5712260049404774
train,2015-422,2,395,11,0.0,0.667883554963033
train,2015-422,2,395,12,1.0,0.6593746926634546
train,2015-422,2,395,13,1.0,0.5822913329968928
train,2015-422,2,395,14,0.0,0.6413871173548142
train,2015-422,2,395,15,1.0,0.760476212433513
train,2015-422,2,395,16,0.0,0.17831405785821067
train,2015-422,2,395,17,0.0,0.44666337281078095
train,2015-422,2,395,18,0.0,0.45919057658452705
train,2015-422,2,395,19,1.0,0.878211502602302
train,2015-422,2,395,20,0.0,0.747966420581845
train,2015-422,2,395,21,1.0,0.6206134942971645
train,2015-422,2,395,22,1.0,0.7225918810271483
train,2015-422,2,395,23,0.0,0.7154300310468078
train,2015-422,3,396,0,1.0,0.8193662103246078
train,2015-422,3,396,1,1.0,0.5437587254898354
train,2015-422,3,396,2,1.0,0.5592380377558499
train,2015-422,3,396,3,1.0,0.8319792776564318
train,2015-422,3,396,4,0.0,0.25138951867413123
train,2015-422,3,396,5,0.0,0.2500073795899057
train,2015-422,3,396,6,1.0,0.7553514231559992
train,2015-422,3,396,7,1.0,0.8207674891666938
train,2015-422,3,396,8,0.0,0.37647308358778425
train,2015-422,3,396,9,1.0,0.9419002512607659
train,2015-422,3,396,10,1.0,0.694230097644763
train,2015-422,3,396,11,1.0,0.5572025250748456
train,2015-422,3,396,12,1.0,0.512468321224987
train,2015-422,3,396,13,0.0,0.15351914831449393
train,2015-422,3,396,14,1.0,0.5024298455938183
train,2015-422,3,396,15,0.0,0.043964575582593854
train,2015-422,4,397,0,1.0,0.9235725664905119
train,2015-422,4,397,1,0.0,0.2040405938027999
train,2015-422,4,397,2,1.0,0.7264364931811409
train,2015-422,4,397,3,0.0,0.5203645491710612
train,2015-422,4,397,4,0.0,0.2186053120110923
train,2015-422,4,397,5,0.0,0.8504726361508007
train,2015-422,4,397,6,1.0,0.8279783880023759
train,2015-422,4,397,7,1.0,0.6106848258398847
train,2015-422,5,398,0,1.0,0.8519944003898154
train,2015-422,5,398,1,1.0,0.24384851821585898
train,2015-422,5,398,2,1.0,0.793659902776453
train,2015-422,5,398,3,0.0,0.15432932977141783
train,2015-422,6,399,0,1.0,0.925323371706963
train,2015-422,6,399,1,0.0,0.45858111261127604
train,2015-422,7,400,0,1.0,0.29854096529764795
train,2015-5014,2,408,0,1.0,0.6890961556208761
train,2015-5014,2,408,1,0.0,0.41560738308987694
train,2015-5014,2,408,2,1.0,0.7040233504236713
train,2015-5014,2,408,3,0.0,0.5289432519166257
train,2015-5014,2,408,4,1.0,0.4640637020378282
train,2015-5014,2,408,5,1.0,0.400075716665391
train,2015-5014,2,408,6,0.0,0.16637379500124064
train,2015-5014,2,408,7,1.0,0.7477794698460971
train,2015-5014,2,408,8,1.0,0.840488669399115
train,2015-5014,2,408,9,0.0,0.18794525130149037
train,2015-5014,2,408,10,0.0,0.27922398420266253
train,2015-5014,2,408,11,0.0,0.6662947727261364
train,2015-5014,2,408,12,0.0,0.23692363944983716
train,2015-5014,2,408,13,1.0,0.7539372954346838
train,2015-5014,2,408,14,1.0,0.6277939790320524
train,2015-5014,2,408,15,0.0,0.5029116824179248
train,2015-5014,2,408,16,1.0,0.7048659511663455
train,2015-5014,2,408,17,0.0,0.29166243715317763
train,2015-5014,2,408,18,1.0,0.3680467023088941
train,2015-5014,2,408,19,0.0,0.35886771592443406
train,2015-5014,2,408,20,1.0,0.5527676288273228
train,2015-5014,2,408,21,0.0,0.6339631046306902
train,2015-5014,2,408,22,0.0,0.07928727001021973
train,2015-5014,2,408,23,1.0,0.6236155953273016
train,2015-5014,3,409,0,0.0,0.8945316804248331
train,2015-5014,3,409,1,1.0,0.8708163996697998
train,2015-5014,3,409,2,0.0,0.3856916267006218
train,2015-5014,3,409,3,0.0,0.25756863377870554
train,2015-5014,3,409,4,1.0,0.610002625638124
train,2015-5014,3,409,5,1.0,0.7909692613255813
train,2015-5014,3,409,6,1.0,0.7418356871080305
train,2015-5014,3,409,7,1.0,0.5767514401736155
train,2015-5014,3,409,8,0.0,0.41043912232767416
train,2015-5014,3,409,9,0.0,0.2149811720694665
train,2015-5014,3,409,10,0.0,0.12840278190447676
train,2015-5014,3,409,11,1.0,0.23027247295899128
train,2015-5014,3,409,12,0.0,0.14892665228320554
train,2015-5014,3,409,13,0.0,0.37160490125054957
train,2015-5014,3,409,14,0.0,0.26186226123693734
train,2015-5014,3,409,15,0.0,0.06506319962846262
train,2015-5014,4,410,0,0.0,0.13591576529990657
train,2015-5014,4,410,1,1.0,0.3288547120852983
train,2015-5014,4,410,2,1.0,0.6519626594515467
train,2015-5014,4,410,3,1.0,0.6553025111076644
train,2015-5014,4,410,4,1.0,0.5347157161230898
train,2015-5014,4,410,5,1.0,0.36329633524831906
train,2015-5014,4,410,6,0.0,0.2011319445785136
train,2015-5014,4,410,7,0.0,0.3192909990517052
train,2015-5014,5,411,0,1.0,0.6355339140290917
train,2015-5014,5,411,1,1.0,0.904070189174656
train,2015-5014,5,411,2,0.0,0.347903041187292
train,2015-5014,5,411,3,1.0,0.6455520035029696
train,2015-5014,6,412,0,1.0,0.6878395578190738
train,2015-5014,6,412,1,0.0,0.6256982751893564
train,2015-5014,7,413,0,0.0,0.2197020440987485
train,2015-520,1,375,0,1.0,0.9516204903888401
train,2015-520,1,375,1,0.0,0.741333510444582
train,2015-520,1,375,2,1.0,0.6496259053278102
train,2015-520,1,375,3,0.0,0.2852906444537
train,2015-520,1,375,4,1.0,0.7705808362460098
train,2015-520,1,375,5,0.0,0.5801514800506913
train,2015-520,1,375,6,0.0,0.19388143203021538
train,2015-520,1,375,7,0.0,0.23545203859025182
train,2015-520,1,375,8,0.0,0.21297231108752213
train,2015-520,1,375,9,1.0,0.5220999880678852
train,2015-520,1,375,10,1.0,0.7903875617509286
train,2015-520,1,375,11,0.0,0.34426610368696353
train,2015-520,1,375,12,0.0,0.43671152973435157
train,2015-520,1,375,13,0.0,0.02964881738876261
train,2015-520,1,375,14,0.0,0.029122193609361576
train,2015-520,1,375,15,1.0,0.38895681166357726
train,2015-520,1,375,16,1.0,0.4737154961954059
train,2015-520,1,375,17,1.0,0.49096169617013885
train,2015-520,1,375,18,1.0,0.8054333362935929
train,2015-520,1,375,19,1.0,0.3450086048436709
train,2015-520,1,375,20,1.0,0.5136655302396859
train,2015-520,1,375,21,1.0,0.2628008692943357
train,2015-520,1,375,22,0.0,0.20836547256291946
train,2015-520,1,375,23,1.0,0.5865372380089288
train,2015-520,1,375,24,1.0,0.6786124962173259
train,2015-520,1,375,25,0.0,0.13994740750410928
train,2015-520,1,375,26,1.0,0.6538754916353969
train,2015-520,1,375,27,0.0,0.32564203150845067
train,2015-520,1,375,28,1.0,0.5185805325888779
train,2015-520,1,375,29,1.0,0.9574393169160663
train,2015-520,1,375,30,0.0,0.2918012146510616
train,2015-520,1,375,31,0.0,0.3007846069062925
train,2015-520,1,375,32,0.0,0.30204528753780613
train,2015-520,1,375,33,0.0,0.645400266237995
train,2015-520,1,375,34,1.0,0.9113786789024035
train,2015-520,1,375,35,0.0,0.5591731077732137
train,2015-520,1,375,36,0.0,0.40030513125914285
train,2015-520,1,375,37,0.0,0.06908723276517556
train,2015-520,1,375,38,1.0,0.4112599913619147
train,2015-520,1,375,39,1.0,0.8455932851993264
train,2015-520,1,375,40,0.0,0.18478075897000304
train,2015-520,1,375,41,0.0,0.25667854646768357
train,2015-520,1,375,42,1.0,0.6522007184186668
train,2015-520,1,375,43,1.0,0.7236358738348561
train,2015-520,1,375,44,0.0,0.6520098564878924
train,2015-520,1,375,45,0.0,0.3908463476154294
train,2015-520,1,375,46,1.0,0.6631119769469414
train,2015-520,1,375,47,1.0,0.8988930735678125
train,2015-520,1,375,48,1.0,0.9591104452316447
train,2015-520,1,375,49,0.0,0.4875438069515582
train,2015-520,1,375,50,1.0,0.7870602904553957
train,2015-520,1,375,51,1.0,0.8308818446349838
train,2015-520,1,375,52,0.0,0.4186625626186929
train,2015-520,1,375,53,1.0,0.6392594250881785
train,2015-520,1,375,54,0.0,0.11086632155427124
train,2015-520,1,375,55,1.0,0.7728125099364459
train,2015-520,1,375,56,0.0,0.18422361890806108
train,2015-520,1,375,57,1.0,0.7444686788793795
train,2015-520,1,375,58,1.0,0.8015066789626434
train,2015-520,1,375,59,1.0,0.9215401806962449
train,2015-520,1,375,60,0.0,0.6308142258233083
train,2015-520,1,375,61,0.0,0.6274918811934888
train,2015-520,1,375,62,0.0,0.14131408971627077
train,2015-520,1,375,63,1.0,0.2371031715966823
train,2015-520,2,376,0,1.0,0.24866940962508582
train,2015-520,2,376,1,1.0,0.23398159703790333
train,2015-520,2,376,2,0.0,0.6691052906303905
train,2015-520,2,376,3,0.0,0.11081595842628963
train,2015-520,2,376,4,0.0,0.754519951499532
train,2015-520,2,376,5,1.0,0.3293225028099319
train,2015-520,2,376,6,1.0,0.33075112824714725
train,2015-520,2,376,7,1.0,0.847171439022895
train,2015-520,2,376,8,0.0,0.458433771132414
train,2015-520,2,376,9,1.0,0.24691529666263345
train,2015-520,2,376,10,1.0,0.7494978051848414
train,2015-520,2,376,11,0.0,0.1642778675216709
train,2015-520,2,376,12,0.0,0.12781650829608243
train,2015-520,2,376,13,0.0,0.08700774475050545
train,2015-520,2,376,14,1.0,0.7987765512714221
train,2015-520,2,376,15,0.0,0.3587994936403991
train,2015-520,2,376,16,1.0,0.8571469384235716
train,2015-520,2,376,17,0.0,0.7073567285944232
train,2015-520,2,376,18,0.0,0.36906393563948026
train,2015-520,2,376,19,1.0,0.7729650693079833
train,2015-520,2,376,20,0.0,0.08040233869473332
train,2015-520,2,376,21,0.0,0.08005811158818718
train,2015-520,2,376,22,1.0,0.43992145950143163
train,2015-520,2,376,23,0.0,0.7880784654201195
train,2015-520,2,376,24,0.0,0.3283330087907848
train,2015-520,2,376,25,1.0,0.7376340653342646
train,2015-520,2,376,26,0.0,0.6016419439451242
train,2015-520,2,376,27,1.0,0.4280412046988864
train,2015-520,2,376,28,0.0,0.4688563127451106
train,2015-520,2,376,29,0.0,0.082784581720906
train,2015-520,2,376,30,1.0,0.9720507045914106
train,2015-520,2,376,31,1.0,0.8662128068424129
train,2015-520,3,377,0,1.0,0.829884399443429
train,2015-520,3,377,1,0.0,0.5002005565070616
train,2015-520,3,377,2,0.0,0.0527898443234472
train,2015-520,3,377,3,0.0,0.1646869942387632
train,2015-520,3,377,4,0.0,0.17092483165453676
train,2015-520,3,377,5,0.0,0.13332442828774999
train,2015-520,3,377,6,1.0,0.8699383838991844
train,2015-520,3,377,7,1.0,0.46763090723598383
train,2015-520,3,377,8,0.0,0.11033952226509396
train,2015-520,3,377,9,0.0,0.1626833378333826
train,2015-520,3,377,10,1.0,0.6221540421278052
train,2015-520,3,377,11,0.0,0.4559199016687276
train,2015-520,3,377,12,1.0,0.876936050068704
train,2015-520,3,377,13,1.0,0.9383593584233066
train,2015-520,3,377,14,1.0,0.6926428611295684
train,2015-520,3,377,15,0.0,0.03523195589910256
train,2015-520,4,378,0,1.0,0.7738837948412889
train,2015-520,4,378,1,0.0,0.3954424069731594
train,2015-520,4,378,2,1.0,0.42248683916671437
train,2015-520,4,378,3,1.0,0.8453115385557356
train,2015-520,4,378,4,0.0,0.30345573020806343
train,2015-520,4,378,5,1.0,0.8387774409720901
train,2015-520,4,378,6,0.0,0.09790452224207019
train,2015-520,4,378,7,0.0,0.0864621262878032
train,2015-520,5,379,0,0.0,0.7472118906380523
train,2015-520,5,379,1,0.0,0.5242685998832741
train,2015-520,5,379,2,0.0,0.3680609440996313
train,2015-520,5,379,3,1.0,0.6692870450774234
train,2015-520,6,380,0,1.0,0.4592173640764223
train,2015-520,6,380,1,0.0,0.2413741427086317
train,2015-520,7,381,0,0.0,0.8559484533685819
train,2015-540,1,382,0,0.0,0.5258533466337424
train,2015-540,1,382,1,1.0,0.6015917692671482
train,2015-540,1,382,2,0.0,0.16032145430171757
train,2015-540,1,382,3,1.0,0.6995515700737999
train,2015-540,1,382,4,0.0,0.37703518332547203
train,2015-540,1,382,5,0.0,0.13665940571330376
train,2015-540,1,382,6,1.0,0.9474302268531557
train,2015-540,1,382,7,0.0,0.6951065833859006
train,2015-540,1,382,8,0.0,0.47367078179749894
train,2015-540,1,382,9,0.0,0.8927956969772166
train,2015-540,1,382,10,1.0,0.701140137295038
train,2015-540,1,382,11,1.0,0.6864693083560516
train,2015-540,1,382,12,1.0,0.422859032131954
train,2015-540,1,382,13,0.0,0.12757107873359497
train,2015-540,1,382,14,1.0,0.8103747673399911
train,2015-540,1,382,15,0.0,0.27580323249248573
train,2015-540,1,382,16,0.0,0.28509664466243534
train,2015-540,1,382,17,0.0,0.5762670292738704
train,2015-540,1,382,18,1.0,0.8758688572273127
train,2015-540,1,382,19,0.0,0.5248834083129003
train,2015-540,1,382,20,1.0,0.37800490751296784
train,2015-540,1,382,21,0.0,0.08446791850502477
train,2015-540,1,382,22,1.0,0.8012564022024838
train,2015-540,1,382,23,0.0,0.7072911708208943
train,2015-540,1,382,24,0.0,0.294064956454145
train,2015-540,1,382,25,1.0,0.7005364278854
train,2015-540,1,382,26,1.0,0.6446536293212586
train,2015-540,1,382,27,0.0,0.501875473284247
train,2015-540,1,382,28,0.0,0.4131828163344401
train,2015-540,1,382,29,0.0,0.06938799974844087
train,2015-540,1,382,30,0.0,0.6834365536686137
train,2015-540,1,382,31,1.0,0.6767695728679725
train,2015-540,1,382,32,0.0,0.26990125661897596
train,2015-540,1,382,33,1.0,0.8964493241800437
train,2015-540,1,382,34,0.0,0.49269144517760216
train,2015-540,1,382,35,0.0,0.7389321384228055
train,2015-540,1,382,36,0.0,0.14429527776920162
train,2015-540,1,382,37,0.0,0.5368377061285862
train,2015-540,1,382,38,0.0,0.6107583183180857
train,2015-540,1,382,39,1.0,0.8008037699851199
train,2015-540,1,382,40,1.0,0.7097970202371132
train,2015-540,1,382,41,1.0,0.6123408676095858
train,2015-540,1,382,42,0.0,0.31269424367697424
train,2015-540,1,382,43,0.0,0.15868363691972487
train,2015-540,1,382,44,0.0,0.6566952009237708
train,2015-540,1,382,45,1.0,0.39679531698845594
train,2015-540,1,382,46,1.0,0.573714564792018
train,2015-540,1,382,47,0.0,0.2509406233171197
train,2015-540,1,382,48,1.0,0.6946969496326996
train,2015-540,1,382,49,1.0,0.5460436218447277
train,2015-540,1,382,50,0.0,0.0838821277992244
train,2015-540,1,382,51,1.0,0.5853418761473513
train,2015-540,1,382,52,0.0,0.24305994629935285
train,2015-540,1,382,53,1.0,0.7049397639873537
train,2015-540,1,382,54,0.0,0.7046638972317817
train,2015-540,1,382,55,1.0,0.36070782458456346
train,2015-540,1,382,56,1.0,0.6902938128376589
train,2015-540,1,382,57,1.0,0.8629703315716709
train,2015-540,1,382,58,1.0,0.507692396379357
train,2015-540,1,382,59,1.0,0.813899889937495
train,2015-540,1,382,60,1.0,0.6537172646865852
train,2015-540,1,382,61,1.0,0.7833424658057413
train,2015-540,1,382,62,0.0,0.5789612778441603
train,2015-540,1,382,63,1.0,0.9181369434040753
train,2015-540,2,383,0,0.0,0.9489798148246733
train,2015-540,2,383,1,0.0,0.16830498978992922
train,2015-540,2,383,2,0.0,0.7128142192068896
train,2015-540,2,383,3,1.0,0.6610521358194518
train,2015-540,2,383,4,1.0,0.9241580341821598
train,2015-540,2,383,5,0.0,0.8100281365176513
train,2015-540,2,383,6,1.0,0.39618049892633717
train,2015-540,2,383,7,0.0,0.22852001020360987
train,2015-540,2,383,8,0.0,0.18890830182892274
train,2015-540,2,383,9,0.0,0.3166530598894035
train,2015-540,2,383,10,1.0,0.7173289512305224
train,2015-540,2,383,11,1.0,0.8865935255766146
train,2015-540,2,383,12,1.0,0.31697939543500164
train,2015-540,2,383,13,0.0,0.5167889349985963
train,2015-540,2,383,14,1.0,0.8002497677854865
train,2015-540,2,383,15,1.0,0.4951572229738444
train,2015-540,2,383,16,1.0,0.80442140851324
train,2015-540,2,383,17,1.0,0.7792817474924314
train,2015-540,2,383,18,0.0,0.1700240230772774
train,2015-540,2,383,19,1.0,0.5744752625995778
train,2015-540,2,383,20,0.0,0.4108049780907119
train,2015-540,2,383,21,1.0,0.8826588112516418
train,2015-540,2,383,22,1.0,0.15893501935493587
train,2015-540,2,383,23,0.0,0.14498122639785518
train,2015-540,2,383,24,0.0,0.14191618600916786
train,2015-540,2,383,25,0.0,0.18908137347347856
train,2015-540,2,383,26,1.0,0.6205843238390976
train,2015-540,2,383,27,0.0,0.6021862690225671
train,2015-540,2,383,28,0.0,0.5152556354753569
train,2015-540,2,383,29,1.0,0.6988490756146452
train,2015-540,2,383,30,1.0,0.9123198488182518
train,2015-540,2,383,31,1.0,0.9535413175996303
train,2015-540,3,384,0,0.0,0.8472264478333908
train,2015-540,3,384,1,1.0,0.9522212096072816
train,2015-540,3,384,2,1.0,0.941762277835988
train,2015-540,3,384,3,1.0,0.817737109996264
train,2015-540,3,384,4,0.0,0.5849878242541636
train,2015-540,3,384,5,0.0,0.11817840368699654
train,2015-540,3,384,6,0.0,0.12524302321837655
train,2015-540,3,384,7,1.0,0.6586369584959295
train,2015-540,3,384,8,0.0,0.4164359827116531
train,2015-540,3,384,9,1.0,0.25315769556212364
train,2015-540,3,384,10,1.0,0.4069761799853292
train,2015-540,3,384,11,1.0,0.6784446875894219
train,2015-540,3,384,12,1.0,0.7412973720575116
train,2015-540,3,384,13,1.0,0.36597959242713424
train,2015-540,3,384,14,0.0,0.5819414107130835
train,2015-540,3,384,15,0.0,0.43473714064202934
train,2015-540,4,385,0,0.0,0.17675485293775295
train,2015-540,4,385,1,1.0,0.3293883409441532
train,2015-540,4,385,2,0.0,0.08704239437242701
train,2015-540,4,385,3,1.0,0.4020854022883849
train,2015-540,4,385,4,0.0,0.3710563832913113
train,2015-540,4,385,5,0.0,0.24559275151528479
train,2015-540,4,385,6,1.0,0.8323502167328352
train,2015-540,4,385,7,1.0,0.9101311866579407
train,2015-540,5,386,0,0.0,0.19620741295865793
train,2015-540,5,386,1,1.0,0.9147258889004052
train,2015-540,5,386,2,0.0,0.676783019230992
train,2015-540,5,386,3,1.0,0.8900278918651854
train,2015-540,6,387,0,0.0,0.41710600022906025
train,2015-540,6,387,1,1.0,0.8952751879289041
train,2015-540,7,388,0,0.0,0.30971743495837506
train,2015-560,1,401,0,1.0,0.691459219664497
train,2015-560,1,401,1,0.0,0.6032318240623142
train,2015-560,1,401,2,0.0,0.1331401821900376
train,2015-560,1,401,3,1.0,0.8437275983341626
train,2015-560,1,401,4,1.0,0.4893481552432641
train,2015-560,1,401,5,1.0,0.4609047579840966
train,2015-560,1,401,6,0.0,0.08527585465596939
train,2015-560,1,401,7,1.0,0.10566042209673822
train,2015-560,1,401,8,1.0,0.6621524412878721
train,2015-560,1,401,9,1.0,0.6458221984986992
train,2015-560,1,401,10,1.0,0.8098635646629135
train,2015-560,1,401,11,0.0,0.20245687858906797
train,2015-560,1,401,12,1.0,0.23708287008865855
train,2015-560,1,401,13,1.0,0.30853643015256005
train,2015-560,1,401,14,0.0,0.8413472969973901
train,2015-560,1,401,15,1.0,0.9338671926133469
train,2015-560,1,401,16,0.0,0.10549335894297854
train,2015-560,1,401,17,0.0,0.4653430943303078
train,2015-560,1,401,18,1.0,0.5839320904226469
train,2015-560,1,401,19,0.0,0.1624221575167327
train,2015-560,1,401,20,0.0,0.28509109536082705
train,2015-560,1,401,21,0.0,0.41173393235532535
train,2015-560,1,401,22,0.0,0.13753118922730806
train,2015-560,1,401,23,0.0,0.3714075353728055
train,2015-560,1,401,24,0.0,0.6391598638170884
train,2015-560,1,401,25,1.0,0.37359136894781086
train,2015-560,1,401,26,1.0,0.8510899839279669
train,2015-560,1,401,27,0.0,0.17882131054397485
train,2015-560,1,401,28,0.0,0.46932713357523775
train,2015-560,1,401,29,0.0,0.5889734923274053
train,2015-560,1,401,30,0.0,0.014524464374293562
train,2015-560,1,401,31,0.0,0.4277536030370989
train,2015-560,1,401,32,1.0,0.43020181276684766
train,2015-560,1,401,33,1.0,0.5780921064692176
train,2015-560,1,401,34,1.0,0.8165774031573072
train,2015-560,1,401,35,1.0,0.9611048278431394
train,2015-560,1,401,36,0.0,0.2931598195326512
train,2015-560,1,401,37,1.0,0.7763695733989112
train,2015-560,1,401,38,1.0,0.6595285572361079
train,2015-560,1,401,39,1.0,0.541984033755066
train,2015-560,1,401,40,0.0,0.21388455326013175
train,2015-560,1,401,41,1.0,0.8454055111029438
train,2015-560,1,401,42,0.0,0.21926889400760374
train,2015-560,1,401,43,1.0,0.6343075686336854
train,2015-560,1,401,44,0.0,0.3049128571887561
train,2015-560,1,401,45,1.0,0.7144205359242345
train,2015-560,1,401,46,1.0,0.34270300607235377
train,2015-560,1,401,47,0.0,0.34440583448642753
train,2015-560,1,401,48,1.0,0.9605198014832983
train,2015-560,1,401,49,0.0,0.3909181373581738
train,2015-560,1,401,50,1.0,0.8385171093829297
train,2015-560,1,401,51,1.0,0.41662961207192006
train,2015-560,1,401,52,1.0,0.8770528554358155
train,2015-560,1,401,53,0.0,0.684078897207162
train,2015-560,1,401,54,0.0,0.24194470489075243
train,2015-560,1,401,55,0.0,0.197260028566826
train,2015-560,1,401,56,1.0,0.22779606687868034
train,2015-560,1,401,57,1.0,0.23669217072253473
train,2015-560,1,401,58,0.0,0.5894168246408172
train,2015-560,1,401,59,0.0,0.6667433859284951
train,2015-560,1,401,60,1.0,0.48902792309906457
train,2015-560,1,401,61,1.0,0.6739510919156908
train,2015-560,1,401,62,0.0,0.6002516408484452
train,2015-560,1,401,63,1.0,0.849998752745821
train,2015-560,2,402,0,0.0,0.27400477517660415
train,2015-560,2,402,1,0.0,0.36542866275713837
train,2015-560,2,402,2,0.0,0.1756843612868073
train,2015-560,2,402,3,0.0,0.3385899810613819
train,2015-560,2,402,4,1.0,0.9061614472291608
train,2015-560,2,402,5,0.0,0.6096450133019907
train,2015-560,2,402,6,1.0,0.6709589341285971
train,2015-560,2,402,7,0.0,0.3553970449874257
train,2015-560,2,402,8,0.0,0.22166005219600932
train,2015-560,2,402,9,0.0,0.22030964160758812
train,2015-560,2,402,10,0.0,0.3372061870126162
train,2015-560,2,402,11,0.0,0.15774360823880912
train,2015-560,2,402,12,0.0,0.7749479119570147
train,2015-560,2,402,13,0.0,0.3438504126592572
train,2015-560,2,402,14,1.0,0.9080603034458257
train,2015-560,2,402,15,0.0,0.27964266518441
train,2015-560,2,402,16,1.0,0.21293197817242437
train,2015-560,2,402,17,0.0,0.16855732923763025
train,2015-560,2,402,18,1.0,0.6462364018847672
train,2015-560,2,402,19,1.0,0.8234621502465577
train,2015-560,2,402,20,0.0,0.23354466009746372
train,2015-560,2,402,21,0.0,0.3151359106884879
train,2015-560,2,402,22,1.0,0.9437034451134416
train,2015-560,2,402,23,0.0,0.3927174921154744
train,2015-560,2,402,24,1.0,0.7900034674383462
train,2015-560,2,402,25,1.0,0.736276483634491
train,2015-560,2,402,26,0.0,0.19695699632391295
train,2015-560,2,402,27,0.0,0.2174104343372069
train,2015-560,2,402,28,0.0,0.10638217794970857
train,2015-560,2,402,29,1.0,0.9596908067021966
train,2015-560,2,402,30,0.0,0.36060958137820703
train,2015-560,2,402,31,0.0,0.029813853451876447
train,2015-560,3,403,0,0.0,0.10404362210080065
train,2015-560,3,403,1,1.0,0.5374029059366008
train,2015-560,3,403,2,1.0,0.8903314668636136
train,2015-560,3,403,3,0.0,0.1607643738189543
train,2015-560,3,403,4,0.0,0.30697819064222504
train,2015-560,3,403,5,1.0,0.8064707208131552
train,2015-560,3,403,6,0.0,0.36334055962365985
train,2015-560,3,403,7,0.0,0.5049159071379405
train,2015-560,3,403,8,0.0,0.09919302446113205
train,2015-560,3,403,9,1.0,0.27616253773322685
train,2015-560,3,403,10,1.0,0.7773330109127116
train,2015-560,3,403,11,1.0,0.8455420812855106
train,2015-560,3,403,12,1.0,0.3382665602958453
train,2015-560,3,403,13,0.0,0.8904414266185782
train,2015-560,3,403,14,1.0,0.30230981251284694
train,2015-560,3,403,15,0.0,0.05880036706946549
train,2015-560,4,404,0,1.0,0.7978510336503423
train,2015-560,4,404,1,1.0,0.31774184164536
train,2015-560,4,404,2,0.0,0.8244802202770136
train,2015-560,4,404,3,0.0,0.17046227809615933
train,2015-560,4,404,4,1.0,0.558604367633269
train,2015-560,4,404,5,1.0,0.8080995472938144
train,2015-560,4,404,6,1.0,0.6166865321732045
train,2015-560,4,404,7,1.0,0.9157860559372073
train,2015-560,5,405,0,0.0,0.16050903204383554
train,2015-560,5,405,1,1.0,0.666076547797538
train,2015-560,5,405,2,0.0,0.6299720730456244
train,2015-560,5,405,3,0.0,0.08272462011661696
train,2015-560,6,406,0,0.0,0.22801161917832255
train,2015-560,6,406,1,0.0,0.1042150277536809
train,2015-560,7,407,0,1.0,0.6711791383978005
train,2015-580,1,336,0,0.0,0.6142868438684526
train,2015-580,1,336,1,0.0,0.6134119929720588
train,2015-580,1,336,2,1.0,0.7185255067235732
train,2015-580,1,336,3,0.0,0.24974077882119516
train,2015-580,1,336,4,0.0,0.4035025613432769
train,2015-580,1,336,5,1.0,0.444198148857293
train,2015-580,1,336,6,0.0,0.09799661058841473
train,2015-580,1,336,7,1.0,0.3288080959707014
train,2015-580,1,336,8,0.0,0.32187652183456045
train,2015-580,1,336,9,1.0,0.4374938719219236
train,2015-580,1,336,10,0.0,0.7284567687258565
train,2015-580,1,336,11,1.0,0.49023735963447973
train,2015-580,1,336,12,0.0,0.34574060751509983
train,2015-580,1,336,13,1.0,0.348236696286302
train,2015-580,1,336,14,0.0,0.0508660488521198
train,2015-580,1,336,15,0.0,0.04593321860060817
train,2015-580,1,336,16,1.0,0.6912398782457884
train,2015-580,1,336,17,0.0,0.33555599338133285
train,2015-580,1,336,18,1.0,0.23854442183254249
train,2015-580,1,336,19,1.0,0.926048696267944
train,2015-580,1,336,20,0.0,0.1742418254614699
train,2015-580,1,336,21,1.0,0.6175913695826967
train,2015-580,1,336,22,1.0,0.8624730839164289
train,2015-580,1,336,23,1.0,0.6936291790526119
train,2015-580,1,336,24,0.0,0.5785797181719202
train,2015-580,1,336,25,0.0,0.32003396758366354
train,2015-580,1,336,26,1.0,0.8726534170744061
train,2015-580,1,336,27,0.0,0.2478939876215832
train,2015-580,1,336,28,1.0,0.5642498219064622
train,2015-580,1,336,29,0.0,0.5373772350801868
train,2015-580,1,336,30,1.0,0.9776073716371338
train,2015-580,1,336,31,0.0,0.3123114141012786
train,2015-580,1,336,32,0.0,0.20687164980859385
train,2015-580,1,336,33,1.0,0.8714410546843114
train,2015-580,1,336,34,0.0,0.10265471050335254
train,2015-580,1,336,35,0.0,0.22199282346890684
train,2015-580,1,336,36,0.0,0.4252200467782924
train,2015-580,1,336,37,1.0,0.7831135326706508
train,2015-580,1,336,38,1.0,0.7465156285282699
train,2015-580,1,336,39,0.0,0.39118770948752524
train,2015-580,1,336,40,0.0,0.6460696131246647
train,2015-580,1,336,41,1.0,0.8759042460478695
train,2015-580,1,336,42,0.0,0.49141975078588546
train,2015-580,1,336,43,1.0,0.4716061546592353
train,2015-580,1,336,44,0.0,0.40078482835589724
train,2015-580,1,336,45,1.0,0.6499071771906635
train,2015-580,1,336,46,0.0,0.2544728803642288
train,2015-580,1,336,47,1.0,0.6979752025896638
train,2015-580,1,336,48,1.0,0.9509980703737176
train,2015-580,1,336,49,0.0,0.7917610929729011
train,2015-580,1,336,50,1.0,0.6687457654782785
train,2015-580,1,336,51,0.0,0.38112465419976077
train,2015-580,1,336,52,1.0,0.9359361357874966
train,2015-580,1,336,53,0.0,0.5744507538201102
train,2015-580,1,336,54,0.0,0.2446979279689748
train,2015-580,1,336,55,1.0,0.8048493362887329
train,2015-580,1,336,56,0.0,0.34029851377312853
train,2015-580,1,336,57,0.0,0.42704356562097273
train,2015-580,1,336,58,0.0,0.1279770655605626
train,2015-580,1,336,59,1.0,0.4044672399358824
train,2015-580,1,336,60,1.0,0.7906103383602865
train,2015-580,1,336,61,0.0,0.38598970502143226
train,2015-580,1,336,62,0.0,0.48811157309602976
train,2015-580,1,336,63,1.0,0.19132355431737136
train,2015-580,2,337,0,1.0,0.5097030488635519
train,2015-580,2,337,1,0.0,0.1964922098181078
train,2015-580,2,337,2,1.0,0.8438983966205174
train,2015-580,2,337,3,0.0,0.6016530073061275
train,2015-580,2,337,4,0.0,0.034261454107753296
train,2015-580,2,337,5,0.0,0.5136799578328893
train,2015-580,2,337,6,0.0,0.5354643857021422
train,2015-580,2,337,7,0.0,0.17209203634973622
train,2015-580,2,337,8,0.0,0.5394746886737102
train,2015-580,2,337,9,1.0,0.21883414298768034
train,2015-580,2,337,10,1.0,0.4499434445877116
train,2015-580,2,337,11,1.0,0.8953741797484962
train,2015-580,2,337,12,1.0,0.2209959488977137
train,2015-580,2,337,13,0.0,0.3757746774912294
train,2015-580,2,337,14,1.0,0.7830936206900873
train,2015-580,2,337,15,1.0,0.46245419363507284
train,2015-580,2,337,16,1.0,0.6535735943920478
train,2015-580,2,337,17,1.0,0.9048674450304071
train,2015-580,2,337,18,0.0,0.5226296095404395
train,2015-580,2,337,19,0.0,0.40402617933018853
train,2015-580,2,337,20,1.0,0.6604918707384241
train,2015-580,2,337,21,0.0,0.12040321096401661
train,2015-580,2,337,22,0.0,0.10696940274980307
train,2015-580,2,337,23,0.0,0.5181109723659895
train,2015-580,2,337,24,0.0,0.8030317579706534
train,2015-580,2,337,25,1.0,0.7514477487608454
train,2015-580,2,337,26,1.0,0.1634520984729882
train,2015-580,2,337,27,0.0,0.1604559785831626
train,2015-580,2,337,28,1.0,0.8707246315019952
train,2015-580,2,337,29,0.0,0.05865342323251947
train,2015-580,2,337,30,1.0,0.8013737448291244
train,2015-580,2,337,31,1.0,0.9696646319300615
train,2015-580,3,338,0,1.0,0.7470978331318433
train,2015-580,3,338,1,1.0,0.15330182247738602
train,2015-580,3,338,2,1.0,0.09740914583553908
train,2015-580,3,338,3,1.0,0.5688670605643995
train,2015-580,3,338,4,1.0,0.770779280189301
train,2015-580,3,338,5,0.0,0.08818501562690782
train,2015-580,3,338,6,1.0,0.9709707869833736
train,2015-580,3,338,7,1.0,0.4276892276937143
train,2015-580,3,338,8,0.0,0.43908914158144907
train,2015-580,3,338,9,0.0,0.09921280768349125
train,2015-580,3,338,10,1.0,0.8414141794222534
train,2015-580,3,338,11,0.0,0.4230446391311713
train,2015-580,3,338,12,1.0,0.8165504936772651
train,2015-580,3,338,13,1.0,0.8993385853334236
train,2015-580,3,338,14,1.0,0.7016837692283339
train,2015-580,3,338,15,1.0,0.9371235468618566
train,2015-580,4,339,0,0.0,0.6315250447727521
train,2015-580,4,339,1,0.0,0.2294601745662132
train,2015-580,4,339,2,0.0,0.08238897516390864
train,2015-580,4,339,3,1.0,0.8848390747145287
train,2015-580,4,339,4,0.0,0.602700548106293
train,2015-580,4,339,5,0.0,0.21066433538284904
train,2015-580,4,339,6,0.0,0.2603970507597307
train,2015-580,4,339,7,0.0,0.030295831238971397
train,2015-580,5,340,0,0.0,0.11193914927698205
train,2015-580,5,340,1,1.0,0.18780513121111306
train,2015-580,5,340,2,1.0,0.5282597096759479
train,2015-580,5,340,3,1.0,0.8028910893156749
train,2015-580,6,341,0,0.0,0.3997906754846253
train,2015-580,6,341,1,0.0,0.1590064411299174
train,2015-580,7,342,0,0.0,0.2348841587013137
val,2016-0352,2,498,0,1.0,0.4170773898743182
val,2016-0352,2,498,1,0.0,0.32329510119792626
val,2016-0352,2,498,2,1.0,0.7076435210122476
val,2016-0352,2,498,3,1.0,0.7655410585218743
val,2016-0352,2,498,4,0.0,0.4662326963583613
val,2016-0352,2,498,5,0.0,0.5501099703802833
val,2016-0352,2,498,6,0.0,0.6350374465983817
val,2016-0352,2,498,7,0.0,0.3712489408777475
val,2016-0352,2,498,8,1.0,0.661487190975438
val,2016-0352,2,498,9,1.0,0.6346582635168426
val,2016-0352,2,498,10,0.0,0.4067119326365725
val,2016-0352,2,498,11,0.0,0.4376271895014295
val,2016-0352,2,498,12,1.0,0.7917245310598529
val,2016-0352,2,498,13,1.0,0.48372910793810353
val,2016-0352,2,498,14,1.0,0.588506060291953
val,2016-0352,2,498,15,1.0,0.6250761697863697
val,2016-0352,3,499,0,0.0,0.6321334710278784
val,2016-0352,3,499,1,1.0,0.09475562166528148
val,2016-0352,3,499,2,1.0,0.7861510083456016
val,2016-0352,3,499,3,1.0,0.6912717744350755
val,2016-0352,3,499,4,0.0,0.28202918720489834
val,2016-0352,3,499,5,0.0,0.03374797215188383
val,2016-0352,3,499,6,1.0,0.7583705621515398
val,2016-0352,3,499,7,1.0,0.49533750124574294
val,2016-0352,3,499,8,1.0,0.8044596585667737
val,2016-0352,3,499,9,1.0,0.8088281617651146
val,2016-0352,3,499,10,0.0,0.42228288623618515
val,2016-0352,3,499,11,1.0,0.7801013429046816
val,2016-0352,3,499,12,0.0,0.5121965231117785
val,2016-0352,3,499,13,0.0,0.18009845216762785
val,2016-0352,3,499,14,0.0,0.07741339910077955
val,2016-0352,3,499,15,0.0,0.5159895715314659
val,2016-0352,4,500,0,0.0,0.09314538969096772
val,2016-0352,4,500,1,1.0,0.6434849286421803
val,2016-0352,4,500,2,0.0,0.2029587129518566
val,2016-0352,4,500,3,1.0,0.49286392815439234
val,2016-0352,4,500,4,1.0,0.8337174574410147
val,2016-0352,4,500,5,0.0,0.5521071594900829
val,2016-0352,4,500,6,0.0,0.08006348825801801
val,2016-0352,4,500,7,1.0,0.3556606145303753
val,2016-0352,5,501,0,1.0,0.8018649229421219
val,2016-0352,5,501,1,0.0,0.5621517358419738
val,2016-0352,5,501,2,1.0,0.5699215377432881
val,2016-0352,5,501,3,0.0,0.8959317039340553
val,2016-0352,6,502,0,1.0,0.8057543914322078
val,2016-0352,6,502,1,1.0,0.48265732465825334
val,2016-0352,7,503,0,0.0,0.15577591095454107
val,2016-0410,2,441,0,1.0,0.5288981283000993
val,2016-0410,2,441,1,1.0,0.4952816382133024
val,2016-0410,2,441,2,1.0,0.5011371601089244
val,2016-0410,2,441,3,0.0,0.280240348623763
val,2016-0410,2,441,4,0.0,0.07273957383736175
val,2016-0410,2,441,5,0.0,0.42525382099865444
val,2016-0410,2,441,6,0.0,0.3294838010597146
val,2016-0410,2,441,7,0.0,0.17475367412308182
val,2016-0410,2,441,8,0.0,0.2989907757711497
val,2016-0410,2,441,9,0.0,0.2725158796889325
val,2016-0410,2,441,10,0.0,0.7231488699906289
val,2016-0410,2,441,11,0.0,0.632591977776219
val,2016-0410,2,441,12,0.0,0.5099102850307033
val,2016-0410,2,441,13,0.0,0.1904295008808236
val,2016-0410,2,441,14,1.0,0.4869804496100873
val,2016-0410,2,441,15,0.0,0.5321326460061426
val,2016-0410,2,441,16,1.0,0.8049594553471258
val,2016-0410,2,441,17,1.0,0.29366625907649774
val,2016-0410,2,441,18,0.0,0.31225491943403916
val,2016-0410,2,441,19,1.0,0.5898544315639475
val,2016-0410,2,441,20,1.0,0.5088028920337206
val,2016-0410,2,441,21,1.0,0.5583283984604338
val,2016-0410,2,441,22,0.0,0.35455822552860133
val,2016-0410,2,441,23,0.0,0.3798868982299531
val,2016-0410,3,442,0,0.0,0.4994495802650895
val,2016-0410,3,442,1,1.0,0.024126301705727504
val,2016-0410,3,442,2,0.0,0.1455613813704967
val,2016-0410,3,442,3,1.0,0.6782767161287038
val,2016-0410,3,442,4,1.0,0.8979595674797513
val,2016-0410,3,442,5,0.0,0.2763704391579592
val,2016-0410,3,442,6,1.0,0.1830531729764147
val,2016-0410,3,442,7,1.0,0.8760455598127316
val,2016-0410,3,442,8,1.0,0.9113700166919914
val,2016-0410,3,442,9,0.0,0.47898038040120305
val,2016-0410,3,442,10,1.0,0.5222793689911067
val,2016-0410,3,442,11,0.0,0.24480742095675767
val,2016-0410,3,442,12,0.0,0.16377411697323976
val,2016-0410,3,442,13,1.0,0.1308067161868646
val,2016-0410,3,442,14,1.0,0.5993626988097868
val,2016-0410,3,442,15,1.0,0.9362553537722462
val,2016-0410,4,443,0,0.0,0.1225930159465073
val,2016-0410,4,443,1,1.0,0.826394402091743
val,2016-0410,4,443,2,0.0,0.15442411760640384
val,2016-0410,4,443,3,1.0,0.8565828831969254
val,2016-0410,4,443,4,0.0,0.16252850191096377
val,2016-0410,4,443,5,1.0,0.23078186516516624
val,2016-0410,4,443,6,1.0,0.8231291152275061
val,2016-0410,4,443,7,0.0,0.34981753682240296
val,2016-0410,5,444,0,0.0,0.2596711490632173
val,2016-0410,5,444,1,0.0,0.40066845684584684
val,2016-0410,5,444,2,1.0,0.318207780782025
val,2016-0410,5,444,3,1.0,0.7673838852416167
val,2016-0410,6,445,0,0.0,0.605576624654828
val,2016-0410,6,445,1,1.0,0.3902267775472262
val,2016-0410,7,446,0,0.0,0.31337011232076045
val,2016-0421,2,473,0,0.0,0.45242355761502295
val,2016-0421,2,473,1,0.0,0.6075636806428857
val,2016-0421,2,473,2,1.0,0.7260078308677772
val,2016-0421,2,473,3,1.0,0.7762927527249804
val,2016-0421,2,473,4,1.0,0.3631004611748975
val,2016-0421,2,473,5,0.0,0.4385210695911259
val,2016-0421,2,473,6,1.0,0.3226171858300735
val,2016-0421,2,473,7,1.0,0.7780294353546001
val,2016-0421,2,473,8,1.0,0.130540183032348
val,2016-0421,2,473,9,0.0,0.10677196140974503
val,2016-0421,2,473,10,0.0,0.34679807285667846
val,2016-0421,2,473,11,1.0,0.714321227300832
val,2016-0421,2,473,12,0.0,0.590357447975793
val,2016-0421,2,473,13,0.0,0.2539848868247927
val,2016-0421,2,473,14,0.0,0.6762170964368762
val,2016-0421,2,473,15,1.0,0.5670833094445908
val,2016-0421,2,473,16,0.0,0.6947504825771792
val,2016-0421,2,473,17,1.0,0.3440623068936698
val,2016-0421,2,473,18,1.0,0.8594449392803648
val,2016-0421,2,473,19,0.0,0.7317935712293794
val,2016-0421,2,473,20,1.0,0.35813476275264755
val,2016-0421,2,473,21,1.0,0.3886707603163828
val,2016-0421,2,473,22,0.0,0.49013505034879
val,2016-0421,2,473,23,1.0,0.5613693967750922
val,2016-0421,3,474,0,0.0,0.030161691430209307
val,2016-0421,3,474,1,0.0,0.37630409146899424
val,2016-0421,3,474,2,0.0,0.15893061694999125
val,2016-0421,3,474,3,1.0,0.863775459671371
val,2016-0421,3,474,4,1.0,0.782683839561759
val,2016-0421,3,474,5,1.0,0.7901090926095035
val,2016-0421,3,474,6,1.0,0.3212828169458035
val,2016-0421,3,474,7,1.0,0.8651379032851378
val,2016-0421,3,474,8,1.0,0.3486985335336796
val,2016-0421,3,474,9,0.0,0.6922605247051766
val,2016-0421,3,474,10,1.0,0.897197756147653
val,2016-0421,3,474,11,1.0,0.46232969743072594
val,2016-0421,3,474,12,1.0,0.1374079757008222
val,2016-0421,3,474,13,1.0,0.6697650950698427
val,2016-0421,3,474,14,0.0,0.18740002654141802
val,2016-0421,3,474,15,0.0,0.14645339964268492
val,2016-0421,4,475,0,0.0,0.304383372559479
val,2016-0421,4,475,1,0.0,0.5007730793025176
val,2016-0421,4,475,2,1.0,0.6440427616973426
val,2016-0421,4,475,3,0.0,0.5283780424477741
val,2016-0421,4,475,4,1.0,0.8856090086011484
val,2016-0421,4,475,5,1.0,0.8864420467109052
val,2016-0421,4,475,6,1.0,0.9683540538181319
val,2016-0421,4,475,7,1.0,0.8559760118180556
val,2016-0421,5,476,0,0.0,0.2860948760694859
val,2016-0421,5,476,1,1.0,0.6933051323064725
val,2016-0421,5,476,2,0.0,0.5528847784695277
val,2016-0421,5,476,3,0.0,0.14178662267060074
val,2016-0421,6,477,0,0.0,0.48666059285880675
val,2016-0421,6,477,1,0.0,0.10810068243069772
val,2016-0421,7,478,0,1.0,0.8625657258643138
val,2016-5014,2,492,0,1.0,0.6170234135758288
val,2016-5014,2,492,1,0.0,0.5407878952665016
val,2016-5014,2,492,2,1.0,0.5286140614397566
val,2016-5014,2,492,3,1.0,0.7541370333383745
val,2016-5014,2,492,4,1.0,0.8349312805982843
val,2016-5014,2,492,5,1.0,0.5037668237498983
val,2016-5014,2,492,6,0.0,0.2988825720447496
val,2016-5014,2,492,7,0.0,0.7604805654828101
val,2016-5014,2,492,8,0.0,0.7252275520189942
val,2016-5014,2,492,9,1.0,0.7319383221190124
val,2016-5014,2,492,10,0.0,0.5901323131313211
val,2016-5014,2,492,11,0.0,0.5055746752457386
val,2016-5014,2,492,12,1.0,0.3216682049028444
val,2016-5014,2,492,13,1.0,0.25117439651509765
val,2016-5014,2,492,14,1.0,0.45325244711423146
val,2016-5014,2,492,15,0.0,0.6158556105898276
val,2016-5014,2,492,16,1.0,0.6932846794737241
val,2016-5014,2,492,17,0.0,0.5815814748468225
val,2016-5014,2,492,18,1.0,0.7130622683923207
val,2016-5014,2,492,19,1.0,0.57718058925977
val,2016-5014,2,492,20,0.0,0.5398387977667506
val,2016-5014,2,492,21,0.0,0.42601099209860366
val,2016-5014,2,492,22,0.0,0.10872925665334457
val,2016-5014,2,492,23,1.0,0.601746069355884
val,2016-5014,3,493,0,0.0,0.738340108349344
val,2016-5014,3,493,1,0.0,0.8174608608622519
val,2016-5014,3,493,2,1.0,0.26159528240425706
val,2016-5014,3,493,3,1.0,0.20887713457262594
val,2016-5014,3,493,4,1.0,0.26800872692151045
val,2016-5014,3,493,5,1.0,0.8864750272742998
val,2016-5014,3,493,6,1.0,0.8484836751112494
val,2016-5014,3,493,7,0.0,0.4714601315139391
val,2016-5014,3,493,8,1.0,0.836498457193569
val,2016-5014,3,493,9,0.0,0.06908293545657972
val,2016-5014,3,493,10,0.0,0.19812268560740795
val,2016-5014,3,493,11,0.0,0.1543166991254732
val,2016-5014,3,493,12,1.0,0.7006704145119489
val,2016-5014,3,493,13,0.0,0.36617888615417826
val,2016-5014,3,493,14,0.0,0.26006701779430264
val,2016-5014,3,493,15,1.0,0.895481212633088
val,2016-5014,4,494,0,0.0,0.1392006979441587
val,2016-5014,4,494,1,1.0,0.34475341925132413
val,2016-5014,4,494,2,0.0,0.6623154794486412
val,2016-5014,4,494,3,0.0,0.1895284184943519
val,2016-5014,4,494,4,0.0,0.35509085599922763
val,2016-5014,4,494,5,1.0,0.286332017597245
val,2016-5014,4,494,6,1.0,0.4513189226128025
val,2016-5014,4,494,7,0.0,0.05766044994988494
val,2016-5014,5,495,0,1.0,0.7581253083967622
val,2016-5014,5,495,1,0.0,0.4586462343123323
val,2016-5014,5,495,2,0.0,0.6605643994200563
val,2016-5014,5,495,3,0.0,0.046428426964615
val,2016-5014,6,496,0,1.0,0.815578604482296
val,2016-5014,6,496,1,0.0,0.8619594103709273
val,2016-5014,7,497,0,1.0,0.8100574815113123
val,2016-520,1,459,0,1.0,0.9519278240169143
val,2016-520,1,459,1,0.0,0.5340449131783871
val,2016-520,1,459,2,1.0,0.6057063280491122
val,2016-520,1,459,3,1.0,0.2988631139539946
val,2016-520,1,459,4,0.0,0.39945379823528093
val,2016-520,1,459,5,1.0,0.5098700156042756
val,2016-520,1,459,6,0.0,0.08695284858680795
val,2016-520,1,459,7,0.0,0.2152553111065305
val,2016-520,1,459,8,0.0,0.24840258659223047
val,2016-520,1,459,9,0.0,0.41752135034680177
val,2016-520,1,459,10,0.0,0.7491179482003699
val,2016-520,1,459,11,1.0,0.465465813641943
val,2016-520,1,459,12,1.0,0.6322046896042653
val,2016-520,1,459,13,1.0,0.39286116442260033
val,2016-520,1,459,14,1.0,0.9403432423328888
val,2016-520,1,459,15,1.0,0.8759747522840173
val,2016-520,1,459,16,1.0,0.42168169722302395
val,2016-520,1,459,17,1.0,0.4361745362556026
val,2016-520,1,459,18,1.0,0.7740092675878815
val,2016-520,1,459,19,0.0,0.10639784466843195
val,2016-520,1,459,20,0.0,0.47684339659243413
val,2016-520,1,459,21,1.0,0.7126849731821058
val,2016-520,1,459,22,0.0,0.06837151895975326
val,2016-520,1,459,23,1.0,0.8206169162890858
val,2016-520,1,459,24,1.0,0.3636099711537927
val,2016-520,1,459,25,1.0,0.6753838042388844
val,2016-520,1,459,26,0.0,0.16887901417457188
val,2016-520,1,459,27,1.0,0.5692776665086278
val,2016-520,1,459,28,0.0,0.31448901753618014
val,2016-520,1,459,29,0.0,0.5295555314558517
val,2016-520,1,459,30,0.0,0.020049587095552702
val,2016-520,1,459,31,1.0,0.49974042017764303
val,2016-520,1,459,32,1.0,0.4496233215224932
val,2016-520,1,459,33,0.0,0.49110228682592966
val,2016-520,1,459,34,0.0,0.09806204164765546
val,2016-520,1,459,35,0.0,0.13156462214108425
val,2016-520,1,459,36,1.0,0.49191161722933535
val,2016-520,1,459,37,1.0,0.8767166752504206
val,2016-520,1,459,38,1.0,0.7921434643619558
val,2016-520,1,459,39,1.0,0.31613446249129523
val,2016-520,1,459,40,1.0,0.6580294184042796
val,2016-520,1,459,41,1.0,0.8712648739617636
val,2016-520,1,459,42,1.0,0.6399599084982117
val,2016-520,1,459,43,0.0,0.5752238568427821
val,2016-520,1,459,44,0.0,0.2807654931274747
val,2016-520,1,459,45,0.0,0.13192568214234124
val,2016-520,1,459,46,0.0,0.291717842772498
val,2016-520,1,459,47,1.0,0.8478866683321615
val,2016-520,1,459,48,1.0,0.41919915659573515
val,2016-520,1,459,49,1.0,0.543002754465505
val,2016-520,1,459,50,1.0,0.6033840298246383
val,2016-520,1,459,51,0.0,0.4662301517617627
val,2016-520,1,459,52,1.0,0.5429155723842405
val,2016-520,1,459,53,1.0,0.6956342491402001
val,2016-520,1,459,54,0.0,0.265742084041548
val,2016-520,1,459,55,0.0,0.5632802589613014
val,2016-520,1,459,56,0.0,0.2666862260125386
val,2016-520,1,459,57,1.0,0.4802157574950229
val,2016-520,1,459,58,1.0,0.9291205513733132
val,2016-520,1,459,59,1.0,0.4962355463653637
val,2016-520,1,459,60,0.0,0.08714980430640906
val,2016-520,1,459,61,0.0,0.4715458545722103
val,2016-520,1,459,62,0.0,0.8514744642260202
val,2016-520,1,459,63,1.0,0.34622056538266477
val,2016-520,2,460,0,0.0,0.2797527197054462
val,2016-520,2,460,1,1.0,0.8904411250462114
val,2016-520,2,460,2,1.0,0.6428438611472524
val,2016-520,2,460,3,1.0,0.879704344437255
val,2016-520,2,460,4,0.0,0.19528779019423376
val,2016-520,2,460,5,0.0,0.6893877026481795
val,2016-520,2,460,6,0.0,0.158274242700132
val,2016-520,2,460,7,1.0,0.8920469680731814
val,2016-520,2,460,8,0.0,0.1248775191499485
val,2016-520,2,460,9,0.0,0.2812874753850876
val,2016-520,2,460,10,1.0,0.7649608725878285
val,2016-520,2,460,11,1.0,0.7384689261753113
val,2016-520,2,460,12,0.0,0.8272496700934777
val,2016-520,2,460,13,1.0,0.8308034748927324
val,2016-520,2,460,14,0.0,0.12468883601890166
val,2016-520,2,460,15,1.0,0.39512454176273953
val,2016-520,2,460,16,0.0,0.13965031335861916
val,2016-520,2,460,17,0.0,0.41506637106714767
val,2016-520,2,460,18,0.0,0.40288078100741204
val,2016-520,2,460,19,1.0,0.5920477434521909
val,2016-520,2,460,20,1.0,0.9573377585729376
val,2016-520,2,460,21,0.0,0.10141424499484916
val,2016-520,2,460,22,1.0,0.6598099789183828
val,2016-520,2,460,23,1.0,0.7593874017546908
val,2016-520,2,460,24,0.0,0.19066204803126793
val,2016-520,2,460,25,0.0,0.042240323033673
val,2016-520,2,460,26,1.0,0.3598368191303935
val,2016-520,2,460,27,0.0,0.5389372538655157
val,2016-520,2,460,28,0.0,0.16845427877692473
val,2016-520,2,460,29,1.0,0.9783139625799337
val,2016-520,2,460,30,1.0,0.8319062183543958
val,2016-520,2,460,31,0.0,0.48892126428722854
val,2016-520,3,461,0,0.0,0.027317265916068176
val,2016-520,3,461,1,1.0,0.6115167486559404
val,2016-520,3,461,2,1.0,0.7872509046768594
val,2016-520,3,461,3,1.0,0.7213597049386258
val,2016-520,3,461,4,1.0,0.939281416825757
val,2016-520,3,461,5,0.0,0.16549632156194716
val,2016-520,3,461,6,1.0,0.7617836439802543
val,2016-520,3,461,7,0.0,0.29499616396064127
val,2016-520,3,461,8,1.0,0.2721167316151825
val,2016-520,3,461,9,0.0,0.5795199684541367
val,2016-520,3,461,10,0.0,0.10570721459644461
val,2016-520,3,461,11,0.0,0.8434951939112139
val,2016-520,3,461,12,0.0,0.1686224071727322
val,2016-520,3,461,13,0.0,0.362193044322282
val,2016-520,3,461,14,1.0,0.10795481806999623
val,2016-520,3,461,15,0.0,0.16519316196558093
val,2016-520,4,462,0,0.0,0.18644816376890094
val,2016-520,4,462,1,1.0,0.440831662044682
val,2016-520,4,462,2,0.0,0.203292230556248
val,2016-520,4,462,3,1.0,0.228910981852438
val,2016-520,4,462,4,1.0,0.8034170699770381
val,2016-520,4,462,5,1.0,0.6211329783226723
val,2016-520,4,462,6,1.0,0.9286591141106451
val,2016-520,4,462,7,1.0,0.4160196557518229
val,2016-520,5,463,0,1.0,0.7922219744793685
val,2016-520,5,463,1,0.0,0.23100833168428062
val,2016-520,5,463,2,0.0,0.6995822061723861
val,2016-520,5,463,3,1.0,0.8666438743220297
val,2016-520,6,464,0,0.0,0.2170639243975237
val,2016-520,6,464,1,1.0,0.9382129074917734
val,2016-520,7,465,0,0.0,0.29740070138283664
val,2016-540,1,466,0,1.0,0.9730431274168357
val,2016-540,1,466,1,0.0,0.28796561696803186
val,2016-540,1,466,2,0.0,0.47409710478910366
val,2016-540,1,466,3,1.0,0.497253767417064
val,2016-540,1,466,4,0.0,0.3654385607229746
val,2016-540,1,466,5,1.0,0.845495616244559
val,2016-540,1,466,6,1.0,0.8776314821710096
val,2016-540,1,466,7,1.0,0.8148082103089951
val,2016-540,1,466,8,0.0,0.3920821782372585
val,2016-540,1,466,9,1.0,0.3436045237139122
val,2016-540,1,466,10,0.0,0.24741991371580987
val,2016-540,1,466,11,1.0,0.3787583140686305
val,2016-540,1,466,12,0.0,0.620020949196616
val,2016-540,1,466,13,0.0,0.060374030977697286
val,2016-540,1,466,14,1.0,0.860386438116579
val,2016-540,1,466,15,0.0,0.3905459350705837
val,2016-540,1,466,16,1.0,0.5232121936679105
val,2016-540,1,466,17,0.0,0.3850049624533417
val,2016-540,1,466,18,0.0,0.7335450654225705
val,2016-540,1,466,19,0.0,0.340541034783488
val,2016-540,1,466,20,1.0,0.7017309665502327
val,2016-540,1,466,21,0.0,0.08786174782412166
val,2016-540,1,466,22,1.0,0.8894386202139034
val,2016-540,1,466,23,0.0,0.2119582125140324
val,2016-540,1,466,24,1.0,0.4822871100118332
val,2016-540,1,466,25,0.0,0.66568816244897
val,2016-540,1,466,26,1.0,0.4713362939809645
val,2016-540,1,466,27,0.0,0.32913722294525705
val,2016-540,1,466,28,1.0,0.6571469177969137
val,2016-540,1,466,29,0.0,0.01967104437049607
val,2016-540,1,466,30,0.0,0.42990100721553604
val,2016-540,1,466,31,1.0,0.48993276386052104
val,2016-540,1,466,32,0.0,0.5396206800208926
val,2016-540,1,466,33,0.0,0.12576012468204859
val,2016-540,1,466,34,0.0,0.4941791461439443
val,2016-540,1,466,35,1.0,0.8081725684379396
val,2016-540,1,466,36,0.0,0.2200852125690653
val,2016-540,1,466,37,1.0,0.6468955150086299
val,2016-540,1,466,38,0.0,0.5249184140676869
val,2016-540,1,466,39,0.0,0.10276112783163181
val,2016-540,1,466,40,0.0,0.26603674973031444
val,2016-540,1,466,41,1.0,0.536618817792016
val,2016-540,1,466,42,0.0,0.16578553858321785
val,2016-540,1,466,43,1.0,0.7973227558332439
val,2016-540,1,466,44,1.0,0.6129423763969369
val,2016-540,1,466,45,0.0,0.3291419484775604
val,2016-540,1,466,46,1.0,0.852272629078458
val,2016-540,1,466,47,0.0,0.08818168873023972
val,2016-540,1,466,48,0.0,0.20478399472134934
val,2016-540,1,466,49,1.0,0.35465917692908877
val,2016-540,1,466,50,0.0,0.20780912551566555
val,2016-540,1,466,51,1.0,0.49246251564198174
val,2016-540,1,466,52,0.0,0.3742461332216837
val,2016-540,1,466,53,0.0,0.5245790203174914
val,2016-540,1,466,54,0.0,0.31527263399028366
val,2016-540,1,466,55,1.0,0.6320100689888029
val,2016-540,1,466,56,1.0,0.6783680749777116
val,2016-540,1,466,57,0.0,0.11272550024131188
val,2016-540,1,466,58,0.0,0.14646622646833582
val,2016-540,1,466,59,0.0,0.4790330436256004
val,2016-540,1,466,60,1.0,0.5922684186173037
val,2016-540,1,466,61,0.0,0.49416420169184716
val,2016-540,1,466,62,1.0,0.6923184998429934
val,2016-540,1,466,63,1.0,0.6286295344791966
val,2016-540,2,467,0,1.0,0.6345592335866954
val,2016-540,2,467,1,0.0,0.39707207810928785
val,2016-540,2,467,2,1.0,0.8681990864284933
val,2016-540,2,467,3,0.0,0.24999723624277223
val,2016-540,2,467,4,0.0,0.18740002654141802
val,2016-540,2,467,5,0.0,0.4199887729168164
val,2016-540,2,467,6,1.0,0.7741108660333424
val,2016-540,2,467,7,1.0,0.7922957865198051
val,2016-540,2,467,8,1.0,0.481349553499209
val,2016-540,2,467,9,1.0,0.905125437711635
val,2016-540,2,467,10,1.0,0.8122873975916147
val,2016-540,2,467,11,1.0,0.7356994970420575
val,2016-540,2,467,12,1.0,0.15238455267473167
val,2016-540,2,467,13,0.0,0.7173364126733669
val,2016-540,2,467,14,0.0,0.5232604148055483
val,2016-540,2,467,15,1.0,0.6367130703841721
val,2016-540,2,467,16,1.0,0.32872943482236294
val,2016-540,2,467,17,0.0,0.2970658306743515
val,2016-540,2,467,18,0.0,0.5786353050362839
val,2016-540,2,467,19,0.0,0.6531101191834692
val,2016-540,2,467,20,1.0,0.2546201569787475
val,2016-540,2,467,21,1.0,0.7820631449898235
val,2016-540,2,467,22,1.0,0.7133272333198976
val,2016-540,2,467,23,0.0,0.6853407084691676
val,2016-540,2,467,24,0.0,0.1377944351824769
val,2016-540,2,467,25,0.0,0.8717958559543942
val,2016-540,2,467,26,0.0,0.5347787814506196
val,2016-540,2,467,27,1.0,0.4597851679424053
val,2016-540,2,467,28,0.0,0.12105902912382728
val,2016-540,2,467,29,1.0,0.9525633776776045
val,2016-540,2,467,30,0.0,0.0364739632680656
val,2016-540,2,467,31,0.0,0.04369824805349625
val,2016-540,3,468,0,0.0,0.5906533933761564
val,2016-540,3,468,1,0.0,0.4411210367398363
val,2016-540,3,468,2,1.0,0.9455704691784227
val,2016-540,3,468,3,0.0,0.3831671283389477
val,2016-540,3,468,4,0.0,0.4664263793331408
val,2016-540,3,468,5,1.0,0.7647129593371473
val,2016-540,3,468,6,1.0,0.5843283783167244
val,2016-540,3,468,7,1.0,0.8033660071787833
val,2016-540,3,468,8,1.0,0.4156762855542944
val,2016-540,3,468,9,1.0,0.7667180759952625
val,2016-540,3,468,10,0.0,0.19978398808343428
val,2016-540,3,468,11,0.0,0.6615721674587859
val,2016-540,3,468,12,1.0,0.9367873208631575
val,2016-540,3,468,13,0.0,0.2784161273561346
val,2016-540,3,468,14,1.0,0.8511003506463916
val,2016-540,3,468,15,0.0,0.9660331284606258
val,2016-540,4,469,0,1.0,0.8493627438511219
val,2016-540,4,469,1,1.0,0.5316055063521832
val,2016-540,4,469,2,0.0,0.5979499056228792
val,2016-540,4,469,3,0.0,0.15661930775248792
val,2016-540,4,469,4,1.0,0.29506533047129596
val,2016-540,4,469,5,1.0,0.8906528582247826
val,2016-540,4,469,6,1.0,0.4779628482419762
val,2016-540,4,469,7,1.0,0.5107530519398257
val,2016-540,5,470,0,0.0,0.22392666425670027
val,2016-540,5,470,1,1.0,0.7997785477157516
val,2016-540,5,470,2,0.0,0.17874595185377323
val,2016-540,5,470,3,1.0,0.8066371572836294
val,2016-540,6,471,0,0.0,0.23476845390198228
val,2016-540,6,471,1,0.0,0.7097882034899485
val,2016-540,7,472,0,1.0,0.7905196853140426
val,2016-560,1,485,0,0.0,0.05444202757375271
val,2016-560,1,485,1,1.0,0.6758964438280328
val,2016-560,1,485,2,1.0,0.6488606384617899
val,2016-560,1,485,3,0.0,0.36361602385628716
val,2016-560,1,485,4,1.0,0.6947034555658211
val,2016-560,1,485,5,0.0,0.17217595547865777
val,2016-560,1,485,6,0.0,0.29527162479511726
val,2016-560,1,485,7,1.0,0.6676863884979691
val,2016-560,1,485,8,1.0,0.5041605256303326
val,2016-560,1,485,9,0.0,0.3857297207870922
val,2016-560,1,485,10,0.0,0.5326227173999667
val,2016-560,1,485,11,1.0,0.5674552325190055
val,2016-560,1,485,12,1.0,0.611074956761494
val,2016-560,1,485,13,1.0,0.9059882404619125
val,2016-560,1,485,14,0.0,0.09584798937828878
val,2016-560,1,485,15,1.0,0.6918803955272148
val,2016-560,1,485,16,1.0,0.7448699885404496
val,2016-560,1,485,17,0.0,0.20766128929022645
val,2016-560,1,485,18,1.0,0.7813081576101834
val,2016-560,1,485,19,0.0,0.32584957014458604
val,2016-560,1,485,20,1.0,0.4084006771016834
val,2016-560,1,485,21,0.0,0.06677655940959525
val,2016-560,1,485,22,0.0,0.884469429811219
val,2016-560,1,485,23,0.0,0.6147456752295258
val,2016-560,1,485,24,0.0,0.379468301367583
val,2016-560,1,485,25,1.0,0.8935102617977453
val,2016-560,1,485,26,1.0,0.5654279018091007
val,2016-560,1,485,27,0.0,0.44748033873060666
val,2016-560,1,485,28,0.0,0.26526470759982057
val,2016-560,1,485,29,1.0,0.9755757238266616
val,2016-560,1,485,30,1.0,0.29289011468927073
val,2016-560,1,485,31,1.0,0.3924848881377177
val,2016-560,1,485,32,1.0,0.7203702799603227
val,2016-560,1,485,33,0.0,0.2537576920501429
val,2016-560,1,485,34,1.0,0.44284072962368615
val,2016-560,1,485,35,0.0,0.2501248617627226
val,2016-560,1,485,36,0.0,0.17486928891211814
val,2016-560,1,485,37,0.0,0.11386115239576222
val,2016-560,1,485,38,1.0,0.656419221266381
val,2016-560,1,485,39,0.0,0.38431436014951215
val,2016-560,1,485,40,0.0,0.8667181271428188
val,2016-560,1,485,41,0.0,0.23896364310309276
val,2016-560,1,485,42,0.0,0.3536791910915239
val,2016-560,1,485,43,0.0,0.37662301233507317
val,2016-560,1,485,44,1.0,0.8994544916249767
val,2016-560,1,485,45,1.0,0.6273752056418717
val,2016-560,1,485,46,0.0,0.5106678391653457
val,2016-560,1,485,47,1.0,0.8993093049207006
val,2016-560,1,485,48,1.0,0.753138909191211
val,2016-560,1,485,49,1.0,0.4007342182573934
val,2016-560,1,485,50,1.0,0.3327358771358105
val,2016-560,1,485,51,0.0,0.5589220144235746
val,2016-560,1,485,52,1.0,0.3209299699847199
val,2016-560,1,485,53,0.0,0.7360453471506292
val,2016-560,1,485,54,0.0,0.29602853067878404
val,2016-560,1,485,55,1.0,0.6039349927414162
val,2016-560,1,485,56,1.0,0.5847548419731454
val,2016-560,1,485,57,0.0,0.2882928875183736
val,2016-560,1,485,58,0.0,0.23517263121746076
val,2016-560,1,485,59,0.0,0.528909350462334
val,2016-560,1,485,60,1.0,0.44638408248425343
val,2016-560,1,485,61,0.0,0.7179760370466942
val,2016-560,1,485,62,0.0,0.2975987309643166
val,2016-560,1,485,63,1.0,0.8225156040190651
val,2016-560,2,486,0,0.0,0.5859362978357892
val,2016-560,2,486,1,1.0,0.8369092061456596
val,2016-560,2,486,2,0.0,0.19076191125055791
val,2016-560,2,486,3,1.0,0.39136150671305187
val,2016-560,2,486,4,0.0,0.6799742988300006
val,2016-560,2,486,5,0.0,0.06251045079701754
val,2016-560,2,486,6,1.0,0.3738219895586456
val,2016-560,2,486,7,0.0,0.38302937961935
val,2016-560,2,486,8,1.0,0.5578828322859738
val,2016-560,2,486,9,0.0,0.6536957192930519
val,2016-560,2,486,10,1.0,0.601734144944763
val,2016-560,2,486,11,0.0,0.36756874044686033
val,2016-560,2,486,12,0.0,0.05344008220284701
val,2016-560,2,486,13,1.0,0.8112873665921925
val,2016-560,2,486,14,0.0,0.2999655442834993
val,2016-560,2,486,15,1.0,0.3716717313665528
val,2016-560,2,486,16,1.0,0.4511472954162859
val,2016-560,2,486,17,1.0,0.9125863913053927
val,2016-560,2,486,18,0.0,0.22979827351796386
val,2016-560,2,486,19,1.0,0.760412708060891
val,2016-560,2,486,20,1.0,0.4942331983198126
val,2016-560,2,486,21,0.0,0.12664842056665038
val,2016-560,2,486,22,0.0,0.20795519852985794
val,2016-560,2,486,23,0.0,0.17833351724336177
val,2016-560,2,486,24,0.0,0.8219606349001516
val,2016-560,2,486,25,0.0,0.09347514296026356
val,2016-560,2,486,26,1.0,0.7209365968899989
val,2016-560,2,486,27,0.0,0.13696105742925843
val,2016-560,2,486,28,0.0,0.8758160939717988
val,2016-560,2,486,29,1.0,0.9232567510362069
val,2016-560,2,486,30,0.0,0.4037699852149709
val,2016-560,2,486,31,1.0,0.9711843073379299
val,2016-560,3,487,0,0.0,0.8076795922087192
val,2016-560,3,487,1,0.0,0.8525784321542438
val,2016-560,3,487,2,1.0,0.9622518503128865
val,2016-560,3,487,3,1.0,0.6951993417554061
val,2016-560,3,487,4,0.0,0.3844760094084659
val,2016-560,3,487,5,1.0,0.8614540173838553
val,2016-560,3,487,6,0.0,0.10959970993397726
val,2016-560,3,487,7,1.0,0.15018535895007923
val,2016-560,3,487,8,0.0,0.26610547387807
val,2016-560,3,487,9,1.0,0.5114205612517093
val,2016-560,3,487,10,0.0,0.17019329677278322
val,2016-560,3,487,11,0.0,0.6414259083614519
val,2016-560,3,487,12,0.0,0.1631757669599838
val,2016-560,3,487,13,1.0,0.35352688470673077
val,2016-560,3,487,14,0.0,0.2526402312131018
val,2016-560,3,487,15,0.0,0.03380742715731564
val,2016-560,4,488,0,1.0,0.8665301949520288
val,2016-560,4,488,1,1.0,0.8367772431188802
val,2016-560,4,488,2,0.0,0.12003950617266763
val,2016-560,4,488,3,0.0,0.681704266051938
val,2016-560,4,488,4,0.0,0.15240347343467509
val,2016-560,4,488,5,0.0,0.841426077811395
val,2016-560,4,488,6,0.0,0.2579724052985671
val,2016-560,4,488,7,0.0,0.02499981883833903
val,2016-560,5,489,0,0.0,0.7638622499001296
val,2016-560,5,489,1,1.0,0.811503158752059
val,2016-560,5,489,2,0.0,0.2450777126607123
val,2016-560,5,489,3,1.0,0.8670588010480468
val,2016-560,6,490,0,0.0,0.5644914328634866
val,2016-560,6,490,1,0.0,0.12285334098553992
val,2016-560,7,491,0,0.0,0.8739311324165916
val,2016-580,1,420,0,0.0,0.0356380530383627
val,2016-580,1,420,1,0.0,0.5596041412688146
val,2016-580,1,420,2,1.0,0.7233042558101392
val,2016-580,1,420,3,1.0,0.7202703736990055
val,2016-580,1,420,4,1.0,0.3873568537578903
val,2016-580,1,420,5,0.0,0.4577876964211444
val,2016-580,1,420,6,0.0,0.07938116328316284
val,2016-580,1,420,7,0.0,0.23086906782997443
val,2016-580,1,420,8,0.0,0.42646856307778686
val,2016-580,1,420,9,0.0,0.6454857155769571
val,2016-580,1,420,10,0.0,0.5763088062597405
val,2016-580,1,420,11,0.0,0.15673661191943364
val,2016-580,1,420,12,1.0,0.49999380442225255
val,2016-580,1,420,13,0.0,0.2832827136528476
val,2016-580,1,420,14,1.0,0.9695314931099388
val,2016-580,1,420,15,0.0,0.2455727500752433
val,2016-580,1,420,16,1.0,0.5767568022603982
val,2016-580,1,420,17,1.0,0.39503269011747993
val,2016-580,1,420,18,0.0,0.3427606301955445
val,2016-580,1,420,19,0.0,0.6349468520074657
val,2016-580,1,420,20,0.0,0.6255223177169171
val,2016-580,1,420,21,1.0,0.3833124419926893
val,2016-580,1,420,22,0.0,0.1039793123224917
val,2016-580,1,420,23,0.0,0.24306694625124198
val,2016-580,1,420,24,1.0,0.6383521565364811
val,2016-580,1,420,25,1.0,0.3046101017039741
val,2016-580,1,420,26,0.0,0.6627827319737981
val,2016-580,1,420,27,0.0,0.35910960361475475
val,2016-580,1,420,28,0.0,0.5220366604120417
val,2016-580,1,420,29,1.0,0.21486672145591654
val,2016-580,1,420,30,0.0,0.018823647103853213
val,2016-580,1,420,31,1.0,0.6105639833817399
val,2016-580,1,420,32,1.0,0.2832027211444654
val,2016-580,1,420,33,1.0,0.1263616805545417
val,2016-580,1,420,34,0.0,0.8730983007990506
val,2016-580,1,420,35,1.0,0.9607676262866427
val,2016-580,1,420,36,1.0,0.5047772539417122
val,2016-580,1,420,37,1.0,0.37636393504372695
val,2016-580,1,420,38,1.0,0.43039906772239506
val,2016-580,1,420,39,0.0,0.2780449684104498
val,2016-580,1,420,40,1.0,0.8219783641453368
val,2016-580,1,420,41,1.0,0.6361771403688254
val,2016-580,1,420,42,1.0,0.3377829691279747
val,2016-580,1,420,43,0.0,0.13315943562463908
val,2016-580,1,420,44,1.0,0.6320998779671514
val,2016-580,1,420,45,0.0,0.17019554682406868
val,2016-580,1,420,46,0.0,0.4586742679275442
val,2016-580,1,420,47,0.0,0.09313088856138058
val,2016-580,1,420,48,1.0,0.9329690910092693
val,2016-580,1,420,49,0.0,0.285017930621541
val,2016-580,1,420,50,0.0,0.24034831159286654
val,2016-580,1,420,51,1.0,0.4578255163610456
val,2016-580,1,420,52,0.0,0.41054341844052644
val,2016-580,1,420,53,1.0,0.5989464315738843
val,2016-580,1,420,54,1.0,0.6605146392370865
val,2016-580,1,420,55,0.0,0.0700171832363999
val,2016-580,1,420,56,0.0,0.370045956028047
val,2016-580,1,420,57,1.0,0.7278167004359034
val,2016-580,1,420,58,0.0,0.1418371799867191
val,2016-580,1,420,59,0.0,0.2938011911658556
val,2016-580,1,420,60,0.0,0.4612647572410268
val,2016-580,1,420,61,1.0,0.7938194787878331
val,2016-580,1,420,62,0.0,0.1658166681865954
val,2016-580,1,420,63,0.0,0.8398804168363316
val,2016-580,2,421,0,0.0,0.6616297575933391
val,2016-580,2,421,1,1.0,0.5365296279777843
val,2016-580,2,421,2,0.0,0.28073529037017886
val,2016-580,2,421,3,0.0,0.35217288881987213
val,2016-580,2,421,4,0.0,0.17479927139440596
val,2016-580,2,421,5,1.0,0.8948041040506751
val,2016-580,2,421,6,0.0,0.6515750157175305
val,2016-580,2,421,7,1.0,0.4651532626145428
val,2016-580,2,421,8,0.0,0.12192231397182111
val,2016-580,2,421,9,1.0,0.8405458220770373
val,2016-580,2,421,10,0.0,0.38927302136865716
val,2016-580,2,421,11,1.0,0.3158753415546679
val,2016-580,2,421,12,1.0,0.8800403583526709
val,2016-580,2,421,13,1.0,0.3073749078590473
val,2016-580,2,421,14,1.0,0.682184026470644
val,2016-580,2,421,15,0.0,0.2901624247654614
val,2016-580,2,421,16,0.0,0.22365895603210884
val,2016-580,2,421,17,0.0,0.23151767748703947
val,2016-580,2,421,18,0.0,0.16859725688453056
val,2016-580,2,421,19,1.0,0.6318980990994596
val,2016-580,2,421,20,1.0,0.859720229598076
val,2016-580,2,421,21,0.0,0.07939058252805356
val,2016-580,2,421,22,0.0,0.10395401466436974
val,2016-580,2,421,23,0.0,0.2351735507882969
val,2016-580,2,421,24,0.0,0.04947062928756951
val,2016-580,2,421,25,0.0,0.11374740609633151
val,2016-580,2,421,26,1.0,0.5015536424758545
val,2016-580,2,421,27,0.0,0.2649022598486198
val,2016-580,2,421,28,1.0,0.9420885866414062
val,2016-580,2,421,29,1.0,0.9488392172215739
val,2016-580,2,421,30,0.0,0.017439093434308217
val,2016-580,2,421,31,1.0,0.48409252775278133
val,2016-580,3,422,0,0.0,0.3687392575052065
val,2016-580,3,422,1,1.0,0.8467517213291645
val,2016-580,3,422,2,1.0,0.9390160844637191
val,2016-580,3,422,3,1.0,0.7648967143561223
val,2016-580,3,422,4,0.0,0.17162663992985455
val,2016-580,3,422,5,1.0,0.8480025459569093
val,2016-580,3,422,6,0.0,0.2440900562834009
val,2016-580,3,422,7,1.0,0.8335683333248901
val,2016-580,3,422,8,0.0,0.39013285483540405
val,2016-580,3,422,9,1.0,0.7870073409945875
val,2016-580,3,422,10,0.0,0.617425179260992
val,2016-580,3,422,11,1.0,0.6895497412107027
val,2016-580,3,422,12,0.0,0.16167612603407325
val,2016-580,3,422,13,1.0,0.8425707881021154
val,2016-580,3,422,14,1.0,0.9132392767923012
val,2016-580,3,422,15,1.0,0.9534352071898802
val,2016-580,4,423,0,0.0,0.10900939247453233
val,2016-580,4,423,1,1.0,0.5380437149148386
val,2016-580,4,423,2,0.0,0.5912006562572981
val,2016-580,4,423,3,1.0,0.7502991626327034
val,2016-580,4,423,4,1.0,0.7471855917003974
val,2016-580,4,423,5,0.0,0.1504697706043827
val,2016-580,4,423,6,0.0,0.5646763071950223
val,2016-580,4,423,7,0.0,0.09465721102628942
val,2016-580,5,424,0,0.0,0.2614394174150317
val,2016-580,5,424,1,1.0,0.5645694153254237
val,2016-580,5,424,2,0.0,0.2520640627740458
val,2016-580,5,424,3,1.0,0.8639558737695212
val,2016-580,6,425,0,0.0,0.2162483495998459
val,2016-580,6,425,1,0.0,0.3024391894566117
val,2016-580,7,426,0,1.0,0.7376863404261642
val,2016-M006,1,427,0,1.0,0.6879195085308093
val,2016-M006,1,427,1,0.0,0.43288375851986866
val,2016-M006,1,427,2,1.0,0.4963811658522666
val,2016-M006,1,427,3,0.0,0.36840721479290434
val,2016-M006,1,427,4,0.0,0.28561238270348155
val,2016-M006,1,427,5,1.0,0.5846734916772803
val,2016-M006,1,427,6,1.0,0.5365967737053909
val,2016-M006,1,427,7,0.0,0.34297839292214655
val,2016-M006,1,427,8,1.0,0.461555007041594
val,2016-M006,1,427,9,0.0,0.5035467784949188
val,2016-M006,1,427,10,0.0,0.4858883314134106
val,2016-M006,1,427,11,0.0,0.26463722617339724
val,2016-M006,1,427,12,1.0,0.513720188643934
val,2016-M006,1,427,13,0.0,0.630110431691673
val,2016-M006,1,427,14,1.0,0.5308742696355659
val,2016-M006,1,427,15,1.0,0.5527610448184368
val,2016-M006,1,427,16,1.0,0.25523043561914327
val,2016-M006,1,427,17,0.0,0.4782835337581758
val,2016-M006,1,427,18,0.0,0.3493070028428066
val,2016-M006,1,427,19,1.0,0.4470439889236429
val,2016-M006,1,427,20,0.0,0.5953444386791542
val,2016-M006,1,427,21,1.0,0.7566680925224617
val,2016-M006,1,427,22,1.0,0.559768010822623
val,2016-M006,1,427,23,0.0,0.45184825159825953
val,2016-M006,1,427,24,1.0,0.579366894052842
val,2016-M006,1,427,25,0.0,0.6724782784244349
val,2016-M006,1,427,26,1.0,0.4703937482123168
val,2016-M006,1,427,27,0.0,0.4725396699532783
val,2016-M006,1,427,28,0.0,0.3998431075885391
val,2016-M006,1,427,29,1.0,0.4069583461306436
val,2016-M006,1,427,30,1.0,0.2654723635690282
val,2016-M006,1,427,31,1.0,0.27792917041089804
val,2016-M006,2,428,0,1.0,0.6749587459081128
val,2016-M006,2,428,1,0.0,0.029448713144555577
val,2016-M006,2,428,2,1.0,0.6727957550285327
val,2016-M006,2,428,3,1.0,0.681296860780461
val,2016-M006,2,428,4,0.0,0.8089419528394477
val,2016-M006,2,428,5,1.0,0.7533890322577378
val,2016-M006,2,428,6,1.0,0.6066535050764159
val,2016-M006,2,428,7,0.0,0.08443441953237753
val,2016-M006,2,428,8,0.0,0.17382759473534906
val,2016-M006,2,428,9,1.0,0.611258533916306
val,2016-M006,2,428,10,0.0,0.2547334275661563
val,2016-M006,2,428,11,0.0,0.5541596501865363
val,2016-M006,2,428,12,0.0,0.3887493696564036
val,2016-M006,2,428,13,1.0,0.7871248650360005
val,2016-M006,2,428,14,0.0,0.18057264755554298
val,2016-M006,2,428,15,1.0,0.7879705034504518
val,2016-M006,2,428,16,0.0,0.26266326174044036
val,2016-M006,2,428,17,1.0,0.5226515193486253
val,2016-M006,2,428,18,1.0,0.5955898502371966
val,2016-M006,2,428,19,1.0,0.7599842507891756
val,2016-M006,2,428,20,0.0,0.1349849533357709
val,2016-M006,2,428,21,0.0,0.5534835619322558
val,2016-M006,2,428,22,1.0,0.3754001312497393
val,2016-M006,2,428,23,1.0,0.880518344601743
val,2016-M006,2,428,24,0.0,0.5648734739954294
val,2016-M006,2,428,25,0.0,0.22823498010926183
val,2016-M006,2,428,26,0.0,0.12389248142117439
val,2016-M006,2,428,27,0.0,0.21127153594748987
val,2016-M006,2,428,28,1.0,0.8851668000003707
val,2016-M006,2,428,29,1.0,0.46466312282756234
val,2016-M006,2,428,30,0.0,0.08929128629146978
val,2016-M006,2,428,31,1.0,0.419105962461644
val,2016-M006,3,429,0,1.0,0.7768011206605888
val,2016-M006,3,429,1,0.0,0.23655377665853727
val,2016-M006,3,429,2,0.0,0.2970941224087361
val,2016-M006,3,429,3,1.0,0.5501581465860691
val,2016-M006,3,429,4,1.0,0.8151588764941465
val,2016-M006,3,429,5,1.0,0.7916619041200021
val,2016-M006,3,429,6,1.0,0.1723164692608886
val,2016-M006,3,429,7,0.0,0.2234116907791973
val,2016-M006,3,429,8,1.0,0.43268898054827676
val,2016-M006,3,429,9,0.0,0.9277209426640147
val,2016-M006,3,429,10,1.0,0.8479408527102662
val,2016-M006,3,429,11,1.0,0.6015913916844526
val,2016-M006,3,429,12,1.0,0.6850041541773619
val,2016-M006,3,429,13,1.0,0.9218848465091375
val,2016-M006,3,429,14,0.0,0.4507682707811293
val,2016-M006,3,429,15,1.0,0.836430766753811
val,2016-M006,4,430,0,0.0,0.12598214897034402
val,2016-M006,4,430,1,1.0,0.3798303505274146
val,2016-M006,4,430,2,0.0,0.1300103436992211
val,2016-M006,4,430,3,1.0,0.48843300886710844
val,2016-M006,4,430,4,1.0,0.37505686192282167
val,2016-M006,4,430,5,1.0,0.7703359562530069
val,2016-M006,4,430,6,1.0,0.39650564844733843
val,2016-M006,4,430,7,1.0,0.7856339926479398
val,2016-M006,5,431,0,1.0,0.7988442126959671
val,2016-M006,5,431,1,0.0,0.43197179315112294
val,2016-M006,5,431,2,1.0,0.5852583515265689
val,2016-M006,5,431,3,0.0,0.46671407080806054
val,2016-M006,6,432,0,0.0,0.20790802634983235
val,2016-M006,6,432,1,1.0,0.5331286508480935
val,2016-M006,7,433,0,1.0,0.8374310682998353
val,2016-M007,1,434,0,0.0,0.25901752427290065
val,2016-M007,1,434,1,1.0,0.6329333249830396
val,2016-M007,1,434,2,0.0,0.5291050179755983
val,2016-M007,1,434,3,1.0,0.28922918001081616
val,2016-M007,1,434,4,1.0,0.28871215071871703
val,2016-M007,1,434,5,1.0,0.7131142636422149
val,2016-M007,1,434,6,1.0,0.7247182229252607
val,2016-M007,1,434,7,0.0,0.49317649867580804
val,2016-M007,1,434,8,0.0,0.25729918988705097
val,2016-M007,1,434,9,1.0,0.6442134268878156
val,2016-M007,1,434,10,1.0,0.5038420034760982
val,2016-M007,1,434,11,0.0,0.6204319486246472
val,2016-M007,1,434,12,1.0,0.5824517149947583
val,2016-M007,1,434,13,1.0,0.6533410516390821
val,2016-M007,1,434,14,1.0,0.6182690793000879
val,2016-M007,1,434,15,0.0,0.6318456904250681
val,2016-M007,1,434,16,1.0,0.5007412498270581
val,2016-M007,1,434,17,1.0,0.6640718542034367
val,2016-M007,1,434,18,1.0,0.4451286021409266
val,2016-M007,1,434,19,0.0,0.21416419855193697
val,2016-M007,1,434,20,0.0,0.49771739456722075
val,2016-M007,1,434,21,0.0,0.3473598997947946
val,2016-M007,1,434,22,1.0,0.5300588199724703
val,2016-M007,1,434,23,1.0,0.5893387244671758
val,2016-M007,1,434,24,1.0,0.4304821777643862
val,2016-M007,1,434,25,1.0,0.6095321475714722
val,2016-M007,1,434,26,1.0,0.49550539382383135
val,2016-M007,1,434,27,0.0,0.48860892066517236
val,2016-M007,1,434,28,1.0,0.6723488757761779
val,2016-M007,1,434,29,1.0,0.5083838650635897
val,2016-M007,1,434,30,1.0,0.6880445048161326
val,2016-M007,1,434,31,0.0,0.49268892336418374
val,2016-M007,2,435,0,1.0,0.46941016291372994
val,2016-M007,2,435,1,0.0,0.018505654375320833
val,2016-M007,2,435,2,1.0,0.1641782056693189
val,2016-M007,2,435,3,0.0,0.34420556785199785
val,2016-M007,2,435,4,1.0,0.6746382687977709
val,2016-M007,2,435,5,1.0,0.527743746891299
val,2016-M007,2,435,6,1.0,0.5844015687903829
val,2016-M007,2,435,7,1.0,0.8937016824144144
val,2016-M007,2,435,8,0.0,0.7337503311760675
val,2016-M007,2,435,9,1.0,0.47884924547876523
val,2016-M007,2,435,10,1.0,0.6719218000926108
val,2016-M007,2,435,11,1.0,0.7597707804966621
val,2016-M007,2,435,12,0.0,0.23377171469755553
val,2016-M007,2,435,13,0.0,0.6095312349771803
val,2016-M007,2,435,14,1.0,0.7355957964058039
val,2016-M007,2,435,15,1.0,0.9109462707626422
val,2016-M007,2,435,16,0.0,0.9218064848981761
val,2016-M007,2,435,17,1.0,0.6283169955998663
val,2016-M007,2,435,18,0.0,0.5500461201952562
val,2016-M007,2,435,19,1.0,0.8644132259093525
val,2016-M007,2,435,20,0.0,0.8551936319905882
val,2016-M007,2,435,21,1.0,0.6568945326561901
val,2016-M007,2,435,22,1.0,0.544965515272598
val,2016-M007,2,435,23,0.0,0.7922128151144678
val,2016-M007,2,435,24,1.0,0.49749868987611545
val,2016-M007,2,435,25,0.0,0.24273355066984673
val,2016-M007,2,435,26,0.0,0.13400443775141124
val,2016-M007,2,435,27,1.0,0.8495633282230669
val,2016-M007,2,435,28,0.0,0.1380627733775315
val,2016-M007,2,435,29,1.0,0.7453406004019292
val,2016-M007,2,435,30,0.0,0.05437188006448484
val,2016-M007,2,435,31,1.0,0.5023927904915259
val,2016-M007,3,436,0,0.0,0.40297576630243875
val,2016-M007,3,436,1,0.0,0.7425849184100679
val,2016-M007,3,436,2,1.0,0.7566761921910389
val,2016-M007,3,436,3,0.0,0.3148686517367486
val,2016-M007,3,436,4,1.0,0.7978462779467457
val,2016-M007,3,436,5,1.0,0.7121498503455529
val,2016-M007,3,436,6,0.0,0.5426225182347514
val,2016-M007,3,436,7,1.0,0.5460859099341795
val,2016-M007,3,436,8,1.0,0.9719299536165588
val,2016-M007,3,436,9,0.0,0.3038304383872494
val,2016-M007,3,436,10,1.0,0.7182103817561338
val,2016-M007,3,436,11,1.0,0.832061432847808
val,2016-M007,3,436,12,1.0,0.23007852388117114
val,2016-M007,3,436,13,1.0,0.7165119322531099
val,2016-M007,3,436,14,0.0,0.8935836374981503
val,2016-M007,3,436,15,1.0,0.1519137220601553
val,2016-M007,4,437,0,1.0,0.6868194753908263
val,2016-M007,4,437,1,0.0,0.04753338810897677
val,2016-M007,4,437,2,0.0,0.37375134328980947
val,2016-M007,4,437,3,1.0,0.8470891725783889
val,2016-M007,4,437,4,0.0,0.2050058546239649
val,2016-M007,4,437,5,0.0,0.14844706382012077
val,2016-M007,4,437,6,0.0,0.5102821485144317
val,2016-M007,4,437,7,0.0,0.42976020998660874
val,2016-M007,5,438,0,0.0,0.14428495765728308
val,2016-M007,5,438,1,1.0,0.5034843950372552
val,2016-M007,5,438,2,0.0,0.7016657502415486
val,2016-M007,5,438,3,1.0,0.5753475082461036
val,2016-M007,6,439,0,0.0,0.0934196851865435
val,2016-M007,6,439,1,0.0,0.2975206108415318
val,2016-M007,7,440,0,0.0,0.12082103918251971
val,2016-M009,2,453,0,1.0,0.6468447679828009
val,2016-M009,2,453,1,0.0,0.2008899307785185
val,2016-M009,2,453,2,1.0,0.705536351649958
val,2016-M009,2,453,3,0.0,0.24762202956960033
val,2016-M009,2,453,4,0.0,0.44306601200998075
val,2016-M009,2,453,5,1.0,0.4892261017569412
val,2016-M009,2,453,6,0.0,0.47701336679164413
val,2016-M009,2,453,7,1.0,0.4911999559346421
val,2016-M009,2,453,8,1.0,0.9444171497029865
val,2016-M009,2,453,9,1.0,0.48291390163244935
val,2016-M009,2,453,10,0.0,0.4848742652587503
val,2016-M009,2,453,11,0.0,0.4207825009392592
val,2016-M009,2,453,12,1.0,0.4366160164619406
val,2016-M009,2,453,13,1.0,0.8695097793049686
val,2016-M009,2,453,14,0.0,0.5316149540828843
val,2016-M009,2,453,15,1.0,0.5892604615186431
val,2016-M009,2,453,16,1.0,0.19046016832145715
val,2016-M009,2,453,17,0.0,0.5778485044782787
val,2016-M009,2,453,18,0.0,0.1395717781750419
val,2016-M009,2,453,19,1.0,0.7480424838240097
val,2016-M009,2,453,20,0.0,0.722494512814319
val,2016-M009,2,453,21,1.0,0.7895369175756276
val,2016-M009,2,453,22,0.0,0.5016606534879409
val,2016-M009,2,453,23,1.0,0.9191380754320674
val,2016-M009,3,454,0,1.0,0.9758734519541522
val,2016-M009,3,454,1,1.0,0.5640627793661561
val,2016-M009,3,454,2,1.0,0.3655700710865496
val,2016-M009,3,454,3,0.0,0.15928933145975344
val,2016-M009,3,454,4,0.0,0.1563933373255826
val,2016-M009,3,454,5,1.0,0.5032028836467778
val,2016-M009,3,454,6,1.0,0.7786965197211926
val,2016-M009,3,454,7,0.0,0.1828456092336043
val,2016-M009,3,454,8,0.0,0.5107368608178564
val,2016-M009,3,454,9,1.0,0.9082065112679648
val,2016-M009,3,454,10,1.0,0.40973917342263744
val,2016-M009,3,454,11,1.0,0.7624614343830333
val,2016-M009,3,454,12,1.0,0.8058483489383657
val,2016-M009,3,454,13,1.0,0.6628336048409103
val,2016-M009,3,454,14,0.0,0.5617810463051127
val,2016-M009,3,454,15,0.0,0.05801614510468802
val,2016-M009,4,455,0,1.0,0.868163613725106
val,2016-M009,4,455,1,1.0,0.38252861577998337
val,2016-M009,4,455,2,1.0,0.12159787687996527
val,2016-M009,4,455,3,0.0,0.4719383254694154
val,2016-M009,4,455,4,0.0,0.8701585908695663
val,2016-M009,4,455,5,0.0,0.22135183828516236
val,2016-M009,4,455,6,0.0,0.0393238547963935
val,2016-M009,4,455,7,1.0,0.21241913692124414
val,2016-M009,5,456,0,0.0,0.2147213998998868
val,2016-M009,5,456,1,1.0,0.4212331135098496
val,2016-M009,5,456,2,1.0,0.7593253948732562
val,2016-M009,5,456,3,0.0,0.21259040830444337
val,2016-M009,6,457,0,1.0,0.9163365997864452
val,2016-M009,6,457,1,0.0,0.13928330565005106
val,2016-M009,7,458,0,0.0,0.7346696853515184
val,2016-M021,2,447,0,0.0,0.27775547537730094
val,2016-M021,2,447,1,0.0,0.49842360409302056
val,2016-M021,2,447,2,1.0,0.23896459448842602
val,2016-M021,2,447,3,0.0,0.18640533511274834
val,2016-M021,2,447,4,0.0,0.1552527312828796
val,2016-M021,2,447,5,0.0,0.5963761333666642
val,2016-M021,2,447,6,1.0,0.45430914979103676
val,2016-M021,2,447,7,0.0,0.4472839084374454
val,2016-M021,2,447,8,1.0,0.46903879464683135
val,2016-M021,2,447,9,1.0,0.2957443889691915
val,2016-M021,2,447,10,0.0,0.798678688212577
val,2016-M021,2,447,11,0.0,0.4873675205051928
val,2016-M021,2,447,12,1.0,0.5576681950419551
val,2016-M021,2,447,13,0.0,0.4379550829610011
val,2016-M021,2,447,14,0.0,0.5152411047209681
val,2016-M021,2,447,15,1.0,0.3774002480245416
val,2016-M021,2,447,16,1.0,0.8027365825605441
val,2016-M021,2,447,17,1.0,0.5679305234254097
val,2016-M021,2,447,18,1.0,0.35933972469215514
val,2016-M021,2,447,19,1.0,0.7652768900605293
val,2016-M021,2,447,20,0.0,0.6522456081098216
val,2016-M021,2,447,21,0.0,0.3082968167414118
val,2016-M021,2,447,22,0.0,0.06839957571631444
val,2016-M021,2,447,23,1.0,0.5515067613341518
val,2016-M021,3,448,0,1.0,0.5359787644452523
val,2016-M021,3,448,1,0.0,0.24807234363507427
val,2016-M021,3,448,2,1.0,0.8337057048583412
val,2016-M021,3,448,3,1.0,0.24898842293789403
val,2016-M021,3,448,4,0.0,0.8204871197209657
val,2016-M021,3,448,5,0.0,0.5135414041059054
val,2016-M021,3,448,6,0.0,0.20437875869450453
val,2016-M021,3,448,7,1.0,0.8509608925487603
val,2016-M021,3,448,8,1.0,0.9670472335255684
val,2016-M021,3,448,9,1.0,0.7021854484838477
val,2016-M021,3,448,10,1.0,0.6717830702510769
val,2016-M021,3,448,11,0.0,0.5136621479570772
val,2016-M021,3,448,12,1.0,0.9078378537139246
val,2016-M021,3,448,13,0.0,0.12160220746287613
val,2016-M021,3,448,14,1.0,0.793612837857401
val,2016-M021,3,448,15,1.0,0.9348898896355217
val,2016-M021,4,449,0,0.0,0.2141318443431743
val,2016-M021,4,449,1,1.0,0.4046898690392767
val,2016-M021,4,449,2,1.0,0.9114058321865599
val,2016-M021,4,449,3,0.0,0.45789221890442205
val,2016-M021,4,449,4,1.0,0.6785130692372315
val,2016-M021,4,449,5,1.0,0.39993357637266724
val,2016-M021,4,449,6,0.0,0.07250438105808849
val,2016-M021,4,449,7,1.0,0.4302573925452019
val,2016-M021,5,450,0,1.0,0.712396512261197
val,2016-M021,5,450,1,0.0,0.30759657462572326
val,2016-M021,5,450,2,1.0,0.8869069982684021
val,2016-M021,5,450,3,1.0,0.878072174418756
val,2016-M021,6,451,0,0.0,0.4235369854357984
val,2016-M021,6,451,1,1.0,0.8627474453020892
val,2016-M021,7,452,0,1.0,0.7478486651074888
val,2016-M024,2,479,0,0.0,0.20259273739365358
val,2016-M024,2,479,1,1.0,0.42359277246208854
val,2016-M024,2,479,2,0.0,0.5359966801251128
val,2016-M024,2,479,3,0.0,0.10862005470327632
val,2016-M024,2,479,4,1.0,0.11124763452975371
val,2016-M024,2,479,5,0.0,0.4340892739624026
val,2016-M024,2,479,6,0.0,0.8378598611583428
val,2016-M024,2,479,7,0.0,0.5535282028561285
val,2016-M024,2,479,8,0.0,0.3664986436426365
val,2016-M024,2,479,9,0.0,0.4863264577281305
val,2016-M024,2,479,10,1.0,0.583155829794352
val,2016-M024,2,479,11,0.0,0.473354841892976
val,2016-M024,2,479,12,1.0,0.48849163498584336
val,2016-M024,2,479,13,0.0,0.17106234364701228
val,2016-M024,2,479,14,0.0,0.5199489590458578
val,2016-M024,2,479,15,1.0,0.5593828187483892
val,2016-M024,2,479,16,1.0,0.5652766937962527
val,2016-M024,2,479,17,1.0,0.6419860041430513
val,2016-M024,2,479,18,1.0,0.6043456219126335
val,2016-M024,2,479,19,1.0,0.6291984240264488
val,2016-M024,2,479,20,0.0,0.23614982441429946
val,2016-M024,2,479,21,1.0,0.2520708770349121
val,2016-M024,2,479,22,0.0,0.7287650445521755
val,2016-M024,2,479,23,0.0,0.10290392321738566
val,2016-M024,3,480,0,1.0,0.31254167636923
val,2016-M024,3,480,1,1.0,0.9028490603426612
val,2016-M024,3,480,2,1.0,0.2875586425892659
val,2016-M024,3,480,3,1.0,0.8357014825113372
val,2016-M024,3,480,4,0.0,0.41835471567621024
val,2016-M024,3,480,5,1.0,0.34431672631624943
val,2016-M024,3,480,6,1.0,0.82291069914074
val,2016-M024,3,480,7,1.0,0.718262305947013
val,2016-M024,3,480,8,0.0,0.20325164008533533
val,2016-M024,3,480,9,0.0,0.47232210788584134
val,2016-M024,3,480,10,0.0,0.70112606085986
val,2016-M024,3,480,11,0.0,0.13450398907083763
val,2016-M024,3,480,12,0.0,0.4108461888224384
val,2016-M024,3,480,13,1.0,0.9346162359770254
val,2016-M024,3,480,14,0.0,0.46088965457708464
val,2016-M024,3,480,15,1.0,0.8784356330208266
val,2016-M024,4,481,0,0.0,0.6667269668066933
val,2016-M024,4,481,1,1.0,0.18420178489005956
val,2016-M024,4,481,2,1.0,0.3143150522321243
val,2016-M024,4,481,3,0.0,0.6442951353419989
val,2016-M024,4,481,4,0.0,0.11275242599162896
val,2016-M024,4,481,5,0.0,0.7379306926127017
val,2016-M024,4,481,6,0.0,0.11214691123576372
val,2016-M024,4,481,7,1.0,0.1311121604044159
val,2016-M024,5,482,0,1.0,0.6852438848853336
val,2016-M024,5,482,1,0.0,0.338159713843092
val,2016-M024,5,482,2,0.0,0.3148813609189562
val,2016-M024,5,482,3,1.0,0.8836065804788885
val,2016-M024,6,483,0,0.0,0.4973978100137223
val,2016-M024,6,483,1,0.0,0.22222304116322358
val,2016-M024,7,484,0,1.0,0.1419688964044859
