phase,tourney_id,round_order,block_idx,row_in_block,y_true,probability
test,2017-0352,2,582,0,1.0,0.5972048551650343
test,2017-0352,2,582,1,0.0,0.22967636333667696
test,2017-0352,2,582,2,1.0,0.7527823557801879
test,2017-0352,2,582,3,1.0,0.2639537289973152
test,2017-0352,2,582,4,1.0,0.6140962341857843
test,2017-0352,2,582,5,0.0,0.66205393649382
test,2017-0352,2,582,6,1.0,0.2877140938386266
test,2017-0352,2,582,7,1.0,0.39065440046785294
test,2017-0352,2,582,8,1.0,0.6659638812665926
test,2017-0352,2,582,9,0.0,0.4659933684655062
test,2017-0352,2,582,10,0.0,0.49996813459526385
test,2017-0352,2,582,11,0.0,0.5928381367984544
test,2017-0352,2,582,12,0.0,0.4856154555276403
test,2017-0352,2,582,13,0.0,0.7311098188548237
test,2017-0352,2,582,14,1.0,0.42571411611229776
test,2017-0352,2,582,15,0.0,0.422897488851154
test,2017-0352,3,583,0,1.0,0.8831739304747599
test,2017-0352,3,583,1,1.0,0.4486310234597289
test,2017-0352,3,583,2,1.0,0.20369815599101626
test,2017-0352,3,583,3,1.0,0.2642859555952167
test,2017-0352,3,583,4,0.0,0.6715285424806634
test,2017-0352,3,583,5,0.0,0.28631139460011007
test,2017-0352,3,583,6,0.0,0.308994369134906
test,2017-0352,3,583,7,1.0,0.6387412513617529
test,2017-0352,3,583,8,0.0,0.35508042269598206
test,2017-0352,3,583,9,0.0,0.3153459863014569
test,2017-0352,3,583,10,1.0,0.7160408820073126
test,2017-0352,3,583,11,0.0,0.1647051833169036
test,2017-0352,3,583,12,0.0,0.8164330450824059
test,2017-0352,3,583,13,1.0,0.42003477925019156
test,2017-0352,3,583,14,0.0,0.3537864214123833
test,2017-0352,3,583,15,0.0,0.6829188935959579
test,2017-0352,4,584,0,1.0,0.5929566643537677
test,2017-0352,4,584,1,1.0,0.3027302678056936
test,2017-0352,4,584,2,0.0,0.42303894604648173
test,2017-0352,4,584,3,0.0,0.8020184820943592
test,2017-0352,4,584,4,0.0,0.5444023472240374
test,2017-0352,4,584,5,0.0,0.28946358419030643
test,2017-0352,4,584,6,0.0,0.6524878121403298
test,2017-0352,4,584,7,0.0,0.1372396171790533
test,2017-0352,5,585,0,0.0,0.42014300146734146
test,2017-0352,5,585,1,0.0,0.38700627454132824
test,2017-0352,5,585,2,1.0,0.1914352508289649
test,2017-0352,5,585,3,0.0,0.8974960543847382
test,2017-0352,6,586,0,0.0,0.7961080969520656
test,2017-0352,6,586,1,0.0,0.2663867527976141
test,2017-0352,7,587,0,0.0,0.25661761264060845
test,2017-0410,2,525,0,1.0,0.8051372252604769
test,2017-0410,2,525,1,1.0,0.7658921495060017
test,2017-0410,2,525,2,0.0,0.719157399139852
test,2017-0410,2,525,3,0.0,0.5919240312960894
test,2017-0410,2,525,4,0.0,0.17772210457453957
test,2017-0410,2,525,5,1.0,0.5327057082171727
test,2017-0410,2,525,6,0.0,0.4432417673015955
test,2017-0410,2,525,7,0.0,0.13681915609991147
test,2017-0410,2,525,8,1.0,0.6154505108539946
test,2017-0410,2,525,9,0.0,0.12688257402381245
test,2017-0410,2,525,10,1.0,0.3236767084148392
test,2017-0410,2,525,11,1.0,0.4344519933036207
test,2017-0410,2,525,12,0.0,0.6136921940490343
test,2017-0410,2,525,13,1.0,0.7560634146076629
test,2017-0410,2,525,14,0.0,0.694944677034838
test,2017-0410,2,525,15,0.0,0.6635395300358069
test,2017-0410,2,525,16,1.0,0.8205280811460192
test,2017-0410,2,525,17,1.0,0.4517880916674672
test,2017-0410,2,525,18,0.0,0.722697968805255
test,2017-0410,2,525,19,1.0,0.6337168452220168
test,2017-0410,2,525,20,0.0,0.34557912189831796
test,2017-0410,2,525,21,1.0,0.7670385167810507
test,2017-0410,2,525,22,1.0,0.5387711558200001
test,2017-0410,2,525,23,0.0,0.20000556201150752
test,2017-0410,3,526,0,1.0,0.5697776332099088
test,2017-0410,3,526,1,0.0,0.10322996796636844
test,2017-0410,3,526,2,0.0,0.2834810316117033
test,2017-0410,3,526,3,1.0,0.8283487930504136
test,2017-0410,3,526,4,0.0,0.1863552154498486
test,2017-0410,3,526,5,0.0,0.3104557843811122
test,2017-0410,3,526,6,0.0,0.79665413734261
test,2017-0410,3,526,7,1.0,0.2568879973786355
test,2017-0410,3,526,8,1.0,0.22117664024257103
test,2017-0410,3,526,9,0.0,0.44464847225182086
test,2017-0410,3,526,10,0.0,0.48580987713586943
test,2017-0410,3,526,11,0.0,0.11620899948394639
test,2017-0410,3,526,12,0.0,0.21884132260236744
test,2017-0410,3,526,13,0.0,0.24291043155302583
test,2017-0410,3,526,14,1.0,0.576863559218696
test,2017-0410,3,526,15,0.0,0.14356299991883772
test,2017-0410,4,527,0,1.0,0.8986155769969401
test,2017-0410,4,527,1,1.0,0.6210718379276406
test,2017-0410,4,527,2,0.0,0.45444713393947844
test,2017-0410,4,527,3,1.0,0.6419551014371694
test,2017-0410,4,527,4,1.0,0.23318273634920694
test,2017-0410,4,527,5,0.0,0.6577931454009328
test,2017-0410,4,527,6,0.0,0.8574929749402473
test,2017-0410,4,527,7,0.0,0.1781906497912281
test,2017-0410,5,528,0,0.0,0.8321741101616814
test,2017-0410,5,528,1,1.0,0.8635125442013316
test,2017-0410,5,528,2,0.0,0.5355734867666325
test,2017-0410,5,528,3,1.0,0.34121784278182027
test,2017-0410,6,529,0,1.0,0.7370775696076155
test,2017-0410,6,529,1,1.0,0.5069419433863515
test,2017-0410,7,530,0,1.0,0.8366689650096119
test,2017-0421,2,557,0,0.0,0.29161522700871045
test,2017-0421,2,557,1,1.0,0.7817708018874756
test,2017-0421,2,557,2,1.0,0.8269737831062831
test,2017-0421,2,557,3,1.0,0.788254778518518
test,2017-0421,2,557,4,0.0,0.2491801835034301
test,2017-0421,2,557,5,1.0,0.7461596892626412
test,2017-0421,2,557,6,1.0,0.5305774278018941
test,2017-0421,2,557,7,1.0,0.36563001338311746
test,2017-0421,2,557,8,1.0,0.49157758772340165
test,2017-0421,2,557,9,1.0,0.3585104240506186
test,2017-0421,2,557,10,1.0,0.8279633393588806
test,2017-0421,2,557,11,0.0,0.1908444681023073
test,2017-0421,2,557,12,0.0,0.7895040612096237
test,2017-0421,2,557,13,1.0,0.6509129643891742
test,2017-0421,2,557,14,0.0,0.4525065110270177
test,2017-0421,2,557,15,1.0,0.4750109853604356
test,2017-0421,2,557,16,0.0,0.24546874406481595
test,2017-0421,2,557,17,0.0,0.14964775004498843
test,2017-0421,2,557,18,1.0,0.2760374923948993
test,2017-0421,2,557,19,0.0,0.20409273215029797
test,2017-0421,2,557,20,0.0,0.10781677945066696
test,2017-0421,2,557,21,0.0,0.356922080477476
test,2017-0421,2,557,22,1.0,0.7225515357955937
test,2017-0421,2,557,23,1.0,0.2467860814438439
test,2017-0421,3,558,0,1.0,0.4915944987116865
test,2017-0421,3,558,1,0.0,0.16004098818188728
test,2017-0421,3,558,2,0.0,0.8144783069558963
test,2017-0421,3,558,3,1.0,0.23039703031938794
test,2017-0421,3,558,4,0.0,0.22810626184915858
test,2017-0421,3,558,5,1.0,0.409283094233564
test,2017-0421,3,558,6,1.0,0.30069212482945273
test,2017-0421,3,558,7,0.0,0.23235350845855413
test,2017-0421,3,558,8,0.0,0.37949445541965465
test,2017-0421,3,558,9,0.0,0.36446183470394067
test,2017-0421,3,558,10,0.0,0.7531848307602568
test,2017-0421,3,558,11,0.0,0.5671379347589764
test,2017-0421,3,558,12,0.0,0.7926438486397616
test,2017-0421,3,558,13,1.0,0.4470054968189485
test,2017-0421,3,558,14,0.0,0.07769161762799177
test,2017-0421,3,558,15,0.0,0.23244583153207143
test,2017-0421,4,559,0,1.0,0.8142864269292496
test,2017-0421,4,559,1,1.0,0.4091564205848066
test,2017-0421,4,559,2,1.0,0.2342255134870889
test,2017-0421,4,559,3,1.0,0.6255078400263323
test,2017-0421,4,559,4,0.0,0.5949254214400247
test,2017-0421,4,559,5,1.0,0.650264334633204
test,2017-0421,4,559,6,0.0,0.9017594629912873
test,2017-0421,4,559,7,1.0,0.4992535688894767
test,2017-0421,5,560,0,1.0,0.7837825388140198
test,2017-0421,5,560,1,1.0,0.46400575489034573
test,2017-0421,5,560,2,1.0,0.487591191053271
test,2017-0421,5,560,3,0.0,0.7100336174782422
test,2017-0421,6,561,0,1.0,0.776653064411027
test,2017-0421,6,561,1,1.0,0.8813286885790945
test,2017-0421,7,562,0,1.0,0.1999626902071618
test,2017-5014,2,576,0,0.0,0.2512538428887231
test,2017-5014,2,576,1,1.0,0.5571167615517973
test,2017-5014,2,576,2,0.0,0.6492288235383328
test,2017-5014,2,576,3,1.0,0.2316014009151349
test,2017-5014,2,576,4,1.0,0.6760921448644025
test,2017-5014,2,576,5,1.0,0.8689880449324073
test,2017-5014,2,576,6,1.0,0.3482540105879513
test,2017-5014,2,576,7,1.0,0.7503443863347432
test,2017-5014,2,576,8,1.0,0.7940441459415063
test,2017-5014,2,576,9,0.0,0.8523210167917757
test,2017-5014,2,576,10,1.0,0.5365888933025239
test,2017-5014,2,576,11,0.0,0.4241608408724393
test,2017-5014,2,576,12,1.0,0.37691215570643083
test,2017-5014,2,576,13,0.0,0.3622809544794245
test,2017-5014,2,576,14,0.0,0.4999025582813872
test,2017-5014,2,576,15,0.0,0.8182488951517721
test,2017-5014,2,576,16,0.0,0.7214358732941238
test,2017-5014,2,576,17,0.0,0.4526091684888278
test,2017-5014,2,576,18,1.0,0.5503659609307805
test,2017-5014,2,576,19,1.0,0.8223127658126091
test,2017-5014,2,576,20,1.0,0.6878590403824105
test,2017-5014,2,576,21,1.0,0.3467492293628668
test,2017-5014,2,576,22,1.0,0.8344917077513625
test,2017-5014,2,576,23,1.0,0.5705067429620481
test,2017-5014,3,577,0,0.0,0.2077505231009457
test,2017-5014,3,577,1,0.0,0.3144512450785486
test,2017-5014,3,577,2,0.0,0.2742021736478202
test,2017-5014,3,577,3,0.0,0.25599728752231715
test,2017-5014,3,577,4,1.0,0.4883961218342241
test,2017-5014,3,577,5,1.0,0.22303465298767622
test,2017-5014,3,577,6,0.0,0.6091577126493193
test,2017-5014,3,577,7,0.0,0.22268229816091425
test,2017-5014,3,577,8,1.0,0.8611509354415969
test,2017-5014,3,577,9,1.0,0.28346339809956067
test,2017-5014,3,577,10,1.0,0.7861961206954757
test,2017-5014,3,577,11,1.0,0.37613848905877945
test,2017-5014,3,577,12,1.0,0.7087122888891789
test,2017-5014,3,577,13,1.0,0.6919893725520585
test,2017-5014,3,577,14,0.0,0.2063047210853931
test,2017-5014,3,577,15,0.0,0.5781594170456821
test,2017-5014,4,578,0,0.0,0.5790842555076775
test,2017-5014,4,578,1,0.0,0.48674946801959607
test,2017-5014,4,578,2,0.0,0.1929625822719176
test,2017-5014,4,578,3,1.0,0.2699209091229853
test,2017-5014,4,578,4,0.0,0.3569750152655675
test,2017-5014,4,578,5,1.0,0.6411526029698003
test,2017-5014,4,578,6,0.0,0.2188499702514164
test,2017-5014,4,578,7,1.0,0.674075851834149
test,2017-5014,5,579,0,0.0,0.23239503293994926
test,2017-5014,5,579,1,0.0,0.3534280922925294
test,2017-5014,5,579,2,1.0,0.6643072832917043
test,2017-5014,5,579,3,1.0,0.6733604049745885
test,2017-5014,6,580,0,1.0,0.7662251900410584
test,2017-5014,6,580,1,0.0,0.29513157577183674
test,2017-5014,7,581,0,0.0,0.48834340666128845
test,2017-520,1,543,0,1.0,0.9162098509693238
test,2017-520,1,543,1,1.0,0.8321162823987325
test,2017-520,1,543,2,1.0,0.7506200666815913
test,2017-520,1,543,3,0.0,0.3001532654881928
test,2017-520,1,543,4,1.0,0.7963935371548745
test,2017-520,1,543,5,0.0,0.19376149978381949
test,2017-520,1,543,6,1.0,0.0823145185644181
test,2017-520,1,543,7,0.0,0.12163269286281789
test,2017-520,1,543,8,0.0,0.5365769444089771
test,2017-520,1,543,9,0.0,0.613641151287816
test,2017-520,1,543,10,0.0,0.10231906686397718
test,2017-520,1,543,11,0.0,0.13227277887234304
test,2017-520,1,543,12,0.0,0.4118406009417001
test,2017-520,1,543,13,0.0,0.07000634096139793
test,2017-520,1,543,14,1.0,0.8854953357835882
test,2017-520,1,543,15,1.0,0.8159537154382656
test,2017-520,1,543,16,0.0,0.1741764445062647
test,2017-520,1,543,17,1.0,0.18442764900869305
test,2017-520,1,543,18,0.0,0.10159051195977407
test,2017-520,1,543,19,0.0,0.7862237592140534
test,2017-520,1,543,20,1.0,0.4717595057081773
test,2017-520,1,543,21,0.0,0.7451760780148272
test,2017-520,1,543,22,0.0,0.17115434299756058
test,2017-520,1,543,23,0.0,0.1893110459015234
test,2017-520,1,543,24,0.0,0.2761646924468809
test,2017-520,1,543,25,0.0,0.14015075128777482
test,2017-520,1,543,26,0.0,0.23295757444725945
test,2017-520,1,543,27,0.0,0.3828583104808317
test,2017-520,1,543,28,1.0,0.766501827124475
test,2017-520,1,543,29,0.0,0.11776184670733264
test,2017-520,1,543,30,0.0,0.3943490647808355
test,2017-520,1,543,31,1.0,0.8164843197842672
test,2017-520,1,543,32,1.0,0.5942481978994767
test,2017-520,1,543,33,0.0,0.20227098888720846
test,2017-520,1,543,34,1.0,0.2406353180042849
test,2017-520,1,543,35,0.0,0.18221804635628858
test,2017-520,1,543,36,1.0,0.27984199047842717
test,2017-520,1,543,37,1.0,0.5851845533804919
test,2017-520,1,543,38,0.0,0.20440867270718946
test,2017-520,1,543,39,1.0,0.899324112652797
test,2017-520,1,543,40,1.0,0.5935528426204038
test,2017-520,1,543,41,0.0,0.7200602625787225
test,2017-520,1,543,42,0.0,0.17615961451483622
test,2017-520,1,543,43,1.0,0.7576986721647146
test,2017-520,1,543,44,0.0,0.21231059091443827
test,2017-520,1,543,45,0.0,0.642027045287515
test,2017-520,1,543,46,0.0,0.24275832664128633
test,2017-520,1,543,47,1.0,0.8700360865068928
test,2017-520,1,543,48,1.0,0.7715798812953383
test,2017-520,1,543,49,0.0,0.44857299099831327
test,2017-520,1,543,50,0.0,0.8513509631755377
test,2017-520,1,543,51,1.0,0.8332482843004455
test,2017-520,1,543,52,0.0,0.12691631199331008
test,2017-520,1,543,53,1.0,0.48705077573928374
test,2017-520,1,543,54,0.0,0.5051767015700729
test,2017-520,1,543,55,0.0,0.26067549815223356
test,2017-520,1,543,56,0.0,0.5554613726282763
test,2017-520,1,543,57,0.0,0.7370245643143277
test,2017-520,1,543,58,1.0,0.8248316939332453
test,2017-520,1,543,59,0.0,0.6914649530397629
test,2017-520,1,543,60,1.0,0.48745263424126123
test,2017-520,1,543,61,0.0,0.23520086736460835
test,2017-520,1,543,62,0.0,0.15365988864655836
test,2017-520,1,543,63,1.0,0.629180843561417
test,2017-520,2,544,0,1.0,0.7552993748914715
test,2017-520,2,544,1,1.0,0.7786958397048964
test,2017-520,2,544,2,1.0,0.7587692163278258
test,2017-520,2,544,3,1.0,0.6933465754371438
test,2017-520,2,544,4,0.0,0.7481442078939952
test,2017-520,2,544,5,0.0,0.16767524087886565
test,2017-520,2,544,6,0.0,0.18117726053294167
test,2017-520,2,544,7,0.0,0.6794192387301384
test,2017-520,2,544,8,0.0,0.6805776343057163
test,2017-520,2,544,9,1.0,0.6788070449259397
test,2017-520,2,544,10,0.0,0.2892650012905432
test,2017-520,2,544,11,0.0,0.09245607419553242
test,2017-520,2,544,12,0.0,0.10754661924820648
test,2017-520,2,544,13,0.0,0.8510372281447932
test,2017-520,2,544,14,0.0,0.62142782700633
test,2017-520,2,544,15,0.0,0.7017107257946248
test,2017-520,2,544,16,0.0,0.22311711084116648
test,2017-520,2,544,17,1.0,0.8907166971128062
test,2017-520,2,544,18,0.0,0.17634950438501507
test,2017-520,2,544,19,1.0,0.7274702243263803
test,2017-520,2,544,20,1.0,0.8112714764377649
test,2017-520,2,544,21,0.0,0.22179850518435235
test,2017-520,2,544,22,1.0,0.3668121737197033
test,2017-520,2,544,23,0.0,0.17687487874647176
test,2017-520,2,544,24,1.0,0.7106919920480725
test,2017-520,2,544,25,0.0,0.16762496185449363
test,2017-520,2,544,26,1.0,0.8064599988373091
test,2017-520,2,544,27,0.0,0.3453620601653842
test,2017-520,2,544,28,1.0,0.8591240938866849
test,2017-520,2,544,29,1.0,0.8040062423713754
test,2017-520,2,544,30,1.0,0.9060614737366413
test,2017-520,2,544,31,0.0,0.09070324735072295
test,2017-520,3,545,0,0.0,0.20592746036435444
test,2017-520,3,545,1,0.0,0.1590688248698096
test,2017-520,3,545,2,1.0,0.8980439553243885
test,2017-520,3,545,3,1.0,0.5009081478050184
test,2017-520,3,545,4,1.0,0.16609675744022767
test,2017-520,3,545,5,0.0,0.07659694173167904
test,2017-520,3,545,6,0.0,0.2874117725520118
test,2017-520,3,545,7,1.0,0.3362990796657878
test,2017-520,3,545,8,0.0,0.20139237399815735
test,2017-520,3,545,9,0.0,0.31085213675080015
test,2017-520,3,545,10,1.0,0.5968294936488809
test,2017-520,3,545,11,1.0,0.5883764235915171
test,2017-520,3,545,12,1.0,0.8550282269257852
test,2017-520,3,545,13,1.0,0.37590838907657415
test,2017-520,3,545,14,1.0,0.19384575974752496
test,2017-520,3,545,15,0.0,0.277711143960818
test,2017-520,4,546,0,1.0,0.8820827368295009
test,2017-520,4,546,1,0.0,0.1814034985705659
test,2017-520,4,546,2,0.0,0.18076274868815606
test,2017-520,4,546,3,0.0,0.7302832371960198
test,2017-520,4,546,4,0.0,0.27934361065609037
test,2017-520,4,546,5,1.0,0.5880163655303973
test,2017-520,4,546,6,1.0,0.7561207624078019
test,2017-520,4,546,7,1.0,0.8830360431315434
test,2017-520,5,547,0,0.0,0.8205988290849612
test,2017-520,5,547,1,0.0,0.13463818036314043
test,2017-520,5,547,2,1.0,0.5982693630454199
test,2017-520,5,547,3,1.0,0.6797572882642448
test,2017-520,6,548,0,0.0,0.24085775280368293
test,2017-520,6,548,1,1.0,0.333047334940033
test,2017-520,7,549,0,0.0,0.2844472781246012
test,2017-540,1,550,0,1.0,0.8919237743104269
test,2017-540,1,550,1,1.0,0.4099628735635452
test,2017-540,1,550,2,1.0,0.8026587536737769
test,2017-540,1,550,3,1.0,0.836982001277865
test,2017-540,1,550,4,1.0,0.47489458544421637
test,2017-540,1,550,5,0.0,0.5021842514153181
test,2017-540,1,550,6,1.0,0.9101687614870424
test,2017-540,1,550,7,0.0,0.17730292610621148
test,2017-540,1,550,8,1.0,0.6894689003781624
test,2017-540,1,550,9,1.0,0.6935802217457788
test,2017-540,1,550,10,1.0,0.27297965626447596
test,2017-540,1,550,11,1.0,0.32989510679630224
test,2017-540,1,550,12,1.0,0.4878679105608246
test,2017-540,1,550,13,1.0,0.48194765389401706
test,2017-540,1,550,14,0.0,0.1446649532573438
test,2017-540,1,550,15,0.0,0.4118845262999399
test,2017-540,1,550,16,0.0,0.9117126051545319
test,2017-540,1,550,17,1.0,0.867507837131085
test,2017-540,1,550,18,0.0,0.3884975060834737
test,2017-540,1,550,19,0.0,0.40084589565364015
test,2017-540,1,550,20,1.0,0.4540934307034536
test,2017-540,1,550,21,1.0,0.7257390268587119
test,2017-540,1,550,22,0.0,0.3563724701020331
test,2017-540,1,550,23,0.0,0.24412570069495293
test,2017-540,1,550,24,1.0,0.23771426439939355
test,2017-540,1,550,25,1.0,0.8338385903593081
test,2017-540,1,550,26,0.0,0.1950676225165989
test,2017-540,1,550,27,1.0,0.35041210930760613
test,2017-540,1,550,28,0.0,0.05782812525359297
test,2017-540,1,550,29,0.0,0.07092393105715088
test,2017-540,1,550,30,0.0,0.6417259297471796
test,2017-540,1,550,31,0.0,0.7846470261752369
test,2017-540,1,550,32,1.0,0.8565290772705051
test,2017-540,1,550,33,0.0,0.16777515825212674
test,2017-540,1,550,34,0.0,0.5124347273597617
test,2017-540,1,550,35,0.0,0.18692892677144138
test,2017-540,1,550,36,1.0,0.8013428751866547
test,2017-540,1,550,37,1.0,0.3122346342055979
test,2017-540,1,550,38,1.0,0.624693591959739
test,2017-540,1,550,39,1.0,0.7855744351219844
test,2017-540,1,550,40,0.0,0.14270088604858738
test,2017-540,1,550,41,0.0,0.6788631492687205
test,2017-540,1,550,42,0.0,0.4988662545649546
test,2017-540,1,550,43,0.0,0.677322008017507
test,2017-540,1,550,44,1.0,0.5017878807330566
test,2017-540,1,550,45,1.0,0.5977362305918843
test,2017-540,1,550,46,1.0,0.8739604265965132
test,2017-540,1,550,47,1.0,0.7116266008762551
test,2017-540,1,550,48,1.0,0.7859409004148892
test,2017-540,1,550,49,1.0,0.7735679423388618
test,2017-540,1,550,50,1.0,0.6250612894343485
test,2017-540,1,550,51,0.0,0.12681607071501308
test,2017-540,1,550,52,1.0,0.7812779346144645
test,2017-540,1,550,53,1.0,0.839164000887553
test,2017-540,1,550,54,1.0,0.3058947378064467
test,2017-540,1,550,55,0.0,0.14875884259343125
test,2017-540,1,550,56,0.0,0.744152552447246
test,2017-540,1,550,57,1.0,0.6424717495117399
test,2017-540,1,550,58,1.0,0.3177870609836679
test,2017-540,1,550,59,0.0,0.1669266056789619
test,2017-540,1,550,60,0.0,0.7658888513111238
test,2017-540,1,550,61,0.0,0.3459757801291154
test,2017-540,1,550,62,0.0,0.22965567172603668
test,2017-540,1,550,63,0.0,0.608767596127798
test,2017-540,2,551,0,0.0,0.1804026122712797
test,2017-540,2,551,1,1.0,0.7645198673657375
test,2017-540,2,551,2,0.0,0.8249774623346929
test,2017-540,2,551,3,1.0,0.5699870116187781
test,2017-540,2,551,4,0.0,0.12620537961538003
test,2017-540,2,551,5,1.0,0.4442912401857048
test,2017-540,2,551,6,1.0,0.7775383318378615
test,2017-540,2,551,7,0.0,0.19259622276292493
test,2017-540,2,551,8,0.0,0.2232867260694374
test,2017-540,2,551,9,1.0,0.6111372300252562
test,2017-540,2,551,10,0.0,0.5144380981352069
test,2017-540,2,551,11,1.0,0.5462950637110137
test,2017-540,2,551,12,1.0,0.755986913738847
test,2017-540,2,551,13,0.0,0.1820025088068899
test,2017-540,2,551,14,1.0,0.8598735258874453
test,2017-540,2,551,15,1.0,0.7652267553339519
test,2017-540,2,551,16,0.0,0.1862592925772195
test,2017-540,2,551,17,1.0,0.8165251937645127
test,2017-540,2,551,18,1.0,0.6115130791964692
test,2017-540,2,551,19,1.0,0.37807767133489767
test,2017-540,2,551,20,0.0,0.30573926155562087
test,2017-540,2,551,21,1.0,0.873725278285001
test,2017-540,2,551,22,1.0,0.5253771186579778
test,2017-540,2,551,23,0.0,0.3709393462255225
test,2017-540,2,551,24,1.0,0.7269449813961726
test,2017-540,2,551,25,1.0,0.30633603747518223
test,2017-540,2,551,26,0.0,0.7371472573133921
test,2017-540,2,551,27,0.0,0.3621566148380247
test,2017-540,2,551,28,1.0,0.7877737850063643
test,2017-540,2,551,29,0.0,0.07364841296985912
test,2017-540,2,551,30,0.0,0.4251198410838424
test,2017-540,2,551,31,1.0,0.9087250912881766
test,2017-540,3,552,0,0.0,0.2999552338904644
test,2017-540,3,552,1,0.0,0.2966765961154133
test,2017-540,3,552,2,0.0,0.11073787082638575
test,2017-540,3,552,3,0.0,0.7752969278746596
test,2017-540,3,552,4,0.0,0.2135302202112395
test,2017-540,3,552,5,0.0,0.12956881535145393
test,2017-540,3,552,6,0.0,0.1912077463443513
test,2017-540,3,552,7,0.0,0.2505515021733298
test,2017-540,3,552,8,0.0,0.2555809500328197
test,2017-540,3,552,9,0.0,0.2636896947220444
test,2017-540,3,552,10,0.0,0.6408191666566252
test,2017-540,3,552,11,1.0,0.630031892210004
test,2017-540,3,552,12,1.0,0.8751823039055929
test,2017-540,3,552,13,0.0,0.2182525447986646
test,2017-540,3,552,14,1.0,0.28421005011505845
test,2017-540,3,552,15,0.0,0.17258309472780908
test,2017-540,4,553,0,0.0,0.11102957419378313
test,2017-540,4,553,1,0.0,0.43406552179570995
test,2017-540,4,553,2,1.0,0.7641496208705345
test,2017-540,4,553,3,0.0,0.4078023715724228
test,2017-540,4,553,4,1.0,0.6129877841899907
test,2017-540,4,553,5,0.0,0.8576760875518521
test,2017-540,4,553,6,1.0,0.41217706159752976
test,2017-540,4,553,7,0.0,0.15382668876961555
test,2017-540,5,554,0,0.0,0.7785966139216656
test,2017-540,5,554,1,0.0,0.30756989085818104
test,2017-540,5,554,2,0.0,0.22846410701383144
test,2017-540,5,554,3,1.0,0.15905944831862828
test,2017-540,6,555,0,1.0,0.7267685630220345
test,2017-540,6,555,1,1.0,0.723392725529357
test,2017-540,7,556,0,0.0,0.2863736966179644
test,2017-560,1,569,0,0.0,0.05880106962405196
test,2017-560,1,569,1,1.0,0.46128825617151903
test,2017-560,1,569,2,1.0,0.8212612001476244
test,2017-560,1,569,3,1.0,0.4813508574266554
test,2017-560,1,569,4,0.0,0.6977075506549938
test,2017-560,1,569,5,1.0,0.7532782084994681
test,2017-560,1,569,6,0.0,0.8581697671234617
test,2017-560,1,569,7,0.0,0.22498875276416327
test,2017-560,1,569,8,0.0,0.3824707622382291
test,2017-560,1,569,9,1.0,0.6789599276190268
test,2017-560,1,569,10,0.0,0.3087567492709058
test,2017-560,1,569,11,0.0,0.3920969851470552
test,2017-560,1,569,12,1.0,0.9144799853386623
test,2017-560,1,569,13,0.0,0.07247642660363304
test,2017-560,1,569,14,0.0,0.5567571821964031
test,2017-560,1,569,15,1.0,0.8279193592243874
test,2017-560,1,569,16,0.0,0.5292854182781768
test,2017-560,1,569,17,1.0,0.7638479416973254
test,2017-560,1,569,18,1.0,0.8818111821277782
test,2017-560,1,569,19,0.0,0.48568388078355107
test,2017-560,1,569,20,1.0,0.8363947700184619
test,2017-560,1,569,21,1.0,0.8201084166460382
test,2017-560,1,569,22,1.0,0.6374960034339062
test,2017-560,1,569,23,1.0,0.8260587330831353
test,2017-560,1,569,24,1.0,0.11979833107015193
test,2017-560,1,569,25,0.0,0.7558000751669651
test,2017-560,1,569,26,1.0,0.8065096945806906
test,2017-560,1,569,27,1.0,0.4748370654548507
test,2017-560,1,569,28,0.0,0.1023983198969782
test,2017-560,1,569,29,0.0,0.5037793485226391
test,2017-560,1,569,30,1.0,0.3365090165972705
test,2017-560,1,569,31,1.0,0.1995386391864647
test,2017-560,1,569,32,1.0,0.8015924526947094
test,2017-560,1,569,33,1.0,0.9123040611384179
test,2017-560,1,569,34,1.0,0.767550886581653
test,2017-560,1,569,35,0.0,0.779128572923722
test,2017-560,1,569,36,0.0,0.5660839475445268
test,2017-560,1,569,37,1.0,0.7079130426316946
test,2017-560,1,569,38,0.0,0.2126572669812222
test,2017-560,1,569,39,1.0,0.8690956598744646
test,2017-560,1,569,40,1.0,0.4075993776199557
test,2017-560,1,569,41,1.0,0.8678171097598368
test,2017-560,1,569,42,1.0,0.6901439704168063
test,2017-560,1,569,43,0.0,0.548865034247068
test,2017-560,1,569,44,1.0,0.6678279550454265
test,2017-560,1,569,45,0.0,0.24192324875994445
test,2017-560,1,569,46,1.0,0.882377836329391
test,2017-560,1,569,47,0.0,0.1472360231436464
test,2017-560,1,569,48,0.0,0.4096252025002369
test,2017-560,1,569,49,1.0,0.49460152515494793
test,2017-560,1,569,50,1.0,0.9020234004811443
test,2017-560,1,569,51,0.0,0.2675334093313598
test,2017-560,1,569,52,0.0,0.61094259410323
test,2017-560,1,569,53,1.0,0.3943296437586038
test,2017-560,1,569,54,0.0,0.6906160565238786
test,2017-560,1,569,55,1.0,0.8397281430116692
test,2017-560,1,569,56,1.0,0.7504394602528786
test,2017-560,1,569,57,0.0,0.22715905266976077
test,2017-560,1,569,58,1.0,0.8331656863629598
test,2017-560,1,569,59,1.0,0.1528834233019049
test,2017-560,1,569,60,1.0,0.520558234547174
test,2017-560,1,569,61,1.0,0.4404057383594251
test,2017-560,1,569,62,1.0,0.5390114370979923
test,2017-560,1,569,63,1.0,0.4169809058543106
test,2017-560,2,570,0,0.0,0.5663507077928037
test,2017-560,2,570,1,0.0,0.19414560419996993
test,2017-560,2,570,2,1.0,0.37311976392904395
test,2017-560,2,570,3,1.0,0.37424799686758636
test,2017-560,2,570,4,0.0,0.21016577149330148
test,2017-560,2,570,5,1.0,0.8578192620822503
test,2017-560,2,570,6,1.0,0.21244990634028987
test,2017-560,2,570,7,0.0,0.5908617272470085
test,2017-560,2,570,8,1.0,0.37447834540378594
test,2017-560,2,570,9,0.0,0.5162310401243398
test,2017-560,2,570,10,0.0,0.5851795753064168
test,2017-560,2,570,11,0.0,0.7403001770617219
test,2017-560,2,570,12,1.0,0.7079252624891924
test,2017-560,2,570,13,1.0,0.787398561008088
test,2017-560,2,570,14,1.0,0.7974111572210558
test,2017-560,2,570,15,0.0,0.23370896255218693
test,2017-560,2,570,16,0.0,0.153927503581645
test,2017-560,2,570,17,0.0,0.6649043404180197
test,2017-560,2,570,18,1.0,0.6666302950140739
test,2017-560,2,570,19,0.0,0.39004531552669197
test,2017-560,2,570,20,0.0,0.11315120220359659
test,2017-560,2,570,21,0.0,0.8539913361414964
test,2017-560,2,570,22,0.0,0.367432433210496
test,2017-560,2,570,23,1.0,0.7394960902012165
test,2017-560,2,570,24,1.0,0.8141514574884349
test,2017-560,2,570,25,0.0,0.7824037404819969
test,2017-560,2,570,26,1.0,0.7710807420742358
test,2017-560,2,570,27,1.0,0.4954296331945437
test,2017-560,2,570,28,1.0,0.8099248231969584
test,2017-560,2,570,29,1.0,0.7373557556793722
test,2017-560,2,570,30,0.0,0.07821108058922299
test,2017-560,2,570,31,1.0,0.8640975534632543
test,2017-560,3,571,0,1.0,0.7344499517805673
test,2017-560,3,571,1,0.0,0.11952245468848781
test,2017-560,3,571,2,0.0,0.7232797541314768
test,2017-560,3,571,3,1.0,0.6264504140242347
test,2017-560,3,571,4,1.0,0.4934710340485716
test,2017-560,3,571,5,1.0,0.6871022668181223
test,2017-560,3,571,6,1.0,0.22404716620802198
test,2017-560,3,571,7,1.0,0.7878567861649621
test,2017-560,3,571,8,1.0,0.6764414849550466
test,2017-560,3,571,9,0.0,0.6631879711404217
test,2017-560,3,571,10,0.0,0.39363115465502396
test,2017-560,3,571,11,0.0,0.1632998369709347
test,2017-560,3,571,12,1.0,0.4222784887192593
test,2017-560,3,571,13,1.0,0.4417529655270385
test,2017-560,3,571,14,0.0,0.4701900006767389
test,2017-560,3,571,15,0.0,0.3271078393770804
test,2017-560,4,572,0,0.0,0.5097827372786652
test,2017-560,4,572,1,1.0,0.6637440983168155
test,2017-560,4,572,2,1.0,0.7595534516773826
test,2017-560,4,572,3,0.0,0.36776065910674144
test,2017-560,4,572,4,0.0,0.6738379875639405
test,2017-560,4,572,5,1.0,0.8820562328106908
test,2017-560,4,572,6,0.0,0.7966045222059928
test,2017-560,4,572,7,0.0,0.14543920238246869
test,2017-560,5,573,0,0.0,0.4100226354318684
test,2017-560,5,573,1,1.0,0.6255431257292898
test,2017-560,5,573,2,0.0,0.8401450987303662
test,2017-560,5,573,3,0.0,0.1163371695971274
test,2017-560,6,574,0,1.0,0.6102732175099256
test,2017-560,6,574,1,0.0,0.1762403111431869
test,2017-560,7,575,0,0.0,0.2172757747168321
test,2017-580,1,504,0,0.0,0.09150121446935437
test,2017-580,1,504,1,0.0,0.49403287517882327
test,2017-580,1,504,2,1.0,0.8034386076273544
test,2017-580,1,504,3,1.0,0.2440595632549203
test,2017-580,1,504,4,0.0,0.4346244262350589
test,2017-580,1,504,5,1.0,0.9299681007560093
test,2017-580,1,504,6,0.0,0.11326301235123219
test,2017-580,1,504,7,0.0,0.2583098105360644
test,2017-580,1,504,8,1.0,0.47232840312640334
test,2017-580,1,504,9,1.0,0.28277382643681587
test,2017-580,1,504,10,1.0,0.6642422016162433
test,2017-580,1,504,11,1.0,0.5990172864452202
test,2017-580,1,504,12,0.0,0.31878766958224686
test,2017-580,1,504,13,0.0,0.1401932335793751
test,2017-580,1,504,14,1.0,0.806651183127886
test,2017-580,1,504,15,0.0,0.2696017790354277
test,2017-580,1,504,16,0.0,0.33277570330009176
test,2017-580,1,504,17,0.0,0.7589669903978815
test,2017-580,1,504,18,1.0,0.9044604277078572
test,2017-580,1,504,19,0.0,0.5310274745621907
test,2017-580,1,504,20,0.0,0.5206731314311748
test,2017-580,1,504,21,1.0,0.9268448698624914
test,2017-580,1,504,22,0.0,0.8607674024131845
test,2017-580,1,504,23,0.0,0.2383674029091323
test,2017-580,1,504,24,1.0,0.35368681933032764
test,2017-580,1,504,25,0.0,0.05045131885595263
test,2017-580,1,504,26,0.0,0.20983711784566794
test,2017-580,1,504,27,0.0,0.46820368592614264
test,2017-580,1,504,28,1.0,0.23561215105618086
test,2017-580,1,504,29,0.0,0.07242063447652089
test,2017-580,1,504,30,0.0,0.7278045234191286
test,2017-580,1,504,31,0.0,0.5657077516324168
test,2017-580,1,504,32,1.0,0.48603952276517903
test,2017-580,1,504,33,1.0,0.8251999695371771
test,2017-580,1,504,34,0.0,0.27340148228079136
test,2017-580,1,504,35,1.0,0.9040567476511008
test,2017-580,1,504,36,1.0,0.5119363358433718
test,2017-580,1,504,37,1.0,0.5493214931286295
test,2017-580,1,504,38,0.0,0.0863978103361814
test,2017-580,1,504,39,1.0,0.8856020815011513
test,2017-580,1,504,40,0.0,0.31019791810582803
test,2017-580,1,504,41,0.0,0.5336566347081921
test,2017-580,1,504,42,0.0,0.29225432638326504
test,2017-580,1,504,43,0.0,0.6878858188850657
test,2017-580,1,504,44,1.0,0.7063922469169105
test,2017-580,1,504,45,0.0,0.7932540400075905
test,2017-580,1,504,46,1.0,0.7829742597553595
test,2017-580,1,504,47,0.0,0.09205940125525354
test,2017-580,1,504,48,1.0,0.7435532502195885
test,2017-580,1,504,49,0.0,0.8062920827634666
test,2017-580,1,504,50,0.0,0.3347947544040997
test,2017-580,1,504,51,1.0,0.5660845810253343
test,2017-580,1,504,52,0.0,0.189887488760305
test,2017-580,1,504,53,1.0,0.7968496306379121
test,2017-580,1,504,54,1.0,0.6584208627556152
test,2017-580,1,504,55,1.0,0.24728866051857373
test,2017-580,1,504,56,1.0,0.8245000383513994
test,2017-580,1,504,57,0.0,0.07434774917658553
test,2017-580,1,504,58,0.0,0.17001899932562342
test,2017-580,1,504,59,1.0,0.7881332922765639
test,2017-580,1,504,60,0.0,0.4272018114512067
test,2017-580,1,504,61,0.0,0.10343965324762054
test,2017-580,1,504,62,0.0,0.06809694075963693
test,2017-580,1,504,63,1.0,0.4145395301526388
test,2017-580,2,505,0,0.0,0.25343421109993636
test,2017-580,2,505,1,1.0,0.8662137173711373
test,2017-580,2,505,2,0.0,0.15533330674666707
test,2017-580,2,505,3,0.0,0.16067252817215041
test,2017-580,2,505,4,0.0,0.11134131700843994
test,2017-580,2,505,5,1.0,0.7773957434270772
test,2017-580,2,505,6,1.0,0.8322904119212442
test,2017-580,2,505,7,0.0,0.5789160277664237
test,2017-580,2,505,8,1.0,0.7833939311431256
test,2017-580,2,505,9,1.0,0.8512341693619361
test,2017-580,2,505,10,0.0,0.47360401811873876
test,2017-580,2,505,11,0.0,0.16551872947776733
test,2017-580,2,505,12,1.0,0.7800483504804441
test,2017-580,2,505,13,1.0,0.5650142188223889
test,2017-580,2,505,14,0.0,0.1849878369288758
test,2017-580,2,505,15,1.0,0.8236664898815179
test,2017-580,2,505,16,1.0,0.8385652630217796
test,2017-580,2,505,17,1.0,0.2978738763213027
test,2017-580,2,505,18,1.0,0.6603505945263991
test,2017-580,2,505,19,0.0,0.21699938402417554
test,2017-580,2,505,20,1.0,0.7885026348444656
test,2017-580,2,505,21,1.0,0.41436531219103073
test,2017-580,2,505,22,0.0,0.07268970301383093
test,2017-580,2,505,23,1.0,0.8121329420039273
test,2017-580,2,505,24,1.0,0.8512878318550423
test,2017-580,2,505,25,0.0,0.8147780040358685
test,2017-580,2,505,26,0.0,0.23827129243980522
test,2017-580,2,505,27,1.0,0.17424403161084093
test,2017-580,2,505,28,1.0,0.5192789671582537
test,2017-580,2,505,29,1.0,0.9491839867819578
test,2017-580,2,505,30,1.0,0.05709574041785487
test,2017-580,2,505,31,0.0,0.468873813886712
test,2017-580,3,506,0,0.0,0.33014758809321887
test,2017-580,3,506,1,0.0,0.1133129031785498
test,2017-580,3,506,2,0.0,0.5628748306382868
test,2017-580,3,506,3,1.0,0.546920790580691
test,2017-580,3,506,4,0.0,0.3117848162142372
test,2017-580,3,506,5,0.0,0.2972474970924282
test,2017-580,3,506,6,1.0,0.49771305047173503
test,2017-580,3,506,7,0.0,0.17072362953064718
test,2017-580,3,506,8,1.0,0.79487258718209
test,2017-580,3,506,9,0.0,0.7553128816863689
test,2017-580,3,506,10,0.0,0.3453090235404364
test,2017-580,3,506,11,1.0,0.6884627124387593
test,2017-580,3,506,12,0.0,0.1943728447617557
test,2017-580,3,506,13,1.0,0.8772526093850095
test,2017-580,3,506,14,0.0,0.330756116110025
test,2017-580,3,506,15,1.0,0.5190573559158329
test,2017-580,4,507,0,1.0,0.799990122587407
test,2017-580,4,507,1,1.0,0.6171716869287578
test,2017-580,4,507,2,0.0,0.3280951163319282
test,2017-580,4,507,3,1.0,0.5449883093630892
test,2017-580,4,507,4,0.0,0.18338075772395318
test,2017-580,4,507,5,1.0,0.8016277146583263
test,2017-580,4,507,6,1.0,0.6169651007868914
test,2017-580,4,507,7,1.0,0.09597549089193938
test,2017-580,5,508,0,1.0,0.5222902518208098
test,2017-580,5,508,1,0.0,0.49445436114097496
test,2017-580,5,508,2,1.0,0.5354641552435235
test,2017-580,5,508,3,0.0,0.13028565851349835
test,2017-580,6,509,0,0.0,0.35456847706603295
test,2017-580,6,509,1,0.0,0.37599831693733105
test,2017-580,7,510,0,0.0,0.40374900560386007
test,2017-M006,1,511,0,0.0,0.557821680578113
test,2017-M006,1,511,1,0.0,0.8360280499813121
test,2017-M006,1,511,2,0.0,0.5954045260342402
test,2017-M006,1,511,3,0.0,0.3425690575937573
test,2017-M006,1,511,4,0.0,0.3546589602361077
test,2017-M006,1,511,5,1.0,0.7765546951666135
test,2017-M006,1,511,6,0.0,0.7016743034492638
test,2017-M006,1,511,7,1.0,0.5106197404367298
test,2017-M006,1,511,8,0.0,0.822804320419236
test,2017-M006,1,511,9,0.0,0.17045492590100728
test,2017-M006,1,511,10,0.0,0.32051078678919653
test,2017-M006,1,511,11,0.0,0.5086386025184988
test,2017-M006,1,511,12,0.0,0.25568841653196106
test,2017-M006,1,511,13,0.0,0.23987572506987986
test,2017-M006,1,511,14,1.0,0.34028313795886084
test,2017-M006,1,511,15,1.0,0.4370508177798423
test,2017-M006,1,511,16,1.0,0.9172621587945369
test,2017-M006,1,511,17,1.0,0.63335551434356
test,2017-M006,1,511,18,0.0,0.7698160082375586
test,2017-M006,1,511,19,0.0,0.6362141159282375
test,2017-M006,1,511,20,0.0,0.1870742727929287
test,2017-M006,1,511,21,1.0,0.49136153726366066
test,2017-M006,1,511,22,0.0,0.22997137745284774
test,2017-M006,1,511,23,1.0,0.8366181751778166
test,2017-M006,1,511,24,0.0,0.48233232096019013
test,2017-M006,1,511,25,0.0,0.2358051345636082
test,2017-M006,1,511,26,1.0,0.25869103015772993
test,2017-M006,1,511,27,1.0,0.5224256194983363
test,2017-M006,1,511,28,1.0,0.4312910323097699
test,2017-M006,1,511,29,1.0,0.6365730241228967
test,2017-M006,1,511,30,1.0,0.613836314292887
test,2017-M006,1,511,31,1.0,0.4756814943033033
test,2017-M006,2,512,0,1.0,0.2999104512302571
test,2017-M006,2,512,1,1.0,0.15637443541148546
test,2017-M006,2,512,2,1.0,0.6959703671308907
test,2017-M006,2,512,3,0.0,0.28019447344087806
test,2017-M006,2,512,4,1.0,0.47158887956026296
test,2017-M006,2,512,5,0.0,0.40376223055346044
test,2017-M006,2,512,6,1.0,0.5266784942187773
test,2017-M006,2,512,7,1.0,0.2461685511834743
test,2017-M006,2,512,8,1.0,0.8116132219758625
test,2017-M006,2,512,9,0.0,0.5559807575527634
test,2017-M006,2,512,10,1.0,0.28929870613048
test,2017-M006,2,512,11,0.0,0.15620628365628653
test,2017-M006,2,512,12,1.0,0.8204897883827951
test,2017-M006,2,512,13,0.0,0.2272583040329367
test,2017-M006,2,512,14,1.0,0.7984364601723907
test,2017-M006,2,512,15,1.0,0.6085732813777474
test,2017-M006,2,512,16,0.0,0.5418452500062626
test,2017-M006,2,512,17,1.0,0.1864377158240642
test,2017-M006,2,512,18,1.0,0.7233746077505667
test,2017-M006,2,512,19,0.0,0.353417143452554
test,2017-M006,2,512,20,1.0,0.472257883040484
test,2017-M006,2,512,21,1.0,0.5090878979894472
test,2017-M006,2,512,22,1.0,0.7724129093170002
test,2017-M006,2,512,23,1.0,0.8467060181885405
test,2017-M006,2,512,24,0.0,0.34904882602817
test,2017-M006,2,512,25,0.0,0.62375293000025
test,2017-M006,2,512,26,0.0,0.12790117153245553
test,2017-M006,2,512,27,1.0,0.8275962646050259
test,2017-M006,2,512,28,0.0,0.22855924554580367
test,2017-M006,2,512,29,0.0,0.23027659258873112
test,2017-M006,2,512,30,1.0,0.8764128054110678
test,2017-M006,2,512,31,0.0,0.430332942008951
test,2017-M006,3,513,0,0.0,0.5597110603661539
test,2017-M006,3,513,1,0.0,0.14298120751119145
test,2017-M006,3,513,2,1.0,0.7997697853071963
test,2017-M006,3,513,3,1.0,0.7952524395506554
test,2017-M006,3,513,4,0.0,0.23981164256555693
test,2017-M006,3,513,5,0.0,0.3520494407256212
test,2017-M006,3,513,6,1.0,0.410999990895045
test,2017-M006,3,513,7,1.0,0.6630043554185026
test,2017-M006,3,513,8,0.0,0.4135427648324467
test,2017-M006,3,513,9,1.0,0.6772270218414301
test,2017-M006,3,513,10,1.0,0.4269808733374835
test,2017-M006,3,513,11,0.0,0.7353091311423609
test,2017-M006,3,513,12,1.0,0.7298611613257658
test,2017-M006,3,513,13,1.0,0.4377935235047401
test,2017-M006,3,513,14,1.0,0.7785787233310022
test,2017-M006,3,513,15,0.0,0.801151973179352
test,2017-M006,4,514,0,1.0,0.5233231191533718
test,2017-M006,4,514,1,0.0,0.739478012811631
test,2017-M006,4,514,2,0.0,0.18516691332042579
test,2017-M006,4,514,3,0.0,0.6738469061882216
test,2017-M006,4,514,4,0.0,0.21457336786766237
test,2017-M006,4,514,5,0.0,0.39333694618895876
test,2017-M006,4,514,6,1.0,0.2008183643028226
test,2017-M006,4,514,7,0.0,0.2958203278143018
test,2017-M006,5,515,0,0.0,0.49391336253479845
test,2017-M006,5,515,1,0.0,0.32909791097295654
test,2017-M006,5,515,2,1.0,0.3387117353019875
test,2017-M006,5,515,3,1.0,0.7318965703145408
test,2017-M006,6,516,0,0.0,0.2262670374807897
test,2017-M006,6,516,1,1.0,0.7175593816368985
test,2017-M006,7,517,0,0.0,0.40095292022178586
test,2017-M007,1,518,0,1.0,0.7122564863703063
test,2017-M007,1,518,1,0.0,0.6175031333351281
test,2017-M007,1,518,2,0.0,0.4769805248974175
test,2017-M007,1,518,3,1.0,0.7881288302405317
test,2017-M007,1,518,4,1.0,0.6892508273849547
test,2017-M007,1,518,5,0.0,0.517174531170806
test,2017-M007,1,518,6,1.0,0.8407155405291817
test,2017-M007,1,518,7,1.0,0.7212778121061203
test,2017-M007,1,518,8,0.0,0.1819515737049785
test,2017-M007,1,518,9,1.0,0.4968705895601368
test,2017-M007,1,518,10,0.0,0.2172777827644885
test,2017-M007,1,518,11,1.0,0.6778676127133704
test,2017-M007,1,518,12,1.0,0.44067395318254704
test,2017-M007,1,518,13,0.0,0.15808757598030845
test,2017-M007,1,518,14,1.0,0.7845811365861873
test,2017-M007,1,518,15,1.0,0.5583134104949921
test,2017-M007,1,518,16,0.0,0.23759597796622742
test,2017-M007,1,518,17,0.0,0.5508775873307918
test,2017-M007,1,518,18,0.0,0.4423706014348708
test,2017-M007,1,518,19,0.0,0.7445880179070006
test,2017-M007,1,518,20,1.0,0.6799911954317973
test,2017-M007,1,518,21,1.0,0.7623311589604976
test,2017-M007,1,518,22,0.0,0.3722847193006434
test,2017-M007,1,518,23,0.0,0.47600420821805256
test,2017-M007,1,518,24,0.0,0.4320797900077421
test,2017-M007,1,518,25,1.0,0.6024617410995731
test,2017-M007,1,518,26,1.0,0.46026098158020523
test,2017-M007,1,518,27,1.0,0.5930701493719448
test,2017-M007,1,518,28,0.0,0.23439386584946284
test,2017-M007,1,518,29,0.0,0.27770072308151084
test,2017-M007,1,518,30,1.0,0.48924749724233174
test,2017-M007,1,518,31,1.0,0.5859116927663046
test,2017-M007,2,519,0,1.0,0.8683790515854047
test,2017-M007,2,519,1,1.0,0.366314457250607
test,2017-M007,2,519,2,0.0,0.23106139686507404
test,2017-M007,2,519,3,0.0,0.1917335246887704
test,2017-M007,2,519,4,1.0,0.765315121649484
test,2017-M007,2,519,5,0.0,0.4624220220827412
test,2017-M007,2,519,6,0.0,0.8069876895749347
test,2017-M007,2,519,7,1.0,0.9252676111943008
test,2017-M007,2,519,8,1.0,0.6521731080159238
test,2017-M007,2,519,9,1.0,0.49147648621872536
test,2017-M007,2,519,10,1.0,0.7541581203826989
test,2017-M007,2,519,11,0.0,0.14106390739992528
test,2017-M007,2,519,12,0.0,0.605575696943921
test,2017-M007,2,519,13,1.0,0.6489087918930814
test,2017-M007,2,519,14,1.0,0.6065595798448931
test,2017-M007,2,519,15,0.0,0.7044338793629189
test,2017-M007,2,519,16,1.0,0.5994202254601133
test,2017-M007,2,519,17,0.0,0.12479020528127321
test,2017-M007,2,519,18,0.0,0.6164081865931954
test,2017-M007,2,519,19,0.0,0.8337556579869622
test,2017-M007,2,519,20,0.0,0.2483223017515813
test,2017-M007,2,519,21,0.0,0.5627161604004753
test,2017-M007,2,519,22,0.0,0.215207090004579
test,2017-M007,2,519,23,1.0,0.3098914065214056
test,2017-M007,2,519,24,1.0,0.576323206464509
test,2017-M007,2,519,25,1.0,0.48045706701761876
test,2017-M007,2,519,26,1.0,0.4509834524211997
test,2017-M007,2,519,27,1.0,0.3954533518684933
test,2017-M007,2,519,28,1.0,0.21200288264145392
test,2017-M007,2,519,29,1.0,0.40814366947306113
test,2017-M007,2,519,30,1.0,0.7133087367929583
test,2017-M007,2,519,31,1.0,0.7416685915685765
test,2017-M007,3,520,0,0.0,0.25104556928026284
test,2017-M007,3,520,1,0.0,0.8276307180388858
test,2017-M007,3,520,2,0.0,0.5259082566591444
test,2017-M007,3,520,3,0.0,0.4842263655538524
test,2017-M007,3,520,4,0.0,0.47290341365662086
test,2017-M007,3,520,5,0.0,0.22101232301966187
test,2017-M007,3,520,6,1.0,0.5713622388334914
test,2017-M007,3,520,7,0.0,0.16685300721144825
test,2017-M007,3,520,8,1.0,0.7905654976373433
test,2017-M007,3,520,9,0.0,0.19333635289905163
test,2017-M007,3,520,10,0.0,0.7074228703109202
test,2017-M007,3,520,11,1.0,0.6759998281581825
test,2017-M007,3,520,12,0.0,0.19999720982068556
test,2017-M007,3,520,13,1.0,0.8591275536379501
test,2017-M007,3,520,14,1.0,0.7083459510641655
test,2017-M007,3,520,15,1.0,0.4936335974409947
test,2017-M007,4,521,0,1.0,0.8470786816013359
test,2017-M007,4,521,1,1.0,0.2057472879833429
test,2017-M007,4,521,2,0.0,0.5583194062639605
test,2017-M007,4,521,3,0.0,0.21433220529861083
test,2017-M007,4,521,4,1.0,0.7723803093780541
test,2017-M007,4,521,5,0.0,0.24295804619029984
test,2017-M007,4,521,6,1.0,0.5248132599402523
test,2017-M007,4,521,7,1.0,0.8240740125954483
test,2017-M007,5,522,0,0.0,0.32407571759416515
test,2017-M007,5,522,1,0.0,0.2745661167249303
test,2017-M007,5,522,2,1.0,0.7117117184809607
test,2017-M007,5,522,3,1.0,0.22418487901296463
test,2017-M007,6,523,0,0.0,0.21285723681029373
test,2017-M007,6,523,1,0.0,0.19469187781109554
test,2017-M007,7,524,0,1.0,0.6168755060475043
test,2017-M009,2,537,0,0.0,0.26877314836723265
test,2017-M009,2,537,1,0.0,0.6901818566229311
test,2017-M009,2,537,2,0.0,0.7497001396527952
test,2017-M009,2,537,3,1.0,0.39589136819714055
test,2017-M009,2,537,4,1.0,0.6390587305895186
test,2017-M009,2,537,5,1.0,0.5209072475283089
test,2017-M009,2,537,6,0.0,0.3213034581956272
test,2017-M009,2,537,7,1.0,0.6401574975959186
test,2017-M009,2,537,8,1.0,0.32301338174948513
test,2017-M009,2,537,9,0.0,0.5945228397384877
test,2017-M009,2,537,10,1.0,0.6993206549379425
test,2017-M009,2,537,11,1.0,0.4181743904383838
test,2017-M009,2,537,12,0.0,0.263073527450389
test,2017-M009,2,537,13,1.0,0.8044122994825631
test,2017-M009,2,537,14,0.0,0.1443257310060551
test,2017-M009,2,537,15,0.0,0.3094493017015996
test,2017-M009,2,537,16,0.0,0.3619104449289252
test,2017-M009,2,537,17,1.0,0.8191008449083358
test,2017-M009,2,537,18,1.0,0.39579206170373893
test,2017-M009,2,537,19,0.0,0.3580839225992168
test,2017-M009,2,537,20,0.0,0.3961332946370106
test,2017-M009,2,537,21,0.0,0.3108785763297799
test,2017-M009,2,537,22,1.0,0.6179416152151077
test,2017-M009,2,537,23,1.0,0.8688323457406383
test,2017-M009,3,538,0,1.0,0.16870555711040836
test,2017-M009,3,538,1,1.0,0.7011819610764944
test,2017-M009,3,538,2,1.0,0.8391971955722328
test,2017-M009,3,538,3,0.0,0.1774492418775507
test,2017-M009,3,538,4,1.0,0.5509255610976185
test,2017-M009,3,538,5,0.0,0.19233576926849583
test,2017-M009,3,538,6,0.0,0.26624339972667443
test,2017-M009,3,538,7,1.0,0.7929343056935073
test,2017-M009,3,538,8,0.0,0.416132176599575
test,2017-M009,3,538,9,0.0,0.25519390052538266
test,2017-M009,3,538,10,1.0,0.6799617827973367
test,2017-M009,3,538,11,1.0,0.8944440584385137
test,2017-M009,3,538,12,0.0,0.3645008155391622
test,2017-M009,3,538,13,0.0,0.5065182518275384
test,2017-M009,3,538,14,0.0,0.3180750020577795
test,2017-M009,3,538,15,0.0,0.07029112461964118
test,2017-M009,4,539,0,1.0,0.8408978880794346
test,2017-M009,4,539,1,0.0,0.7886657519356521
test,2017-M009,4,539,2,0.0,0.2721388741305636
test,2017-M009,4,539,3,0.0,0.636590563719751
test,2017-M009,4,539,4,0.0,0.6312580079384006
test,2017-M009,4,539,5,0.0,0.563188887639233
test,2017-M009,4,539,6,0.0,0.4128958584844217
test,2017-M009,4,539,7,1.0,0.8400625226907481
test,2017-M009,5,540,0,0.0,0.11815740970216547
test,2017-M009,5,540,1,1.0,0.1943580342294503
test,2017-M009,5,540,2,0.0,0.4955378184472831
test,2017-M009,5,540,3,0.0,0.6172896269718484
test,2017-M009,6,541,0,0.0,0.17363410258571313
test,2017-M009,6,541,1,1.0,0.4946743436672912
test,2017-M009,7,542,0,0.0,0.8404760075465079
test,2017-M021,2,531,0,0.0,0.302806368617123
test,2017-M021,2,531,1,1.0,0.807036178997996
test,2017-M021,2,531,2,0.0,0.6159312288572144
test,2017-M021,2,531,3,1.0,0.7810053842106022
test,2017-M021,2,531,4,1.0,0.8066301887720198
test,2017-M021,2,531,5,0.0,0.6459498865135951
test,2017-M021,2,531,6,0.0,0.4475800783406193
test,2017-M021,2,531,7,0.0,0.7455508906112331
test,2017-M021,2,531,8,1.0,0.7635298393165042
test,2017-M021,2,531,9,1.0,0.8254396256778621
test,2017-M021,2,531,10,0.0,0.7742727849464914
test,2017-M021,2,531,11,0.0,0.49670561218265424
test,2017-M021,2,531,12,1.0,0.5336020291600378
test,2017-M021,2,531,13,0.0,0.550500602346668
test,2017-M021,2,531,14,0.0,0.16093437444368702
test,2017-M021,2,531,15,0.0,0.7997339770028866
test,2017-M021,2,531,16,1.0,0.5907708954693799
test,2017-M021,2,531,17,0.0,0.7546751705232337
test,2017-M021,2,531,18,1.0,0.28202720845673956
test,2017-M021,2,531,19,0.0,0.7120091491852292
test,2017-M021,2,531,20,1.0,0.4284119336439218
test,2017-M021,2,531,21,1.0,0.6944232914461599
test,2017-M021,2,531,22,1.0,0.2750844686607789
test,2017-M021,2,531,23,0.0,0.3729806618703656
test,2017-M021,3,532,0,0.0,0.07112747098055006
test,2017-M021,3,532,1,0.0,0.3544156805653271
test,2017-M021,3,532,2,0.0,0.32656621403545005
test,2017-M021,3,532,3,0.0,0.26142104863233373
test,2017-M021,3,532,4,0.0,0.7815751727050314
test,2017-M021,3,532,5,1.0,0.8619901016274927
test,2017-M021,3,532,6,0.0,0.17863375464901618
test,2017-M021,3,532,7,1.0,0.40186326722352533
test,2017-M021,3,532,8,1.0,0.7927517893810423
test,2017-M021,3,532,9,1.0,0.6886510031422142
test,2017-M021,3,532,10,1.0,0.8185322646871545
test,2017-M021,3,532,11,0.0,0.15144543226868296
test,2017-M021,3,532,12,0.0,0.5590804543943453
test,2017-M021,3,532,13,1.0,0.3568001626001704
test,2017-M021,3,532,14,0.0,0.08395358694622877
test,2017-M021,3,532,15,1.0,0.7683105555741349
test,2017-M021,4,533,0,1.0,0.8775008957162332
test,2017-M021,4,533,1,1.0,0.6088120050312659
test,2017-M021,4,533,2,1.0,0.5038795672470151
test,2017-M021,4,533,3,1.0,0.28842741032717134
test,2017-M021,4,533,4,1.0,0.6160478507531915
test,2017-M021,4,533,5,1.0,0.4944055647735927
test,2017-M021,4,533,6,1.0,0.13483460398896824
test,2017-M021,4,533,7,0.0,0.21352329069023784
test,2017-M021,5,534,0,1.0,0.6466053075787404
test,2017-M021,5,534,1,1.0,0.7934554173160762
test,2017-M021,5,534,2,0.0,0.2691966636593562
test,2017-M021,5,534,3,1.0,0.45686954674010305
test,2017-M021,6,535,0,0.0,0.6070833169009658
test,2017-M021,6,535,1,1.0,0.5854160749314047
test,2017-M021,7,536,0,0.0,0.19225646766009244
test,2017-M024,2,563,0,1.0,0.3842764479998455
test,2017-M024,2,563,1,0.0,0.5052310357166152
test,2017-M024,2,563,2,0.0,0.7583766158100553
test,2017-M024,2,563,3,1.0,0.1524861820558599
test,2017-M024,2,563,4,0.0,0.29795806538059283
test,2017-M024,2,563,5,1.0,0.7327046580106232
test,2017-M024,2,563,6,0.0,0.8558872902383363
test,2017-M024,2,563,7,0.0,0.26626779031994735
test,2017-M024,2,563,8,1.0,0.25698860907164367
test,2017-M024,2,563,9,0.0,0.499975072506479
test,2017-M024,2,563,10,0.0,0.7486861081230664
test,2017-M024,2,563,11,1.0,0.6449012762050594
test,2017-M024,2,563,12,0.0,0.8193009991845376
test,2017-M024,2,563,13,0.0,0.3746549077925302
test,2017-M024,2,563,14,1.0,0.38930501297142944
test,2017-M024,2,563,15,0.0,0.09977514668805698
test,2017-M024,2,563,16,0.0,0.44193107426152756
test,2017-M024,2,563,17,0.0,0.4137180946754829
test,2017-M024,2,563,18,0.0,0.5415817113573108
test,2017-M024,2,563,19,0.0,0.4039946249918399
test,2017-M024,2,563,20,0.0,0.16117754285707528
test,2017-M024,2,563,21,0.0,0.3967842404153455
test,2017-M024,2,563,22,1.0,0.9026891712186397
test,2017-M024,2,563,23,1.0,0.28533020194649233
test,2017-M024,3,564,0,0.0,0.21915153807632817
test,2017-M024,3,564,1,0.0,0.484122597934553
test,2017-M024,3,564,2,1.0,0.7362162060896434
test,2017-M024,3,564,3,0.0,0.7107071074178728
test,2017-M024,3,564,4,0.0,0.25395400606357504
test,2017-M024,3,564,5,0.0,0.4988188272088917
test,2017-M024,3,564,6,1.0,0.6001249443589811
test,2017-M024,3,564,7,0.0,0.16639741033164684
test,2017-M024,3,564,8,1.0,0.8169754568187817
test,2017-M024,3,564,9,1.0,0.6417073411712177
test,2017-M024,3,564,10,0.0,0.1612610912556934
test,2017-M024,3,564,11,0.0,0.8298680399183501
test,2017-M024,3,564,12,1.0,0.37779140942770834
test,2017-M024,3,564,13,0.0,0.4866882800068945
test,2017-M024,3,564,14,0.0,0.3634545799126848
test,2017-M024,3,564,15,1.0,0.8068333521785852
test,2017-M024,4,565,0,1.0,0.39822975293194646
test,2017-M024,4,565,1,0.0,0.3113038424812512
test,2017-M024,4,565,2,0.0,0.32836663044532083
test,2017-M024,4,565,3,1.0,0.6138766092970169
test,2017-M024,4,565,4,0.0,0.3392853529118184
test,2017-M024,4,565,5,0.0,0.2921519807973309
test,2017-M024,4,565,6,0.0,0.15451363664697917
test,2017-M024,4,565,7,0.0,0.19060875634544042
test,2017-M024,5,566,0,1.0,0.7935448219838449
test,2017-M024,5,566,1,1.0,0.723053825448491
test,2017-M024,5,566,2,1.0,0.41419001492488894
test,2017-M024,5,566,3,0.0,0.7374059021820943
test,2017-M024,6,567,0,0.0,0.49694203513655966
test,2017-M024,6,567,1,0.0,0.3986016959707033
test,2017-M024,7,568,0,1.0,0.489162409416239
test,2018-0352,2,666,0,0.0,0.2832129779102531
test,2018-0352,2,666,1,0.0,0.6174207278467583
test,2018-0352,2,666,2,0.0,0.24237378295670364
test,2018-0352,2,666,3,0.0,0.471370817459715
test,2018-0352,2,666,4,0.0,0.33766200773618477
test,2018-0352,2,666,5,0.0,0.5049576112926533
test,2018-0352,2,666,6,0.0,0.5251816079618835
test,2018-0352,2,666,7,0.0,0.504839299104951
test,2018-0352,2,666,8,0.0,0.2632173045496276
test,2018-0352,2,666,9,0.0,0.39960331951627726
test,2018-0352,2,666,10,1.0,0.55854106919474
test,2018-0352,2,666,11,0.0,0.3716981758474922
test,2018-0352,2,666,12,0.0,0.7227800705171047
test,2018-0352,2,666,13,1.0,0.5315778443724439
test,2018-0352,2,666,14,0.0,0.4256742500222277
test,2018-0352,2,666,15,1.0,0.5233858948794297
test,2018-0352,3,667,0,1.0,0.4990969483466152
test,2018-0352,3,667,1,0.0,0.7417505001759521
test,2018-0352,3,667,2,1.0,0.7311943138664034
test,2018-0352,3,667,3,1.0,0.6675168643421187
test,2018-0352,3,667,4,1.0,0.8847099784371621
test,2018-0352,3,667,5,0.0,0.3745745712606227
test,2018-0352,3,667,6,1.0,0.785737146329654
test,2018-0352,3,667,7,0.0,0.23377872826371351
test,2018-0352,3,667,8,0.0,0.30429290831809164
test,2018-0352,3,667,9,0.0,0.35638434379656253
test,2018-0352,3,667,10,0.0,0.22895749934082438
test,2018-0352,3,667,11,0.0,0.2656263151023034
test,2018-0352,3,667,12,1.0,0.7473188044208074
test,2018-0352,3,667,13,0.0,0.41696999814868213
test,2018-0352,3,667,14,0.0,0.5939912118220769
test,2018-0352,3,667,15,1.0,0.767337450307428
test,2018-0352,4,668,0,1.0,0.7130988624804664
test,2018-0352,4,668,1,0.0,0.09992320593710051
test,2018-0352,4,668,2,1.0,0.6429244974563779
test,2018-0352,4,668,3,0.0,0.18143210757690245
test,2018-0352,4,668,4,1.0,0.5249687675293632
test,2018-0352,4,668,5,0.0,0.6329929795600271
test,2018-0352,4,668,6,1.0,0.7463742979373785
test,2018-0352,4,668,7,0.0,0.4485302082784559
test,2018-0352,5,669,0,1.0,0.7466896743396174
test,2018-0352,5,669,1,1.0,0.7025553175953931
test,2018-0352,5,669,2,1.0,0.3030700961332006
test,2018-0352,5,669,3,1.0,0.6294292053818796
test,2018-0352,6,670,0,0.0,0.3875767894333332
test,2018-0352,6,670,1,0.0,0.6074901965137993
test,2018-0352,7,671,0,1.0,0.16110388928374575
test,2018-0410,2,609,0,0.0,0.5220780370957231
test,2018-0410,2,609,1,1.0,0.21717874915080865
test,2018-0410,2,609,2,1.0,0.9024759820910357
test,2018-0410,2,609,3,0.0,0.45425903209743557
test,2018-0410,2,609,4,0.0,0.49100280444931027
test,2018-0410,2,609,5,1.0,0.6587420783650823
test,2018-0410,2,609,6,0.0,0.40312674620207634
test,2018-0410,2,609,7,1.0,0.9060592733541587
test,2018-0410,2,609,8,1.0,0.7734362264549065
test,2018-0410,2,609,9,0.0,0.34959646992534793
test,2018-0410,2,609,10,1.0,0.6609718608118719
test,2018-0410,2,609,11,1.0,0.32581489364886296
test,2018-0410,2,609,12,0.0,0.6643171364682139
test,2018-0410,2,609,13,1.0,0.8339811599852033
test,2018-0410,2,609,14,1.0,0.5373364166552775
test,2018-0410,2,609,15,0.0,0.23202634901924213
test,2018-0410,2,609,16,0.0,0.36137100794122823
test,2018-0410,2,609,17,0.0,0.09179927070327867
test,2018-0410,2,609,18,0.0,0.35071867401525403
test,2018-0410,2,609,19,1.0,0.745066766971838
test,2018-0410,2,609,20,1.0,0.36998285388593466
test,2018-0410,2,609,21,0.0,0.4650326287245871
test,2018-0410,2,609,22,1.0,0.7364998621025259
test,2018-0410,2,609,23,1.0,0.6830399914493644
test,2018-0410,3,610,0,0.0,0.09722138460257708
test,2018-0410,3,610,1,0.0,0.6310990775745227
test,2018-0410,3,610,2,0.0,0.15099397286096083
test,2018-0410,3,610,3,1.0,0.8232650071762637
test,2018-0410,3,610,4,1.0,0.29954999359352075
test,2018-0410,3,610,5,1.0,0.37058534767346923
test,2018-0410,3,610,6,0.0,0.3603222022349164
test,2018-0410,3,610,7,1.0,0.8126840094878853
test,2018-0410,3,610,8,1.0,0.6248726224832452
test,2018-0410,3,610,9,1.0,0.7150912909586293
test,2018-0410,3,610,10,0.0,0.23364740088011562
test,2018-0410,3,610,11,0.0,0.5318465028826027
test,2018-0410,3,610,12,1.0,0.31402052073536657
test,2018-0410,3,610,13,1.0,0.8519320413757756
test,2018-0410,3,610,14,1.0,0.8485068525858974
test,2018-0410,3,610,15,1.0,0.6710208463682495
test,2018-0410,4,611,0,0.0,0.481516545243536
test,2018-0410,4,611,1,1.0,0.8005139028942126
test,2018-0410,4,611,2,0.0,0.22669885542622678
test,2018-0410,4,611,3,0.0,0.45570690556817983
test,2018-0410,4,611,4,0.0,0.34423807445477433
test,2018-0410,4,611,5,0.0,0.774341246435022
test,2018-0410,4,611,6,1.0,0.875025146928773
test,2018-0410,4,611,7,1.0,0.7726523916018543
test,2018-0410,5,612,0,1.0,0.5375146974807078
test,2018-0410,5,612,1,0.0,0.44732679236714723
test,2018-0410,5,612,2,1.0,0.4087660640348033
test,2018-0410,5,612,3,1.0,0.7763282554349471
test,2018-0410,6,613,0,1.0,0.548521528972986
test,2018-0410,6,613,1,1.0,0.8210707224917788
test,2018-0410,7,614,0,0.0,0.23332875590058016
test,2018-0421,2,641,0,0.0,0.3897162072325032
test,2018-0421,2,641,1,0.0,0.786142486610264
test,2018-0421,2,641,2,1.0,0.23470336237240413
test,2018-0421,2,641,3,0.0,0.041441761197883085
test,2018-0421,2,641,4,1.0,0.4559718473989405
test,2018-0421,2,641,5,0.0,0.5964957129841083
test,2018-0421,2,641,6,0.0,0.5829832431779305
test,2018-0421,2,641,7,1.0,0.16447860728562222
test,2018-0421,2,641,8,1.0,0.6511589487299577
test,2018-0421,2,641,9,0.0,0.4048745895859568
test,2018-0421,2,641,10,0.0,0.33707955554860203
test,2018-0421,2,641,11,0.0,0.2681525139217461
test,2018-0421,2,641,12,0.0,0.607869138277094
test,2018-0421,2,641,13,0.0,0.8731957648782659
test,2018-0421,2,641,14,1.0,0.7647595806489438
test,2018-0421,2,641,15,0.0,0.44635006579161346
test,2018-0421,2,641,16,1.0,0.4983887225737877
test,2018-0421,2,641,17,1.0,0.33334356218235534
test,2018-0421,2,641,18,1.0,0.47014350252241505
test,2018-0421,2,641,19,0.0,0.38118388133533304
test,2018-0421,2,641,20,0.0,0.2982432556266728
test,2018-0421,2,641,21,1.0,0.22383218060459875
test,2018-0421,2,641,22,1.0,0.5157084111048241
test,2018-0421,2,641,23,1.0,0.5256368668039237
test,2018-0421,3,642,0,0.0,0.13893577208442368
test,2018-0421,3,642,1,0.0,0.20582451943530586
test,2018-0421,3,642,2,1.0,0.4593148551197778
test,2018-0421,3,642,3,1.0,0.6943722424869905
test,2018-0421,3,642,4,0.0,0.4377611967013124
test,2018-0421,3,642,5,1.0,0.6588000795123496
test,2018-0421,3,642,6,0.0,0.6473635332172247
test,2018-0421,3,642,7,1.0,0.7806384891961617
test,2018-0421,3,642,8,1.0,0.21340380310365484
test,2018-0421,3,642,9,1.0,0.42121393315551864
test,2018-0421,3,642,10,0.0,0.7536210902580032
test,2018-0421,3,642,11,1.0,0.8112334330655032
test,2018-0421,3,642,12,1.0,0.9247650578141627
test,2018-0421,3,642,13,0.0,0.7875937395611544
test,2018-0421,3,642,14,0.0,0.13450686396505834
test,2018-0421,3,642,15,1.0,0.5494578104359186
test,2018-0421,4,643,0,1.0,0.8173267363147447
test,2018-0421,4,643,1,0.0,0.8882860011019246
test,2018-0421,4,643,2,1.0,0.7634037457648373
test,2018-0421,4,643,3,0.0,0.7310928372037692
test,2018-0421,4,643,4,1.0,0.3950537528084597
test,2018-0421,4,643,5,1.0,0.6871557864841559
test,2018-0421,4,643,6,1.0,0.8030029692792982
test,2018-0421,4,643,7,0.0,0.16414545382648316
test,2018-0421,5,644,0,1.0,0.21269845296243148
test,2018-0421,5,644,1,1.0,0.5110584083600712
test,2018-0421,5,644,2,1.0,0.5503165498081438
test,2018-0421,5,644,3,0.0,0.26297803734939484
test,2018-0421,6,645,0,1.0,0.8537525287894021
test,2018-0421,6,645,1,0.0,0.7579029960574741
test,2018-0421,7,646,0,0.0,0.12108533382707638
test,2018-5014,2,660,0,1.0,0.4328219579870278
test,2018-5014,2,660,1,0.0,0.3478004747821972
test,2018-5014,2,660,2,1.0,0.8121272720064577
test,2018-5014,2,660,3,0.0,0.7571104364270466
test,2018-5014,2,660,4,0.0,0.7146831797093195
test,2018-5014,2,660,5,0.0,0.36629449277823883
test,2018-5014,2,660,6,1.0,0.40568262293153295
test,2018-5014,2,660,7,0.0,0.6745560180768294
test,2018-5014,2,660,8,0.0,0.648671580005605
test,2018-5014,2,660,9,1.0,0.6708861588454458
test,2018-5014,2,660,10,1.0,0.41420339706874443
test,2018-5014,2,660,11,0.0,0.6992475133734342
test,2018-5014,2,660,12,1.0,0.48975499139411877
test,2018-5014,2,660,13,0.0,0.7574335859674548
test,2018-5014,2,660,14,0.0,0.6738954442433396
test,2018-5014,2,660,15,1.0,0.16966249205344747
test,2018-5014,2,660,16,0.0,0.5668539856622555
test,2018-5014,2,660,17,1.0,0.8581054473964922
test,2018-5014,2,660,18,0.0,0.8592291934845536
test,2018-5014,2,660,19,0.0,0.5092949052580611
test,2018-5014,2,660,20,1.0,0.39487405578445994
test,2018-5014,2,660,21,0.0,0.48670760862249673
test,2018-5014,2,660,22,0.0,0.38436298329096874
test,2018-5014,2,660,23,0.0,0.28367567538622157
test,2018-5014,3,661,0,1.0,0.8393814184130144
test,2018-5014,3,661,1,0.0,0.2336889749167117
test,2018-5014,3,661,2,0.0,0.29451257284335064
test,2018-5014,3,661,3,1.0,0.8300086221571787
test,2018-5014,3,661,4,0.0,0.2129294644864104
test,2018-5014,3,661,5,1.0,0.67930793968029
test,2018-5014,3,661,6,0.0,0.5883721943608154
test,2018-5014,3,661,7,1.0,0.19383736940030113
test,2018-5014,3,661,8,0.0,0.3750291211846231
test,2018-5014,3,661,9,1.0,0.15608892706678876
test,2018-5014,3,661,10,1.0,0.32528663567560434
test,2018-5014,3,661,11,0.0,0.23060771508110017
test,2018-5014,3,661,12,0.0,0.2487952902008298
test,2018-5014,3,661,13,0.0,0.6548506250694894
test,2018-5014,3,661,14,0.0,0.7341240713646894
test,2018-5014,3,661,15,1.0,0.8190349603955102
test,2018-5014,4,662,0,0.0,0.2786685203632923
test,2018-5014,4,662,1,1.0,0.8724508906229023
test,2018-5014,4,662,2,1.0,0.7953837685921867
test,2018-5014,4,662,3,0.0,0.25685891021671997
test,2018-5014,4,662,4,0.0,0.6626670524209723
test,2018-5014,4,662,5,1.0,0.6110698986859519
test,2018-5014,4,662,6,1.0,0.7652441044567587
test,2018-5014,4,662,7,0.0,0.5266006668517866
test,2018-5014,5,663,0,1.0,0.7080075042103497
test,2018-5014,5,663,1,1.0,0.690581306867903
test,2018-5014,5,663,2,1.0,0.74664390087425
test,2018-5014,5,663,3,1.0,0.6808012843702664
test,2018-5014,6,664,0,1.0,0.6733454379825223
test,2018-5014,6,664,1,0.0,0.736100694567819
test,2018-5014,7,665,0,1.0,0.759975081375566
test,2018-520,1,627,0,0.0,0.2436819594519034
test,2018-520,1,627,1,0.0,0.4925397850507714
test,2018-520,1,627,2,0.0,0.2774711758003892
test,2018-520,1,627,3,1.0,0.2812018938487011
test,2018-520,1,627,4,1.0,0.780498561895799
test,2018-520,1,627,5,0.0,0.3969704026879997
test,2018-520,1,627,6,0.0,0.10539474773299906
test,2018-520,1,627,7,0.0,0.10851069701066743
test,2018-520,1,627,8,0.0,0.51978782216181
test,2018-520,1,627,9,0.0,0.7314299731161639
test,2018-520,1,627,10,0.0,0.12769588471877297
test,2018-520,1,627,11,0.0,0.4638176861987493
test,2018-520,1,627,12,0.0,0.674749315855525
test,2018-520,1,627,13,0.0,0.08068466064631064
test,2018-520,1,627,14,1.0,0.779086199664672
test,2018-520,1,627,15,1.0,0.2932187524441559
test,2018-520,1,627,16,1.0,0.7030581356735363
test,2018-520,1,627,17,0.0,0.7624113165007473
test,2018-520,1,627,18,0.0,0.4131091880590675
test,2018-520,1,627,19,1.0,0.5186883550422717
test,2018-520,1,627,20,0.0,0.41594127895545596
test,2018-520,1,627,21,1.0,0.9177385863315021
test,2018-520,1,627,22,1.0,0.1349986976228102
test,2018-520,1,627,23,0.0,0.604932516848278
test,2018-520,1,627,24,1.0,0.2605906647302846
test,2018-520,1,627,25,1.0,0.7703390510480448
test,2018-520,1,627,26,1.0,0.48801498864430837
test,2018-520,1,627,27,1.0,0.302052948551337
test,2018-520,1,627,28,0.0,0.04346422208752467
test,2018-520,1,627,29,0.0,0.06227326627758618
test,2018-520,1,627,30,0.0,0.32233774848910907
test,2018-520,1,627,31,0.0,0.6962460130752499
test,2018-520,1,627,32,1.0,0.7310368784771956
test,2018-520,1,627,33,0.0,0.22860671567751153
test,2018-520,1,627,34,1.0,0.7366813270787428
test,2018-520,1,627,35,1.0,0.7140785259220699
test,2018-520,1,627,36,0.0,0.19972983943976877
test,2018-520,1,627,37,1.0,0.8386818451457938
test,2018-520,1,627,38,1.0,0.2093827108374254
test,2018-520,1,627,39,1.0,0.7435205436209693
test,2018-520,1,627,40,0.0,0.2516963430251843
test,2018-520,1,627,41,1.0,0.6761839171944273
test,2018-520,1,627,42,1.0,0.8823007915985985
test,2018-520,1,627,43,0.0,0.07518399093175379
test,2018-520,1,627,44,1.0,0.35159134763336625
test,2018-520,1,627,45,0.0,0.31355211491856594
test,2018-520,1,627,46,1.0,0.7667498522668625
test,2018-520,1,627,47,0.0,0.05377656466064548
test,2018-520,1,627,48,0.0,0.10630753837673396
test,2018-520,1,627,49,0.0,0.7833715325643267
test,2018-520,1,627,50,0.0,0.7544194313903884
test,2018-520,1,627,51,1.0,0.7615065301907542
test,2018-520,1,627,52,0.0,0.8327978481448451
test,2018-520,1,627,53,0.0,0.11511699013054041
test,2018-520,1,627,54,0.0,0.6933565114236413
test,2018-520,1,627,55,0.0,0.38454965093052995
test,2018-520,1,627,56,0.0,0.4616788954136269
test,2018-520,1,627,57,0.0,0.24175110495690924
test,2018-520,1,627,58,1.0,0.8032771551357225
test,2018-520,1,627,59,0.0,0.669568829107245
test,2018-520,1,627,60,0.0,0.8995849729874728
test,2018-520,1,627,61,0.0,0.05207000355975538
test,2018-520,1,627,62,1.0,0.8002792987217633
test,2018-520,1,627,63,0.0,0.09148714339806889
test,2018-520,2,628,0,0.0,0.18009937188826816
test,2018-520,2,628,1,0.0,0.2360536953300124
test,2018-520,2,628,2,1.0,0.8369431292804905
test,2018-520,2,628,3,1.0,0.9440476991323483
test,2018-520,2,628,4,1.0,0.7567172374226243
test,2018-520,2,628,5,1.0,0.6176873322793773
test,2018-520,2,628,6,0.0,0.6489453045529471
test,2018-520,2,628,7,1.0,0.7525029768572814
test,2018-520,2,628,8,0.0,0.5156102947448986
test,2018-520,2,628,9,1.0,0.8329731245628424
test,2018-520,2,628,10,1.0,0.578618700609012
test,2018-520,2,628,11,0.0,0.15442677312030126
test,2018-520,2,628,12,1.0,0.8073697398670854
test,2018-520,2,628,13,1.0,0.8253273465728206
test,2018-520,2,628,14,1.0,0.8161287633206248
test,2018-520,2,628,15,0.0,0.16201180050504932
test,2018-520,2,628,16,0.0,0.5465699317813834
test,2018-520,2,628,17,1.0,0.8041929602052539
test,2018-520,2,628,18,0.0,0.2161100393909978
test,2018-520,2,628,19,1.0,0.826379075966781
test,2018-520,2,628,20,0.0,0.5285156310995897
test,2018-520,2,628,21,1.0,0.8721980296901013
test,2018-520,2,628,22,0.0,0.4501522246051408
test,2018-520,2,628,23,0.0,0.4596966172115744
test,2018-520,2,628,24,1.0,0.8243232173456704
test,2018-520,2,628,25,1.0,0.7103410255054577
test,2018-520,2,628,26,1.0,0.4017552365840762
test,2018-520,2,628,27,1.0,0.29248586721651854
test,2018-520,2,628,28,1.0,0.85175151065325
test,2018-520,2,628,29,1.0,0.8371287215700425
test,2018-520,2,628,30,0.0,0.1850759243533339
test,2018-520,2,628,31,1.0,0.9350148979972397
test,2018-520,3,629,0,0.0,0.2352351648648882
test,2018-520,3,629,1,1.0,0.6407200934242163
test,2018-520,3,629,2,0.0,0.15741227383731254
test,2018-520,3,629,3,1.0,0.42461373407127784
test,2018-520,3,629,4,0.0,0.14386256373208642
test,2018-520,3,629,5,1.0,0.3637507041000367
test,2018-520,3,629,6,1.0,0.8253887058818113
test,2018-520,3,629,7,0.0,0.7644352552443333
test,2018-520,3,629,8,0.0,0.3613245994740664
test,2018-520,3,629,9,0.0,0.38508988128765326
test,2018-520,3,629,10,1.0,0.7617489866245153
test,2018-520,3,629,11,1.0,0.5098687821518761
test,2018-520,3,629,12,0.0,0.21434382130394444
test,2018-520,3,629,13,0.0,0.2676144230743166
test,2018-520,3,629,14,0.0,0.4907792187102136
test,2018-520,3,629,15,1.0,0.8499677985050628
test,2018-520,4,630,0,1.0,0.8167408988046952
test,2018-520,4,630,1,0.0,0.5152423123304248
test,2018-520,4,630,2,0.0,0.15171229710174333
test,2018-520,4,630,3,1.0,0.19250580727675237
test,2018-520,4,630,4,0.0,0.4861105331406607
test,2018-520,4,630,5,0.0,0.3103202661995549
test,2018-520,4,630,6,1.0,0.4882353403496372
test,2018-520,4,630,7,1.0,0.9104861621641643
test,2018-520,5,631,0,0.0,0.6118136306318075
test,2018-520,5,631,1,1.0,0.10331350675275044
test,2018-520,5,631,2,0.0,0.5760321429775952
test,2018-520,5,631,3,0.0,0.13118193241825607
test,2018-520,6,632,0,1.0,0.8106630492156645
test,2018-520,6,632,1,0.0,0.16781356595280414
test,2018-520,7,633,0,1.0,0.8010779702499933
test,2018-540,1,634,0,1.0,0.6734326926241496
test,2018-540,1,634,1,0.0,0.36139057025827437
test,2018-540,1,634,2,0.0,0.3376001354169109
test,2018-540,1,634,3,1.0,0.4404869760588653
test,2018-540,1,634,4,0.0,0.270694875763235
test,2018-540,1,634,5,0.0,0.723790870285507
test,2018-540,1,634,6,0.0,0.1196216602811137
test,2018-540,1,634,7,0.0,0.10218681037595355
test,2018-540,1,634,8,1.0,0.6676557501274221
test,2018-540,1,634,9,1.0,0.2959514152885913
test,2018-540,1,634,10,0.0,0.21676610149526374
test,2018-540,1,634,11,1.0,0.27712981293333583
test,2018-540,1,634,12,0.0,0.49234484712011883
test,2018-540,1,634,13,1.0,0.6633786982885885
test,2018-540,1,634,14,1.0,0.887605714949089
test,2018-540,1,634,15,1.0,0.8761868023073492
test,2018-540,1,634,16,1.0,0.8022858741037596
test,2018-540,1,634,17,1.0,0.8118120675941086
test,2018-540,1,634,18,0.0,0.3908911284492223
test,2018-540,1,634,19,0.0,0.10143373540541005
test,2018-540,1,634,20,1.0,0.756331646688324
test,2018-540,1,634,21,1.0,0.46225521239454614
test,2018-540,1,634,22,0.0,0.15074469419957615
test,2018-540,1,634,23,1.0,0.40410207289151767
test,2018-540,1,634,24,0.0,0.3475648477320758
test,2018-540,1,634,25,0.0,0.21039202122598108
test,2018-540,1,634,26,0.0,0.1784606513998724
test,2018-540,1,634,27,0.0,0.5151306107311706
test,2018-540,1,634,28,0.0,0.5094159299757909
test,2018-540,1,634,29,0.0,0.3051949753534626
test,2018-540,1,634,30,0.0,0.1152543528709855
test,2018-540,1,634,31,1.0,0.6327348829400021
test,2018-540,1,634,32,1.0,0.4507827911689128
test,2018-540,1,634,33,1.0,0.5789634205984918
test,2018-540,1,634,34,1.0,0.1958546413287387
test,2018-540,1,634,35,0.0,0.6515989161304525
test,2018-540,1,634,36,1.0,0.4305135852330632
test,2018-540,1,634,37,1.0,0.3513323996407698
test,2018-540,1,634,38,1.0,0.7869459486850648
test,2018-540,1,634,39,0.0,0.7189384916126142
test,2018-540,1,634,40,0.0,0.254431921403521
test,2018-540,1,634,41,0.0,0.8596865712799605
test,2018-540,1,634,42,1.0,0.1690820270074929
test,2018-540,1,634,43,1.0,0.6588601012247893
test,2018-540,1,634,44,0.0,0.7866618046048999
test,2018-540,1,634,45,0.0,0.5189415627358235
test,2018-540,1,634,46,0.0,0.16098570394801634
test,2018-540,1,634,47,0.0,0.3163195582911857
test,2018-540,1,634,48,1.0,0.7770882610521235
test,2018-540,1,634,49,0.0,0.21012574954806684
test,2018-540,1,634,50,0.0,0.3690485509036214
test,2018-540,1,634,51,0.0,0.5749993312276351
test,2018-540,1,634,52,0.0,0.0874706975631324
test,2018-540,1,634,53,1.0,0.645401272959338
test,2018-540,1,634,54,1.0,0.354159541139593
test,2018-540,1,634,55,0.0,0.18760990366966618
test,2018-540,1,634,56,0.0,0.30591236607597533
test,2018-540,1,634,57,1.0,0.18272851331806889
test,2018-540,1,634,58,1.0,0.7300636602458711
test,2018-540,1,634,59,0.0,0.26031109498528787
test,2018-540,1,634,60,1.0,0.9295984138566317
test,2018-540,1,634,61,1.0,0.685767250504957
test,2018-540,1,634,62,0.0,0.2236169102833329
test,2018-540,1,634,63,0.0,0.08132029719120999
test,2018-540,2,635,0,0.0,0.11009876695965055
test,2018-540,2,635,1,0.0,0.30162859305018724
test,2018-540,2,635,2,1.0,0.7608573951943175
test,2018-540,2,635,3,0.0,0.6366184681820666
test,2018-540,2,635,4,0.0,0.15946624337391127
test,2018-540,2,635,5,0.0,0.378889742803956
test,2018-540,2,635,6,0.0,0.24500725915894295
test,2018-540,2,635,7,1.0,0.579033344523203
test,2018-540,2,635,8,1.0,0.37158984264329203
test,2018-540,2,635,9,1.0,0.7788142391636284
test,2018-540,2,635,10,1.0,0.7910350215240379
test,2018-540,2,635,11,0.0,0.3095503019124931
test,2018-540,2,635,12,1.0,0.38543668635417194
test,2018-540,2,635,13,0.0,0.24173889352900388
test,2018-540,2,635,14,1.0,0.22075394180704935
test,2018-540,2,635,15,1.0,0.3101419925920118
test,2018-540,2,635,16,1.0,0.4502329984044003
test,2018-540,2,635,17,1.0,0.8060561187570424
test,2018-540,2,635,18,0.0,0.18345021076397705
test,2018-540,2,635,19,0.0,0.7353620073363425
test,2018-540,2,635,20,1.0,0.6198343292593511
test,2018-540,2,635,21,0.0,0.8591516495871674
test,2018-540,2,635,22,0.0,0.2679057236351358
test,2018-540,2,635,23,0.0,0.538959746551698
test,2018-540,2,635,24,1.0,0.779108616935113
test,2018-540,2,635,25,1.0,0.2559637691158277
test,2018-540,2,635,26,0.0,0.5694936442032809
test,2018-540,2,635,27,0.0,0.5008337550423422
test,2018-540,2,635,28,1.0,0.6389757595680267
test,2018-540,2,635,29,0.0,0.11341604163709204
test,2018-540,2,635,30,1.0,0.41998877370041454
test,2018-540,2,635,31,0.0,0.09145545445698222
test,2018-540,3,636,0,1.0,0.749489500841038
test,2018-540,3,636,1,0.0,0.3829646961511044
test,2018-540,3,636,2,1.0,0.9207793684363764
test,2018-540,3,636,3,1.0,0.31978159796449734
test,2018-540,3,636,4,0.0,0.29897587447786644
test,2018-540,3,636,5,1.0,0.1882138522136769
test,2018-540,3,636,6,0.0,0.38427706555796737
test,2018-540,3,636,7,0.0,0.17237178200111847
test,2018-540,3,636,8,1.0,0.6487485488157269
test,2018-540,3,636,9,1.0,0.5064193653086848
test,2018-540,3,636,10,0.0,0.2074096162843273
test,2018-540,3,636,11,0.0,0.17876474482851407
test,2018-540,3,636,12,0.0,0.5098835724661439
test,2018-540,3,636,13,1.0,0.6835946790065534
test,2018-540,3,636,14,0.0,0.5161662027720694
test,2018-540,3,636,15,0.0,0.12126589492294208
test,2018-540,4,637,0,0.0,0.12479483423491755
test,2018-540,4,637,1,1.0,0.6902387807971484
test,2018-540,4,637,2,1.0,0.7884019046788056
test,2018-540,4,637,3,0.0,0.1466858219162123
test,2018-540,4,637,4,0.0,0.2185382155330411
test,2018-540,4,637,5,1.0,0.8015277473775357
test,2018-540,4,637,6,0.0,0.4580647646602263
test,2018-540,4,637,7,1.0,0.8559972188569768
test,2018-540,5,638,0,1.0,0.7783222922239091
test,2018-540,5,638,1,1.0,0.7288813491526098
test,2018-540,5,638,2,1.0,0.4788356411073656
test,2018-540,5,638,3,1.0,0.21468830242681822
test,2018-540,6,639,0,1.0,0.440430943644523
test,2018-540,6,639,1,1.0,0.45596040524964326
test,2018-540,7,640,0,0.0,0.23509430786007024
test,2018-560,1,653,0,1.0,0.42797525458614044
test,2018-560,1,653,1,0.0,0.16277752135041013
test,2018-560,1,653,2,0.0,0.0847581567605245
test,2018-560,1,653,3,1.0,0.4788384073746898
test,2018-560,1,653,4,0.0,0.6467968463608862
test,2018-560,1,653,5,1.0,0.8563912411130269
test,2018-560,1,653,6,1.0,0.7718390458072938
test,2018-560,1,653,7,1.0,0.5301820802923011
test,2018-560,1,653,8,0.0,0.14738798986006654
test,2018-560,1,653,9,1.0,0.5573402053332708
test,2018-560,1,653,10,1.0,0.9349298259631285
test,2018-560,1,653,11,0.0,0.4629080900015168
test,2018-560,1,653,12,0.0,0.16128397190118854
test,2018-560,1,653,13,0.0,0.21037635012234257
test,2018-560,1,653,14,0.0,0.33243483744583524
test,2018-560,1,653,15,1.0,0.8750665276164282
test,2018-560,1,653,16,1.0,0.2830478205719356
test,2018-560,1,653,17,1.0,0.1092877309226338
test,2018-560,1,653,18,0.0,0.6022962389084898
test,2018-560,1,653,19,1.0,0.6722366009885806
test,2018-560,1,653,20,1.0,0.9110729703202924
test,2018-560,1,653,21,1.0,0.28052616793222945
test,2018-560,1,653,22,1.0,0.7256113453456411
test,2018-560,1,653,23,0.0,0.47134953330582163
test,2018-560,1,653,24,0.0,0.1044599237518721
test,2018-560,1,653,25,1.0,0.6160318433190987
test,2018-560,1,653,26,0.0,0.7790616414711182
test,2018-560,1,653,27,0.0,0.35121293427838157
test,2018-560,1,653,28,1.0,0.8738437214173461
test,2018-560,1,653,29,1.0,0.9043161144507251
test,2018-560,1,653,30,0.0,0.21499639069740245
test,2018-560,1,653,31,1.0,0.4991433334454727
test,2018-560,1,653,32,0.0,0.6841302457680329
test,2018-560,1,653,33,0.0,0.12198359264499253
test,2018-560,1,653,34,0.0,0.32610955415739695
test,2018-560,1,653,35,0.0,0.16594112388775617
test,2018-560,1,653,36,0.0,0.1628954278341929
test,2018-560,1,653,37,0.0,0.24111478039976858
test,2018-560,1,653,38,1.0,0.8055105483526775
test,2018-560,1,653,39,0.0,0.16246704804474896
test,2018-560,1,653,40,0.0,0.5007017834435047
test,2018-560,1,653,41,0.0,0.3420273184294973
test,2018-560,1,653,42,0.0,0.4664968103595098
test,2018-560,1,653,43,1.0,0.8955306115799601
test,2018-560,1,653,44,0.0,0.2442191485305274
test,2018-560,1,653,45,0.0,0.8693714545262291
test,2018-560,1,653,46,0.0,0.6918030054549101
test,2018-560,1,653,47,0.0,0.09311466019458838
test,2018-560,1,653,48,0.0,0.12587729047085833
test,2018-560,1,653,49,0.0,0.2140160492012386
test,2018-560,1,653,50,1.0,0.8544239117790584
test,2018-560,1,653,51,1.0,0.7758664137203077
test,2018-560,1,653,52,0.0,0.6131761782636586
test,2018-560,1,653,53,0.0,0.6085426748680289
test,2018-560,1,653,54,0.0,0.3403663589822721
test,2018-560,1,653,55,1.0,0.6925881237770093
test,2018-560,1,653,56,1.0,0.778908622139232
test,2018-560,1,653,57,1.0,0.5070110043998489
test,2018-560,1,653,58,0.0,0.25238071390536715
test,2018-560,1,653,59,0.0,0.6976226768010707
test,2018-560,1,653,60,0.0,0.09852003089481287
test,2018-560,1,653,61,1.0,0.821231459878761
test,2018-560,1,653,62,0.0,0.6905049084773721
test,2018-560,1,653,63,0.0,0.05072010909968386
test,2018-560,2,654,0,1.0,0.6907211687499022
test,2018-560,2,654,1,0.0,0.15215160185734147
test,2018-560,2,654,2,0.0,0.4597770888644708
test,2018-560,2,654,3,1.0,0.7432597411704304
test,2018-560,2,654,4,1.0,0.8184935295002957
test,2018-560,2,654,5,0.0,0.7311079374678882
test,2018-560,2,654,6,0.0,0.13323542057071958
test,2018-560,2,654,7,0.0,0.3634567940253399
test,2018-560,2,654,8,0.0,0.7110355050326016
test,2018-560,2,654,9,1.0,0.2956196641774981
test,2018-560,2,654,10,0.0,0.4283135324477862
test,2018-560,2,654,11,0.0,0.07880280434380392
test,2018-560,2,654,12,1.0,0.28513315210321155
test,2018-560,2,654,13,0.0,0.32140452069136904
test,2018-560,2,654,14,1.0,0.8288306520323752
test,2018-560,2,654,15,1.0,0.7314790202927975
test,2018-560,2,654,16,1.0,0.7165303538814203
test,2018-560,2,654,17,0.0,0.1324220801101695
test,2018-560,2,654,18,1.0,0.35979224318643926
test,2018-560,2,654,19,1.0,0.8614826145714974
test,2018-560,2,654,20,0.0,0.7492944807706273
test,2018-560,2,654,21,1.0,0.8674666754708978
test,2018-560,2,654,22,0.0,0.25207622772484534
test,2018-560,2,654,23,0.0,0.23328484776589556
test,2018-560,2,654,24,1.0,0.7046926929148175
test,2018-560,2,654,25,1.0,0.7347388075416512
test,2018-560,2,654,26,0.0,0.5220664485134988
test,2018-560,2,654,27,1.0,0.24435165472593354
test,2018-560,2,654,28,1.0,0.9031233717971223
test,2018-560,2,654,29,0.0,0.15159088458034087
test,2018-560,2,654,30,0.0,0.16612068759717502
test,2018-560,2,654,31,0.0,0.08843522960314008
test,2018-560,3,655,0,0.0,0.363950771841271
test,2018-560,3,655,1,0.0,0.5198550880969497
test,2018-560,3,655,2,0.0,0.22294795351627955
test,2018-560,3,655,3,0.0,0.4855636385044018
test,2018-560,3,655,4,0.0,0.5572519966216515
test,2018-560,3,655,5,0.0,0.15586896677906503
test,2018-560,3,655,6,0.0,0.7750890399357255
test,2018-560,3,655,7,1.0,0.7479057054100527
test,2018-560,3,655,8,0.0,0.12539163721994162
test,2018-560,3,655,9,0.0,0.42359013725218436
test,2018-560,3,655,10,1.0,0.7937812701790141
test,2018-560,3,655,11,1.0,0.7421821689114014
test,2018-560,3,655,12,0.0,0.26506797084339256
test,2018-560,3,655,13,1.0,0.6997678822041702
test,2018-560,3,655,14,1.0,0.7876224104597602
test,2018-560,3,655,15,1.0,0.8497856759356788
test,2018-560,4,656,0,1.0,0.11650552476963238
test,2018-560,4,656,1,0.0,0.11634567944860749
test,2018-560,4,656,2,1.0,0.7321745052027306
test,2018-560,4,656,3,1.0,0.6439361839479039
test,2018-560,4,656,4,0.0,0.5549540530908529
test,2018-560,4,656,5,1.0,0.6905229698741662
test,2018-560,4,656,6,1.0,0.443030113018058
test,2018-560,4,656,7,0.0,0.09189219928585336
test,2018-560,5,657,0,0.0,0.1061777188687527
test,2018-560,5,657,1,0.0,0.6143925359609844
test,2018-560,5,657,2,0.0,0.4276304198499277
test,2018-560,5,657,3,0.0,0.20011384598457596
test,2018-560,6,658,0,1.0,0.784530107793251
test,2018-560,6,658,1,0.0,0.7424023783925511
test,2018-560,7,659,0,0.0,0.263399255161047
test,2018-580,1,588,0,0.0,0.08444352543602514
test,2018-580,1,588,1,1.0,0.1428335406727293
test,2018-580,1,588,2,1.0,0.1798827637769539
test,2018-580,1,588,3,1.0,0.7493041232740283
test,2018-580,1,588,4,1.0,0.5183648472728628
test,2018-580,1,588,5,1.0,0.2810489262682844
test,2018-580,1,588,6,1.0,0.9102139517107708
test,2018-580,1,588,7,1.0,0.7556562625946828
test,2018-580,1,588,8,1.0,0.8693680810705299
test,2018-580,1,588,9,0.0,0.11926518187166976
test,2018-580,1,588,10,0.0,0.7526489171070074
test,2018-580,1,588,11,1.0,0.8571298589388211
test,2018-580,1,588,12,1.0,0.9243919971217075
test,2018-580,1,588,13,1.0,0.801613661828903
test,2018-580,1,588,14,1.0,0.7119615526736969
test,2018-580,1,588,15,1.0,0.36895546816777586
test,2018-580,1,588,16,1.0,0.5611273072766315
test,2018-580,1,588,17,1.0,0.6194124230865276
test,2018-580,1,588,18,0.0,0.12320752840572877
test,2018-580,1,588,19,0.0,0.1426838724403734
test,2018-580,1,588,20,0.0,0.12266746069448975
test,2018-580,1,588,21,1.0,0.07756263326305064
test,2018-580,1,588,22,1.0,0.8062298211138185
test,2018-580,1,588,23,0.0,0.7242009363510977
test,2018-580,1,588,24,1.0,0.7158486188527255
test,2018-580,1,588,25,0.0,0.5201891423707767
test,2018-580,1,588,26,0.0,0.6943531193279326
test,2018-580,1,588,27,0.0,0.14032086506562672
test,2018-580,1,588,28,1.0,0.9409788864176859
test,2018-580,1,588,29,0.0,0.18780314214239288
test,2018-580,1,588,30,1.0,0.621317281198804
test,2018-580,1,588,31,1.0,0.8352557412779644
test,2018-580,1,588,32,1.0,0.4854132400197033
test,2018-580,1,588,33,0.0,0.7882676814923089
test,2018-580,1,588,34,0.0,0.12222124550076321
test,2018-580,1,588,35,1.0,0.12060928993022808
test,2018-580,1,588,36,1.0,0.8984246195930523
test,2018-580,1,588,37,0.0,0.7149983885013413
test,2018-580,1,588,38,0.0,0.48724991745314467
test,2018-580,1,588,39,1.0,0.8026162461698766
test,2018-580,1,588,40,1.0,0.7078214933710035
test,2018-580,1,588,41,0.0,0.6230848378281716
test,2018-580,1,588,42,0.0,0.07440136326455196
test,2018-580,1,588,43,0.0,0.25520658649812844
test,2018-580,1,588,44,1.0,0.4930757593811512
test,2018-580,1,588,45,1.0,0.6915736171501676
test,2018-580,1,588,46,1.0,0.8964483713752455
test,2018-580,1,588,47,1.0,0.8740869569779084
test,2018-580,1,588,48,0.0,0.6722009448281311
test,2018-580,1,588,49,1.0,0.33162410076168025
test,2018-580,1,588,50,0.0,0.5444544635243733
test,2018-580,1,588,51,0.0,0.18434493952719974
test,2018-580,1,588,52,0.0,0.650453309187426
test,2018-580,1,588,53,0.0,0.13401427995031032
test,2018-580,1,588,54,0.0,0.08511329141253607
test,2018-580,1,588,55,1.0,0.34621422118256096
test,2018-580,1,588,56,1.0,0.30702011128371626
test,2018-580,1,588,57,1.0,0.2219988296670924
test,2018-580,1,588,58,0.0,0.091801053008962
test,2018-580,1,588,59,0.0,0.09674521772536088
test,2018-580,1,588,60,1.0,0.9207207087581928
test,2018-580,1,588,61,1.0,0.7259577969480393
test,2018-580,1,588,62,1.0,0.5664919025420357
test,2018-580,1,588,63,1.0,0.1389575118256311
test,2018-580,2,589,0,0.0,0.22798929195686093
test,2018-580,2,589,1,1.0,0.19814762093790253
test,2018-580,2,589,2,0.0,0.8840633051626912
test,2018-580,2,589,3,0.0,0.19435961060544057
test,2018-580,2,589,4,1.0,0.7485995020069552
test,2018-580,2,589,5,1.0,0.15589125726699063
test,2018-580,2,589,6,0.0,0.7683709055055213
test,2018-580,2,589,7,0.0,0.21221811120733347
test,2018-580,2,589,8,1.0,0.8057203830935478
test,2018-580,2,589,9,1.0,0.41905953793278744
test,2018-580,2,589,10,0.0,0.3192517908871754
test,2018-580,2,589,11,0.0,0.19317978148193587
test,2018-580,2,589,12,0.0,0.1457218844056916
test,2018-580,2,589,13,0.0,0.20399909047840056
test,2018-580,2,589,14,0.0,0.3905854970099634
test,2018-580,2,589,15,1.0,0.6324727954981194
test,2018-580,2,589,16,0.0,0.3293278458405535
test,2018-580,2,589,17,1.0,0.7668734627763796
test,2018-580,2,589,18,0.0,0.2624578777641146
test,2018-580,2,589,19,0.0,0.45405971316444993
test,2018-580,2,589,20,0.0,0.11265762760938453
test,2018-580,2,589,21,0.0,0.21626011631605246
test,2018-580,2,589,22,0.0,0.64685161579897
test,2018-580,2,589,23,0.0,0.3853602242493568
test,2018-580,2,589,24,0.0,0.5451799325349291
test,2018-580,2,589,25,0.0,0.1552472243157637
test,2018-580,2,589,26,1.0,0.8449163390251381
test,2018-580,2,589,27,1.0,0.5530814935190037
test,2018-580,2,589,28,0.0,0.33224668455873907
test,2018-580,2,589,29,0.0,0.10183111547076992
test,2018-580,2,589,30,0.0,0.1110276236816715
test,2018-580,2,589,31,0.0,0.22639222041391455
test,2018-580,3,590,0,1.0,0.6761777259821581
test,2018-580,3,590,1,1.0,0.5376991593724031
test,2018-580,3,590,2,0.0,0.18040204258806372
test,2018-580,3,590,3,1.0,0.48687945068328287
test,2018-580,3,590,4,0.0,0.4297145811843101
test,2018-580,3,590,5,0.0,0.7548574388321533
test,2018-580,3,590,6,0.0,0.12711639091313257
test,2018-580,3,590,7,1.0,0.6357642708666862
test,2018-580,3,590,8,0.0,0.32692836304777956
test,2018-580,3,590,9,1.0,0.4110824481664589
test,2018-580,3,590,10,1.0,0.6672609988896082
test,2018-580,3,590,11,1.0,0.5531973693389879
test,2018-580,3,590,12,1.0,0.8035791269885068
test,2018-580,3,590,13,0.0,0.20320504023919034
test,2018-580,3,590,14,0.0,0.387367175408879
test,2018-580,3,590,15,1.0,0.8937800933221777
test,2018-580,4,591,0,0.0,0.08593414163767461
test,2018-580,4,591,1,0.0,0.2993547965934131
test,2018-580,4,591,2,0.0,0.8988227869384547
test,2018-580,4,591,3,0.0,0.8115510353865905
test,2018-580,4,591,4,0.0,0.4260970635256219
test,2018-580,4,591,5,1.0,0.5498694556275454
test,2018-580,4,591,6,1.0,0.7020436635119384
test,2018-580,4,591,7,1.0,0.8568593676351696
test,2018-580,5,592,0,0.0,0.2355131604122659
test,2018-580,5,592,1,0.0,0.38654904531089923
test,2018-580,5,592,2,1.0,0.2448537603216374
test,2018-580,5,592,3,1.0,0.23853877570307733
test,2018-580,6,593,0,0.0,0.12627452973855102
test,2018-580,6,593,1,1.0,0.7450531215800938
test,2018-580,7,594,0,0.0,0.24323627152376578
test,2018-M006,1,595,0,0.0,0.579477876427973
test,2018-M006,1,595,1,1.0,0.2362381154908321
test,2018-M006,1,595,2,1.0,0.32002973810330904
test,2018-M006,1,595,3,1.0,0.3571601647026816
test,2018-M006,1,595,4,1.0,0.6543264283545664
test,2018-M006,1,595,5,0.0,0.5755577012432957
test,2018-M006,1,595,6,0.0,0.4486436093215397
test,2018-M006,1,595,7,1.0,0.13770702706020826
test,2018-M006,1,595,8,0.0,0.4867575177757014
test,2018-M006,1,595,9,1.0,0.8882473541406504
test,2018-M006,1,595,10,1.0,0.49455768240807163
test,2018-M006,1,595,11,0.0,0.46833242280180315
test,2018-M006,1,595,12,0.0,0.7763692579650933
test,2018-M006,1,595,13,0.0,0.49883023930036696
test,2018-M006,1,595,14,1.0,0.7257311599454214
test,2018-M006,1,595,15,0.0,0.3188071031452254
test,2018-M006,1,595,16,1.0,0.8705171984137768
test,2018-M006,1,595,17,0.0,0.7483032122027462
test,2018-M006,1,595,18,0.0,0.2511481255960803
test,2018-M006,1,595,19,0.0,0.691080846523879
test,2018-M006,1,595,20,1.0,0.196086020874314
test,2018-M006,1,595,21,1.0,0.5583402553167129
test,2018-M006,1,595,22,0.0,0.2961984431504302
test,2018-M006,1,595,23,1.0,0.6916556480166952
test,2018-M006,1,595,24,0.0,0.24762143964187946
test,2018-M006,1,595,25,0.0,0.41290401593191206
test,2018-M006,1,595,26,0.0,0.7246512857195041
test,2018-M006,1,595,27,1.0,0.3898609886312848
test,2018-M006,1,595,28,0.0,0.4590976185121714
test,2018-M006,1,595,29,1.0,0.25061543097908584
test,2018-M006,1,595,30,1.0,0.43870065110459217
test,2018-M006,1,595,31,0.0,0.4683766854791306
test,2018-M006,2,596,0,1.0,0.7715648540873417
test,2018-M006,2,596,1,0.0,0.3471693065439932
test,2018-M006,2,596,2,0.0,0.1364915427545063
test,2018-M006,2,596,3,0.0,0.5952644406760398
test,2018-M006,2,596,4,0.0,0.26269196563916036
test,2018-M006,2,596,5,0.0,0.3565090638871312
test,2018-M006,2,596,6,1.0,0.5588619508293574
test,2018-M006,2,596,7,0.0,0.16948596613544772
test,2018-M006,2,596,8,1.0,0.2933702301012962
test,2018-M006,2,596,9,0.0,0.5625468832178744
test,2018-M006,2,596,10,1.0,0.4502297835531834
test,2018-M006,2,596,11,0.0,0.34125556070546514
test,2018-M006,2,596,12,1.0,0.7526485237523576
test,2018-M006,2,596,13,1.0,0.7976125681177016
test,2018-M006,2,596,14,1.0,0.3786023046504887
test,2018-M006,2,596,15,1.0,0.7833169632888825
test,2018-M006,2,596,16,1.0,0.605354598978723
test,2018-M006,2,596,17,1.0,0.721831920925889
test,2018-M006,2,596,18,1.0,0.8196037092961331
test,2018-M006,2,596,19,0.0,0.35572597003907713
test,2018-M006,2,596,20,1.0,0.2303567032235456
test,2018-M006,2,596,21,0.0,0.6872219777740928
test,2018-M006,2,596,22,1.0,0.3268647659372471
test,2018-M006,2,596,23,0.0,0.23105104034214044
test,2018-M006,2,596,24,1.0,0.28580765133463126
test,2018-M006,2,596,25,0.0,0.30217066093900924
test,2018-M006,2,596,26,0.0,0.2749067365849635
test,2018-M006,2,596,27,0.0,0.882767588254757
test,2018-M006,2,596,28,1.0,0.8480990698911695
test,2018-M006,2,596,29,0.0,0.6393890557958275
test,2018-M006,2,596,30,1.0,0.5263233167342446
test,2018-M006,2,596,31,1.0,0.796309141884947
test,2018-M006,3,597,0,1.0,0.2203617153621754
test,2018-M006,3,597,1,0.0,0.2699147125339285
test,2018-M006,3,597,2,1.0,0.6652192514369268
test,2018-M006,3,597,3,0.0,0.4001997927696084
test,2018-M006,3,597,4,1.0,0.20537514373405816
test,2018-M006,3,597,5,1.0,0.5107549504850842
test,2018-M006,3,597,6,1.0,0.7570934770003149
test,2018-M006,3,597,7,1.0,0.7662271937019995
test,2018-M006,3,597,8,0.0,0.1578819492295692
test,2018-M006,3,597,9,0.0,0.5949900113685841
test,2018-M006,3,597,10,0.0,0.6964364955264637
test,2018-M006,3,597,11,1.0,0.3184056312942062
test,2018-M006,3,597,12,1.0,0.34517024737138063
test,2018-M006,3,597,13,0.0,0.6337780909419841
test,2018-M006,3,597,14,1.0,0.771241842012222
test,2018-M006,3,597,15,1.0,0.37386673566345074
test,2018-M006,4,598,0,0.0,0.16900219004773342
test,2018-M006,4,598,1,1.0,0.5245243352988957
test,2018-M006,4,598,2,1.0,0.637630240716376
test,2018-M006,4,598,3,1.0,0.5743515621480006
test,2018-M006,4,598,4,0.0,0.4425608502076263
test,2018-M006,4,598,5,1.0,0.7405381011959353
test,2018-M006,4,598,6,0.0,0.3086440637803069
test,2018-M006,4,598,7,1.0,0.5757554016412372
test,2018-M006,5,599,0,1.0,0.8083088269420174
test,2018-M006,5,599,1,1.0,0.370916014613512
test,2018-M006,5,599,2,0.0,0.40127051210253745
test,2018-M006,5,599,3,1.0,0.716836345834941
test,2018-M006,6,600,0,0.0,0.5221727412222161
test,2018-M006,6,600,1,1.0,0.811993315628683
test,2018-M006,7,601,0,1.0,0.2449234220742818
test,2018-M007,1,602,0,1.0,0.5506304196213381
test,2018-M007,1,602,1,0.0,0.5469066002029731
test,2018-M007,1,602,2,1.0,0.6332400311101801
test,2018-M007,1,602,3,0.0,0.2947022979522343
test,2018-M007,1,602,4,0.0,0.4468698782549426
test,2018-M007,1,602,5,0.0,0.41912680991818696
test,2018-M007,1,602,6,0.0,0.48274921545714766
test,2018-M007,1,602,7,0.0,0.5661193152869954
test,2018-M007,1,602,8,0.0,0.8635917726909084
test,2018-M007,1,602,9,1.0,0.3217616055961415
test,2018-M007,1,602,10,0.0,0.20553759984482314
test,2018-M007,1,602,11,0.0,0.4599321109440182
test,2018-M007,1,602,12,1.0,0.5272207263537183
test,2018-M007,1,602,13,0.0,0.8393161074921152
test,2018-M007,1,602,14,0.0,0.5135056947969419
test,2018-M007,1,602,15,1.0,0.654055351856675
test,2018-M007,1,602,16,0.0,0.42831896479470877
test,2018-M007,1,602,17,1.0,0.3576597300704645
test,2018-M007,1,602,18,1.0,0.4425717543803857
test,2018-M007,1,602,19,1.0,0.441469603314085
test,2018-M007,1,602,20,0.0,0.4600472904401727
test,2018-M007,1,602,21,1.0,0.2822334331595098
test,2018-M007,1,602,22,0.0,0.4825167070018312
test,2018-M007,1,602,23,1.0,0.48758008190613505
test,2018-M007,1,602,24,1.0,0.6541428208913408
test,2018-M007,1,602,25,0.0,0.49767200186591554
test,2018-M007,1,602,26,1.0,0.7376796917093827
test,2018-M007,1,602,27,0.0,0.2266304904759245
test,2018-M007,1,602,28,1.0,0.6954236152890477
test,2018-M007,1,602,29,0.0,0.5192191588704551
test,2018-M007,1,602,30,0.0,0.7295135507905673
test,2018-M007,1,602,31,1.0,0.6458888994306731
test,2018-M007,2,603,0,1.0,0.07415680403602706
test,2018-M007,2,603,1,1.0,0.667557439490131
test,2018-M007,2,603,2,0.0,0.5860656689857793
test,2018-M007,2,603,3,0.0,0.2646203727993043
test,2018-M007,2,603,4,1.0,0.5724257744766498
test,2018-M007,2,603,5,1.0,0.3213329064885401
test,2018-M007,2,603,6,0.0,0.32230493983573116
test,2018-M007,2,603,7,1.0,0.7607314995621349
test,2018-M007,2,603,8,0.0,0.19376775181438882
test,2018-M007,2,603,9,0.0,0.24122086504176032
test,2018-M007,2,603,10,1.0,0.7764718703079008
test,2018-M007,2,603,11,0.0,0.30751499547152156
test,2018-M007,2,603,12,1.0,0.795551890041895
test,2018-M007,2,603,13,1.0,0.5683437402823258
test,2018-M007,2,603,14,0.0,0.2021818801089915
test,2018-M007,2,603,15,0.0,0.2376180424157744
test,2018-M007,2,603,16,0.0,0.2324984343020571
test,2018-M007,2,603,17,0.0,0.33997538257618476
test,2018-M007,2,603,18,1.0,0.8010924080901576
test,2018-M007,2,603,19,0.0,0.8764947659150499
test,2018-M007,2,603,20,0.0,0.19376177160804894
test,2018-M007,2,603,21,1.0,0.37667145762355525
test,2018-M007,2,603,22,1.0,0.8175350908211646
test,2018-M007,2,603,23,0.0,0.6956969484677735
test,2018-M007,2,603,24,0.0,0.580376927706132
test,2018-M007,2,603,25,1.0,0.7999640099382829
test,2018-M007,2,603,26,0.0,0.8680047917148541
test,2018-M007,2,603,27,1.0,0.7557133539583588
test,2018-M007,2,603,28,1.0,0.4587318361251813
test,2018-M007,2,603,29,1.0,0.8672532070780353
test,2018-M007,2,603,30,0.0,0.193163296715908
test,2018-M007,2,603,31,1.0,0.5002417954304815
test,2018-M007,3,604,0,1.0,0.28220850764572214
test,2018-M007,3,604,1,1.0,0.473833987506696
test,2018-M007,3,604,2,0.0,0.18258350374334703
test,2018-M007,3,604,3,0.0,0.25297918932665364
test,2018-M007,3,604,4,1.0,0.7992921193666308
test,2018-M007,3,604,5,0.0,0.33151748347338955
test,2018-M007,3,604,6,1.0,0.44688333799152985
test,2018-M007,3,604,7,1.0,0.3920741371905722
test,2018-M007,3,604,8,0.0,0.2550725897074805
test,2018-M007,3,604,9,0.0,0.3584504145363261
test,2018-M007,3,604,10,1.0,0.18941283071256554
test,2018-M007,3,604,11,0.0,0.2537906899275846
test,2018-M007,3,604,12,1.0,0.572525845791256
test,2018-M007,3,604,13,0.0,0.6743740966641392
test,2018-M007,3,604,14,0.0,0.5073944496035858
test,2018-M007,3,604,15,0.0,0.3422634130996518
test,2018-M007,4,605,0,1.0,0.7553528018851549
test,2018-M007,4,605,1,0.0,0.4223743596980499
test,2018-M007,4,605,2,0.0,0.22673188845709563
test,2018-M007,4,605,3,1.0,0.4288300324653206
test,2018-M007,4,605,4,1.0,0.6049912465068887
test,2018-M007,4,605,5,0.0,0.31286012460810525
test,2018-M007,4,605,6,1.0,0.618520592264774
test,2018-M007,4,605,7,0.0,0.5926379038887981
test,2018-M007,5,606,0,1.0,0.43117475783578424
test,2018-M007,5,606,1,0.0,0.37493209851627946
test,2018-M007,5,606,2,1.0,0.5305603904841326
test,2018-M007,5,606,3,0.0,0.3638653104436729
test,2018-M007,6,607,0,0.0,0.43849906641691694
test,2018-M007,6,607,1,1.0,0.4681611465705259
test,2018-M007,7,608,0,0.0,0.45338069623740884
test,2018-M009,2,621,0,0.0,0.21673782692375712
test,2018-M009,2,621,1,1.0,0.6016197353419919
test,2018-M009,2,621,2,0.0,0.26680305364151174
test,2018-M009,2,621,3,1.0,0.18074697571513082
test,2018-M009,2,621,4,1.0,0.2151509434401803
test,2018-M009,2,621,5,0.0,0.37746669478507316
test,2018-M009,2,621,6,0.0,0.6959929047117571
test,2018-M009,2,621,7,0.0,0.1523593496905878
test,2018-M009,2,621,8,0.0,0.28745133115261184
test,2018-M009,2,621,9,1.0,0.20137552324412888
test,2018-M009,2,621,10,0.0,0.603111205960028
test,2018-M009,2,621,11,0.0,0.26033574522868064
test,2018-M009,2,621,12,1.0,0.2789047624166957
test,2018-M009,2,621,13,1.0,0.8946918454688195
test,2018-M009,2,621,14,1.0,0.4800421084074416
test,2018-M009,2,621,15,0.0,0.39982429288112753
test,2018-M009,2,621,16,1.0,0.7186120277919783
test,2018-M009,2,621,17,1.0,0.3642559337119039
test,2018-M009,2,621,18,0.0,0.7661046812953873
test,2018-M009,2,621,19,0.0,0.76851717752771
test,2018-M009,2,621,20,1.0,0.3181027699149242
test,2018-M009,2,621,21,0.0,0.3315607976758255
test,2018-M009,2,621,22,0.0,0.6951803801049778
test,2018-M009,2,621,23,0.0,0.23003122665552234
test,2018-M009,3,622,0,1.0,0.9012559925768279
test,2018-M009,3,622,1,1.0,0.5899029497746612
test,2018-M009,3,622,2,0.0,0.723637846551737
test,2018-M009,3,622,3,1.0,0.6408086104788515
test,2018-M009,3,622,4,0.0,0.09915012851083638
test,2018-M009,3,622,5,1.0,0.4305220488152569
test,2018-M009,3,622,6,0.0,0.6265027503710675
test,2018-M009,3,622,7,0.0,0.7382391959807917
test,2018-M009,3,622,8,0.0,0.3155513167668313
test,2018-M009,3,622,9,0.0,0.5574433121438949
test,2018-M009,3,622,10,0.0,0.2091433412035605
test,2018-M009,3,622,11,1.0,0.7913585585808388
test,2018-M009,3,622,12,1.0,0.5956477483597477
test,2018-M009,3,622,13,0.0,0.40836937387581207
test,2018-M009,3,622,14,0.0,0.1585919383208119
test,2018-M009,3,622,15,0.0,0.10979319525425126
test,2018-M009,4,623,0,0.0,0.2534895245593331
test,2018-M009,4,623,1,1.0,0.5824130754911859
test,2018-M009,4,623,2,0.0,0.12310415476805141
test,2018-M009,4,623,3,0.0,0.28059861964533694
test,2018-M009,4,623,4,0.0,0.1550826512590287
test,2018-M009,4,623,5,0.0,0.2833100132588536
test,2018-M009,4,623,6,0.0,0.2814725369093644
test,2018-M009,4,623,7,0.0,0.29340184524038415
test,2018-M009,5,624,0,1.0,0.6534239474457094
test,2018-M009,5,624,1,0.0,0.3365211295133604
test,2018-M009,5,624,2,1.0,0.7438742696247671
test,2018-M009,5,624,3,1.0,0.8622287464783508
test,2018-M009,6,625,0,1.0,0.603845283889861
test,2018-M009,6,625,1,1.0,0.5690972994864515
test,2018-M009,7,626,0,1.0,0.7346716911143625
test,2018-M021,2,615,0,0.0,0.5759725200428417
test,2018-M021,2,615,1,0.0,0.27084964499259856
test,2018-M021,2,615,2,0.0,0.6899819784392973
test,2018-M021,2,615,3,1.0,0.5252199579800478
test,2018-M021,2,615,4,1.0,0.8189548128617484
test,2018-M021,2,615,5,1.0,0.38545590396857976
test,2018-M021,2,615,6,0.0,0.1463405445630719
test,2018-M021,2,615,7,0.0,0.4549758621261123
test,2018-M021,2,615,8,1.0,0.4506145568504514
test,2018-M021,2,615,9,0.0,0.2601724356497046
test,2018-M021,2,615,10,1.0,0.7155479912769978
test,2018-M021,2,615,11,1.0,0.3977631043656753
test,2018-M021,2,615,12,0.0,0.22656734536970866
test,2018-M021,2,615,13,0.0,0.6171014199343843
test,2018-M021,2,615,14,0.0,0.2382781050279
test,2018-M021,2,615,15,0.0,0.24462071723666623
test,2018-M021,2,615,16,1.0,0.7900129842479767
test,2018-M021,2,615,17,0.0,0.22349575206022715
test,2018-M021,2,615,18,0.0,0.3677680571600402
test,2018-M021,2,615,19,0.0,0.24855374127992436
test,2018-M021,2,615,20,1.0,0.3565489687322198
test,2018-M021,2,615,21,0.0,0.4417133580432293
test,2018-M021,2,615,22,1.0,0.3105142689008076
test,2018-M021,2,615,23,1.0,0.5183205672349787
test,2018-M021,3,616,0,0.0,0.16459466673443057
test,2018-M021,3,616,1,0.0,0.46555740682701285
test,2018-M021,3,616,2,0.0,0.3694246128306002
test,2018-M021,3,616,3,0.0,0.16546766417961134
test,2018-M021,3,616,4,1.0,0.7301785193849618
test,2018-M021,3,616,5,0.0,0.29644316666697257
test,2018-M021,3,616,6,1.0,0.34609489254188747
test,2018-M021,3,616,7,0.0,0.2459478026049443
test,2018-M021,3,616,8,1.0,0.13277939142874448
test,2018-M021,3,616,9,0.0,0.8005834004807661
test,2018-M021,3,616,10,0.0,0.642610286657699
test,2018-M021,3,616,11,0.0,0.39633423508268434
test,2018-M021,3,616,12,1.0,0.5219185277441509
test,2018-M021,3,616,13,1.0,0.7761260131420873
test,2018-M021,3,616,14,1.0,0.854322840119987
test,2018-M021,3,616,15,1.0,0.33915155984001505
test,2018-M021,4,617,0,0.0,0.2464044803102338
test,2018-M021,4,617,1,1.0,0.6270448220295939
test,2018-M021,4,617,2,0.0,0.7007636444850891
test,2018-M021,4,617,3,1.0,0.5656808268823426
test,2018-M021,4,617,4,1.0,0.2530012687009594
test,2018-M021,4,617,5,0.0,0.3451957136812604
test,2018-M021,4,617,6,1.0,0.868635791907675
test,2018-M021,4,617,7,1.0,0.22189808259013216
test,2018-M021,5,618,0,1.0,0.19257507976392468
test,2018-M021,5,618,1,1.0,0.6003971128623032
test,2018-M021,5,618,2,0.0,0.6080944416678803
test,2018-M021,5,618,3,1.0,0.7125138041834714
test,2018-M021,6,619,0,1.0,0.7698864105630905
test,2018-M021,6,619,1,0.0,0.34591246293850575
test,2018-M021,7,620,0,0.0,0.4646626051122082
test,2018-M024,2,647,0,1.0,0.33347092997401623
test,2018-M024,2,647,1,0.0,0.2182257418533126
test,2018-M024,2,647,2,0.0,0.4060451696051014
test,2018-M024,2,647,3,1.0,0.7988960620638456
test,2018-M024,2,647,4,1.0,0.766069981384861
test,2018-M024,2,647,5,1.0,0.4196881369515144
test,2018-M024,2,647,6,1.0,0.726766786015376
test,2018-M024,2,647,7,0.0,0.14487705125388609
test,2018-M024,2,647,8,0.0,0.3293774665035231
test,2018-M024,2,647,9,0.0,0.5320983926345776
test,2018-M024,2,647,10,1.0,0.4086392745195322
test,2018-M024,2,647,11,1.0,0.22571896066764652
test,2018-M024,2,647,12,1.0,0.20377840513703496
test,2018-M024,2,647,13,0.0,0.6351828241204188
test,2018-M024,2,647,14,1.0,0.5706031580197841
test,2018-M024,2,647,15,0.0,0.35857797042379147
test,2018-M024,2,647,16,0.0,0.23020608230962505
test,2018-M024,2,647,17,1.0,0.8673790297857833
test,2018-M024,2,647,18,0.0,0.21089618251647374
test,2018-M024,2,647,19,0.0,0.47480569841650944
test,2018-M024,2,647,20,0.0,0.3747779956463988
test,2018-M024,2,647,21,1.0,0.3297548039456028
test,2018-M024,2,647,22,1.0,0.5401996652650449
test,2018-M024,2,647,23,0.0,0.24211896592847942
test,2018-M024,3,648,0,1.0,0.8175224645991922
test,2018-M024,3,648,1,0.0,0.5022820732716745
test,2018-M024,3,648,2,1.0,0.62643425736026
test,2018-M024,3,648,3,0.0,0.1408780271263874
test,2018-M024,3,648,4,0.0,0.26290367965438327
test,2018-M024,3,648,5,1.0,0.7927422326327668
test,2018-M024,3,648,6,1.0,0.42252276012787887
test,2018-M024,3,648,7,0.0,0.13174976249892228
test,2018-M024,3,648,8,1.0,0.7316630370172968
test,2018-M024,3,648,9,0.0,0.7507670983277849
test,2018-M024,3,648,10,0.0,0.2864843388902824
test,2018-M024,3,648,11,1.0,0.5184746850339509
test,2018-M024,3,648,12,0.0,0.402089531350938
test,2018-M024,3,648,13,0.0,0.5381292329042043
test,2018-M024,3,648,14,0.0,0.5520696645824916
test,2018-M024,3,648,15,1.0,0.904013595408166
test,2018-M024,4,649,0,1.0,0.8553676318225195
test,2018-M024,4,649,1,1.0,0.7791804567252908
test,2018-M024,4,649,2,0.0,0.3074535953221474
test,2018-M024,4,649,3,0.0,0.6187017450137197
test,2018-M024,4,649,4,0.0,0.28586449587669
test,2018-M024,4,649,5,1.0,0.6337651959471348
test,2018-M024,4,649,6,0.0,0.23039608268607456
test,2018-M024,4,649,7,0.0,0.3938520897574682
test,2018-M024,5,650,0,0.0,0.2340234900725111
test,2018-M024,5,650,1,1.0,0.3667849234765202
test,2018-M024,5,650,2,0.0,0.33520523250028905
test,2018-M024,5,650,3,1.0,0.73384966965777
test,2018-M024,6,651,0,1.0,0.7847877670682478
test,2018-M024,6,651,1,0.0,0.299828137832231
test,2018-M024,7,652,0,1.0,0.5098549255587956
test,2019-0352,2,750,0,1.0,0.3869483010234297
test,2019-0352,2,750,1,0.0,0.7377396698599272
test,2019-0352,2,750,2,0.0,0.2132562533518597
test,2019-0352,2,750,3,0.0,0.3313945252484596
test,2019-0352,2,750,4,0.0,0.5710949633432681
test,2019-0352,2,750,5,0.0,0.570681030737764
test,2019-0352,2,750,6,1.0,0.35276180019248843
test,2019-0352,2,750,7,1.0,0.8154849374639063
test,2019-0352,2,750,8,0.0,0.18384896846921
test,2019-0352,2,750,9,0.0,0.5955712323541166
test,2019-0352,2,750,10,0.0,0.3310313483777057
test,2019-0352,2,750,11,0.0,0.3872919726016231
test,2019-0352,2,750,12,1.0,0.6126200235785171
test,2019-0352,2,750,13,1.0,0.3706595371196695
test,2019-0352,2,750,14,0.0,0.2602926202606671
test,2019-0352,2,750,15,1.0,0.7821847206893111
test,2019-0352,3,751,0,0.0,0.8000046793290568
test,2019-0352,3,751,1,0.0,0.3536686079135623
test,2019-0352,3,751,2,0.0,0.7659028015636844
test,2019-0352,3,751,3,1.0,0.44753562715984
test,2019-0352,3,751,4,0.0,0.5006532588145726
test,2019-0352,3,751,5,1.0,0.7035955594264253
test,2019-0352,3,751,6,0.0,0.5352607745573525
test,2019-0352,3,751,7,1.0,0.6636588632100601
test,2019-0352,3,751,8,0.0,0.4238576017831764
test,2019-0352,3,751,9,1.0,0.37050371444996105
test,2019-0352,3,751,10,1.0,0.39296089474875534
test,2019-0352,3,751,11,0.0,0.6106539869668753
test,2019-0352,3,751,12,1.0,0.8825211255848104
test,2019-0352,3,751,13,1.0,0.38953526890321183
test,2019-0352,3,751,14,0.0,0.716529280980892
test,2019-0352,3,751,15,0.0,0.07412690887637385
test,2019-0352,4,752,0,1.0,0.8406226630715276
test,2019-0352,4,752,1,0.0,0.14755368659479062
test,2019-0352,4,752,2,0.0,0.3681373741841356
test,2019-0352,4,752,3,0.0,0.6337829806046751
test,2019-0352,4,752,4,1.0,0.370202205336076
test,2019-0352,4,752,5,1.0,0.7200250615556504
test,2019-0352,4,752,6,0.0,0.6728132176818554
test,2019-0352,4,752,7,1.0,0.4140435735481607
test,2019-0352,5,753,0,1.0,0.8366115664694882
test,2019-0352,5,753,1,0.0,0.24833051442095674
test,2019-0352,5,753,2,1.0,0.429426167914132
test,2019-0352,5,753,3,0.0,0.10148134646584656
test,2019-0352,6,754,0,1.0,0.8127857977292602
test,2019-0352,6,754,1,0.0,0.8580565596278203
test,2019-0352,7,755,0,0.0,0.1680583389577354
test,2019-0410,2,693,0,1.0,0.6484419022059597
test,2019-0410,2,693,1,1.0,0.8086228419609645
test,2019-0410,2,693,2,0.0,0.7108934747737686
test,2019-0410,2,693,3,0.0,0.34944630890815365
test,2019-0410,2,693,4,1.0,0.7584554758449115
test,2019-0410,2,693,5,1.0,0.7659038934920024
test,2019-0410,2,693,6,1.0,0.7577032357735461
test,2019-0410,2,693,7,0.0,0.23140234953606129
test,2019-0410,2,693,8,1.0,0.671982171895688
test,2019-0410,2,693,9,0.0,0.5999626203338277
test,2019-0410,2,693,10,0.0,0.6723941544087443
test,2019-0410,2,693,11,1.0,0.3330709261176402
test,2019-0410,2,693,12,0.0,0.5607924326868954
test,2019-0410,2,693,13,1.0,0.8512425109154288
test,2019-0410,2,693,14,1.0,0.40756391281199894
test,2019-0410,2,693,15,1.0,0.4131588641855883
test,2019-0410,2,693,16,1.0,0.4753173372213344
test,2019-0410,2,693,17,0.0,0.550599081733882
test,2019-0410,2,693,18,0.0,0.49688681214115327
test,2019-0410,2,693,19,1.0,0.33010532929331227
test,2019-0410,2,693,20,1.0,0.7702312670823012
test,2019-0410,2,693,21,0.0,0.2059905117084469
test,2019-0410,2,693,22,1.0,0.5955540036375382
test,2019-0410,2,693,23,1.0,0.48492738944470076
test,2019-0410,3,694,0,0.0,0.7644384109535597
test,2019-0410,3,694,1,0.0,0.7819073047193086
test,2019-0410,3,694,2,0.0,0.6405076305853151
test,2019-0410,3,694,3,1.0,0.25119399045864416
test,2019-0410,3,694,4,1.0,0.8363435373441617
test,2019-0410,3,694,5,1.0,0.5390379846350616
test,2019-0410,3,694,6,0.0,0.44967541485763335
test,2019-0410,3,694,7,1.0,0.227791047369685
test,2019-0410,3,694,8,1.0,0.8566071828535984
test,2019-0410,3,694,9,1.0,0.7764260699929912
test,2019-0410,3,694,10,0.0,0.19947569710966082
test,2019-0410,3,694,11,0.0,0.3850607304552532
test,2019-0410,3,694,12,0.0,0.8239534165245621
test,2019-0410,3,694,13,1.0,0.8492145361859179
test,2019-0410,3,694,14,0.0,0.3439524451666702
test,2019-0410,3,694,15,1.0,0.2562829498126134
test,2019-0410,4,695,0,1.0,0.8514478745804958
test,2019-0410,4,695,1,1.0,0.45025181459659525
test,2019-0410,4,695,2,0.0,0.7305408704253864
test,2019-0410,4,695,3,1.0,0.6935108132634088
test,2019-0410,4,695,4,0.0,0.7706352794311181
test,2019-0410,4,695,5,1.0,0.4995237628656595
test,2019-0410,4,695,6,1.0,0.8978457968852799
test,2019-0410,4,695,7,0.0,0.4263856869226713
test,2019-0410,5,696,0,0.0,0.0877925004196518
test,2019-0410,5,696,1,1.0,0.4415157148431466
test,2019-0410,5,696,2,0.0,0.3807074053686953
test,2019-0410,5,696,3,1.0,0.12383288448802517
test,2019-0410,6,697,0,1.0,0.1386731134938886
test,2019-0410,6,697,1,0.0,0.43903636186523803
test,2019-0410,7,698,0,0.0,0.41378673286672335
test,2019-0421,2,725,0,1.0,0.4614800815141598
test,2019-0421,2,725,1,0.0,0.12393809256607448
test,2019-0421,2,725,2,0.0,0.2151397993496884
test,2019-0421,2,725,3,1.0,0.26492595461488766
test,2019-0421,2,725,4,1.0,0.47797375023138183
test,2019-0421,2,725,5,0.0,0.669618571551563
test,2019-0421,2,725,6,0.0,0.44340582045165966
test,2019-0421,2,725,7,0.0,0.4921006460123195
test,2019-0421,2,725,8,1.0,0.726477803159967
test,2019-0421,2,725,9,0.0,0.2732597588800494
test,2019-0421,2,725,10,0.0,0.5049659076644334
test,2019-0421,2,725,11,1.0,0.5018703946619716
test,2019-0421,2,725,12,1.0,0.6899040493793595
test,2019-0421,2,725,13,1.0,0.7639266702036166
test,2019-0421,2,725,14,0.0,0.14724220294519846
test,2019-0421,2,725,15,1.0,0.7375022426988578
test,2019-0421,2,725,16,0.0,0.5376681750670483
test,2019-0421,2,725,17,0.0,0.3803734338918151
test,2019-0421,2,725,18,1.0,0.5785571600156761
test,2019-0421,2,725,19,0.0,0.20690626078651797
test,2019-0421,2,725,20,0.0,0.7170591839717099
test,2019-0421,2,725,21,1.0,0.3745899013484822
test,2019-0421,2,725,22,0.0,0.47967229471786366
test,2019-0421,2,725,23,0.0,0.18854411853982844
test,2019-0421,3,726,0,1.0,0.5072028986786652
test,2019-0421,3,726,1,0.0,0.7021025983944469
test,2019-0421,3,726,2,0.0,0.44135590518701434
test,2019-0421,3,726,3,1.0,0.8047526967349917
test,2019-0421,3,726,4,0.0,0.6516702981028245
test,2019-0421,3,726,5,0.0,0.20500568652721507
test,2019-0421,3,726,6,0.0,0.6964908579122466
test,2019-0421,3,726,7,1.0,0.5345877113662562
test,2019-0421,3,726,8,1.0,0.9004624741974018
test,2019-0421,3,726,9,1.0,0.2580079680819718
test,2019-0421,3,726,10,0.0,0.5824245620196264
test,2019-0421,3,726,11,0.0,0.5812971431182961
test,2019-0421,3,726,12,0.0,0.8513029048360808
test,2019-0421,3,726,13,1.0,0.660910779932779
test,2019-0421,3,726,14,0.0,0.21079294717232605
test,2019-0421,3,726,15,0.0,0.16187137506935179
test,2019-0421,4,727,0,0.0,0.551097503188206
test,2019-0421,4,727,1,0.0,0.25383628528130403
test,2019-0421,4,727,2,0.0,0.2537685415282623
test,2019-0421,4,727,3,1.0,0.6748964419985521
test,2019-0421,4,727,4,0.0,0.3217455758271284
test,2019-0421,4,727,5,0.0,0.2966616324938796
test,2019-0421,4,727,6,0.0,0.3703597727567306
test,2019-0421,4,727,7,1.0,0.8949136177164213
test,2019-0421,5,728,0,0.0,0.6951281773009558
test,2019-0421,5,728,1,1.0,0.3998726322817689
test,2019-0421,5,728,2,1.0,0.47858032431496006
test,2019-0421,5,728,3,1.0,0.8465626794404343
test,2019-0421,6,729,0,1.0,0.37894042526101135
test,2019-0421,6,729,1,1.0,0.8365745775168079
test,2019-0421,7,730,0,1.0,0.8563420603832208
test,2019-5014,2,744,0,0.0,0.39366766636152833
test,2019-5014,2,744,1,1.0,0.896872940260151
test,2019-5014,2,744,2,0.0,0.2710173611075588
test,2019-5014,2,744,3,1.0,0.7156687205380194
test,2019-5014,2,744,4,0.0,0.1747965166209318
test,2019-5014,2,744,5,1.0,0.32325319919582124
test,2019-5014,2,744,6,0.0,0.5178523162872353
test,2019-5014,2,744,7,1.0,0.2172683978989561
test,2019-5014,2,744,8,0.0,0.20000786885317015
test,2019-5014,2,744,9,1.0,0.5647770475568938
test,2019-5014,2,744,10,0.0,0.302035131489746
test,2019-5014,2,744,11,1.0,0.374514046805189
test,2019-5014,2,744,12,0.0,0.7461463649380727
test,2019-5014,2,744,13,1.0,0.45781550663109816
test,2019-5014,2,744,14,1.0,0.6372159718843887
test,2019-5014,2,744,15,0.0,0.6752350323158963
test,2019-5014,2,744,16,1.0,0.4461038083851392
test,2019-5014,2,744,17,1.0,0.40607341369396444
test,2019-5014,2,744,18,0.0,0.09802133634573278
test,2019-5014,2,744,19,0.0,0.36263032671250434
test,2019-5014,2,744,20,0.0,0.40599129848310134
test,2019-5014,2,744,21,1.0,0.34116530646069393
test,2019-5014,2,744,22,0.0,0.6974653197129201
test,2019-5014,2,744,23,0.0,0.6097781411650979
test,2019-5014,3,745,0,1.0,0.8273324257736795
test,2019-5014,3,745,1,0.0,0.2547540933134902
test,2019-5014,3,745,2,1.0,0.58530510042824
test,2019-5014,3,745,3,0.0,0.33142194064043745
test,2019-5014,3,745,4,0.0,0.4226731383337626
test,2019-5014,3,745,5,1.0,0.534704723190629
test,2019-5014,3,745,6,1.0,0.6236187744259286
test,2019-5014,3,745,7,1.0,0.7557020419576059
test,2019-5014,3,745,8,1.0,0.6998271269799611
test,2019-5014,3,745,9,0.0,0.6176647834650757
test,2019-5014,3,745,10,0.0,0.19676572326323036
test,2019-5014,3,745,11,0.0,0.41347899135086813
test,2019-5014,3,745,12,1.0,0.2814607856509086
test,2019-5014,3,745,13,0.0,0.3203727834184674
test,2019-5014,3,745,14,1.0,0.7271808924833824
test,2019-5014,3,745,15,1.0,0.7601423134820747
test,2019-5014,4,746,0,0.0,0.3351529709398341
test,2019-5014,4,746,1,0.0,0.3006283074838007
test,2019-5014,4,746,2,0.0,0.4099513814903853
test,2019-5014,4,746,3,0.0,0.22108594138961146
test,2019-5014,4,746,4,1.0,0.4398993125764861
test,2019-5014,4,746,5,0.0,0.720038240333759
test,2019-5014,4,746,6,0.0,0.2615959803480054
test,2019-5014,4,746,7,0.0,0.28754028622492134
test,2019-5014,5,747,0,1.0,0.21335644725603334
test,2019-5014,5,747,1,1.0,0.6193321752307304
test,2019-5014,5,747,2,1.0,0.29254842188007824
test,2019-5014,5,747,3,1.0,0.3007589165646081
test,2019-5014,6,748,0,1.0,0.6807694532834546
test,2019-5014,6,748,1,0.0,0.27390346138609734
test,2019-5014,7,749,0,0.0,0.49968046262911253
test,2019-520,1,711,0,0.0,0.11123040415416476
test,2019-520,1,711,1,1.0,0.32891402198386593
test,2019-520,1,711,2,0.0,0.5732813027056437
test,2019-520,1,711,3,0.0,0.20651920432580448
test,2019-520,1,711,4,1.0,0.7688848279083902
test,2019-520,1,711,5,1.0,0.38704763560942446
test,2019-520,1,711,6,1.0,0.5228025984887643
test,2019-520,1,711,7,1.0,0.874572728374747
test,2019-520,1,711,8,1.0,0.7847375506190893
test,2019-520,1,711,9,1.0,0.5694939032130955
test,2019-520,1,711,10,1.0,0.6345913134200153
test,2019-520,1,711,11,1.0,0.3083341867768323
test,2019-520,1,711,12,1.0,0.9150085937507514
test,2019-520,1,711,13,0.0,0.8079544250724229
test,2019-520,1,711,14,0.0,0.15172507780153205
test,2019-520,1,711,15,1.0,0.8726964894484653
test,2019-520,1,711,16,0.0,0.7024503645866558
test,2019-520,1,711,17,0.0,0.31772344623675053
test,2019-520,1,711,18,1.0,0.5503909198596297
test,2019-520,1,711,19,1.0,0.8340518919717349
test,2019-520,1,711,20,1.0,0.7735627827261924
test,2019-520,1,711,21,0.0,0.235792413410304
test,2019-520,1,711,22,1.0,0.7886397323155091
test,2019-520,1,711,23,1.0,0.21313948024757876
test,2019-520,1,711,24,0.0,0.2736396713876333
test,2019-520,1,711,25,0.0,0.4562262535450643
test,2019-520,1,711,26,1.0,0.7242525559356185
test,2019-520,1,711,27,0.0,0.5640511143968994
test,2019-520,1,711,28,1.0,0.8169168531055723
test,2019-520,1,711,29,0.0,0.1795645865888348
test,2019-520,1,711,30,0.0,0.4841000896190579
test,2019-520,1,711,31,0.0,0.29022071480337713
test,2019-520,1,711,32,1.0,0.7184706380898055
test,2019-520,1,711,33,1.0,0.8604258700336923
test,2019-520,1,711,34,0.0,0.8068697083421191
test,2019-520,1,711,35,1.0,0.530955037731554
test,2019-520,1,711,36,0.0,0.15532097891868726
test,2019-520,1,711,37,1.0,0.9161475811910677
test,2019-520,1,711,38,1.0,0.6133066706900583
test,2019-520,1,711,39,1.0,0.9035556470136828
test,2019-520,1,711,40,1.0,0.6446567323119766
test,2019-520,1,711,41,0.0,0.8084274851840847
test,2019-520,1,711,42,1.0,0.9001096533882645
test,2019-520,1,711,43,0.0,0.22138626778709183
test,2019-520,1,711,44,0.0,0.7365694191007346
test,2019-520,1,711,45,0.0,0.49430547236052447
test,2019-520,1,711,46,0.0,0.15530861927906459
test,2019-520,1,711,47,0.0,0.08979787216825422
test,2019-520,1,711,48,0.0,0.4318411236124494
test,2019-520,1,711,49,1.0,0.5447122485795368
test,2019-520,1,711,50,0.0,0.6942361369598695
test,2019-520,1,711,51,0.0,0.3527626515188126
test,2019-520,1,711,52,1.0,0.6733416790934235
test,2019-520,1,711,53,0.0,0.2617788656975853
test,2019-520,1,711,54,1.0,0.38577532485276794
test,2019-520,1,711,55,0.0,0.8770841203307436
test,2019-520,1,711,56,1.0,0.6852722529017371
test,2019-520,1,711,57,0.0,0.3516483304662885
test,2019-520,1,711,58,1.0,0.729175452186462
test,2019-520,1,711,59,0.0,0.10046746999532839
test,2019-520,1,711,60,1.0,0.6051250978104364
test,2019-520,1,711,61,0.0,0.626720076651586
test,2019-520,1,711,62,1.0,0.9745765859509209
test,2019-520,1,711,63,0.0,0.3845152722929533
test,2019-520,2,712,0,1.0,0.32858166224884683
test,2019-520,2,712,1,1.0,0.949768718980587
test,2019-520,2,712,2,1.0,0.8182426660266418
test,2019-520,2,712,3,0.0,0.7914191512047013
test,2019-520,2,712,4,1.0,0.5173064824372873
test,2019-520,2,712,5,0.0,0.28686885785639776
test,2019-520,2,712,6,1.0,0.7460822086835697
test,2019-520,2,712,7,0.0,0.2310257576577057
test,2019-520,2,712,8,1.0,0.8725281433191935
test,2019-520,2,712,9,1.0,0.8823239315465843
test,2019-520,2,712,10,1.0,0.4259625108800167
test,2019-520,2,712,11,1.0,0.18416866328974046
test,2019-520,2,712,12,1.0,0.7223883805642514
test,2019-520,2,712,13,1.0,0.8333277940550897
test,2019-520,2,712,14,0.0,0.7050725638919755
test,2019-520,2,712,15,0.0,0.5353247769564745
test,2019-520,2,712,16,1.0,0.8468252920040868
test,2019-520,2,712,17,0.0,0.19019911756389787
test,2019-520,2,712,18,1.0,0.6592136328157898
test,2019-520,2,712,19,1.0,0.846380596453376
test,2019-520,2,712,20,1.0,0.3197460476306736
test,2019-520,2,712,21,1.0,0.2145693461776781
test,2019-520,2,712,22,1.0,0.2455274724173251
test,2019-520,2,712,23,0.0,0.612150363874267
test,2019-520,2,712,24,0.0,0.10410437432683559
test,2019-520,2,712,25,0.0,0.21018035820130107
test,2019-520,2,712,26,1.0,0.6804491039451667
test,2019-520,2,712,27,1.0,0.8279920880624406
test,2019-520,2,712,28,0.0,0.29660708510121303
test,2019-520,2,712,29,1.0,0.9267332159977928
test,2019-520,2,712,30,1.0,0.21842383005706328
test,2019-520,2,712,31,1.0,0.8723270536700298
test,2019-520,3,713,0,1.0,0.6545084862170003
test,2019-520,3,713,1,0.0,0.452689065581421
test,2019-520,3,713,2,1.0,0.7632414033115166
test,2019-520,3,713,3,1.0,0.8112956620353463
test,2019-520,3,713,4,0.0,0.22246227011755512
test,2019-520,3,713,5,0.0,0.19534246531301175
test,2019-520,3,713,6,1.0,0.366671082099797
test,2019-520,3,713,7,1.0,0.743359411904842
test,2019-520,3,713,8,0.0,0.35610388387937053
test,2019-520,3,713,9,1.0,0.9132014574317872
test,2019-520,3,713,10,1.0,0.8726421862893453
test,2019-520,3,713,11,1.0,0.7637507614162103
test,2019-520,3,713,12,1.0,0.7806937356781798
test,2019-520,3,713,13,0.0,0.5696780800253008
test,2019-520,3,713,14,0.0,0.12897263997219496
test,2019-520,3,713,15,0.0,0.6432494806743586
test,2019-520,4,714,0,0.0,0.06556446260951342
test,2019-520,4,714,1,0.0,0.23995269394529117
test,2019-520,4,714,2,0.0,0.16068987664497672
test,2019-520,4,714,3,0.0,0.4778429425487949
test,2019-520,4,714,4,1.0,0.6584501006799748
test,2019-520,4,714,5,1.0,0.5774858751516411
test,2019-520,4,714,6,0.0,0.13276987448273603
test,2019-520,4,714,7,1.0,0.3841345592120508
test,2019-520,5,715,0,1.0,0.6445358202104958
test,2019-520,5,715,1,1.0,0.8501162478915995
test,2019-520,5,715,2,0.0,0.26406108814248963
test,2019-520,5,715,3,1.0,0.7688197780036007
test,2019-520,6,716,0,1.0,0.7743818559095733
test,2019-520,6,716,1,1.0,0.2181960790181437
test,2019-520,7,717,0,1.0,0.8278183695286194
test,2019-540,1,718,0,0.0,0.20214729920255417
test,2019-540,1,718,1,1.0,0.3885307241720292
test,2019-540,1,718,2,1.0,0.19786656673482525
test,2019-540,1,718,3,1.0,0.35518094165819264
test,2019-540,1,718,4,0.0,0.46034582530276924
test,2019-540,1,718,5,0.0,0.22842307589904984
test,2019-540,1,718,6,1.0,0.7639566369667964
test,2019-540,1,718,7,1.0,0.3109534019673097
test,2019-540,1,718,8,0.0,0.2998332910103385
test,2019-540,1,718,9,0.0,0.09307094553597596
test,2019-540,1,718,10,1.0,0.8837459838252061
test,2019-540,1,718,11,1.0,0.7945911027756195
test,2019-540,1,718,12,1.0,0.6946972468483006
test,2019-540,1,718,13,1.0,0.7398245739295286
test,2019-540,1,718,14,0.0,0.3390031568982354
test,2019-540,1,718,15,0.0,0.3743744151571863
test,2019-540,1,718,16,0.0,0.5229468408486369
test,2019-540,1,718,17,0.0,0.7584536087295076
test,2019-540,1,718,18,1.0,0.7849017092245845
test,2019-540,1,718,19,0.0,0.19638009128730322
test,2019-540,1,718,20,1.0,0.6693087538200039
test,2019-540,1,718,21,1.0,0.7842689444217141
test,2019-540,1,718,22,0.0,0.35247577913008854
test,2019-540,1,718,23,1.0,0.6044087468483726
test,2019-540,1,718,24,0.0,0.1506457200255548
test,2019-540,1,718,25,0.0,0.2762495954503035
test,2019-540,1,718,26,0.0,0.6564563279488195
test,2019-540,1,718,27,0.0,0.4231860284986132
test,2019-540,1,718,28,1.0,0.5783989145630163
test,2019-540,1,718,29,1.0,0.4706096026282733
test,2019-540,1,718,30,0.0,0.4895342789309915
test,2019-540,1,718,31,0.0,0.12809464882940644
test,2019-540,1,718,32,0.0,0.07326430297632677
test,2019-540,1,718,33,1.0,0.7362786677656069
test,2019-540,1,718,34,1.0,0.7076227617060625
test,2019-540,1,718,35,1.0,0.21959188317707345
test,2019-540,1,718,36,0.0,0.16047727381947974
test,2019-540,1,718,37,0.0,0.4802846700374866
test,2019-540,1,718,38,0.0,0.24663153200247642
test,2019-540,1,718,39,1.0,0.7633222922394444
test,2019-540,1,718,40,1.0,0.7108605600367387
test,2019-540,1,718,41,1.0,0.46517019063162957
test,2019-540,1,718,42,1.0,0.5861178147620948
test,2019-540,1,718,43,1.0,0.6859892245769325
test,2019-540,1,718,44,0.0,0.2267674964699102
test,2019-540,1,718,45,1.0,0.2871909252442381
test,2019-540,1,718,46,1.0,0.6221491346945993
test,2019-540,1,718,47,0.0,0.28120381568495634
test,2019-540,1,718,48,0.0,0.8622027594233719
test,2019-540,1,718,49,1.0,0.3986006308322354
test,2019-540,1,718,50,1.0,0.2118701113167979
test,2019-540,1,718,51,0.0,0.3626557645111712
test,2019-540,1,718,52,0.0,0.6231027524273905
test,2019-540,1,718,53,0.0,0.486203463193623
test,2019-540,1,718,54,1.0,0.870223826097804
test,2019-540,1,718,55,0.0,0.522287575250221
test,2019-540,1,718,56,0.0,0.22436088968704537
test,2019-540,1,718,57,1.0,0.2443321027013082
test,2019-540,1,718,58,1.0,0.6667119792410767
test,2019-540,1,718,59,0.0,0.38423441816496534
test,2019-540,1,718,60,1.0,0.5421853301968074
test,2019-540,1,718,61,0.0,0.47812810326573435
test,2019-540,1,718,62,0.0,0.05689511062197994
test,2019-540,1,718,63,1.0,0.45384071155594374
test,2019-540,2,719,0,0.0,0.09355530841848156
test,2019-540,2,719,1,1.0,0.740513765863006
test,2019-540,2,719,2,0.0,0.24973527180307
test,2019-540,2,719,3,0.0,0.6129298440009057
test,2019-540,2,719,4,0.0,0.42172330746891
test,2019-540,2,719,5,1.0,0.21310736070787373
test,2019-540,2,719,6,0.0,0.5947135305335073
test,2019-540,2,719,7,0.0,0.6806755707977954
test,2019-540,2,719,8,0.0,0.1761913268269429
test,2019-540,2,719,9,0.0,0.7257142752943773
test,2019-540,2,719,10,1.0,0.7545137143937509
test,2019-540,2,719,11,0.0,0.31908253364448336
test,2019-540,2,719,12,1.0,0.7868524736822239
test,2019-540,2,719,13,1.0,0.6990159078133096
test,2019-540,2,719,14,0.0,0.3411130673503914
test,2019-540,2,719,15,0.0,0.5128593754402696
test,2019-540,2,719,16,0.0,0.46308177731831685
test,2019-540,2,719,17,1.0,0.22458504528706305
test,2019-540,2,719,18,1.0,0.7724029024474562
test,2019-540,2,719,19,1.0,0.20245089982298292
test,2019-540,2,719,20,1.0,0.5351385132612525
test,2019-540,2,719,21,0.0,0.21817157067716597
test,2019-540,2,719,22,0.0,0.12329247619913655
test,2019-540,2,719,23,1.0,0.8140164311774108
test,2019-540,2,719,24,1.0,0.5461160463970598
test,2019-540,2,719,25,1.0,0.7347474188804327
test,2019-540,2,719,26,0.0,0.2830626765440192
test,2019-540,2,719,27,0.0,0.5199861394274309
test,2019-540,2,719,28,1.0,0.6755742022494802
test,2019-540,2,719,29,1.0,0.33988233634490156
test,2019-540,2,719,30,1.0,0.9120671720968184
test,2019-540,2,719,31,1.0,0.3333864573581862
test,2019-540,3,720,0,0.0,0.5287391637408125
test,2019-540,3,720,1,0.0,0.7908434194461389
test,2019-540,3,720,2,1.0,0.8659972733850041
test,2019-540,3,720,3,0.0,0.3114253504246498
test,2019-540,3,720,4,1.0,0.6220713325180728
test,2019-540,3,720,5,1.0,0.4795939429505457
test,2019-540,3,720,6,0.0,0.20088677132039787
test,2019-540,3,720,7,1.0,0.8954384368219016
test,2019-540,3,720,8,1.0,0.7157183514632235
test,2019-540,3,720,9,0.0,0.44020775566373527
test,2019-540,3,720,10,0.0,0.7286102463247535
test,2019-540,3,720,11,1.0,0.7738212053191446
test,2019-540,3,720,12,0.0,0.7719333236039061
test,2019-540,3,720,13,1.0,0.3445115649777312
test,2019-540,3,720,14,0.0,0.1625080977519583
test,2019-540,3,720,15,1.0,0.27855053906072047
test,2019-540,4,721,0,0.0,0.12452991793495344
test,2019-540,4,721,1,1.0,0.7892747395484482
test,2019-540,4,721,2,0.0,0.110434481615589
test,2019-540,4,721,3,0.0,0.24276495245992574
test,2019-540,4,721,4,1.0,0.6608216418139958
test,2019-540,4,721,5,0.0,0.780195240632524
test,2019-540,4,721,6,1.0,0.5659083352927512
test,2019-540,4,721,7,0.0,0.0975590719611856
test,2019-540,5,722,0,1.0,0.8533914484226939
test,2019-540,5,722,1,1.0,0.747781510568317
test,2019-540,5,722,2,0.0,0.2812344907811871
test,2019-540,5,722,3,1.0,0.836901823847362
test,2019-540,6,723,0,0.0,0.608821832320486
test,2019-540,6,723,1,0.0,0.17035848216860197
test,2019-540,7,724,0,1.0,0.5610362668314601
test,2019-560,1,737,0,0.0,0.45165700910147405
test,2019-560,1,737,1,1.0,0.6009539757873923
test,2019-560,1,737,2,0.0,0.09492267653000744
test,2019-560,1,737,3,0.0,0.6606706520447698
test,2019-560,1,737,4,0.0,0.2162553554908518
test,2019-560,1,737,5,1.0,0.17345361267257303
test,2019-560,1,737,6,0.0,0.2930493732539462
test,2019-560,1,737,7,1.0,0.21285815308176237
test,2019-560,1,737,8,0.0,0.6258067945852293
test,2019-560,1,737,9,0.0,0.5674147544975822
test,2019-560,1,737,10,1.0,0.19255925266106833
test,2019-560,1,737,11,1.0,0.6757531612094483
test,2019-560,1,737,12,0.0,0.27651935707441827
test,2019-560,1,737,13,1.0,0.3698414433173967
test,2019-560,1,737,14,0.0,0.3693507860510048
test,2019-560,1,737,15,0.0,0.8532996472455961
test,2019-560,1,737,16,0.0,0.4182596616038487
test,2019-560,1,737,17,1.0,0.5957744415738135
test,2019-560,1,737,18,1.0,0.15127617273179825
test,2019-560,1,737,19,1.0,0.6080240184720933
test,2019-560,1,737,20,0.0,0.24786147773472142
test,2019-560,1,737,21,0.0,0.12342196216965055
test,2019-560,1,737,22,0.0,0.335551307543145
test,2019-560,1,737,23,1.0,0.506821019597121
test,2019-560,1,737,24,1.0,0.2277964693219094
test,2019-560,1,737,25,1.0,0.37035657012753304
test,2019-560,1,737,26,0.0,0.2634369476236453
test,2019-560,1,737,27,1.0,0.9273443200236801
test,2019-560,1,737,28,1.0,0.21064368130208727
test,2019-560,1,737,29,0.0,0.5181206848296359
test,2019-560,1,737,30,0.0,0.24053127100212215
test,2019-560,1,737,31,1.0,0.9026281682975896
test,2019-560,1,737,32,0.0,0.4650622386204906
test,2019-560,1,737,33,1.0,0.6186402281819228
test,2019-560,1,737,34,1.0,0.7909221064022324
test,2019-560,1,737,35,1.0,0.22312409102988137
test,2019-560,1,737,36,1.0,0.28265720739891503
test,2019-560,1,737,37,0.0,0.9256174818684262
test,2019-560,1,737,38,0.0,0.39133076701408454
test,2019-560,1,737,39,0.0,0.5262191295227892
test,2019-560,1,737,40,1.0,0.7491431335243067
test,2019-560,1,737,41,0.0,0.36388330538855396
test,2019-560,1,737,42,0.0,0.11449996376677439
test,2019-560,1,737,43,1.0,0.9603694821973746
test,2019-560,1,737,44,0.0,0.22690519325972297
test,2019-560,1,737,45,0.0,0.664288740639115
test,2019-560,1,737,46,0.0,0.4682397366221257
test,2019-560,1,737,47,1.0,0.6766812439461708
test,2019-560,1,737,48,0.0,0.6707636438607857
test,2019-560,1,737,49,0.0,0.6958751045604861
test,2019-560,1,737,50,0.0,0.14193921700411138
test,2019-560,1,737,51,0.0,0.18036744155772616
test,2019-560,1,737,52,1.0,0.4371390415521285
test,2019-560,1,737,53,0.0,0.6478178916944892
test,2019-560,1,737,54,0.0,0.21274693042935044
test,2019-560,1,737,55,0.0,0.5978280778879361
test,2019-560,1,737,56,1.0,0.7815709927572673
test,2019-560,1,737,57,1.0,0.8795549836709056
test,2019-560,1,737,58,1.0,0.855062301898205
test,2019-560,1,737,59,1.0,0.1411099349857823
test,2019-560,1,737,60,0.0,0.18639865799150898
test,2019-560,1,737,61,1.0,0.9146243931778641
test,2019-560,1,737,62,0.0,0.15096911896515053
test,2019-560,1,737,63,0.0,0.823697392051565
test,2019-560,2,738,0,0.0,0.05974495214145788
test,2019-560,2,738,1,1.0,0.40994464713610995
test,2019-560,2,738,2,0.0,0.10434879966815645
test,2019-560,2,738,3,0.0,0.33419685925174786
test,2019-560,2,738,4,0.0,0.44818355152090344
test,2019-560,2,738,5,1.0,0.29304881965280277
test,2019-560,2,738,6,0.0,0.20923187565869988
test,2019-560,2,738,7,1.0,0.8945677465538595
test,2019-560,2,738,8,0.0,0.5435622956317557
test,2019-560,2,738,9,1.0,0.8134639707732291
test,2019-560,2,738,10,1.0,0.29388961981083067
test,2019-560,2,738,11,0.0,0.6211308994302194
test,2019-560,2,738,12,1.0,0.7029247234912646
test,2019-560,2,738,13,0.0,0.7116746256201194
test,2019-560,2,738,14,0.0,0.12018361058373406
test,2019-560,2,738,15,1.0,0.9251292474099201
test,2019-560,2,738,16,1.0,0.8358885119593645
test,2019-560,2,738,17,1.0,0.7360938135474294
test,2019-560,2,738,18,0.0,0.6178963524534595
test,2019-560,2,738,19,0.0,0.6668224131008716
test,2019-560,2,738,20,1.0,0.8023765866259646
test,2019-560,2,738,21,0.0,0.17410169367256
test,2019-560,2,738,22,1.0,0.45240059382355013
test,2019-560,2,738,23,0.0,0.6687150560445102
test,2019-560,2,738,24,0.0,0.6341237610656671
test,2019-560,2,738,25,1.0,0.4625714948507847
test,2019-560,2,738,26,0.0,0.1589565352248429
test,2019-560,2,738,27,1.0,0.6657497502267297
test,2019-560,2,738,28,0.0,0.8057058689436238
test,2019-560,2,738,29,0.0,0.5636261131938477
test,2019-560,2,738,30,0.0,0.1435268628879381
test,2019-560,2,738,31,1.0,0.8274246610477731
test,2019-560,3,739,0,0.0,0.4060150452603318
test,2019-560,3,739,1,1.0,0.8803094480138802
test,2019-560,3,739,2,0.0,0.5806982219471328
test,2019-560,3,739,3,1.0,0.31806602495926534
test,2019-560,3,739,4,0.0,0.7454022734302269
test,2019-560,3,739,5,1.0,0.8333848393626593
test,2019-560,3,739,6,0.0,0.4124502619720483
test,2019-560,3,739,7,0.0,0.07618202746991784
test,2019-560,3,739,8,1.0,0.25931431851527625
test,2019-560,3,739,9,0.0,0.20776191764486712
test,2019-560,3,739,10,0.0,0.5278745116771298
test,2019-560,3,739,11,1.0,0.7600512274336015
test,2019-560,3,739,12,0.0,0.1614767709879313
test,2019-560,3,739,13,0.0,0.4703037355339616
test,2019-560,3,739,14,0.0,0.10593792103730634
test,2019-560,3,739,15,1.0,0.7657972912425592
test,2019-560,4,740,0,0.0,0.6084110016302312
test,2019-560,4,740,1,1.0,0.8143692060672308
test,2019-560,4,740,2,0.0,0.6610620100713107
test,2019-560,4,740,3,1.0,0.697510819320076
test,2019-560,4,740,4,1.0,0.7865537578820769
test,2019-560,4,740,5,1.0,0.8280367967697269
test,2019-560,4,740,6,1.0,0.17582978787815334
test,2019-560,4,740,7,0.0,0.18742478697543957
test,2019-560,5,741,0,0.0,0.1510904250720283
test,2019-560,5,741,1,0.0,0.7886280683010858
test,2019-560,5,741,2,0.0,0.8185232368988413
test,2019-560,5,741,3,1.0,0.5674454444012021
test,2019-560,6,742,0,1.0,0.9149815454831352
test,2019-560,6,742,1,0.0,0.3901756280255747
test,2019-560,7,743,0,0.0,0.17658326618415737
test,2019-580,1,672,0,0.0,0.6815850358382559
test,2019-580,1,672,1,1.0,0.9120649193094174
test,2019-580,1,672,2,1.0,0.7715542513819544
test,2019-580,1,672,3,0.0,0.1025704425734447
test,2019-580,1,672,4,0.0,0.19648067423487073
test,2019-580,1,672,5,0.0,0.1406661180359265
test,2019-580,1,672,6,1.0,0.8053364543195412
test,2019-580,1,672,7,1.0,0.6237258757989786
test,2019-580,1,672,8,0.0,0.20747330941444328
test,2019-580,1,672,9,1.0,0.8344482902176277
test,2019-580,1,672,10,1.0,0.8575059448547718
test,2019-580,1,672,11,0.0,0.40210107274674445
test,2019-580,1,672,12,0.0,0.7124642841337636
test,2019-580,1,672,13,1.0,0.7605056739294019
test,2019-580,1,672,14,1.0,0.7335557148780224
test,2019-580,1,672,15,0.0,0.605904094731926
test,2019-580,1,672,16,1.0,0.6735594118844368
test,2019-580,1,672,17,1.0,0.5920289906129471
test,2019-580,1,672,18,1.0,0.24453899013331384
test,2019-580,1,672,19,0.0,0.2592733562171776
test,2019-580,1,672,20,0.0,0.4896013292729621
test,2019-580,1,672,21,1.0,0.6250550632879353
test,2019-580,1,672,22,1.0,0.6013234663392159
test,2019-580,1,672,23,0.0,0.5649465797353191
test,2019-580,1,672,24,0.0,0.29398143495353
test,2019-580,1,672,25,0.0,0.559621269970548
test,2019-580,1,672,26,1.0,0.8442911114355511
test,2019-580,1,672,27,0.0,0.21617609679604
test,2019-580,1,672,28,0.0,0.246359617607396
test,2019-580,1,672,29,0.0,0.3674506326639086
test,2019-580,1,672,30,1.0,0.3416887622286876
test,2019-580,1,672,31,0.0,0.3100193774501011
test,2019-580,1,672,32,1.0,0.5438911784917962
test,2019-580,1,672,33,1.0,0.4608385878626715
test,2019-580,1,672,34,1.0,0.15082745230724687
test,2019-580,1,672,35,0.0,0.1745655499468226
test,2019-580,1,672,36,1.0,0.5299379226648843
test,2019-580,1,672,37,0.0,0.41885093298327003
test,2019-580,1,672,38,0.0,0.2503983879490497
test,2019-580,1,672,39,0.0,0.23031109328999075
test,2019-580,1,672,40,1.0,0.7340480238115865
test,2019-580,1,672,41,0.0,0.44627424510650754
test,2019-580,1,672,42,1.0,0.5393322895728561
test,2019-580,1,672,43,1.0,0.10469583579561346
test,2019-580,1,672,44,1.0,0.8421953215567395
test,2019-580,1,672,45,1.0,0.4396940872647519
test,2019-580,1,672,46,0.0,0.049084179449578075
test,2019-580,1,672,47,1.0,0.8624634767274383
test,2019-580,1,672,48,1.0,0.9131321360589115
test,2019-580,1,672,49,0.0,0.2530213996240062
test,2019-580,1,672,50,1.0,0.5440443427083956
test,2019-580,1,672,51,1.0,0.10019057234897154
test,2019-580,1,672,52,1.0,0.9007076617318064
test,2019-580,1,672,53,1.0,0.957606110997623
test,2019-580,1,672,54,0.0,0.15810044624539313
test,2019-580,1,672,55,1.0,0.9264143612600683
test,2019-580,1,672,56,1.0,0.8827748681929781
test,2019-580,1,672,57,0.0,0.11824642045466709
test,2019-580,1,672,58,1.0,0.8293397078818541
test,2019-580,1,672,59,0.0,0.0768779826347694
test,2019-580,1,672,60,0.0,0.1864321734502674
test,2019-580,1,672,61,1.0,0.7186515589056724
test,2019-580,1,672,62,1.0,0.4925134016133862
test,2019-580,1,672,63,1.0,0.901442961911843
test,2019-580,2,673,0,1.0,0.8164719910298195
test,2019-580,2,673,1,1.0,0.6969519550258153
test,2019-580,2,673,2,0.0,0.2295815796671269
test,2019-580,2,673,3,1.0,0.7793446265626305
test,2019-580,2,673,4,1.0,0.7115712759842137
test,2019-580,2,673,5,1.0,0.815610185964715
test,2019-580,2,673,6,0.0,0.3652164751441041
test,2019-580,2,673,7,0.0,0.4950680982535987
test,2019-580,2,673,8,1.0,0.6421457950622064
test,2019-580,2,673,9,0.0,0.2548654381373415
test,2019-580,2,673,10,1.0,0.8078962740335228
test,2019-580,2,673,11,0.0,0.20153333795735007
test,2019-580,2,673,12,0.0,0.21902495204399394
test,2019-580,2,673,13,0.0,0.3041647597368131
test,2019-580,2,673,14,1.0,0.6565795494824368
test,2019-580,2,673,15,1.0,0.5890891027720646
test,2019-580,2,673,16,0.0,0.30167704338010326
test,2019-580,2,673,17,1.0,0.5608810390452956
test,2019-580,2,673,18,1.0,0.8688973598325154
test,2019-580,2,673,19,0.0,0.7546640791809184
test,2019-580,2,673,20,0.0,0.8220932109516683
test,2019-580,2,673,21,0.0,0.633133178893858
test,2019-580,2,673,22,0.0,0.8527695946715518
test,2019-580,2,673,23,0.0,0.7598359627726904
test,2019-580,2,673,24,1.0,0.47143036176853087
test,2019-580,2,673,25,0.0,0.10073266198605654
test,2019-580,2,673,26,0.0,0.20966474592585707
test,2019-580,2,673,27,0.0,0.09286904398593039
test,2019-580,2,673,28,1.0,0.8668050503430644
test,2019-580,2,673,29,1.0,0.6142240493269293
test,2019-580,2,673,30,0.0,0.26183717534085615
test,2019-580,2,673,31,1.0,0.7159845242916993
test,2019-580,3,674,0,1.0,0.8157273353214907
test,2019-580,3,674,1,0.0,0.20357305056114183
test,2019-580,3,674,2,0.0,0.22422119749821715
test,2019-580,3,674,3,1.0,0.7615572016785932
test,2019-580,3,674,4,1.0,0.5169511840395082
test,2019-580,3,674,5,1.0,0.9016624611538658
test,2019-580,3,674,6,0.0,0.2602451450740537
test,2019-580,3,674,7,1.0,0.872357074525303
test,2019-580,3,674,8,1.0,0.25896152670652006
test,2019-580,3,674,9,1.0,0.5717395803865551
test,2019-580,3,674,10,1.0,0.5622895026228986
test,2019-580,3,674,11,1.0,0.5804765851788565
test,2019-580,3,674,12,1.0,0.3881687619712239
test,2019-580,3,674,13,0.0,0.12904746868531927
test,2019-580,3,674,14,1.0,0.7663558927744918
test,2019-580,3,674,15,1.0,0.8783232149897331
test,2019-580,4,675,0,1.0,0.6593442230974625
test,2019-580,4,675,1,1.0,0.2745262124818837
test,2019-580,4,675,2,1.0,0.8942289596974843
test,2019-580,4,675,3,1.0,0.313257630664627
test,2019-580,4,675,4,1.0,0.28323265839955325
test,2019-580,4,675,5,1.0,0.4595529936180429
test,2019-580,4,675,6,0.0,0.8588869920452947
test,2019-580,4,675,7,1.0,0.827354103503642
test,2019-580,5,676,0,0.0,0.6490836234402749
test,2019-580,5,676,1,0.0,0.7582303492724969
test,2019-580,5,676,2,1.0,0.7843402011911376
test,2019-580,5,676,3,1.0,0.8812639248881247
test,2019-580,6,677,0,1.0,0.8753785626656589
test,2019-580,6,677,1,1.0,0.8733336762196845
test,2019-580,7,678,0,0.0,0.4813834978127765
test,2019-M006,1,679,0,1.0,0.686907410996712
test,2019-M006,1,679,1,0.0,0.3448434360918713
test,2019-M006,1,679,2,1.0,0.3552796798576711
test,2019-M006,1,679,3,0.0,0.47005469711332776
test,2019-M006,1,679,4,0.0,0.8355094019823407
test,2019-M006,1,679,5,0.0,0.18255811075549455
test,2019-M006,1,679,6,0.0,0.5115417480940505
test,2019-M006,1,679,7,0.0,0.7357810523953572
test,2019-M006,1,679,8,1.0,0.45165310370029566
test,2019-M006,1,679,9,1.0,0.3850058743868929
test,2019-M006,1,679,10,1.0,0.5803156846716405
test,2019-M006,1,679,11,1.0,0.4907264396541186
test,2019-M006,1,679,12,0.0,0.2940065874074596
test,2019-M006,1,679,13,1.0,0.49355581131893317
test,2019-M006,1,679,14,1.0,0.2967545462641808
test,2019-M006,1,679,15,0.0,0.24028778231032438
test,2019-M006,1,679,16,1.0,0.37329741282705203
test,2019-M006,1,679,17,0.0,0.3594301414236941
test,2019-M006,1,679,18,1.0,0.48188226507120513
test,2019-M006,1,679,19,0.0,0.6749228798647033
test,2019-M006,1,679,20,0.0,0.6725873055772392
test,2019-M006,1,679,21,1.0,0.4850162904633451
test,2019-M006,1,679,22,0.0,0.754317845504664
test,2019-M006,1,679,23,1.0,0.8325617056701966
test,2019-M006,1,679,24,0.0,0.4281152712280857
test,2019-M006,1,679,25,0.0,0.37666468022881927
test,2019-M006,1,679,26,1.0,0.11883695461317371
test,2019-M006,1,679,27,0.0,0.4662448701049286
test,2019-M006,1,679,28,0.0,0.43152403844126885
test,2019-M006,1,679,29,0.0,0.43472519058597897
test,2019-M006,1,679,30,0.0,0.4248663199251035
test,2019-M006,1,679,31,0.0,0.289537837110652
test,2019-M006,2,680,0,1.0,0.8990518448881097
test,2019-M006,2,680,1,0.0,0.618541464889405
test,2019-M006,2,680,2,0.0,0.3255225129085473
test,2019-M006,2,680,3,1.0,0.7181514791329444
test,2019-M006,2,680,4,1.0,0.7042879606343059
test,2019-M006,2,680,5,1.0,0.8472585263084985
test,2019-M006,2,680,6,1.0,0.7737592682096175
test,2019-M006,2,680,7,1.0,0.6013009850571731
test,2019-M006,2,680,8,1.0,0.3201540830912942
test,2019-M006,2,680,9,0.0,0.7097721292748741
test,2019-M006,2,680,10,1.0,0.7052011785322283
test,2019-M006,2,680,11,1.0,0.2849486053568968
test,2019-M006,2,680,12,0.0,0.21352579531747717
test,2019-M006,2,680,13,1.0,0.6922687661860359
test,2019-M006,2,680,14,1.0,0.6416222512079369
test,2019-M006,2,680,15,0.0,0.21070091036118882
test,2019-M006,2,680,16,0.0,0.17574832088723427
test,2019-M006,2,680,17,0.0,0.7532953706002347
test,2019-M006,2,680,18,1.0,0.5905804681660742
test,2019-M006,2,680,19,1.0,0.27775771676454214
test,2019-M006,2,680,20,0.0,0.33649210327438955
test,2019-M006,2,680,21,0.0,0.20341326008768607
test,2019-M006,2,680,22,0.0,0.14578946463131517
test,2019-M006,2,680,23,0.0,0.20994835881246948
test,2019-M006,2,680,24,1.0,0.26556338058210155
test,2019-M006,2,680,25,1.0,0.6709972502991564
test,2019-M006,2,680,26,0.0,0.7046830971223181
test,2019-M006,2,680,27,0.0,0.7390049707606526
test,2019-M006,2,680,28,1.0,0.42059148967575033
test,2019-M006,2,680,29,0.0,0.8431462298594782
test,2019-M006,2,680,30,1.0,0.570700747685949
test,2019-M006,2,680,31,0.0,0.28341390915664716
test,2019-M006,3,681,0,1.0,0.6827230663235916
test,2019-M006,3,681,1,0.0,0.2194158519448287
test,2019-M006,3,681,2,1.0,0.4495075246766687
test,2019-M006,3,681,3,0.0,0.22928959625380574
test,2019-M006,3,681,4,0.0,0.23463121790014702
test,2019-M006,3,681,5,1.0,0.7453442212783584
test,2019-M006,3,681,6,0.0,0.712972405481814
test,2019-M006,3,681,7,0.0,0.8169907140711327
test,2019-M006,3,681,8,0.0,0.5170520822405903
test,2019-M006,3,681,9,1.0,0.4390921418040313
test,2019-M006,3,681,10,0.0,0.7611354213633924
test,2019-M006,3,681,11,0.0,0.33995498190317386
test,2019-M006,3,681,12,0.0,0.2883738709783393
test,2019-M006,3,681,13,1.0,0.6631535035621318
test,2019-M006,3,681,14,0.0,0.8053862910158539
test,2019-M006,3,681,15,1.0,0.8158790448346244
test,2019-M006,4,682,0,1.0,0.461203696047673
test,2019-M006,4,682,1,1.0,0.7713923856981575
test,2019-M006,4,682,2,1.0,0.26019523518031573
test,2019-M006,4,682,3,1.0,0.3669966837236017
test,2019-M006,4,682,4,1.0,0.7454736885008948
test,2019-M006,4,682,5,0.0,0.29414438063621123
test,2019-M006,4,682,6,0.0,0.3724814310952215
test,2019-M006,4,682,7,1.0,0.8221345981380762
test,2019-M006,5,683,0,0.0,0.25198021358100503
test,2019-M006,5,683,1,0.0,0.14618627692895125
test,2019-M006,5,683,2,0.0,0.17694113463291572
test,2019-M006,5,683,3,0.0,0.46213404865938523
test,2019-M006,6,684,0,0.0,0.5539293783901079
test,2019-M006,6,684,1,0.0,0.5909997057646814
test,2019-M006,7,685,0,0.0,0.6971547568916417
test,2019-M007,1,686,0,0.0,0.5875460785262722
test,2019-M007,1,686,1,1.0,0.4194727335305404
test,2019-M007,1,686,2,0.0,0.5853955322925183
test,2019-M007,1,686,3,0.0,0.7444031352553384
test,2019-M007,1,686,4,0.0,0.3368984440087135
test,2019-M007,1,686,5,0.0,0.24092661766509704
test,2019-M007,1,686,6,1.0,0.775774673171085
test,2019-M007,1,686,7,1.0,0.8026177623042559
test,2019-M007,1,686,8,0.0,0.34683666360121834
test,2019-M007,1,686,9,0.0,0.1531459975236148
test,2019-M007,1,686,10,0.0,0.560552028830958
test,2019-M007,1,686,11,0.0,0.5189824450665875
test,2019-M007,1,686,12,0.0,0.5550832323218361
test,2019-M007,1,686,13,0.0,0.29321221005280057
test,2019-M007,1,686,14,1.0,0.24107614384066817
test,2019-M007,1,686,15,0.0,0.41628620845472414
test,2019-M007,1,686,16,1.0,0.5232156627480375
test,2019-M007,1,686,17,0.0,0.3413753074701935
test,2019-M007,1,686,18,1.0,0.8223537861347157
test,2019-M007,1,686,19,0.0,0.409983520458644
test,2019-M007,1,686,20,1.0,0.7749092860621913
test,2019-M007,1,686,21,1.0,0.1128059749704906
test,2019-M007,1,686,22,0.0,0.468906533690415
test,2019-M007,1,686,23,0.0,0.6483441886291852
test,2019-M007,1,686,24,1.0,0.6916400088748546
test,2019-M007,1,686,25,0.0,0.3945065306028652
test,2019-M007,1,686,26,1.0,0.4193518937323011
test,2019-M007,1,686,27,1.0,0.30401867953987927
test,2019-M007,1,686,28,1.0,0.4270448937382979
test,2019-M007,1,686,29,0.0,0.2966971880168608
test,2019-M007,1,686,30,0.0,0.5377134407103986
test,2019-M007,1,686,31,0.0,0.5268397548217753
test,2019-M007,2,687,0,0.0,0.16818307524498852
test,2019-M007,2,687,1,0.0,0.5443972029745427
test,2019-M007,2,687,2,0.0,0.21994414340883012
test,2019-M007,2,687,3,0.0,0.17926175187876062
test,2019-M007,2,687,4,1.0,0.7630869158341714
test,2019-M007,2,687,5,1.0,0.7800892053816711
test,2019-M007,2,687,6,1.0,0.4381952702721488
test,2019-M007,2,687,7,0.0,0.08945109465535671
test,2019-M007,2,687,8,0.0,0.8016883051990751
test,2019-M007,2,687,9,1.0,0.8400458563755947
test,2019-M007,2,687,10,0.0,0.8053352852425718
test,2019-M007,2,687,11,0.0,0.5185522507201966
test,2019-M007,2,687,12,1.0,0.2162088466424776
test,2019-M007,2,687,13,1.0,0.34072372829293346
test,2019-M007,2,687,14,1.0,0.8864690806080909
test,2019-M007,2,687,15,1.0,0.6655055184875901
test,2019-M007,2,687,16,0.0,0.37634500840917195
test,2019-M007,2,687,17,0.0,0.2970265372160055
test,2019-M007,2,687,18,1.0,0.7180129056785373
test,2019-M007,2,687,19,1.0,0.38172299067804744
test,2019-M007,2,687,20,1.0,0.8488179526498935
test,2019-M007,2,687,21,1.0,0.6494476259094665
test,2019-M007,2,687,22,1.0,0.2384174089320117
test,2019-M007,2,687,23,0.0,0.8317193057248394
test,2019-M007,2,687,24,0.0,0.4522518921000712
test,2019-M007,2,687,25,0.0,0.4743566155553108
test,2019-M007,2,687,26,1.0,0.21393778431834612
test,2019-M007,2,687,27,0.0,0.16125303910270533
test,2019-M007,2,687,28,1.0,0.43355993298460493
test,2019-M007,2,687,29,1.0,0.8033276062935902
test,2019-M007,2,687,30,0.0,0.09714335009475597
test,2019-M007,2,687,31,0.0,0.47896708579189556
test,2019-M007,3,688,0,1.0,0.6996064330857232
test,2019-M007,3,688,1,1.0,0.2914559015325344
test,2019-M007,3,688,2,0.0,0.4268559261874733
test,2019-M007,3,688,3,0.0,0.08805840559781472
test,2019-M007,3,688,4,0.0,0.4633366714072241
test,2019-M007,3,688,5,1.0,0.41914143268735077
test,2019-M007,3,688,6,1.0,0.6764950175498936
test,2019-M007,3,688,7,1.0,0.7058492196618584
test,2019-M007,3,688,8,1.0,0.5194452981100725
test,2019-M007,3,688,9,0.0,0.20891431996416726
test,2019-M007,3,688,10,0.0,0.2913156533465382
test,2019-M007,3,688,11,1.0,0.5436059322603609
test,2019-M007,3,688,12,0.0,0.15405948592226357
test,2019-M007,3,688,13,0.0,0.2883022691087138
test,2019-M007,3,688,14,0.0,0.7838418035305987
test,2019-M007,3,688,15,1.0,0.6932855814588057
test,2019-M007,4,689,0,1.0,0.33310389166851617
test,2019-M007,4,689,1,1.0,0.5910411791409701
test,2019-M007,4,689,2,1.0,0.8484702791238958
test,2019-M007,4,689,3,1.0,0.7767759933504759
test,2019-M007,4,689,4,1.0,0.5126675708489116
test,2019-M007,4,689,5,1.0,0.6324186812800029
test,2019-M007,4,689,6,1.0,0.1629190885732689
test,2019-M007,4,689,7,0.0,0.4706607371320411
test,2019-M007,5,690,0,0.0,0.38927707472701717
test,2019-M007,5,690,1,1.0,0.7582354756573476
test,2019-M007,5,690,2,0.0,0.6861090062310603
test,2019-M007,5,690,3,1.0,0.6056363747994448
test,2019-M007,6,691,0,1.0,0.8150380770921015
test,2019-M007,6,691,1,0.0,0.28438009356670496
test,2019-M007,7,692,0,1.0,0.7470986890121222
test,2019-M009,2,705,0,0.0,0.7444925613407328
test,2019-M009,2,705,1,1.0,0.45560705500692417
test,2019-M009,2,705,2,0.0,0.4005463204757967
test,2019-M009,2,705,3,0.0,0.29762770488732543
test,2019-M009,2,705,4,1.0,0.4440001311816324
test,2019-M009,2,705,5,0.0,0.5914026530795088
test,2019-M009,2,705,6,0.0,0.5138265886189411
test,2019-M009,2,705,7,0.0,0.20510181910183625
test,2019-M009,2,705,8,0.0,0.5945207948632226
test,2019-M009,2,705,9,1.0,0.9169790839849878
test,2019-M009,2,705,10,1.0,0.36571478605088875
test,2019-M009,2,705,11,1.0,0.48513196341989245
test,2019-M009,2,705,12,0.0,0.8034387450245031
test,2019-M009,2,705,13,1.0,0.37717940324226745
test,2019-M009,2,705,14,0.0,0.22986247069105148
test,2019-M009,2,705,15,1.0,0.714506095706535
test,2019-M009,2,705,16,1.0,0.47781366827898974
test,2019-M009,2,705,17,0.0,0.5542788985866243
test,2019-M009,2,705,18,0.0,0.5397987777710439
test,2019-M009,2,705,19,1.0,0.7451788157058521
test,2019-M009,2,705,20,1.0,0.7026870078898285
test,2019-M009,2,705,21,1.0,0.47596750967214746
test,2019-M009,2,705,22,1.0,0.3812000133498213
test,2019-M009,2,705,23,1.0,0.4603314561659155
test,2019-M009,3,706,0,0.0,0.4307821542378193
test,2019-M009,3,706,1,1.0,0.8961129819534471
test,2019-M009,3,706,2,1.0,0.4840089977563339
test,2019-M009,3,706,3,1.0,0.2731390425706444
test,2019-M009,3,706,4,1.0,0.7758931267308703
test,2019-M009,3,706,5,0.0,0.1346011715393678
test,2019-M009,3,706,6,1.0,0.6743630293209096
test,2019-M009,3,706,7,1.0,0.2157435467196645
test,2019-M009,3,706,8,0.0,0.5046655049666116
test,2019-M009,3,706,9,0.0,0.8546867098639096
test,2019-M009,3,706,10,0.0,0.414680419226815
test,2019-M009,3,706,11,0.0,0.7503544209863219
test,2019-M009,3,706,12,0.0,0.2490034796945015
test,2019-M009,3,706,13,0.0,0.19893046704183895
test,2019-M009,3,706,14,0.0,0.21403994671789134
test,2019-M009,3,706,15,1.0,0.8276913485143391
test,2019-M009,4,707,0,0.0,0.24190305389090802
test,2019-M009,4,707,1,0.0,0.14896062900648271
test,2019-M009,4,707,2,0.0,0.1520038815757053
test,2019-M009,4,707,3,1.0,0.6859440841961321
test,2019-M009,4,707,4,0.0,0.6569292839086275
test,2019-M009,4,707,5,1.0,0.6673228361085495
test,2019-M009,4,707,6,0.0,0.5608742394980227
test,2019-M009,4,707,7,1.0,0.9023180627071876
test,2019-M009,5,708,0,0.0,0.18975837193527345
test,2019-M009,5,708,1,0.0,0.588735514356927
test,2019-M009,5,708,2,1.0,0.2860210595442019
test,2019-M009,5,708,3,1.0,0.8736828727977838
test,2019-M009,6,709,0,1.0,0.8348422154049403
test,2019-M009,6,709,1,0.0,0.1361617540279312
test,2019-M009,7,710,0,0.0,0.4045574049327339
test,2019-M021,2,699,0,1.0,0.3399897875101023
test,2019-M021,2,699,1,1.0,0.679444766138978
test,2019-M021,2,699,2,0.0,0.5738009718780992
test,2019-M021,2,699,3,1.0,0.36434923499152366
test,2019-M021,2,699,4,0.0,0.3129791845563764
test,2019-M021,2,699,5,0.0,0.8394513645944858
test,2019-M021,2,699,6,0.0,0.6849165131591803
test,2019-M021,2,699,7,1.0,0.6260383383305722
test,2019-M021,2,699,8,0.0,0.6803438867114088
test,2019-M021,2,699,9,1.0,0.7460893193715981
test,2019-M021,2,699,10,1.0,0.6784856563576697
test,2019-M021,2,699,11,1.0,0.5082552206751808
test,2019-M021,2,699,12,1.0,0.36819790120799456
test,2019-M021,2,699,13,0.0,0.3782703160930772
test,2019-M021,2,699,14,0.0,0.3154122569141623
test,2019-M021,2,699,15,0.0,0.7877955192668351
test,2019-M021,2,699,16,0.0,0.1310955045872485
test,2019-M021,2,699,17,0.0,0.8278746086205686
test,2019-M021,2,699,18,0.0,0.5878705392759193
test,2019-M021,2,699,19,0.0,0.162492553018812
test,2019-M021,2,699,20,0.0,0.3001341547230377
test,2019-M021,2,699,21,0.0,0.64449638062359
test,2019-M021,2,699,22,1.0,0.24782065353616792
test,2019-M021,2,699,23,0.0,0.8154166858938948
test,2019-M021,3,700,0,1.0,0.7801691509258749
test,2019-M021,3,700,1,1.0,0.3450730396948472
test,2019-M021,3,700,2,0.0,0.4072375422942758
test,2019-M021,3,700,3,1.0,0.8415064028270768
test,2019-M021,3,700,4,1.0,0.7969271611804136
test,2019-M021,3,700,5,1.0,0.6943703829540282
test,2019-M021,3,700,6,1.0,0.529135392225943
test,2019-M021,3,700,7,0.0,0.8281153067560029
test,2019-M021,3,700,8,0.0,0.25796892461427723
test,2019-M021,3,700,9,1.0,0.3100701724827683
test,2019-M021,3,700,10,0.0,0.11244631015153725
test,2019-M021,3,700,11,0.0,0.1527376617545746
test,2019-M021,3,700,12,0.0,0.26700501036535423
test,2019-M021,3,700,13,1.0,0.2954197521763651
test,2019-M021,3,700,14,1.0,0.8969028480269816
test,2019-M021,3,700,15,1.0,0.4264797651961515
test,2019-M021,4,701,0,1.0,0.9062914969655208
test,2019-M021,4,701,1,0.0,0.5816191555768143
test,2019-M021,4,701,2,1.0,0.8026889122911837
test,2019-M021,4,701,3,0.0,0.5446802304815869
test,2019-M021,4,701,4,0.0,0.4346280224147256
test,2019-M021,4,701,5,1.0,0.71174200016553
test,2019-M021,4,701,6,1.0,0.8322495696071329
test,2019-M021,4,701,7,0.0,0.12610261915377347
test,2019-M021,5,702,0,0.0,0.23882090220284746
test,2019-M021,5,702,1,1.0,0.8372592478761345
test,2019-M021,5,702,2,0.0,0.7546414352239424
test,2019-M021,5,702,3,0.0,0.49650734909126015
test,2019-M021,6,703,0,0.0,0.2660608372357722
test,2019-M021,6,703,1,1.0,0.12180009027496978
test,2019-M021,7,704,0,0.0,0.15310264194473724
test,2019-M024,2,731,0,0.0,0.2672139028594884
test,2019-M024,2,731,1,1.0,0.6799360472588775
test,2019-M024,2,731,2,0.0,0.37747768355559913
test,2019-M024,2,731,3,0.0,0.3759581268162039
test,2019-M024,2,731,4,0.0,0.27361206599478477
test,2019-M024,2,731,5,1.0,0.7723373913007091
test,2019-M024,2,731,6,1.0,0.3730256582629295
test,2019-M024,2,731,7,0.0,0.46938244791320544
test,2019-M024,2,731,8,0.0,0.6301446961603397
test,2019-M024,2,731,9,0.0,0.46834910151743364
test,2019-M024,2,731,10,1.0,0.3988464201937093
test,2019-M024,2,731,11,0.0,0.3926691229001646
test,2019-M024,2,731,12,0.0,0.7180069164605725
test,2019-M024,2,731,13,0.0,0.6957897300801281
test,2019-M024,2,731,14,0.0,0.2691189161345694
test,2019-M024,2,731,15,0.0,0.27857226949702385
test,2019-M024,2,731,16,0.0,0.26395310117779686
test,2019-M024,2,731,17,0.0,0.31833059602161135
test,2019-M024,2,731,18,0.0,0.7828439229703295
test,2019-M024,2,731,19,0.0,0.4573831182394632
test,2019-M024,2,731,20,1.0,0.48302063896644104
test,2019-M024,2,731,21,0.0,0.6197965261186396
test,2019-M024,2,731,22,0.0,0.23250056342529435
test,2019-M024,2,731,23,1.0,0.20350768875458705
test,2019-M024,3,732,0,1.0,0.6652023392090265
test,2019-M024,3,732,1,0.0,0.3533575452662397
test,2019-M024,3,732,2,0.0,0.4645730596787534
test,2019-M024,3,732,3,1.0,0.22709010976265082
test,2019-M024,3,732,4,1.0,0.6858702616524175
test,2019-M024,3,732,5,1.0,0.8415258297506749
test,2019-M024,3,732,6,0.0,0.6237473150408169
test,2019-M024,3,732,7,0.0,0.5944151759696844
test,2019-M024,3,732,8,0.0,0.3882409718655257
test,2019-M024,3,732,9,1.0,0.909264088337422
test,2019-M024,3,732,10,0.0,0.756518026424489
test,2019-M024,3,732,11,0.0,0.3443220244584868
test,2019-M024,3,732,12,0.0,0.5206184139160617
test,2019-M024,3,732,13,1.0,0.19517796569478313
test,2019-M024,3,732,14,1.0,0.6932201005426586
test,2019-M024,3,732,15,0.0,0.301319667519011
test,2019-M024,4,733,0,1.0,0.777897298386824
test,2019-M024,4,733,1,0.0,0.16679064423567216
test,2019-M024,4,733,2,0.0,0.6672613852176538
test,2019-M024,4,733,3,1.0,0.11852026740087888
test,2019-M024,4,733,4,1.0,0.5812021156253927
test,2019-M024,4,733,5,0.0,0.6050223365787337
test,2019-M024,4,733,6,0.0,0.4986414329764848
test,2019-M024,4,733,7,1.0,0.6257422232829711
test,2019-M024,5,734,0,1.0,0.8571866204439123
test,2019-M024,5,734,1,0.0,0.2921181058711893
test,2019-M024,5,734,2,1.0,0.3263220227264178
test,2019-M024,5,734,3,0.0,0.2792093579444419
test,2019-M024,6,735,0,0.0,0.8163033653625361
test,2019-M024,6,735,1,1.0,0.6041552097282914
test,2019-M024,7,736,0,0.0,0.4916305582719918
test,2020-0352,2,789,0,0.0,0.4394243967782439
test,2020-0352,2,789,1,1.0,0.28126912518659125
test,2020-0352,2,789,2,0.0,0.31509322333046086
test,2020-0352,2,789,3,1.0,0.5999580115858242
test,2020-0352,2,789,4,0.0,0.1796404950505356
test,2020-0352,2,789,5,1.0,0.6404624697643676
test,2020-0352,2,789,6,0.0,0.5413881463536321
test,2020-0352,2,789,7,1.0,0.370724816703914
test,2020-0352,2,789,8,0.0,0.2821145957796617
test,2020-0352,2,789,9,0.0,0.5148297780247897
test,2020-0352,2,789,10,0.0,0.305096678681944
test,2020-0352,2,789,11,0.0,0.5633251320792957
test,2020-0352,2,789,12,1.0,0.4837303006072271
test,2020-0352,2,789,13,0.0,0.6557999692030602
test,2020-0352,2,789,14,1.0,0.18741155621346786
test,2020-0352,2,789,15,0.0,0.28530718978687003
test,2020-0352,2,789,16,1.0,0.5750018977331266
test,2020-0352,2,789,17,1.0,0.7683806604567027
test,2020-0352,2,789,18,0.0,0.5559412420025023
test,2020-0352,2,789,19,1.0,0.41340000758783435
test,2020-0352,2,789,20,0.0,0.18204427534917553
test,2020-0352,2,789,21,1.0,0.6722500057667848
test,2020-0352,2,789,22,0.0,0.5129554791219155
test,2020-0352,2,789,23,0.0,0.6446484898619887
test,2020-0352,3,790,0,0.0,0.2159342804506845
test,2020-0352,3,790,1,1.0,0.22860329654424102
test,2020-0352,3,790,2,1.0,0.8147731459532231
test,2020-0352,3,790,3,1.0,0.2632881392369671
test,2020-0352,3,790,4,1.0,0.7413752724164199
test,2020-0352,3,790,5,0.0,0.35859176337993004
test,2020-0352,3,790,6,1.0,0.906880175936243
test,2020-0352,3,790,7,1.0,0.32130809285343176
test,2020-0352,3,790,8,1.0,0.5776759530176746
test,2020-0352,3,790,9,0.0,0.7688500846794721
test,2020-0352,3,790,10,1.0,0.8110385755720982
test,2020-0352,3,790,11,1.0,0.524349907055079
test,2020-0352,3,790,12,1.0,0.7727383346771359
test,2020-0352,3,790,13,1.0,0.6681465743181684
test,2020-0352,3,790,14,0.0,0.34508531459215497
test,2020-0352,3,790,15,1.0,0.44344737630695535
test,2020-0352,4,791,0,0.0,0.11767175838006566
test,2020-0352,4,791,1,0.0,0.2473476121348713
test,2020-0352,4,791,2,0.0,0.23036772106466052
test,2020-0352,4,791,3,0.0,0.49247399181071416
test,2020-0352,4,791,4,0.0,0.23684197580015953
test,2020-0352,4,791,5,1.0,0.7580441999832706
test,2020-0352,4,791,6,1.0,0.24255643520610762
test,2020-0352,4,791,7,0.0,0.1623677649906681
test,2020-0352,5,792,0,0.0,0.17232047487549162
test,2020-0352,5,792,1,0.0,0.3228309849210711
test,2020-0352,5,792,2,1.0,0.6430855363670537
test,2020-0352,5,792,3,1.0,0.8147249349328687
test,2020-0352,6,793,0,1.0,0.2522088552053271
test,2020-0352,6,793,1,1.0,0.5130333802344395
test,2020-0352,7,794,0,1.0,0.5195519165102116
test,2020-520,1,782,0,0.0,0.7851538882863439
test,2020-520,1,782,1,0.0,0.21326244669294772
test,2020-520,1,782,2,0.0,0.16818933486353266
test,2020-520,1,782,3,1.0,0.2543583918702152
test,2020-520,1,782,4,0.0,0.2919003385354741
test,2020-520,1,782,5,0.0,0.7427822133544963
test,2020-520,1,782,6,0.0,0.5570190750113808
test,2020-520,1,782,7,0.0,0.27582608595151054
test,2020-520,1,782,8,0.0,0.22338537829089006
test,2020-520,1,782,9,0.0,0.4935243824062536
test,2020-520,1,782,10,1.0,0.569853981424336
test,2020-520,1,782,11,1.0,0.7239671025733949
test,2020-520,1,782,12,0.0,0.27249632682071606
test,2020-520,1,782,13,0.0,0.69497692677766
test,2020-520,1,782,14,1.0,0.6720482608684317
test,2020-520,1,782,15,1.0,0.8957859382859364
test,2020-520,1,782,16,0.0,0.04651042776920063
test,2020-520,1,782,17,1.0,0.9500445527900155
test,2020-520,1,782,18,0.0,0.43221300525335515
test,2020-520,1,782,19,0.0,0.38579824484733277
test,2020-520,1,782,20,1.0,0.8845558615970702
test,2020-520,1,782,21,1.0,0.20646218272378547
test,2020-520,1,782,22,0.0,0.31712999659200014
test,2020-520,1,782,23,1.0,0.5188996349098477
test,2020-520,1,782,24,0.0,0.7163577241865885
test,2020-520,1,782,25,1.0,0.8131537788142973
test,2020-520,1,782,26,1.0,0.37719836695091885
test,2020-520,1,782,27,1.0,0.23713693002093084
test,2020-520,1,782,28,0.0,0.30206387489723086
test,2020-520,1,782,29,0.0,0.41063608630629206
test,2020-520,1,782,30,0.0,0.35656118722701
test,2020-520,1,782,31,1.0,0.4135149883854671
test,2020-520,1,782,32,0.0,0.3584902298326523
test,2020-520,1,782,33,1.0,0.8743606239428975
test,2020-520,1,782,34,0.0,0.3890673690531549
test,2020-520,1,782,35,0.0,0.7980732129987325
test,2020-520,1,782,36,1.0,0.25793233527169257
test,2020-520,1,782,37,0.0,0.6638502909212696
test,2020-520,1,782,38,1.0,0.2227725607704914
test,2020-520,1,782,39,1.0,0.6652287868676919
test,2020-520,1,782,40,0.0,0.33914855135824756
test,2020-520,1,782,41,0.0,0.31686751994782253
test,2020-520,1,782,42,1.0,0.7437161736740249
test,2020-520,1,782,43,0.0,0.18290336723605605
test,2020-520,1,782,44,1.0,0.45847592636411993
test,2020-520,1,782,45,0.0,0.420748186377274
test,2020-520,1,782,46,0.0,0.21725036878758316
test,2020-520,1,782,47,1.0,0.7872062496289516
test,2020-520,1,782,48,0.0,0.8421901843421107
test,2020-520,1,782,49,0.0,0.8036645866802052
test,2020-520,1,782,50,0.0,0.8566897240136938
test,2020-520,1,782,51,1.0,0.4330846314690526
test,2020-520,1,782,52,1.0,0.8174552802049107
test,2020-520,1,782,53,0.0,0.20985809717194334
test,2020-520,1,782,54,0.0,0.791173479033013
test,2020-520,1,782,55,0.0,0.18984801067718388
test,2020-520,1,782,56,0.0,0.2959068611906706
test,2020-520,1,782,57,0.0,0.23998597076340003
test,2020-520,1,782,58,1.0,0.13782763293578154
test,2020-520,1,782,59,1.0,0.8268346314488096
test,2020-520,1,782,60,0.0,0.805054747852925
test,2020-520,1,782,61,1.0,0.4130182930118204
test,2020-520,1,782,62,1.0,0.5039035179208405
test,2020-520,1,782,63,0.0,0.15887910348766587
test,2020-520,2,783,0,0.0,0.6200524651683749
test,2020-520,2,783,1,0.0,0.06542453880572789
test,2020-520,2,783,2,1.0,0.3411868876468136
test,2020-520,2,783,3,0.0,0.3838247602041064
test,2020-520,2,783,4,1.0,0.8143722686305868
test,2020-520,2,783,5,1.0,0.8204980808083734
test,2020-520,2,783,6,0.0,0.3624532458029426
test,2020-520,2,783,7,0.0,0.2077439361601918
test,2020-520,2,783,8,0.0,0.42867026275092474
test,2020-520,2,783,9,0.0,0.5960487600724041
test,2020-520,2,783,10,0.0,0.5603563585066899
test,2020-520,2,783,11,1.0,0.7431146124873593
test,2020-520,2,783,12,1.0,0.20665278227920822
test,2020-520,2,783,13,0.0,0.17129590023364258
test,2020-520,2,783,14,0.0,0.47242405084253974
test,2020-520,2,783,15,1.0,0.7488415424384326
test,2020-520,2,783,16,1.0,0.9357085223862834
test,2020-520,2,783,17,1.0,0.24367682845638733
test,2020-520,2,783,18,1.0,0.1814473363832459
test,2020-520,2,783,19,0.0,0.5799177226113419
test,2020-520,2,783,20,1.0,0.7331078293851664
test,2020-520,2,783,21,1.0,0.3388353086444501
test,2020-520,2,783,22,0.0,0.40041846645453694
test,2020-520,2,783,23,0.0,0.19842401372753485
test,2020-520,2,783,24,1.0,0.812903441442871
test,2020-520,2,783,25,1.0,0.7267151756343158
test,2020-520,2,783,26,1.0,0.4316019476537478
test,2020-520,2,783,27,1.0,0.6301986162959962
test,2020-520,2,783,28,1.0,0.8733119925030327
test,2020-520,2,783,29,1.0,0.4924863556603302
test,2020-520,2,783,30,1.0,0.6396371035079133
test,2020-520,2,783,31,1.0,0.5266259923560166
test,2020-520,3,784,0,1.0,0.48853964846802317
test,2020-520,3,784,1,0.0,0.28695849362638975
test,2020-520,3,784,2,1.0,0.42518306805803463
test,2020-520,3,784,3,1.0,0.3513726787903682
test,2020-520,3,784,4,0.0,0.2353218183657886
test,2020-520,3,784,5,1.0,0.9200502126506988
test,2020-520,3,784,6,1.0,0.7905338460554197
test,2020-520,3,784,7,0.0,0.22912185908145252
test,2020-520,3,784,8,0.0,0.5992303240138741
test,2020-520,3,784,9,1.0,0.8298690401432538
test,2020-520,3,784,10,0.0,0.0886702656722884
test,2020-520,3,784,11,0.0,0.6500054761140268
test,2020-520,3,784,12,1.0,0.6764930047209035
test,2020-520,3,784,13,1.0,0.796725926402943
test,2020-520,3,784,14,1.0,0.7692745054923487
test,2020-520,3,784,15,0.0,0.7583304029212785
test,2020-520,4,785,0,1.0,0.9182134111221469
test,2020-520,4,785,1,1.0,0.2448728349569387
test,2020-520,4,785,2,0.0,0.1748862804599333
test,2020-520,4,785,3,0.0,0.22450073027444725
test,2020-520,4,785,4,1.0,0.5506520314582569
test,2020-520,4,785,5,1.0,0.4442077406275913
test,2020-520,4,785,6,1.0,0.8650810782619112
test,2020-520,4,785,7,0.0,0.530788705115548
test,2020-520,5,786,0,1.0,0.45904343331098346
test,2020-520,5,786,1,0.0,0.11068794453809694
test,2020-520,5,786,2,1.0,0.6304481591599558
test,2020-520,5,786,3,1.0,0.8845664842774283
test,2020-520,6,787,0,1.0,0.8311973319987328
test,2020-520,6,787,1,1.0,0.8540125044213059
test,2020-520,7,788,0,1.0,0.49501057900558726
test,2020-560,1,769,0,1.0,0.4641249766206697
test,2020-560,1,769,1,1.0,0.6350994276646725
test,2020-560,1,769,2,0.0,0.33286581164074386
test,2020-560,1,769,3,1.0,0.5665806597759188
test,2020-560,1,769,4,1.0,0.31062289907261337
test,2020-560,1,769,5,1.0,0.6825510214132869
test,2020-560,1,769,6,1.0,0.8411882858831498
test,2020-560,1,769,7,0.0,0.4581414903682846
test,2020-560,1,769,8,0.0,0.6835474309358948
test,2020-560,1,769,9,0.0,0.5646300636207096
test,2020-560,1,769,10,0.0,0.4787434148477621
test,2020-560,1,769,11,1.0,0.7855666677802843
test,2020-560,1,769,12,0.0,0.4609261261645801
test,2020-560,1,769,13,1.0,0.794934632147631
test,2020-560,1,769,14,0.0,0.1957976066484303
test,2020-560,1,769,15,1.0,0.6247040384079529
test,2020-560,1,769,16,1.0,0.46329153895087527
test,2020-560,1,769,17,1.0,0.13727538170104864
test,2020-560,1,769,18,0.0,0.6332449382322932
test,2020-560,1,769,19,1.0,0.2943213829627751
test,2020-560,1,769,20,0.0,0.1464751809849688
test,2020-560,1,769,21,1.0,0.6887689911985371
test,2020-560,1,769,22,0.0,0.5480303394482728
test,2020-560,1,769,23,0.0,0.3960298201153287
test,2020-560,1,769,24,1.0,0.637485476646739
test,2020-560,1,769,25,1.0,0.6466525790143739
test,2020-560,1,769,26,1.0,0.8037684656078503
test,2020-560,1,769,27,0.0,0.703942822759424
test,2020-560,1,769,28,0.0,0.10948514391066372
test,2020-560,1,769,29,1.0,0.7687646357008838
test,2020-560,1,769,30,1.0,0.3108637188917816
test,2020-560,1,769,31,1.0,0.8268572482773477
test,2020-560,1,769,32,1.0,0.8958730888303764
test,2020-560,1,769,33,0.0,0.3937173814477203
test,2020-560,1,769,34,1.0,0.8224922633715874
test,2020-560,1,769,35,1.0,0.2005932172429587
test,2020-560,1,769,36,0.0,0.12749137694641538
test,2020-560,1,769,37,0.0,0.4626645682415252
test,2020-560,1,769,38,0.0,0.7853842963326066
test,2020-560,1,769,39,1.0,0.8215288523976108
test,2020-560,1,769,40,0.0,0.2308495392464619
test,2020-560,1,769,41,0.0,0.3476176945417229
test,2020-560,1,769,42,0.0,0.6963892491280593
test,2020-560,1,769,43,1.0,0.6686860481764362
test,2020-560,1,769,44,0.0,0.2636616429018133
test,2020-560,1,769,45,0.0,0.49853902310369824
test,2020-560,1,769,46,0.0,0.47966491957005825
test,2020-560,1,769,47,0.0,0.20936713612602725
test,2020-560,1,769,48,0.0,0.7542010938510556
test,2020-560,1,769,49,0.0,0.24269806018169482
test,2020-560,1,769,50,0.0,0.21350847208367837
test,2020-560,1,769,51,1.0,0.7193601570603465
test,2020-560,1,769,52,1.0,0.8276349201691052
test,2020-560,1,769,53,0.0,0.2052952592860771
test,2020-560,1,769,54,0.0,0.18985452938505729
test,2020-560,1,769,55,0.0,0.8308398877426538
test,2020-560,1,769,56,0.0,0.7183898317625864
test,2020-560,1,769,57,0.0,0.19014221120309924
test,2020-560,1,769,58,0.0,0.20080685512516122
test,2020-560,1,769,59,1.0,0.48372944897258285
test,2020-560,1,769,60,0.0,0.6556500134306564
test,2020-560,1,769,61,1.0,0.8563564170399958
test,2020-560,1,769,62,0.0,0.8323209777349361
test,2020-560,1,769,63,0.0,0.15141339481291013
test,2020-560,2,770,0,1.0,0.8185203383323509
test,2020-560,2,770,1,1.0,0.8356893428549329
test,2020-560,2,770,2,1.0,0.3505312655243957
test,2020-560,2,770,3,0.0,0.31039117374563957
test,2020-560,2,770,4,1.0,0.7603498939181826
test,2020-560,2,770,5,1.0,0.42944926662313493
test,2020-560,2,770,6,0.0,0.23387756923430206
test,2020-560,2,770,7,1.0,0.8369354116567465
test,2020-560,2,770,8,0.0,0.24598659802234146
test,2020-560,2,770,9,0.0,0.20438951200380295
test,2020-560,2,770,10,1.0,0.8288972583726054
test,2020-560,2,770,11,1.0,0.5484466339940233
test,2020-560,2,770,12,0.0,0.8286321214956536
test,2020-560,2,770,13,0.0,0.2376649453130794
test,2020-560,2,770,14,1.0,0.8397994552152248
test,2020-560,2,770,15,0.0,0.18052830765111294
test,2020-560,2,770,16,0.0,0.5133796764498655
test,2020-560,2,770,17,1.0,0.7171675505920827
test,2020-560,2,770,18,0.0,0.13168663535716005
test,2020-560,2,770,19,1.0,0.35172930662819546
test,2020-560,2,770,20,1.0,0.5054146842680477
test,2020-560,2,770,21,0.0,0.6254211121731379
test,2020-560,2,770,22,1.0,0.7236035690129805
test,2020-560,2,770,23,1.0,0.29398423390809875
test,2020-560,2,770,24,1.0,0.4080612656386535
test,2020-560,2,770,25,0.0,0.24510815601042985
test,2020-560,2,770,26,0.0,0.45590435519080996
test,2020-560,2,770,27,0.0,0.7645885978290309
test,2020-560,2,770,28,1.0,0.6718217219803265
test,2020-560,2,770,29,0.0,0.5396698715189328
test,2020-560,2,770,30,0.0,0.31219339948284547
test,2020-560,2,770,31,1.0,0.78928482710269
test,2020-560,3,771,0,1.0,0.23665752218710495
test,2020-560,3,771,1,0.0,0.6098341605573603
test,2020-560,3,771,2,1.0,0.758140067200934
test,2020-560,3,771,3,0.0,0.2452370081227256
test,2020-560,3,771,4,0.0,0.24857602724119218
test,2020-560,3,771,5,1.0,0.8478589157059269
test,2020-560,3,771,6,0.0,0.4333681190494889
test,2020-560,3,771,7,0.0,0.5764330016539138
test,2020-560,3,771,8,1.0,0.551306876683426
test,2020-560,3,771,9,0.0,0.2755560111344007
test,2020-560,3,771,10,1.0,0.8113485347690116
test,2020-560,3,771,11,0.0,0.3531719070461182
test,2020-560,3,771,12,1.0,0.28243757048335555
test,2020-560,3,771,13,1.0,0.7055631630100498
test,2020-560,3,771,14,1.0,0.48858920175689924
test,2020-560,3,771,15,1.0,0.43273202116720344
test,2020-560,4,772,0,1.0,0.18136348876743358
test,2020-560,4,772,1,1.0,0.46872895740014137
test,2020-560,4,772,2,0.0,0.33675095485297635
test,2020-560,4,772,3,1.0,0.8227822481451367
test,2020-560,4,772,4,1.0,0.4861040431408146
test,2020-560,4,772,5,1.0,0.7711636159657327
test,2020-560,4,772,6,0.0,0.3792620216765005
test,2020-560,4,772,7,1.0,0.6486275903108318
test,2020-560,5,773,0,0.0,0.31504817666498985
test,2020-560,5,773,1,0.0,0.5737689048085118
test,2020-560,5,773,2,1.0,0.6490823211992647
test,2020-560,5,773,3,0.0,0.24425477701682277
test,2020-560,6,774,0,1.0,0.33669914338555973
test,2020-560,6,774,1,0.0,0.31616639657689594
test,2020-560,7,775,0,1.0,0.43954431519513476
test,2020-580,1,756,0,0.0,0.09644862040634056
test,2020-580,1,756,1,0.0,0.6829045889574428
test,2020-580,1,756,2,0.0,0.14299582887612072
test,2020-580,1,756,3,1.0,0.8600789545281736
test,2020-580,1,756,4,0.0,0.3578070954580427
test,2020-580,1,756,5,0.0,0.4344580627347622
test,2020-580,1,756,6,0.0,0.32267306173974425
test,2020-580,1,756,7,1.0,0.7667736133820289
test,2020-580,1,756,8,1.0,0.4541368039010526
test,2020-580,1,756,9,0.0,0.5009600219253907
test,2020-580,1,756,10,0.0,0.09207159812562042
test,2020-580,1,756,11,1.0,0.4103219281635233
test,2020-580,1,756,12,1.0,0.7351122373013885
test,2020-580,1,756,13,0.0,0.8606493731029099
test,2020-580,1,756,14,1.0,0.7672708316677546
test,2020-580,1,756,15,0.0,0.21236758969592243
test,2020-580,1,756,16,1.0,0.7141394622757669
test,2020-580,1,756,17,1.0,0.8286612933202527
test,2020-580,1,756,18,1.0,0.8407176376313402
test,2020-580,1,756,19,0.0,0.206305759002873
test,2020-580,1,756,20,0.0,0.44629168644546713
test,2020-580,1,756,21,1.0,0.8703733804238792
test,2020-580,1,756,22,1.0,0.8746646458290583
test,2020-580,1,756,23,1.0,0.6621763920288984
test,2020-580,1,756,24,1.0,0.47892850077682164
test,2020-580,1,756,25,0.0,0.22432777747898558
test,2020-580,1,756,26,1.0,0.9079929020687915
test,2020-580,1,756,27,0.0,0.31137749832465994
test,2020-580,1,756,28,1.0,0.34017942194592593
test,2020-580,1,756,29,1.0,0.9535464762097038
test,2020-580,1,756,30,1.0,0.25842926854448545
test,2020-580,1,756,31,1.0,0.4786133902259416
test,2020-580,1,756,32,1.0,0.23409242963252294
test,2020-580,1,756,33,1.0,0.8527151099903139
test,2020-580,1,756,34,1.0,0.8456326820757741
test,2020-580,1,756,35,0.0,0.30150323967127934
test,2020-580,1,756,36,1.0,0.6134029064450814
test,2020-580,1,756,37,1.0,0.3740950036287355
test,2020-580,1,756,38,1.0,0.18325625498131567
test,2020-580,1,756,39,0.0,0.5666282795678051
test,2020-580,1,756,40,0.0,0.11249954757130098
test,2020-580,1,756,41,0.0,0.6677121594145826
test,2020-580,1,756,42,0.0,0.1443486946830988
test,2020-580,1,756,43,0.0,0.19700066803193222
test,2020-580,1,756,44,1.0,0.9137351658000841
test,2020-580,1,756,45,0.0,0.2633556828446979
test,2020-580,1,756,46,0.0,0.21705636536176814
test,2020-580,1,756,47,1.0,0.8624560165690323
test,2020-580,1,756,48,1.0,0.7314247360368658
test,2020-580,1,756,49,1.0,0.858275098403925
test,2020-580,1,756,50,1.0,0.7653456805779414
test,2020-580,1,756,51,0.0,0.1011419538097196
test,2020-580,1,756,52,1.0,0.4231353713783315
test,2020-580,1,756,53,0.0,0.6240418075746146
test,2020-580,1,756,54,0.0,0.13548785541752056
test,2020-580,1,756,55,1.0,0.6732696681478602
test,2020-580,1,756,56,1.0,0.7632279274564261
test,2020-580,1,756,57,0.0,0.2414808204284983
test,2020-580,1,756,58,0.0,0.7525304983970862
test,2020-580,1,756,59,1.0,0.5605123612402312
test,2020-580,1,756,60,1.0,0.24293811264724818
test,2020-580,1,756,61,0.0,0.16991037541218043
test,2020-580,1,756,62,0.0,0.18683938540167405
test,2020-580,1,756,63,1.0,0.6687348115000799
test,2020-580,2,757,0,1.0,0.41068489105279093
test,2020-580,2,757,1,0.0,0.26315350717014796
test,2020-580,2,757,2,1.0,0.7100589244697164
test,2020-580,2,757,3,1.0,0.17275130492436333
test,2020-580,2,757,4,0.0,0.12623202681623474
test,2020-580,2,757,5,1.0,0.7734726393702792
test,2020-580,2,757,6,1.0,0.7757081640425728
test,2020-580,2,757,7,0.0,0.26467204938230193
test,2020-580,2,757,8,0.0,0.16914061881912892
test,2020-580,2,757,9,0.0,0.1275705486552029
test,2020-580,2,757,10,1.0,0.7379371576791819
test,2020-580,2,757,11,0.0,0.3705182374334557
test,2020-580,2,757,12,0.0,0.2205164779083771
test,2020-580,2,757,13,0.0,0.2436614817193995
test,2020-580,2,757,14,0.0,0.12712763077005074
test,2020-580,2,757,15,0.0,0.4203012194042641
test,2020-580,2,757,16,0.0,0.2663730540564827
test,2020-580,2,757,17,0.0,0.22681483465878877
test,2020-580,2,757,18,1.0,0.7632007270773835
test,2020-580,2,757,19,0.0,0.13789823050182207
test,2020-580,2,757,20,0.0,0.3780177631137224
test,2020-580,2,757,21,1.0,0.8717475632245655
test,2020-580,2,757,22,1.0,0.8521365714954804
test,2020-580,2,757,23,0.0,0.7105494782478441
test,2020-580,2,757,24,1.0,0.38883699939515887
test,2020-580,2,757,25,0.0,0.4026440665047053
test,2020-580,2,757,26,0.0,0.178098337059232
test,2020-580,2,757,27,1.0,0.6797497260926214
test,2020-580,2,757,28,1.0,0.3501481449787176
test,2020-580,2,757,29,0.0,0.054200739657720924
test,2020-580,2,757,30,1.0,0.7655906995092847
test,2020-580,2,757,31,0.0,0.07076990471328691
test,2020-580,3,758,0,1.0,0.5791123989718775
test,2020-580,3,758,1,1.0,0.4102181822565825
test,2020-580,3,758,2,0.0,0.10516757445714402
test,2020-580,3,758,3,1.0,0.6826431152007563
test,2020-580,3,758,4,0.0,0.36960481925041483
test,2020-580,3,758,5,0.0,0.11798596447444862
test,2020-580,3,758,6,1.0,0.6714023243475659
test,2020-580,3,758,7,1.0,0.6984138840800003
test,2020-580,3,758,8,0.0,0.6857505243633576
test,2020-580,3,758,9,0.0,0.2779175543632903
test,2020-580,3,758,10,0.0,0.6744515216853767
test,2020-580,3,758,11,0.0,0.5948615620867893
test,2020-580,3,758,12,1.0,0.8122327238031826
test,2020-580,3,758,13,1.0,0.7573594781721295
test,2020-580,3,758,14,0.0,0.18773588833808708
test,2020-580,3,758,15,0.0,0.1253754723660324
test,2020-580,4,759,0,0.0,0.15978100280035334
test,2020-580,4,759,1,1.0,0.4932263743705369
test,2020-580,4,759,2,0.0,0.126732333549547
test,2020-580,4,759,3,0.0,0.7372904127708595
test,2020-580,4,759,4,1.0,0.7575206914778817
test,2020-580,4,759,5,0.0,0.668548260519442
test,2020-580,4,759,6,0.0,0.4474324999635505
test,2020-580,4,759,7,1.0,0.873574156563431
test,2020-580,5,760,0,1.0,0.8084967904632051
test,2020-580,5,760,1,1.0,0.8768286783013967
test,2020-580,5,760,2,0.0,0.32546694262680215
test,2020-580,5,760,3,1.0,0.17680261852551163
test,2020-580,6,761,0,1.0,0.5898732353237437
test,2020-580,6,761,1,1.0,0.42617636878011445
test,2020-580,7,762,0,1.0,0.8018382592195542
test,2020-M009,2,776,0,0.0,0.6458574020293031
test,2020-M009,2,776,1,0.0,0.5373062323327006
test,2020-M009,2,776,2,1.0,0.5313569310740774
test,2020-M009,2,776,3,1.0,0.12774332310507786
test,2020-M009,2,776,4,1.0,0.2984923353519219
test,2020-M009,2,776,5,1.0,0.7986304732110996
test,2020-M009,2,776,6,0.0,0.25258676515106304
test,2020-M009,2,776,7,0.0,0.18618154217462723
test,2020-M009,2,776,8,0.0,0.37927095337826144
test,2020-M009,2,776,9,0.0,0.44077935014563957
test,2020-M009,2,776,10,0.0,0.7527357225169803
test,2020-M009,2,776,11,0.0,0.4679950900802978
test,2020-M009,2,776,12,1.0,0.8571173627965996
test,2020-M009,2,776,13,1.0,0.6358494586966944
test,2020-M009,2,776,14,1.0,0.22306984785657855
test,2020-M009,2,776,15,1.0,0.22533788461630505
test,2020-M009,2,776,16,1.0,0.8389427181625256
test,2020-M009,2,776,17,1.0,0.41662205181191725
test,2020-M009,2,776,18,1.0,0.21728281351116688
test,2020-M009,2,776,19,1.0,0.7706731293096214
test,2020-M009,2,776,20,1.0,0.21894185874323321
test,2020-M009,2,776,21,1.0,0.14461071992553254
test,2020-M009,2,776,22,1.0,0.7409042893406468
test,2020-M009,3,777,0,1.0,0.3381912761940025
test,2020-M009,3,777,1,0.0,0.5752207799425403
test,2020-M009,3,777,2,0.0,0.3132076065621045
test,2020-M009,3,777,3,1.0,0.2232038140996541
test,2020-M009,3,777,4,1.0,0.7032545318867064
test,2020-M009,3,777,5,1.0,0.7839269312112432
test,2020-M009,3,777,6,1.0,0.2159433921100116
test,2020-M009,3,777,7,1.0,0.5597038893766347
test,2020-M009,3,777,8,0.0,0.548396173101148
test,2020-M009,3,777,9,1.0,0.2028518952514781
test,2020-M009,3,777,10,1.0,0.6646610071457728
test,2020-M009,3,777,11,0.0,0.7680954807710018
test,2020-M009,3,777,12,0.0,0.6457151078411156
test,2020-M009,3,777,13,1.0,0.6714565873335482
test,2020-M009,3,777,14,1.0,0.9224308750463005
test,2020-M009,3,777,15,0.0,0.11114285344041179
test,2020-M009,4,778,0,1.0,0.6770433241091517
test,2020-M009,4,778,1,0.0,0.1332121556994339
test,2020-M009,4,778,2,0.0,0.11921338806470301
test,2020-M009,4,778,3,1.0,0.6894381780301515
test,2020-M009,4,778,4,0.0,0.25062425442687414
test,2020-M009,4,778,5,1.0,0.7184473454909441
test,2020-M009,4,778,6,1.0,0.22333680285185306
test,2020-M009,4,778,7,1.0,0.2565534592157932
test,2020-M009,5,779,0,0.0,0.10428669382929422
test,2020-M009,5,779,1,1.0,0.35056960658427155
test,2020-M009,5,779,2,1.0,0.47721766485357203
test,2020-M009,5,779,3,0.0,0.8608812098475848
test,2020-M009,6,780,0,1.0,0.8942085972898214
test,2020-M009,6,780,1,0.0,0.45190355391142617
test,2020-M009,7,781,0,0.0,0.16213344695107682
test,2020-M024,2,763,0,1.0,0.7984808017554252
test,2020-M024,2,763,1,0.0,0.5099571355317408
test,2020-M024,2,763,2,1.0,0.678987059102746
test,2020-M024,2,763,3,1.0,0.4466230662439799
test,2020-M024,2,763,4,1.0,0.38490295357371185
test,2020-M024,2,763,5,1.0,0.575195793873313
test,2020-M024,2,763,6,1.0,0.6313740556933526
test,2020-M024,2,763,7,0.0,0.6047080776565659
test,2020-M024,2,763,8,0.0,0.5976124941064581
test,2020-M024,2,763,9,0.0,0.17300610397144034
test,2020-M024,2,763,10,1.0,0.603744057953467
test,2020-M024,2,763,11,0.0,0.15924857880741536
test,2020-M024,2,763,12,0.0,0.4999842775796473
test,2020-M024,2,763,13,1.0,0.5458673709246697
test,2020-M024,2,763,14,1.0,0.8279498134059203
test,2020-M024,2,763,15,0.0,0.2796084793696727
test,2020-M024,2,763,16,1.0,0.490854758327189
test,2020-M024,2,763,17,1.0,0.6086413528187036
test,2020-M024,2,763,18,0.0,0.6968936356136991
test,2020-M024,2,763,19,1.0,0.7075401863379173
test,2020-M024,2,763,20,0.0,0.6558803845630639
test,2020-M024,2,763,21,1.0,0.819861808678828
test,2020-M024,2,763,22,1.0,0.8063307483893462
test,2020-M024,2,763,23,1.0,0.810776510798371
test,2020-M024,3,764,0,1.0,0.34751527379160635
test,2020-M024,3,764,1,0.0,0.7319565977772202
test,2020-M024,3,764,2,0.0,0.2074129262549397
test,2020-M024,3,764,3,0.0,0.8109547131343565
test,2020-M024,3,764,4,0.0,0.2710311490631605
test,2020-M024,3,764,5,1.0,0.45900844588745726
test,2020-M024,3,764,6,1.0,0.26544676113324855
test,2020-M024,3,764,7,1.0,0.6212465404742611
test,2020-M024,3,764,8,0.0,0.40181829873151564
test,2020-M024,3,764,9,1.0,0.345149459205653
test,2020-M024,3,764,10,1.0,0.8412899238844946
test,2020-M024,3,764,11,0.0,0.2673658046648114
test,2020-M024,3,764,12,0.0,0.6037680086732078
test,2020-M024,3,764,13,1.0,0.5099624758499539
test,2020-M024,3,764,14,0.0,0.07113162611034589
test,2020-M024,3,764,15,0.0,0.469951448914185
test,2020-M024,4,765,0,0.0,0.11422466982866246
test,2020-M024,4,765,1,1.0,0.8093413459035103
test,2020-M024,4,765,2,1.0,0.45780362523968365
test,2020-M024,4,765,3,1.0,0.4348665996207189
test,2020-M024,4,765,4,0.0,0.5914375591939954
test,2020-M024,4,765,5,0.0,0.603155473945741
test,2020-M024,4,765,6,0.0,0.48916158251355385
test,2020-M024,4,765,7,1.0,0.79357033473757
test,2020-M024,5,766,0,1.0,0.8683684537567639
test,2020-M024,5,766,1,0.0,0.6470264177848669
test,2020-M024,5,766,2,1.0,0.6754861406681893
test,2020-M024,5,766,3,0.0,0.2689212739644644
test,2020-M024,6,767,0,0.0,0.15933497976489916
test,2020-M024,6,767,1,1.0,0.6572762443075663
test,2020-M024,7,768,0,1.0,0.7839552666233659
train,2011-1536,2,27,0,1.0,0.7769206742683694
train,2011-1536,2,27,1,1.0,0.6351575079395648
train,2011-1536,2,27,2,1.0,0.09179297070924661
train,2011-1536,2,27,3,1.0,0.5360407735057297
train,2011-1536,2,27,4,0.0,0.6964795339629356
train,2011-1536,2,27,5,1.0,0.6042553295215745
train,2011-1536,2,27,6,1.0,0.34023360066707475
train,2011-1536,2,27,7,0.0,0.839790208154081
train,2011-1536,2,27,8,0.0,0.5254434487004408
train,2011-1536,2,27,9,0.0,0.47004645775166887
train,2011-1536,2,27,10,0.0,0.5613749264005482
train,2011-1536,2,27,11,1.0,0.22938732714491314
train,2011-1536,2,27,12,1.0,0.6846979529172528
train,2011-1536,2,27,13,0.0,0.31717274012424074
train,2011-1536,2,27,14,0.0,0.5094144536095649
train,2011-1536,2,27,15,0.0,0.23675055634696182
train,2011-1536,2,27,16,1.0,0.23886830709099174
train,2011-1536,2,27,17,0.0,0.6459234939446601
train,2011-1536,2,27,18,0.0,0.7397575108819752
train,2011-1536,2,27,19,1.0,0.27441320303479677
train,2011-1536,2,27,20,0.0,0.5818475786255766
train,2011-1536,2,27,21,0.0,0.3120108681537542
train,2011-1536,2,27,22,1.0,0.3065732150967734
train,2011-1536,2,27,23,1.0,0.4360479589617421
train,2011-1536,3,28,0,0.0,0.11613304422774365
train,2011-1536,3,28,1,1.0,0.6270314661414961
train,2011-1536,3,28,2,1.0,0.3293636711656133
train,2011-1536,3,28,3,1.0,0.9005857694853607
train,2011-1536,3,28,4,1.0,0.7709608688487274
train,2011-1536,3,28,5,0.0,0.6155236863174918
train,2011-1536,3,28,6,0.0,0.19142064942126874
train,2011-1536,3,28,7,1.0,0.7944866721614872
train,2011-1536,3,28,8,0.0,0.21638527317860837
train,2011-1536,3,28,9,0.0,0.39020766333417145
train,2011-1536,3,28,10,1.0,0.4722665854593479
train,2011-1536,3,28,11,0.0,0.1271241966623382
train,2011-1536,3,28,12,1.0,0.21790628265363654
train,2011-1536,3,28,13,0.0,0.22117073126921183
train,2011-1536,3,28,14,0.0,0.4693932107557574
train,2011-1536,3,28,15,0.0,0.07944790901791031
train,2011-1536,4,29,0,1.0,0.8774119431881036
train,2011-1536,4,29,1,0.0,0.34037866508943126
train,2011-1536,4,29,2,1.0,0.5787917406011261
train,2011-1536,4,29,3,1.0,0.7001840078125351
train,2011-1536,4,29,4,1.0,0.18102405130022786
train,2011-1536,4,29,5,0.0,0.15476689015548614
train,2011-1536,4,29,6,1.0,0.8518406144286247
train,2011-1536,4,29,7,0.0,0.11314391873445276
train,2011-1536,5,30,0,0.0,0.0904922613229861
train,2011-1536,5,30,1,1.0,0.774241285982929
train,2011-1536,5,30,2,1.0,0.24316254340430007
train,2011-1536,5,30,3,1.0,0.6637262892908056
train,2011-1536,6,31,0,0.0,0.31637275361942696
train,2011-1536,6,31,1,0.0,0.14724178158827586
train,2011-1536,7,32,0,1.0,0.2800495710532933
train,2011-352,2,78,0,0.0,0.47741097268296545
train,2011-352,2,78,1,1.0,0.6659727564050959
train,2011-352,2,78,2,0.0,0.3112358312293736
train,2011-352,2,78,3,0.0,0.5548610096681686
train,2011-352,2,78,4,0.0,0.3823433028260643
train,2011-352,2,78,5,0.0,0.5098537899309241
train,2011-352,2,78,6,1.0,0.6001749764128522
train,2011-352,2,78,7,0.0,0.4591434365292402
train,2011-352,2,78,8,1.0,0.5577213243641658
train,2011-352,2,78,9,1.0,0.4912851271013614
train,2011-352,2,78,10,1.0,0.559312850949258
train,2011-352,2,78,11,1.0,0.30179856174147
train,2011-352,2,78,12,1.0,0.6397549122450452
train,2011-352,2,78,13,0.0,0.6262826821975569
train,2011-352,2,78,14,0.0,0.47034804679174014
train,2011-352,2,78,15,0.0,0.7353912242170144
train,2011-352,3,79,0,1.0,0.930053401638963
train,2011-352,3,79,1,1.0,0.40504865533488343
train,2011-352,3,79,2,1.0,0.615828193305193
train,2011-352,3,79,3,0.0,0.2242940416368716
train,2011-352,3,79,4,0.0,0.36722475511002906
train,2011-352,3,79,5,1.0,0.8684387751357774
train,2011-352,3,79,6,0.0,0.39745990694230376
train,2011-352,3,79,7,1.0,0.6892851135459471
train,2011-352,3,79,8,1.0,0.9137073977013167
train,2011-352,3,79,9,1.0,0.5648670394295631
train,2011-352,3,79,10,1.0,0.3206759232651441
train,2011-352,3,79,11,0.0,0.241568205371865
train,2011-352,3,79,12,0.0,0.5609176651385619
train,2011-352,3,79,13,1.0,0.7716880084744399
train,2011-352,3,79,14,0.0,0.6002920850009936
train,2011-352,3,79,15,0.0,0.1629459221154052
train,2011-352,4,80,0,0.0,0.1711030941742946
train,2011-352,4,80,1,0.0,0.2980695586397186
train,2011-352,4,80,2,1.0,0.6892368913833181
train,2011-352,4,80,3,0.0,0.6921799274170419
train,2011-352,4,80,4,1.0,0.7563118099550914
train,2011-352,4,80,5,0.0,0.11437417263013874
train,2011-352,4,80,6,1.0,0.7879617969247871
train,2011-352,4,80,7,0.0,0.4668676356319862
train,2011-352,5,81,0,1.0,0.8556450419687665
train,2011-352,5,81,1,1.0,0.31919239552968526
train,2011-352,5,81,2,0.0,0.7987526718551315
train,2011-352,5,81,3,0.0,0.6900462863833858
train,2011-352,6,82,0,1.0,0.7447231724877243
train,2011-352,6,82,1,0.0,0.33177446310172287
train,2011-352,7,83,0,0.0,0.2375515156312553
train,2011-403,1,14,0,0.0,0.6614598972891752
train,2011-403,1,14,1,0.0,0.3376880396879665
train,2011-403,1,14,2,1.0,0.589622729904593
train,2011-403,1,14,3,0.0,0.5124887104957446
train,2011-403,1,14,4,1.0,0.4862549550372123
train,2011-403,1,14,5,0.0,0.4758355338434922
train,2011-403,1,14,6,0.0,0.2941896189807512
train,2011-403,1,14,7,1.0,0.5525208651934138
train,2011-403,1,14,8,1.0,0.6842279877760379
train,2011-403,1,14,9,1.0,0.7305168928884459
train,2011-403,1,14,10,0.0,0.31632876431409024
train,2011-403,1,14,11,0.0,0.5778515610934021
train,2011-403,1,14,12,0.0,0.5136283824041037
train,2011-403,1,14,13,0.0,0.6931761162511064
train,2011-403,1,14,14,1.0,0.5411452254746756
train,2011-403,1,14,15,0.0,0.4065032665204185
train,2011-403,1,14,16,1.0,0.636740771170428
train,2011-403,1,14,17,1.0,0.6791077612616137
train,2011-403,1,14,18,0.0,0.6785154522917941
train,2011-403,1,14,19,0.0,0.26239038618064475
train,2011-403,1,14,20,1.0,0.1384786357498691
train,2011-403,1,14,21,0.0,0.4355109734257252
train,2011-403,1,14,22,0.0,0.5128040028302887
train,2011-403,1,14,23,0.0,0.147508543822588
train,2011-403,1,14,24,0.0,0.3529239805326372
train,2011-403,1,14,25,1.0,0.7009378817990894
train,2011-403,1,14,26,1.0,0.23118596555719062
train,2011-403,1,14,27,1.0,0.5345289218460744
train,2011-403,1,14,28,0.0,0.7153897925149223
train,2011-403,1,14,29,0.0,0.7981388009637364
train,2011-403,1,14,30,1.0,0.6835510738095741
train,2011-403,1,14,31,1.0,0.1738607759772854
train,2011-403,2,15,0,1.0,0.5730490263395163
train,2011-403,2,15,1,0.0,0.10745510885769059
train,2011-403,2,15,2,0.0,0.1901418092872571
train,2011-403,2,15,3,1.0,0.7218872696016467
train,2011-403,2,15,4,1.0,0.8481396549546142
train,2011-403,2,15,5,0.0,0.6094961519307022
train,2011-403,2,15,6,1.0,0.5500287483804355
train,2011-403,2,15,7,0.0,0.9243293250931781
train,2011-403,2,15,8,1.0,0.6352288607876914
train,2011-403,2,15,9,1.0,0.8019655474014036
train,2011-403,2,15,10,0.0,0.4254825447063284
train,2011-403,2,15,11,1.0,0.1642213686745208
train,2011-403,2,15,12,1.0,0.5448113058401097
train,2011-403,2,15,13,1.0,0.4211141720047504
train,2011-403,2,15,14,1.0,0.12912396959526237
train,2011-403,2,15,15,1.0,0.845820790198539
train,2011-403,2,15,16,1.0,0.14409935767438323
train,2011-403,2,15,17,1.0,0.3462366853743936
train,2011-403,2,15,18,1.0,0.681927127656502
train,2011-403,2,15,19,0.0,0.664647377561462
train,2011-403,2,15,20,0.0,0.38979462623123423
train,2011-403,2,15,21,1.0,0.292080506890858
train,2011-403,2,15,22,1.0,0.5865151762428115
train,2011-403,2,15,23,0.0,0.12895679354370632
train,2011-403,2,15,24,0.0,0.7771873667478985
train,2011-403,2,15,25,0.0,0.5813628760767174
train,2011-403,2,15,26,1.0,0.7927408031766248
train,2011-403,2,15,27,1.0,0.8099555117576939
train,2011-403,2,15,28,1.0,0.9003243433726748
train,2011-403,2,15,29,1.0,0.6821662272881703
train,2011-403,2,15,30,0.0,0.07271839361091322
train,2011-403,2,15,31,1.0,0.48102093301980153
train,2011-403,3,16,0,1.0,0.8729482734811316
train,2011-403,3,16,1,1.0,0.2625154908132752
train,2011-403,3,16,2,0.0,0.7006486444151552
train,2011-403,3,16,3,1.0,0.8747880383988075
train,2011-403,3,16,4,0.0,0.10591202556214444
train,2011-403,3,16,5,1.0,0.2608836456554515
train,2011-403,3,16,6,0.0,0.48384132430909405
train,2011-403,3,16,7,1.0,0.7928918768103971
train,2011-403,3,16,8,0.0,0.1412675720545844
train,2011-403,3,16,9,0.0,0.3289384524401276
train,2011-403,3,16,10,0.0,0.24910517702260918
train,2011-403,3,16,11,0.0,0.5888984675513325
train,2011-403,3,16,12,0.0,0.513952011866665
train,2011-403,3,16,13,0.0,0.7118147704692351
train,2011-403,3,16,14,0.0,0.29654908218741444
train,2011-403,3,16,15,1.0,0.46092174089261445
train,2011-403,4,17,0,0.0,0.08346838074639458
train,2011-403,4,17,1,0.0,0.13754582640786273
train,2011-403,4,17,2,0.0,0.664712821992859
train,2011-403,4,17,3,1.0,0.32216556670417534
train,2011-403,4,17,4,1.0,0.8283458771287544
train,2011-403,4,17,5,0.0,0.42271763889951114
train,2011-403,4,17,6,1.0,0.796238553991732
train,2011-403,4,17,7,1.0,0.9032659467775785
train,2011-403,5,18,0,1.0,0.8844842219872721
train,2011-403,5,18,1,1.0,0.3118618017209621
train,2011-403,5,18,2,1.0,0.8635099953592447
train,2011-403,5,18,3,1.0,0.8103565055386034
train,2011-403,6,19,0,1.0,0.8349789738523495
train,2011-403,6,19,1,1.0,0.5477263556520662
train,2011-403,7,20,0,1.0,0.40478920518288436
train,2011-404,1,7,0,1.0,0.7703639632045536
train,2011-404,1,7,1,1.0,0.44398296455090963
train,2011-404,1,7,2,0.0,0.35066904766686574
train,2011-404,1,7,3,1.0,0.6163921407449992
train,2011-404,1,7,4,0.0,0.2386565038369188
train,2011-404,1,7,5,0.0,0.5374047330208582
train,2011-404,1,7,6,1.0,0.6911838552423187
train,2011-404,1,7,7,0.0,0.2638558128032717
train,2011-404,1,7,8,1.0,0.8494238734555106
train,2011-404,1,7,9,0.0,0.38607115903311745
train,2011-404,1,7,10,1.0,0.5028824571128511
train,2011-404,1,7,11,0.0,0.7715444589062671
train,2011-404,1,7,12,1.0,0.685511123003563
train,2011-404,1,7,13,1.0,0.7918311774284756
train,2011-404,1,7,14,1.0,0.5315492347380705
train,2011-404,1,7,15,0.0,0.5182792503178133
train,2011-404,1,7,16,0.0,0.5212389758949106
train,2011-404,1,7,17,1.0,0.7483622920930363
train,2011-404,1,7,18,1.0,0.4766887167773456
train,2011-404,1,7,19,1.0,0.4644723948045451
train,2011-404,1,7,20,0.0,0.48131643499476445
train,2011-404,1,7,21,1.0,0.39875898946475824
train,2011-404,1,7,22,1.0,0.4453709748159011
train,2011-404,1,7,23,0.0,0.30985959109756644
train,2011-404,1,7,24,0.0,0.650589432587768
train,2011-404,1,7,25,1.0,0.49202366905944594
train,2011-404,1,7,26,0.0,0.2930978221624695
train,2011-404,1,7,27,1.0,0.725568892118889
train,2011-404,1,7,28,0.0,0.7626154314821171
train,2011-404,1,7,29,1.0,0.6223243290815008
train,2011-404,1,7,30,0.0,0.2268406861752394
train,2011-404,1,7,31,0.0,0.3670632970555648
train,2011-404,2,8,0,0.0,0.7424160215365592
train,2011-404,2,8,1,1.0,0.8254364558459618
train,2011-404,2,8,2,0.0,0.6455280818306368
train,2011-404,2,8,3,1.0,0.29474661742655645
train,2011-404,2,8,4,1.0,0.5335179830640017
train,2011-404,2,8,5,0.0,0.29392482717866053
train,2011-404,2,8,6,1.0,0.52799960410438
train,2011-404,2,8,7,0.0,0.1951776533176445
train,2011-404,2,8,8,0.0,0.11647697338177539
train,2011-404,2,8,9,1.0,0.655424818128417
train,2011-404,2,8,10,0.0,0.336265596726083
train,2011-404,2,8,11,1.0,0.6687858287624026
train,2011-404,2,8,12,0.0,0.30742568961984096
train,2011-404,2,8,13,1.0,0.5556902981200142
train,2011-404,2,8,14,0.0,0.23728238762594173
train,2011-404,2,8,15,1.0,0.7415928586705808
train,2011-404,2,8,16,1.0,0.6902155680170138
train,2011-404,2,8,17,1.0,0.7713123543321295
train,2011-404,2,8,18,0.0,0.9004616052817368
train,2011-404,2,8,19,0.0,0.2093335412673081
train,2011-404,2,8,20,0.0,0.3731825451424897
train,2011-404,2,8,21,0.0,0.5458753816423115
train,2011-404,2,8,22,0.0,0.16783429132370895
train,2011-404,2,8,23,0.0,0.1783200015554841
train,2011-404,2,8,24,1.0,0.26580062259891285
train,2011-404,2,8,25,0.0,0.414276386640792
train,2011-404,2,8,26,0.0,0.2725279892058914
train,2011-404,2,8,27,1.0,0.24903304460461267
train,2011-404,2,8,28,1.0,0.5501871657811184
train,2011-404,2,8,29,0.0,0.7413824453960032
train,2011-404,2,8,30,1.0,0.9214767250232392
train,2011-404,2,8,31,0.0,0.7538137582568929
train,2011-404,3,9,0,1.0,0.3057410687047215
train,2011-404,3,9,1,1.0,0.7147788551634681
train,2011-404,3,9,2,0.0,0.5869613905835975
train,2011-404,3,9,3,1.0,0.3651468487184185
train,2011-404,3,9,4,1.0,0.34133712210696726
train,2011-404,3,9,5,0.0,0.11303330770409314
train,2011-404,3,9,6,0.0,0.6725051632494178
train,2011-404,3,9,7,1.0,0.7933557757955869
train,2011-404,3,9,8,1.0,0.38428765967859946
train,2011-404,3,9,9,0.0,0.11883842529063028
train,2011-404,3,9,10,0.0,0.6799909249773096
train,2011-404,3,9,11,0.0,0.39739417988800285
train,2011-404,3,9,12,1.0,0.7297865491148402
train,2011-404,3,9,13,1.0,0.8202498925234283
train,2011-404,3,9,14,1.0,0.48951158499454295
train,2011-404,3,9,15,1.0,0.7297416211345811
train,2011-404,4,10,0,0.0,0.12192553898764127
train,2011-404,4,10,1,1.0,0.4852519667976192
train,2011-404,4,10,2,0.0,0.190514395975968
train,2011-404,4,10,3,0.0,0.7469734089159974
train,2011-404,4,10,4,0.0,0.3941012695800459
train,2011-404,4,10,5,1.0,0.596993961908203
train,2011-404,4,10,6,0.0,0.4471266250924539
train,2011-404,4,10,7,0.0,0.11969734874906078
train,2011-404,5,11,0,0.0,0.25805503473983443
train,2011-404,5,11,1,1.0,0.7975038629338368
train,2011-404,5,11,2,1.0,0.5555199968017634
train,2011-404,5,11,3,0.0,0.1749190857762067
train,2011-404,6,12,0,1.0,0.45696826588924216
train,2011-404,6,12,1,1.0,0.7735554459185778
train,2011-404,7,13,0,1.0,0.43589647999160946
train,2011-410,2,21,0,0.0,0.5908381109802536
train,2011-410,2,21,1,1.0,0.8670019032798553
train,2011-410,2,21,2,0.0,0.3844708869494712
train,2011-410,2,21,3,0.0,0.4167823590662014
train,2011-410,2,21,4,1.0,0.6479705325721544
train,2011-410,2,21,5,1.0,0.4987312117996415
train,2011-410,2,21,6,0.0,0.3020023286945613
train,2011-410,2,21,7,0.0,0.47100988750873923
train,2011-410,2,21,8,0.0,0.7496278326183684
train,2011-410,2,21,9,0.0,0.6400075319375035
train,2011-410,2,21,10,0.0,0.5949391993032244
train,2011-410,2,21,11,0.0,0.17586709180752153
train,2011-410,2,21,12,1.0,0.5979560355596245
train,2011-410,2,21,13,0.0,0.21515295823572772
train,2011-410,2,21,14,1.0,0.5379792715896253
train,2011-410,2,21,15,0.0,0.1976776951946137
train,2011-410,2,21,16,0.0,0.5898709952500018
train,2011-410,2,21,17,1.0,0.7679212473393998
train,2011-410,2,21,18,0.0,0.2195715855431826
train,2011-410,2,21,19,1.0,0.16214877824309099
train,2011-410,2,21,20,0.0,0.4829127678182879
train,2011-410,2,21,21,1.0,0.28201137881383687
train,2011-410,2,21,22,0.0,0.34373968154860035
train,2011-410,2,21,23,1.0,0.2482033544450704
train,2011-410,3,22,0,0.0,0.16513703285188858
train,2011-410,3,22,1,0.0,0.5453923200170174
train,2011-410,3,22,2,0.0,0.6226334103992076
train,2011-410,3,22,3,0.0,0.21482917184315894
train,2011-410,3,22,4,0.0,0.6122832480517196
train,2011-410,3,22,5,0.0,0.7335158614844955
train,2011-410,3,22,6,1.0,0.7836839066987983
train,2011-410,3,22,7,0.0,0.2140929756128517
train,2011-410,3,22,8,1.0,0.8096380924160812
train,2011-410,3,22,9,0.0,0.2044067727466101
train,2011-410,3,22,10,1.0,0.7747501013113247
train,2011-410,3,22,11,0.0,0.18570419438898417
train,2011-410,3,22,12,0.0,0.3574086241283672
train,2011-410,3,22,13,1.0,0.46310062408089514
train,2011-410,3,22,14,0.0,0.0655403893748818
train,2011-410,3,22,15,0.0,0.5936793697015144
train,2011-410,4,23,0,0.0,0.09300843810251323
train,2011-410,4,23,1,1.0,0.7671050929170249
train,2011-410,4,23,2,0.0,0.7748456954648133
train,2011-410,4,23,3,0.0,0.6742162833517235
train,2011-410,4,23,4,1.0,0.817455818053034
train,2011-410,4,23,5,1.0,0.4342965920279984
train,2011-410,4,23,6,1.0,0.8410316670812212
train,2011-410,4,23,7,0.0,0.6838272213614379
train,2011-410,5,24,0,1.0,0.8892609052425838
train,2011-410,5,24,1,0.0,0.1590469801948195
train,2011-410,5,24,2,0.0,0.2184583533716843
train,2011-410,5,24,3,1.0,0.16287619281183813
train,2011-410,6,25,0,0.0,0.3006862053281481
train,2011-410,6,25,1,0.0,0.19831367078927967
train,2011-410,7,26,0,1.0,0.8154300609243608
train,2011-416,2,33,0,0.0,0.5454278119834867
train,2011-416,2,33,1,1.0,0.5815084432693698
train,2011-416,2,33,2,0.0,0.33541132697552856
train,2011-416,2,33,3,0.0,0.16589091725761662
train,2011-416,2,33,4,0.0,0.31980042832432737
train,2011-416,2,33,5,0.0,0.27781317159502983
train,2011-416,2,33,6,0.0,0.3954950852547489
train,2011-416,2,33,7,1.0,0.44847755426018665
train,2011-416,2,33,8,1.0,0.6144096657904888
train,2011-416,2,33,9,1.0,0.3934895170962336
train,2011-416,2,33,10,0.0,0.38462048558950446
train,2011-416,2,33,11,0.0,0.8182987591343117
train,2011-416,2,33,12,0.0,0.6791540475465097
train,2011-416,2,33,13,0.0,0.3759437949640925
train,2011-416,2,33,14,1.0,0.4941822819896859
train,2011-416,2,33,15,0.0,0.6694099111013114
train,2011-416,2,33,16,1.0,0.794033799916398
train,2011-416,2,33,17,1.0,0.5047050352454759
train,2011-416,2,33,18,0.0,0.248468741903017
train,2011-416,2,33,19,0.0,0.6147680168334732
train,2011-416,2,33,20,0.0,0.5965068711097388
train,2011-416,2,33,21,1.0,0.4427054873477747
train,2011-416,2,33,22,0.0,0.5661250317622205
train,2011-416,2,33,23,1.0,0.7767130152677854
train,2011-416,3,34,0,0.0,0.18229321547055574
train,2011-416,3,34,1,0.0,0.27974092125160177
train,2011-416,3,34,2,1.0,0.5503324974218885
train,2011-416,3,34,3,1.0,0.816805330178416
train,2011-416,3,34,4,1.0,0.600270516170337
train,2011-416,3,34,5,0.0,0.7366663788475006
train,2011-416,3,34,6,1.0,0.2876111004927386
train,2011-416,3,34,7,0.0,0.2988610092135219
train,2011-416,3,34,8,0.0,0.5508476825247646
train,2011-416,3,34,9,0.0,0.0788154005660537
train,2011-416,3,34,10,1.0,0.2785175707308735
train,2011-416,3,34,11,0.0,0.19187432435554289
train,2011-416,3,34,12,1.0,0.8743677918758591
train,2011-416,3,34,13,0.0,0.6140860725049883
train,2011-416,3,34,14,0.0,0.6040390437767026
train,2011-416,3,34,15,0.0,0.04920971703202084
train,2011-416,4,35,0,0.0,0.09049078831186168
train,2011-416,4,35,1,1.0,0.14353541896364538
train,2011-416,4,35,2,0.0,0.18780219424310085
train,2011-416,4,35,3,1.0,0.855065844574123
train,2011-416,4,35,4,1.0,0.6283896381662685
train,2011-416,4,35,5,1.0,0.7909943197170328
train,2011-416,4,35,6,1.0,0.6000974071972182
train,2011-416,4,35,7,1.0,0.5671582325872865
train,2011-416,5,36,0,1.0,0.8872985684158128
train,2011-416,5,36,1,1.0,0.28725677691652374
train,2011-416,5,36,2,0.0,0.1859364007135628
train,2011-416,5,36,3,0.0,0.21896770472684088
train,2011-416,6,37,0,1.0,0.8973110401260357
train,2011-416,6,37,1,1.0,0.702694499020117
train,2011-416,7,38,0,1.0,0.32690411854813006
train,2011-421,2,53,0,1.0,0.4957154831556146
train,2011-421,2,53,1,1.0,0.8554705753436774
train,2011-421,2,53,2,1.0,0.6740048255695568
train,2011-421,2,53,3,1.0,0.8038583702598804
train,2011-421,2,53,4,1.0,0.8969141562656648
train,2011-421,2,53,5,1.0,0.5772688036844464
train,2011-421,2,53,6,0.0,0.4166777638736287
train,2011-421,2,53,7,1.0,0.19843409571804524
train,2011-421,2,53,8,0.0,0.5813113607999586
train,2011-421,2,53,9,1.0,0.7953835663154946
train,2011-421,2,53,10,1.0,0.6436135180644157
train,2011-421,2,53,11,1.0,0.7057358695519191
train,2011-421,2,53,12,0.0,0.6275092289821863
train,2011-421,2,53,13,0.0,0.5324731885135923
train,2011-421,2,53,14,1.0,0.3266110152023909
train,2011-421,2,53,15,1.0,0.5287600815322315
train,2011-421,2,53,16,1.0,0.8625696217997196
train,2011-421,2,53,17,1.0,0.6772644176882955
train,2011-421,2,53,18,0.0,0.5440234508623788
train,2011-421,2,53,19,1.0,0.8304313022672248
train,2011-421,2,53,20,1.0,0.7146591532853258
train,2011-421,2,53,21,0.0,0.6539448231162243
train,2011-421,2,53,22,1.0,0.6490051169889176
train,2011-421,2,53,23,1.0,0.3431211379557088
train,2011-421,3,54,0,0.0,0.9326548483520912
train,2011-421,3,54,1,1.0,0.3235064376704111
train,2011-421,3,54,2,1.0,0.4884657721726973
train,2011-421,3,54,3,1.0,0.7715365721338651
train,2011-421,3,54,4,0.0,0.8411288522558716
train,2011-421,3,54,5,1.0,0.6315354818618159
train,2011-421,3,54,6,1.0,0.3815018864358472
train,2011-421,3,54,7,1.0,0.6144143696347709
train,2011-421,3,54,8,1.0,0.6238095736012003
train,2011-421,3,54,9,0.0,0.20349554091776756
train,2011-421,3,54,10,1.0,0.7835883613446951
train,2011-421,3,54,11,0.0,0.06660181085004216
train,2011-421,3,54,12,0.0,0.5251187611743219
train,2011-421,3,54,13,0.0,0.2210690332920463
train,2011-421,3,54,14,1.0,0.34617117962491173
train,2011-421,3,54,15,0.0,0.1498716375181704
train,2011-421,4,55,0,0.0,0.1497233190164483
train,2011-421,4,55,1,1.0,0.20924127352481361
train,2011-421,4,55,2,0.0,0.5436991931429377
train,2011-421,4,55,3,0.0,0.28245923353260227
train,2011-421,4,55,4,1.0,0.7238041634178184
train,2011-421,4,55,5,0.0,0.2522409467990104
train,2011-421,4,55,6,1.0,0.6903440035826842
train,2011-421,4,55,7,0.0,0.35654801350187215
train,2011-421,5,56,0,0.0,0.3367740096499397
train,2011-421,5,56,1,1.0,0.8330079478281711
train,2011-421,5,56,2,0.0,0.5786342236353653
train,2011-421,5,56,3,1.0,0.278181031342207
train,2011-421,6,57,0,0.0,0.20311302963823308
train,2011-421,6,57,1,0.0,0.37777127999035637
train,2011-421,7,58,0,1.0,0.8371850759069932
train,2011-422,2,59,0,1.0,0.4412473956918356
train,2011-422,2,59,1,1.0,0.4063946636233522
train,2011-422,2,59,2,1.0,0.2832662306814829
train,2011-422,2,59,3,1.0,0.614098980767945
train,2011-422,2,59,4,1.0,0.385337343389214
train,2011-422,2,59,5,1.0,0.7787031861167295
train,2011-422,2,59,6,1.0,0.49099874601644833
train,2011-422,2,59,7,0.0,0.6880021380289597
train,2011-422,2,59,8,0.0,0.331334452224048
train,2011-422,2,59,9,0.0,0.452941525140634
train,2011-422,2,59,10,1.0,0.6165190238575307
train,2011-422,2,59,11,0.0,0.5847287764548063
train,2011-422,2,59,12,0.0,0.835971186162877
train,2011-422,2,59,13,1.0,0.5019479148370674
train,2011-422,2,59,14,1.0,0.8729195433488032
train,2011-422,2,59,15,0.0,0.5368746420389583
train,2011-422,2,59,16,1.0,0.6778745469172254
train,2011-422,2,59,17,0.0,0.5143117300158381
train,2011-422,2,59,18,0.0,0.31591976619402695
train,2011-422,2,59,19,1.0,0.6438977120327971
train,2011-422,2,59,20,1.0,0.7228226658487681
train,2011-422,2,59,21,0.0,0.4362714075405163
train,2011-422,2,59,22,0.0,0.3319418788584439
train,2011-422,2,59,23,1.0,0.5381398363196583
train,2011-422,3,60,0,0.0,0.0937269344340307
train,2011-422,3,60,1,0.0,0.35265139109268756
train,2011-422,3,60,2,0.0,0.3562649164443199
train,2011-422,3,60,3,0.0,0.4106586310230339
train,2011-422,3,60,4,1.0,0.6287446099492784
train,2011-422,3,60,5,1.0,0.17812520997308545
train,2011-422,3,60,6,0.0,0.46522898777978317
train,2011-422,3,60,7,1.0,0.8501946221418527
train,2011-422,3,60,8,0.0,0.2661303401855024
train,2011-422,3,60,9,0.0,0.2066680652075439
train,2011-422,3,60,10,1.0,0.5868476072207156
train,2011-422,3,60,11,0.0,0.2017528285405569
train,2011-422,3,60,12,1.0,0.6964503822357913
train,2011-422,3,60,13,0.0,0.44295475393179773
train,2011-422,3,60,14,1.0,0.764259384554365
train,2011-422,3,60,15,0.0,0.07879416129656021
train,2011-422,4,61,0,0.0,0.11481608661532837
train,2011-422,4,61,1,1.0,0.605620411554981
train,2011-422,4,61,2,0.0,0.3469549717806733
train,2011-422,4,61,3,0.0,0.6714511584990328
train,2011-422,4,61,4,0.0,0.15150131150315693
train,2011-422,4,61,5,0.0,0.4290534944556875
train,2011-422,4,61,6,0.0,0.1580588277422532
train,2011-422,4,61,7,1.0,0.8761872068023617
train,2011-422,5,62,0,0.0,0.16181084954905778
train,2011-422,5,62,1,1.0,0.22736926696382154
train,2011-422,5,62,2,0.0,0.22986975348555788
train,2011-422,5,62,3,0.0,0.8365348795345061
train,2011-422,6,63,0,1.0,0.7919834977253996
train,2011-422,6,63,1,1.0,0.6969775358591646
train,2011-422,7,64,0,0.0,0.6996698878192779
train,2011-5014,2,72,0,0.0,0.7205388654649278
train,2011-5014,2,72,1,1.0,0.6466798982959411
train,2011-5014,2,72,2,0.0,0.40638572872884127
train,2011-5014,2,72,3,1.0,0.5745549840132638
train,2011-5014,2,72,4,1.0,0.40407102196487305
train,2011-5014,2,72,5,0.0,0.4287363560230166
train,2011-5014,2,72,6,1.0,0.8556691730390668
train,2011-5014,2,72,7,0.0,0.6581215520542131
train,2011-5014,2,72,8,0.0,0.5783612108855668
train,2011-5014,2,72,9,0.0,0.10407590801836107
train,2011-5014,2,72,10,1.0,0.7776733554389749
train,2011-5014,2,72,11,1.0,0.48604098880142915
train,2011-5014,2,72,12,0.0,0.12262424976183656
train,2011-5014,2,72,13,1.0,0.14068925630708334
train,2011-5014,2,72,14,1.0,0.8502359806297292
train,2011-5014,2,72,15,1.0,0.35800567644513975
train,2011-5014,2,72,16,0.0,0.7054673615805661
train,2011-5014,2,72,17,0.0,0.33325003375367224
train,2011-5014,2,72,18,0.0,0.29519649010431825
train,2011-5014,2,72,19,0.0,0.5675584221042381
train,2011-5014,2,72,20,1.0,0.4177861544215446
train,2011-5014,2,72,21,0.0,0.4669279874871506
train,2011-5014,2,72,22,1.0,0.636678069378184
train,2011-5014,2,72,23,0.0,0.693086550833483
train,2011-5014,3,73,0,1.0,0.770056353303342
train,2011-5014,3,73,1,0.0,0.6767126365140922
train,2011-5014,3,73,2,1.0,0.6584116802335284
train,2011-5014,3,73,3,1.0,0.1797611393968912
train,2011-5014,3,73,4,1.0,0.8304270493308888
train,2011-5014,3,73,5,1.0,0.7429186819718795
train,2011-5014,3,73,6,1.0,0.2373035097244908
train,2011-5014,3,73,7,0.0,0.5264355984594818
train,2011-5014,3,73,8,1.0,0.8757619563908889
train,2011-5014,3,73,9,0.0,0.7488426410997684
train,2011-5014,3,73,10,1.0,0.29525762395177446
train,2011-5014,3,73,11,0.0,0.217280826567551
train,2011-5014,3,73,12,1.0,0.5877623715764259
train,2011-5014,3,73,13,0.0,0.2679271148770721
train,2011-5014,3,73,14,0.0,0.5653560275674707
train,2011-5014,3,73,15,1.0,0.8339528156821455
train,2011-5014,4,74,0,0.0,0.8267084076778076
train,2011-5014,4,74,1,1.0,0.6949419367724365
train,2011-5014,4,74,2,1.0,0.7450325109339869
train,2011-5014,4,74,3,0.0,0.3260424750913748
train,2011-5014,4,74,4,0.0,0.4160461683862615
train,2011-5014,4,74,5,1.0,0.5037220122996752
train,2011-5014,4,74,6,1.0,0.2218885976510197
train,2011-5014,4,74,7,0.0,0.7252980778811311
train,2011-5014,5,75,0,0.0,0.4709448968489656
train,2011-5014,5,75,1,0.0,0.5093331862393529
train,2011-5014,5,75,2,0.0,0.6710540440279781
train,2011-5014,5,75,3,0.0,0.15083891406658798
train,2011-5014,6,76,0,1.0,0.6963551387499889
train,2011-5014,6,76,1,0.0,0.16360997509540431
train,2011-5014,7,77,0,1.0,0.6483679912544229
train,2011-520,1,39,0,0.0,0.20845110969263797
train,2011-520,1,39,1,1.0,0.7738589447394197
train,2011-520,1,39,2,1.0,0.6620562862652115
train,2011-520,1,39,3,1.0,0.39324822052931435
train,2011-520,1,39,4,1.0,0.4768273568475879
train,2011-520,1,39,5,1.0,0.18348430252167916
train,2011-520,1,39,6,0.0,0.23163834094896107
train,2011-520,1,39,7,0.0,0.6595188175086648
train,2011-520,1,39,8,0.0,0.6187770305102371
train,2011-520,1,39,9,0.0,0.3627098457291906
train,2011-520,1,39,10,0.0,0.6101445103126294
train,2011-520,1,39,11,1.0,0.4235693956729242
train,2011-520,1,39,12,0.0,0.2645697183613418
train,2011-520,1,39,13,0.0,0.03602392365600504
train,2011-520,1,39,14,1.0,0.8873471060576851
train,2011-520,1,39,15,0.0,0.21263562534273717
train,2011-520,1,39,16,1.0,0.4990932484873485
train,2011-520,1,39,17,0.0,0.4459385510726426
train,2011-520,1,39,18,0.0,0.16194888788395342
train,2011-520,1,39,19,0.0,0.2113697563141241
train,2011-520,1,39,20,0.0,0.15911844159933136
train,2011-520,1,39,21,0.0,0.3251826873702919
train,2011-520,1,39,22,0.0,0.2667407924165371
train,2011-520,1,39,23,0.0,0.1873456591746039
train,2011-520,1,39,24,1.0,0.284722971447876
train,2011-520,1,39,25,0.0,0.11212805276663819
train,2011-520,1,39,26,1.0,0.2630144744255801
train,2011-520,1,39,27,1.0,0.3505261299496718
train,2011-520,1,39,28,1.0,0.9253548126386625
train,2011-520,1,39,29,0.0,0.07725868708324977
train,2011-520,1,39,30,1.0,0.7397929698007604
train,2011-520,1,39,31,1.0,0.43674715283637744
train,2011-520,1,39,32,1.0,0.3469630962185339
train,2011-520,1,39,33,1.0,0.8508018012558923
train,2011-520,1,39,34,1.0,0.18329627254892242
train,2011-520,1,39,35,0.0,0.20949630647774917
train,2011-520,1,39,36,1.0,0.7646739993451076
train,2011-520,1,39,37,0.0,0.23855297592655056
train,2011-520,1,39,38,0.0,0.3787597691236783
train,2011-520,1,39,39,1.0,0.7254573757255581
train,2011-520,1,39,40,1.0,0.8998359800322159
train,2011-520,1,39,41,0.0,0.5714795696792387
train,2011-520,1,39,42,1.0,0.7424313279168983
train,2011-520,1,39,43,1.0,0.10939756266175833
train,2011-520,1,39,44,0.0,0.21260888765403416
train,2011-520,1,39,45,0.0,0.7738259257095239
train,2011-520,1,39,46,0.0,0.43935169293573206
train,2011-520,1,39,47,1.0,0.08978578419798909
train,2011-520,1,39,48,0.0,0.3326344799814183
train,2011-520,1,39,49,0.0,0.377351360452813
train,2011-520,1,39,50,1.0,0.3514094898919312
train,2011-520,1,39,51,0.0,0.13077292214325503
train,2011-520,1,39,52,1.0,0.7711279726879813
train,2011-520,1,39,53,1.0,0.826307699041083
train,2011-520,1,39,54,0.0,0.792602254338914
train,2011-520,1,39,55,1.0,0.3867209784622824
train,2011-520,1,39,56,1.0,0.8946821256060319
train,2011-520,1,39,57,0.0,0.31953260045559617
train,2011-520,1,39,58,0.0,0.7568745093697176
train,2011-520,1,39,59,0.0,0.3886201228813414
train,2011-520,1,39,60,0.0,0.08822046917139524
train,2011-520,1,39,61,0.0,0.2300307643726805
train,2011-520,1,39,62,1.0,0.6669047364077262
train,2011-520,1,39,63,1.0,0.9124374138409735
train,2011-520,2,40,0,1.0,0.814937984369271
train,2011-520,2,40,1,1.0,0.6539216465339625
train,2011-520,2,40,2,0.0,0.1960904487685487
train,2011-520,2,40,3,1.0,0.7424190638457887
train,2011-520,2,40,4,1.0,0.9304475865937872
train,2011-520,2,40,5,1.0,0.7641892661868313
train,2011-520,2,40,6,1.0,0.7619420858165445
train,2011-520,2,40,7,0.0,0.21869965942964592
train,2011-520,2,40,8,1.0,0.7831572905552335
train,2011-520,2,40,9,1.0,0.622090157262294
train,2011-520,2,40,10,1.0,0.26483933809008436
train,2011-520,2,40,11,1.0,0.7151099908040729
train,2011-520,2,40,12,0.0,0.34220275592576493
train,2011-520,2,40,13,1.0,0.7482980153535997
train,2011-520,2,40,14,1.0,0.13840759606907602
train,2011-520,2,40,15,1.0,0.528770425223732
train,2011-520,2,40,16,0.0,0.7167860885467636
train,2011-520,2,40,17,0.0,0.40853806188339226
train,2011-520,2,40,18,0.0,0.21001683155274486
train,2011-520,2,40,19,0.0,0.3280638821083744
train,2011-520,2,40,20,0.0,0.5110889992449714
train,2011-520,2,40,21,1.0,0.8731489950170911
train,2011-520,2,40,22,1.0,0.8677867818801439
train,2011-520,2,40,23,0.0,0.6663928222855089
train,2011-520,2,40,24,1.0,0.7026928112532984
train,2011-520,2,40,25,0.0,0.17332499833483994
train,2011-520,2,40,26,1.0,0.7407993677550916
train,2011-520,2,40,27,0.0,0.2823442923410715
train,2011-520,2,40,28,0.0,0.16240921715623688
train,2011-520,2,40,29,0.0,0.1008410448760797
train,2011-520,2,40,30,0.0,0.8411234377348505
train,2011-520,2,40,31,0.0,0.050914335091427614
train,2011-520,3,41,0,0.0,0.1183895603411554
train,2011-520,3,41,1,1.0,0.42110707458885555
train,2011-520,3,41,2,1.0,0.8339180468859717
train,2011-520,3,41,3,0.0,0.4072220760998958
train,2011-520,3,41,4,1.0,0.46830874622635316
train,2011-520,3,41,5,1.0,0.38350267687171286
train,2011-520,3,41,6,0.0,0.4561393998494548
train,2011-520,3,41,7,0.0,0.19947786043410032
train,2011-520,3,41,8,1.0,0.8352222690303654
train,2011-520,3,41,9,1.0,0.7245712508777958
train,2011-520,3,41,10,1.0,0.5432931067428838
train,2011-520,3,41,11,1.0,0.6681207244530946
train,2011-520,3,41,12,0.0,0.12436341448865283
train,2011-520,3,41,13,1.0,0.8219135791609824
train,2011-520,3,41,14,1.0,0.5285855280201612
train,2011-520,3,41,15,0.0,0.04697547435083292
train,2011-520,4,42,0,1.0,0.8566715952127156
train,2011-520,4,42,1,1.0,0.3665684240247287
train,2011-520,4,42,2,0.0,0.2022732951965099
train,2011-520,4,42,3,0.0,0.7265233049806322
train,2011-520,4,42,4,0.0,0.41357124266699885
train,2011-520,4,42,5,0.0,0.19878109151071832
train,2011-520,4,42,6,1.0,0.6798023617178952
train,2011-520,4,42,7,0.0,0.10780281617212865
train,2011-520,5,43,0,0.0,0.09872215337307086
train,2011-520,5,43,1,0.0,0.17303964432098598
train,2011-520,5,43,2,0.0,0.15682392257257138
train,2011-520,5,43,3,0.0,0.14533443904470367
train,2011-520,6,44,0,0.0,0.5272976429493593
train,2011-520,6,44,1,1.0,0.7992564265532102
train,2011-520,7,45,0,0.0,0.3273511288254761
train,2011-540,1,46,0,1.0,0.8761907797923558
train,2011-540,1,46,1,0.0,0.5570999064057495
train,2011-540,1,46,2,0.0,0.6143982410280685
train,2011-540,1,46,3,0.0,0.5225976864498786
train,2011-540,1,46,4,0.0,0.5954992174482248
train,2011-540,1,46,5,1.0,0.34131837249167474
train,2011-540,1,46,6,0.0,0.18348566182519144
train,2011-540,1,46,7,0.0,0.4411427104916614
train,2011-540,1,46,8,1.0,0.6878856587781663
train,2011-540,1,46,9,1.0,0.7570952826918197
train,2011-540,1,46,10,1.0,0.34059003723626735
train,2011-540,1,46,11,0.0,0.25833776658072466
train,2011-540,1,46,12,1.0,0.5505516666544057
train,2011-540,1,46,13,0.0,0.10886764924147449
train,2011-540,1,46,14,1.0,0.8705136119751246
train,2011-540,1,46,15,0.0,0.1951072804988289
train,2011-540,1,46,16,1.0,0.5365373462559627
train,2011-540,1,46,17,0.0,0.2936490247004356
train,2011-540,1,46,18,1.0,0.6784455691806724
train,2011-540,1,46,19,0.0,0.3810681724185165
train,2011-540,1,46,20,0.0,0.7023498463304919
train,2011-540,1,46,21,0.0,0.31639166478906594
train,2011-540,1,46,22,0.0,0.1333872504563789
train,2011-540,1,46,23,1.0,0.5753367540001595
train,2011-540,1,46,24,1.0,0.745881218585314
train,2011-540,1,46,25,1.0,0.8425385293919764
train,2011-540,1,46,26,1.0,0.4817390848230784
train,2011-540,1,46,27,0.0,0.7696739905344625
train,2011-540,1,46,28,0.0,0.5012560606656704
train,2011-540,1,46,29,0.0,0.06321259045325697
train,2011-540,1,46,30,0.0,0.37571386625269365
train,2011-540,1,46,31,0.0,0.25908793271966474
train,2011-540,1,46,32,0.0,0.1822675574584221
train,2011-540,1,46,33,1.0,0.858442087996223
train,2011-540,1,46,34,1.0,0.8716141872934865
train,2011-540,1,46,35,0.0,0.37708470711739656
train,2011-540,1,46,36,0.0,0.12150601787655482
train,2011-540,1,46,37,1.0,0.4764765692605255
train,2011-540,1,46,38,0.0,0.6238167923545291
train,2011-540,1,46,39,0.0,0.2121691400595799
train,2011-540,1,46,40,1.0,0.776351088030455
train,2011-540,1,46,41,1.0,0.34960076552331626
train,2011-540,1,46,42,0.0,0.3142289597317452
train,2011-540,1,46,43,0.0,0.16798090265835883
train,2011-540,1,46,44,1.0,0.1978045542440179
train,2011-540,1,46,45,0.0,0.33671252266530316
train,2011-540,1,46,46,1.0,0.7877339069288436
train,2011-540,1,46,47,0.0,0.2369380935444174
train,2011-540,1,46,48,1.0,0.9428404327529831
train,2011-540,1,46,49,0.0,0.43825985822368
train,2011-540,1,46,50,1.0,0.8961120563080947
train,2011-540,1,46,51,1.0,0.5808177771304253
train,2011-540,1,46,52,0.0,0.37185143166576123
train,2011-540,1,46,53,1.0,0.7473557204885406
train,2011-540,1,46,54,1.0,0.6549309629443942
train,2011-540,1,46,55,1.0,0.6644170182579067
train,2011-540,1,46,56,0.0,0.07646300613156307
train,2011-540,1,46,57,0.0,0.4628530017315556
train,2011-540,1,46,58,0.0,0.5495660113165454
train,2011-540,1,46,59,1.0,0.6189273865078215
train,2011-540,1,46,60,1.0,0.7323136842910484
train,2011-540,1,46,61,1.0,0.3432039355321545
train,2011-540,1,46,62,0.0,0.3914979106062909
train,2011-540,1,46,63,0.0,0.72544056723957
train,2011-540,2,47,0,0.0,0.6915284148194438
train,2011-540,2,47,1,0.0,0.23876934711470246
train,2011-540,2,47,2,1.0,0.8314321871923679
train,2011-540,2,47,3,0.0,0.4583799528261484
train,2011-540,2,47,4,1.0,0.7338067974370204
train,2011-540,2,47,5,1.0,0.7577004291610365
train,2011-540,2,47,6,1.0,0.9280090020704218
train,2011-540,2,47,7,1.0,0.7094419090380569
train,2011-540,2,47,8,1.0,0.32775180160265416
train,2011-540,2,47,9,1.0,0.525301462886747
train,2011-540,2,47,10,1.0,0.393571602257919
train,2011-540,2,47,11,0.0,0.17132148426995278
train,2011-540,2,47,12,1.0,0.7197955246881117
train,2011-540,2,47,13,1.0,0.7606621086267317
train,2011-540,2,47,14,0.0,0.11487583590763824
train,2011-540,2,47,15,0.0,0.6365994771461536
train,2011-540,2,47,16,0.0,0.1669733288537904
train,2011-540,2,47,17,1.0,0.215919592958178
train,2011-540,2,47,18,0.0,0.22159166404458297
train,2011-540,2,47,19,1.0,0.5362167542763172
train,2011-540,2,47,20,1.0,0.7912003575513479
train,2011-540,2,47,21,0.0,0.6165772991110758
train,2011-540,2,47,22,0.0,0.7531214257035495
train,2011-540,2,47,23,0.0,0.2921494747962379
train,2011-540,2,47,24,0.0,0.26748362989622143
train,2011-540,2,47,25,0.0,0.21671419649271878
train,2011-540,2,47,26,1.0,0.2840887508264989
train,2011-540,2,47,27,1.0,0.444927441843673
train,2011-540,2,47,28,1.0,0.635562232338945
train,2011-540,2,47,29,1.0,0.8891050020830633
train,2011-540,2,47,30,0.0,0.06100259947398743
train,2011-540,2,47,31,1.0,0.765317487888587
train,2011-540,3,48,0,0.0,0.4793351002041522
train,2011-540,3,48,1,0.0,0.4438079193500681
train,2011-540,3,48,2,0.0,0.13948061415780946
train,2011-540,3,48,3,1.0,0.37768580031161375
train,2011-540,3,48,4,1.0,0.19021219274600276
train,2011-540,3,48,5,0.0,0.1373916189707355
train,2011-540,3,48,6,0.0,0.4840665261195045
train,2011-540,3,48,7,0.0,0.3516178125308586
train,2011-540,3,48,8,0.0,0.1686756134023092
train,2011-540,3,48,9,0.0,0.7401359364122401
train,2011-540,3,48,10,1.0,0.2589806794447798
train,2011-540,3,48,11,0.0,0.2561006540644285
train,2011-540,3,48,12,1.0,0.8090945486302504
train,2011-540,3,48,13,0.0,0.18175293475203352
train,2011-540,3,48,14,0.0,0.287477972671043
train,2011-540,3,48,15,0.0,0.06765656299132387
train,2011-540,4,49,0,1.0,0.8500536350709729
train,2011-540,4,49,1,1.0,0.32200792278408985
train,2011-540,4,49,2,0.0,0.13891180517004492
train,2011-540,4,49,3,1.0,0.4155131042014645
train,2011-540,4,49,4,1.0,0.6695658730382732
train,2011-540,4,49,5,1.0,0.755496276100452
train,2011-540,4,49,6,1.0,0.2744037745134453
train,2011-540,4,49,7,1.0,0.8498060776339388
train,2011-540,5,50,0,0.0,0.12294597738848503
train,2011-540,5,50,1,1.0,0.20509292366202292
train,2011-540,5,50,2,1.0,0.8035974099187518
train,2011-540,5,50,3,1.0,0.8701240791245377
train,2011-540,6,51,0,1.0,0.7732282320464515
train,2011-540,6,51,1,1.0,0.6991014612817723
train,2011-540,7,52,0,0.0,0.6089451469348842
train,2011-560,1,65,0,1.0,0.9400228260974861
train,2011-560,1,65,1,0.0,0.1457901147161516
train,2011-560,1,65,2,1.0,0.8059932553428044
train,2011-560,1,65,3,0.0,0.31232804384922874
train,2011-560,1,65,4,1.0,0.34076123836709704
train,2011-560,1,65,5,1.0,0.8055289091824248
train,2011-560,1,65,6,0.0,0.7401498010034842
train,2011-560,1,65,7,0.0,0.17487779742476295
train,2011-560,1,65,8,1.0,0.6188434640658013
train,2011-560,1,65,9,1.0,0.3954498011095674
train,2011-560,1,65,10,0.0,0.2381356099680505
train,2011-560,1,65,11,0.0,0.18337785420822947
train,2011-560,1,65,12,1.0,0.32097401346125615
train,2011-560,1,65,13,0.0,0.07481775673988789
train,2011-560,1,65,14,0.0,0.16733509101624203
train,2011-560,1,65,15,0.0,0.36834661263842494
train,2011-560,1,65,16,0.0,0.27912303331426397
train,2011-560,1,65,17,0.0,0.10430185727413441
train,2011-560,1,65,18,1.0,0.8472113612122536
train,2011-560,1,65,19,0.0,0.30784458187905245
train,2011-560,1,65,20,0.0,0.04317086377690127
train,2011-560,1,65,21,0.0,0.2960234921362444
train,2011-560,1,65,22,1.0,0.7251382395699641
train,2011-560,1,65,23,1.0,0.48301302929558926
train,2011-560,1,65,24,0.0,0.7125149625607533
train,2011-560,1,65,25,1.0,0.6753632559655596
train,2011-560,1,65,26,0.0,0.26926196542464553
train,2011-560,1,65,27,1.0,0.44064010612562826
train,2011-560,1,65,28,0.0,0.49033607585188854
train,2011-560,1,65,29,0.0,0.028696386322909283
train,2011-560,1,65,30,1.0,0.3425707090978888
train,2011-560,1,65,31,1.0,0.8921485206572131
train,2011-560,1,65,32,0.0,0.7566923649793015
train,2011-560,1,65,33,0.0,0.11755529628024233
train,2011-560,1,65,34,1.0,0.19218745616579863
train,2011-560,1,65,35,0.0,0.1968122434032198
train,2011-560,1,65,36,0.0,0.07996672061388573
train,2011-560,1,65,37,1.0,0.8086154560748752
train,2011-560,1,65,38,1.0,0.6611162694474373
train,2011-560,1,65,39,1.0,0.36018473609583346
train,2011-560,1,65,40,1.0,0.3014817374155444
train,2011-560,1,65,41,1.0,0.6279141280881123
train,2011-560,1,65,42,1.0,0.8400954170017697
train,2011-560,1,65,43,0.0,0.2634113004561884
train,2011-560,1,65,44,1.0,0.20913966143151203
train,2011-560,1,65,45,0.0,0.09889879000282405
train,2011-560,1,65,46,1.0,0.7931101160446923
train,2011-560,1,65,47,1.0,0.8916303499146551
train,2011-560,1,65,48,0.0,0.709367554256223
train,2011-560,1,65,49,0.0,0.5806742840494178
train,2011-560,1,65,50,1.0,0.8295475344890785
train,2011-560,1,65,51,1.0,0.7413456974016255
train,2011-560,1,65,52,1.0,0.6226432809004824
train,2011-560,1,65,53,0.0,0.09945120260210813
train,2011-560,1,65,54,1.0,0.6884011302936842
train,2011-560,1,65,55,1.0,0.736064658473722
train,2011-560,1,65,56,1.0,0.8209050664010297
train,2011-560,1,65,57,1.0,0.8832392772403145
train,2011-560,1,65,58,0.0,0.47707435409537935
train,2011-560,1,65,59,0.0,0.5325094356233665
train,2011-560,1,65,60,1.0,0.7279403175348564
train,2011-560,1,65,61,1.0,0.870799462904915
train,2011-560,1,65,62,1.0,0.5491118470293168
train,2011-560,1,65,63,1.0,0.40524026158178644
train,2011-560,2,66,0,0.0,0.11402723823490933
train,2011-560,2,66,1,0.0,0.3306312375985515
train,2011-560,2,66,2,0.0,0.8471709589686635
train,2011-560,2,66,3,0.0,0.3517624080015359
train,2011-560,2,66,4,0.0,0.22943757690758207
train,2011-560,2,66,5,0.0,0.392399807754159
train,2011-560,2,66,6,1.0,0.7653204121800959
train,2011-560,2,66,7,1.0,0.7498484654610574
train,2011-560,2,66,8,1.0,0.8990245212635645
train,2011-560,2,66,9,0.0,0.6943363167719339
train,2011-560,2,66,10,1.0,0.7769246593189917
train,2011-560,2,66,11,0.0,0.1117748919716964
train,2011-560,2,66,12,0.0,0.21476584461069465
train,2011-560,2,66,13,0.0,0.3700670909009679
train,2011-560,2,66,14,1.0,0.4758894343360597
train,2011-560,2,66,15,1.0,0.8323297546095042
train,2011-560,2,66,16,1.0,0.8837252577803246
train,2011-560,2,66,17,0.0,0.3758304891300944
train,2011-560,2,66,18,0.0,0.49333313053191086
train,2011-560,2,66,19,0.0,0.28459106394614164
train,2011-560,2,66,20,1.0,0.9150427650988148
train,2011-560,2,66,21,1.0,0.23548903818290712
train,2011-560,2,66,22,1.0,0.6526617168086403
train,2011-560,2,66,23,0.0,0.782922089581027
train,2011-560,2,66,24,0.0,0.17596055007155134
train,2011-560,2,66,25,1.0,0.3305605630032692
train,2011-560,2,66,26,0.0,0.2000782768935369
train,2011-560,2,66,27,1.0,0.7989766018625188
train,2011-560,2,66,28,0.0,0.12932386443788088
train,2011-560,2,66,29,1.0,0.46165987528483954
train,2011-560,2,66,30,1.0,0.9361477041042127
train,2011-560,2,66,31,0.0,0.058079732408247126
train,2011-560,3,67,0,1.0,0.3643005034808895
train,2011-560,3,67,1,1.0,0.8677175631836385
train,2011-560,3,67,2,1.0,0.885232397940859
train,2011-560,3,67,3,1.0,0.5532684088239044
train,2011-560,3,67,4,0.0,0.22037463417738587
train,2011-560,3,67,5,0.0,0.2229388241213947
train,2011-560,3,67,6,0.0,0.16874472736524093
train,2011-560,3,67,7,1.0,0.35791844047411586
train,2011-560,3,67,8,0.0,0.3320738572217918
train,2011-560,3,67,9,1.0,0.7256424248036168
train,2011-560,3,67,10,1.0,0.6070628085466777
train,2011-560,3,67,11,1.0,0.6118565416935848
train,2011-560,3,67,12,0.0,0.1553251859448321
train,2011-560,3,67,13,0.0,0.4027030636316648
train,2011-560,3,67,14,0.0,0.7360557244144452
train,2011-560,3,67,15,0.0,0.5902179291625201
train,2011-560,4,68,0,1.0,0.48843581438801137
train,2011-560,4,68,1,0.0,0.10459605992503723
train,2011-560,4,68,2,0.0,0.5401968945802345
train,2011-560,4,68,3,1.0,0.5501435146330861
train,2011-560,4,68,4,1.0,0.8716801532284671
train,2011-560,4,68,5,1.0,0.6856529567540598
train,2011-560,4,68,6,0.0,0.0986569486265509
train,2011-560,4,68,7,1.0,0.9208027921946759
train,2011-560,5,69,0,0.0,0.18917168688981822
train,2011-560,5,69,1,1.0,0.8149108222442275
train,2011-560,5,69,2,0.0,0.2339817410355362
train,2011-560,5,69,3,1.0,0.8723457533983838
train,2011-560,6,70,0,1.0,0.6782896827628409
train,2011-560,6,70,1,1.0,0.5483266804936818
train,2011-560,7,71,0,1.0,0.49646624483715457
train,2011-580,1,0,0,0.0,0.050910119151018486
train,2011-580,1,0,1,1.0,0.7224393370935959
train,2011-580,1,0,2,0.0,0.1188591465971011
train,2011-580,1,0,3,0.0,0.21564289649127263
train,2011-580,1,0,4,1.0,0.4340786428199136
train,2011-580,1,0,5,0.0,0.06501176560414305
train,2011-580,1,0,6,0.0,0.22123487964928298
train,2011-580,1,0,7,0.0,0.40022091546909017
train,2011-580,1,0,8,1.0,0.7394218360297435
train,2011-580,1,0,9,1.0,0.36563025842049235
train,2011-580,1,0,10,1.0,0.7830885377798545
train,2011-580,1,0,11,0.0,0.7080072472663139
train,2011-580,1,0,12,0.0,0.3084941744650868
train,2011-580,1,0,13,0.0,0.11678856529489832
train,2011-580,1,0,14,1.0,0.812470874939901
train,2011-580,1,0,15,1.0,0.6985115620358645
train,2011-580,1,0,16,0.0,0.17032147292903121
train,2011-580,1,0,17,1.0,0.6218741656010341
train,2011-580,1,0,18,0.0,0.2790296740670527
train,2011-580,1,0,19,0.0,0.5241570553564987
train,2011-580,1,0,20,0.0,0.7622097614234975
train,2011-580,1,0,21,1.0,0.6729879842796002
train,2011-580,1,0,22,0.0,0.14461862245544682
train,2011-580,1,0,23,0.0,0.3243219650677932
train,2011-580,1,0,24,0.0,0.1137628964911782
train,2011-580,1,0,25,1.0,0.6599219636097575
train,2011-580,1,0,26,1.0,0.7023547181109041
train,2011-580,1,0,27,1.0,0.19419295771076708
train,2011-580,1,0,28,1.0,0.33755638898319484
train,2011-580,1,0,29,0.0,0.027719848505273335
train,2011-580,1,0,30,0.0,0.40394652668977543
train,2011-580,1,0,31,0.0,0.5060498774493062
train,2011-580,1,0,32,1.0,0.7833480354559226
train,2011-580,1,0,33,1.0,0.9427201489067403
train,2011-580,1,0,34,1.0,0.6844162553404429
train,2011-580,1,0,35,1.0,0.7849884219734745
train,2011-580,1,0,36,1.0,0.23272705994384235
train,2011-580,1,0,37,1.0,0.7583545008812439
train,2011-580,1,0,38,1.0,0.8599441058877317
train,2011-580,1,0,39,0.0,0.22590430138510412
train,2011-580,1,0,40,1.0,0.38297557763650936
train,2011-580,1,0,41,0.0,0.7513061831803851
train,2011-580,1,0,42,0.0,0.15073077222810816
train,2011-580,1,0,43,1.0,0.8072458446143782
train,2011-580,1,0,44,0.0,0.36647857568012543
train,2011-580,1,0,45,0.0,0.35492536422854054
train,2011-580,1,0,46,1.0,0.9255280611592414
train,2011-580,1,0,47,1.0,0.9153067467858179
train,2011-580,1,0,48,0.0,0.32168116262983315
train,2011-580,1,0,49,1.0,0.5556970107837633
train,2011-580,1,0,50,1.0,0.9516740659828953
train,2011-580,1,0,51,1.0,0.2400955481553067
train,2011-580,1,0,52,0.0,0.1474165429690655
train,2011-580,1,0,53,0.0,0.6467743014699937
train,2011-580,1,0,54,0.0,0.8079243965101025
train,2011-580,1,0,55,0.0,0.6479452433698186
train,2011-580,1,0,56,1.0,0.8198384037389471
train,2011-580,1,0,57,0.0,0.18342986231787756
train,2011-580,1,0,58,1.0,0.8279763156920599
train,2011-580,1,0,59,1.0,0.8154979159578447
train,2011-580,1,0,60,0.0,0.4397368561503817
train,2011-580,1,0,61,1.0,0.8197035818279241
train,2011-580,1,0,62,0.0,0.3641115620765257
train,2011-580,1,0,63,0.0,0.31901362366351843
train,2011-580,2,1,0,0.0,0.2300760932041221
train,2011-580,2,1,1,0.0,0.30232760317825946
train,2011-580,2,1,2,0.0,0.6475847254210377
train,2011-580,2,1,3,1.0,0.6104264414480385
train,2011-580,2,1,4,1.0,0.7732552983435462
train,2011-580,2,1,5,1.0,0.5106290617032632
train,2011-580,2,1,6,1.0,0.8887042620172642
train,2011-580,2,1,7,1.0,0.20696176150675
train,2011-580,2,1,8,0.0,0.16414993868722247
train,2011-580,2,1,9,1.0,0.868934718866211
train,2011-580,2,1,10,1.0,0.8010217957956808
train,2011-580,2,1,11,1.0,0.6712417295631448
train,2011-580,2,1,12,1.0,0.9165233087105906
train,2011-580,2,1,13,0.0,0.3404935045619503
train,2011-580,2,1,14,0.0,0.2207761566459063
train,2011-580,2,1,15,0.0,0.2758948345026719
train,2011-580,2,1,16,0.0,0.6938840364030734
train,2011-580,2,1,17,1.0,0.838791048661422
train,2011-580,2,1,18,0.0,0.24139409431341796
train,2011-580,2,1,19,1.0,0.4344996102363178
train,2011-580,2,1,20,1.0,0.26615779503593295
train,2011-580,2,1,21,1.0,0.8299557962462735
train,2011-580,2,1,22,0.0,0.7906569340773496
train,2011-580,2,1,23,1.0,0.20879069035247283
train,2011-580,2,1,24,1.0,0.8212610541925675
train,2011-580,2,1,25,0.0,0.6455905614895039
train,2011-580,2,1,26,1.0,0.4874997136868683
train,2011-580,2,1,27,0.0,0.7622180736726136
train,2011-580,2,1,28,1.0,0.9085376260497158
train,2011-580,2,1,29,1.0,0.873171638535925
train,2011-580,2,1,30,1.0,0.9495877854504056
train,2011-580,2,1,31,0.0,0.14038546719720607
train,2011-580,3,2,0,1.0,0.8637138053802136
train,2011-580,3,2,1,1.0,0.604788052320642
train,2011-580,3,2,2,1.0,0.912274543750822
train,2011-580,3,2,3,0.0,0.2962339276736192
train,2011-580,3,2,4,0.0,0.47966460742545963
train,2011-580,3,2,5,0.0,0.1187929977379942
train,2011-580,3,2,6,1.0,0.5212574807339271
train,2011-580,3,2,7,0.0,0.1616723839694565
train,2011-580,3,2,8,0.0,0.27144080179187724
train,2011-580,3,2,9,0.0,0.15540675213878233
train,2011-580,3,2,10,1.0,0.6502327188608653
train,2011-580,3,2,11,1.0,0.20028559120801392
train,2011-580,3,2,12,1.0,0.8702969941750442
train,2011-580,3,2,13,0.0,0.1711371881826388
train,2011-580,3,2,14,1.0,0.22155721465735478
train,2011-580,3,2,15,1.0,0.9308684504458242
train,2011-580,4,3,0,1.0,0.857050772381977
train,2011-580,4,3,1,0.0,0.64407500935811
train,2011-580,4,3,2,1.0,0.8248717000012649
train,2011-580,4,3,3,0.0,0.48390257426435196
train,2011-580,4,3,4,0.0,0.2070469003028883
train,2011-580,4,3,5,0.0,0.8266427304713572
train,2011-580,4,3,6,1.0,0.8274981408729768
train,2011-580,4,3,7,0.0,0.13116125218009783
train,2011-580,5,4,0,0.0,0.18947607860484966
train,2011-580,5,4,1,0.0,0.26729139866774887
train,2011-580,5,4,2,1.0,0.8719775858004548
train,2011-580,5,4,3,1.0,0.1703750479371389
train,2011-580,6,5,0,1.0,0.3896026350632075
train,2011-580,6,5,1,1.0,0.7145949628118607
train,2011-580,7,6,0,1.0,0.5387664921593954
train,2012-1536,2,111,0,0.0,0.43195988105015076
train,2012-1536,2,111,1,0.0,0.6026385892428562
train,2012-1536,2,111,2,1.0,0.818348132099274
train,2012-1536,2,111,3,0.0,0.41045605036534427
train,2012-1536,2,111,4,0.0,0.2500005640406073
train,2012-1536,2,111,5,0.0,0.4379284115847325
train,2012-1536,2,111,6,0.0,0.6926993989995018
train,2012-1536,2,111,7,1.0,0.8097123291475558
train,2012-1536,2,111,8,1.0,0.5130347707308568
train,2012-1536,2,111,9,1.0,0.7407177164609021
train,2012-1536,2,111,10,1.0,0.5720074626618946
train,2012-1536,2,111,11,0.0,0.5225083095150778
train,2012-1536,2,111,12,1.0,0.40681980971804266
train,2012-1536,2,111,13,0.0,0.17547611557489845
train,2012-1536,2,111,14,0.0,0.3841601405223995
train,2012-1536,2,111,15,1.0,0.6435132756834088
train,2012-1536,2,111,16,1.0,0.4410643809938974
train,2012-1536,2,111,17,0.0,0.22327112047689882
train,2012-1536,2,111,18,0.0,0.5902963994439644
train,2012-1536,2,111,19,1.0,0.35927953463534024
train,2012-1536,2,111,20,1.0,0.5090179157745265
train,2012-1536,2,111,21,0.0,0.3103745334144919
train,2012-1536,2,111,22,1.0,0.7072800784484922
train,2012-1536,2,111,23,0.0,0.37146808659486835
train,2012-1536,3,112,0,1.0,0.8980782720615014
train,2012-1536,3,112,1,1.0,0.7559871659410099
train,2012-1536,3,112,2,1.0,0.7332134789400719
train,2012-1536,3,112,3,0.0,0.21335709391426458
train,2012-1536,3,112,4,0.0,0.18741113980630042
train,2012-1536,3,112,5,1.0,0.6018566120958591
train,2012-1536,3,112,6,0.0,0.2742020499718352
train,2012-1536,3,112,7,1.0,0.8059404070175894
train,2012-1536,3,112,8,1.0,0.7538231456617706
train,2012-1536,3,112,9,1.0,0.606747968719698
train,2012-1536,3,112,10,1.0,0.5752279849090347
train,2012-1536,3,112,11,0.0,0.1267004939173649
train,2012-1536,3,112,12,1.0,0.7040089864376421
train,2012-1536,3,112,13,0.0,0.2607743533113308
train,2012-1536,3,112,14,1.0,0.918785083418315
train,2012-1536,3,112,15,0.0,0.3443179838612833
train,2012-1536,4,113,0,1.0,0.8125157130360561
train,2012-1536,4,113,1,0.0,0.6796515716322148
train,2012-1536,4,113,2,1.0,0.6817819526947989
train,2012-1536,4,113,3,1.0,0.6428187040347881
train,2012-1536,4,113,4,0.0,0.7236539901385498
train,2012-1536,4,113,5,0.0,0.30677136204850475
train,2012-1536,4,113,6,0.0,0.8717200469163104
train,2012-1536,4,113,7,1.0,0.82000099608677
train,2012-1536,5,114,0,0.0,0.3136604815509089
train,2012-1536,5,114,1,0.0,0.8691286167732047
train,2012-1536,5,114,2,0.0,0.2963513071250136
train,2012-1536,5,114,3,1.0,0.6609715544460063
train,2012-1536,6,115,0,0.0,0.16783611400432297
train,2012-1536,6,115,1,0.0,0.4059511270408273
train,2012-1536,7,116,0,0.0,0.3038461906387959
train,2012-352,2,162,0,1.0,0.5640875096690825
train,2012-352,2,162,1,1.0,0.4197145026299268
train,2012-352,2,162,2,1.0,0.5277947376779393
train,2012-352,2,162,3,1.0,0.6201551983243017
train,2012-352,2,162,4,1.0,0.729698049002322
train,2012-352,2,162,5,0.0,0.8324647092128614
train,2012-352,2,162,6,1.0,0.4227559760546067
train,2012-352,2,162,7,0.0,0.8133734282952406
train,2012-352,2,162,8,0.0,0.7160598348794408
train,2012-352,2,162,9,0.0,0.6216067116684146
train,2012-352,2,162,10,0.0,0.5287755215731276
train,2012-352,2,162,11,0.0,0.6788379903409355
train,2012-352,2,162,12,0.0,0.5564429405024945
train,2012-352,2,162,13,1.0,0.5113340125239813
train,2012-352,2,162,14,1.0,0.7099328371448075
train,2012-352,2,162,15,0.0,0.6055421579701478
train,2012-352,3,163,0,0.0,0.3804690520349432
train,2012-352,3,163,1,1.0,0.3241680183595308
train,2012-352,3,163,2,0.0,0.20611246777990788
train,2012-352,3,163,3,1.0,0.8001246427452123
train,2012-352,3,163,4,0.0,0.23902792236691092
train,2012-352,3,163,5,1.0,0.7941946177652036
train,2012-352,3,163,6,1.0,0.7384278347790489
train,2012-352,3,163,7,1.0,0.819698622289798
train,2012-352,3,163,8,1.0,0.11038264910798007
train,2012-352,3,163,9,1.0,0.20001297977172605
train,2012-352,3,163,10,1.0,0.6343602859664949
train,2012-352,3,163,11,1.0,0.88206811500652
train,2012-352,3,163,12,1.0,0.7975665387859274
train,2012-352,3,163,13,1.0,0.6860092635293153
train,2012-352,3,163,14,1.0,0.7629062366590498
train,2012-352,3,163,15,1.0,0.3065779578445213
train,2012-352,4,164,0,1.0,0.7844438704308636
train,2012-352,4,164,1,1.0,0.5851584107549225
train,2012-352,4,164,2,1.0,0.1206455591688155
train,2012-352,4,164,3,1.0,0.6436132899959154
train,2012-352,4,164,4,0.0,0.37591984099023257
train,2012-352,4,164,5,0.0,0.7336991362386716
train,2012-352,4,164,6,0.0,0.5364407364198404
train,2012-352,4,164,7,0.0,0.35427919136605596
train,2012-352,5,165,0,0.0,0.5944230115438145
train,2012-352,5,165,1,1.0,0.2763393363549797
train,2012-352,5,165,2,0.0,0.7806247824336072
train,2012-352,5,165,3,0.0,0.44434554784844593
train,2012-352,6,166,0,0.0,0.7462272218946558
train,2012-352,6,166,1,0.0,0.22598005482731648
train,2012-352,7,167,0,1.0,0.817763358106862
train,2012-403,1,98,0,1.0,0.12716010010652481
train,2012-403,1,98,1,0.0,0.2279995956869708
train,2012-403,1,98,2,1.0,0.4882062061587071
train,2012-403,1,98,3,1.0,0.49979437634885215
train,2012-403,1,98,4,0.0,0.5678655175185074
train,2012-403,1,98,5,0.0,0.7554451435315751
train,2012-403,1,98,6,1.0,0.6003640652691338
train,2012-403,1,98,7,0.0,0.727822324810112
train,2012-403,1,98,8,0.0,0.7948240883941063
train,2012-403,1,98,9,0.0,0.7802716425401407
train,2012-403,1,98,10,0.0,0.657001465048374
train,2012-403,1,98,11,1.0,0.7071329730050046
train,2012-403,1,98,12,0.0,0.523078578253192
train,2012-403,1,98,13,1.0,0.5061061031065337
train,2012-403,1,98,14,0.0,0.4056086531606955
train,2012-403,1,98,15,0.0,0.37559677683734066
train,2012-403,1,98,16,1.0,0.6420870721575883
train,2012-403,1,98,17,1.0,0.38492097684672605
train,2012-403,1,98,18,0.0,0.1470417498059703
train,2012-403,1,98,19,0.0,0.2619545766844255
train,2012-403,1,98,20,1.0,0.5902610500603336
train,2012-403,1,98,21,0.0,0.53938358033789
train,2012-403,1,98,22,0.0,0.4041198283809604
train,2012-403,1,98,23,1.0,0.7591583819034338
train,2012-403,1,98,24,1.0,0.4213719052520314
train,2012-403,1,98,25,1.0,0.5319139102604653
train,2012-403,1,98,26,0.0,0.23014785280548763
train,2012-403,1,98,27,1.0,0.15184784311757227
train,2012-403,1,98,28,0.0,0.5831506081597319
train,2012-403,1,98,29,1.0,0.6815459360126344
train,2012-403,1,98,30,0.0,0.42109894706512907
train,2012-403,1,98,31,1.0,0.297962121151146
train,2012-403,2,99,0,1.0,0.9044047803448512
train,2012-403,2,99,1,0.0,0.4666346789260289
train,2012-403,2,99,2,1.0,0.30865711222313874
train,2012-403,2,99,3,0.0,0.5343432158133321
train,2012-403,2,99,4,0.0,0.40397993120995257
train,2012-403,2,99,5,0.0,0.3774199519339978
train,2012-403,2,99,6,0.0,0.298925315014057
train,2012-403,2,99,7,1.0,0.7902508219342576
train,2012-403,2,99,8,0.0,0.12695186220378982
train,2012-403,2,99,9,0.0,0.3650663236359975
train,2012-403,2,99,10,1.0,0.6784465181804136
train,2012-403,2,99,11,1.0,0.8497248856599208
train,2012-403,2,99,12,0.0,0.2189274701133905
train,2012-403,2,99,13,1.0,0.6390104226244872
train,2012-403,2,99,14,0.0,0.19183121679724138
train,2012-403,2,99,15,0.0,0.14617987013468023
train,2012-403,2,99,16,0.0,0.49218760908227865
train,2012-403,2,99,17,1.0,0.8483672464723111
train,2012-403,2,99,18,1.0,0.5037249450403529
train,2012-403,2,99,19,1.0,0.7485366691808177
train,2012-403,2,99,20,1.0,0.8287199250630842
train,2012-403,2,99,21,0.0,0.3791488938717992
train,2012-403,2,99,22,0.0,0.1793410541314962
train,2012-403,2,99,23,1.0,0.8943028795650362
train,2012-403,2,99,24,1.0,0.6269179550726085
train,2012-403,2,99,25,0.0,0.27242866080674966
train,2012-403,2,99,26,1.0,0.7351022298108755
train,2012-403,2,99,27,0.0,0.7268116408863239
train,2012-403,2,99,28,1.0,0.7857662298122078
train,2012-403,2,99,29,0.0,0.1647362207222799
train,2012-403,2,99,30,1.0,0.5048290312619481
train,2012-403,2,99,31,0.0,0.11076628131821942
train,2012-403,3,100,0,1.0,0.3719274668007182
train,2012-403,3,100,1,0.0,0.8003545772847024
train,2012-403,3,100,2,1.0,0.7761423389724161
train,2012-403,3,100,3,1.0,0.6941793844319365
train,2012-403,3,100,4,0.0,0.27847630125562745
train,2012-403,3,100,5,1.0,0.8926145095013207
train,2012-403,3,100,6,1.0,0.46458246588046
train,2012-403,3,100,7,1.0,0.6870256125226065
train,2012-403,3,100,8,1.0,0.579045947458447
train,2012-403,3,100,9,1.0,0.8848944545535754
train,2012-403,3,100,10,0.0,0.2774367288751074
train,2012-403,3,100,11,1.0,0.3136473309297459
train,2012-403,3,100,12,0.0,0.2836137144336754
train,2012-403,3,100,13,0.0,0.1555131619942204
train,2012-403,3,100,14,1.0,0.5938235189636546
train,2012-403,3,100,15,0.0,0.8207909974643748
train,2012-403,4,101,0,0.0,0.417175717252251
train,2012-403,4,101,1,0.0,0.10255325996126796
train,2012-403,4,101,2,1.0,0.7567999653519842
train,2012-403,4,101,3,1.0,0.7752475349059008
train,2012-403,4,101,4,1.0,0.705564867129853
train,2012-403,4,101,5,0.0,0.7144702703783454
train,2012-403,4,101,6,0.0,0.4218933885977164
train,2012-403,4,101,7,0.0,0.1345547778574859
train,2012-403,5,102,0,1.0,0.7795535657483796
train,2012-403,5,102,1,0.0,0.21249212370830506
train,2012-403,5,102,2,1.0,0.3368539232275109
train,2012-403,5,102,3,0.0,0.2132444092128244
train,2012-403,6,103,0,1.0,0.32773042841676414
train,2012-403,6,103,1,0.0,0.1231306688589277
train,2012-403,7,104,0,0.0,0.29404415074314194
train,2012-404,1,91,0,0.0,0.1780327782948081
train,2012-404,1,91,1,0.0,0.16814990236969898
train,2012-404,1,91,2,1.0,0.6188839420849326
train,2012-404,1,91,3,1.0,0.7451697293292622
train,2012-404,1,91,4,0.0,0.5664234622465402
train,2012-404,1,91,5,1.0,0.4430475903525147
train,2012-404,1,91,6,1.0,0.5935734191083221
train,2012-404,1,91,7,1.0,0.588759137420412
train,2012-404,1,91,8,0.0,0.3676111075217156
train,2012-404,1,91,9,0.0,0.2338820009466366
train,2012-404,1,91,10,0.0,0.16898747595113717
train,2012-404,1,91,11,1.0,0.6462718269604169
train,2012-404,1,91,12,1.0,0.6462189205703904
train,2012-404,1,91,13,0.0,0.5091361949840255
train,2012-404,1,91,14,1.0,0.3245295795963
train,2012-404,1,91,15,0.0,0.26675089313112643
train,2012-404,1,91,16,0.0,0.17453272528390612
train,2012-404,1,91,17,1.0,0.5672136862337588
train,2012-404,1,91,18,1.0,0.45981599801226447
train,2012-404,1,91,19,1.0,0.8707228147709113
train,2012-404,1,91,20,0.0,0.45234992490213016
train,2012-404,1,91,21,0.0,0.3789568641728183
train,2012-404,1,91,22,1.0,0.6190064141261672
train,2012-404,1,91,23,0.0,0.398207913500044
train,2012-404,1,91,24,1.0,0.30045564477201475
train,2012-404,1,91,25,1.0,0.7287965564378182
train,2012-404,1,91,26,0.0,0.6672824397560357
train,2012-404,1,91,27,1.0,0.5448080579277752
train,2012-404,1,91,28,1.0,0.7478861612976602
train,2012-404,1,91,29,0.0,0.39102925213453843
train,2012-404,1,91,30,1.0,0.37176846509090844
train,2012-404,1,91,31,0.0,0.6328381018508056
train,2012-404,2,92,0,1.0,0.7331784315248484
train,2012-404,2,92,1,1.0,0.8949886338386701
train,2012-404,2,92,2,1.0,0.3934858390148991
train,2012-404,2,92,3,1.0,0.36617653289337826
train,2012-404,2,92,4,1.0,0.7487905096063673
train,2012-404,2,92,5,1.0,0.45610718352976004
train,2012-404,2,92,6,0.0,0.4614871624951912
train,2012-404,2,92,7,1.0,0.7176434303161501
train,2012-404,2,92,8,1.0,0.9139971818646844
train,2012-404,2,92,9,1.0,0.596679353151531
train,2012-404,2,92,10,1.0,0.44019096413195713
train,2012-404,2,92,11,1.0,0.8539482323875031
train,2012-404,2,92,12,0.0,0.15971802403450325
train,2012-404,2,92,13,1.0,0.7326714912661052
train,2012-404,2,92,14,0.0,0.5265648879049583
train,2012-404,2,92,15,0.0,0.18345780697285732
train,2012-404,2,92,16,1.0,0.37031019849430025
train,2012-404,2,92,17,1.0,0.7311312465318114
train,2012-404,2,92,18,1.0,0.6519110280112109
train,2012-404,2,92,19,0.0,0.23403970987689132
train,2012-404,2,92,20,1.0,0.7289746706619595
train,2012-404,2,92,21,0.0,0.18742062270962995
train,2012-404,2,92,22,0.0,0.6549443470487077
train,2012-404,2,92,23,0.0,0.8150100456048242
train,2012-404,2,92,24,0.0,0.20861995653722792
train,2012-404,2,92,25,0.0,0.5581108737878049
train,2012-404,2,92,26,1.0,0.5911408241070022
train,2012-404,2,92,27,1.0,0.7606038838130726
train,2012-404,2,92,28,1.0,0.29498190753830894
train,2012-404,2,92,29,0.0,0.7768895675887446
train,2012-404,2,92,30,0.0,0.11375417533273569
train,2012-404,2,92,31,0.0,0.5568694948536995
train,2012-404,3,93,0,1.0,0.386960396695821
train,2012-404,3,93,1,0.0,0.5920654786146298
train,2012-404,3,93,2,1.0,0.5560970909319732
train,2012-404,3,93,3,1.0,0.6821341319018598
train,2012-404,3,93,4,0.0,0.4856455850049597
train,2012-404,3,93,5,1.0,0.8302976530014127
train,2012-404,3,93,6,1.0,0.6260006416491845
train,2012-404,3,93,7,0.0,0.7520259659303055
train,2012-404,3,93,8,1.0,0.5900326919280439
train,2012-404,3,93,9,1.0,0.8627304618448939
train,2012-404,3,93,10,1.0,0.5536376983916466
train,2012-404,3,93,11,1.0,0.4318656642938348
train,2012-404,3,93,12,0.0,0.2634697715853138
train,2012-404,3,93,13,0.0,0.1571143435758061
train,2012-404,3,93,14,1.0,0.42207010496408126
train,2012-404,3,93,15,1.0,0.19900140242310368
train,2012-404,4,94,0,1.0,0.8149745893151478
train,2012-404,4,94,1,0.0,0.7019164119986814
train,2012-404,4,94,2,0.0,0.17725274934749014
train,2012-404,4,94,3,0.0,0.23505763337706334
train,2012-404,4,94,4,1.0,0.7202025047718359
train,2012-404,4,94,5,1.0,0.6629784597818905
train,2012-404,4,94,6,1.0,0.3173699844029556
train,2012-404,4,94,7,0.0,0.12574352123400234
train,2012-404,5,95,0,1.0,0.8098420178716008
train,2012-404,5,95,1,0.0,0.26092547980318803
train,2012-404,5,95,2,0.0,0.4048687423861742
train,2012-404,5,95,3,1.0,0.8030452370170401
train,2012-404,6,96,0,1.0,0.5048715526592368
train,2012-404,6,96,1,1.0,0.21836743840971204
train,2012-404,7,97,0,1.0,0.7680158823937124
train,2012-410,2,105,0,1.0,0.4915874502800979
train,2012-410,2,105,1,1.0,0.4310528976494031
train,2012-410,2,105,2,0.0,0.4610020857473575
train,2012-410,2,105,3,1.0,0.4545863015454858
train,2012-410,2,105,4,0.0,0.38369023046252243
train,2012-410,2,105,5,0.0,0.16234271524809196
train,2012-410,2,105,6,0.0,0.42648541963791975
train,2012-410,2,105,7,1.0,0.7198544674076974
train,2012-410,2,105,8,1.0,0.5873481649016097
train,2012-410,2,105,9,1.0,0.6174455280000892
train,2012-410,2,105,10,0.0,0.23116639367862107
train,2012-410,2,105,11,1.0,0.2871963192462855
train,2012-410,2,105,12,1.0,0.3345118707440541
train,2012-410,2,105,13,1.0,0.6068448571051355
train,2012-410,2,105,14,0.0,0.6384934805931527
train,2012-410,2,105,15,1.0,0.2676708325424653
train,2012-410,2,105,16,0.0,0.342522817026315
train,2012-410,2,105,17,0.0,0.27921227198304915
train,2012-410,2,105,18,0.0,0.4572738243331834
train,2012-410,2,105,19,0.0,0.20266683805126665
train,2012-410,2,105,20,0.0,0.7873129939529923
train,2012-410,2,105,21,0.0,0.20300558576460348
train,2012-410,2,105,22,1.0,0.8736394535302108
train,2012-410,2,105,23,0.0,0.23444786787142696
train,2012-410,3,106,0,0.0,0.06769472229057362
train,2012-410,3,106,1,0.0,0.3288352362943364
train,2012-410,3,106,2,0.0,0.4990899107490251
train,2012-410,3,106,3,0.0,0.21864538227960806
train,2012-410,3,106,4,0.0,0.22835506724670362
train,2012-410,3,106,5,1.0,0.3214032737408816
train,2012-410,3,106,6,1.0,0.5111791409372026
train,2012-410,3,106,7,1.0,0.6896111407662429
train,2012-410,3,106,8,1.0,0.5748391292477271
train,2012-410,3,106,9,1.0,0.7397109453590718
train,2012-410,3,106,10,1.0,0.7944667838854514
train,2012-410,3,106,11,1.0,0.2332804016930709
train,2012-410,3,106,12,0.0,0.23184198311818613
train,2012-410,3,106,13,1.0,0.6423489359644778
train,2012-410,3,106,14,0.0,0.6082015636784963
train,2012-410,3,106,15,0.0,0.10390094978002352
train,2012-410,4,107,0,1.0,0.8833550337109614
train,2012-410,4,107,1,1.0,0.3126507506799636
train,2012-410,4,107,2,1.0,0.7733431500047275
train,2012-410,4,107,3,0.0,0.36314811059497554
train,2012-410,4,107,4,1.0,0.624321633044768
train,2012-410,4,107,5,0.0,0.42107852618769276
train,2012-410,4,107,6,0.0,0.07136559392981233
train,2012-410,4,107,7,0.0,0.17276341878928964
train,2012-410,5,108,0,1.0,0.8954681304233941
train,2012-410,5,108,1,1.0,0.369031881243836
train,2012-410,5,108,2,1.0,0.3649940447589189
train,2012-410,5,108,3,1.0,0.8500904007365884
train,2012-410,6,109,0,1.0,0.7897489053304424
train,2012-410,6,109,1,0.0,0.13922741402738079
train,2012-410,7,110,0,0.0,0.42690504186338396
train,2012-416,2,117,0,1.0,0.4938512934167104
train,2012-416,2,117,1,1.0,0.49035761429483565
train,2012-416,2,117,2,0.0,0.159712436161741
train,2012-416,2,117,3,0.0,0.21436351723474595
train,2012-416,2,117,4,0.0,0.6031682958761664
train,2012-416,2,117,5,1.0,0.7221548215840988
train,2012-416,2,117,6,1.0,0.45754751022752266
train,2012-416,2,117,7,0.0,0.20250338295079745
train,2012-416,2,117,8,1.0,0.4318349027286649
train,2012-416,2,117,9,1.0,0.6492867882958876
train,2012-416,2,117,10,0.0,0.24498399340187652
train,2012-416,2,117,11,0.0,0.4729525125535324
train,2012-416,2,117,12,0.0,0.33614875221397683
train,2012-416,2,117,13,1.0,0.613523859130203
train,2012-416,2,117,14,1.0,0.516968847531943
train,2012-416,2,117,15,0.0,0.5153293770953646
train,2012-416,2,117,16,1.0,0.3567440449627503
train,2012-416,2,117,17,1.0,0.5940971204870982
train,2012-416,2,117,18,1.0,0.5582563598071966
train,2012-416,2,117,19,0.0,0.337322334460218
train,2012-416,2,117,20,0.0,0.7717006432258999
train,2012-416,2,117,21,0.0,0.45068376079170835
train,2012-416,2,117,22,0.0,0.14233832603269986
train,2012-416,2,117,23,1.0,0.5300435859120493
train,2012-416,3,118,0,1.0,0.9078728222871102
train,2012-416,3,118,1,1.0,0.426941432940217
train,2012-416,3,118,2,1.0,0.7483245138582064
train,2012-416,3,118,3,1.0,0.8484905560018811
train,2012-416,3,118,4,1.0,0.8144136563813096
train,2012-416,3,118,5,1.0,0.6583196527838193
train,2012-416,3,118,6,0.0,0.2908742404260196
train,2012-416,3,118,7,0.0,0.3533026797728078
train,2012-416,3,118,8,1.0,0.4444558818825785
train,2012-416,3,118,9,1.0,0.2946358195579797
train,2012-416,3,118,10,0.0,0.19273669269258942
train,2012-416,3,118,11,0.0,0.09321220835168337
train,2012-416,3,118,12,0.0,0.2660420041356344
train,2012-416,3,118,13,1.0,0.6070477475993619
train,2012-416,3,118,14,0.0,0.24408639286183806
train,2012-416,3,118,15,1.0,0.9021371819525587
train,2012-416,4,119,0,1.0,0.8659857488980174
train,2012-416,4,119,1,1.0,0.8727407653007558
train,2012-416,4,119,2,1.0,0.2584765758590729
train,2012-416,4,119,3,1.0,0.6262155475069757
train,2012-416,4,119,4,1.0,0.2699582252613542
train,2012-416,4,119,5,0.0,0.30538488577029343
train,2012-416,4,119,6,1.0,0.9205346729648082
train,2012-416,4,119,7,1.0,0.5144527644793775
train,2012-416,5,120,0,1.0,0.7624764870712138
train,2012-416,5,120,1,1.0,0.6910233842124236
train,2012-416,5,120,2,1.0,0.7867302962961378
train,2012-416,5,120,3,1.0,0.8690590611173904
train,2012-416,6,121,0,1.0,0.532005062708993
train,2012-416,6,121,1,0.0,0.19319626731792802
train,2012-416,7,122,0,0.0,0.3948576401048875
train,2012-421,2,137,0,1.0,0.6472205913511018
train,2012-421,2,137,1,0.0,0.3086068429187035
train,2012-421,2,137,2,1.0,0.46596644166208256
train,2012-421,2,137,3,0.0,0.6106732239474647
train,2012-421,2,137,4,0.0,0.5762835866976559
train,2012-421,2,137,5,0.0,0.4571368715275689
train,2012-421,2,137,6,1.0,0.6927005366401647
train,2012-421,2,137,7,1.0,0.5014960888942571
train,2012-421,2,137,8,0.0,0.7499724489358048
train,2012-421,2,137,9,0.0,0.32873866015004916
train,2012-421,2,137,10,1.0,0.4636205525758436
train,2012-421,2,137,11,0.0,0.4567057367939112
train,2012-421,2,137,12,0.0,0.5199584209134466
train,2012-421,2,137,13,0.0,0.3829946535599102
train,2012-421,2,137,14,1.0,0.6444196457843372
train,2012-421,2,137,15,0.0,0.1558962619450589
train,2012-421,3,138,0,1.0,0.9074974239670585
train,2012-421,3,138,1,0.0,0.5484894258974236
train,2012-421,3,138,2,1.0,0.7532969412503788
train,2012-421,3,138,3,1.0,0.7575897899436156
train,2012-421,3,138,4,0.0,0.23319307054781738
train,2012-421,3,138,5,1.0,0.6799560894278524
train,2012-421,3,138,6,1.0,0.7749362534724475
train,2012-421,3,138,7,1.0,0.7894218008801959
train,2012-421,3,138,8,1.0,0.5568115200881326
train,2012-421,3,138,9,1.0,0.6200210465110103
train,2012-421,3,138,10,1.0,0.9047583239583779
train,2012-421,3,138,11,0.0,0.44763852454426395
train,2012-421,3,138,12,0.0,0.6797300694158497
train,2012-421,3,138,13,1.0,0.27166619085559945
train,2012-421,3,138,14,0.0,0.8270067523920893
train,2012-421,3,138,15,1.0,0.37754367723919635
train,2012-421,4,139,0,0.0,0.5452163864624243
train,2012-421,4,139,1,1.0,0.8878067098004929
train,2012-421,4,139,2,0.0,0.46821066239364817
train,2012-421,4,139,3,1.0,0.5870456749858218
train,2012-421,4,139,4,0.0,0.665792285987509
train,2012-421,4,139,5,1.0,0.576294003862781
train,2012-421,4,139,6,0.0,0.8259067057230993
train,2012-421,4,139,7,1.0,0.6314636955397498
train,2012-421,5,140,0,0.0,0.34351865608059445
train,2012-421,5,140,1,0.0,0.10960167494732755
train,2012-421,5,140,2,0.0,0.2891750649755213
train,2012-421,5,140,3,0.0,0.5480106214167187
train,2012-421,6,141,0,0.0,0.14724357626357423
train,2012-421,6,141,1,1.0,0.5169745368511961
train,2012-421,7,142,0,1.0,0.8468149738569926
train,2012-422,2,143,0,1.0,0.5937421788839545
train,2012-422,2,143,1,1.0,0.5365399771329125
train,2012-422,2,143,2,0.0,0.3101726006854882
train,2012-422,2,143,3,0.0,0.6081393665025412
train,2012-422,2,143,4,0.0,0.2847453097742352
train,2012-422,2,143,5,0.0,0.21408620009526608
train,2012-422,2,143,6,0.0,0.6197374718204829
train,2012-422,2,143,7,0.0,0.48879063536028056
train,2012-422,2,143,8,0.0,0.35263873662125517
train,2012-422,2,143,9,1.0,0.3090364327540382
train,2012-422,2,143,10,0.0,0.4798744109400786
train,2012-422,2,143,11,0.0,0.5235077198435614
train,2012-422,2,143,12,1.0,0.18352627694627502
train,2012-422,2,143,13,1.0,0.6620921575216949
train,2012-422,2,143,14,0.0,0.632279566718408
train,2012-422,2,143,15,0.0,0.42278654180673914
train,2012-422,2,143,16,0.0,0.370749201717721
train,2012-422,2,143,17,0.0,0.5099396945529987
train,2012-422,2,143,18,1.0,0.3980021825721496
train,2012-422,2,143,19,1.0,0.6729068100208672
train,2012-422,2,143,20,0.0,0.46167464425457444
train,2012-422,2,143,21,0.0,0.6162160605920033
train,2012-422,2,143,22,0.0,0.7691847972658997
train,2012-422,2,143,23,0.0,0.3530988139444682
train,2012-422,3,144,0,1.0,0.9039628515528274
train,2012-422,3,144,1,0.0,0.47139140875823143
train,2012-422,3,144,2,1.0,0.7677725408420507
train,2012-422,3,144,3,1.0,0.23912247838369355
train,2012-422,3,144,4,1.0,0.8069111522796906
train,2012-422,3,144,5,1.0,0.5181692775244764
train,2012-422,3,144,6,0.0,0.37861430786647127
train,2012-422,3,144,7,1.0,0.6963562030895193
train,2012-422,3,144,8,1.0,0.8010632543293508
train,2012-422,3,144,9,0.0,0.54005002543849
train,2012-422,3,144,10,0.0,0.40242307281407597
train,2012-422,3,144,11,1.0,0.323566771118093
train,2012-422,3,144,12,1.0,0.4459439135905873
train,2012-422,3,144,13,1.0,0.8117852552605893
train,2012-422,3,144,14,0.0,0.4078674767657205
train,2012-422,3,144,15,1.0,0.8943655288540838
train,2012-422,4,145,0,1.0,0.8777576585347058
train,2012-422,4,145,1,1.0,0.682706199270654
train,2012-422,4,145,2,0.0,0.7467284141222005
train,2012-422,4,145,3,1.0,0.6831936558323846
train,2012-422,4,145,4,0.0,0.844385464136729
train,2012-422,4,145,5,1.0,0.6986090257375357
train,2012-422,4,145,6,0.0,0.11664153419312256
train,2012-422,4,145,7,1.0,0.6832224794277377
train,2012-422,5,146,0,1.0,0.7893529914987775
train,2012-422,5,146,1,1.0,0.6466683970519773
train,2012-422,5,146,2,0.0,0.2528234485095806
train,2012-422,5,146,3,0.0,0.12473993428334446
train,2012-422,6,147,0,1.0,0.8385357829283563
train,2012-422,6,147,1,1.0,0.8178940512529578
train,2012-422,7,148,0,0.0,0.6025205148626069
train,2012-5014,2,156,0,1.0,0.84899492145862
train,2012-5014,2,156,1,0.0,0.3974721032784273
train,2012-5014,2,156,2,0.0,0.20944221942685196
train,2012-5014,2,156,3,0.0,0.6555254405655381
train,2012-5014,2,156,4,0.0,0.1272387924486228
train,2012-5014,2,156,5,1.0,0.5346990102943993
train,2012-5014,2,156,6,1.0,0.5549728547005002
train,2012-5014,2,156,7,0.0,0.3936896866912803
train,2012-5014,2,156,8,1.0,0.7780697480034804
train,2012-5014,2,156,9,1.0,0.628829494744324
train,2012-5014,2,156,10,0.0,0.33857375226817316
train,2012-5014,2,156,11,1.0,0.7296359863174375
train,2012-5014,2,156,12,1.0,0.6069070009186545
train,2012-5014,2,156,13,0.0,0.6654082741247342
train,2012-5014,2,156,14,1.0,0.48173342951099385
train,2012-5014,2,156,15,1.0,0.640708577492184
train,2012-5014,2,156,16,0.0,0.6836407136663476
train,2012-5014,2,156,17,1.0,0.6880888383407776
train,2012-5014,2,156,18,1.0,0.5650989380034581
train,2012-5014,2,156,19,1.0,0.6806961827099702
train,2012-5014,2,156,20,0.0,0.08012780498751489
train,2012-5014,2,156,21,1.0,0.9204348066258305
train,2012-5014,2,156,22,0.0,0.18514977407950525
train,2012-5014,2,156,23,1.0,0.6102795286824076
train,2012-5014,3,157,0,1.0,0.4532240926762245
train,2012-5014,3,157,1,0.0,0.5445107133561742
train,2012-5014,3,157,2,0.0,0.3516412463435347
train,2012-5014,3,157,3,0.0,0.23171429108179176
train,2012-5014,3,157,4,1.0,0.4313316314677207
train,2012-5014,3,157,5,0.0,0.5781623725326224
train,2012-5014,3,157,6,0.0,0.19423794680239567
train,2012-5014,3,157,7,1.0,0.665448175205268
train,2012-5014,3,157,8,1.0,0.3365372387758792
train,2012-5014,3,157,9,0.0,0.13234749014626224
train,2012-5014,3,157,10,1.0,0.5044863274001781
train,2012-5014,3,157,11,0.0,0.22292829550406865
train,2012-5014,3,157,12,0.0,0.43295998769238603
train,2012-5014,3,157,13,1.0,0.7377896008187101
train,2012-5014,3,157,14,1.0,0.7298552310549198
train,2012-5014,3,157,15,1.0,0.8458963859893331
train,2012-5014,4,158,0,1.0,0.7524605679075324
train,2012-5014,4,158,1,1.0,0.831320587223318
train,2012-5014,4,158,2,0.0,0.23610663924583053
train,2012-5014,4,158,3,1.0,0.3900103133960841
train,2012-5014,4,158,4,0.0,0.3010273709911691
train,2012-5014,4,158,5,1.0,0.7287480608849286
train,2012-5014,4,158,6,1.0,0.5088473345918322
train,2012-5014,4,158,7,1.0,0.30094011095360074
train,2012-5014,5,159,0,0.0,0.21659801252736746
train,2012-5014,5,159,1,1.0,0.7653362386323778
train,2012-5014,5,159,2,1.0,0.5659112282052442
train,2012-5014,5,159,3,0.0,0.1601567399859192
train,2012-5014,6,160,0,0.0,0.6290110304073204
train,2012-5014,6,160,1,1.0,0.7307593709275165
train,2012-5014,7,161,0,0.0,0.3141916794227796
train,2012-520,1,123,0,1.0,0.9286629827470618
train,2012-520,1,123,1,0.0,0.36401466131844384
train,2012-520,1,123,2,0.0,0.16155404709067103
train,2012-520,1,123,3,0.0,0.13408744176536894
train,2012-520,1,123,4,0.0,0.5067778953000587
train,2012-520,1,123,5,0.0,0.21884884413085334
train,2012-520,1,123,6,0.0,0.7367980732875045
train,2012-520,1,123,7,0.0,0.243232130634755
train,2012-520,1,123,8,1.0,0.5132210624263822
train,2012-520,1,123,9,1.0,0.2128641505660727
train,2012-520,1,123,10,1.0,0.29790977555446746
train,2012-520,1,123,11,1.0,0.28310644008672503
train,2012-520,1,123,12,1.0,0.09901025097293295
train,2012-520,1,123,13,1.0,0.9322309250868146
train,2012-520,1,123,14,0.0,0.0683915676108746
train,2012-520,1,123,15,0.0,0.17342669005449263
train,2012-520,1,123,16,0.0,0.3590714747900404
train,2012-520,1,123,17,1.0,0.4634639633883872
train,2012-520,1,123,18,1.0,0.8946905339190728
train,2012-520,1,123,19,0.0,0.03799599669429749
train,2012-520,1,123,20,0.0,0.8206293468148588
train,2012-520,1,123,21,0.0,0.1933471885734458
train,2012-520,1,123,22,0.0,0.18156434524708595
train,2012-520,1,123,23,0.0,0.23169307285085355
train,2012-520,1,123,24,1.0,0.3510999719709593
train,2012-520,1,123,25,1.0,0.5590219653463122
train,2012-520,1,123,26,1.0,0.23342495147588896
train,2012-520,1,123,27,0.0,0.4636277463008724
train,2012-520,1,123,28,0.0,0.6961911527799775
train,2012-520,1,123,29,1.0,0.9334161123512019
train,2012-520,1,123,30,0.0,0.2539256556078212
train,2012-520,1,123,31,1.0,0.6778476509964765
train,2012-520,1,123,32,1.0,0.4219558892035498
train,2012-520,1,123,33,1.0,0.9201373872170256
train,2012-520,1,123,34,1.0,0.3770490178570821
train,2012-520,1,123,35,0.0,0.679865907962173
train,2012-520,1,123,36,1.0,0.670918567638724
train,2012-520,1,123,37,0.0,0.2285100294575134
train,2012-520,1,123,38,0.0,0.7093923831357273
train,2012-520,1,123,39,1.0,0.3575804828615125
train,2012-520,1,123,40,1.0,0.8382401024834407
train,2012-520,1,123,41,0.0,0.5017147313997816
train,2012-520,1,123,42,1.0,0.5232955445721985
train,2012-520,1,123,43,0.0,0.21721995635892868
train,2012-520,1,123,44,1.0,0.8175127117223684
train,2012-520,1,123,45,0.0,0.3226815097280144
train,2012-520,1,123,46,0.0,0.5016333495853702
train,2012-520,1,123,47,1.0,0.6969256116607799
train,2012-520,1,123,48,1.0,0.8346432627430044
train,2012-520,1,123,49,0.0,0.6055159213240199
train,2012-520,1,123,50,1.0,0.8968606852838571
train,2012-520,1,123,51,1.0,0.9312605776192497
train,2012-520,1,123,52,1.0,0.3572387997822593
train,2012-520,1,123,53,1.0,0.6336381829922172
train,2012-520,1,123,54,0.0,0.17104727555404553
train,2012-520,1,123,55,0.0,0.8069055170762888
train,2012-520,1,123,56,1.0,0.7533758346679041
train,2012-520,1,123,57,0.0,0.1374150708157468
train,2012-520,1,123,58,1.0,0.2846628720331384
train,2012-520,1,123,59,1.0,0.4344039500600082
train,2012-520,1,123,60,0.0,0.5060689465306725
train,2012-520,1,123,61,0.0,0.2650576929142878
train,2012-520,1,123,62,1.0,0.469884622820994
train,2012-520,1,123,63,1.0,0.7142902662277063
train,2012-520,2,124,0,0.0,0.7333642478800804
train,2012-520,2,124,1,0.0,0.5577509320071823
train,2012-520,2,124,2,1.0,0.7908817995303398
train,2012-520,2,124,3,1.0,0.44559322686617
train,2012-520,2,124,4,0.0,0.2608002779082692
train,2012-520,2,124,5,1.0,0.7609013100014345
train,2012-520,2,124,6,1.0,0.2528216641513801
train,2012-520,2,124,7,1.0,0.7395365039954339
train,2012-520,2,124,8,1.0,0.6300318777247635
train,2012-520,2,124,9,1.0,0.7811578912578834
train,2012-520,2,124,10,0.0,0.12686394568786136
train,2012-520,2,124,11,0.0,0.4627281004940328
train,2012-520,2,124,12,0.0,0.3495219649673057
train,2012-520,2,124,13,0.0,0.16527446853904876
train,2012-520,2,124,14,1.0,0.7280513510999551
train,2012-520,2,124,15,1.0,0.5957521720311951
train,2012-520,2,124,16,0.0,0.12692731636030172
train,2012-520,2,124,17,1.0,0.7208508321702981
train,2012-520,2,124,18,0.0,0.5468372949355872
train,2012-520,2,124,19,0.0,0.2321723068179368
train,2012-520,2,124,20,1.0,0.9484650615249557
train,2012-520,2,124,21,1.0,0.8965785801698939
train,2012-520,2,124,22,1.0,0.39731594920495983
train,2012-520,2,124,23,1.0,0.8209662903720586
train,2012-520,2,124,24,1.0,0.7992647818892343
train,2012-520,2,124,25,1.0,0.8245701486024642
train,2012-520,2,124,26,0.0,0.28476747195506064
train,2012-520,2,124,27,0.0,0.10125283118639476
train,2012-520,2,124,28,0.0,0.7419727585845011
train,2012-520,2,124,29,1.0,0.7042163965326546
train,2012-520,2,124,30,1.0,0.9401246878285513
train,2012-520,2,124,31,1.0,0.938367304510908
train,2012-520,3,125,0,1.0,0.33774729279989213
train,2012-520,3,125,1,0.0,0.08909461068770776
train,2012-520,3,125,2,1.0,0.9442883074631546
train,2012-520,3,125,3,1.0,0.6239548130866949
train,2012-520,3,125,4,0.0,0.20180321451159106
train,2012-520,3,125,5,1.0,0.630709848666168
train,2012-520,3,125,6,1.0,0.8440297484007677
train,2012-520,3,125,7,1.0,0.758890109098103
train,2012-520,3,125,8,0.0,0.37772494590585703
train,2012-520,3,125,9,0.0,0.20193894505348314
train,2012-520,3,125,10,1.0,0.8321146676457646
train,2012-520,3,125,11,0.0,0.32640931191330197
train,2012-520,3,125,12,0.0,0.10061608186868605
train,2012-520,3,125,13,0.0,0.2070748979102254
train,2012-520,3,125,14,1.0,0.5340692993521081
train,2012-520,3,125,15,1.0,0.3268968713589003
train,2012-520,4,126,0,0.0,0.09614665727903889
train,2012-520,4,126,1,1.0,0.6254937268272696
train,2012-520,4,126,2,0.0,0.28149072366983113
train,2012-520,4,126,3,0.0,0.16974149124264598
train,2012-520,4,126,4,1.0,0.34364054880657424
train,2012-520,4,126,5,0.0,0.09901912122970397
train,2012-520,4,126,6,0.0,0.4205909823475915
train,2012-520,4,126,7,0.0,0.11158415527839283
train,2012-520,5,127,0,1.0,0.8755652541612053
train,2012-520,5,127,1,0.0,0.5010010018214294
train,2012-520,5,127,2,0.0,0.22168776528110934
train,2012-520,5,127,3,0.0,0.209474571634568
train,2012-520,6,128,0,0.0,0.18351953521044012
train,2012-520,6,128,1,0.0,0.42141863407988983
train,2012-520,7,129,0,1.0,0.6218682838727646
train,2012-540,1,130,0,1.0,0.9091948493015851
train,2012-540,1,130,1,1.0,0.7230159189983154
train,2012-540,1,130,2,0.0,0.6060367401825641
train,2012-540,1,130,3,0.0,0.2509076015969746
train,2012-540,1,130,4,0.0,0.3511036531069595
train,2012-540,1,130,5,1.0,0.2877205125492105
train,2012-540,1,130,6,0.0,0.26435812278619275
train,2012-540,1,130,7,0.0,0.21720233166167605
train,2012-540,1,130,8,1.0,0.6597249534172576
train,2012-540,1,130,9,0.0,0.16590675708981428
train,2012-540,1,130,10,0.0,0.32235312857238857
train,2012-540,1,130,11,0.0,0.31313771110693006
train,2012-540,1,130,12,1.0,0.36201174029711186
train,2012-540,1,130,13,0.0,0.08468105630802891
train,2012-540,1,130,14,0.0,0.8583629278305647
train,2012-540,1,130,15,0.0,0.22907073605367415
train,2012-540,1,130,16,0.0,0.7311969155136651
train,2012-540,1,130,17,0.0,0.27029777131306115
train,2012-540,1,130,18,1.0,0.8032527999708454
train,2012-540,1,130,19,0.0,0.7069191863461459
train,2012-540,1,130,20,1.0,0.42146884944107943
train,2012-540,1,130,21,0.0,0.2562530784642034
train,2012-540,1,130,22,1.0,0.7061113215978082
train,2012-540,1,130,23,1.0,0.6821432944892494
train,2012-540,1,130,24,0.0,0.7184589856517579
train,2012-540,1,130,25,1.0,0.6210686569722796
train,2012-540,1,130,26,0.0,0.5261226558381588
train,2012-540,1,130,27,1.0,0.42621743241630583
train,2012-540,1,130,28,0.0,0.08504732879315136
train,2012-540,1,130,29,0.0,0.6525170221766557
train,2012-540,1,130,30,1.0,0.680782067076572
train,2012-540,1,130,31,0.0,0.5337653446330525
train,2012-540,1,130,32,1.0,0.49832893345179397
train,2012-540,1,130,33,0.0,0.5679382879573838
train,2012-540,1,130,34,0.0,0.44003919955349513
train,2012-540,1,130,35,0.0,0.36498596453723003
train,2012-540,1,130,36,1.0,0.6009834453837183
train,2012-540,1,130,37,1.0,0.6562831403742044
train,2012-540,1,130,38,0.0,0.7528559484447476
train,2012-540,1,130,39,0.0,0.11146549717217202
train,2012-540,1,130,40,1.0,0.23828221069198693
train,2012-540,1,130,41,1.0,0.42217103406928197
train,2012-540,1,130,42,1.0,0.24517834967090985
train,2012-540,1,130,43,0.0,0.5702992086160029
train,2012-540,1,130,44,1.0,0.6587402482900906
train,2012-540,1,130,45,1.0,0.7186554917273762
train,2012-540,1,130,46,0.0,0.20175422969195791
train,2012-540,1,130,47,1.0,0.8464653525309216
train,2012-540,1,130,48,0.0,0.642645209787182
train,2012-540,1,130,49,1.0,0.6276454836403896
train,2012-540,1,130,50,0.0,0.4882284044620774
train,2012-540,1,130,51,0.0,0.4501870871854095
train,2012-540,1,130,52,0.0,0.4189708022165033
train,2012-540,1,130,53,1.0,0.9267692086065074
train,2012-540,1,130,54,0.0,0.4091608899770699
train,2012-540,1,130,55,0.0,0.30419941815545404
train,2012-540,1,130,56,1.0,0.9032013331190369
train,2012-540,1,130,57,1.0,0.7505241776550357
train,2012-540,1,130,58,1.0,0.7084453748220125
train,2012-540,1,130,59,0.0,0.19459600155798235
train,2012-540,1,130,60,0.0,0.24383340259438374
train,2012-540,1,130,61,0.0,0.49712124664096885
train,2012-540,1,130,62,0.0,0.33066837267406435
train,2012-540,1,130,63,0.0,0.7378726892749117
train,2012-540,2,131,0,1.0,0.6603878780133587
train,2012-540,2,131,1,1.0,0.85960493333456
train,2012-540,2,131,2,0.0,0.5356248202389727
train,2012-540,2,131,3,1.0,0.3821073449516742
train,2012-540,2,131,4,0.0,0.3794952163650557
train,2012-540,2,131,5,0.0,0.6951794319656047
train,2012-540,2,131,6,1.0,0.8028474437484139
train,2012-540,2,131,7,0.0,0.33510957503621375
train,2012-540,2,131,8,1.0,0.8452448156826458
train,2012-540,2,131,9,0.0,0.30310335834667274
train,2012-540,2,131,10,0.0,0.14968093514215045
train,2012-540,2,131,11,0.0,0.14669059798099032
train,2012-540,2,131,12,1.0,0.7844706857031692
train,2012-540,2,131,13,1.0,0.7603721330423993
train,2012-540,2,131,14,1.0,0.5614520809192718
train,2012-540,2,131,15,1.0,0.47049882815803135
train,2012-540,2,131,16,1.0,0.4079972990882918
train,2012-540,2,131,17,1.0,0.22895833311074076
train,2012-540,2,131,18,0.0,0.28400736281417766
train,2012-540,2,131,19,1.0,0.8755321420028779
train,2012-540,2,131,20,1.0,0.37803471968490077
train,2012-540,2,131,21,0.0,0.4081073342919024
train,2012-540,2,131,22,0.0,0.15098191192859323
train,2012-540,2,131,23,0.0,0.19562972678746418
train,2012-540,2,131,24,0.0,0.274850662638076
train,2012-540,2,131,25,0.0,0.25515997880606367
train,2012-540,2,131,26,0.0,0.4576326210524277
train,2012-540,2,131,27,0.0,0.23339321678491493
train,2012-540,2,131,28,0.0,0.27881753335372683
train,2012-540,2,131,29,1.0,0.8992794292066731
train,2012-540,2,131,30,1.0,0.06745252346364955
train,2012-540,2,131,31,1.0,0.8614436777759559
train,2012-540,3,132,0,1.0,0.42601011857673976
train,2012-540,3,132,1,0.0,0.10735709208028192
train,2012-540,3,132,2,1.0,0.7405418743532591
train,2012-540,3,132,3,1.0,0.7575458259678626
train,2012-540,3,132,4,1.0,0.7644922101763546
train,2012-540,3,132,5,0.0,0.16696176376472352
train,2012-540,3,132,6,1.0,0.8211297115976413
train,2012-540,3,132,7,0.0,0.39797987091259307
train,2012-540,3,132,8,0.0,0.2765195062619934
train,2012-540,3,132,9,1.0,0.6337374292281662
train,2012-540,3,132,10,0.0,0.5211215659295452
train,2012-540,3,132,11,1.0,0.5732489899761468
train,2012-540,3,132,12,1.0,0.853472120112376
train,2012-540,3,132,13,0.0,0.27083745825804034
train,2012-540,3,132,14,0.0,0.38157830754859834
train,2012-540,3,132,15,1.0,0.4076625369217443
train,2012-540,4,133,0,0.0,0.46222288103223913
train,2012-540,4,133,1,1.0,0.6439034401912123
train,2012-540,4,133,2,0.0,0.19972093966107365
train,2012-540,4,133,3,0.0,0.41070427807946935
train,2012-540,4,133,4,0.0,0.3402046136944648
train,2012-540,4,133,5,0.0,0.15389010032163467
train,2012-540,4,133,6,1.0,0.2930308472599298
train,2012-540,4,133,7,0.0,0.12103847776140957
train,2012-540,5,134,0,0.0,0.27506304287022176
train,2012-540,5,134,1,0.0,0.4179621976870259
train,2012-540,5,134,2,1.0,0.8329472886581951
train,2012-540,5,134,3,1.0,0.8738216190682666
train,2012-540,6,135,0,1.0,0.5953885675373435
train,2012-540,6,135,1,1.0,0.405816534535825
train,2012-540,7,136,0,1.0,0.6099921333842038
train,2012-560,1,149,0,0.0,0.039725527907151524
train,2012-560,1,149,1,1.0,0.338310625120961
train,2012-560,1,149,2,1.0,0.8616055203916245
train,2012-560,1,149,3,0.0,0.46566841215001814
train,2012-560,1,149,4,0.0,0.4838196975502767
train,2012-560,1,149,5,0.0,0.15949719850607086
train,2012-560,1,149,6,0.0,0.30138665633355377
train,2012-560,1,149,7,1.0,0.4627553962897842
train,2012-560,1,149,8,1.0,0.6586677539584638
train,2012-560,1,149,9,1.0,0.3088228964535813
train,2012-560,1,149,10,1.0,0.7912104799694935
train,2012-560,1,149,11,1.0,0.675494450180209
train,2012-560,1,149,12,1.0,0.3806961090226074
train,2012-560,1,149,13,1.0,0.8081909796540833
train,2012-560,1,149,14,0.0,0.13721076107034358
train,2012-560,1,149,15,1.0,0.7965488756799751
train,2012-560,1,149,16,1.0,0.8699034750338491
train,2012-560,1,149,17,0.0,0.36988385110852495
train,2012-560,1,149,18,0.0,0.8429195103935248
train,2012-560,1,149,19,0.0,0.4981100630400856
train,2012-560,1,149,20,0.0,0.44307047709494246
train,2012-560,1,149,21,0.0,0.3751435251387282
train,2012-560,1,149,22,1.0,0.791489186937127
train,2012-560,1,149,23,1.0,0.11911144975979954
train,2012-560,1,149,24,0.0,0.11318737617450214
train,2012-560,1,149,25,1.0,0.9280886746193
train,2012-560,1,149,26,1.0,0.8888481829987291
train,2012-560,1,149,27,1.0,0.5750919430679422
train,2012-560,1,149,28,1.0,0.6884333084621674
train,2012-560,1,149,29,1.0,0.9308715376958867
train,2012-560,1,149,30,1.0,0.3180317083484725
train,2012-560,1,149,31,0.0,0.2318543344504258
train,2012-560,1,149,32,0.0,0.8605019311571245
train,2012-560,1,149,33,1.0,0.9130349782900393
train,2012-560,1,149,34,0.0,0.7732992271821365
train,2012-560,1,149,35,1.0,0.7177841407254723
train,2012-560,1,149,36,0.0,0.23861055034699238
train,2012-560,1,149,37,0.0,0.45106853834766647
train,2012-560,1,149,38,1.0,0.8812745237295756
train,2012-560,1,149,39,0.0,0.24567793941894558
train,2012-560,1,149,40,0.0,0.6368904058333346
train,2012-560,1,149,41,0.0,0.28302011506638886
train,2012-560,1,149,42,0.0,0.08344484146013773
train,2012-560,1,149,43,0.0,0.4744575460265567
train,2012-560,1,149,44,1.0,0.3548580683444386
train,2012-560,1,149,45,0.0,0.40232785141522237
train,2012-560,1,149,46,0.0,0.15815890251395032
train,2012-560,1,149,47,0.0,0.20865578610114985
train,2012-560,1,149,48,1.0,0.684443207125663
train,2012-560,1,149,49,0.0,0.7019881800803578
train,2012-560,1,149,50,1.0,0.7718153845127065
train,2012-560,1,149,51,0.0,0.6214564373239126
train,2012-560,1,149,52,1.0,0.18971824569190962
train,2012-560,1,149,53,0.0,0.3657023600857471
train,2012-560,1,149,54,0.0,0.5520764762174079
train,2012-560,1,149,55,1.0,0.24418783599181906
train,2012-560,1,149,56,0.0,0.26248204562095734
train,2012-560,1,149,57,1.0,0.7892311398796698
train,2012-560,1,149,58,0.0,0.8771844181613443
train,2012-560,1,149,59,0.0,0.4901812126935121
train,2012-560,1,149,60,1.0,0.3402915223968786
train,2012-560,1,149,61,1.0,0.2862277326890586
train,2012-560,1,149,62,1.0,0.6969989419704322
train,2012-560,1,149,63,1.0,0.8791702732553595
train,2012-560,2,150,0,0.0,0.21314425366665013
train,2012-560,2,150,1,0.0,0.1941812108889427
train,2012-560,2,150,2,1.0,0.8632588113334371
train,2012-560,2,150,3,0.0,0.6280624876099032
train,2012-560,2,150,4,1.0,0.6273476245437314
train,2012-560,2,150,5,0.0,0.6149868861920709
train,2012-560,2,150,6,1.0,0.7921534578180737
train,2012-560,2,150,7,0.0,0.7532909819833042
train,2012-560,2,150,8,0.0,0.2776411192810009
train,2012-560,2,150,9,1.0,0.49948993522562835
train,2012-560,2,150,10,0.0,0.4435464264479694
train,2012-560,2,150,11,0.0,0.11183977697342744
train,2012-560,2,150,12,1.0,0.7825570252785667
train,2012-560,2,150,13,1.0,0.38885353236891174
train,2012-560,2,150,14,0.0,0.38272891540670984
train,2012-560,2,150,15,1.0,0.8150493374802327
train,2012-560,2,150,16,1.0,0.829703992460934
train,2012-560,2,150,17,1.0,0.757163777951521
train,2012-560,2,150,18,0.0,0.5388480241679535
train,2012-560,2,150,19,1.0,0.6536472129208726
train,2012-560,2,150,20,1.0,0.871419416510348
train,2012-560,2,150,21,0.0,0.08126822234016089
train,2012-560,2,150,22,0.0,0.18416449895091327
train,2012-560,2,150,23,0.0,0.16277374419379062
train,2012-560,2,150,24,1.0,0.7300834260495316
train,2012-560,2,150,25,0.0,0.14380054659663852
train,2012-560,2,150,26,0.0,0.30024221017826214
train,2012-560,2,150,27,1.0,0.7878987659501957
train,2012-560,2,150,28,0.0,0.8714224245317598
train,2012-560,2,150,29,1.0,0.7949386437202224
train,2012-560,2,150,30,1.0,0.9457919200515543
train,2012-560,2,150,31,1.0,0.9612328436627344
train,2012-560,3,151,0,0.0,0.18205952560236766
train,2012-560,3,151,1,1.0,0.8509051575517615
train,2012-560,3,151,2,1.0,0.9010432216853943
train,2012-560,3,151,3,1.0,0.6896590782919184
train,2012-560,3,151,4,1.0,0.7802511000811716
train,2012-560,3,151,5,1.0,0.8450390778628177
train,2012-560,3,151,6,0.0,0.17559087346622343
train,2012-560,3,151,7,1.0,0.8159953901012342
train,2012-560,3,151,8,1.0,0.2753771352907717
train,2012-560,3,151,9,0.0,0.39550326422606896
train,2012-560,3,151,10,1.0,0.6661189027956775
train,2012-560,3,151,11,0.0,0.17955788513977158
train,2012-560,3,151,12,1.0,0.7678585780455943
train,2012-560,3,151,13,1.0,0.8245540390420939
train,2012-560,3,151,14,1.0,0.6698674467340673
train,2012-560,3,151,15,1.0,0.39196162253236383
train,2012-560,4,152,0,1.0,0.8582069165217608
train,2012-560,4,152,1,0.0,0.4318168882073418
train,2012-560,4,152,2,1.0,0.6381140518393611
train,2012-560,4,152,3,0.0,0.37589698103827596
train,2012-560,4,152,4,0.0,0.2360415252170524
train,2012-560,4,152,5,1.0,0.7949409939074161
train,2012-560,4,152,6,0.0,0.31968688732734735
train,2012-560,4,152,7,1.0,0.8114124843527751
train,2012-560,5,153,0,1.0,0.8388707449694588
train,2012-560,5,153,1,1.0,0.6570213506993478
train,2012-560,5,153,2,0.0,0.2172516580550919
train,2012-560,5,153,3,0.0,0.7655788553974577
train,2012-560,6,154,0,1.0,0.8086398825242361
train,2012-560,6,154,1,0.0,0.3959344403400302
train,2012-560,7,155,0,0.0,0.7475724276654098
train,2012-580,1,84,0,1.0,0.86100889154229
train,2012-580,1,84,1,0.0,0.1591140514095771
train,2012-580,1,84,2,1.0,0.7153226891119914
train,2012-580,1,84,3,0.0,0.22824085356452017
train,2012-580,1,84,4,1.0,0.7756340707239622
train,2012-580,1,84,5,1.0,0.9264161235841196
train,2012-580,1,84,6,0.0,0.12803680284097113
train,2012-580,1,84,7,0.0,0.34237279369944607
train,2012-580,1,84,8,0.0,0.7572052755352818
train,2012-580,1,84,9,0.0,0.4162686466984014
train,2012-580,1,84,10,0.0,0.3144639450759462
train,2012-580,1,84,11,0.0,0.40074883469029277
train,2012-580,1,84,12,0.0,0.8060436056043008
train,2012-580,1,84,13,1.0,0.8985432886705428
train,2012-580,1,84,14,1.0,0.9315986914996819
train,2012-580,1,84,15,1.0,0.7373673210905177
train,2012-580,1,84,16,0.0,0.28505881565165564
train,2012-580,1,84,17,1.0,0.5711742446919476
train,2012-580,1,84,18,1.0,0.713984498908013
train,2012-580,1,84,19,0.0,0.7399480478030628
train,2012-580,1,84,20,1.0,0.9695003599467689
train,2012-580,1,84,21,1.0,0.8062083453764394
train,2012-580,1,84,22,0.0,0.1586348651309288
train,2012-580,1,84,23,0.0,0.12160581934418056
train,2012-580,1,84,24,1.0,0.8412355840824248
train,2012-580,1,84,25,1.0,0.7665646846183268
train,2012-580,1,84,26,1.0,0.27732834726054423
train,2012-580,1,84,27,0.0,0.7918864253089936
train,2012-580,1,84,28,0.0,0.1974520480521454
train,2012-580,1,84,29,1.0,0.9545398070869944
train,2012-580,1,84,30,0.0,0.583708294958788
train,2012-580,1,84,31,1.0,0.36123559023033175
train,2012-580,1,84,32,1.0,0.5000158700122432
train,2012-580,1,84,33,0.0,0.16027212462470122
train,2012-580,1,84,34,1.0,0.7298408338785375
train,2012-580,1,84,35,1.0,0.7982588207509661
train,2012-580,1,84,36,1.0,0.17352577301767724
train,2012-580,1,84,37,0.0,0.1937534034378043
train,2012-580,1,84,38,0.0,0.8470968573979399
train,2012-580,1,84,39,0.0,0.10017614141825397
train,2012-580,1,84,40,1.0,0.7528802294070045
train,2012-580,1,84,41,1.0,0.3387378207130876
train,2012-580,1,84,42,0.0,0.3846669587839593
train,2012-580,1,84,43,1.0,0.860286640644251
train,2012-580,1,84,44,0.0,0.1360296818702481
train,2012-580,1,84,45,0.0,0.26777075830042524
train,2012-580,1,84,46,1.0,0.7071715293190515
train,2012-580,1,84,47,0.0,0.11565899521356475
train,2012-580,1,84,48,1.0,0.7212622453371249
train,2012-580,1,84,49,1.0,0.7939905213093469
train,2012-580,1,84,50,0.0,0.1778387050419231
train,2012-580,1,84,51,0.0,0.03295419762911002
train,2012-580,1,84,52,0.0,0.5724239416691095
train,2012-580,1,84,53,0.0,0.7403012523386191
train,2012-580,1,84,54,0.0,0.23936350638003775
train,2012-580,1,84,55,0.0,0.3924775378293639
train,2012-580,1,84,56,0.0,0.5140009818487467
train,2012-580,1,84,57,1.0,0.858774519074175
train,2012-580,1,84,58,0.0,0.1344354323257389
train,2012-580,1,84,59,0.0,0.7394114666528139
train,2012-580,1,84,60,1.0,0.2333193735275872
train,2012-580,1,84,61,1.0,0.377294242354343
train,2012-580,1,84,62,1.0,0.7381598699206691
train,2012-580,1,84,63,1.0,0.7690542288624652
train,2012-580,2,85,0,0.0,0.1616870399079475
train,2012-580,2,85,1,1.0,0.7694372020433299
train,2012-580,2,85,2,0.0,0.5936733809332688
train,2012-580,2,85,3,0.0,0.2524299881154988
train,2012-580,2,85,4,0.0,0.15198555497338506
train,2012-580,2,85,5,1.0,0.60242037146833
train,2012-580,2,85,6,1.0,0.7370470631969663
train,2012-580,2,85,7,0.0,0.22729364298515825
train,2012-580,2,85,8,0.0,0.33439671177150754
train,2012-580,2,85,9,1.0,0.6057738749726187
train,2012-580,2,85,10,0.0,0.06747003798805104
train,2012-580,2,85,11,1.0,0.7935897171697709
train,2012-580,2,85,12,0.0,0.27130680412147895
train,2012-580,2,85,13,1.0,0.8680802025788615
train,2012-580,2,85,14,1.0,0.39017486652388034
train,2012-580,2,85,15,0.0,0.4315564716174097
train,2012-580,2,85,16,1.0,0.3441302752537958
train,2012-580,2,85,17,1.0,0.701559738512086
train,2012-580,2,85,18,1.0,0.24415065444850814
train,2012-580,2,85,19,1.0,0.5627367197906317
train,2012-580,2,85,20,0.0,0.0621194907264468
train,2012-580,2,85,21,1.0,0.8657207289296043
train,2012-580,2,85,22,0.0,0.3477512798211717
train,2012-580,2,85,23,0.0,0.19723806786102197
train,2012-580,2,85,24,1.0,0.8275600498196023
train,2012-580,2,85,25,1.0,0.19755812845325293
train,2012-580,2,85,26,0.0,0.6212002593879832
train,2012-580,2,85,27,0.0,0.8274826165308413
train,2012-580,2,85,28,0.0,0.680449806592915
train,2012-580,2,85,29,0.0,0.25580450136177446
train,2012-580,2,85,30,1.0,0.9048959437813399
train,2012-580,2,85,31,1.0,0.9231341357661874
train,2012-580,3,86,0,0.0,0.2298773444859519
train,2012-580,3,86,1,1.0,0.9193727367251698
train,2012-580,3,86,2,0.0,0.05696055598367327
train,2012-580,3,86,3,0.0,0.5737287517073665
train,2012-580,3,86,4,0.0,0.6433287951427841
train,2012-580,3,86,5,1.0,0.8801995457823186
train,2012-580,3,86,6,1.0,0.39144739180113725
train,2012-580,3,86,7,1.0,0.7761665886088515
train,2012-580,3,86,8,1.0,0.7085945179674457
train,2012-580,3,86,9,0.0,0.14121125191194214
train,2012-580,3,86,10,1.0,0.3895919723530594
train,2012-580,3,86,11,1.0,0.18901453526160678
train,2012-580,3,86,12,1.0,0.8431115278938598
train,2012-580,3,86,13,1.0,0.8173008854814038
train,2012-580,3,86,14,0.0,0.4581544144527462
train,2012-580,3,86,15,1.0,0.5285456689109076
train,2012-580,4,87,0,0.0,0.1298979599317688
train,2012-580,4,87,1,1.0,0.7283936374993847
train,2012-580,4,87,2,0.0,0.1044048483713866
train,2012-580,4,87,3,1.0,0.68679005408581
train,2012-580,4,87,4,1.0,0.18014300061317845
train,2012-580,4,87,5,0.0,0.1009417482095822
train,2012-580,4,87,6,0.0,0.30351815393523984
train,2012-580,4,87,7,0.0,0.09732602717798926
train,2012-580,5,88,0,1.0,0.7790926811613129
train,2012-580,5,88,1,1.0,0.8115894667344814
train,2012-580,5,88,2,0.0,0.13088501190889776
train,2012-580,5,88,3,1.0,0.7807278021913199
train,2012-580,6,89,0,0.0,0.4825846038677033
train,2012-580,6,89,1,0.0,0.34131978358554294
train,2012-580,7,90,0,0.0,0.48584297421742295
train,2013-1536,2,195,0,1.0,0.5705963823417943
train,2013-1536,2,195,1,0.0,0.3607264119140646
train,2013-1536,2,195,2,1.0,0.9203289751454052
train,2013-1536,2,195,3,1.0,0.6554795797946581
train,2013-1536,2,195,4,0.0,0.27707662052747745
train,2013-1536,2,195,5,1.0,0.3124413463595732
train,2013-1536,2,195,6,1.0,0.729116272047948
train,2013-1536,2,195,7,0.0,0.3241105533997013
train,2013-1536,2,195,8,1.0,0.7057675518200114
train,2013-1536,2,195,9,0.0,0.5536532129508723
train,2013-1536,2,195,10,0.0,0.2519781754763006
train,2013-1536,2,195,11,1.0,0.3261135419808755
train,2013-1536,2,195,12,0.0,0.20521191119086377
train,2013-1536,2,195,13,0.0,0.1152119153266598
train,2013-1536,2,195,14,0.0,0.18060707206989832
train,2013-1536,2,195,15,0.0,0.5758711703980568
train,2013-1536,2,195,16,0.0,0.48489619442440984
train,2013-1536,2,195,17,0.0,0.5822150926438276
train,2013-1536,2,195,18,0.0,0.41889031601972515
train,2013-1536,2,195,19,1.0,0.3976864045151738
train,2013-1536,2,195,20,0.0,0.5459833237445516
train,2013-1536,2,195,21,0.0,0.6105118117540793
train,2013-1536,2,195,22,0.0,0.5598195410340143
train,2013-1536,2,195,23,1.0,0.248917517710444
train,2013-1536,3,196,0,1.0,0.8661714376958435
train,2013-1536,3,196,1,0.0,0.4533936176468554
train,2013-1536,3,196,2,0.0,0.6496919231565462
train,2013-1536,3,196,3,1.0,0.19338799610574522
train,2013-1536,3,196,4,1.0,0.831779242520959
train,2013-1536,3,196,5,1.0,0.3195539363670345
train,2013-1536,3,196,6,0.0,0.08654895189810194
train,2013-1536,3,196,7,1.0,0.8360255453760459
train,2013-1536,3,196,8,0.0,0.548129789297086
train,2013-1536,3,196,9,1.0,0.6605420363140587
train,2013-1536,3,196,10,1.0,0.7265225518003136
train,2013-1536,3,196,11,1.0,0.8137832208586101
train,2013-1536,3,196,12,0.0,0.5356305702828306
train,2013-1536,3,196,13,1.0,0.8066357137705386
train,2013-1536,3,196,14,0.0,0.887361579316736
train,2013-1536,3,196,15,0.0,0.1812250208054601
train,2013-1536,4,197,0,1.0,0.7381221170392791
train,2013-1536,4,197,1,0.0,0.27803102986305606
train,2013-1536,4,197,2,1.0,0.762385650100574
train,2013-1536,4,197,3,1.0,0.8890977962604898
train,2013-1536,4,197,4,1.0,0.7536294903076199
train,2013-1536,4,197,5,1.0,0.5664565648043512
train,2013-1536,4,197,6,0.0,0.8383569752191484
train,2013-1536,4,197,7,0.0,0.26160555960945386
train,2013-1536,5,198,0,0.0,0.5167208215447618
train,2013-1536,5,198,1,0.0,0.5755557732283793
train,2013-1536,5,198,2,0.0,0.22594216498960765
train,2013-1536,5,198,3,1.0,0.3076036142540708
train,2013-1536,6,199,0,1.0,0.43021775868819706
train,2013-1536,6,199,1,1.0,0.9064007939895856
train,2013-1536,7,200,0,0.0,0.1930675861206372
train,2013-352,2,246,0,0.0,0.41958384415047173
train,2013-352,2,246,1,0.0,0.437858756120632
train,2013-352,2,246,2,0.0,0.39885165015040686
train,2013-352,2,246,3,0.0,0.3910289265774338
train,2013-352,2,246,4,0.0,0.6690745122380325
train,2013-352,2,246,5,1.0,0.2903947010929283
train,2013-352,2,246,6,0.0,0.6606819923878943
train,2013-352,2,246,7,1.0,0.5039536572281177
train,2013-352,2,246,8,1.0,0.5461796133904254
train,2013-352,2,246,9,0.0,0.427878841051387
train,2013-352,2,246,10,0.0,0.22846171904918472
train,2013-352,2,246,11,1.0,0.526725658637898
train,2013-352,2,246,12,1.0,0.23904008523762021
train,2013-352,2,246,13,1.0,0.7014127419862999
train,2013-352,2,246,14,1.0,0.5620898218251832
train,2013-352,2,246,15,1.0,0.1521967892735453
train,2013-352,3,247,0,0.0,0.0748235038913495
train,2013-352,3,247,1,0.0,0.18073212396621097
train,2013-352,3,247,2,1.0,0.6504407905366546
train,2013-352,3,247,3,1.0,0.37511488642555235
train,2013-352,3,247,4,1.0,0.6623196741002475
train,2013-352,3,247,5,1.0,0.5529745754389108
train,2013-352,3,247,6,0.0,0.2849261434824702
train,2013-352,3,247,7,0.0,0.17727495408927038
train,2013-352,3,247,8,0.0,0.1661269202206644
train,2013-352,3,247,9,1.0,0.7392586250613437
train,2013-352,3,247,10,0.0,0.20904100374065934
train,2013-352,3,247,11,1.0,0.8409951894376276
train,2013-352,3,247,12,1.0,0.3294321565865711
train,2013-352,3,247,13,0.0,0.3948846061948727
train,2013-352,3,247,14,0.0,0.10014674747290736
train,2013-352,3,247,15,0.0,0.34649126646987727
train,2013-352,4,248,0,0.0,0.0999966040889068
train,2013-352,4,248,1,0.0,0.3702136952026271
train,2013-352,4,248,2,0.0,0.2839447516455967
train,2013-352,4,248,3,1.0,0.8130479884476688
train,2013-352,4,248,4,1.0,0.7477872770688687
train,2013-352,4,248,5,1.0,0.8659261514850723
train,2013-352,4,248,6,1.0,0.6902761956011915
train,2013-352,4,248,7,1.0,0.6209972911478779
train,2013-352,5,249,0,1.0,0.8236909845331755
train,2013-352,5,249,1,0.0,0.5557068879520285
train,2013-352,5,249,2,0.0,0.2837967798000487
train,2013-352,5,249,3,0.0,0.17382750260439703
train,2013-352,6,250,0,1.0,0.2264303378087271
train,2013-352,6,250,1,0.0,0.3113092784038517
train,2013-352,7,251,0,1.0,0.7810090617710702
train,2013-403,1,182,0,0.0,0.30303519534196766
train,2013-403,1,182,1,0.0,0.8306363750017369
train,2013-403,1,182,2,1.0,0.4722935349923974
train,2013-403,1,182,3,1.0,0.7322623092429354
train,2013-403,1,182,4,1.0,0.5750044338618003
train,2013-403,1,182,5,0.0,0.5138318231526423
train,2013-403,1,182,6,1.0,0.6647903498694326
train,2013-403,1,182,7,1.0,0.4847403462354034
train,2013-403,1,182,8,1.0,0.7860217270759303
train,2013-403,1,182,9,1.0,0.57112529267665
train,2013-403,1,182,10,1.0,0.6486398413970148
train,2013-403,1,182,11,1.0,0.45273583020351926
train,2013-403,1,182,12,0.0,0.5593231939743497
train,2013-403,1,182,13,0.0,0.606757984887579
train,2013-403,1,182,14,1.0,0.5927744436473712
train,2013-403,1,182,15,0.0,0.28431781221061136
train,2013-403,1,182,16,0.0,0.6186497359772162
train,2013-403,1,182,17,1.0,0.7267340581866226
train,2013-403,1,182,18,1.0,0.4289986613865895
train,2013-403,1,182,19,1.0,0.49315646422156695
train,2013-403,1,182,20,1.0,0.6694742282574115
train,2013-403,1,182,21,0.0,0.32875278498181665
train,2013-403,1,182,22,0.0,0.22183132936991354
train,2013-403,1,182,23,1.0,0.6256850047397329
train,2013-403,1,182,24,0.0,0.6328961896223207
train,2013-403,1,182,25,1.0,0.8541941122507325
train,2013-403,1,182,26,0.0,0.6831394884168203
train,2013-403,1,182,27,0.0,0.38502029442216806
train,2013-403,1,182,28,1.0,0.23756617068447058
train,2013-403,1,182,29,1.0,0.764118058112871
train,2013-403,1,182,30,0.0,0.35220857933765676
train,2013-403,1,182,31,0.0,0.6624172356408176
train,2013-403,2,183,0,1.0,0.8458825654870067
train,2013-403,2,183,1,1.0,0.7306379167578346
train,2013-403,2,183,2,1.0,0.4929701133874364
train,2013-403,2,183,3,0.0,0.5330054066380818
train,2013-403,2,183,4,0.0,0.2795283868684583
train,2013-403,2,183,5,0.0,0.3499595340159138
train,2013-403,2,183,6,0.0,0.4339820501266015
train,2013-403,2,183,7,0.0,0.24402516924432607
train,2013-403,2,183,8,0.0,0.13886767170799239
train,2013-403,2,183,9,1.0,0.27695425087088765
train,2013-403,2,183,10,0.0,0.2652514789779906
train,2013-403,2,183,11,1.0,0.8017577715298035
train,2013-403,2,183,12,1.0,0.26552196681359874
train,2013-403,2,183,13,0.0,0.2304855028127038
train,2013-403,2,183,14,0.0,0.16811120728021567
train,2013-403,2,183,15,0.0,0.8344358074894755
train,2013-403,2,183,16,1.0,0.8783641334936482
train,2013-403,2,183,17,0.0,0.6058682134542471
train,2013-403,2,183,18,1.0,0.5732578150391514
train,2013-403,2,183,19,1.0,0.37987980366978136
train,2013-403,2,183,20,1.0,0.7512448472365739
train,2013-403,2,183,21,0.0,0.5901947899979673
train,2013-403,2,183,22,1.0,0.35755143273644296
train,2013-403,2,183,23,0.0,0.11087647054059743
train,2013-403,2,183,24,1.0,0.8030569135014788
train,2013-403,2,183,25,1.0,0.27866617192904086
train,2013-403,2,183,26,0.0,0.2757853855519424
train,2013-403,2,183,27,1.0,0.7416172471953575
train,2013-403,2,183,28,0.0,0.17048807362079757
train,2013-403,2,183,29,0.0,0.4772283217428395
train,2013-403,2,183,30,1.0,0.6178404277426183
train,2013-403,2,183,31,0.0,0.0651149051827451
train,2013-403,3,184,0,0.0,0.3635605331258656
train,2013-403,3,184,1,0.0,0.17537813247860928
train,2013-403,3,184,2,0.0,0.3868814051128517
train,2013-403,3,184,3,0.0,0.22072798732617338
train,2013-403,3,184,4,0.0,0.5211021359803398
train,2013-403,3,184,5,1.0,0.9306499720120848
train,2013-403,3,184,6,0.0,0.5520358750499703
train,2013-403,3,184,7,0.0,0.3422727443541174
train,2013-403,3,184,8,0.0,0.22045450800394278
train,2013-403,3,184,9,0.0,0.1292894133468223
train,2013-403,3,184,10,1.0,0.5768480641714047
train,2013-403,3,184,11,0.0,0.4466945132687311
train,2013-403,3,184,12,0.0,0.1850150656009955
train,2013-403,3,184,13,1.0,0.8382391587328757
train,2013-403,3,184,14,1.0,0.44830484781784163
train,2013-403,3,184,15,0.0,0.26160654395742317
train,2013-403,4,185,0,1.0,0.5966515587221842
train,2013-403,4,185,1,0.0,0.1615300918412859
train,2013-403,4,185,2,1.0,0.3245128512867552
train,2013-403,4,185,3,1.0,0.761145273329468
train,2013-403,4,185,4,0.0,0.42244413458546837
train,2013-403,4,185,5,0.0,0.24460978553996193
train,2013-403,4,185,6,0.0,0.5373139454863174
train,2013-403,4,185,7,0.0,0.8918322786621212
train,2013-403,5,186,0,0.0,0.21303917310331746
train,2013-403,5,186,1,0.0,0.658963189235823
train,2013-403,5,186,2,0.0,0.2071787501923775
train,2013-403,5,186,3,0.0,0.6213304915085434
train,2013-403,6,187,0,0.0,0.2677781056413279
train,2013-403,6,187,1,1.0,0.7595598754215641
train,2013-403,7,188,0,1.0,0.6241285753835403
train,2013-404,1,175,0,0.0,0.2964632825802488
train,2013-404,1,175,1,0.0,0.6243852238061441
train,2013-404,1,175,2,0.0,0.4570857679405193
train,2013-404,1,175,3,0.0,0.444177331905915
train,2013-404,1,175,4,0.0,0.7353238263715115
train,2013-404,1,175,5,0.0,0.779081579108638
train,2013-404,1,175,6,1.0,0.6576283396467075
train,2013-404,1,175,7,0.0,0.6604305529700824
train,2013-404,1,175,8,1.0,0.6412280777123778
train,2013-404,1,175,9,0.0,0.5381551351415956
train,2013-404,1,175,10,0.0,0.49392738945825976
train,2013-404,1,175,11,1.0,0.7263955545170763
train,2013-404,1,175,12,1.0,0.6247979201036891
train,2013-404,1,175,13,1.0,0.563001705582788
train,2013-404,1,175,14,0.0,0.7296613861540122
train,2013-404,1,175,15,1.0,0.8380161912125865
train,2013-404,1,175,16,1.0,0.6697651920658092
train,2013-404,1,175,17,0.0,0.7658173082002072
train,2013-404,1,175,18,0.0,0.3460771580540553
train,2013-404,1,175,19,1.0,0.6800223645008611
train,2013-404,1,175,20,1.0,0.489713784026184
train,2013-404,1,175,21,0.0,0.43963712726681914
train,2013-404,1,175,22,0.0,0.2098673508220756
train,2013-404,1,175,23,0.0,0.26074597473853856
train,2013-404,1,175,24,1.0,0.7216389711484618
train,2013-404,1,175,25,1.0,0.26686312345375557
train,2013-404,1,175,26,1.0,0.36143171859694156
train,2013-404,1,175,27,0.0,0.44358624792522483
train,2013-404,1,175,28,1.0,0.3431620242825067
train,2013-404,1,175,29,1.0,0.8122857927057189
train,2013-404,1,175,30,0.0,0.2821909095269347
train,2013-404,1,175,31,0.0,0.6868207055283653
train,2013-404,2,176,0,0.0,0.15136694560294786
train,2013-404,2,176,1,1.0,0.8395009067622287
train,2013-404,2,176,2,1.0,0.37657488612891293
train,2013-404,2,176,3,1.0,0.2644676665340987
train,2013-404,2,176,4,1.0,0.41222498784349076
train,2013-404,2,176,5,0.0,0.3338163485032345
train,2013-404,2,176,6,1.0,0.34273683069754546
train,2013-404,2,176,7,0.0,0.16681562173764947
train,2013-404,2,176,8,0.0,0.7491066011873244
train,2013-404,2,176,9,0.0,0.7538824860107242
train,2013-404,2,176,10,1.0,0.2940492849605188
train,2013-404,2,176,11,1.0,0.7993782211723655
train,2013-404,2,176,12,1.0,0.6939083897397302
train,2013-404,2,176,13,1.0,0.2535442579238723
train,2013-404,2,176,14,1.0,0.6921267894675384
train,2013-404,2,176,15,1.0,0.8730954351982055
train,2013-404,2,176,16,0.0,0.7454109062037889
train,2013-404,2,176,17,1.0,0.7093476953760354
train,2013-404,2,176,18,0.0,0.3921624654904308
train,2013-404,2,176,19,1.0,0.7756996656046761
train,2013-404,2,176,20,1.0,0.6444958680384252
train,2013-404,2,176,21,1.0,0.3520587683904256
train,2013-404,2,176,22,1.0,0.6347240793373324
train,2013-404,2,176,23,1.0,0.8395852072005332
train,2013-404,2,176,24,0.0,0.1408791703785491
train,2013-404,2,176,25,1.0,0.5941551889494373
train,2013-404,2,176,26,1.0,0.7113318957259341
train,2013-404,2,176,27,0.0,0.22539432036876858
train,2013-404,2,176,28,1.0,0.6709858360771233
train,2013-404,2,176,29,0.0,0.755730975192451
train,2013-404,2,176,30,1.0,0.8700413986916875
train,2013-404,2,176,31,0.0,0.4946940454430321
train,2013-404,3,177,0,1.0,0.2996641627642364
train,2013-404,3,177,1,1.0,0.805839578107792
train,2013-404,3,177,2,0.0,0.42107813231585617
train,2013-404,3,177,3,0.0,0.5266294373731154
train,2013-404,3,177,4,1.0,0.7575313755647505
train,2013-404,3,177,5,0.0,0.1333157186711365
train,2013-404,3,177,6,1.0,0.32860532603212744
train,2013-404,3,177,7,1.0,0.8228720641145782
train,2013-404,3,177,8,1.0,0.732294241209588
train,2013-404,3,177,9,0.0,0.15821318840964063
train,2013-404,3,177,10,1.0,0.775925585610335
train,2013-404,3,177,11,0.0,0.5701807772530946
train,2013-404,3,177,12,1.0,0.8626401652811936
train,2013-404,3,177,13,0.0,0.30194115635777957
train,2013-404,3,177,14,0.0,0.2761851650921729
train,2013-404,3,177,15,1.0,0.7656943790959713
train,2013-404,4,178,0,1.0,0.7396520966185524
train,2013-404,4,178,1,1.0,0.8221305451808383
train,2013-404,4,178,2,0.0,0.5635965873050397
train,2013-404,4,178,3,1.0,0.6399025182296022
train,2013-404,4,178,4,0.0,0.28193796300227447
train,2013-404,4,178,5,1.0,0.8291177339596325
train,2013-404,4,178,6,0.0,0.3241917492178352
train,2013-404,4,178,7,1.0,0.8211381634483554
train,2013-404,5,179,0,0.0,0.5752310900954859
train,2013-404,5,179,1,0.0,0.26342854308601743
train,2013-404,5,179,2,1.0,0.323451889645245
train,2013-404,5,179,3,0.0,0.24995190840841028
train,2013-404,6,180,0,1.0,0.5820170455007962
train,2013-404,6,180,1,1.0,0.23180333836888242
train,2013-404,7,181,0,0.0,0.31142729604218927
train,2013-410,2,189,0,0.0,0.7008094732456851
train,2013-410,2,189,1,0.0,0.3460092196576599
train,2013-410,2,189,2,0.0,0.5745041783825275
train,2013-410,2,189,3,1.0,0.7562132972641002
train,2013-410,2,189,4,0.0,0.4170093538954723
train,2013-410,2,189,5,1.0,0.6173044180543806
train,2013-410,2,189,6,0.0,0.3986996183230819
train,2013-410,2,189,7,0.0,0.6096334029913456
train,2013-410,2,189,8,0.0,0.575983015114668
train,2013-410,2,189,9,0.0,0.1732440918968418
train,2013-410,2,189,10,1.0,0.72870161158589
train,2013-410,2,189,11,1.0,0.45262242099089506
train,2013-410,2,189,12,0.0,0.6573015537033922
train,2013-410,2,189,13,0.0,0.10498884718575371
train,2013-410,2,189,14,0.0,0.5992985549756564
train,2013-410,2,189,15,1.0,0.7947159539234365
train,2013-410,2,189,16,1.0,0.791350555199755
train,2013-410,2,189,17,1.0,0.3366174438593526
train,2013-410,2,189,18,1.0,0.6873106795000951
train,2013-410,2,189,19,1.0,0.17066159386596066
train,2013-410,2,189,20,0.0,0.5473544033277941
train,2013-410,2,189,21,0.0,0.47568646181123186
train,2013-410,2,189,22,1.0,0.12215653698512272
train,2013-410,2,189,23,1.0,0.8584881621327142
train,2013-410,3,190,0,1.0,0.8819163225087235
train,2013-410,3,190,1,0.0,0.20440600468116452
train,2013-410,3,190,2,1.0,0.312151794126699
train,2013-410,3,190,3,0.0,0.21979542388533377
train,2013-410,3,190,4,0.0,0.20749256118983922
train,2013-410,3,190,5,1.0,0.6893914592971753
train,2013-410,3,190,6,0.0,0.26966136601765794
train,2013-410,3,190,7,0.0,0.7121647386018458
train,2013-410,3,190,8,1.0,0.6182574145136011
train,2013-410,3,190,9,1.0,0.9283824422342346
train,2013-410,3,190,10,0.0,0.3730340299273865
train,2013-410,3,190,11,0.0,0.18379144260790428
train,2013-410,3,190,12,0.0,0.6776585456654631
train,2013-410,3,190,13,0.0,0.30445597267250674
train,2013-410,3,190,14,1.0,0.5948382505261922
train,2013-410,3,190,15,0.0,0.11788677054077533
train,2013-410,4,191,0,1.0,0.8701357786181425
train,2013-410,4,191,1,1.0,0.2324817566402494
train,2013-410,4,191,2,0.0,0.26428472311051665
train,2013-410,4,191,3,0.0,0.405828290117536
train,2013-410,4,191,4,0.0,0.5492362597987112
train,2013-410,4,191,5,1.0,0.8864547325221223
train,2013-410,4,191,6,1.0,0.3071568006344981
train,2013-410,4,191,7,0.0,0.796555099470031
train,2013-410,5,192,0,0.0,0.10537269518261749
train,2013-410,5,192,1,0.0,0.7171449993963899
train,2013-410,5,192,2,0.0,0.101506780386948
train,2013-410,5,192,3,1.0,0.5348342697488854
train,2013-410,6,193,0,1.0,0.8729954648729684
train,2013-410,6,193,1,1.0,0.8014622746693659
train,2013-410,7,194,0,1.0,0.4539733704576448
train,2013-416,2,201,0,0.0,0.3522108620990712
train,2013-416,2,201,1,1.0,0.8979206902415904
train,2013-416,2,201,2,0.0,0.1592431706486
train,2013-416,2,201,3,0.0,0.1561130443147777
train,2013-416,2,201,4,0.0,0.453245159985193
train,2013-416,2,201,5,0.0,0.6220161345227987
train,2013-416,2,201,6,0.0,0.19289244905238648
train,2013-416,2,201,7,0.0,0.5853862714169326
train,2013-416,2,201,8,0.0,0.2785052456864727
train,2013-416,2,201,9,1.0,0.4156691983010256
train,2013-416,2,201,10,0.0,0.41869066596768406
train,2013-416,2,201,11,1.0,0.8189109503262724
train,2013-416,2,201,12,0.0,0.6787339023652352
train,2013-416,2,201,13,1.0,0.275108696293772
train,2013-416,2,201,14,1.0,0.29321186232966634
train,2013-416,2,201,15,1.0,0.8379543308815695
train,2013-416,2,201,16,1.0,0.41427385331708166
train,2013-416,2,201,17,1.0,0.7655667654991913
train,2013-416,2,201,18,1.0,0.6761774402324104
train,2013-416,2,201,19,1.0,0.5207640101869621
train,2013-416,2,201,20,1.0,0.5165972516216735
train,2013-416,2,201,21,0.0,0.19824685108702605
train,2013-416,2,201,22,0.0,0.708876331072192
train,2013-416,2,201,23,0.0,0.5031576141838762
train,2013-416,3,202,0,1.0,0.9115518645593023
train,2013-416,3,202,1,1.0,0.6551452054900033
train,2013-416,3,202,2,0.0,0.3204250012393498
train,2013-416,3,202,3,1.0,0.19500660565365957
train,2013-416,3,202,4,1.0,0.4222028694705678
train,2013-416,3,202,5,0.0,0.6869031208067364
train,2013-416,3,202,6,0.0,0.1478221058623113
train,2013-416,3,202,7,1.0,0.8862529665612361
train,2013-416,3,202,8,0.0,0.6133072970616478
train,2013-416,3,202,9,1.0,0.6675923580554366
train,2013-416,3,202,10,0.0,0.8312321017697936
train,2013-416,3,202,11,1.0,0.7365875540769002
train,2013-416,3,202,12,1.0,0.833429618905235
train,2013-416,3,202,13,0.0,0.7512944788060869
train,2013-416,3,202,14,1.0,0.41353361647905645
train,2013-416,3,202,15,0.0,0.08566409872205796
train,2013-416,4,203,0,1.0,0.8774991054530173
train,2013-416,4,203,1,0.0,0.09439783891100645
train,2013-416,4,203,2,0.0,0.24990987577221652
train,2013-416,4,203,3,1.0,0.2335518312556123
train,2013-416,4,203,4,0.0,0.5069075358307611
train,2013-416,4,203,5,1.0,0.24075036863179095
train,2013-416,4,203,6,1.0,0.7621999621738813
train,2013-416,4,203,7,1.0,0.7769819738107283
train,2013-416,5,204,0,0.0,0.7377622495595755
train,2013-416,5,204,1,0.0,0.20669565810395954
train,2013-416,5,204,2,0.0,0.5128457031003875
train,2013-416,5,204,3,0.0,0.1404000166058423
train,2013-416,6,205,0,0.0,0.24033899444458365
train,2013-416,6,205,1,1.0,0.8589951299035076
train,2013-416,7,206,0,0.0,0.3431951104335445
train,2013-421,2,221,0,0.0,0.5122840087553493
train,2013-421,2,221,1,1.0,0.1824025481943778
train,2013-421,2,221,2,1.0,0.2613596556363159
train,2013-421,2,221,3,1.0,0.8384611714744977
train,2013-421,2,221,4,0.0,0.3068428504158363
train,2013-421,2,221,5,1.0,0.38495261029344796
train,2013-421,2,221,6,0.0,0.7802978300437688
train,2013-421,2,221,7,1.0,0.5118136241827842
train,2013-421,2,221,8,1.0,0.7979349956114014
train,2013-421,2,221,9,0.0,0.4819599268525376
train,2013-421,2,221,10,1.0,0.38001972896842695
train,2013-421,2,221,11,1.0,0.3288698821580532
train,2013-421,2,221,12,1.0,0.20034850584682834
train,2013-421,2,221,13,0.0,0.597532362477749
train,2013-421,2,221,14,0.0,0.5617900009371055
train,2013-421,2,221,15,0.0,0.53509407534412
train,2013-421,2,221,16,0.0,0.48997890018498086
train,2013-421,2,221,17,1.0,0.6122507477795464
train,2013-421,2,221,18,0.0,0.5159644880520576
train,2013-421,2,221,19,1.0,0.3187823929388764
train,2013-421,2,221,20,0.0,0.26910181602763955
train,2013-421,2,221,21,1.0,0.3214953245048263
train,2013-421,2,221,22,1.0,0.35022705312438523
train,2013-421,2,221,23,0.0,0.37345157589857925
train,2013-421,3,222,0,1.0,0.8654059657156805
train,2013-421,3,222,1,0.0,0.47182680829748164
train,2013-421,3,222,2,1.0,0.617644861133038
train,2013-421,3,222,3,0.0,0.24660171983836388
train,2013-421,3,222,4,0.0,0.8543577331198423
train,2013-421,3,222,5,1.0,0.2163671917258928
train,2013-421,3,222,6,0.0,0.746594712406597
train,2013-421,3,222,7,0.0,0.22956786238543855
train,2013-421,3,222,8,0.0,0.7418828039458291
train,2013-421,3,222,9,1.0,0.5934010687026822
train,2013-421,3,222,10,0.0,0.07783557034842623
train,2013-421,3,222,11,0.0,0.1648770509711968
train,2013-421,3,222,12,1.0,0.7860384290402023
train,2013-421,3,222,13,1.0,0.7777839615142849
train,2013-421,3,222,14,1.0,0.6309828925596691
train,2013-421,3,222,15,0.0,0.10063938830194598
train,2013-421,4,223,0,1.0,0.9085833685923788
train,2013-421,4,223,1,0.0,0.3511010196770946
train,2013-421,4,223,2,0.0,0.6714090423479311
train,2013-421,4,223,3,1.0,0.13926674162322605
train,2013-421,4,223,4,1.0,0.6223082914350168
train,2013-421,4,223,5,0.0,0.6392674545775446
train,2013-421,4,223,6,1.0,0.15257587917712562
train,2013-421,4,223,7,0.0,0.13155797304105826
train,2013-421,5,224,0,0.0,0.1799984352246358
train,2013-421,5,224,1,0.0,0.08950174382714148
train,2013-421,5,224,2,1.0,0.3135061578782394
train,2013-421,5,224,3,0.0,0.36663578390371687
train,2013-421,6,225,0,0.0,0.6230585454467346
train,2013-421,6,225,1,1.0,0.7613320915305567
train,2013-421,7,226,0,0.0,0.16547425475514185
train,2013-422,2,227,0,0.0,0.48345561553364325
train,2013-422,2,227,1,0.0,0.7467006525760308
train,2013-422,2,227,2,1.0,0.8254121702042476
train,2013-422,2,227,3,1.0,0.6138119494577442
train,2013-422,2,227,4,1.0,0.6119608345378181
train,2013-422,2,227,5,1.0,0.35262518862146586
train,2013-422,2,227,6,1.0,0.47156701556361924
train,2013-422,2,227,7,0.0,0.6195049472490509
train,2013-422,2,227,8,1.0,0.34559490484035954
train,2013-422,2,227,9,0.0,0.26533655837756503
train,2013-422,2,227,10,1.0,0.5319049805711299
train,2013-422,2,227,11,1.0,0.7585011032661421
train,2013-422,2,227,12,1.0,0.6262009359221397
train,2013-422,2,227,13,1.0,0.36780935446826724
train,2013-422,2,227,14,0.0,0.45077526384626704
train,2013-422,2,227,15,0.0,0.44586220661179654
train,2013-422,2,227,16,0.0,0.2967108558938138
train,2013-422,2,227,17,1.0,0.4547735014433918
train,2013-422,2,227,18,0.0,0.3522302445751214
train,2013-422,2,227,19,1.0,0.3361571144253355
train,2013-422,2,227,20,0.0,0.6812426131303567
train,2013-422,2,227,21,0.0,0.6756137680257533
train,2013-422,2,227,22,1.0,0.5480105136674983
train,2013-422,2,227,23,1.0,0.5697542192955233
train,2013-422,3,228,0,1.0,0.8328978214550478
train,2013-422,3,228,1,1.0,0.4639490530795092
train,2013-422,3,228,2,0.0,0.7405865047562765
train,2013-422,3,228,3,0.0,0.17582092663328813
train,2013-422,3,228,4,0.0,0.0684060923020026
train,2013-422,3,228,5,1.0,0.8374390682622196
train,2013-422,3,228,6,0.0,0.29167819863250033
train,2013-422,3,228,7,1.0,0.6993867702615206
train,2013-422,3,228,8,0.0,0.51716042560579
train,2013-422,3,228,9,1.0,0.31844675364963837
train,2013-422,3,228,10,1.0,0.6610442568544346
train,2013-422,3,228,11,0.0,0.16916498589645454
train,2013-422,3,228,12,1.0,0.32109985260103946
train,2013-422,3,228,13,1.0,0.4102843606982939
train,2013-422,3,228,14,0.0,0.4813347031027511
train,2013-422,3,228,15,1.0,0.8876613628622073
train,2013-422,4,229,0,0.0,0.07235840787218113
train,2013-422,4,229,1,0.0,0.8544644725263055
train,2013-422,4,229,2,0.0,0.26869464782766544
train,2013-422,4,229,3,0.0,0.20209019524819616
train,2013-422,4,229,4,0.0,0.11701103791263011
train,2013-422,4,229,5,0.0,0.20110575505190884
train,2013-422,4,229,6,0.0,0.16129775871387428
train,2013-422,4,229,7,0.0,0.5891091395807756
train,2013-422,5,230,0,1.0,0.7972541799703389
train,2013-422,5,230,1,1.0,0.5697267528681759
train,2013-422,5,230,2,0.0,0.6293858644152657
train,2013-422,5,230,3,1.0,0.12964501834389164
train,2013-422,6,231,0,1.0,0.3591438734919435
train,2013-422,6,231,1,1.0,0.7132279426854042
train,2013-422,7,232,0,0.0,0.14845859715699075
train,2013-5014,2,240,0,0.0,0.6486220666356919
train,2013-5014,2,240,1,1.0,0.31449893848817667
train,2013-5014,2,240,2,0.0,0.293039794753076
train,2013-5014,2,240,3,1.0,0.7537405420678607
train,2013-5014,2,240,4,1.0,0.2190450007166363
train,2013-5014,2,240,5,1.0,0.6087794145038357
train,2013-5014,2,240,6,1.0,0.3089002217946514
train,2013-5014,2,240,7,1.0,0.862582144790741
train,2013-5014,2,240,8,1.0,0.6026817070758579
train,2013-5014,2,240,9,1.0,0.4623892758492892
train,2013-5014,2,240,10,1.0,0.38418163519931403
train,2013-5014,2,240,11,0.0,0.07634456889701637
train,2013-5014,2,240,12,1.0,0.8068209740125214
train,2013-5014,2,240,13,0.0,0.3491180452564783
train,2013-5014,2,240,14,0.0,0.5876395358529951
train,2013-5014,2,240,15,1.0,0.7835418209207916
train,2013-5014,2,240,16,0.0,0.2497678524651238
train,2013-5014,2,240,17,1.0,0.8643097198663101
train,2013-5014,2,240,18,1.0,0.45091821758723866
train,2013-5014,2,240,19,0.0,0.21455129114047444
train,2013-5014,2,240,20,0.0,0.4099636702707572
train,2013-5014,2,240,21,0.0,0.48232548202625725
train,2013-5014,2,240,22,1.0,0.8304723221176975
train,2013-5014,2,240,23,0.0,0.09874739208938492
train,2013-5014,3,241,0,1.0,0.8185220183975727
train,2013-5014,3,241,1,1.0,0.2661262014808885
train,2013-5014,3,241,2,1.0,0.6456140647271655
train,2013-5014,3,241,3,0.0,0.34250950802248203
train,2013-5014,3,241,4,1.0,0.6651456483192387
train,2013-5014,3,241,5,0.0,0.38438985703965634
train,2013-5014,3,241,6,0.0,0.2065818804278319
train,2013-5014,3,241,7,0.0,0.23496441177055194
train,2013-5014,3,241,8,0.0,0.348202261099605
train,2013-5014,3,241,9,0.0,0.23432455248617326
train,2013-5014,3,241,10,1.0,0.5050950879826244
train,2013-5014,3,241,11,1.0,0.8285884005036741
train,2013-5014,3,241,12,0.0,0.3707486652983198
train,2013-5014,3,241,13,1.0,0.7963162782937038
train,2013-5014,3,241,14,1.0,0.852470777578719
train,2013-5014,3,241,15,1.0,0.38640304260787794
train,2013-5014,4,242,0,1.0,0.8609425408744809
train,2013-5014,4,242,1,1.0,0.20528134929647074
train,2013-5014,4,242,2,1.0,0.6416243803519367
train,2013-5014,4,242,3,0.0,0.4392564218548008
train,2013-5014,4,242,4,1.0,0.2893794768981826
train,2013-5014,4,242,5,0.0,0.4601735814073113
train,2013-5014,4,242,6,0.0,0.140459607344838
train,2013-5014,4,242,7,1.0,0.24471590125771986
train,2013-5014,5,243,0,0.0,0.16723881032528606
train,2013-5014,5,243,1,0.0,0.282363848097372
train,2013-5014,5,243,2,0.0,0.3882738572210243
train,2013-5014,5,243,3,1.0,0.7435458559232926
train,2013-5014,6,244,0,1.0,0.7585569683636243
train,2013-5014,6,244,1,1.0,0.25679274851046696
train,2013-5014,7,245,0,0.0,0.23463771295127814
train,2013-520,1,207,0,0.0,0.042675093792744416
train,2013-520,1,207,1,1.0,0.5498800957150279
train,2013-520,1,207,2,0.0,0.36891903644900026
train,2013-520,1,207,3,1.0,0.7837608223214715
train,2013-520,1,207,4,1.0,0.5807779844565086
train,2013-520,1,207,5,1.0,0.8994455580770541
train,2013-520,1,207,6,1.0,0.8248376557965056
train,2013-520,1,207,7,1.0,0.2894901191421237
train,2013-520,1,207,8,0.0,0.2160732372093575
train,2013-520,1,207,9,0.0,0.32372167106131666
train,2013-520,1,207,10,0.0,0.13588974895308767
train,2013-520,1,207,11,1.0,0.6209777503756382
train,2013-520,1,207,12,1.0,0.6004891612076213
train,2013-520,1,207,13,1.0,0.9621521181421118
train,2013-520,1,207,14,0.0,0.24025121002355174
train,2013-520,1,207,15,1.0,0.3618740946804308
train,2013-520,1,207,16,0.0,0.09312381259387265
train,2013-520,1,207,17,0.0,0.39717866012794023
train,2013-520,1,207,18,0.0,0.33250750676644225
train,2013-520,1,207,19,0.0,0.34626045849689296
train,2013-520,1,207,20,1.0,0.24346789425899318
train,2013-520,1,207,21,0.0,0.19113389172397038
train,2013-520,1,207,22,0.0,0.12310117626493344
train,2013-520,1,207,23,0.0,0.3211253080489689
train,2013-520,1,207,24,0.0,0.6284365239817051
train,2013-520,1,207,25,0.0,0.7808625627199351
train,2013-520,1,207,26,0.0,0.2707432528107442
train,2013-520,1,207,27,1.0,0.6710309430272968
train,2013-520,1,207,28,0.0,0.7769084387688215
train,2013-520,1,207,29,0.0,0.06760323929435072
train,2013-520,1,207,30,1.0,0.7379357035270115
train,2013-520,1,207,31,0.0,0.2491250315785072
train,2013-520,1,207,32,1.0,0.6343773232919394
train,2013-520,1,207,33,0.0,0.16560576698019083
train,2013-520,1,207,34,1.0,0.5682203981530464
train,2013-520,1,207,35,1.0,0.7775098666735414
train,2013-520,1,207,36,0.0,0.25380318868403146
train,2013-520,1,207,37,1.0,0.4275488021781872
train,2013-520,1,207,38,1.0,0.533180820710985
train,2013-520,1,207,39,1.0,0.8416399653089173
train,2013-520,1,207,40,1.0,0.162988120523665
train,2013-520,1,207,41,0.0,0.22742420590420498
train,2013-520,1,207,42,0.0,0.7179996437349089
train,2013-520,1,207,43,1.0,0.815312185201297
train,2013-520,1,207,44,0.0,0.42402137869231216
train,2013-520,1,207,45,1.0,0.6652245519905662
train,2013-520,1,207,46,0.0,0.09158344825619447
train,2013-520,1,207,47,1.0,0.8828263310585749
train,2013-520,1,207,48,1.0,0.7985114985785403
train,2013-520,1,207,49,1.0,0.511640606749143
train,2013-520,1,207,50,0.0,0.8187931255647054
train,2013-520,1,207,51,0.0,0.255109361586318
train,2013-520,1,207,52,1.0,0.8603515362471554
train,2013-520,1,207,53,0.0,0.773880955530507
train,2013-520,1,207,54,0.0,0.3017484767315243
train,2013-520,1,207,55,1.0,0.6188002578402306
train,2013-520,1,207,56,0.0,0.1662966503611701
train,2013-520,1,207,57,0.0,0.1336004725346421
train,2013-520,1,207,58,1.0,0.7176684253853683
train,2013-520,1,207,59,0.0,0.27592545075891856
train,2013-520,1,207,60,1.0,0.6871888363282407
train,2013-520,1,207,61,0.0,0.1335877122266733
train,2013-520,1,207,62,1.0,0.4011223235739792
train,2013-520,1,207,63,0.0,0.24042273792993127
train,2013-520,2,208,0,1.0,0.7090870214199513
train,2013-520,2,208,1,0.0,0.21600998091191959
train,2013-520,2,208,2,0.0,0.31799353916875583
train,2013-520,2,208,3,1.0,0.7921976147013549
train,2013-520,2,208,4,0.0,0.31020605608958884
train,2013-520,2,208,5,0.0,0.14417727724684895
train,2013-520,2,208,6,0.0,0.16449473173757698
train,2013-520,2,208,7,1.0,0.72548587937628
train,2013-520,2,208,8,0.0,0.3388264543992604
train,2013-520,2,208,9,1.0,0.7600355643227303
train,2013-520,2,208,10,1.0,0.7909883608611078
train,2013-520,2,208,11,0.0,0.3089404076068743
train,2013-520,2,208,12,0.0,0.19369731854480396
train,2013-520,2,208,13,0.0,0.5217780598306699
train,2013-520,2,208,14,1.0,0.7463688865364658
train,2013-520,2,208,15,0.0,0.4515869590370691
train,2013-520,2,208,16,0.0,0.3266673560001985
train,2013-520,2,208,17,1.0,0.8774719013707009
train,2013-520,2,208,18,0.0,0.2483544806795107
train,2013-520,2,208,19,1.0,0.6927289107567363
train,2013-520,2,208,20,1.0,0.7446575980190222
train,2013-520,2,208,21,0.0,0.050410465347578294
train,2013-520,2,208,22,0.0,0.5045602338162967
train,2013-520,2,208,23,1.0,0.6904238906463673
train,2013-520,2,208,24,1.0,0.7759276600987983
train,2013-520,2,208,25,1.0,0.7174256583278049
train,2013-520,2,208,26,0.0,0.5737021622811714
train,2013-520,2,208,27,1.0,0.6129389849046885
train,2013-520,2,208,28,0.0,0.12856993035047726
train,2013-520,2,208,29,0.0,0.09122696298807703
train,2013-520,2,208,30,1.0,0.9540634406699531
train,2013-520,2,208,31,0.0,0.23660961146670714
train,2013-520,3,209,0,0.0,0.16950097722415872
train,2013-520,3,209,1,0.0,0.22643029426827965
train,2013-520,3,209,2,1.0,0.8693612633587712
train,2013-520,3,209,3,1.0,0.7320891084375305
train,2013-520,3,209,4,1.0,0.3347018258319977
train,2013-520,3,209,5,0.0,0.23368067305212287
train,2013-520,3,209,6,0.0,0.4754294867951341
train,2013-520,3,209,7,1.0,0.6821383628788584
train,2013-520,3,209,8,1.0,0.42702254219835134
train,2013-520,3,209,9,0.0,0.21678435478099145
train,2013-520,3,209,10,1.0,0.7691287006762328
train,2013-520,3,209,11,1.0,0.6041087804271957
train,2013-520,3,209,12,0.0,0.10451611823714696
train,2013-520,3,209,13,1.0,0.4053142698970742
train,2013-520,3,209,14,1.0,0.6067655395839752
train,2013-520,3,209,15,1.0,0.8796411601830768
train,2013-520,4,210,0,1.0,0.8027505770215528
train,2013-520,4,210,1,0.0,0.22718000027697766
train,2013-520,4,210,2,0.0,0.2493275433094689
train,2013-520,4,210,3,0.0,0.7110768727168122
train,2013-520,4,210,4,1.0,0.5200531395463369
train,2013-520,4,210,5,0.0,0.11468586657954942
train,2013-520,4,210,6,1.0,0.5764990632823601
train,2013-520,4,210,7,0.0,0.12600181912628747
train,2013-520,5,211,0,1.0,0.28660452351692955
train,2013-520,5,211,1,0.0,0.17989558069545514
train,2013-520,5,211,2,1.0,0.8271837661455987
train,2013-520,5,211,3,1.0,0.8628825706222369
train,2013-520,6,212,0,1.0,0.5582976490122848
train,2013-520,6,212,1,1.0,0.5531080945863674
train,2013-520,7,213,0,1.0,0.773898332544303
train,2013-540,1,214,0,0.0,0.09560805058979584
train,2013-540,1,214,1,0.0,0.2784392805497989
train,2013-540,1,214,2,1.0,0.46964347274756574
train,2013-540,1,214,3,0.0,0.34915528393645695
train,2013-540,1,214,4,0.0,0.4096325664469324
train,2013-540,1,214,5,0.0,0.23147245274652883
train,2013-540,1,214,6,0.0,0.7724566038006656
train,2013-540,1,214,7,0.0,0.5401593627471203
train,2013-540,1,214,8,0.0,0.2836021742098769
train,2013-540,1,214,9,0.0,0.26013583470522217
train,2013-540,1,214,10,0.0,0.19986877812568274
train,2013-540,1,214,11,1.0,0.5704887216449628
train,2013-540,1,214,12,1.0,0.5887080614358448
train,2013-540,1,214,13,1.0,0.9307853507048633
train,2013-540,1,214,14,0.0,0.17831455655842862
train,2013-540,1,214,15,1.0,0.7255573346312411
train,2013-540,1,214,16,0.0,0.5798697385267263
train,2013-540,1,214,17,0.0,0.2954486758212177
train,2013-540,1,214,18,0.0,0.5379346120241147
train,2013-540,1,214,19,1.0,0.4865024178082049
train,2013-540,1,214,20,0.0,0.17866960941331142
train,2013-540,1,214,21,0.0,0.30796734327517766
train,2013-540,1,214,22,1.0,0.4237562313215966
train,2013-540,1,214,23,0.0,0.5040254575677732
train,2013-540,1,214,24,1.0,0.3956181697234468
train,2013-540,1,214,25,0.0,0.4841030986135432
train,2013-540,1,214,26,0.0,0.6827599217888979
train,2013-540,1,214,27,1.0,0.45436479613461783
train,2013-540,1,214,28,1.0,0.8840967406799903
train,2013-540,1,214,29,1.0,0.7438841914170805
train,2013-540,1,214,30,1.0,0.2588149898725812
train,2013-540,1,214,31,0.0,0.35505186187458637
train,2013-540,1,214,32,1.0,0.6649826493097223
train,2013-540,1,214,33,1.0,0.8375835971597565
train,2013-540,1,214,34,0.0,0.5341209482688769
train,2013-540,1,214,35,0.0,0.3393258789609202
train,2013-540,1,214,36,0.0,0.28591580259577504
train,2013-540,1,214,37,0.0,0.35668415245747526
train,2013-540,1,214,38,1.0,0.48183925599117533
train,2013-540,1,214,39,0.0,0.6073859249797128
train,2013-540,1,214,40,1.0,0.655831306025271
train,2013-540,1,214,41,0.0,0.7067689481440219
train,2013-540,1,214,42,0.0,0.18091482790669505
train,2013-540,1,214,43,0.0,0.28774592078285693
train,2013-540,1,214,44,0.0,0.43181845103425215
train,2013-540,1,214,45,0.0,0.29814983928464145
train,2013-540,1,214,46,1.0,0.8512952741003509
train,2013-540,1,214,47,0.0,0.08620906770973061
train,2013-540,1,214,48,0.0,0.5080337037448597
train,2013-540,1,214,49,0.0,0.7790491477022748
train,2013-540,1,214,50,1.0,0.6033137300756617
train,2013-540,1,214,51,1.0,0.7276515442319224
train,2013-540,1,214,52,0.0,0.7933422457664977
train,2013-540,1,214,53,1.0,0.8354561355174847
train,2013-540,1,214,54,1.0,0.7292378513045764
train,2013-540,1,214,55,1.0,0.2301286507856516
train,2013-540,1,214,56,0.0,0.7453318595974584
train,2013-540,1,214,57,1.0,0.34473379224486106
train,2013-540,1,214,58,1.0,0.5344888830398835
train,2013-540,1,214,59,1.0,0.8132765858410494
train,2013-540,1,214,60,0.0,0.9325014762658517
train,2013-540,1,214,61,0.0,0.1784587198596928
train,2013-540,1,214,62,1.0,0.5619813290381631
train,2013-540,1,214,63,1.0,0.8533063838530442
train,2013-540,2,215,0,0.0,0.7510747444322103
train,2013-540,2,215,1,1.0,0.3395333802215928
train,2013-540,2,215,2,0.0,0.21620943638325182
train,2013-540,2,215,3,1.0,0.5444487529354661
train,2013-540,2,215,4,0.0,0.23542122315441857
train,2013-540,2,215,5,1.0,0.5897422674375066
train,2013-540,2,215,6,0.0,0.7848485108873778
train,2013-540,2,215,7,1.0,0.7821701518328337
train,2013-540,2,215,8,0.0,0.7776780400208859
train,2013-540,2,215,9,0.0,0.26771345830338894
train,2013-540,2,215,10,0.0,0.24615383661140292
train,2013-540,2,215,11,1.0,0.11125005239174518
train,2013-540,2,215,12,1.0,0.655142018361859
train,2013-540,2,215,13,0.0,0.7439332283645165
train,2013-540,2,215,14,0.0,0.6795300031206929
train,2013-540,2,215,15,1.0,0.39045494299505756
train,2013-540,2,215,16,1.0,0.7429550703524729
train,2013-540,2,215,17,1.0,0.6393554832646512
train,2013-540,2,215,18,0.0,0.23354357727357253
train,2013-540,2,215,19,0.0,0.28572079288231794
train,2013-540,2,215,20,0.0,0.15182626687400605
train,2013-540,2,215,21,0.0,0.1526665520678595
train,2013-540,2,215,22,1.0,0.7332414612805068
train,2013-540,2,215,23,1.0,0.5613428839669607
train,2013-540,2,215,24,1.0,0.8415195974328645
train,2013-540,2,215,25,0.0,0.1964043555441716
train,2013-540,2,215,26,1.0,0.724563822060059
train,2013-540,2,215,27,1.0,0.5771269442807988
train,2013-540,2,215,28,1.0,0.8344789186395397
train,2013-540,2,215,29,1.0,0.6278555703274664
train,2013-540,2,215,30,0.0,0.06755776785897388
train,2013-540,2,215,31,1.0,0.8523626252686546
train,2013-540,3,216,0,1.0,0.4491156014974541
train,2013-540,3,216,1,0.0,0.11134483416948023
train,2013-540,3,216,2,1.0,0.8240106496347045
train,2013-540,3,216,3,1.0,0.5167656973616133
train,2013-540,3,216,4,1.0,0.26480260595828176
train,2013-540,3,216,5,0.0,0.3682921622070359
train,2013-540,3,216,6,1.0,0.5925019199826397
train,2013-540,3,216,7,0.0,0.6349032966783023
train,2013-540,3,216,8,0.0,0.562262487872208
train,2013-540,3,216,9,0.0,0.6373950959541408
train,2013-540,3,216,10,1.0,0.7854583014578995
train,2013-540,3,216,11,0.0,0.7132521810761352
train,2013-540,3,216,12,1.0,0.7737186011795159
train,2013-540,3,216,13,1.0,0.7086889653137165
train,2013-540,3,216,14,0.0,0.7529533863494482
train,2013-540,3,216,15,1.0,0.6651026287115805
train,2013-540,4,217,0,1.0,0.8021250494098457
train,2013-540,4,217,1,1.0,0.7478241009120774
train,2013-540,4,217,2,1.0,0.5945681856900529
train,2013-540,4,217,3,1.0,0.6521318451234773
train,2013-540,4,217,4,0.0,0.2321904092503046
train,2013-540,4,217,5,0.0,0.17874217508692083
train,2013-540,4,217,6,1.0,0.8489847712035509
train,2013-540,4,217,7,0.0,0.23065016816677594
train,2013-540,5,218,0,1.0,0.7832549147840379
train,2013-540,5,218,1,1.0,0.6183172610723408
train,2013-540,5,218,2,1.0,0.4290590433183454
train,2013-540,5,218,3,1.0,0.7920399031640271
train,2013-540,6,219,0,1.0,0.8073117633559274
train,2013-540,6,219,1,1.0,0.8018972613060774
train,2013-540,7,220,0,1.0,0.33161040936932146
train,2013-560,1,233,0,1.0,0.15345985934634335
train,2013-560,1,233,1,0.0,0.8117359903946312
train,2013-560,1,233,2,0.0,0.20968235535018379
train,2013-560,1,233,3,0.0,0.2588616754901133
train,2013-560,1,233,4,1.0,0.37401651950423276
train,2013-560,1,233,5,0.0,0.29661426785861617
train,2013-560,1,233,6,0.0,0.7116201224000731
train,2013-560,1,233,7,1.0,0.6488963327347909
train,2013-560,1,233,8,0.0,0.4041806014924717
train,2013-560,1,233,9,1.0,0.6254422362245715
train,2013-560,1,233,10,0.0,0.5727974814393324
train,2013-560,1,233,11,1.0,0.43734359226678465
train,2013-560,1,233,12,0.0,0.3900838154820754
train,2013-560,1,233,13,0.0,0.14633649214983957
train,2013-560,1,233,14,1.0,0.8244088386654581
train,2013-560,1,233,15,0.0,0.18401562040689265
train,2013-560,1,233,16,1.0,0.554346546296622
train,2013-560,1,233,17,0.0,0.08243223382090452
train,2013-560,1,233,18,0.0,0.3019053600484963
train,2013-560,1,233,19,1.0,0.7035961426283441
train,2013-560,1,233,20,1.0,0.6214750328461679
train,2013-560,1,233,21,0.0,0.16721244950188122
train,2013-560,1,233,22,1.0,0.2254023276366662
train,2013-560,1,233,23,0.0,0.17038889178800895
train,2013-560,1,233,24,0.0,0.49375053423272
train,2013-560,1,233,25,0.0,0.6273794697487746
train,2013-560,1,233,26,1.0,0.2019048157634761
train,2013-560,1,233,27,0.0,0.4377610169819755
train,2013-560,1,233,28,0.0,0.5348885591675224
train,2013-560,1,233,29,1.0,0.9401094482925427
train,2013-560,1,233,30,1.0,0.2071972059588995
train,2013-560,1,233,31,1.0,0.6643908990936016
train,2013-560,1,233,32,1.0,0.2772053487499948
train,2013-560,1,233,33,0.0,0.09382647367054124
train,2013-560,1,233,34,1.0,0.8652679704333385
train,2013-560,1,233,35,0.0,0.6454534239293128
train,2013-560,1,233,36,1.0,0.8761342892212823
train,2013-560,1,233,37,1.0,0.45557972697086646
train,2013-560,1,233,38,1.0,0.8742741169357199
train,2013-560,1,233,39,0.0,0.12137263049422707
train,2013-560,1,233,40,0.0,0.9073848690191921
train,2013-560,1,233,41,1.0,0.5905744126306266
train,2013-560,1,233,42,0.0,0.5950601909696681
train,2013-560,1,233,43,1.0,0.6528003266987326
train,2013-560,1,233,44,1.0,0.847370953705408
train,2013-560,1,233,45,1.0,0.5547376467637234
train,2013-560,1,233,46,0.0,0.48149248771516184
train,2013-560,1,233,47,0.0,0.08608441160614706
train,2013-560,1,233,48,0.0,0.07221786204138142
train,2013-560,1,233,49,1.0,0.3460998430859199
train,2013-560,1,233,50,1.0,0.7623787378578583
train,2013-560,1,233,51,0.0,0.17267121402358981
train,2013-560,1,233,52,1.0,0.5066299862712594
train,2013-560,1,233,53,0.0,0.6234249315047884
train,2013-560,1,233,54,0.0,0.8680073691286317
train,2013-560,1,233,55,1.0,0.9096966804508978
train,2013-560,1,233,56,0.0,0.2636039526641462
train,2013-560,1,233,57,0.0,0.5442161771685256
train,2013-560,1,233,58,1.0,0.8162484723275819
train,2013-560,1,233,59,0.0,0.24092536752310093
train,2013-560,1,233,60,0.0,0.3451805012117055
train,2013-560,1,233,61,1.0,0.5628837525186507
train,2013-560,1,233,62,0.0,0.11825620468394753
train,2013-560,1,233,63,1.0,0.6682303727216367
train,2013-560,2,234,0,0.0,0.17129011336854574
train,2013-560,2,234,1,0.0,0.19706412268905033
train,2013-560,2,234,2,0.0,0.2419024840749121
train,2013-560,2,234,3,1.0,0.5541280206412817
train,2013-560,2,234,4,0.0,0.33256472101773055
train,2013-560,2,234,5,1.0,0.6589878102559837
train,2013-560,2,234,6,1.0,0.898125042839584
train,2013-560,2,234,7,1.0,0.23270269237834226
train,2013-560,2,234,8,0.0,0.2539752231773661
train,2013-560,2,234,9,1.0,0.318530639077482
train,2013-560,2,234,10,1.0,0.8711356690335823
train,2013-560,2,234,11,0.0,0.3080844222938081
train,2013-560,2,234,12,1.0,0.693887626773329
train,2013-560,2,234,13,1.0,0.906241072089141
train,2013-560,2,234,14,1.0,0.4916077199902518
train,2013-560,2,234,15,1.0,0.31934990466460783
train,2013-560,2,234,16,0.0,0.19570329409445678
train,2013-560,2,234,17,1.0,0.6250961113991732
train,2013-560,2,234,18,1.0,0.6853392498776675
train,2013-560,2,234,19,0.0,0.30026346617866734
train,2013-560,2,234,20,0.0,0.10186301728327461
train,2013-560,2,234,21,0.0,0.8147007319727476
train,2013-560,2,234,22,0.0,0.23485089120299868
train,2013-560,2,234,23,0.0,0.5261486075172308
train,2013-560,2,234,24,1.0,0.745403523543251
train,2013-560,2,234,25,0.0,0.27739193312624066
train,2013-560,2,234,26,0.0,0.6825363308630431
train,2013-560,2,234,27,1.0,0.8672896326817344
train,2013-560,2,234,28,1.0,0.4145154065056328
train,2013-560,2,234,29,1.0,0.282267273570428
train,2013-560,2,234,30,0.0,0.04065230384246643
train,2013-560,2,234,31,0.0,0.06073753004088852
train,2013-560,3,235,0,0.0,0.19708654295696526
train,2013-560,3,235,1,1.0,0.9415183097297435
train,2013-560,3,235,2,1.0,0.9005212106157247
train,2013-560,3,235,3,1.0,0.37485339832310993
train,2013-560,3,235,4,0.0,0.2935641264053137
train,2013-560,3,235,5,0.0,0.08469040134610209
train,2013-560,3,235,6,0.0,0.1380827044138352
train,2013-560,3,235,7,0.0,0.31429941588160903
train,2013-560,3,235,8,0.0,0.20432302582350864
train,2013-560,3,235,9,0.0,0.1932419915681273
train,2013-560,3,235,10,1.0,0.7703145987905416
train,2013-560,3,235,11,1.0,0.42440653221987973
train,2013-560,3,235,12,1.0,0.8571033891741502
train,2013-560,3,235,13,1.0,0.5387851853673544
train,2013-560,3,235,14,1.0,0.31865903259579115
train,2013-560,3,235,15,1.0,0.7051807656894007
train,2013-560,4,236,0,0.0,0.1167142416431581
train,2013-560,4,236,1,1.0,0.13760882446326986
train,2013-560,4,236,2,0.0,0.28887092475241694
train,2013-560,4,236,3,0.0,0.4161799577920299
train,2013-560,4,236,4,0.0,0.675147836124913
train,2013-560,4,236,5,0.0,0.1371164147167428
train,2013-560,4,236,6,1.0,0.6626791658103676
train,2013-560,4,236,7,0.0,0.09105371478870809
train,2013-560,5,237,0,1.0,0.8903801057400749
train,2013-560,5,237,1,0.0,0.6078257060098042
train,2013-560,5,237,2,1.0,0.2588168495625543
train,2013-560,5,237,3,1.0,0.8899475228331589
train,2013-560,6,238,0,0.0,0.18021752072637784
train,2013-560,6,238,1,0.0,0.1653731709238236
train,2013-560,7,239,0,1.0,0.4555239696673741
train,2013-580,1,168,0,0.0,0.07991296971705986
train,2013-580,1,168,1,0.0,0.30263194705102714
train,2013-580,1,168,2,1.0,0.831707424180626
train,2013-580,1,168,3,0.0,0.4514706376916244
train,2013-580,1,168,4,1.0,0.417415663604024
train,2013-580,1,168,5,0.0,0.17768347504408757
train,2013-580,1,168,6,0.0,0.2560119408938796
train,2013-580,1,168,7,1.0,0.7876933582588761
train,2013-580,1,168,8,0.0,0.5020906565633598
train,2013-580,1,168,9,1.0,0.6413627110580892
train,2013-580,1,168,10,0.0,0.30305790225521617
train,2013-580,1,168,11,0.0,0.4277413157690241
train,2013-580,1,168,12,0.0,0.7800880113700116
train,2013-580,1,168,13,0.0,0.11179173644506968
train,2013-580,1,168,14,1.0,0.8818038244475287
train,2013-580,1,168,15,1.0,0.6312879651331121
train,2013-580,1,168,16,1.0,0.5799475311778938
train,2013-580,1,168,17,1.0,0.6725228188569761
train,2013-580,1,168,18,1.0,0.8310626630015453
train,2013-580,1,168,19,1.0,0.547023016022497
train,2013-580,1,168,20,1.0,0.8147096629617628
train,2013-580,1,168,21,1.0,0.12107938172400981
train,2013-580,1,168,22,0.0,0.1426988637885557
train,2013-580,1,168,23,1.0,0.49246780697702053
train,2013-580,1,168,24,0.0,0.6079901900429258
train,2013-580,1,168,25,1.0,0.8946924778180121
train,2013-580,1,168,26,1.0,0.5231668316049884
train,2013-580,1,168,27,0.0,0.1281891544799834
train,2013-580,1,168,28,1.0,0.5319081737545674
train,2013-580,1,168,29,1.0,0.7703541568803537
train,2013-580,1,168,30,0.0,0.791874790762221
train,2013-580,1,168,31,1.0,0.6374530194198045
train,2013-580,1,168,32,1.0,0.9344865367149123
train,2013-580,1,168,33,0.0,0.21227070672988033
train,2013-580,1,168,34,1.0,0.44415886364445467
train,2013-580,1,168,35,0.0,0.21569604532492875
train,2013-580,1,168,36,1.0,0.49768888208237066
train,2013-580,1,168,37,0.0,0.2207463305464629
train,2013-580,1,168,38,0.0,0.11300238392516238
train,2013-580,1,168,39,0.0,0.2033439499166042
train,2013-580,1,168,40,0.0,0.17212043240970049
train,2013-580,1,168,41,1.0,0.8530772577669189
train,2013-580,1,168,42,0.0,0.7441188073829463
train,2013-580,1,168,43,1.0,0.2703869508294591
train,2013-580,1,168,44,0.0,0.18758722992639112
train,2013-580,1,168,45,0.0,0.4631181498491646
train,2013-580,1,168,46,1.0,0.7490927955276158
train,2013-580,1,168,47,0.0,0.10815661933980791
train,2013-580,1,168,48,1.0,0.31461194462043474
train,2013-580,1,168,49,0.0,0.7135913898774102
train,2013-580,1,168,50,0.0,0.12275950308802103
train,2013-580,1,168,51,1.0,0.7843795123144319
train,2013-580,1,168,52,0.0,0.10273310573647486
train,2013-580,1,168,53,0.0,0.290081918240467
train,2013-580,1,168,54,1.0,0.4674982144529784
train,2013-580,1,168,55,0.0,0.29001747387282517
train,2013-580,1,168,56,1.0,0.7570692249943068
train,2013-580,1,168,57,0.0,0.15648730752905152
train,2013-580,1,168,58,1.0,0.8676126711097228
train,2013-580,1,168,59,0.0,0.7565100822412748
train,2013-580,1,168,60,0.0,0.23738459101811327
train,2013-580,1,168,61,1.0,0.5177383334807378
train,2013-580,1,168,62,1.0,0.8776305497451843
train,2013-580,1,168,63,0.0,0.8534698041708286
train,2013-580,2,169,0,0.0,0.44986376768240544
train,2013-580,2,169,1,1.0,0.8687514045535164
train,2013-580,2,169,2,1.0,0.8115256012450592
train,2013-580,2,169,3,1.0,0.653469824611505
train,2013-580,2,169,4,0.0,0.7365159017770225
train,2013-580,2,169,5,1.0,0.5805020244026299
train,2013-580,2,169,6,0.0,0.09629626762279218
train,2013-580,2,169,7,1.0,0.5788720723984118
train,2013-580,2,169,8,0.0,0.21664626938443146
train,2013-580,2,169,9,1.0,0.7856165133900012
train,2013-580,2,169,10,1.0,0.7195047861406173
train,2013-580,2,169,11,0.0,0.09218031202494738
train,2013-580,2,169,12,0.0,0.49390381126169464
train,2013-580,2,169,13,1.0,0.8434359632445944
train,2013-580,2,169,14,1.0,0.7913137572595905
train,2013-580,2,169,15,1.0,0.7164434283626326
train,2013-580,2,169,16,1.0,0.8116930037432246
train,2013-580,2,169,17,1.0,0.7167341478243985
train,2013-580,2,169,18,0.0,0.5581089656829882
train,2013-580,2,169,19,1.0,0.8209089767469749
train,2013-580,2,169,20,0.0,0.09864879244196116
train,2013-580,2,169,21,1.0,0.8971910946561183
train,2013-580,2,169,22,1.0,0.7948141768136373
train,2013-580,2,169,23,0.0,0.2840318282905297
train,2013-580,2,169,24,1.0,0.7731176767365738
train,2013-580,2,169,25,0.0,0.2651180082646522
train,2013-580,2,169,26,1.0,0.7607437156448627
train,2013-580,2,169,27,0.0,0.5015692607703872
train,2013-580,2,169,28,0.0,0.17956570351600618
train,2013-580,2,169,29,0.0,0.1225257467941744
train,2013-580,2,169,30,1.0,0.9212664419776037
train,2013-580,2,169,31,1.0,0.827359500408669
train,2013-580,3,170,0,1.0,0.8533215675068062
train,2013-580,3,170,1,0.0,0.3343565041505156
train,2013-580,3,170,2,1.0,0.8899824784590854
train,2013-580,3,170,3,1.0,0.5206729336859452
train,2013-580,3,170,4,1.0,0.7862754151678812
train,2013-580,3,170,5,1.0,0.877804566788465
train,2013-580,3,170,6,1.0,0.6044155297543794
train,2013-580,3,170,7,1.0,0.32129055722829564
train,2013-580,3,170,8,1.0,0.2552273527000857
train,2013-580,3,170,9,0.0,0.30708332771570146
train,2013-580,3,170,10,1.0,0.7105295521381016
train,2013-580,3,170,11,1.0,0.7389415592250557
train,2013-580,3,170,12,0.0,0.20300888367324418
train,2013-580,3,170,13,0.0,0.1964779467800378
train,2013-580,3,170,14,1.0,0.35778292060769173
train,2013-580,3,170,15,0.0,0.1090567397585489
train,2013-580,4,171,0,0.0,0.14631225724390462
train,2013-580,4,171,1,0.0,0.3935064987170269
train,2013-580,4,171,2,0.0,0.20980404453172127
train,2013-580,4,171,3,0.0,0.46134958807417537
train,2013-580,4,171,4,1.0,0.4339951552973086
train,2013-580,4,171,5,1.0,0.7823577990913446
train,2013-580,4,171,6,0.0,0.21189088655518548
train,2013-580,4,171,7,0.0,0.1536879990065768
train,2013-580,5,172,0,1.0,0.7722169542161689
train,2013-580,5,172,1,1.0,0.8405737345214688
train,2013-580,5,172,2,0.0,0.2669160518295263
train,2013-580,5,172,3,1.0,0.7800045682778739
train,2013-580,6,173,0,0.0,0.6210708799858573
train,2013-580,6,173,1,0.0,0.2307694189241247
train,2013-580,7,174,0,0.0,0.30108484182738043
train,2014-1536,2,279,0,1.0,0.5459050788599166
train,2014-1536,2,279,1,0.0,0.774283472163172
train,2014-1536,2,279,2,1.0,0.7733150888953884
train,2014-1536,2,279,3,0.0,0.8569173463508345
train,2014-1536,2,279,4,1.0,0.6195931345018753
train,2014-1536,2,279,5,1.0,0.6295547664510771
train,2014-1536,2,279,6,0.0,0.40859418588571295
train,2014-1536,2,279,7,0.0,0.596289561380315
train,2014-1536,2,279,8,0.0,0.17831533961019105
train,2014-1536,2,279,9,0.0,0.47624461420644487
train,2014-1536,2,279,10,1.0,0.8804712015278269
train,2014-1536,2,279,11,1.0,0.5852746987661881
train,2014-1536,2,279,12,1.0,0.621787791924433
train,2014-1536,2,279,13,0.0,0.2441645540709976
train,2014-1536,2,279,14,1.0,0.7531620025041025
train,2014-1536,2,279,15,0.0,0.4706576580518739
train,2014-1536,2,279,16,1.0,0.4714908727970586
train,2014-1536,2,279,17,1.0,0.4813283228343096
train,2014-1536,2,279,18,1.0,0.23969282184641583
train,2014-1536,2,279,19,1.0,0.5685213670186904
train,2014-1536,2,279,20,1.0,0.33997800416846025
train,2014-1536,2,279,21,0.0,0.2540239728061671
train,2014-1536,2,279,22,1.0,0.8033005457353062
train,2014-1536,2,279,23,0.0,0.24713341398406494
train,2014-1536,3,280,0,0.0,0.20245116070826555
train,2014-1536,3,280,1,0.0,0.619640077574583
train,2014-1536,3,280,2,0.0,0.2842659068247467
train,2014-1536,3,280,3,1.0,0.835442415195327
train,2014-1536,3,280,4,1.0,0.17136577828374974
train,2014-1536,3,280,5,1.0,0.41007966385498545
train,2014-1536,3,280,6,0.0,0.3036836125255503
train,2014-1536,3,280,7,0.0,0.35511039345726053
train,2014-1536,3,280,8,1.0,0.6480416327439669
train,2014-1536,3,280,9,1.0,0.1464675983598506
train,2014-1536,3,280,10,0.0,0.6263178803303764
train,2014-1536,3,280,11,0.0,0.7462753513703952
train,2014-1536,3,280,12,0.0,0.2489520720895008
train,2014-1536,3,280,13,0.0,0.20697834654676295
train,2014-1536,3,280,14,0.0,0.38107927513996576
train,2014-1536,3,280,15,0.0,0.10313577374632586
train,2014-1536,4,281,0,1.0,0.9074182662526713
train,2014-1536,4,281,1,1.0,0.7405392713561338
train,2014-1536,4,281,2,0.0,0.8273944527878583
train,2014-1536,4,281,3,0.0,0.47008181475188043
train,2014-1536,4,281,4,1.0,0.6260691448836903
train,2014-1536,4,281,5,0.0,0.23503171108782833
train,2014-1536,4,281,6,1.0,0.36406505984670456
train,2014-1536,4,281,7,0.0,0.31208574950949663
train,2014-1536,5,282,0,1.0,0.7868734013415152
train,2014-1536,5,282,1,0.0,0.3356354705049
train,2014-1536,5,282,2,0.0,0.2886147425147826
train,2014-1536,5,282,3,1.0,0.7942820389033542
train,2014-1536,6,283,0,1.0,0.8873629209615266
train,2014-1536,6,283,1,0.0,0.6947139987475529
train,2014-1536,7,284,0,1.0,0.8516930568943691
train,2014-352,2,330,0,1.0,0.5559582249929201
train,2014-352,2,330,1,0.0,0.3029797971343429
train,2014-352,2,330,2,1.0,0.788858919814951
train,2014-352,2,330,3,1.0,0.2312802625797568
train,2014-352,2,330,4,0.0,0.3612417275041018
train,2014-352,2,330,5,1.0,0.49391433241935584
train,2014-352,2,330,6,1.0,0.7263133275186473
train,2014-352,2,330,7,1.0,0.4647256488448321
train,2014-352,2,330,8,0.0,0.24945043413828866
train,2014-352,2,330,9,0.0,0.676702603029698
train,2014-352,2,330,10,1.0,0.7462195724011511
train,2014-352,2,330,11,1.0,0.5125376880765218
train,2014-352,2,330,12,1.0,0.3959696290118226
train,2014-352,2,330,13,0.0,0.21604111270070778
train,2014-352,2,330,14,1.0,0.19777639310151052
train,2014-352,2,330,15,0.0,0.260066469527895
train,2014-352,3,331,0,0.0,0.2144346512225861
train,2014-352,3,331,1,1.0,0.7760098723132671
train,2014-352,3,331,2,0.0,0.6486103251530114
train,2014-352,3,331,3,0.0,0.7769608024874795
train,2014-352,3,331,4,0.0,0.13749408350768796
train,2014-352,3,331,5,1.0,0.6900855746814969
train,2014-352,3,331,6,0.0,0.41947962663107113
train,2014-352,3,331,7,0.0,0.16863631653654387
train,2014-352,3,331,8,0.0,0.17968702311354734
train,2014-352,3,331,9,0.0,0.4427711284342396
train,2014-352,3,331,10,1.0,0.3897333301858082
train,2014-352,3,331,11,0.0,0.15560054048377808
train,2014-352,3,331,12,0.0,0.16452971796415117
train,2014-352,3,331,13,1.0,0.47174557762478553
train,2014-352,3,331,14,1.0,0.7627520033071242
train,2014-352,3,331,15,1.0,0.8700629547099967
train,2014-352,4,332,0,0.0,0.24057781813031662
train,2014-352,4,332,1,1.0,0.8521922820097863
train,2014-352,4,332,2,0.0,0.24688920449553922
train,2014-352,4,332,3,1.0,0.3888471894068114
train,2014-352,4,332,4,1.0,0.3119507887367022
train,2014-352,4,332,5,0.0,0.306163577827626
train,2014-352,4,332,6,1.0,0.9108540744998592
train,2014-352,4,332,7,0.0,0.266894371423499
train,2014-352,5,333,0,1.0,0.3349937185848128
train,2014-352,5,333,1,0.0,0.28185766556558367
train,2014-352,5,333,2,1.0,0.737755059780539
train,2014-352,5,333,3,0.0,0.7676814053467179
train,2014-352,6,334,0,0.0,0.1643847383162943
train,2014-352,6,334,1,1.0,0.40183817249516623
train,2014-352,7,335,0,1.0,0.8093366087418503
train,2014-403,1,266,0,0.0,0.4213793978308469
train,2014-403,1,266,1,1.0,0.39573703218883993
train,2014-403,1,266,2,1.0,0.5996398160970161
train,2014-403,1,266,3,1.0,0.29241298241388824
train,2014-403,1,266,4,1.0,0.5525743256006008
train,2014-403,1,266,5,0.0,0.49815587050616966
train,2014-403,1,266,6,1.0,0.7148213333936402
train,2014-403,1,266,7,0.0,0.30295797278397923
train,2014-403,1,266,8,0.0,0.5878888098057662
train,2014-403,1,266,9,1.0,0.4991666524120986
train,2014-403,1,266,10,0.0,0.5385624117673061
train,2014-403,1,266,11,0.0,0.4399870800801555
train,2014-403,1,266,12,0.0,0.23707314866579646
train,2014-403,1,266,13,1.0,0.5191407749154929
train,2014-403,1,266,14,1.0,0.6618482240435324
train,2014-403,1,266,15,0.0,0.3007862054660403
train,2014-403,1,266,16,0.0,0.5035034141516872
train,2014-403,1,266,17,0.0,0.23307621267626147
train,2014-403,1,266,18,0.0,0.3609571662907848
train,2014-403,1,266,19,1.0,0.5565024204956954
train,2014-403,1,266,20,0.0,0.23798077676821291
train,2014-403,1,266,21,1.0,0.7037852464525756
train,2014-403,1,266,22,0.0,0.5586233521912127
train,2014-403,1,266,23,1.0,0.5232319984772568
train,2014-403,1,266,24,1.0,0.3202801312033118
train,2014-403,1,266,25,0.0,0.33412226344934676
train,2014-403,1,266,26,0.0,0.461294004781161
train,2014-403,1,266,27,0.0,0.22282922760551854
train,2014-403,1,266,28,1.0,0.9093427067099907
train,2014-403,1,266,29,1.0,0.42895330592148384
train,2014-403,1,266,30,0.0,0.6789242877725482
train,2014-403,1,266,31,1.0,0.5523409085013096
train,2014-403,2,267,0,1.0,0.8962285146245166
train,2014-403,2,267,1,0.0,0.4473868109289612
train,2014-403,2,267,2,1.0,0.5668174494458934
train,2014-403,2,267,3,0.0,0.22318323498547016
train,2014-403,2,267,4,1.0,0.8199541753645274
train,2014-403,2,267,5,0.0,0.6255212251685126
train,2014-403,2,267,6,0.0,0.26010971372004976
train,2014-403,2,267,7,0.0,0.1255640688157096
train,2014-403,2,267,8,0.0,0.15192541353049516
train,2014-403,2,267,9,1.0,0.47838428985711384
train,2014-403,2,267,10,0.0,0.26658639482699026
train,2014-403,2,267,11,0.0,0.21740645257862562
train,2014-403,2,267,12,0.0,0.18088970771307644
train,2014-403,2,267,13,0.0,0.33725642288445795
train,2014-403,2,267,14,0.0,0.8254032504723158
train,2014-403,2,267,15,0.0,0.1627781480603558
train,2014-403,2,267,16,0.0,0.10479317719494373
train,2014-403,2,267,17,1.0,0.26041379835320266
train,2014-403,2,267,18,1.0,0.5679111976282716
train,2014-403,2,267,19,0.0,0.22380747952092614
train,2014-403,2,267,20,1.0,0.20623236130880718
train,2014-403,2,267,21,0.0,0.387410475313189
train,2014-403,2,267,22,0.0,0.7266330208872241
train,2014-403,2,267,23,1.0,0.8433988347333393
train,2014-403,2,267,24,0.0,0.685019058299172
train,2014-403,2,267,25,0.0,0.7227466737522595
train,2014-403,2,267,26,0.0,0.22017160472472852
train,2014-403,2,267,27,1.0,0.6939749500013621
train,2014-403,2,267,28,0.0,0.7177301203136968
train,2014-403,2,267,29,1.0,0.5737487827855029
train,2014-403,2,267,30,0.0,0.09098208486822246
train,2014-403,2,267,31,1.0,0.5314428544425671
train,2014-403,3,268,0,0.0,0.2031194068043536
train,2014-403,3,268,1,0.0,0.1940901329837834
train,2014-403,3,268,2,0.0,0.4883102330840815
train,2014-403,3,268,3,1.0,0.7697467583206584
train,2014-403,3,268,4,0.0,0.5416508882679708
train,2014-403,3,268,5,0.0,0.10535645717194658
train,2014-403,3,268,6,1.0,0.559578685936325
train,2014-403,3,268,7,0.0,0.14574628580813925
train,2014-403,3,268,8,0.0,0.37282231270200894
train,2014-403,3,268,9,0.0,0.11178545498641061
train,2014-403,3,268,10,0.0,0.5516136671870608
train,2014-403,3,268,11,0.0,0.21861495649420712
train,2014-403,3,268,12,0.0,0.20172610797340101
train,2014-403,3,268,13,0.0,0.20770249515461667
train,2014-403,3,268,14,1.0,0.589706459915615
train,2014-403,3,268,15,0.0,0.0778522721707363
train,2014-403,4,269,0,0.0,0.2836013156487659
train,2014-403,4,269,1,0.0,0.11308965480344255
train,2014-403,4,269,2,0.0,0.32186273029317464
train,2014-403,4,269,3,1.0,0.28650096729044966
train,2014-403,4,269,4,1.0,0.7664105894270922
train,2014-403,4,269,5,0.0,0.7154794049246446
train,2014-403,4,269,6,1.0,0.8171240289920276
train,2014-403,4,269,7,1.0,0.8919848373992787
train,2014-403,5,270,0,1.0,0.7274961212317598
train,2014-403,5,270,1,0.0,0.8118746815715099
train,2014-403,5,270,2,1.0,0.7696706855295108
train,2014-403,5,270,3,1.0,0.8365034861256102
train,2014-403,6,271,0,1.0,0.8617015722109743
train,2014-403,6,271,1,1.0,0.722491795489177
train,2014-403,7,272,0,1.0,0.5675817275527956
train,2014-404,1,259,0,0.0,0.3184933552121525
train,2014-404,1,259,1,0.0,0.38358624443999617
train,2014-404,1,259,2,0.0,0.5623170026096466
train,2014-404,1,259,3,0.0,0.6192974736137459
train,2014-404,1,259,4,0.0,0.4255015714344189
train,2014-404,1,259,5,1.0,0.8168736298145807
train,2014-404,1,259,6,1.0,0.5515112056525706
train,2014-404,1,259,7,1.0,0.8059656954981572
train,2014-404,1,259,8,1.0,0.3519610886729494
train,2014-404,1,259,9,1.0,0.8323349060824083
train,2014-404,1,259,10,1.0,0.5420087349596455
train,2014-404,1,259,11,1.0,0.46003377555716307
train,2014-404,1,259,12,0.0,0.273893450538601
train,2014-404,1,259,13,1.0,0.3036140619541402
train,2014-404,1,259,14,0.0,0.24957287657457855
train,2014-404,1,259,15,0.0,0.4331268729768607
train,2014-404,1,259,16,1.0,0.6722968175941549
train,2014-404,1,259,17,1.0,0.487193204466753
train,2014-404,1,259,18,0.0,0.5563279369160404
train,2014-404,1,259,19,0.0,0.5029186353285106
train,2014-404,1,259,20,1.0,0.9065110089489269
train,2014-404,1,259,21,1.0,0.7841774567525722
train,2014-404,1,259,22,0.0,0.2980857984080389
train,2014-404,1,259,23,0.0,0.38274145336047133
train,2014-404,1,259,24,1.0,0.835337799582165
train,2014-404,1,259,25,1.0,0.6298380152834355
train,2014-404,1,259,26,0.0,0.13388856552591022
train,2014-404,1,259,27,1.0,0.7706843757871591
train,2014-404,1,259,28,0.0,0.34833018151616946
train,2014-404,1,259,29,1.0,0.18780869690617308
train,2014-404,1,259,30,0.0,0.6564879586415224
train,2014-404,1,259,31,1.0,0.6401222957038903
train,2014-404,2,260,0,1.0,0.7793473623413743
train,2014-404,2,260,1,0.0,0.7945575886311044
train,2014-404,2,260,2,1.0,0.9041342745724483
train,2014-404,2,260,3,0.0,0.3336445771451097
train,2014-404,2,260,4,1.0,0.2728576116414251
train,2014-404,2,260,5,0.0,0.2286525706081391
train,2014-404,2,260,6,0.0,0.5869428140346006
train,2014-404,2,260,7,0.0,0.12491606746658589
train,2014-404,2,260,8,1.0,0.19949020561337738
train,2014-404,2,260,9,0.0,0.6186628722726163
train,2014-404,2,260,10,0.0,0.3552126242178526
train,2014-404,2,260,11,0.0,0.3119966347362776
train,2014-404,2,260,12,1.0,0.6258408684397558
train,2014-404,2,260,13,1.0,0.39743631829489245
train,2014-404,2,260,14,1.0,0.22417063379699403
train,2014-404,2,260,15,0.0,0.1911365242099725
train,2014-404,2,260,16,0.0,0.12255073702837563
train,2014-404,2,260,17,1.0,0.7310567825445027
train,2014-404,2,260,18,0.0,0.5737378097969476
train,2014-404,2,260,19,0.0,0.3729504911024041
train,2014-404,2,260,20,1.0,0.6496312876092987
train,2014-404,2,260,21,1.0,0.6775383718631385
train,2014-404,2,260,22,0.0,0.5498886246716128
train,2014-404,2,260,23,0.0,0.21342673276119153
train,2014-404,2,260,24,1.0,0.8362969370668984
train,2014-404,2,260,25,0.0,0.5966958261240842
train,2014-404,2,260,26,0.0,0.24032193046777192
train,2014-404,2,260,27,0.0,0.44295175234994555
train,2014-404,2,260,28,0.0,0.7259442220448054
train,2014-404,2,260,29,0.0,0.290510004619726
train,2014-404,2,260,30,0.0,0.29706738655493037
train,2014-404,2,260,31,1.0,0.8355921271592052
train,2014-404,3,261,0,0.0,0.8223091155703213
train,2014-404,3,261,1,1.0,0.7217424453845709
train,2014-404,3,261,2,0.0,0.25931357848307784
train,2014-404,3,261,3,1.0,0.871168314011372
train,2014-404,3,261,4,0.0,0.6130397359814149
train,2014-404,3,261,5,1.0,0.7149203627040037
train,2014-404,3,261,6,1.0,0.49958344723082065
train,2014-404,3,261,7,1.0,0.33979216036158605
train,2014-404,3,261,8,0.0,0.08102484921620286
train,2014-404,3,261,9,0.0,0.4136452847270231
train,2014-404,3,261,10,1.0,0.6801339379404444
train,2014-404,3,261,11,0.0,0.33630562664655206
train,2014-404,3,261,12,0.0,0.4453548491412251
train,2014-404,3,261,13,1.0,0.40279141511406247
train,2014-404,3,261,14,0.0,0.3616050831318155
train,2014-404,3,261,15,1.0,0.8295050184948791
train,2014-404,4,262,0,1.0,0.8177215868587508
train,2014-404,4,262,1,0.0,0.5339033722698582
train,2014-404,4,262,2,1.0,0.5026249015454223
train,2014-404,4,262,3,0.0,0.43920363741878155
train,2014-404,4,262,4,0.0,0.2538624868117864
train,2014-404,4,262,5,0.0,0.6660187614696416
train,2014-404,4,262,6,0.0,0.6886409032066645
train,2014-404,4,262,7,0.0,0.44691536518133584
train,2014-404,5,263,0,0.0,0.16599504205422577
train,2014-404,5,263,1,1.0,0.6479101291275704
train,2014-404,5,263,2,1.0,0.7715996828506931
train,2014-404,5,263,3,0.0,0.65260468766438
train,2014-404,6,264,0,1.0,0.7905672673879349
train,2014-404,6,264,1,1.0,0.8073996798518336
train,2014-404,7,265,0,1.0,0.6350552563723303
train,2014-410,2,273,0,0.0,0.841644653248789
train,2014-410,2,273,1,0.0,0.43074608566745015
train,2014-410,2,273,2,1.0,0.4253792497564564
train,2014-410,2,273,3,0.0,0.3671417842981295
train,2014-410,2,273,4,1.0,0.7094166727162279
train,2014-410,2,273,5,1.0,0.7729970513112131
train,2014-410,2,273,6,0.0,0.4209960879730762
train,2014-410,2,273,7,0.0,0.2174970787751412
train,2014-410,2,273,8,0.0,0.2769069150075261
train,2014-410,2,273,9,1.0,0.6373267546359114
train,2014-410,2,273,10,1.0,0.6746832894788212
train,2014-410,2,273,11,1.0,0.394031995498565
train,2014-410,2,273,12,1.0,0.6654220682124616
train,2014-410,2,273,13,0.0,0.17452173109504832
train,2014-410,2,273,14,1.0,0.27951395694188536
train,2014-410,2,273,15,0.0,0.7886527838512069
train,2014-410,2,273,16,0.0,0.41434098792715474
train,2014-410,2,273,17,0.0,0.6050908178740478
train,2014-410,2,273,18,1.0,0.4975630067588635
train,2014-410,2,273,19,0.0,0.3319896035769175
train,2014-410,2,273,20,1.0,0.5650107212299245
train,2014-410,2,273,21,0.0,0.6422103396367014
train,2014-410,2,273,22,1.0,0.7332710339833363
train,2014-410,2,273,23,0.0,0.2006547290865464
train,2014-410,3,274,0,0.0,0.788316342517537
train,2014-410,3,274,1,0.0,0.6884707362881712
train,2014-410,3,274,2,0.0,0.17430888461004412
train,2014-410,3,274,3,0.0,0.14407961502673175
train,2014-410,3,274,4,0.0,0.422154608771081
train,2014-410,3,274,5,1.0,0.7084763339643362
train,2014-410,3,274,6,0.0,0.30406682061953366
train,2014-410,3,274,7,0.0,0.4708998690546413
train,2014-410,3,274,8,0.0,0.07380577666195734
train,2014-410,3,274,9,1.0,0.7738018444633243
train,2014-410,3,274,10,0.0,0.5164295140540319
train,2014-410,3,274,11,1.0,0.6956200590880229
train,2014-410,3,274,12,0.0,0.21092121108393644
train,2014-410,3,274,13,1.0,0.5916450396938955
train,2014-410,3,274,14,1.0,0.7162238842939082
train,2014-410,3,274,15,1.0,0.9384252150007969
train,2014-410,4,275,0,1.0,0.8997665273030917
train,2014-410,4,275,1,1.0,0.18208736357673674
train,2014-410,4,275,2,0.0,0.3285678290728875
train,2014-410,4,275,3,1.0,0.580907170639752
train,2014-410,4,275,4,0.0,0.2861227855757463
train,2014-410,4,275,5,1.0,0.8689303166610988
train,2014-410,4,275,6,0.0,0.07371690541638423
train,2014-410,4,275,7,0.0,0.2395707809324316
train,2014-410,5,276,0,1.0,0.21737473456741402
train,2014-410,5,276,1,0.0,0.3238572181042131
train,2014-410,5,276,2,0.0,0.27978682602799054
train,2014-410,5,276,3,0.0,0.09890401812401999
train,2014-410,6,277,0,1.0,0.4221103742604645
train,2014-410,6,277,1,1.0,0.35002048105089834
train,2014-410,7,278,0,0.0,0.694840524179447
train,2014-416,2,285,0,1.0,0.15897941675138688
train,2014-416,2,285,1,0.0,0.26367643471967245
train,2014-416,2,285,2,1.0,0.2883619344735119
train,2014-416,2,285,3,1.0,0.6811454979112015
train,2014-416,2,285,4,1.0,0.4315093655756522
train,2014-416,2,285,5,0.0,0.5793545432801421
train,2014-416,2,285,6,1.0,0.7708598101861452
train,2014-416,2,285,7,1.0,0.6161494017006511
train,2014-416,2,285,8,1.0,0.7360089381666226
train,2014-416,2,285,9,1.0,0.4667971032646278
train,2014-416,2,285,10,1.0,0.27164873084353347
train,2014-416,2,285,11,1.0,0.8372442937194086
train,2014-416,2,285,12,1.0,0.7618478159827393
train,2014-416,2,285,13,1.0,0.6206783223674806
train,2014-416,2,285,14,0.0,0.48973109642255397
train,2014-416,2,285,15,1.0,0.6041782304748629
train,2014-416,2,285,16,1.0,0.5289929673087584
train,2014-416,2,285,17,0.0,0.4032958514810943
train,2014-416,2,285,18,0.0,0.2956979969472879
train,2014-416,2,285,19,0.0,0.34927823972553246
train,2014-416,2,285,20,1.0,0.6415985301656006
train,2014-416,2,285,21,1.0,0.33272276172900017
train,2014-416,2,285,22,1.0,0.7061384669389149
train,2014-416,2,285,23,1.0,0.5478056665772937
train,2014-416,3,286,0,1.0,0.5221086568880015
train,2014-416,3,286,1,0.0,0.2679490679269519
train,2014-416,3,286,2,1.0,0.859752329601055
train,2014-416,3,286,3,0.0,0.8487454484580704
train,2014-416,3,286,4,1.0,0.7363509888406795
train,2014-416,3,286,5,1.0,0.7098555104114355
train,2014-416,3,286,6,0.0,0.17226779749030643
train,2014-416,3,286,7,0.0,0.18074938668356116
train,2014-416,3,286,8,1.0,0.7895288875469165
train,2014-416,3,286,9,0.0,0.11271412198029278
train,2014-416,3,286,10,1.0,0.4177372702462169
train,2014-416,3,286,11,1.0,0.8830635112485301
train,2014-416,3,286,12,0.0,0.21696044525406502
train,2014-416,3,286,13,1.0,0.7780678164453871
train,2014-416,3,286,14,1.0,0.2953709634218231
train,2014-416,3,286,15,1.0,0.8816571451513037
train,2014-416,4,287,0,1.0,0.8892431936350111
train,2014-416,4,287,1,1.0,0.27576519188810383
train,2014-416,4,287,2,1.0,0.28241502686823705
train,2014-416,4,287,3,0.0,0.38639689115336406
train,2014-416,4,287,4,0.0,0.20121556358746015
train,2014-416,4,287,5,1.0,0.8607478285491031
train,2014-416,4,287,6,1.0,0.8077331867080748
train,2014-416,4,287,7,0.0,0.6454953469910192
train,2014-416,5,288,0,1.0,0.807400027745612
train,2014-416,5,288,1,0.0,0.4987375026209252
train,2014-416,5,288,2,0.0,0.35257512691705123
train,2014-416,5,288,3,1.0,0.6875372800948683
train,2014-416,6,289,0,1.0,0.8746277440361148
train,2014-416,6,289,1,1.0,0.8300621187636996
train,2014-416,7,290,0,1.0,0.41396756571971516
train,2014-421,2,305,0,0.0,0.15667004105520171
train,2014-421,2,305,1,1.0,0.7959735813251881
train,2014-421,2,305,2,0.0,0.21933384374931386
train,2014-421,2,305,3,0.0,0.5264632254857133
train,2014-421,2,305,4,0.0,0.6455509755001759
train,2014-421,2,305,5,1.0,0.5837901073829149
train,2014-421,2,305,6,1.0,0.8603768304754964
train,2014-421,2,305,7,1.0,0.5132625212138553
train,2014-421,2,305,8,1.0,0.48060144313336267
train,2014-421,2,305,9,0.0,0.27871460459691544
train,2014-421,2,305,10,1.0,0.6327563421548019
train,2014-421,2,305,11,1.0,0.46402565000868806
train,2014-421,2,305,12,1.0,0.5458169914394656
train,2014-421,2,305,13,1.0,0.7359558187650627
train,2014-421,2,305,14,1.0,0.5359212056239127
train,2014-421,2,305,15,1.0,0.4303629996833533
train,2014-421,2,305,16,1.0,0.5002555393150292
train,2014-421,2,305,17,0.0,0.6141847912327901
train,2014-421,2,305,18,1.0,0.855283380972851
train,2014-421,2,305,19,0.0,0.6920355439822131
train,2014-421,2,305,20,1.0,0.6574491926725682
train,2014-421,2,305,21,1.0,0.216163440100971
train,2014-421,2,305,22,1.0,0.17742691117670925
train,2014-421,2,305,23,1.0,0.6409529665464831
train,2014-421,3,306,0,1.0,0.9269734145866225
train,2014-421,3,306,1,1.0,0.8281830003501658
train,2014-421,3,306,2,0.0,0.5438296322093397
train,2014-421,3,306,3,1.0,0.8878685197207533
train,2014-421,3,306,4,1.0,0.8101987622374441
train,2014-421,3,306,5,0.0,0.5280369960223503
train,2014-421,3,306,6,1.0,0.4786767564173448
train,2014-421,3,306,7,1.0,0.7881055850345995
train,2014-421,3,306,8,1.0,0.7196771401229528
train,2014-421,3,306,9,1.0,0.7564354624445498
train,2014-421,3,306,10,1.0,0.7904301408947183
train,2014-421,3,306,11,0.0,0.12319325674278156
train,2014-421,3,306,12,0.0,0.4108408373796891
train,2014-421,3,306,13,0.0,0.28195121096126047
train,2014-421,3,306,14,1.0,0.7751419237322182
train,2014-421,3,306,15,1.0,0.8850837431253816
train,2014-421,4,307,0,1.0,0.17496022034101952
train,2014-421,4,307,1,1.0,0.7144387656923838
train,2014-421,4,307,2,1.0,0.5302972704085057
train,2014-421,4,307,3,1.0,0.690415562412847
train,2014-421,4,307,4,1.0,0.24713803897722403
train,2014-421,4,307,5,1.0,0.8001686065290914
train,2014-421,4,307,6,1.0,0.8126258040325357
train,2014-421,4,307,7,0.0,0.6902757438748086
train,2014-421,5,308,0,1.0,0.34829612933153437
train,2014-421,5,308,1,0.0,0.5214098419980822
train,2014-421,5,308,2,1.0,0.3403945852141905
train,2014-421,5,308,3,0.0,0.328699043706443
train,2014-421,6,309,0,1.0,0.8229428842690374
train,2014-421,6,309,1,1.0,0.681525542125587
train,2014-421,7,310,0,1.0,0.2790677306214394
train,2014-422,2,311,0,1.0,0.680822796746573
train,2014-422,2,311,1,0.0,0.3362933788502723
train,2014-422,2,311,2,1.0,0.21261985293065228
train,2014-422,2,311,3,1.0,0.6267089549516582
train,2014-422,2,311,4,0.0,0.4806131978193827
train,2014-422,2,311,5,1.0,0.41254895895706534
train,2014-422,2,311,6,0.0,0.3573798941810092
train,2014-422,2,311,7,0.0,0.4738020091518343
train,2014-422,2,311,8,1.0,0.7949081299929788
train,2014-422,2,311,9,1.0,0.21711705456052557
train,2014-422,2,311,10,1.0,0.6536645315667016
train,2014-422,2,311,11,0.0,0.30170644824834225
train,2014-422,2,311,12,1.0,0.27058963796574026
train,2014-422,2,311,13,1.0,0.23315255786896782
train,2014-422,2,311,14,1.0,0.3435070102863388
train,2014-422,2,311,15,0.0,0.154610758060811
train,2014-422,2,311,16,0.0,0.2919990093619616
train,2014-422,2,311,17,0.0,0.4753837451998896
train,2014-422,2,311,18,0.0,0.42180963397902116
train,2014-422,2,311,19,0.0,0.4975057444398226
train,2014-422,2,311,20,1.0,0.49999872993294053
train,2014-422,2,311,21,0.0,0.36074825199689475
train,2014-422,2,311,22,0.0,0.4311603012198268
train,2014-422,2,311,23,1.0,0.7699753773232516
train,2014-422,3,312,0,0.0,0.44441405380949883
train,2014-422,3,312,1,0.0,0.26492006101904775
train,2014-422,3,312,2,1.0,0.885661375194304
train,2014-422,3,312,3,1.0,0.20250715650748435
train,2014-422,3,312,4,1.0,0.5808942956388521
train,2014-422,3,312,5,0.0,0.7623954891128799
train,2014-422,3,312,6,1.0,0.8836109451340909
train,2014-422,3,312,7,0.0,0.6527313208037688
train,2014-422,3,312,8,1.0,0.8183948900526286
train,2014-422,3,312,9,0.0,0.1059863605530115
train,2014-422,3,312,10,1.0,0.6347707313054659
train,2014-422,3,312,11,0.0,0.16379166520339974
train,2014-422,3,312,12,1.0,0.7622717493177888
train,2014-422,3,312,13,1.0,0.5835482808129671
train,2014-422,3,312,14,1.0,0.4732790295103632
train,2014-422,3,312,15,1.0,0.8727318890950776
train,2014-422,4,313,0,1.0,0.13277966334997646
train,2014-422,4,313,1,0.0,0.1687801559283115
train,2014-422,4,313,2,0.0,0.35555986333626277
train,2014-422,4,313,3,0.0,0.17704599663123044
train,2014-422,4,313,4,0.0,0.4534869994122385
train,2014-422,4,313,5,1.0,0.7484387498984973
train,2014-422,4,313,6,0.0,0.2187664786620432
train,2014-422,4,313,7,0.0,0.3843647037779462
train,2014-422,5,314,0,1.0,0.7255365576157131
train,2014-422,5,314,1,0.0,0.6984318818387334
train,2014-422,5,314,2,1.0,0.7083670826885857
train,2014-422,5,314,3,0.0,0.3989668342476229
train,2014-422,6,315,0,0.0,0.2536902909296983
train,2014-422,6,315,1,0.0,0.25392184117097294
train,2014-422,7,316,0,1.0,0.6700192735245108
train,2014-5014,2,324,0,1.0,0.8408799619436813
train,2014-5014,2,324,1,0.0,0.41728862874816036
train,2014-5014,2,324,2,0.0,0.7292611642894844
train,2014-5014,2,324,3,0.0,0.16182533017701037
train,2014-5014,2,324,4,1.0,0.6774178486683474
train,2014-5014,2,324,5,0.0,0.1625364839367236
train,2014-5014,2,324,6,1.0,0.4901568849760375
train,2014-5014,2,324,7,0.0,0.485345703642538
train,2014-5014,2,324,8,1.0,0.6772163174910382
train,2014-5014,2,324,9,1.0,0.8971330253237936
train,2014-5014,2,324,10,1.0,0.46815619908434014
train,2014-5014,2,324,11,0.0,0.3359983470245194
train,2014-5014,2,324,12,1.0,0.6141694468927652
train,2014-5014,2,324,13,0.0,0.7785894149580713
train,2014-5014,2,324,14,0.0,0.454429774117226
train,2014-5014,2,324,15,0.0,0.15556035642606023
train,2014-5014,2,324,16,1.0,0.7439108771830318
train,2014-5014,2,324,17,1.0,0.6477242819709701
train,2014-5014,2,324,18,1.0,0.7635301983632491
train,2014-5014,2,324,19,1.0,0.5959591752597376
train,2014-5014,2,324,20,0.0,0.30574302096010175
train,2014-5014,2,324,21,1.0,0.3558655299408146
train,2014-5014,2,324,22,1.0,0.13687842344406226
train,2014-5014,2,324,23,1.0,0.443695765517406
train,2014-5014,3,325,0,0.0,0.7812633857865644
train,2014-5014,3,325,1,1.0,0.7691568825709874
train,2014-5014,3,325,2,0.0,0.45235255358072285
train,2014-5014,3,325,3,1.0,0.23201580727266508
train,2014-5014,3,325,4,0.0,0.6607631944454004
train,2014-5014,3,325,5,0.0,0.3582766706275203
train,2014-5014,3,325,6,1.0,0.3687404153419056
train,2014-5014,3,325,7,1.0,0.23949389596024237
train,2014-5014,3,325,8,1.0,0.43710466897491024
train,2014-5014,3,325,9,1.0,0.2991664998617144
train,2014-5014,3,325,10,1.0,0.6903418249268767
train,2014-5014,3,325,11,0.0,0.1590876624521438
train,2014-5014,3,325,12,0.0,0.2113317208058094
train,2014-5014,3,325,13,1.0,0.8177945844322028
train,2014-5014,3,325,14,0.0,0.1504183553598268
train,2014-5014,3,325,15,1.0,0.3051918127175954
train,2014-5014,4,326,0,0.0,0.14796991860107978
train,2014-5014,4,326,1,1.0,0.4329919965098183
train,2014-5014,4,326,2,0.0,0.31353080783802006
train,2014-5014,4,326,3,0.0,0.19182528213750422
train,2014-5014,4,326,4,1.0,0.7495755996279525
train,2014-5014,4,326,5,1.0,0.590801273574763
train,2014-5014,4,326,6,1.0,0.3954217817000704
train,2014-5014,4,326,7,0.0,0.20926621947574453
train,2014-5014,5,327,0,0.0,0.3000756127500896
train,2014-5014,5,327,1,0.0,0.222583759911283
train,2014-5014,5,327,2,0.0,0.7039592187854458
train,2014-5014,5,327,3,0.0,0.4181086429727461
train,2014-5014,6,328,0,1.0,0.43001943135823023
train,2014-5014,6,328,1,0.0,0.4718016909371843
train,2014-5014,7,329,0,0.0,0.22951192205937598
train,2014-520,1,291,0,1.0,0.7558903302632273
train,2014-520,1,291,1,0.0,0.23940301872239272
train,2014-520,1,291,2,1.0,0.7302340399110873
train,2014-520,1,291,3,0.0,0.5288751479005692
train,2014-520,1,291,4,0.0,0.5167534978546654
train,2014-520,1,291,5,1.0,0.8030376489878114
train,2014-520,1,291,6,1.0,0.8797525302450051
train,2014-520,1,291,7,1.0,0.602866519043769
train,2014-520,1,291,8,0.0,0.3003461351174814
train,2014-520,1,291,9,1.0,0.7579243865949401
train,2014-520,1,291,10,0.0,0.19205298048329716
train,2014-520,1,291,11,0.0,0.4179447065567024
train,2014-520,1,291,12,0.0,0.7161568237262248
train,2014-520,1,291,13,0.0,0.8261363498527655
train,2014-520,1,291,14,0.0,0.12765755452544442
train,2014-520,1,291,15,0.0,0.16663245381258152
train,2014-520,1,291,16,0.0,0.2964421038636253
train,2014-520,1,291,17,0.0,0.4094262485213091
train,2014-520,1,291,18,0.0,0.5932110450497767
train,2014-520,1,291,19,0.0,0.554629113449647
train,2014-520,1,291,20,1.0,0.1833422145962574
train,2014-520,1,291,21,0.0,0.9107779309766354
train,2014-520,1,291,22,0.0,0.5783084651205892
train,2014-520,1,291,23,0.0,0.3615759331060615
train,2014-520,1,291,24,1.0,0.1806679245621773
train,2014-520,1,291,25,0.0,0.5065567822588288
train,2014-520,1,291,26,0.0,0.25821502707793437
train,2014-520,1,291,27,0.0,0.33578792987535255
train,2014-520,1,291,28,1.0,0.9726333276437612
train,2014-520,1,291,29,0.0,0.06350799719900124
train,2014-520,1,291,30,0.0,0.20409913219803633
train,2014-520,1,291,31,0.0,0.3102300186128972
train,2014-520,1,291,32,0.0,0.25266664463671085
train,2014-520,1,291,33,0.0,0.5850262873726867
train,2014-520,1,291,34,0.0,0.12478810126010244
train,2014-520,1,291,35,1.0,0.7017232128673583
train,2014-520,1,291,36,0.0,0.16095382707122424
train,2014-520,1,291,37,1.0,0.7500949236635498
train,2014-520,1,291,38,0.0,0.3280392245857613
train,2014-520,1,291,39,0.0,0.17244305407829424
train,2014-520,1,291,40,1.0,0.14354888036355654
train,2014-520,1,291,41,1.0,0.5308418279071722
train,2014-520,1,291,42,1.0,0.6538279483162314
train,2014-520,1,291,43,0.0,0.11524154034354143
train,2014-520,1,291,44,0.0,0.4071857590181185
train,2014-520,1,291,45,1.0,0.2536082919855217
train,2014-520,1,291,46,0.0,0.13096989312734447
train,2014-520,1,291,47,1.0,0.9388154038863411
train,2014-520,1,291,48,0.0,0.2696608275070158
train,2014-520,1,291,49,1.0,0.7704220255716202
train,2014-520,1,291,50,1.0,0.9325699421193582
train,2014-520,1,291,51,1.0,0.23818779271737056
train,2014-520,1,291,52,0.0,0.28927170885360254
train,2014-520,1,291,53,1.0,0.8282630308796651
train,2014-520,1,291,54,0.0,0.3425118451271997
train,2014-520,1,291,55,1.0,0.39919110277488656
train,2014-520,1,291,56,1.0,0.5562215136284291
train,2014-520,1,291,57,1.0,0.8562634063077574
train,2014-520,1,291,58,1.0,0.8462955757417205
train,2014-520,1,291,59,0.0,0.2128203592725506
train,2014-520,1,291,60,1.0,0.8429895200637636
train,2014-520,1,291,61,0.0,0.8520363491195652
train,2014-520,1,291,62,1.0,0.7330953539303015
train,2014-520,1,291,63,1.0,0.7585132832457946
train,2014-520,2,292,0,1.0,0.4499602046360897
train,2014-520,2,292,1,1.0,0.7411416866296887
train,2014-520,2,292,2,0.0,0.6278421536395983
train,2014-520,2,292,3,0.0,0.19337192432931838
train,2014-520,2,292,4,1.0,0.8901535620691875
train,2014-520,2,292,5,0.0,0.48358725641514194
train,2014-520,2,292,6,0.0,0.1991240241995153
train,2014-520,2,292,7,0.0,0.6318744502904727
train,2014-520,2,292,8,0.0,0.5788088450713337
train,2014-520,2,292,9,0.0,0.19582485019915277
train,2014-520,2,292,10,0.0,0.21159152263914058
train,2014-520,2,292,11,0.0,0.1775079362331582
train,2014-520,2,292,12,1.0,0.6109654742998953
train,2014-520,2,292,13,0.0,0.33533439431656686
train,2014-520,2,292,14,1.0,0.8360388858783118
train,2014-520,2,292,15,0.0,0.2790171351042051
train,2014-520,2,292,16,0.0,0.21266873353927987
train,2014-520,2,292,17,1.0,0.8207934837890403
train,2014-520,2,292,18,0.0,0.24936636983561533
train,2014-520,2,292,19,0.0,0.25343950222120304
train,2014-520,2,292,20,1.0,0.26111320567077007
train,2014-520,2,292,21,0.0,0.33027197543663706
train,2014-520,2,292,22,0.0,0.09950774167116506
train,2014-520,2,292,23,0.0,0.48650520642690204
train,2014-520,2,292,24,1.0,0.8109961144923797
train,2014-520,2,292,25,1.0,0.7855982802110584
train,2014-520,2,292,26,0.0,0.2139598569195272
train,2014-520,2,292,27,1.0,0.6151489811117951
train,2014-520,2,292,28,1.0,0.9162577750245469
train,2014-520,2,292,29,1.0,0.8804330149597414
train,2014-520,2,292,30,1.0,0.5238117545845472
train,2014-520,2,292,31,0.0,0.0778500058122859
train,2014-520,3,293,0,0.0,0.33790353249155464
train,2014-520,3,293,1,0.0,0.4014749093066395
train,2014-520,3,293,2,0.0,0.13174423198488705
train,2014-520,3,293,3,1.0,0.7808831066032397
train,2014-520,3,293,4,1.0,0.6196181881736078
train,2014-520,3,293,5,1.0,0.8669281069316482
train,2014-520,3,293,6,1.0,0.6198384440980571
train,2014-520,3,293,7,1.0,0.5501812254562585
train,2014-520,3,293,8,1.0,0.7584441819234953
train,2014-520,3,293,9,1.0,0.7244099469247396
train,2014-520,3,293,10,1.0,0.3506380169210195
train,2014-520,3,293,11,0.0,0.5672752172154802
train,2014-520,3,293,12,0.0,0.3182548825268285
train,2014-520,3,293,13,0.0,0.17744695609936048
train,2014-520,3,293,14,0.0,0.2621114570877959
train,2014-520,3,293,15,0.0,0.06593816827128707
train,2014-520,4,294,0,1.0,0.800270140694321
train,2014-520,4,294,1,0.0,0.2446810312323954
train,2014-520,4,294,2,1.0,0.1747505011881248
train,2014-520,4,294,3,1.0,0.7521264270569714
train,2014-520,4,294,4,1.0,0.7234108798779337
train,2014-520,4,294,5,1.0,0.5654944041602199
train,2014-520,4,294,6,1.0,0.7988820439955636
train,2014-520,4,294,7,0.0,0.07825863783517881
train,2014-520,5,295,0,0.0,0.1666747780983813
train,2014-520,5,295,1,0.0,0.7585931143508311
train,2014-520,5,295,2,0.0,0.22312801206836072
train,2014-520,5,295,3,0.0,0.247004908684244
train,2014-520,6,296,0,1.0,0.8709735535657578
train,2014-520,6,296,1,0.0,0.19196048451809106
train,2014-520,7,297,0,0.0,0.44307936350329563
train,2014-540,1,298,0,1.0,0.8704811060190635
train,2014-540,1,298,1,1.0,0.5879933920698702
train,2014-540,1,298,2,0.0,0.6512170340694778
train,2014-540,1,298,3,0.0,0.13233263351016183
train,2014-540,1,298,4,1.0,0.4677077988285531
train,2014-540,1,298,5,0.0,0.7516529900919053
train,2014-540,1,298,6,1.0,0.7201737893623612
train,2014-540,1,298,7,1.0,0.8317431363805254
train,2014-540,1,298,8,1.0,0.3326050415485251
train,2014-540,1,298,9,1.0,0.6618506301470624
train,2014-540,1,298,10,0.0,0.16723405024608579
train,2014-540,1,298,11,1.0,0.7719953945252721
train,2014-540,1,298,12,0.0,0.6845056424511198
train,2014-540,1,298,13,1.0,0.38675730961540017
train,2014-540,1,298,14,0.0,0.10362634612387227
train,2014-540,1,298,15,0.0,0.11046686638434275
train,2014-540,1,298,16,0.0,0.28211799394819104
train,2014-540,1,298,17,0.0,0.44748946366011777
train,2014-540,1,298,18,0.0,0.22576951127490652
train,2014-540,1,298,19,0.0,0.8056377815413752
train,2014-540,1,298,20,0.0,0.6523468325744467
train,2014-540,1,298,21,0.0,0.3974947029273383
train,2014-540,1,298,22,1.0,0.8281966886203898
train,2014-540,1,298,23,1.0,0.7621501506586025
train,2014-540,1,298,24,1.0,0.7787364248419447
train,2014-540,1,298,25,1.0,0.42987452341944743
train,2014-540,1,298,26,1.0,0.8134077063784351
train,2014-540,1,298,27,1.0,0.3861588908807599
train,2014-540,1,298,28,0.0,0.2067230295245076
train,2014-540,1,298,29,1.0,0.7741212138021324
train,2014-540,1,298,30,0.0,0.05776160885677507
train,2014-540,1,298,31,1.0,0.6311222114809559
train,2014-540,1,298,32,0.0,0.5092003156880383
train,2014-540,1,298,33,1.0,0.8213000573641391
train,2014-540,1,298,34,1.0,0.7729164128673929
train,2014-540,1,298,35,1.0,0.894596205091104
train,2014-540,1,298,36,0.0,0.729434278913465
train,2014-540,1,298,37,1.0,0.7441743692302605
train,2014-540,1,298,38,0.0,0.30562318124255283
train,2014-540,1,298,39,1.0,0.2840355310792836
train,2014-540,1,298,40,0.0,0.1366121469807213
train,2014-540,1,298,41,1.0,0.6530524063144052
train,2014-540,1,298,42,0.0,0.4399327570341632
train,2014-540,1,298,43,1.0,0.7110404335893359
train,2014-540,1,298,44,1.0,0.38407485727999036
train,2014-540,1,298,45,1.0,0.6617934933582348
train,2014-540,1,298,46,1.0,0.6776903907731125
train,2014-540,1,298,47,1.0,0.8044294287517029
train,2014-540,1,298,48,0.0,0.07429280297866528
train,2014-540,1,298,49,1.0,0.7852743122060422
train,2014-540,1,298,50,1.0,0.5836863235054611
train,2014-540,1,298,51,0.0,0.2575745901628291
train,2014-540,1,298,52,1.0,0.2002123222915635
train,2014-540,1,298,53,1.0,0.4545487953111643
train,2014-540,1,298,54,0.0,0.3463686147922531
train,2014-540,1,298,55,0.0,0.8139472521529181
train,2014-540,1,298,56,0.0,0.27869564066214825
train,2014-540,1,298,57,1.0,0.8266687508278853
train,2014-540,1,298,58,0.0,0.19114951410834455
train,2014-540,1,298,59,1.0,0.5861620745943571
train,2014-540,1,298,60,0.0,0.2202849396983524
train,2014-540,1,298,61,0.0,0.24608562224459615
train,2014-540,1,298,62,0.0,0.4756102564296287
train,2014-540,1,298,63,1.0,0.8409291468101601
train,2014-540,2,299,0,1.0,0.49948062007527316
train,2014-540,2,299,1,0.0,0.23279580025993654
train,2014-540,2,299,2,0.0,0.30027883422753604
train,2014-540,2,299,3,0.0,0.3163269230979925
train,2014-540,2,299,4,0.0,0.3897010281132535
train,2014-540,2,299,5,0.0,0.10444850669590647
train,2014-540,2,299,6,1.0,0.2119438794960319
train,2014-540,2,299,7,1.0,0.5926689665729836
train,2014-540,2,299,8,1.0,0.1930904162695162
train,2014-540,2,299,9,1.0,0.8331979383424158
train,2014-540,2,299,10,1.0,0.17051270045403455
train,2014-540,2,299,11,0.0,0.2816844123625282
train,2014-540,2,299,12,0.0,0.22154499644240352
train,2014-540,2,299,13,0.0,0.24116979759868115
train,2014-540,2,299,14,1.0,0.7605170150833676
train,2014-540,2,299,15,0.0,0.5422317795566659
train,2014-540,2,299,16,0.0,0.19989229279967377
train,2014-540,2,299,17,0.0,0.33586365258305834
train,2014-540,2,299,18,0.0,0.2695316535126787
train,2014-540,2,299,19,0.0,0.3794977699265502
train,2014-540,2,299,20,0.0,0.14064182627645516
train,2014-540,2,299,21,1.0,0.7825842639845347
train,2014-540,2,299,22,0.0,0.21920560781119114
train,2014-540,2,299,23,1.0,0.6684091079480831
train,2014-540,2,299,24,1.0,0.27667440221270206
train,2014-540,2,299,25,1.0,0.7389495431537396
train,2014-540,2,299,26,0.0,0.781178160265674
train,2014-540,2,299,27,0.0,0.29927298753573633
train,2014-540,2,299,28,0.0,0.867828215674229
train,2014-540,2,299,29,1.0,0.8664497715086288
train,2014-540,2,299,30,1.0,0.8755319930149446
train,2014-540,2,299,31,0.0,0.2372224025311069
train,2014-540,3,300,0,1.0,0.5442367323192063
train,2014-540,3,300,1,0.0,0.18668429133695053
train,2014-540,3,300,2,1.0,0.85916389177661
train,2014-540,3,300,3,0.0,0.5524588376152433
train,2014-540,3,300,4,0.0,0.17031669574253358
train,2014-540,3,300,5,0.0,0.2371788428539447
train,2014-540,3,300,6,1.0,0.8640085693617049
train,2014-540,3,300,7,0.0,0.45381758318077453
train,2014-540,3,300,8,0.0,0.5891844178765877
train,2014-540,3,300,9,0.0,0.28952945129569485
train,2014-540,3,300,10,0.0,0.38022732948725874
train,2014-540,3,300,11,1.0,0.6588799909366203
train,2014-540,3,300,12,1.0,0.8191791931152287
train,2014-540,3,300,13,1.0,0.31006893611901
train,2014-540,3,300,14,1.0,0.6189972101951183
train,2014-540,3,300,15,0.0,0.13257574051206
train,2014-540,4,301,0,1.0,0.10404619727437216
train,2014-540,4,301,1,1.0,0.5224891866133932
train,2014-540,4,301,2,1.0,0.8207612874550976
train,2014-540,4,301,3,1.0,0.6776331335521861
train,2014-540,4,301,4,1.0,0.7155242996259603
train,2014-540,4,301,5,0.0,0.19918418668748114
train,2014-540,4,301,6,1.0,0.6258090065495915
train,2014-540,4,301,7,0.0,0.1895643549669862
train,2014-540,5,302,0,1.0,0.7986363096326115
train,2014-540,5,302,1,1.0,0.736258009158393
train,2014-540,5,302,2,0.0,0.7819375479043326
train,2014-540,5,302,3,1.0,0.8485165020411605
train,2014-540,6,303,0,1.0,0.7471059217802317
train,2014-540,6,303,1,0.0,0.16052114953166202
train,2014-540,7,304,0,0.0,0.39179959878412995
train,2014-560,1,317,0,0.0,0.34739600268558485
train,2014-560,1,317,1,1.0,0.1822645750123838
train,2014-560,1,317,2,0.0,0.8187496014098273
train,2014-560,1,317,3,1.0,0.684265178903737
train,2014-560,1,317,4,0.0,0.455915284556358
train,2014-560,1,317,5,0.0,0.49189362133101205
train,2014-560,1,317,6,1.0,0.8797632061508275
train,2014-560,1,317,7,1.0,0.763796888495582
train,2014-560,1,317,8,0.0,0.7113038599518112
train,2014-560,1,317,9,1.0,0.7221106167713552
train,2014-560,1,317,10,1.0,0.2662952299211959
train,2014-560,1,317,11,1.0,0.694849009990601
train,2014-560,1,317,12,1.0,0.31509241865573734
train,2014-560,1,317,13,0.0,0.5037932456383827
train,2014-560,1,317,14,0.0,0.14247215735974908
train,2014-560,1,317,15,1.0,0.8882679434592843
train,2014-560,1,317,16,1.0,0.12407210473381987
train,2014-560,1,317,17,1.0,0.8052329314089349
train,2014-560,1,317,18,1.0,0.30935527696373327
train,2014-560,1,317,19,0.0,0.37023496560827684
train,2014-560,1,317,20,1.0,0.543735466004138
train,2014-560,1,317,21,0.0,0.1894910627481285
train,2014-560,1,317,22,0.0,0.09113463963068238
train,2014-560,1,317,23,0.0,0.7816444198978618
train,2014-560,1,317,24,0.0,0.42071054227128235
train,2014-560,1,317,25,1.0,0.8752837701196009
train,2014-560,1,317,26,1.0,0.3528656547114608
train,2014-560,1,317,27,1.0,0.8132513876266493
train,2014-560,1,317,28,0.0,0.49357943182154856
train,2014-560,1,317,29,0.0,0.03585913835888292
train,2014-560,1,317,30,1.0,0.9003125868100258
train,2014-560,1,317,31,1.0,0.2340175415212381
train,2014-560,1,317,32,1.0,0.28036309300951195
train,2014-560,1,317,33,0.0,0.455850838138621
train,2014-560,1,317,34,0.0,0.1573820266682315
train,2014-560,1,317,35,0.0,0.07289092443532662
train,2014-560,1,317,36,0.0,0.4278711662368166
train,2014-560,1,317,37,1.0,0.4065169474759315
train,2014-560,1,317,38,0.0,0.18776979725662976
train,2014-560,1,317,39,0.0,0.15380012667229567
train,2014-560,1,317,40,1.0,0.7515153599115106
train,2014-560,1,317,41,0.0,0.19361444653654972
train,2014-560,1,317,42,1.0,0.7398028269194789
train,2014-560,1,317,43,0.0,0.2914328662803778
train,2014-560,1,317,44,0.0,0.10848230163964663
train,2014-560,1,317,45,0.0,0.4033609665463327
train,2014-560,1,317,46,0.0,0.23164957861392815
train,2014-560,1,317,47,1.0,0.32155472907669336
train,2014-560,1,317,48,0.0,0.25241054503166604
train,2014-560,1,317,49,0.0,0.70710966532627
train,2014-560,1,317,50,0.0,0.8720245439439505
train,2014-560,1,317,51,0.0,0.34423106035586465
train,2014-560,1,317,52,1.0,0.9194819173164503
train,2014-560,1,317,53,0.0,0.6099308217591309
train,2014-560,1,317,54,0.0,0.7337460987737802
train,2014-560,1,317,55,1.0,0.8125121346226335
train,2014-560,1,317,56,1.0,0.7477093516024965
train,2014-560,1,317,57,0.0,0.3747035964314284
train,2014-560,1,317,58,0.0,0.29138699146438257
train,2014-560,1,317,59,0.0,0.13908254837980696
train,2014-560,1,317,60,1.0,0.8883516359063169
train,2014-560,1,317,61,0.0,0.33173303598760934
train,2014-560,1,317,62,1.0,0.7808086231161603
train,2014-560,1,317,63,0.0,0.5519920920144182
train,2014-560,2,318,0,1.0,0.2887632563756336
train,2014-560,2,318,1,0.0,0.13451998784152558
train,2014-560,2,318,2,0.0,0.350062783519401
train,2014-560,2,318,3,0.0,0.17916951703637074
train,2014-560,2,318,4,0.0,0.1479884096552148
train,2014-560,2,318,5,1.0,0.28392950130679284
train,2014-560,2,318,6,0.0,0.5268659504037693
train,2014-560,2,318,7,0.0,0.21162001225209812
train,2014-560,2,318,8,1.0,0.8650653380827343
train,2014-560,2,318,9,0.0,0.2706023451153218
train,2014-560,2,318,10,0.0,0.15386409560107703
train,2014-560,2,318,11,0.0,0.16902392269767186
train,2014-560,2,318,12,0.0,0.29024755964911586
train,2014-560,2,318,13,1.0,0.2137734206752205
train,2014-560,2,318,14,0.0,0.13803266990211294
train,2014-560,2,318,15,1.0,0.1942500658389699
train,2014-560,2,318,16,1.0,0.5272498124995448
train,2014-560,2,318,17,1.0,0.7775842490089645
train,2014-560,2,318,18,1.0,0.838153191389915
train,2014-560,2,318,19,1.0,0.2745393690966668
train,2014-560,2,318,20,0.0,0.7588042032840001
train,2014-560,2,318,21,1.0,0.8534555814488729
train,2014-560,2,318,22,1.0,0.9146586269755685
train,2014-560,2,318,23,1.0,0.5987726355246419
train,2014-560,2,318,24,0.0,0.7412906405431186
train,2014-560,2,318,25,1.0,0.9047150040036284
train,2014-560,2,318,26,1.0,0.8582986056566044
train,2014-560,2,318,27,0.0,0.28602146564370545
train,2014-560,2,318,28,1.0,0.8616111223585401
train,2014-560,2,318,29,0.0,0.05694054387325322
train,2014-560,2,318,30,1.0,0.6455387608861645
train,2014-560,2,318,31,1.0,0.9427012869380855
train,2014-560,3,319,0,1.0,0.23254077535677428
train,2014-560,3,319,1,0.0,0.6466013598794285
train,2014-560,3,319,2,1.0,0.8855308433317285
train,2014-560,3,319,3,0.0,0.31321486526844006
train,2014-560,3,319,4,1.0,0.37596487000589024
train,2014-560,3,319,5,0.0,0.2227533656781466
train,2014-560,3,319,6,1.0,0.5648107825987814
train,2014-560,3,319,7,1.0,0.27514258002236835
train,2014-560,3,319,8,1.0,0.854055050234138
train,2014-560,3,319,9,0.0,0.13038604844162283
train,2014-560,3,319,10,1.0,0.7701390254521274
train,2014-560,3,319,11,0.0,0.22436980094626127
train,2014-560,3,319,12,0.0,0.14749629096926822
train,2014-560,3,319,13,0.0,0.10541317094353728
train,2014-560,3,319,14,1.0,0.8792703037582449
train,2014-560,3,319,15,0.0,0.1104765394664942
train,2014-560,4,320,0,0.0,0.13718002705507734
train,2014-560,4,320,1,0.0,0.5098794395660504
train,2014-560,4,320,2,0.0,0.4181879984178373
train,2014-560,4,320,3,0.0,0.17204761943090663
train,2014-560,4,320,4,0.0,0.6093036014893423
train,2014-560,4,320,5,0.0,0.33540014806469476
train,2014-560,4,320,6,1.0,0.6164146959629946
train,2014-560,4,320,7,0.0,0.1187247870489623
train,2014-560,5,321,0,1.0,0.8354993408407622
train,2014-560,5,321,1,0.0,0.7041561889650468
train,2014-560,5,321,2,0.0,0.6208260912828536
train,2014-560,5,321,3,1.0,0.7251513933955086
train,2014-560,6,322,0,1.0,0.18346955551142963
train,2014-560,6,322,1,1.0,0.15253911467468084
train,2014-560,7,323,0,1.0,0.4834236174073936
train,2014-580,1,252,0,1.0,0.49550302062639195
train,2014-580,1,252,1,1.0,0.6095773732283662
train,2014-580,1,252,2,1.0,0.7902224113626035
train,2014-580,1,252,3,1.0,0.6588399595281869
train,2014-580,1,252,4,0.0,0.24071438430029435
train,2014-580,1,252,5,0.0,0.08707579280312724
train,2014-580,1,252,6,0.0,0.8112489061423888
train,2014-580,1,252,7,1.0,0.36156198965483527
train,2014-580,1,252,8,0.0,0.4189744026772063
train,2014-580,1,252,9,0.0,0.4517367152148394
train,2014-580,1,252,10,1.0,0.7181321077561293
train,2014-580,1,252,11,0.0,0.7856015459379324
train,2014-580,1,252,12,1.0,0.2542477821218729
train,2014-580,1,252,13,1.0,0.9331552288572159
train,2014-580,1,252,14,1.0,0.9175211074724806
train,2014-580,1,252,15,0.0,0.07949709935440642
train,2014-580,1,252,16,1.0,0.5181691010359646
train,2014-580,1,252,17,1.0,0.7362927975582564
train,2014-580,1,252,18,1.0,0.7938461631902629
train,2014-580,1,252,19,0.0,0.22301789696891078
train,2014-580,1,252,20,1.0,0.5489825312468214
train,2014-580,1,252,21,1.0,0.8245211870333989
train,2014-580,1,252,22,1.0,0.7678392587249318
train,2014-580,1,252,23,0.0,0.5863867290520748
train,2014-580,1,252,24,0.0,0.5603836323855587
train,2014-580,1,252,25,0.0,0.3629541091355839
train,2014-580,1,252,26,1.0,0.6889032167627219
train,2014-580,1,252,27,1.0,0.4506568105276805
train,2014-580,1,252,28,0.0,0.08852346007905144
train,2014-580,1,252,29,1.0,0.9507001273408384
train,2014-580,1,252,30,0.0,0.7315247176862181
train,2014-580,1,252,31,0.0,0.7319863705789599
train,2014-580,1,252,32,1.0,0.22139016698914785
train,2014-580,1,252,33,0.0,0.06324349446939702
train,2014-580,1,252,34,0.0,0.7482438187424352
train,2014-580,1,252,35,1.0,0.5163369859978078
train,2014-580,1,252,36,1.0,0.4796402524405916
train,2014-580,1,252,37,1.0,0.6733946022010558
train,2014-580,1,252,38,0.0,0.28883321577048615
train,2014-580,1,252,39,1.0,0.5677506144749597
train,2014-580,1,252,40,1.0,0.9334403787871346
train,2014-580,1,252,41,0.0,0.3172465257330116
train,2014-580,1,252,42,1.0,0.9017937666299833
train,2014-580,1,252,43,1.0,0.7027775822438922
train,2014-580,1,252,44,0.0,0.1764789084942832
train,2014-580,1,252,45,1.0,0.43115929528148994
train,2014-580,1,252,46,1.0,0.8847242521360967
train,2014-580,1,252,47,1.0,0.9420513832314152
train,2014-580,1,252,48,1.0,0.7272193315751218
train,2014-580,1,252,49,1.0,0.7625765263896322
train,2014-580,1,252,50,0.0,0.056140122025467754
train,2014-580,1,252,51,0.0,0.32484410882558806
train,2014-580,1,252,52,1.0,0.4798715084789864
train,2014-580,1,252,53,0.0,0.11937976380275127
train,2014-580,1,252,54,0.0,0.7404562053487368
train,2014-580,1,252,55,0.0,0.6492839014834746
train,2014-580,1,252,56,0.0,0.3478522105226233
train,2014-580,1,252,57,0.0,0.17755361405616255
train,2014-580,1,252,58,0.0,0.20710006141168202
train,2014-580,1,252,59,1.0,0.5288967947221652
train,2014-580,1,252,60,0.0,0.14450168936062127
train,2014-580,1,252,61,1.0,0.8510161764553829
train,2014-580,1,252,62,1.0,0.1966016528618116
train,2014-580,1,252,63,0.0,0.4022698061389564
train,2014-580,2,253,0,1.0,0.5837619386388652
train,2014-580,2,253,1,1.0,0.81560169978876
train,2014-580,2,253,2,1.0,0.4453972972911208
train,2014-580,2,253,3,1.0,0.4878513715764443
train,2014-580,2,253,4,0.0,0.5497314995173441
train,2014-580,2,253,5,0.0,0.4593612011392644
train,2014-580,2,253,6,1.0,0.8183496101708104
train,2014-580,2,253,7,1.0,0.624887233037565
train,2014-580,2,253,8,1.0,0.5573982042415395
train,2014-580,2,253,9,1.0,0.7490431517142533
train,2014-580,2,253,10,0.0,0.5540040689486765
train,2014-580,2,253,11,0.0,0.12312210759871113
train,2014-580,2,253,12,1.0,0.8869981891291788
train,2014-580,2,253,13,1.0,0.8325990573513878
train,2014-580,2,253,14,0.0,0.8264573463446673
train,2014-580,2,253,15,0.0,0.4965161466447833
train,2014-580,2,253,16,1.0,0.8293370340129408
train,2014-580,2,253,17,1.0,0.27506861917639946
train,2014-580,2,253,18,1.0,0.4844163206386702
train,2014-580,2,253,19,0.0,0.21560882148047195
train,2014-580,2,253,20,1.0,0.9318140368407223
train,2014-580,2,253,21,1.0,0.16607598003976454
train,2014-580,2,253,22,0.0,0.21452176033943798
train,2014-580,2,253,23,0.0,0.40191993390774455
train,2014-580,2,253,24,1.0,0.563126271388469
train,2014-580,2,253,25,1.0,0.8313525137886508
train,2014-580,2,253,26,1.0,0.27000297952198
train,2014-580,2,253,27,0.0,0.08287836175345456
train,2014-580,2,253,28,1.0,0.5814840419040848
train,2014-580,2,253,29,0.0,0.24632428979140145
train,2014-580,2,253,30,0.0,0.06792510472851129
train,2014-580,2,253,31,0.0,0.0523334537631517
train,2014-580,3,254,0,0.0,0.21544526956201807
train,2014-580,3,254,1,1.0,0.8855003008648047
train,2014-580,3,254,2,1.0,0.9123367703929721
train,2014-580,3,254,3,0.0,0.6059936668077051
train,2014-580,3,254,4,1.0,0.2719712274040002
train,2014-580,3,254,5,1.0,0.8076685748190395
train,2014-580,3,254,6,1.0,0.553993117147442
train,2014-580,3,254,7,1.0,0.756958047022652
train,2014-580,3,254,8,1.0,0.8821922535690383
train,2014-580,3,254,9,0.0,0.0778876673203545
train,2014-580,3,254,10,0.0,0.3116311696722606
train,2014-580,3,254,11,0.0,0.44245161989965603
train,2014-580,3,254,12,0.0,0.17483560228219538
train,2014-580,3,254,13,1.0,0.34583095870738556
train,2014-580,3,254,14,0.0,0.6892556722946193
train,2014-580,3,254,15,0.0,0.21633638412456152
train,2014-580,4,255,0,1.0,0.9122357835767969
train,2014-580,4,255,1,0.0,0.28942340105402214
train,2014-580,4,255,2,1.0,0.7929503041433692
train,2014-580,4,255,3,1.0,0.7836660179762729
train,2014-580,4,255,4,1.0,0.7233414914813227
train,2014-580,4,255,5,1.0,0.877735679127462
train,2014-580,4,255,6,1.0,0.6674686315739673
train,2014-580,4,255,7,0.0,0.1304767037646139
train,2014-580,5,256,0,0.0,0.8453014974736047
train,2014-580,5,256,1,1.0,0.5364283658980091
train,2014-580,5,256,2,0.0,0.43432051669345273
train,2014-580,5,256,3,1.0,0.8921818576099255
train,2014-580,6,257,0,0.0,0.666370938277283
train,2014-580,6,257,1,1.0,0.6232742485234953
train,2014-580,7,258,0,1.0,0.17736522749616163
train,2015-1536,2,363,0,0.0,0.7661260384482398
train,2015-1536,2,363,1,1.0,0.5490594375852079
train,2015-1536,2,363,2,0.0,0.7647394339722892
train,2015-1536,2,363,3,1.0,0.7512760622489227
train,2015-1536,2,363,4,0.0,0.20095242174667785
train,2015-1536,2,363,5,1.0,0.5537007695489908
train,2015-1536,2,363,6,1.0,0.7808483768490138
train,2015-1536,2,363,7,1.0,0.56656091257631
train,2015-1536,2,363,8,1.0,0.1970404851576653
train,2015-1536,2,363,9,1.0,0.7945015062628733
train,2015-1536,2,363,10,0.0,0.31796762271917006
train,2015-1536,2,363,11,1.0,0.3297666572239851
train,2015-1536,2,363,12,1.0,0.6808761219715853
train,2015-1536,2,363,13,1.0,0.8257845970933152
train,2015-1536,2,363,14,1.0,0.7900360141046844
train,2015-1536,2,363,15,0.0,0.35118273101592024
train,2015-1536,2,363,16,0.0,0.23481935701483875
train,2015-1536,2,363,17,1.0,0.5987173570173396
train,2015-1536,2,363,18,0.0,0.3120030243896387
train,2015-1536,2,363,19,0.0,0.5254913768466976
train,2015-1536,2,363,20,0.0,0.67949859215554
train,2015-1536,2,363,21,1.0,0.7209813022323273
train,2015-1536,2,363,22,1.0,0.8012865392943936
train,2015-1536,2,363,23,1.0,0.7579364495610317
train,2015-1536,3,364,0,0.0,0.30053106752460396
train,2015-1536,3,364,1,0.0,0.7306943070012505
train,2015-1536,3,364,2,1.0,0.4071125729047339
train,2015-1536,3,364,3,1.0,0.7145738598046504
train,2015-1536,3,364,4,0.0,0.24271688379133677
train,2015-1536,3,364,5,0.0,0.3671462459810854
train,2015-1536,3,364,6,1.0,0.38976215973429895
train,2015-1536,3,364,7,0.0,0.17412423065250368
train,2015-1536,3,364,8,1.0,0.8253998472670452
train,2015-1536,3,364,9,1.0,0.6826545989935461
train,2015-1536,3,364,10,0.0,0.3905915543631432
train,2015-1536,3,364,11,0.0,0.08127150744806781
train,2015-1536,3,364,12,0.0,0.21468559929608605
train,2015-1536,3,364,13,1.0,0.7128813917936928
train,2015-1536,3,364,14,1.0,0.7882630140842546
train,2015-1536,3,364,15,1.0,0.13885680737537826
train,2015-1536,4,365,0,1.0,0.7274055369414704
train,2015-1536,4,365,1,1.0,0.6238713687249701
train,2015-1536,4,365,2,1.0,0.3879678177686849
train,2015-1536,4,365,3,1.0,0.7579185031851646
train,2015-1536,4,365,4,1.0,0.5536689961529464
train,2015-1536,4,365,5,1.0,0.7658645595577701
train,2015-1536,4,365,6,0.0,0.2055064078648046
train,2015-1536,4,365,7,1.0,0.910945143489729
train,2015-1536,5,366,0,0.0,0.6856874454636755
train,2015-1536,5,366,1,0.0,0.2812032001940435
train,2015-1536,5,366,2,0.0,0.16835528248705256
train,2015-1536,5,366,3,1.0,0.5571458255406099
train,2015-1536,6,367,0,1.0,0.7140437342804062
train,2015-1536,6,367,1,0.0,0.3465482585319859
train,2015-1536,7,368,0,0.0,0.7331789421221574
train,2015-352,2,414,0,1.0,0.5488890234045096
train,2015-352,2,414,1,0.0,0.6713473575026069
train,2015-352,2,414,2,0.0,0.12907975504437008
train,2015-352,2,414,3,1.0,0.32647036274598223
train,2015-352,2,414,4,1.0,0.5387451156745826
train,2015-352,2,414,5,1.0,0.3451167892715164
train,2015-352,2,414,6,0.0,0.4311387270153635
train,2015-352,2,414,7,0.0,0.4958399122084921
train,2015-352,2,414,8,1.0,0.809666230667268
train,2015-352,2,414,9,1.0,0.7143296558791544
train,2015-352,2,414,10,0.0,0.2994946458310859
train,2015-352,2,414,11,0.0,0.6773631872360606
train,2015-352,2,414,12,1.0,0.48700708688984007
train,2015-352,2,414,13,1.0,0.6018272685034439
train,2015-352,2,414,14,1.0,0.7838832649871856
train,2015-352,2,414,15,0.0,0.7062833505774628
train,2015-352,3,415,0,0.0,0.1722339503167038
train,2015-352,3,415,1,0.0,0.14120192230842094
train,2015-352,3,415,2,0.0,0.49786293851122393
train,2015-352,3,415,3,1.0,0.6638176041686088
train,2015-352,3,415,4,1.0,0.7040798545592738
train,2015-352,3,415,5,1.0,0.7389912703974345
train,2015-352,3,415,6,0.0,0.11074918039995944
train,2015-352,3,415,7,0.0,0.30030579794705153
train,2015-352,3,415,8,1.0,0.8704835862440646
train,2015-352,3,415,9,1.0,0.2694557410211034
train,2015-352,3,415,10,0.0,0.31966565482959314
train,2015-352,3,415,11,0.0,0.26576671567579113
train,2015-352,3,415,12,0.0,0.14495880161792632
train,2015-352,3,415,13,1.0,0.6493329192076875
train,2015-352,3,415,14,0.0,0.07620139597390063
train,2015-352,3,415,15,0.0,0.33835487847885815
train,2015-352,4,416,0,0.0,0.4130865955741789
train,2015-352,4,416,1,0.0,0.11591937100894867
train,2015-352,4,416,2,0.0,0.19122529554497436
train,2015-352,4,416,3,0.0,0.7878017317250069
train,2015-352,4,416,4,0.0,0.5149946001783697
train,2015-352,4,416,5,1.0,0.8251211803239122
train,2015-352,4,416,6,1.0,0.7743687181169002
train,2015-352,4,416,7,0.0,0.39124031492906997
train,2015-352,5,417,0,0.0,0.19823661822372216
train,2015-352,5,417,1,1.0,0.32975864971324675
train,2015-352,5,417,2,1.0,0.5492974734689288
train,2015-352,5,417,3,0.0,0.23974430965031557
train,2015-352,6,418,0,0.0,0.18280440294864692
train,2015-352,6,418,1,0.0,0.2846960529513977
train,2015-352,7,419,0,1.0,0.7214787454269224
train,2015-403,1,350,0,1.0,0.7313959736755223
train,2015-403,1,350,1,1.0,0.7674267720989438
train,2015-403,1,350,2,1.0,0.547470968647914
train,2015-403,1,350,3,1.0,0.4034621454228992
train,2015-403,1,350,4,0.0,0.5130188930546058
train,2015-403,1,350,5,1.0,0.5925291449052139
train,2015-403,1,350,6,1.0,0.28810143229164215
train,2015-403,1,350,7,1.0,0.2909915666418478
train,2015-403,1,350,8,0.0,0.39794765115274044
train,2015-403,1,350,9,0.0,0.2197972568570745
train,2015-403,1,350,10,0.0,0.45078050642986744
train,2015-403,1,350,11,0.0,0.5032394779675909
train,2015-403,1,350,12,0.0,0.7315204459696757
train,2015-403,1,350,13,0.0,0.4377298187174439
train,2015-403,1,350,14,1.0,0.44617883645234174
train,2015-403,1,350,15,0.0,0.21826429304002523
train,2015-403,1,350,16,0.0,0.5887008238239616
train,2015-403,1,350,17,1.0,0.26498087679387444
train,2015-403,1,350,18,0.0,0.32486195001373697
train,2015-403,1,350,19,1.0,0.7589774718817527
train,2015-403,1,350,20,0.0,0.3870880841962185
train,2015-403,1,350,21,1.0,0.3964595060667407
train,2015-403,1,350,22,0.0,0.5606254108773928
train,2015-403,1,350,23,0.0,0.20220062580826767
train,2015-403,1,350,24,1.0,0.6930428070560176
train,2015-403,1,350,25,1.0,0.5907564648753431
train,2015-403,1,350,26,1.0,0.376288679826452
train,2015-403,1,350,27,1.0,0.842443265806046
train,2015-403,1,350,28,0.0,0.17094552793785153
train,2015-403,1,350,29,1.0,0.3228075913736106
train,2015-403,1,350,30,1.0,0.13560246737141685
train,2015-403,1,350,31,1.0,0.16435739002318353
train,2015-403,2,351,0,0.0,0.23311293885197215
train,2015-403,2,351,1,1.0,0.8678815672078026
train,2015-403,2,351,2,0.0,0.31286236902938813
train,2015-403,2,351,3,1.0,0.41920233846444555
train,2015-403,2,351,4,1.0,0.48992685525570245
train,2015-403,2,351,5,0.0,0.1449496821212324
train,2015-403,2,351,6,1.0,0.7585894726049004
train,2015-403,2,351,7,0.0,0.10213425566679465
train,2015-403,2,351,8,1.0,0.8677566905678483
train,2015-403,2,351,9,0.0,0.5806802761251864
train,2015-403,2,351,10,0.0,0.38131680053206285
train,2015-403,2,351,11,0.0,0.6961295170054895
train,2015-403,2,351,12,1.0,0.48690572145167127
train,2015-403,2,351,13,0.0,0.39920137198848504
train,2015-403,2,351,14,0.0,0.2019596370320464
train,2015-403,2,351,15,1.0,0.8498492214558578
train,2015-403,2,351,16,1.0,0.8341277759692728
train,2015-403,2,351,17,0.0,0.16712686463623302
train,2015-403,2,351,18,1.0,0.5831911227583992
train,2015-403,2,351,19,0.0,0.29496851852580597
train,2015-403,2,351,20,0.0,0.5758815598841074
train,2015-403,2,351,21,1.0,0.5752058688250111
train,2015-403,2,351,22,0.0,0.4995713190943415
train,2015-403,2,351,23,0.0,0.29690447568089606
train,2015-403,2,351,24,1.0,0.673461159860237
train,2015-403,2,351,25,0.0,0.5464296538371399
train,2015-403,2,351,26,1.0,0.7209464471921199
train,2015-403,2,351,27,1.0,0.4032870206809732
train,2015-403,2,351,28,0.0,0.13850685553021774
train,2015-403,2,351,29,1.0,0.40011409003050513
train,2015-403,2,351,30,0.0,0.08785477014687337
train,2015-403,2,351,31,1.0,0.5553059892381155
train,2015-403,3,352,0,1.0,0.9403357916634019
train,2015-403,3,352,1,1.0,0.3700757250988069
train,2015-403,3,352,2,0.0,0.23796346716786154
train,2015-403,3,352,3,0.0,0.18056635324020756
train,2015-403,3,352,4,0.0,0.2032552134792372
train,2015-403,3,352,5,0.0,0.28604692369621953
train,2015-403,3,352,6,0.0,0.4963080409035363
train,2015-403,3,352,7,0.0,0.7749303572570386
train,2015-403,3,352,8,0.0,0.8476845614295457
train,2015-403,3,352,9,0.0,0.44795757062678604
train,2015-403,3,352,10,0.0,0.6322601764822215
train,2015-403,3,352,11,0.0,0.18548635107276262
train,2015-403,3,352,12,1.0,0.8699664067141201
train,2015-403,3,352,13,1.0,0.6854240873463247
train,2015-403,3,352,14,0.0,0.5757785423968778
train,2015-403,3,352,15,1.0,0.7535550600793247
train,2015-403,4,353,0,1.0,0.7509582621217119
train,2015-403,4,353,1,0.0,0.22319138027420624
train,2015-403,4,353,2,1.0,0.4297182437614239
train,2015-403,4,353,3,1.0,0.33508631354228025
train,2015-403,4,353,4,1.0,0.7788390097263298
train,2015-403,4,353,5,1.0,0.6806699381930154
train,2015-403,4,353,6,0.0,0.1116698769540687
train,2015-403,4,353,7,0.0,0.6030394453969696
train,2015-403,5,354,0,0.0,0.200855248859589
train,2015-403,5,354,1,0.0,0.15846770608731284
train,2015-403,5,354,2,0.0,0.6062940926009366
train,2015-403,5,354,3,1.0,0.7877366917144212
train,2015-403,6,355,0,0.0,0.4480295846516693
train,2015-403,6,355,1,1.0,0.8594184447938346
train,2015-403,7,356,0,1.0,0.7192622149752679
train,2015-404,1,343,0,0.0,0.23659064210825342
train,2015-404,1,343,1,1.0,0.5298981613496851
train,2015-404,1,343,2,1.0,0.7366088471807591
train,2015-404,1,343,3,0.0,0.48768954169694656
train,2015-404,1,343,4,1.0,0.37686980349698507
train,2015-404,1,343,5,0.0,0.7409672481174839
train,2015-404,1,343,6,1.0,0.7565115245700185
train,2015-404,1,343,7,1.0,0.4990313167932424
train,2015-404,1,343,8,1.0,0.8095577784279866
train,2015-404,1,343,9,1.0,0.7081749777497581
train,2015-404,1,343,10,1.0,0.5028036339399474
train,2015-404,1,343,11,1.0,0.6512720239716306
train,2015-404,1,343,12,0.0,0.5329540438263495
train,2015-404,1,343,13,0.0,0.48506712528759843
train,2015-404,1,343,14,1.0,0.5947313398651692
train,2015-404,1,343,15,0.0,0.5581185445051156
train,2015-404,1,343,16,0.0,0.24554172427750115
train,2015-404,1,343,17,0.0,0.555641218341009
train,2015-404,1,343,18,1.0,0.6386873750966071
train,2015-404,1,343,19,1.0,0.49928376034826927
train,2015-404,1,343,20,1.0,0.4766522750614143
train,2015-404,1,343,21,1.0,0.49179057768127554
train,2015-404,1,343,22,1.0,0.7515605229032235
train,2015-404,1,343,23,0.0,0.42583898495946754
train,2015-404,1,343,24,0.0,0.24592899418975103
train,2015-404,1,343,25,1.0,0.18244611015878304
train,2015-404,1,343,26,1.0,0.2378710512636173
train,2015-404,1,343,27,1.0,0.46699463589972023
train,2015-404,1,343,28,1.0,0.8193739086442354
train,2015-404,1,343,29,0.0,0.7136032015701413
train,2015-404,1,343,30,1.0,0.4428396272787572
train,2015-404,1,343,31,0.0,0.45767267474184975
train,2015-404,2,344,0,0.0,0.36186377683630844
train,2015-404,2,344,1,0.0,0.09485425348282794
train,2015-404,2,344,2,0.0,0.2652881661199235
train,2015-404,2,344,3,0.0,0.36428303219937
train,2015-404,2,344,4,1.0,0.8596146227952103
train,2015-404,2,344,5,1.0,0.5569584552340547
train,2015-404,2,344,6,0.0,0.5621236151407563
train,2015-404,2,344,7,1.0,0.17522976566985327
train,2015-404,2,344,8,0.0,0.6608731901075783
train,2015-404,2,344,9,1.0,0.17469103765564353
train,2015-404,2,344,10,1.0,0.7277348250697602
train,2015-404,2,344,11,1.0,0.6766163056319952
train,2015-404,2,344,12,0.0,0.18424479203208757
train,2015-404,2,344,13,1.0,0.85111963071914
train,2015-404,2,344,14,1.0,0.6200532630661931
train,2015-404,2,344,15,1.0,0.8259055262527977
train,2015-404,2,344,16,0.0,0.3742688592152023
train,2015-404,2,344,17,0.0,0.24362036943656093
train,2015-404,2,344,18,1.0,0.7936558556878184
train,2015-404,2,344,19,0.0,0.3033924220935685
train,2015-404,2,344,20,1.0,0.706119587863819
train,2015-404,2,344,21,0.0,0.5589143085866493
train,2015-404,2,344,22,1.0,0.6717346989273546
train,2015-404,2,344,23,1.0,0.8193567825936282
train,2015-404,2,344,24,0.0,0.2521789226810484
train,2015-404,2,344,25,0.0,0.6409892196095399
train,2015-404,2,344,26,1.0,0.2779540834299008
train,2015-404,2,344,27,0.0,0.21717955210910345
train,2015-404,2,344,28,0.0,0.3010936689595598
train,2015-404,2,344,29,1.0,0.22303004391616552
train,2015-404,2,344,30,0.0,0.13480613105940736
train,2015-404,2,344,31,0.0,0.7077436941024562
train,2015-404,3,345,0,1.0,0.7614167027345017
train,2015-404,3,345,1,0.0,0.5671702540433536
train,2015-404,3,345,2,1.0,0.22363462625565067
train,2015-404,3,345,3,0.0,0.6389834291448764
train,2015-404,3,345,4,1.0,0.49743705430911034
train,2015-404,3,345,5,1.0,0.8714317963620004
train,2015-404,3,345,6,0.0,0.19646177885818278
train,2015-404,3,345,7,0.0,0.3441661831599976
train,2015-404,3,345,8,0.0,0.546797294013015
train,2015-404,3,345,9,0.0,0.20299146955814212
train,2015-404,3,345,10,1.0,0.36290440882698854
train,2015-404,3,345,11,1.0,0.7965671639537765
train,2015-404,3,345,12,1.0,0.5242513431876824
train,2015-404,3,345,13,1.0,0.8412744898613858
train,2015-404,3,345,14,1.0,0.8013260370199249
train,2015-404,3,345,15,0.0,0.26383787630028277
train,2015-404,4,346,0,0.0,0.1745914119742374
train,2015-404,4,346,1,1.0,0.8217350615790248
train,2015-404,4,346,2,1.0,0.7359042505270836
train,2015-404,4,346,3,0.0,0.31720864922886305
train,2015-404,4,346,4,1.0,0.37626859662223067
train,2015-404,4,346,5,1.0,0.7884124789521728
train,2015-404,4,346,6,1.0,0.6220768331507752
train,2015-404,4,346,7,1.0,0.8006895168958216
train,2015-404,5,347,0,1.0,0.5845506446935639
train,2015-404,5,347,1,0.0,0.6277451091127082
train,2015-404,5,347,2,1.0,0.7447874837895798
train,2015-404,5,347,3,0.0,0.14913861931708436
train,2015-404,6,348,0,0.0,0.34072830701160733
train,2015-404,6,348,1,0.0,0.3354997950996391
train,2015-404,7,349,0,1.0,0.6079572714975522
train,2015-410,2,357,0,0.0,0.49865605696847193
train,2015-410,2,357,1,0.0,0.5370563041546589
train,2015-410,2,357,2,1.0,0.1923964977836695
train,2015-410,2,357,3,0.0,0.13376915789334876
train,2015-410,2,357,4,1.0,0.32921022644347453
train,2015-410,2,357,5,1.0,0.2726579769260504
train,2015-410,2,357,6,1.0,0.5024126940701518
train,2015-410,2,357,7,1.0,0.7568365874105529
train,2015-410,2,357,8,0.0,0.08609403385448934
train,2015-410,2,357,9,1.0,0.8021460184091511
train,2015-410,2,357,10,0.0,0.6809679075093861
train,2015-410,2,357,11,1.0,0.7670556395279761
train,2015-410,2,357,12,0.0,0.27477969784749323
train,2015-410,2,357,13,0.0,0.5050495333850501
train,2015-410,2,357,14,0.0,0.19753592385700122
train,2015-410,2,357,15,1.0,0.7974519532406169
train,2015-410,2,357,16,0.0,0.43109932104536997
train,2015-410,2,357,17,0.0,0.18960273751719503
train,2015-410,2,357,18,1.0,0.7412665895041034
train,2015-410,2,357,19,1.0,0.4404869607429783
train,2015-410,2,357,20,1.0,0.5627335391776105
train,2015-410,2,357,21,1.0,0.5697382696254116
train,2015-410,2,357,22,1.0,0.7923585711400936
train,2015-410,2,357,23,1.0,0.5570837066349797
train,2015-410,3,358,0,1.0,0.8218225816347063
train,2015-410,3,358,1,0.0,0.4201956884905402
train,2015-410,3,358,2,1.0,0.6118271941092797
train,2015-410,3,358,3,1.0,0.7430132420365502
train,2015-410,3,358,4,0.0,0.30214316967659804
train,2015-410,3,358,5,1.0,0.6241689277557726
train,2015-410,3,358,6,1.0,0.47609893665243513
train,2015-410,3,358,7,1.0,0.8628451855198559
train,2015-410,3,358,8,1.0,0.7218158490773343
train,2015-410,3,358,9,1.0,0.8272463149851377
train,2015-410,3,358,10,1.0,0.926400396857507
train,2015-410,3,358,11,1.0,0.7160866708405238
train,2015-410,3,358,12,0.0,0.1184651581998207
train,2015-410,3,358,13,0.0,0.6079694540657911
train,2015-410,3,358,14,1.0,0.8055160392158263
train,2015-410,3,358,15,1.0,0.906839527736107
train,2015-410,4,359,0,1.0,0.9211899232768538
train,2015-410,4,359,1,0.0,0.6561297654304342
train,2015-410,4,359,2,0.0,0.8023261092351629
train,2015-410,4,359,3,1.0,0.6846049722890925
train,2015-410,4,359,4,1.0,0.7471907556899863
train,2015-410,4,359,5,1.0,0.6657351469512841
train,2015-410,4,359,6,0.0,0.6581322903326744
train,2015-410,4,359,7,0.0,0.14360307274358236
train,2015-410,5,360,0,1.0,0.8515018663287652
train,2015-410,5,360,1,0.0,0.24955637325017507
train,2015-410,5,360,2,1.0,0.6108731085741637
train,2015-410,5,360,3,0.0,0.5459488904210964
train,2015-410,6,361,0,0.0,0.4649701051531134
train,2015-410,6,361,1,1.0,0.6943836369336258
train,2015-410,7,362,0,1.0,0.7686414601971155
train,2015-416,2,369,0,1.0,0.7674967751515466
train,2015-416,2,369,1,1.0,0.6846720593651577
train,2015-416,2,369,2,0.0,0.33812642188745917
train,2015-416,2,369,3,1.0,0.5722370381065656
train,2015-416,2,369,4,0.0,0.5436554500228129
train,2015-416,2,369,5,1.0,0.2230138050184262
train,2015-416,2,369,6,1.0,0.8703636764727123
train,2015-416,2,369,7,0.0,0.22044622066316844
train,2015-416,2,369,8,1.0,0.2748990069509044
train,2015-416,2,369,9,0.0,0.38345927587739453
train,2015-416,2,369,10,1.0,0.9251740870023234
train,2015-416,2,369,11,1.0,0.6472616818567828
train,2015-416,2,369,12,0.0,0.4801877063101139
train,2015-416,2,369,13,1.0,0.738542989486552
train,2015-416,2,369,14,1.0,0.5823647857522002
train,2015-416,2,369,15,0.0,0.2317578601910864
train,2015-416,2,369,16,0.0,0.32647727711002283
train,2015-416,2,369,17,0.0,0.2729998091757075
train,2015-416,2,369,18,1.0,0.7297344268285536
train,2015-416,2,369,19,1.0,0.17861362300796169
train,2015-416,2,369,20,0.0,0.16311607496196498
train,2015-416,2,369,21,1.0,0.7892635353335442
train,2015-416,2,369,22,1.0,0.7079856377974979
train,2015-416,2,369,23,0.0,0.795227242957911
train,2015-416,3,370,0,1.0,0.4274422077727254
train,2015-416,3,370,1,1.0,0.3579105856993833
train,2015-416,3,370,2,1.0,0.8883439804555795
train,2015-416,3,370,3,1.0,0.9350733259185416
train,2015-416,3,370,4,0.0,0.7909077601952733
train,2015-416,3,370,5,0.0,0.7205719623897875
train,2015-416,3,370,6,1.0,0.7215563745121076
train,2015-416,3,370,7,1.0,0.7049604872446029
train,2015-416,3,370,8,0.0,0.5704220632277086
train,2015-416,3,370,9,1.0,0.878354864452652
train,2015-416,3,370,10,1.0,0.7131043294528323
train,2015-416,3,370,11,0.0,0.18808965194669697
train,2015-416,3,370,12,0.0,0.666076843880531
train,2015-416,3,370,13,1.0,0.23028573514211534
train,2015-416,3,370,14,0.0,0.16010181377775992
train,2015-416,3,370,15,1.0,0.8911314102425367
train,2015-416,4,371,0,0.0,0.0772427574848641
train,2015-416,4,371,1,0.0,0.21023970301988612
train,2015-416,4,371,2,0.0,0.8487465493953563
train,2015-416,4,371,3,0.0,0.1950002257681257
train,2015-416,4,371,4,0.0,0.21785490062085633
train,2015-416,4,371,5,1.0,0.8293359433463303
train,2015-416,4,371,6,1.0,0.7646631072597996
train,2015-416,4,371,7,0.0,0.21154609850111736
train,2015-416,5,372,0,0.0,0.1724936094980332
train,2015-416,5,372,1,1.0,0.8208628340665113
train,2015-416,5,372,2,0.0,0.7973243649903567
train,2015-416,5,372,3,0.0,0.4523214868493721
train,2015-416,6,373,0,1.0,0.7572995183901391
train,2015-416,6,373,1,1.0,0.6575175850410069
train,2015-416,7,374,0,1.0,0.7023872084632817
train,2015-421,2,389,0,0.0,0.23681138014279962
train,2015-421,2,389,1,1.0,0.5462124841790953
train,2015-421,2,389,2,1.0,0.5488851034470709
train,2015-421,2,389,3,0.0,0.38658316736824
train,2015-421,2,389,4,1.0,0.2794451050630987
train,2015-421,2,389,5,0.0,0.49389301050335616
train,2015-421,2,389,6,0.0,0.3619078474051249
train,2015-421,2,389,7,1.0,0.49566804025487987
train,2015-421,2,389,8,0.0,0.20327250354818324
train,2015-421,2,389,9,1.0,0.7587804316393615
train,2015-421,2,389,10,0.0,0.19752906780460885
train,2015-421,2,389,11,0.0,0.599133380781645
train,2015-421,2,389,12,1.0,0.40394724489629863
train,2015-421,2,389,13,1.0,0.5809169591977337
train,2015-421,2,389,14,1.0,0.7250889030491146
train,2015-421,2,389,15,1.0,0.4867265006361057
train,2015-421,2,389,16,1.0,0.6665910443586788
train,2015-421,2,389,17,0.0,0.16890819797982937
train,2015-421,2,389,18,1.0,0.718355181793818
train,2015-421,2,389,19,0.0,0.32200942874455407
train,2015-421,2,389,20,1.0,0.5805715903979982
train,2015-421,2,389,21,0.0,0.4320901290687003
train,2015-421,2,389,22,1.0,0.6635308865180859
train,2015-421,2,389,23,1.0,0.6601462596774503
train,2015-421,3,390,0,0.0,0.19613245874688928
train,2015-421,3,390,1,1.0,0.20805948444274655
train,2015-421,3,390,2,0.0,0.3497215609467294
train,2015-421,3,390,3,1.0,0.33559578485660946
train,2015-421,3,390,4,0.0,0.20497820017878132
train,2015-421,3,390,5,0.0,0.09971601779462563
train,2015-421,3,390,6,0.0,0.6958548110940629
train,2015-421,3,390,7,1.0,0.19958448056152053
train,2015-421,3,390,8,1.0,0.5532115889298751
train,2015-421,3,390,9,1.0,0.496792127958884
train,2015-421,3,390,10,1.0,0.737241154947113
train,2015-421,3,390,11,1.0,0.2176131454982546
train,2015-421,3,390,12,0.0,0.4275986605856244
train,2015-421,3,390,13,0.0,0.8523465930749766
train,2015-421,3,390,14,0.0,0.06831134527271789
train,2015-421,3,390,15,1.0,0.34394978085267885
train,2015-421,4,391,0,1.0,0.902804967565185
train,2015-421,4,391,1,0.0,0.38246845785979183
train,2015-421,4,391,2,1.0,0.6283713823728523
train,2015-421,4,391,3,1.0,0.8558349910459544
train,2015-421,4,391,4,1.0,0.7342058776545275
train,2015-421,4,391,5,0.0,0.27968119934751445
train,2015-421,4,391,6,0.0,0.1165296293254841
train,2015-421,4,391,7,1.0,0.6990585816903522
train,2015-421,5,392,0,1.0,0.3353458353144828
train,2015-421,5,392,1,1.0,0.9006029937225739
train,2015-421,5,392,2,1.0,0.2772776469288173
train,2015-421,5,392,3,0.0,0.2746597771284661
train,2015-421,6,393,0,1.0,0.8933958081021948
train,2015-421,6,393,1,0.0,0.29583490437198395
train,2015-421,7,394,0,1.0,0.29364465505896575
train,2015-422,2,395,0,1.0,0.28420915251712286
train,2015-422,2,395,1,0.0,0.40640796113979255
train,2015-422,2,395,2,1.0,0.30668147619583663
train,2015-422,2,395,3,0.0,0.7181484728489151
train,2015-422,2,395,4,1.0,0.41510108040173677
train,2015-422,2,395,5,0.0,0.3753303755741945
train,2015-422,2,395,6,1.0,0.6833138905495252
train,2015-422,2,395,7,1.0,0.22856277378877637
train,2015-422,2,395,8,0.0,0.708953234750405
train,2015-422,2,395,9,1.0,0.708988239461551
train,2015-422,2,395,10,1.0,0.5613063191610133
train,2015-422,2,395,11,0.0,0.7169694939850699
train,2015-422,2,395,12,0.0,0.3806954790097015
train,2015-422,2,395,13,0.0,0.3313011067006321
train,2015-422,2,395,14,0.0,0.6719350356786273
train,2015-422,2,395,15,0.0,0.22917404400701183
train,2015-422,2,395,16,0.0,0.1417860810611712
train,2015-422,2,395,17,0.0,0.35073898113676133
train,2015-422,2,395,18,1.0,0.534410133861913
train,2015-422,2,395,19,1.0,0.8183876303445775
train,2015-422,2,395,20,0.0,0.6624194313113119
train,2015-422,2,395,21,0.0,0.2705298237338787
train,2015-422,2,395,22,1.0,0.7080012475853091
train,2015-422,2,395,23,1.0,0.3179575017285708
train,2015-422,3,396,0,1.0,0.8104967392980315
train,2015-422,3,396,1,0.0,0.38037834054065883
train,2015-422,3,396,2,0.0,0.38665916681397433
train,2015-422,3,396,3,1.0,0.8297794225011175
train,2015-422,3,396,4,0.0,0.22425581204245734
train,2015-422,3,396,5,0.0,0.30631908221659976
train,2015-422,3,396,6,0.0,0.23924316385362582
train,2015-422,3,396,7,1.0,0.8442379031330586
train,2015-422,3,396,8,0.0,0.3995255311646097
train,2015-422,3,396,9,0.0,0.09663852866818486
train,2015-422,3,396,10,0.0,0.2083528962441717
train,2015-422,3,396,11,1.0,0.4920804620473178
train,2015-422,3,396,12,0.0,0.46089798100753354
train,2015-422,3,396,13,0.0,0.14728278272976217
train,2015-422,3,396,14,1.0,0.4443213551125274
train,2015-422,3,396,15,1.0,0.9139063181961552
train,2015-422,4,397,0,0.0,0.1011858713275488
train,2015-422,4,397,1,0.0,0.21296254356458708
train,2015-422,4,397,2,1.0,0.7530463375577432
train,2015-422,4,397,3,1.0,0.5531244690491908
train,2015-422,4,397,4,1.0,0.7964818552122599
train,2015-422,4,397,5,0.0,0.8131558371231268
train,2015-422,4,397,6,0.0,0.20392676664990594
train,2015-422,4,397,7,1.0,0.554565143049664
train,2015-422,5,398,0,1.0,0.8170426296521058
train,2015-422,5,398,1,1.0,0.21632287782608464
train,2015-422,5,398,2,1.0,0.785329445584313
train,2015-422,5,398,3,0.0,0.1932842356870817
train,2015-422,6,399,0,0.0,0.10801688699515626
train,2015-422,6,399,1,1.0,0.4842433974100569
train,2015-422,7,400,0,1.0,0.30667574154875266
train,2015-5014,2,408,0,1.0,0.783456456912023
train,2015-5014,2,408,1,1.0,0.5958879756851472
train,2015-5014,2,408,2,0.0,0.20865108654738315
train,2015-5014,2,408,3,0.0,0.39281326508287007
train,2015-5014,2,408,4,1.0,0.49867108574522334
train,2015-5014,2,408,5,0.0,0.6309244904695234
train,2015-5014,2,408,6,0.0,0.15980257869369693
train,2015-5014,2,408,7,0.0,0.2822545075905312
train,2015-5014,2,408,8,0.0,0.13048517856614025
train,2015-5014,2,408,9,1.0,0.8369777955928224
train,2015-5014,2,408,10,0.0,0.22822066890434886
train,2015-5014,2,408,11,0.0,0.608071263972737
train,2015-5014,2,408,12,0.0,0.21195749773475692
train,2015-5014,2,408,13,1.0,0.7663010981879002
train,2015-5014,2,408,14,0.0,0.3142710904362605
train,2015-5014,2,408,15,0.0,0.6071730763447699
train,2015-5014,2,408,16,1.0,0.6605570294664083
train,2015-5014,2,408,17,0.0,0.3100741208884296
train,2015-5014,2,408,18,1.0,0.25897366700280117
train,2015-5014,2,408,19,1.0,0.6875689196007743
train,2015-5014,2,408,20,1.0,0.5689758001210031
train,2015-5014,2,408,21,0.0,0.7206405886289738
train,2015-5014,2,408,22,0.0,0.08521454101245735
train,2015-5014,2,408,23,1.0,0.6550309796580667
train,2015-5014,3,409,0,0.0,0.8588590314844614
train,2015-5014,3,409,1,1.0,0.850234113131998
train,2015-5014,3,409,2,1.0,0.6502287897633703
train,2015-5014,3,409,3,0.0,0.2802111308130372
train,2015-5014,3,409,4,0.0,0.37876319811125975
train,2015-5014,3,409,5,0.0,0.23603128293498446
train,2015-5014,3,409,6,0.0,0.24955763017732424
train,2015-5014,3,409,7,0.0,0.35093055978247395
train,2015-5014,3,409,8,1.0,0.643403624746306
train,2015-5014,3,409,9,1.0,0.7930021091812328
train,2015-5014,3,409,10,1.0,0.8386005762007332
train,2015-5014,3,409,11,0.0,0.7111722603416075
train,2015-5014,3,409,12,0.0,0.21244957361689107
train,2015-5014,3,409,13,0.0,0.3452220939505246
train,2015-5014,3,409,14,1.0,0.7151065218296266
train,2015-5014,3,409,15,1.0,0.8735630101045552
train,2015-5014,4,410,0,0.0,0.19671718850661013
train,2015-5014,4,410,1,0.0,0.653346878646818
train,2015-5014,4,410,2,1.0,0.695605085175982
train,2015-5014,4,410,3,1.0,0.6333781127448956
train,2015-5014,4,410,4,1.0,0.6404842348433085
train,2015-5014,4,410,5,1.0,0.44812609854219554
train,2015-5014,4,410,6,1.0,0.7839986276432808
train,2015-5014,4,410,7,1.0,0.6981722100015993
train,2015-5014,5,411,0,0.0,0.4100735076454229
train,2015-5014,5,411,1,1.0,0.832005130682284
train,2015-5014,5,411,2,1.0,0.5978582961948188
train,2015-5014,5,411,3,1.0,0.5889567200366231
train,2015-5014,6,412,0,0.0,0.3395427451490116
train,2015-5014,6,412,1,1.0,0.3642515444999353
train,2015-5014,7,413,0,1.0,0.7679593216422214
train,2015-520,1,375,0,1.0,0.9197584525526803
train,2015-520,1,375,1,1.0,0.15663669191450785
train,2015-520,1,375,2,1.0,0.7217866737201275
train,2015-520,1,375,3,1.0,0.740143514187972
train,2015-520,1,375,4,1.0,0.8403753810558974
train,2015-520,1,375,5,0.0,0.6196261193844506
train,2015-520,1,375,6,1.0,0.7924854264066974
train,2015-520,1,375,7,0.0,0.2538223495248492
train,2015-520,1,375,8,0.0,0.18435665729416822
train,2015-520,1,375,9,0.0,0.43132209702274016
train,2015-520,1,375,10,0.0,0.1481449392082253
train,2015-520,1,375,11,0.0,0.37535615046110843
train,2015-520,1,375,12,1.0,0.5882547414552287
train,2015-520,1,375,13,0.0,0.050426210234910805
train,2015-520,1,375,14,1.0,0.9666156689688071
train,2015-520,1,375,15,0.0,0.49175928113582773
train,2015-520,1,375,16,1.0,0.3966663407033895
train,2015-520,1,375,17,1.0,0.5243804402742116
train,2015-520,1,375,18,1.0,0.826568820102309
train,2015-520,1,375,19,0.0,0.7351766207036035
train,2015-520,1,375,20,1.0,0.48672122018348835
train,2015-520,1,375,21,1.0,0.24021017282729948
train,2015-520,1,375,22,1.0,0.8209066561291627
train,2015-520,1,375,23,1.0,0.6025238337283582
train,2015-520,1,375,24,0.0,0.2777879118728445
train,2015-520,1,375,25,0.0,0.1049597236724561
train,2015-520,1,375,26,1.0,0.7410040310953321
train,2015-520,1,375,27,1.0,0.7170751329402494
train,2015-520,1,375,28,1.0,0.5254238349049749
train,2015-520,1,375,29,1.0,0.9238641447703101
train,2015-520,1,375,30,0.0,0.19671225893393832
train,2015-520,1,375,31,0.0,0.28117065571017685
train,2015-520,1,375,32,1.0,0.7462248682205532
train,2015-520,1,375,33,0.0,0.7561826611909208
train,2015-520,1,375,34,1.0,0.8813684729825798
train,2015-520,1,375,35,0.0,0.5568521508922756
train,2015-520,1,375,36,0.0,0.28908154369693273
train,2015-520,1,375,37,0.0,0.07397838264244815
train,2015-520,1,375,38,0.0,0.6819774433125705
train,2015-520,1,375,39,0.0,0.18988003236975898
train,2015-520,1,375,40,1.0,0.8174394595009435
train,2015-520,1,375,41,1.0,0.8074688433204761
train,2015-520,1,375,42,1.0,0.7221097438542033
train,2015-520,1,375,43,0.0,0.2526102063101399
train,2015-520,1,375,44,0.0,0.6802824181606931
train,2015-520,1,375,45,0.0,0.31139440800505397
train,2015-520,1,375,46,0.0,0.26020676702059453
train,2015-520,1,375,47,1.0,0.8988955310831638
train,2015-520,1,375,48,0.0,0.05692350074245086
train,2015-520,1,375,49,0.0,0.4687602406787757
train,2015-520,1,375,50,1.0,0.8365201267661575
train,2015-520,1,375,51,1.0,0.895460637913169
train,2015-520,1,375,52,1.0,0.581736550637262
train,2015-520,1,375,53,1.0,0.7090982637455758
train,2015-520,1,375,54,0.0,0.08319554029996278
train,2015-520,1,375,55,0.0,0.26059650813061147
train,2015-520,1,375,56,0.0,0.10535214615184985
train,2015-520,1,375,57,1.0,0.7952200377257912
train,2015-520,1,375,58,0.0,0.18724975994648727
train,2015-520,1,375,59,0.0,0.07798991933403764
train,2015-520,1,375,60,1.0,0.29045599314838894
train,2015-520,1,375,61,0.0,0.6050966909016611
train,2015-520,1,375,62,1.0,0.8924234109391467
train,2015-520,1,375,63,1.0,0.2411133476561756
train,2015-520,2,376,0,1.0,0.2276299388702267
train,2015-520,2,376,1,1.0,0.246175216756667
train,2015-520,2,376,2,0.0,0.7284900758002719
train,2015-520,2,376,3,1.0,0.8677244108274607
train,2015-520,2,376,4,1.0,0.20038285632116698
train,2015-520,2,376,5,1.0,0.3251725007623513
train,2015-520,2,376,6,1.0,0.33471776739550396
train,2015-520,2,376,7,1.0,0.8423976295704806
train,2015-520,2,376,8,1.0,0.5193415070755999
train,2015-520,2,376,9,0.0,0.7711200977388991
train,2015-520,2,376,10,1.0,0.7489067786841437
train,2015-520,2,376,11,0.0,0.1908943170215239
train,2015-520,2,376,12,1.0,0.8436390582227717
train,2015-520,2,376,13,0.0,0.11295941188600006
train,2015-520,2,376,14,0.0,0.18098311184097068
train,2015-520,2,376,15,1.0,0.5666071213022787
train,2015-520,2,376,16,1.0,0.8609886023628873
train,2015-520,2,376,17,0.0,0.7000192153156974
train,2015-520,2,376,18,1.0,0.6315485109464012
train,2015-520,2,376,19,0.0,0.18166494924167176
train,2015-520,2,376,20,1.0,0.8831046516091609
train,2015-520,2,376,21,1.0,0.8868186867876777
train,2015-520,2,376,22,0.0,0.6290194848438021
train,2015-520,2,376,23,0.0,0.804966487829177
train,2015-520,2,376,24,1.0,0.7122601671262743
train,2015-520,2,376,25,0.0,0.25201305902869403
train,2015-520,2,376,26,0.0,0.7180000589627964
train,2015-520,2,376,27,1.0,0.34167098178790634
train,2015-520,2,376,28,1.0,0.46197596133138746
train,2015-520,2,376,29,1.0,0.8579541222003813
train,2015-520,2,376,30,1.0,0.9495993981239378
train,2015-520,2,376,31,0.0,0.14577473001982716
train,2015-520,3,377,0,1.0,0.8073337840088111
train,2015-520,3,377,1,1.0,0.5602515347789331
train,2015-520,3,377,2,0.0,0.08403295579866663
train,2015-520,3,377,3,0.0,0.20281998193107137
train,2015-520,3,377,4,0.0,0.16293039450237978
train,2015-520,3,377,5,0.0,0.18197025910588593
train,2015-520,3,377,6,1.0,0.8220603248437105
train,2015-520,3,377,7,0.0,0.5602721118402918
train,2015-520,3,377,8,1.0,0.8566002212128673
train,2015-520,3,377,9,1.0,0.8459723563424819
train,2015-520,3,377,10,1.0,0.6923264838919044
train,2015-520,3,377,11,0.0,0.42191437342584054
train,2015-520,3,377,12,0.0,0.1500755233545338
train,2015-520,3,377,13,1.0,0.9239585953431757
train,2015-520,3,377,14,0.0,0.2705573811542128
train,2015-520,3,377,15,0.0,0.06291950605214419
train,2015-520,4,378,0,1.0,0.7809869532236723
train,2015-520,4,378,1,0.0,0.32401085658514456
train,2015-520,4,378,2,1.0,0.39394361546333323
train,2015-520,4,378,3,0.0,0.19351592796952402
train,2015-520,4,378,4,1.0,0.719654710805778
train,2015-520,4,378,5,1.0,0.8195497131367205
train,2015-520,4,378,6,1.0,0.890729714141504
train,2015-520,4,378,7,1.0,0.8757581158388206
train,2015-520,5,379,0,0.0,0.6632804683751655
train,2015-520,5,379,1,1.0,0.516577168237526
train,2015-520,5,379,2,1.0,0.5484534210331758
train,2015-520,5,379,3,0.0,0.4077959782908463
train,2015-520,6,380,0,0.0,0.45590525312368446
train,2015-520,6,380,1,0.0,0.250600445597098
train,2015-520,7,381,0,1.0,0.18480567384454194
train,2015-540,1,382,0,1.0,0.4892542949781135
train,2015-540,1,382,1,1.0,0.6353057078542935
train,2015-540,1,382,2,0.0,0.1572128286678368
train,2015-540,1,382,3,0.0,0.23618564448744345
train,2015-540,1,382,4,0.0,0.3760580986179686
train,2015-540,1,382,5,0.0,0.1323904553270067
train,2015-540,1,382,6,1.0,0.9215961248363286
train,2015-540,1,382,7,0.0,0.7532007727289295
train,2015-540,1,382,8,1.0,0.6153078952440239
train,2015-540,1,382,9,1.0,0.10981389670075435
train,2015-540,1,382,10,1.0,0.6659275776852605
train,2015-540,1,382,11,1.0,0.7545181113687282
train,2015-540,1,382,12,0.0,0.6514704537616703
train,2015-540,1,382,13,1.0,0.8730502592020688
train,2015-540,1,382,14,0.0,0.20706132729205057
train,2015-540,1,382,15,0.0,0.20890795233983322
train,2015-540,1,382,16,0.0,0.18374543196114107
train,2015-540,1,382,17,0.0,0.5180159189395572
train,2015-540,1,382,18,1.0,0.8422693087986999
train,2015-540,1,382,19,1.0,0.44009730772137645
train,2015-540,1,382,20,1.0,0.3233078928759789
train,2015-540,1,382,21,1.0,0.8993342399531948
train,2015-540,1,382,22,0.0,0.1804848451364364
train,2015-540,1,382,23,1.0,0.18064444994218878
train,2015-540,1,382,24,1.0,0.6596089169651174
train,2015-540,1,382,25,1.0,0.7368907378364931
train,2015-540,1,382,26,1.0,0.7484821557143782
train,2015-540,1,382,27,0.0,0.5105286558237053
train,2015-540,1,382,28,1.0,0.517499066004363
train,2015-540,1,382,29,0.0,0.1113380581872222
train,2015-540,1,382,30,0.0,0.6933692746747306
train,2015-540,1,382,31,0.0,0.2826841353148177
train,2015-540,1,382,32,1.0,0.6257822588911375
train,2015-540,1,382,33,0.0,0.1383566329831614
train,2015-540,1,382,34,1.0,0.5164928050248357
train,2015-540,1,382,35,1.0,0.26266660584760776
train,2015-540,1,382,36,0.0,0.16113340456903089
train,2015-540,1,382,37,0.0,0.6077060140280469
train,2015-540,1,382,38,1.0,0.4964227931173901
train,2015-540,1,382,39,0.0,0.21282042173761678
train,2015-540,1,382,40,1.0,0.654011789206226
train,2015-540,1,382,41,0.0,0.26791051371658403
train,2015-540,1,382,42,0.0,0.2284372708072636
train,2015-540,1,382,43,0.0,0.19671066813557428
train,2015-540,1,382,44,0.0,0.5693803313817363
train,2015-540,1,382,45,0.0,0.6159400639821241
train,2015-540,1,382,46,0.0,0.3430317536200878
train,2015-540,1,382,47,0.0,0.25909969512285536
train,2015-540,1,382,48,0.0,0.3187917856662419
train,2015-540,1,382,49,1.0,0.5643022991375235
train,2015-540,1,382,50,0.0,0.13096509769112505
train,2015-540,1,382,51,1.0,0.6637942773214724
train,2015-540,1,382,52,0.0,0.2437404671406491
train,2015-540,1,382,53,1.0,0.7385570290396164
train,2015-540,1,382,54,1.0,0.20851118227438534
train,2015-540,1,382,55,0.0,0.689317960294745
train,2015-540,1,382,56,1.0,0.7421962239518439
train,2015-540,1,382,57,1.0,0.814746753027343
train,2015-540,1,382,58,0.0,0.6584059079023729
train,2015-540,1,382,59,1.0,0.8497171564974411
train,2015-540,1,382,60,1.0,0.6905487727576857
train,2015-540,1,382,61,1.0,0.8026700143475034
train,2015-540,1,382,62,1.0,0.27653218738762503
train,2015-540,1,382,63,1.0,0.8823810224667
train,2015-540,2,383,0,1.0,0.10562125015478734
train,2015-540,2,383,1,1.0,0.8030093786881756
train,2015-540,2,383,2,1.0,0.24204715549451203
train,2015-540,2,383,3,1.0,0.7097800788702484
train,2015-540,2,383,4,0.0,0.1120193726372327
train,2015-540,2,383,5,0.0,0.7691779346627049
train,2015-540,2,383,6,1.0,0.34284163534578205
train,2015-540,2,383,7,1.0,0.696064929246669
train,2015-540,2,383,8,0.0,0.2433388252600642
train,2015-540,2,383,9,0.0,0.265485525623795
train,2015-540,2,383,10,1.0,0.6315441438384347
train,2015-540,2,383,11,1.0,0.837068300274717
train,2015-540,2,383,12,1.0,0.30793293556121165
train,2015-540,2,383,13,0.0,0.5377220565985518
train,2015-540,2,383,14,0.0,0.28978029536470684
train,2015-540,2,383,15,0.0,0.4930065764629229
train,2015-540,2,383,16,1.0,0.796823393204153
train,2015-540,2,383,17,1.0,0.79074007377337
train,2015-540,2,383,18,1.0,0.6830323899244521
train,2015-540,2,383,19,1.0,0.5513932411275366
train,2015-540,2,383,20,1.0,0.6752861886643448
train,2015-540,2,383,21,0.0,0.13955971194709732
train,2015-540,2,383,22,1.0,0.22415963148348728
train,2015-540,2,383,23,0.0,0.1916064912065883
train,2015-540,2,383,24,1.0,0.8533818070252988
train,2015-540,2,383,25,1.0,0.81324557373413
train,2015-540,2,383,26,0.0,0.40292578184882505
train,2015-540,2,383,27,0.0,0.6778842356736072
train,2015-540,2,383,28,1.0,0.4604569943963624
train,2015-540,2,383,29,0.0,0.235148198155955
train,2015-540,2,383,30,1.0,0.8501777626541148
train,2015-540,2,383,31,1.0,0.9109660528842991
train,2015-540,3,384,0,1.0,0.19763040985519234
train,2015-540,3,384,1,1.0,0.8927728321075012
train,2015-540,3,384,2,0.0,0.10889514419034764
train,2015-540,3,384,3,1.0,0.7460161813217058
train,2015-540,3,384,4,0.0,0.5643504083984248
train,2015-540,3,384,5,0.0,0.1657250759855257
train,2015-540,3,384,6,1.0,0.8440632378676459
train,2015-540,3,384,7,1.0,0.6665688491762094
train,2015-540,3,384,8,1.0,0.6644593471806436
train,2015-540,3,384,9,0.0,0.6998400377472962
train,2015-540,3,384,10,0.0,0.5772207148642005
train,2015-540,3,384,11,0.0,0.36576551525025464
train,2015-540,3,384,12,1.0,0.7461807106243382
train,2015-540,3,384,13,1.0,0.312889489813103
train,2015-540,3,384,14,0.0,0.5313715122577015
train,2015-540,3,384,15,1.0,0.5800766141577641
train,2015-540,4,385,0,0.0,0.19448121539669647
train,2015-540,4,385,1,1.0,0.3044672375452084
train,2015-540,4,385,2,1.0,0.875166024181804
train,2015-540,4,385,3,0.0,0.5585988859771235
train,2015-540,4,385,4,1.0,0.6394656528069097
train,2015-540,4,385,5,0.0,0.21750518041414849
train,2015-540,4,385,6,1.0,0.8064448282589907
train,2015-540,4,385,7,0.0,0.13718791230093044
train,2015-540,5,386,0,0.0,0.20962504117652106
train,2015-540,5,386,1,0.0,0.13699982959573098
train,2015-540,5,386,2,0.0,0.6725947501439857
train,2015-540,5,386,3,0.0,0.15144123162704337
train,2015-540,6,387,0,0.0,0.474259051489274
train,2015-540,6,387,1,1.0,0.8477807893204875
train,2015-540,7,388,0,1.0,0.6433266704958711
train,2015-560,1,401,0,1.0,0.721781981528222
train,2015-560,1,401,1,0.0,0.7040271673213202
train,2015-560,1,401,2,0.0,0.12018831555027222
train,2015-560,1,401,3,0.0,0.1590280301644285
train,2015-560,1,401,4,1.0,0.4268184043337235
train,2015-560,1,401,5,0.0,0.45473945574112457
train,2015-560,1,401,6,1.0,0.8981152170958532
train,2015-560,1,401,7,0.0,0.8955211694117883
train,2015-560,1,401,8,0.0,0.28194636717172705
train,2015-560,1,401,9,1.0,0.7152276296958503
train,2015-560,1,401,10,0.0,0.22015739278359348
train,2015-560,1,401,11,1.0,0.8259577028458648
train,2015-560,1,401,12,0.0,0.783209799712183
train,2015-560,1,401,13,1.0,0.21660343259953296
train,2015-560,1,401,14,1.0,0.2097202347412688
train,2015-560,1,401,15,1.0,0.9106845848165243
train,2015-560,1,401,16,1.0,0.8781597282359112
train,2015-560,1,401,17,1.0,0.5383462523699102
train,2015-560,1,401,18,1.0,0.6224374467685801
train,2015-560,1,401,19,0.0,0.1332844301340753
train,2015-560,1,401,20,1.0,0.79587546803408
train,2015-560,1,401,21,1.0,0.5390799460457825
train,2015-560,1,401,22,0.0,0.1663186217280621
train,2015-560,1,401,23,0.0,0.2913193611355604
train,2015-560,1,401,24,1.0,0.3330944767172866
train,2015-560,1,401,25,1.0,0.23731381255984524
train,2015-560,1,401,26,0.0,0.13594886690102184
train,2015-560,1,401,27,0.0,0.13333111393579486
train,2015-560,1,401,28,1.0,0.4822261165169772
train,2015-560,1,401,29,0.0,0.7181377431491696
train,2015-560,1,401,30,1.0,0.9817949520661368
train,2015-560,1,401,31,1.0,0.5311270701671787
train,2015-560,1,401,32,0.0,0.6165643632195265
train,2015-560,1,401,33,0.0,0.38170140163419747
train,2015-560,1,401,34,0.0,0.16742408743276313
train,2015-560,1,401,35,1.0,0.9607703838426398
train,2015-560,1,401,36,1.0,0.7890349940307293
train,2015-560,1,401,37,1.0,0.8077645890226341
train,2015-560,1,401,38,1.0,0.7423665094094433
train,2015-560,1,401,39,1.0,0.5608806219662391
train,2015-560,1,401,40,0.0,0.11890964834440752
train,2015-560,1,401,41,0.0,0.18849884690837057
train,2015-560,1,401,42,0.0,0.19735664194750613
train,2015-560,1,401,43,1.0,0.7157500619413628
train,2015-560,1,401,44,1.0,0.8000863573389183
train,2015-560,1,401,45,0.0,0.3641074757639981
train,2015-560,1,401,46,1.0,0.23769523405448378
train,2015-560,1,401,47,0.0,0.28925849823651284
train,2015-560,1,401,48,1.0,0.9668482524961644
train,2015-560,1,401,49,0.0,0.3188305052303341
train,2015-560,1,401,50,0.0,0.11097779152258046
train,2015-560,1,401,51,0.0,0.678663529263634
train,2015-560,1,401,52,0.0,0.13258920513166994
train,2015-560,1,401,53,0.0,0.7688159121563544
train,2015-560,1,401,54,1.0,0.789448411019133
train,2015-560,1,401,55,0.0,0.1464250764250241
train,2015-560,1,401,56,0.0,0.8040575703956779
train,2015-560,1,401,57,0.0,0.7503149792977095
train,2015-560,1,401,58,1.0,0.3797357633261277
train,2015-560,1,401,59,1.0,0.25636774380944133
train,2015-560,1,401,60,0.0,0.4514867045194034
train,2015-560,1,401,61,0.0,0.3117693083532029
train,2015-560,1,401,62,1.0,0.3061479875725876
train,2015-560,1,401,63,1.0,0.8807444134591459
train,2015-560,2,402,0,1.0,0.76604543538661
train,2015-560,2,402,1,1.0,0.7182372820882612
train,2015-560,2,402,2,1.0,0.8394445972263297
train,2015-560,2,402,3,1.0,0.6389608359452769
train,2015-560,2,402,4,1.0,0.8724440718829297
train,2015-560,2,402,5,0.0,0.7002641020107827
train,2015-560,2,402,6,1.0,0.6705184618779578
train,2015-560,2,402,7,1.0,0.7132083426294522
train,2015-560,2,402,8,1.0,0.8000968734527608
train,2015-560,2,402,9,1.0,0.7193073868581562
train,2015-560,2,402,10,0.0,0.34031150036276553
train,2015-560,2,402,11,0.0,0.15738631208324133
train,2015-560,2,402,12,1.0,0.17396668087897654
train,2015-560,2,402,13,1.0,0.6951051032211324
train,2015-560,2,402,14,1.0,0.8807160302350212
train,2015-560,2,402,15,1.0,0.6863985266760212
train,2015-560,2,402,16,1.0,0.2152115192140794
train,2015-560,2,402,17,1.0,0.7943834202553748
train,2015-560,2,402,18,1.0,0.7110589599197243
train,2015-560,2,402,19,0.0,0.20885058853919436
train,2015-560,2,402,20,1.0,0.7863717679686619
train,2015-560,2,402,21,1.0,0.7866061693810084
train,2015-560,2,402,22,1.0,0.9273460283267747
train,2015-560,2,402,23,1.0,0.6142175481360379
train,2015-560,2,402,24,1.0,0.8101697285163385
train,2015-560,2,402,25,1.0,0.7115497590439215
train,2015-560,2,402,26,1.0,0.8055347501038853
train,2015-560,2,402,27,1.0,0.8028087643269174
train,2015-560,2,402,28,0.0,0.11194422734917868
train,2015-560,2,402,29,0.0,0.06321793397091233
train,2015-560,2,402,30,1.0,0.6832742857321953
train,2015-560,2,402,31,1.0,0.9468531242955338
train,2015-560,3,403,0,0.0,0.11715756028333989
train,2015-560,3,403,1,0.0,0.4264763375801891
train,2015-560,3,403,2,1.0,0.8586702670840396
train,2015-560,3,403,3,1.0,0.8126732815049429
train,2015-560,3,403,4,1.0,0.6872167281683557
train,2015-560,3,403,5,0.0,0.16236702122873395
train,2015-560,3,403,6,1.0,0.6880819028005539
train,2015-560,3,403,7,1.0,0.574387636217789
train,2015-560,3,403,8,1.0,0.8977291891749398
train,2015-560,3,403,9,1.0,0.26068225302138404
train,2015-560,3,403,10,1.0,0.7659662612407917
train,2015-560,3,403,11,0.0,0.1751745554202902
train,2015-560,3,403,12,0.0,0.6746239812109952
train,2015-560,3,403,13,1.0,0.1409867610323018
train,2015-560,3,403,14,1.0,0.3490164496554551
train,2015-560,3,403,15,0.0,0.09364919837059252
train,2015-560,4,404,0,1.0,0.8042180296977738
train,2015-560,4,404,1,1.0,0.2977036293509674
train,2015-560,4,404,2,1.0,0.1964354492729969
train,2015-560,4,404,3,0.0,0.18231924686319484
train,2015-560,4,404,4,0.0,0.40561175450115555
train,2015-560,4,404,5,0.0,0.2307138690847991
train,2015-560,4,404,6,0.0,0.3444075978087799
train,2015-560,4,404,7,1.0,0.8895272223758222
train,2015-560,5,405,0,1.0,0.8061822652646865
train,2015-560,5,405,1,1.0,0.6695312929111752
train,2015-560,5,405,2,0.0,0.6432550138335607
train,2015-560,5,405,3,0.0,0.12262466428918972
train,2015-560,6,406,0,1.0,0.7341392937658292
train,2015-560,6,406,1,0.0,0.12329680216019595
train,2015-560,7,407,0,1.0,0.6446410587713567
train,2015-580,1,336,0,1.0,0.2719157614420671
train,2015-580,1,336,1,0.0,0.7146464045942593
train,2015-580,1,336,2,0.0,0.21170526976684592
train,2015-580,1,336,3,1.0,0.796848524048678
train,2015-580,1,336,4,1.0,0.6562635006669774
train,2015-580,1,336,5,0.0,0.5289006270344091
train,2015-580,1,336,6,0.0,0.12533836537915416
train,2015-580,1,336,7,0.0,0.7513846440614687
train,2015-580,1,336,8,1.0,0.6816409229717614
train,2015-580,1,336,9,0.0,0.6703977310337296
train,2015-580,1,336,10,0.0,0.7853175228939028
train,2015-580,1,336,11,1.0,0.4847629999220277
train,2015-580,1,336,12,1.0,0.7446259056335914
train,2015-580,1,336,13,1.0,0.2285162960961657
train,2015-580,1,336,14,0.0,0.06317380002104628
train,2015-580,1,336,15,1.0,0.9143827342263529
train,2015-580,1,336,16,0.0,0.2618783394281174
train,2015-580,1,336,17,0.0,0.21469737590691984
train,2015-580,1,336,18,0.0,0.7813638328300815
train,2015-580,1,336,19,0.0,0.11804221335864018
train,2015-580,1,336,20,1.0,0.9215335788422349
train,2015-580,1,336,21,0.0,0.29056101164769205
train,2015-580,1,336,22,1.0,0.8470778122097452
train,2015-580,1,336,23,0.0,0.3356097660229213
train,2015-580,1,336,24,0.0,0.5597513751823132
train,2015-580,1,336,25,0.0,0.3146120920224296
train,2015-580,1,336,26,0.0,0.14388542017637004
train,2015-580,1,336,27,1.0,0.8314920488040546
train,2015-580,1,336,28,0.0,0.38019189775072587
train,2015-580,1,336,29,0.0,0.5786562465202696
train,2015-580,1,336,30,0.0,0.04298992556028173
train,2015-580,1,336,31,1.0,0.804442666004911
train,2015-580,1,336,32,1.0,0.8789230122729688
train,2015-580,1,336,33,0.0,0.18251760636415051
train,2015-580,1,336,34,1.0,0.8703432849425693
train,2015-580,1,336,35,0.0,0.315329496967782
train,2015-580,1,336,36,0.0,0.4104896149528608
train,2015-580,1,336,37,0.0,0.20860235122969178
train,2015-580,1,336,38,1.0,0.8090701665142855
train,2015-580,1,336,39,0.0,0.32356084087980963
train,2015-580,1,336,40,1.0,0.35010511662604765
train,2015-580,1,336,41,1.0,0.8868059367732245
train,2015-580,1,336,42,0.0,0.4446573842223918
train,2015-580,1,336,43,1.0,0.5973548573124782
train,2015-580,1,336,44,1.0,0.6795399768783625
train,2015-580,1,336,45,1.0,0.7294500142681298
train,2015-580,1,336,46,0.0,0.23176901338645384
train,2015-580,1,336,47,0.0,0.2284958094569103
train,2015-580,1,336,48,1.0,0.9481926813573905
train,2015-580,1,336,49,1.0,0.22678783011265458
train,2015-580,1,336,50,0.0,0.26351593698685366
train,2015-580,1,336,51,1.0,0.705231421618134
train,2015-580,1,336,52,0.0,0.13527232405026493
train,2015-580,1,336,53,0.0,0.4244760773034934
train,2015-580,1,336,54,0.0,0.1643189003359546
train,2015-580,1,336,55,0.0,0.21251589706952848
train,2015-580,1,336,56,0.0,0.3721317972568788
train,2015-580,1,336,57,0.0,0.37277376637416265
train,2015-580,1,336,58,1.0,0.8972742492554637
train,2015-580,1,336,59,1.0,0.3445444463430015
train,2015-580,1,336,60,0.0,0.19197719953530026
train,2015-580,1,336,61,1.0,0.6642182101828744
train,2015-580,1,336,62,0.0,0.4836140989422632
train,2015-580,1,336,63,0.0,0.8374933738900248
train,2015-580,2,337,0,0.0,0.46452239647046706
train,2015-580,2,337,1,1.0,0.827144817292139
train,2015-580,2,337,2,1.0,0.8668387968493695
train,2015-580,2,337,3,0.0,0.6454436396638813
train,2015-580,2,337,4,1.0,0.9190611755511764
train,2015-580,2,337,5,0.0,0.4733039768899012
train,2015-580,2,337,6,0.0,0.5930371390266386
train,2015-580,2,337,7,0.0,0.17794451121562166
train,2015-580,2,337,8,0.0,0.5261383934180055
train,2015-580,2,337,9,1.0,0.29385128140098893
train,2015-580,2,337,10,1.0,0.4668730609561434
train,2015-580,2,337,11,0.0,0.13363038489505
train,2015-580,2,337,12,1.0,0.37480178221958743
train,2015-580,2,337,13,1.0,0.6110345255122838
train,2015-580,2,337,14,1.0,0.7352902987149837
train,2015-580,2,337,15,1.0,0.43512120687657646
train,2015-580,2,337,16,0.0,0.29167197172416937
train,2015-580,2,337,17,1.0,0.8780098844807339
train,2015-580,2,337,18,0.0,0.5345924735497869
train,2015-580,2,337,19,1.0,0.6660292669908384
train,2015-580,2,337,20,0.0,0.2892212957907387
train,2015-580,2,337,21,1.0,0.8666899680051159
train,2015-580,2,337,22,0.0,0.15611612263420832
train,2015-580,2,337,23,1.0,0.4444675972598815
train,2015-580,2,337,24,0.0,0.6873813398907294
train,2015-580,2,337,25,1.0,0.7000636739400925
train,2015-580,2,337,26,1.0,0.20732865674206866
train,2015-580,2,337,27,1.0,0.8313202037964268
train,2015-580,2,337,28,0.0,0.1574751239383439
train,2015-580,2,337,29,0.0,0.07670072077164505
train,2015-580,2,337,30,1.0,0.8280715874357162
train,2015-580,2,337,31,1.0,0.9362423626453258
train,2015-580,3,338,0,0.0,0.29703757971293104
train,2015-580,3,338,1,0.0,0.8094067939103632
train,2015-580,3,338,2,1.0,0.1330429036567865
train,2015-580,3,338,3,0.0,0.4375281450538358
train,2015-580,3,338,4,0.0,0.2670763124080543
train,2015-580,3,338,5,0.0,0.11667466782457356
train,2015-580,3,338,6,1.0,0.93066652679926
train,2015-580,3,338,7,1.0,0.4077183684434555
train,2015-580,3,338,8,1.0,0.6659234578096155
train,2015-580,3,338,9,0.0,0.14832871901293232
train,2015-580,3,338,10,1.0,0.7902229882551158
train,2015-580,3,338,11,0.0,0.49781257978909005
train,2015-580,3,338,12,0.0,0.2005279535981785
train,2015-580,3,338,13,0.0,0.15956475690593624
train,2015-580,3,338,14,1.0,0.6237450544633458
train,2015-580,3,338,15,1.0,0.8854637766725766
train,2015-580,4,339,0,1.0,0.3693398573119093
train,2015-580,4,339,1,0.0,0.23924049457059787
train,2015-580,4,339,2,0.0,0.16489147818044492
train,2015-580,4,339,3,1.0,0.8390280109523144
train,2015-580,4,339,4,0.0,0.654090953756628
train,2015-580,4,339,5,1.0,0.8114585816403013
train,2015-580,4,339,6,1.0,0.7100959230373022
train,2015-580,4,339,7,1.0,0.9329215267013939
train,2015-580,5,340,0,0.0,0.14961613651989997
train,2015-580,5,340,1,1.0,0.3465704655199209
train,2015-580,5,340,2,1.0,0.5953335945108537
train,2015-580,5,340,3,0.0,0.18364140028625586
train,2015-580,6,341,0,0.0,0.4694497591941719
train,2015-580,6,341,1,1.0,0.8072881939146819
train,2015-580,7,342,0,1.0,0.7369829357082344
val,2016-0352,2,498,0,0.0,0.6615311154082234
val,2016-0352,2,498,1,0.0,0.29310164625948143
val,2016-0352,2,498,2,1.0,0.7770623600966161
val,2016-0352,2,498,3,0.0,0.26675722595354845
val,2016-0352,2,498,4,0.0,0.5439791076853385
val,2016-0352,2,498,5,1.0,0.36918440870372465
val,2016-0352,2,498,6,1.0,0.35686488459274807
val,2016-0352,2,498,7,1.0,0.6356035564033067
val,2016-0352,2,498,8,0.0,0.30853433103604333
val,2016-0352,2,498,9,1.0,0.724943276858639
val,2016-0352,2,498,10,0.0,0.47805245260160784
val,2016-0352,2,498,11,0.0,0.45617667319022637
val,2016-0352,2,498,12,1.0,0.7907081947713627
val,2016-0352,2,498,13,0.0,0.5163915617213976
val,2016-0352,2,498,14,1.0,0.6731041268323867
val,2016-0352,2,498,15,1.0,0.6787480220829818
val,2016-0352,3,499,0,0.0,0.4908478529509599
val,2016-0352,3,499,1,1.0,0.11682495386401903
val,2016-0352,3,499,2,0.0,0.24583418319229375
val,2016-0352,3,499,3,0.0,0.3061584426311231
val,2016-0352,3,499,4,1.0,0.7655609657634712
val,2016-0352,3,499,5,1.0,0.9329319637647042
val,2016-0352,3,499,6,1.0,0.6501435176712742
val,2016-0352,3,499,7,0.0,0.47028611604647397
val,2016-0352,3,499,8,0.0,0.21436766171083035
val,2016-0352,3,499,9,1.0,0.7971958728543461
val,2016-0352,3,499,10,0.0,0.43894915570800896
val,2016-0352,3,499,11,0.0,0.21159069328924213
val,2016-0352,3,499,12,0.0,0.5094093013716404
val,2016-0352,3,499,13,1.0,0.8245133644128858
val,2016-0352,3,499,14,1.0,0.860635658924392
val,2016-0352,3,499,15,1.0,0.346338380638524
val,2016-0352,4,500,0,1.0,0.8695511709424711
val,2016-0352,4,500,1,1.0,0.6193794383812083
val,2016-0352,4,500,2,1.0,0.8099236369046418
val,2016-0352,4,500,3,1.0,0.45358420416991024
val,2016-0352,4,500,4,1.0,0.8267509947433609
val,2016-0352,4,500,5,1.0,0.5278452456298978
val,2016-0352,4,500,6,0.0,0.13620680131580498
val,2016-0352,4,500,7,0.0,0.5161502853147311
val,2016-0352,5,501,0,1.0,0.7550668320270852
val,2016-0352,5,501,1,0.0,0.46968564861114637
val,2016-0352,5,501,2,1.0,0.583467753632099
val,2016-0352,5,501,3,0.0,0.8600648792121955
val,2016-0352,6,502,0,0.0,0.2628325382443742
val,2016-0352,6,502,1,1.0,0.474802618479657
val,2016-0352,7,503,0,0.0,0.2027056231285411
val,2016-0410,2,441,0,1.0,0.5324881948276983
val,2016-0410,2,441,1,1.0,0.48802231936108303
val,2016-0410,2,441,2,1.0,0.48812589709626936
val,2016-0410,2,441,3,1.0,0.78642874197862
val,2016-0410,2,441,4,0.0,0.0779934406761072
val,2016-0410,2,441,5,0.0,0.34637588861978175
val,2016-0410,2,441,6,0.0,0.24647873277581603
val,2016-0410,2,441,7,1.0,0.8637181651245105
val,2016-0410,2,441,8,0.0,0.2713289314564706
val,2016-0410,2,441,9,0.0,0.22982214322149339
val,2016-0410,2,441,10,0.0,0.7884372129483269
val,2016-0410,2,441,11,1.0,0.2796029717001728
val,2016-0410,2,441,12,1.0,0.47591991103145465
val,2016-0410,2,441,13,0.0,0.2548034133738734
val,2016-0410,2,441,14,0.0,0.5149583299982968
val,2016-0410,2,441,15,1.0,0.4173042836732415
val,2016-0410,2,441,16,0.0,0.16733050191879012
val,2016-0410,2,441,17,1.0,0.17165385778583575
val,2016-0410,2,441,18,1.0,0.7592969509119187
val,2016-0410,2,441,19,0.0,0.3133992109187575
val,2016-0410,2,441,20,0.0,0.4176801878492396
val,2016-0410,2,441,21,1.0,0.6653334186293024
val,2016-0410,2,441,22,0.0,0.2681138070207776
val,2016-0410,2,441,23,0.0,0.4732731368902405
val,2016-0410,3,442,0,1.0,0.47790516832110835
val,2016-0410,3,442,1,0.0,0.9385613984216656
val,2016-0410,3,442,2,0.0,0.1410340323343006
val,2016-0410,3,442,3,0.0,0.5049542335180357
val,2016-0410,3,442,4,0.0,0.15502015704139066
val,2016-0410,3,442,5,0.0,0.23790645078095024
val,2016-0410,3,442,6,1.0,0.21131521130873787
val,2016-0410,3,442,7,1.0,0.8277046601379858
val,2016-0410,3,442,8,0.0,0.09129812703622386
val,2016-0410,3,442,9,0.0,0.3890129753356705
val,2016-0410,3,442,10,1.0,0.46547946624313047
val,2016-0410,3,442,11,1.0,0.7375768377137406
val,2016-0410,3,442,12,0.0,0.20538915985836553
val,2016-0410,3,442,13,1.0,0.16179938716250034
val,2016-0410,3,442,14,1.0,0.6327941327766909
val,2016-0410,3,442,15,0.0,0.12289476412622859
val,2016-0410,4,443,0,0.0,0.18667151598030232
val,2016-0410,4,443,1,0.0,0.19720762598460295
val,2016-0410,4,443,2,0.0,0.1422518172895724
val,2016-0410,4,443,3,1.0,0.8166061387872833
val,2016-0410,4,443,4,0.0,0.21649171881129817
val,2016-0410,4,443,5,1.0,0.3355749314226676
val,2016-0410,4,443,6,1.0,0.8033784599670403
val,2016-0410,4,443,7,0.0,0.32042064394417613
val,2016-0410,5,444,0,0.0,0.3460731499221829
val,2016-0410,5,444,1,0.0,0.3247051993836797
val,2016-0410,5,444,2,1.0,0.3217138158833841
val,2016-0410,5,444,3,0.0,0.23718284552666394
val,2016-0410,6,445,0,0.0,0.37741632328879055
val,2016-0410,6,445,1,0.0,0.5493161122832866
val,2016-0410,7,446,0,0.0,0.2551560104420687
val,2016-0421,2,473,0,0.0,0.3480028707825007
val,2016-0421,2,473,1,1.0,0.34892987476557236
val,2016-0421,2,473,2,0.0,0.24870891181561952
val,2016-0421,2,473,3,0.0,0.2050984148906
val,2016-0421,2,473,4,1.0,0.3125818710072138
val,2016-0421,2,473,5,1.0,0.6661831125259652
val,2016-0421,2,473,6,0.0,0.7606073237142553
val,2016-0421,2,473,7,1.0,0.8233393014805663
val,2016-0421,2,473,8,1.0,0.11192343422793227
val,2016-0421,2,473,9,1.0,0.9309603893552295
val,2016-0421,2,473,10,0.0,0.24061419729155414
val,2016-0421,2,473,11,1.0,0.7947137234839577
val,2016-0421,2,473,12,0.0,0.65918494298866
val,2016-0421,2,473,13,1.0,0.7739958568096448
val,2016-0421,2,473,14,1.0,0.40995320788916234
val,2016-0421,2,473,15,0.0,0.44042139064068186
val,2016-0421,2,473,16,1.0,0.26320407186201195
val,2016-0421,2,473,17,1.0,0.36831074090692273
val,2016-0421,2,473,18,1.0,0.8382890702986767
val,2016-0421,2,473,19,0.0,0.7554542133742198
val,2016-0421,2,473,20,1.0,0.40224033252970026
val,2016-0421,2,473,21,1.0,0.2759803318735099
val,2016-0421,2,473,22,1.0,0.4992475217622907
val,2016-0421,2,473,23,1.0,0.5111301279376406
val,2016-0421,3,474,0,1.0,0.9369908411337161
val,2016-0421,3,474,1,0.0,0.31066775968367677
val,2016-0421,3,474,2,1.0,0.8271892560962331
val,2016-0421,3,474,3,1.0,0.8326409920973509
val,2016-0421,3,474,4,0.0,0.30543751198688535
val,2016-0421,3,474,5,0.0,0.23613741862863227
val,2016-0421,3,474,6,1.0,0.31583737765398395
val,2016-0421,3,474,7,1.0,0.8403321277106388
val,2016-0421,3,474,8,1.0,0.3982486365859361
val,2016-0421,3,474,9,0.0,0.7816158658339968
val,2016-0421,3,474,10,1.0,0.876638682556793
val,2016-0421,3,474,11,1.0,0.5153635609345432
val,2016-0421,3,474,12,1.0,0.17195906203456768
val,2016-0421,3,474,13,1.0,0.65317745665144
val,2016-0421,3,474,14,1.0,0.7781893095102409
val,2016-0421,3,474,15,1.0,0.8072259244576171
val,2016-0421,4,475,0,0.0,0.268718118310894
val,2016-0421,4,475,1,0.0,0.48035442519761684
val,2016-0421,4,475,2,0.0,0.3221113406593499
val,2016-0421,4,475,3,0.0,0.41744738436113443
val,2016-0421,4,475,4,1.0,0.885228647622718
val,2016-0421,4,475,5,0.0,0.1440712158867832
val,2016-0421,4,475,6,0.0,0.06653117923888177
val,2016-0421,4,475,7,0.0,0.1827125142734511
val,2016-0421,5,476,0,0.0,0.29473650278924834
val,2016-0421,5,476,1,1.0,0.6513597651727746
val,2016-0421,5,476,2,1.0,0.39527498073427275
val,2016-0421,5,476,3,1.0,0.8307699341941107
val,2016-0421,6,477,0,1.0,0.48880196220291816
val,2016-0421,6,477,1,1.0,0.8636360417586861
val,2016-0421,7,478,0,1.0,0.8409759923257296
val,2016-5014,2,492,0,0.0,0.34139970358729105
val,2016-5014,2,492,1,0.0,0.648575977805449
val,2016-5014,2,492,2,0.0,0.5687275178522921
val,2016-5014,2,492,3,1.0,0.7022921219792926
val,2016-5014,2,492,4,1.0,0.8869902284298591
val,2016-5014,2,492,5,0.0,0.522746562102263
val,2016-5014,2,492,6,0.0,0.26600191382008476
val,2016-5014,2,492,7,0.0,0.8187203655758958
val,2016-5014,2,492,8,1.0,0.4054794747909032
val,2016-5014,2,492,9,0.0,0.22797575103560863
val,2016-5014,2,492,10,0.0,0.6622006497704448
val,2016-5014,2,492,11,0.0,0.5060500789021581
val,2016-5014,2,492,12,0.0,0.7494189271436246
val,2016-5014,2,492,13,1.0,0.24501916849348976
val,2016-5014,2,492,14,1.0,0.51805739841586
val,2016-5014,2,492,15,1.0,0.5750642063858133
val,2016-5014,2,492,16,1.0,0.670281812114992
val,2016-5014,2,492,17,0.0,0.5997405152551337
val,2016-5014,2,492,18,0.0,0.3041046684914573
val,2016-5014,2,492,19,1.0,0.5303803141089948
val,2016-5014,2,492,20,1.0,0.41108592348685224
val,2016-5014,2,492,21,0.0,0.4600123070046275
val,2016-5014,2,492,22,0.0,0.1411159152758067
val,2016-5014,2,492,23,1.0,0.534367020550061
val,2016-5014,3,493,0,0.0,0.7496622151816837
val,2016-5014,3,493,1,1.0,0.17517252615693002
val,2016-5014,3,493,2,1.0,0.23844324970513087
val,2016-5014,3,493,3,1.0,0.21828367651400435
val,2016-5014,3,493,4,0.0,0.7371416581701483
val,2016-5014,3,493,5,0.0,0.1553867202503536
val,2016-5014,3,493,6,0.0,0.16098756736718992
val,2016-5014,3,493,7,1.0,0.48142695393075813
val,2016-5014,3,493,8,0.0,0.14587953976007215
val,2016-5014,3,493,9,0.0,0.13810329649238212
val,2016-5014,3,493,10,1.0,0.8107505388197218
val,2016-5014,3,493,11,1.0,0.8229442787138807
val,2016-5014,3,493,12,1.0,0.6637183693953347
val,2016-5014,3,493,13,0.0,0.38275277288836057
val,2016-5014,3,493,14,1.0,0.7247794552636803
val,2016-5014,3,493,15,1.0,0.8105519593463676
val,2016-5014,4,494,0,0.0,0.1848187812060055
val,2016-5014,4,494,1,0.0,0.6654099344110429
val,2016-5014,4,494,2,0.0,0.6896540240278684
val,2016-5014,4,494,3,0.0,0.2337952702465114
val,2016-5014,4,494,4,1.0,0.6904875371147174
val,2016-5014,4,494,5,0.0,0.68716348136308
val,2016-5014,4,494,6,1.0,0.3670726960944886
val,2016-5014,4,494,7,1.0,0.8684322854856897
val,2016-5014,5,495,0,0.0,0.25743733259049095
val,2016-5014,5,495,1,1.0,0.5556928029049221
val,2016-5014,5,495,2,1.0,0.3745017167478472
val,2016-5014,5,495,3,0.0,0.10394006928750885
val,2016-5014,6,496,0,1.0,0.7573922519299376
val,2016-5014,6,496,1,1.0,0.19280784668860382
val,2016-5014,7,497,0,0.0,0.2503497040617895
val,2016-520,1,459,0,0.0,0.09561361758818449
val,2016-520,1,459,1,0.0,0.6007068196892899
val,2016-520,1,459,2,0.0,0.36500971570869006
val,2016-520,1,459,3,1.0,0.27121454743314855
val,2016-520,1,459,4,1.0,0.6933728023533537
val,2016-520,1,459,5,1.0,0.5099576218094476
val,2016-520,1,459,6,0.0,0.10686818726985124
val,2016-520,1,459,7,0.0,0.1698834690618476
val,2016-520,1,459,8,0.0,0.18166603938649908
val,2016-520,1,459,9,0.0,0.37569640430857504
val,2016-520,1,459,10,1.0,0.23917693547292823
val,2016-520,1,459,11,0.0,0.6086152778926992
val,2016-520,1,459,12,1.0,0.7086258655533366
val,2016-520,1,459,13,0.0,0.624423983936901
val,2016-520,1,459,14,0.0,0.05865454955943607
val,2016-520,1,459,15,0.0,0.14915647373407429
val,2016-520,1,459,16,1.0,0.549224720768324
val,2016-520,1,459,17,0.0,0.6542281567752743
val,2016-520,1,459,18,0.0,0.22917608590924746
val,2016-520,1,459,19,1.0,0.907134201836235
val,2016-520,1,459,20,1.0,0.5441818450296123
val,2016-520,1,459,21,0.0,0.30053122428559365
val,2016-520,1,459,22,1.0,0.9028081520808511
val,2016-520,1,459,23,1.0,0.7996930672579527
val,2016-520,1,459,24,1.0,0.28365447364291557
val,2016-520,1,459,25,1.0,0.7519458092084071
val,2016-520,1,459,26,1.0,0.8294589602499544
val,2016-520,1,459,27,0.0,0.34753735478329917
val,2016-520,1,459,28,1.0,0.7531430548978372
val,2016-520,1,459,29,0.0,0.5477576600502221
val,2016-520,1,459,30,1.0,0.9482982767701715
val,2016-520,1,459,31,1.0,0.5012898182078598
val,2016-520,1,459,32,1.0,0.410168627610034
val,2016-520,1,459,33,0.0,0.41012680977837546
val,2016-520,1,459,34,0.0,0.11668814390651713
val,2016-520,1,459,35,1.0,0.8755929027776351
val,2016-520,1,459,36,1.0,0.536672580737353
val,2016-520,1,459,37,1.0,0.8559518949728707
val,2016-520,1,459,38,1.0,0.7668072628184028
val,2016-520,1,459,39,0.0,0.8072356719922413
val,2016-520,1,459,40,1.0,0.7720965596997043
val,2016-520,1,459,41,0.0,0.11389767232341448
val,2016-520,1,459,42,0.0,0.26068369024220645
val,2016-520,1,459,43,0.0,0.629303119419279
val,2016-520,1,459,44,0.0,0.31562998704128686
val,2016-520,1,459,45,1.0,0.8458026848423655
val,2016-520,1,459,46,0.0,0.2529939870643451
val,2016-520,1,459,47,1.0,0.8280369914430897
val,2016-520,1,459,48,0.0,0.658062013190054
val,2016-520,1,459,49,0.0,0.4327113891827086
val,2016-520,1,459,50,1.0,0.6257547609731765
val,2016-520,1,459,51,0.0,0.4340459358431033
val,2016-520,1,459,52,1.0,0.48594100684521
val,2016-520,1,459,53,1.0,0.6834950570967954
val,2016-520,1,459,54,0.0,0.23282785579350054
val,2016-520,1,459,55,1.0,0.4014804120356277
val,2016-520,1,459,56,0.0,0.2456931645970345
val,2016-520,1,459,57,0.0,0.544064401971973
val,2016-520,1,459,58,0.0,0.07402801997083176
val,2016-520,1,459,59,1.0,0.48392626055546195
val,2016-520,1,459,60,1.0,0.8868750737309253
val,2016-520,1,459,61,0.0,0.38254926103627196
val,2016-520,1,459,62,1.0,0.12873256659274104
val,2016-520,1,459,63,0.0,0.7030561636777967
val,2016-520,2,460,0,1.0,0.7462796109506391
val,2016-520,2,460,1,1.0,0.8750862014053402
val,2016-520,2,460,2,0.0,0.4390427555501523
val,2016-520,2,460,3,0.0,0.19070319080464415
val,2016-520,2,460,4,0.0,0.18875505243654156
val,2016-520,2,460,5,0.0,0.6774519060592379
val,2016-520,2,460,6,1.0,0.8094171282540886
val,2016-520,2,460,7,1.0,0.873544833534101
val,2016-520,2,460,8,1.0,0.8449943970222885
val,2016-520,2,460,9,0.0,0.2894103269105751
val,2016-520,2,460,10,1.0,0.7818251008843449
val,2016-520,2,460,11,0.0,0.23938516293515993
val,2016-520,2,460,12,1.0,0.2209751352995703
val,2016-520,2,460,13,0.0,0.14420249131364823
val,2016-520,2,460,14,0.0,0.16688137903347722
val,2016-520,2,460,15,0.0,0.46732004861308424
val,2016-520,2,460,16,1.0,0.8091567602398785
val,2016-520,2,460,17,0.0,0.38288799308373433
val,2016-520,2,460,18,1.0,0.6288985629343349
val,2016-520,2,460,19,1.0,0.6453935929499481
val,2016-520,2,460,20,1.0,0.9292708041572952
val,2016-520,2,460,21,1.0,0.8732383101650937
val,2016-520,2,460,22,0.0,0.2549516473379264
val,2016-520,2,460,23,1.0,0.7722522375342821
val,2016-520,2,460,24,1.0,0.7893150876415169
val,2016-520,2,460,25,0.0,0.09013921465395316
val,2016-520,2,460,26,0.0,0.5946491063028406
val,2016-520,2,460,27,0.0,0.6321549098018718
val,2016-520,2,460,28,0.0,0.1752739940408753
val,2016-520,2,460,29,1.0,0.9511515503473791
val,2016-520,2,460,30,0.0,0.16623283456629487
val,2016-520,2,460,31,1.0,0.5249087715204191
val,2016-520,3,461,0,1.0,0.9431662934862154
val,2016-520,3,461,1,1.0,0.5844214687439057
val,2016-520,3,461,2,0.0,0.23978207520625233
val,2016-520,3,461,3,1.0,0.7653321090934807
val,2016-520,3,461,4,0.0,0.1100894394482165
val,2016-520,3,461,5,1.0,0.7854921243989088
val,2016-520,3,461,6,1.0,0.7235736641266807
val,2016-520,3,461,7,1.0,0.7438317380367987
val,2016-520,3,461,8,1.0,0.25878416320192227
val,2016-520,3,461,9,1.0,0.3725089282158871
val,2016-520,3,461,10,0.0,0.1579802135763944
val,2016-520,3,461,11,0.0,0.7646047268927115
val,2016-520,3,461,12,1.0,0.7553409962550357
val,2016-520,3,461,13,0.0,0.30665728273366966
val,2016-520,3,461,14,1.0,0.11408494664375715
val,2016-520,3,461,15,1.0,0.7951257249345172
val,2016-520,4,462,0,1.0,0.8109380210664141
val,2016-520,4,462,1,1.0,0.40449453291399096
val,2016-520,4,462,2,1.0,0.8053039130224362
val,2016-520,4,462,3,0.0,0.7873209232798764
val,2016-520,4,462,4,1.0,0.6801952188455814
val,2016-520,4,462,5,0.0,0.3376173123497419
val,2016-520,4,462,6,1.0,0.8782926080090063
val,2016-520,4,462,7,0.0,0.5257528368907425
val,2016-520,5,463,0,0.0,0.22127316947468112
val,2016-520,5,463,1,1.0,0.7919245209972015
val,2016-520,5,463,2,1.0,0.4062146734340501
val,2016-520,5,463,3,0.0,0.1657843351826716
val,2016-520,6,464,0,0.0,0.27753941714347397
val,2016-520,6,464,1,0.0,0.10405935992389799
val,2016-520,7,465,0,1.0,0.6858648122816381
val,2016-540,1,466,0,0.0,0.06455904043669923
val,2016-540,1,466,1,1.0,0.7501632507100406
val,2016-540,1,466,2,1.0,0.6056061104932547
val,2016-540,1,466,3,0.0,0.4893272418041867
val,2016-540,1,466,4,0.0,0.2905315237656869
val,2016-540,1,466,5,0.0,0.11832249671509884
val,2016-540,1,466,6,0.0,0.12502322016736483
val,2016-540,1,466,7,1.0,0.8615810058427039
val,2016-540,1,466,8,0.0,0.4017749375548599
val,2016-540,1,466,9,1.0,0.2769966881567313
val,2016-540,1,466,10,1.0,0.8212530447658674
val,2016-540,1,466,11,1.0,0.4666650055912507
val,2016-540,1,466,12,0.0,0.6574104802809294
val,2016-540,1,466,13,1.0,0.9240813336846614
val,2016-540,1,466,14,1.0,0.8451183055451654
val,2016-540,1,466,15,0.0,0.3892638741225046
val,2016-540,1,466,16,0.0,0.38541687293348736
val,2016-540,1,466,17,0.0,0.47240350895817895
val,2016-540,1,466,18,0.0,0.7448656258764381
val,2016-540,1,466,19,1.0,0.7188008444401237
val,2016-540,1,466,20,0.0,0.2919754478497204
val,2016-540,1,466,21,0.0,0.1283061538431352
val,2016-540,1,466,22,0.0,0.1948626772411006
val,2016-540,1,466,23,0.0,0.18849468332610855
val,2016-540,1,466,24,1.0,0.35992988718198077
val,2016-540,1,466,25,1.0,0.35657658536261944
val,2016-540,1,466,26,0.0,0.5232609104645308
val,2016-540,1,466,27,1.0,0.6193964472875957
val,2016-540,1,466,28,1.0,0.7326225214193717
val,2016-540,1,466,29,1.0,0.9485529334528428
val,2016-540,1,466,30,0.0,0.3474670135370153
val,2016-540,1,466,31,0.0,0.6221322468023365
val,2016-540,1,466,32,0.0,0.4765827369118861
val,2016-540,1,466,33,0.0,0.19102043292295912
val,2016-540,1,466,34,0.0,0.3995162952991617
val,2016-540,1,466,35,0.0,0.19793050778994117
val,2016-540,1,466,36,1.0,0.7967333538621341
val,2016-540,1,466,37,0.0,0.2566497407153217
val,2016-540,1,466,38,1.0,0.4332970160730263
val,2016-540,1,466,39,1.0,0.8614270322753879
val,2016-540,1,466,40,1.0,0.7475820437288839
val,2016-540,1,466,41,0.0,0.35461104353644396
val,2016-540,1,466,42,0.0,0.23128594158582555
val,2016-540,1,466,43,0.0,0.17821336523005177
val,2016-540,1,466,44,0.0,0.5943143879224925
val,2016-540,1,466,45,0.0,0.2976750719208517
val,2016-540,1,466,46,1.0,0.8233687303551603
val,2016-540,1,466,47,0.0,0.09245286219268059
val,2016-540,1,466,48,0.0,0.23184919907369972
val,2016-540,1,466,49,0.0,0.7276583545749679
val,2016-540,1,466,50,1.0,0.7604104027676085
val,2016-540,1,466,51,1.0,0.5348592578261002
val,2016-540,1,466,52,0.0,0.28075930596639653
val,2016-540,1,466,53,1.0,0.4203544721310747
val,2016-540,1,466,54,1.0,0.7300598759823919
val,2016-540,1,466,55,1.0,0.7095167392926062
val,2016-540,1,466,56,1.0,0.5365128144860754
val,2016-540,1,466,57,1.0,0.8352915678083316
val,2016-540,1,466,58,0.0,0.15869338218837994
val,2016-540,1,466,59,0.0,0.40063052442329605
val,2016-540,1,466,60,0.0,0.4637534341666765
val,2016-540,1,466,61,1.0,0.5187603292980416
val,2016-540,1,466,62,1.0,0.6872698364692644
val,2016-540,1,466,63,1.0,0.6766650236024591
val,2016-540,2,467,0,1.0,0.6660714809370603
val,2016-540,2,467,1,1.0,0.5856209948592334
val,2016-540,2,467,2,0.0,0.18995749416587773
val,2016-540,2,467,3,0.0,0.2702607442713012
val,2016-540,2,467,4,0.0,0.22603142958782707
val,2016-540,2,467,5,1.0,0.5888541220788369
val,2016-540,2,467,6,1.0,0.7564430648023097
val,2016-540,2,467,7,1.0,0.7599161526145374
val,2016-540,2,467,8,1.0,0.376119859975303
val,2016-540,2,467,9,0.0,0.16450310192182158
val,2016-540,2,467,10,1.0,0.7893220529018989
val,2016-540,2,467,11,0.0,0.2946543143214957
val,2016-540,2,467,12,0.0,0.7937581165995823
val,2016-540,2,467,13,1.0,0.31940911294130037
val,2016-540,2,467,14,1.0,0.559783955716215
val,2016-540,2,467,15,1.0,0.6454696217407735
val,2016-540,2,467,16,1.0,0.24746927014366954
val,2016-540,2,467,17,0.0,0.252063246356981
val,2016-540,2,467,18,0.0,0.4600844238677681
val,2016-540,2,467,19,0.0,0.6137980285433138
val,2016-540,2,467,20,0.0,0.7676542726491625
val,2016-540,2,467,21,1.0,0.7438055205477748
val,2016-540,2,467,22,1.0,0.7027437534108165
val,2016-540,2,467,23,1.0,0.3707799231337789
val,2016-540,2,467,24,1.0,0.7874265230004728
val,2016-540,2,467,25,0.0,0.8051199479562123
val,2016-540,2,467,26,1.0,0.5387660366027804
val,2016-540,2,467,27,1.0,0.595491740295981
val,2016-540,2,467,28,1.0,0.7814040235746196
val,2016-540,2,467,29,1.0,0.8835817732151616
val,2016-540,2,467,30,0.0,0.0845261037892171
val,2016-540,2,467,31,1.0,0.8669735671725914
val,2016-540,3,468,0,1.0,0.3540993604357302
val,2016-540,3,468,1,1.0,0.5842480839832399
val,2016-540,3,468,2,0.0,0.1179272048049635
val,2016-540,3,468,3,0.0,0.45720029443474935
val,2016-540,3,468,4,0.0,0.47141832199154143
val,2016-540,3,468,5,1.0,0.7706771930229672
val,2016-540,3,468,6,1.0,0.4537949902701547
val,2016-540,3,468,7,0.0,0.23124744999859284
val,2016-540,3,468,8,1.0,0.6049980111016304
val,2016-540,3,468,9,1.0,0.7496193181328277
val,2016-540,3,468,10,0.0,0.18569673305362408
val,2016-540,3,468,11,1.0,0.27335848644186134
val,2016-540,3,468,12,1.0,0.8860979749207081
val,2016-540,3,468,13,0.0,0.2472809799195332
val,2016-540,3,468,14,1.0,0.7666420948162181
val,2016-540,3,468,15,1.0,0.08698191844648635
val,2016-540,4,469,0,1.0,0.805856651436424
val,2016-540,4,469,1,0.0,0.48864316424308785
val,2016-540,4,469,2,1.0,0.3938449240942009
val,2016-540,4,469,3,1.0,0.7705883509137768
val,2016-540,4,469,4,0.0,0.5948528755289206
val,2016-540,4,469,5,0.0,0.1381881772662257
val,2016-540,4,469,6,0.0,0.39340012682634506
val,2016-540,4,469,7,1.0,0.5694040397619957
val,2016-540,5,470,0,1.0,0.762672644816719
val,2016-540,5,470,1,0.0,0.23196976856242654
val,2016-540,5,470,2,0.0,0.20545677581473445
val,2016-540,5,470,3,1.0,0.7622354183724339
val,2016-540,6,471,0,0.0,0.2820473926630765
val,2016-540,6,471,1,1.0,0.2937335119023266
val,2016-540,7,472,0,0.0,0.28202406261829593
val,2016-560,1,485,0,0.0,0.10158493097446969
val,2016-560,1,485,1,1.0,0.5055630739122993
val,2016-560,1,485,2,1.0,0.6046137764077835
val,2016-560,1,485,3,0.0,0.35334642702407504
val,2016-560,1,485,4,0.0,0.31934990466460783
val,2016-560,1,485,5,1.0,0.8259389600041714
val,2016-560,1,485,6,1.0,0.712032327691153
val,2016-560,1,485,7,1.0,0.7930611458569665
val,2016-560,1,485,8,1.0,0.4891089995832421
val,2016-560,1,485,9,0.0,0.4831822963782067
val,2016-560,1,485,10,1.0,0.4842493805881888
val,2016-560,1,485,11,0.0,0.3940305561979167
val,2016-560,1,485,12,1.0,0.7087878969215851
val,2016-560,1,485,13,1.0,0.8788620253763104
val,2016-560,1,485,14,1.0,0.936649432614409
val,2016-560,1,485,15,1.0,0.7958282763764397
val,2016-560,1,485,16,1.0,0.8096261389218059
val,2016-560,1,485,17,0.0,0.17893285641446083
val,2016-560,1,485,18,1.0,0.8359230687351693
val,2016-560,1,485,19,0.0,0.20889090424235507
val,2016-560,1,485,20,1.0,0.3321321091968164
val,2016-560,1,485,21,1.0,0.9281870242303041
val,2016-560,1,485,22,1.0,0.13210227272017158
val,2016-560,1,485,23,1.0,0.308784217903074
val,2016-560,1,485,24,0.0,0.3798950360026137
val,2016-560,1,485,25,0.0,0.10611371033233719
val,2016-560,1,485,26,0.0,0.36659077572880955
val,2016-560,1,485,27,0.0,0.4035028062401229
val,2016-560,1,485,28,1.0,0.8180365677135559
val,2016-560,1,485,29,1.0,0.944013209277256
val,2016-560,1,485,30,0.0,0.8414857969043694
val,2016-560,1,485,31,1.0,0.3316235773430543
val,2016-560,1,485,32,1.0,0.7959731372699778
val,2016-560,1,485,33,0.0,0.23735684934967416
val,2016-560,1,485,34,0.0,0.5488370401980781
val,2016-560,1,485,35,0.0,0.2480226406287134
val,2016-560,1,485,36,1.0,0.8696772276948312
val,2016-560,1,485,37,0.0,0.09743181947793692
val,2016-560,1,485,38,1.0,0.6682615360652596
val,2016-560,1,485,39,1.0,0.6898468387046621
val,2016-560,1,485,40,1.0,0.16954055698473217
val,2016-560,1,485,41,0.0,0.20834773021777786
val,2016-560,1,485,42,0.0,0.25191769325361213
val,2016-560,1,485,43,0.0,0.34120250473433505
val,2016-560,1,485,44,1.0,0.9049169488990303
val,2016-560,1,485,45,1.0,0.6828398302397878
val,2016-560,1,485,46,1.0,0.4925601496659938
val,2016-560,1,485,47,0.0,0.12205677254197235
val,2016-560,1,485,48,1.0,0.7445359664880888
val,2016-560,1,485,49,1.0,0.372864104410886
val,2016-560,1,485,50,0.0,0.7812396389036248
val,2016-560,1,485,51,1.0,0.33786791356709234
val,2016-560,1,485,52,0.0,0.751853646935856
val,2016-560,1,485,53,1.0,0.14735734877932619
val,2016-560,1,485,54,0.0,0.21345070754380024
val,2016-560,1,485,55,1.0,0.7200845384340124
val,2016-560,1,485,56,1.0,0.653693610781584
val,2016-560,1,485,57,1.0,0.7826213960142242
val,2016-560,1,485,58,1.0,0.794800433789262
val,2016-560,1,485,59,0.0,0.5878351417879105
val,2016-560,1,485,60,1.0,0.33368120491847936
val,2016-560,1,485,61,1.0,0.22302778248067834
val,2016-560,1,485,62,0.0,0.2651520076150192
val,2016-560,1,485,63,1.0,0.7389005701741247
val,2016-560,2,486,0,0.0,0.6045422356667643
val,2016-560,2,486,1,0.0,0.24190672352781678
val,2016-560,2,486,2,1.0,0.7961993709665828
val,2016-560,2,486,3,0.0,0.6408721743440244
val,2016-560,2,486,4,1.0,0.27413606141699454
val,2016-560,2,486,5,1.0,0.8950928534091839
val,2016-560,2,486,6,1.0,0.26735937745412514
val,2016-560,2,486,7,0.0,0.34297402806630994
val,2016-560,2,486,8,0.0,0.3948009629150259
val,2016-560,2,486,9,0.0,0.6405688140893693
val,2016-560,2,486,10,0.0,0.2777880614820431
val,2016-560,2,486,11,1.0,0.6993795319523264
val,2016-560,2,486,12,0.0,0.10910947577215072
val,2016-560,2,486,13,0.0,0.16838714753528145
val,2016-560,2,486,14,0.0,0.2734820784349813
val,2016-560,2,486,15,0.0,0.5881592711077877
val,2016-560,2,486,16,0.0,0.5569123021013195
val,2016-560,2,486,17,1.0,0.8835446152105616
val,2016-560,2,486,18,0.0,0.22750682846625545
val,2016-560,2,486,19,0.0,0.24689160788754094
val,2016-560,2,486,20,0.0,0.4559270232663628
val,2016-560,2,486,21,1.0,0.8328280977954012
val,2016-560,2,486,22,0.0,0.19071661859005445
val,2016-560,2,486,23,1.0,0.8520783058583073
val,2016-560,2,486,24,1.0,0.17018332879171014
val,2016-560,2,486,25,0.0,0.12100337571706667
val,2016-560,2,486,26,1.0,0.6448850240184639
val,2016-560,2,486,27,0.0,0.14878202694509157
val,2016-560,2,486,28,1.0,0.15112436750819083
val,2016-560,2,486,29,0.0,0.11789296158173057
val,2016-560,2,486,30,0.0,0.2847863061947978
val,2016-560,2,486,31,1.0,0.9389234310813922
val,2016-560,3,487,0,0.0,0.8033046108897643
val,2016-560,3,487,1,1.0,0.1722023230332973
val,2016-560,3,487,2,0.0,0.07238729504706304
val,2016-560,3,487,3,0.0,0.21608666905846083
val,2016-560,3,487,4,1.0,0.681436715398255
val,2016-560,3,487,5,0.0,0.16657365942431582
val,2016-560,3,487,6,0.0,0.12658918463550548
val,2016-560,3,487,7,0.0,0.7674569177996557
val,2016-560,3,487,8,0.0,0.23921445882138326
val,2016-560,3,487,9,1.0,0.4866060465082291
val,2016-560,3,487,10,0.0,0.17941483934314562
val,2016-560,3,487,11,1.0,0.28042233954674023
val,2016-560,3,487,12,1.0,0.8351851986038772
val,2016-560,3,487,13,0.0,0.6867163663152809
val,2016-560,3,487,14,1.0,0.6548675220389629
val,2016-560,3,487,15,0.0,0.07850996615227768
val,2016-560,4,488,0,1.0,0.7835777597022526
val,2016-560,4,488,1,0.0,0.2138755468382241
val,2016-560,4,488,2,0.0,0.13891623551702018
val,2016-560,4,488,3,1.0,0.34413887335200655
val,2016-560,4,488,4,1.0,0.8209574302612267
val,2016-560,4,488,5,1.0,0.1486373348691668
val,2016-560,4,488,6,0.0,0.28871664789505996
val,2016-560,4,488,7,0.0,0.05353882365966719
val,2016-560,5,489,0,1.0,0.2853628973505053
val,2016-560,5,489,1,0.0,0.21289807615751677
val,2016-560,5,489,2,1.0,0.795260939086714
val,2016-560,5,489,3,1.0,0.8554814702339151
val,2016-560,6,490,0,1.0,0.47426870089314166
val,2016-560,6,490,1,1.0,0.847381755509949
val,2016-560,7,491,0,0.0,0.8371102157584783
val,2016-580,1,420,0,0.0,0.06461498188539164
val,2016-580,1,420,1,0.0,0.5874816215200171
val,2016-580,1,420,2,1.0,0.736686040480523
val,2016-580,1,420,3,1.0,0.7391097877130732
val,2016-580,1,420,4,0.0,0.676640617506837
val,2016-580,1,420,5,1.0,0.5717347416406728
val,2016-580,1,420,6,0.0,0.12283698030094621
val,2016-580,1,420,7,0.0,0.26834211177754436
val,2016-580,1,420,8,0.0,0.36104210293616695
val,2016-580,1,420,9,1.0,0.37893347829554935
val,2016-580,1,420,10,0.0,0.4776270309571509
val,2016-580,1,420,11,1.0,0.8586892103197858
val,2016-580,1,420,12,0.0,0.4999879207689467
val,2016-580,1,420,13,1.0,0.8160095537163475
val,2016-580,1,420,14,0.0,0.04815692812931918
val,2016-580,1,420,15,0.0,0.2867163756636588
val,2016-580,1,420,16,1.0,0.6519582114610692
val,2016-580,1,420,17,1.0,0.4392141222560417
val,2016-580,1,420,18,0.0,0.23909023330212373
val,2016-580,1,420,19,1.0,0.3045221571553417
val,2016-580,1,420,20,1.0,0.2780081653389461
val,2016-580,1,420,21,1.0,0.32771228709942823
val,2016-580,1,420,22,0.0,0.15694000232324223
val,2016-580,1,420,23,0.0,0.3196550591332669
val,2016-580,1,420,24,1.0,0.7547829138099184
val,2016-580,1,420,25,0.0,0.7904120843547499
val,2016-580,1,420,26,1.0,0.23723398489062117
val,2016-580,1,420,27,1.0,0.6769935759712999
val,2016-580,1,420,28,1.0,0.4649617221233047
val,2016-580,1,420,29,1.0,0.11704704988925663
val,2016-580,1,420,30,1.0,0.9629565563801926
val,2016-580,1,420,31,0.0,0.2970561487704156
val,2016-580,1,420,32,1.0,0.19837408390391695
val,2016-580,1,420,33,0.0,0.9144928538767767
val,2016-580,1,420,34,1.0,0.14322913181178973
val,2016-580,1,420,35,1.0,0.9627265095754264
val,2016-580,1,420,36,1.0,0.4098080883346134
val,2016-580,1,420,37,0.0,0.7149094575728664
val,2016-580,1,420,38,0.0,0.6090696461712385
val,2016-580,1,420,39,1.0,0.7395817731555469
val,2016-580,1,420,40,1.0,0.7623811695420859
val,2016-580,1,420,41,1.0,0.696990752363584
val,2016-580,1,420,42,0.0,0.646418650416124
val,2016-580,1,420,43,1.0,0.8558198549145306
val,2016-580,1,420,44,0.0,0.3620375038267543
val,2016-580,1,420,45,1.0,0.8534085061893699
val,2016-580,1,420,46,1.0,0.634234989317403
val,2016-580,1,420,47,0.0,0.11099699598732703
val,2016-580,1,420,48,1.0,0.8610804788135603
val,2016-580,1,420,49,1.0,0.7059788493926433
val,2016-580,1,420,50,0.0,0.11601856760701502
val,2016-580,1,420,51,1.0,0.41637865655937023
val,2016-580,1,420,52,1.0,0.7396757424515956
val,2016-580,1,420,53,1.0,0.5188880208879167
val,2016-580,1,420,54,1.0,0.5755001558399685
val,2016-580,1,420,55,0.0,0.07782821973148335
val,2016-580,1,420,56,1.0,0.8169531731386129
val,2016-580,1,420,57,0.0,0.2563278203446998
val,2016-580,1,420,58,0.0,0.14179086021735207
val,2016-580,1,420,59,0.0,0.22084935507590375
val,2016-580,1,420,60,0.0,0.4518572429473878
val,2016-580,1,420,61,0.0,0.13602248077398607
val,2016-580,1,420,62,0.0,0.13519661130515154
val,2016-580,1,420,63,1.0,0.15226524881078854
val,2016-580,2,421,0,1.0,0.3875648636790738
val,2016-580,2,421,1,0.0,0.3689498832243155
val,2016-580,2,421,2,1.0,0.6769194695003353
val,2016-580,2,421,3,0.0,0.3527599556553259
val,2016-580,2,421,4,1.0,0.8004958607139201
val,2016-580,2,421,5,0.0,0.14311711235156374
val,2016-580,2,421,6,1.0,0.3141243827505469
val,2016-580,2,421,7,0.0,0.5571883896631963
val,2016-580,2,421,8,1.0,0.8731429653396334
val,2016-580,2,421,9,1.0,0.7879602602533284
val,2016-580,2,421,10,0.0,0.27740820158977164
val,2016-580,2,421,11,0.0,0.7519908038842664
val,2016-580,2,421,12,0.0,0.1711423715080418
val,2016-580,2,421,13,0.0,0.7555420757409962
val,2016-580,2,421,14,1.0,0.509384102162616
val,2016-580,2,421,15,0.0,0.29676419521767494
val,2016-580,2,421,16,1.0,0.7805042258008503
val,2016-580,2,421,17,0.0,0.25545460133464626
val,2016-580,2,421,18,1.0,0.7977004516038723
val,2016-580,2,421,19,1.0,0.6487675101375852
val,2016-580,2,421,20,0.0,0.1897893882413669
val,2016-580,2,421,21,0.0,0.14545509840230428
val,2016-580,2,421,22,1.0,0.8482227344990482
val,2016-580,2,421,23,0.0,0.26742230260753075
val,2016-580,2,421,24,0.0,0.12147398224777836
val,2016-580,2,421,25,1.0,0.7892813337069646
val,2016-580,2,421,26,0.0,0.5371421082651505
val,2016-580,2,421,27,1.0,0.7801834323316614
val,2016-580,2,421,28,1.0,0.8748596155338714
val,2016-580,2,421,29,0.0,0.08984172622456973
val,2016-580,2,421,30,1.0,0.9632110197870308
val,2016-580,2,421,31,1.0,0.39184971171534944
val,2016-580,3,422,0,0.0,0.3926136156201984
val,2016-580,3,422,1,1.0,0.8044477886594434
val,2016-580,3,422,2,0.0,0.10310126642165993
val,2016-580,3,422,3,0.0,0.207970967569309
val,2016-580,3,422,4,1.0,0.8081032035997762
val,2016-580,3,422,5,0.0,0.18332302912372092
val,2016-580,3,422,6,1.0,0.775540445191016
val,2016-580,3,422,7,0.0,0.22210446245386334
val,2016-580,3,422,8,1.0,0.5843970101844445
val,2016-580,3,422,9,0.0,0.19852989385237668
val,2016-580,3,422,10,1.0,0.4548998841109326
val,2016-580,3,422,11,0.0,0.4470862265403671
val,2016-580,3,422,12,1.0,0.8078453253973394
val,2016-580,3,422,13,1.0,0.7703290240843178
val,2016-580,3,422,14,1.0,0.8641337316448664
val,2016-580,3,422,15,0.0,0.08659842868921766
val,2016-580,4,423,0,0.0,0.1630880144045074
val,2016-580,4,423,1,1.0,0.5512480035119879
val,2016-580,4,423,2,1.0,0.40435471379065957
val,2016-580,4,423,3,1.0,0.7767228443032321
val,2016-580,4,423,4,1.0,0.7386075434021607
val,2016-580,4,423,5,0.0,0.14736785860724033
val,2016-580,4,423,6,0.0,0.5571854342743892
val,2016-580,4,423,7,0.0,0.10806563509478397
val,2016-580,5,424,0,1.0,0.7118621902201601
val,2016-580,5,424,1,1.0,0.6262134892438997
val,2016-580,5,424,2,0.0,0.3192242127766356
val,2016-580,5,424,3,1.0,0.8601139058439435
val,2016-580,6,425,0,0.0,0.2602705091427731
val,2016-580,6,425,1,1.0,0.6909968203249125
val,2016-580,7,426,0,1.0,0.7306545741181599
val,2016-M006,1,427,0,0.0,0.1933568034403681
val,2016-M006,1,427,1,1.0,0.5898198108044868
val,2016-M006,1,427,2,0.0,0.5126652846427286
val,2016-M006,1,427,3,1.0,0.709874107311267
val,2016-M006,1,427,4,1.0,0.7721575716067922
val,2016-M006,1,427,5,1.0,0.6053854935332305
val,2016-M006,1,427,6,1.0,0.5965386248538319
val,2016-M006,1,427,7,0.0,0.31466880436182243
val,2016-M006,1,427,8,1.0,0.3999838881624126
val,2016-M006,1,427,9,0.0,0.6179492957431819
val,2016-M006,1,427,10,0.0,0.45462432061232383
val,2016-M006,1,427,11,1.0,0.675987387560502
val,2016-M006,1,427,12,1.0,0.3269827490251747
val,2016-M006,1,427,13,1.0,0.6042891516005879
val,2016-M006,1,427,14,0.0,0.4120558230097147
val,2016-M006,1,427,15,0.0,0.3811901259550044
val,2016-M006,1,427,16,1.0,0.20752373060673973
val,2016-M006,1,427,17,0.0,0.5417298525105612
val,2016-M006,1,427,18,1.0,0.7259719153923794
val,2016-M006,1,427,19,1.0,0.4030339899533724
val,2016-M006,1,427,20,1.0,0.26242645808464427
val,2016-M006,1,427,21,0.0,0.18216695326730847
val,2016-M006,1,427,22,1.0,0.6539328552029159
val,2016-M006,1,427,23,1.0,0.7222583149946592
val,2016-M006,1,427,24,1.0,0.601357135319744
val,2016-M006,1,427,25,0.0,0.8171161354902714
val,2016-M006,1,427,26,1.0,0.3661354858083393
val,2016-M006,1,427,27,1.0,0.47974105230512293
val,2016-M006,1,427,28,1.0,0.7031405116304518
val,2016-M006,1,427,29,0.0,0.670321571026336
val,2016-M006,1,427,30,1.0,0.21125355244088775
val,2016-M006,1,427,31,0.0,0.7553186242185699
val,2016-M006,2,428,0,1.0,0.6677905949375252
val,2016-M006,2,428,1,1.0,0.9407960186118335
val,2016-M006,2,428,2,0.0,0.2705933911967303
val,2016-M006,2,428,3,0.0,0.3293953116553592
val,2016-M006,2,428,4,1.0,0.16995778090078661
val,2016-M006,2,428,5,0.0,0.24773860173500709
val,2016-M006,2,428,6,0.0,0.29811441752526413
val,2016-M006,2,428,7,1.0,0.8288984394005205
val,2016-M006,2,428,8,0.0,0.17150586711678512
val,2016-M006,2,428,9,0.0,0.3592944696076396
val,2016-M006,2,428,10,1.0,0.6572965702868907
val,2016-M006,2,428,11,0.0,0.49104424304827327
val,2016-M006,2,428,12,1.0,0.6309542563352775
val,2016-M006,2,428,13,1.0,0.8115259624359186
val,2016-M006,2,428,14,0.0,0.23449752790415243
val,2016-M006,2,428,15,0.0,0.21872113088609976
val,2016-M006,2,428,16,0.0,0.2950547132481585
val,2016-M006,2,428,17,0.0,0.4308031374322955
val,2016-M006,2,428,18,0.0,0.32811855669819306
val,2016-M006,2,428,19,1.0,0.7910044083915727
val,2016-M006,2,428,20,0.0,0.16655428352041493
val,2016-M006,2,428,21,0.0,0.5745797900177267
val,2016-M006,2,428,22,0.0,0.6361022091952898
val,2016-M006,2,428,23,1.0,0.8515764221680098
val,2016-M006,2,428,24,1.0,0.4356640070640595
val,2016-M006,2,428,25,1.0,0.7309714169773285
val,2016-M006,2,428,26,1.0,0.8631096235755954
val,2016-M006,2,428,27,1.0,0.7920138208895233
val,2016-M006,2,428,28,0.0,0.21202275374961713
val,2016-M006,2,428,29,0.0,0.5464437736052729
val,2016-M006,2,428,30,1.0,0.8293739726773683
val,2016-M006,2,428,31,1.0,0.3921650207911824
val,2016-M006,3,429,0,0.0,0.26627074059772005
val,2016-M006,3,429,1,1.0,0.7481135044996949
val,2016-M006,3,429,2,0.0,0.3589651767533639
val,2016-M006,3,429,3,1.0,0.6378106546582788
val,2016-M006,3,429,4,1.0,0.7597496066838183
val,2016-M006,3,429,5,1.0,0.7745886449576718
val,2016-M006,3,429,6,0.0,0.7923566285116138
val,2016-M006,3,429,7,1.0,0.7690706079229225
val,2016-M006,3,429,8,0.0,0.4762998791504162
val,2016-M006,3,429,9,1.0,0.1416956200694546
val,2016-M006,3,429,10,1.0,0.809916825181019
val,2016-M006,3,429,11,0.0,0.3136901551611923
val,2016-M006,3,429,12,1.0,0.7200938701412185
val,2016-M006,3,429,13,1.0,0.8501153610402392
val,2016-M006,3,429,14,0.0,0.47723460464671824
val,2016-M006,3,429,15,0.0,0.24139411707339148
val,2016-M006,4,430,0,1.0,0.8116916169515532
val,2016-M006,4,430,1,1.0,0.28392995615647365
val,2016-M006,4,430,2,0.0,0.1544344822467281
val,2016-M006,4,430,3,0.0,0.5082888944499301
val,2016-M006,4,430,4,0.0,0.5815386438490354
val,2016-M006,4,430,5,0.0,0.2976103753026814
val,2016-M006,4,430,6,0.0,0.5362777332377975
val,2016-M006,4,430,7,1.0,0.7737809377729231
val,2016-M006,5,431,0,1.0,0.7742283161944011
val,2016-M006,5,431,1,0.0,0.3668978847494457
val,2016-M006,5,431,2,0.0,0.5934843419134643
val,2016-M006,5,431,3,0.0,0.4079208029997882
val,2016-M006,6,432,0,0.0,0.2756443469255014
val,2016-M006,6,432,1,1.0,0.6833060908295809
val,2016-M006,7,433,0,1.0,0.7692997632415812
val,2016-M007,1,434,0,0.0,0.16943756345750358
val,2016-M007,1,434,1,1.0,0.5604290740066202
val,2016-M007,1,434,2,0.0,0.6044727408158477
val,2016-M007,1,434,3,0.0,0.729466423557074
val,2016-M007,1,434,4,1.0,0.23646428134042072
val,2016-M007,1,434,5,0.0,0.2468183808215602
val,2016-M007,1,434,6,0.0,0.21309408455088927
val,2016-M007,1,434,7,0.0,0.4685902051364696
val,2016-M007,1,434,8,1.0,0.8280317352010005
val,2016-M007,1,434,9,0.0,0.2523884059849062
val,2016-M007,1,434,10,1.0,0.513345782699914
val,2016-M007,1,434,11,0.0,0.6772585632757405
val,2016-M007,1,434,12,1.0,0.5980779523376312
val,2016-M007,1,434,13,0.0,0.26615497907076546
val,2016-M007,1,434,14,0.0,0.3049911810567724
val,2016-M007,1,434,15,0.0,0.7098374375940271
val,2016-M007,1,434,16,0.0,0.502371483376458
val,2016-M007,1,434,17,1.0,0.802928187769242
val,2016-M007,1,434,18,0.0,0.5256075324701496
val,2016-M007,1,434,19,1.0,0.8564556578194352
val,2016-M007,1,434,20,0.0,0.48153384422057943
val,2016-M007,1,434,21,1.0,0.7281917298141243
val,2016-M007,1,434,22,0.0,0.3273263619464109
val,2016-M007,1,434,23,1.0,0.6660880810428965
val,2016-M007,1,434,24,0.0,0.680480776329568
val,2016-M007,1,434,25,0.0,0.26633704842364586
val,2016-M007,1,434,26,1.0,0.4846142057749191
val,2016-M007,1,434,27,1.0,0.5293893078041026
val,2016-M007,1,434,28,0.0,0.29593030954970073
val,2016-M007,1,434,29,0.0,0.48752633643721266
val,2016-M007,1,434,30,1.0,0.7810441345365299
val,2016-M007,1,434,31,1.0,0.532677445307644
val,2016-M007,2,435,0,1.0,0.3821390815738747
val,2016-M007,2,435,1,0.0,0.03732007154069574
val,2016-M007,2,435,2,0.0,0.8411243180199293
val,2016-M007,2,435,3,1.0,0.7231824669692999
val,2016-M007,2,435,4,0.0,0.3280542107670044
val,2016-M007,2,435,5,0.0,0.5766045604888015
val,2016-M007,2,435,6,0.0,0.42759990782517004
val,2016-M007,2,435,7,1.0,0.8496729495589509
val,2016-M007,2,435,8,1.0,0.1937710332209478
val,2016-M007,2,435,9,1.0,0.5242223223420065
val,2016-M007,2,435,10,1.0,0.6875834438180566
val,2016-M007,2,435,11,1.0,0.6632517517097946
val,2016-M007,2,435,12,1.0,0.7740648125106082
val,2016-M007,2,435,13,1.0,0.30866030807733547
val,2016-M007,2,435,14,0.0,0.2561066210859031
val,2016-M007,2,435,15,1.0,0.8630817347684604
val,2016-M007,2,435,16,0.0,0.9143757477409945
val,2016-M007,2,435,17,1.0,0.6613006667562774
val,2016-M007,2,435,18,0.0,0.4770602674035312
val,2016-M007,2,435,19,1.0,0.8578271596452025
val,2016-M007,2,435,20,0.0,0.8242871810701362
val,2016-M007,2,435,21,0.0,0.34757049863833234
val,2016-M007,2,435,22,1.0,0.5493771201622168
val,2016-M007,2,435,23,0.0,0.8033167077856908
val,2016-M007,2,435,24,1.0,0.5333782551689551
val,2016-M007,2,435,25,0.0,0.2062535423018523
val,2016-M007,2,435,26,1.0,0.8151268904801925
val,2016-M007,2,435,27,1.0,0.856760588077192
val,2016-M007,2,435,28,1.0,0.8286378043983827
val,2016-M007,2,435,29,0.0,0.23974199899266768
val,2016-M007,2,435,30,1.0,0.8814502410402862
val,2016-M007,2,435,31,0.0,0.5279092872437555
val,2016-M007,3,436,0,1.0,0.5264514918624361
val,2016-M007,3,436,1,1.0,0.3270175409859371
val,2016-M007,3,436,2,1.0,0.6972948912265422
val,2016-M007,3,436,3,0.0,0.30700778882430974
val,2016-M007,3,436,4,0.0,0.20666908409914997
val,2016-M007,3,436,5,1.0,0.7502353381895601
val,2016-M007,3,436,6,0.0,0.6569020005170801
val,2016-M007,3,436,7,1.0,0.44300844576612086
val,2016-M007,3,436,8,1.0,0.9386812490309638
val,2016-M007,3,436,9,0.0,0.24465670689958832
val,2016-M007,3,436,10,1.0,0.7307575491259609
val,2016-M007,3,436,11,1.0,0.8116868676055797
val,2016-M007,3,436,12,0.0,0.7908755299723973
val,2016-M007,3,436,13,1.0,0.6896889241281137
val,2016-M007,3,436,14,0.0,0.8419393032551213
val,2016-M007,3,436,15,0.0,0.7750670908931999
val,2016-M007,4,437,0,0.0,0.3541344676538732
val,2016-M007,4,437,1,0.0,0.09635269835070241
val,2016-M007,4,437,2,0.0,0.3419201302208932
val,2016-M007,4,437,3,1.0,0.7947033010103562
val,2016-M007,4,437,4,0.0,0.24145948975329942
val,2016-M007,4,437,5,0.0,0.15724887997694004
val,2016-M007,4,437,6,0.0,0.46908495939510375
val,2016-M007,4,437,7,1.0,0.5550253141962147
val,2016-M007,5,438,0,0.0,0.17243544517299017
val,2016-M007,5,438,1,0.0,0.5013115043590496
val,2016-M007,5,438,2,1.0,0.26000617940878257
val,2016-M007,5,438,3,0.0,0.4338076006360202
val,2016-M007,6,439,0,1.0,0.8916872853568828
val,2016-M007,6,439,1,1.0,0.7100813516666068
val,2016-M007,7,440,0,0.0,0.14687400597333017
val,2016-M009,2,453,0,0.0,0.32083564753128097
val,2016-M009,2,453,1,0.0,0.16143073259766244
val,2016-M009,2,453,2,0.0,0.36433760595536563
val,2016-M009,2,453,3,0.0,0.19403545127347044
val,2016-M009,2,453,4,0.0,0.5015138288904001
val,2016-M009,2,453,5,1.0,0.6079130576434176
val,2016-M009,2,453,6,1.0,0.5333039598791758
val,2016-M009,2,453,7,0.0,0.4712632015418536
val,2016-M009,2,453,8,0.0,0.06023799800536797
val,2016-M009,2,453,9,0.0,0.5880652016780887
val,2016-M009,2,453,10,0.0,0.3729879649144383
val,2016-M009,2,453,11,0.0,0.4497529972983889
val,2016-M009,2,453,12,0.0,0.5463832740895936
val,2016-M009,2,453,13,0.0,0.2185085008719926
val,2016-M009,2,453,14,1.0,0.46339552645419657
val,2016-M009,2,453,15,0.0,0.39327490347315774
val,2016-M009,2,453,16,0.0,0.8300298751162557
val,2016-M009,2,453,17,1.0,0.32900844306761545
val,2016-M009,2,453,18,0.0,0.12628349804779734
val,2016-M009,2,453,19,0.0,0.1873305784140943
val,2016-M009,2,453,20,0.0,0.7593478072259275
val,2016-M009,2,453,21,0.0,0.16211156642730962
val,2016-M009,2,453,22,1.0,0.5086677742490205
val,2016-M009,2,453,23,1.0,0.9257533926713657
val,2016-M009,3,454,0,1.0,0.9412922712602211
val,2016-M009,3,454,1,1.0,0.5890303068721442
val,2016-M009,3,454,2,0.0,0.6851548187157406
val,2016-M009,3,454,3,0.0,0.15645738552819652
val,2016-M009,3,454,4,0.0,0.22228036054619535
val,2016-M009,3,454,5,1.0,0.5466610014462039
val,2016-M009,3,454,6,1.0,0.7455216999347779
val,2016-M009,3,454,7,1.0,0.7922441785957656
val,2016-M009,3,454,8,0.0,0.6245989348557279
val,2016-M009,3,454,9,1.0,0.8644605865968301
val,2016-M009,3,454,10,0.0,0.6530362419949054
val,2016-M009,3,454,11,0.0,0.23842442750191928
val,2016-M009,3,454,12,0.0,0.2057409105435906
val,2016-M009,3,454,13,1.0,0.5647516523197957
val,2016-M009,3,454,14,1.0,0.3567468400557285
val,2016-M009,3,454,15,0.0,0.11355372445733793
val,2016-M009,4,455,0,0.0,0.1757719799897368
val,2016-M009,4,455,1,1.0,0.29359188722660573
val,2016-M009,4,455,2,0.0,0.8158328306518571
val,2016-M009,4,455,3,0.0,0.45234885110885786
val,2016-M009,4,455,4,1.0,0.17101272002267673
val,2016-M009,4,455,5,1.0,0.8337851488487006
val,2016-M009,4,455,6,1.0,0.9227203996430274
val,2016-M009,4,455,7,1.0,0.21141797082753758
val,2016-M009,5,456,0,1.0,0.7988261441720301
val,2016-M009,5,456,1,0.0,0.533966660426751
val,2016-M009,5,456,2,1.0,0.7240134966827749
val,2016-M009,5,456,3,0.0,0.3284420417115558
val,2016-M009,6,457,0,0.0,0.1380802785054142
val,2016-M009,6,457,1,1.0,0.8370173561025157
val,2016-M009,7,458,0,1.0,0.28548053070323165
val,2016-M021,2,447,0,1.0,0.7530694734607353
val,2016-M021,2,447,1,0.0,0.430693279375588
val,2016-M021,2,447,2,0.0,0.7740419666069487
val,2016-M021,2,447,3,0.0,0.19469244292665766
val,2016-M021,2,447,4,0.0,0.20727518680761017
val,2016-M021,2,447,5,0.0,0.6750704560310412
val,2016-M021,2,447,6,1.0,0.42394249688788493
val,2016-M021,2,447,7,1.0,0.5869301131372274
val,2016-M021,2,447,8,0.0,0.5563672921293724
val,2016-M021,2,447,9,0.0,0.6988445762276032
val,2016-M021,2,447,10,0.0,0.7140942714142536
val,2016-M021,2,447,11,1.0,0.5556025674905914
val,2016-M021,2,447,12,1.0,0.47770404230090463
val,2016-M021,2,447,13,0.0,0.3264614671040277
val,2016-M021,2,447,14,0.0,0.5910563276408177
val,2016-M021,2,447,15,1.0,0.593541875855352
val,2016-M021,2,447,16,0.0,0.1993231775434896
val,2016-M021,2,447,17,1.0,0.5545124694421446
val,2016-M021,2,447,18,1.0,0.3043885594135593
val,2016-M021,2,447,19,1.0,0.783158683601771
val,2016-M021,2,447,20,1.0,0.30003012811794233
val,2016-M021,2,447,21,1.0,0.7197351202843087
val,2016-M021,2,447,22,0.0,0.09697904566546726
val,2016-M021,2,447,23,0.0,0.3820186770168024
val,2016-M021,3,448,0,0.0,0.3569611500360282
val,2016-M021,3,448,1,1.0,0.7476482707064699
val,2016-M021,3,448,2,1.0,0.8084169751316863
val,2016-M021,3,448,3,1.0,0.22375231933265555
val,2016-M021,3,448,4,0.0,0.8118760673274706
val,2016-M021,3,448,5,1.0,0.4890335356043475
val,2016-M021,3,448,6,0.0,0.27675880493397303
val,2016-M021,3,448,7,0.0,0.10961882674360705
val,2016-M021,3,448,8,0.0,0.07376556605301154
val,2016-M021,3,448,9,1.0,0.6058162815189277
val,2016-M021,3,448,10,0.0,0.4265035459013621
val,2016-M021,3,448,11,1.0,0.43398370639526423
val,2016-M021,3,448,12,1.0,0.8738478181410277
val,2016-M021,3,448,13,0.0,0.17202851714904854
val,2016-M021,3,448,14,0.0,0.23343111195641628
val,2016-M021,3,448,15,0.0,0.13464229298502578
val,2016-M021,4,449,0,1.0,0.739127270533562
val,2016-M021,4,449,1,0.0,0.6211459402718152
val,2016-M021,4,449,2,0.0,0.10543405870549191
val,2016-M021,4,449,3,1.0,0.5705775549538474
val,2016-M021,4,449,4,0.0,0.34485383977829
val,2016-M021,4,449,5,1.0,0.4647240952494398
val,2016-M021,4,449,6,0.0,0.13459884067651037
val,2016-M021,4,449,7,0.0,0.5130276843398217
val,2016-M021,5,450,0,0.0,0.2832228306672035
val,2016-M021,5,450,1,0.0,0.37568129663522487
val,2016-M021,5,450,2,1.0,0.8884146742165335
val,2016-M021,5,450,3,0.0,0.1719518593738681
val,2016-M021,6,451,0,0.0,0.6223787280108347
val,2016-M021,6,451,1,1.0,0.8305540407699756
val,2016-M021,7,452,0,1.0,0.7288493696150574
val,2016-M024,2,479,0,1.0,0.7407364779275722
val,2016-M024,2,479,1,0.0,0.6293418690285855
val,2016-M024,2,479,2,0.0,0.4509425357237569
val,2016-M024,2,479,3,0.0,0.06654950618810192
val,2016-M024,2,479,4,1.0,0.2163353937824045
val,2016-M024,2,479,5,0.0,0.38907852878458965
val,2016-M024,2,479,6,0.0,0.8589848025010656
val,2016-M024,2,479,7,0.0,0.5082047122995464
val,2016-M024,2,479,8,0.0,0.3179765039963867
val,2016-M024,2,479,9,1.0,0.6161441766818835
val,2016-M024,2,479,10,1.0,0.5601391917036372
val,2016-M024,2,479,11,0.0,0.46875447418407845
val,2016-M024,2,479,12,0.0,0.6113463820471394
val,2016-M024,2,479,13,1.0,0.834602639355531
val,2016-M024,2,479,14,1.0,0.42500094212821765
val,2016-M024,2,479,15,1.0,0.4308221703341491
val,2016-M024,2,479,16,1.0,0.6148218150585901
val,2016-M024,2,479,17,0.0,0.28832761865917006
val,2016-M024,2,479,18,0.0,0.3072041347537249
val,2016-M024,2,479,19,1.0,0.7529674657722663
val,2016-M024,2,479,20,1.0,0.7240392994549668
val,2016-M024,2,479,21,1.0,0.18652543042585817
val,2016-M024,2,479,22,1.0,0.2404175175635329
val,2016-M024,2,479,23,0.0,0.11016376215631044
val,2016-M024,3,480,0,0.0,0.6037611996427362
val,2016-M024,3,480,1,0.0,0.13278169561832778
val,2016-M024,3,480,2,1.0,0.3810990111754541
val,2016-M024,3,480,3,0.0,0.21598049395950547
val,2016-M024,3,480,4,0.0,0.4045441566396616
val,2016-M024,3,480,5,1.0,0.2910089012889142
val,2016-M024,3,480,6,0.0,0.19539263875233467
val,2016-M024,3,480,7,0.0,0.2674234835331441
val,2016-M024,3,480,8,0.0,0.20253200708992494
val,2016-M024,3,480,9,1.0,0.6105551962482231
val,2016-M024,3,480,10,1.0,0.29653283891761756
val,2016-M024,3,480,11,1.0,0.8601608251232539
val,2016-M024,3,480,12,1.0,0.5285332244786385
val,2016-M024,3,480,13,1.0,0.8755420019550985
val,2016-M024,3,480,14,0.0,0.4375572793053442
val,2016-M024,3,480,15,1.0,0.8691906940190692
val,2016-M024,4,481,0,1.0,0.35358767026497345
val,2016-M024,4,481,1,0.0,0.7678148199500143
val,2016-M024,4,481,2,0.0,0.6748452129050848
val,2016-M024,4,481,3,1.0,0.31303146061335674
val,2016-M024,4,481,4,0.0,0.1282362350824301
val,2016-M024,4,481,5,1.0,0.2823859862552058
val,2016-M024,4,481,6,1.0,0.8135150557376265
val,2016-M024,4,481,7,0.0,0.8528682988289161
val,2016-M024,5,482,0,1.0,0.7187899037486426
val,2016-M024,5,482,1,1.0,0.7100263629075468
val,2016-M024,5,482,2,1.0,0.7170441044463333
val,2016-M024,5,482,3,0.0,0.18006386195539736
val,2016-M024,6,483,0,1.0,0.4483341930093319
val,2016-M024,6,483,1,0.0,0.30329214142948957
val,2016-M024,7,484,0,1.0,0.19977509782914496
