phase,tourney_id,round_order,block_idx,row_in_block,y_true,probability
test,2017-0352,2,582,0,1.0,0.6863009515775623
test,2017-0352,2,582,1,0.0,0.3680171287882599
test,2017-0352,2,582,2,1.0,0.7199731420717774
test,2017-0352,2,582,3,1.0,0.3473038863653009
test,2017-0352,2,582,4,1.0,0.6281674556347985
test,2017-0352,2,582,5,0.0,0.6441049020642243
test,2017-0352,2,582,6,1.0,0.502446211337146
test,2017-0352,2,582,7,1.0,0.32144859115813973
test,2017-0352,2,582,8,1.0,0.6806502269498309
test,2017-0352,2,582,9,0.0,0.5966274279530908
test,2017-0352,2,582,10,0.0,0.40739095486622523
test,2017-0352,2,582,11,0.0,0.6139615161050843
test,2017-0352,2,582,12,0.0,0.4822442915377157
test,2017-0352,2,582,13,0.0,0.5929054145038547
test,2017-0352,2,582,14,1.0,0.47442378223625403
test,2017-0352,2,582,15,0.0,0.3388134572354684
test,2017-0352,3,583,0,1.0,0.9076276294113719
test,2017-0352,3,583,1,1.0,0.44224865549025016
test,2017-0352,3,583,2,1.0,0.2594650053864159
test,2017-0352,3,583,3,1.0,0.3321902221503533
test,2017-0352,3,583,4,0.0,0.5833952275431843
test,2017-0352,3,583,5,0.0,0.5332273373888993
test,2017-0352,3,583,6,0.0,0.27023097856106953
test,2017-0352,3,583,7,1.0,0.5681354644232656
test,2017-0352,3,583,8,0.0,0.26839782275286084
test,2017-0352,3,583,9,0.0,0.297453725676342
test,2017-0352,3,583,10,1.0,0.7008555870919461
test,2017-0352,3,583,11,0.0,0.12723301209978663
test,2017-0352,3,583,12,0.0,0.8334397061391974
test,2017-0352,3,583,13,1.0,0.4180093426434929
test,2017-0352,3,583,14,0.0,0.29803337078412045
test,2017-0352,3,583,15,0.0,0.6007288302395135
test,2017-0352,4,584,0,1.0,0.5964075053748389
test,2017-0352,4,584,1,1.0,0.29873310192234764
test,2017-0352,4,584,2,0.0,0.5323369851777188
test,2017-0352,4,584,3,0.0,0.8543997444866211
test,2017-0352,4,584,4,0.0,0.5231605700863164
test,2017-0352,4,584,5,0.0,0.4391618652375504
test,2017-0352,4,584,6,0.0,0.6702179203974602
test,2017-0352,4,584,7,0.0,0.14755166319835336
test,2017-0352,5,585,0,0.0,0.2724781730059135
test,2017-0352,5,585,1,0.0,0.3988866343571795
test,2017-0352,5,585,2,1.0,0.18525774276458745
test,2017-0352,5,585,3,0.0,0.9312224030919062
test,2017-0352,6,586,0,0.0,0.8378361297133513
test,2017-0352,6,586,1,0.0,0.2346902457005033
test,2017-0352,7,587,0,0.0,0.2073179376522596
test,2017-0410,2,525,0,1.0,0.6973530306520117
test,2017-0410,2,525,1,1.0,0.7944973383783738
test,2017-0410,2,525,2,0.0,0.6919899681023007
test,2017-0410,2,525,3,0.0,0.6496812190471936
test,2017-0410,2,525,4,0.0,0.1706094253997491
test,2017-0410,2,525,5,1.0,0.4843664468976263
test,2017-0410,2,525,6,0.0,0.45072321423806816
test,2017-0410,2,525,7,0.0,0.14000828591138148
test,2017-0410,2,525,8,1.0,0.43093385632376663
test,2017-0410,2,525,9,0.0,0.1453804752625335
test,2017-0410,2,525,10,1.0,0.3224696476604885
test,2017-0410,2,525,11,1.0,0.5318352783708338
test,2017-0410,2,525,12,0.0,0.5058367070554858
test,2017-0410,2,525,13,1.0,0.6369847189576207
test,2017-0410,2,525,14,0.0,0.6255213005775914
test,2017-0410,2,525,15,0.0,0.5823701481895651
test,2017-0410,2,525,16,1.0,0.7302950232977643
test,2017-0410,2,525,17,1.0,0.42358377080040427
test,2017-0410,2,525,18,0.0,0.6660413455601539
test,2017-0410,2,525,19,1.0,0.6545436928905919
test,2017-0410,2,525,20,0.0,0.41450093275527816
test,2017-0410,2,525,21,1.0,0.7072066997622986
test,2017-0410,2,525,22,1.0,0.4730560717161944
test,2017-0410,2,525,23,0.0,0.1649076401771161
test,2017-0410,3,526,0,1.0,0.6225419262786789
test,2017-0410,3,526,1,0.0,0.09487299786278
test,2017-0410,3,526,2,0.0,0.3307510942637027
test,2017-0410,3,526,3,1.0,0.8862383903648924
test,2017-0410,3,526,4,0.0,0.14946072706193775
test,2017-0410,3,526,5,0.0,0.38833770741396756
test,2017-0410,3,526,6,0.0,0.7882048625016654
test,2017-0410,3,526,7,1.0,0.18864181344430597
test,2017-0410,3,526,8,1.0,0.19470358226508497
test,2017-0410,3,526,9,0.0,0.5276003971094461
test,2017-0410,3,526,10,0.0,0.7258551628035695
test,2017-0410,3,526,11,0.0,0.11131713791390366
test,2017-0410,3,526,12,0.0,0.2033568230063053
test,2017-0410,3,526,13,0.0,0.24723782139233963
test,2017-0410,3,526,14,1.0,0.6887296579854241
test,2017-0410,3,526,15,0.0,0.1845586783393755
test,2017-0410,4,527,0,1.0,0.9245536931022506
test,2017-0410,4,527,1,1.0,0.5925515308374525
test,2017-0410,4,527,2,0.0,0.49457850736228076
test,2017-0410,4,527,3,1.0,0.4989383400672666
test,2017-0410,4,527,4,1.0,0.17641581262591544
test,2017-0410,4,527,5,0.0,0.6477877419476801
test,2017-0410,4,527,6,0.0,0.8866624665797402
test,2017-0410,4,527,7,0.0,0.13057466915824895
test,2017-0410,5,528,0,0.0,0.809124990343551
test,2017-0410,5,528,1,1.0,0.8869718878394036
test,2017-0410,5,528,2,0.0,0.49525983713506816
test,2017-0410,5,528,3,1.0,0.27229094857035513
test,2017-0410,6,529,0,1.0,0.6758269519297173
test,2017-0410,6,529,1,1.0,0.49644091345283636
test,2017-0410,7,530,0,1.0,0.8450197363403117
test,2017-0421,2,557,0,0.0,0.20488171579780157
test,2017-0421,2,557,1,1.0,0.743157966218747
test,2017-0421,2,557,2,1.0,0.8195147849858228
test,2017-0421,2,557,3,1.0,0.650407769693925
test,2017-0421,2,557,4,0.0,0.2974292620002624
test,2017-0421,2,557,5,1.0,0.6976833332693286
test,2017-0421,2,557,6,1.0,0.5448329380760548
test,2017-0421,2,557,7,1.0,0.3425670999656827
test,2017-0421,2,557,8,1.0,0.4235843537240345
test,2017-0421,2,557,9,1.0,0.3497845376154823
test,2017-0421,2,557,10,1.0,0.6855563650097091
test,2017-0421,2,557,11,0.0,0.23404116280381235
test,2017-0421,2,557,12,0.0,0.7148048450733552
test,2017-0421,2,557,13,1.0,0.647123837897726
test,2017-0421,2,557,14,0.0,0.45311127235884735
test,2017-0421,2,557,15,1.0,0.4389300331669478
test,2017-0421,2,557,16,0.0,0.29031980172039407
test,2017-0421,2,557,17,0.0,0.12381691788722339
test,2017-0421,2,557,18,1.0,0.22984863897380098
test,2017-0421,2,557,19,0.0,0.24823338694912922
test,2017-0421,2,557,20,0.0,0.12399119465958205
test,2017-0421,2,557,21,0.0,0.39911451995449554
test,2017-0421,2,557,22,1.0,0.622167379857208
test,2017-0421,2,557,23,1.0,0.22348531687811835
test,2017-0421,3,558,0,1.0,0.3519254631170395
test,2017-0421,3,558,1,0.0,0.14904125405802476
test,2017-0421,3,558,2,0.0,0.85422958577221
test,2017-0421,3,558,3,1.0,0.22434289681890593
test,2017-0421,3,558,4,0.0,0.27252012788700186
test,2017-0421,3,558,5,1.0,0.3821808078798682
test,2017-0421,3,558,6,1.0,0.2618460127380727
test,2017-0421,3,558,7,0.0,0.20908560905022847
test,2017-0421,3,558,8,0.0,0.3768190927115684
test,2017-0421,3,558,9,0.0,0.3714078066784272
test,2017-0421,3,558,10,0.0,0.789773765626926
test,2017-0421,3,558,11,0.0,0.6526086582400018
test,2017-0421,3,558,12,0.0,0.6874128732655481
test,2017-0421,3,558,13,1.0,0.5969541258835989
test,2017-0421,3,558,14,0.0,0.07252590661589213
test,2017-0421,3,558,15,0.0,0.19321551599172576
test,2017-0421,4,559,0,1.0,0.6766702680374855
test,2017-0421,4,559,1,1.0,0.5220614406886446
test,2017-0421,4,559,2,1.0,0.21645642161486522
test,2017-0421,4,559,3,1.0,0.6110889793328448
test,2017-0421,4,559,4,0.0,0.617706311421208
test,2017-0421,4,559,5,1.0,0.6789176564281805
test,2017-0421,4,559,6,0.0,0.9340747764782866
test,2017-0421,4,559,7,1.0,0.5409633092692278
test,2017-0421,5,560,0,1.0,0.669278803414073
test,2017-0421,5,560,1,1.0,0.4752810660258525
test,2017-0421,5,560,2,1.0,0.4179334580577589
test,2017-0421,5,560,3,0.0,0.7622136208581927
test,2017-0421,6,561,0,1.0,0.77107905847376
test,2017-0421,6,561,1,1.0,0.8773371879735955
test,2017-0421,7,562,0,1.0,0.18820092233459446
test,2017-5014,2,576,0,0.0,0.34853808263732144
test,2017-5014,2,576,1,1.0,0.6265106067045422
test,2017-5014,2,576,2,0.0,0.6455800938614987
test,2017-5014,2,576,3,1.0,0.20457110471718878
test,2017-5014,2,576,4,1.0,0.70938928153088
test,2017-5014,2,576,5,1.0,0.8568291296941258
test,2017-5014,2,576,6,1.0,0.47376241483272075
test,2017-5014,2,576,7,1.0,0.5615004635218888
test,2017-5014,2,576,8,1.0,0.7653629624107428
test,2017-5014,2,576,9,0.0,0.6664465981015925
test,2017-5014,2,576,10,1.0,0.7268888328608132
test,2017-5014,2,576,11,0.0,0.44062244846522236
test,2017-5014,2,576,12,1.0,0.4831561307708349
test,2017-5014,2,576,13,0.0,0.4169523700206127
test,2017-5014,2,576,14,0.0,0.5709337570722409
test,2017-5014,2,576,15,0.0,0.7691539709157889
test,2017-5014,2,576,16,0.0,0.6555611774895408
test,2017-5014,2,576,17,0.0,0.627023141683984
test,2017-5014,2,576,18,1.0,0.5277537779242188
test,2017-5014,2,576,19,1.0,0.7606660548023595
test,2017-5014,2,576,20,1.0,0.6589615289121157
test,2017-5014,2,576,21,1.0,0.3549514581812561
test,2017-5014,2,576,22,1.0,0.6746580486839967
test,2017-5014,2,576,23,1.0,0.48177750329893676
test,2017-5014,3,577,0,0.0,0.15204531907640617
test,2017-5014,3,577,1,0.0,0.2796782569798347
test,2017-5014,3,577,2,0.0,0.33799417901708173
test,2017-5014,3,577,3,0.0,0.2472341850282178
test,2017-5014,3,577,4,1.0,0.5040926857507432
test,2017-5014,3,577,5,1.0,0.27818398607317973
test,2017-5014,3,577,6,0.0,0.45611450168578027
test,2017-5014,3,577,7,0.0,0.22365650105783158
test,2017-5014,3,577,8,1.0,0.8598715570856924
test,2017-5014,3,577,9,1.0,0.31674951239973126
test,2017-5014,3,577,10,1.0,0.6606181303097102
test,2017-5014,3,577,11,1.0,0.35030262976536375
test,2017-5014,3,577,12,1.0,0.7402480302727411
test,2017-5014,3,577,13,1.0,0.5910170732556937
test,2017-5014,3,577,14,0.0,0.21475690784045603
test,2017-5014,3,577,15,0.0,0.6065993742912696
test,2017-5014,4,578,0,0.0,0.6204395252237946
test,2017-5014,4,578,1,0.0,0.49424982374209747
test,2017-5014,4,578,2,0.0,0.2352321468289248
test,2017-5014,4,578,3,1.0,0.34006191066403674
test,2017-5014,4,578,4,0.0,0.3255847767388703
test,2017-5014,4,578,5,1.0,0.691835907519704
test,2017-5014,4,578,6,0.0,0.2307440924952029
test,2017-5014,4,578,7,1.0,0.650841379780359
test,2017-5014,5,579,0,0.0,0.3427022772470419
test,2017-5014,5,579,1,0.0,0.6152667075459417
test,2017-5014,5,579,2,1.0,0.6115870876528169
test,2017-5014,5,579,3,1.0,0.6638215073048543
test,2017-5014,6,580,0,1.0,0.801138086266697
test,2017-5014,6,580,1,0.0,0.301195821697487
test,2017-5014,7,581,0,0.0,0.5826411276489389
test,2017-520,1,543,0,1.0,0.9214886319366161
test,2017-520,1,543,1,1.0,0.6564745881537577
test,2017-520,1,543,2,1.0,0.6903957677003539
test,2017-520,1,543,3,0.0,0.28668283288575747
test,2017-520,1,543,4,1.0,0.741174325506138
test,2017-520,1,543,5,0.0,0.3344200517408064
test,2017-520,1,543,6,1.0,0.10350069370746394
test,2017-520,1,543,7,0.0,0.16219523657530288
test,2017-520,1,543,8,0.0,0.4109230065562192
test,2017-520,1,543,9,0.0,0.5114987674187529
test,2017-520,1,543,10,0.0,0.1129299885691913
test,2017-520,1,543,11,0.0,0.1995100527341909
test,2017-520,1,543,12,0.0,0.3268974673451726
test,2017-520,1,543,13,0.0,0.0740939149736352
test,2017-520,1,543,14,1.0,0.8929152092851392
test,2017-520,1,543,15,1.0,0.784460101013633
test,2017-520,1,543,16,0.0,0.2126795592997352
test,2017-520,1,543,17,1.0,0.3060300365700044
test,2017-520,1,543,18,0.0,0.18199262594313345
test,2017-520,1,543,19,0.0,0.7392910253757996
test,2017-520,1,543,20,1.0,0.5037760985224079
test,2017-520,1,543,21,0.0,0.4635746749792077
test,2017-520,1,543,22,0.0,0.13519031169292456
test,2017-520,1,543,23,0.0,0.38293165748299374
test,2017-520,1,543,24,0.0,0.39634825362811316
test,2017-520,1,543,25,0.0,0.14274955085546903
test,2017-520,1,543,26,0.0,0.4742248934482778
test,2017-520,1,543,27,0.0,0.4992419383554547
test,2017-520,1,543,28,1.0,0.7333225041920401
test,2017-520,1,543,29,0.0,0.09735992305972262
test,2017-520,1,543,30,0.0,0.33794599181769225
test,2017-520,1,543,31,1.0,0.821749354619025
test,2017-520,1,543,32,1.0,0.6082949106487564
test,2017-520,1,543,33,0.0,0.21138100733823093
test,2017-520,1,543,34,1.0,0.29761743162028165
test,2017-520,1,543,35,0.0,0.2401342264579477
test,2017-520,1,543,36,1.0,0.308037277199237
test,2017-520,1,543,37,1.0,0.5729846518147161
test,2017-520,1,543,38,0.0,0.35206144172347337
test,2017-520,1,543,39,1.0,0.8721513112045123
test,2017-520,1,543,40,1.0,0.4903528762740892
test,2017-520,1,543,41,0.0,0.7117997731133263
test,2017-520,1,543,42,0.0,0.19769883056987053
test,2017-520,1,543,43,1.0,0.7430348752843766
test,2017-520,1,543,44,0.0,0.22304412546454638
test,2017-520,1,543,45,0.0,0.5800168604327667
test,2017-520,1,543,46,0.0,0.3222698579449902
test,2017-520,1,543,47,1.0,0.8592900764990412
test,2017-520,1,543,48,1.0,0.7069099387202115
test,2017-520,1,543,49,0.0,0.5719297137197107
test,2017-520,1,543,50,0.0,0.8541784308089833
test,2017-520,1,543,51,1.0,0.7407114888988655
test,2017-520,1,543,52,0.0,0.12566266522887176
test,2017-520,1,543,53,1.0,0.4928987716431082
test,2017-520,1,543,54,0.0,0.4993920229716965
test,2017-520,1,543,55,0.0,0.36225273637752486
test,2017-520,1,543,56,0.0,0.6556841415861108
test,2017-520,1,543,57,0.0,0.7168099808430743
test,2017-520,1,543,58,1.0,0.8280506149048251
test,2017-520,1,543,59,0.0,0.7363345791052575
test,2017-520,1,543,60,1.0,0.49710451377830367
test,2017-520,1,543,61,0.0,0.2524557003444756
test,2017-520,1,543,62,0.0,0.17355991627149644
test,2017-520,1,543,63,1.0,0.6342639088147078
test,2017-520,2,544,0,1.0,0.7112317741564914
test,2017-520,2,544,1,1.0,0.8002355964868137
test,2017-520,2,544,2,1.0,0.764215117709551
test,2017-520,2,544,3,1.0,0.5740620760207631
test,2017-520,2,544,4,0.0,0.7250628059547349
test,2017-520,2,544,5,0.0,0.1567469942584563
test,2017-520,2,544,6,0.0,0.19527272595524076
test,2017-520,2,544,7,0.0,0.4667446895531967
test,2017-520,2,544,8,0.0,0.697018617842741
test,2017-520,2,544,9,1.0,0.5994957197251938
test,2017-520,2,544,10,0.0,0.2891769571057433
test,2017-520,2,544,11,0.0,0.10683776123273929
test,2017-520,2,544,12,0.0,0.09284325505873199
test,2017-520,2,544,13,0.0,0.9050963819598026
test,2017-520,2,544,14,0.0,0.6019069440732271
test,2017-520,2,544,15,0.0,0.5835596721528671
test,2017-520,2,544,16,0.0,0.3442947696192466
test,2017-520,2,544,17,1.0,0.8769907920549845
test,2017-520,2,544,18,0.0,0.21640699748017342
test,2017-520,2,544,19,1.0,0.6441988536414789
test,2017-520,2,544,20,1.0,0.836195581775878
test,2017-520,2,544,21,0.0,0.21690173693374154
test,2017-520,2,544,22,1.0,0.3822176773877996
test,2017-520,2,544,23,0.0,0.1775982783715918
test,2017-520,2,544,24,1.0,0.685335314129068
test,2017-520,2,544,25,0.0,0.19257645439967136
test,2017-520,2,544,26,1.0,0.7991714565572339
test,2017-520,2,544,27,0.0,0.5152425389128392
test,2017-520,2,544,28,1.0,0.8750185840176976
test,2017-520,2,544,29,1.0,0.7218367101505029
test,2017-520,2,544,30,1.0,0.9125668761715977
test,2017-520,2,544,31,0.0,0.08769975910510548
test,2017-520,3,545,0,0.0,0.2730389129693934
test,2017-520,3,545,1,0.0,0.08746019061864276
test,2017-520,3,545,2,1.0,0.936185409819422
test,2017-520,3,545,3,1.0,0.4902171561912993
test,2017-520,3,545,4,1.0,0.12731028723770238
test,2017-520,3,545,5,0.0,0.08201955093614127
test,2017-520,3,545,6,0.0,0.21510502537668255
test,2017-520,3,545,7,1.0,0.22601557746331663
test,2017-520,3,545,8,0.0,0.16577482415780043
test,2017-520,3,545,9,0.0,0.4352137267605855
test,2017-520,3,545,10,1.0,0.7259052234880905
test,2017-520,3,545,11,1.0,0.5574128140099625
test,2017-520,3,545,12,1.0,0.8995865329815667
test,2017-520,3,545,13,1.0,0.5071968135421404
test,2017-520,3,545,14,1.0,0.1453787705011355
test,2017-520,3,545,15,0.0,0.23213288286801187
test,2017-520,4,546,0,1.0,0.9088446490789275
test,2017-520,4,546,1,0.0,0.16129888459432198
test,2017-520,4,546,2,0.0,0.30040025640201384
test,2017-520,4,546,3,0.0,0.8222285692920949
test,2017-520,4,546,4,0.0,0.35709649665821547
test,2017-520,4,546,5,1.0,0.6758751794658328
test,2017-520,4,546,6,1.0,0.7955239387723955
test,2017-520,4,546,7,1.0,0.9389672705613333
test,2017-520,5,547,0,0.0,0.8259885473076609
test,2017-520,5,547,1,0.0,0.13312355861186534
test,2017-520,5,547,2,1.0,0.6764668556792971
test,2017-520,5,547,3,1.0,0.6517881375990708
test,2017-520,6,548,0,0.0,0.29628430400172956
test,2017-520,6,548,1,1.0,0.3588594653618673
test,2017-520,7,549,0,0.0,0.46696163904175186
test,2017-540,1,550,0,1.0,0.9148610536861629
test,2017-540,1,550,1,1.0,0.4400705109927124
test,2017-540,1,550,2,1.0,0.7959225777116589
test,2017-540,1,550,3,1.0,0.8577079547098873
test,2017-540,1,550,4,1.0,0.4820682984519403
test,2017-540,1,550,5,0.0,0.51479763837107
test,2017-540,1,550,6,1.0,0.9224895763588784
test,2017-540,1,550,7,0.0,0.24599976191441017
test,2017-540,1,550,8,1.0,0.7119294591705018
test,2017-540,1,550,9,1.0,0.6496305897838774
test,2017-540,1,550,10,1.0,0.36499678865442725
test,2017-540,1,550,11,1.0,0.35272893788347753
test,2017-540,1,550,12,1.0,0.5600660557194915
test,2017-540,1,550,13,1.0,0.5754424179963756
test,2017-540,1,550,14,0.0,0.09345504518449874
test,2017-540,1,550,15,0.0,0.4954148794741912
test,2017-540,1,550,16,0.0,0.9288418516243887
test,2017-540,1,550,17,1.0,0.785182147919799
test,2017-540,1,550,18,0.0,0.4351215337608115
test,2017-540,1,550,19,0.0,0.5023714619543082
test,2017-540,1,550,20,1.0,0.49185952001841865
test,2017-540,1,550,21,1.0,0.6549518246529269
test,2017-540,1,550,22,0.0,0.29757286074297673
test,2017-540,1,550,23,0.0,0.26939362639324205
test,2017-540,1,550,24,1.0,0.24389410935234376
test,2017-540,1,550,25,1.0,0.8117000443750123
test,2017-540,1,550,26,0.0,0.39170936565755804
test,2017-540,1,550,27,1.0,0.2925918918813192
test,2017-540,1,550,28,0.0,0.04569044486772316
test,2017-540,1,550,29,0.0,0.06510128919506253
test,2017-540,1,550,30,0.0,0.5449388410334741
test,2017-540,1,550,31,0.0,0.6903867226768708
test,2017-540,1,550,32,1.0,0.7488088533649296
test,2017-540,1,550,33,0.0,0.1465198234350339
test,2017-540,1,550,34,0.0,0.4674420015228214
test,2017-540,1,550,35,0.0,0.25483061742538204
test,2017-540,1,550,36,1.0,0.5792568152858653
test,2017-540,1,550,37,1.0,0.30739787467835933
test,2017-540,1,550,38,1.0,0.5892433581150484
test,2017-540,1,550,39,1.0,0.7237190402116868
test,2017-540,1,550,40,0.0,0.1139503024707469
test,2017-540,1,550,41,0.0,0.6339737440605675
test,2017-540,1,550,42,0.0,0.44740345811390925
test,2017-540,1,550,43,0.0,0.4242026267793627
test,2017-540,1,550,44,1.0,0.5635997171468322
test,2017-540,1,550,45,1.0,0.6178732822224415
test,2017-540,1,550,46,1.0,0.8865066839053118
test,2017-540,1,550,47,1.0,0.7849948305623358
test,2017-540,1,550,48,1.0,0.7761417080822167
test,2017-540,1,550,49,1.0,0.7143982445358935
test,2017-540,1,550,50,1.0,0.6402680248308056
test,2017-540,1,550,51,0.0,0.14438268512472655
test,2017-540,1,550,52,1.0,0.7466446782532049
test,2017-540,1,550,53,1.0,0.8788979384341067
test,2017-540,1,550,54,1.0,0.36571898001952763
test,2017-540,1,550,55,0.0,0.25685188131214487
test,2017-540,1,550,56,0.0,0.7757874987038397
test,2017-540,1,550,57,1.0,0.6550333591354602
test,2017-540,1,550,58,1.0,0.37625198554966266
test,2017-540,1,550,59,0.0,0.16902253907939468
test,2017-540,1,550,60,0.0,0.701987331354899
test,2017-540,1,550,61,0.0,0.35170779961787385
test,2017-540,1,550,62,0.0,0.20845551837663154
test,2017-540,1,550,63,0.0,0.4991039767445412
test,2017-540,2,551,0,0.0,0.26044140998436444
test,2017-540,2,551,1,1.0,0.7980040279254362
test,2017-540,2,551,2,0.0,0.8053194278327664
test,2017-540,2,551,3,1.0,0.46194193651284343
test,2017-540,2,551,4,0.0,0.1114014308439213
test,2017-540,2,551,5,1.0,0.48374709759087603
test,2017-540,2,551,6,1.0,0.834068137405539
test,2017-540,2,551,7,0.0,0.1347765068345415
test,2017-540,2,551,8,0.0,0.1959648768734888
test,2017-540,2,551,9,1.0,0.7322791039820922
test,2017-540,2,551,10,0.0,0.8722847605736422
test,2017-540,2,551,11,1.0,0.5334720219761615
test,2017-540,2,551,12,1.0,0.7536022025931877
test,2017-540,2,551,13,0.0,0.1643685377123351
test,2017-540,2,551,14,1.0,0.8233885724957855
test,2017-540,2,551,15,1.0,0.7395655247452038
test,2017-540,2,551,16,0.0,0.12264008583181109
test,2017-540,2,551,17,1.0,0.8761285791968518
test,2017-540,2,551,18,1.0,0.5499293514736489
test,2017-540,2,551,19,1.0,0.4815089643710564
test,2017-540,2,551,20,0.0,0.4158815741214624
test,2017-540,2,551,21,1.0,0.8774508299431302
test,2017-540,2,551,22,1.0,0.5493098921298535
test,2017-540,2,551,23,0.0,0.35189245480749676
test,2017-540,2,551,24,1.0,0.659211979350769
test,2017-540,2,551,25,1.0,0.500013330841499
test,2017-540,2,551,26,0.0,0.6675598287040488
test,2017-540,2,551,27,0.0,0.3749425155868712
test,2017-540,2,551,28,1.0,0.8274907315586373
test,2017-540,2,551,29,0.0,0.03703483115814991
test,2017-540,2,551,30,0.0,0.3180618073385909
test,2017-540,2,551,31,1.0,0.931066249663147
test,2017-540,3,552,0,0.0,0.37978788900188637
test,2017-540,3,552,1,0.0,0.3759508472505025
test,2017-540,3,552,2,0.0,0.06605898339786591
test,2017-540,3,552,3,0.0,0.7413496317308693
test,2017-540,3,552,4,0.0,0.17832976566803024
test,2017-540,3,552,5,0.0,0.10975293388024693
test,2017-540,3,552,6,0.0,0.18598979317909123
test,2017-540,3,552,7,0.0,0.1940275307156167
test,2017-540,3,552,8,0.0,0.22303410085169295
test,2017-540,3,552,9,0.0,0.2788536074914331
test,2017-540,3,552,10,0.0,0.6546987294222373
test,2017-540,3,552,11,1.0,0.5750093745573471
test,2017-540,3,552,12,1.0,0.9177957585981992
test,2017-540,3,552,13,0.0,0.1931104075279379
test,2017-540,3,552,14,1.0,0.21056332071482875
test,2017-540,3,552,15,0.0,0.1609388686825298
test,2017-540,4,553,0,0.0,0.0885583234059832
test,2017-540,4,553,1,0.0,0.38042421277905064
test,2017-540,4,553,2,1.0,0.6932877182989218
test,2017-540,4,553,3,0.0,0.21844248341390807
test,2017-540,4,553,4,1.0,0.4716530086961043
test,2017-540,4,553,5,0.0,0.8815409352004362
test,2017-540,4,553,6,1.0,0.3409386452942288
test,2017-540,4,553,7,0.0,0.11347942339749369
test,2017-540,5,554,0,0.0,0.7496371384247905
test,2017-540,5,554,1,0.0,0.40639039780793396
test,2017-540,5,554,2,0.0,0.2267474168065286
test,2017-540,5,554,3,1.0,0.11034933792827188
test,2017-540,6,555,0,1.0,0.5677192625691088
test,2017-540,6,555,1,1.0,0.7488071190323219
test,2017-540,7,556,0,0.0,0.3028475270746335
test,2017-560,1,569,0,0.0,0.1166118399752618
test,2017-560,1,569,1,1.0,0.4395306262929917
test,2017-560,1,569,2,1.0,0.7234210388059459
test,2017-560,1,569,3,1.0,0.526948092493792
test,2017-560,1,569,4,0.0,0.6313280529789806
test,2017-560,1,569,5,1.0,0.7748260875208004
test,2017-560,1,569,6,0.0,0.7916059107340232
test,2017-560,1,569,7,0.0,0.3490328106920983
test,2017-560,1,569,8,0.0,0.32625708614898696
test,2017-560,1,569,9,1.0,0.6228387918878739
test,2017-560,1,569,10,0.0,0.2837232466315008
test,2017-560,1,569,11,0.0,0.36852795242322556
test,2017-560,1,569,12,1.0,0.9001140875228673
test,2017-560,1,569,13,0.0,0.09465143526973595
test,2017-560,1,569,14,0.0,0.6163914665004988
test,2017-560,1,569,15,1.0,0.725819404809018
test,2017-560,1,569,16,0.0,0.5752358377638576
test,2017-560,1,569,17,1.0,0.6881754861148195
test,2017-560,1,569,18,1.0,0.7660601228061897
test,2017-560,1,569,19,0.0,0.47505744123715055
test,2017-560,1,569,20,1.0,0.8503495251253252
test,2017-560,1,569,21,1.0,0.8624326738249236
test,2017-560,1,569,22,1.0,0.6287893456052822
test,2017-560,1,569,23,1.0,0.7994388436206052
test,2017-560,1,569,24,1.0,0.1602554668942282
test,2017-560,1,569,25,0.0,0.7568780144654671
test,2017-560,1,569,26,1.0,0.6922604183247075
test,2017-560,1,569,27,1.0,0.5660315699675167
test,2017-560,1,569,28,0.0,0.09626769273316065
test,2017-560,1,569,29,0.0,0.3947390095887248
test,2017-560,1,569,30,1.0,0.337754123724765
test,2017-560,1,569,31,1.0,0.30233053523780484
test,2017-560,1,569,32,1.0,0.7249176392288135
test,2017-560,1,569,33,1.0,0.8931713721589281
test,2017-560,1,569,34,1.0,0.6334035733510498
test,2017-560,1,569,35,0.0,0.8073346059377596
test,2017-560,1,569,36,0.0,0.5859516958318821
test,2017-560,1,569,37,1.0,0.5465945319455258
test,2017-560,1,569,38,0.0,0.24501212332177344
test,2017-560,1,569,39,1.0,0.8041794301499257
test,2017-560,1,569,40,1.0,0.40419869230984085
test,2017-560,1,569,41,1.0,0.7418357345106878
test,2017-560,1,569,42,1.0,0.6834813979330365
test,2017-560,1,569,43,0.0,0.5144939217029301
test,2017-560,1,569,44,1.0,0.6236451704737016
test,2017-560,1,569,45,0.0,0.4850022089608197
test,2017-560,1,569,46,1.0,0.8734878364905002
test,2017-560,1,569,47,0.0,0.17917881694418542
test,2017-560,1,569,48,0.0,0.42554690535215195
test,2017-560,1,569,49,1.0,0.47922973249634676
test,2017-560,1,569,50,1.0,0.8627201553068887
test,2017-560,1,569,51,0.0,0.2884866498484069
test,2017-560,1,569,52,0.0,0.7007966226899093
test,2017-560,1,569,53,1.0,0.49438151448929185
test,2017-560,1,569,54,0.0,0.4866712991162444
test,2017-560,1,569,55,1.0,0.7369768177841531
test,2017-560,1,569,56,1.0,0.7066440401408947
test,2017-560,1,569,57,0.0,0.28840534132592316
test,2017-560,1,569,58,1.0,0.7987631445049407
test,2017-560,1,569,59,1.0,0.1797775559209303
test,2017-560,1,569,60,1.0,0.5594670477343915
test,2017-560,1,569,61,1.0,0.37162232952919144
test,2017-560,1,569,62,1.0,0.513247090115833
test,2017-560,1,569,63,1.0,0.3967961991045283
test,2017-560,2,570,0,0.0,0.6266006162218635
test,2017-560,2,570,1,0.0,0.18900650763142568
test,2017-560,2,570,2,1.0,0.4457017839783541
test,2017-560,2,570,3,1.0,0.4142230085437903
test,2017-560,2,570,4,0.0,0.2766991356212472
test,2017-560,2,570,5,1.0,0.7851039128015066
test,2017-560,2,570,6,1.0,0.13062933473064317
test,2017-560,2,570,7,0.0,0.6337296767320478
test,2017-560,2,570,8,1.0,0.3550719658368074
test,2017-560,2,570,9,0.0,0.34032629743773857
test,2017-560,2,570,10,0.0,0.6058247320570123
test,2017-560,2,570,11,0.0,0.6085752405001637
test,2017-560,2,570,12,1.0,0.6483380757024655
test,2017-560,2,570,13,1.0,0.7535927857931274
test,2017-560,2,570,14,1.0,0.7333503451220463
test,2017-560,2,570,15,0.0,0.26184204530849514
test,2017-560,2,570,16,0.0,0.15704488861597662
test,2017-560,2,570,17,0.0,0.5306948450255468
test,2017-560,2,570,18,1.0,0.5964051472237648
test,2017-560,2,570,19,0.0,0.3848336591676402
test,2017-560,2,570,20,0.0,0.13457252409896575
test,2017-560,2,570,21,0.0,0.8595326888524933
test,2017-560,2,570,22,0.0,0.2706612545910722
test,2017-560,2,570,23,1.0,0.6407074409583075
test,2017-560,2,570,24,1.0,0.8435480206519813
test,2017-560,2,570,25,0.0,0.815580179450593
test,2017-560,2,570,26,1.0,0.8082507352414234
test,2017-560,2,570,27,1.0,0.5899474481263781
test,2017-560,2,570,28,1.0,0.8424712671528463
test,2017-560,2,570,29,1.0,0.6558825155435578
test,2017-560,2,570,30,0.0,0.06709550711246581
test,2017-560,2,570,31,1.0,0.795009451870317
test,2017-560,3,571,0,1.0,0.6566832752135694
test,2017-560,3,571,1,0.0,0.10431051672307058
test,2017-560,3,571,2,0.0,0.7480870153050736
test,2017-560,3,571,3,1.0,0.6573943582596682
test,2017-560,3,571,4,1.0,0.35180843207732504
test,2017-560,3,571,5,1.0,0.6399481280386932
test,2017-560,3,571,6,1.0,0.20221491699706287
test,2017-560,3,571,7,1.0,0.7204030922001207
test,2017-560,3,571,8,1.0,0.7193120240569714
test,2017-560,3,571,9,0.0,0.7943167511903455
test,2017-560,3,571,10,0.0,0.3921777281723794
test,2017-560,3,571,11,0.0,0.24636585954482407
test,2017-560,3,571,12,1.0,0.38320271680385626
test,2017-560,3,571,13,1.0,0.6063057519131756
test,2017-560,3,571,14,0.0,0.5568616707229667
test,2017-560,3,571,15,0.0,0.42193879674336293
test,2017-560,4,572,0,0.0,0.6226380933728373
test,2017-560,4,572,1,1.0,0.7243322887135263
test,2017-560,4,572,2,1.0,0.7235229124967868
test,2017-560,4,572,3,0.0,0.3609676161065722
test,2017-560,4,572,4,0.0,0.7966916307406509
test,2017-560,4,572,5,1.0,0.8573403834777975
test,2017-560,4,572,6,0.0,0.8736990896339287
test,2017-560,4,572,7,0.0,0.13552504871832838
test,2017-560,5,573,0,0.0,0.429455811805782
test,2017-560,5,573,1,1.0,0.6370237560102271
test,2017-560,5,573,2,0.0,0.8672726096880086
test,2017-560,5,573,3,0.0,0.07742607635931094
test,2017-560,6,574,0,1.0,0.6459850175163573
test,2017-560,6,574,1,0.0,0.11345948146613272
test,2017-560,7,575,0,0.0,0.20079618220182183
test,2017-580,1,504,0,0.0,0.09502756542826817
test,2017-580,1,504,1,0.0,0.5671826860534258
test,2017-580,1,504,2,1.0,0.7365305302139251
test,2017-580,1,504,3,1.0,0.2441575382635574
test,2017-580,1,504,4,0.0,0.48047001658227706
test,2017-580,1,504,5,1.0,0.9231690890286115
test,2017-580,1,504,6,0.0,0.18273076482102174
test,2017-580,1,504,7,0.0,0.3446465692342686
test,2017-580,1,504,8,1.0,0.4189547025394534
test,2017-580,1,504,9,1.0,0.39345163454540266
test,2017-580,1,504,10,1.0,0.6174830268460031
test,2017-580,1,504,11,1.0,0.5812404020398403
test,2017-580,1,504,12,0.0,0.37566642318328064
test,2017-580,1,504,13,0.0,0.13459668753074386
test,2017-580,1,504,14,1.0,0.8549965134661779
test,2017-580,1,504,15,0.0,0.35963015676742804
test,2017-580,1,504,16,0.0,0.30605529582110513
test,2017-580,1,504,17,0.0,0.6781739930969728
test,2017-580,1,504,18,1.0,0.8906605654212103
test,2017-580,1,504,19,0.0,0.5660939825859904
test,2017-580,1,504,20,0.0,0.5903293263754502
test,2017-580,1,504,21,1.0,0.9175220999255658
test,2017-580,1,504,22,0.0,0.7910156261563562
test,2017-580,1,504,23,0.0,0.3537784375816862
test,2017-580,1,504,24,1.0,0.273333451824878
test,2017-580,1,504,25,0.0,0.11041079886492221
test,2017-580,1,504,26,0.0,0.26280703666787364
test,2017-580,1,504,27,0.0,0.5271175906080496
test,2017-580,1,504,28,1.0,0.31208124055753395
test,2017-580,1,504,29,0.0,0.06550883976045299
test,2017-580,1,504,30,0.0,0.6628856026312407
test,2017-580,1,504,31,0.0,0.5056247307928109
test,2017-580,1,504,32,1.0,0.5058853757330486
test,2017-580,1,504,33,1.0,0.7964735478481565
test,2017-580,1,504,34,0.0,0.31923714132156716
test,2017-580,1,504,35,1.0,0.8953675106109759
test,2017-580,1,504,36,1.0,0.5682855865032237
test,2017-580,1,504,37,1.0,0.5758857345392583
test,2017-580,1,504,38,0.0,0.09488400804112264
test,2017-580,1,504,39,1.0,0.8819202827309479
test,2017-580,1,504,40,0.0,0.4321717198716998
test,2017-580,1,504,41,0.0,0.556979682875514
test,2017-580,1,504,42,0.0,0.490701752338641
test,2017-580,1,504,43,0.0,0.6511012440960423
test,2017-580,1,504,44,1.0,0.647666103295282
test,2017-580,1,504,45,0.0,0.767910413622627
test,2017-580,1,504,46,1.0,0.7776249721027113
test,2017-580,1,504,47,0.0,0.10276013932185003
test,2017-580,1,504,48,1.0,0.7156505420908653
test,2017-580,1,504,49,0.0,0.6091246889665398
test,2017-580,1,504,50,0.0,0.3597325060989908
test,2017-580,1,504,51,1.0,0.6235665872793464
test,2017-580,1,504,52,0.0,0.278229150767044
test,2017-580,1,504,53,1.0,0.7420404179691497
test,2017-580,1,504,54,1.0,0.5123225451395677
test,2017-580,1,504,55,1.0,0.3043842050488074
test,2017-580,1,504,56,1.0,0.7855838851961774
test,2017-580,1,504,57,0.0,0.0862465634971951
test,2017-580,1,504,58,0.0,0.16545933119507403
test,2017-580,1,504,59,1.0,0.6243789773433109
test,2017-580,1,504,60,0.0,0.4422420895786617
test,2017-580,1,504,61,0.0,0.08913714823296302
test,2017-580,1,504,62,0.0,0.1107673708087248
test,2017-580,1,504,63,1.0,0.423107660391172
test,2017-580,2,505,0,0.0,0.32727396571814255
test,2017-580,2,505,1,1.0,0.9087885425745459
test,2017-580,2,505,2,0.0,0.12101672906211303
test,2017-580,2,505,3,0.0,0.1375094613596813
test,2017-580,2,505,4,0.0,0.12018470656180705
test,2017-580,2,505,5,1.0,0.7828603366162751
test,2017-580,2,505,6,1.0,0.8386272694373267
test,2017-580,2,505,7,0.0,0.6455178547273557
test,2017-580,2,505,8,1.0,0.797549425294103
test,2017-580,2,505,9,1.0,0.8679447122400639
test,2017-580,2,505,10,0.0,0.40156426505749365
test,2017-580,2,505,11,0.0,0.1372799616958956
test,2017-580,2,505,12,1.0,0.7059462700358389
test,2017-580,2,505,13,1.0,0.7064304411851102
test,2017-580,2,505,14,0.0,0.309346164496926
test,2017-580,2,505,15,1.0,0.8350492731974225
test,2017-580,2,505,16,1.0,0.8508454436057578
test,2017-580,2,505,17,1.0,0.3887364316694344
test,2017-580,2,505,18,1.0,0.6238297638481196
test,2017-580,2,505,19,0.0,0.17876867401833954
test,2017-580,2,505,20,1.0,0.7591701461494326
test,2017-580,2,505,21,1.0,0.43698913921937904
test,2017-580,2,505,22,0.0,0.06730741022775241
test,2017-580,2,505,23,1.0,0.8741886511320357
test,2017-580,2,505,24,1.0,0.840468653972774
test,2017-580,2,505,25,0.0,0.8631624881298353
test,2017-580,2,505,26,0.0,0.22525150402958846
test,2017-580,2,505,27,1.0,0.1334795104402453
test,2017-580,2,505,28,1.0,0.56677759976644
test,2017-580,2,505,29,1.0,0.9520918292237238
test,2017-580,2,505,30,1.0,0.056897378151934075
test,2017-580,2,505,31,0.0,0.5737821718583106
test,2017-580,3,506,0,0.0,0.3513996892010605
test,2017-580,3,506,1,0.0,0.09768988874146405
test,2017-580,3,506,2,0.0,0.5240551942008567
test,2017-580,3,506,3,1.0,0.5460966023912082
test,2017-580,3,506,4,0.0,0.27931191303811287
test,2017-580,3,506,5,0.0,0.28245928767804646
test,2017-580,3,506,6,1.0,0.4337063771820804
test,2017-580,3,506,7,0.0,0.11477871684779994
test,2017-580,3,506,8,1.0,0.7295995354083773
test,2017-580,3,506,9,0.0,0.7667215261217368
test,2017-580,3,506,10,0.0,0.28155361125284417
test,2017-580,3,506,11,1.0,0.6931057442716487
test,2017-580,3,506,12,0.0,0.16924637869074882
test,2017-580,3,506,13,1.0,0.8938243177513675
test,2017-580,3,506,14,0.0,0.4230867217455819
test,2017-580,3,506,15,1.0,0.3880437897590349
test,2017-580,4,507,0,1.0,0.8060880195022648
test,2017-580,4,507,1,1.0,0.5757190216396993
test,2017-580,4,507,2,0.0,0.3661703366466443
test,2017-580,4,507,3,1.0,0.6887850501853182
test,2017-580,4,507,4,0.0,0.10833646062090392
test,2017-580,4,507,5,1.0,0.8211694999924863
test,2017-580,4,507,6,1.0,0.5618663335589924
test,2017-580,4,507,7,1.0,0.05593135067692412
test,2017-580,5,508,0,1.0,0.5439692381600981
test,2017-580,5,508,1,0.0,0.46085306467025716
test,2017-580,5,508,2,1.0,0.55738587576721
test,2017-580,5,508,3,0.0,0.08134591509912728
test,2017-580,6,509,0,0.0,0.3263810345128856
test,2017-580,6,509,1,0.0,0.4373265573574894
test,2017-580,7,510,0,0.0,0.4738520803083453
test,2017-M006,1,511,0,0.0,0.49465091085812785
test,2017-M006,1,511,1,0.0,0.7428626634795056
test,2017-M006,1,511,2,0.0,0.6207649975612577
test,2017-M006,1,511,3,0.0,0.3574792186626915
test,2017-M006,1,511,4,0.0,0.36781846427943216
test,2017-M006,1,511,5,1.0,0.7826376275203261
test,2017-M006,1,511,6,0.0,0.6586959118404061
test,2017-M006,1,511,7,1.0,0.4586732833160433
test,2017-M006,1,511,8,0.0,0.7455862694433165
test,2017-M006,1,511,9,0.0,0.24683889379258006
test,2017-M006,1,511,10,0.0,0.42672655578941693
test,2017-M006,1,511,11,0.0,0.5544125004135888
test,2017-M006,1,511,12,0.0,0.32183180461315175
test,2017-M006,1,511,13,0.0,0.505384522200551
test,2017-M006,1,511,14,1.0,0.3676209674432347
test,2017-M006,1,511,15,1.0,0.4481032305758253
test,2017-M006,1,511,16,1.0,0.8352339226791148
test,2017-M006,1,511,17,1.0,0.5448443438331299
test,2017-M006,1,511,18,0.0,0.6346418668626832
test,2017-M006,1,511,19,0.0,0.5284337962181853
test,2017-M006,1,511,20,0.0,0.2550688554851175
test,2017-M006,1,511,21,1.0,0.5206776178733018
test,2017-M006,1,511,22,0.0,0.35801734315300693
test,2017-M006,1,511,23,1.0,0.7884394491651511
test,2017-M006,1,511,24,0.0,0.503163463809872
test,2017-M006,1,511,25,0.0,0.29074423872051314
test,2017-M006,1,511,26,1.0,0.2519030347914893
test,2017-M006,1,511,27,1.0,0.5136878627112043
test,2017-M006,1,511,28,1.0,0.5220893359514625
test,2017-M006,1,511,29,1.0,0.6383441732899121
test,2017-M006,1,511,30,1.0,0.5505650276311925
test,2017-M006,1,511,31,1.0,0.5127386629393336
test,2017-M006,2,512,0,1.0,0.27054317656264537
test,2017-M006,2,512,1,1.0,0.13918369841603823
test,2017-M006,2,512,2,1.0,0.6862685390721349
test,2017-M006,2,512,3,0.0,0.25863626628962266
test,2017-M006,2,512,4,1.0,0.30889799820268926
test,2017-M006,2,512,5,0.0,0.41315972432893716
test,2017-M006,2,512,6,1.0,0.5446082160294067
test,2017-M006,2,512,7,1.0,0.27383798832596484
test,2017-M006,2,512,8,1.0,0.8365414289960293
test,2017-M006,2,512,9,0.0,0.5139928712145545
test,2017-M006,2,512,10,1.0,0.3238753138346112
test,2017-M006,2,512,11,0.0,0.12800046241391397
test,2017-M006,2,512,12,1.0,0.8759656862727427
test,2017-M006,2,512,13,0.0,0.24643342761408218
test,2017-M006,2,512,14,1.0,0.8545500791170343
test,2017-M006,2,512,15,1.0,0.5592563954536065
test,2017-M006,2,512,16,0.0,0.61244907922538
test,2017-M006,2,512,17,1.0,0.1834614582837452
test,2017-M006,2,512,18,1.0,0.7446538986366584
test,2017-M006,2,512,19,0.0,0.3949159494997327
test,2017-M006,2,512,20,1.0,0.48199818543292955
test,2017-M006,2,512,21,1.0,0.48827090359124264
test,2017-M006,2,512,22,1.0,0.8680861118678241
test,2017-M006,2,512,23,1.0,0.8478291654446098
test,2017-M006,2,512,24,0.0,0.3526348132498764
test,2017-M006,2,512,25,0.0,0.6225291325037435
test,2017-M006,2,512,26,0.0,0.15266849282210243
test,2017-M006,2,512,27,1.0,0.8368745509054952
test,2017-M006,2,512,28,0.0,0.3745511732056059
test,2017-M006,2,512,29,0.0,0.24879034126799068
test,2017-M006,2,512,30,1.0,0.9017761677317834
test,2017-M006,2,512,31,0.0,0.5818123964333675
test,2017-M006,3,513,0,0.0,0.5277005210754452
test,2017-M006,3,513,1,0.0,0.08464478627530427
test,2017-M006,3,513,2,1.0,0.8310177427192281
test,2017-M006,3,513,3,1.0,0.7898325532931214
test,2017-M006,3,513,4,0.0,0.23572349322776698
test,2017-M006,3,513,5,0.0,0.32939190021234455
test,2017-M006,3,513,6,1.0,0.36705020316373194
test,2017-M006,3,513,7,1.0,0.5847561866271824
test,2017-M006,3,513,8,0.0,0.48019106812407597
test,2017-M006,3,513,9,1.0,0.7770558589975842
test,2017-M006,3,513,10,1.0,0.4401532925400157
test,2017-M006,3,513,11,0.0,0.7669925693739406
test,2017-M006,3,513,12,1.0,0.7274826141010164
test,2017-M006,3,513,13,1.0,0.39502213978447365
test,2017-M006,3,513,14,1.0,0.7790062614327673
test,2017-M006,3,513,15,0.0,0.8602273612017014
test,2017-M006,4,514,0,1.0,0.5321472232639101
test,2017-M006,4,514,1,0.0,0.7383316349073201
test,2017-M006,4,514,2,0.0,0.13898762006575693
test,2017-M006,4,514,3,0.0,0.5830061475513042
test,2017-M006,4,514,4,0.0,0.18671753910833125
test,2017-M006,4,514,5,0.0,0.47726850205718496
test,2017-M006,4,514,6,1.0,0.17451470183359674
test,2017-M006,4,514,7,0.0,0.2856641447032924
test,2017-M006,5,515,0,0.0,0.5247895370149791
test,2017-M006,5,515,1,0.0,0.3247498549961242
test,2017-M006,5,515,2,1.0,0.29943780477127196
test,2017-M006,5,515,3,1.0,0.7390826836666545
test,2017-M006,6,516,0,0.0,0.18400096347147551
test,2017-M006,6,516,1,1.0,0.711212430735199
test,2017-M006,7,517,0,0.0,0.47472889661782447
test,2017-M007,1,518,0,1.0,0.7176545161018507
test,2017-M007,1,518,1,0.0,0.575672882983994
test,2017-M007,1,518,2,0.0,0.5332878458109838
test,2017-M007,1,518,3,1.0,0.724033117391071
test,2017-M007,1,518,4,1.0,0.5920833520358739
test,2017-M007,1,518,5,0.0,0.5677820690141876
test,2017-M007,1,518,6,1.0,0.6872905518450596
test,2017-M007,1,518,7,1.0,0.6063737953673436
test,2017-M007,1,518,8,0.0,0.29014067029350493
test,2017-M007,1,518,9,1.0,0.4923329642513436
test,2017-M007,1,518,10,0.0,0.2882305370042788
test,2017-M007,1,518,11,1.0,0.5839642318938923
test,2017-M007,1,518,12,1.0,0.43825005331690686
test,2017-M007,1,518,13,0.0,0.23281449194222226
test,2017-M007,1,518,14,1.0,0.7787136884925727
test,2017-M007,1,518,15,1.0,0.5457573686787748
test,2017-M007,1,518,16,0.0,0.3774424299523162
test,2017-M007,1,518,17,0.0,0.5628518617882317
test,2017-M007,1,518,18,0.0,0.5048766993870615
test,2017-M007,1,518,19,0.0,0.6075611768956735
test,2017-M007,1,518,20,1.0,0.6197927952783203
test,2017-M007,1,518,21,1.0,0.7155238280501592
test,2017-M007,1,518,22,0.0,0.2974703336525066
test,2017-M007,1,518,23,0.0,0.6231765510509855
test,2017-M007,1,518,24,0.0,0.458331993479563
test,2017-M007,1,518,25,1.0,0.6045344139332777
test,2017-M007,1,518,26,1.0,0.640479282341239
test,2017-M007,1,518,27,1.0,0.56739903442779
test,2017-M007,1,518,28,0.0,0.27804272396538976
test,2017-M007,1,518,29,0.0,0.4557260933014041
test,2017-M007,1,518,30,1.0,0.37458030830051914
test,2017-M007,1,518,31,1.0,0.5269825398578575
test,2017-M007,2,519,0,1.0,0.9028443150636135
test,2017-M007,2,519,1,1.0,0.25316103633449843
test,2017-M007,2,519,2,0.0,0.2502877767869661
test,2017-M007,2,519,3,0.0,0.1234505356114045
test,2017-M007,2,519,4,1.0,0.7101451329527243
test,2017-M007,2,519,5,0.0,0.4351024927014086
test,2017-M007,2,519,6,0.0,0.833817793169522
test,2017-M007,2,519,7,1.0,0.9245126117940287
test,2017-M007,2,519,8,1.0,0.4655856994211003
test,2017-M007,2,519,9,1.0,0.4490040098038925
test,2017-M007,2,519,10,1.0,0.7846295972263175
test,2017-M007,2,519,11,0.0,0.09976506101823407
test,2017-M007,2,519,12,0.0,0.5972792394314114
test,2017-M007,2,519,13,1.0,0.5120990154037989
test,2017-M007,2,519,14,1.0,0.5929992881417353
test,2017-M007,2,519,15,0.0,0.7139766586920673
test,2017-M007,2,519,16,1.0,0.6969248182391398
test,2017-M007,2,519,17,0.0,0.11497432847402321
test,2017-M007,2,519,18,0.0,0.583468018433034
test,2017-M007,2,519,19,0.0,0.8219310020326417
test,2017-M007,2,519,20,0.0,0.24597604300063183
test,2017-M007,2,519,21,0.0,0.5701816487375039
test,2017-M007,2,519,22,0.0,0.19876702433162066
test,2017-M007,2,519,23,1.0,0.3657816844206307
test,2017-M007,2,519,24,1.0,0.5679822053955648
test,2017-M007,2,519,25,1.0,0.4873490530724193
test,2017-M007,2,519,26,1.0,0.4625275381373339
test,2017-M007,2,519,27,1.0,0.49206578902419984
test,2017-M007,2,519,28,1.0,0.1957544084791273
test,2017-M007,2,519,29,1.0,0.4532242972299218
test,2017-M007,2,519,30,1.0,0.7209242982487334
test,2017-M007,2,519,31,1.0,0.7860848775508028
test,2017-M007,3,520,0,0.0,0.29039673613023437
test,2017-M007,3,520,1,0.0,0.8746659982102111
test,2017-M007,3,520,2,0.0,0.5446361269258396
test,2017-M007,3,520,3,0.0,0.512820693682137
test,2017-M007,3,520,4,0.0,0.4696389427670452
test,2017-M007,3,520,5,0.0,0.22573262648120537
test,2017-M007,3,520,6,1.0,0.5690049704276608
test,2017-M007,3,520,7,0.0,0.17553031312449283
test,2017-M007,3,520,8,1.0,0.8409038939677739
test,2017-M007,3,520,9,0.0,0.13207894235353412
test,2017-M007,3,520,10,0.0,0.7689882835605925
test,2017-M007,3,520,11,1.0,0.6285550719343352
test,2017-M007,3,520,12,0.0,0.20026959784616785
test,2017-M007,3,520,13,1.0,0.8961086641377246
test,2017-M007,3,520,14,1.0,0.7555434437266234
test,2017-M007,3,520,15,1.0,0.5253263345671723
test,2017-M007,4,521,0,1.0,0.864374790323367
test,2017-M007,4,521,1,1.0,0.14024282288721956
test,2017-M007,4,521,2,0.0,0.6292359824600783
test,2017-M007,4,521,3,0.0,0.3025054274296046
test,2017-M007,4,521,4,1.0,0.8123330556207299
test,2017-M007,4,521,5,0.0,0.23679253344701381
test,2017-M007,4,521,6,1.0,0.6248796281316554
test,2017-M007,4,521,7,1.0,0.8528888047316516
test,2017-M007,5,522,0,0.0,0.3002555305363876
test,2017-M007,5,522,1,0.0,0.39722946128585485
test,2017-M007,5,522,2,1.0,0.7524743016739194
test,2017-M007,5,522,3,1.0,0.23724047878902768
test,2017-M007,6,523,0,0.0,0.2208738968396093
test,2017-M007,6,523,1,0.0,0.20658159731314965
test,2017-M007,7,524,0,1.0,0.5325131225668975
test,2017-M009,2,537,0,0.0,0.2646517055435866
test,2017-M009,2,537,1,0.0,0.7651432351818371
test,2017-M009,2,537,2,0.0,0.8084817886894026
test,2017-M009,2,537,3,1.0,0.36534823231171076
test,2017-M009,2,537,4,1.0,0.6063681492538592
test,2017-M009,2,537,5,1.0,0.40757619428639213
test,2017-M009,2,537,6,0.0,0.4158312508046224
test,2017-M009,2,537,7,1.0,0.7370062863356734
test,2017-M009,2,537,8,1.0,0.44552805296036535
test,2017-M009,2,537,9,0.0,0.6808220289998891
test,2017-M009,2,537,10,1.0,0.5290849992626415
test,2017-M009,2,537,11,1.0,0.5025785510066338
test,2017-M009,2,537,12,0.0,0.2891881937423855
test,2017-M009,2,537,13,1.0,0.7965976493091298
test,2017-M009,2,537,14,0.0,0.15464178081214972
test,2017-M009,2,537,15,0.0,0.39911813304681865
test,2017-M009,2,537,16,0.0,0.6524280537257869
test,2017-M009,2,537,17,1.0,0.8000612235444888
test,2017-M009,2,537,18,1.0,0.4241818614672007
test,2017-M009,2,537,19,0.0,0.46286132380691913
test,2017-M009,2,537,20,0.0,0.4576395392493186
test,2017-M009,2,537,21,0.0,0.38441079523943417
test,2017-M009,2,537,22,1.0,0.695181907418292
test,2017-M009,2,537,23,1.0,0.8677552237315329
test,2017-M009,3,538,0,1.0,0.16211346776597754
test,2017-M009,3,538,1,1.0,0.4602421077583592
test,2017-M009,3,538,2,1.0,0.8790441376233925
test,2017-M009,3,538,3,0.0,0.11479256954765599
test,2017-M009,3,538,4,1.0,0.594870260444785
test,2017-M009,3,538,5,0.0,0.1850115509261421
test,2017-M009,3,538,6,0.0,0.2752721581233977
test,2017-M009,3,538,7,1.0,0.7901071609518263
test,2017-M009,3,538,8,0.0,0.3294616384210971
test,2017-M009,3,538,9,0.0,0.1789954779642428
test,2017-M009,3,538,10,1.0,0.7223468952771837
test,2017-M009,3,538,11,1.0,0.8847662850377165
test,2017-M009,3,538,12,0.0,0.38690172973753123
test,2017-M009,3,538,13,0.0,0.5046729717732742
test,2017-M009,3,538,14,0.0,0.23926594740683854
test,2017-M009,3,538,15,0.0,0.062326188694473206
test,2017-M009,4,539,0,1.0,0.8132366508067184
test,2017-M009,4,539,1,0.0,0.8620825362106228
test,2017-M009,4,539,2,0.0,0.27688636967711006
test,2017-M009,4,539,3,0.0,0.5887002562787367
test,2017-M009,4,539,4,0.0,0.672523154539278
test,2017-M009,4,539,5,0.0,0.5225714727618228
test,2017-M009,4,539,6,0.0,0.6362443363811761
test,2017-M009,4,539,7,1.0,0.7545009801447916
test,2017-M009,5,540,0,0.0,0.06644050465490602
test,2017-M009,5,540,1,1.0,0.2715262463403075
test,2017-M009,5,540,2,0.0,0.5061826603552163
test,2017-M009,5,540,3,0.0,0.8042292255881123
test,2017-M009,6,541,0,0.0,0.17680015127241702
test,2017-M009,6,541,1,1.0,0.2766945002576708
test,2017-M009,7,542,0,0.0,0.9098174809317779
test,2017-M021,2,531,0,0.0,0.3891858936803975
test,2017-M021,2,531,1,1.0,0.8357004724135465
test,2017-M021,2,531,2,0.0,0.5005329315955382
test,2017-M021,2,531,3,1.0,0.8128144844658861
test,2017-M021,2,531,4,1.0,0.8012639511615472
test,2017-M021,2,531,5,0.0,0.6171853147310133
test,2017-M021,2,531,6,0.0,0.4187397602765709
test,2017-M021,2,531,7,0.0,0.6990322433688061
test,2017-M021,2,531,8,1.0,0.7261484565865518
test,2017-M021,2,531,9,1.0,0.8740302212302233
test,2017-M021,2,531,10,0.0,0.6989604285532885
test,2017-M021,2,531,11,0.0,0.38084337256715056
test,2017-M021,2,531,12,1.0,0.3831048842547072
test,2017-M021,2,531,13,0.0,0.6045576646229568
test,2017-M021,2,531,14,0.0,0.15169121736228441
test,2017-M021,2,531,15,0.0,0.7169710314205323
test,2017-M021,2,531,16,1.0,0.5494434681160562
test,2017-M021,2,531,17,0.0,0.6430319775264997
test,2017-M021,2,531,18,1.0,0.273704751626707
test,2017-M021,2,531,19,0.0,0.6526081605272468
test,2017-M021,2,531,20,1.0,0.5164985983869778
test,2017-M021,2,531,21,1.0,0.5683114460665739
test,2017-M021,2,531,22,1.0,0.2868031871512689
test,2017-M021,2,531,23,0.0,0.2760105966332986
test,2017-M021,3,532,0,0.0,0.05317743157845497
test,2017-M021,3,532,1,0.0,0.4080414558631992
test,2017-M021,3,532,2,0.0,0.26384828921788395
test,2017-M021,3,532,3,0.0,0.23001740166378795
test,2017-M021,3,532,4,0.0,0.8320471395193926
test,2017-M021,3,532,5,1.0,0.8564208670612701
test,2017-M021,3,532,6,0.0,0.1451378161261579
test,2017-M021,3,532,7,1.0,0.2502380169202801
test,2017-M021,3,532,8,1.0,0.8318335048686468
test,2017-M021,3,532,9,1.0,0.5735366875060178
test,2017-M021,3,532,10,1.0,0.7558301046664538
test,2017-M021,3,532,11,0.0,0.20151553127782926
test,2017-M021,3,532,12,0.0,0.5558802550497004
test,2017-M021,3,532,13,1.0,0.4033853382125728
test,2017-M021,3,532,14,0.0,0.06655733857529657
test,2017-M021,3,532,15,1.0,0.8506025711191156
test,2017-M021,4,533,0,1.0,0.8486820840383034
test,2017-M021,4,533,1,1.0,0.5996662338701696
test,2017-M021,4,533,2,1.0,0.42039706590923154
test,2017-M021,4,533,3,1.0,0.17244522134547416
test,2017-M021,4,533,4,1.0,0.5403552684716991
test,2017-M021,4,533,5,1.0,0.4047212149854308
test,2017-M021,4,533,6,1.0,0.10749428873322041
test,2017-M021,4,533,7,0.0,0.2426476268322815
test,2017-M021,5,534,0,1.0,0.7027261062842438
test,2017-M021,5,534,1,1.0,0.7432973556025885
test,2017-M021,5,534,2,0.0,0.3411308477885502
test,2017-M021,5,534,3,1.0,0.5641843727544491
test,2017-M021,6,535,0,0.0,0.6859057685075209
test,2017-M021,6,535,1,1.0,0.6699303200961935
test,2017-M021,7,536,0,0.0,0.2579638473783031
test,2017-M024,2,563,0,1.0,0.40055458724460224
test,2017-M024,2,563,1,0.0,0.3903222470302289
test,2017-M024,2,563,2,0.0,0.8455600412098045
test,2017-M024,2,563,3,1.0,0.20483163336101334
test,2017-M024,2,563,4,0.0,0.24492845580558936
test,2017-M024,2,563,5,1.0,0.6533634904475336
test,2017-M024,2,563,6,0.0,0.7402694104234032
test,2017-M024,2,563,7,0.0,0.3185315209964529
test,2017-M024,2,563,8,1.0,0.19301431858347687
test,2017-M024,2,563,9,0.0,0.4999898164205328
test,2017-M024,2,563,10,0.0,0.6551531389935433
test,2017-M024,2,563,11,1.0,0.713017684800737
test,2017-M024,2,563,12,0.0,0.8087188105384426
test,2017-M024,2,563,13,0.0,0.40613158655065773
test,2017-M024,2,563,14,1.0,0.332286001488298
test,2017-M024,2,563,15,0.0,0.13623559833377608
test,2017-M024,2,563,16,0.0,0.38418626196522243
test,2017-M024,2,563,17,0.0,0.42208886097201403
test,2017-M024,2,563,18,0.0,0.6577612490214998
test,2017-M024,2,563,19,0.0,0.4517036798806631
test,2017-M024,2,563,20,0.0,0.2110817114233178
test,2017-M024,2,563,21,0.0,0.374340375880053
test,2017-M024,2,563,22,1.0,0.7897099347312402
test,2017-M024,2,563,23,1.0,0.3504320112828714
test,2017-M024,3,564,0,0.0,0.25577341536196757
test,2017-M024,3,564,1,0.0,0.4053296822322938
test,2017-M024,3,564,2,1.0,0.6787628810329143
test,2017-M024,3,564,3,0.0,0.7501610384761846
test,2017-M024,3,564,4,0.0,0.29247283035139393
test,2017-M024,3,564,5,0.0,0.46413853921610976
test,2017-M024,3,564,6,1.0,0.6129129349628959
test,2017-M024,3,564,7,0.0,0.1519199592884632
test,2017-M024,3,564,8,1.0,0.6627028195696215
test,2017-M024,3,564,9,1.0,0.6768804798577653
test,2017-M024,3,564,10,0.0,0.13037399678620945
test,2017-M024,3,564,11,0.0,0.7412586093029933
test,2017-M024,3,564,12,1.0,0.2964253511190333
test,2017-M024,3,564,13,0.0,0.2731983194519501
test,2017-M024,3,564,14,0.0,0.40178285650660595
test,2017-M024,3,564,15,1.0,0.6148076690609952
test,2017-M024,4,565,0,1.0,0.44809973886873705
test,2017-M024,4,565,1,0.0,0.22616216107987297
test,2017-M024,4,565,2,0.0,0.46458718674060306
test,2017-M024,4,565,3,1.0,0.7292533407226969
test,2017-M024,4,565,4,0.0,0.2937098529625814
test,2017-M024,4,565,5,0.0,0.3236600991892008
test,2017-M024,4,565,6,0.0,0.17489815433476447
test,2017-M024,4,565,7,0.0,0.18140263157864964
test,2017-M024,5,566,0,1.0,0.8340765534703076
test,2017-M024,5,566,1,1.0,0.7786362402803082
test,2017-M024,5,566,2,1.0,0.47578142004313495
test,2017-M024,5,566,3,0.0,0.7579015386231357
test,2017-M024,6,567,0,0.0,0.4780587350989233
test,2017-M024,6,567,1,0.0,0.5727349068068144
test,2017-M024,7,568,0,1.0,0.5640829354221598
test,2018-0352,2,666,0,0.0,0.2878002819235881
test,2018-0352,2,666,1,0.0,0.6831979251842512
test,2018-0352,2,666,2,0.0,0.1970440118450759
test,2018-0352,2,666,3,0.0,0.40646243256877157
test,2018-0352,2,666,4,0.0,0.35268172377862234
test,2018-0352,2,666,5,0.0,0.4800172650074779
test,2018-0352,2,666,6,0.0,0.5017278852146192
test,2018-0352,2,666,7,0.0,0.5286181827784292
test,2018-0352,2,666,8,0.0,0.3508557750018243
test,2018-0352,2,666,9,0.0,0.31505086245830455
test,2018-0352,2,666,10,1.0,0.47594688485813336
test,2018-0352,2,666,11,0.0,0.3111260959201047
test,2018-0352,2,666,12,0.0,0.7404074357963077
test,2018-0352,2,666,13,1.0,0.46686202343287875
test,2018-0352,2,666,14,0.0,0.42021348222388943
test,2018-0352,2,666,15,1.0,0.6552605384427963
test,2018-0352,3,667,0,1.0,0.4736307906303698
test,2018-0352,3,667,1,0.0,0.6972037230315095
test,2018-0352,3,667,2,1.0,0.7291731866378585
test,2018-0352,3,667,3,1.0,0.7098102570898531
test,2018-0352,3,667,4,1.0,0.8749979830563472
test,2018-0352,3,667,5,0.0,0.42374466578882947
test,2018-0352,3,667,6,1.0,0.805683717336039
test,2018-0352,3,667,7,0.0,0.23943491726712685
test,2018-0352,3,667,8,0.0,0.43549531815380704
test,2018-0352,3,667,9,0.0,0.27876913902244516
test,2018-0352,3,667,10,0.0,0.25215024603829284
test,2018-0352,3,667,11,0.0,0.23647323846285162
test,2018-0352,3,667,12,1.0,0.6700222087752739
test,2018-0352,3,667,13,0.0,0.47843362024731534
test,2018-0352,3,667,14,0.0,0.43080960507418337
test,2018-0352,3,667,15,1.0,0.7612632546006114
test,2018-0352,4,668,0,1.0,0.6776526269409713
test,2018-0352,4,668,1,0.0,0.10679775536398284
test,2018-0352,4,668,2,1.0,0.5668444342185717
test,2018-0352,4,668,3,0.0,0.27056219685131794
test,2018-0352,4,668,4,1.0,0.6682622344297245
test,2018-0352,4,668,5,0.0,0.7016832494353429
test,2018-0352,4,668,6,1.0,0.7175280533807639
test,2018-0352,4,668,7,0.0,0.3360226536981059
test,2018-0352,5,669,0,1.0,0.7294471184293342
test,2018-0352,5,669,1,1.0,0.5031177728563476
test,2018-0352,5,669,2,1.0,0.24874488280955814
test,2018-0352,5,669,3,1.0,0.6903083381022024
test,2018-0352,6,670,0,0.0,0.3205506875651528
test,2018-0352,6,670,1,0.0,0.7645221896086783
test,2018-0352,7,671,0,1.0,0.12431965746686718
test,2018-0410,2,609,0,0.0,0.4933822989873953
test,2018-0410,2,609,1,1.0,0.31332639401023565
test,2018-0410,2,609,2,1.0,0.9032624451104172
test,2018-0410,2,609,3,0.0,0.47767199881609873
test,2018-0410,2,609,4,0.0,0.4401787322042063
test,2018-0410,2,609,5,1.0,0.6074817285998685
test,2018-0410,2,609,6,0.0,0.4933773907195168
test,2018-0410,2,609,7,1.0,0.8432999797677629
test,2018-0410,2,609,8,1.0,0.6309543984700673
test,2018-0410,2,609,9,0.0,0.3592259658027456
test,2018-0410,2,609,10,1.0,0.7160995308015164
test,2018-0410,2,609,11,1.0,0.36484444608641875
test,2018-0410,2,609,12,0.0,0.5159414785142367
test,2018-0410,2,609,13,1.0,0.853278691004388
test,2018-0410,2,609,14,1.0,0.5928252194647734
test,2018-0410,2,609,15,0.0,0.3118968681825117
test,2018-0410,2,609,16,0.0,0.4036074230516522
test,2018-0410,2,609,17,0.0,0.08598077264448094
test,2018-0410,2,609,18,0.0,0.4210754202413854
test,2018-0410,2,609,19,1.0,0.6784383175329508
test,2018-0410,2,609,20,1.0,0.4549500611840959
test,2018-0410,2,609,21,0.0,0.5000206721303315
test,2018-0410,2,609,22,1.0,0.684415348833278
test,2018-0410,2,609,23,1.0,0.6375716702059574
test,2018-0410,3,610,0,0.0,0.10169249459664338
test,2018-0410,3,610,1,0.0,0.7217388851604256
test,2018-0410,3,610,2,0.0,0.14057248018311194
test,2018-0410,3,610,3,1.0,0.8103981239481309
test,2018-0410,3,610,4,1.0,0.28720659732353726
test,2018-0410,3,610,5,1.0,0.3783563213157931
test,2018-0410,3,610,6,0.0,0.3577804626632469
test,2018-0410,3,610,7,1.0,0.8809466138900804
test,2018-0410,3,610,8,1.0,0.6888364372663032
test,2018-0410,3,610,9,1.0,0.7832596829760139
test,2018-0410,3,610,10,0.0,0.32077509906889873
test,2018-0410,3,610,11,0.0,0.4560824445731205
test,2018-0410,3,610,12,1.0,0.36147835583141186
test,2018-0410,3,610,13,1.0,0.8768575597179916
test,2018-0410,3,610,14,1.0,0.8602385396388564
test,2018-0410,3,610,15,1.0,0.6988221180094774
test,2018-0410,4,611,0,0.0,0.49290932870913823
test,2018-0410,4,611,1,1.0,0.8038979344774626
test,2018-0410,4,611,2,0.0,0.24533156096799613
test,2018-0410,4,611,3,0.0,0.4407594733234834
test,2018-0410,4,611,4,0.0,0.2484831945478093
test,2018-0410,4,611,5,0.0,0.7559801232658059
test,2018-0410,4,611,6,1.0,0.9000204892646574
test,2018-0410,4,611,7,1.0,0.7387239654052371
test,2018-0410,5,612,0,1.0,0.5505049390669217
test,2018-0410,5,612,1,0.0,0.5675726159314959
test,2018-0410,5,612,2,1.0,0.4322795386599992
test,2018-0410,5,612,3,1.0,0.7136237531364304
test,2018-0410,6,613,0,1.0,0.6694780782224043
test,2018-0410,6,613,1,1.0,0.7309744878192515
test,2018-0410,7,614,0,0.0,0.32946811310726826
test,2018-0421,2,641,0,0.0,0.3668249107107819
test,2018-0421,2,641,1,0.0,0.8178128312583326
test,2018-0421,2,641,2,1.0,0.26017260769427597
test,2018-0421,2,641,3,0.0,0.05206090059680721
test,2018-0421,2,641,4,1.0,0.4981281390616243
test,2018-0421,2,641,5,0.0,0.6063258614496689
test,2018-0421,2,641,6,0.0,0.5093014015500182
test,2018-0421,2,641,7,1.0,0.3212567693387144
test,2018-0421,2,641,8,1.0,0.6665384005336293
test,2018-0421,2,641,9,0.0,0.5351342904370492
test,2018-0421,2,641,10,0.0,0.45017957591022273
test,2018-0421,2,641,11,0.0,0.28036520435737217
test,2018-0421,2,641,12,0.0,0.6705914054934621
test,2018-0421,2,641,13,0.0,0.8269354543709831
test,2018-0421,2,641,14,1.0,0.7275471546448403
test,2018-0421,2,641,15,0.0,0.398192363775597
test,2018-0421,2,641,16,1.0,0.5900534009764986
test,2018-0421,2,641,17,1.0,0.3022222940543116
test,2018-0421,2,641,18,1.0,0.6221916222122833
test,2018-0421,2,641,19,0.0,0.48622826473003655
test,2018-0421,2,641,20,0.0,0.3217286279518513
test,2018-0421,2,641,21,1.0,0.17982385300302856
test,2018-0421,2,641,22,1.0,0.3846641263340703
test,2018-0421,2,641,23,1.0,0.5454617426091298
test,2018-0421,3,642,0,0.0,0.14277739884752302
test,2018-0421,3,642,1,0.0,0.15145430806955382
test,2018-0421,3,642,2,1.0,0.5159216374826495
test,2018-0421,3,642,3,1.0,0.6904355945717788
test,2018-0421,3,642,4,0.0,0.4793214952093056
test,2018-0421,3,642,5,1.0,0.661099315971683
test,2018-0421,3,642,6,0.0,0.6825843754151786
test,2018-0421,3,642,7,1.0,0.7633357516673379
test,2018-0421,3,642,8,1.0,0.18739806078548388
test,2018-0421,3,642,9,1.0,0.3007944897354176
test,2018-0421,3,642,10,0.0,0.7091468723195576
test,2018-0421,3,642,11,1.0,0.7671456272391954
test,2018-0421,3,642,12,1.0,0.938905908673996
test,2018-0421,3,642,13,0.0,0.8447404757997647
test,2018-0421,3,642,14,0.0,0.1193877679358896
test,2018-0421,3,642,15,1.0,0.6605572911332446
test,2018-0421,4,643,0,1.0,0.8097678928574432
test,2018-0421,4,643,1,0.0,0.9208638082109996
test,2018-0421,4,643,2,1.0,0.7906367620642523
test,2018-0421,4,643,3,0.0,0.7598628091795923
test,2018-0421,4,643,4,1.0,0.5071875250384638
test,2018-0421,4,643,5,1.0,0.7000420304644865
test,2018-0421,4,643,6,1.0,0.7404748379961339
test,2018-0421,4,643,7,0.0,0.14742232778264788
test,2018-0421,5,644,0,1.0,0.18845403659032708
test,2018-0421,5,644,1,1.0,0.43659637296338816
test,2018-0421,5,644,2,1.0,0.4969204586915953
test,2018-0421,5,644,3,0.0,0.274366334406625
test,2018-0421,6,645,0,1.0,0.896612755243688
test,2018-0421,6,645,1,0.0,0.7710106932239441
test,2018-0421,7,646,0,0.0,0.08505975651114153
test,2018-5014,2,660,0,1.0,0.42098219041355583
test,2018-5014,2,660,1,0.0,0.34212542716763
test,2018-5014,2,660,2,1.0,0.682673874915237
test,2018-5014,2,660,3,0.0,0.7124118852402285
test,2018-5014,2,660,4,0.0,0.729792377897386
test,2018-5014,2,660,5,0.0,0.5359665028164051
test,2018-5014,2,660,6,1.0,0.3174691975711234
test,2018-5014,2,660,7,0.0,0.56940929386988
test,2018-5014,2,660,8,0.0,0.6195612208622562
test,2018-5014,2,660,9,1.0,0.6816939857687554
test,2018-5014,2,660,10,1.0,0.3929162920237481
test,2018-5014,2,660,11,0.0,0.6714584408550888
test,2018-5014,2,660,12,1.0,0.3985699112707107
test,2018-5014,2,660,13,0.0,0.7198907425171165
test,2018-5014,2,660,14,0.0,0.6102365335290733
test,2018-5014,2,660,15,1.0,0.19080197071237592
test,2018-5014,2,660,16,0.0,0.629514165532814
test,2018-5014,2,660,17,1.0,0.6748801277417344
test,2018-5014,2,660,18,0.0,0.856169548540937
test,2018-5014,2,660,19,0.0,0.5472603824827859
test,2018-5014,2,660,20,1.0,0.4177501614472958
test,2018-5014,2,660,21,0.0,0.5011297682425963
test,2018-5014,2,660,22,0.0,0.30650292847915117
test,2018-5014,2,660,23,0.0,0.24389380571735386
test,2018-5014,3,661,0,1.0,0.803134983416161
test,2018-5014,3,661,1,0.0,0.18507961876380566
test,2018-5014,3,661,2,0.0,0.4160890788225838
test,2018-5014,3,661,3,1.0,0.896038294118859
test,2018-5014,3,661,4,0.0,0.21136944306388733
test,2018-5014,3,661,5,1.0,0.6589957677636338
test,2018-5014,3,661,6,0.0,0.494256205323344
test,2018-5014,3,661,7,1.0,0.15016406990083014
test,2018-5014,3,661,8,0.0,0.3971714436307461
test,2018-5014,3,661,9,1.0,0.15119562690855826
test,2018-5014,3,661,10,1.0,0.3040040924449121
test,2018-5014,3,661,11,0.0,0.2182270286701623
test,2018-5014,3,661,12,0.0,0.2764101652239279
test,2018-5014,3,661,13,0.0,0.5979871199642223
test,2018-5014,3,661,14,0.0,0.5771325078879112
test,2018-5014,3,661,15,1.0,0.8298962106088121
test,2018-5014,4,662,0,0.0,0.26054231537252864
test,2018-5014,4,662,1,1.0,0.8795934243995083
test,2018-5014,4,662,2,1.0,0.8154045953853366
test,2018-5014,4,662,3,0.0,0.2707188320886321
test,2018-5014,4,662,4,0.0,0.5941722229232368
test,2018-5014,4,662,5,1.0,0.7241658343677263
test,2018-5014,4,662,6,1.0,0.5886469056644287
test,2018-5014,4,662,7,0.0,0.5636606103176063
test,2018-5014,5,663,0,1.0,0.7292532323578551
test,2018-5014,5,663,1,1.0,0.6872700267486781
test,2018-5014,5,663,2,1.0,0.7575330693222543
test,2018-5014,5,663,3,1.0,0.46574352903337474
test,2018-5014,6,664,0,1.0,0.6787082724975209
test,2018-5014,6,664,1,0.0,0.656249336823742
test,2018-5014,7,665,0,1.0,0.7587269447378872
test,2018-520,1,627,0,0.0,0.26842034743202803
test,2018-520,1,627,1,0.0,0.5350660643228805
test,2018-520,1,627,2,0.0,0.2939278737756992
test,2018-520,1,627,3,1.0,0.26626644532944893
test,2018-520,1,627,4,1.0,0.6734247594937591
test,2018-520,1,627,5,0.0,0.5114270338459204
test,2018-520,1,627,6,0.0,0.13242652467801375
test,2018-520,1,627,7,0.0,0.24980090394604826
test,2018-520,1,627,8,0.0,0.6607281048266339
test,2018-520,1,627,9,0.0,0.6716053491903323
test,2018-520,1,627,10,0.0,0.1911066244049646
test,2018-520,1,627,11,0.0,0.5472911385904372
test,2018-520,1,627,12,0.0,0.657001665251171
test,2018-520,1,627,13,0.0,0.11036429619575105
test,2018-520,1,627,14,1.0,0.7283956480647851
test,2018-520,1,627,15,1.0,0.37975083832559625
test,2018-520,1,627,16,1.0,0.6592234583062413
test,2018-520,1,627,17,0.0,0.7587651819706884
test,2018-520,1,627,18,0.0,0.37865655151024447
test,2018-520,1,627,19,1.0,0.5540272155329099
test,2018-520,1,627,20,0.0,0.4721413277494251
test,2018-520,1,627,21,1.0,0.8184324180941678
test,2018-520,1,627,22,1.0,0.1264324414333151
test,2018-520,1,627,23,0.0,0.44523211754191905
test,2018-520,1,627,24,1.0,0.3293723695257219
test,2018-520,1,627,25,1.0,0.543050504166599
test,2018-520,1,627,26,1.0,0.4426483137427487
test,2018-520,1,627,27,1.0,0.3541110188500258
test,2018-520,1,627,28,0.0,0.0607556033795108
test,2018-520,1,627,29,0.0,0.1539357880640098
test,2018-520,1,627,30,0.0,0.4012415871259423
test,2018-520,1,627,31,0.0,0.5448108239756992
test,2018-520,1,627,32,1.0,0.5456404691747535
test,2018-520,1,627,33,0.0,0.18147834161875354
test,2018-520,1,627,34,1.0,0.6881012353825018
test,2018-520,1,627,35,1.0,0.5921721155041272
test,2018-520,1,627,36,0.0,0.32817741878795736
test,2018-520,1,627,37,1.0,0.672726565960239
test,2018-520,1,627,38,1.0,0.38122796019366806
test,2018-520,1,627,39,1.0,0.7228817922085935
test,2018-520,1,627,40,0.0,0.31832841578083426
test,2018-520,1,627,41,1.0,0.7160924119443889
test,2018-520,1,627,42,1.0,0.7980053726616904
test,2018-520,1,627,43,0.0,0.07782263901490172
test,2018-520,1,627,44,1.0,0.3941075295851994
test,2018-520,1,627,45,0.0,0.403736442475648
test,2018-520,1,627,46,1.0,0.665110605768581
test,2018-520,1,627,47,0.0,0.09251952033281607
test,2018-520,1,627,48,0.0,0.09557551811819276
test,2018-520,1,627,49,0.0,0.8223398119267669
test,2018-520,1,627,50,0.0,0.7099276456289252
test,2018-520,1,627,51,1.0,0.7169001038156153
test,2018-520,1,627,52,0.0,0.7852086968637277
test,2018-520,1,627,53,0.0,0.11887639231979831
test,2018-520,1,627,54,0.0,0.7251352511495818
test,2018-520,1,627,55,0.0,0.5165637089047552
test,2018-520,1,627,56,0.0,0.5044642279702591
test,2018-520,1,627,57,0.0,0.31136891536859623
test,2018-520,1,627,58,1.0,0.8058153380977855
test,2018-520,1,627,59,0.0,0.5914051306696821
test,2018-520,1,627,60,0.0,0.851444834504415
test,2018-520,1,627,61,0.0,0.06036613687163666
test,2018-520,1,627,62,1.0,0.7041617914587062
test,2018-520,1,627,63,0.0,0.1691351004040194
test,2018-520,2,628,0,0.0,0.17098817498148278
test,2018-520,2,628,1,0.0,0.2752094234021816
test,2018-520,2,628,2,1.0,0.8326172720724339
test,2018-520,2,628,3,1.0,0.9560043033082859
test,2018-520,2,628,4,1.0,0.7754538018007142
test,2018-520,2,628,5,1.0,0.49562226694910827
test,2018-520,2,628,6,0.0,0.6679763175554042
test,2018-520,2,628,7,1.0,0.7660813676713242
test,2018-520,2,628,8,0.0,0.4304150252337029
test,2018-520,2,628,9,1.0,0.8082590199727465
test,2018-520,2,628,10,1.0,0.5267552146750537
test,2018-520,2,628,11,0.0,0.12739519219649156
test,2018-520,2,628,12,1.0,0.7692695849927367
test,2018-520,2,628,13,1.0,0.7806410128007707
test,2018-520,2,628,14,1.0,0.72803796744331
test,2018-520,2,628,15,0.0,0.17251273140637446
test,2018-520,2,628,16,0.0,0.6353530997523288
test,2018-520,2,628,17,1.0,0.7970580712098858
test,2018-520,2,628,18,0.0,0.27019121489669345
test,2018-520,2,628,19,1.0,0.8303998660725261
test,2018-520,2,628,20,0.0,0.3753386797244762
test,2018-520,2,628,21,1.0,0.9101052367028454
test,2018-520,2,628,22,0.0,0.39490639528664256
test,2018-520,2,628,23,0.0,0.38869383216301656
test,2018-520,2,628,24,1.0,0.7621364799499786
test,2018-520,2,628,25,1.0,0.6104291944794633
test,2018-520,2,628,26,1.0,0.35528435991307045
test,2018-520,2,628,27,1.0,0.3332479713540901
test,2018-520,2,628,28,1.0,0.9110618048394462
test,2018-520,2,628,29,1.0,0.7972511140561656
test,2018-520,2,628,30,0.0,0.21155200035865454
test,2018-520,2,628,31,1.0,0.914857855975112
test,2018-520,3,629,0,0.0,0.27963440755289665
test,2018-520,3,629,1,1.0,0.611786531713738
test,2018-520,3,629,2,0.0,0.2174931142145574
test,2018-520,3,629,3,1.0,0.3124332801259525
test,2018-520,3,629,4,0.0,0.10450867802413244
test,2018-520,3,629,5,1.0,0.31053270969914404
test,2018-520,3,629,6,1.0,0.7736279490695268
test,2018-520,3,629,7,0.0,0.8040967738146964
test,2018-520,3,629,8,0.0,0.3376384295115501
test,2018-520,3,629,9,0.0,0.4958999735603556
test,2018-520,3,629,10,1.0,0.7722220616935007
test,2018-520,3,629,11,1.0,0.6320672436915017
test,2018-520,3,629,12,0.0,0.2350786281611816
test,2018-520,3,629,13,0.0,0.2856897590240307
test,2018-520,3,629,14,0.0,0.5570886255249887
test,2018-520,3,629,15,1.0,0.7823215088338323
test,2018-520,4,630,0,1.0,0.8018375988665326
test,2018-520,4,630,1,0.0,0.5363784362635267
test,2018-520,4,630,2,0.0,0.1431675981963201
test,2018-520,4,630,3,1.0,0.11585384467697976
test,2018-520,4,630,4,0.0,0.6227317622154008
test,2018-520,4,630,5,0.0,0.3203133225478076
test,2018-520,4,630,6,1.0,0.375647153115246
test,2018-520,4,630,7,1.0,0.9387911490613335
test,2018-520,5,631,0,0.0,0.4329771009482961
test,2018-520,5,631,1,1.0,0.060403692284793156
test,2018-520,5,631,2,0.0,0.6825763130196391
test,2018-520,5,631,3,0.0,0.14055651432635777
test,2018-520,6,632,0,1.0,0.8733203214895068
test,2018-520,6,632,1,0.0,0.17603939105453373
test,2018-520,7,633,0,1.0,0.7149799034474987
test,2018-540,1,634,0,1.0,0.6587172453213191
test,2018-540,1,634,1,0.0,0.5045858695454722
test,2018-540,1,634,2,0.0,0.35631839493916484
test,2018-540,1,634,3,1.0,0.24520452418873998
test,2018-540,1,634,4,0.0,0.32183626074170446
test,2018-540,1,634,5,0.0,0.7179437940499437
test,2018-540,1,634,6,0.0,0.1036549178541014
test,2018-540,1,634,7,0.0,0.10499582965892218
test,2018-540,1,634,8,1.0,0.6893522616598446
test,2018-540,1,634,9,1.0,0.38037308992741026
test,2018-540,1,634,10,0.0,0.2612845728317545
test,2018-540,1,634,11,1.0,0.40045291464116944
test,2018-540,1,634,12,0.0,0.6093429656030735
test,2018-540,1,634,13,1.0,0.7198263042909492
test,2018-540,1,634,14,1.0,0.839926365721635
test,2018-540,1,634,15,1.0,0.8515199185105533
test,2018-540,1,634,16,1.0,0.7491623464041716
test,2018-540,1,634,17,1.0,0.7226680504998902
test,2018-540,1,634,18,0.0,0.3712123582176873
test,2018-540,1,634,19,0.0,0.08049209263018865
test,2018-540,1,634,20,1.0,0.7055076354594487
test,2018-540,1,634,21,1.0,0.324541123819465
test,2018-540,1,634,22,0.0,0.2715134363701353
test,2018-540,1,634,23,1.0,0.26765408271539787
test,2018-540,1,634,24,0.0,0.3146503528834256
test,2018-540,1,634,25,0.0,0.2954182973835763
test,2018-540,1,634,26,0.0,0.18502821847346893
test,2018-540,1,634,27,0.0,0.49923013400647565
test,2018-540,1,634,28,0.0,0.44105753927686286
test,2018-540,1,634,29,0.0,0.3653191540670039
test,2018-540,1,634,30,0.0,0.1471245138411104
test,2018-540,1,634,31,1.0,0.5956404096579616
test,2018-540,1,634,32,1.0,0.5885419525660461
test,2018-540,1,634,33,1.0,0.4787035580998292
test,2018-540,1,634,34,1.0,0.15975704100785204
test,2018-540,1,634,35,0.0,0.475511312085864
test,2018-540,1,634,36,1.0,0.4682408455311394
test,2018-540,1,634,37,1.0,0.4089519169728311
test,2018-540,1,634,38,1.0,0.7892905068043639
test,2018-540,1,634,39,0.0,0.7705173915322818
test,2018-540,1,634,40,0.0,0.40703861683599946
test,2018-540,1,634,41,0.0,0.8937033333550245
test,2018-540,1,634,42,1.0,0.24499886435740292
test,2018-540,1,634,43,1.0,0.7098261629881745
test,2018-540,1,634,44,0.0,0.8295763860850707
test,2018-540,1,634,45,0.0,0.6371622239879616
test,2018-540,1,634,46,0.0,0.17010262720780353
test,2018-540,1,634,47,0.0,0.2891278280669518
test,2018-540,1,634,48,1.0,0.784360194911921
test,2018-540,1,634,49,0.0,0.19553069483144672
test,2018-540,1,634,50,0.0,0.33377324222604954
test,2018-540,1,634,51,0.0,0.695835802854465
test,2018-540,1,634,52,0.0,0.11823874554092255
test,2018-540,1,634,53,1.0,0.6104959977529266
test,2018-540,1,634,54,1.0,0.2987036109858533
test,2018-540,1,634,55,0.0,0.19965287806066012
test,2018-540,1,634,56,0.0,0.3142184342177698
test,2018-540,1,634,57,1.0,0.2814827413372928
test,2018-540,1,634,58,1.0,0.7468252658175103
test,2018-540,1,634,59,0.0,0.24105897598359122
test,2018-540,1,634,60,1.0,0.9129322962690737
test,2018-540,1,634,61,1.0,0.6644278476418167
test,2018-540,1,634,62,0.0,0.2663218635949034
test,2018-540,1,634,63,0.0,0.06172113639105191
test,2018-540,2,635,0,0.0,0.08047238530083513
test,2018-540,2,635,1,0.0,0.28538150436272347
test,2018-540,2,635,2,1.0,0.8160056783244349
test,2018-540,2,635,3,0.0,0.5865163956100704
test,2018-540,2,635,4,0.0,0.17853959960441762
test,2018-540,2,635,5,0.0,0.36436602216031116
test,2018-540,2,635,6,0.0,0.19850239882378543
test,2018-540,2,635,7,1.0,0.3935887785617826
test,2018-540,2,635,8,1.0,0.3448914645800028
test,2018-540,2,635,9,1.0,0.8052934402118231
test,2018-540,2,635,10,1.0,0.8040701266078076
test,2018-540,2,635,11,0.0,0.43953294503383517
test,2018-540,2,635,12,1.0,0.4978447022763965
test,2018-540,2,635,13,0.0,0.2915533409635619
test,2018-540,2,635,14,1.0,0.1514683732528552
test,2018-540,2,635,15,1.0,0.3452725476341571
test,2018-540,2,635,16,1.0,0.437167908491868
test,2018-540,2,635,17,1.0,0.8379400822471259
test,2018-540,2,635,18,0.0,0.1763117881288538
test,2018-540,2,635,19,0.0,0.8356410810845362
test,2018-540,2,635,20,1.0,0.4632220473167596
test,2018-540,2,635,21,0.0,0.8348943286420958
test,2018-540,2,635,22,0.0,0.3019563856598601
test,2018-540,2,635,23,0.0,0.477426332923906
test,2018-540,2,635,24,1.0,0.7453323075604721
test,2018-540,2,635,25,1.0,0.32334883693552907
test,2018-540,2,635,26,0.0,0.5615647391895061
test,2018-540,2,635,27,0.0,0.36921642025714674
test,2018-540,2,635,28,1.0,0.5310064662425282
test,2018-540,2,635,29,0.0,0.08660717965565962
test,2018-540,2,635,30,1.0,0.42269321242806457
test,2018-540,2,635,31,0.0,0.10816780950888981
test,2018-540,3,636,0,1.0,0.7974395518066865
test,2018-540,3,636,1,0.0,0.3148302213551511
test,2018-540,3,636,2,1.0,0.9426226840621722
test,2018-540,3,636,3,1.0,0.29463573311333174
test,2018-540,3,636,4,0.0,0.36431445375776994
test,2018-540,3,636,5,1.0,0.18307081689647645
test,2018-540,3,636,6,0.0,0.30804677651954454
test,2018-540,3,636,7,0.0,0.12492435835465149
test,2018-540,3,636,8,1.0,0.5512586753598407
test,2018-540,3,636,9,1.0,0.4842874108700504
test,2018-540,3,636,10,0.0,0.19449190523278562
test,2018-540,3,636,11,0.0,0.10315628972645388
test,2018-540,3,636,12,0.0,0.6739346101358656
test,2018-540,3,636,13,1.0,0.6774855394114633
test,2018-540,3,636,14,0.0,0.36493334003614253
test,2018-540,3,636,15,0.0,0.14345965341705577
test,2018-540,4,637,0,0.0,0.09539878055244784
test,2018-540,4,637,1,1.0,0.5772359301715955
test,2018-540,4,637,2,1.0,0.8508703216131787
test,2018-540,4,637,3,0.0,0.09268923630673516
test,2018-540,4,637,4,0.0,0.17647149606060253
test,2018-540,4,637,5,1.0,0.8851273641374261
test,2018-540,4,637,6,0.0,0.5282239724277862
test,2018-540,4,637,7,1.0,0.791997967257873
test,2018-540,5,638,0,1.0,0.8129145024213973
test,2018-540,5,638,1,1.0,0.702142289794915
test,2018-540,5,638,2,1.0,0.43799109706899425
test,2018-540,5,638,3,1.0,0.2848690629249964
test,2018-540,6,639,0,1.0,0.5008741610011747
test,2018-540,6,639,1,1.0,0.4194634842386865
test,2018-540,7,640,0,0.0,0.18767102749957662
test,2018-560,1,653,0,1.0,0.4006222068041626
test,2018-560,1,653,1,0.0,0.1927549286339625
test,2018-560,1,653,2,0.0,0.12026402772618942
test,2018-560,1,653,3,1.0,0.4474030612147805
test,2018-560,1,653,4,0.0,0.6159858381418128
test,2018-560,1,653,5,1.0,0.8676131200552613
test,2018-560,1,653,6,1.0,0.6064211443119583
test,2018-560,1,653,7,1.0,0.5061100493298353
test,2018-560,1,653,8,0.0,0.26425650294695224
test,2018-560,1,653,9,1.0,0.4923332917639916
test,2018-560,1,653,10,1.0,0.9061343289450595
test,2018-560,1,653,11,0.0,0.4031649173506357
test,2018-560,1,653,12,0.0,0.23356522017174272
test,2018-560,1,653,13,0.0,0.24615656944795142
test,2018-560,1,653,14,0.0,0.3494108637477464
test,2018-560,1,653,15,1.0,0.8550539739408167
test,2018-560,1,653,16,1.0,0.3668790260794138
test,2018-560,1,653,17,1.0,0.11589732011520197
test,2018-560,1,653,18,0.0,0.601313813485449
test,2018-560,1,653,19,1.0,0.646760821229225
test,2018-560,1,653,20,1.0,0.898044665871058
test,2018-560,1,653,21,1.0,0.3536242807993392
test,2018-560,1,653,22,1.0,0.6775530273730389
test,2018-560,1,653,23,0.0,0.5395676439607222
test,2018-560,1,653,24,0.0,0.16213738501988859
test,2018-560,1,653,25,1.0,0.3467113925048729
test,2018-560,1,653,26,0.0,0.7209133220965472
test,2018-560,1,653,27,0.0,0.41357907519955406
test,2018-560,1,653,28,1.0,0.845281001769516
test,2018-560,1,653,29,1.0,0.8700126586978031
test,2018-560,1,653,30,0.0,0.26431062903896585
test,2018-560,1,653,31,1.0,0.4997247292723316
test,2018-560,1,653,32,0.0,0.4774399387134126
test,2018-560,1,653,33,0.0,0.1273830634428112
test,2018-560,1,653,34,0.0,0.3074751534786184
test,2018-560,1,653,35,0.0,0.23378344410979904
test,2018-560,1,653,36,0.0,0.3586058773723766
test,2018-560,1,653,37,0.0,0.3197836056085339
test,2018-560,1,653,38,1.0,0.7330973905669316
test,2018-560,1,653,39,0.0,0.17401994096463438
test,2018-560,1,653,40,0.0,0.449533862265126
test,2018-560,1,653,41,0.0,0.3727964989304525
test,2018-560,1,653,42,0.0,0.5119380621131416
test,2018-560,1,653,43,1.0,0.849675467303773
test,2018-560,1,653,44,0.0,0.24566895616019305
test,2018-560,1,653,45,0.0,0.696432368107173
test,2018-560,1,653,46,0.0,0.702754574116149
test,2018-560,1,653,47,0.0,0.06976560029933028
test,2018-560,1,653,48,0.0,0.1359444783120011
test,2018-560,1,653,49,0.0,0.24003301250733988
test,2018-560,1,653,50,1.0,0.804657854215208
test,2018-560,1,653,51,1.0,0.7330297942534167
test,2018-560,1,653,52,0.0,0.5409235499885418
test,2018-560,1,653,53,0.0,0.6669753532006087
test,2018-560,1,653,54,0.0,0.45707267494475995
test,2018-560,1,653,55,1.0,0.6133280564268505
test,2018-560,1,653,56,1.0,0.7122389103400942
test,2018-560,1,653,57,1.0,0.49857834183473293
test,2018-560,1,653,58,0.0,0.2936781342253934
test,2018-560,1,653,59,0.0,0.632299054046617
test,2018-560,1,653,60,0.0,0.1635510668028145
test,2018-560,1,653,61,1.0,0.8793965135717665
test,2018-560,1,653,62,0.0,0.5868057099488013
test,2018-560,1,653,63,0.0,0.08465494161954125
test,2018-560,2,654,0,1.0,0.7981200045327767
test,2018-560,2,654,1,0.0,0.16924117761686247
test,2018-560,2,654,2,0.0,0.3245981070359671
test,2018-560,2,654,3,1.0,0.7098367666340322
test,2018-560,2,654,4,1.0,0.795618324722636
test,2018-560,2,654,5,0.0,0.7484623038230978
test,2018-560,2,654,6,0.0,0.15399073626966786
test,2018-560,2,654,7,0.0,0.2917965986525755
test,2018-560,2,654,8,0.0,0.6746126668662945
test,2018-560,2,654,9,1.0,0.4556431647915911
test,2018-560,2,654,10,0.0,0.4594304017261316
test,2018-560,2,654,11,0.0,0.061312249994400526
test,2018-560,2,654,12,1.0,0.36952381031402587
test,2018-560,2,654,13,0.0,0.4842559059956188
test,2018-560,2,654,14,1.0,0.9105103144636344
test,2018-560,2,654,15,1.0,0.7071303237863371
test,2018-560,2,654,16,1.0,0.6799088397879626
test,2018-560,2,654,17,0.0,0.14052315535622525
test,2018-560,2,654,18,1.0,0.4834193984992847
test,2018-560,2,654,19,1.0,0.8169901624864945
test,2018-560,2,654,20,0.0,0.7497901554457359
test,2018-560,2,654,21,1.0,0.8036341139579138
test,2018-560,2,654,22,0.0,0.3034188402515217
test,2018-560,2,654,23,0.0,0.28018137754434025
test,2018-560,2,654,24,1.0,0.6869784439669684
test,2018-560,2,654,25,1.0,0.7743630539940372
test,2018-560,2,654,26,0.0,0.5251122903977896
test,2018-560,2,654,27,1.0,0.26522073503511473
test,2018-560,2,654,28,1.0,0.9046860427301795
test,2018-560,2,654,29,0.0,0.21886362478502458
test,2018-560,2,654,30,0.0,0.26011051582031847
test,2018-560,2,654,31,0.0,0.0807525511244151
test,2018-560,3,655,0,0.0,0.2759199710197086
test,2018-560,3,655,1,0.0,0.5206998626809608
test,2018-560,3,655,2,0.0,0.28615266676643547
test,2018-560,3,655,3,0.0,0.5348178102915894
test,2018-560,3,655,4,0.0,0.6240300696346628
test,2018-560,3,655,5,0.0,0.17794209806748149
test,2018-560,3,655,6,0.0,0.760888721693663
test,2018-560,3,655,7,1.0,0.8296425953184302
test,2018-560,3,655,8,0.0,0.1201767212201311
test,2018-560,3,655,9,0.0,0.47942552054885607
test,2018-560,3,655,10,1.0,0.7798374285732468
test,2018-560,3,655,11,1.0,0.7253652642392662
test,2018-560,3,655,12,0.0,0.363702417474547
test,2018-560,3,655,13,1.0,0.7369325152154805
test,2018-560,3,655,14,1.0,0.8478853507115519
test,2018-560,3,655,15,1.0,0.894418029874422
test,2018-560,4,656,0,1.0,0.13045702843572363
test,2018-560,4,656,1,0.0,0.1135848373212032
test,2018-560,4,656,2,1.0,0.7942467472054358
test,2018-560,4,656,3,1.0,0.4875806085269586
test,2018-560,4,656,4,0.0,0.5896747841445172
test,2018-560,4,656,5,1.0,0.6120697420563561
test,2018-560,4,656,6,1.0,0.6261056546806324
test,2018-560,4,656,7,0.0,0.07934910424550352
test,2018-560,5,657,0,0.0,0.07891666819704644
test,2018-560,5,657,1,0.0,0.4736299542649833
test,2018-560,5,657,2,0.0,0.5336939726570694
test,2018-560,5,657,3,0.0,0.27561283204525105
test,2018-560,6,658,0,1.0,0.712187095780517
test,2018-560,6,658,1,0.0,0.7928952926135118
test,2018-560,7,659,0,0.0,0.20838762477272305
test,2018-580,1,588,0,0.0,0.11631317656444563
test,2018-580,1,588,1,1.0,0.2447275986279697
test,2018-580,1,588,2,1.0,0.23407658453741362
test,2018-580,1,588,3,1.0,0.6933952402746857
test,2018-580,1,588,4,1.0,0.5014343122850947
test,2018-580,1,588,5,1.0,0.28524274250447795
test,2018-580,1,588,6,1.0,0.9070176058185759
test,2018-580,1,588,7,1.0,0.6199322206879188
test,2018-580,1,588,8,1.0,0.8266342259422511
test,2018-580,1,588,9,0.0,0.16089768027676044
test,2018-580,1,588,10,0.0,0.8175584888332212
test,2018-580,1,588,11,1.0,0.719508629540689
test,2018-580,1,588,12,1.0,0.9079823232669122
test,2018-580,1,588,13,1.0,0.7832540738803755
test,2018-580,1,588,14,1.0,0.6841671109121074
test,2018-580,1,588,15,1.0,0.36793718534355174
test,2018-580,1,588,16,1.0,0.5146524415168051
test,2018-580,1,588,17,1.0,0.597187253506685
test,2018-580,1,588,18,0.0,0.2825022048846041
test,2018-580,1,588,19,0.0,0.16160457496605143
test,2018-580,1,588,20,0.0,0.1737056356140373
test,2018-580,1,588,21,1.0,0.11461135035599988
test,2018-580,1,588,22,1.0,0.7240335341122809
test,2018-580,1,588,23,0.0,0.5700519724173329
test,2018-580,1,588,24,1.0,0.6213450238630864
test,2018-580,1,588,25,0.0,0.5108408071638122
test,2018-580,1,588,26,0.0,0.6625338543921715
test,2018-580,1,588,27,0.0,0.28482159110508715
test,2018-580,1,588,28,1.0,0.9193623138052256
test,2018-580,1,588,29,0.0,0.2649346796488501
test,2018-580,1,588,30,1.0,0.6464249571422747
test,2018-580,1,588,31,1.0,0.7859287726117721
test,2018-580,1,588,32,1.0,0.4421446592397506
test,2018-580,1,588,33,0.0,0.7834885227558794
test,2018-580,1,588,34,0.0,0.13520165685128926
test,2018-580,1,588,35,1.0,0.12953377160443255
test,2018-580,1,588,36,1.0,0.7850378829314446
test,2018-580,1,588,37,0.0,0.6249722138294248
test,2018-580,1,588,38,0.0,0.6168636085231295
test,2018-580,1,588,39,1.0,0.657282738569063
test,2018-580,1,588,40,1.0,0.6556968544111937
test,2018-580,1,588,41,0.0,0.5993549208236987
test,2018-580,1,588,42,0.0,0.08654776912611369
test,2018-580,1,588,43,0.0,0.2640068380600067
test,2018-580,1,588,44,1.0,0.41601509373074774
test,2018-580,1,588,45,1.0,0.5989731961291196
test,2018-580,1,588,46,1.0,0.9091349632006246
test,2018-580,1,588,47,1.0,0.7943192080938398
test,2018-580,1,588,48,0.0,0.6634000185673916
test,2018-580,1,588,49,1.0,0.3823384555798651
test,2018-580,1,588,50,0.0,0.5329530735869181
test,2018-580,1,588,51,0.0,0.1752773038682105
test,2018-580,1,588,52,0.0,0.5936676984278207
test,2018-580,1,588,53,0.0,0.2411216375503755
test,2018-580,1,588,54,0.0,0.1685181434668379
test,2018-580,1,588,55,1.0,0.30157901932641296
test,2018-580,1,588,56,1.0,0.49917374081016996
test,2018-580,1,588,57,1.0,0.31899771694895973
test,2018-580,1,588,58,0.0,0.11241721958969579
test,2018-580,1,588,59,0.0,0.08278628809421841
test,2018-580,1,588,60,1.0,0.895513139477181
test,2018-580,1,588,61,1.0,0.7101650496813405
test,2018-580,1,588,62,1.0,0.6901802312777982
test,2018-580,1,588,63,1.0,0.18740185523688682
test,2018-580,2,589,0,0.0,0.26221092734278484
test,2018-580,2,589,1,1.0,0.17500538890795964
test,2018-580,2,589,2,0.0,0.9229923090908743
test,2018-580,2,589,3,0.0,0.18148039610975752
test,2018-580,2,589,4,1.0,0.6301704845073224
test,2018-580,2,589,5,1.0,0.19921055313492822
test,2018-580,2,589,6,0.0,0.8508861715484207
test,2018-580,2,589,7,0.0,0.23044575216607205
test,2018-580,2,589,8,1.0,0.8378612132572616
test,2018-580,2,589,9,1.0,0.39230833009125526
test,2018-580,2,589,10,0.0,0.3605419402179454
test,2018-580,2,589,11,0.0,0.1942904204823867
test,2018-580,2,589,12,0.0,0.16947763860998383
test,2018-580,2,589,13,0.0,0.2208020859222838
test,2018-580,2,589,14,0.0,0.3697027778826701
test,2018-580,2,589,15,1.0,0.5939021022770369
test,2018-580,2,589,16,0.0,0.43426740462897045
test,2018-580,2,589,17,1.0,0.8465904740374083
test,2018-580,2,589,18,0.0,0.3531386985269225
test,2018-580,2,589,19,0.0,0.5557533216528144
test,2018-580,2,589,20,0.0,0.1052929037761663
test,2018-580,2,589,21,0.0,0.27240241203174637
test,2018-580,2,589,22,0.0,0.6760575950958491
test,2018-580,2,589,23,0.0,0.39298814148812206
test,2018-580,2,589,24,0.0,0.663403278562738
test,2018-580,2,589,25,0.0,0.12061144966966839
test,2018-580,2,589,26,1.0,0.7750721824919314
test,2018-580,2,589,27,1.0,0.5473384466059145
test,2018-580,2,589,28,0.0,0.3651234073397484
test,2018-580,2,589,29,0.0,0.11471221738612554
test,2018-580,2,589,30,0.0,0.09075338328647568
test,2018-580,2,589,31,0.0,0.35913624848712417
test,2018-580,3,590,0,1.0,0.7258840816242974
test,2018-580,3,590,1,1.0,0.4565635367754686
test,2018-580,3,590,2,0.0,0.2830397273199588
test,2018-580,3,590,3,1.0,0.4846618412395604
test,2018-580,3,590,4,0.0,0.20149272997423964
test,2018-580,3,590,5,0.0,0.7232511685116052
test,2018-580,3,590,6,0.0,0.13206771855596336
test,2018-580,3,590,7,1.0,0.5036066096930504
test,2018-580,3,590,8,0.0,0.2914164625117579
test,2018-580,3,590,9,1.0,0.4787245046733996
test,2018-580,3,590,10,1.0,0.5869059714716475
test,2018-580,3,590,11,1.0,0.43164815963048875
test,2018-580,3,590,12,1.0,0.8267700044854333
test,2018-580,3,590,13,0.0,0.19572309661238085
test,2018-580,3,590,14,0.0,0.41606251655930165
test,2018-580,3,590,15,1.0,0.9089341295727722
test,2018-580,4,591,0,0.0,0.0692471980958734
test,2018-580,4,591,1,0.0,0.26262875642681827
test,2018-580,4,591,2,0.0,0.9317748492795699
test,2018-580,4,591,3,0.0,0.8922758967445626
test,2018-580,4,591,4,0.0,0.537827970391204
test,2018-580,4,591,5,1.0,0.5731505683518507
test,2018-580,4,591,6,1.0,0.7108303307751396
test,2018-580,4,591,7,1.0,0.8827763188220864
test,2018-580,5,592,0,0.0,0.4150849404717869
test,2018-580,5,592,1,0.0,0.3253808997273926
test,2018-580,5,592,2,1.0,0.20797659122733014
test,2018-580,5,592,3,1.0,0.24076616052038396
test,2018-580,6,593,0,0.0,0.1138134790872025
test,2018-580,6,593,1,1.0,0.7811295254603524
test,2018-580,7,594,0,0.0,0.3168391148256251
test,2018-M006,1,595,0,0.0,0.5171796385372709
test,2018-M006,1,595,1,1.0,0.2820380681506648
test,2018-M006,1,595,2,1.0,0.3148138716844764
test,2018-M006,1,595,3,1.0,0.44409093519056503
test,2018-M006,1,595,4,1.0,0.6355019856603578
test,2018-M006,1,595,5,0.0,0.5702107961688238
test,2018-M006,1,595,6,0.0,0.4952667107558587
test,2018-M006,1,595,7,1.0,0.2627635065669789
test,2018-M006,1,595,8,0.0,0.47160028102378976
test,2018-M006,1,595,9,1.0,0.7201890856190667
test,2018-M006,1,595,10,1.0,0.6136296229837388
test,2018-M006,1,595,11,0.0,0.40625670624751176
test,2018-M006,1,595,12,0.0,0.6558260888101167
test,2018-M006,1,595,13,0.0,0.6304506159518899
test,2018-M006,1,595,14,1.0,0.5354864593065147
test,2018-M006,1,595,15,0.0,0.40835148542639865
test,2018-M006,1,595,16,1.0,0.8369107815745364
test,2018-M006,1,595,17,0.0,0.7283441562447522
test,2018-M006,1,595,18,0.0,0.340729197600174
test,2018-M006,1,595,19,0.0,0.7712476236450339
test,2018-M006,1,595,20,1.0,0.2609286200192532
test,2018-M006,1,595,21,1.0,0.5662587771396136
test,2018-M006,1,595,22,0.0,0.34539408504181107
test,2018-M006,1,595,23,1.0,0.6304472273771698
test,2018-M006,1,595,24,0.0,0.48595295532144517
test,2018-M006,1,595,25,0.0,0.4169426433685942
test,2018-M006,1,595,26,0.0,0.7274531477072285
test,2018-M006,1,595,27,1.0,0.403015515924061
test,2018-M006,1,595,28,0.0,0.5070987805036817
test,2018-M006,1,595,29,1.0,0.23247066352319842
test,2018-M006,1,595,30,1.0,0.4878458610583293
test,2018-M006,1,595,31,0.0,0.3471170532675045
test,2018-M006,2,596,0,1.0,0.7635599766727004
test,2018-M006,2,596,1,0.0,0.38627058979897
test,2018-M006,2,596,2,0.0,0.16467144423939567
test,2018-M006,2,596,3,0.0,0.5638861655869065
test,2018-M006,2,596,4,0.0,0.32636567387792037
test,2018-M006,2,596,5,0.0,0.4947972808333087
test,2018-M006,2,596,6,1.0,0.6941383791437978
test,2018-M006,2,596,7,0.0,0.13512566988889274
test,2018-M006,2,596,8,1.0,0.3139955788906945
test,2018-M006,2,596,9,0.0,0.5159791797625002
test,2018-M006,2,596,10,1.0,0.4134723506433497
test,2018-M006,2,596,11,0.0,0.2320055137667507
test,2018-M006,2,596,12,1.0,0.6020089063958531
test,2018-M006,2,596,13,1.0,0.8768505191008157
test,2018-M006,2,596,14,1.0,0.3417217935070929
test,2018-M006,2,596,15,1.0,0.7352861473445058
test,2018-M006,2,596,16,1.0,0.5787168744883321
test,2018-M006,2,596,17,1.0,0.7493075975265713
test,2018-M006,2,596,18,1.0,0.8019221069312826
test,2018-M006,2,596,19,0.0,0.38164543951356905
test,2018-M006,2,596,20,1.0,0.2070013152865609
test,2018-M006,2,596,21,0.0,0.6020266389279283
test,2018-M006,2,596,22,1.0,0.418595106760015
test,2018-M006,2,596,23,0.0,0.1171497311403253
test,2018-M006,2,596,24,1.0,0.4175760376958652
test,2018-M006,2,596,25,0.0,0.17533538675312935
test,2018-M006,2,596,26,0.0,0.38741648382901495
test,2018-M006,2,596,27,0.0,0.91042853208766
test,2018-M006,2,596,28,1.0,0.7246993072353854
test,2018-M006,2,596,29,0.0,0.5583477106184112
test,2018-M006,2,596,30,1.0,0.47356939769968315
test,2018-M006,2,596,31,1.0,0.850754817499638
test,2018-M006,3,597,0,1.0,0.24650076349534444
test,2018-M006,3,597,1,0.0,0.285716113980809
test,2018-M006,3,597,2,1.0,0.6051807102520378
test,2018-M006,3,597,3,0.0,0.6787847685516571
test,2018-M006,3,597,4,1.0,0.24256105872958744
test,2018-M006,3,597,5,1.0,0.5199358804098551
test,2018-M006,3,597,6,1.0,0.7736875554949939
test,2018-M006,3,597,7,1.0,0.7867735353802888
test,2018-M006,3,597,8,0.0,0.13573475572059643
test,2018-M006,3,597,9,0.0,0.5289696353258668
test,2018-M006,3,597,10,0.0,0.8068642602476069
test,2018-M006,3,597,11,1.0,0.3103245706961741
test,2018-M006,3,597,12,1.0,0.32302180420020155
test,2018-M006,3,597,13,0.0,0.7052370475801207
test,2018-M006,3,597,14,1.0,0.7290742631382705
test,2018-M006,3,597,15,1.0,0.41003221831576736
test,2018-M006,4,598,0,0.0,0.23571554351980428
test,2018-M006,4,598,1,1.0,0.3479415424849577
test,2018-M006,4,598,2,1.0,0.6551939333085981
test,2018-M006,4,598,3,1.0,0.5647023796516877
test,2018-M006,4,598,4,0.0,0.5671044852711608
test,2018-M006,4,598,5,1.0,0.7825615800925895
test,2018-M006,4,598,6,0.0,0.4196769190549159
test,2018-M006,4,598,7,1.0,0.5511480386484117
test,2018-M006,5,599,0,1.0,0.8341946916719954
test,2018-M006,5,599,1,1.0,0.4058468875464506
test,2018-M006,5,599,2,0.0,0.3018724056474386
test,2018-M006,5,599,3,1.0,0.5529675047013799
test,2018-M006,6,600,0,0.0,0.726435032527056
test,2018-M006,6,600,1,1.0,0.7703219206599887
test,2018-M006,7,601,0,1.0,0.21288100414047142
test,2018-M007,1,602,0,1.0,0.5030715606855444
test,2018-M007,1,602,1,0.0,0.6993666616164275
test,2018-M007,1,602,2,1.0,0.49390796541950105
test,2018-M007,1,602,3,0.0,0.4616790917248572
test,2018-M007,1,602,4,0.0,0.4530194374726702
test,2018-M007,1,602,5,0.0,0.38775182978666467
test,2018-M007,1,602,6,0.0,0.3984742090469327
test,2018-M007,1,602,7,0.0,0.5005395411597933
test,2018-M007,1,602,8,0.0,0.7057441486055429
test,2018-M007,1,602,9,1.0,0.41677906785197644
test,2018-M007,1,602,10,0.0,0.2554717492072079
test,2018-M007,1,602,11,0.0,0.3759133002217696
test,2018-M007,1,602,12,1.0,0.5120415552067089
test,2018-M007,1,602,13,0.0,0.825308025145235
test,2018-M007,1,602,14,0.0,0.4731210595295899
test,2018-M007,1,602,15,1.0,0.6327954843244578
test,2018-M007,1,602,16,0.0,0.4594664312859393
test,2018-M007,1,602,17,1.0,0.4298543658926852
test,2018-M007,1,602,18,1.0,0.529057123489954
test,2018-M007,1,602,19,1.0,0.4872572979830457
test,2018-M007,1,602,20,0.0,0.4805670842354804
test,2018-M007,1,602,21,1.0,0.3770108504385131
test,2018-M007,1,602,22,0.0,0.43627989549325175
test,2018-M007,1,602,23,1.0,0.4494465397611448
test,2018-M007,1,602,24,1.0,0.6417028288606128
test,2018-M007,1,602,25,0.0,0.3510561293286878
test,2018-M007,1,602,26,1.0,0.6396384047474067
test,2018-M007,1,602,27,0.0,0.2811497182539827
test,2018-M007,1,602,28,1.0,0.6241594074961879
test,2018-M007,1,602,29,0.0,0.40263216746347685
test,2018-M007,1,602,30,0.0,0.6362308718941132
test,2018-M007,1,602,31,1.0,0.5785090075286834
test,2018-M007,2,603,0,1.0,0.08884867000197405
test,2018-M007,2,603,1,1.0,0.651124197226026
test,2018-M007,2,603,2,0.0,0.5426590926315497
test,2018-M007,2,603,3,0.0,0.3281027739798426
test,2018-M007,2,603,4,1.0,0.6161035064775422
test,2018-M007,2,603,5,1.0,0.4017756539209174
test,2018-M007,2,603,6,0.0,0.38721599029910975
test,2018-M007,2,603,7,1.0,0.7319656612118661
test,2018-M007,2,603,8,0.0,0.2366888782103424
test,2018-M007,2,603,9,0.0,0.19909826225973756
test,2018-M007,2,603,10,1.0,0.7498393696394786
test,2018-M007,2,603,11,0.0,0.15736573036544563
test,2018-M007,2,603,12,1.0,0.7103794844481481
test,2018-M007,2,603,13,1.0,0.4343755418232814
test,2018-M007,2,603,14,0.0,0.15634278113463004
test,2018-M007,2,603,15,0.0,0.16330137525381264
test,2018-M007,2,603,16,0.0,0.3707718922568588
test,2018-M007,2,603,17,0.0,0.37897401559092087
test,2018-M007,2,603,18,1.0,0.8390951764651342
test,2018-M007,2,603,19,0.0,0.8852548938801316
test,2018-M007,2,603,20,0.0,0.24608927651662565
test,2018-M007,2,603,21,1.0,0.36385105013565655
test,2018-M007,2,603,22,1.0,0.8676569899025566
test,2018-M007,2,603,23,0.0,0.7559501123895311
test,2018-M007,2,603,24,0.0,0.6724383675424904
test,2018-M007,2,603,25,1.0,0.6661324956914091
test,2018-M007,2,603,26,0.0,0.8752689480826392
test,2018-M007,2,603,27,1.0,0.7511734069636069
test,2018-M007,2,603,28,1.0,0.46470799376482375
test,2018-M007,2,603,29,1.0,0.8911324965321038
test,2018-M007,2,603,30,0.0,0.1957769788745212
test,2018-M007,2,603,31,1.0,0.5452221396774429
test,2018-M007,3,604,0,1.0,0.3114022673220873
test,2018-M007,3,604,1,1.0,0.6044347927609616
test,2018-M007,3,604,2,0.0,0.3124617068580978
test,2018-M007,3,604,3,0.0,0.2358660261588073
test,2018-M007,3,604,4,1.0,0.7959005750530579
test,2018-M007,3,604,5,0.0,0.25857121423708157
test,2018-M007,3,604,6,1.0,0.3184806161175146
test,2018-M007,3,604,7,1.0,0.369076478116947
test,2018-M007,3,604,8,0.0,0.2572549618493822
test,2018-M007,3,604,9,0.0,0.4406069797937472
test,2018-M007,3,604,10,1.0,0.15483841708902
test,2018-M007,3,604,11,0.0,0.2673369016754442
test,2018-M007,3,604,12,1.0,0.39119315796561904
test,2018-M007,3,604,13,0.0,0.69098049847469
test,2018-M007,3,604,14,0.0,0.745615959982598
test,2018-M007,3,604,15,0.0,0.4244213155588896
test,2018-M007,4,605,0,1.0,0.6998092135828522
test,2018-M007,4,605,1,0.0,0.5010000184523198
test,2018-M007,4,605,2,0.0,0.2582484898669149
test,2018-M007,4,605,3,1.0,0.4262644711328313
test,2018-M007,4,605,4,1.0,0.6776041420588751
test,2018-M007,4,605,5,0.0,0.30555468789634693
test,2018-M007,4,605,6,1.0,0.3892368828380221
test,2018-M007,4,605,7,0.0,0.5490857413441159
test,2018-M007,5,606,0,1.0,0.4246709829859481
test,2018-M007,5,606,1,0.0,0.4195523176373399
test,2018-M007,5,606,2,1.0,0.29742844771125987
test,2018-M007,5,606,3,0.0,0.23379730656501937
test,2018-M007,6,607,0,0.0,0.44772830686059306
test,2018-M007,6,607,1,1.0,0.6702920111735191
test,2018-M007,7,608,0,0.0,0.3849824018195665
test,2018-M009,2,621,0,0.0,0.3737037870828363
test,2018-M009,2,621,1,1.0,0.6064921541561856
test,2018-M009,2,621,2,0.0,0.1899964042775076
test,2018-M009,2,621,3,1.0,0.22007873603026343
test,2018-M009,2,621,4,1.0,0.22552641599330403
test,2018-M009,2,621,5,0.0,0.4714201770945337
test,2018-M009,2,621,6,0.0,0.6796027062022305
test,2018-M009,2,621,7,0.0,0.23034742281527018
test,2018-M009,2,621,8,0.0,0.34439157000939513
test,2018-M009,2,621,9,1.0,0.22709555395409095
test,2018-M009,2,621,10,0.0,0.570038002769404
test,2018-M009,2,621,11,0.0,0.31422266819863964
test,2018-M009,2,621,12,1.0,0.3209248444897118
test,2018-M009,2,621,13,1.0,0.8896997058300852
test,2018-M009,2,621,14,1.0,0.5272450756141421
test,2018-M009,2,621,15,0.0,0.4187025903749189
test,2018-M009,2,621,16,1.0,0.7043569671369825
test,2018-M009,2,621,17,1.0,0.4010981743333522
test,2018-M009,2,621,18,0.0,0.790798301774513
test,2018-M009,2,621,19,0.0,0.7379240434973589
test,2018-M009,2,621,20,1.0,0.1949208254783125
test,2018-M009,2,621,21,0.0,0.41013833060836496
test,2018-M009,2,621,22,0.0,0.6390297759040149
test,2018-M009,2,621,23,0.0,0.27956675103300915
test,2018-M009,3,622,0,1.0,0.8872073694079791
test,2018-M009,3,622,1,1.0,0.5971035591878784
test,2018-M009,3,622,2,0.0,0.6916455542406146
test,2018-M009,3,622,3,1.0,0.5889121762853329
test,2018-M009,3,622,4,0.0,0.08494847742044397
test,2018-M009,3,622,5,1.0,0.500313106651715
test,2018-M009,3,622,6,0.0,0.6346532693459829
test,2018-M009,3,622,7,0.0,0.7246544977967657
test,2018-M009,3,622,8,0.0,0.395021706950254
test,2018-M009,3,622,9,0.0,0.6807187007752664
test,2018-M009,3,622,10,0.0,0.19495477932096905
test,2018-M009,3,622,11,1.0,0.7675817633764117
test,2018-M009,3,622,12,1.0,0.47082697137409696
test,2018-M009,3,622,13,0.0,0.5746613637675555
test,2018-M009,3,622,14,0.0,0.11672507689656629
test,2018-M009,3,622,15,0.0,0.13217891007464921
test,2018-M009,4,623,0,0.0,0.2954333429229321
test,2018-M009,4,623,1,1.0,0.7037323457830181
test,2018-M009,4,623,2,0.0,0.1026386332728116
test,2018-M009,4,623,3,0.0,0.3073396977537856
test,2018-M009,4,623,4,0.0,0.15656929899959823
test,2018-M009,4,623,5,0.0,0.20921838744369442
test,2018-M009,4,623,6,0.0,0.23480358970360565
test,2018-M009,4,623,7,0.0,0.27620032959015595
test,2018-M009,5,624,0,1.0,0.3985039996357388
test,2018-M009,5,624,1,0.0,0.32710685930110633
test,2018-M009,5,624,2,1.0,0.7081074964882794
test,2018-M009,5,624,3,1.0,0.8165535542963868
test,2018-M009,6,625,0,1.0,0.4272044413532056
test,2018-M009,6,625,1,1.0,0.4545398596863005
test,2018-M009,7,626,0,1.0,0.7532084472990975
test,2018-M021,2,615,0,0.0,0.5310429808537015
test,2018-M021,2,615,1,0.0,0.3484278523155921
test,2018-M021,2,615,2,0.0,0.6860377823165014
test,2018-M021,2,615,3,1.0,0.3966801771183298
test,2018-M021,2,615,4,1.0,0.7617035591336607
test,2018-M021,2,615,5,1.0,0.48590688315835434
test,2018-M021,2,615,6,0.0,0.13955988879685807
test,2018-M021,2,615,7,0.0,0.3882952281351892
test,2018-M021,2,615,8,1.0,0.46140026252960065
test,2018-M021,2,615,9,0.0,0.28619917285788243
test,2018-M021,2,615,10,1.0,0.6309496315835355
test,2018-M021,2,615,11,1.0,0.48230433126228994
test,2018-M021,2,615,12,0.0,0.3116365510641083
test,2018-M021,2,615,13,0.0,0.41092996155612715
test,2018-M021,2,615,14,0.0,0.23264745206033055
test,2018-M021,2,615,15,0.0,0.40554626821195117
test,2018-M021,2,615,16,1.0,0.755336935333899
test,2018-M021,2,615,17,0.0,0.21669872727163894
test,2018-M021,2,615,18,0.0,0.5199486258089421
test,2018-M021,2,615,19,0.0,0.37344612753276535
test,2018-M021,2,615,20,1.0,0.4536777269346693
test,2018-M021,2,615,21,0.0,0.4482405445685967
test,2018-M021,2,615,22,1.0,0.4994806659334935
test,2018-M021,2,615,23,1.0,0.4208481652701497
test,2018-M021,3,616,0,0.0,0.21966310144725537
test,2018-M021,3,616,1,0.0,0.5984818633971551
test,2018-M021,3,616,2,0.0,0.3270182192439958
test,2018-M021,3,616,3,0.0,0.1856320599868599
test,2018-M021,3,616,4,1.0,0.6526375125668199
test,2018-M021,3,616,5,0.0,0.27615499521277487
test,2018-M021,3,616,6,1.0,0.2500997084197721
test,2018-M021,3,616,7,0.0,0.19007246862712063
test,2018-M021,3,616,8,1.0,0.10606895250647924
test,2018-M021,3,616,9,0.0,0.7756487940831407
test,2018-M021,3,616,10,0.0,0.6500096589284875
test,2018-M021,3,616,11,0.0,0.4756594539107631
test,2018-M021,3,616,12,1.0,0.48721512387317395
test,2018-M021,3,616,13,1.0,0.7694794301053894
test,2018-M021,3,616,14,1.0,0.7717894536261976
test,2018-M021,3,616,15,1.0,0.3489804128873508
test,2018-M021,4,617,0,0.0,0.2673022019798594
test,2018-M021,4,617,1,1.0,0.6525804871733367
test,2018-M021,4,617,2,0.0,0.7811256032026137
test,2018-M021,4,617,3,1.0,0.6685274612343549
test,2018-M021,4,617,4,1.0,0.3221010392781976
test,2018-M021,4,617,5,0.0,0.30547496575133404
test,2018-M021,4,617,6,1.0,0.8561843492647895
test,2018-M021,4,617,7,1.0,0.1898479415327052
test,2018-M021,5,618,0,1.0,0.2857451475638517
test,2018-M021,5,618,1,1.0,0.45499750481955104
test,2018-M021,5,618,2,0.0,0.6064089159130689
test,2018-M021,5,618,3,1.0,0.7217449033961533
test,2018-M021,6,619,0,1.0,0.7605806341728661
test,2018-M021,6,619,1,0.0,0.35570482858681046
test,2018-M021,7,620,0,0.0,0.6089032841052527
test,2018-M024,2,647,0,1.0,0.33815513438186007
test,2018-M024,2,647,1,0.0,0.3512473687703891
test,2018-M024,2,647,2,0.0,0.3209025495683391
test,2018-M024,2,647,3,1.0,0.838235989574365
test,2018-M024,2,647,4,1.0,0.6234501949124485
test,2018-M024,2,647,5,1.0,0.31093203744102477
test,2018-M024,2,647,6,1.0,0.705460162164928
test,2018-M024,2,647,7,0.0,0.238392568405727
test,2018-M024,2,647,8,0.0,0.1812206792472146
test,2018-M024,2,647,9,0.0,0.5527674431586258
test,2018-M024,2,647,10,1.0,0.4243565316840646
test,2018-M024,2,647,11,1.0,0.31270339693045757
test,2018-M024,2,647,12,1.0,0.2622377909716054
test,2018-M024,2,647,13,0.0,0.6662034955705333
test,2018-M024,2,647,14,1.0,0.3525297384637754
test,2018-M024,2,647,15,0.0,0.45554435283213546
test,2018-M024,2,647,16,0.0,0.2519289547314272
test,2018-M024,2,647,17,1.0,0.8762228029026659
test,2018-M024,2,647,18,0.0,0.19915212583117659
test,2018-M024,2,647,19,0.0,0.5058582131198552
test,2018-M024,2,647,20,0.0,0.3810830184705545
test,2018-M024,2,647,21,1.0,0.4156306149530153
test,2018-M024,2,647,22,1.0,0.453821510510027
test,2018-M024,2,647,23,0.0,0.30788069053157424
test,2018-M024,3,648,0,1.0,0.820930887781773
test,2018-M024,3,648,1,0.0,0.5976406081446808
test,2018-M024,3,648,2,1.0,0.7217921206237801
test,2018-M024,3,648,3,0.0,0.14121447571166168
test,2018-M024,3,648,4,0.0,0.24180265236312165
test,2018-M024,3,648,5,1.0,0.8253287559809802
test,2018-M024,3,648,6,1.0,0.39421376862891233
test,2018-M024,3,648,7,0.0,0.13611130677492905
test,2018-M024,3,648,8,1.0,0.6817264968896194
test,2018-M024,3,648,9,0.0,0.7659041090505703
test,2018-M024,3,648,10,0.0,0.2809262174951539
test,2018-M024,3,648,11,1.0,0.41741373292515593
test,2018-M024,3,648,12,0.0,0.4527557317267605
test,2018-M024,3,648,13,0.0,0.6873482541015136
test,2018-M024,3,648,14,0.0,0.5537771198336574
test,2018-M024,3,648,15,1.0,0.8707357809102121
test,2018-M024,4,649,0,1.0,0.8497534039753307
test,2018-M024,4,649,1,1.0,0.8404138076288328
test,2018-M024,4,649,2,0.0,0.21622549209345973
test,2018-M024,4,649,3,0.0,0.39261939266835416
test,2018-M024,4,649,4,0.0,0.21647271196123935
test,2018-M024,4,649,5,1.0,0.6723181910413663
test,2018-M024,4,649,6,0.0,0.2409439446278424
test,2018-M024,4,649,7,0.0,0.47361835804849595
test,2018-M024,5,650,0,0.0,0.4057728691498911
test,2018-M024,5,650,1,1.0,0.6344745791559921
test,2018-M024,5,650,2,0.0,0.3424067375613953
test,2018-M024,5,650,3,1.0,0.7328727148594513
test,2018-M024,6,651,0,1.0,0.5663410172802433
test,2018-M024,6,651,1,0.0,0.27972642322439845
test,2018-M024,7,652,0,1.0,0.6670017092345992
test,2019-0352,2,750,0,1.0,0.41362546524401267
test,2019-0352,2,750,1,0.0,0.7098800831998245
test,2019-0352,2,750,2,0.0,0.25273200238657256
test,2019-0352,2,750,3,0.0,0.4504641870939005
test,2019-0352,2,750,4,0.0,0.5701957315673485
test,2019-0352,2,750,5,0.0,0.5491843736826663
test,2019-0352,2,750,6,1.0,0.32040387862991676
test,2019-0352,2,750,7,1.0,0.8282036949251087
test,2019-0352,2,750,8,0.0,0.2439903138074471
test,2019-0352,2,750,9,0.0,0.605413680133732
test,2019-0352,2,750,10,0.0,0.3939160139864636
test,2019-0352,2,750,11,0.0,0.3913068381149547
test,2019-0352,2,750,12,1.0,0.6448634182013362
test,2019-0352,2,750,13,1.0,0.46047916230118985
test,2019-0352,2,750,14,0.0,0.18547524829688863
test,2019-0352,2,750,15,1.0,0.7247097752599926
test,2019-0352,3,751,0,0.0,0.8143230989090713
test,2019-0352,3,751,1,0.0,0.36169001268888884
test,2019-0352,3,751,2,0.0,0.6487249411317568
test,2019-0352,3,751,3,1.0,0.4126828182020827
test,2019-0352,3,751,4,0.0,0.3402446091517299
test,2019-0352,3,751,5,1.0,0.7117765678034425
test,2019-0352,3,751,6,0.0,0.6363198224715679
test,2019-0352,3,751,7,1.0,0.5420695674636049
test,2019-0352,3,751,8,0.0,0.4883161581807775
test,2019-0352,3,751,9,1.0,0.36056624817272404
test,2019-0352,3,751,10,1.0,0.5156628719326969
test,2019-0352,3,751,11,0.0,0.6198208992176606
test,2019-0352,3,751,12,1.0,0.8687210473192483
test,2019-0352,3,751,13,1.0,0.3413645755875851
test,2019-0352,3,751,14,0.0,0.765497433791222
test,2019-0352,3,751,15,0.0,0.06635932529788906
test,2019-0352,4,752,0,1.0,0.8205536172959652
test,2019-0352,4,752,1,0.0,0.1754229840769273
test,2019-0352,4,752,2,0.0,0.34845434299694433
test,2019-0352,4,752,3,0.0,0.6806738954393255
test,2019-0352,4,752,4,1.0,0.36735011799035727
test,2019-0352,4,752,5,1.0,0.65636728192558
test,2019-0352,4,752,6,0.0,0.7019742074659489
test,2019-0352,4,752,7,1.0,0.37048139273539493
test,2019-0352,5,753,0,1.0,0.8338660036325888
test,2019-0352,5,753,1,0.0,0.19206852822765305
test,2019-0352,5,753,2,1.0,0.528728899519822
test,2019-0352,5,753,3,0.0,0.08485195599962407
test,2019-0352,6,754,0,1.0,0.759498984214114
test,2019-0352,6,754,1,0.0,0.8506424751401952
test,2019-0352,7,755,0,0.0,0.19175481074771175
test,2019-0410,2,693,0,1.0,0.5380586875874751
test,2019-0410,2,693,1,1.0,0.7791249319862602
test,2019-0410,2,693,2,0.0,0.7309478282547699
test,2019-0410,2,693,3,0.0,0.3680090741224345
test,2019-0410,2,693,4,1.0,0.6706955165443528
test,2019-0410,2,693,5,1.0,0.7681237029844586
test,2019-0410,2,693,6,1.0,0.7270952572325345
test,2019-0410,2,693,7,0.0,0.20297783324522714
test,2019-0410,2,693,8,1.0,0.5995319315384081
test,2019-0410,2,693,9,0.0,0.6020124963182915
test,2019-0410,2,693,10,0.0,0.6257564255334827
test,2019-0410,2,693,11,1.0,0.34021586649769975
test,2019-0410,2,693,12,0.0,0.5572210604019244
test,2019-0410,2,693,13,1.0,0.8649126050573237
test,2019-0410,2,693,14,1.0,0.4666607238246763
test,2019-0410,2,693,15,1.0,0.3991518294457157
test,2019-0410,2,693,16,1.0,0.4995261105943898
test,2019-0410,2,693,17,0.0,0.5958399941693067
test,2019-0410,2,693,18,0.0,0.4500663627116346
test,2019-0410,2,693,19,1.0,0.3912706863778754
test,2019-0410,2,693,20,1.0,0.6804968125268576
test,2019-0410,2,693,21,0.0,0.16548726758638926
test,2019-0410,2,693,22,1.0,0.5958358044031467
test,2019-0410,2,693,23,1.0,0.4261358470387565
test,2019-0410,3,694,0,0.0,0.7736171837457362
test,2019-0410,3,694,1,0.0,0.814907897825764
test,2019-0410,3,694,2,0.0,0.5902774669299491
test,2019-0410,3,694,3,1.0,0.2150748556620247
test,2019-0410,3,694,4,1.0,0.8478206398818406
test,2019-0410,3,694,5,1.0,0.5380377614046495
test,2019-0410,3,694,6,0.0,0.44410549753713574
test,2019-0410,3,694,7,1.0,0.2715064453259854
test,2019-0410,3,694,8,1.0,0.8671326973806301
test,2019-0410,3,694,9,1.0,0.828294136000348
test,2019-0410,3,694,10,0.0,0.1492157351847258
test,2019-0410,3,694,11,0.0,0.38049580475104217
test,2019-0410,3,694,12,0.0,0.8193336518784601
test,2019-0410,3,694,13,1.0,0.7710996737480624
test,2019-0410,3,694,14,0.0,0.25059204012296254
test,2019-0410,3,694,15,1.0,0.22026071941611966
test,2019-0410,4,695,0,1.0,0.7695425483434067
test,2019-0410,4,695,1,1.0,0.5198242752940962
test,2019-0410,4,695,2,0.0,0.6479846424642313
test,2019-0410,4,695,3,1.0,0.7254381627744442
test,2019-0410,4,695,4,0.0,0.8097900090115727
test,2019-0410,4,695,5,1.0,0.4897898277209189
test,2019-0410,4,695,6,1.0,0.9078051479631837
test,2019-0410,4,695,7,0.0,0.5220381209238967
test,2019-0410,5,696,0,0.0,0.09097525255825738
test,2019-0410,5,696,1,1.0,0.46519625045586116
test,2019-0410,5,696,2,0.0,0.3429739822438046
test,2019-0410,5,696,3,1.0,0.10618641251731588
test,2019-0410,6,697,0,1.0,0.19419412616722784
test,2019-0410,6,697,1,0.0,0.5087259913245451
test,2019-0410,7,698,0,0.0,0.28752662127087264
test,2019-0421,2,725,0,1.0,0.3983213344476075
test,2019-0421,2,725,1,0.0,0.13964597170328164
test,2019-0421,2,725,2,0.0,0.23542963559934862
test,2019-0421,2,725,3,1.0,0.3786708203770908
test,2019-0421,2,725,4,1.0,0.5468187324220883
test,2019-0421,2,725,5,0.0,0.5487739136187487
test,2019-0421,2,725,6,0.0,0.4512795518523495
test,2019-0421,2,725,7,0.0,0.5121690971615854
test,2019-0421,2,725,8,1.0,0.6304258087300475
test,2019-0421,2,725,9,0.0,0.4926117484562716
test,2019-0421,2,725,10,0.0,0.5263077078876074
test,2019-0421,2,725,11,1.0,0.4731393396005893
test,2019-0421,2,725,12,1.0,0.6136109500421486
test,2019-0421,2,725,13,1.0,0.7737265310533279
test,2019-0421,2,725,14,0.0,0.234960653930222
test,2019-0421,2,725,15,1.0,0.5843859012651963
test,2019-0421,2,725,16,0.0,0.5557886913794852
test,2019-0421,2,725,17,0.0,0.4721629175053114
test,2019-0421,2,725,18,1.0,0.6210545050129691
test,2019-0421,2,725,19,0.0,0.234117107629309
test,2019-0421,2,725,20,0.0,0.7691582976740248
test,2019-0421,2,725,21,1.0,0.37223222721193105
test,2019-0421,2,725,22,0.0,0.502727044638801
test,2019-0421,2,725,23,0.0,0.20923807435249633
test,2019-0421,3,726,0,1.0,0.4500587589746041
test,2019-0421,3,726,1,0.0,0.7483943282861785
test,2019-0421,3,726,2,0.0,0.48875930918384636
test,2019-0421,3,726,3,1.0,0.7692524977862318
test,2019-0421,3,726,4,0.0,0.6625613412083724
test,2019-0421,3,726,5,0.0,0.1339357807585274
test,2019-0421,3,726,6,0.0,0.6493408776594157
test,2019-0421,3,726,7,1.0,0.5393723388512922
test,2019-0421,3,726,8,1.0,0.9251659334108835
test,2019-0421,3,726,9,1.0,0.22481256030179636
test,2019-0421,3,726,10,0.0,0.5590734913300136
test,2019-0421,3,726,11,0.0,0.6248863437000771
test,2019-0421,3,726,12,0.0,0.8419407289742505
test,2019-0421,3,726,13,1.0,0.7465908322073618
test,2019-0421,3,726,14,0.0,0.18201923116584817
test,2019-0421,3,726,15,0.0,0.1650668637629438
test,2019-0421,4,727,0,0.0,0.4702237475722208
test,2019-0421,4,727,1,0.0,0.2735210145898897
test,2019-0421,4,727,2,0.0,0.21839889677842683
test,2019-0421,4,727,3,1.0,0.7440309815183158
test,2019-0421,4,727,4,0.0,0.29894210427951906
test,2019-0421,4,727,5,0.0,0.3041810059552604
test,2019-0421,4,727,6,0.0,0.32927680980325086
test,2019-0421,4,727,7,1.0,0.9077027163830205
test,2019-0421,5,728,0,0.0,0.7865770200292045
test,2019-0421,5,728,1,1.0,0.3547429225068207
test,2019-0421,5,728,2,1.0,0.3540064978080098
test,2019-0421,5,728,3,1.0,0.7933860158606253
test,2019-0421,6,729,0,1.0,0.33633101062264437
test,2019-0421,6,729,1,1.0,0.8572188528136532
test,2019-0421,7,730,0,1.0,0.8891960795210556
test,2019-5014,2,744,0,0.0,0.40214363358506167
test,2019-5014,2,744,1,1.0,0.8051391297466929
test,2019-5014,2,744,2,0.0,0.2677824467778553
test,2019-5014,2,744,3,1.0,0.6152360593850391
test,2019-5014,2,744,4,0.0,0.2829922169852813
test,2019-5014,2,744,5,1.0,0.35455913471430794
test,2019-5014,2,744,6,0.0,0.4100367257935759
test,2019-5014,2,744,7,1.0,0.20887680787962087
test,2019-5014,2,744,8,0.0,0.29768159290295926
test,2019-5014,2,744,9,1.0,0.6678839102472645
test,2019-5014,2,744,10,0.0,0.3503534453325047
test,2019-5014,2,744,11,1.0,0.360400484893991
test,2019-5014,2,744,12,0.0,0.7036197804030886
test,2019-5014,2,744,13,1.0,0.5942824466487061
test,2019-5014,2,744,14,1.0,0.7116718091857762
test,2019-5014,2,744,15,0.0,0.7113315789367541
test,2019-5014,2,744,16,1.0,0.4434008298534962
test,2019-5014,2,744,17,1.0,0.3874277247870245
test,2019-5014,2,744,18,0.0,0.15626941861418484
test,2019-5014,2,744,19,0.0,0.3621339999122766
test,2019-5014,2,744,20,0.0,0.43179155678482734
test,2019-5014,2,744,21,1.0,0.3519028941426242
test,2019-5014,2,744,22,0.0,0.6884938159720668
test,2019-5014,2,744,23,0.0,0.6335404107444699
test,2019-5014,3,745,0,1.0,0.7817926901181733
test,2019-5014,3,745,1,0.0,0.2275364699101415
test,2019-5014,3,745,2,1.0,0.5390125781003986
test,2019-5014,3,745,3,0.0,0.2564851752933446
test,2019-5014,3,745,4,0.0,0.39068719500951715
test,2019-5014,3,745,5,1.0,0.45356499224828256
test,2019-5014,3,745,6,1.0,0.5937246137796958
test,2019-5014,3,745,7,1.0,0.7974413958074404
test,2019-5014,3,745,8,1.0,0.706553183500363
test,2019-5014,3,745,9,0.0,0.6183896215491884
test,2019-5014,3,745,10,0.0,0.30455729059590886
test,2019-5014,3,745,11,0.0,0.36416303328388755
test,2019-5014,3,745,12,1.0,0.3238941471607342
test,2019-5014,3,745,13,0.0,0.38967336447332573
test,2019-5014,3,745,14,1.0,0.760587130392073
test,2019-5014,3,745,15,1.0,0.7620677808066599
test,2019-5014,4,746,0,0.0,0.25783660013146437
test,2019-5014,4,746,1,0.0,0.30379245779984215
test,2019-5014,4,746,2,0.0,0.3612821024697388
test,2019-5014,4,746,3,0.0,0.30272678488932775
test,2019-5014,4,746,4,1.0,0.5543082159234601
test,2019-5014,4,746,5,0.0,0.7731671965673242
test,2019-5014,4,746,6,0.0,0.3723178770503842
test,2019-5014,4,746,7,0.0,0.2156939674075441
test,2019-5014,5,747,0,1.0,0.204926978398399
test,2019-5014,5,747,1,1.0,0.37560495857660414
test,2019-5014,5,747,2,1.0,0.19807372591555616
test,2019-5014,5,747,3,1.0,0.3944366003333738
test,2019-5014,6,748,0,1.0,0.5702108768716959
test,2019-5014,6,748,1,0.0,0.18995373599601084
test,2019-5014,7,749,0,0.0,0.6799837038324898
test,2019-520,1,711,0,0.0,0.15689457708908014
test,2019-520,1,711,1,1.0,0.31212905750484793
test,2019-520,1,711,2,0.0,0.5700862268401359
test,2019-520,1,711,3,0.0,0.19043548868928623
test,2019-520,1,711,4,1.0,0.7103867450779505
test,2019-520,1,711,5,1.0,0.41200654720644575
test,2019-520,1,711,6,1.0,0.54465414873584
test,2019-520,1,711,7,1.0,0.8332864793427133
test,2019-520,1,711,8,1.0,0.6695659263924795
test,2019-520,1,711,9,1.0,0.4518703662312859
test,2019-520,1,711,10,1.0,0.6205007744141736
test,2019-520,1,711,11,1.0,0.39237239372961613
test,2019-520,1,711,12,1.0,0.8716365400849767
test,2019-520,1,711,13,0.0,0.6060905769931982
test,2019-520,1,711,14,0.0,0.15188853715500023
test,2019-520,1,711,15,1.0,0.8497055525585521
test,2019-520,1,711,16,0.0,0.48839967825658454
test,2019-520,1,711,17,0.0,0.43795870711267487
test,2019-520,1,711,18,1.0,0.49433597760416587
test,2019-520,1,711,19,1.0,0.7546613056119922
test,2019-520,1,711,20,1.0,0.7769253802375784
test,2019-520,1,711,21,0.0,0.21971842405987266
test,2019-520,1,711,22,1.0,0.7053671298657621
test,2019-520,1,711,23,1.0,0.36185245956400985
test,2019-520,1,711,24,0.0,0.2612918188219683
test,2019-520,1,711,25,0.0,0.5974269570771553
test,2019-520,1,711,26,1.0,0.573427692535654
test,2019-520,1,711,27,0.0,0.5315964646561071
test,2019-520,1,711,28,1.0,0.7811206674666796
test,2019-520,1,711,29,0.0,0.2266724239020925
test,2019-520,1,711,30,0.0,0.48075852146940323
test,2019-520,1,711,31,0.0,0.4521897610108735
test,2019-520,1,711,32,1.0,0.7031884018651098
test,2019-520,1,711,33,1.0,0.7039266676213993
test,2019-520,1,711,34,0.0,0.6833147677476591
test,2019-520,1,711,35,1.0,0.5898492545563766
test,2019-520,1,711,36,0.0,0.17092529150837837
test,2019-520,1,711,37,1.0,0.9094307920041702
test,2019-520,1,711,38,1.0,0.5730349616047019
test,2019-520,1,711,39,1.0,0.7907729315965341
test,2019-520,1,711,40,1.0,0.6181852993724124
test,2019-520,1,711,41,0.0,0.7768674271755832
test,2019-520,1,711,42,1.0,0.9208659999681169
test,2019-520,1,711,43,0.0,0.37010123874824546
test,2019-520,1,711,44,0.0,0.7240489525232777
test,2019-520,1,711,45,0.0,0.5768702552677708
test,2019-520,1,711,46,0.0,0.08948231590531146
test,2019-520,1,711,47,0.0,0.09459324497467464
test,2019-520,1,711,48,0.0,0.3841824833714684
test,2019-520,1,711,49,1.0,0.5149553505463703
test,2019-520,1,711,50,0.0,0.744142954836864
test,2019-520,1,711,51,0.0,0.39855012423790687
test,2019-520,1,711,52,1.0,0.6621853638424827
test,2019-520,1,711,53,0.0,0.3247312605822115
test,2019-520,1,711,54,1.0,0.45536033063588466
test,2019-520,1,711,55,0.0,0.768986509072468
test,2019-520,1,711,56,1.0,0.5577717732281493
test,2019-520,1,711,57,0.0,0.4101446508738261
test,2019-520,1,711,58,1.0,0.6576906611668212
test,2019-520,1,711,59,0.0,0.1447628177726129
test,2019-520,1,711,60,1.0,0.4328063062829158
test,2019-520,1,711,61,0.0,0.43957502083627836
test,2019-520,1,711,62,1.0,0.9616426953870825
test,2019-520,1,711,63,0.0,0.38829883916638974
test,2019-520,2,712,0,1.0,0.29479465955256434
test,2019-520,2,712,1,1.0,0.9582442697417607
test,2019-520,2,712,2,1.0,0.8715784862258192
test,2019-520,2,712,3,0.0,0.8046052593622021
test,2019-520,2,712,4,1.0,0.5845611227935972
test,2019-520,2,712,5,0.0,0.40457023293671474
test,2019-520,2,712,6,1.0,0.7580118943313825
test,2019-520,2,712,7,0.0,0.231259964351335
test,2019-520,2,712,8,1.0,0.8991477388916019
test,2019-520,2,712,9,1.0,0.9032753352998444
test,2019-520,2,712,10,1.0,0.3661970359848219
test,2019-520,2,712,11,1.0,0.158574415757149
test,2019-520,2,712,12,1.0,0.5698355480686217
test,2019-520,2,712,13,1.0,0.8450274270255754
test,2019-520,2,712,14,0.0,0.7306183208204874
test,2019-520,2,712,15,0.0,0.5773236091244219
test,2019-520,2,712,16,1.0,0.8078873167012939
test,2019-520,2,712,17,0.0,0.19988868564953186
test,2019-520,2,712,18,1.0,0.6397797279839131
test,2019-520,2,712,19,1.0,0.8678034863509749
test,2019-520,2,712,20,1.0,0.40594595819743856
test,2019-520,2,712,21,1.0,0.3381041109732543
test,2019-520,2,712,22,1.0,0.22299695361679572
test,2019-520,2,712,23,0.0,0.5808603896331004
test,2019-520,2,712,24,0.0,0.06270936335754639
test,2019-520,2,712,25,0.0,0.20958688901696687
test,2019-520,2,712,26,1.0,0.757458160090514
test,2019-520,2,712,27,1.0,0.798782340726235
test,2019-520,2,712,28,0.0,0.3930345227251194
test,2019-520,2,712,29,1.0,0.9453076295115285
test,2019-520,2,712,30,1.0,0.19490528848203414
test,2019-520,2,712,31,1.0,0.8691702331854467
test,2019-520,3,713,0,1.0,0.4980623493765258
test,2019-520,3,713,1,0.0,0.5554959840616689
test,2019-520,3,713,2,1.0,0.6558422306496069
test,2019-520,3,713,3,1.0,0.8133150294628287
test,2019-520,3,713,4,0.0,0.2534696471800455
test,2019-520,3,713,5,0.0,0.15742385906637124
test,2019-520,3,713,6,1.0,0.2866433050880169
test,2019-520,3,713,7,1.0,0.7954755460560702
test,2019-520,3,713,8,0.0,0.4675168951951421
test,2019-520,3,713,9,1.0,0.9517758525690911
test,2019-520,3,713,10,1.0,0.9150478193871937
test,2019-520,3,713,11,1.0,0.7937107935201894
test,2019-520,3,713,12,1.0,0.8629041228738301
test,2019-520,3,713,13,0.0,0.5444439165147741
test,2019-520,3,713,14,0.0,0.21479844927026318
test,2019-520,3,713,15,0.0,0.6577649802348803
test,2019-520,4,714,0,0.0,0.042590930380555565
test,2019-520,4,714,1,0.0,0.2318844693466828
test,2019-520,4,714,2,0.0,0.11982452284912173
test,2019-520,4,714,3,0.0,0.3136237728745687
test,2019-520,4,714,4,1.0,0.7192199963320622
test,2019-520,4,714,5,1.0,0.5941624692080719
test,2019-520,4,714,6,0.0,0.11928934022413601
test,2019-520,4,714,7,1.0,0.363559436606015
test,2019-520,5,715,0,1.0,0.698533276098787
test,2019-520,5,715,1,1.0,0.7497310075133017
test,2019-520,5,715,2,0.0,0.28335074623062706
test,2019-520,5,715,3,1.0,0.7110935690393642
test,2019-520,6,716,0,1.0,0.6512152672388335
test,2019-520,6,716,1,1.0,0.3043086282378069
test,2019-520,7,717,0,1.0,0.7355486440451597
test,2019-540,1,718,0,0.0,0.21316538901439722
test,2019-540,1,718,1,1.0,0.21505147068741304
test,2019-540,1,718,2,1.0,0.1626349382382219
test,2019-540,1,718,3,1.0,0.5753430299808294
test,2019-540,1,718,4,0.0,0.5208764775750051
test,2019-540,1,718,5,0.0,0.22157219433322525
test,2019-540,1,718,6,1.0,0.7804497331693208
test,2019-540,1,718,7,1.0,0.29066224831178095
test,2019-540,1,718,8,0.0,0.22702745276880273
test,2019-540,1,718,9,0.0,0.13446939129374333
test,2019-540,1,718,10,1.0,0.8619925116109701
test,2019-540,1,718,11,1.0,0.7648267141461538
test,2019-540,1,718,12,1.0,0.6038525535817468
test,2019-540,1,718,13,1.0,0.8451828845012876
test,2019-540,1,718,14,0.0,0.41649570753153753
test,2019-540,1,718,15,0.0,0.4064097351147343
test,2019-540,1,718,16,0.0,0.604175897283188
test,2019-540,1,718,17,0.0,0.6855102329052525
test,2019-540,1,718,18,1.0,0.7658665164321883
test,2019-540,1,718,19,0.0,0.16060894883981652
test,2019-540,1,718,20,1.0,0.6792013311199196
test,2019-540,1,718,21,1.0,0.7808567048103434
test,2019-540,1,718,22,0.0,0.311313866566667
test,2019-540,1,718,23,1.0,0.7096111806518439
test,2019-540,1,718,24,0.0,0.174843210353173
test,2019-540,1,718,25,0.0,0.31847865053509017
test,2019-540,1,718,26,0.0,0.6253339397590325
test,2019-540,1,718,27,0.0,0.377589811341607
test,2019-540,1,718,28,1.0,0.48695736794673933
test,2019-540,1,718,29,1.0,0.41043988411430243
test,2019-540,1,718,30,0.0,0.5120644740154431
test,2019-540,1,718,31,0.0,0.11592287670122374
test,2019-540,1,718,32,0.0,0.07006277557533852
test,2019-540,1,718,33,1.0,0.6923122595239481
test,2019-540,1,718,34,1.0,0.6009170365506961
test,2019-540,1,718,35,1.0,0.24280375256505307
test,2019-540,1,718,36,0.0,0.23027388965964882
test,2019-540,1,718,37,0.0,0.5166243284774328
test,2019-540,1,718,38,0.0,0.1959962871841857
test,2019-540,1,718,39,1.0,0.7498542355874281
test,2019-540,1,718,40,1.0,0.7427097164259279
test,2019-540,1,718,41,1.0,0.6844203988190228
test,2019-540,1,718,42,1.0,0.5796419032540999
test,2019-540,1,718,43,1.0,0.8507784816458346
test,2019-540,1,718,44,0.0,0.26068337581338763
test,2019-540,1,718,45,1.0,0.16663338721304335
test,2019-540,1,718,46,1.0,0.641049231213223
test,2019-540,1,718,47,0.0,0.40104232083804603
test,2019-540,1,718,48,0.0,0.8174371196869682
test,2019-540,1,718,49,1.0,0.5054442432837608
test,2019-540,1,718,50,1.0,0.12871490103913816
test,2019-540,1,718,51,0.0,0.5155907680812513
test,2019-540,1,718,52,0.0,0.6320576835851012
test,2019-540,1,718,53,0.0,0.40562301916314575
test,2019-540,1,718,54,1.0,0.8623725347213558
test,2019-540,1,718,55,0.0,0.6036952497991255
test,2019-540,1,718,56,0.0,0.27933763350433477
test,2019-540,1,718,57,1.0,0.25252506270734
test,2019-540,1,718,58,1.0,0.794897713277243
test,2019-540,1,718,59,0.0,0.41276556272048576
test,2019-540,1,718,60,1.0,0.46246393057857427
test,2019-540,1,718,61,0.0,0.5623912395046766
test,2019-540,1,718,62,0.0,0.06850534764444473
test,2019-540,1,718,63,1.0,0.4644637183715302
test,2019-540,2,719,0,0.0,0.06234949217476133
test,2019-540,2,719,1,1.0,0.8143905399463676
test,2019-540,2,719,2,0.0,0.11307524230736869
test,2019-540,2,719,3,0.0,0.5383215186846178
test,2019-540,2,719,4,0.0,0.4018210203649239
test,2019-540,2,719,5,1.0,0.23411765872969248
test,2019-540,2,719,6,0.0,0.5433485882619397
test,2019-540,2,719,7,0.0,0.5752196446667549
test,2019-540,2,719,8,0.0,0.1760207792032868
test,2019-540,2,719,9,0.0,0.8395693937419695
test,2019-540,2,719,10,1.0,0.7188801413418238
test,2019-540,2,719,11,0.0,0.3311401923067405
test,2019-540,2,719,12,1.0,0.8375767896446151
test,2019-540,2,719,13,1.0,0.7477590605852248
test,2019-540,2,719,14,0.0,0.25746842969252615
test,2019-540,2,719,15,0.0,0.6268561497274238
test,2019-540,2,719,16,0.0,0.44323158220897935
test,2019-540,2,719,17,1.0,0.31414448645916515
test,2019-540,2,719,18,1.0,0.7928760950065551
test,2019-540,2,719,19,1.0,0.21639132494097343
test,2019-540,2,719,20,1.0,0.39290924872143007
test,2019-540,2,719,21,0.0,0.3258137592087017
test,2019-540,2,719,22,0.0,0.12074687089282733
test,2019-540,2,719,23,1.0,0.8544657279633021
test,2019-540,2,719,24,1.0,0.6243169839042724
test,2019-540,2,719,25,1.0,0.6526428751922503
test,2019-540,2,719,26,0.0,0.27374016834979226
test,2019-540,2,719,27,0.0,0.4988552858775184
test,2019-540,2,719,28,1.0,0.6360693195216243
test,2019-540,2,719,29,1.0,0.4011418938621563
test,2019-540,2,719,30,1.0,0.9319898067354961
test,2019-540,2,719,31,1.0,0.4386928150854616
test,2019-540,3,720,0,0.0,0.43749311363418925
test,2019-540,3,720,1,0.0,0.814336741314182
test,2019-540,3,720,2,1.0,0.9092976171737387
test,2019-540,3,720,3,0.0,0.3436784354524723
test,2019-540,3,720,4,1.0,0.651647203678936
test,2019-540,3,720,5,1.0,0.646409276606196
test,2019-540,3,720,6,0.0,0.16939053146473237
test,2019-540,3,720,7,1.0,0.9179027769064269
test,2019-540,3,720,8,1.0,0.714076467659664
test,2019-540,3,720,9,0.0,0.24952270746575694
test,2019-540,3,720,10,0.0,0.637564771007383
test,2019-540,3,720,11,1.0,0.789610314094576
test,2019-540,3,720,12,0.0,0.7571315617794707
test,2019-540,3,720,13,1.0,0.3823416829249314
test,2019-540,3,720,14,0.0,0.20020109475647313
test,2019-540,3,720,15,1.0,0.19909729957205713
test,2019-540,4,721,0,0.0,0.10758073739183621
test,2019-540,4,721,1,1.0,0.8262984292048543
test,2019-540,4,721,2,0.0,0.1003211722047544
test,2019-540,4,721,3,0.0,0.31211153515742607
test,2019-540,4,721,4,1.0,0.6884101179740818
test,2019-540,4,721,5,0.0,0.7659278630623758
test,2019-540,4,721,6,1.0,0.6787637666011357
test,2019-540,4,721,7,0.0,0.05760365437351978
test,2019-540,5,722,0,1.0,0.8863595379801648
test,2019-540,5,722,1,1.0,0.6327590605087854
test,2019-540,5,722,2,0.0,0.2384958195915328
test,2019-540,5,722,3,1.0,0.7523544127046164
test,2019-540,6,723,0,0.0,0.661336305322
test,2019-540,6,723,1,0.0,0.22165499768634536
test,2019-540,7,724,0,1.0,0.5897619425008681
test,2019-560,1,737,0,0.0,0.5715833515116874
test,2019-560,1,737,1,1.0,0.5493059347427446
test,2019-560,1,737,2,0.0,0.10145685122801029
test,2019-560,1,737,3,0.0,0.6403778946267165
test,2019-560,1,737,4,0.0,0.2471672864242019
test,2019-560,1,737,5,1.0,0.281459853028223
test,2019-560,1,737,6,0.0,0.37826458209810637
test,2019-560,1,737,7,1.0,0.3119329250848859
test,2019-560,1,737,8,0.0,0.6429508661794681
test,2019-560,1,737,9,0.0,0.6278667769800902
test,2019-560,1,737,10,1.0,0.2072579643485216
test,2019-560,1,737,11,1.0,0.5717184631749433
test,2019-560,1,737,12,0.0,0.43220229369152674
test,2019-560,1,737,13,1.0,0.34162169856984115
test,2019-560,1,737,14,0.0,0.3049916307934093
test,2019-560,1,737,15,0.0,0.8204622627554485
test,2019-560,1,737,16,0.0,0.4795006859816799
test,2019-560,1,737,17,1.0,0.5054814987309121
test,2019-560,1,737,18,1.0,0.1446842851028244
test,2019-560,1,737,19,1.0,0.5884749256237581
test,2019-560,1,737,20,0.0,0.3294904355083946
test,2019-560,1,737,21,0.0,0.19130659335173847
test,2019-560,1,737,22,0.0,0.2651517959676663
test,2019-560,1,737,23,1.0,0.6003668858867754
test,2019-560,1,737,24,1.0,0.3273187974678862
test,2019-560,1,737,25,1.0,0.45189241222719984
test,2019-560,1,737,26,0.0,0.24647693051925743
test,2019-560,1,737,27,1.0,0.9381673465617341
test,2019-560,1,737,28,1.0,0.2240535329637999
test,2019-560,1,737,29,0.0,0.49337089109275367
test,2019-560,1,737,30,0.0,0.3035744082580403
test,2019-560,1,737,31,1.0,0.8809203399483355
test,2019-560,1,737,32,0.0,0.37177098741046627
test,2019-560,1,737,33,1.0,0.43731261302918484
test,2019-560,1,737,34,1.0,0.7479278020971005
test,2019-560,1,737,35,1.0,0.1631584189391397
test,2019-560,1,737,36,1.0,0.3662068955856423
test,2019-560,1,737,37,0.0,0.8029369876600504
test,2019-560,1,737,38,0.0,0.40809006323270475
test,2019-560,1,737,39,0.0,0.4291536368486101
test,2019-560,1,737,40,1.0,0.6993628535511364
test,2019-560,1,737,41,0.0,0.4727608633470063
test,2019-560,1,737,42,0.0,0.19911618639278053
test,2019-560,1,737,43,1.0,0.9476602266183807
test,2019-560,1,737,44,0.0,0.26084105648602646
test,2019-560,1,737,45,0.0,0.7036669793933235
test,2019-560,1,737,46,0.0,0.4223353311174707
test,2019-560,1,737,47,1.0,0.7132871655619897
test,2019-560,1,737,48,0.0,0.6000041601176972
test,2019-560,1,737,49,0.0,0.6492497318162429
test,2019-560,1,737,50,0.0,0.12081858327780855
test,2019-560,1,737,51,0.0,0.21550957367727983
test,2019-560,1,737,52,1.0,0.3946139650811403
test,2019-560,1,737,53,0.0,0.6118314044029772
test,2019-560,1,737,54,0.0,0.1750771769035405
test,2019-560,1,737,55,0.0,0.5376586183117621
test,2019-560,1,737,56,1.0,0.643422980842906
test,2019-560,1,737,57,1.0,0.8539896630774385
test,2019-560,1,737,58,1.0,0.8349562206361112
test,2019-560,1,737,59,1.0,0.3107941551763434
test,2019-560,1,737,60,0.0,0.2773902083161589
test,2019-560,1,737,61,1.0,0.9283087551878137
test,2019-560,1,737,62,0.0,0.20995331824245342
test,2019-560,1,737,63,0.0,0.7841090006374559
test,2019-560,2,738,0,0.0,0.04664976220228569
test,2019-560,2,738,1,1.0,0.33197294974643915
test,2019-560,2,738,2,0.0,0.1060401256783176
test,2019-560,2,738,3,0.0,0.3327678236196516
test,2019-560,2,738,4,0.0,0.5013031447989892
test,2019-560,2,738,5,1.0,0.31914519784862966
test,2019-560,2,738,6,0.0,0.10432981939811364
test,2019-560,2,738,7,1.0,0.8763120394908742
test,2019-560,2,738,8,0.0,0.39566743555259404
test,2019-560,2,738,9,1.0,0.7784226370220869
test,2019-560,2,738,10,1.0,0.3502277492004952
test,2019-560,2,738,11,0.0,0.4032465750995619
test,2019-560,2,738,12,1.0,0.7161747520139219
test,2019-560,2,738,13,0.0,0.670226654523923
test,2019-560,2,738,14,0.0,0.1915519004504919
test,2019-560,2,738,15,1.0,0.9436801952510635
test,2019-560,2,738,16,1.0,0.8089147550101119
test,2019-560,2,738,17,1.0,0.7873166359402617
test,2019-560,2,738,18,0.0,0.6453068882099112
test,2019-560,2,738,19,0.0,0.608110877139546
test,2019-560,2,738,20,1.0,0.7940734639350192
test,2019-560,2,738,21,0.0,0.2631764316251809
test,2019-560,2,738,22,1.0,0.329595522389027
test,2019-560,2,738,23,0.0,0.7258467751167057
test,2019-560,2,738,24,0.0,0.5049035145816262
test,2019-560,2,738,25,1.0,0.3745632334303088
test,2019-560,2,738,26,0.0,0.14193732257878808
test,2019-560,2,738,27,1.0,0.634921680364406
test,2019-560,2,738,28,0.0,0.7787646794576838
test,2019-560,2,738,29,0.0,0.4892662819409462
test,2019-560,2,738,30,0.0,0.11333014296244616
test,2019-560,2,738,31,1.0,0.8144071981551472
test,2019-560,3,739,0,0.0,0.4730282613631554
test,2019-560,3,739,1,1.0,0.8951828793404354
test,2019-560,3,739,2,0.0,0.3885110120230809
test,2019-560,3,739,3,1.0,0.34132247322482856
test,2019-560,3,739,4,0.0,0.8260057121829981
test,2019-560,3,739,5,1.0,0.8707474929653659
test,2019-560,3,739,6,0.0,0.38815326697340613
test,2019-560,3,739,7,0.0,0.07207808258143884
test,2019-560,3,739,8,1.0,0.2341650764171231
test,2019-560,3,739,9,0.0,0.2192790549408036
test,2019-560,3,739,10,0.0,0.49856124406628805
test,2019-560,3,739,11,1.0,0.6094859901254914
test,2019-560,3,739,12,0.0,0.15522005296211264
test,2019-560,3,739,13,0.0,0.3970162294133064
test,2019-560,3,739,14,0.0,0.0810210845052581
test,2019-560,3,739,15,1.0,0.8107074762091847
test,2019-560,4,740,0,0.0,0.5872063934851133
test,2019-560,4,740,1,1.0,0.8044620704551043
test,2019-560,4,740,2,0.0,0.5758072397935542
test,2019-560,4,740,3,1.0,0.7745871613368412
test,2019-560,4,740,4,1.0,0.6817193041054995
test,2019-560,4,740,5,1.0,0.8201415314199998
test,2019-560,4,740,6,1.0,0.22180767287086087
test,2019-560,4,740,7,0.0,0.22574354294070686
test,2019-560,5,741,0,0.0,0.1984296361918943
test,2019-560,5,741,1,0.0,0.7314703962881721
test,2019-560,5,741,2,0.0,0.7400305125797614
test,2019-560,5,741,3,1.0,0.343792735380245
test,2019-560,6,742,0,1.0,0.9317302322520278
test,2019-560,6,742,1,0.0,0.6398335590368601
test,2019-560,7,743,0,0.0,0.13378252669990426
test,2019-580,1,672,0,0.0,0.5868950334751979
test,2019-580,1,672,1,1.0,0.9090584563948687
test,2019-580,1,672,2,1.0,0.6854662981066814
test,2019-580,1,672,3,0.0,0.23836759739403193
test,2019-580,1,672,4,0.0,0.2903799640129987
test,2019-580,1,672,5,0.0,0.1463595269037744
test,2019-580,1,672,6,1.0,0.6844123259336511
test,2019-580,1,672,7,1.0,0.6627320048289768
test,2019-580,1,672,8,0.0,0.3497989676272708
test,2019-580,1,672,9,1.0,0.8333305138628965
test,2019-580,1,672,10,1.0,0.8078526107012881
test,2019-580,1,672,11,0.0,0.30175578102817524
test,2019-580,1,672,12,0.0,0.6465962558777284
test,2019-580,1,672,13,1.0,0.7165678440412078
test,2019-580,1,672,14,1.0,0.761131224035601
test,2019-580,1,672,15,0.0,0.6018418445229317
test,2019-580,1,672,16,1.0,0.6004088718191706
test,2019-580,1,672,17,1.0,0.6320050692330403
test,2019-580,1,672,18,1.0,0.2903844425533684
test,2019-580,1,672,19,0.0,0.361924816185433
test,2019-580,1,672,20,0.0,0.4303535154924676
test,2019-580,1,672,21,1.0,0.5105608480052625
test,2019-580,1,672,22,1.0,0.6230772543720584
test,2019-580,1,672,23,0.0,0.6007185029091212
test,2019-580,1,672,24,0.0,0.3541622489157862
test,2019-580,1,672,25,0.0,0.723008959661835
test,2019-580,1,672,26,1.0,0.8090885561149875
test,2019-580,1,672,27,0.0,0.2197724391218007
test,2019-580,1,672,28,0.0,0.3076660303463362
test,2019-580,1,672,29,0.0,0.35963752569506535
test,2019-580,1,672,30,1.0,0.3315433633112197
test,2019-580,1,672,31,0.0,0.38924366113393966
test,2019-580,1,672,32,1.0,0.5093853449513496
test,2019-580,1,672,33,1.0,0.42068868406466875
test,2019-580,1,672,34,1.0,0.22439779822086728
test,2019-580,1,672,35,0.0,0.2698441051019796
test,2019-580,1,672,36,1.0,0.4551301124776694
test,2019-580,1,672,37,0.0,0.4994174885839942
test,2019-580,1,672,38,0.0,0.2992175325196226
test,2019-580,1,672,39,0.0,0.30643734552410445
test,2019-580,1,672,40,1.0,0.6492715163259163
test,2019-580,1,672,41,0.0,0.5225141087646177
test,2019-580,1,672,42,1.0,0.6197455353940875
test,2019-580,1,672,43,1.0,0.13147411391123928
test,2019-580,1,672,44,1.0,0.8322874340263917
test,2019-580,1,672,45,1.0,0.40082736853444
test,2019-580,1,672,46,0.0,0.046284575035867685
test,2019-580,1,672,47,1.0,0.8297905340183295
test,2019-580,1,672,48,1.0,0.8707658252118877
test,2019-580,1,672,49,0.0,0.2919387440987361
test,2019-580,1,672,50,1.0,0.6491778372711422
test,2019-580,1,672,51,1.0,0.15352803209687682
test,2019-580,1,672,52,1.0,0.791424718100997
test,2019-580,1,672,53,1.0,0.9479205588793095
test,2019-580,1,672,54,0.0,0.2427574605654063
test,2019-580,1,672,55,1.0,0.9307291825376985
test,2019-580,1,672,56,1.0,0.7289778543013825
test,2019-580,1,672,57,0.0,0.13597163488395347
test,2019-580,1,672,58,1.0,0.7156243173996603
test,2019-580,1,672,59,0.0,0.15604199668598764
test,2019-580,1,672,60,0.0,0.23972162340900027
test,2019-580,1,672,61,1.0,0.663969056198506
test,2019-580,1,672,62,1.0,0.5908662858018291
test,2019-580,1,672,63,1.0,0.870985343471353
test,2019-580,2,673,0,1.0,0.8619903439372821
test,2019-580,2,673,1,1.0,0.7811255281349866
test,2019-580,2,673,2,0.0,0.2777219959433694
test,2019-580,2,673,3,1.0,0.6629449987905655
test,2019-580,2,673,4,1.0,0.7012290000581828
test,2019-580,2,673,5,1.0,0.845096887821521
test,2019-580,2,673,6,0.0,0.41770385859835674
test,2019-580,2,673,7,0.0,0.5510457779245885
test,2019-580,2,673,8,1.0,0.7232504214936736
test,2019-580,2,673,9,0.0,0.24079527661724243
test,2019-580,2,673,10,1.0,0.6872098509566819
test,2019-580,2,673,11,0.0,0.15308858148469576
test,2019-580,2,673,12,0.0,0.24565669027004686
test,2019-580,2,673,13,0.0,0.23612367005065008
test,2019-580,2,673,14,1.0,0.7019665488399057
test,2019-580,2,673,15,1.0,0.6362496840097412
test,2019-580,2,673,16,0.0,0.38298790493745194
test,2019-580,2,673,17,1.0,0.49051813793682497
test,2019-580,2,673,18,1.0,0.8758489522246787
test,2019-580,2,673,19,0.0,0.7659173737175469
test,2019-580,2,673,20,0.0,0.8246985919870474
test,2019-580,2,673,21,0.0,0.49971683306126863
test,2019-580,2,673,22,0.0,0.9160342898972028
test,2019-580,2,673,23,0.0,0.7528074263115857
test,2019-580,2,673,24,1.0,0.5330654201354279
test,2019-580,2,673,25,0.0,0.11869298927415607
test,2019-580,2,673,26,0.0,0.22375911527647802
test,2019-580,2,673,27,0.0,0.07320208066829884
test,2019-580,2,673,28,1.0,0.8675186067653886
test,2019-580,2,673,29,1.0,0.4235124279148206
test,2019-580,2,673,30,0.0,0.311254587395987
test,2019-580,2,673,31,1.0,0.6507649709146205
test,2019-580,3,674,0,1.0,0.8171208006045537
test,2019-580,3,674,1,0.0,0.19062387852613985
test,2019-580,3,674,2,0.0,0.2316144197440656
test,2019-580,3,674,3,1.0,0.7920669632236819
test,2019-580,3,674,4,1.0,0.4749121912498382
test,2019-580,3,674,5,1.0,0.9237044397529566
test,2019-580,3,674,6,0.0,0.28144078400193073
test,2019-580,3,674,7,1.0,0.8975766327676594
test,2019-580,3,674,8,1.0,0.16718017415996544
test,2019-580,3,674,9,1.0,0.49366080120074146
test,2019-580,3,674,10,1.0,0.5639333033762213
test,2019-580,3,674,11,1.0,0.5565373353683761
test,2019-580,3,674,12,1.0,0.6789267251548621
test,2019-580,3,674,13,0.0,0.12991342281530113
test,2019-580,3,674,14,1.0,0.847093566927922
test,2019-580,3,674,15,1.0,0.9014097682222484
test,2019-580,4,675,0,1.0,0.6986396776256083
test,2019-580,4,675,1,1.0,0.21784626955217137
test,2019-580,4,675,2,1.0,0.9189322191705415
test,2019-580,4,675,3,1.0,0.4516978756701471
test,2019-580,4,675,4,1.0,0.3944856503095054
test,2019-580,4,675,5,1.0,0.5057226666347321
test,2019-580,4,675,6,0.0,0.8628907211304493
test,2019-580,4,675,7,1.0,0.8015387257922924
test,2019-580,5,676,0,0.0,0.78064433981381
test,2019-580,5,676,1,0.0,0.6915524194958024
test,2019-580,5,676,2,1.0,0.6908417960943779
test,2019-580,5,676,3,1.0,0.9074057283735485
test,2019-580,6,677,0,1.0,0.8364514859914518
test,2019-580,6,677,1,1.0,0.9100049993877435
test,2019-580,7,678,0,0.0,0.4839203621379528
test,2019-M006,1,679,0,1.0,0.7003354375436522
test,2019-M006,1,679,1,0.0,0.3657374025460566
test,2019-M006,1,679,2,1.0,0.4879998832181315
test,2019-M006,1,679,3,0.0,0.4736482568468477
test,2019-M006,1,679,4,0.0,0.7835346420764137
test,2019-M006,1,679,5,0.0,0.2534881335101929
test,2019-M006,1,679,6,0.0,0.46984487945597475
test,2019-M006,1,679,7,0.0,0.632470396665304
test,2019-M006,1,679,8,1.0,0.46179445776641387
test,2019-M006,1,679,9,1.0,0.3682847233769762
test,2019-M006,1,679,10,1.0,0.4605239102983467
test,2019-M006,1,679,11,1.0,0.6041039219133509
test,2019-M006,1,679,12,0.0,0.4013244425200324
test,2019-M006,1,679,13,1.0,0.5306186822607439
test,2019-M006,1,679,14,1.0,0.37632417096213583
test,2019-M006,1,679,15,0.0,0.23367417684036004
test,2019-M006,1,679,16,1.0,0.4443599492847093
test,2019-M006,1,679,17,0.0,0.5220145117681654
test,2019-M006,1,679,18,1.0,0.3661973671840638
test,2019-M006,1,679,19,0.0,0.6197021018952006
test,2019-M006,1,679,20,0.0,0.6887135028704255
test,2019-M006,1,679,21,1.0,0.44808563975368415
test,2019-M006,1,679,22,0.0,0.6711072503668455
test,2019-M006,1,679,23,1.0,0.7254593260230117
test,2019-M006,1,679,24,0.0,0.39273528151815373
test,2019-M006,1,679,25,0.0,0.42035678620103567
test,2019-M006,1,679,26,1.0,0.19956687557338523
test,2019-M006,1,679,27,0.0,0.38770280738266344
test,2019-M006,1,679,28,0.0,0.42720182246785404
test,2019-M006,1,679,29,0.0,0.40536188235659626
test,2019-M006,1,679,30,0.0,0.4464749427143747
test,2019-M006,1,679,31,0.0,0.35612327988772446
test,2019-M006,2,680,0,1.0,0.8907781608364601
test,2019-M006,2,680,1,0.0,0.6206057511705987
test,2019-M006,2,680,2,0.0,0.3014482318237396
test,2019-M006,2,680,3,1.0,0.7156831087157497
test,2019-M006,2,680,4,1.0,0.7571804454363851
test,2019-M006,2,680,5,1.0,0.8124223316945308
test,2019-M006,2,680,6,1.0,0.8375425899784594
test,2019-M006,2,680,7,1.0,0.6491235619033223
test,2019-M006,2,680,8,1.0,0.397058662430312
test,2019-M006,2,680,9,0.0,0.7103860562825515
test,2019-M006,2,680,10,1.0,0.5280798847160368
test,2019-M006,2,680,11,1.0,0.18917098238773797
test,2019-M006,2,680,12,0.0,0.20986950281675534
test,2019-M006,2,680,13,1.0,0.7062411874134316
test,2019-M006,2,680,14,1.0,0.580136881523508
test,2019-M006,2,680,15,0.0,0.2174465076131732
test,2019-M006,2,680,16,0.0,0.15088049963125993
test,2019-M006,2,680,17,0.0,0.80745047739388
test,2019-M006,2,680,18,1.0,0.4778721696337935
test,2019-M006,2,680,19,1.0,0.29476465239210653
test,2019-M006,2,680,20,0.0,0.33977979529463376
test,2019-M006,2,680,21,0.0,0.17524144604744407
test,2019-M006,2,680,22,0.0,0.16734263587181195
test,2019-M006,2,680,23,0.0,0.36720573998085476
test,2019-M006,2,680,24,1.0,0.29098677023776953
test,2019-M006,2,680,25,1.0,0.693445738237797
test,2019-M006,2,680,26,0.0,0.6666445950064098
test,2019-M006,2,680,27,0.0,0.7630660752679151
test,2019-M006,2,680,28,1.0,0.5028332472986687
test,2019-M006,2,680,29,0.0,0.6615276229389416
test,2019-M006,2,680,30,1.0,0.3115857615832422
test,2019-M006,2,680,31,0.0,0.2687330574525869
test,2019-M006,3,681,0,1.0,0.6722731250730751
test,2019-M006,3,681,1,0.0,0.23579398083685735
test,2019-M006,3,681,2,1.0,0.4637505230760647
test,2019-M006,3,681,3,0.0,0.3459591173261911
test,2019-M006,3,681,4,0.0,0.26310251317007594
test,2019-M006,3,681,5,1.0,0.6054478276313973
test,2019-M006,3,681,6,0.0,0.7463360980411777
test,2019-M006,3,681,7,0.0,0.8763549124186909
test,2019-M006,3,681,8,0.0,0.5580010379840543
test,2019-M006,3,681,9,1.0,0.6303549892723246
test,2019-M006,3,681,10,0.0,0.7840830778985938
test,2019-M006,3,681,11,0.0,0.29419439845735085
test,2019-M006,3,681,12,0.0,0.28877691676101075
test,2019-M006,3,681,13,1.0,0.544339104158118
test,2019-M006,3,681,14,0.0,0.8209676272002809
test,2019-M006,3,681,15,1.0,0.8860767811419639
test,2019-M006,4,682,0,1.0,0.3655171855173291
test,2019-M006,4,682,1,1.0,0.7061881804012263
test,2019-M006,4,682,2,1.0,0.2953607126081432
test,2019-M006,4,682,3,1.0,0.3334847654272761
test,2019-M006,4,682,4,1.0,0.7781445012303881
test,2019-M006,4,682,5,0.0,0.210632793103693
test,2019-M006,4,682,6,0.0,0.3729717754781623
test,2019-M006,4,682,7,1.0,0.8776252728472859
test,2019-M006,5,683,0,0.0,0.1933896119663428
test,2019-M006,5,683,1,0.0,0.13521264342621298
test,2019-M006,5,683,2,0.0,0.12108544884757343
test,2019-M006,5,683,3,0.0,0.35175857099635144
test,2019-M006,6,684,0,0.0,0.6515571704716844
test,2019-M006,6,684,1,0.0,0.48813124897198984
test,2019-M006,7,685,0,0.0,0.5098828014546772
test,2019-M007,1,686,0,0.0,0.5954033309723806
test,2019-M007,1,686,1,1.0,0.5310477886202538
test,2019-M007,1,686,2,0.0,0.6138335591808264
test,2019-M007,1,686,3,0.0,0.6394918442477526
test,2019-M007,1,686,4,0.0,0.33268796065492834
test,2019-M007,1,686,5,0.0,0.24719688372662396
test,2019-M007,1,686,6,1.0,0.65970510993628
test,2019-M007,1,686,7,1.0,0.5168486798447259
test,2019-M007,1,686,8,0.0,0.49783609677631085
test,2019-M007,1,686,9,0.0,0.18773065887868487
test,2019-M007,1,686,10,0.0,0.5713911583410188
test,2019-M007,1,686,11,0.0,0.52928048010552
test,2019-M007,1,686,12,0.0,0.5233814502987355
test,2019-M007,1,686,13,0.0,0.3539395147726809
test,2019-M007,1,686,14,1.0,0.31012382385580883
test,2019-M007,1,686,15,0.0,0.5642351737478178
test,2019-M007,1,686,16,1.0,0.521365600157174
test,2019-M007,1,686,17,0.0,0.3878720534141065
test,2019-M007,1,686,18,1.0,0.6852889987671779
test,2019-M007,1,686,19,0.0,0.45595013539972384
test,2019-M007,1,686,20,1.0,0.7428723713977632
test,2019-M007,1,686,21,1.0,0.27560722176937896
test,2019-M007,1,686,22,0.0,0.6422455784773644
test,2019-M007,1,686,23,0.0,0.545990625349326
test,2019-M007,1,686,24,1.0,0.7246548482302513
test,2019-M007,1,686,25,0.0,0.42099911411541835
test,2019-M007,1,686,26,1.0,0.385115933779162
test,2019-M007,1,686,27,1.0,0.33713172783901746
test,2019-M007,1,686,28,1.0,0.46574953112569845
test,2019-M007,1,686,29,0.0,0.3728035570899568
test,2019-M007,1,686,30,0.0,0.4999792456506638
test,2019-M007,1,686,31,0.0,0.4947321679482031
test,2019-M007,2,687,0,0.0,0.1628412319705789
test,2019-M007,2,687,1,0.0,0.5570365891492837
test,2019-M007,2,687,2,0.0,0.22033195149298934
test,2019-M007,2,687,3,0.0,0.1694746103474354
test,2019-M007,2,687,4,1.0,0.8099677290980979
test,2019-M007,2,687,5,1.0,0.8270514053229592
test,2019-M007,2,687,6,1.0,0.4876599094766103
test,2019-M007,2,687,7,0.0,0.08727625078045706
test,2019-M007,2,687,8,0.0,0.8771965452472609
test,2019-M007,2,687,9,1.0,0.8367760600573676
test,2019-M007,2,687,10,0.0,0.7056474978134772
test,2019-M007,2,687,11,0.0,0.630129756855029
test,2019-M007,2,687,12,1.0,0.1883979044016706
test,2019-M007,2,687,13,1.0,0.2197019579504359
test,2019-M007,2,687,14,1.0,0.865652594859322
test,2019-M007,2,687,15,1.0,0.5963869754396115
test,2019-M007,2,687,16,0.0,0.497165835136696
test,2019-M007,2,687,17,0.0,0.30338721935650875
test,2019-M007,2,687,18,1.0,0.6399405276966859
test,2019-M007,2,687,19,1.0,0.39330211169186613
test,2019-M007,2,687,20,1.0,0.8866891805466541
test,2019-M007,2,687,21,1.0,0.6858055262199951
test,2019-M007,2,687,22,1.0,0.2635076640694076
test,2019-M007,2,687,23,0.0,0.8244376433180688
test,2019-M007,2,687,24,0.0,0.46837819821539456
test,2019-M007,2,687,25,0.0,0.6146508928988235
test,2019-M007,2,687,26,1.0,0.17150244719421065
test,2019-M007,2,687,27,0.0,0.16472339188420163
test,2019-M007,2,687,28,1.0,0.42701961179623
test,2019-M007,2,687,29,1.0,0.8063823134524873
test,2019-M007,2,687,30,0.0,0.2307644733948185
test,2019-M007,2,687,31,0.0,0.5559075540424251
test,2019-M007,3,688,0,1.0,0.6020744569128837
test,2019-M007,3,688,1,1.0,0.3018880901635875
test,2019-M007,3,688,2,0.0,0.4100121705121458
test,2019-M007,3,688,3,0.0,0.08490350471190616
test,2019-M007,3,688,4,0.0,0.5338204810068159
test,2019-M007,3,688,5,1.0,0.424584077726882
test,2019-M007,3,688,6,1.0,0.6514717248549472
test,2019-M007,3,688,7,1.0,0.699537027078182
test,2019-M007,3,688,8,1.0,0.39201633535942887
test,2019-M007,3,688,9,0.0,0.1793835500621601
test,2019-M007,3,688,10,0.0,0.37749935747325436
test,2019-M007,3,688,11,1.0,0.5382101767332026
test,2019-M007,3,688,12,0.0,0.1373558231465514
test,2019-M007,3,688,13,0.0,0.3395260636985558
test,2019-M007,3,688,14,0.0,0.7990845886344029
test,2019-M007,3,688,15,1.0,0.6530901757340376
test,2019-M007,4,689,0,1.0,0.21173555238665828
test,2019-M007,4,689,1,1.0,0.5810137729456857
test,2019-M007,4,689,2,1.0,0.8496770796402262
test,2019-M007,4,689,3,1.0,0.7738319987665531
test,2019-M007,4,689,4,1.0,0.353493897981944
test,2019-M007,4,689,5,1.0,0.6127227612456679
test,2019-M007,4,689,6,1.0,0.226356768637428
test,2019-M007,4,689,7,0.0,0.48688925019248963
test,2019-M007,5,690,0,0.0,0.42006690258331597
test,2019-M007,5,690,1,1.0,0.6910244438002718
test,2019-M007,5,690,2,0.0,0.8116572752558333
test,2019-M007,5,690,3,1.0,0.4701151903510072
test,2019-M007,6,691,0,1.0,0.804846989679439
test,2019-M007,6,691,1,0.0,0.17307752188630598
test,2019-M007,7,692,0,1.0,0.6843763225922977
test,2019-M009,2,705,0,0.0,0.7603602508932044
test,2019-M009,2,705,1,1.0,0.3894458553867871
test,2019-M009,2,705,2,0.0,0.5057554568702726
test,2019-M009,2,705,3,0.0,0.48698940880833863
test,2019-M009,2,705,4,1.0,0.6195092148772368
test,2019-M009,2,705,5,0.0,0.6293259926350748
test,2019-M009,2,705,6,0.0,0.46257481140486745
test,2019-M009,2,705,7,0.0,0.251190774993404
test,2019-M009,2,705,8,0.0,0.5114278978194934
test,2019-M009,2,705,9,1.0,0.9137676051771981
test,2019-M009,2,705,10,1.0,0.2583248875699585
test,2019-M009,2,705,11,1.0,0.4936646716254274
test,2019-M009,2,705,12,0.0,0.7951308727173132
test,2019-M009,2,705,13,1.0,0.37464697785684087
test,2019-M009,2,705,14,0.0,0.29541379637475035
test,2019-M009,2,705,15,1.0,0.7822308531501156
test,2019-M009,2,705,16,1.0,0.4150027058251002
test,2019-M009,2,705,17,0.0,0.47403938213073304
test,2019-M009,2,705,18,0.0,0.5476135748951854
test,2019-M009,2,705,19,1.0,0.7502378079569594
test,2019-M009,2,705,20,1.0,0.7671120366054385
test,2019-M009,2,705,21,1.0,0.5516855879944202
test,2019-M009,2,705,22,1.0,0.4534225520670647
test,2019-M009,2,705,23,1.0,0.3866943315783131
test,2019-M009,3,706,0,0.0,0.3631244573120338
test,2019-M009,3,706,1,1.0,0.877729944368356
test,2019-M009,3,706,2,1.0,0.38466810157084247
test,2019-M009,3,706,3,1.0,0.25824066797715883
test,2019-M009,3,706,4,1.0,0.801960654937499
test,2019-M009,3,706,5,0.0,0.14980282423242908
test,2019-M009,3,706,6,1.0,0.6451325934681562
test,2019-M009,3,706,7,1.0,0.21067802214257322
test,2019-M009,3,706,8,0.0,0.553026361225846
test,2019-M009,3,706,9,0.0,0.8593708712245005
test,2019-M009,3,706,10,0.0,0.4070216809962242
test,2019-M009,3,706,11,0.0,0.7868259392844635
test,2019-M009,3,706,12,0.0,0.18828250783275793
test,2019-M009,3,706,13,0.0,0.21449477992089913
test,2019-M009,3,706,14,0.0,0.23093600733085473
test,2019-M009,3,706,15,1.0,0.824345999080012
test,2019-M009,4,707,0,0.0,0.20739715812284878
test,2019-M009,4,707,1,0.0,0.14164051384377518
test,2019-M009,4,707,2,0.0,0.15093477686919415
test,2019-M009,4,707,3,1.0,0.7780207904898195
test,2019-M009,4,707,4,0.0,0.7048226333428673
test,2019-M009,4,707,5,1.0,0.7043883158504164
test,2019-M009,4,707,6,0.0,0.542115680587739
test,2019-M009,4,707,7,1.0,0.8986510716616806
test,2019-M009,5,708,0,0.0,0.23852795730716195
test,2019-M009,5,708,1,0.0,0.6326122148207005
test,2019-M009,5,708,2,1.0,0.17588175673498574
test,2019-M009,5,708,3,1.0,0.850716178922738
test,2019-M009,6,709,0,1.0,0.7838971114009491
test,2019-M009,6,709,1,0.0,0.12222883042400431
test,2019-M009,7,710,0,0.0,0.4604352023691282
test,2019-M021,2,699,0,1.0,0.30065498702397325
test,2019-M021,2,699,1,1.0,0.6132684928622557
test,2019-M021,2,699,2,0.0,0.47773965623265785
test,2019-M021,2,699,3,1.0,0.44003717481348986
test,2019-M021,2,699,4,0.0,0.2584660507090398
test,2019-M021,2,699,5,0.0,0.8150284497618462
test,2019-M021,2,699,6,0.0,0.6830459251912467
test,2019-M021,2,699,7,1.0,0.4552823198724703
test,2019-M021,2,699,8,0.0,0.590970606991308
test,2019-M021,2,699,9,1.0,0.7735490077710011
test,2019-M021,2,699,10,1.0,0.6551162609495859
test,2019-M021,2,699,11,1.0,0.537453135128689
test,2019-M021,2,699,12,1.0,0.3911859426516565
test,2019-M021,2,699,13,0.0,0.40414752252508207
test,2019-M021,2,699,14,0.0,0.35343344307370766
test,2019-M021,2,699,15,0.0,0.8100171436122093
test,2019-M021,2,699,16,0.0,0.1709888596131402
test,2019-M021,2,699,17,0.0,0.6904396181603593
test,2019-M021,2,699,18,0.0,0.647484442470523
test,2019-M021,2,699,19,0.0,0.16377851415735728
test,2019-M021,2,699,20,0.0,0.26295607785903974
test,2019-M021,2,699,21,0.0,0.5921825933455128
test,2019-M021,2,699,22,1.0,0.21759931826971696
test,2019-M021,2,699,23,0.0,0.8083983734612432
test,2019-M021,3,700,0,1.0,0.7416930723664579
test,2019-M021,3,700,1,1.0,0.24978084813005316
test,2019-M021,3,700,2,0.0,0.5946986873338003
test,2019-M021,3,700,3,1.0,0.8834650976151902
test,2019-M021,3,700,4,1.0,0.7598941139870976
test,2019-M021,3,700,5,1.0,0.6839084219560562
test,2019-M021,3,700,6,1.0,0.792518148149868
test,2019-M021,3,700,7,0.0,0.8370012999506385
test,2019-M021,3,700,8,0.0,0.21349907574324997
test,2019-M021,3,700,9,1.0,0.3457364587907778
test,2019-M021,3,700,10,0.0,0.09943418585594084
test,2019-M021,3,700,11,0.0,0.09066702727745056
test,2019-M021,3,700,12,0.0,0.23836813545754187
test,2019-M021,3,700,13,1.0,0.4262420823333092
test,2019-M021,3,700,14,1.0,0.9234538075596438
test,2019-M021,3,700,15,1.0,0.4475502712850203
test,2019-M021,4,701,0,1.0,0.8912441777130501
test,2019-M021,4,701,1,0.0,0.6031326713456907
test,2019-M021,4,701,2,1.0,0.8456836783442341
test,2019-M021,4,701,3,0.0,0.6004598165438004
test,2019-M021,4,701,4,0.0,0.3615300044731908
test,2019-M021,4,701,5,1.0,0.781452721869598
test,2019-M021,4,701,6,1.0,0.8697204328540591
test,2019-M021,4,701,7,0.0,0.13436162693309048
test,2019-M021,5,702,0,0.0,0.2954572773287367
test,2019-M021,5,702,1,1.0,0.771545043588016
test,2019-M021,5,702,2,0.0,0.785464362898766
test,2019-M021,5,702,3,0.0,0.5850471669851323
test,2019-M021,6,703,0,0.0,0.3246647705177466
test,2019-M021,6,703,1,1.0,0.10955741705267996
test,2019-M021,7,704,0,0.0,0.12180800653675565
test,2019-M024,2,731,0,0.0,0.29432610062874565
test,2019-M024,2,731,1,1.0,0.600020994002693
test,2019-M024,2,731,2,0.0,0.3679790772033976
test,2019-M024,2,731,3,0.0,0.4346713986210924
test,2019-M024,2,731,4,0.0,0.2559897152216229
test,2019-M024,2,731,5,1.0,0.723501327487741
test,2019-M024,2,731,6,1.0,0.3616798505133347
test,2019-M024,2,731,7,0.0,0.5152980692608048
test,2019-M024,2,731,8,0.0,0.5812995803455342
test,2019-M024,2,731,9,0.0,0.597972876888678
test,2019-M024,2,731,10,1.0,0.44073414827388147
test,2019-M024,2,731,11,0.0,0.390619676113672
test,2019-M024,2,731,12,0.0,0.6049571757944463
test,2019-M024,2,731,13,0.0,0.6356606839751661
test,2019-M024,2,731,14,0.0,0.20589257788444543
test,2019-M024,2,731,15,0.0,0.23444735836165867
test,2019-M024,2,731,16,0.0,0.3565923312467305
test,2019-M024,2,731,17,0.0,0.22398564082343328
test,2019-M024,2,731,18,0.0,0.8062321565598805
test,2019-M024,2,731,19,0.0,0.5072855314260859
test,2019-M024,2,731,20,1.0,0.5044191163439348
test,2019-M024,2,731,21,0.0,0.496967721383839
test,2019-M024,2,731,22,0.0,0.20642256055188613
test,2019-M024,2,731,23,1.0,0.1823562741880079
test,2019-M024,3,732,0,1.0,0.7599517091408983
test,2019-M024,3,732,1,0.0,0.3578601424168609
test,2019-M024,3,732,2,0.0,0.444656077969512
test,2019-M024,3,732,3,1.0,0.1792073613711499
test,2019-M024,3,732,4,1.0,0.7647847562595471
test,2019-M024,3,732,5,1.0,0.850491446323362
test,2019-M024,3,732,6,0.0,0.5360989261001773
test,2019-M024,3,732,7,0.0,0.48240197184767336
test,2019-M024,3,732,8,0.0,0.38420323334734846
test,2019-M024,3,732,9,1.0,0.9249857737891028
test,2019-M024,3,732,10,0.0,0.7644696796169379
test,2019-M024,3,732,11,0.0,0.5105339230306936
test,2019-M024,3,732,12,0.0,0.5131724440913413
test,2019-M024,3,732,13,1.0,0.13016443925232907
test,2019-M024,3,732,14,1.0,0.7377536929939573
test,2019-M024,3,732,15,0.0,0.34573982324791014
test,2019-M024,4,733,0,1.0,0.8408478762524947
test,2019-M024,4,733,1,0.0,0.21254872050159304
test,2019-M024,4,733,2,0.0,0.6005397383663053
test,2019-M024,4,733,3,1.0,0.12392592048264478
test,2019-M024,4,733,4,1.0,0.4985486986443426
test,2019-M024,4,733,5,0.0,0.681895419027621
test,2019-M024,4,733,6,0.0,0.4957897764040829
test,2019-M024,4,733,7,1.0,0.6824031829231306
test,2019-M024,5,734,0,1.0,0.8269831896934976
test,2019-M024,5,734,1,0.0,0.3735818005362736
test,2019-M024,5,734,2,1.0,0.3017170197642579
test,2019-M024,5,734,3,0.0,0.19789547196795765
test,2019-M024,6,735,0,0.0,0.8515004044028207
test,2019-M024,6,735,1,1.0,0.7030079750699919
test,2019-M024,7,736,0,0.0,0.7010547095509424
test,2020-0352,2,789,0,0.0,0.453195201560133
test,2020-0352,2,789,1,1.0,0.45722703674061116
test,2020-0352,2,789,2,0.0,0.48633313961184593
test,2020-0352,2,789,3,1.0,0.6678429674007288
test,2020-0352,2,789,4,0.0,0.2019865236745449
test,2020-0352,2,789,5,1.0,0.5658201644513549
test,2020-0352,2,789,6,0.0,0.6684725950744882
test,2020-0352,2,789,7,1.0,0.43949872528391765
test,2020-0352,2,789,8,0.0,0.39623634034236915
test,2020-0352,2,789,9,0.0,0.5235557701771567
test,2020-0352,2,789,10,0.0,0.31556529312453463
test,2020-0352,2,789,11,0.0,0.5101639224458477
test,2020-0352,2,789,12,1.0,0.518183193507639
test,2020-0352,2,789,13,0.0,0.5489843872814094
test,2020-0352,2,789,14,1.0,0.18217431412433646
test,2020-0352,2,789,15,0.0,0.3469616291884414
test,2020-0352,2,789,16,1.0,0.5791453936024827
test,2020-0352,2,789,17,1.0,0.6509720027758255
test,2020-0352,2,789,18,0.0,0.6333158882393375
test,2020-0352,2,789,19,1.0,0.5008160374227094
test,2020-0352,2,789,20,0.0,0.27270274829044233
test,2020-0352,2,789,21,1.0,0.7367568110742292
test,2020-0352,2,789,22,0.0,0.5276805703267503
test,2020-0352,2,789,23,0.0,0.6693602649137089
test,2020-0352,3,790,0,0.0,0.2106890110630459
test,2020-0352,3,790,1,1.0,0.23426672507479662
test,2020-0352,3,790,2,1.0,0.7047151737315874
test,2020-0352,3,790,3,1.0,0.32732993943230604
test,2020-0352,3,790,4,1.0,0.6697771555964572
test,2020-0352,3,790,5,0.0,0.4246484617266607
test,2020-0352,3,790,6,1.0,0.8977188729743213
test,2020-0352,3,790,7,1.0,0.266701882290099
test,2020-0352,3,790,8,1.0,0.5648077839913078
test,2020-0352,3,790,9,0.0,0.81996607452049
test,2020-0352,3,790,10,1.0,0.813781176201525
test,2020-0352,3,790,11,1.0,0.555454660238914
test,2020-0352,3,790,12,1.0,0.7640986577684008
test,2020-0352,3,790,13,1.0,0.567551352734494
test,2020-0352,3,790,14,0.0,0.27026689240762847
test,2020-0352,3,790,15,1.0,0.5765914115565807
test,2020-0352,4,791,0,0.0,0.09692853600450287
test,2020-0352,4,791,1,0.0,0.21514696786583906
test,2020-0352,4,791,2,0.0,0.2368227671617869
test,2020-0352,4,791,3,0.0,0.41051059962127
test,2020-0352,4,791,4,0.0,0.16107199259192473
test,2020-0352,4,791,5,1.0,0.7267613130568109
test,2020-0352,4,791,6,1.0,0.22640782780622654
test,2020-0352,4,791,7,0.0,0.2137846893323356
test,2020-0352,5,792,0,0.0,0.17828283694450153
test,2020-0352,5,792,1,0.0,0.3152418845215836
test,2020-0352,5,792,2,1.0,0.47252561252474834
test,2020-0352,5,792,3,1.0,0.7441140292112922
test,2020-0352,6,793,0,1.0,0.28349779336958914
test,2020-0352,6,793,1,1.0,0.5725013042853823
test,2020-0352,7,794,0,1.0,0.42688896894188
test,2020-520,1,782,0,0.0,0.724405138120007
test,2020-520,1,782,1,0.0,0.24572174691759868
test,2020-520,1,782,2,0.0,0.18239634333606422
test,2020-520,1,782,3,1.0,0.28916447977857107
test,2020-520,1,782,4,0.0,0.3877817785450077
test,2020-520,1,782,5,0.0,0.8373631184121717
test,2020-520,1,782,6,0.0,0.38050504196881496
test,2020-520,1,782,7,0.0,0.4643623660270851
test,2020-520,1,782,8,0.0,0.27314472711508697
test,2020-520,1,782,9,0.0,0.5565749816465679
test,2020-520,1,782,10,1.0,0.42074856198442667
test,2020-520,1,782,11,1.0,0.6549482152948652
test,2020-520,1,782,12,0.0,0.54053488749952
test,2020-520,1,782,13,0.0,0.5621818301222642
test,2020-520,1,782,14,1.0,0.7219058229482593
test,2020-520,1,782,15,1.0,0.8799841414687256
test,2020-520,1,782,16,0.0,0.05510698261720332
test,2020-520,1,782,17,1.0,0.9481682425391087
test,2020-520,1,782,18,0.0,0.4595271130693624
test,2020-520,1,782,19,0.0,0.4755019220444753
test,2020-520,1,782,20,1.0,0.7774030740274817
test,2020-520,1,782,21,1.0,0.26448581915947594
test,2020-520,1,782,22,0.0,0.4114529305011239
test,2020-520,1,782,23,1.0,0.44449013534461235
test,2020-520,1,782,24,0.0,0.7497599648027901
test,2020-520,1,782,25,1.0,0.6080432864942962
test,2020-520,1,782,26,1.0,0.42288912438461024
test,2020-520,1,782,27,1.0,0.24454861163608357
test,2020-520,1,782,28,0.0,0.41604267518674415
test,2020-520,1,782,29,0.0,0.3503186560389806
test,2020-520,1,782,30,0.0,0.32971096054318094
test,2020-520,1,782,31,1.0,0.45325619164670866
test,2020-520,1,782,32,0.0,0.36091871149364296
test,2020-520,1,782,33,1.0,0.8434844717373373
test,2020-520,1,782,34,0.0,0.35027139012064096
test,2020-520,1,782,35,0.0,0.6636061642656512
test,2020-520,1,782,36,1.0,0.3738647434672659
test,2020-520,1,782,37,0.0,0.5287611177217909
test,2020-520,1,782,38,1.0,0.2833405375746299
test,2020-520,1,782,39,1.0,0.6682949024011334
test,2020-520,1,782,40,0.0,0.36630396895555145
test,2020-520,1,782,41,0.0,0.4708963383610417
test,2020-520,1,782,42,1.0,0.7189305388935262
test,2020-520,1,782,43,0.0,0.43898015913959265
test,2020-520,1,782,44,1.0,0.4741308984671847
test,2020-520,1,782,45,0.0,0.5227603568881057
test,2020-520,1,782,46,0.0,0.4133359419278092
test,2020-520,1,782,47,1.0,0.7231750981197971
test,2020-520,1,782,48,0.0,0.6728185033980443
test,2020-520,1,782,49,0.0,0.7921893822629622
test,2020-520,1,782,50,0.0,0.8464278405297396
test,2020-520,1,782,51,1.0,0.5159100309699145
test,2020-520,1,782,52,1.0,0.7751027037126078
test,2020-520,1,782,53,0.0,0.271752502454368
test,2020-520,1,782,54,0.0,0.7340432168462594
test,2020-520,1,782,55,0.0,0.21726995366465343
test,2020-520,1,782,56,0.0,0.32197596243012394
test,2020-520,1,782,57,0.0,0.2661773068278991
test,2020-520,1,782,58,1.0,0.20752818883847005
test,2020-520,1,782,59,1.0,0.7926570772060795
test,2020-520,1,782,60,0.0,0.7628312602791175
test,2020-520,1,782,61,1.0,0.4120019667166081
test,2020-520,1,782,62,1.0,0.535343776793747
test,2020-520,1,782,63,0.0,0.19949850030146074
test,2020-520,2,783,0,0.0,0.8228912551499745
test,2020-520,2,783,1,0.0,0.07461174545291493
test,2020-520,2,783,2,1.0,0.272223136024222
test,2020-520,2,783,3,0.0,0.32342868552961984
test,2020-520,2,783,4,1.0,0.7881861709184501
test,2020-520,2,783,5,1.0,0.8528356346673934
test,2020-520,2,783,6,0.0,0.35681532156017515
test,2020-520,2,783,7,0.0,0.3009368350382098
test,2020-520,2,783,8,0.0,0.4748417165943495
test,2020-520,2,783,9,0.0,0.544174993024326
test,2020-520,2,783,10,0.0,0.43995997624998334
test,2020-520,2,783,11,1.0,0.7186870181189423
test,2020-520,2,783,12,1.0,0.20137359761226675
test,2020-520,2,783,13,0.0,0.152741564679739
test,2020-520,2,783,14,0.0,0.28032711325756127
test,2020-520,2,783,15,1.0,0.7458826767867806
test,2020-520,2,783,16,1.0,0.9146721337348894
test,2020-520,2,783,17,1.0,0.18035210304236443
test,2020-520,2,783,18,1.0,0.16865933933505922
test,2020-520,2,783,19,0.0,0.6841146065589464
test,2020-520,2,783,20,1.0,0.6013600683904412
test,2020-520,2,783,21,1.0,0.25528369960599423
test,2020-520,2,783,22,0.0,0.38528772485699014
test,2020-520,2,783,23,0.0,0.19141766371841898
test,2020-520,2,783,24,1.0,0.8196217870154706
test,2020-520,2,783,25,1.0,0.6467623008178275
test,2020-520,2,783,26,1.0,0.2766704454679637
test,2020-520,2,783,27,1.0,0.7531572288648066
test,2020-520,2,783,28,1.0,0.8857837723164718
test,2020-520,2,783,29,1.0,0.5852597564264266
test,2020-520,2,783,30,1.0,0.5991532087580125
test,2020-520,2,783,31,1.0,0.5411781720726212
test,2020-520,3,784,0,1.0,0.42834188452989047
test,2020-520,3,784,1,0.0,0.28392463804483387
test,2020-520,3,784,2,1.0,0.2310467399680903
test,2020-520,3,784,3,1.0,0.4227348117185984
test,2020-520,3,784,4,0.0,0.23577738606179433
test,2020-520,3,784,5,1.0,0.9559420999740137
test,2020-520,3,784,6,1.0,0.7583124800331388
test,2020-520,3,784,7,0.0,0.23849542087924766
test,2020-520,3,784,8,0.0,0.5944720703547541
test,2020-520,3,784,9,1.0,0.8699477706024965
test,2020-520,3,784,10,0.0,0.0645422910905041
test,2020-520,3,784,11,0.0,0.5538748579284751
test,2020-520,3,784,12,1.0,0.5512960690484712
test,2020-520,3,784,13,1.0,0.8087089107992922
test,2020-520,3,784,14,1.0,0.8219899556180849
test,2020-520,3,784,15,0.0,0.8201144408603134
test,2020-520,4,785,0,1.0,0.9474986042514946
test,2020-520,4,785,1,1.0,0.12817525219812115
test,2020-520,4,785,2,0.0,0.10449820019082884
test,2020-520,4,785,3,0.0,0.19489521232881482
test,2020-520,4,785,4,1.0,0.532675381091048
test,2020-520,4,785,5,1.0,0.8243897679909764
test,2020-520,4,785,6,1.0,0.8171934389773114
test,2020-520,4,785,7,0.0,0.4384128090694319
test,2020-520,5,786,0,1.0,0.45099982195421134
test,2020-520,5,786,1,0.0,0.06547164914806154
test,2020-520,5,786,2,1.0,0.6934919384084015
test,2020-520,5,786,3,1.0,0.8604543991138198
test,2020-520,6,787,0,1.0,0.7587918029314771
test,2020-520,6,787,1,1.0,0.8140584459377613
test,2020-520,7,788,0,1.0,0.45711763116387133
test,2020-560,1,769,0,1.0,0.46983460220014645
test,2020-560,1,769,1,1.0,0.5302151500196819
test,2020-560,1,769,2,0.0,0.4035079674295431
test,2020-560,1,769,3,1.0,0.49099957308382985
test,2020-560,1,769,4,1.0,0.3334234182527846
test,2020-560,1,769,5,1.0,0.7091126839224211
test,2020-560,1,769,6,1.0,0.7558149514847389
test,2020-560,1,769,7,0.0,0.5262394563514241
test,2020-560,1,769,8,0.0,0.695185187115958
test,2020-560,1,769,9,0.0,0.5215736075516186
test,2020-560,1,769,10,0.0,0.47553192130263455
test,2020-560,1,769,11,1.0,0.7087526337006631
test,2020-560,1,769,12,0.0,0.5346761591340069
test,2020-560,1,769,13,1.0,0.772448442401021
test,2020-560,1,769,14,0.0,0.31510957441817256
test,2020-560,1,769,15,1.0,0.5810806824224921
test,2020-560,1,769,16,1.0,0.4317313594213978
test,2020-560,1,769,17,1.0,0.25604225642113027
test,2020-560,1,769,18,0.0,0.5967703366698971
test,2020-560,1,769,19,1.0,0.29478591964097306
test,2020-560,1,769,20,0.0,0.24665664368736073
test,2020-560,1,769,21,1.0,0.6795889747743995
test,2020-560,1,769,22,0.0,0.5439629752870812
test,2020-560,1,769,23,0.0,0.5129892094188574
test,2020-560,1,769,24,1.0,0.46850242891676686
test,2020-560,1,769,25,1.0,0.6202813116313756
test,2020-560,1,769,26,1.0,0.7140207605583367
test,2020-560,1,769,27,0.0,0.6293896473248727
test,2020-560,1,769,28,0.0,0.1405662474837872
test,2020-560,1,769,29,1.0,0.7347668577112672
test,2020-560,1,769,30,1.0,0.31693511128761187
test,2020-560,1,769,31,1.0,0.7769526597433858
test,2020-560,1,769,32,1.0,0.7868912008667684
test,2020-560,1,769,33,0.0,0.4414204344990348
test,2020-560,1,769,34,1.0,0.6794851245178251
test,2020-560,1,769,35,1.0,0.3206581604054493
test,2020-560,1,769,36,0.0,0.16413970892044832
test,2020-560,1,769,37,0.0,0.40099285707728666
test,2020-560,1,769,38,0.0,0.7514518824550744
test,2020-560,1,769,39,1.0,0.7385826905443988
test,2020-560,1,769,40,0.0,0.3099994983872902
test,2020-560,1,769,41,0.0,0.4319164284686522
test,2020-560,1,769,42,0.0,0.6515910120668799
test,2020-560,1,769,43,1.0,0.7332235326390483
test,2020-560,1,769,44,0.0,0.31732638665522583
test,2020-560,1,769,45,0.0,0.5958159457788602
test,2020-560,1,769,46,0.0,0.5676926604267252
test,2020-560,1,769,47,0.0,0.22643743662751234
test,2020-560,1,769,48,0.0,0.7363284201609124
test,2020-560,1,769,49,0.0,0.3460631934885068
test,2020-560,1,769,50,0.0,0.2618692664742094
test,2020-560,1,769,51,1.0,0.682359764631618
test,2020-560,1,769,52,1.0,0.7544484173695646
test,2020-560,1,769,53,0.0,0.3173019303159491
test,2020-560,1,769,54,0.0,0.22390757723314597
test,2020-560,1,769,55,0.0,0.7080701277117017
test,2020-560,1,769,56,0.0,0.6798003851514925
test,2020-560,1,769,57,0.0,0.21262111560712732
test,2020-560,1,769,58,0.0,0.2887504161478056
test,2020-560,1,769,59,1.0,0.4709226824535263
test,2020-560,1,769,60,0.0,0.6390224456374372
test,2020-560,1,769,61,1.0,0.6815466393822689
test,2020-560,1,769,62,0.0,0.7630486106169582
test,2020-560,1,769,63,0.0,0.17584825147773595
test,2020-560,2,770,0,1.0,0.8616465892536241
test,2020-560,2,770,1,1.0,0.8492516732916275
test,2020-560,2,770,2,1.0,0.4281798086355528
test,2020-560,2,770,3,0.0,0.35711339373352774
test,2020-560,2,770,4,1.0,0.8501053159897917
test,2020-560,2,770,5,1.0,0.43445684266975787
test,2020-560,2,770,6,0.0,0.2863191700606264
test,2020-560,2,770,7,1.0,0.809408449729387
test,2020-560,2,770,8,0.0,0.2626361752438156
test,2020-560,2,770,9,0.0,0.2309738499660053
test,2020-560,2,770,10,1.0,0.8051084907735789
test,2020-560,2,770,11,1.0,0.48104782701447296
test,2020-560,2,770,12,0.0,0.7223674571244385
test,2020-560,2,770,13,0.0,0.31758504115574987
test,2020-560,2,770,14,1.0,0.8045953017149649
test,2020-560,2,770,15,0.0,0.15390208071238082
test,2020-560,2,770,16,0.0,0.5580229668333726
test,2020-560,2,770,17,1.0,0.6205947151201463
test,2020-560,2,770,18,0.0,0.1481320428818735
test,2020-560,2,770,19,1.0,0.3527901776584404
test,2020-560,2,770,20,1.0,0.5539799080886053
test,2020-560,2,770,21,0.0,0.6273251495522877
test,2020-560,2,770,22,1.0,0.6613208535628258
test,2020-560,2,770,23,1.0,0.5482566621936495
test,2020-560,2,770,24,1.0,0.6594279644594248
test,2020-560,2,770,25,0.0,0.2292860517845129
test,2020-560,2,770,26,0.0,0.41348924127981196
test,2020-560,2,770,27,0.0,0.691547865373779
test,2020-560,2,770,28,1.0,0.708931683684315
test,2020-560,2,770,29,0.0,0.4600665577268903
test,2020-560,2,770,30,0.0,0.33230764082132724
test,2020-560,2,770,31,1.0,0.8821723755983971
test,2020-560,3,771,0,1.0,0.28522436930725287
test,2020-560,3,771,1,0.0,0.6576219323095946
test,2020-560,3,771,2,1.0,0.681954441790197
test,2020-560,3,771,3,0.0,0.40738868906293213
test,2020-560,3,771,4,0.0,0.2549261369272184
test,2020-560,3,771,5,1.0,0.8491195284947871
test,2020-560,3,771,6,0.0,0.5298870757850731
test,2020-560,3,771,7,0.0,0.5112991992922036
test,2020-560,3,771,8,1.0,0.6881179379285449
test,2020-560,3,771,9,0.0,0.32327747548788127
test,2020-560,3,771,10,1.0,0.8114401603008486
test,2020-560,3,771,11,0.0,0.32630908528092334
test,2020-560,3,771,12,1.0,0.301602001494483
test,2020-560,3,771,13,1.0,0.6049500469928067
test,2020-560,3,771,14,1.0,0.5110547972349759
test,2020-560,3,771,15,1.0,0.5199535455294696
test,2020-560,4,772,0,1.0,0.191960524020211
test,2020-560,4,772,1,1.0,0.46054216829124267
test,2020-560,4,772,2,0.0,0.27892725155070197
test,2020-560,4,772,3,1.0,0.8592578619039638
test,2020-560,4,772,4,1.0,0.5027451753695227
test,2020-560,4,772,5,1.0,0.7003101773075363
test,2020-560,4,772,6,0.0,0.4192062690713005
test,2020-560,4,772,7,1.0,0.7510614699102423
test,2020-560,5,773,0,0.0,0.2614421282389058
test,2020-560,5,773,1,0.0,0.597599938498196
test,2020-560,5,773,2,1.0,0.626274978911613
test,2020-560,5,773,3,0.0,0.2811896745672714
test,2020-560,6,774,0,1.0,0.5285933571975249
test,2020-560,6,774,1,0.0,0.3030881772907241
test,2020-560,7,775,0,1.0,0.46347444397672366
test,2020-580,1,756,0,0.0,0.11206037470156258
test,2020-580,1,756,1,0.0,0.580117129330199
test,2020-580,1,756,2,0.0,0.2244134069384678
test,2020-580,1,756,3,1.0,0.7825342715401686
test,2020-580,1,756,4,0.0,0.3246203675163136
test,2020-580,1,756,5,0.0,0.4133919931347675
test,2020-580,1,756,6,0.0,0.2603955541909559
test,2020-580,1,756,7,1.0,0.7144111782764608
test,2020-580,1,756,8,1.0,0.5709308126413394
test,2020-580,1,756,9,0.0,0.5003640348164372
test,2020-580,1,756,10,0.0,0.17565977066508356
test,2020-580,1,756,11,1.0,0.37005760907855056
test,2020-580,1,756,12,1.0,0.6781019730199095
test,2020-580,1,756,13,0.0,0.5906328834668287
test,2020-580,1,756,14,1.0,0.6749092819777701
test,2020-580,1,756,15,0.0,0.2712726144030363
test,2020-580,1,756,16,1.0,0.7376913145102436
test,2020-580,1,756,17,1.0,0.8045686713184514
test,2020-580,1,756,18,1.0,0.7706655864537449
test,2020-580,1,756,19,0.0,0.31714008261266696
test,2020-580,1,756,20,0.0,0.48002951888021006
test,2020-580,1,756,21,1.0,0.8008380875740353
test,2020-580,1,756,22,1.0,0.863740115824311
test,2020-580,1,756,23,1.0,0.5868778012995158
test,2020-580,1,756,24,1.0,0.4894425395785059
test,2020-580,1,756,25,0.0,0.2998652957184564
test,2020-580,1,756,26,1.0,0.8473365338086322
test,2020-580,1,756,27,0.0,0.33019724367634123
test,2020-580,1,756,28,1.0,0.37309345040279085
test,2020-580,1,756,29,1.0,0.9565942610234255
test,2020-580,1,756,30,1.0,0.2260310354808442
test,2020-580,1,756,31,1.0,0.32981123060007145
test,2020-580,1,756,32,1.0,0.42287294368478057
test,2020-580,1,756,33,1.0,0.755651366008696
test,2020-580,1,756,34,1.0,0.8408742274263276
test,2020-580,1,756,35,0.0,0.45408821646472
test,2020-580,1,756,36,1.0,0.5333335799387711
test,2020-580,1,756,37,1.0,0.36052680663109393
test,2020-580,1,756,38,1.0,0.23910117316854582
test,2020-580,1,756,39,0.0,0.5320693256446345
test,2020-580,1,756,40,0.0,0.12236241994954167
test,2020-580,1,756,41,0.0,0.5422778456392602
test,2020-580,1,756,42,0.0,0.1308114940805783
test,2020-580,1,756,43,0.0,0.22225191854227996
test,2020-580,1,756,44,1.0,0.8666975514670918
test,2020-580,1,756,45,0.0,0.3798072681237745
test,2020-580,1,756,46,0.0,0.2213321651655048
test,2020-580,1,756,47,1.0,0.819140863842386
test,2020-580,1,756,48,1.0,0.72822197170741
test,2020-580,1,756,49,1.0,0.7137690057564653
test,2020-580,1,756,50,1.0,0.6678994685941148
test,2020-580,1,756,51,0.0,0.12161057359021558
test,2020-580,1,756,52,1.0,0.5318862841776522
test,2020-580,1,756,53,0.0,0.6690829190107609
test,2020-580,1,756,54,0.0,0.2504634307061603
test,2020-580,1,756,55,1.0,0.6358364202577973
test,2020-580,1,756,56,1.0,0.8223944107186794
test,2020-580,1,756,57,0.0,0.3980539190229108
test,2020-580,1,756,58,0.0,0.7376850060413779
test,2020-580,1,756,59,1.0,0.5732948926838439
test,2020-580,1,756,60,1.0,0.3061191893263252
test,2020-580,1,756,61,0.0,0.16453959558737052
test,2020-580,1,756,62,0.0,0.3248114070498747
test,2020-580,1,756,63,1.0,0.6316626163024119
test,2020-580,2,757,0,1.0,0.5106774104666955
test,2020-580,2,757,1,0.0,0.19418103774824422
test,2020-580,2,757,2,1.0,0.707634813961383
test,2020-580,2,757,3,1.0,0.14476887903132948
test,2020-580,2,757,4,0.0,0.11211934658847905
test,2020-580,2,757,5,1.0,0.7801423595566503
test,2020-580,2,757,6,1.0,0.7550368694881616
test,2020-580,2,757,7,0.0,0.26724785777293303
test,2020-580,2,757,8,0.0,0.14192304529962335
test,2020-580,2,757,9,0.0,0.10912063751554969
test,2020-580,2,757,10,1.0,0.7075881433143442
test,2020-580,2,757,11,0.0,0.40947137127780514
test,2020-580,2,757,12,0.0,0.28828097174871037
test,2020-580,2,757,13,0.0,0.2997904841001221
test,2020-580,2,757,14,0.0,0.08739195128923193
test,2020-580,2,757,15,0.0,0.3979336824608022
test,2020-580,2,757,16,0.0,0.39452342738485074
test,2020-580,2,757,17,0.0,0.21482248080118135
test,2020-580,2,757,18,1.0,0.7416770472632407
test,2020-580,2,757,19,0.0,0.12399181464346523
test,2020-580,2,757,20,0.0,0.5156528859624947
test,2020-580,2,757,21,1.0,0.8649336369898436
test,2020-580,2,757,22,1.0,0.8993001303954823
test,2020-580,2,757,23,0.0,0.7028168355656259
test,2020-580,2,757,24,1.0,0.4417577909685428
test,2020-580,2,757,25,0.0,0.4521421089477072
test,2020-580,2,757,26,0.0,0.1454670307465788
test,2020-580,2,757,27,1.0,0.5915973298377829
test,2020-580,2,757,28,1.0,0.4496124378615297
test,2020-580,2,757,29,0.0,0.04707824156324178
test,2020-580,2,757,30,1.0,0.756600596929169
test,2020-580,2,757,31,0.0,0.06669453050033183
test,2020-580,3,758,0,1.0,0.5777853213846941
test,2020-580,3,758,1,1.0,0.3429610580656717
test,2020-580,3,758,2,0.0,0.08966053872540165
test,2020-580,3,758,3,1.0,0.7552958548437299
test,2020-580,3,758,4,0.0,0.4580870808491443
test,2020-580,3,758,5,0.0,0.11243980589923704
test,2020-580,3,758,6,1.0,0.6766748550645607
test,2020-580,3,758,7,1.0,0.7627362206733138
test,2020-580,3,758,8,0.0,0.6763674010933436
test,2020-580,3,758,9,0.0,0.2731116029665314
test,2020-580,3,758,10,0.0,0.7757384252845902
test,2020-580,3,758,11,0.0,0.5311293352531548
test,2020-580,3,758,12,1.0,0.8043603831712032
test,2020-580,3,758,13,1.0,0.8219922363486982
test,2020-580,3,758,14,0.0,0.26235080752354206
test,2020-580,3,758,15,0.0,0.15641958995127866
test,2020-580,4,759,0,0.0,0.2475589639681115
test,2020-580,4,759,1,1.0,0.3391096842799666
test,2020-580,4,759,2,0.0,0.11318083551647275
test,2020-580,4,759,3,0.0,0.8083635508373889
test,2020-580,4,759,4,1.0,0.8114561823004772
test,2020-580,4,759,5,0.0,0.5087840357904431
test,2020-580,4,759,6,0.0,0.27088339404413725
test,2020-580,4,759,7,1.0,0.884741728801482
test,2020-580,5,760,0,1.0,0.819912513490798
test,2020-580,5,760,1,1.0,0.8963739203314179
test,2020-580,5,760,2,0.0,0.3250829510132239
test,2020-580,5,760,3,1.0,0.2476209642436958
test,2020-580,6,761,0,1.0,0.5747647908554585
test,2020-580,6,761,1,1.0,0.496504673422491
test,2020-580,7,762,0,1.0,0.6958654696505248
test,2020-M009,2,776,0,0.0,0.6328324549871632
test,2020-M009,2,776,1,0.0,0.6391174302382577
test,2020-M009,2,776,2,1.0,0.5359408235911047
test,2020-M009,2,776,3,1.0,0.17438976585694455
test,2020-M009,2,776,4,1.0,0.3129184373735229
test,2020-M009,2,776,5,1.0,0.7030569032501957
test,2020-M009,2,776,6,0.0,0.34351175988648847
test,2020-M009,2,776,7,0.0,0.24190346913999305
test,2020-M009,2,776,8,0.0,0.4561453644035377
test,2020-M009,2,776,9,0.0,0.52135315392264
test,2020-M009,2,776,10,0.0,0.7194778801645012
test,2020-M009,2,776,11,0.0,0.4722308181112312
test,2020-M009,2,776,12,1.0,0.8305384755776624
test,2020-M009,2,776,13,1.0,0.6938556172611844
test,2020-M009,2,776,14,1.0,0.2766743117214925
test,2020-M009,2,776,15,1.0,0.3131605205014248
test,2020-M009,2,776,16,1.0,0.8374050457635096
test,2020-M009,2,776,17,1.0,0.39566147089009607
test,2020-M009,2,776,18,1.0,0.24347713623945505
test,2020-M009,2,776,19,1.0,0.7385611146091522
test,2020-M009,2,776,20,1.0,0.3089224514202865
test,2020-M009,2,776,21,1.0,0.2039502551065907
test,2020-M009,2,776,22,1.0,0.6923421764923189
test,2020-M009,3,777,0,1.0,0.3351322837604026
test,2020-M009,3,777,1,0.0,0.5493713004666485
test,2020-M009,3,777,2,0.0,0.27518251478631006
test,2020-M009,3,777,3,1.0,0.17575907178871789
test,2020-M009,3,777,4,1.0,0.6830415763281209
test,2020-M009,3,777,5,1.0,0.8321018791920941
test,2020-M009,3,777,6,1.0,0.24453833028194635
test,2020-M009,3,777,7,1.0,0.5590750472225625
test,2020-M009,3,777,8,0.0,0.5026922566235433
test,2020-M009,3,777,9,1.0,0.18103475160490845
test,2020-M009,3,777,10,1.0,0.7265077977890355
test,2020-M009,3,777,11,0.0,0.7357751669132623
test,2020-M009,3,777,12,0.0,0.8544640489894829
test,2020-M009,3,777,13,1.0,0.5587251248954298
test,2020-M009,3,777,14,1.0,0.9369080678872259
test,2020-M009,3,777,15,0.0,0.16078291942091205
test,2020-M009,4,778,0,1.0,0.685982171354823
test,2020-M009,4,778,1,0.0,0.11139310769306902
test,2020-M009,4,778,2,0.0,0.12643690298781135
test,2020-M009,4,778,3,1.0,0.731882202340935
test,2020-M009,4,778,4,0.0,0.20634933195962277
test,2020-M009,4,778,5,1.0,0.7642005401387406
test,2020-M009,4,778,6,1.0,0.20706348654546078
test,2020-M009,4,778,7,1.0,0.5880629895032161
test,2020-M009,5,779,0,0.0,0.06338105493361053
test,2020-M009,5,779,1,1.0,0.4151572719623881
test,2020-M009,5,779,2,1.0,0.5680221626754168
test,2020-M009,5,779,3,0.0,0.7733264408472182
test,2020-M009,6,780,0,1.0,0.9136001452639911
test,2020-M009,6,780,1,0.0,0.4632147872290137
test,2020-M009,7,781,0,0.0,0.21876230397834695
test,2020-M024,2,763,0,1.0,0.7432285259770425
test,2020-M024,2,763,1,0.0,0.4133933440344869
test,2020-M024,2,763,2,1.0,0.5308619182968954
test,2020-M024,2,763,3,1.0,0.42710874053265785
test,2020-M024,2,763,4,1.0,0.4009051535079346
test,2020-M024,2,763,5,1.0,0.5796635337871368
test,2020-M024,2,763,6,1.0,0.6449584235820915
test,2020-M024,2,763,7,0.0,0.6203298254303429
test,2020-M024,2,763,8,0.0,0.48732888837329374
test,2020-M024,2,763,9,0.0,0.20126976396923912
test,2020-M024,2,763,10,1.0,0.5903703333372572
test,2020-M024,2,763,11,0.0,0.21323289146515112
test,2020-M024,2,763,12,0.0,0.4999935819866325
test,2020-M024,2,763,13,1.0,0.46815623541929535
test,2020-M024,2,763,14,1.0,0.7914840355472714
test,2020-M024,2,763,15,0.0,0.33039065178606464
test,2020-M024,2,763,16,1.0,0.44668685279996373
test,2020-M024,2,763,17,1.0,0.5182055634344175
test,2020-M024,2,763,18,0.0,0.6585813737501774
test,2020-M024,2,763,19,1.0,0.6031032960457073
test,2020-M024,2,763,20,0.0,0.6126998198318171
test,2020-M024,2,763,21,1.0,0.7082337853135964
test,2020-M024,2,763,22,1.0,0.6736846166222528
test,2020-M024,2,763,23,1.0,0.6735787219938455
test,2020-M024,3,764,0,1.0,0.3513590482801556
test,2020-M024,3,764,1,0.0,0.7759875322720375
test,2020-M024,3,764,2,0.0,0.29329597049954714
test,2020-M024,3,764,3,0.0,0.8360739856097847
test,2020-M024,3,764,4,0.0,0.3376893080217247
test,2020-M024,3,764,5,1.0,0.5468655593131834
test,2020-M024,3,764,6,1.0,0.2132802961134932
test,2020-M024,3,764,7,1.0,0.6013535161059644
test,2020-M024,3,764,8,0.0,0.4168693486541336
test,2020-M024,3,764,9,1.0,0.44233789973691545
test,2020-M024,3,764,10,1.0,0.8221971355658549
test,2020-M024,3,764,11,0.0,0.2725937545394149
test,2020-M024,3,764,12,0.0,0.6289422154427935
test,2020-M024,3,764,13,1.0,0.49831325435879603
test,2020-M024,3,764,14,0.0,0.08580791763766522
test,2020-M024,3,764,15,0.0,0.47238125053943264
test,2020-M024,4,765,0,0.0,0.10317359550393193
test,2020-M024,4,765,1,1.0,0.7458264973977925
test,2020-M024,4,765,2,1.0,0.4550041770716398
test,2020-M024,4,765,3,1.0,0.43195292339182995
test,2020-M024,4,765,4,0.0,0.48320493950751164
test,2020-M024,4,765,5,0.0,0.6494915762054166
test,2020-M024,4,765,6,0.0,0.5047730376293641
test,2020-M024,4,765,7,1.0,0.7408959336947323
test,2020-M024,5,766,0,1.0,0.8581015494486244
test,2020-M024,5,766,1,0.0,0.5682590533021494
test,2020-M024,5,766,2,1.0,0.7301610205732446
test,2020-M024,5,766,3,0.0,0.3434289501427274
test,2020-M024,6,767,0,0.0,0.1847708534270531
test,2020-M024,6,767,1,1.0,0.4721522123793111
test,2020-M024,7,768,0,1.0,0.8198407011400558
train,2011-1536,2,27,0,1.0,0.7724280671130304
train,2011-1536,2,27,1,1.0,0.6290720077191614
train,2011-1536,2,27,2,1.0,0.11959525867356423
train,2011-1536,2,27,3,1.0,0.4976752912214222
train,2011-1536,2,27,4,0.0,0.6532828020089366
train,2011-1536,2,27,5,1.0,0.750583116940491
train,2011-1536,2,27,6,1.0,0.3886780591049159
train,2011-1536,2,27,7,0.0,0.8262137772399498
train,2011-1536,2,27,8,0.0,0.4409406538158993
train,2011-1536,2,27,9,0.0,0.5854013629637276
train,2011-1536,2,27,10,0.0,0.5170986219549688
train,2011-1536,2,27,11,1.0,0.24464785085304608
train,2011-1536,2,27,12,1.0,0.6019432864665064
train,2011-1536,2,27,13,0.0,0.31565185805675583
train,2011-1536,2,27,14,0.0,0.5059630430283106
train,2011-1536,2,27,15,0.0,0.32816808922446017
train,2011-1536,2,27,16,1.0,0.2167765450603878
train,2011-1536,2,27,17,0.0,0.5820243442631599
train,2011-1536,2,27,18,0.0,0.6520039032437212
train,2011-1536,2,27,19,1.0,0.380216064160341
train,2011-1536,2,27,20,0.0,0.37019636133990774
train,2011-1536,2,27,21,0.0,0.33723201521955615
train,2011-1536,2,27,22,1.0,0.34577663464528374
train,2011-1536,2,27,23,1.0,0.44571891950551784
train,2011-1536,3,28,0,0.0,0.08086027156485674
train,2011-1536,3,28,1,1.0,0.6066754739229977
train,2011-1536,3,28,2,1.0,0.3851072650477641
train,2011-1536,3,28,3,1.0,0.8878310558457692
train,2011-1536,3,28,4,1.0,0.7473841131921878
train,2011-1536,3,28,5,0.0,0.6521851335548029
train,2011-1536,3,28,6,0.0,0.20244226243633714
train,2011-1536,3,28,7,1.0,0.8299766497832516
train,2011-1536,3,28,8,0.0,0.1527158122782072
train,2011-1536,3,28,9,0.0,0.4116098230338064
train,2011-1536,3,28,10,1.0,0.46046759276191035
train,2011-1536,3,28,11,0.0,0.1318106987590108
train,2011-1536,3,28,12,1.0,0.2308899040589572
train,2011-1536,3,28,13,0.0,0.29934393368120266
train,2011-1536,3,28,14,0.0,0.5195240272967034
train,2011-1536,3,28,15,0.0,0.07701878616347117
train,2011-1536,4,29,0,1.0,0.8496635215503278
train,2011-1536,4,29,1,0.0,0.37211945048860817
train,2011-1536,4,29,2,1.0,0.5677084533912617
train,2011-1536,4,29,3,1.0,0.7056447504218257
train,2011-1536,4,29,4,1.0,0.13068319671127732
train,2011-1536,4,29,5,0.0,0.15529947881566916
train,2011-1536,4,29,6,1.0,0.8900320139346046
train,2011-1536,4,29,7,0.0,0.07468872324962397
train,2011-1536,5,30,0,0.0,0.08621655054873328
train,2011-1536,5,30,1,1.0,0.7562440181178344
train,2011-1536,5,30,2,1.0,0.2409552673993296
train,2011-1536,5,30,3,1.0,0.7092335326809854
train,2011-1536,6,31,0,0.0,0.4299968108586938
train,2011-1536,6,31,1,0.0,0.11087341558045653
train,2011-1536,7,32,0,1.0,0.39490445428954063
train,2011-352,2,78,0,0.0,0.5876430500676793
train,2011-352,2,78,1,1.0,0.7233843814449563
train,2011-352,2,78,2,0.0,0.3867711963680263
train,2011-352,2,78,3,0.0,0.5117719398142995
train,2011-352,2,78,4,0.0,0.3643561454959588
train,2011-352,2,78,5,0.0,0.6486410142619222
train,2011-352,2,78,6,1.0,0.6394590720707587
train,2011-352,2,78,7,0.0,0.42734113268441426
train,2011-352,2,78,8,1.0,0.6038619605353395
train,2011-352,2,78,9,1.0,0.39155672359028115
train,2011-352,2,78,10,1.0,0.5541617790753397
train,2011-352,2,78,11,1.0,0.3404748638389922
train,2011-352,2,78,12,1.0,0.6226072595677693
train,2011-352,2,78,13,0.0,0.7267758736825776
train,2011-352,2,78,14,0.0,0.4052078146525834
train,2011-352,2,78,15,0.0,0.6870962063832718
train,2011-352,3,79,0,1.0,0.9294863095411655
train,2011-352,3,79,1,1.0,0.38436907948819693
train,2011-352,3,79,2,1.0,0.658232265257068
train,2011-352,3,79,3,0.0,0.23852851555678747
train,2011-352,3,79,4,0.0,0.3472183943377291
train,2011-352,3,79,5,1.0,0.8634670887712617
train,2011-352,3,79,6,0.0,0.4986961308854445
train,2011-352,3,79,7,1.0,0.6643172881489497
train,2011-352,3,79,8,1.0,0.9296924659742228
train,2011-352,3,79,9,1.0,0.6444450652673126
train,2011-352,3,79,10,1.0,0.29954285123125535
train,2011-352,3,79,11,0.0,0.23955755401693676
train,2011-352,3,79,12,0.0,0.6874866238553718
train,2011-352,3,79,13,1.0,0.6571659080562112
train,2011-352,3,79,14,0.0,0.5688428612342237
train,2011-352,3,79,15,0.0,0.11373073684167449
train,2011-352,4,80,0,0.0,0.14897119980093995
train,2011-352,4,80,1,0.0,0.25281993129650526
train,2011-352,4,80,2,1.0,0.6854185494144668
train,2011-352,4,80,3,0.0,0.5555353624399784
train,2011-352,4,80,4,1.0,0.8156265354473572
train,2011-352,4,80,5,0.0,0.13047969255198558
train,2011-352,4,80,6,1.0,0.7828292109399917
train,2011-352,4,80,7,0.0,0.5852549271685071
train,2011-352,5,81,0,1.0,0.8518341700260907
train,2011-352,5,81,1,1.0,0.31990493693230987
train,2011-352,5,81,2,0.0,0.7567991898290013
train,2011-352,5,81,3,0.0,0.764988336820858
train,2011-352,6,82,0,1.0,0.7338250087613492
train,2011-352,6,82,1,0.0,0.259487615787363
train,2011-352,7,83,0,0.0,0.2713231118714979
train,2011-403,1,14,0,0.0,0.5488865081620989
train,2011-403,1,14,1,0.0,0.4225735368770531
train,2011-403,1,14,2,1.0,0.39557483258387155
train,2011-403,1,14,3,0.0,0.43447738757037446
train,2011-403,1,14,4,1.0,0.48797377259446073
train,2011-403,1,14,5,0.0,0.3630717331334356
train,2011-403,1,14,6,0.0,0.2869291525684726
train,2011-403,1,14,7,1.0,0.4732236111623992
train,2011-403,1,14,8,1.0,0.6347426641622186
train,2011-403,1,14,9,1.0,0.6562299229977534
train,2011-403,1,14,10,0.0,0.31638371266377363
train,2011-403,1,14,11,0.0,0.5307717103174008
train,2011-403,1,14,12,0.0,0.4403741182068517
train,2011-403,1,14,13,0.0,0.6447757678418323
train,2011-403,1,14,14,1.0,0.5747758709830235
train,2011-403,1,14,15,0.0,0.40281454205268724
train,2011-403,1,14,16,1.0,0.6582293266948271
train,2011-403,1,14,17,1.0,0.7647711706659892
train,2011-403,1,14,18,0.0,0.6558256180526834
train,2011-403,1,14,19,0.0,0.324609381569356
train,2011-403,1,14,20,1.0,0.21958854466281
train,2011-403,1,14,21,0.0,0.35915265760649645
train,2011-403,1,14,22,0.0,0.6183193816164658
train,2011-403,1,14,23,0.0,0.1887913011098281
train,2011-403,1,14,24,0.0,0.41510755366375457
train,2011-403,1,14,25,1.0,0.6700913715605608
train,2011-403,1,14,26,1.0,0.3168795312377225
train,2011-403,1,14,27,1.0,0.5099524211608001
train,2011-403,1,14,28,0.0,0.505669886526655
train,2011-403,1,14,29,0.0,0.8079876935543965
train,2011-403,1,14,30,1.0,0.6850835120319587
train,2011-403,1,14,31,1.0,0.23672382314804333
train,2011-403,2,15,0,1.0,0.5921191948288769
train,2011-403,2,15,1,0.0,0.08431129652985378
train,2011-403,2,15,2,0.0,0.2481188567347789
train,2011-403,2,15,3,1.0,0.7206371749425113
train,2011-403,2,15,4,1.0,0.8830097276977689
train,2011-403,2,15,5,0.0,0.6016836047229631
train,2011-403,2,15,6,1.0,0.4021301808769112
train,2011-403,2,15,7,0.0,0.9412053953941849
train,2011-403,2,15,8,1.0,0.4790292647714303
train,2011-403,2,15,9,1.0,0.7408779798433043
train,2011-403,2,15,10,0.0,0.49570770654627977
train,2011-403,2,15,11,1.0,0.17188211219552843
train,2011-403,2,15,12,1.0,0.6017544081865217
train,2011-403,2,15,13,1.0,0.5197706776263804
train,2011-403,2,15,14,1.0,0.11798574173364203
train,2011-403,2,15,15,1.0,0.8370524654436328
train,2011-403,2,15,16,1.0,0.15048797122509414
train,2011-403,2,15,17,1.0,0.3181753374170442
train,2011-403,2,15,18,1.0,0.7268688497306564
train,2011-403,2,15,19,0.0,0.7167232280570751
train,2011-403,2,15,20,0.0,0.35061974540788576
train,2011-403,2,15,21,1.0,0.4158066464145337
train,2011-403,2,15,22,1.0,0.6689576933568446
train,2011-403,2,15,23,0.0,0.1443701557962901
train,2011-403,2,15,24,0.0,0.7630037938498453
train,2011-403,2,15,25,0.0,0.6529055093125333
train,2011-403,2,15,26,1.0,0.7904546043904913
train,2011-403,2,15,27,1.0,0.7951137243000934
train,2011-403,2,15,28,1.0,0.8766677925712285
train,2011-403,2,15,29,1.0,0.6720833827192877
train,2011-403,2,15,30,0.0,0.057716952635503346
train,2011-403,2,15,31,1.0,0.33543695748876207
train,2011-403,3,16,0,1.0,0.8775205478193674
train,2011-403,3,16,1,1.0,0.21207492255739138
train,2011-403,3,16,2,0.0,0.7604575429813563
train,2011-403,3,16,3,1.0,0.8778287941335694
train,2011-403,3,16,4,0.0,0.11055263331893327
train,2011-403,3,16,5,1.0,0.3137646433851541
train,2011-403,3,16,6,0.0,0.4177736505018206
train,2011-403,3,16,7,1.0,0.8729900778751335
train,2011-403,3,16,8,0.0,0.13661391475705012
train,2011-403,3,16,9,0.0,0.4180782609869587
train,2011-403,3,16,10,0.0,0.2575916537957824
train,2011-403,3,16,11,0.0,0.6449753144657168
train,2011-403,3,16,12,0.0,0.5039218209812748
train,2011-403,3,16,13,0.0,0.5986455311442189
train,2011-403,3,16,14,0.0,0.24088037120088898
train,2011-403,3,16,15,1.0,0.501843697191039
train,2011-403,4,17,0,0.0,0.07241962421595569
train,2011-403,4,17,1,0.0,0.125608572198499
train,2011-403,4,17,2,0.0,0.6166958345252497
train,2011-403,4,17,3,1.0,0.33620776623825205
train,2011-403,4,17,4,1.0,0.8290361591487586
train,2011-403,4,17,5,0.0,0.338411475245254
train,2011-403,4,17,6,1.0,0.8151352620138309
train,2011-403,4,17,7,1.0,0.9366167034318361
train,2011-403,5,18,0,1.0,0.9181029478564761
train,2011-403,5,18,1,1.0,0.24014580363712232
train,2011-403,5,18,2,1.0,0.824674516974199
train,2011-403,5,18,3,1.0,0.8006672454462574
train,2011-403,6,19,0,1.0,0.8693521897436612
train,2011-403,6,19,1,1.0,0.552177321417145
train,2011-403,7,20,0,1.0,0.3985434409266959
train,2011-404,1,7,0,1.0,0.6197467641280864
train,2011-404,1,7,1,1.0,0.4293031780901974
train,2011-404,1,7,2,0.0,0.4120124440278503
train,2011-404,1,7,3,1.0,0.5387876673300008
train,2011-404,1,7,4,0.0,0.2610500170151369
train,2011-404,1,7,5,0.0,0.5784380037469864
train,2011-404,1,7,6,1.0,0.6783113013239954
train,2011-404,1,7,7,0.0,0.2860133101568214
train,2011-404,1,7,8,1.0,0.5859783932895803
train,2011-404,1,7,9,0.0,0.505932796718311
train,2011-404,1,7,10,1.0,0.4394155578713832
train,2011-404,1,7,11,0.0,0.5986950735417834
train,2011-404,1,7,12,1.0,0.6062630883716534
train,2011-404,1,7,13,1.0,0.7432755098936169
train,2011-404,1,7,14,1.0,0.6225623933841665
train,2011-404,1,7,15,0.0,0.4751992291412265
train,2011-404,1,7,16,0.0,0.5010146647384484
train,2011-404,1,7,17,1.0,0.6059261185555022
train,2011-404,1,7,18,1.0,0.48829973194252646
train,2011-404,1,7,19,1.0,0.401094291598451
train,2011-404,1,7,20,0.0,0.49506015992977503
train,2011-404,1,7,21,1.0,0.4051259830768427
train,2011-404,1,7,22,1.0,0.49352967279613524
train,2011-404,1,7,23,0.0,0.35849242281239624
train,2011-404,1,7,24,0.0,0.5074546329963996
train,2011-404,1,7,25,1.0,0.5422158674534497
train,2011-404,1,7,26,0.0,0.3106083077211874
train,2011-404,1,7,27,1.0,0.6877844305512746
train,2011-404,1,7,28,0.0,0.7242831897271925
train,2011-404,1,7,29,1.0,0.47907395106523976
train,2011-404,1,7,30,0.0,0.24261055246024724
train,2011-404,1,7,31,0.0,0.4089757098600965
train,2011-404,2,8,0,0.0,0.7015768429841768
train,2011-404,2,8,1,1.0,0.8267838229502249
train,2011-404,2,8,2,0.0,0.528533412461356
train,2011-404,2,8,3,1.0,0.2530055378609613
train,2011-404,2,8,4,1.0,0.6073645480104625
train,2011-404,2,8,5,0.0,0.29458262805839147
train,2011-404,2,8,6,1.0,0.5184792208384601
train,2011-404,2,8,7,0.0,0.21440365309736306
train,2011-404,2,8,8,0.0,0.11355506708300926
train,2011-404,2,8,9,1.0,0.5945355586593303
train,2011-404,2,8,10,0.0,0.2944162432413151
train,2011-404,2,8,11,1.0,0.6517659771166336
train,2011-404,2,8,12,0.0,0.37157679365359997
train,2011-404,2,8,13,1.0,0.5664655567539545
train,2011-404,2,8,14,0.0,0.3099325625659393
train,2011-404,2,8,15,1.0,0.7135315567438962
train,2011-404,2,8,16,1.0,0.7141863723200849
train,2011-404,2,8,17,1.0,0.7757506084256296
train,2011-404,2,8,18,0.0,0.8941745363662159
train,2011-404,2,8,19,0.0,0.12931322679063603
train,2011-404,2,8,20,0.0,0.46680955963644905
train,2011-404,2,8,21,0.0,0.6221885903386074
train,2011-404,2,8,22,0.0,0.1575034886272467
train,2011-404,2,8,23,0.0,0.19442687509289364
train,2011-404,2,8,24,1.0,0.25077930306364504
train,2011-404,2,8,25,0.0,0.39598100130289776
train,2011-404,2,8,26,0.0,0.2538085245189298
train,2011-404,2,8,27,1.0,0.2287181199945786
train,2011-404,2,8,28,1.0,0.5086482508421303
train,2011-404,2,8,29,0.0,0.7317168513333077
train,2011-404,2,8,30,1.0,0.9343628983530089
train,2011-404,2,8,31,0.0,0.6789749019968321
train,2011-404,3,9,0,1.0,0.38294539158489815
train,2011-404,3,9,1,1.0,0.7090394765571857
train,2011-404,3,9,2,0.0,0.6602899986874988
train,2011-404,3,9,3,1.0,0.3568963544823042
train,2011-404,3,9,4,1.0,0.3775063221051886
train,2011-404,3,9,5,0.0,0.07786085425288373
train,2011-404,3,9,6,0.0,0.7507059006184984
train,2011-404,3,9,7,1.0,0.8111402016853131
train,2011-404,3,9,8,1.0,0.3505235672761566
train,2011-404,3,9,9,0.0,0.11011345233355338
train,2011-404,3,9,10,0.0,0.49825981638517136
train,2011-404,3,9,11,0.0,0.38613813179126827
train,2011-404,3,9,12,1.0,0.73809364360557
train,2011-404,3,9,13,1.0,0.8310930906093799
train,2011-404,3,9,14,1.0,0.5272308224364437
train,2011-404,3,9,15,1.0,0.7613346064657845
train,2011-404,4,10,0,0.0,0.07668107818388058
train,2011-404,4,10,1,1.0,0.5682042015175373
train,2011-404,4,10,2,0.0,0.16096424699776682
train,2011-404,4,10,3,0.0,0.7500289589831185
train,2011-404,4,10,4,0.0,0.30146487466444916
train,2011-404,4,10,5,1.0,0.43158495783561274
train,2011-404,4,10,6,0.0,0.5259813867821611
train,2011-404,4,10,7,0.0,0.06983441890125991
train,2011-404,5,11,0,0.0,0.30847797324217613
train,2011-404,5,11,1,1.0,0.8386050895239929
train,2011-404,5,11,2,1.0,0.382469320427438
train,2011-404,5,11,3,0.0,0.13591093220221545
train,2011-404,6,12,0,1.0,0.4703418853661507
train,2011-404,6,12,1,1.0,0.8132703757383734
train,2011-404,7,13,0,1.0,0.43274543523554687
train,2011-410,2,21,0,0.0,0.5805639472729083
train,2011-410,2,21,1,1.0,0.7545238125945207
train,2011-410,2,21,2,0.0,0.36040486230731034
train,2011-410,2,21,3,0.0,0.326435095327461
train,2011-410,2,21,4,1.0,0.5684888039469078
train,2011-410,2,21,5,1.0,0.4981914101772561
train,2011-410,2,21,6,0.0,0.35479735986217553
train,2011-410,2,21,7,0.0,0.28651646106480155
train,2011-410,2,21,8,0.0,0.6751549979480592
train,2011-410,2,21,9,0.0,0.5454489650423204
train,2011-410,2,21,10,0.0,0.5012732505103266
train,2011-410,2,21,11,0.0,0.14756421390391308
train,2011-410,2,21,12,1.0,0.6421412827569428
train,2011-410,2,21,13,0.0,0.23412242184911108
train,2011-410,2,21,14,1.0,0.5423924531318745
train,2011-410,2,21,15,0.0,0.2293709854593936
train,2011-410,2,21,16,0.0,0.6236551797020717
train,2011-410,2,21,17,1.0,0.8240247965794067
train,2011-410,2,21,18,0.0,0.2544798241456458
train,2011-410,2,21,19,1.0,0.1591926562303913
train,2011-410,2,21,20,0.0,0.4222177982446569
train,2011-410,2,21,21,1.0,0.2883301729218753
train,2011-410,2,21,22,0.0,0.3608296322480033
train,2011-410,2,21,23,1.0,0.30095948914235204
train,2011-410,3,22,0,0.0,0.18021057000802063
train,2011-410,3,22,1,0.0,0.3317615040957972
train,2011-410,3,22,2,0.0,0.5421911173643285
train,2011-410,3,22,3,0.0,0.22264645020225332
train,2011-410,3,22,4,0.0,0.5943097926782158
train,2011-410,3,22,5,0.0,0.7327089339950651
train,2011-410,3,22,6,1.0,0.7352623670346615
train,2011-410,3,22,7,0.0,0.1910264610178252
train,2011-410,3,22,8,1.0,0.8205533102012291
train,2011-410,3,22,9,0.0,0.16572461401357752
train,2011-410,3,22,10,1.0,0.8070035647527415
train,2011-410,3,22,11,0.0,0.19241033541550312
train,2011-410,3,22,12,0.0,0.390197503776887
train,2011-410,3,22,13,1.0,0.5570913779672348
train,2011-410,3,22,14,0.0,0.06723576611543311
train,2011-410,3,22,15,0.0,0.6634186591580414
train,2011-410,4,23,0,0.0,0.09489941289832834
train,2011-410,4,23,1,1.0,0.7523600777880609
train,2011-410,4,23,2,0.0,0.7919338741254293
train,2011-410,4,23,3,0.0,0.708966122436518
train,2011-410,4,23,4,1.0,0.8811043592582615
train,2011-410,4,23,5,1.0,0.4668091429890038
train,2011-410,4,23,6,1.0,0.8209100387272438
train,2011-410,4,23,7,0.0,0.6870501262588178
train,2011-410,5,24,0,1.0,0.8875031082218167
train,2011-410,5,24,1,0.0,0.0950827269322169
train,2011-410,5,24,2,0.0,0.23543795405689494
train,2011-410,5,24,3,1.0,0.1667912746666421
train,2011-410,6,25,0,0.0,0.34022058499245117
train,2011-410,6,25,1,0.0,0.33418020326958536
train,2011-410,7,26,0,1.0,0.7749896935161615
train,2011-416,2,33,0,0.0,0.42368526301829107
train,2011-416,2,33,1,1.0,0.6256509473634719
train,2011-416,2,33,2,0.0,0.34155047531820104
train,2011-416,2,33,3,0.0,0.23997617006661748
train,2011-416,2,33,4,0.0,0.2992778288034725
train,2011-416,2,33,5,0.0,0.25316865310768694
train,2011-416,2,33,6,0.0,0.2925254174674521
train,2011-416,2,33,7,1.0,0.4866326993633351
train,2011-416,2,33,8,1.0,0.6230418458521532
train,2011-416,2,33,9,1.0,0.39810447767810286
train,2011-416,2,33,10,0.0,0.46271862737421815
train,2011-416,2,33,11,0.0,0.7313366117358402
train,2011-416,2,33,12,0.0,0.615778574368358
train,2011-416,2,33,13,0.0,0.4805191127896691
train,2011-416,2,33,14,1.0,0.497507529327135
train,2011-416,2,33,15,0.0,0.6271846235797555
train,2011-416,2,33,16,1.0,0.7984353978729549
train,2011-416,2,33,17,1.0,0.6193309765555801
train,2011-416,2,33,18,0.0,0.2728327187084219
train,2011-416,2,33,19,0.0,0.6109616389484319
train,2011-416,2,33,20,0.0,0.5177203476102679
train,2011-416,2,33,21,1.0,0.3560786928211305
train,2011-416,2,33,22,0.0,0.604699854865617
train,2011-416,2,33,23,1.0,0.8683439067265107
train,2011-416,3,34,0,0.0,0.12837746154831028
train,2011-416,3,34,1,0.0,0.3311748380704504
train,2011-416,3,34,2,1.0,0.48532434361344956
train,2011-416,3,34,3,1.0,0.895159682351639
train,2011-416,3,34,4,1.0,0.5179142023026375
train,2011-416,3,34,5,0.0,0.7765981072822697
train,2011-416,3,34,6,1.0,0.24286755010109035
train,2011-416,3,34,7,0.0,0.29085506345022155
train,2011-416,3,34,8,0.0,0.4861953404400729
train,2011-416,3,34,9,0.0,0.0754161752861629
train,2011-416,3,34,10,1.0,0.3267832826142967
train,2011-416,3,34,11,0.0,0.2116873179502353
train,2011-416,3,34,12,1.0,0.85174060240235
train,2011-416,3,34,13,0.0,0.6114081050148764
train,2011-416,3,34,14,0.0,0.5594525265080668
train,2011-416,3,34,15,0.0,0.04009101620049843
train,2011-416,4,35,0,0.0,0.10977249808795066
train,2011-416,4,35,1,1.0,0.11617828366250209
train,2011-416,4,35,2,0.0,0.19781064903587461
train,2011-416,4,35,3,1.0,0.899700384101113
train,2011-416,4,35,4,1.0,0.6456318304713519
train,2011-416,4,35,5,1.0,0.7535393174214968
train,2011-416,4,35,6,1.0,0.667700079764758
train,2011-416,4,35,7,1.0,0.5045558898780598
train,2011-416,5,36,0,1.0,0.843201811603768
train,2011-416,5,36,1,1.0,0.2791169133808585
train,2011-416,5,36,2,0.0,0.10724808860515361
train,2011-416,5,36,3,0.0,0.2614063311796747
train,2011-416,6,37,0,1.0,0.9010949919187413
train,2011-416,6,37,1,1.0,0.5898666751270442
train,2011-416,7,38,0,1.0,0.4042932591306133
train,2011-421,2,53,0,1.0,0.5435488494950713
train,2011-421,2,53,1,1.0,0.7816686632343558
train,2011-421,2,53,2,1.0,0.6892575816906787
train,2011-421,2,53,3,1.0,0.7691237015107457
train,2011-421,2,53,4,1.0,0.8102665830622552
train,2011-421,2,53,5,1.0,0.5269231807143748
train,2011-421,2,53,6,0.0,0.5575476490863772
train,2011-421,2,53,7,1.0,0.2580577386952328
train,2011-421,2,53,8,0.0,0.5943094089247714
train,2011-421,2,53,9,1.0,0.7873656896404695
train,2011-421,2,53,10,1.0,0.635228720111788
train,2011-421,2,53,11,1.0,0.6285321345920276
train,2011-421,2,53,12,0.0,0.7209028315629902
train,2011-421,2,53,13,0.0,0.5592486504773543
train,2011-421,2,53,14,1.0,0.31505943732873376
train,2011-421,2,53,15,1.0,0.5503072115601014
train,2011-421,2,53,16,1.0,0.8597500828504258
train,2011-421,2,53,17,1.0,0.5832712398946305
train,2011-421,2,53,18,0.0,0.5920285917946095
train,2011-421,2,53,19,1.0,0.7343181079228787
train,2011-421,2,53,20,1.0,0.5624812844485358
train,2011-421,2,53,21,0.0,0.6516063374702641
train,2011-421,2,53,22,1.0,0.7456518520883331
train,2011-421,2,53,23,1.0,0.2725414332865035
train,2011-421,3,54,0,0.0,0.9511039172236015
train,2011-421,3,54,1,1.0,0.22140599173251227
train,2011-421,3,54,2,1.0,0.5173132166190128
train,2011-421,3,54,3,1.0,0.7991235681463467
train,2011-421,3,54,4,0.0,0.8916909359824491
train,2011-421,3,54,5,1.0,0.48380565727283464
train,2011-421,3,54,6,1.0,0.4790329269803655
train,2011-421,3,54,7,1.0,0.7151666364169184
train,2011-421,3,54,8,1.0,0.5578636120485524
train,2011-421,3,54,9,0.0,0.18279154084464852
train,2011-421,3,54,10,1.0,0.8375554043324042
train,2011-421,3,54,11,0.0,0.04057289683588807
train,2011-421,3,54,12,0.0,0.41390817145282355
train,2011-421,3,54,13,0.0,0.17210041484449298
train,2011-421,3,54,14,1.0,0.4600042736569067
train,2011-421,3,54,15,0.0,0.17042449849817867
train,2011-421,4,55,0,0.0,0.18815272853667078
train,2011-421,4,55,1,1.0,0.2498505441379201
train,2011-421,4,55,2,0.0,0.39773998332096755
train,2011-421,4,55,3,0.0,0.39699119341166333
train,2011-421,4,55,4,1.0,0.8083253220081121
train,2011-421,4,55,5,0.0,0.23436588317240617
train,2011-421,4,55,6,1.0,0.6420723922781476
train,2011-421,4,55,7,0.0,0.3801701252801808
train,2011-421,5,56,0,0.0,0.3571782258543741
train,2011-421,5,56,1,1.0,0.8051490836131591
train,2011-421,5,56,2,0.0,0.6914341875740047
train,2011-421,5,56,3,1.0,0.23307372381832997
train,2011-421,6,57,0,0.0,0.25576413819888694
train,2011-421,6,57,1,0.0,0.3819434499967116
train,2011-421,7,58,0,1.0,0.8563817061855991
train,2011-422,2,59,0,1.0,0.3912145623697719
train,2011-422,2,59,1,1.0,0.5328549968769848
train,2011-422,2,59,2,1.0,0.3575921530689781
train,2011-422,2,59,3,1.0,0.6543406836024789
train,2011-422,2,59,4,1.0,0.34799066730062256
train,2011-422,2,59,5,1.0,0.7219341834676433
train,2011-422,2,59,6,1.0,0.4956489330319451
train,2011-422,2,59,7,0.0,0.6388502607056069
train,2011-422,2,59,8,0.0,0.348398422092977
train,2011-422,2,59,9,0.0,0.4436256140914666
train,2011-422,2,59,10,1.0,0.6367376624229665
train,2011-422,2,59,11,0.0,0.5674999751896693
train,2011-422,2,59,12,0.0,0.8214141916824427
train,2011-422,2,59,13,1.0,0.5117518410529158
train,2011-422,2,59,14,1.0,0.7591690022132113
train,2011-422,2,59,15,0.0,0.5236947722262063
train,2011-422,2,59,16,1.0,0.7471023236067278
train,2011-422,2,59,17,0.0,0.5518412916541418
train,2011-422,2,59,18,0.0,0.34117696047576845
train,2011-422,2,59,19,1.0,0.7125845620678299
train,2011-422,2,59,20,1.0,0.6293312162784638
train,2011-422,2,59,21,0.0,0.5864850164130965
train,2011-422,2,59,22,0.0,0.3696229893415386
train,2011-422,2,59,23,1.0,0.4922394262235864
train,2011-422,3,60,0,0.0,0.08280861196981201
train,2011-422,3,60,1,0.0,0.2494617247790182
train,2011-422,3,60,2,0.0,0.3291976258190891
train,2011-422,3,60,3,0.0,0.560225654891198
train,2011-422,3,60,4,1.0,0.6927181108841649
train,2011-422,3,60,5,1.0,0.12481321176543546
train,2011-422,3,60,6,0.0,0.3019796849431792
train,2011-422,3,60,7,1.0,0.8916409092662783
train,2011-422,3,60,8,0.0,0.28963300453899227
train,2011-422,3,60,9,0.0,0.15025180945416777
train,2011-422,3,60,10,1.0,0.5180747582814377
train,2011-422,3,60,11,0.0,0.2060368569739694
train,2011-422,3,60,12,1.0,0.662131304525197
train,2011-422,3,60,13,0.0,0.4215506204406519
train,2011-422,3,60,14,1.0,0.7972212507158231
train,2011-422,3,60,15,0.0,0.06183925058890264
train,2011-422,4,61,0,0.0,0.12272983049703995
train,2011-422,4,61,1,1.0,0.54395236921607
train,2011-422,4,61,2,0.0,0.39558478607601344
train,2011-422,4,61,3,0.0,0.628901060717664
train,2011-422,4,61,4,0.0,0.08325851972141483
train,2011-422,4,61,5,0.0,0.46858711822141974
train,2011-422,4,61,6,0.0,0.2059293720837938
train,2011-422,4,61,7,1.0,0.8974232037562522
train,2011-422,5,62,0,0.0,0.1972505035439852
train,2011-422,5,62,1,1.0,0.24308221618064232
train,2011-422,5,62,2,0.0,0.2624552711243193
train,2011-422,5,62,3,0.0,0.870939772432815
train,2011-422,6,63,0,1.0,0.759389151577733
train,2011-422,6,63,1,1.0,0.7846771352740677
train,2011-422,7,64,0,0.0,0.6129148490918717
train,2011-5014,2,72,0,0.0,0.6498689163769419
train,2011-5014,2,72,1,1.0,0.6442354852057051
train,2011-5014,2,72,2,0.0,0.49149362318453993
train,2011-5014,2,72,3,1.0,0.46734893128901295
train,2011-5014,2,72,4,1.0,0.5891901350635224
train,2011-5014,2,72,5,0.0,0.5700516361247595
train,2011-5014,2,72,6,1.0,0.7986986118710245
train,2011-5014,2,72,7,0.0,0.6525385521142414
train,2011-5014,2,72,8,0.0,0.5982815761066397
train,2011-5014,2,72,9,0.0,0.10461069018675852
train,2011-5014,2,72,10,1.0,0.7720253528646408
train,2011-5014,2,72,11,1.0,0.4265965131291623
train,2011-5014,2,72,12,0.0,0.14727811446693345
train,2011-5014,2,72,13,1.0,0.15002731850568823
train,2011-5014,2,72,14,1.0,0.640011368762019
train,2011-5014,2,72,15,1.0,0.45674969721759107
train,2011-5014,2,72,16,0.0,0.7101215436297108
train,2011-5014,2,72,17,0.0,0.3240715834026169
train,2011-5014,2,72,18,0.0,0.278148060325591
train,2011-5014,2,72,19,0.0,0.48409805796061056
train,2011-5014,2,72,20,1.0,0.5256037248000646
train,2011-5014,2,72,21,0.0,0.42885172306386576
train,2011-5014,2,72,22,1.0,0.5401248985792283
train,2011-5014,2,72,23,0.0,0.635928449064294
train,2011-5014,3,73,0,1.0,0.8289246103310944
train,2011-5014,3,73,1,0.0,0.6379449413318992
train,2011-5014,3,73,2,1.0,0.6615109096403651
train,2011-5014,3,73,3,1.0,0.18052608427523498
train,2011-5014,3,73,4,1.0,0.8540997281020711
train,2011-5014,3,73,5,1.0,0.7047693174882532
train,2011-5014,3,73,6,1.0,0.29254398897265266
train,2011-5014,3,73,7,0.0,0.4766837570461866
train,2011-5014,3,73,8,1.0,0.8788306263072676
train,2011-5014,3,73,9,0.0,0.7414224935841062
train,2011-5014,3,73,10,1.0,0.23358750388919625
train,2011-5014,3,73,11,0.0,0.165375499254367
train,2011-5014,3,73,12,1.0,0.7213661940916105
train,2011-5014,3,73,13,0.0,0.2874363910505328
train,2011-5014,3,73,14,0.0,0.5597882201073221
train,2011-5014,3,73,15,1.0,0.8626431623546661
train,2011-5014,4,74,0,0.0,0.8828330795409142
train,2011-5014,4,74,1,1.0,0.6622149148053685
train,2011-5014,4,74,2,1.0,0.7849847149409113
train,2011-5014,4,74,3,0.0,0.38958326348124983
train,2011-5014,4,74,4,0.0,0.4365680088344307
train,2011-5014,4,74,5,1.0,0.4879046133992284
train,2011-5014,4,74,6,1.0,0.1478522802035195
train,2011-5014,4,74,7,0.0,0.6640064527038536
train,2011-5014,5,75,0,0.0,0.33955586118730047
train,2011-5014,5,75,1,0.0,0.46113851535018835
train,2011-5014,5,75,2,0.0,0.5731367112712217
train,2011-5014,5,75,3,0.0,0.08285139107279925
train,2011-5014,6,76,0,1.0,0.6803373193714493
train,2011-5014,6,76,1,0.0,0.1257238001199373
train,2011-5014,7,77,0,1.0,0.6262918068689042
train,2011-520,1,39,0,0.0,0.4516295990237373
train,2011-520,1,39,1,1.0,0.7651941027958868
train,2011-520,1,39,2,1.0,0.6200612307297886
train,2011-520,1,39,3,1.0,0.4903638155865289
train,2011-520,1,39,4,1.0,0.45260338161737856
train,2011-520,1,39,5,1.0,0.22087888380548115
train,2011-520,1,39,6,0.0,0.19719475121318708
train,2011-520,1,39,7,0.0,0.6354382895671277
train,2011-520,1,39,8,0.0,0.6501554811628422
train,2011-520,1,39,9,0.0,0.531822111726959
train,2011-520,1,39,10,0.0,0.4234731196689102
train,2011-520,1,39,11,1.0,0.6503239033587067
train,2011-520,1,39,12,0.0,0.36354045135182583
train,2011-520,1,39,13,0.0,0.04957809286932144
train,2011-520,1,39,14,1.0,0.8838284562874995
train,2011-520,1,39,15,0.0,0.3059367611205571
train,2011-520,1,39,16,1.0,0.49991678394317984
train,2011-520,1,39,17,0.0,0.3756143550004763
train,2011-520,1,39,18,0.0,0.20307292656118678
train,2011-520,1,39,19,0.0,0.2214549479685849
train,2011-520,1,39,20,0.0,0.24600731564306128
train,2011-520,1,39,21,0.0,0.24680548912097927
train,2011-520,1,39,22,0.0,0.4932344024526545
train,2011-520,1,39,23,0.0,0.23363677304980296
train,2011-520,1,39,24,1.0,0.3036023384583776
train,2011-520,1,39,25,0.0,0.15107032200061976
train,2011-520,1,39,26,1.0,0.30440357737316476
train,2011-520,1,39,27,1.0,0.41633270229045777
train,2011-520,1,39,28,1.0,0.9233075277087031
train,2011-520,1,39,29,0.0,0.06998844722723876
train,2011-520,1,39,30,1.0,0.6550195681205937
train,2011-520,1,39,31,1.0,0.46990947261105087
train,2011-520,1,39,32,1.0,0.38640210169662437
train,2011-520,1,39,33,1.0,0.8432566184190936
train,2011-520,1,39,34,1.0,0.2244370794035153
train,2011-520,1,39,35,0.0,0.21453064293691038
train,2011-520,1,39,36,1.0,0.7172595316636562
train,2011-520,1,39,37,0.0,0.350940581004162
train,2011-520,1,39,38,0.0,0.35466856562452564
train,2011-520,1,39,39,1.0,0.693729667806244
train,2011-520,1,39,40,1.0,0.833578735149857
train,2011-520,1,39,41,0.0,0.5345000116448475
train,2011-520,1,39,42,1.0,0.661302279035926
train,2011-520,1,39,43,1.0,0.12913462144452945
train,2011-520,1,39,44,0.0,0.3070663284260787
train,2011-520,1,39,45,0.0,0.6742214427513176
train,2011-520,1,39,46,0.0,0.4428699866452547
train,2011-520,1,39,47,1.0,0.11638838403488137
train,2011-520,1,39,48,0.0,0.5182678871040428
train,2011-520,1,39,49,0.0,0.5772528864138766
train,2011-520,1,39,50,1.0,0.41752188517834904
train,2011-520,1,39,51,0.0,0.1308439221847484
train,2011-520,1,39,52,1.0,0.7498029641120884
train,2011-520,1,39,53,1.0,0.7010067306144853
train,2011-520,1,39,54,0.0,0.6990754384158457
train,2011-520,1,39,55,1.0,0.40128382836500975
train,2011-520,1,39,56,1.0,0.8434978903357321
train,2011-520,1,39,57,0.0,0.42158860259567404
train,2011-520,1,39,58,0.0,0.6676560200682694
train,2011-520,1,39,59,0.0,0.41799778646623764
train,2011-520,1,39,60,0.0,0.12632787595985182
train,2011-520,1,39,61,0.0,0.2961932917930207
train,2011-520,1,39,62,1.0,0.5294228238382875
train,2011-520,1,39,63,1.0,0.914205014844908
train,2011-520,2,40,0,1.0,0.865374106903856
train,2011-520,2,40,1,1.0,0.6745542210526431
train,2011-520,2,40,2,0.0,0.08905809235832784
train,2011-520,2,40,3,1.0,0.7312820205325847
train,2011-520,2,40,4,1.0,0.9640059261560008
train,2011-520,2,40,5,1.0,0.672248444456526
train,2011-520,2,40,6,1.0,0.7142066160358407
train,2011-520,2,40,7,0.0,0.23100243465691905
train,2011-520,2,40,8,1.0,0.7931064335609925
train,2011-520,2,40,9,1.0,0.5136351061620087
train,2011-520,2,40,10,1.0,0.3653258986052029
train,2011-520,2,40,11,1.0,0.675327551895562
train,2011-520,2,40,12,0.0,0.4484551047783601
train,2011-520,2,40,13,1.0,0.7504017029475784
train,2011-520,2,40,14,1.0,0.11889610071311614
train,2011-520,2,40,15,1.0,0.5169814450885971
train,2011-520,2,40,16,0.0,0.5530131268622253
train,2011-520,2,40,17,0.0,0.36658568328117663
train,2011-520,2,40,18,0.0,0.2256884080945348
train,2011-520,2,40,19,0.0,0.2852073842436079
train,2011-520,2,40,20,0.0,0.5410463424371826
train,2011-520,2,40,21,1.0,0.8991483560320533
train,2011-520,2,40,22,1.0,0.9161455506667727
train,2011-520,2,40,23,0.0,0.6354699856414086
train,2011-520,2,40,24,1.0,0.710728640327478
train,2011-520,2,40,25,0.0,0.14433269524200157
train,2011-520,2,40,26,1.0,0.8377569364539921
train,2011-520,2,40,27,0.0,0.39336225109725365
train,2011-520,2,40,28,0.0,0.19178072200505267
train,2011-520,2,40,29,0.0,0.09614935855738309
train,2011-520,2,40,30,0.0,0.8679302682663214
train,2011-520,2,40,31,0.0,0.045112857082992106
train,2011-520,3,41,0,0.0,0.09092361364400547
train,2011-520,3,41,1,1.0,0.2785585990540679
train,2011-520,3,41,2,1.0,0.8206955319145941
train,2011-520,3,41,3,0.0,0.42036581293587844
train,2011-520,3,41,4,1.0,0.43989658729124814
train,2011-520,3,41,5,1.0,0.41132149834701337
train,2011-520,3,41,6,0.0,0.4489238957500167
train,2011-520,3,41,7,0.0,0.18215356178345404
train,2011-520,3,41,8,1.0,0.8488364186036808
train,2011-520,3,41,9,1.0,0.7135488778739605
train,2011-520,3,41,10,1.0,0.4991671036001258
train,2011-520,3,41,11,1.0,0.6846633867762926
train,2011-520,3,41,12,0.0,0.09161601689656768
train,2011-520,3,41,13,1.0,0.8504815640267296
train,2011-520,3,41,14,1.0,0.6761553567043782
train,2011-520,3,41,15,0.0,0.03175656488182006
train,2011-520,4,42,0,1.0,0.8749979350320584
train,2011-520,4,42,1,1.0,0.38590621151190857
train,2011-520,4,42,2,0.0,0.2282752428528067
train,2011-520,4,42,3,0.0,0.6514074068017042
train,2011-520,4,42,4,0.0,0.45948292807914043
train,2011-520,4,42,5,0.0,0.1614038544462558
train,2011-520,4,42,6,1.0,0.611841408440499
train,2011-520,4,42,7,0.0,0.10649531141058753
train,2011-520,5,43,0,0.0,0.08232072339328546
train,2011-520,5,43,1,0.0,0.18686760439317124
train,2011-520,5,43,2,0.0,0.099573634306945
train,2011-520,5,43,3,0.0,0.19616644637444972
train,2011-520,6,44,0,0.0,0.4942280071942938
train,2011-520,6,44,1,1.0,0.6772305941036403
train,2011-520,7,45,0,0.0,0.42075942359271773
train,2011-540,1,46,0,1.0,0.9016533195095948
train,2011-540,1,46,1,0.0,0.5415868164292823
train,2011-540,1,46,2,0.0,0.6217000114941953
train,2011-540,1,46,3,0.0,0.49378806688754384
train,2011-540,1,46,4,0.0,0.5403580834065413
train,2011-540,1,46,5,1.0,0.42128333291644227
train,2011-540,1,46,6,0.0,0.1657334469583283
train,2011-540,1,46,7,0.0,0.2914776654902144
train,2011-540,1,46,8,1.0,0.7281073802014884
train,2011-540,1,46,9,1.0,0.7132921940114876
train,2011-540,1,46,10,1.0,0.3522671953244714
train,2011-540,1,46,11,0.0,0.244878297038449
train,2011-540,1,46,12,1.0,0.5348465324136072
train,2011-540,1,46,13,0.0,0.09246254369377596
train,2011-540,1,46,14,1.0,0.8774669289764189
train,2011-540,1,46,15,0.0,0.20437858734908196
train,2011-540,1,46,16,1.0,0.4259121645220575
train,2011-540,1,46,17,0.0,0.3012077895413064
train,2011-540,1,46,18,1.0,0.7433031362385366
train,2011-540,1,46,19,0.0,0.53117426121946
train,2011-540,1,46,20,0.0,0.7744037497639413
train,2011-540,1,46,21,0.0,0.3402728478292251
train,2011-540,1,46,22,0.0,0.1183020469539392
train,2011-540,1,46,23,1.0,0.5120381380792094
train,2011-540,1,46,24,1.0,0.7345567551817129
train,2011-540,1,46,25,1.0,0.8303556478431199
train,2011-540,1,46,26,1.0,0.4397368220098153
train,2011-540,1,46,27,0.0,0.6739488776764261
train,2011-540,1,46,28,0.0,0.5064033076346266
train,2011-540,1,46,29,0.0,0.052352373482936324
train,2011-540,1,46,30,0.0,0.38613602425656207
train,2011-540,1,46,31,0.0,0.28577139356417547
train,2011-540,1,46,32,0.0,0.1932474300810012
train,2011-540,1,46,33,1.0,0.8909416011560399
train,2011-540,1,46,34,1.0,0.907782582085485
train,2011-540,1,46,35,0.0,0.5358046983360326
train,2011-540,1,46,36,0.0,0.21160577918633444
train,2011-540,1,46,37,1.0,0.5125945354297577
train,2011-540,1,46,38,0.0,0.7582282974145348
train,2011-540,1,46,39,0.0,0.22964807547619123
train,2011-540,1,46,40,1.0,0.7780158804670295
train,2011-540,1,46,41,1.0,0.3598912189274465
train,2011-540,1,46,42,0.0,0.4694676557177016
train,2011-540,1,46,43,0.0,0.15839085305858136
train,2011-540,1,46,44,1.0,0.18436273528330205
train,2011-540,1,46,45,0.0,0.33691871487785435
train,2011-540,1,46,46,1.0,0.6253163872220963
train,2011-540,1,46,47,0.0,0.1861541078900493
train,2011-540,1,46,48,1.0,0.9530333968401954
train,2011-540,1,46,49,0.0,0.32905518452234017
train,2011-540,1,46,50,1.0,0.7413885267230977
train,2011-540,1,46,51,1.0,0.7481892117738068
train,2011-540,1,46,52,0.0,0.4820231973302299
train,2011-540,1,46,53,1.0,0.5953211302987801
train,2011-540,1,46,54,1.0,0.720718622607993
train,2011-540,1,46,55,1.0,0.7359066860359105
train,2011-540,1,46,56,0.0,0.10186495598054354
train,2011-540,1,46,57,0.0,0.4027549863227178
train,2011-540,1,46,58,0.0,0.525124823722883
train,2011-540,1,46,59,1.0,0.6630789309365749
train,2011-540,1,46,60,1.0,0.6435225022793649
train,2011-540,1,46,61,1.0,0.506109888560486
train,2011-540,1,46,62,0.0,0.5235565710760024
train,2011-540,1,46,63,0.0,0.7395434938797137
train,2011-540,2,47,0,0.0,0.7504135450235959
train,2011-540,2,47,1,0.0,0.21306854488223365
train,2011-540,2,47,2,1.0,0.8866403368151281
train,2011-540,2,47,3,0.0,0.3347326415046595
train,2011-540,2,47,4,1.0,0.7381054838911525
train,2011-540,2,47,5,1.0,0.6940832835078767
train,2011-540,2,47,6,1.0,0.9441114670581806
train,2011-540,2,47,7,1.0,0.7962982226042954
train,2011-540,2,47,8,1.0,0.279116957553952
train,2011-540,2,47,9,1.0,0.48219337379924243
train,2011-540,2,47,10,1.0,0.3374319958583151
train,2011-540,2,47,11,0.0,0.11403691014441515
train,2011-540,2,47,12,1.0,0.7675062440918486
train,2011-540,2,47,13,1.0,0.7825131253237655
train,2011-540,2,47,14,0.0,0.06925863182519511
train,2011-540,2,47,15,0.0,0.6266781491367243
train,2011-540,2,47,16,0.0,0.13760288333956405
train,2011-540,2,47,17,1.0,0.17629978472645377
train,2011-540,2,47,18,0.0,0.28085970052551673
train,2011-540,2,47,19,1.0,0.6880012690237461
train,2011-540,2,47,20,1.0,0.7797356986347875
train,2011-540,2,47,21,0.0,0.6777778858276221
train,2011-540,2,47,22,0.0,0.8739405910233706
train,2011-540,2,47,23,0.0,0.3173446730944889
train,2011-540,2,47,24,0.0,0.1978552434242284
train,2011-540,2,47,25,0.0,0.21435643651341768
train,2011-540,2,47,26,1.0,0.44838848534566816
train,2011-540,2,47,27,1.0,0.46354603091263147
train,2011-540,2,47,28,1.0,0.687028506857968
train,2011-540,2,47,29,1.0,0.9277263863528361
train,2011-540,2,47,30,0.0,0.04421014827936654
train,2011-540,2,47,31,1.0,0.7754368668553377
train,2011-540,3,48,0,0.0,0.42596146279797675
train,2011-540,3,48,1,0.0,0.5342894003580371
train,2011-540,3,48,2,0.0,0.09676907709523104
train,2011-540,3,48,3,1.0,0.23441292205946984
train,2011-540,3,48,4,1.0,0.1245417360463319
train,2011-540,3,48,5,0.0,0.09699996903709249
train,2011-540,3,48,6,0.0,0.6098694231603246
train,2011-540,3,48,7,0.0,0.28386538975830106
train,2011-540,3,48,8,0.0,0.09914853504107864
train,2011-540,3,48,9,0.0,0.7116027121845355
train,2011-540,3,48,10,1.0,0.21171684753600262
train,2011-540,3,48,11,0.0,0.30330018450638896
train,2011-540,3,48,12,1.0,0.8283031280768035
train,2011-540,3,48,13,0.0,0.11562424280948624
train,2011-540,3,48,14,0.0,0.258365289885776
train,2011-540,3,48,15,0.0,0.042793894850839294
train,2011-540,4,49,0,1.0,0.8999517614661375
train,2011-540,4,49,1,1.0,0.39205285173827875
train,2011-540,4,49,2,0.0,0.12353967259598735
train,2011-540,4,49,3,1.0,0.41815177607712484
train,2011-540,4,49,4,1.0,0.7241350708806995
train,2011-540,4,49,5,1.0,0.8257554903313233
train,2011-540,4,49,6,1.0,0.2790160332152606
train,2011-540,4,49,7,1.0,0.8528950298236904
train,2011-540,5,50,0,0.0,0.06118019574855011
train,2011-540,5,50,1,1.0,0.2180113903119606
train,2011-540,5,50,2,1.0,0.8215158867836241
train,2011-540,5,50,3,1.0,0.9016792274673431
train,2011-540,6,51,0,1.0,0.7722926815608794
train,2011-540,6,51,1,1.0,0.6675384644812419
train,2011-540,7,52,0,0.0,0.5921576412324582
train,2011-560,1,65,0,1.0,0.941902696663882
train,2011-560,1,65,1,0.0,0.25908097193015933
train,2011-560,1,65,2,1.0,0.8290197448038356
train,2011-560,1,65,3,0.0,0.422382257014537
train,2011-560,1,65,4,1.0,0.40406944024842256
train,2011-560,1,65,5,1.0,0.82112149112109
train,2011-560,1,65,6,0.0,0.7079978893236674
train,2011-560,1,65,7,0.0,0.24490720193135496
train,2011-560,1,65,8,1.0,0.6100258854585388
train,2011-560,1,65,9,1.0,0.35100059093819114
train,2011-560,1,65,10,0.0,0.19642624333984732
train,2011-560,1,65,11,0.0,0.33789832369305167
train,2011-560,1,65,12,1.0,0.35509786940332067
train,2011-560,1,65,13,0.0,0.07282457989365446
train,2011-560,1,65,14,0.0,0.14640260868900293
train,2011-560,1,65,15,0.0,0.4777871466605994
train,2011-560,1,65,16,0.0,0.37246984251133913
train,2011-560,1,65,17,0.0,0.2056443354489724
train,2011-560,1,65,18,1.0,0.756276351511999
train,2011-560,1,65,19,0.0,0.32190012349969027
train,2011-560,1,65,20,0.0,0.08668828194767016
train,2011-560,1,65,21,0.0,0.3251280130469595
train,2011-560,1,65,22,1.0,0.634024011277918
train,2011-560,1,65,23,1.0,0.43786341818575164
train,2011-560,1,65,24,0.0,0.5794649225868055
train,2011-560,1,65,25,1.0,0.56554837611718
train,2011-560,1,65,26,0.0,0.23566640578407153
train,2011-560,1,65,27,1.0,0.49578727720941507
train,2011-560,1,65,28,0.0,0.5868579540937098
train,2011-560,1,65,29,0.0,0.03579750258455399
train,2011-560,1,65,30,1.0,0.49154189017580074
train,2011-560,1,65,31,1.0,0.7121457503894625
train,2011-560,1,65,32,0.0,0.753741388065448
train,2011-560,1,65,33,0.0,0.21523698910627748
train,2011-560,1,65,34,1.0,0.2632154501161704
train,2011-560,1,65,35,0.0,0.20001209490255992
train,2011-560,1,65,36,0.0,0.12576458695159054
train,2011-560,1,65,37,1.0,0.7115010028611057
train,2011-560,1,65,38,1.0,0.5804771203227147
train,2011-560,1,65,39,1.0,0.4077877364603289
train,2011-560,1,65,40,1.0,0.29425197617362686
train,2011-560,1,65,41,1.0,0.5896624074269596
train,2011-560,1,65,42,1.0,0.8291767111602021
train,2011-560,1,65,43,0.0,0.38902750091660765
train,2011-560,1,65,44,1.0,0.3199391366628599
train,2011-560,1,65,45,0.0,0.21920513672168107
train,2011-560,1,65,46,1.0,0.8105020992378296
train,2011-560,1,65,47,1.0,0.9168462989458289
train,2011-560,1,65,48,0.0,0.686690704421008
train,2011-560,1,65,49,0.0,0.5323043767577442
train,2011-560,1,65,50,1.0,0.6833839335384225
train,2011-560,1,65,51,1.0,0.71745293807148
train,2011-560,1,65,52,1.0,0.5451083167738819
train,2011-560,1,65,53,0.0,0.15481010646312357
train,2011-560,1,65,54,1.0,0.6235742139988966
train,2011-560,1,65,55,1.0,0.6153495140671777
train,2011-560,1,65,56,1.0,0.823252994198625
train,2011-560,1,65,57,1.0,0.8680171635284358
train,2011-560,1,65,58,0.0,0.524184867651734
train,2011-560,1,65,59,0.0,0.5463822253855821
train,2011-560,1,65,60,1.0,0.6993467208967924
train,2011-560,1,65,61,1.0,0.8577685370890724
train,2011-560,1,65,62,1.0,0.47015921447578723
train,2011-560,1,65,63,1.0,0.4386364458650821
train,2011-560,2,66,0,0.0,0.14301040838100854
train,2011-560,2,66,1,0.0,0.2823034707299755
train,2011-560,2,66,2,0.0,0.8727463623589709
train,2011-560,2,66,3,0.0,0.37699391202785926
train,2011-560,2,66,4,0.0,0.16296548667585434
train,2011-560,2,66,5,0.0,0.3908047163532556
train,2011-560,2,66,6,1.0,0.8036709728294001
train,2011-560,2,66,7,1.0,0.7131376236624158
train,2011-560,2,66,8,1.0,0.8999475313000848
train,2011-560,2,66,9,0.0,0.7133656729465925
train,2011-560,2,66,10,1.0,0.6627728424814621
train,2011-560,2,66,11,0.0,0.08108484026023173
train,2011-560,2,66,12,0.0,0.3269668624634023
train,2011-560,2,66,13,0.0,0.4440784256729613
train,2011-560,2,66,14,1.0,0.38221371174469854
train,2011-560,2,66,15,1.0,0.8598798365126985
train,2011-560,2,66,16,1.0,0.9170299064385475
train,2011-560,2,66,17,0.0,0.4506776412923127
train,2011-560,2,66,18,0.0,0.4716114019589833
train,2011-560,2,66,19,0.0,0.2140485681068085
train,2011-560,2,66,20,1.0,0.9265900983784566
train,2011-560,2,66,21,1.0,0.24446263850350644
train,2011-560,2,66,22,1.0,0.6531122967983526
train,2011-560,2,66,23,0.0,0.7711416752670659
train,2011-560,2,66,24,0.0,0.1995730652802232
train,2011-560,2,66,25,1.0,0.36004290592426436
train,2011-560,2,66,26,0.0,0.3641006757958985
train,2011-560,2,66,27,1.0,0.7547794665842007
train,2011-560,2,66,28,0.0,0.14107558298868159
train,2011-560,2,66,29,1.0,0.369283926016465
train,2011-560,2,66,30,1.0,0.9519602981504625
train,2011-560,2,66,31,0.0,0.040814283966723305
train,2011-560,3,67,0,1.0,0.34439936466322485
train,2011-560,3,67,1,1.0,0.8452533364943684
train,2011-560,3,67,2,1.0,0.9155580546101632
train,2011-560,3,67,3,1.0,0.39197569325916043
train,2011-560,3,67,4,0.0,0.22571712536763291
train,2011-560,3,67,5,0.0,0.17232660849412823
train,2011-560,3,67,6,0.0,0.18418664628384449
train,2011-560,3,67,7,1.0,0.5010578703718486
train,2011-560,3,67,8,0.0,0.3089199322324559
train,2011-560,3,67,9,1.0,0.7140223519598937
train,2011-560,3,67,10,1.0,0.5297115098288817
train,2011-560,3,67,11,1.0,0.6669711595447706
train,2011-560,3,67,12,0.0,0.18441361281318983
train,2011-560,3,67,13,0.0,0.45660717092552583
train,2011-560,3,67,14,0.0,0.7800428966466512
train,2011-560,3,67,15,0.0,0.5769958177662198
train,2011-560,4,68,0,1.0,0.4436092633970471
train,2011-560,4,68,1,0.0,0.07273949516463023
train,2011-560,4,68,2,0.0,0.7054221620719328
train,2011-560,4,68,3,1.0,0.6972765168604973
train,2011-560,4,68,4,1.0,0.868878900073515
train,2011-560,4,68,5,1.0,0.5777082325886972
train,2011-560,4,68,6,0.0,0.07783191940468313
train,2011-560,4,68,7,1.0,0.954970254766804
train,2011-560,5,69,0,0.0,0.19654890675290057
train,2011-560,5,69,1,1.0,0.8570937940258196
train,2011-560,5,69,2,0.0,0.26140817500057173
train,2011-560,5,69,3,1.0,0.8981418526548466
train,2011-560,6,70,0,1.0,0.6598591816422682
train,2011-560,6,70,1,1.0,0.515495684108379
train,2011-560,7,71,0,1.0,0.44600552393499315
train,2011-580,1,0,0,0.0,0.048912716902530844
train,2011-580,1,0,1,1.0,0.6346525821470244
train,2011-580,1,0,2,0.0,0.2630357362509822
train,2011-580,1,0,3,0.0,0.27718895257047416
train,2011-580,1,0,4,1.0,0.45134582803734646
train,2011-580,1,0,5,0.0,0.13535186334580246
train,2011-580,1,0,6,0.0,0.2168374381521673
train,2011-580,1,0,7,0.0,0.3581849709581752
train,2011-580,1,0,8,1.0,0.633508911251798
train,2011-580,1,0,9,1.0,0.3720850841838214
train,2011-580,1,0,10,1.0,0.7017223550168121
train,2011-580,1,0,11,0.0,0.600504004624788
train,2011-580,1,0,12,0.0,0.41247357109085836
train,2011-580,1,0,13,0.0,0.15901636639436525
train,2011-580,1,0,14,1.0,0.8213106630904861
train,2011-580,1,0,15,1.0,0.6055340866129796
train,2011-580,1,0,16,0.0,0.31485519070957646
train,2011-580,1,0,17,1.0,0.5341349830015819
train,2011-580,1,0,18,0.0,0.39721185199783626
train,2011-580,1,0,19,0.0,0.5768151402009426
train,2011-580,1,0,20,0.0,0.6594343739649386
train,2011-580,1,0,21,1.0,0.7437266916929335
train,2011-580,1,0,22,0.0,0.17717290499781044
train,2011-580,1,0,23,0.0,0.3430496892098489
train,2011-580,1,0,24,0.0,0.17828407517246764
train,2011-580,1,0,25,1.0,0.5314092600549393
train,2011-580,1,0,26,1.0,0.6996735588785619
train,2011-580,1,0,27,1.0,0.24863833568673116
train,2011-580,1,0,28,1.0,0.38708039815398393
train,2011-580,1,0,29,0.0,0.04102518919075085
train,2011-580,1,0,30,0.0,0.4794440828090599
train,2011-580,1,0,31,0.0,0.4840886240170276
train,2011-580,1,0,32,1.0,0.7850943379945263
train,2011-580,1,0,33,1.0,0.9387228532713815
train,2011-580,1,0,34,1.0,0.5701402671576715
train,2011-580,1,0,35,1.0,0.7868226804258293
train,2011-580,1,0,36,1.0,0.32461693814740905
train,2011-580,1,0,37,1.0,0.6344389512338948
train,2011-580,1,0,38,1.0,0.8663766534395232
train,2011-580,1,0,39,0.0,0.2134140429173597
train,2011-580,1,0,40,1.0,0.437831232949296
train,2011-580,1,0,41,0.0,0.6972731803553026
train,2011-580,1,0,42,0.0,0.15009804786892786
train,2011-580,1,0,43,1.0,0.7259138066203918
train,2011-580,1,0,44,0.0,0.45518899908357485
train,2011-580,1,0,45,0.0,0.32924882219305346
train,2011-580,1,0,46,1.0,0.8994249944133919
train,2011-580,1,0,47,1.0,0.9161746220871282
train,2011-580,1,0,48,0.0,0.4201509175692761
train,2011-580,1,0,49,1.0,0.6001872192209318
train,2011-580,1,0,50,1.0,0.8984958666710477
train,2011-580,1,0,51,1.0,0.24820407514881251
train,2011-580,1,0,52,0.0,0.1532863789904914
train,2011-580,1,0,53,0.0,0.49207856438155545
train,2011-580,1,0,54,0.0,0.8255662940656657
train,2011-580,1,0,55,0.0,0.6179061961881356
train,2011-580,1,0,56,1.0,0.7143455765058305
train,2011-580,1,0,57,0.0,0.16372225219337572
train,2011-580,1,0,58,1.0,0.8292887510419772
train,2011-580,1,0,59,1.0,0.7517105229347684
train,2011-580,1,0,60,0.0,0.5814627761068096
train,2011-580,1,0,61,1.0,0.7664311838786284
train,2011-580,1,0,62,0.0,0.4164154396873483
train,2011-580,1,0,63,0.0,0.3718664268209804
train,2011-580,2,1,0,0.0,0.203409785228917
train,2011-580,2,1,1,0.0,0.3453265576285687
train,2011-580,2,1,2,0.0,0.5504002643790453
train,2011-580,2,1,3,1.0,0.62392960008696
train,2011-580,2,1,4,1.0,0.8160115453643693
train,2011-580,2,1,5,1.0,0.6834667223073341
train,2011-580,2,1,6,1.0,0.8527574209975665
train,2011-580,2,1,7,1.0,0.22369077196718246
train,2011-580,2,1,8,0.0,0.09307847590439498
train,2011-580,2,1,9,1.0,0.8311064651822117
train,2011-580,2,1,10,1.0,0.7442370945606642
train,2011-580,2,1,11,1.0,0.5344165879634841
train,2011-580,2,1,12,1.0,0.9455932805515004
train,2011-580,2,1,13,0.0,0.4193244473619168
train,2011-580,2,1,14,0.0,0.22297302803603902
train,2011-580,2,1,15,0.0,0.38274972097615473
train,2011-580,2,1,16,0.0,0.6809309797008171
train,2011-580,2,1,17,1.0,0.8403476508077085
train,2011-580,2,1,18,0.0,0.30051714791942163
train,2011-580,2,1,19,1.0,0.3845020900911285
train,2011-580,2,1,20,1.0,0.34122150932027817
train,2011-580,2,1,21,1.0,0.849227219627798
train,2011-580,2,1,22,0.0,0.793131702868105
train,2011-580,2,1,23,1.0,0.2414297645819589
train,2011-580,2,1,24,1.0,0.8078872655914051
train,2011-580,2,1,25,0.0,0.6545804881912379
train,2011-580,2,1,26,1.0,0.3396005905750407
train,2011-580,2,1,27,0.0,0.7889267883234514
train,2011-580,2,1,28,1.0,0.9307316169931468
train,2011-580,2,1,29,1.0,0.8407997622821891
train,2011-580,2,1,30,1.0,0.9588618539373758
train,2011-580,2,1,31,0.0,0.11645441720846314
train,2011-580,3,2,0,1.0,0.8854676223132033
train,2011-580,3,2,1,1.0,0.7121866007817994
train,2011-580,3,2,2,1.0,0.9319626251579525
train,2011-580,3,2,3,0.0,0.19992460680785537
train,2011-580,3,2,4,0.0,0.39358668918371076
train,2011-580,3,2,5,0.0,0.10703662460957568
train,2011-580,3,2,6,1.0,0.606153680720461
train,2011-580,3,2,7,0.0,0.13226266443420595
train,2011-580,3,2,8,0.0,0.2566807580187781
train,2011-580,3,2,9,0.0,0.1241167479679717
train,2011-580,3,2,10,1.0,0.7000696084552185
train,2011-580,3,2,11,1.0,0.1706325233393873
train,2011-580,3,2,12,1.0,0.8711642627426643
train,2011-580,3,2,13,0.0,0.10666955324571721
train,2011-580,3,2,14,1.0,0.18785028352346733
train,2011-580,3,2,15,1.0,0.9612461089238831
train,2011-580,4,3,0,1.0,0.8119910586444437
train,2011-580,4,3,1,0.0,0.5237988836001661
train,2011-580,4,3,2,1.0,0.8075292423963173
train,2011-580,4,3,3,0.0,0.5918954264594312
train,2011-580,4,3,4,0.0,0.2146194221810021
train,2011-580,4,3,5,0.0,0.8580273934982742
train,2011-580,4,3,6,1.0,0.8972705627845784
train,2011-580,4,3,7,0.0,0.1461760567158367
train,2011-580,5,4,0,0.0,0.23547690136984606
train,2011-580,5,4,1,0.0,0.2455777956861194
train,2011-580,5,4,2,1.0,0.9108571477469863
train,2011-580,5,4,3,1.0,0.19983890264738907
train,2011-580,6,5,0,1.0,0.4336686138340936
train,2011-580,6,5,1,1.0,0.6822834835023838
train,2011-580,7,6,0,1.0,0.5610326140794184
train,2012-1536,2,111,0,0.0,0.49126216589122884
train,2012-1536,2,111,1,0.0,0.5819975870680588
train,2012-1536,2,111,2,1.0,0.7985129391441711
train,2012-1536,2,111,3,0.0,0.46787512820173843
train,2012-1536,2,111,4,0.0,0.2632689921757368
train,2012-1536,2,111,5,0.0,0.44255646367156554
train,2012-1536,2,111,6,0.0,0.6305388678099434
train,2012-1536,2,111,7,1.0,0.6893510863383879
train,2012-1536,2,111,8,1.0,0.5504880170354493
train,2012-1536,2,111,9,1.0,0.7731089181263042
train,2012-1536,2,111,10,1.0,0.5785027109339176
train,2012-1536,2,111,11,0.0,0.37566744011831577
train,2012-1536,2,111,12,1.0,0.4051872124138778
train,2012-1536,2,111,13,0.0,0.192601118792474
train,2012-1536,2,111,14,0.0,0.36492682753247885
train,2012-1536,2,111,15,1.0,0.6790478837875955
train,2012-1536,2,111,16,1.0,0.45743452707452015
train,2012-1536,2,111,17,0.0,0.21693673513321476
train,2012-1536,2,111,18,0.0,0.5686559331167113
train,2012-1536,2,111,19,1.0,0.4324083639220441
train,2012-1536,2,111,20,1.0,0.4350228771121249
train,2012-1536,2,111,21,0.0,0.3532970980969913
train,2012-1536,2,111,22,1.0,0.6754092447647206
train,2012-1536,2,111,23,0.0,0.42378385339162
train,2012-1536,3,112,0,1.0,0.8609710752822469
train,2012-1536,3,112,1,1.0,0.7934542037520511
train,2012-1536,3,112,2,1.0,0.7281590957023568
train,2012-1536,3,112,3,0.0,0.18871626862280297
train,2012-1536,3,112,4,0.0,0.156547441047343
train,2012-1536,3,112,5,1.0,0.5458312523062825
train,2012-1536,3,112,6,0.0,0.3701974746179554
train,2012-1536,3,112,7,1.0,0.7891790343292598
train,2012-1536,3,112,8,1.0,0.7744080836911706
train,2012-1536,3,112,9,1.0,0.561140210031986
train,2012-1536,3,112,10,1.0,0.5373927699122881
train,2012-1536,3,112,11,0.0,0.08483390446781842
train,2012-1536,3,112,12,1.0,0.6774584366193523
train,2012-1536,3,112,13,0.0,0.1955181424800542
train,2012-1536,3,112,14,1.0,0.9306925287531612
train,2012-1536,3,112,15,0.0,0.4021279046853485
train,2012-1536,4,113,0,1.0,0.7970171234155342
train,2012-1536,4,113,1,0.0,0.6695233153135146
train,2012-1536,4,113,2,1.0,0.63992346777169
train,2012-1536,4,113,3,1.0,0.5364161943541618
train,2012-1536,4,113,4,0.0,0.7685416311080582
train,2012-1536,4,113,5,0.0,0.32509022430251555
train,2012-1536,4,113,6,0.0,0.8136414731038037
train,2012-1536,4,113,7,1.0,0.8420834510978259
train,2012-1536,5,114,0,0.0,0.3576784971600127
train,2012-1536,5,114,1,0.0,0.8842300747636023
train,2012-1536,5,114,2,0.0,0.3117455859713899
train,2012-1536,5,114,3,1.0,0.5937535272441398
train,2012-1536,6,115,0,0.0,0.14130877703536784
train,2012-1536,6,115,1,0.0,0.3281597641254102
train,2012-1536,7,116,0,0.0,0.2966338226538598
train,2012-352,2,162,0,1.0,0.6182939681261508
train,2012-352,2,162,1,1.0,0.41826676628315834
train,2012-352,2,162,2,1.0,0.45092016639143323
train,2012-352,2,162,3,1.0,0.7123706378192036
train,2012-352,2,162,4,1.0,0.6773089660803444
train,2012-352,2,162,5,0.0,0.8449108977152613
train,2012-352,2,162,6,1.0,0.28415768671216857
train,2012-352,2,162,7,0.0,0.8178603538476684
train,2012-352,2,162,8,0.0,0.7382339648472328
train,2012-352,2,162,9,0.0,0.5703223912230995
train,2012-352,2,162,10,0.0,0.5740132533992318
train,2012-352,2,162,11,0.0,0.6308061018287369
train,2012-352,2,162,12,0.0,0.6121886106351526
train,2012-352,2,162,13,1.0,0.46291979797949456
train,2012-352,2,162,14,1.0,0.648012872519482
train,2012-352,2,162,15,0.0,0.7240087714234283
train,2012-352,3,163,0,0.0,0.5121562644449399
train,2012-352,3,163,1,1.0,0.4101699255933085
train,2012-352,3,163,2,0.0,0.18562724778194709
train,2012-352,3,163,3,1.0,0.835780397368424
train,2012-352,3,163,4,0.0,0.18857194926229104
train,2012-352,3,163,5,1.0,0.7221068643787942
train,2012-352,3,163,6,1.0,0.7611511006617846
train,2012-352,3,163,7,1.0,0.8416790775654498
train,2012-352,3,163,8,1.0,0.09150681856057366
train,2012-352,3,163,9,1.0,0.15400957076642358
train,2012-352,3,163,10,1.0,0.72903072353431
train,2012-352,3,163,11,1.0,0.8963102792445794
train,2012-352,3,163,12,1.0,0.8053299253973389
train,2012-352,3,163,13,1.0,0.6425683936134682
train,2012-352,3,163,14,1.0,0.7321272338365792
train,2012-352,3,163,15,1.0,0.2731986681832352
train,2012-352,4,164,0,1.0,0.8059160052094111
train,2012-352,4,164,1,1.0,0.6819186812174768
train,2012-352,4,164,2,1.0,0.06406059455071006
train,2012-352,4,164,3,1.0,0.5324718156334461
train,2012-352,4,164,4,0.0,0.3661754573529467
train,2012-352,4,164,5,0.0,0.6322116665227535
train,2012-352,4,164,6,0.0,0.4775567301041666
train,2012-352,4,164,7,0.0,0.4120050314548556
train,2012-352,5,165,0,0.0,0.45756335273059906
train,2012-352,5,165,1,1.0,0.3021782329549946
train,2012-352,5,165,2,0.0,0.8369414482139936
train,2012-352,5,165,3,0.0,0.4239362036301477
train,2012-352,6,166,0,0.0,0.8388269559802801
train,2012-352,6,166,1,0.0,0.20435540222053217
train,2012-352,7,167,0,1.0,0.9142894372289826
train,2012-403,1,98,0,1.0,0.22513574615780316
train,2012-403,1,98,1,0.0,0.3358090438983316
train,2012-403,1,98,2,1.0,0.521479361275984
train,2012-403,1,98,3,1.0,0.4828103637925571
train,2012-403,1,98,4,0.0,0.6335127468092971
train,2012-403,1,98,5,0.0,0.703653875357337
train,2012-403,1,98,6,1.0,0.6686103052019157
train,2012-403,1,98,7,0.0,0.5428249731358616
train,2012-403,1,98,8,0.0,0.7013728162226813
train,2012-403,1,98,9,0.0,0.7481024054820743
train,2012-403,1,98,10,0.0,0.5650163089306427
train,2012-403,1,98,11,1.0,0.5035635252906602
train,2012-403,1,98,12,0.0,0.5593891310670825
train,2012-403,1,98,13,1.0,0.5262474986719622
train,2012-403,1,98,14,0.0,0.3968776151796856
train,2012-403,1,98,15,0.0,0.4306644970513689
train,2012-403,1,98,16,1.0,0.38012733110917446
train,2012-403,1,98,17,1.0,0.37981176713417436
train,2012-403,1,98,18,0.0,0.2447053218513432
train,2012-403,1,98,19,0.0,0.39327305813124375
train,2012-403,1,98,20,1.0,0.5976035548054324
train,2012-403,1,98,21,0.0,0.5035165899178863
train,2012-403,1,98,22,0.0,0.4453394224459973
train,2012-403,1,98,23,1.0,0.6692442284058363
train,2012-403,1,98,24,1.0,0.48191430322532525
train,2012-403,1,98,25,1.0,0.5326477657949019
train,2012-403,1,98,26,0.0,0.3306783144533765
train,2012-403,1,98,27,1.0,0.2423918960747125
train,2012-403,1,98,28,0.0,0.5105699367025687
train,2012-403,1,98,29,1.0,0.7058500681949932
train,2012-403,1,98,30,0.0,0.46264539680627964
train,2012-403,1,98,31,1.0,0.34673012686083615
train,2012-403,2,99,0,1.0,0.9306931235116518
train,2012-403,2,99,1,0.0,0.3780675665091763
train,2012-403,2,99,2,1.0,0.3351667832361343
train,2012-403,2,99,3,0.0,0.6202002172529266
train,2012-403,2,99,4,0.0,0.5729616080434891
train,2012-403,2,99,5,0.0,0.41942668402768823
train,2012-403,2,99,6,0.0,0.26243761432079726
train,2012-403,2,99,7,1.0,0.821744530998361
train,2012-403,2,99,8,0.0,0.10727211652556577
train,2012-403,2,99,9,0.0,0.5009609209468211
train,2012-403,2,99,10,1.0,0.7587070308060355
train,2012-403,2,99,11,1.0,0.861753346785481
train,2012-403,2,99,12,0.0,0.2631187940905301
train,2012-403,2,99,13,1.0,0.5548477858953137
train,2012-403,2,99,14,0.0,0.14671897281207283
train,2012-403,2,99,15,0.0,0.19367418000696177
train,2012-403,2,99,16,0.0,0.4425378328101932
train,2012-403,2,99,17,1.0,0.8571076416713668
train,2012-403,2,99,18,1.0,0.47572222469896974
train,2012-403,2,99,19,1.0,0.8801815433068273
train,2012-403,2,99,20,1.0,0.8458306249320582
train,2012-403,2,99,21,0.0,0.3349965409641751
train,2012-403,2,99,22,0.0,0.1631611766601337
train,2012-403,2,99,23,1.0,0.9236736917270212
train,2012-403,2,99,24,1.0,0.6003802054037904
train,2012-403,2,99,25,0.0,0.27083854077821506
train,2012-403,2,99,26,1.0,0.7061166718698303
train,2012-403,2,99,27,0.0,0.812788078872692
train,2012-403,2,99,28,1.0,0.8506847824918625
train,2012-403,2,99,29,0.0,0.18557587934872502
train,2012-403,2,99,30,1.0,0.5564553558711951
train,2012-403,2,99,31,0.0,0.09284613955612216
train,2012-403,3,100,0,1.0,0.43282091132471934
train,2012-403,3,100,1,0.0,0.769294970620437
train,2012-403,3,100,2,1.0,0.7917698133340606
train,2012-403,3,100,3,1.0,0.5620539312440662
train,2012-403,3,100,4,0.0,0.21804264357305062
train,2012-403,3,100,5,1.0,0.8752135486215022
train,2012-403,3,100,6,1.0,0.44294962464407295
train,2012-403,3,100,7,1.0,0.6874607285030074
train,2012-403,3,100,8,1.0,0.560553732164897
train,2012-403,3,100,9,1.0,0.8958915102105365
train,2012-403,3,100,10,0.0,0.3572429497821004
train,2012-403,3,100,11,1.0,0.3653683904109002
train,2012-403,3,100,12,0.0,0.328810245417402
train,2012-403,3,100,13,0.0,0.10279832083769867
train,2012-403,3,100,14,1.0,0.5188289764184689
train,2012-403,3,100,15,0.0,0.8616780311109865
train,2012-403,4,101,0,0.0,0.5831643121817802
train,2012-403,4,101,1,0.0,0.06804828927556933
train,2012-403,4,101,2,1.0,0.8009293917388128
train,2012-403,4,101,3,1.0,0.7535942125965845
train,2012-403,4,101,4,1.0,0.7018683315646208
train,2012-403,4,101,5,0.0,0.6601615226372759
train,2012-403,4,101,6,0.0,0.3324500616030466
train,2012-403,4,101,7,0.0,0.1342723086190882
train,2012-403,5,102,0,1.0,0.7640225327740613
train,2012-403,5,102,1,0.0,0.17269631593160598
train,2012-403,5,102,2,1.0,0.4697012223535367
train,2012-403,5,102,3,0.0,0.272952750882291
train,2012-403,6,103,0,1.0,0.3462492011172998
train,2012-403,6,103,1,0.0,0.14524343813722473
train,2012-403,7,104,0,0.0,0.3711572097849561
train,2012-404,1,91,0,0.0,0.26563792890541943
train,2012-404,1,91,1,0.0,0.17373256299739856
train,2012-404,1,91,2,1.0,0.5859221216495214
train,2012-404,1,91,3,1.0,0.6520591797315528
train,2012-404,1,91,4,0.0,0.545897715573378
train,2012-404,1,91,5,1.0,0.426121418892038
train,2012-404,1,91,6,1.0,0.5974898010222647
train,2012-404,1,91,7,1.0,0.37559780191111986
train,2012-404,1,91,8,0.0,0.39016110153955896
train,2012-404,1,91,9,0.0,0.2900309896584618
train,2012-404,1,91,10,0.0,0.24990165181216967
train,2012-404,1,91,11,1.0,0.6821383772117245
train,2012-404,1,91,12,1.0,0.5516053788206656
train,2012-404,1,91,13,0.0,0.4346378505117054
train,2012-404,1,91,14,1.0,0.4305186070278086
train,2012-404,1,91,15,0.0,0.32340500248466775
train,2012-404,1,91,16,0.0,0.2805962546676573
train,2012-404,1,91,17,1.0,0.46320141683567145
train,2012-404,1,91,18,1.0,0.4995906107636386
train,2012-404,1,91,19,1.0,0.8359330328464302
train,2012-404,1,91,20,0.0,0.440893787817628
train,2012-404,1,91,21,0.0,0.44602688264746543
train,2012-404,1,91,22,1.0,0.6275396376280179
train,2012-404,1,91,23,0.0,0.45378731708506653
train,2012-404,1,91,24,1.0,0.3413888238338103
train,2012-404,1,91,25,1.0,0.5785671812357025
train,2012-404,1,91,26,0.0,0.5834286288356141
train,2012-404,1,91,27,1.0,0.472206729966311
train,2012-404,1,91,28,1.0,0.6489810425799463
train,2012-404,1,91,29,0.0,0.47225112591308277
train,2012-404,1,91,30,1.0,0.48899665903342976
train,2012-404,1,91,31,0.0,0.5318204377083453
train,2012-404,2,92,0,1.0,0.6356088344127439
train,2012-404,2,92,1,1.0,0.8991852987189953
train,2012-404,2,92,2,1.0,0.49330796088034057
train,2012-404,2,92,3,1.0,0.33361742097725794
train,2012-404,2,92,4,1.0,0.8082884991532395
train,2012-404,2,92,5,1.0,0.341644017481876
train,2012-404,2,92,6,0.0,0.39312638094232905
train,2012-404,2,92,7,1.0,0.7288912718204112
train,2012-404,2,92,8,1.0,0.9363280245678491
train,2012-404,2,92,9,1.0,0.5655895730077133
train,2012-404,2,92,10,1.0,0.365041515879711
train,2012-404,2,92,11,1.0,0.7802893668726938
train,2012-404,2,92,12,0.0,0.18821762636423608
train,2012-404,2,92,13,1.0,0.7015622263357318
train,2012-404,2,92,14,0.0,0.5458784740474419
train,2012-404,2,92,15,0.0,0.13365522060897259
train,2012-404,2,92,16,1.0,0.2816347741826326
train,2012-404,2,92,17,1.0,0.6224011079759996
train,2012-404,2,92,18,1.0,0.7249956451726439
train,2012-404,2,92,19,0.0,0.3248094089804384
train,2012-404,2,92,20,1.0,0.7288737016119307
train,2012-404,2,92,21,0.0,0.18402932916109926
train,2012-404,2,92,22,0.0,0.6974932408311516
train,2012-404,2,92,23,0.0,0.8211963212449324
train,2012-404,2,92,24,0.0,0.21560557112300052
train,2012-404,2,92,25,0.0,0.49303470645978087
train,2012-404,2,92,26,1.0,0.690133625867006
train,2012-404,2,92,27,1.0,0.7760637330228375
train,2012-404,2,92,28,1.0,0.4068896658553309
train,2012-404,2,92,29,0.0,0.782202037297716
train,2012-404,2,92,30,0.0,0.10829390520095307
train,2012-404,2,92,31,0.0,0.6975313851607532
train,2012-404,3,93,0,1.0,0.38193094744411554
train,2012-404,3,93,1,0.0,0.6403711451117063
train,2012-404,3,93,2,1.0,0.5352147585609057
train,2012-404,3,93,3,1.0,0.7386354810313375
train,2012-404,3,93,4,0.0,0.3843945607007671
train,2012-404,3,93,5,1.0,0.8767160172216008
train,2012-404,3,93,6,1.0,0.4829592407304374
train,2012-404,3,93,7,0.0,0.7782577252579075
train,2012-404,3,93,8,1.0,0.4042071183750055
train,2012-404,3,93,9,1.0,0.8888040547596524
train,2012-404,3,93,10,1.0,0.5173946350803785
train,2012-404,3,93,11,1.0,0.4300401943432608
train,2012-404,3,93,12,0.0,0.2700463478927253
train,2012-404,3,93,13,0.0,0.10952747995887267
train,2012-404,3,93,14,1.0,0.3964752344462205
train,2012-404,3,93,15,1.0,0.17086446354667714
train,2012-404,4,94,0,1.0,0.867119670640764
train,2012-404,4,94,1,0.0,0.7627858590507471
train,2012-404,4,94,2,0.0,0.16501423934761644
train,2012-404,4,94,3,0.0,0.26907194623327124
train,2012-404,4,94,4,1.0,0.7557375144625098
train,2012-404,4,94,5,1.0,0.7411592270713192
train,2012-404,4,94,6,1.0,0.39395561309042115
train,2012-404,4,94,7,0.0,0.10381310329754753
train,2012-404,5,95,0,1.0,0.8685783457533366
train,2012-404,5,95,1,0.0,0.23922455177130514
train,2012-404,5,95,2,0.0,0.5856598950177165
train,2012-404,5,95,3,1.0,0.7552019506680361
train,2012-404,6,96,0,1.0,0.46709216310862706
train,2012-404,6,96,1,1.0,0.18549271098972903
train,2012-404,7,97,0,1.0,0.8063835302551188
train,2012-410,2,105,0,1.0,0.5091984604379284
train,2012-410,2,105,1,1.0,0.4792806372238047
train,2012-410,2,105,2,0.0,0.42673508826338785
train,2012-410,2,105,3,1.0,0.4144453302335633
train,2012-410,2,105,4,0.0,0.4103847300491145
train,2012-410,2,105,5,0.0,0.20201207404114654
train,2012-410,2,105,6,0.0,0.39565385926467395
train,2012-410,2,105,7,1.0,0.7395162179112126
train,2012-410,2,105,8,1.0,0.6276653973374702
train,2012-410,2,105,9,1.0,0.531475130490254
train,2012-410,2,105,10,0.0,0.25894110679121074
train,2012-410,2,105,11,1.0,0.27097940308934904
train,2012-410,2,105,12,1.0,0.33426157627934716
train,2012-410,2,105,13,1.0,0.6208500501133231
train,2012-410,2,105,14,0.0,0.6541484084108768
train,2012-410,2,105,15,1.0,0.3483711110838326
train,2012-410,2,105,16,0.0,0.38302307902151683
train,2012-410,2,105,17,0.0,0.3555296575561135
train,2012-410,2,105,18,0.0,0.44820754301750504
train,2012-410,2,105,19,0.0,0.17571591822904173
train,2012-410,2,105,20,0.0,0.6563036259059143
train,2012-410,2,105,21,0.0,0.2021182825528721
train,2012-410,2,105,22,1.0,0.8773779130113629
train,2012-410,2,105,23,0.0,0.28544865597363767
train,2012-410,3,106,0,0.0,0.06467276204980639
train,2012-410,3,106,1,0.0,0.32711784051103643
train,2012-410,3,106,2,0.0,0.4582389515522686
train,2012-410,3,106,3,0.0,0.19590537031078786
train,2012-410,3,106,4,0.0,0.210036994327141
train,2012-410,3,106,5,1.0,0.3383462046668181
train,2012-410,3,106,6,1.0,0.5481586973550407
train,2012-410,3,106,7,1.0,0.6867841109936416
train,2012-410,3,106,8,1.0,0.5121958475776314
train,2012-410,3,106,9,1.0,0.7639426693673449
train,2012-410,3,106,10,1.0,0.8224138738904542
train,2012-410,3,106,11,1.0,0.22079702465831674
train,2012-410,3,106,12,0.0,0.20121224294074883
train,2012-410,3,106,13,1.0,0.6215756851030393
train,2012-410,3,106,14,0.0,0.5864213707231314
train,2012-410,3,106,15,0.0,0.0884482373692532
train,2012-410,4,107,0,1.0,0.8998368382041028
train,2012-410,4,107,1,1.0,0.3281345837784914
train,2012-410,4,107,2,1.0,0.825104918705966
train,2012-410,4,107,3,0.0,0.35361212469777875
train,2012-410,4,107,4,1.0,0.5865617494537932
train,2012-410,4,107,5,0.0,0.47375174533008263
train,2012-410,4,107,6,0.0,0.05787848102635034
train,2012-410,4,107,7,0.0,0.1540083122143511
train,2012-410,5,108,0,1.0,0.9327831490039555
train,2012-410,5,108,1,1.0,0.34555365914908825
train,2012-410,5,108,2,1.0,0.35602375210101217
train,2012-410,5,108,3,1.0,0.8077923536914142
train,2012-410,6,109,0,1.0,0.7536277204961003
train,2012-410,6,109,1,0.0,0.16928546026598099
train,2012-410,7,110,0,0.0,0.48510322718117443
train,2012-416,2,117,0,1.0,0.4842882932893364
train,2012-416,2,117,1,1.0,0.5919503844817252
train,2012-416,2,117,2,0.0,0.16102242772103026
train,2012-416,2,117,3,0.0,0.3573355458112128
train,2012-416,2,117,4,0.0,0.5089217226300854
train,2012-416,2,117,5,1.0,0.7477555822988673
train,2012-416,2,117,6,1.0,0.5061451334587429
train,2012-416,2,117,7,0.0,0.24615051990940046
train,2012-416,2,117,8,1.0,0.45448414730454556
train,2012-416,2,117,9,1.0,0.5472632585528067
train,2012-416,2,117,10,0.0,0.19946570394657281
train,2012-416,2,117,11,0.0,0.44082919320791125
train,2012-416,2,117,12,0.0,0.34261558036661643
train,2012-416,2,117,13,1.0,0.7015932977124955
train,2012-416,2,117,14,1.0,0.5934910184290533
train,2012-416,2,117,15,0.0,0.5394096602339702
train,2012-416,2,117,16,1.0,0.2973706135430283
train,2012-416,2,117,17,1.0,0.6158115176174942
train,2012-416,2,117,18,1.0,0.5753337505943636
train,2012-416,2,117,19,0.0,0.32308485388065955
train,2012-416,2,117,20,0.0,0.7893762226494002
train,2012-416,2,117,21,0.0,0.5531223572909602
train,2012-416,2,117,22,0.0,0.21358476011992442
train,2012-416,2,117,23,1.0,0.5242564260427189
train,2012-416,3,118,0,1.0,0.9120672633308384
train,2012-416,3,118,1,1.0,0.4717126969381895
train,2012-416,3,118,2,1.0,0.7566021332278552
train,2012-416,3,118,3,1.0,0.8433325705097912
train,2012-416,3,118,4,1.0,0.8568210366782691
train,2012-416,3,118,5,1.0,0.6207140115677657
train,2012-416,3,118,6,0.0,0.32201011098316784
train,2012-416,3,118,7,0.0,0.3227307045139123
train,2012-416,3,118,8,1.0,0.36390687190141985
train,2012-416,3,118,9,1.0,0.3015416580865973
train,2012-416,3,118,10,0.0,0.22128754099285924
train,2012-416,3,118,11,0.0,0.07413276688187255
train,2012-416,3,118,12,0.0,0.26122038157334637
train,2012-416,3,118,13,1.0,0.5630820817040527
train,2012-416,3,118,14,0.0,0.369153009643107
train,2012-416,3,118,15,1.0,0.9256993024573639
train,2012-416,4,119,0,1.0,0.8703319541382939
train,2012-416,4,119,1,1.0,0.8926667096830122
train,2012-416,4,119,2,1.0,0.24408144020080838
train,2012-416,4,119,3,1.0,0.6563991325858669
train,2012-416,4,119,4,1.0,0.21201130049687866
train,2012-416,4,119,5,0.0,0.37919806316327065
train,2012-416,4,119,6,1.0,0.92705880772237
train,2012-416,4,119,7,1.0,0.6622658985947979
train,2012-416,5,120,0,1.0,0.7447696365585916
train,2012-416,5,120,1,1.0,0.722362503874362
train,2012-416,5,120,2,1.0,0.7479234354672166
train,2012-416,5,120,3,1.0,0.8937854758994348
train,2012-416,6,121,0,1.0,0.5475781826834166
train,2012-416,6,121,1,0.0,0.26248795204045905
train,2012-416,7,122,0,0.0,0.4790348051688049
train,2012-421,2,137,0,1.0,0.6128881551417148
train,2012-421,2,137,1,0.0,0.4613019999867451
train,2012-421,2,137,2,1.0,0.32883535533183833
train,2012-421,2,137,3,0.0,0.5982518764507894
train,2012-421,2,137,4,0.0,0.5547522484771937
train,2012-421,2,137,5,0.0,0.41558140677952105
train,2012-421,2,137,6,1.0,0.6366512695276669
train,2012-421,2,137,7,1.0,0.6117766835830238
train,2012-421,2,137,8,0.0,0.72988698127563
train,2012-421,2,137,9,0.0,0.42109725517704966
train,2012-421,2,137,10,1.0,0.49042922105424813
train,2012-421,2,137,11,0.0,0.48562349842333696
train,2012-421,2,137,12,0.0,0.46813606195488777
train,2012-421,2,137,13,0.0,0.3133948754774044
train,2012-421,2,137,14,1.0,0.6303621763348837
train,2012-421,2,137,15,0.0,0.22812707490701195
train,2012-421,3,138,0,1.0,0.9072072475875781
train,2012-421,3,138,1,0.0,0.6708026408180797
train,2012-421,3,138,2,1.0,0.7113574763643037
train,2012-421,3,138,3,1.0,0.7709109100179556
train,2012-421,3,138,4,0.0,0.230298755607022
train,2012-421,3,138,5,1.0,0.6705448725744464
train,2012-421,3,138,6,1.0,0.7651051041189618
train,2012-421,3,138,7,1.0,0.8087577094982303
train,2012-421,3,138,8,1.0,0.631078699109542
train,2012-421,3,138,9,1.0,0.4967374467648619
train,2012-421,3,138,10,1.0,0.924844395897117
train,2012-421,3,138,11,0.0,0.46392229213170755
train,2012-421,3,138,12,0.0,0.760831280604699
train,2012-421,3,138,13,1.0,0.33547689278042875
train,2012-421,3,138,14,0.0,0.8195022343276757
train,2012-421,3,138,15,1.0,0.4125448972497038
train,2012-421,4,139,0,0.0,0.6237883555101251
train,2012-421,4,139,1,1.0,0.910406347970732
train,2012-421,4,139,2,0.0,0.5163023931221458
train,2012-421,4,139,3,1.0,0.4510701167536713
train,2012-421,4,139,4,0.0,0.6665760450296422
train,2012-421,4,139,5,1.0,0.46583365364330387
train,2012-421,4,139,6,0.0,0.8834595825460095
train,2012-421,4,139,7,1.0,0.5167853843664812
train,2012-421,5,140,0,0.0,0.3131863269927615
train,2012-421,5,140,1,0.0,0.07509988058214867
train,2012-421,5,140,2,0.0,0.34824544594056217
train,2012-421,5,140,3,0.0,0.4381306129646995
train,2012-421,6,141,0,0.0,0.13434186485842975
train,2012-421,6,141,1,1.0,0.5913062485377073
train,2012-421,7,142,0,1.0,0.8194203379759688
train,2012-422,2,143,0,1.0,0.49630649148708594
train,2012-422,2,143,1,1.0,0.5258514846693025
train,2012-422,2,143,2,0.0,0.459629344839623
train,2012-422,2,143,3,0.0,0.5668471293768521
train,2012-422,2,143,4,0.0,0.30620624616616965
train,2012-422,2,143,5,0.0,0.2092391640735836
train,2012-422,2,143,6,0.0,0.5838941861679123
train,2012-422,2,143,7,0.0,0.517905053550824
train,2012-422,2,143,8,0.0,0.3932284217565751
train,2012-422,2,143,9,1.0,0.23809213882197774
train,2012-422,2,143,10,0.0,0.4941011953842621
train,2012-422,2,143,11,0.0,0.593516229646005
train,2012-422,2,143,12,1.0,0.17026987603111027
train,2012-422,2,143,13,1.0,0.6900459089626801
train,2012-422,2,143,14,0.0,0.6555554643508142
train,2012-422,2,143,15,0.0,0.3919425410358159
train,2012-422,2,143,16,0.0,0.4387928537365196
train,2012-422,2,143,17,0.0,0.4957729410371082
train,2012-422,2,143,18,1.0,0.4020963353330367
train,2012-422,2,143,19,1.0,0.6060721798083296
train,2012-422,2,143,20,0.0,0.6600611754991782
train,2012-422,2,143,21,0.0,0.6134807766953366
train,2012-422,2,143,22,0.0,0.706713335001232
train,2012-422,2,143,23,0.0,0.31596372581038135
train,2012-422,3,144,0,1.0,0.905937371489733
train,2012-422,3,144,1,0.0,0.4555197788562999
train,2012-422,3,144,2,1.0,0.8007761207653314
train,2012-422,3,144,3,1.0,0.285879820662417
train,2012-422,3,144,4,1.0,0.8535827540064846
train,2012-422,3,144,5,1.0,0.4109167357940804
train,2012-422,3,144,6,0.0,0.335132809616542
train,2012-422,3,144,7,1.0,0.7184952350891115
train,2012-422,3,144,8,1.0,0.8306224720764426
train,2012-422,3,144,9,0.0,0.4752030923761791
train,2012-422,3,144,10,0.0,0.46242028806801166
train,2012-422,3,144,11,1.0,0.3401425552643852
train,2012-422,3,144,12,1.0,0.39515604429237006
train,2012-422,3,144,13,1.0,0.7551787955291944
train,2012-422,3,144,14,0.0,0.3245094580286829
train,2012-422,3,144,15,1.0,0.9161680632685485
train,2012-422,4,145,0,1.0,0.9072771194085346
train,2012-422,4,145,1,1.0,0.6320530758064945
train,2012-422,4,145,2,0.0,0.8316098160069418
train,2012-422,4,145,3,1.0,0.5648084382812862
train,2012-422,4,145,4,0.0,0.8587854444167917
train,2012-422,4,145,5,1.0,0.7338300043870222
train,2012-422,4,145,6,0.0,0.12178384356292557
train,2012-422,4,145,7,1.0,0.7619362352320207
train,2012-422,5,146,0,1.0,0.8091118007152461
train,2012-422,5,146,1,1.0,0.7672187972507211
train,2012-422,5,146,2,0.0,0.31847390933862363
train,2012-422,5,146,3,0.0,0.15172697142342922
train,2012-422,6,147,0,1.0,0.8420173306538952
train,2012-422,6,147,1,1.0,0.7681797894672595
train,2012-422,7,148,0,0.0,0.5652550429477137
train,2012-5014,2,156,0,1.0,0.7263731856560143
train,2012-5014,2,156,1,0.0,0.44414970343405935
train,2012-5014,2,156,2,0.0,0.19018542542649056
train,2012-5014,2,156,3,0.0,0.7513836877627555
train,2012-5014,2,156,4,0.0,0.16751445395820116
train,2012-5014,2,156,5,1.0,0.5986407970166885
train,2012-5014,2,156,6,1.0,0.6030050423538452
train,2012-5014,2,156,7,0.0,0.46169006547456953
train,2012-5014,2,156,8,1.0,0.8375588094083203
train,2012-5014,2,156,9,1.0,0.5964933601770627
train,2012-5014,2,156,10,0.0,0.4107336941151812
train,2012-5014,2,156,11,1.0,0.6881516242273804
train,2012-5014,2,156,12,1.0,0.5338714020454932
train,2012-5014,2,156,13,0.0,0.6154065419709461
train,2012-5014,2,156,14,1.0,0.4732932223745066
train,2012-5014,2,156,15,1.0,0.700073757129082
train,2012-5014,2,156,16,0.0,0.7865412875178709
train,2012-5014,2,156,17,1.0,0.6920916845541233
train,2012-5014,2,156,18,1.0,0.5402213754766285
train,2012-5014,2,156,19,1.0,0.6069406590838698
train,2012-5014,2,156,20,0.0,0.24069449419854563
train,2012-5014,2,156,21,1.0,0.7580705823640117
train,2012-5014,2,156,22,0.0,0.3466838326071376
train,2012-5014,2,156,23,1.0,0.554762422608439
train,2012-5014,3,157,0,1.0,0.4926619231099411
train,2012-5014,3,157,1,0.0,0.5684431348759729
train,2012-5014,3,157,2,0.0,0.46007156804613347
train,2012-5014,3,157,3,0.0,0.21986005037047213
train,2012-5014,3,157,4,1.0,0.4202725659895878
train,2012-5014,3,157,5,0.0,0.43433718506952
train,2012-5014,3,157,6,0.0,0.1564724065971487
train,2012-5014,3,157,7,1.0,0.614147023076178
train,2012-5014,3,157,8,1.0,0.2978537846122848
train,2012-5014,3,157,9,0.0,0.1016849943053226
train,2012-5014,3,157,10,1.0,0.49926312277969376
train,2012-5014,3,157,11,0.0,0.21269488892577781
train,2012-5014,3,157,12,0.0,0.413782750212196
train,2012-5014,3,157,13,1.0,0.7669464264630808
train,2012-5014,3,157,14,1.0,0.8025268379295778
train,2012-5014,3,157,15,1.0,0.8619540507437112
train,2012-5014,4,158,0,1.0,0.6938219581735733
train,2012-5014,4,158,1,1.0,0.7973466618008522
train,2012-5014,4,158,2,0.0,0.2394588454486563
train,2012-5014,4,158,3,1.0,0.39894280215242034
train,2012-5014,4,158,4,0.0,0.26729914923154535
train,2012-5014,4,158,5,1.0,0.7877308421180114
train,2012-5014,4,158,6,1.0,0.44073682687031407
train,2012-5014,4,158,7,1.0,0.2811786701515966
train,2012-5014,5,159,0,0.0,0.23962808862787263
train,2012-5014,5,159,1,1.0,0.8049089640371597
train,2012-5014,5,159,2,1.0,0.5412764792339865
train,2012-5014,5,159,3,0.0,0.1054654519337661
train,2012-5014,6,160,0,0.0,0.5721365177930491
train,2012-5014,6,160,1,1.0,0.6754898682478028
train,2012-5014,7,161,0,0.0,0.3812628135747645
train,2012-520,1,123,0,1.0,0.8677142542828585
train,2012-520,1,123,1,0.0,0.44720540021881533
train,2012-520,1,123,2,0.0,0.15445336197327736
train,2012-520,1,123,3,0.0,0.2142594758142814
train,2012-520,1,123,4,0.0,0.4633885559709377
train,2012-520,1,123,5,0.0,0.3302510197191644
train,2012-520,1,123,6,0.0,0.7308820680552883
train,2012-520,1,123,7,0.0,0.3565613799734023
train,2012-520,1,123,8,1.0,0.4859763252512023
train,2012-520,1,123,9,1.0,0.20174704449888353
train,2012-520,1,123,10,1.0,0.18290798869097286
train,2012-520,1,123,11,1.0,0.38764130621083226
train,2012-520,1,123,12,1.0,0.20568432483263155
train,2012-520,1,123,13,1.0,0.9313119298567926
train,2012-520,1,123,14,0.0,0.07886431041003732
train,2012-520,1,123,15,0.0,0.2660212476954571
train,2012-520,1,123,16,0.0,0.4493453617325931
train,2012-520,1,123,17,1.0,0.5233316078762116
train,2012-520,1,123,18,1.0,0.8515986335161978
train,2012-520,1,123,19,0.0,0.04954946689508034
train,2012-520,1,123,20,0.0,0.7632293664787803
train,2012-520,1,123,21,0.0,0.20906918174009817
train,2012-520,1,123,22,0.0,0.1502476050639183
train,2012-520,1,123,23,0.0,0.3324974567374664
train,2012-520,1,123,24,1.0,0.3820745483477576
train,2012-520,1,123,25,1.0,0.35377299195540013
train,2012-520,1,123,26,1.0,0.2408783840885832
train,2012-520,1,123,27,0.0,0.4672280916166731
train,2012-520,1,123,28,0.0,0.6624024178724729
train,2012-520,1,123,29,1.0,0.9383615654050399
train,2012-520,1,123,30,0.0,0.36972400828198265
train,2012-520,1,123,31,1.0,0.6242933619932259
train,2012-520,1,123,32,1.0,0.4159710658298303
train,2012-520,1,123,33,1.0,0.8673795454639707
train,2012-520,1,123,34,1.0,0.4830200162291891
train,2012-520,1,123,35,0.0,0.6612897031475735
train,2012-520,1,123,36,1.0,0.6277186899218073
train,2012-520,1,123,37,0.0,0.34299165597043807
train,2012-520,1,123,38,0.0,0.6503971870740329
train,2012-520,1,123,39,1.0,0.3826045065714051
train,2012-520,1,123,40,1.0,0.8460953750078436
train,2012-520,1,123,41,0.0,0.442955610392941
train,2012-520,1,123,42,1.0,0.4787110053814073
train,2012-520,1,123,43,0.0,0.2122748294647361
train,2012-520,1,123,44,1.0,0.6954924835578279
train,2012-520,1,123,45,0.0,0.3814283190827901
train,2012-520,1,123,46,0.0,0.4843379368139097
train,2012-520,1,123,47,1.0,0.6265088472644113
train,2012-520,1,123,48,1.0,0.8078796501021768
train,2012-520,1,123,49,0.0,0.5333144250843653
train,2012-520,1,123,50,1.0,0.8845849048836607
train,2012-520,1,123,51,1.0,0.9415258210364321
train,2012-520,1,123,52,1.0,0.4234696357736059
train,2012-520,1,123,53,1.0,0.49622700525572333
train,2012-520,1,123,54,0.0,0.23367781326898046
train,2012-520,1,123,55,0.0,0.7601229367859131
train,2012-520,1,123,56,1.0,0.6606223263438435
train,2012-520,1,123,57,0.0,0.1577365799602064
train,2012-520,1,123,58,1.0,0.3648521535100172
train,2012-520,1,123,59,1.0,0.6118298206932816
train,2012-520,1,123,60,0.0,0.5228757363785022
train,2012-520,1,123,61,0.0,0.3137078396769674
train,2012-520,1,123,62,1.0,0.5202706512409245
train,2012-520,1,123,63,1.0,0.6282029007450275
train,2012-520,2,124,0,0.0,0.7220452064923926
train,2012-520,2,124,1,0.0,0.5588158127759245
train,2012-520,2,124,2,1.0,0.7706618421437009
train,2012-520,2,124,3,1.0,0.5180890180581826
train,2012-520,2,124,4,0.0,0.2903605574762889
train,2012-520,2,124,5,1.0,0.6428014476633531
train,2012-520,2,124,6,1.0,0.25952480339971645
train,2012-520,2,124,7,1.0,0.7511291696875704
train,2012-520,2,124,8,1.0,0.7332334093748755
train,2012-520,2,124,9,1.0,0.793832766147878
train,2012-520,2,124,10,0.0,0.10154690823043497
train,2012-520,2,124,11,0.0,0.3194123248556291
train,2012-520,2,124,12,0.0,0.474779297217525
train,2012-520,2,124,13,0.0,0.20466325070658675
train,2012-520,2,124,14,1.0,0.6701195199201877
train,2012-520,2,124,15,1.0,0.6541529281454009
train,2012-520,2,124,16,0.0,0.17085945623177748
train,2012-520,2,124,17,1.0,0.6315193040716197
train,2012-520,2,124,18,0.0,0.689735697271184
train,2012-520,2,124,19,0.0,0.3070731017420381
train,2012-520,2,124,20,1.0,0.9578052602850762
train,2012-520,2,124,21,1.0,0.9075320953594505
train,2012-520,2,124,22,1.0,0.3605289703627391
train,2012-520,2,124,23,1.0,0.8181322866398131
train,2012-520,2,124,24,1.0,0.89062462144015
train,2012-520,2,124,25,1.0,0.8420213023110814
train,2012-520,2,124,26,0.0,0.3556376508056717
train,2012-520,2,124,27,0.0,0.0869981197207035
train,2012-520,2,124,28,0.0,0.6957785090365285
train,2012-520,2,124,29,1.0,0.3152097667434556
train,2012-520,2,124,30,1.0,0.93634512883084
train,2012-520,2,124,31,1.0,0.9504914798729094
train,2012-520,3,125,0,1.0,0.28610406892772405
train,2012-520,3,125,1,0.0,0.037036780724811764
train,2012-520,3,125,2,1.0,0.9521743347715855
train,2012-520,3,125,3,1.0,0.7026152352888508
train,2012-520,3,125,4,0.0,0.18395628737414838
train,2012-520,3,125,5,1.0,0.5631801758442774
train,2012-520,3,125,6,1.0,0.8869523642583944
train,2012-520,3,125,7,1.0,0.7438265792613431
train,2012-520,3,125,8,0.0,0.4389105832463991
train,2012-520,3,125,9,0.0,0.20799677066278008
train,2012-520,3,125,10,1.0,0.8311705374011213
train,2012-520,3,125,11,0.0,0.4582517048756587
train,2012-520,3,125,12,0.0,0.0741520868233873
train,2012-520,3,125,13,0.0,0.1782791866233224
train,2012-520,3,125,14,1.0,0.5500389158962578
train,2012-520,3,125,15,1.0,0.2439636080161316
train,2012-520,4,126,0,0.0,0.1124778676455178
train,2012-520,4,126,1,1.0,0.6859619424886384
train,2012-520,4,126,2,0.0,0.22422640147407966
train,2012-520,4,126,3,0.0,0.1464087680067948
train,2012-520,4,126,4,1.0,0.28442489692105055
train,2012-520,4,126,5,0.0,0.04606988431359049
train,2012-520,4,126,6,0.0,0.4069155406382029
train,2012-520,4,126,7,0.0,0.08698621053269906
train,2012-520,5,127,0,1.0,0.8257789587114056
train,2012-520,5,127,1,0.0,0.5869166499073372
train,2012-520,5,127,2,0.0,0.17725323488019634
train,2012-520,5,127,3,0.0,0.23944323297403672
train,2012-520,6,128,0,0.0,0.25722327147968266
train,2012-520,6,128,1,0.0,0.43421190575612534
train,2012-520,7,129,0,1.0,0.5246370820741395
train,2012-540,1,130,0,1.0,0.9053086744012534
train,2012-540,1,130,1,1.0,0.5375441771826203
train,2012-540,1,130,2,0.0,0.5852178046155432
train,2012-540,1,130,3,0.0,0.2571695442031706
train,2012-540,1,130,4,0.0,0.42671173986624217
train,2012-540,1,130,5,1.0,0.2891159272883289
train,2012-540,1,130,6,0.0,0.21631965495181596
train,2012-540,1,130,7,0.0,0.33247207172045906
train,2012-540,1,130,8,1.0,0.6082058305789882
train,2012-540,1,130,9,0.0,0.09632758701971847
train,2012-540,1,130,10,0.0,0.29318246201517567
train,2012-540,1,130,11,0.0,0.27497645199524995
train,2012-540,1,130,12,1.0,0.4062813503651153
train,2012-540,1,130,13,0.0,0.06402806401440717
train,2012-540,1,130,14,0.0,0.8405211896855662
train,2012-540,1,130,15,0.0,0.30190564904231
train,2012-540,1,130,16,0.0,0.6875187319953555
train,2012-540,1,130,17,0.0,0.3096264403803145
train,2012-540,1,130,18,1.0,0.7844819451985467
train,2012-540,1,130,19,0.0,0.688710914244102
train,2012-540,1,130,20,1.0,0.4355436022796707
train,2012-540,1,130,21,0.0,0.18900460634431868
train,2012-540,1,130,22,1.0,0.7287690464486346
train,2012-540,1,130,23,1.0,0.6473523066848565
train,2012-540,1,130,24,0.0,0.7390811807603851
train,2012-540,1,130,25,1.0,0.6449056372427183
train,2012-540,1,130,26,0.0,0.429509994253809
train,2012-540,1,130,27,1.0,0.4410063139835086
train,2012-540,1,130,28,0.0,0.07929742991527725
train,2012-540,1,130,29,0.0,0.6285917961038545
train,2012-540,1,130,30,1.0,0.6462526546776837
train,2012-540,1,130,31,0.0,0.6836380813877321
train,2012-540,1,130,32,1.0,0.5063326261934851
train,2012-540,1,130,33,0.0,0.3950791507359537
train,2012-540,1,130,34,0.0,0.5424549350079946
train,2012-540,1,130,35,0.0,0.2823707069653187
train,2012-540,1,130,36,1.0,0.6802663430471195
train,2012-540,1,130,37,1.0,0.4270065994238687
train,2012-540,1,130,38,0.0,0.7307409062597621
train,2012-540,1,130,39,0.0,0.19293033255882433
train,2012-540,1,130,40,1.0,0.29947474076902675
train,2012-540,1,130,41,1.0,0.49466168749880013
train,2012-540,1,130,42,1.0,0.3134918782374014
train,2012-540,1,130,43,0.0,0.6398527962083276
train,2012-540,1,130,44,1.0,0.658261378591277
train,2012-540,1,130,45,1.0,0.7636873573625771
train,2012-540,1,130,46,0.0,0.16065872164976114
train,2012-540,1,130,47,1.0,0.8138777862953209
train,2012-540,1,130,48,0.0,0.5600663599873115
train,2012-540,1,130,49,1.0,0.5066153191153563
train,2012-540,1,130,50,0.0,0.5365395415894538
train,2012-540,1,130,51,0.0,0.4255996342077372
train,2012-540,1,130,52,0.0,0.4309015679275051
train,2012-540,1,130,53,1.0,0.8834728047708259
train,2012-540,1,130,54,0.0,0.4255761139772494
train,2012-540,1,130,55,0.0,0.2868046802636484
train,2012-540,1,130,56,1.0,0.9224890426447879
train,2012-540,1,130,57,1.0,0.7630463679327028
train,2012-540,1,130,58,1.0,0.8209015178243249
train,2012-540,1,130,59,0.0,0.28641082824396236
train,2012-540,1,130,60,0.0,0.274576223566351
train,2012-540,1,130,61,0.0,0.6360335927012941
train,2012-540,1,130,62,0.0,0.5339076913485179
train,2012-540,1,130,63,0.0,0.6635669323904978
train,2012-540,2,131,0,1.0,0.5400531319671964
train,2012-540,2,131,1,1.0,0.8493015964174819
train,2012-540,2,131,2,0.0,0.29853095297432036
train,2012-540,2,131,3,1.0,0.5626277869357077
train,2012-540,2,131,4,0.0,0.3553706939081294
train,2012-540,2,131,5,0.0,0.7682712004865907
train,2012-540,2,131,6,1.0,0.7804757066963988
train,2012-540,2,131,7,0.0,0.5438291336900467
train,2012-540,2,131,8,1.0,0.8396464232892613
train,2012-540,2,131,9,0.0,0.702573731365663
train,2012-540,2,131,10,0.0,0.11804851441026894
train,2012-540,2,131,11,0.0,0.07065116921353984
train,2012-540,2,131,12,1.0,0.8762413260034003
train,2012-540,2,131,13,1.0,0.834416161315696
train,2012-540,2,131,14,1.0,0.5368414710987259
train,2012-540,2,131,15,1.0,0.5413651011272286
train,2012-540,2,131,16,1.0,0.23632102227143123
train,2012-540,2,131,17,1.0,0.22914240549780313
train,2012-540,2,131,18,0.0,0.32423568571372763
train,2012-540,2,131,19,1.0,0.901828347497828
train,2012-540,2,131,20,1.0,0.23246228093256374
train,2012-540,2,131,21,0.0,0.42819905186472224
train,2012-540,2,131,22,0.0,0.13559494641136274
train,2012-540,2,131,23,0.0,0.12510184554869125
train,2012-540,2,131,24,0.0,0.3240071590963739
train,2012-540,2,131,25,0.0,0.185991388574876
train,2012-540,2,131,26,0.0,0.3866998765884787
train,2012-540,2,131,27,0.0,0.26625044746015963
train,2012-540,2,131,28,0.0,0.16444977276139106
train,2012-540,2,131,29,1.0,0.9357708876863368
train,2012-540,2,131,30,1.0,0.041800921664878844
train,2012-540,2,131,31,1.0,0.8444162487635635
train,2012-540,3,132,0,1.0,0.21615972036505385
train,2012-540,3,132,1,0.0,0.09224647787005127
train,2012-540,3,132,2,1.0,0.7936841206176128
train,2012-540,3,132,3,1.0,0.41029917465641014
train,2012-540,3,132,4,1.0,0.8202991375318452
train,2012-540,3,132,5,0.0,0.1315158838036809
train,2012-540,3,132,6,1.0,0.8580565276619869
train,2012-540,3,132,7,0.0,0.3219447271560098
train,2012-540,3,132,8,0.0,0.259527988659607
train,2012-540,3,132,9,1.0,0.7003087950433238
train,2012-540,3,132,10,0.0,0.5247293261961258
train,2012-540,3,132,11,1.0,0.5224942535695651
train,2012-540,3,132,12,1.0,0.8776460200069766
train,2012-540,3,132,13,0.0,0.20402203118539025
train,2012-540,3,132,14,0.0,0.6006347290874479
train,2012-540,3,132,15,1.0,0.44210681598930834
train,2012-540,4,133,0,0.0,0.15758947520451985
train,2012-540,4,133,1,1.0,0.7198521160861567
train,2012-540,4,133,2,0.0,0.20766847381247872
train,2012-540,4,133,3,0.0,0.2809724746186518
train,2012-540,4,133,4,0.0,0.3403048333214133
train,2012-540,4,133,5,0.0,0.09146672944987724
train,2012-540,4,133,6,1.0,0.31410505072306394
train,2012-540,4,133,7,0.0,0.11348509956677275
train,2012-540,5,134,0,0.0,0.2846286447103616
train,2012-540,5,134,1,0.0,0.43372310572187445
train,2012-540,5,134,2,1.0,0.8604057572072221
train,2012-540,5,134,3,1.0,0.9051540702465205
train,2012-540,6,135,0,1.0,0.6267423611854438
train,2012-540,6,135,1,1.0,0.42849591152941835
train,2012-540,7,136,0,1.0,0.6014687744371262
train,2012-560,1,149,0,0.0,0.05192388799487285
train,2012-560,1,149,1,1.0,0.4277780081291663
train,2012-560,1,149,2,1.0,0.7824783391834448
train,2012-560,1,149,3,0.0,0.4541365260704894
train,2012-560,1,149,4,0.0,0.43800694436012383
train,2012-560,1,149,5,0.0,0.18320652178483898
train,2012-560,1,149,6,0.0,0.48308594714641334
train,2012-560,1,149,7,1.0,0.4919145920340145
train,2012-560,1,149,8,1.0,0.5558439552337145
train,2012-560,1,149,9,1.0,0.37469260134749843
train,2012-560,1,149,10,1.0,0.7465176825099
train,2012-560,1,149,11,1.0,0.7270342659810071
train,2012-560,1,149,12,1.0,0.32788940238439934
train,2012-560,1,149,13,1.0,0.7398784989064446
train,2012-560,1,149,14,0.0,0.10820928330783863
train,2012-560,1,149,15,1.0,0.6628520696764018
train,2012-560,1,149,16,1.0,0.9049769844470403
train,2012-560,1,149,17,0.0,0.4545874595161289
train,2012-560,1,149,18,0.0,0.7920382169559719
train,2012-560,1,149,19,0.0,0.47698163951685246
train,2012-560,1,149,20,0.0,0.43305898051667663
train,2012-560,1,149,21,0.0,0.27722638561409785
train,2012-560,1,149,22,1.0,0.7713518145152918
train,2012-560,1,149,23,1.0,0.25276285087586964
train,2012-560,1,149,24,0.0,0.14998793364926102
train,2012-560,1,149,25,1.0,0.8500545907524529
train,2012-560,1,149,26,1.0,0.867567800157483
train,2012-560,1,149,27,1.0,0.5045510248888921
train,2012-560,1,149,28,1.0,0.6631510977594616
train,2012-560,1,149,29,1.0,0.9280322279715214
train,2012-560,1,149,30,1.0,0.40591861390599
train,2012-560,1,149,31,0.0,0.36736689136077866
train,2012-560,1,149,32,0.0,0.7367779293563012
train,2012-560,1,149,33,1.0,0.8946685185702072
train,2012-560,1,149,34,0.0,0.6980579936767465
train,2012-560,1,149,35,1.0,0.6578688780395824
train,2012-560,1,149,36,0.0,0.21946772718287327
train,2012-560,1,149,37,0.0,0.4097413752573973
train,2012-560,1,149,38,1.0,0.7801309498902242
train,2012-560,1,149,39,0.0,0.24155617543549543
train,2012-560,1,149,40,0.0,0.6368561225054648
train,2012-560,1,149,41,0.0,0.28345146274894784
train,2012-560,1,149,42,0.0,0.12104856208849055
train,2012-560,1,149,43,0.0,0.5311646972383706
train,2012-560,1,149,44,1.0,0.42834773731571585
train,2012-560,1,149,45,0.0,0.5105635326989973
train,2012-560,1,149,46,0.0,0.23360306799703595
train,2012-560,1,149,47,0.0,0.16718211512795347
train,2012-560,1,149,48,1.0,0.5771897415697304
train,2012-560,1,149,49,0.0,0.5995498196148457
train,2012-560,1,149,50,1.0,0.4946602049386932
train,2012-560,1,149,51,0.0,0.6057254271027344
train,2012-560,1,149,52,1.0,0.18885475368767474
train,2012-560,1,149,53,0.0,0.367178933187735
train,2012-560,1,149,54,0.0,0.47313231589933713
train,2012-560,1,149,55,1.0,0.29727647343995367
train,2012-560,1,149,56,0.0,0.31578477707185465
train,2012-560,1,149,57,1.0,0.7413412965941569
train,2012-560,1,149,58,0.0,0.8621833505823168
train,2012-560,1,149,59,0.0,0.5909363847589266
train,2012-560,1,149,60,1.0,0.5563035935792322
train,2012-560,1,149,61,1.0,0.2668658194465603
train,2012-560,1,149,62,1.0,0.5698698336299377
train,2012-560,1,149,63,1.0,0.8133185794058592
train,2012-560,2,150,0,0.0,0.19239285286496494
train,2012-560,2,150,1,0.0,0.2780913563454702
train,2012-560,2,150,2,1.0,0.8883768821708032
train,2012-560,2,150,3,0.0,0.7608945930939548
train,2012-560,2,150,4,1.0,0.586854866873072
train,2012-560,2,150,5,0.0,0.5620186976555214
train,2012-560,2,150,6,1.0,0.7682428241348523
train,2012-560,2,150,7,0.0,0.6197490663834482
train,2012-560,2,150,8,0.0,0.25876800248640014
train,2012-560,2,150,9,1.0,0.5636582615587472
train,2012-560,2,150,10,0.0,0.5025010345280654
train,2012-560,2,150,11,0.0,0.07172367229895445
train,2012-560,2,150,12,1.0,0.8188610853575243
train,2012-560,2,150,13,1.0,0.3622882528149138
train,2012-560,2,150,14,0.0,0.34973397233159714
train,2012-560,2,150,15,1.0,0.7212238869088934
train,2012-560,2,150,16,1.0,0.8298554527193702
train,2012-560,2,150,17,1.0,0.5893465967743902
train,2012-560,2,150,18,0.0,0.5707038545302267
train,2012-560,2,150,19,1.0,0.7228504785166577
train,2012-560,2,150,20,1.0,0.8925199905865486
train,2012-560,2,150,21,0.0,0.08325645869956606
train,2012-560,2,150,22,0.0,0.29476727652151247
train,2012-560,2,150,23,0.0,0.14728941893349703
train,2012-560,2,150,24,1.0,0.7900026888527124
train,2012-560,2,150,25,0.0,0.13065304663906077
train,2012-560,2,150,26,0.0,0.3732225622535701
train,2012-560,2,150,27,1.0,0.8256499623641829
train,2012-560,2,150,28,0.0,0.9102406432032966
train,2012-560,2,150,29,1.0,0.821472442104702
train,2012-560,2,150,30,1.0,0.9426546040152647
train,2012-560,2,150,31,1.0,0.9639509172133419
train,2012-560,3,151,0,0.0,0.13718620436499734
train,2012-560,3,151,1,1.0,0.7932965367381944
train,2012-560,3,151,2,1.0,0.8998917929160852
train,2012-560,3,151,3,1.0,0.6981674050368513
train,2012-560,3,151,4,1.0,0.7118596333999009
train,2012-560,3,151,5,1.0,0.7851238762961228
train,2012-560,3,151,6,0.0,0.11405831590672443
train,2012-560,3,151,7,1.0,0.8189951913100028
train,2012-560,3,151,8,1.0,0.2605783319541114
train,2012-560,3,151,9,0.0,0.2938672238732719
train,2012-560,3,151,10,1.0,0.5524592141598373
train,2012-560,3,151,11,0.0,0.21150610308811202
train,2012-560,3,151,12,1.0,0.8209693857685717
train,2012-560,3,151,13,1.0,0.8825778893917962
train,2012-560,3,151,14,1.0,0.5188778908616669
train,2012-560,3,151,15,1.0,0.5308955808915578
train,2012-560,4,152,0,1.0,0.8080508152671751
train,2012-560,4,152,1,0.0,0.495216397282353
train,2012-560,4,152,2,1.0,0.6722901748201968
train,2012-560,4,152,3,0.0,0.5219172290959542
train,2012-560,4,152,4,0.0,0.15684341539908883
train,2012-560,4,152,5,1.0,0.8709016174273867
train,2012-560,4,152,6,0.0,0.38348590334590826
train,2012-560,4,152,7,1.0,0.8128598232456666
train,2012-560,5,153,0,1.0,0.8387073521494467
train,2012-560,5,153,1,1.0,0.7428941347150807
train,2012-560,5,153,2,0.0,0.23627514480332854
train,2012-560,5,153,3,0.0,0.7086017609131795
train,2012-560,6,154,0,1.0,0.7224605680991151
train,2012-560,6,154,1,0.0,0.400446708218379
train,2012-560,7,155,0,0.0,0.6722551679329882
train,2012-580,1,84,0,1.0,0.7770701969289836
train,2012-580,1,84,1,0.0,0.2372715663880932
train,2012-580,1,84,2,1.0,0.6153523460515609
train,2012-580,1,84,3,0.0,0.4039940983642017
train,2012-580,1,84,4,1.0,0.7285286384572255
train,2012-580,1,84,5,1.0,0.8800360445643859
train,2012-580,1,84,6,0.0,0.15020482389338236
train,2012-580,1,84,7,0.0,0.35189779962926226
train,2012-580,1,84,8,0.0,0.7265802674938915
train,2012-580,1,84,9,0.0,0.36398946790293213
train,2012-580,1,84,10,0.0,0.509948719663493
train,2012-580,1,84,11,0.0,0.46149954763790973
train,2012-580,1,84,12,0.0,0.700489483632087
train,2012-580,1,84,13,1.0,0.9137883786275595
train,2012-580,1,84,14,1.0,0.9127734550372661
train,2012-580,1,84,15,1.0,0.6664601649170535
train,2012-580,1,84,16,0.0,0.34427473459354346
train,2012-580,1,84,17,1.0,0.5694671294790298
train,2012-580,1,84,18,1.0,0.6368864330263192
train,2012-580,1,84,19,0.0,0.6875342960722292
train,2012-580,1,84,20,1.0,0.9708403729690159
train,2012-580,1,84,21,1.0,0.6954555427854966
train,2012-580,1,84,22,0.0,0.1454871171829713
train,2012-580,1,84,23,0.0,0.22602375763773827
train,2012-580,1,84,24,1.0,0.7374004923793755
train,2012-580,1,84,25,1.0,0.6016021156279474
train,2012-580,1,84,26,1.0,0.2558905062872931
train,2012-580,1,84,27,0.0,0.7147325051456579
train,2012-580,1,84,28,0.0,0.2618557299219506
train,2012-580,1,84,29,1.0,0.9533255981199096
train,2012-580,1,84,30,0.0,0.5533871602491991
train,2012-580,1,84,31,1.0,0.48945910720863095
train,2012-580,1,84,32,1.0,0.50001343760829
train,2012-580,1,84,33,0.0,0.15336093302124035
train,2012-580,1,84,34,1.0,0.6908701394645925
train,2012-580,1,84,35,1.0,0.7025630193936573
train,2012-580,1,84,36,1.0,0.22250411059604652
train,2012-580,1,84,37,0.0,0.2536423732733177
train,2012-580,1,84,38,0.0,0.7885110676113083
train,2012-580,1,84,39,0.0,0.1571923797065549
train,2012-580,1,84,40,1.0,0.7715067514081705
train,2012-580,1,84,41,1.0,0.28588480679590267
train,2012-580,1,84,42,0.0,0.4175498688475032
train,2012-580,1,84,43,1.0,0.889022681770895
train,2012-580,1,84,44,0.0,0.23469726451229492
train,2012-580,1,84,45,0.0,0.34717470663970895
train,2012-580,1,84,46,1.0,0.6194736241261973
train,2012-580,1,84,47,0.0,0.0943102555639689
train,2012-580,1,84,48,1.0,0.6140601659214722
train,2012-580,1,84,49,1.0,0.6947496747872314
train,2012-580,1,84,50,0.0,0.21095455215553596
train,2012-580,1,84,51,0.0,0.035057069252530916
train,2012-580,1,84,52,0.0,0.612776495463966
train,2012-580,1,84,53,0.0,0.7041830456152725
train,2012-580,1,84,54,0.0,0.2967711975404131
train,2012-580,1,84,55,0.0,0.3930958261652113
train,2012-580,1,84,56,0.0,0.4341684287462385
train,2012-580,1,84,57,1.0,0.7980898476182665
train,2012-580,1,84,58,0.0,0.21226958003481994
train,2012-580,1,84,59,0.0,0.679540260951775
train,2012-580,1,84,60,1.0,0.16147858640743087
train,2012-580,1,84,61,1.0,0.2798209570375326
train,2012-580,1,84,62,1.0,0.6108373494212819
train,2012-580,1,84,63,1.0,0.6031129390034313
train,2012-580,2,85,0,0.0,0.16306863366172214
train,2012-580,2,85,1,1.0,0.6603873711427708
train,2012-580,2,85,2,0.0,0.6074333514710473
train,2012-580,2,85,3,0.0,0.30429628874642783
train,2012-580,2,85,4,0.0,0.15165123356202456
train,2012-580,2,85,5,1.0,0.48784526540313494
train,2012-580,2,85,6,1.0,0.7785816327414256
train,2012-580,2,85,7,0.0,0.16641544797767885
train,2012-580,2,85,8,0.0,0.3889953842610662
train,2012-580,2,85,9,1.0,0.5406848402632652
train,2012-580,2,85,10,0.0,0.06854569097546148
train,2012-580,2,85,11,1.0,0.7831689928318771
train,2012-580,2,85,12,0.0,0.178974121362917
train,2012-580,2,85,13,1.0,0.8728936528481922
train,2012-580,2,85,14,1.0,0.4393768719540306
train,2012-580,2,85,15,0.0,0.35031023689442736
train,2012-580,2,85,16,1.0,0.30253010567605304
train,2012-580,2,85,17,1.0,0.6804891992516955
train,2012-580,2,85,18,1.0,0.22485543246145134
train,2012-580,2,85,19,1.0,0.6580877304020676
train,2012-580,2,85,20,0.0,0.05787017370389163
train,2012-580,2,85,21,1.0,0.8819860175684291
train,2012-580,2,85,22,0.0,0.39378111625159756
train,2012-580,2,85,23,0.0,0.27555589979569495
train,2012-580,2,85,24,1.0,0.7850264164964451
train,2012-580,2,85,25,1.0,0.2016586177030593
train,2012-580,2,85,26,0.0,0.6176818284998924
train,2012-580,2,85,27,0.0,0.7524835631780525
train,2012-580,2,85,28,0.0,0.5517727409435673
train,2012-580,2,85,29,0.0,0.3652858775436891
train,2012-580,2,85,30,1.0,0.9325749627139992
train,2012-580,2,85,31,1.0,0.9321755072614206
train,2012-580,3,86,0,0.0,0.1742957981797433
train,2012-580,3,86,1,1.0,0.946901027281841
train,2012-580,3,86,2,0.0,0.04824428409805846
train,2012-580,3,86,3,0.0,0.42009123683677935
train,2012-580,3,86,4,0.0,0.6129489968270766
train,2012-580,3,86,5,1.0,0.9071864542802804
train,2012-580,3,86,6,1.0,0.39052074393748565
train,2012-580,3,86,7,1.0,0.7437530937790435
train,2012-580,3,86,8,1.0,0.7576909220116651
train,2012-580,3,86,9,0.0,0.14185626013278255
train,2012-580,3,86,10,1.0,0.35202224307197144
train,2012-580,3,86,11,1.0,0.17914010682296863
train,2012-580,3,86,12,1.0,0.8605463185628983
train,2012-580,3,86,13,1.0,0.8417734295222544
train,2012-580,3,86,14,0.0,0.4153217370989053
train,2012-580,3,86,15,1.0,0.6234989232280213
train,2012-580,4,87,0,0.0,0.1312515395981476
train,2012-580,4,87,1,1.0,0.6435008715229242
train,2012-580,4,87,2,0.0,0.07107464395720622
train,2012-580,4,87,3,1.0,0.5481909415107757
train,2012-580,4,87,4,1.0,0.1454616410958121
train,2012-580,4,87,5,0.0,0.07629040831788683
train,2012-580,4,87,6,0.0,0.258826811594518
train,2012-580,4,87,7,0.0,0.08776074565332774
train,2012-580,5,88,0,1.0,0.7808153219665757
train,2012-580,5,88,1,1.0,0.8157825739376462
train,2012-580,5,88,2,0.0,0.09406144992718969
train,2012-580,5,88,3,1.0,0.7299901316586882
train,2012-580,6,89,0,0.0,0.4400330906615777
train,2012-580,6,89,1,0.0,0.38308087508761524
train,2012-580,7,90,0,0.0,0.5402204655242018
train,2013-1536,2,195,0,1.0,0.5990207345570627
train,2013-1536,2,195,1,0.0,0.3914685126043746
train,2013-1536,2,195,2,1.0,0.9008080823209663
train,2013-1536,2,195,3,1.0,0.5329034856699233
train,2013-1536,2,195,4,0.0,0.2354576346380301
train,2013-1536,2,195,5,1.0,0.28447699865168913
train,2013-1536,2,195,6,1.0,0.7039536734827109
train,2013-1536,2,195,7,0.0,0.3059178468963938
train,2013-1536,2,195,8,1.0,0.7086707499898842
train,2013-1536,2,195,9,0.0,0.6258432310427654
train,2013-1536,2,195,10,0.0,0.2657226258613921
train,2013-1536,2,195,11,1.0,0.29569950655694777
train,2013-1536,2,195,12,0.0,0.32411124631651195
train,2013-1536,2,195,13,0.0,0.28370948305225013
train,2013-1536,2,195,14,0.0,0.1985837588768926
train,2013-1536,2,195,15,0.0,0.45785649316965576
train,2013-1536,2,195,16,0.0,0.4608984316326886
train,2013-1536,2,195,17,0.0,0.6066472244787827
train,2013-1536,2,195,18,0.0,0.3937232994701946
train,2013-1536,2,195,19,1.0,0.3236697347883378
train,2013-1536,2,195,20,0.0,0.517552215411218
train,2013-1536,2,195,21,0.0,0.6194319123570305
train,2013-1536,2,195,22,0.0,0.581118471331488
train,2013-1536,2,195,23,1.0,0.2819996832563755
train,2013-1536,3,196,0,1.0,0.8811378180466057
train,2013-1536,3,196,1,0.0,0.5225452556026544
train,2013-1536,3,196,2,0.0,0.6417022357684814
train,2013-1536,3,196,3,1.0,0.17668143388730298
train,2013-1536,3,196,4,1.0,0.8475866714073093
train,2013-1536,3,196,5,1.0,0.31834124256473295
train,2013-1536,3,196,6,0.0,0.07503602754691507
train,2013-1536,3,196,7,1.0,0.8805065276156775
train,2013-1536,3,196,8,0.0,0.5357150259070315
train,2013-1536,3,196,9,1.0,0.5394948930055633
train,2013-1536,3,196,10,1.0,0.7291659464593513
train,2013-1536,3,196,11,1.0,0.840763408216413
train,2013-1536,3,196,12,0.0,0.3959952706466414
train,2013-1536,3,196,13,1.0,0.7986854458071566
train,2013-1536,3,196,14,0.0,0.9290341325571528
train,2013-1536,3,196,15,0.0,0.16574519444870497
train,2013-1536,4,197,0,1.0,0.7978126179488312
train,2013-1536,4,197,1,0.0,0.31854671109879895
train,2013-1536,4,197,2,1.0,0.772657292029103
train,2013-1536,4,197,3,1.0,0.867206992354192
train,2013-1536,4,197,4,1.0,0.8477486809863441
train,2013-1536,4,197,5,1.0,0.54818476322474
train,2013-1536,4,197,6,0.0,0.8638977279450897
train,2013-1536,4,197,7,0.0,0.25973156041751383
train,2013-1536,5,198,0,0.0,0.5479664712585623
train,2013-1536,5,198,1,0.0,0.629491674929156
train,2013-1536,5,198,2,0.0,0.3408018671566051
train,2013-1536,5,198,3,1.0,0.3707152982578359
train,2013-1536,6,199,0,1.0,0.3940841625322462
train,2013-1536,6,199,1,1.0,0.9081943979020337
train,2013-1536,7,200,0,0.0,0.24516334633544398
train,2013-352,2,246,0,0.0,0.35001207947660956
train,2013-352,2,246,1,0.0,0.4455379436753915
train,2013-352,2,246,2,0.0,0.32745319076152235
train,2013-352,2,246,3,0.0,0.38382715034540527
train,2013-352,2,246,4,0.0,0.6217341271332998
train,2013-352,2,246,5,1.0,0.26925149136329923
train,2013-352,2,246,6,0.0,0.5720416475420832
train,2013-352,2,246,7,1.0,0.6176049412448523
train,2013-352,2,246,8,1.0,0.5226960338036436
train,2013-352,2,246,9,0.0,0.411023774497156
train,2013-352,2,246,10,0.0,0.2172617400328402
train,2013-352,2,246,11,1.0,0.47324630741933144
train,2013-352,2,246,12,1.0,0.28886583005002053
train,2013-352,2,246,13,1.0,0.6008563775581655
train,2013-352,2,246,14,1.0,0.5950531377741268
train,2013-352,2,246,15,1.0,0.24204541386592643
train,2013-352,3,247,0,0.0,0.03454230357451211
train,2013-352,3,247,1,0.0,0.20100255421612226
train,2013-352,3,247,2,1.0,0.7406175159325036
train,2013-352,3,247,3,1.0,0.5769843912264483
train,2013-352,3,247,4,1.0,0.6361079160146594
train,2013-352,3,247,5,1.0,0.44818346320183405
train,2013-352,3,247,6,0.0,0.294309378076341
train,2013-352,3,247,7,0.0,0.18283465263868057
train,2013-352,3,247,8,0.0,0.17600805907632766
train,2013-352,3,247,9,1.0,0.7984994284317742
train,2013-352,3,247,10,0.0,0.26728805633256886
train,2013-352,3,247,11,1.0,0.8785792300054418
train,2013-352,3,247,12,1.0,0.3139809195834376
train,2013-352,3,247,13,0.0,0.5107367515810854
train,2013-352,3,247,14,0.0,0.10967117057784437
train,2013-352,3,247,15,0.0,0.31831753049973166
train,2013-352,4,248,0,0.0,0.07716256380745422
train,2013-352,4,248,1,0.0,0.3235859749563498
train,2013-352,4,248,2,0.0,0.32419700090438774
train,2013-352,4,248,3,1.0,0.8011878869038761
train,2013-352,4,248,4,1.0,0.757397696971512
train,2013-352,4,248,5,1.0,0.8699762572108728
train,2013-352,4,248,6,1.0,0.7127849420272123
train,2013-352,4,248,7,1.0,0.5893693236316463
train,2013-352,5,249,0,1.0,0.750837022509879
train,2013-352,5,249,1,0.0,0.4680365456112097
train,2013-352,5,249,2,0.0,0.283002306680737
train,2013-352,5,249,3,0.0,0.22908998173351225
train,2013-352,6,250,0,1.0,0.3234389780884355
train,2013-352,6,250,1,0.0,0.38089255252235227
train,2013-352,7,251,0,1.0,0.6886735778806474
train,2013-403,1,182,0,0.0,0.36526788457911047
train,2013-403,1,182,1,0.0,0.6918346671867162
train,2013-403,1,182,2,1.0,0.4022671229985042
train,2013-403,1,182,3,1.0,0.6542586497055668
train,2013-403,1,182,4,1.0,0.626247205690927
train,2013-403,1,182,5,0.0,0.48400002671645215
train,2013-403,1,182,6,1.0,0.7734183254226596
train,2013-403,1,182,7,1.0,0.4784097284859282
train,2013-403,1,182,8,1.0,0.6168255624709444
train,2013-403,1,182,9,1.0,0.6613709199477054
train,2013-403,1,182,10,1.0,0.6858454501991541
train,2013-403,1,182,11,1.0,0.5495656144065447
train,2013-403,1,182,12,0.0,0.4744340341210348
train,2013-403,1,182,13,0.0,0.5733533492825535
train,2013-403,1,182,14,1.0,0.5332631992826231
train,2013-403,1,182,15,0.0,0.3065550784668314
train,2013-403,1,182,16,0.0,0.6344167005381597
train,2013-403,1,182,17,1.0,0.6498036871958282
train,2013-403,1,182,18,1.0,0.6333900897907768
train,2013-403,1,182,19,1.0,0.47683426989708866
train,2013-403,1,182,20,1.0,0.6516927892953537
train,2013-403,1,182,21,0.0,0.3721031776256525
train,2013-403,1,182,22,0.0,0.2967108373924051
train,2013-403,1,182,23,1.0,0.6524708412871879
train,2013-403,1,182,24,0.0,0.5622019514066089
train,2013-403,1,182,25,1.0,0.7036596777971835
train,2013-403,1,182,26,0.0,0.4858032060303497
train,2013-403,1,182,27,0.0,0.28416023213307584
train,2013-403,1,182,28,1.0,0.3011061292432512
train,2013-403,1,182,29,1.0,0.7205638905519322
train,2013-403,1,182,30,0.0,0.4537088853959199
train,2013-403,1,182,31,0.0,0.5967493042314072
train,2013-403,2,183,0,1.0,0.874029665289771
train,2013-403,2,183,1,1.0,0.5651412536972792
train,2013-403,2,183,2,1.0,0.7178091832330677
train,2013-403,2,183,3,0.0,0.3946707129796585
train,2013-403,2,183,4,0.0,0.30281472319713343
train,2013-403,2,183,5,0.0,0.34802422844453235
train,2013-403,2,183,6,0.0,0.38205958220987224
train,2013-403,2,183,7,0.0,0.2669359229384765
train,2013-403,2,183,8,0.0,0.13632384572052667
train,2013-403,2,183,9,1.0,0.24063234970857267
train,2013-403,2,183,10,0.0,0.3814375132021033
train,2013-403,2,183,11,1.0,0.7185525341586289
train,2013-403,2,183,12,1.0,0.2118831817284005
train,2013-403,2,183,13,0.0,0.2209683795516017
train,2013-403,2,183,14,0.0,0.19074335499902517
train,2013-403,2,183,15,0.0,0.7716342841738335
train,2013-403,2,183,16,1.0,0.8778533251570847
train,2013-403,2,183,17,0.0,0.6437771043741531
train,2013-403,2,183,18,1.0,0.6510376798429333
train,2013-403,2,183,19,1.0,0.29059996962099316
train,2013-403,2,183,20,1.0,0.6230417298410098
train,2013-403,2,183,21,0.0,0.5561436479436447
train,2013-403,2,183,22,1.0,0.40960951869524076
train,2013-403,2,183,23,0.0,0.09991730067515857
train,2013-403,2,183,24,1.0,0.7170673590064265
train,2013-403,2,183,25,1.0,0.26109550265635484
train,2013-403,2,183,26,0.0,0.23347044246259718
train,2013-403,2,183,27,1.0,0.6543064956517541
train,2013-403,2,183,28,0.0,0.21413263967440993
train,2013-403,2,183,29,0.0,0.385800252270672
train,2013-403,2,183,30,1.0,0.572569949875878
train,2013-403,2,183,31,0.0,0.05850413668586254
train,2013-403,3,184,0,0.0,0.42642225496435177
train,2013-403,3,184,1,0.0,0.15717747429866946
train,2013-403,3,184,2,0.0,0.35087772565224895
train,2013-403,3,184,3,0.0,0.1655392851240764
train,2013-403,3,184,4,0.0,0.6908974499558798
train,2013-403,3,184,5,1.0,0.9377810998895876
train,2013-403,3,184,6,0.0,0.514495700510848
train,2013-403,3,184,7,0.0,0.2702095702294201
train,2013-403,3,184,8,0.0,0.16396183780154508
train,2013-403,3,184,9,0.0,0.10310229678183785
train,2013-403,3,184,10,1.0,0.47605560454722273
train,2013-403,3,184,11,0.0,0.4158470228992883
train,2013-403,3,184,12,0.0,0.17255527865678014
train,2013-403,3,184,13,1.0,0.853060149253841
train,2013-403,3,184,14,1.0,0.5074570430744335
train,2013-403,3,184,15,0.0,0.30318578714385475
train,2013-403,4,185,0,1.0,0.7293620819299504
train,2013-403,4,185,1,0.0,0.15094667809291087
train,2013-403,4,185,2,1.0,0.3221336727360276
train,2013-403,4,185,3,1.0,0.7969775193016787
train,2013-403,4,185,4,0.0,0.4741778974395361
train,2013-403,4,185,5,0.0,0.17889026275427375
train,2013-403,4,185,6,0.0,0.47897932095877466
train,2013-403,4,185,7,0.0,0.9270494843686704
train,2013-403,5,186,0,0.0,0.22455864128179956
train,2013-403,5,186,1,0.0,0.62645200398917
train,2013-403,5,186,2,0.0,0.23562832644108367
train,2013-403,5,186,3,0.0,0.7603709513473755
train,2013-403,6,187,0,0.0,0.3012309635678573
train,2013-403,6,187,1,1.0,0.8655454022104302
train,2013-403,7,188,0,1.0,0.5493830194440426
train,2013-404,1,175,0,0.0,0.3265895077969403
train,2013-404,1,175,1,0.0,0.5158805023067246
train,2013-404,1,175,2,0.0,0.590776512347927
train,2013-404,1,175,3,0.0,0.4798081925860808
train,2013-404,1,175,4,0.0,0.7597692186017705
train,2013-404,1,175,5,0.0,0.7828191149293522
train,2013-404,1,175,6,1.0,0.5969617716227307
train,2013-404,1,175,7,0.0,0.593905974119086
train,2013-404,1,175,8,1.0,0.6791643302936271
train,2013-404,1,175,9,0.0,0.48865348056169694
train,2013-404,1,175,10,0.0,0.5571518664859983
train,2013-404,1,175,11,1.0,0.6101117880941631
train,2013-404,1,175,12,1.0,0.44572504154710196
train,2013-404,1,175,13,1.0,0.4984094837559005
train,2013-404,1,175,14,0.0,0.6740432186503282
train,2013-404,1,175,15,1.0,0.776707781995843
train,2013-404,1,175,16,1.0,0.5633612353235458
train,2013-404,1,175,17,0.0,0.6241780373851263
train,2013-404,1,175,18,0.0,0.35945237460312146
train,2013-404,1,175,19,1.0,0.6280796253004474
train,2013-404,1,175,20,1.0,0.45357660897225394
train,2013-404,1,175,21,0.0,0.3503313723717514
train,2013-404,1,175,22,0.0,0.2328925718299512
train,2013-404,1,175,23,0.0,0.37203953799955597
train,2013-404,1,175,24,1.0,0.6162249642646402
train,2013-404,1,175,25,1.0,0.2745387063710987
train,2013-404,1,175,26,1.0,0.35037127155848324
train,2013-404,1,175,27,0.0,0.43941872145616584
train,2013-404,1,175,28,1.0,0.42944494593378096
train,2013-404,1,175,29,1.0,0.6948755289127753
train,2013-404,1,175,30,0.0,0.3272262131019024
train,2013-404,1,175,31,0.0,0.5327567536820473
train,2013-404,2,176,0,0.0,0.12602971156721895
train,2013-404,2,176,1,1.0,0.8627966311809527
train,2013-404,2,176,2,1.0,0.3771389810687163
train,2013-404,2,176,3,1.0,0.3237486153593598
train,2013-404,2,176,4,1.0,0.30839456108989055
train,2013-404,2,176,5,0.0,0.3034572842996318
train,2013-404,2,176,6,1.0,0.3346496716836812
train,2013-404,2,176,7,0.0,0.12301235783859257
train,2013-404,2,176,8,0.0,0.7939628736781664
train,2013-404,2,176,9,0.0,0.7496072445308901
train,2013-404,2,176,10,1.0,0.2610537225902384
train,2013-404,2,176,11,1.0,0.7767127316855089
train,2013-404,2,176,12,1.0,0.7486925322212639
train,2013-404,2,176,13,1.0,0.29467140194392055
train,2013-404,2,176,14,1.0,0.7209834589064438
train,2013-404,2,176,15,1.0,0.8786662774245609
train,2013-404,2,176,16,0.0,0.6678483365001587
train,2013-404,2,176,17,1.0,0.6327860724333292
train,2013-404,2,176,18,0.0,0.529611285179846
train,2013-404,2,176,19,1.0,0.7858785540161222
train,2013-404,2,176,20,1.0,0.5862953686358437
train,2013-404,2,176,21,1.0,0.30927834509231467
train,2013-404,2,176,22,1.0,0.6589134486475645
train,2013-404,2,176,23,1.0,0.9177515900199883
train,2013-404,2,176,24,0.0,0.1617593368464886
train,2013-404,2,176,25,1.0,0.4425785880293943
train,2013-404,2,176,26,1.0,0.7225340747598147
train,2013-404,2,176,27,0.0,0.18971514178556123
train,2013-404,2,176,28,1.0,0.6142020366521125
train,2013-404,2,176,29,0.0,0.7486713621792108
train,2013-404,2,176,30,1.0,0.8640842206743311
train,2013-404,2,176,31,0.0,0.4813132063492826
train,2013-404,3,177,0,1.0,0.37825164869202543
train,2013-404,3,177,1,1.0,0.8344582887892469
train,2013-404,3,177,2,0.0,0.38221784586318075
train,2013-404,3,177,3,0.0,0.6320443324483959
train,2013-404,3,177,4,1.0,0.679960653191847
train,2013-404,3,177,5,0.0,0.10393657473778148
train,2013-404,3,177,6,1.0,0.21130065252400912
train,2013-404,3,177,7,1.0,0.7450750514783868
train,2013-404,3,177,8,1.0,0.835197800784477
train,2013-404,3,177,9,0.0,0.12327354256745364
train,2013-404,3,177,10,1.0,0.795432396151109
train,2013-404,3,177,11,0.0,0.5600548248246048
train,2013-404,3,177,12,1.0,0.8879309964266292
train,2013-404,3,177,13,0.0,0.37330976823103956
train,2013-404,3,177,14,0.0,0.2324510391908812
train,2013-404,3,177,15,1.0,0.7634245592190325
train,2013-404,4,178,0,1.0,0.6909477540314438
train,2013-404,4,178,1,1.0,0.8624824799387288
train,2013-404,4,178,2,0.0,0.6538555721545788
train,2013-404,4,178,3,1.0,0.6141397267304147
train,2013-404,4,178,4,0.0,0.2855525643322396
train,2013-404,4,178,5,1.0,0.8616367616250166
train,2013-404,4,178,6,0.0,0.24712153682446977
train,2013-404,4,178,7,1.0,0.8501292328046145
train,2013-404,5,179,0,0.0,0.4874832429104178
train,2013-404,5,179,1,0.0,0.23621915331190976
train,2013-404,5,179,2,1.0,0.25636162807966206
train,2013-404,5,179,3,0.0,0.3002171212644227
train,2013-404,6,180,0,1.0,0.6305070434210847
train,2013-404,6,180,1,1.0,0.2059374674611904
train,2013-404,7,181,0,0.0,0.2258573534692133
train,2013-410,2,189,0,0.0,0.6303654629260836
train,2013-410,2,189,1,0.0,0.33614906119193544
train,2013-410,2,189,2,0.0,0.6247984843152834
train,2013-410,2,189,3,1.0,0.748441244904176
train,2013-410,2,189,4,0.0,0.48957274456127303
train,2013-410,2,189,5,1.0,0.6578351407093852
train,2013-410,2,189,6,0.0,0.4244859009097937
train,2013-410,2,189,7,0.0,0.621366833481628
train,2013-410,2,189,8,0.0,0.5385432738516057
train,2013-410,2,189,9,0.0,0.1969445336571386
train,2013-410,2,189,10,1.0,0.7201327200155083
train,2013-410,2,189,11,1.0,0.4451796887464562
train,2013-410,2,189,12,0.0,0.6504531809289316
train,2013-410,2,189,13,0.0,0.19009142920717265
train,2013-410,2,189,14,0.0,0.5772989660246827
train,2013-410,2,189,15,1.0,0.7811510688255607
train,2013-410,2,189,16,1.0,0.8265020623279364
train,2013-410,2,189,17,1.0,0.40065350733615385
train,2013-410,2,189,18,1.0,0.6870354459245822
train,2013-410,2,189,19,1.0,0.2128613426161515
train,2013-410,2,189,20,0.0,0.5781217094899357
train,2013-410,2,189,21,0.0,0.4075447074284049
train,2013-410,2,189,22,1.0,0.13903328700570974
train,2013-410,2,189,23,1.0,0.8369464215547429
train,2013-410,3,190,0,1.0,0.9248313786117343
train,2013-410,3,190,1,0.0,0.20856843276274953
train,2013-410,3,190,2,1.0,0.37562896469483226
train,2013-410,3,190,3,0.0,0.22592514865996607
train,2013-410,3,190,4,0.0,0.1724881001094469
train,2013-410,3,190,5,1.0,0.6878925537057662
train,2013-410,3,190,6,0.0,0.24026802824966276
train,2013-410,3,190,7,0.0,0.7681957789283538
train,2013-410,3,190,8,1.0,0.6101255224821567
train,2013-410,3,190,9,1.0,0.9343307930504433
train,2013-410,3,190,10,0.0,0.3861423728925614
train,2013-410,3,190,11,0.0,0.17572707947790878
train,2013-410,3,190,12,0.0,0.6172584997555789
train,2013-410,3,190,13,0.0,0.42592986529885984
train,2013-410,3,190,14,1.0,0.6338052696679339
train,2013-410,3,190,15,0.0,0.11022547245532975
train,2013-410,4,191,0,1.0,0.8765468987005898
train,2013-410,4,191,1,1.0,0.2596335806818318
train,2013-410,4,191,2,0.0,0.31234603973978936
train,2013-410,4,191,3,0.0,0.36033612947632765
train,2013-410,4,191,4,0.0,0.6476028030443549
train,2013-410,4,191,5,1.0,0.8430500066264413
train,2013-410,4,191,6,1.0,0.28213461117662963
train,2013-410,4,191,7,0.0,0.8144209353312674
train,2013-410,5,192,0,0.0,0.07686322758615087
train,2013-410,5,192,1,0.0,0.760219394425628
train,2013-410,5,192,2,0.0,0.08138885912410272
train,2013-410,5,192,3,1.0,0.5432978338965067
train,2013-410,6,193,0,1.0,0.9034708974547008
train,2013-410,6,193,1,1.0,0.7297735672811752
train,2013-410,7,194,0,1.0,0.5580695107429798
train,2013-416,2,201,0,0.0,0.391154774871951
train,2013-416,2,201,1,1.0,0.8482956175852019
train,2013-416,2,201,2,0.0,0.18141554162928913
train,2013-416,2,201,3,0.0,0.2423984876813745
train,2013-416,2,201,4,0.0,0.5517313197644517
train,2013-416,2,201,5,0.0,0.6109443994810299
train,2013-416,2,201,6,0.0,0.3569523378606545
train,2013-416,2,201,7,0.0,0.4256543438613751
train,2013-416,2,201,8,0.0,0.2890146301538857
train,2013-416,2,201,9,1.0,0.478791304797415
train,2013-416,2,201,10,0.0,0.49599613839601797
train,2013-416,2,201,11,1.0,0.7955168857511459
train,2013-416,2,201,12,0.0,0.6980389522513775
train,2013-416,2,201,13,1.0,0.28397561316343045
train,2013-416,2,201,14,1.0,0.35024868254029823
train,2013-416,2,201,15,1.0,0.8370706405291104
train,2013-416,2,201,16,1.0,0.6149459934136213
train,2013-416,2,201,17,1.0,0.741614076213771
train,2013-416,2,201,18,1.0,0.4160331812928897
train,2013-416,2,201,19,1.0,0.4581984233254062
train,2013-416,2,201,20,1.0,0.4314437514819918
train,2013-416,2,201,21,0.0,0.2717631253653198
train,2013-416,2,201,22,0.0,0.7023346432248128
train,2013-416,2,201,23,0.0,0.5826957926647556
train,2013-416,3,202,0,1.0,0.9191743287018634
train,2013-416,3,202,1,1.0,0.6755651282940094
train,2013-416,3,202,2,0.0,0.1968363644405995
train,2013-416,3,202,3,1.0,0.14300356092702643
train,2013-416,3,202,4,1.0,0.35267980670615573
train,2013-416,3,202,5,0.0,0.5941200522557103
train,2013-416,3,202,6,0.0,0.15718065886971494
train,2013-416,3,202,7,1.0,0.8846142408629191
train,2013-416,3,202,8,0.0,0.6526442687219858
train,2013-416,3,202,9,1.0,0.7170706326819327
train,2013-416,3,202,10,0.0,0.871883687615397
train,2013-416,3,202,11,1.0,0.7352519400166748
train,2013-416,3,202,12,1.0,0.8352607795911565
train,2013-416,3,202,13,0.0,0.6750913177737013
train,2013-416,3,202,14,1.0,0.40773705944146443
train,2013-416,3,202,15,0.0,0.07557680562134869
train,2013-416,4,203,0,1.0,0.8621258077355828
train,2013-416,4,203,1,0.0,0.08711092033003542
train,2013-416,4,203,2,0.0,0.2514791754756071
train,2013-416,4,203,3,1.0,0.22543654757612203
train,2013-416,4,203,4,0.0,0.5148439130255781
train,2013-416,4,203,5,1.0,0.15889315748341704
train,2013-416,4,203,6,1.0,0.7719885665266358
train,2013-416,4,203,7,1.0,0.7597191678594123
train,2013-416,5,204,0,0.0,0.721249399120659
train,2013-416,5,204,1,0.0,0.33165290520844903
train,2013-416,5,204,2,0.0,0.6176011045047006
train,2013-416,5,204,3,0.0,0.0814512032609518
train,2013-416,6,205,0,0.0,0.3251470527891567
train,2013-416,6,205,1,1.0,0.9145922203132444
train,2013-416,7,206,0,0.0,0.4673771581636044
train,2013-421,2,221,0,0.0,0.4250611082511667
train,2013-421,2,221,1,1.0,0.23608872691356225
train,2013-421,2,221,2,1.0,0.26196072428902983
train,2013-421,2,221,3,1.0,0.8157560961838267
train,2013-421,2,221,4,0.0,0.33961283811345594
train,2013-421,2,221,5,1.0,0.37790812499376597
train,2013-421,2,221,6,0.0,0.6790189241863687
train,2013-421,2,221,7,1.0,0.37672252596988376
train,2013-421,2,221,8,1.0,0.6494311879046714
train,2013-421,2,221,9,0.0,0.512054880021948
train,2013-421,2,221,10,1.0,0.29876980408836373
train,2013-421,2,221,11,1.0,0.3742922374172834
train,2013-421,2,221,12,1.0,0.2494957604004169
train,2013-421,2,221,13,0.0,0.4877161341742172
train,2013-421,2,221,14,0.0,0.4703356266662525
train,2013-421,2,221,15,0.0,0.6246280427555153
train,2013-421,2,221,16,0.0,0.4762096709129074
train,2013-421,2,221,17,1.0,0.5613616080649871
train,2013-421,2,221,18,0.0,0.5018184684080416
train,2013-421,2,221,19,1.0,0.35768531883785853
train,2013-421,2,221,20,0.0,0.2549000553893512
train,2013-421,2,221,21,1.0,0.2799471283867344
train,2013-421,2,221,22,1.0,0.30557289077341593
train,2013-421,2,221,23,0.0,0.39344194864713533
train,2013-421,3,222,0,1.0,0.8646515023680782
train,2013-421,3,222,1,0.0,0.574847366851678
train,2013-421,3,222,2,1.0,0.4911291954364987
train,2013-421,3,222,3,0.0,0.24239358931983485
train,2013-421,3,222,4,0.0,0.8727494100478309
train,2013-421,3,222,5,1.0,0.349315400212601
train,2013-421,3,222,6,0.0,0.7222933948583766
train,2013-421,3,222,7,0.0,0.27546889387722
train,2013-421,3,222,8,0.0,0.809422622713382
train,2013-421,3,222,9,1.0,0.5794391765390593
train,2013-421,3,222,10,0.0,0.066965724373203
train,2013-421,3,222,11,0.0,0.1517277625832302
train,2013-421,3,222,12,1.0,0.6381152728687692
train,2013-421,3,222,13,1.0,0.7636933794787356
train,2013-421,3,222,14,1.0,0.5907263554622304
train,2013-421,3,222,15,0.0,0.11251420881133263
train,2013-421,4,223,0,1.0,0.9154031687482811
train,2013-421,4,223,1,0.0,0.3021896558532492
train,2013-421,4,223,2,0.0,0.5638608382491693
train,2013-421,4,223,3,1.0,0.10746783750551198
train,2013-421,4,223,4,1.0,0.6266924659471858
train,2013-421,4,223,5,0.0,0.652529492835162
train,2013-421,4,223,6,1.0,0.12245253237570959
train,2013-421,4,223,7,0.0,0.0823209389942882
train,2013-421,5,224,0,0.0,0.23743823580013754
train,2013-421,5,224,1,0.0,0.07239839087122726
train,2013-421,5,224,2,1.0,0.28623882096964426
train,2013-421,5,224,3,0.0,0.37250698148492917
train,2013-421,6,225,0,0.0,0.558801929746742
train,2013-421,6,225,1,1.0,0.7475514050631207
train,2013-421,7,226,0,0.0,0.1440922211545869
train,2013-422,2,227,0,0.0,0.4865793577032511
train,2013-422,2,227,1,0.0,0.8273476386550543
train,2013-422,2,227,2,1.0,0.7923655881542405
train,2013-422,2,227,3,1.0,0.6871909510823713
train,2013-422,2,227,4,1.0,0.5041263819035195
train,2013-422,2,227,5,1.0,0.3042715873713212
train,2013-422,2,227,6,1.0,0.485215736497679
train,2013-422,2,227,7,0.0,0.5203872327743971
train,2013-422,2,227,8,1.0,0.43739074306078596
train,2013-422,2,227,9,0.0,0.3634487185631442
train,2013-422,2,227,10,1.0,0.6135172159366558
train,2013-422,2,227,11,1.0,0.7051115879969109
train,2013-422,2,227,12,1.0,0.6330217855683888
train,2013-422,2,227,13,1.0,0.46312480164753866
train,2013-422,2,227,14,0.0,0.4807762142522781
train,2013-422,2,227,15,0.0,0.4873215763339691
train,2013-422,2,227,16,0.0,0.26524636283952435
train,2013-422,2,227,17,1.0,0.6195006245699922
train,2013-422,2,227,18,0.0,0.39354435227992274
train,2013-422,2,227,19,1.0,0.4024520041952226
train,2013-422,2,227,20,0.0,0.6793237502484685
train,2013-422,2,227,21,0.0,0.7367761624450084
train,2013-422,2,227,22,1.0,0.40175899315716757
train,2013-422,2,227,23,1.0,0.4632364208353411
train,2013-422,3,228,0,1.0,0.813582995465088
train,2013-422,3,228,1,1.0,0.4819827264742546
train,2013-422,3,228,2,0.0,0.7980505943714372
train,2013-422,3,228,3,0.0,0.16718618052084763
train,2013-422,3,228,4,0.0,0.07191696836473736
train,2013-422,3,228,5,1.0,0.8234457587977332
train,2013-422,3,228,6,0.0,0.48046184619067983
train,2013-422,3,228,7,1.0,0.6880538460192678
train,2013-422,3,228,8,0.0,0.419169648844544
train,2013-422,3,228,9,1.0,0.4547826710351158
train,2013-422,3,228,10,1.0,0.6692581023638252
train,2013-422,3,228,11,0.0,0.13352021937931624
train,2013-422,3,228,12,1.0,0.2625700483708407
train,2013-422,3,228,13,1.0,0.5155683628263908
train,2013-422,3,228,14,0.0,0.612577719863459
train,2013-422,3,228,15,1.0,0.870503602031632
train,2013-422,4,229,0,0.0,0.06364535902182167
train,2013-422,4,229,1,0.0,0.8876319045432037
train,2013-422,4,229,2,0.0,0.34067423805330405
train,2013-422,4,229,3,0.0,0.13497670052960545
train,2013-422,4,229,4,0.0,0.09654698643758904
train,2013-422,4,229,5,0.0,0.16467316554944547
train,2013-422,4,229,6,0.0,0.1523925840455486
train,2013-422,4,229,7,0.0,0.5482161098866112
train,2013-422,5,230,0,1.0,0.8062591292577932
train,2013-422,5,230,1,1.0,0.5491156501045482
train,2013-422,5,230,2,0.0,0.6151312718857931
train,2013-422,5,230,3,1.0,0.12160785327616727
train,2013-422,6,231,0,1.0,0.34454635107331477
train,2013-422,6,231,1,1.0,0.6985423141822134
train,2013-422,7,232,0,0.0,0.13976734643424593
train,2013-5014,2,240,0,0.0,0.7602473661753909
train,2013-5014,2,240,1,1.0,0.3084589951477132
train,2013-5014,2,240,2,0.0,0.33737149250774234
train,2013-5014,2,240,3,1.0,0.5409654421973077
train,2013-5014,2,240,4,1.0,0.16738618528983537
train,2013-5014,2,240,5,1.0,0.653913070611454
train,2013-5014,2,240,6,1.0,0.3600625074012579
train,2013-5014,2,240,7,1.0,0.802153641218149
train,2013-5014,2,240,8,1.0,0.6362690291876633
train,2013-5014,2,240,9,1.0,0.6071641207254871
train,2013-5014,2,240,10,1.0,0.40223700827921016
train,2013-5014,2,240,11,0.0,0.166175970777147
train,2013-5014,2,240,12,1.0,0.6935946381979896
train,2013-5014,2,240,13,0.0,0.47223390095171996
train,2013-5014,2,240,14,0.0,0.5937966976497071
train,2013-5014,2,240,15,1.0,0.7397782866541908
train,2013-5014,2,240,16,0.0,0.3425842692169018
train,2013-5014,2,240,17,1.0,0.8161486214386282
train,2013-5014,2,240,18,1.0,0.5406216330286866
train,2013-5014,2,240,19,0.0,0.2968645120273025
train,2013-5014,2,240,20,0.0,0.38829266000854906
train,2013-5014,2,240,21,0.0,0.49961357305926213
train,2013-5014,2,240,22,1.0,0.7986808392976052
train,2013-5014,2,240,23,0.0,0.18033758076440576
train,2013-5014,3,241,0,1.0,0.7733377546914675
train,2013-5014,3,241,1,1.0,0.3369920540100692
train,2013-5014,3,241,2,1.0,0.5338558386459055
train,2013-5014,3,241,3,0.0,0.3309788765658387
train,2013-5014,3,241,4,1.0,0.6284868989177627
train,2013-5014,3,241,5,0.0,0.30752850587463476
train,2013-5014,3,241,6,0.0,0.30234014384730623
train,2013-5014,3,241,7,0.0,0.23314988203480255
train,2013-5014,3,241,8,0.0,0.4310948158021324
train,2013-5014,3,241,9,0.0,0.25852818177438336
train,2013-5014,3,241,10,1.0,0.6411603346402325
train,2013-5014,3,241,11,1.0,0.8575144373229143
train,2013-5014,3,241,12,0.0,0.38405831695223647
train,2013-5014,3,241,13,1.0,0.8050637743996152
train,2013-5014,3,241,14,1.0,0.855672456138398
train,2013-5014,3,241,15,1.0,0.5713809563597574
train,2013-5014,4,242,0,1.0,0.8541756005836322
train,2013-5014,4,242,1,1.0,0.161061372629344
train,2013-5014,4,242,2,1.0,0.668854933084154
train,2013-5014,4,242,3,0.0,0.3095182356034842
train,2013-5014,4,242,4,1.0,0.35557704349082886
train,2013-5014,4,242,5,0.0,0.3664391763588658
train,2013-5014,4,242,6,0.0,0.12913193038585666
train,2013-5014,4,242,7,1.0,0.24230887645891525
train,2013-5014,5,243,0,0.0,0.13229083615378956
train,2013-5014,5,243,1,0.0,0.3008794420608631
train,2013-5014,5,243,2,0.0,0.46945341173899585
train,2013-5014,5,243,3,1.0,0.684050674655178
train,2013-5014,6,244,0,1.0,0.7034913345520288
train,2013-5014,6,244,1,1.0,0.29011528242537643
train,2013-5014,7,245,0,0.0,0.2582100757787596
train,2013-520,1,207,0,0.0,0.03860670738351445
train,2013-520,1,207,1,1.0,0.5600822156590107
train,2013-520,1,207,2,0.0,0.5277270136452548
train,2013-520,1,207,3,1.0,0.7057502349684547
train,2013-520,1,207,4,1.0,0.5345800161329691
train,2013-520,1,207,5,1.0,0.8471232230073781
train,2013-520,1,207,6,1.0,0.7520129361540443
train,2013-520,1,207,7,1.0,0.3433832485886679
train,2013-520,1,207,8,0.0,0.2752273998799365
train,2013-520,1,207,9,0.0,0.6249943779810473
train,2013-520,1,207,10,0.0,0.2380971368786293
train,2013-520,1,207,11,1.0,0.5401766988816028
train,2013-520,1,207,12,1.0,0.4748133381428054
train,2013-520,1,207,13,1.0,0.9448089597944784
train,2013-520,1,207,14,0.0,0.2055465740227658
train,2013-520,1,207,15,1.0,0.3760002555402687
train,2013-520,1,207,16,0.0,0.16330452487534566
train,2013-520,1,207,17,0.0,0.3809290508054569
train,2013-520,1,207,18,0.0,0.3369516251643137
train,2013-520,1,207,19,0.0,0.3194934979893931
train,2013-520,1,207,20,1.0,0.2924159448337512
train,2013-520,1,207,21,0.0,0.3223903426530386
train,2013-520,1,207,22,0.0,0.13121789949844487
train,2013-520,1,207,23,0.0,0.324943703062606
train,2013-520,1,207,24,0.0,0.6110972490202425
train,2013-520,1,207,25,0.0,0.7745049488215281
train,2013-520,1,207,26,0.0,0.4548506377109643
train,2013-520,1,207,27,1.0,0.46985141425914695
train,2013-520,1,207,28,0.0,0.7138813242141097
train,2013-520,1,207,29,0.0,0.05400086539115362
train,2013-520,1,207,30,1.0,0.46958862901571796
train,2013-520,1,207,31,0.0,0.31747265827881
train,2013-520,1,207,32,1.0,0.6640961885815951
train,2013-520,1,207,33,0.0,0.17544878724531507
train,2013-520,1,207,34,1.0,0.49987163643920024
train,2013-520,1,207,35,1.0,0.7176347425785097
train,2013-520,1,207,36,0.0,0.30391587802981357
train,2013-520,1,207,37,1.0,0.5363283121462743
train,2013-520,1,207,38,1.0,0.4014380111063983
train,2013-520,1,207,39,1.0,0.8122937778572022
train,2013-520,1,207,40,1.0,0.17941649950165153
train,2013-520,1,207,41,0.0,0.31044248242939804
train,2013-520,1,207,42,0.0,0.7012850182428438
train,2013-520,1,207,43,1.0,0.6556292483692975
train,2013-520,1,207,44,0.0,0.6211726990100043
train,2013-520,1,207,45,1.0,0.5884339143617263
train,2013-520,1,207,46,0.0,0.08915135541915478
train,2013-520,1,207,47,1.0,0.8946776004375292
train,2013-520,1,207,48,1.0,0.7459708619096439
train,2013-520,1,207,49,1.0,0.3973200219099163
train,2013-520,1,207,50,0.0,0.8189402658918655
train,2013-520,1,207,51,0.0,0.2943583503867057
train,2013-520,1,207,52,1.0,0.7180313423997252
train,2013-520,1,207,53,0.0,0.7965724813359222
train,2013-520,1,207,54,0.0,0.34080403724828656
train,2013-520,1,207,55,1.0,0.6502594372723838
train,2013-520,1,207,56,0.0,0.30561471427089454
train,2013-520,1,207,57,0.0,0.13666288855999845
train,2013-520,1,207,58,1.0,0.6125669347390086
train,2013-520,1,207,59,0.0,0.26577019648579653
train,2013-520,1,207,60,1.0,0.6113053723313926
train,2013-520,1,207,61,0.0,0.20530120188196413
train,2013-520,1,207,62,1.0,0.5800622362698573
train,2013-520,1,207,63,0.0,0.3130747747619607
train,2013-520,2,208,0,1.0,0.680760759402605
train,2013-520,2,208,1,0.0,0.1768754901355163
train,2013-520,2,208,2,0.0,0.47571436568921704
train,2013-520,2,208,3,1.0,0.8123993298337489
train,2013-520,2,208,4,0.0,0.19307274740782024
train,2013-520,2,208,5,0.0,0.13235710257282332
train,2013-520,2,208,6,0.0,0.12960567359675892
train,2013-520,2,208,7,1.0,0.7396405305763145
train,2013-520,2,208,8,0.0,0.31174304237082506
train,2013-520,2,208,9,1.0,0.8701931226351305
train,2013-520,2,208,10,1.0,0.7732163601722951
train,2013-520,2,208,11,0.0,0.3376394114496421
train,2013-520,2,208,12,0.0,0.17665446647664368
train,2013-520,2,208,13,0.0,0.38305623093879504
train,2013-520,2,208,14,1.0,0.6811643056951106
train,2013-520,2,208,15,0.0,0.4225305959794964
train,2013-520,2,208,16,0.0,0.5338571190948278
train,2013-520,2,208,17,1.0,0.8734440159223206
train,2013-520,2,208,18,0.0,0.22726200499407254
train,2013-520,2,208,19,1.0,0.4886483378251179
train,2013-520,2,208,20,1.0,0.6761879004331887
train,2013-520,2,208,21,0.0,0.06049594831141307
train,2013-520,2,208,22,0.0,0.40130447811993253
train,2013-520,2,208,23,1.0,0.6610992421919228
train,2013-520,2,208,24,1.0,0.7117916215445462
train,2013-520,2,208,25,1.0,0.6683750141968494
train,2013-520,2,208,26,0.0,0.4470315659556851
train,2013-520,2,208,27,1.0,0.767059967396464
train,2013-520,2,208,28,0.0,0.09440300576731896
train,2013-520,2,208,29,0.0,0.07476626002216391
train,2013-520,2,208,30,1.0,0.9626053910014075
train,2013-520,2,208,31,0.0,0.18948608278907353
train,2013-520,3,209,0,0.0,0.1943511706747393
train,2013-520,3,209,1,0.0,0.2563568569214354
train,2013-520,3,209,2,1.0,0.8807369506583673
train,2013-520,3,209,3,1.0,0.7205669185176613
train,2013-520,3,209,4,1.0,0.4003269081196232
train,2013-520,3,209,5,0.0,0.21298369229299421
train,2013-520,3,209,6,0.0,0.4526689983326531
train,2013-520,3,209,7,1.0,0.7085917199796994
train,2013-520,3,209,8,1.0,0.36116463099883966
train,2013-520,3,209,9,0.0,0.23026715788803215
train,2013-520,3,209,10,1.0,0.8336294369677439
train,2013-520,3,209,11,1.0,0.6962332768253894
train,2013-520,3,209,12,0.0,0.10542130290622573
train,2013-520,3,209,13,1.0,0.32271738872892114
train,2013-520,3,209,14,1.0,0.3842660312110589
train,2013-520,3,209,15,1.0,0.9259464687303991
train,2013-520,4,210,0,1.0,0.7666062599524366
train,2013-520,4,210,1,0.0,0.254351832736333
train,2013-520,4,210,2,0.0,0.21546830356566202
train,2013-520,4,210,3,0.0,0.7740397388244776
train,2013-520,4,210,4,1.0,0.4666455441480182
train,2013-520,4,210,5,0.0,0.12940260831576772
train,2013-520,4,210,6,1.0,0.38341112569135494
train,2013-520,4,210,7,0.0,0.13161247903814355
train,2013-520,5,211,0,1.0,0.2823720193139752
train,2013-520,5,211,1,0.0,0.12923113609866774
train,2013-520,5,211,2,1.0,0.767785791368625
train,2013-520,5,211,3,1.0,0.9187396651490194
train,2013-520,6,212,0,1.0,0.5952628911179042
train,2013-520,6,212,1,1.0,0.4411832738701162
train,2013-520,7,213,0,1.0,0.6688130415584069
train,2013-540,1,214,0,0.0,0.09233343111946865
train,2013-540,1,214,1,0.0,0.36475478560793084
train,2013-540,1,214,2,1.0,0.5751251917754711
train,2013-540,1,214,3,0.0,0.3853783175949863
train,2013-540,1,214,4,0.0,0.337034901134603
train,2013-540,1,214,5,0.0,0.2681992047619705
train,2013-540,1,214,6,0.0,0.7110824062957882
train,2013-540,1,214,7,0.0,0.48709352006382195
train,2013-540,1,214,8,0.0,0.38747220134022853
train,2013-540,1,214,9,0.0,0.325241224308801
train,2013-540,1,214,10,0.0,0.13538485621736784
train,2013-540,1,214,11,1.0,0.6420519964425648
train,2013-540,1,214,12,1.0,0.547312882162167
train,2013-540,1,214,13,1.0,0.9405906448413358
train,2013-540,1,214,14,0.0,0.11807818553346623
train,2013-540,1,214,15,1.0,0.6638815202584339
train,2013-540,1,214,16,0.0,0.6301842859515859
train,2013-540,1,214,17,0.0,0.2694876386528548
train,2013-540,1,214,18,0.0,0.5849111618762627
train,2013-540,1,214,19,1.0,0.5613013330203536
train,2013-540,1,214,20,0.0,0.20147116676723467
train,2013-540,1,214,21,0.0,0.33931695088420233
train,2013-540,1,214,22,1.0,0.48963584088803597
train,2013-540,1,214,23,0.0,0.42427294126610726
train,2013-540,1,214,24,1.0,0.29089983732191543
train,2013-540,1,214,25,0.0,0.38828568568577626
train,2013-540,1,214,26,0.0,0.6933079079874225
train,2013-540,1,214,27,1.0,0.4727848432849331
train,2013-540,1,214,28,1.0,0.8981973711500205
train,2013-540,1,214,29,1.0,0.7316341839430128
train,2013-540,1,214,30,1.0,0.31287416504572313
train,2013-540,1,214,31,0.0,0.560300639553788
train,2013-540,1,214,32,1.0,0.5645828365252327
train,2013-540,1,214,33,1.0,0.7799073966257641
train,2013-540,1,214,34,0.0,0.458773322967068
train,2013-540,1,214,35,0.0,0.4059511531493323
train,2013-540,1,214,36,0.0,0.3223443638612495
train,2013-540,1,214,37,0.0,0.44859093541377354
train,2013-540,1,214,38,1.0,0.3247607591619295
train,2013-540,1,214,39,0.0,0.6589199491720613
train,2013-540,1,214,40,1.0,0.6802319023157996
train,2013-540,1,214,41,0.0,0.6459728928055711
train,2013-540,1,214,42,0.0,0.14614752187107558
train,2013-540,1,214,43,0.0,0.3374072466326872
train,2013-540,1,214,44,0.0,0.30862882584022766
train,2013-540,1,214,45,0.0,0.37786290136661344
train,2013-540,1,214,46,1.0,0.8679209821473316
train,2013-540,1,214,47,0.0,0.07689709942065864
train,2013-540,1,214,48,0.0,0.6316001706813487
train,2013-540,1,214,49,0.0,0.6715055617129216
train,2013-540,1,214,50,1.0,0.5552056711283685
train,2013-540,1,214,51,1.0,0.7028457339677048
train,2013-540,1,214,52,0.0,0.69936772325397
train,2013-540,1,214,53,1.0,0.6853977683375954
train,2013-540,1,214,54,1.0,0.7855841995186894
train,2013-540,1,214,55,1.0,0.27279818099391867
train,2013-540,1,214,56,0.0,0.8370475096798882
train,2013-540,1,214,57,1.0,0.3762381132866095
train,2013-540,1,214,58,1.0,0.4391456843856028
train,2013-540,1,214,59,1.0,0.821730381121407
train,2013-540,1,214,60,0.0,0.9451770226620722
train,2013-540,1,214,61,0.0,0.2599465330216659
train,2013-540,1,214,62,1.0,0.5667738061864871
train,2013-540,1,214,63,1.0,0.8688982327037985
train,2013-540,2,215,0,0.0,0.7136762541764864
train,2013-540,2,215,1,1.0,0.33120664084529594
train,2013-540,2,215,2,0.0,0.16406918019291014
train,2013-540,2,215,3,1.0,0.34627223485140285
train,2013-540,2,215,4,0.0,0.188968165039129
train,2013-540,2,215,5,1.0,0.6433541874697977
train,2013-540,2,215,6,0.0,0.8293462249839891
train,2013-540,2,215,7,1.0,0.8171803857301286
train,2013-540,2,215,8,0.0,0.8533975636334594
train,2013-540,2,215,9,0.0,0.309498635691112
train,2013-540,2,215,10,0.0,0.20795359277111772
train,2013-540,2,215,11,1.0,0.08937128322217924
train,2013-540,2,215,12,1.0,0.5969658057545276
train,2013-540,2,215,13,0.0,0.772668860825984
train,2013-540,2,215,14,0.0,0.6630286328098614
train,2013-540,2,215,15,1.0,0.46426996823583916
train,2013-540,2,215,16,1.0,0.7308134904683735
train,2013-540,2,215,17,1.0,0.6960109573948281
train,2013-540,2,215,18,0.0,0.22286882666947283
train,2013-540,2,215,19,0.0,0.29628612349557776
train,2013-540,2,215,20,0.0,0.08449523795286497
train,2013-540,2,215,21,0.0,0.09845988253473634
train,2013-540,2,215,22,1.0,0.8303761192406258
train,2013-540,2,215,23,1.0,0.6017487722131087
train,2013-540,2,215,24,1.0,0.8824372805481139
train,2013-540,2,215,25,0.0,0.23210126589685875
train,2013-540,2,215,26,1.0,0.7126071553426779
train,2013-540,2,215,27,1.0,0.7979407115908973
train,2013-540,2,215,28,1.0,0.8249067631239041
train,2013-540,2,215,29,1.0,0.5770365467491977
train,2013-540,2,215,30,0.0,0.037999727558288614
train,2013-540,2,215,31,1.0,0.8865742560595655
train,2013-540,3,216,0,1.0,0.6511950096349469
train,2013-540,3,216,1,0.0,0.09215083713168509
train,2013-540,3,216,2,1.0,0.8874751148452215
train,2013-540,3,216,3,1.0,0.47124557650579835
train,2013-540,3,216,4,1.0,0.18358254743472446
train,2013-540,3,216,5,0.0,0.2948798302397191
train,2013-540,3,216,6,1.0,0.6542408711737878
train,2013-540,3,216,7,0.0,0.7941990274828287
train,2013-540,3,216,8,0.0,0.3628438030578261
train,2013-540,3,216,9,0.0,0.5031763861456039
train,2013-540,3,216,10,1.0,0.8285787662208906
train,2013-540,3,216,11,0.0,0.6113157660216421
train,2013-540,3,216,12,1.0,0.7757365729476443
train,2013-540,3,216,13,1.0,0.7514392942388443
train,2013-540,3,216,14,0.0,0.8075034621870808
train,2013-540,3,216,15,1.0,0.39991139622405836
train,2013-540,4,217,0,1.0,0.8309161679707514
train,2013-540,4,217,1,1.0,0.8408513870088891
train,2013-540,4,217,2,1.0,0.30226324509154184
train,2013-540,4,217,3,1.0,0.5670878382049649
train,2013-540,4,217,4,0.0,0.2968699079696632
train,2013-540,4,217,5,0.0,0.12812977599686728
train,2013-540,4,217,6,1.0,0.9114913156240265
train,2013-540,4,217,7,0.0,0.16921255083867995
train,2013-540,5,218,0,1.0,0.7894678059304964
train,2013-540,5,218,1,1.0,0.4672468326320367
train,2013-540,5,218,2,1.0,0.2863521098012565
train,2013-540,5,218,3,1.0,0.7415632966819815
train,2013-540,6,219,0,1.0,0.9017644024866046
train,2013-540,6,219,1,1.0,0.8293929821107422
train,2013-540,7,220,0,1.0,0.34892234561953134
train,2013-560,1,233,0,1.0,0.28642520891158957
train,2013-560,1,233,1,0.0,0.6323240895833894
train,2013-560,1,233,2,0.0,0.21775903109993147
train,2013-560,1,233,3,0.0,0.32463633538700454
train,2013-560,1,233,4,1.0,0.48726258486431623
train,2013-560,1,233,5,0.0,0.2531319819150761
train,2013-560,1,233,6,0.0,0.7502909531677839
train,2013-560,1,233,7,1.0,0.6425471657182715
train,2013-560,1,233,8,0.0,0.4804970435106285
train,2013-560,1,233,9,1.0,0.6114913284452114
train,2013-560,1,233,10,0.0,0.5529642859158717
train,2013-560,1,233,11,1.0,0.5007323153617357
train,2013-560,1,233,12,0.0,0.49736409041617535
train,2013-560,1,233,13,0.0,0.14278390139438282
train,2013-560,1,233,14,1.0,0.7797707810833457
train,2013-560,1,233,15,0.0,0.22833211913146562
train,2013-560,1,233,16,1.0,0.5962577308246932
train,2013-560,1,233,17,0.0,0.0747544759828715
train,2013-560,1,233,18,0.0,0.28125149053248866
train,2013-560,1,233,19,1.0,0.7438492935829387
train,2013-560,1,233,20,1.0,0.5477403533761386
train,2013-560,1,233,21,0.0,0.30548131188727734
train,2013-560,1,233,22,1.0,0.22693849024313822
train,2013-560,1,233,23,0.0,0.24139040486486327
train,2013-560,1,233,24,0.0,0.4420624486632864
train,2013-560,1,233,25,0.0,0.5208553548767169
train,2013-560,1,233,26,1.0,0.25396942332473144
train,2013-560,1,233,27,0.0,0.45752005831231013
train,2013-560,1,233,28,0.0,0.49922751640399693
train,2013-560,1,233,29,1.0,0.9514467435288944
train,2013-560,1,233,30,1.0,0.34428742213983105
train,2013-560,1,233,31,1.0,0.5903246741063878
train,2013-560,1,233,32,1.0,0.20642732566116212
train,2013-560,1,233,33,0.0,0.1085325917354681
train,2013-560,1,233,34,1.0,0.7902711840959453
train,2013-560,1,233,35,0.0,0.7096126622068978
train,2013-560,1,233,36,1.0,0.862755694271116
train,2013-560,1,233,37,1.0,0.4072403670222839
train,2013-560,1,233,38,1.0,0.7553619059357374
train,2013-560,1,233,39,0.0,0.2332476905728904
train,2013-560,1,233,40,0.0,0.8607714751833031
train,2013-560,1,233,41,1.0,0.6091661969706688
train,2013-560,1,233,42,0.0,0.6460966790335978
train,2013-560,1,233,43,1.0,0.5956752809059784
train,2013-560,1,233,44,1.0,0.7620726371618372
train,2013-560,1,233,45,1.0,0.5903199820012434
train,2013-560,1,233,46,0.0,0.5130021173308408
train,2013-560,1,233,47,0.0,0.0727238897064824
train,2013-560,1,233,48,0.0,0.06244632197959695
train,2013-560,1,233,49,1.0,0.32083925749511777
train,2013-560,1,233,50,1.0,0.7277191652607047
train,2013-560,1,233,51,0.0,0.14847304527155433
train,2013-560,1,233,52,1.0,0.5656205273909797
train,2013-560,1,233,53,0.0,0.6206920063987548
train,2013-560,1,233,54,0.0,0.6916762796680025
train,2013-560,1,233,55,1.0,0.8711115236438257
train,2013-560,1,233,56,0.0,0.3293295883491877
train,2013-560,1,233,57,0.0,0.5689014152685287
train,2013-560,1,233,58,1.0,0.7396698483847479
train,2013-560,1,233,59,0.0,0.34022548831822924
train,2013-560,1,233,60,0.0,0.3569988130790248
train,2013-560,1,233,61,1.0,0.6169135344981587
train,2013-560,1,233,62,0.0,0.1351309295609154
train,2013-560,1,233,63,1.0,0.6051380632073772
train,2013-560,2,234,0,0.0,0.17342644079234362
train,2013-560,2,234,1,0.0,0.17181392299105516
train,2013-560,2,234,2,0.0,0.31984496072614504
train,2013-560,2,234,3,1.0,0.55506956347222
train,2013-560,2,234,4,0.0,0.36794835375852797
train,2013-560,2,234,5,1.0,0.6226761861303904
train,2013-560,2,234,6,1.0,0.910205373389228
train,2013-560,2,234,7,1.0,0.3321631565913308
train,2013-560,2,234,8,0.0,0.31573037267536025
train,2013-560,2,234,9,1.0,0.21541572217132296
train,2013-560,2,234,10,1.0,0.9107664987872173
train,2013-560,2,234,11,0.0,0.4453363212725395
train,2013-560,2,234,12,1.0,0.6012477535302695
train,2013-560,2,234,13,1.0,0.9164902082016968
train,2013-560,2,234,14,1.0,0.5215228723895639
train,2013-560,2,234,15,1.0,0.34567098530816576
train,2013-560,2,234,16,0.0,0.16597060520822737
train,2013-560,2,234,17,1.0,0.6174952643232724
train,2013-560,2,234,18,1.0,0.6915335237436029
train,2013-560,2,234,19,0.0,0.29213034350505257
train,2013-560,2,234,20,0.0,0.09007291663184934
train,2013-560,2,234,21,0.0,0.8151180091757783
train,2013-560,2,234,22,0.0,0.2500837949896698
train,2013-560,2,234,23,0.0,0.5484551393718055
train,2013-560,2,234,24,1.0,0.623842308349855
train,2013-560,2,234,25,0.0,0.2389720289453495
train,2013-560,2,234,26,0.0,0.6550056528213218
train,2013-560,2,234,27,1.0,0.9015556282498945
train,2013-560,2,234,28,1.0,0.39132615961924383
train,2013-560,2,234,29,1.0,0.2760784243616797
train,2013-560,2,234,30,0.0,0.04284848729777932
train,2013-560,2,234,31,0.0,0.0600604433371405
train,2013-560,3,235,0,0.0,0.1508682230215123
train,2013-560,3,235,1,1.0,0.9601390626674223
train,2013-560,3,235,2,1.0,0.9180400509524065
train,2013-560,3,235,3,1.0,0.5006858765104689
train,2013-560,3,235,4,0.0,0.2479420312072776
train,2013-560,3,235,5,0.0,0.07994684188765087
train,2013-560,3,235,6,0.0,0.10902540386847222
train,2013-560,3,235,7,0.0,0.441865781584797
train,2013-560,3,235,8,0.0,0.14643204914917732
train,2013-560,3,235,9,0.0,0.18616819389026928
train,2013-560,3,235,10,1.0,0.7886134299344731
train,2013-560,3,235,11,1.0,0.4008436474707725
train,2013-560,3,235,12,1.0,0.8363875213284234
train,2013-560,3,235,13,1.0,0.6341689636978165
train,2013-560,3,235,14,1.0,0.5808618728342195
train,2013-560,3,235,15,1.0,0.7298001703161597
train,2013-560,4,236,0,0.0,0.13749568827830524
train,2013-560,4,236,1,1.0,0.10316910631722853
train,2013-560,4,236,2,0.0,0.2953713586177012
train,2013-560,4,236,3,0.0,0.3036466096925507
train,2013-560,4,236,4,0.0,0.6043159170348068
train,2013-560,4,236,5,0.0,0.12153419022667544
train,2013-560,4,236,6,1.0,0.7211035894542316
train,2013-560,4,236,7,0.0,0.09341960076092698
train,2013-560,5,237,0,1.0,0.9147857845501219
train,2013-560,5,237,1,0.0,0.6111333205445499
train,2013-560,5,237,2,1.0,0.3083107751933512
train,2013-560,5,237,3,1.0,0.873776107056805
train,2013-560,6,238,0,0.0,0.24951834976134785
train,2013-560,6,238,1,0.0,0.21810296963023895
train,2013-560,7,239,0,1.0,0.46329391210858695
train,2013-580,1,168,0,0.0,0.0658942315493015
train,2013-580,1,168,1,0.0,0.4141210090317017
train,2013-580,1,168,2,1.0,0.44193474632081864
train,2013-580,1,168,3,0.0,0.44996387893295253
train,2013-580,1,168,4,1.0,0.4462783032129656
train,2013-580,1,168,5,0.0,0.11227902779900066
train,2013-580,1,168,6,0.0,0.39922663623124216
train,2013-580,1,168,7,1.0,0.7167418813737315
train,2013-580,1,168,8,0.0,0.5987963937939141
train,2013-580,1,168,9,1.0,0.7225654324846056
train,2013-580,1,168,10,0.0,0.30645966058108104
train,2013-580,1,168,11,0.0,0.39030236864333473
train,2013-580,1,168,12,0.0,0.6750369979224932
train,2013-580,1,168,13,0.0,0.11495958556244532
train,2013-580,1,168,14,1.0,0.8748561224231952
train,2013-580,1,168,15,1.0,0.6602819103783136
train,2013-580,1,168,16,1.0,0.537335149562401
train,2013-580,1,168,17,1.0,0.7359859314242643
train,2013-580,1,168,18,1.0,0.8578598856257276
train,2013-580,1,168,19,1.0,0.5478565043284661
train,2013-580,1,168,20,1.0,0.6889910998231539
train,2013-580,1,168,21,1.0,0.15092778561172143
train,2013-580,1,168,22,0.0,0.12130620075553371
train,2013-580,1,168,23,1.0,0.5133546203144687
train,2013-580,1,168,24,0.0,0.6434890234623359
train,2013-580,1,168,25,1.0,0.7882197232819963
train,2013-580,1,168,26,1.0,0.37764374205160073
train,2013-580,1,168,27,0.0,0.13423990197907218
train,2013-580,1,168,28,1.0,0.4564426943943226
train,2013-580,1,168,29,1.0,0.6691509785393515
train,2013-580,1,168,30,0.0,0.7613022136958412
train,2013-580,1,168,31,1.0,0.5795835628110736
train,2013-580,1,168,32,1.0,0.9368831602504348
train,2013-580,1,168,33,0.0,0.24102937627522944
train,2013-580,1,168,34,1.0,0.5213263576204484
train,2013-580,1,168,35,0.0,0.19950176087651889
train,2013-580,1,168,36,1.0,0.4726881564924484
train,2013-580,1,168,37,0.0,0.3611533229029645
train,2013-580,1,168,38,0.0,0.2757366486760871
train,2013-580,1,168,39,0.0,0.23786564927971604
train,2013-580,1,168,40,0.0,0.2777568088349251
train,2013-580,1,168,41,1.0,0.7143902601551744
train,2013-580,1,168,42,0.0,0.5146002862291079
train,2013-580,1,168,43,1.0,0.2836887826745593
train,2013-580,1,168,44,0.0,0.4750872325490327
train,2013-580,1,168,45,0.0,0.36886578206509085
train,2013-580,1,168,46,1.0,0.7600425284620191
train,2013-580,1,168,47,0.0,0.09723871410700397
train,2013-580,1,168,48,1.0,0.4889474690576359
train,2013-580,1,168,49,0.0,0.6928321215008812
train,2013-580,1,168,50,0.0,0.2151350869559112
train,2013-580,1,168,51,1.0,0.7424410082250839
train,2013-580,1,168,52,0.0,0.2068860556511536
train,2013-580,1,168,53,0.0,0.29523426831512667
train,2013-580,1,168,54,1.0,0.5298316627650983
train,2013-580,1,168,55,0.0,0.28020652704622445
train,2013-580,1,168,56,1.0,0.7042237907527201
train,2013-580,1,168,57,0.0,0.19037826183864778
train,2013-580,1,168,58,1.0,0.8040247456916867
train,2013-580,1,168,59,0.0,0.6679897192541209
train,2013-580,1,168,60,0.0,0.321378778562176
train,2013-580,1,168,61,1.0,0.4369650430448426
train,2013-580,1,168,62,1.0,0.8150344567349406
train,2013-580,1,168,63,0.0,0.7697778208146565
train,2013-580,2,169,0,0.0,0.4292987474015366
train,2013-580,2,169,1,1.0,0.8435957337181847
train,2013-580,2,169,2,1.0,0.8293269599520393
train,2013-580,2,169,3,1.0,0.6319715741316516
train,2013-580,2,169,4,0.0,0.7596913142790003
train,2013-580,2,169,5,1.0,0.5284834114427073
train,2013-580,2,169,6,0.0,0.10139788609614447
train,2013-580,2,169,7,1.0,0.497173052597727
train,2013-580,2,169,8,0.0,0.20533365485622254
train,2013-580,2,169,9,1.0,0.6842380264315847
train,2013-580,2,169,10,1.0,0.8734719936743457
train,2013-580,2,169,11,0.0,0.052242869179145945
train,2013-580,2,169,12,0.0,0.34158656745591903
train,2013-580,2,169,13,1.0,0.8363983512292452
train,2013-580,2,169,14,1.0,0.746365523046413
train,2013-580,2,169,15,1.0,0.409026573810003
train,2013-580,2,169,16,1.0,0.815641044605703
train,2013-580,2,169,17,1.0,0.6330597793539207
train,2013-580,2,169,18,0.0,0.8400239091124149
train,2013-580,2,169,19,1.0,0.7880475956990114
train,2013-580,2,169,20,0.0,0.07683027255174213
train,2013-580,2,169,21,1.0,0.9085770457914936
train,2013-580,2,169,22,1.0,0.8359511126296622
train,2013-580,2,169,23,0.0,0.2378463075997995
train,2013-580,2,169,24,1.0,0.7832402463590001
train,2013-580,2,169,25,0.0,0.32405825078682826
train,2013-580,2,169,26,1.0,0.7386027606418792
train,2013-580,2,169,27,0.0,0.6477785505268608
train,2013-580,2,169,28,0.0,0.2145068200864917
train,2013-580,2,169,29,0.0,0.11150198181607064
train,2013-580,2,169,30,1.0,0.9329226432675508
train,2013-580,2,169,31,1.0,0.7494934158414851
train,2013-580,3,170,0,1.0,0.8703965057504833
train,2013-580,3,170,1,0.0,0.24859525379089312
train,2013-580,3,170,2,1.0,0.9105477472335837
train,2013-580,3,170,3,1.0,0.31576318309234863
train,2013-580,3,170,4,1.0,0.8063622439398328
train,2013-580,3,170,5,1.0,0.9295658378846635
train,2013-580,3,170,6,1.0,0.6460333764260637
train,2013-580,3,170,7,1.0,0.3225371501013111
train,2013-580,3,170,8,1.0,0.3195250013149168
train,2013-580,3,170,9,0.0,0.32620435543167703
train,2013-580,3,170,10,1.0,0.8647945698071936
train,2013-580,3,170,11,1.0,0.7901459140692786
train,2013-580,3,170,12,0.0,0.1855753484661614
train,2013-580,3,170,13,0.0,0.2510659240822397
train,2013-580,3,170,14,1.0,0.28485586961939896
train,2013-580,3,170,15,0.0,0.08925842952657576
train,2013-580,4,171,0,0.0,0.10430030255662738
train,2013-580,4,171,1,0.0,0.4015162572102842
train,2013-580,4,171,2,0.0,0.2345583743088652
train,2013-580,4,171,3,0.0,0.511239976825872
train,2013-580,4,171,4,1.0,0.5808816219855145
train,2013-580,4,171,5,1.0,0.8421850187273656
train,2013-580,4,171,6,0.0,0.18811183664472006
train,2013-580,4,171,7,0.0,0.20454161665168213
train,2013-580,5,172,0,1.0,0.7228999988858918
train,2013-580,5,172,1,1.0,0.86467968423964
train,2013-580,5,172,2,0.0,0.31980841434075885
train,2013-580,5,172,3,1.0,0.7271245082297156
train,2013-580,6,173,0,0.0,0.5890587190555897
train,2013-580,6,173,1,0.0,0.3087609651745743
train,2013-580,7,174,0,0.0,0.36229000268183414
train,2014-1536,2,279,0,1.0,0.5668020253823909
train,2014-1536,2,279,1,0.0,0.7202320188086497
train,2014-1536,2,279,2,1.0,0.7738131712290728
train,2014-1536,2,279,3,0.0,0.7822255427131207
train,2014-1536,2,279,4,1.0,0.612042863815305
train,2014-1536,2,279,5,1.0,0.7449600094312213
train,2014-1536,2,279,6,0.0,0.44972878814354855
train,2014-1536,2,279,7,0.0,0.5793372982004221
train,2014-1536,2,279,8,0.0,0.1548979679459549
train,2014-1536,2,279,9,0.0,0.49681136125360537
train,2014-1536,2,279,10,1.0,0.8244673040227464
train,2014-1536,2,279,11,1.0,0.6311298736641139
train,2014-1536,2,279,12,1.0,0.5678211283251072
train,2014-1536,2,279,13,0.0,0.2793250824427134
train,2014-1536,2,279,14,1.0,0.7647404826019265
train,2014-1536,2,279,15,0.0,0.5644376963164016
train,2014-1536,2,279,16,1.0,0.5836274400385489
train,2014-1536,2,279,17,1.0,0.5112898223227956
train,2014-1536,2,279,18,1.0,0.2776629456816228
train,2014-1536,2,279,19,1.0,0.5282763510970243
train,2014-1536,2,279,20,1.0,0.35273232117021497
train,2014-1536,2,279,21,0.0,0.20947707738017995
train,2014-1536,2,279,22,1.0,0.6920618944193674
train,2014-1536,2,279,23,0.0,0.2283154091182948
train,2014-1536,3,280,0,0.0,0.2574772016563174
train,2014-1536,3,280,1,0.0,0.6994570662397636
train,2014-1536,3,280,2,0.0,0.283328813497351
train,2014-1536,3,280,3,1.0,0.8685559153430297
train,2014-1536,3,280,4,1.0,0.1677759473686988
train,2014-1536,3,280,5,1.0,0.5330301779351684
train,2014-1536,3,280,6,0.0,0.25366579304963793
train,2014-1536,3,280,7,0.0,0.33652798327794753
train,2014-1536,3,280,8,1.0,0.7173829293171985
train,2014-1536,3,280,9,1.0,0.09887642625288275
train,2014-1536,3,280,10,0.0,0.7174894514980827
train,2014-1536,3,280,11,0.0,0.7701127493826945
train,2014-1536,3,280,12,0.0,0.2591362236591941
train,2014-1536,3,280,13,0.0,0.19576626373996775
train,2014-1536,3,280,14,0.0,0.38035966285715417
train,2014-1536,3,280,15,0.0,0.11498954220263534
train,2014-1536,4,281,0,1.0,0.9055976323568601
train,2014-1536,4,281,1,1.0,0.784932871590065
train,2014-1536,4,281,2,0.0,0.8764314904190259
train,2014-1536,4,281,3,0.0,0.4812762079825974
train,2014-1536,4,281,4,1.0,0.7908150263307863
train,2014-1536,4,281,5,0.0,0.22873729071822438
train,2014-1536,4,281,6,1.0,0.33141169388798436
train,2014-1536,4,281,7,0.0,0.5138881651397627
train,2014-1536,5,282,0,1.0,0.696242295841652
train,2014-1536,5,282,1,0.0,0.5308072155545561
train,2014-1536,5,282,2,0.0,0.37627929273279226
train,2014-1536,5,282,3,1.0,0.8496032901564252
train,2014-1536,6,283,0,1.0,0.9245522995540228
train,2014-1536,6,283,1,0.0,0.7022508753960609
train,2014-1536,7,284,0,1.0,0.8036301644829872
train,2014-352,2,330,0,1.0,0.5183224648104415
train,2014-352,2,330,1,0.0,0.26235571460968143
train,2014-352,2,330,2,1.0,0.6214102963022405
train,2014-352,2,330,3,1.0,0.34658497599563787
train,2014-352,2,330,4,0.0,0.35016110608450207
train,2014-352,2,330,5,1.0,0.48098192570880466
train,2014-352,2,330,6,1.0,0.7013386736859801
train,2014-352,2,330,7,1.0,0.5298204891524986
train,2014-352,2,330,8,0.0,0.33501104204565985
train,2014-352,2,330,9,0.0,0.6582432291972055
train,2014-352,2,330,10,1.0,0.6797833130345542
train,2014-352,2,330,11,1.0,0.38006508954412543
train,2014-352,2,330,12,1.0,0.2793378986713337
train,2014-352,2,330,13,0.0,0.23698973534366932
train,2014-352,2,330,14,1.0,0.32206248777422936
train,2014-352,2,330,15,0.0,0.25312546572651584
train,2014-352,3,331,0,0.0,0.14843678605260005
train,2014-352,3,331,1,1.0,0.8210816641611536
train,2014-352,3,331,2,0.0,0.7575455694657037
train,2014-352,3,331,3,0.0,0.8169653786899072
train,2014-352,3,331,4,0.0,0.16719730726333332
train,2014-352,3,331,5,1.0,0.7039499103627246
train,2014-352,3,331,6,0.0,0.39516939166383747
train,2014-352,3,331,7,0.0,0.13447968879289152
train,2014-352,3,331,8,0.0,0.1920656495584197
train,2014-352,3,331,9,0.0,0.32568624583031525
train,2014-352,3,331,10,1.0,0.35420022484419117
train,2014-352,3,331,11,0.0,0.11809098862877318
train,2014-352,3,331,12,0.0,0.17367097677855378
train,2014-352,3,331,13,1.0,0.3421218571363495
train,2014-352,3,331,14,1.0,0.7729030588280267
train,2014-352,3,331,15,1.0,0.8434337885144112
train,2014-352,4,332,0,0.0,0.21082525744872258
train,2014-352,4,332,1,1.0,0.9066072255855454
train,2014-352,4,332,2,0.0,0.26000604401100474
train,2014-352,4,332,3,1.0,0.4023003991690647
train,2014-352,4,332,4,1.0,0.3186741563552012
train,2014-352,4,332,5,0.0,0.23980411717781172
train,2014-352,4,332,6,1.0,0.946385403984681
train,2014-352,4,332,7,0.0,0.2641576173889145
train,2014-352,5,333,0,1.0,0.3197360205866857
train,2014-352,5,333,1,0.0,0.313996654709313
train,2014-352,5,333,2,1.0,0.7062622975660732
train,2014-352,5,333,3,0.0,0.7300430063491676
train,2014-352,6,334,0,0.0,0.20286081494173802
train,2014-352,6,334,1,1.0,0.39565612306177944
train,2014-352,7,335,0,1.0,0.7814607266065356
train,2014-403,1,266,0,0.0,0.44027136444893433
train,2014-403,1,266,1,1.0,0.6225875285068969
train,2014-403,1,266,2,1.0,0.4666984666763006
train,2014-403,1,266,3,1.0,0.37932590304829705
train,2014-403,1,266,4,1.0,0.533415634957315
train,2014-403,1,266,5,0.0,0.6444822765124324
train,2014-403,1,266,6,1.0,0.5890053891200373
train,2014-403,1,266,7,0.0,0.4017660505392902
train,2014-403,1,266,8,0.0,0.560175224114161
train,2014-403,1,266,9,1.0,0.48265388732002706
train,2014-403,1,266,10,0.0,0.545247414491778
train,2014-403,1,266,11,0.0,0.4671970275713008
train,2014-403,1,266,12,0.0,0.3348386265108173
train,2014-403,1,266,13,1.0,0.5113372607921615
train,2014-403,1,266,14,1.0,0.6826403335069701
train,2014-403,1,266,15,0.0,0.4291337577045847
train,2014-403,1,266,16,0.0,0.4179167956126042
train,2014-403,1,266,17,0.0,0.38974451211869665
train,2014-403,1,266,18,0.0,0.3906847648837275
train,2014-403,1,266,19,1.0,0.49580100627573565
train,2014-403,1,266,20,0.0,0.27974186049565214
train,2014-403,1,266,21,1.0,0.682464748188966
train,2014-403,1,266,22,0.0,0.5495807629700086
train,2014-403,1,266,23,1.0,0.46419310049360746
train,2014-403,1,266,24,1.0,0.2628487423035372
train,2014-403,1,266,25,0.0,0.605832831778749
train,2014-403,1,266,26,0.0,0.5500370209820225
train,2014-403,1,266,27,0.0,0.36257596471572184
train,2014-403,1,266,28,1.0,0.8175866481237966
train,2014-403,1,266,29,1.0,0.3390086198892982
train,2014-403,1,266,30,0.0,0.6443861449402346
train,2014-403,1,266,31,1.0,0.5478305371078414
train,2014-403,2,267,0,1.0,0.9010920961555877
train,2014-403,2,267,1,0.0,0.37014098069826795
train,2014-403,2,267,2,1.0,0.6081061684915834
train,2014-403,2,267,3,0.0,0.22772969195294712
train,2014-403,2,267,4,1.0,0.8463761670673644
train,2014-403,2,267,5,0.0,0.6459511406542884
train,2014-403,2,267,6,0.0,0.18596850562699593
train,2014-403,2,267,7,0.0,0.10654537371467082
train,2014-403,2,267,8,0.0,0.08683171674021573
train,2014-403,2,267,9,1.0,0.5330653074319506
train,2014-403,2,267,10,0.0,0.24366570654949193
train,2014-403,2,267,11,0.0,0.36285352255298825
train,2014-403,2,267,12,0.0,0.10151638742526069
train,2014-403,2,267,13,0.0,0.29749029145815986
train,2014-403,2,267,14,0.0,0.8060856345442111
train,2014-403,2,267,15,0.0,0.10080729826563818
train,2014-403,2,267,16,0.0,0.09332520935344528
train,2014-403,2,267,17,1.0,0.15475407222577742
train,2014-403,2,267,18,1.0,0.6935463002991815
train,2014-403,2,267,19,0.0,0.27815720679439365
train,2014-403,2,267,20,1.0,0.2709997871641606
train,2014-403,2,267,21,0.0,0.33204784514105407
train,2014-403,2,267,22,0.0,0.7338670945027438
train,2014-403,2,267,23,1.0,0.8383886133855022
train,2014-403,2,267,24,0.0,0.5613486680033856
train,2014-403,2,267,25,0.0,0.5637517710006176
train,2014-403,2,267,26,0.0,0.2147446353532588
train,2014-403,2,267,27,1.0,0.6959296414644771
train,2014-403,2,267,28,0.0,0.6266146132048797
train,2014-403,2,267,29,1.0,0.607923830257321
train,2014-403,2,267,30,0.0,0.07404781113009419
train,2014-403,2,267,31,1.0,0.4398769185183581
train,2014-403,3,268,0,0.0,0.15867495864113793
train,2014-403,3,268,1,0.0,0.15815531034530955
train,2014-403,3,268,2,0.0,0.3963252476874239
train,2014-403,3,268,3,1.0,0.7265686661676461
train,2014-403,3,268,4,0.0,0.3164520795204543
train,2014-403,3,268,5,0.0,0.09622331410836894
train,2014-403,3,268,6,1.0,0.39696641414796646
train,2014-403,3,268,7,0.0,0.10267232499004586
train,2014-403,3,268,8,0.0,0.3349508266932407
train,2014-403,3,268,9,0.0,0.12789422678579068
train,2014-403,3,268,10,0.0,0.6211994588928886
train,2014-403,3,268,11,0.0,0.19864870072485097
train,2014-403,3,268,12,0.0,0.21611947581010882
train,2014-403,3,268,13,0.0,0.1922845392049223
train,2014-403,3,268,14,1.0,0.6489635883870749
train,2014-403,3,268,15,0.0,0.06387066926621743
train,2014-403,4,269,0,0.0,0.25492617862572686
train,2014-403,4,269,1,0.0,0.08195410169524205
train,2014-403,4,269,2,0.0,0.37458268697814656
train,2014-403,4,269,3,1.0,0.26610855216104584
train,2014-403,4,269,4,1.0,0.692677722583791
train,2014-403,4,269,5,0.0,0.6769591843520124
train,2014-403,4,269,6,1.0,0.7704685347675375
train,2014-403,4,269,7,1.0,0.8781090236405384
train,2014-403,5,270,0,1.0,0.6679197620685686
train,2014-403,5,270,1,0.0,0.7796072110017875
train,2014-403,5,270,2,1.0,0.7219144172328287
train,2014-403,5,270,3,1.0,0.8301577904409657
train,2014-403,6,271,0,1.0,0.8322197917840018
train,2014-403,6,271,1,1.0,0.7023067603731066
train,2014-403,7,272,0,1.0,0.5271486456321361
train,2014-404,1,259,0,0.0,0.37243986302845805
train,2014-404,1,259,1,0.0,0.4398196509425324
train,2014-404,1,259,2,0.0,0.4464043917179264
train,2014-404,1,259,3,0.0,0.6095300968797526
train,2014-404,1,259,4,0.0,0.4100578560419564
train,2014-404,1,259,5,1.0,0.7949106518595015
train,2014-404,1,259,6,1.0,0.5376154168417969
train,2014-404,1,259,7,1.0,0.7344966513247638
train,2014-404,1,259,8,1.0,0.46769790509048453
train,2014-404,1,259,9,1.0,0.7162287226800301
train,2014-404,1,259,10,1.0,0.5111906573863322
train,2014-404,1,259,11,1.0,0.4644639094956744
train,2014-404,1,259,12,0.0,0.31568192523326594
train,2014-404,1,259,13,1.0,0.36343699871328744
train,2014-404,1,259,14,0.0,0.33361075890029557
train,2014-404,1,259,15,0.0,0.4938988371442496
train,2014-404,1,259,16,1.0,0.5818390901983862
train,2014-404,1,259,17,1.0,0.4864195865000911
train,2014-404,1,259,18,0.0,0.507863993108269
train,2014-404,1,259,19,0.0,0.4831492968880525
train,2014-404,1,259,20,1.0,0.7607182082732475
train,2014-404,1,259,21,1.0,0.6012341016009515
train,2014-404,1,259,22,0.0,0.40473720144281117
train,2014-404,1,259,23,0.0,0.3679567907922217
train,2014-404,1,259,24,1.0,0.6975761034280833
train,2014-404,1,259,25,1.0,0.5454641341438701
train,2014-404,1,259,26,0.0,0.2285300164306748
train,2014-404,1,259,27,1.0,0.7289860301559461
train,2014-404,1,259,28,0.0,0.3411540024460212
train,2014-404,1,259,29,1.0,0.30441030613516584
train,2014-404,1,259,30,0.0,0.40324766469821827
train,2014-404,1,259,31,1.0,0.6448574854848844
train,2014-404,2,260,0,1.0,0.7266506103140128
train,2014-404,2,260,1,0.0,0.7418040105559331
train,2014-404,2,260,2,1.0,0.9034642918648155
train,2014-404,2,260,3,0.0,0.42835989316571604
train,2014-404,2,260,4,1.0,0.26347198329943006
train,2014-404,2,260,5,0.0,0.2568416985505073
train,2014-404,2,260,6,0.0,0.49799680094469007
train,2014-404,2,260,7,0.0,0.19731920231075764
train,2014-404,2,260,8,1.0,0.14952602951609084
train,2014-404,2,260,9,0.0,0.6268683584052431
train,2014-404,2,260,10,0.0,0.3430110988093164
train,2014-404,2,260,11,0.0,0.39979776033423775
train,2014-404,2,260,12,1.0,0.5777396309141579
train,2014-404,2,260,13,1.0,0.3368071823504103
train,2014-404,2,260,14,1.0,0.13012586715049915
train,2014-404,2,260,15,0.0,0.13185781156678894
train,2014-404,2,260,16,0.0,0.11313307224242036
train,2014-404,2,260,17,1.0,0.7064263890959976
train,2014-404,2,260,18,0.0,0.6606854360833732
train,2014-404,2,260,19,0.0,0.45806735246680613
train,2014-404,2,260,20,1.0,0.4337375832424508
train,2014-404,2,260,21,1.0,0.7080950745748914
train,2014-404,2,260,22,0.0,0.4631867364162514
train,2014-404,2,260,23,0.0,0.19545661543101464
train,2014-404,2,260,24,1.0,0.8564077334321643
train,2014-404,2,260,25,0.0,0.5175058953191417
train,2014-404,2,260,26,0.0,0.26202218872247973
train,2014-404,2,260,27,0.0,0.38727033624114726
train,2014-404,2,260,28,0.0,0.7545235482911885
train,2014-404,2,260,29,0.0,0.2478278571075654
train,2014-404,2,260,30,0.0,0.438217361888672
train,2014-404,2,260,31,1.0,0.8471041589260334
train,2014-404,3,261,0,0.0,0.7927089752617644
train,2014-404,3,261,1,1.0,0.7171865327354248
train,2014-404,3,261,2,0.0,0.2821518856683804
train,2014-404,3,261,3,1.0,0.9119333584387445
train,2014-404,3,261,4,0.0,0.41691279669320946
train,2014-404,3,261,5,1.0,0.7807823882525855
train,2014-404,3,261,6,1.0,0.385561425224986
train,2014-404,3,261,7,1.0,0.3104496140772644
train,2014-404,3,261,8,0.0,0.057311167946092575
train,2014-404,3,261,9,0.0,0.3373889521655225
train,2014-404,3,261,10,1.0,0.7793294987969555
train,2014-404,3,261,11,0.0,0.30676741616260295
train,2014-404,3,261,12,0.0,0.5992032379095323
train,2014-404,3,261,13,1.0,0.42482521407254514
train,2014-404,3,261,14,0.0,0.36319382622321084
train,2014-404,3,261,15,1.0,0.8731057783597002
train,2014-404,4,262,0,1.0,0.8089624448832103
train,2014-404,4,262,1,0.0,0.5586912411006033
train,2014-404,4,262,2,1.0,0.5751899669608378
train,2014-404,4,262,3,0.0,0.5156305391390185
train,2014-404,4,262,4,0.0,0.20070678189371868
train,2014-404,4,262,5,0.0,0.653538722170188
train,2014-404,4,262,6,0.0,0.7074571582779823
train,2014-404,4,262,7,0.0,0.4251140025369968
train,2014-404,5,263,0,0.0,0.1568644939962579
train,2014-404,5,263,1,1.0,0.6435915707283721
train,2014-404,5,263,2,1.0,0.753128065854969
train,2014-404,5,263,3,0.0,0.5479191814636253
train,2014-404,6,264,0,1.0,0.7575828051991832
train,2014-404,6,264,1,1.0,0.8210244430972025
train,2014-404,7,265,0,1.0,0.5951924570664753
train,2014-410,2,273,0,0.0,0.8439918989305762
train,2014-410,2,273,1,0.0,0.39042189260555377
train,2014-410,2,273,2,1.0,0.4907674852386514
train,2014-410,2,273,3,0.0,0.47435789390654737
train,2014-410,2,273,4,1.0,0.6719264451179724
train,2014-410,2,273,5,1.0,0.7250703770431528
train,2014-410,2,273,6,0.0,0.3571656622534888
train,2014-410,2,273,7,0.0,0.21385955027016088
train,2014-410,2,273,8,0.0,0.4246631786201323
train,2014-410,2,273,9,1.0,0.5971090320370415
train,2014-410,2,273,10,1.0,0.6871752007118623
train,2014-410,2,273,11,1.0,0.43562151251176223
train,2014-410,2,273,12,1.0,0.502259304559578
train,2014-410,2,273,13,0.0,0.23823924327755774
train,2014-410,2,273,14,1.0,0.4363401591030847
train,2014-410,2,273,15,0.0,0.7384602562329495
train,2014-410,2,273,16,0.0,0.3072505805768687
train,2014-410,2,273,17,0.0,0.6549377964291176
train,2014-410,2,273,18,1.0,0.4909915917468588
train,2014-410,2,273,19,0.0,0.3725070969452246
train,2014-410,2,273,20,1.0,0.5912841514061513
train,2014-410,2,273,21,0.0,0.4836952133899311
train,2014-410,2,273,22,1.0,0.7372605637775174
train,2014-410,2,273,23,0.0,0.27487868558857714
train,2014-410,3,274,0,0.0,0.7446248022178854
train,2014-410,3,274,1,0.0,0.7155542586082759
train,2014-410,3,274,2,0.0,0.1349278265458516
train,2014-410,3,274,3,0.0,0.13737943138514463
train,2014-410,3,274,4,0.0,0.3160759049507597
train,2014-410,3,274,5,1.0,0.7136211060610584
train,2014-410,3,274,6,0.0,0.28142775358268574
train,2014-410,3,274,7,0.0,0.620184987877112
train,2014-410,3,274,8,0.0,0.06425986343681926
train,2014-410,3,274,9,1.0,0.7733427765250221
train,2014-410,3,274,10,0.0,0.5760126210287869
train,2014-410,3,274,11,1.0,0.7012884904359645
train,2014-410,3,274,12,0.0,0.18272215874865097
train,2014-410,3,274,13,1.0,0.579969791933836
train,2014-410,3,274,14,1.0,0.6358386060889557
train,2014-410,3,274,15,1.0,0.9485493231062929
train,2014-410,4,275,0,1.0,0.8781429268731826
train,2014-410,4,275,1,1.0,0.1493811509959771
train,2014-410,4,275,2,0.0,0.36295168812164796
train,2014-410,4,275,3,1.0,0.7129005355522872
train,2014-410,4,275,4,0.0,0.2598027336929335
train,2014-410,4,275,5,1.0,0.9036131928774445
train,2014-410,4,275,6,0.0,0.039265831525392945
train,2014-410,4,275,7,0.0,0.19216359388331505
train,2014-410,5,276,0,1.0,0.3212492657420643
train,2014-410,5,276,1,0.0,0.34394565467901816
train,2014-410,5,276,2,0.0,0.32686769957216216
train,2014-410,5,276,3,0.0,0.07510111575911999
train,2014-410,6,277,0,1.0,0.4004339265141207
train,2014-410,6,277,1,1.0,0.3688296104476799
train,2014-410,7,278,0,0.0,0.677507904312466
train,2014-416,2,285,0,1.0,0.22972372155971407
train,2014-416,2,285,1,0.0,0.31866885353859625
train,2014-416,2,285,2,1.0,0.3492118411817227
train,2014-416,2,285,3,1.0,0.675709487654189
train,2014-416,2,285,4,1.0,0.3986093021347827
train,2014-416,2,285,5,0.0,0.6020029757673465
train,2014-416,2,285,6,1.0,0.7093635625448419
train,2014-416,2,285,7,1.0,0.5200074858242217
train,2014-416,2,285,8,1.0,0.6758211802466737
train,2014-416,2,285,9,1.0,0.6391411145606448
train,2014-416,2,285,10,1.0,0.48471936586044306
train,2014-416,2,285,11,1.0,0.8222638167374685
train,2014-416,2,285,12,1.0,0.7256085331181882
train,2014-416,2,285,13,1.0,0.6671707433541254
train,2014-416,2,285,14,0.0,0.4697433452561319
train,2014-416,2,285,15,1.0,0.6657694939135103
train,2014-416,2,285,16,1.0,0.42145310637957306
train,2014-416,2,285,17,0.0,0.41933817206494556
train,2014-416,2,285,18,0.0,0.43742084792466496
train,2014-416,2,285,19,0.0,0.3657998154346049
train,2014-416,2,285,20,1.0,0.7008174174927824
train,2014-416,2,285,21,1.0,0.3220114530002259
train,2014-416,2,285,22,1.0,0.6718922773951377
train,2014-416,2,285,23,1.0,0.5527115007452165
train,2014-416,3,286,0,1.0,0.6490491676325184
train,2014-416,3,286,1,0.0,0.33112713679897915
train,2014-416,3,286,2,1.0,0.88444793284213
train,2014-416,3,286,3,0.0,0.8523518849533528
train,2014-416,3,286,4,1.0,0.7153239698859217
train,2014-416,3,286,5,1.0,0.7010808654710307
train,2014-416,3,286,6,0.0,0.19081449548388643
train,2014-416,3,286,7,0.0,0.14063879980572783
train,2014-416,3,286,8,1.0,0.6812725507094937
train,2014-416,3,286,9,0.0,0.10276961267278248
train,2014-416,3,286,10,1.0,0.5741698752259481
train,2014-416,3,286,11,1.0,0.9024728322493379
train,2014-416,3,286,12,0.0,0.16346847764631559
train,2014-416,3,286,13,1.0,0.7355699952691299
train,2014-416,3,286,14,1.0,0.3546769318365665
train,2014-416,3,286,15,1.0,0.8107799670198222
train,2014-416,4,287,0,1.0,0.870804162589864
train,2014-416,4,287,1,1.0,0.26597952034058847
train,2014-416,4,287,2,1.0,0.22593860576120836
train,2014-416,4,287,3,0.0,0.42159564907002545
train,2014-416,4,287,4,0.0,0.15240745806209596
train,2014-416,4,287,5,1.0,0.8628793313797352
train,2014-416,4,287,6,1.0,0.8499576615007587
train,2014-416,4,287,7,0.0,0.6458236782356055
train,2014-416,5,288,0,1.0,0.6501807350221506
train,2014-416,5,288,1,0.0,0.5255638258615852
train,2014-416,5,288,2,0.0,0.3415905051154908
train,2014-416,5,288,3,1.0,0.680481800678932
train,2014-416,6,289,0,1.0,0.868622219764706
train,2014-416,6,289,1,1.0,0.8252367184209072
train,2014-416,7,290,0,1.0,0.5354311481228311
train,2014-421,2,305,0,0.0,0.23812089356832858
train,2014-421,2,305,1,1.0,0.840096397323969
train,2014-421,2,305,2,0.0,0.18595471375924763
train,2014-421,2,305,3,0.0,0.575528371910562
train,2014-421,2,305,4,0.0,0.6660012170148216
train,2014-421,2,305,5,1.0,0.5484379825964975
train,2014-421,2,305,6,1.0,0.8552528780049188
train,2014-421,2,305,7,1.0,0.5216111690205991
train,2014-421,2,305,8,1.0,0.3528805612128579
train,2014-421,2,305,9,0.0,0.17556543895245982
train,2014-421,2,305,10,1.0,0.5906909592219333
train,2014-421,2,305,11,1.0,0.3807397791080471
train,2014-421,2,305,12,1.0,0.412779471467127
train,2014-421,2,305,13,1.0,0.6756532730245193
train,2014-421,2,305,14,1.0,0.6627377092429745
train,2014-421,2,305,15,1.0,0.42080124551380627
train,2014-421,2,305,16,1.0,0.39445127642966604
train,2014-421,2,305,17,0.0,0.5519705658526118
train,2014-421,2,305,18,1.0,0.8392024021116884
train,2014-421,2,305,19,0.0,0.6607607813145597
train,2014-421,2,305,20,1.0,0.6616372079491406
train,2014-421,2,305,21,1.0,0.32078433076836177
train,2014-421,2,305,22,1.0,0.2606142460010827
train,2014-421,2,305,23,1.0,0.6453364716464598
train,2014-421,3,306,0,1.0,0.9414324791553553
train,2014-421,3,306,1,1.0,0.823799294519795
train,2014-421,3,306,2,0.0,0.6007895812998673
train,2014-421,3,306,3,1.0,0.8973146082397706
train,2014-421,3,306,4,1.0,0.8464723673275684
train,2014-421,3,306,5,0.0,0.6964612131180367
train,2014-421,3,306,6,1.0,0.5319030513797878
train,2014-421,3,306,7,1.0,0.8080961502870956
train,2014-421,3,306,8,1.0,0.7254675243230594
train,2014-421,3,306,9,1.0,0.7716168751912159
train,2014-421,3,306,10,1.0,0.8169113869559728
train,2014-421,3,306,11,0.0,0.08449117924234088
train,2014-421,3,306,12,0.0,0.42012126076008893
train,2014-421,3,306,13,0.0,0.2654054061073106
train,2014-421,3,306,14,1.0,0.810377883651742
train,2014-421,3,306,15,1.0,0.9148653798277449
train,2014-421,4,307,0,1.0,0.24077390584968136
train,2014-421,4,307,1,1.0,0.668119814788364
train,2014-421,4,307,2,1.0,0.6222850379414593
train,2014-421,4,307,3,1.0,0.6822796049426952
train,2014-421,4,307,4,1.0,0.2518604662147848
train,2014-421,4,307,5,1.0,0.8417493486690888
train,2014-421,4,307,6,1.0,0.7813010043743203
train,2014-421,4,307,7,0.0,0.6787433264015371
train,2014-421,5,308,0,1.0,0.3953287851225236
train,2014-421,5,308,1,0.0,0.5416122222093798
train,2014-421,5,308,2,1.0,0.36121173916815796
train,2014-421,5,308,3,0.0,0.432217493247485
train,2014-421,6,309,0,1.0,0.8057835601417815
train,2014-421,6,309,1,1.0,0.7031719062374575
train,2014-421,7,310,0,1.0,0.3465326879045027
train,2014-422,2,311,0,1.0,0.7375330847405921
train,2014-422,2,311,1,0.0,0.4055455867958477
train,2014-422,2,311,2,1.0,0.23939468083670676
train,2014-422,2,311,3,1.0,0.6343388822370299
train,2014-422,2,311,4,0.0,0.4300161954084278
train,2014-422,2,311,5,1.0,0.48334220701416025
train,2014-422,2,311,6,0.0,0.4175821845393553
train,2014-422,2,311,7,0.0,0.46959350930634264
train,2014-422,2,311,8,1.0,0.8066781508886021
train,2014-422,2,311,9,1.0,0.305090632535789
train,2014-422,2,311,10,1.0,0.6567037161883227
train,2014-422,2,311,11,0.0,0.34693129936629047
train,2014-422,2,311,12,1.0,0.3432265760425167
train,2014-422,2,311,13,1.0,0.4381838197842683
train,2014-422,2,311,14,1.0,0.3324479422390917
train,2014-422,2,311,15,0.0,0.330109827632165
train,2014-422,2,311,16,0.0,0.43345517745716516
train,2014-422,2,311,17,0.0,0.5348983265473733
train,2014-422,2,311,18,0.0,0.4918329940261508
train,2014-422,2,311,19,0.0,0.5664317521826796
train,2014-422,2,311,20,1.0,0.4260125139317133
train,2014-422,2,311,21,0.0,0.31374661023222944
train,2014-422,2,311,22,0.0,0.45583612957920355
train,2014-422,2,311,23,1.0,0.7022187990506977
train,2014-422,3,312,0,0.0,0.4765959646859364
train,2014-422,3,312,1,0.0,0.2795292126192359
train,2014-422,3,312,2,1.0,0.8943667491414706
train,2014-422,3,312,3,1.0,0.15854880119226847
train,2014-422,3,312,4,1.0,0.5534046076543553
train,2014-422,3,312,5,0.0,0.7084637539079269
train,2014-422,3,312,6,1.0,0.8649058845158766
train,2014-422,3,312,7,0.0,0.674968754343698
train,2014-422,3,312,8,1.0,0.7892669560246436
train,2014-422,3,312,9,0.0,0.09328147155524898
train,2014-422,3,312,10,1.0,0.6741861202332635
train,2014-422,3,312,11,0.0,0.15239110947007822
train,2014-422,3,312,12,1.0,0.7523353307551143
train,2014-422,3,312,13,1.0,0.5328488046662111
train,2014-422,3,312,14,1.0,0.4840083417195027
train,2014-422,3,312,15,1.0,0.8221443671774521
train,2014-422,4,313,0,1.0,0.10473073837209501
train,2014-422,4,313,1,0.0,0.12152174492297724
train,2014-422,4,313,2,0.0,0.33036494733283056
train,2014-422,4,313,3,0.0,0.15949798348912952
train,2014-422,4,313,4,0.0,0.34716062561808486
train,2014-422,4,313,5,1.0,0.7671022705691778
train,2014-422,4,313,6,0.0,0.20025481291118585
train,2014-422,4,313,7,0.0,0.38741574138293816
train,2014-422,5,314,0,1.0,0.8173596897557929
train,2014-422,5,314,1,0.0,0.730615296241038
train,2014-422,5,314,2,1.0,0.6598802828670738
train,2014-422,5,314,3,0.0,0.4364722610268754
train,2014-422,6,315,0,0.0,0.20908600839997588
train,2014-422,6,315,1,0.0,0.26898262292778397
train,2014-422,7,316,0,1.0,0.5726812235376947
train,2014-5014,2,324,0,1.0,0.8670490797933237
train,2014-5014,2,324,1,0.0,0.5456747204415732
train,2014-5014,2,324,2,0.0,0.659663265984175
train,2014-5014,2,324,3,0.0,0.18678732458786143
train,2014-5014,2,324,4,1.0,0.6611967599035083
train,2014-5014,2,324,5,0.0,0.3287429997555643
train,2014-5014,2,324,6,1.0,0.43747742578661797
train,2014-5014,2,324,7,0.0,0.6452521150929057
train,2014-5014,2,324,8,1.0,0.6503074285213414
train,2014-5014,2,324,9,1.0,0.8002010258644178
train,2014-5014,2,324,10,1.0,0.411048009340801
train,2014-5014,2,324,11,0.0,0.3420368240303641
train,2014-5014,2,324,12,1.0,0.5922554521203729
train,2014-5014,2,324,13,0.0,0.7535666946923306
train,2014-5014,2,324,14,0.0,0.5791876717875287
train,2014-5014,2,324,15,0.0,0.18012288736821236
train,2014-5014,2,324,16,1.0,0.63546276417629
train,2014-5014,2,324,17,1.0,0.5316301586280747
train,2014-5014,2,324,18,1.0,0.7096340141990297
train,2014-5014,2,324,19,1.0,0.6262388298847369
train,2014-5014,2,324,20,0.0,0.2650611851517155
train,2014-5014,2,324,21,1.0,0.37995433698743664
train,2014-5014,2,324,22,1.0,0.15811779779432528
train,2014-5014,2,324,23,1.0,0.5538024608694602
train,2014-5014,3,325,0,0.0,0.7715927912250788
train,2014-5014,3,325,1,1.0,0.7461161288196115
train,2014-5014,3,325,2,0.0,0.3999001875690601
train,2014-5014,3,325,3,1.0,0.2605070844203175
train,2014-5014,3,325,4,0.0,0.6126262059707741
train,2014-5014,3,325,5,0.0,0.39663385038492877
train,2014-5014,3,325,6,1.0,0.42005718904614436
train,2014-5014,3,325,7,1.0,0.20490017045435088
train,2014-5014,3,325,8,1.0,0.42224609611020836
train,2014-5014,3,325,9,1.0,0.6032911616384051
train,2014-5014,3,325,10,1.0,0.5926813633908723
train,2014-5014,3,325,11,0.0,0.12966519669094745
train,2014-5014,3,325,12,0.0,0.19191287180356592
train,2014-5014,3,325,13,1.0,0.8581943492042153
train,2014-5014,3,325,14,0.0,0.09886883696892106
train,2014-5014,3,325,15,1.0,0.27373892446085984
train,2014-5014,4,326,0,0.0,0.10726925731217545
train,2014-5014,4,326,1,1.0,0.5136648346198948
train,2014-5014,4,326,2,0.0,0.3064862345292485
train,2014-5014,4,326,3,0.0,0.15935084081377504
train,2014-5014,4,326,4,1.0,0.8316231425828698
train,2014-5014,4,326,5,1.0,0.5745641551279941
train,2014-5014,4,326,6,1.0,0.4779604993677554
train,2014-5014,4,326,7,0.0,0.16176302807192852
train,2014-5014,5,327,0,0.0,0.3816010791220822
train,2014-5014,5,327,1,0.0,0.2178649547621137
train,2014-5014,5,327,2,0.0,0.6434697715632691
train,2014-5014,5,327,3,0.0,0.4565563195191022
train,2014-5014,6,328,0,1.0,0.4233776904883558
train,2014-5014,6,328,1,0.0,0.40510573267532207
train,2014-5014,7,329,0,0.0,0.2924738752249658
train,2014-520,1,291,0,1.0,0.6886325438817893
train,2014-520,1,291,1,0.0,0.3054018566058353
train,2014-520,1,291,2,1.0,0.6803247147008297
train,2014-520,1,291,3,0.0,0.688503938945947
train,2014-520,1,291,4,0.0,0.5022135998542524
train,2014-520,1,291,5,1.0,0.7804690489571681
train,2014-520,1,291,6,1.0,0.8108880910140033
train,2014-520,1,291,7,1.0,0.5288847744479145
train,2014-520,1,291,8,0.0,0.42528044259933784
train,2014-520,1,291,9,1.0,0.611398246862081
train,2014-520,1,291,10,0.0,0.16474381211773007
train,2014-520,1,291,11,0.0,0.44638629485012027
train,2014-520,1,291,12,0.0,0.5877298728103912
train,2014-520,1,291,13,0.0,0.8418118328365509
train,2014-520,1,291,14,0.0,0.10448595668301366
train,2014-520,1,291,15,0.0,0.17013828586824467
train,2014-520,1,291,16,0.0,0.317744285639217
train,2014-520,1,291,17,0.0,0.35046606862618984
train,2014-520,1,291,18,0.0,0.6213168862769287
train,2014-520,1,291,19,0.0,0.5964584126088229
train,2014-520,1,291,20,1.0,0.2848484122101481
train,2014-520,1,291,21,0.0,0.8168489584930314
train,2014-520,1,291,22,0.0,0.5638048780261595
train,2014-520,1,291,23,0.0,0.34920019136922653
train,2014-520,1,291,24,1.0,0.18130377604063921
train,2014-520,1,291,25,0.0,0.6075399249361496
train,2014-520,1,291,26,0.0,0.35871149471607794
train,2014-520,1,291,27,0.0,0.6081316799670631
train,2014-520,1,291,28,1.0,0.9566663622964422
train,2014-520,1,291,29,0.0,0.05229863881756874
train,2014-520,1,291,30,0.0,0.1943800642946811
train,2014-520,1,291,31,0.0,0.3707999729042774
train,2014-520,1,291,32,0.0,0.20548599465377085
train,2014-520,1,291,33,0.0,0.6136350491347577
train,2014-520,1,291,34,0.0,0.09007764894688981
train,2014-520,1,291,35,1.0,0.6524187939644358
train,2014-520,1,291,36,0.0,0.21947790003751455
train,2014-520,1,291,37,1.0,0.7039433677294686
train,2014-520,1,291,38,0.0,0.37346233429844183
train,2014-520,1,291,39,0.0,0.14602309380828749
train,2014-520,1,291,40,1.0,0.1903290322325228
train,2014-520,1,291,41,1.0,0.5382671849712687
train,2014-520,1,291,42,1.0,0.7345236862929263
train,2014-520,1,291,43,0.0,0.10611577699363511
train,2014-520,1,291,44,0.0,0.6078141996056057
train,2014-520,1,291,45,1.0,0.32859022122776455
train,2014-520,1,291,46,0.0,0.12432577591586559
train,2014-520,1,291,47,1.0,0.9135580956086977
train,2014-520,1,291,48,0.0,0.2733264533029783
train,2014-520,1,291,49,1.0,0.6841183782051268
train,2014-520,1,291,50,1.0,0.9296170774694903
train,2014-520,1,291,51,1.0,0.3547701595596148
train,2014-520,1,291,52,0.0,0.4416265813577474
train,2014-520,1,291,53,1.0,0.5954245843374065
train,2014-520,1,291,54,0.0,0.530049916476991
train,2014-520,1,291,55,1.0,0.3835207833041861
train,2014-520,1,291,56,1.0,0.49634685873233697
train,2014-520,1,291,57,1.0,0.7444076165583463
train,2014-520,1,291,58,1.0,0.8501486436740002
train,2014-520,1,291,59,0.0,0.20745299211737536
train,2014-520,1,291,60,1.0,0.8290806971769514
train,2014-520,1,291,61,0.0,0.8437546916679463
train,2014-520,1,291,62,1.0,0.60776999758487
train,2014-520,1,291,63,1.0,0.6369235835086969
train,2014-520,2,292,0,1.0,0.40000596271949856
train,2014-520,2,292,1,1.0,0.7369615188323729
train,2014-520,2,292,2,0.0,0.5566903072125051
train,2014-520,2,292,3,0.0,0.2030717896501437
train,2014-520,2,292,4,1.0,0.9526646498517858
train,2014-520,2,292,5,0.0,0.5267345209897196
train,2014-520,2,292,6,0.0,0.13689922429745183
train,2014-520,2,292,7,0.0,0.6630303495303401
train,2014-520,2,292,8,0.0,0.539988074679098
train,2014-520,2,292,9,0.0,0.1903456609380995
train,2014-520,2,292,10,0.0,0.2969009672449719
train,2014-520,2,292,11,0.0,0.1341589907954347
train,2014-520,2,292,12,1.0,0.45922040756259624
train,2014-520,2,292,13,0.0,0.3448565701422115
train,2014-520,2,292,14,1.0,0.8919928065676512
train,2014-520,2,292,15,0.0,0.33817830128411064
train,2014-520,2,292,16,0.0,0.16196956211119864
train,2014-520,2,292,17,1.0,0.8188028385518954
train,2014-520,2,292,18,0.0,0.3182951531763696
train,2014-520,2,292,19,0.0,0.2698146062752367
train,2014-520,2,292,20,1.0,0.27098460744240066
train,2014-520,2,292,21,0.0,0.42423199225636965
train,2014-520,2,292,22,0.0,0.0888760434394475
train,2014-520,2,292,23,0.0,0.4564351165967288
train,2014-520,2,292,24,1.0,0.8640898412614537
train,2014-520,2,292,25,1.0,0.7479958819240985
train,2014-520,2,292,26,0.0,0.5351389769234766
train,2014-520,2,292,27,1.0,0.5788852646106523
train,2014-520,2,292,28,1.0,0.9304973348849499
train,2014-520,2,292,29,1.0,0.8975969952307292
train,2014-520,2,292,30,1.0,0.5851927048783654
train,2014-520,2,292,31,0.0,0.04900809132245781
train,2014-520,3,293,0,0.0,0.3395733390333223
train,2014-520,3,293,1,0.0,0.6300677024646915
train,2014-520,3,293,2,0.0,0.12630972876051544
train,2014-520,3,293,3,1.0,0.8276515342635515
train,2014-520,3,293,4,1.0,0.5212952880001506
train,2014-520,3,293,5,1.0,0.9015417543844699
train,2014-520,3,293,6,1.0,0.43812606653631403
train,2014-520,3,293,7,1.0,0.6633243357330332
train,2014-520,3,293,8,1.0,0.864111342066539
train,2014-520,3,293,9,1.0,0.7771908262831829
train,2014-520,3,293,10,1.0,0.31465343012595315
train,2014-520,3,293,11,0.0,0.6315106065116775
train,2014-520,3,293,12,0.0,0.42591599587197543
train,2014-520,3,293,13,0.0,0.18761437194179417
train,2014-520,3,293,14,0.0,0.260243457827338
train,2014-520,3,293,15,0.0,0.06409134952970258
train,2014-520,4,294,0,1.0,0.7698423015911934
train,2014-520,4,294,1,0.0,0.2853649278042503
train,2014-520,4,294,2,1.0,0.1269366225234848
train,2014-520,4,294,3,1.0,0.7549466753639291
train,2014-520,4,294,4,1.0,0.787616691687392
train,2014-520,4,294,5,1.0,0.5396834618287715
train,2014-520,4,294,6,1.0,0.77683212876986
train,2014-520,4,294,7,0.0,0.042798796185295536
train,2014-520,5,295,0,0.0,0.16897182195054114
train,2014-520,5,295,1,0.0,0.8284616301562129
train,2014-520,5,295,2,0.0,0.13437155996247296
train,2014-520,5,295,3,0.0,0.34543905714271755
train,2014-520,6,296,0,1.0,0.9107439797113273
train,2014-520,6,296,1,0.0,0.342986312992478
train,2014-520,7,297,0,0.0,0.5473661728665773
train,2014-540,1,298,0,1.0,0.934615647368347
train,2014-540,1,298,1,1.0,0.5779349692706853
train,2014-540,1,298,2,0.0,0.707276996257683
train,2014-540,1,298,3,0.0,0.13460049776071015
train,2014-540,1,298,4,1.0,0.4857967863385144
train,2014-540,1,298,5,0.0,0.6495252106497834
train,2014-540,1,298,6,1.0,0.6955657183385849
train,2014-540,1,298,7,1.0,0.8175614686388352
train,2014-540,1,298,8,1.0,0.3241435652236396
train,2014-540,1,298,9,1.0,0.5958297972850171
train,2014-540,1,298,10,0.0,0.18080708710553767
train,2014-540,1,298,11,1.0,0.6542276611475899
train,2014-540,1,298,12,0.0,0.7246115676030599
train,2014-540,1,298,13,1.0,0.21720624789462184
train,2014-540,1,298,14,0.0,0.10608789663693173
train,2014-540,1,298,15,0.0,0.11432068178435635
train,2014-540,1,298,16,0.0,0.33761563666703004
train,2014-540,1,298,17,0.0,0.42166581442352236
train,2014-540,1,298,18,0.0,0.24835256297704483
train,2014-540,1,298,19,0.0,0.7301053918207127
train,2014-540,1,298,20,0.0,0.5653339286563546
train,2014-540,1,298,21,0.0,0.5494166848739845
train,2014-540,1,298,22,1.0,0.7521464214948106
train,2014-540,1,298,23,1.0,0.8082395240511777
train,2014-540,1,298,24,1.0,0.7406815515180734
train,2014-540,1,298,25,1.0,0.4862599963109837
train,2014-540,1,298,26,1.0,0.8001525843462927
train,2014-540,1,298,27,1.0,0.5192526035003275
train,2014-540,1,298,28,0.0,0.1059511079264656
train,2014-540,1,298,29,1.0,0.7949203867143658
train,2014-540,1,298,30,0.0,0.05051012723231285
train,2014-540,1,298,31,1.0,0.7207852327131833
train,2014-540,1,298,32,0.0,0.4013359149456253
train,2014-540,1,298,33,1.0,0.8439182170924933
train,2014-540,1,298,34,1.0,0.8702827913600023
train,2014-540,1,298,35,1.0,0.9259680977516103
train,2014-540,1,298,36,0.0,0.6365545574242158
train,2014-540,1,298,37,1.0,0.7228811545217427
train,2014-540,1,298,38,0.0,0.38936182173113243
train,2014-540,1,298,39,1.0,0.39535895431567275
train,2014-540,1,298,40,0.0,0.11729662609139657
train,2014-540,1,298,41,1.0,0.5815851462047825
train,2014-540,1,298,42,0.0,0.4604322162794354
train,2014-540,1,298,43,1.0,0.7584371881060785
train,2014-540,1,298,44,1.0,0.3085472411641137
train,2014-540,1,298,45,1.0,0.661727549088684
train,2014-540,1,298,46,1.0,0.6702526499855163
train,2014-540,1,298,47,1.0,0.8098099084869865
train,2014-540,1,298,48,0.0,0.08362077158690137
train,2014-540,1,298,49,1.0,0.8527634439553542
train,2014-540,1,298,50,1.0,0.5786459069823039
train,2014-540,1,298,51,0.0,0.2774362398722691
train,2014-540,1,298,52,1.0,0.27814411527924593
train,2014-540,1,298,53,1.0,0.3770845888773625
train,2014-540,1,298,54,0.0,0.4033970411964176
train,2014-540,1,298,55,0.0,0.7380343308847928
train,2014-540,1,298,56,0.0,0.295056447541977
train,2014-540,1,298,57,1.0,0.8551600689322819
train,2014-540,1,298,58,0.0,0.3277819329944057
train,2014-540,1,298,59,1.0,0.6392322251668785
train,2014-540,1,298,60,0.0,0.3498432080624947
train,2014-540,1,298,61,0.0,0.3571198074069924
train,2014-540,1,298,62,0.0,0.33896576081786495
train,2014-540,1,298,63,1.0,0.8707579688059507
train,2014-540,2,299,0,1.0,0.38477112533100466
train,2014-540,2,299,1,0.0,0.15931408336506203
train,2014-540,2,299,2,0.0,0.32383184432155165
train,2014-540,2,299,3,0.0,0.4266716630168607
train,2014-540,2,299,4,0.0,0.3623276003419165
train,2014-540,2,299,5,0.0,0.08283994798705979
train,2014-540,2,299,6,1.0,0.28873592088980904
train,2014-540,2,299,7,1.0,0.6418857960004788
train,2014-540,2,299,8,1.0,0.19922221562453332
train,2014-540,2,299,9,1.0,0.8575047805086555
train,2014-540,2,299,10,1.0,0.11156237224850536
train,2014-540,2,299,11,0.0,0.2448389421865118
train,2014-540,2,299,12,0.0,0.18208399189118835
train,2014-540,2,299,13,0.0,0.16327604507564716
train,2014-540,2,299,14,1.0,0.7578668137967657
train,2014-540,2,299,15,0.0,0.5882062399952
train,2014-540,2,299,16,0.0,0.15689602909457337
train,2014-540,2,299,17,0.0,0.15906416811172108
train,2014-540,2,299,18,0.0,0.25517699287649515
train,2014-540,2,299,19,0.0,0.3770648516848775
train,2014-540,2,299,20,0.0,0.060920162495686256
train,2014-540,2,299,21,1.0,0.8484021258853125
train,2014-540,2,299,22,0.0,0.1739819040632857
train,2014-540,2,299,23,1.0,0.6847398226015537
train,2014-540,2,299,24,1.0,0.33215865186004223
train,2014-540,2,299,25,1.0,0.8007984472946728
train,2014-540,2,299,26,0.0,0.7916029228931007
train,2014-540,2,299,27,0.0,0.2199246736150683
train,2014-540,2,299,28,0.0,0.9198215957619698
train,2014-540,2,299,29,1.0,0.9304263687926827
train,2014-540,2,299,30,1.0,0.8998026807740879
train,2014-540,2,299,31,0.0,0.23181059330736656
train,2014-540,3,300,0,1.0,0.41751090675537206
train,2014-540,3,300,1,0.0,0.09928446617789477
train,2014-540,3,300,2,1.0,0.9333765078431919
train,2014-540,3,300,3,0.0,0.5388539359267862
train,2014-540,3,300,4,0.0,0.15927277619613261
train,2014-540,3,300,5,0.0,0.19522833052521937
train,2014-540,3,300,6,1.0,0.8901780414640013
train,2014-540,3,300,7,0.0,0.4586886242847112
train,2014-540,3,300,8,0.0,0.5617829286093194
train,2014-540,3,300,9,0.0,0.19521448223340793
train,2014-540,3,300,10,0.0,0.4022133538295025
train,2014-540,3,300,11,1.0,0.5906982641275165
train,2014-540,3,300,12,1.0,0.8755551018827246
train,2014-540,3,300,13,1.0,0.2529309650044886
train,2014-540,3,300,14,1.0,0.7001410647787872
train,2014-540,3,300,15,0.0,0.16173531577389572
train,2014-540,4,301,0,1.0,0.04307678883314635
train,2014-540,4,301,1,1.0,0.5057577784186188
train,2014-540,4,301,2,1.0,0.8698851907117364
train,2014-540,4,301,3,1.0,0.7372034475568982
train,2014-540,4,301,4,1.0,0.7277639242964838
train,2014-540,4,301,5,0.0,0.23107439479896963
train,2014-540,4,301,6,1.0,0.5935518409744406
train,2014-540,4,301,7,0.0,0.22677026262474334
train,2014-540,5,302,0,1.0,0.867592037976078
train,2014-540,5,302,1,1.0,0.6613355186058975
train,2014-540,5,302,2,0.0,0.7943339490580839
train,2014-540,5,302,3,1.0,0.8624591478245583
train,2014-540,6,303,0,1.0,0.7413333612131209
train,2014-540,6,303,1,0.0,0.12528806552394461
train,2014-540,7,304,0,0.0,0.3561999004648261
train,2014-560,1,317,0,0.0,0.33483713519804936
train,2014-560,1,317,1,1.0,0.27730057910740313
train,2014-560,1,317,2,0.0,0.7541327388619827
train,2014-560,1,317,3,1.0,0.5225110226557792
train,2014-560,1,317,4,0.0,0.4926935621714875
train,2014-560,1,317,5,0.0,0.36667889883782023
train,2014-560,1,317,6,1.0,0.8788360264903816
train,2014-560,1,317,7,1.0,0.676156606568858
train,2014-560,1,317,8,0.0,0.5723216681165612
train,2014-560,1,317,9,1.0,0.713850528399069
train,2014-560,1,317,10,1.0,0.2279476589793298
train,2014-560,1,317,11,1.0,0.6899850167279026
train,2014-560,1,317,12,1.0,0.4191348868440947
train,2014-560,1,317,13,0.0,0.5053884356710884
train,2014-560,1,317,14,0.0,0.10325890257258223
train,2014-560,1,317,15,1.0,0.8877706997824056
train,2014-560,1,317,16,1.0,0.20661574752992104
train,2014-560,1,317,17,1.0,0.8294100203007735
train,2014-560,1,317,18,1.0,0.34315343593046904
train,2014-560,1,317,19,0.0,0.41944078387553724
train,2014-560,1,317,20,1.0,0.5958719522412812
train,2014-560,1,317,21,0.0,0.20477314086114246
train,2014-560,1,317,22,0.0,0.1225957069645895
train,2014-560,1,317,23,0.0,0.6628226809990505
train,2014-560,1,317,24,0.0,0.45386552999954366
train,2014-560,1,317,25,1.0,0.8603128763288679
train,2014-560,1,317,26,1.0,0.4738653481985933
train,2014-560,1,317,27,1.0,0.7832899441922994
train,2014-560,1,317,28,0.0,0.4768296062047525
train,2014-560,1,317,29,0.0,0.03362609609986679
train,2014-560,1,317,30,1.0,0.9122570921763609
train,2014-560,1,317,31,1.0,0.3083938938430624
train,2014-560,1,317,32,1.0,0.3188520245278029
train,2014-560,1,317,33,0.0,0.429881651420601
train,2014-560,1,317,34,0.0,0.1428029133550396
train,2014-560,1,317,35,0.0,0.08716545746804549
train,2014-560,1,317,36,0.0,0.4221162126471316
train,2014-560,1,317,37,1.0,0.3903906617654659
train,2014-560,1,317,38,0.0,0.298675259871894
train,2014-560,1,317,39,0.0,0.33540768044512603
train,2014-560,1,317,40,1.0,0.6447759312604043
train,2014-560,1,317,41,0.0,0.21948021295194117
train,2014-560,1,317,42,1.0,0.7509302011183223
train,2014-560,1,317,43,0.0,0.2885215745664037
train,2014-560,1,317,44,0.0,0.20646172677000219
train,2014-560,1,317,45,0.0,0.4168641920786599
train,2014-560,1,317,46,0.0,0.2676054587526044
train,2014-560,1,317,47,1.0,0.40145040776098884
train,2014-560,1,317,48,0.0,0.260142923241619
train,2014-560,1,317,49,0.0,0.6672451666472891
train,2014-560,1,317,50,0.0,0.667924156674063
train,2014-560,1,317,51,0.0,0.4026082282176228
train,2014-560,1,317,52,1.0,0.9394428199900182
train,2014-560,1,317,53,0.0,0.6455917600110548
train,2014-560,1,317,54,0.0,0.5709758524735977
train,2014-560,1,317,55,1.0,0.7363270988528627
train,2014-560,1,317,56,1.0,0.7303925635016765
train,2014-560,1,317,57,0.0,0.5542114794368349
train,2014-560,1,317,58,0.0,0.28226319591754456
train,2014-560,1,317,59,0.0,0.15336411134696362
train,2014-560,1,317,60,1.0,0.8955477885735355
train,2014-560,1,317,61,0.0,0.32850603657465505
train,2014-560,1,317,62,1.0,0.7289220721885077
train,2014-560,1,317,63,0.0,0.441264042960437
train,2014-560,2,318,0,1.0,0.2890952849208711
train,2014-560,2,318,1,0.0,0.13218545766705692
train,2014-560,2,318,2,0.0,0.31305286820847583
train,2014-560,2,318,3,0.0,0.16594135766286888
train,2014-560,2,318,4,0.0,0.12879604719951737
train,2014-560,2,318,5,1.0,0.266687112842731
train,2014-560,2,318,6,0.0,0.4847116292885345
train,2014-560,2,318,7,0.0,0.2860438077517875
train,2014-560,2,318,8,1.0,0.8352662321120198
train,2014-560,2,318,9,0.0,0.349320814313705
train,2014-560,2,318,10,0.0,0.19606590156957257
train,2014-560,2,318,11,0.0,0.21514635620050152
train,2014-560,2,318,12,0.0,0.33449962114960896
train,2014-560,2,318,13,1.0,0.2285862599266838
train,2014-560,2,318,14,0.0,0.10463322980972307
train,2014-560,2,318,15,1.0,0.550734790725939
train,2014-560,2,318,16,1.0,0.5138851188492428
train,2014-560,2,318,17,1.0,0.7482747576642452
train,2014-560,2,318,18,1.0,0.7268364868916435
train,2014-560,2,318,19,1.0,0.22695830678136314
train,2014-560,2,318,20,0.0,0.7524504823888554
train,2014-560,2,318,21,1.0,0.8584298154859746
train,2014-560,2,318,22,1.0,0.934897668586407
train,2014-560,2,318,23,1.0,0.6728734976088797
train,2014-560,2,318,24,0.0,0.6994179293449598
train,2014-560,2,318,25,1.0,0.9152687473824751
train,2014-560,2,318,26,1.0,0.833964078098206
train,2014-560,2,318,27,0.0,0.26692299243094314
train,2014-560,2,318,28,1.0,0.8714875401651191
train,2014-560,2,318,29,0.0,0.04740609579109079
train,2014-560,2,318,30,1.0,0.5844234386315763
train,2014-560,2,318,31,1.0,0.940605732287725
train,2014-560,3,319,0,1.0,0.2627017387913227
train,2014-560,3,319,1,0.0,0.5122122850102885
train,2014-560,3,319,2,1.0,0.865198172213283
train,2014-560,3,319,3,0.0,0.3936826670459203
train,2014-560,3,319,4,1.0,0.22697745044835932
train,2014-560,3,319,5,0.0,0.24113517551506888
train,2014-560,3,319,6,1.0,0.5146546007234213
train,2014-560,3,319,7,1.0,0.22919883250195286
train,2014-560,3,319,8,1.0,0.8874183421827819
train,2014-560,3,319,9,0.0,0.10219361498610308
train,2014-560,3,319,10,1.0,0.8064657623599332
train,2014-560,3,319,11,0.0,0.2503485850407992
train,2014-560,3,319,12,0.0,0.12221639453957878
train,2014-560,3,319,13,0.0,0.08921623173395204
train,2014-560,3,319,14,1.0,0.8998570784242874
train,2014-560,3,319,15,0.0,0.09115589655460173
train,2014-560,4,320,0,0.0,0.10384102730327614
train,2014-560,4,320,1,0.0,0.6919532234804555
train,2014-560,4,320,2,0.0,0.5471912572646932
train,2014-560,4,320,3,0.0,0.11528050332939244
train,2014-560,4,320,4,0.0,0.5485760490632892
train,2014-560,4,320,5,0.0,0.23876178286125205
train,2014-560,4,320,6,1.0,0.6011734390769075
train,2014-560,4,320,7,0.0,0.1436042402335645
train,2014-560,5,321,0,1.0,0.8889478685208306
train,2014-560,5,321,1,0.0,0.7020553796426904
train,2014-560,5,321,2,0.0,0.6180766058357263
train,2014-560,5,321,3,1.0,0.6789934443396585
train,2014-560,6,322,0,1.0,0.20673338000934355
train,2014-560,6,322,1,1.0,0.18589726167580992
train,2014-560,7,323,0,1.0,0.42579995889891015
train,2014-580,1,252,0,1.0,0.5269549707001869
train,2014-580,1,252,1,1.0,0.45959808096112054
train,2014-580,1,252,2,1.0,0.8430532745379249
train,2014-580,1,252,3,1.0,0.6303299491972483
train,2014-580,1,252,4,0.0,0.28347984472760157
train,2014-580,1,252,5,0.0,0.1250536521842795
train,2014-580,1,252,6,0.0,0.7383019227929347
train,2014-580,1,252,7,1.0,0.4011022350676839
train,2014-580,1,252,8,0.0,0.5508216453268922
train,2014-580,1,252,9,0.0,0.48935534817925913
train,2014-580,1,252,10,1.0,0.7242956622596226
train,2014-580,1,252,11,0.0,0.7093722865573765
train,2014-580,1,252,12,1.0,0.4733098954940384
train,2014-580,1,252,13,1.0,0.9148325782548821
train,2014-580,1,252,14,1.0,0.8956555527753243
train,2014-580,1,252,15,0.0,0.14850831239764042
train,2014-580,1,252,16,1.0,0.5314105447421944
train,2014-580,1,252,17,1.0,0.6631331119387329
train,2014-580,1,252,18,1.0,0.7737332955580202
train,2014-580,1,252,19,0.0,0.28867118218461413
train,2014-580,1,252,20,1.0,0.6828395803804528
train,2014-580,1,252,21,1.0,0.7681017858247606
train,2014-580,1,252,22,1.0,0.7629836065328327
train,2014-580,1,252,23,0.0,0.5576582079269483
train,2014-580,1,252,24,0.0,0.555470956763064
train,2014-580,1,252,25,0.0,0.33190061857755754
train,2014-580,1,252,26,1.0,0.566624650978063
train,2014-580,1,252,27,1.0,0.40311321543698
train,2014-580,1,252,28,0.0,0.08947065440358663
train,2014-580,1,252,29,1.0,0.9457513211347794
train,2014-580,1,252,30,0.0,0.6831225359826999
train,2014-580,1,252,31,0.0,0.6757538880969175
train,2014-580,1,252,32,1.0,0.310186390291949
train,2014-580,1,252,33,0.0,0.05502746333418226
train,2014-580,1,252,34,0.0,0.6791111570968783
train,2014-580,1,252,35,1.0,0.48901671462983004
train,2014-580,1,252,36,1.0,0.36251211323422766
train,2014-580,1,252,37,1.0,0.5896302765664596
train,2014-580,1,252,38,0.0,0.3517995334396661
train,2014-580,1,252,39,1.0,0.62548876071217
train,2014-580,1,252,40,1.0,0.9206616724629523
train,2014-580,1,252,41,0.0,0.3851072130615888
train,2014-580,1,252,42,1.0,0.8162710662118016
train,2014-580,1,252,43,1.0,0.5969175603761792
train,2014-580,1,252,44,0.0,0.27128758725276675
train,2014-580,1,252,45,1.0,0.4831675405766344
train,2014-580,1,252,46,1.0,0.8616084401212485
train,2014-580,1,252,47,1.0,0.9466432156823531
train,2014-580,1,252,48,1.0,0.5442618928026162
train,2014-580,1,252,49,1.0,0.8016743130062305
train,2014-580,1,252,50,0.0,0.06107627470618478
train,2014-580,1,252,51,0.0,0.4248311349822212
train,2014-580,1,252,52,1.0,0.36875447376835074
train,2014-580,1,252,53,0.0,0.15040687891783366
train,2014-580,1,252,54,0.0,0.6316680561414386
train,2014-580,1,252,55,0.0,0.5831263086013146
train,2014-580,1,252,56,0.0,0.4099783620955386
train,2014-580,1,252,57,0.0,0.17483269509731184
train,2014-580,1,252,58,0.0,0.20849042228230757
train,2014-580,1,252,59,1.0,0.6104839843020933
train,2014-580,1,252,60,0.0,0.23706910045647606
train,2014-580,1,252,61,1.0,0.7804646668066738
train,2014-580,1,252,62,1.0,0.34209222286107804
train,2014-580,1,252,63,0.0,0.36114005223198226
train,2014-580,2,253,0,1.0,0.40753846580555775
train,2014-580,2,253,1,1.0,0.8580840795233559
train,2014-580,2,253,2,1.0,0.4141280533465033
train,2014-580,2,253,3,1.0,0.5004963059084147
train,2014-580,2,253,4,0.0,0.6585310461640015
train,2014-580,2,253,5,0.0,0.4040407751744164
train,2014-580,2,253,6,1.0,0.8347730171938235
train,2014-580,2,253,7,1.0,0.5068425025588714
train,2014-580,2,253,8,1.0,0.4081807536273186
train,2014-580,2,253,9,1.0,0.7865570258397574
train,2014-580,2,253,10,0.0,0.7812054646580421
train,2014-580,2,253,11,0.0,0.10418798454967325
train,2014-580,2,253,12,1.0,0.9163886150119417
train,2014-580,2,253,13,1.0,0.7794797451033857
train,2014-580,2,253,14,0.0,0.8269091711526754
train,2014-580,2,253,15,0.0,0.3783110766705907
train,2014-580,2,253,16,1.0,0.8278322289330861
train,2014-580,2,253,17,1.0,0.7082344090784066
train,2014-580,2,253,18,1.0,0.4873832506245167
train,2014-580,2,253,19,0.0,0.21651371170748251
train,2014-580,2,253,20,1.0,0.9416537347777164
train,2014-580,2,253,21,1.0,0.13972566008836393
train,2014-580,2,253,22,0.0,0.26448846700916323
train,2014-580,2,253,23,0.0,0.4103443387286998
train,2014-580,2,253,24,1.0,0.5704133351671444
train,2014-580,2,253,25,1.0,0.8716998259545562
train,2014-580,2,253,26,1.0,0.30671156979772274
train,2014-580,2,253,27,0.0,0.08084904661313315
train,2014-580,2,253,28,1.0,0.6154591763013582
train,2014-580,2,253,29,0.0,0.3145473456671035
train,2014-580,2,253,30,0.0,0.05767974800980826
train,2014-580,2,253,31,0.0,0.032414177227281876
train,2014-580,3,254,0,0.0,0.1533235097987789
train,2014-580,3,254,1,1.0,0.9155143056793917
train,2014-580,3,254,2,1.0,0.9203183109816719
train,2014-580,3,254,3,0.0,0.4521873274035194
train,2014-580,3,254,4,1.0,0.18446090134739793
train,2014-580,3,254,5,1.0,0.8494438722069165
train,2014-580,3,254,6,1.0,0.6784786070655077
train,2014-580,3,254,7,1.0,0.7478939852746386
train,2014-580,3,254,8,1.0,0.9332604417216679
train,2014-580,3,254,9,0.0,0.05861707278608859
train,2014-580,3,254,10,0.0,0.3970092854983965
train,2014-580,3,254,11,0.0,0.6250497153222768
train,2014-580,3,254,12,0.0,0.1889517126978734
train,2014-580,3,254,13,1.0,0.37466769332024086
train,2014-580,3,254,14,0.0,0.688959074527411
train,2014-580,3,254,15,0.0,0.23110466564567428
train,2014-580,4,255,0,1.0,0.9023945475322006
train,2014-580,4,255,1,0.0,0.1991697734766448
train,2014-580,4,255,2,1.0,0.8019765013935106
train,2014-580,4,255,3,1.0,0.7588898311504579
train,2014-580,4,255,4,1.0,0.6836383781421268
train,2014-580,4,255,5,1.0,0.9308917488623729
train,2014-580,4,255,6,1.0,0.6824820176698658
train,2014-580,4,255,7,0.0,0.1508089187402164
train,2014-580,5,256,0,0.0,0.7877022077534004
train,2014-580,5,256,1,1.0,0.4476452194335072
train,2014-580,5,256,2,0.0,0.44199919213469957
train,2014-580,5,256,3,1.0,0.9057994233490319
train,2014-580,6,257,0,0.0,0.5992061508856191
train,2014-580,6,257,1,1.0,0.597269813416602
train,2014-580,7,258,0,1.0,0.23178397146580038
train,2015-1536,2,363,0,0.0,0.7690158161544214
train,2015-1536,2,363,1,1.0,0.5027471138357952
train,2015-1536,2,363,2,0.0,0.7298447575460426
train,2015-1536,2,363,3,1.0,0.719418746081888
train,2015-1536,2,363,4,0.0,0.19301729356285566
train,2015-1536,2,363,5,1.0,0.43309148946444836
train,2015-1536,2,363,6,1.0,0.8056436730585259
train,2015-1536,2,363,7,1.0,0.5892196062662133
train,2015-1536,2,363,8,1.0,0.21607349133477594
train,2015-1536,2,363,9,1.0,0.7778519852717459
train,2015-1536,2,363,10,0.0,0.3153051656204725
train,2015-1536,2,363,11,1.0,0.34885904655899913
train,2015-1536,2,363,12,1.0,0.6106116815267109
train,2015-1536,2,363,13,1.0,0.8077634811197356
train,2015-1536,2,363,14,1.0,0.7233935845037139
train,2015-1536,2,363,15,0.0,0.3327286220590197
train,2015-1536,2,363,16,0.0,0.38052631118570385
train,2015-1536,2,363,17,1.0,0.6210384881101599
train,2015-1536,2,363,18,0.0,0.4173102529511674
train,2015-1536,2,363,19,0.0,0.5614173203272325
train,2015-1536,2,363,20,0.0,0.6217472928920272
train,2015-1536,2,363,21,1.0,0.7314222266313846
train,2015-1536,2,363,22,1.0,0.7701548585849536
train,2015-1536,2,363,23,1.0,0.7230755411161872
train,2015-1536,3,364,0,0.0,0.23412403581392763
train,2015-1536,3,364,1,0.0,0.5082187280970412
train,2015-1536,3,364,2,1.0,0.29218524407205687
train,2015-1536,3,364,3,1.0,0.7762696726986935
train,2015-1536,3,364,4,0.0,0.20136558318687078
train,2015-1536,3,364,5,0.0,0.4122236958526483
train,2015-1536,3,364,6,1.0,0.3914092538131283
train,2015-1536,3,364,7,0.0,0.12411488641576131
train,2015-1536,3,364,8,1.0,0.8494642404314047
train,2015-1536,3,364,9,1.0,0.5184656264388624
train,2015-1536,3,364,10,0.0,0.2977513509478915
train,2015-1536,3,364,11,0.0,0.08504875419654326
train,2015-1536,3,364,12,0.0,0.1821779611006242
train,2015-1536,3,364,13,1.0,0.661896675106615
train,2015-1536,3,364,14,1.0,0.7502729989927454
train,2015-1536,3,364,15,1.0,0.09236129084540169
train,2015-1536,4,365,0,1.0,0.7457302451629542
train,2015-1536,4,365,1,1.0,0.6300609351933188
train,2015-1536,4,365,2,1.0,0.34742619490160254
train,2015-1536,4,365,3,1.0,0.7794573100129709
train,2015-1536,4,365,4,1.0,0.7253628151294751
train,2015-1536,4,365,5,1.0,0.8315906470115529
train,2015-1536,4,365,6,0.0,0.1766278375354206
train,2015-1536,4,365,7,1.0,0.9155429307056124
train,2015-1536,5,366,0,0.0,0.6646176071483222
train,2015-1536,5,366,1,0.0,0.2613271819649882
train,2015-1536,5,366,2,0.0,0.2233252877443553
train,2015-1536,5,366,3,1.0,0.6191042636384338
train,2015-1536,6,367,0,1.0,0.6099883143737151
train,2015-1536,6,367,1,0.0,0.3293851353268101
train,2015-1536,7,368,0,0.0,0.5793070824898889
train,2015-352,2,414,0,1.0,0.5146084467061762
train,2015-352,2,414,1,0.0,0.6039350997674798
train,2015-352,2,414,2,0.0,0.18004604652414696
train,2015-352,2,414,3,1.0,0.467190340039874
train,2015-352,2,414,4,1.0,0.3571954144890361
train,2015-352,2,414,5,1.0,0.4530298584124933
train,2015-352,2,414,6,0.0,0.4909924987557055
train,2015-352,2,414,7,0.0,0.48514754116821374
train,2015-352,2,414,8,1.0,0.8011356029838756
train,2015-352,2,414,9,1.0,0.6977373683869963
train,2015-352,2,414,10,0.0,0.3272162328706069
train,2015-352,2,414,11,0.0,0.6573461101294139
train,2015-352,2,414,12,1.0,0.4755866931178856
train,2015-352,2,414,13,1.0,0.536350173721907
train,2015-352,2,414,14,1.0,0.797877946907154
train,2015-352,2,414,15,0.0,0.7114454248988894
train,2015-352,3,415,0,0.0,0.20565817865522126
train,2015-352,3,415,1,0.0,0.15211293624513456
train,2015-352,3,415,2,0.0,0.4362970247723636
train,2015-352,3,415,3,1.0,0.6575627129305786
train,2015-352,3,415,4,1.0,0.7629245662204005
train,2015-352,3,415,5,1.0,0.6585737717739479
train,2015-352,3,415,6,0.0,0.09388697872697845
train,2015-352,3,415,7,0.0,0.23697732999699145
train,2015-352,3,415,8,1.0,0.892118967996427
train,2015-352,3,415,9,1.0,0.2627038223711761
train,2015-352,3,415,10,0.0,0.2517640736853756
train,2015-352,3,415,11,0.0,0.19069696700675262
train,2015-352,3,415,12,0.0,0.1390635502530119
train,2015-352,3,415,13,1.0,0.711025246781727
train,2015-352,3,415,14,0.0,0.06565856641087822
train,2015-352,3,415,15,0.0,0.33107680137588846
train,2015-352,4,416,0,0.0,0.41363045709051305
train,2015-352,4,416,1,0.0,0.16298090970166035
train,2015-352,4,416,2,0.0,0.15333091974402316
train,2015-352,4,416,3,0.0,0.7707846447543315
train,2015-352,4,416,4,0.0,0.5535858968820375
train,2015-352,4,416,5,1.0,0.8510345892817166
train,2015-352,4,416,6,1.0,0.7638654998212627
train,2015-352,4,416,7,0.0,0.34650796825010066
train,2015-352,5,417,0,0.0,0.2698681122459175
train,2015-352,5,417,1,1.0,0.3494257981715044
train,2015-352,5,417,2,1.0,0.680131099655004
train,2015-352,5,417,3,0.0,0.2902430263370796
train,2015-352,6,418,0,0.0,0.2660285134396172
train,2015-352,6,418,1,0.0,0.4026831298349408
train,2015-352,7,419,0,1.0,0.664361727055933
train,2015-403,1,350,0,1.0,0.6428215347170221
train,2015-403,1,350,1,1.0,0.5627297122960985
train,2015-403,1,350,2,1.0,0.513738163031122
train,2015-403,1,350,3,1.0,0.6285126950612759
train,2015-403,1,350,4,0.0,0.6063173067527646
train,2015-403,1,350,5,1.0,0.6082706845653627
train,2015-403,1,350,6,1.0,0.33251363349373
train,2015-403,1,350,7,1.0,0.3175201945083167
train,2015-403,1,350,8,0.0,0.3842769653939779
train,2015-403,1,350,9,0.0,0.25955718454243465
train,2015-403,1,350,10,0.0,0.5719649520689692
train,2015-403,1,350,11,0.0,0.4669778411714683
train,2015-403,1,350,12,0.0,0.6200276641479232
train,2015-403,1,350,13,0.0,0.3662189590998206
train,2015-403,1,350,14,1.0,0.5110124430310552
train,2015-403,1,350,15,0.0,0.22615071161484954
train,2015-403,1,350,16,0.0,0.5401703938711065
train,2015-403,1,350,17,1.0,0.4280512191858253
train,2015-403,1,350,18,0.0,0.4498073529918954
train,2015-403,1,350,19,1.0,0.7651674372053449
train,2015-403,1,350,20,0.0,0.4049087743667613
train,2015-403,1,350,21,1.0,0.4313119729781169
train,2015-403,1,350,22,0.0,0.5703542598020449
train,2015-403,1,350,23,0.0,0.31707325235418593
train,2015-403,1,350,24,1.0,0.6881181146101274
train,2015-403,1,350,25,1.0,0.5585631029132495
train,2015-403,1,350,26,1.0,0.39316161785190756
train,2015-403,1,350,27,1.0,0.7446567789383804
train,2015-403,1,350,28,0.0,0.3310218999375731
train,2015-403,1,350,29,1.0,0.4021236228175792
train,2015-403,1,350,30,1.0,0.21941799601699064
train,2015-403,1,350,31,1.0,0.18538332890444154
train,2015-403,2,351,0,0.0,0.2290110130312281
train,2015-403,2,351,1,1.0,0.8501049103558823
train,2015-403,2,351,2,0.0,0.3580295920417387
train,2015-403,2,351,3,1.0,0.44470832172271496
train,2015-403,2,351,4,1.0,0.5221677213127105
train,2015-403,2,351,5,0.0,0.2554593266529887
train,2015-403,2,351,6,1.0,0.7516457157889042
train,2015-403,2,351,7,0.0,0.06910030014862346
train,2015-403,2,351,8,1.0,0.8847348110456281
train,2015-403,2,351,9,0.0,0.6003572928455972
train,2015-403,2,351,10,0.0,0.3409430109902658
train,2015-403,2,351,11,0.0,0.7262967103701129
train,2015-403,2,351,12,1.0,0.2954133279979471
train,2015-403,2,351,13,0.0,0.5020644798210299
train,2015-403,2,351,14,0.0,0.16663981992470833
train,2015-403,2,351,15,1.0,0.8502032850557105
train,2015-403,2,351,16,1.0,0.8415629614316011
train,2015-403,2,351,17,0.0,0.16134030448408127
train,2015-403,2,351,18,1.0,0.6222737887997821
train,2015-403,2,351,19,0.0,0.2697829902889394
train,2015-403,2,351,20,0.0,0.48121956501498103
train,2015-403,2,351,21,1.0,0.662724914114987
train,2015-403,2,351,22,0.0,0.4469846515773834
train,2015-403,2,351,23,0.0,0.33503614456965636
train,2015-403,2,351,24,1.0,0.7292721307739172
train,2015-403,2,351,25,0.0,0.4979722398364546
train,2015-403,2,351,26,1.0,0.7814832774580439
train,2015-403,2,351,27,1.0,0.48345625730159153
train,2015-403,2,351,28,0.0,0.11053301208661083
train,2015-403,2,351,29,1.0,0.4451852365839136
train,2015-403,2,351,30,0.0,0.07157703083655242
train,2015-403,2,351,31,1.0,0.5838308647424676
train,2015-403,3,352,0,1.0,0.9531022236134289
train,2015-403,3,352,1,1.0,0.3682110118638974
train,2015-403,3,352,2,0.0,0.2185216337234338
train,2015-403,3,352,3,0.0,0.13300131466347473
train,2015-403,3,352,4,0.0,0.20388115251438033
train,2015-403,3,352,5,0.0,0.29562719255015896
train,2015-403,3,352,6,0.0,0.5767969065262507
train,2015-403,3,352,7,0.0,0.8493187916651725
train,2015-403,3,352,8,0.0,0.8391335721681642
train,2015-403,3,352,9,0.0,0.440411179523745
train,2015-403,3,352,10,0.0,0.7691005249247663
train,2015-403,3,352,11,0.0,0.1624359785474345
train,2015-403,3,352,12,1.0,0.8678858459133888
train,2015-403,3,352,13,1.0,0.7421633998685357
train,2015-403,3,352,14,0.0,0.5143229170893134
train,2015-403,3,352,15,1.0,0.7065567907713921
train,2015-403,4,353,0,1.0,0.8233029653707011
train,2015-403,4,353,1,0.0,0.263424058791031
train,2015-403,4,353,2,1.0,0.48249575603881195
train,2015-403,4,353,3,1.0,0.29296482153936254
train,2015-403,4,353,4,1.0,0.8082543077463197
train,2015-403,4,353,5,1.0,0.6945327775989131
train,2015-403,4,353,6,0.0,0.12551818032690049
train,2015-403,4,353,7,0.0,0.6245073278748327
train,2015-403,5,354,0,0.0,0.17669325011245765
train,2015-403,5,354,1,0.0,0.11595575200864872
train,2015-403,5,354,2,0.0,0.6698708136754463
train,2015-403,5,354,3,1.0,0.6934443615064362
train,2015-403,6,355,0,0.0,0.4608475349022259
train,2015-403,6,355,1,1.0,0.8662063043336448
train,2015-403,7,356,0,1.0,0.6813445403328469
train,2015-404,1,343,0,0.0,0.41227591209967496
train,2015-404,1,343,1,1.0,0.5377264447746135
train,2015-404,1,343,2,1.0,0.7328471417355225
train,2015-404,1,343,3,0.0,0.5110673844078685
train,2015-404,1,343,4,1.0,0.5025198867526699
train,2015-404,1,343,5,0.0,0.6138087881499864
train,2015-404,1,343,6,1.0,0.7211784866371251
train,2015-404,1,343,7,1.0,0.5056299209737459
train,2015-404,1,343,8,1.0,0.6764981939637386
train,2015-404,1,343,9,1.0,0.5276452818388213
train,2015-404,1,343,10,1.0,0.46299667459548377
train,2015-404,1,343,11,1.0,0.5910676635835415
train,2015-404,1,343,12,0.0,0.5858419180366968
train,2015-404,1,343,13,0.0,0.5386972601059657
train,2015-404,1,343,14,1.0,0.6186062681740079
train,2015-404,1,343,15,0.0,0.4690218681764047
train,2015-404,1,343,16,0.0,0.24908979602951703
train,2015-404,1,343,17,0.0,0.5274027741806596
train,2015-404,1,343,18,1.0,0.6224394810128211
train,2015-404,1,343,19,1.0,0.510706816624251
train,2015-404,1,343,20,1.0,0.4907832359098297
train,2015-404,1,343,21,1.0,0.6164478392805607
train,2015-404,1,343,22,1.0,0.6693329583428004
train,2015-404,1,343,23,0.0,0.43399185468468426
train,2015-404,1,343,24,0.0,0.2751377655849743
train,2015-404,1,343,25,1.0,0.23997707098449933
train,2015-404,1,343,26,1.0,0.28923343623507847
train,2015-404,1,343,27,1.0,0.43128531824370697
train,2015-404,1,343,28,1.0,0.7810293512877908
train,2015-404,1,343,29,0.0,0.6346135636176852
train,2015-404,1,343,30,1.0,0.34991708935795196
train,2015-404,1,343,31,0.0,0.5662419404436467
train,2015-404,2,344,0,0.0,0.4464431493999929
train,2015-404,2,344,1,0.0,0.08387411651834058
train,2015-404,2,344,2,0.0,0.3000881807284394
train,2015-404,2,344,3,0.0,0.47871256845573085
train,2015-404,2,344,4,1.0,0.8693710392449258
train,2015-404,2,344,5,1.0,0.4898799813684231
train,2015-404,2,344,6,0.0,0.49439824046693953
train,2015-404,2,344,7,1.0,0.18009299727509404
train,2015-404,2,344,8,0.0,0.6968790832436229
train,2015-404,2,344,9,1.0,0.13728846412266085
train,2015-404,2,344,10,1.0,0.8056664457867828
train,2015-404,2,344,11,1.0,0.7481255309463031
train,2015-404,2,344,12,0.0,0.2616528842687291
train,2015-404,2,344,13,1.0,0.8451666104744747
train,2015-404,2,344,14,1.0,0.6371530121068889
train,2015-404,2,344,15,1.0,0.8220350841299713
train,2015-404,2,344,16,0.0,0.28229657639551337
train,2015-404,2,344,17,0.0,0.23739032101762056
train,2015-404,2,344,18,1.0,0.7903284144248869
train,2015-404,2,344,19,0.0,0.3285114241593412
train,2015-404,2,344,20,1.0,0.6344510819492534
train,2015-404,2,344,21,0.0,0.6922064089934403
train,2015-404,2,344,22,1.0,0.7341132207388713
train,2015-404,2,344,23,1.0,0.843597109602207
train,2015-404,2,344,24,0.0,0.18530325972926295
train,2015-404,2,344,25,0.0,0.6763776848527397
train,2015-404,2,344,26,1.0,0.31832354477165575
train,2015-404,2,344,27,0.0,0.23194484916132874
train,2015-404,2,344,28,0.0,0.3923298347003462
train,2015-404,2,344,29,1.0,0.3027135548426171
train,2015-404,2,344,30,0.0,0.11576080136828058
train,2015-404,2,344,31,0.0,0.671361355197045
train,2015-404,3,345,0,1.0,0.7237765406439438
train,2015-404,3,345,1,0.0,0.6275070147609192
train,2015-404,3,345,2,1.0,0.17359797478976507
train,2015-404,3,345,3,0.0,0.721702862253396
train,2015-404,3,345,4,1.0,0.4165284735034642
train,2015-404,3,345,5,1.0,0.8928107734435826
train,2015-404,3,345,6,0.0,0.23227118372312852
train,2015-404,3,345,7,0.0,0.33778323139580274
train,2015-404,3,345,8,0.0,0.6011962767106115
train,2015-404,3,345,9,0.0,0.2223238007485071
train,2015-404,3,345,10,1.0,0.37806764393943465
train,2015-404,3,345,11,1.0,0.8449645698997746
train,2015-404,3,345,12,1.0,0.5131621441706335
train,2015-404,3,345,13,1.0,0.8693114908769415
train,2015-404,3,345,14,1.0,0.8464901551179743
train,2015-404,3,345,15,0.0,0.2985211148037959
train,2015-404,4,346,0,0.0,0.17169215747672542
train,2015-404,4,346,1,1.0,0.8672677828464272
train,2015-404,4,346,2,1.0,0.6923357466432908
train,2015-404,4,346,3,0.0,0.2963356413870398
train,2015-404,4,346,4,1.0,0.3528550567447558
train,2015-404,4,346,5,1.0,0.8506070766269208
train,2015-404,4,346,6,1.0,0.6906873475697951
train,2015-404,4,346,7,1.0,0.8205601470026345
train,2015-404,5,347,0,1.0,0.5779115272764204
train,2015-404,5,347,1,0.0,0.6323655587039756
train,2015-404,5,347,2,1.0,0.739057768567752
train,2015-404,5,347,3,0.0,0.12505828824179008
train,2015-404,6,348,0,0.0,0.3664363986109838
train,2015-404,6,348,1,0.0,0.3631728055090198
train,2015-404,7,349,0,1.0,0.5958727716683322
train,2015-410,2,357,0,0.0,0.5014027818185618
train,2015-410,2,357,1,0.0,0.4476136408708007
train,2015-410,2,357,2,1.0,0.2758433308681452
train,2015-410,2,357,3,0.0,0.13096760605066401
train,2015-410,2,357,4,1.0,0.34000451538816323
train,2015-410,2,357,5,1.0,0.35061522175218257
train,2015-410,2,357,6,1.0,0.5100280795946345
train,2015-410,2,357,7,1.0,0.7355711695544137
train,2015-410,2,357,8,0.0,0.12165110309697483
train,2015-410,2,357,9,1.0,0.6864809420016066
train,2015-410,2,357,10,0.0,0.6225858906816233
train,2015-410,2,357,11,1.0,0.7434890764340586
train,2015-410,2,357,12,0.0,0.2737699354442067
train,2015-410,2,357,13,0.0,0.4510085768473168
train,2015-410,2,357,14,0.0,0.1907975473640435
train,2015-410,2,357,15,1.0,0.8085196708215765
train,2015-410,2,357,16,0.0,0.42828131508594736
train,2015-410,2,357,17,0.0,0.3466402261733209
train,2015-410,2,357,18,1.0,0.686929014092788
train,2015-410,2,357,19,1.0,0.4712352411424186
train,2015-410,2,357,20,1.0,0.6254611568630819
train,2015-410,2,357,21,1.0,0.5100306915425791
train,2015-410,2,357,22,1.0,0.6321428018940408
train,2015-410,2,357,23,1.0,0.5909621626262641
train,2015-410,3,358,0,1.0,0.8160941135215478
train,2015-410,3,358,1,0.0,0.614351494974654
train,2015-410,3,358,2,1.0,0.568422346446394
train,2015-410,3,358,3,1.0,0.795779404029205
train,2015-410,3,358,4,0.0,0.2526889264749515
train,2015-410,3,358,5,1.0,0.5861951832229451
train,2015-410,3,358,6,1.0,0.363435373438136
train,2015-410,3,358,7,1.0,0.8789280314780283
train,2015-410,3,358,8,1.0,0.6990453373486059
train,2015-410,3,358,9,1.0,0.8416511083243723
train,2015-410,3,358,10,1.0,0.9436280754039474
train,2015-410,3,358,11,1.0,0.7197889565239718
train,2015-410,3,358,12,0.0,0.0799306145658325
train,2015-410,3,358,13,0.0,0.668979108834843
train,2015-410,3,358,14,1.0,0.8158844651750167
train,2015-410,3,358,15,1.0,0.9331992111986852
train,2015-410,4,359,0,1.0,0.9490492476360196
train,2015-410,4,359,1,0.0,0.6197195505442361
train,2015-410,4,359,2,0.0,0.8648707894728456
train,2015-410,4,359,3,1.0,0.6941314458823958
train,2015-410,4,359,4,1.0,0.8182954089508288
train,2015-410,4,359,5,1.0,0.705825852475006
train,2015-410,4,359,6,0.0,0.6779147075721418
train,2015-410,4,359,7,0.0,0.18105996197394106
train,2015-410,5,360,0,1.0,0.8370776915435938
train,2015-410,5,360,1,0.0,0.39724558584499403
train,2015-410,5,360,2,1.0,0.5916387684104918
train,2015-410,5,360,3,0.0,0.674739419339175
train,2015-410,6,361,0,0.0,0.3898142219132324
train,2015-410,6,361,1,1.0,0.815278546426411
train,2015-410,7,362,0,1.0,0.7151394233196873
train,2015-416,2,369,0,1.0,0.809971733306995
train,2015-416,2,369,1,1.0,0.6273467186614602
train,2015-416,2,369,2,0.0,0.4922364863432922
train,2015-416,2,369,3,1.0,0.7275556403840189
train,2015-416,2,369,4,0.0,0.5519129961478559
train,2015-416,2,369,5,1.0,0.3014225520207369
train,2015-416,2,369,6,1.0,0.7421504186184565
train,2015-416,2,369,7,0.0,0.2491740257710301
train,2015-416,2,369,8,1.0,0.25972472237075667
train,2015-416,2,369,9,0.0,0.35078743951769126
train,2015-416,2,369,10,1.0,0.8942050078963306
train,2015-416,2,369,11,1.0,0.6888342256470847
train,2015-416,2,369,12,0.0,0.4811978701599648
train,2015-416,2,369,13,1.0,0.7046484596870192
train,2015-416,2,369,14,1.0,0.44825074544876686
train,2015-416,2,369,15,0.0,0.2599042175956131
train,2015-416,2,369,16,0.0,0.28984664268452803
train,2015-416,2,369,17,0.0,0.31814455977278044
train,2015-416,2,369,18,1.0,0.7315019386286413
train,2015-416,2,369,19,1.0,0.2788156863363589
train,2015-416,2,369,20,0.0,0.24786851697212375
train,2015-416,2,369,21,1.0,0.7448783937537462
train,2015-416,2,369,22,1.0,0.7644083253543608
train,2015-416,2,369,23,0.0,0.7604528039937956
train,2015-416,3,370,0,1.0,0.5335706323193248
train,2015-416,3,370,1,1.0,0.4010920634811426
train,2015-416,3,370,2,1.0,0.9353579606308516
train,2015-416,3,370,3,1.0,0.9532512917400343
train,2015-416,3,370,4,0.0,0.8076934676062295
train,2015-416,3,370,5,0.0,0.7721366910502924
train,2015-416,3,370,6,1.0,0.7788536287124105
train,2015-416,3,370,7,1.0,0.6820345738701965
train,2015-416,3,370,8,0.0,0.6461624360343193
train,2015-416,3,370,9,1.0,0.9191027968008323
train,2015-416,3,370,10,1.0,0.7280696109540628
train,2015-416,3,370,11,0.0,0.20971753629183149
train,2015-416,3,370,12,0.0,0.703889925462484
train,2015-416,3,370,13,1.0,0.322804162431655
train,2015-416,3,370,14,0.0,0.15301888748795284
train,2015-416,3,370,15,1.0,0.8943104456945308
train,2015-416,4,371,0,0.0,0.06168287917447102
train,2015-416,4,371,1,0.0,0.23083427680561927
train,2015-416,4,371,2,0.0,0.8801114421921398
train,2015-416,4,371,3,0.0,0.1340146163236638
train,2015-416,4,371,4,0.0,0.1575048432537365
train,2015-416,4,371,5,1.0,0.8023710992279174
train,2015-416,4,371,6,1.0,0.746287841142661
train,2015-416,4,371,7,0.0,0.19437831098988861
train,2015-416,5,372,0,0.0,0.21221556780858397
train,2015-416,5,372,1,1.0,0.8647205481498735
train,2015-416,5,372,2,0.0,0.6898226874389931
train,2015-416,5,372,3,0.0,0.41536723787753793
train,2015-416,6,373,0,1.0,0.6931167414593356
train,2015-416,6,373,1,1.0,0.6478904805564459
train,2015-416,7,374,0,1.0,0.6422912146544788
train,2015-421,2,389,0,0.0,0.31000703532881096
train,2015-421,2,389,1,1.0,0.5205944285524277
train,2015-421,2,389,2,1.0,0.5102253705495814
train,2015-421,2,389,3,0.0,0.35082220022777993
train,2015-421,2,389,4,1.0,0.2551746145310881
train,2015-421,2,389,5,0.0,0.3818765599211939
train,2015-421,2,389,6,0.0,0.44336100390207844
train,2015-421,2,389,7,1.0,0.4755246169554964
train,2015-421,2,389,8,0.0,0.2596453969088738
train,2015-421,2,389,9,1.0,0.7356307548094054
train,2015-421,2,389,10,0.0,0.27114046353356414
train,2015-421,2,389,11,0.0,0.6443484260882675
train,2015-421,2,389,12,1.0,0.3343061200587059
train,2015-421,2,389,13,1.0,0.6209786548943834
train,2015-421,2,389,14,1.0,0.6827055240895227
train,2015-421,2,389,15,1.0,0.48775113689025446
train,2015-421,2,389,16,1.0,0.43001879168988594
train,2015-421,2,389,17,0.0,0.13495209508373904
train,2015-421,2,389,18,1.0,0.6722700173751485
train,2015-421,2,389,19,0.0,0.3083961648267668
train,2015-421,2,389,20,1.0,0.5791864344263578
train,2015-421,2,389,21,0.0,0.43946250516379026
train,2015-421,2,389,22,1.0,0.676604136622747
train,2015-421,2,389,23,1.0,0.5632818226235543
train,2015-421,3,390,0,0.0,0.21918854798298773
train,2015-421,3,390,1,1.0,0.2934272442362794
train,2015-421,3,390,2,0.0,0.3103433888703503
train,2015-421,3,390,3,1.0,0.29094224888885045
train,2015-421,3,390,4,0.0,0.2113566716661516
train,2015-421,3,390,5,0.0,0.09006876029657716
train,2015-421,3,390,6,0.0,0.6809008818988896
train,2015-421,3,390,7,1.0,0.17061198826315035
train,2015-421,3,390,8,1.0,0.6809338892340272
train,2015-421,3,390,9,1.0,0.4548854535498576
train,2015-421,3,390,10,1.0,0.7210223430791357
train,2015-421,3,390,11,1.0,0.14450300724349283
train,2015-421,3,390,12,0.0,0.3908334698217752
train,2015-421,3,390,13,0.0,0.8753511813205774
train,2015-421,3,390,14,0.0,0.06292640445757924
train,2015-421,3,390,15,1.0,0.2430854072608957
train,2015-421,4,391,0,1.0,0.9245680406801079
train,2015-421,4,391,1,0.0,0.33867673707102497
train,2015-421,4,391,2,1.0,0.7168131671921627
train,2015-421,4,391,3,1.0,0.8483290086584564
train,2015-421,4,391,4,1.0,0.7951072866629875
train,2015-421,4,391,5,0.0,0.22507087585940294
train,2015-421,4,391,6,0.0,0.09683182262621416
train,2015-421,4,391,7,1.0,0.7295858272400473
train,2015-421,5,392,0,1.0,0.4638325881541436
train,2015-421,5,392,1,1.0,0.8947826846649333
train,2015-421,5,392,2,1.0,0.30803838856452304
train,2015-421,5,392,3,0.0,0.3224754994176902
train,2015-421,6,393,0,1.0,0.8583802771069767
train,2015-421,6,393,1,0.0,0.34659413642529346
train,2015-421,7,394,0,1.0,0.3373262810492357
train,2015-422,2,395,0,1.0,0.31635250563573364
train,2015-422,2,395,1,0.0,0.3816709039176425
train,2015-422,2,395,2,1.0,0.2902138684048738
train,2015-422,2,395,3,0.0,0.7769636165322582
train,2015-422,2,395,4,1.0,0.49566527440733954
train,2015-422,2,395,5,0.0,0.40561977066718125
train,2015-422,2,395,6,1.0,0.5992465891234976
train,2015-422,2,395,7,1.0,0.30573557900796805
train,2015-422,2,395,8,0.0,0.5315087229992328
train,2015-422,2,395,9,1.0,0.6768185246791145
train,2015-422,2,395,10,1.0,0.5228872824088421
train,2015-422,2,395,11,0.0,0.6902346247996511
train,2015-422,2,395,12,0.0,0.47123343596073913
train,2015-422,2,395,13,0.0,0.23372955309771182
train,2015-422,2,395,14,0.0,0.7679239903040227
train,2015-422,2,395,15,0.0,0.28013686010780076
train,2015-422,2,395,16,0.0,0.23071011414146536
train,2015-422,2,395,17,0.0,0.26866386275248877
train,2015-422,2,395,18,1.0,0.6142428462571512
train,2015-422,2,395,19,1.0,0.8160519679673758
train,2015-422,2,395,20,0.0,0.6574362621432516
train,2015-422,2,395,21,0.0,0.39608449415911956
train,2015-422,2,395,22,1.0,0.7566496339542711
train,2015-422,2,395,23,1.0,0.3315063141774552
train,2015-422,3,396,0,1.0,0.8070340968659366
train,2015-422,3,396,1,0.0,0.2683508804260237
train,2015-422,3,396,2,0.0,0.3854556182390506
train,2015-422,3,396,3,1.0,0.8059344960352524
train,2015-422,3,396,4,0.0,0.17489202413594093
train,2015-422,3,396,5,0.0,0.23770595365723687
train,2015-422,3,396,6,0.0,0.2652762924703825
train,2015-422,3,396,7,1.0,0.8697454301722769
train,2015-422,3,396,8,0.0,0.3516548292592624
train,2015-422,3,396,9,0.0,0.06825463178422794
train,2015-422,3,396,10,0.0,0.19340509141203133
train,2015-422,3,396,11,1.0,0.6108165461187425
train,2015-422,3,396,12,0.0,0.5153223635622445
train,2015-422,3,396,13,0.0,0.11010013707931093
train,2015-422,3,396,14,1.0,0.38279029399261516
train,2015-422,3,396,15,1.0,0.9161891037909377
train,2015-422,4,397,0,0.0,0.0848293196950706
train,2015-422,4,397,1,0.0,0.15132039696753888
train,2015-422,4,397,2,1.0,0.7322622106986668
train,2015-422,4,397,3,1.0,0.5710253747651028
train,2015-422,4,397,4,1.0,0.7338128088921648
train,2015-422,4,397,5,0.0,0.7987263008606652
train,2015-422,4,397,6,0.0,0.25327453571250547
train,2015-422,4,397,7,1.0,0.5347346500153083
train,2015-422,5,398,0,1.0,0.7386574979902297
train,2015-422,5,398,1,1.0,0.22446262625743277
train,2015-422,5,398,2,1.0,0.7308324713271482
train,2015-422,5,398,3,0.0,0.22661258841135196
train,2015-422,6,399,0,0.0,0.12128577349680869
train,2015-422,6,399,1,1.0,0.4940746158850613
train,2015-422,7,400,0,1.0,0.35115692642945356
train,2015-5014,2,408,0,1.0,0.6922947458319761
train,2015-5014,2,408,1,1.0,0.5051878077285856
train,2015-5014,2,408,2,0.0,0.2535272069869817
train,2015-5014,2,408,3,0.0,0.44064238813837026
train,2015-5014,2,408,4,1.0,0.4268378371732795
train,2015-5014,2,408,5,0.0,0.642635918298101
train,2015-5014,2,408,6,0.0,0.3282607011346596
train,2015-5014,2,408,7,0.0,0.29239826383437256
train,2015-5014,2,408,8,0.0,0.1483672299023416
train,2015-5014,2,408,9,1.0,0.7582023987926441
train,2015-5014,2,408,10,0.0,0.39812631542861027
train,2015-5014,2,408,11,0.0,0.7000586488839949
train,2015-5014,2,408,12,0.0,0.20784856863915513
train,2015-5014,2,408,13,1.0,0.8045064079486679
train,2015-5014,2,408,14,0.0,0.3156757717699234
train,2015-5014,2,408,15,0.0,0.5740669139176993
train,2015-5014,2,408,16,1.0,0.6335452782827066
train,2015-5014,2,408,17,0.0,0.2812272601735061
train,2015-5014,2,408,18,1.0,0.40996097030997836
train,2015-5014,2,408,19,1.0,0.5692567766776472
train,2015-5014,2,408,20,1.0,0.5431645125927633
train,2015-5014,2,408,21,0.0,0.7137658773240154
train,2015-5014,2,408,22,0.0,0.16896305173772383
train,2015-5014,2,408,23,1.0,0.6755976307067572
train,2015-5014,3,409,0,0.0,0.861026513640975
train,2015-5014,3,409,1,1.0,0.8359988108815343
train,2015-5014,3,409,2,1.0,0.6066670135708703
train,2015-5014,3,409,3,0.0,0.213637090047019
train,2015-5014,3,409,4,0.0,0.34966049580034136
train,2015-5014,3,409,5,0.0,0.23774398583462783
train,2015-5014,3,409,6,0.0,0.19079031086736367
train,2015-5014,3,409,7,0.0,0.2695843517820983
train,2015-5014,3,409,8,1.0,0.6705294861499507
train,2015-5014,3,409,9,1.0,0.8189277654947928
train,2015-5014,3,409,10,1.0,0.8552809366291908
train,2015-5014,3,409,11,0.0,0.801358445931752
train,2015-5014,3,409,12,0.0,0.1457295365036282
train,2015-5014,3,409,13,0.0,0.3031520350127134
train,2015-5014,3,409,14,1.0,0.7448694448110724
train,2015-5014,3,409,15,1.0,0.888141920472164
train,2015-5014,4,410,0,0.0,0.21994977717150097
train,2015-5014,4,410,1,0.0,0.7218370187132376
train,2015-5014,4,410,2,1.0,0.6478959896139221
train,2015-5014,4,410,3,1.0,0.6360232377414399
train,2015-5014,4,410,4,1.0,0.6729082893838401
train,2015-5014,4,410,5,1.0,0.43443995920486717
train,2015-5014,4,410,6,1.0,0.7939783338235132
train,2015-5014,4,410,7,1.0,0.7000299754425396
train,2015-5014,5,411,0,0.0,0.4523978870707554
train,2015-5014,5,411,1,1.0,0.863302424597258
train,2015-5014,5,411,2,1.0,0.5941916838112953
train,2015-5014,5,411,3,1.0,0.5632653172814823
train,2015-5014,6,412,0,0.0,0.3790035316800764
train,2015-5014,6,412,1,1.0,0.35188737288022914
train,2015-5014,7,413,0,1.0,0.7133070994625997
train,2015-520,1,375,0,1.0,0.9097424471448097
train,2015-520,1,375,1,1.0,0.1837458740319305
train,2015-520,1,375,2,1.0,0.6470121228469399
train,2015-520,1,375,3,1.0,0.6062833558849022
train,2015-520,1,375,4,1.0,0.8365517253880584
train,2015-520,1,375,5,0.0,0.6325529874495781
train,2015-520,1,375,6,1.0,0.7790440535409241
train,2015-520,1,375,7,0.0,0.35603686404029544
train,2015-520,1,375,8,0.0,0.17566809970614775
train,2015-520,1,375,9,0.0,0.4296595191342717
train,2015-520,1,375,10,0.0,0.26978318490824815
train,2015-520,1,375,11,0.0,0.6158236973909297
train,2015-520,1,375,12,1.0,0.4792660990869374
train,2015-520,1,375,13,0.0,0.05004532116296923
train,2015-520,1,375,14,1.0,0.9609166475545534
train,2015-520,1,375,15,0.0,0.5505588993306452
train,2015-520,1,375,16,1.0,0.5253653390264544
train,2015-520,1,375,17,1.0,0.560046792093857
train,2015-520,1,375,18,1.0,0.7867272920932569
train,2015-520,1,375,19,0.0,0.7657603487873665
train,2015-520,1,375,20,1.0,0.5798459535903584
train,2015-520,1,375,21,1.0,0.214206018760124
train,2015-520,1,375,22,1.0,0.7884452898818266
train,2015-520,1,375,23,1.0,0.643884761825226
train,2015-520,1,375,24,0.0,0.31241630257657477
train,2015-520,1,375,25,0.0,0.09414810168984711
train,2015-520,1,375,26,1.0,0.7629851548646029
train,2015-520,1,375,27,1.0,0.6558049539775476
train,2015-520,1,375,28,1.0,0.4716301306690977
train,2015-520,1,375,29,1.0,0.9236780253024076
train,2015-520,1,375,30,0.0,0.21511288334961293
train,2015-520,1,375,31,0.0,0.386125954982977
train,2015-520,1,375,32,1.0,0.6897055464736516
train,2015-520,1,375,33,0.0,0.6238254234633636
train,2015-520,1,375,34,1.0,0.8490782488813159
train,2015-520,1,375,35,0.0,0.44378428786560775
train,2015-520,1,375,36,0.0,0.41428592045595763
train,2015-520,1,375,37,0.0,0.09687885278667231
train,2015-520,1,375,38,0.0,0.5861604884248532
train,2015-520,1,375,39,0.0,0.36194124273301204
train,2015-520,1,375,40,1.0,0.8542483652856145
train,2015-520,1,375,41,1.0,0.769671258772554
train,2015-520,1,375,42,1.0,0.7254578612440471
train,2015-520,1,375,43,0.0,0.3168146667330381
train,2015-520,1,375,44,0.0,0.5726361347157287
train,2015-520,1,375,45,0.0,0.38167432339884394
train,2015-520,1,375,46,0.0,0.371899887462873
train,2015-520,1,375,47,1.0,0.9212428425306348
train,2015-520,1,375,48,0.0,0.060064669672416936
train,2015-520,1,375,49,0.0,0.49547693841839757
train,2015-520,1,375,50,1.0,0.6429534742673556
train,2015-520,1,375,51,1.0,0.8111137661496932
train,2015-520,1,375,52,1.0,0.47242334495550276
train,2015-520,1,375,53,1.0,0.6834175278005568
train,2015-520,1,375,54,0.0,0.151683745341068
train,2015-520,1,375,55,0.0,0.36864427800822624
train,2015-520,1,375,56,0.0,0.22511853164237278
train,2015-520,1,375,57,1.0,0.6929988780006348
train,2015-520,1,375,58,0.0,0.24118513388652826
train,2015-520,1,375,59,0.0,0.08178561690797656
train,2015-520,1,375,60,1.0,0.42168737660108296
train,2015-520,1,375,61,0.0,0.4324663005554289
train,2015-520,1,375,62,1.0,0.788363527426288
train,2015-520,1,375,63,1.0,0.24247576168836701
train,2015-520,2,376,0,1.0,0.2952979490892921
train,2015-520,2,376,1,1.0,0.34866997907802094
train,2015-520,2,376,2,0.0,0.6655888416598442
train,2015-520,2,376,3,1.0,0.861323121811411
train,2015-520,2,376,4,1.0,0.29080765625722205
train,2015-520,2,376,5,1.0,0.3140978260559695
train,2015-520,2,376,6,1.0,0.40460343844825075
train,2015-520,2,376,7,1.0,0.8864200696005873
train,2015-520,2,376,8,1.0,0.5124838180529853
train,2015-520,2,376,9,0.0,0.6942852736992463
train,2015-520,2,376,10,1.0,0.7647770354438088
train,2015-520,2,376,11,0.0,0.15472033330664217
train,2015-520,2,376,12,1.0,0.8536030703135654
train,2015-520,2,376,13,0.0,0.10298049343200226
train,2015-520,2,376,14,0.0,0.18664697384828527
train,2015-520,2,376,15,1.0,0.36684902956046467
train,2015-520,2,376,16,1.0,0.8764655093655063
train,2015-520,2,376,17,0.0,0.5559960778240569
train,2015-520,2,376,18,1.0,0.530208587969677
train,2015-520,2,376,19,0.0,0.32117023825145896
train,2015-520,2,376,20,1.0,0.8989317929837909
train,2015-520,2,376,21,1.0,0.8692797123388383
train,2015-520,2,376,22,0.0,0.6301992895045325
train,2015-520,2,376,23,0.0,0.8231365593839995
train,2015-520,2,376,24,1.0,0.6022575450208891
train,2015-520,2,376,25,0.0,0.25954262852497295
train,2015-520,2,376,26,0.0,0.7021663479305581
train,2015-520,2,376,27,1.0,0.3027813072552365
train,2015-520,2,376,28,1.0,0.4299505161492409
train,2015-520,2,376,29,1.0,0.8624409824079009
train,2015-520,2,376,30,1.0,0.9496784239785268
train,2015-520,2,376,31,0.0,0.2447934428331938
train,2015-520,3,377,0,1.0,0.8025639057601296
train,2015-520,3,377,1,1.0,0.5697380219299087
train,2015-520,3,377,2,0.0,0.05694410523985274
train,2015-520,3,377,3,0.0,0.2988116030962051
train,2015-520,3,377,4,0.0,0.133541936800965
train,2015-520,3,377,5,0.0,0.1486780132149098
train,2015-520,3,377,6,1.0,0.7969177648012528
train,2015-520,3,377,7,0.0,0.5863189844882009
train,2015-520,3,377,8,1.0,0.841280093118241
train,2015-520,3,377,9,1.0,0.8942984720963655
train,2015-520,3,377,10,1.0,0.7539812007612022
train,2015-520,3,377,11,0.0,0.30430715259642943
train,2015-520,3,377,12,0.0,0.09813127097688869
train,2015-520,3,377,13,1.0,0.9244016724783918
train,2015-520,3,377,14,0.0,0.32024945865509774
train,2015-520,3,377,15,0.0,0.042973371619106644
train,2015-520,4,378,0,1.0,0.8626896667459014
train,2015-520,4,378,1,0.0,0.3324085890752344
train,2015-520,4,378,2,1.0,0.36364066527516337
train,2015-520,4,378,3,0.0,0.15063748292230617
train,2015-520,4,378,4,1.0,0.7362342983003829
train,2015-520,4,378,5,1.0,0.7921627268064928
train,2015-520,4,378,6,1.0,0.9104957703579474
train,2015-520,4,378,7,1.0,0.8274028398449721
train,2015-520,5,379,0,0.0,0.6546443574587609
train,2015-520,5,379,1,1.0,0.4836002591716151
train,2015-520,5,379,2,1.0,0.533360114491799
train,2015-520,5,379,3,0.0,0.37519407903230734
train,2015-520,6,380,0,0.0,0.4221431832321511
train,2015-520,6,380,1,0.0,0.3249355405888979
train,2015-520,7,381,0,1.0,0.23955437459491072
train,2015-540,1,382,0,1.0,0.5517482229228696
train,2015-540,1,382,1,1.0,0.6503369581643889
train,2015-540,1,382,2,0.0,0.11691708467134818
train,2015-540,1,382,3,0.0,0.37059272424463635
train,2015-540,1,382,4,0.0,0.423159934530127
train,2015-540,1,382,5,0.0,0.18049157955784162
train,2015-540,1,382,6,1.0,0.9373968273335881
train,2015-540,1,382,7,0.0,0.7489758281832894
train,2015-540,1,382,8,1.0,0.5462274804316712
train,2015-540,1,382,9,1.0,0.1436820150370637
train,2015-540,1,382,10,1.0,0.6126411649009953
train,2015-540,1,382,11,1.0,0.6624823381952226
train,2015-540,1,382,12,0.0,0.6285204478574287
train,2015-540,1,382,13,1.0,0.8671048213679724
train,2015-540,1,382,14,0.0,0.1549755485857773
train,2015-540,1,382,15,0.0,0.3667587785139686
train,2015-540,1,382,16,0.0,0.267849495666141
train,2015-540,1,382,17,0.0,0.5919290140319491
train,2015-540,1,382,18,1.0,0.8090591369818058
train,2015-540,1,382,19,1.0,0.6042452038484203
train,2015-540,1,382,20,1.0,0.4457062653045492
train,2015-540,1,382,21,1.0,0.8723808711805103
train,2015-540,1,382,22,0.0,0.1571319653889472
train,2015-540,1,382,23,1.0,0.20554858161306147
train,2015-540,1,382,24,1.0,0.6110934924509269
train,2015-540,1,382,25,1.0,0.6413557328267172
train,2015-540,1,382,26,1.0,0.668044662156935
train,2015-540,1,382,27,0.0,0.45380903907607706
train,2015-540,1,382,28,1.0,0.5835038456344012
train,2015-540,1,382,29,0.0,0.11987551682878825
train,2015-540,1,382,30,0.0,0.7061652564124307
train,2015-540,1,382,31,0.0,0.417222066828239
train,2015-540,1,382,32,1.0,0.639740528771821
train,2015-540,1,382,33,0.0,0.14536870592795087
train,2015-540,1,382,34,1.0,0.4948898553741396
train,2015-540,1,382,35,1.0,0.32463157025252365
train,2015-540,1,382,36,0.0,0.18399056411645162
train,2015-540,1,382,37,0.0,0.6056784028030568
train,2015-540,1,382,38,1.0,0.45542188327012695
train,2015-540,1,382,39,0.0,0.1854909198858764
train,2015-540,1,382,40,1.0,0.7083019184771552
train,2015-540,1,382,41,0.0,0.29749884831701745
train,2015-540,1,382,42,0.0,0.31794488300971835
train,2015-540,1,382,43,0.0,0.29256963809653413
train,2015-540,1,382,44,0.0,0.4537776719924926
train,2015-540,1,382,45,0.0,0.6315506707727889
train,2015-540,1,382,46,0.0,0.3535872234708421
train,2015-540,1,382,47,0.0,0.24395925509907118
train,2015-540,1,382,48,0.0,0.3460652056072875
train,2015-540,1,382,49,1.0,0.5002529236995288
train,2015-540,1,382,50,0.0,0.09837728735461823
train,2015-540,1,382,51,1.0,0.495483650456709
train,2015-540,1,382,52,0.0,0.2713299046326202
train,2015-540,1,382,53,1.0,0.7464125235702409
train,2015-540,1,382,54,1.0,0.321636365808597
train,2015-540,1,382,55,0.0,0.7110021510360222
train,2015-540,1,382,56,1.0,0.6901118886557326
train,2015-540,1,382,57,1.0,0.855729178993563
train,2015-540,1,382,58,0.0,0.5657847503351536
train,2015-540,1,382,59,1.0,0.8025689323871045
train,2015-540,1,382,60,1.0,0.707862619754381
train,2015-540,1,382,61,1.0,0.8332637418119846
train,2015-540,1,382,62,1.0,0.37918525942502596
train,2015-540,1,382,63,1.0,0.9148770748013593
train,2015-540,2,383,0,1.0,0.056322791806415695
train,2015-540,2,383,1,1.0,0.8209730480646851
train,2015-540,2,383,2,1.0,0.296778070113523
train,2015-540,2,383,3,1.0,0.7571943100627373
train,2015-540,2,383,4,0.0,0.09976186690746304
train,2015-540,2,383,5,0.0,0.8603569164668321
train,2015-540,2,383,6,1.0,0.5503924379595174
train,2015-540,2,383,7,1.0,0.6472151608078109
train,2015-540,2,383,8,0.0,0.16770444546514332
train,2015-540,2,383,9,0.0,0.3682912865919443
train,2015-540,2,383,10,1.0,0.6267851924137424
train,2015-540,2,383,11,1.0,0.8897897922571444
train,2015-540,2,383,12,1.0,0.28462068800452806
train,2015-540,2,383,13,0.0,0.3868662275298311
train,2015-540,2,383,14,0.0,0.2269517974240827
train,2015-540,2,383,15,0.0,0.616832645137999
train,2015-540,2,383,16,1.0,0.8487920886721546
train,2015-540,2,383,17,1.0,0.7922874706905506
train,2015-540,2,383,18,1.0,0.7627219575032725
train,2015-540,2,383,19,1.0,0.7245701886071144
train,2015-540,2,383,20,1.0,0.6651451032970738
train,2015-540,2,383,21,0.0,0.09372611132978499
train,2015-540,2,383,22,1.0,0.17337832767464834
train,2015-540,2,383,23,0.0,0.1964731841166133
train,2015-540,2,383,24,1.0,0.8280995441392324
train,2015-540,2,383,25,1.0,0.8632744935849112
train,2015-540,2,383,26,0.0,0.6104814393387484
train,2015-540,2,383,27,0.0,0.6250444415649634
train,2015-540,2,383,28,1.0,0.45909823623303325
train,2015-540,2,383,29,0.0,0.2624198520511304
train,2015-540,2,383,30,1.0,0.8667076712558218
train,2015-540,2,383,31,1.0,0.9245928865319419
train,2015-540,3,384,0,1.0,0.16825604974560088
train,2015-540,3,384,1,1.0,0.9253843740413034
train,2015-540,3,384,2,0.0,0.06886262847351517
train,2015-540,3,384,3,1.0,0.827808353603391
train,2015-540,3,384,4,0.0,0.32320188431472435
train,2015-540,3,384,5,0.0,0.14862600277339472
train,2015-540,3,384,6,1.0,0.8412890484172322
train,2015-540,3,384,7,1.0,0.6719853148328665
train,2015-540,3,384,8,1.0,0.673341299739958
train,2015-540,3,384,9,0.0,0.8448975204529859
train,2015-540,3,384,10,0.0,0.4759256904736358
train,2015-540,3,384,11,0.0,0.46746892427323444
train,2015-540,3,384,12,1.0,0.7851894426370025
train,2015-540,3,384,13,1.0,0.3472557647864148
train,2015-540,3,384,14,0.0,0.4939542345020503
train,2015-540,3,384,15,1.0,0.7507957027267458
train,2015-540,4,385,0,0.0,0.16586536374071817
train,2015-540,4,385,1,1.0,0.29265437590819476
train,2015-540,4,385,2,1.0,0.899413455628435
train,2015-540,4,385,3,0.0,0.5047372229688335
train,2015-540,4,385,4,1.0,0.7991461743738373
train,2015-540,4,385,5,0.0,0.14829505260094272
train,2015-540,4,385,6,1.0,0.8251922291356003
train,2015-540,4,385,7,0.0,0.1519244001102429
train,2015-540,5,386,0,0.0,0.24315921397431403
train,2015-540,5,386,1,0.0,0.10987749337689515
train,2015-540,5,386,2,0.0,0.6619525458994403
train,2015-540,5,386,3,0.0,0.14956408576960403
train,2015-540,6,387,0,0.0,0.47263936670070633
train,2015-540,6,387,1,1.0,0.8271892634213239
train,2015-540,7,388,0,1.0,0.6525714035186082
train,2015-560,1,401,0,1.0,0.5748593048812621
train,2015-560,1,401,1,0.0,0.649221022306957
train,2015-560,1,401,2,0.0,0.12828517303320397
train,2015-560,1,401,3,0.0,0.15128832972403713
train,2015-560,1,401,4,1.0,0.4136661925738677
train,2015-560,1,401,5,0.0,0.4387866366528581
train,2015-560,1,401,6,1.0,0.8348012816546173
train,2015-560,1,401,7,0.0,0.8103907026982906
train,2015-560,1,401,8,0.0,0.3211810793936493
train,2015-560,1,401,9,1.0,0.683960790520245
train,2015-560,1,401,10,0.0,0.20372943030087895
train,2015-560,1,401,11,1.0,0.8333033898210394
train,2015-560,1,401,12,0.0,0.7743066811858819
train,2015-560,1,401,13,1.0,0.2997649309985525
train,2015-560,1,401,14,1.0,0.19974204906416093
train,2015-560,1,401,15,1.0,0.9320078665467367
train,2015-560,1,401,16,1.0,0.8946985957315495
train,2015-560,1,401,17,1.0,0.542183576838924
train,2015-560,1,401,18,1.0,0.7187275176714208
train,2015-560,1,401,19,0.0,0.14365310194208944
train,2015-560,1,401,20,1.0,0.5932884633927265
train,2015-560,1,401,21,1.0,0.5918537440628279
train,2015-560,1,401,22,0.0,0.15430487627535458
train,2015-560,1,401,23,0.0,0.37968458755756457
train,2015-560,1,401,24,1.0,0.36917385629474464
train,2015-560,1,401,25,1.0,0.28881561633798347
train,2015-560,1,401,26,0.0,0.17925307537579566
train,2015-560,1,401,27,0.0,0.16290774312615966
train,2015-560,1,401,28,1.0,0.4041042052934109
train,2015-560,1,401,29,0.0,0.6255754626019114
train,2015-560,1,401,30,1.0,0.9663915131053454
train,2015-560,1,401,31,1.0,0.5040233870913821
train,2015-560,1,401,32,0.0,0.5786695319556375
train,2015-560,1,401,33,0.0,0.389895209722011
train,2015-560,1,401,34,0.0,0.13723394707038142
train,2015-560,1,401,35,1.0,0.9360407888481435
train,2015-560,1,401,36,1.0,0.7447952586836751
train,2015-560,1,401,37,1.0,0.8219035761759292
train,2015-560,1,401,38,1.0,0.5894378074005129
train,2015-560,1,401,39,1.0,0.510532163231907
train,2015-560,1,401,40,0.0,0.18601332633759002
train,2015-560,1,401,41,0.0,0.18507266542215153
train,2015-560,1,401,42,0.0,0.16947019163343893
train,2015-560,1,401,43,1.0,0.6604313627963982
train,2015-560,1,401,44,1.0,0.711797251095655
train,2015-560,1,401,45,0.0,0.45315145495072057
train,2015-560,1,401,46,1.0,0.35568851471803065
train,2015-560,1,401,47,0.0,0.36217907087699425
train,2015-560,1,401,48,1.0,0.9362315219050035
train,2015-560,1,401,49,0.0,0.37208495595376234
train,2015-560,1,401,50,0.0,0.24257465167851205
train,2015-560,1,401,51,0.0,0.6326122148207005
train,2015-560,1,401,52,0.0,0.10756499383307648
train,2015-560,1,401,53,0.0,0.6524683771488861
train,2015-560,1,401,54,1.0,0.6622767749758465
train,2015-560,1,401,55,0.0,0.2567280089920939
train,2015-560,1,401,56,0.0,0.7350651493371642
train,2015-560,1,401,57,0.0,0.7977509216139899
train,2015-560,1,401,58,1.0,0.37383248314913564
train,2015-560,1,401,59,1.0,0.26507523419841494
train,2015-560,1,401,60,0.0,0.4324240164643193
train,2015-560,1,401,61,0.0,0.36221945297024155
train,2015-560,1,401,62,1.0,0.32972637730008375
train,2015-560,1,401,63,1.0,0.8833984947877213
train,2015-560,2,402,0,1.0,0.7040579317640943
train,2015-560,2,402,1,1.0,0.5796606519625318
train,2015-560,2,402,2,1.0,0.8773335023034105
train,2015-560,2,402,3,1.0,0.4812815927890627
train,2015-560,2,402,4,1.0,0.890411203400305
train,2015-560,2,402,5,0.0,0.5713198910588806
train,2015-560,2,402,6,1.0,0.5754760331508219
train,2015-560,2,402,7,1.0,0.6008476374590497
train,2015-560,2,402,8,1.0,0.8048230578982153
train,2015-560,2,402,9,1.0,0.643576576608988
train,2015-560,2,402,10,0.0,0.3271316005123174
train,2015-560,2,402,11,0.0,0.14769091635957346
train,2015-560,2,402,12,1.0,0.27366962140789886
train,2015-560,2,402,13,1.0,0.7395244220404891
train,2015-560,2,402,14,1.0,0.9210475309153974
train,2015-560,2,402,15,1.0,0.7187549000152341
train,2015-560,2,402,16,1.0,0.1864786269344295
train,2015-560,2,402,17,1.0,0.7899842775616424
train,2015-560,2,402,18,1.0,0.6599220276710723
train,2015-560,2,402,19,0.0,0.21994128353989348
train,2015-560,2,402,20,1.0,0.8042090907872154
train,2015-560,2,402,21,1.0,0.7361524143596845
train,2015-560,2,402,22,1.0,0.9362222941075109
train,2015-560,2,402,23,1.0,0.6622601166112938
train,2015-560,2,402,24,1.0,0.8423156942924079
train,2015-560,2,402,25,1.0,0.7240272393872579
train,2015-560,2,402,26,1.0,0.687766669293929
train,2015-560,2,402,27,1.0,0.7497784172167243
train,2015-560,2,402,28,0.0,0.07815688170515755
train,2015-560,2,402,29,0.0,0.06309740867012378
train,2015-560,2,402,30,1.0,0.6825647067829639
train,2015-560,2,402,31,1.0,0.9485361752529071
train,2015-560,3,403,0,0.0,0.09784916961829782
train,2015-560,3,403,1,0.0,0.3507817649602225
train,2015-560,3,403,2,1.0,0.8312566400289798
train,2015-560,3,403,3,1.0,0.7845747418801392
train,2015-560,3,403,4,1.0,0.7534598852553133
train,2015-560,3,403,5,0.0,0.13714560677064538
train,2015-560,3,403,6,1.0,0.764183192610894
train,2015-560,3,403,7,1.0,0.46569359050777914
train,2015-560,3,403,8,1.0,0.9180687389805553
train,2015-560,3,403,9,1.0,0.25115061919967163
train,2015-560,3,403,10,1.0,0.7658225021569032
train,2015-560,3,403,11,0.0,0.1568624034538771
train,2015-560,3,403,12,0.0,0.6897486403601851
train,2015-560,3,403,13,1.0,0.1669191330540577
train,2015-560,3,403,14,1.0,0.34420795517430064
train,2015-560,3,403,15,0.0,0.09933721155355284
train,2015-560,4,404,0,1.0,0.7859256145782406
train,2015-560,4,404,1,1.0,0.3238952168434749
train,2015-560,4,404,2,1.0,0.24785030440130723
train,2015-560,4,404,3,0.0,0.1325564240335092
train,2015-560,4,404,4,0.0,0.47372766805546035
train,2015-560,4,404,5,0.0,0.21193363044427016
train,2015-560,4,404,6,0.0,0.4330992512714702
train,2015-560,4,404,7,1.0,0.8758514348776656
train,2015-560,5,405,0,1.0,0.7500071641714088
train,2015-560,5,405,1,1.0,0.6671921803602052
train,2015-560,5,405,2,0.0,0.6536724265770557
train,2015-560,5,405,3,0.0,0.14761601388656756
train,2015-560,6,406,0,1.0,0.63995485573713
train,2015-560,6,406,1,0.0,0.14611952577222284
train,2015-560,7,407,0,1.0,0.6334527776526683
train,2015-580,1,336,0,1.0,0.40224111238905413
train,2015-580,1,336,1,0.0,0.6655777737559657
train,2015-580,1,336,2,0.0,0.25209254144487225
train,2015-580,1,336,3,1.0,0.795871366206289
train,2015-580,1,336,4,1.0,0.720263093642443
train,2015-580,1,336,5,0.0,0.395423119799937
train,2015-580,1,336,6,0.0,0.11092625477239024
train,2015-580,1,336,7,0.0,0.7967445555188546
train,2015-580,1,336,8,1.0,0.7123940170385903
train,2015-580,1,336,9,0.0,0.6458835206187034
train,2015-580,1,336,10,0.0,0.7293445092356056
train,2015-580,1,336,11,1.0,0.4391868396969121
train,2015-580,1,336,12,1.0,0.6907121695962146
train,2015-580,1,336,13,1.0,0.2344705477115696
train,2015-580,1,336,14,0.0,0.07503394009504212
train,2015-580,1,336,15,1.0,0.9060570703400515
train,2015-580,1,336,16,0.0,0.30468046698830564
train,2015-580,1,336,17,0.0,0.29418753789286683
train,2015-580,1,336,18,0.0,0.7192815496677423
train,2015-580,1,336,19,0.0,0.1036167607822606
train,2015-580,1,336,20,1.0,0.802932471799812
train,2015-580,1,336,21,0.0,0.33578562644618626
train,2015-580,1,336,22,1.0,0.7872066808161857
train,2015-580,1,336,23,0.0,0.360545951424124
train,2015-580,1,336,24,0.0,0.48583984172116285
train,2015-580,1,336,25,0.0,0.38433739119984744
train,2015-580,1,336,26,0.0,0.19514144179113113
train,2015-580,1,336,27,1.0,0.8021784817799608
train,2015-580,1,336,28,0.0,0.3226279165141942
train,2015-580,1,336,29,0.0,0.5792330053393804
train,2015-580,1,336,30,0.0,0.04380725315871217
train,2015-580,1,336,31,1.0,0.6641198174264966
train,2015-580,1,336,32,1.0,0.7705072015106631
train,2015-580,1,336,33,0.0,0.2563297377590023
train,2015-580,1,336,34,1.0,0.8670275926226007
train,2015-580,1,336,35,0.0,0.3351130352615084
train,2015-580,1,336,36,0.0,0.4081009277195029
train,2015-580,1,336,37,0.0,0.15844157575748838
train,2015-580,1,336,38,1.0,0.6879479331199984
train,2015-580,1,336,39,0.0,0.49568496433210124
train,2015-580,1,336,40,1.0,0.3785027709952103
train,2015-580,1,336,41,1.0,0.8442763563296275
train,2015-580,1,336,42,0.0,0.33699326801593676
train,2015-580,1,336,43,1.0,0.5954993219443555
train,2015-580,1,336,44,1.0,0.6006960707701071
train,2015-580,1,336,45,1.0,0.6413436764648154
train,2015-580,1,336,46,0.0,0.2901035045283768
train,2015-580,1,336,47,0.0,0.28035780735011084
train,2015-580,1,336,48,1.0,0.9432775776374974
train,2015-580,1,336,49,1.0,0.3027876681735676
train,2015-580,1,336,50,0.0,0.3457252109391703
train,2015-580,1,336,51,1.0,0.7431575681318647
train,2015-580,1,336,52,0.0,0.14805939241845228
train,2015-580,1,336,53,0.0,0.3575400081353576
train,2015-580,1,336,54,0.0,0.26364913956276437
train,2015-580,1,336,55,0.0,0.2458749545977641
train,2015-580,1,336,56,0.0,0.44006042217715674
train,2015-580,1,336,57,0.0,0.4119549128720601
train,2015-580,1,336,58,1.0,0.8588791610151632
train,2015-580,1,336,59,1.0,0.3624754078043831
train,2015-580,1,336,60,0.0,0.18899748926705717
train,2015-580,1,336,61,1.0,0.6254597168634581
train,2015-580,1,336,62,0.0,0.4211482045603704
train,2015-580,1,336,63,0.0,0.7926679554868856
train,2015-580,2,337,0,0.0,0.47637117568331366
train,2015-580,2,337,1,1.0,0.8354144368247676
train,2015-580,2,337,2,1.0,0.8790673146526927
train,2015-580,2,337,3,0.0,0.5994038346204551
train,2015-580,2,337,4,1.0,0.9321834323408946
train,2015-580,2,337,5,0.0,0.45448512703250493
train,2015-580,2,337,6,0.0,0.5315995703080485
train,2015-580,2,337,7,0.0,0.21503120026187147
train,2015-580,2,337,8,0.0,0.6283499864148729
train,2015-580,2,337,9,1.0,0.2852768052946312
train,2015-580,2,337,10,1.0,0.4282796083677071
train,2015-580,2,337,11,0.0,0.1196571526807519
train,2015-580,2,337,12,1.0,0.5147830142662211
train,2015-580,2,337,13,1.0,0.6634766488541151
train,2015-580,2,337,14,1.0,0.7690813235763632
train,2015-580,2,337,15,1.0,0.38998542816429854
train,2015-580,2,337,16,0.0,0.29252062420040087
train,2015-580,2,337,17,1.0,0.8923003934482968
train,2015-580,2,337,18,0.0,0.5338204707631242
train,2015-580,2,337,19,1.0,0.5463843576487987
train,2015-580,2,337,20,0.0,0.25514440663999455
train,2015-580,2,337,21,1.0,0.914788608231436
train,2015-580,2,337,22,0.0,0.15516142263827926
train,2015-580,2,337,23,1.0,0.4626194383415909
train,2015-580,2,337,24,0.0,0.47566875697731337
train,2015-580,2,337,25,1.0,0.7196378297588193
train,2015-580,2,337,26,1.0,0.3054654641519129
train,2015-580,2,337,27,1.0,0.8063125346699447
train,2015-580,2,337,28,0.0,0.16760327187922883
train,2015-580,2,337,29,0.0,0.07770990576187399
train,2015-580,2,337,30,1.0,0.7623013061935694
train,2015-580,2,337,31,1.0,0.9453332301046644
train,2015-580,3,338,0,0.0,0.2970579994039272
train,2015-580,3,338,1,0.0,0.772899147612055
train,2015-580,3,338,2,1.0,0.1534583881876131
train,2015-580,3,338,3,0.0,0.4419535681948185
train,2015-580,3,338,4,0.0,0.2650299667523879
train,2015-580,3,338,5,0.0,0.1097570095047423
train,2015-580,3,338,6,1.0,0.9329212969159252
train,2015-580,3,338,7,1.0,0.3788939843503055
train,2015-580,3,338,8,1.0,0.7083607223005876
train,2015-580,3,338,9,0.0,0.14252387125131066
train,2015-580,3,338,10,1.0,0.83165614029853
train,2015-580,3,338,11,0.0,0.4535103133888037
train,2015-580,3,338,12,0.0,0.18294826679810736
train,2015-580,3,338,13,0.0,0.15852071543835639
train,2015-580,3,338,14,1.0,0.608100609645181
train,2015-580,3,338,15,1.0,0.8819146585989622
train,2015-580,4,339,0,1.0,0.2599862764283201
train,2015-580,4,339,1,0.0,0.26283606640238316
train,2015-580,4,339,2,0.0,0.18224811510758937
train,2015-580,4,339,3,1.0,0.8489740592158445
train,2015-580,4,339,4,0.0,0.6805131604570972
train,2015-580,4,339,5,1.0,0.838556977542053
train,2015-580,4,339,6,1.0,0.7081537441130256
train,2015-580,4,339,7,1.0,0.9471501355571
train,2015-580,5,340,0,0.0,0.10283053993243203
train,2015-580,5,340,1,1.0,0.3305605427680878
train,2015-580,5,340,2,1.0,0.5989577187126747
train,2015-580,5,340,3,0.0,0.21450251072346227
train,2015-580,6,341,0,0.0,0.4604346092414975
train,2015-580,6,341,1,1.0,0.7555229259272198
train,2015-580,7,342,0,1.0,0.7000285578644044
val,2016-0352,2,498,0,0.0,0.5017627430752001
val,2016-0352,2,498,1,0.0,0.3255211002502046
val,2016-0352,2,498,2,1.0,0.7858293983539222
val,2016-0352,2,498,3,0.0,0.23429785777801743
val,2016-0352,2,498,4,0.0,0.48977340536041875
val,2016-0352,2,498,5,1.0,0.33087275217990775
val,2016-0352,2,498,6,1.0,0.4200742629854776
val,2016-0352,2,498,7,1.0,0.5900704538185475
val,2016-0352,2,498,8,0.0,0.4025969550858492
val,2016-0352,2,498,9,1.0,0.6566505214239526
val,2016-0352,2,498,10,0.0,0.498608945500015
val,2016-0352,2,498,11,0.0,0.48659002155472186
val,2016-0352,2,498,12,1.0,0.8466264246193701
val,2016-0352,2,498,13,0.0,0.5171579951445607
val,2016-0352,2,498,14,1.0,0.5522483304238857
val,2016-0352,2,498,15,1.0,0.6089348545041343
val,2016-0352,3,499,0,0.0,0.6203283906042888
val,2016-0352,3,499,1,1.0,0.11213062403403519
val,2016-0352,3,499,2,0.0,0.25308935892080325
val,2016-0352,3,499,3,0.0,0.28780482681209163
val,2016-0352,3,499,4,1.0,0.7958120116759541
val,2016-0352,3,499,5,1.0,0.9394217968574224
val,2016-0352,3,499,6,1.0,0.7104630937257244
val,2016-0352,3,499,7,0.0,0.5669996082475383
val,2016-0352,3,499,8,0.0,0.19882639834500113
val,2016-0352,3,499,9,1.0,0.8240774128842467
val,2016-0352,3,499,10,0.0,0.4306460406215644
val,2016-0352,3,499,11,0.0,0.20239294348306422
val,2016-0352,3,499,12,0.0,0.5285788518948966
val,2016-0352,3,499,13,1.0,0.8424203754131426
val,2016-0352,3,499,14,1.0,0.8555964849005866
val,2016-0352,3,499,15,1.0,0.27536495169524083
val,2016-0352,4,500,0,1.0,0.892584247929151
val,2016-0352,4,500,1,1.0,0.6372062137723999
val,2016-0352,4,500,2,1.0,0.8298939637030355
val,2016-0352,4,500,3,1.0,0.4412136312626909
val,2016-0352,4,500,4,1.0,0.8067372018125106
val,2016-0352,4,500,5,1.0,0.5153665448033085
val,2016-0352,4,500,6,0.0,0.18123853090846437
val,2016-0352,4,500,7,0.0,0.6274248174351176
val,2016-0352,5,501,0,1.0,0.675659334922784
val,2016-0352,5,501,1,0.0,0.4614764966619379
val,2016-0352,5,501,2,1.0,0.621867867401738
val,2016-0352,5,501,3,0.0,0.8357008341353006
val,2016-0352,6,502,0,0.0,0.31871215926241286
val,2016-0352,6,502,1,1.0,0.48570205872745675
val,2016-0352,7,503,0,0.0,0.22126936402190917
val,2016-0410,2,441,0,1.0,0.513254130918144
val,2016-0410,2,441,1,1.0,0.5229301579145196
val,2016-0410,2,441,2,1.0,0.5092503391530597
val,2016-0410,2,441,3,1.0,0.7416366451446188
val,2016-0410,2,441,4,0.0,0.08937757252612855
val,2016-0410,2,441,5,0.0,0.4793712963362302
val,2016-0410,2,441,6,0.0,0.2990668740434339
val,2016-0410,2,441,7,1.0,0.8638449063970011
val,2016-0410,2,441,8,0.0,0.2527407715625119
val,2016-0410,2,441,9,0.0,0.3118714377162605
val,2016-0410,2,441,10,0.0,0.7579359378350197
val,2016-0410,2,441,11,1.0,0.3820873377701661
val,2016-0410,2,441,12,1.0,0.45666877801849326
val,2016-0410,2,441,13,0.0,0.23119395348745939
val,2016-0410,2,441,14,0.0,0.5239183903452223
val,2016-0410,2,441,15,1.0,0.4844895251298494
val,2016-0410,2,441,16,0.0,0.25292476335507236
val,2016-0410,2,441,17,1.0,0.25087193797099994
val,2016-0410,2,441,18,1.0,0.7056893908343934
val,2016-0410,2,441,19,0.0,0.4205803840588449
val,2016-0410,2,441,20,0.0,0.4378864986657951
val,2016-0410,2,441,21,1.0,0.7229461499472281
val,2016-0410,2,441,22,0.0,0.24999330919549817
val,2016-0410,2,441,23,0.0,0.6391242912927764
val,2016-0410,3,442,0,1.0,0.7104076343135158
val,2016-0410,3,442,1,0.0,0.944035660378997
val,2016-0410,3,442,2,0.0,0.23416629688562351
val,2016-0410,3,442,3,0.0,0.5074047920593142
val,2016-0410,3,442,4,0.0,0.12019770693514374
val,2016-0410,3,442,5,0.0,0.22395770969022794
val,2016-0410,3,442,6,1.0,0.18863857093047162
val,2016-0410,3,442,7,1.0,0.8398561330215601
val,2016-0410,3,442,8,0.0,0.08028339939238867
val,2016-0410,3,442,9,0.0,0.4360444339521207
val,2016-0410,3,442,10,1.0,0.45613241611300354
val,2016-0410,3,442,11,1.0,0.7716657920563428
val,2016-0410,3,442,12,0.0,0.15678141240075705
val,2016-0410,3,442,13,1.0,0.12150358284429691
val,2016-0410,3,442,14,1.0,0.546840156881685
val,2016-0410,3,442,15,0.0,0.08450838327605362
val,2016-0410,4,443,0,0.0,0.1408750038022504
val,2016-0410,4,443,1,0.0,0.14606176705222307
val,2016-0410,4,443,2,0.0,0.12846302261222303
val,2016-0410,4,443,3,1.0,0.8425215484083329
val,2016-0410,4,443,4,0.0,0.23028918257822892
val,2016-0410,4,443,5,1.0,0.40491922196417396
val,2016-0410,4,443,6,1.0,0.7451516646733611
val,2016-0410,4,443,7,0.0,0.3199689316512971
val,2016-0410,5,444,0,0.0,0.36683363013336756
val,2016-0410,5,444,1,0.0,0.3639188777440639
val,2016-0410,5,444,2,1.0,0.31096732762012663
val,2016-0410,5,444,3,0.0,0.34533864311299917
val,2016-0410,6,445,0,0.0,0.4324641856539647
val,2016-0410,6,445,1,0.0,0.6606414973459999
val,2016-0410,7,446,0,0.0,0.198320207014998
val,2016-0421,2,473,0,0.0,0.3825836596517156
val,2016-0421,2,473,1,1.0,0.35347217381151325
val,2016-0421,2,473,2,0.0,0.3338794299024797
val,2016-0421,2,473,3,0.0,0.3086084256239561
val,2016-0421,2,473,4,1.0,0.34857183036369616
val,2016-0421,2,473,5,1.0,0.6915091245624337
val,2016-0421,2,473,6,0.0,0.6662040325874988
val,2016-0421,2,473,7,1.0,0.7392890366397341
val,2016-0421,2,473,8,1.0,0.17344821945784053
val,2016-0421,2,473,9,1.0,0.8728611074691665
val,2016-0421,2,473,10,0.0,0.28505889713138693
val,2016-0421,2,473,11,1.0,0.6894511209538812
val,2016-0421,2,473,12,0.0,0.7179049154252259
val,2016-0421,2,473,13,1.0,0.688255203017037
val,2016-0421,2,473,14,1.0,0.34076887272124917
val,2016-0421,2,473,15,0.0,0.5000812310896432
val,2016-0421,2,473,16,1.0,0.3589840598259341
val,2016-0421,2,473,17,1.0,0.4412961133057891
val,2016-0421,2,473,18,1.0,0.8056640225210241
val,2016-0421,2,473,19,0.0,0.5823118601448034
val,2016-0421,2,473,20,1.0,0.5337538144578726
val,2016-0421,2,473,21,1.0,0.41324579755860014
val,2016-0421,2,473,22,1.0,0.635564227795874
val,2016-0421,2,473,23,1.0,0.4853402343194801
val,2016-0421,3,474,0,1.0,0.9421911389592319
val,2016-0421,3,474,1,0.0,0.34013596489667425
val,2016-0421,3,474,2,1.0,0.8631060543987291
val,2016-0421,3,474,3,1.0,0.8500058526748049
val,2016-0421,3,474,4,0.0,0.30423645433938834
val,2016-0421,3,474,5,0.0,0.29208490217790095
val,2016-0421,3,474,6,1.0,0.31247632754352
val,2016-0421,3,474,7,1.0,0.885202165598705
val,2016-0421,3,474,8,1.0,0.3918212290094481
val,2016-0421,3,474,9,0.0,0.7978016928422746
val,2016-0421,3,474,10,1.0,0.9095243973752738
val,2016-0421,3,474,11,1.0,0.5387986974164521
val,2016-0421,3,474,12,1.0,0.18146381394895594
val,2016-0421,3,474,13,1.0,0.6189291755533041
val,2016-0421,3,474,14,1.0,0.8158995356984947
val,2016-0421,3,474,15,1.0,0.8006150514272785
val,2016-0421,4,475,0,0.0,0.21487547556104508
val,2016-0421,4,475,1,0.0,0.373168435009207
val,2016-0421,4,475,2,0.0,0.2577525264082418
val,2016-0421,4,475,3,0.0,0.48190906522452237
val,2016-0421,4,475,4,1.0,0.9089037419783734
val,2016-0421,4,475,5,0.0,0.1163718130976403
val,2016-0421,4,475,6,0.0,0.061954105479638005
val,2016-0421,4,475,7,0.0,0.12031455581897134
val,2016-0421,5,476,0,0.0,0.28187574860753634
val,2016-0421,5,476,1,1.0,0.6339471637875644
val,2016-0421,5,476,2,1.0,0.3212710587397533
val,2016-0421,5,476,3,1.0,0.7461049419922499
val,2016-0421,6,477,0,1.0,0.46988493946574755
val,2016-0421,6,477,1,1.0,0.8480088474435634
val,2016-0421,7,478,0,1.0,0.7673551738091687
val,2016-5014,2,492,0,0.0,0.42356129825159106
val,2016-5014,2,492,1,0.0,0.57052660497144
val,2016-5014,2,492,2,0.0,0.6069371696975129
val,2016-5014,2,492,3,1.0,0.7615403218168748
val,2016-5014,2,492,4,1.0,0.8613141403017585
val,2016-5014,2,492,5,0.0,0.5414553487962226
val,2016-5014,2,492,6,0.0,0.24784588440706523
val,2016-5014,2,492,7,0.0,0.7013193597435048
val,2016-5014,2,492,8,1.0,0.3721871097230206
val,2016-5014,2,492,9,0.0,0.28394030494093153
val,2016-5014,2,492,10,0.0,0.6157676536481115
val,2016-5014,2,492,11,0.0,0.5649283853789779
val,2016-5014,2,492,12,0.0,0.7259216907242748
val,2016-5014,2,492,13,1.0,0.23774247401545284
val,2016-5014,2,492,14,1.0,0.6097300733554044
val,2016-5014,2,492,15,1.0,0.5444479900891918
val,2016-5014,2,492,16,1.0,0.6072157559348464
val,2016-5014,2,492,17,0.0,0.5302031435108856
val,2016-5014,2,492,18,0.0,0.28338645598626744
val,2016-5014,2,492,19,1.0,0.5066979436793585
val,2016-5014,2,492,20,1.0,0.3810185549481711
val,2016-5014,2,492,21,0.0,0.32042020358577455
val,2016-5014,2,492,22,0.0,0.15998326003784344
val,2016-5014,2,492,23,1.0,0.5000653661451292
val,2016-5014,3,493,0,0.0,0.7531685750783165
val,2016-5014,3,493,1,1.0,0.2099172148843761
val,2016-5014,3,493,2,1.0,0.2157318887562667
val,2016-5014,3,493,3,1.0,0.18810623738461482
val,2016-5014,3,493,4,0.0,0.7591305076001102
val,2016-5014,3,493,5,0.0,0.1302567833559907
val,2016-5014,3,493,6,0.0,0.16090282280395338
val,2016-5014,3,493,7,1.0,0.37771691000828145
val,2016-5014,3,493,8,0.0,0.14972272078713447
val,2016-5014,3,493,9,0.0,0.16215195446746095
val,2016-5014,3,493,10,1.0,0.8461688022344994
val,2016-5014,3,493,11,1.0,0.8534966341312059
val,2016-5014,3,493,12,1.0,0.56546384886058
val,2016-5014,3,493,13,0.0,0.4586741009539695
val,2016-5014,3,493,14,1.0,0.7090338151578037
val,2016-5014,3,493,15,1.0,0.8402242744905235
val,2016-5014,4,494,0,0.0,0.14503100568071292
val,2016-5014,4,494,1,0.0,0.6444143794530353
val,2016-5014,4,494,2,0.0,0.7330609839907235
val,2016-5014,4,494,3,0.0,0.18843988483117785
val,2016-5014,4,494,4,1.0,0.7426351402631352
val,2016-5014,4,494,5,0.0,0.7369906267777367
val,2016-5014,4,494,6,1.0,0.45132148647558024
val,2016-5014,4,494,7,1.0,0.8814012251164146
val,2016-5014,5,495,0,0.0,0.26891589092437795
val,2016-5014,5,495,1,1.0,0.6375951828577087
val,2016-5014,5,495,2,1.0,0.4414507208880829
val,2016-5014,5,495,3,0.0,0.06353196961615395
val,2016-5014,6,496,0,1.0,0.7111291415289401
val,2016-5014,6,496,1,1.0,0.25201204285115913
val,2016-5014,7,497,0,0.0,0.30776902365008413
val,2016-520,1,459,0,0.0,0.09092118209268289
val,2016-520,1,459,1,0.0,0.4235439314895061
val,2016-520,1,459,2,0.0,0.37222973915141455
val,2016-520,1,459,3,1.0,0.3315922017823909
val,2016-520,1,459,4,1.0,0.6151846479323081
val,2016-520,1,459,5,1.0,0.4737935460400921
val,2016-520,1,459,6,0.0,0.12871613206645993
val,2016-520,1,459,7,0.0,0.20555580547338653
val,2016-520,1,459,8,0.0,0.2736436355823223
val,2016-520,1,459,9,0.0,0.5193128091895952
val,2016-520,1,459,10,1.0,0.224425309820564
val,2016-520,1,459,11,0.0,0.6164215090137941
val,2016-520,1,459,12,1.0,0.6179326561586721
val,2016-520,1,459,13,0.0,0.6223854874534902
val,2016-520,1,459,14,0.0,0.07473692457482511
val,2016-520,1,459,15,0.0,0.1628650561345188
val,2016-520,1,459,16,1.0,0.47336782517024606
val,2016-520,1,459,17,0.0,0.5646465856996697
val,2016-520,1,459,18,0.0,0.35773063843484476
val,2016-520,1,459,19,1.0,0.8861526385718265
val,2016-520,1,459,20,1.0,0.5986252032770739
val,2016-520,1,459,21,0.0,0.45019255283088006
val,2016-520,1,459,22,1.0,0.8917721781742939
val,2016-520,1,459,23,1.0,0.7953235447749333
val,2016-520,1,459,24,1.0,0.3857703666195665
val,2016-520,1,459,25,1.0,0.6886804263983266
val,2016-520,1,459,26,1.0,0.7768807082406243
val,2016-520,1,459,27,0.0,0.49627864789588816
val,2016-520,1,459,28,1.0,0.7253126928664957
val,2016-520,1,459,29,0.0,0.4566410825790905
val,2016-520,1,459,30,1.0,0.9442930206573593
val,2016-520,1,459,31,1.0,0.5004074151239997
val,2016-520,1,459,32,1.0,0.42537789596904474
val,2016-520,1,459,33,0.0,0.4842408775274981
val,2016-520,1,459,34,0.0,0.1127774947545566
val,2016-520,1,459,35,1.0,0.7691575960414099
val,2016-520,1,459,36,1.0,0.48363670594989844
val,2016-520,1,459,37,1.0,0.856154300442708
val,2016-520,1,459,38,1.0,0.7917517152189745
val,2016-520,1,459,39,0.0,0.7252915007241488
val,2016-520,1,459,40,1.0,0.6873243694683974
val,2016-520,1,459,41,0.0,0.21581894785671032
val,2016-520,1,459,42,0.0,0.3281228107021898
val,2016-520,1,459,43,0.0,0.6189548834816784
val,2016-520,1,459,44,0.0,0.4887776140920273
val,2016-520,1,459,45,1.0,0.8611974543523925
val,2016-520,1,459,46,0.0,0.3349736161968299
val,2016-520,1,459,47,1.0,0.8425008956365573
val,2016-520,1,459,48,0.0,0.7044510760508542
val,2016-520,1,459,49,0.0,0.44965830025365205
val,2016-520,1,459,50,1.0,0.6809372518736975
val,2016-520,1,459,51,0.0,0.5579129074487023
val,2016-520,1,459,52,1.0,0.594846848339768
val,2016-520,1,459,53,1.0,0.4069278391227948
val,2016-520,1,459,54,0.0,0.34822113011131883
val,2016-520,1,459,55,1.0,0.41643380566760413
val,2016-520,1,459,56,0.0,0.3551482964426355
val,2016-520,1,459,57,0.0,0.5615198754911322
val,2016-520,1,459,58,0.0,0.12683977263426252
val,2016-520,1,459,59,1.0,0.45881339222602624
val,2016-520,1,459,60,1.0,0.8681966369905579
val,2016-520,1,459,61,0.0,0.4963962347007978
val,2016-520,1,459,62,1.0,0.14327358964444875
val,2016-520,1,459,63,0.0,0.7726096820571974
val,2016-520,2,460,0,1.0,0.7158160546009542
val,2016-520,2,460,1,1.0,0.9213808307016699
val,2016-520,2,460,2,0.0,0.4091634013942504
val,2016-520,2,460,3,0.0,0.1326062120487321
val,2016-520,2,460,4,0.0,0.14180088189687814
val,2016-520,2,460,5,0.0,0.5814390341844851
val,2016-520,2,460,6,1.0,0.6808762206103671
val,2016-520,2,460,7,1.0,0.879860692359625
val,2016-520,2,460,8,1.0,0.8522975042471794
val,2016-520,2,460,9,0.0,0.2668324470826242
val,2016-520,2,460,10,1.0,0.737635788131598
val,2016-520,2,460,11,0.0,0.31890280601936694
val,2016-520,2,460,12,1.0,0.28235175617342423
val,2016-520,2,460,13,0.0,0.1791249344975475
val,2016-520,2,460,14,0.0,0.1561152721953985
val,2016-520,2,460,15,0.0,0.4389368183814312
val,2016-520,2,460,16,1.0,0.7720097810072883
val,2016-520,2,460,17,0.0,0.395254838219424
val,2016-520,2,460,18,1.0,0.4449769597471488
val,2016-520,2,460,19,1.0,0.6277592056000724
val,2016-520,2,460,20,1.0,0.9520017556528412
val,2016-520,2,460,21,1.0,0.8906910914894057
val,2016-520,2,460,22,0.0,0.2824350608921662
val,2016-520,2,460,23,1.0,0.8122202594113027
val,2016-520,2,460,24,1.0,0.8395377365816317
val,2016-520,2,460,25,0.0,0.04425244125669759
val,2016-520,2,460,26,0.0,0.6503927443262453
val,2016-520,2,460,27,0.0,0.5221334774925561
val,2016-520,2,460,28,0.0,0.18066810297261668
val,2016-520,2,460,29,1.0,0.9606258983625795
val,2016-520,2,460,30,0.0,0.16744212293609456
val,2016-520,2,460,31,1.0,0.5483530363437717
val,2016-520,3,461,0,1.0,0.9503314587327631
val,2016-520,3,461,1,1.0,0.7253724802874268
val,2016-520,3,461,2,0.0,0.32259392551637167
val,2016-520,3,461,3,1.0,0.7980741929958253
val,2016-520,3,461,4,0.0,0.10095545031159577
val,2016-520,3,461,5,1.0,0.7896559535398598
val,2016-520,3,461,6,1.0,0.7550908493412377
val,2016-520,3,461,7,1.0,0.7366635327350064
val,2016-520,3,461,8,1.0,0.23931432178985668
val,2016-520,3,461,9,1.0,0.37298819211865114
val,2016-520,3,461,10,0.0,0.07711235038162427
val,2016-520,3,461,11,0.0,0.7672432032976455
val,2016-520,3,461,12,1.0,0.7140697665662891
val,2016-520,3,461,13,0.0,0.26621744574788636
val,2016-520,3,461,14,1.0,0.11466195250522176
val,2016-520,3,461,15,1.0,0.8612644119332816
val,2016-520,4,462,0,1.0,0.7673580152118544
val,2016-520,4,462,1,1.0,0.37491556866004216
val,2016-520,4,462,2,1.0,0.8481523658451432
val,2016-520,4,462,3,0.0,0.8495285728422342
val,2016-520,4,462,4,1.0,0.6314852157888415
val,2016-520,4,462,5,0.0,0.4134932410229821
val,2016-520,4,462,6,1.0,0.8533740372258941
val,2016-520,4,462,7,0.0,0.5023400845770292
val,2016-520,5,463,0,0.0,0.2528096673882462
val,2016-520,5,463,1,1.0,0.8580366330046769
val,2016-520,5,463,2,1.0,0.40886928527381666
val,2016-520,5,463,3,0.0,0.23396285463050934
val,2016-520,6,464,0,0.0,0.3592589648479923
val,2016-520,6,464,1,0.0,0.09843447404551421
val,2016-520,7,465,0,1.0,0.6624668752205145
val,2016-540,1,466,0,0.0,0.04688446204287415
val,2016-540,1,466,1,1.0,0.5183427634812474
val,2016-540,1,466,2,1.0,0.5727046069284707
val,2016-540,1,466,3,0.0,0.5941731956438087
val,2016-540,1,466,4,0.0,0.35784237206653935
val,2016-540,1,466,5,0.0,0.16748336662077362
val,2016-540,1,466,6,0.0,0.1596241344863057
val,2016-540,1,466,7,1.0,0.863389347911563
val,2016-540,1,466,8,0.0,0.3987939791031554
val,2016-540,1,466,9,1.0,0.41612956320943184
val,2016-540,1,466,10,1.0,0.7488186810993959
val,2016-540,1,466,11,1.0,0.3933598871070529
val,2016-540,1,466,12,0.0,0.6581387068328445
val,2016-540,1,466,13,1.0,0.9252315378739507
val,2016-540,1,466,14,1.0,0.8626656099191743
val,2016-540,1,466,15,0.0,0.531079747990817
val,2016-540,1,466,16,0.0,0.4551425491318162
val,2016-540,1,466,17,0.0,0.498939387148911
val,2016-540,1,466,18,0.0,0.7179677331283328
val,2016-540,1,466,19,1.0,0.7061387894653627
val,2016-540,1,466,20,0.0,0.2924809395363464
val,2016-540,1,466,21,0.0,0.12107542609041226
val,2016-540,1,466,22,0.0,0.12367989409441947
val,2016-540,1,466,23,0.0,0.2731066781428039
val,2016-540,1,466,24,1.0,0.5102558698982984
val,2016-540,1,466,25,1.0,0.28393396670360616
val,2016-540,1,466,26,0.0,0.5227209545740125
val,2016-540,1,466,27,1.0,0.6966552791653295
val,2016-540,1,466,28,1.0,0.6935319870786151
val,2016-540,1,466,29,1.0,0.9632908563519018
val,2016-540,1,466,30,0.0,0.45549942832429896
val,2016-540,1,466,31,0.0,0.5623537223784594
val,2016-540,1,466,32,0.0,0.5428362167353219
val,2016-540,1,466,33,0.0,0.13306517254456393
val,2016-540,1,466,34,0.0,0.3150096479891875
val,2016-540,1,466,35,0.0,0.22030004773620396
val,2016-540,1,466,36,1.0,0.8426974736944713
val,2016-540,1,466,37,0.0,0.2951479077373552
val,2016-540,1,466,38,1.0,0.37499450798113754
val,2016-540,1,466,39,1.0,0.890111877707954
val,2016-540,1,466,40,1.0,0.7222538489073038
val,2016-540,1,466,41,0.0,0.5540511977347979
val,2016-540,1,466,42,0.0,0.20497192644253945
val,2016-540,1,466,43,0.0,0.23198918290794157
val,2016-540,1,466,44,0.0,0.5449405320996737
val,2016-540,1,466,45,0.0,0.32998094619392365
val,2016-540,1,466,46,1.0,0.8175011611474904
val,2016-540,1,466,47,0.0,0.07662113314255607
val,2016-540,1,466,48,0.0,0.34884872371969056
val,2016-540,1,466,49,0.0,0.5613334776836194
val,2016-540,1,466,50,1.0,0.7239581231663973
val,2016-540,1,466,51,1.0,0.5200870255026966
val,2016-540,1,466,52,0.0,0.432559136377411
val,2016-540,1,466,53,1.0,0.4659136433650723
val,2016-540,1,466,54,1.0,0.5382719591995647
val,2016-540,1,466,55,1.0,0.7128316703678297
val,2016-540,1,466,56,1.0,0.6229160814977192
val,2016-540,1,466,57,1.0,0.8651205201600184
val,2016-540,1,466,58,0.0,0.12596682990335747
val,2016-540,1,466,59,0.0,0.4903259793721608
val,2016-540,1,466,60,0.0,0.4801951522880013
val,2016-540,1,466,61,1.0,0.4172301071868909
val,2016-540,1,466,62,1.0,0.6843973653144255
val,2016-540,1,466,63,1.0,0.6706614652969011
val,2016-540,2,467,0,1.0,0.6566651599660307
val,2016-540,2,467,1,1.0,0.3585320190281851
val,2016-540,2,467,2,0.0,0.12806379376497384
val,2016-540,2,467,3,0.0,0.2178453717934181
val,2016-540,2,467,4,0.0,0.22303440519953718
val,2016-540,2,467,5,1.0,0.45958684185511023
val,2016-540,2,467,6,1.0,0.7983450226753193
val,2016-540,2,467,7,1.0,0.7310431042329933
val,2016-540,2,467,8,1.0,0.5082226872597723
val,2016-540,2,467,9,0.0,0.10654405712001197
val,2016-540,2,467,10,1.0,0.7493819647190814
val,2016-540,2,467,11,0.0,0.22620581112536783
val,2016-540,2,467,12,0.0,0.8699856687945562
val,2016-540,2,467,13,1.0,0.2870078991455646
val,2016-540,2,467,14,1.0,0.5214002063705137
val,2016-540,2,467,15,1.0,0.5281840293639518
val,2016-540,2,467,16,1.0,0.31898532915366684
val,2016-540,2,467,17,0.0,0.2561309422669445
val,2016-540,2,467,18,0.0,0.48840700563250117
val,2016-540,2,467,19,0.0,0.7027829028051579
val,2016-540,2,467,20,0.0,0.8007311818322081
val,2016-540,2,467,21,1.0,0.8001498987435177
val,2016-540,2,467,22,1.0,0.6642763836689423
val,2016-540,2,467,23,1.0,0.32580984108512195
val,2016-540,2,467,24,1.0,0.7592968993899305
val,2016-540,2,467,25,0.0,0.8598897686396367
val,2016-540,2,467,26,1.0,0.4638697142885778
val,2016-540,2,467,27,1.0,0.513038576818004
val,2016-540,2,467,28,1.0,0.8331230830686441
val,2016-540,2,467,29,1.0,0.9101516373762127
val,2016-540,2,467,30,0.0,0.06880902924246039
val,2016-540,2,467,31,1.0,0.9500159081604116
val,2016-540,3,468,0,1.0,0.2764500363476201
val,2016-540,3,468,1,1.0,0.5572668702311937
val,2016-540,3,468,2,0.0,0.06581889635655495
val,2016-540,3,468,3,0.0,0.6918203446505267
val,2016-540,3,468,4,0.0,0.4182675408379643
val,2016-540,3,468,5,1.0,0.7838984130488937
val,2016-540,3,468,6,1.0,0.5028591294743313
val,2016-540,3,468,7,0.0,0.11964286165596597
val,2016-540,3,468,8,1.0,0.39247827172364386
val,2016-540,3,468,9,1.0,0.8540458261836352
val,2016-540,3,468,10,0.0,0.1979125304516428
val,2016-540,3,468,11,1.0,0.23058136330549686
val,2016-540,3,468,12,1.0,0.9381152519339399
val,2016-540,3,468,13,0.0,0.2053320965966741
val,2016-540,3,468,14,1.0,0.734881247088164
val,2016-540,3,468,15,1.0,0.06326421444667622
val,2016-540,4,469,0,1.0,0.863984203363257
val,2016-540,4,469,1,0.0,0.4423372905023351
val,2016-540,4,469,2,1.0,0.36550266251310665
val,2016-540,4,469,3,1.0,0.8677033171992866
val,2016-540,4,469,4,0.0,0.717636811164158
val,2016-540,4,469,5,0.0,0.1123420626713667
val,2016-540,4,469,6,0.0,0.29758520482726086
val,2016-540,4,469,7,1.0,0.5682063694975785
val,2016-540,5,470,0,1.0,0.7192294836626327
val,2016-540,5,470,1,0.0,0.1308859216074258
val,2016-540,5,470,2,0.0,0.20459636229998238
val,2016-540,5,470,3,1.0,0.8340756571908708
val,2016-540,6,471,0,0.0,0.3626429163112147
val,2016-540,6,471,1,1.0,0.37846504620606275
val,2016-540,7,472,0,0.0,0.34151798902655683
val,2016-560,1,485,0,0.0,0.09932257938140568
val,2016-560,1,485,1,1.0,0.5220945671537977
val,2016-560,1,485,2,1.0,0.5771667036880608
val,2016-560,1,485,3,0.0,0.40335758038985553
val,2016-560,1,485,4,0.0,0.527388119649629
val,2016-560,1,485,5,1.0,0.797789208996277
val,2016-560,1,485,6,1.0,0.7398061575955993
val,2016-560,1,485,7,1.0,0.6829124266623446
val,2016-560,1,485,8,1.0,0.5290462726066832
val,2016-560,1,485,9,0.0,0.48759559466085983
val,2016-560,1,485,10,1.0,0.5429489056988686
val,2016-560,1,485,11,0.0,0.5264424258422453
val,2016-560,1,485,12,1.0,0.6466404635804581
val,2016-560,1,485,13,1.0,0.8924412650911604
val,2016-560,1,485,14,1.0,0.8770798366586571
val,2016-560,1,485,15,1.0,0.6608775232702568
val,2016-560,1,485,16,1.0,0.6929902722217167
val,2016-560,1,485,17,0.0,0.22376126971442206
val,2016-560,1,485,18,1.0,0.8338050771241245
val,2016-560,1,485,19,0.0,0.2563375008456915
val,2016-560,1,485,20,1.0,0.3966373573339203
val,2016-560,1,485,21,1.0,0.9207918653966372
val,2016-560,1,485,22,1.0,0.1582285734467816
val,2016-560,1,485,23,1.0,0.3323672409326176
val,2016-560,1,485,24,0.0,0.44247362798493467
val,2016-560,1,485,25,0.0,0.12765545337272283
val,2016-560,1,485,26,0.0,0.4214448628310882
val,2016-560,1,485,27,0.0,0.44363153735369426
val,2016-560,1,485,28,1.0,0.7551821237909792
val,2016-560,1,485,29,1.0,0.940403102032359
val,2016-560,1,485,30,0.0,0.689116819541993
val,2016-560,1,485,31,1.0,0.3485605394116825
val,2016-560,1,485,32,1.0,0.7537694632840711
val,2016-560,1,485,33,0.0,0.2313883944876061
val,2016-560,1,485,34,0.0,0.4558292477183345
val,2016-560,1,485,35,0.0,0.2157851762306016
val,2016-560,1,485,36,1.0,0.8719120577973439
val,2016-560,1,485,37,0.0,0.14482451383649864
val,2016-560,1,485,38,1.0,0.639871122326678
val,2016-560,1,485,39,1.0,0.7574695134296098
val,2016-560,1,485,40,1.0,0.1669386261698598
val,2016-560,1,485,41,0.0,0.27629349235316675
val,2016-560,1,485,42,0.0,0.3688541804108237
val,2016-560,1,485,43,0.0,0.4219673037555435
val,2016-560,1,485,44,1.0,0.8995467650983603
val,2016-560,1,485,45,1.0,0.6930816360802465
val,2016-560,1,485,46,1.0,0.4694689030934461
val,2016-560,1,485,47,0.0,0.13003886710162857
val,2016-560,1,485,48,1.0,0.7771740227159472
val,2016-560,1,485,49,1.0,0.3775843294371402
val,2016-560,1,485,50,0.0,0.6018244182744384
val,2016-560,1,485,51,1.0,0.41107058374187094
val,2016-560,1,485,52,0.0,0.7233526415219926
val,2016-560,1,485,53,1.0,0.2711210272504373
val,2016-560,1,485,54,0.0,0.30805541027923206
val,2016-560,1,485,55,1.0,0.5148901085996042
val,2016-560,1,485,56,1.0,0.6751498700679079
val,2016-560,1,485,57,1.0,0.7403455929833829
val,2016-560,1,485,58,1.0,0.6974844975910587
val,2016-560,1,485,59,0.0,0.5979034535475537
val,2016-560,1,485,60,1.0,0.3692824942941638
val,2016-560,1,485,61,1.0,0.31838342878644305
val,2016-560,1,485,62,0.0,0.34835758054238214
val,2016-560,1,485,63,1.0,0.7679839049730702
val,2016-560,2,486,0,0.0,0.6247410734356663
val,2016-560,2,486,1,0.0,0.2516635917775249
val,2016-560,2,486,2,1.0,0.7685954603871687
val,2016-560,2,486,3,0.0,0.6115649886340965
val,2016-560,2,486,4,1.0,0.34009391118499327
val,2016-560,2,486,5,1.0,0.9323140930214823
val,2016-560,2,486,6,1.0,0.28204831503118444
val,2016-560,2,486,7,0.0,0.40210954356100714
val,2016-560,2,486,8,0.0,0.4471326290792374
val,2016-560,2,486,9,0.0,0.6796853989107546
val,2016-560,2,486,10,0.0,0.3462411258148057
val,2016-560,2,486,11,1.0,0.6585461151955071
val,2016-560,2,486,12,0.0,0.0719596201063689
val,2016-560,2,486,13,0.0,0.19739659694428743
val,2016-560,2,486,14,0.0,0.278466774908074
val,2016-560,2,486,15,0.0,0.574539731322208
val,2016-560,2,486,16,0.0,0.5231776623014495
val,2016-560,2,486,17,1.0,0.8942450640032858
val,2016-560,2,486,18,0.0,0.19847889326889046
val,2016-560,2,486,19,0.0,0.2632636270097221
val,2016-560,2,486,20,0.0,0.5580008010971015
val,2016-560,2,486,21,1.0,0.8565696944346256
val,2016-560,2,486,22,0.0,0.20665526479238377
val,2016-560,2,486,23,1.0,0.8081347033131011
val,2016-560,2,486,24,1.0,0.19263421894385055
val,2016-560,2,486,25,0.0,0.12211245149947675
val,2016-560,2,486,26,1.0,0.6638822428311586
val,2016-560,2,486,27,0.0,0.1565331506530317
val,2016-560,2,486,28,1.0,0.11720328182472096
val,2016-560,2,486,29,0.0,0.11584664886884083
val,2016-560,2,486,30,0.0,0.3300069388688789
val,2016-560,2,486,31,1.0,0.9405479880596375
val,2016-560,3,487,0,0.0,0.7610920861161529
val,2016-560,3,487,1,1.0,0.17427826365642085
val,2016-560,3,487,2,0.0,0.07724234483573311
val,2016-560,3,487,3,0.0,0.24769903151221
val,2016-560,3,487,4,1.0,0.6945227286885527
val,2016-560,3,487,5,0.0,0.14448669715649054
val,2016-560,3,487,6,0.0,0.08348506195345679
val,2016-560,3,487,7,0.0,0.8592046352480364
val,2016-560,3,487,8,0.0,0.2618485587026192
val,2016-560,3,487,9,1.0,0.5533926640804209
val,2016-560,3,487,10,0.0,0.21502469697322493
val,2016-560,3,487,11,1.0,0.22087236676398145
val,2016-560,3,487,12,1.0,0.890611768043041
val,2016-560,3,487,13,0.0,0.683784410633145
val,2016-560,3,487,14,1.0,0.6609449146979492
val,2016-560,3,487,15,0.0,0.07033336817892993
val,2016-560,4,488,0,1.0,0.7570975491821201
val,2016-560,4,488,1,0.0,0.16740241729752567
val,2016-560,4,488,2,0.0,0.10068969093914146
val,2016-560,4,488,3,1.0,0.24842674721324454
val,2016-560,4,488,4,1.0,0.8013805137265317
val,2016-560,4,488,5,1.0,0.11450118919227607
val,2016-560,4,488,6,0.0,0.24546187465022032
val,2016-560,4,488,7,0.0,0.046942239157190986
val,2016-560,5,489,0,1.0,0.34127145275949045
val,2016-560,5,489,1,0.0,0.12945858816302638
val,2016-560,5,489,2,1.0,0.7774151546949231
val,2016-560,5,489,3,1.0,0.7992126076840707
val,2016-560,6,490,0,1.0,0.4962878906450382
val,2016-560,6,490,1,1.0,0.8398155142133111
val,2016-560,7,491,0,0.0,0.7585642446382738
val,2016-580,1,420,0,0.0,0.05930351221100367
val,2016-580,1,420,1,0.0,0.4688647773253445
val,2016-580,1,420,2,1.0,0.5900043056377002
val,2016-580,1,420,3,1.0,0.7233062466684673
val,2016-580,1,420,4,0.0,0.6151910403985492
val,2016-580,1,420,5,1.0,0.562962600022137
val,2016-580,1,420,6,0.0,0.15623209672007746
val,2016-580,1,420,7,0.0,0.34543173533738725
val,2016-580,1,420,8,0.0,0.46046608606605827
val,2016-580,1,420,9,1.0,0.4585172241638548
val,2016-580,1,420,10,0.0,0.4975363140617598
val,2016-580,1,420,11,1.0,0.8224023468926291
val,2016-580,1,420,12,0.0,0.4999897628227462
val,2016-580,1,420,13,1.0,0.7726214454021014
val,2016-580,1,420,14,0.0,0.05543608587245942
val,2016-580,1,420,15,0.0,0.27694703260517173
val,2016-580,1,420,16,1.0,0.5106900400544183
val,2016-580,1,420,17,1.0,0.4447245179071623
val,2016-580,1,420,18,0.0,0.3710317067769416
val,2016-580,1,420,19,1.0,0.3571728702331924
val,2016-580,1,420,20,1.0,0.29453235676062783
val,2016-580,1,420,21,1.0,0.38025059733251154
val,2016-580,1,420,22,0.0,0.1593028222582385
val,2016-580,1,420,23,0.0,0.25814860416909124
val,2016-580,1,420,24,1.0,0.6869113561643442
val,2016-580,1,420,25,0.0,0.7282908119969386
val,2016-580,1,420,26,1.0,0.40075227735997077
val,2016-580,1,420,27,1.0,0.6644090755822358
val,2016-580,1,420,28,1.0,0.6033663926055254
val,2016-580,1,420,29,1.0,0.24257771722222407
val,2016-580,1,420,30,1.0,0.9652672836599773
val,2016-580,1,420,31,0.0,0.3268109454108776
val,2016-580,1,420,32,1.0,0.26052782928333623
val,2016-580,1,420,33,0.0,0.7908224894147821
val,2016-580,1,420,34,1.0,0.13091209588406771
val,2016-580,1,420,35,1.0,0.9345573722148621
val,2016-580,1,420,36,1.0,0.5436841816940264
val,2016-580,1,420,37,0.0,0.7620815137660042
val,2016-580,1,420,38,0.0,0.6190699655342528
val,2016-580,1,420,39,1.0,0.69937731251362
val,2016-580,1,420,40,1.0,0.711278754273165
val,2016-580,1,420,41,1.0,0.6942471906965357
val,2016-580,1,420,42,0.0,0.5312100840875863
val,2016-580,1,420,43,1.0,0.863869951023432
val,2016-580,1,420,44,0.0,0.43500831545683033
val,2016-580,1,420,45,1.0,0.7241682243145097
val,2016-580,1,420,46,1.0,0.5963420039258864
val,2016-580,1,420,47,0.0,0.07999176123149603
val,2016-580,1,420,48,1.0,0.8754111496574346
val,2016-580,1,420,49,1.0,0.580036252952984
val,2016-580,1,420,50,0.0,0.23995152585503374
val,2016-580,1,420,51,1.0,0.4287672816395748
val,2016-580,1,420,52,1.0,0.6625115082735981
val,2016-580,1,420,53,1.0,0.5127394753828334
val,2016-580,1,420,54,1.0,0.5893005574483631
val,2016-580,1,420,55,0.0,0.17556122864511542
val,2016-580,1,420,56,1.0,0.6622916038960162
val,2016-580,1,420,57,0.0,0.30143252562189177
val,2016-580,1,420,58,0.0,0.12815825220114394
val,2016-580,1,420,59,0.0,0.20038204989092923
val,2016-580,1,420,60,0.0,0.509185165820854
val,2016-580,1,420,61,0.0,0.2639263298361477
val,2016-580,1,420,62,0.0,0.20671440716391834
val,2016-580,1,420,63,1.0,0.13438162129809475
val,2016-580,2,421,0,1.0,0.47631730598346667
val,2016-580,2,421,1,0.0,0.4001124519718782
val,2016-580,2,421,2,1.0,0.6554333832892808
val,2016-580,2,421,3,0.0,0.40903422877755086
val,2016-580,2,421,4,1.0,0.7023990778353647
val,2016-580,2,421,5,0.0,0.1309832734264431
val,2016-580,2,421,6,1.0,0.33798409675857943
val,2016-580,2,421,7,0.0,0.5151856973250757
val,2016-580,2,421,8,1.0,0.8462489278009148
val,2016-580,2,421,9,1.0,0.7287754471088944
val,2016-580,2,421,10,0.0,0.3688076858755408
val,2016-580,2,421,11,0.0,0.7544793459410372
val,2016-580,2,421,12,0.0,0.13142310773905577
val,2016-580,2,421,13,0.0,0.7266249253727147
val,2016-580,2,421,14,1.0,0.7000461447824065
val,2016-580,2,421,15,0.0,0.41412401850782954
val,2016-580,2,421,16,1.0,0.7647997827149148
val,2016-580,2,421,17,0.0,0.24877877098884513
val,2016-580,2,421,18,1.0,0.7378682091781235
val,2016-580,2,421,19,1.0,0.5186506788544267
val,2016-580,2,421,20,0.0,0.10076324836806841
val,2016-580,2,421,21,0.0,0.16417529873425035
val,2016-580,2,421,22,1.0,0.8984303761256872
val,2016-580,2,421,23,0.0,0.3390552451936855
val,2016-580,2,421,24,0.0,0.0834784942073534
val,2016-580,2,421,25,1.0,0.8189292629736306
val,2016-580,2,421,26,0.0,0.5164459530980814
val,2016-580,2,421,27,1.0,0.7050958049330859
val,2016-580,2,421,28,1.0,0.935105270753025
val,2016-580,2,421,29,0.0,0.08107901711442436
val,2016-580,2,421,30,1.0,0.9695278711982711
val,2016-580,2,421,31,1.0,0.593099651835949
val,2016-580,3,422,0,0.0,0.4583916203243289
val,2016-580,3,422,1,1.0,0.8009631152085865
val,2016-580,3,422,2,0.0,0.10646205943433491
val,2016-580,3,422,3,0.0,0.2351680933088066
val,2016-580,3,422,4,1.0,0.8681372878814017
val,2016-580,3,422,5,0.0,0.15199102522434885
val,2016-580,3,422,6,1.0,0.8114511272541176
val,2016-580,3,422,7,0.0,0.2713018878935624
val,2016-580,3,422,8,1.0,0.5262538767595328
val,2016-580,3,422,9,0.0,0.14559039669072146
val,2016-580,3,422,10,1.0,0.4737763033523302
val,2016-580,3,422,11,0.0,0.42688972760515065
val,2016-580,3,422,12,1.0,0.7471369572781592
val,2016-580,3,422,13,1.0,0.810290865264597
val,2016-580,3,422,14,1.0,0.8903245206527062
val,2016-580,3,422,15,0.0,0.09228212936375882
val,2016-580,4,423,0,0.0,0.13703799737114009
val,2016-580,4,423,1,1.0,0.6777735946736902
val,2016-580,4,423,2,1.0,0.39372044997770167
val,2016-580,4,423,3,1.0,0.7162145110800407
val,2016-580,4,423,4,1.0,0.7334018363079242
val,2016-580,4,423,5,0.0,0.13604975161947655
val,2016-580,4,423,6,0.0,0.5090520680567547
val,2016-580,4,423,7,0.0,0.15212447481786812
val,2016-580,5,424,0,1.0,0.6000858970873746
val,2016-580,5,424,1,1.0,0.7244274244994064
val,2016-580,5,424,2,0.0,0.3820645708976371
val,2016-580,5,424,3,1.0,0.7993732585614037
val,2016-580,6,425,0,0.0,0.3163356623622147
val,2016-580,6,425,1,1.0,0.6490942225982453
val,2016-580,7,426,0,1.0,0.6737863316613332
val,2016-M006,1,427,0,0.0,0.2798146527009212
val,2016-M006,1,427,1,1.0,0.6193257231087501
val,2016-M006,1,427,2,0.0,0.5114262692978209
val,2016-M006,1,427,3,1.0,0.6038140387563133
val,2016-M006,1,427,4,1.0,0.6762575128124543
val,2016-M006,1,427,5,1.0,0.6784924354012791
val,2016-M006,1,427,6,1.0,0.5629967634691584
val,2016-M006,1,427,7,0.0,0.3942050591673033
val,2016-M006,1,427,8,1.0,0.4745097803592216
val,2016-M006,1,427,9,0.0,0.482103055463347
val,2016-M006,1,427,10,0.0,0.4921508759622486
val,2016-M006,1,427,11,1.0,0.6774812462168539
val,2016-M006,1,427,12,1.0,0.3671297342750836
val,2016-M006,1,427,13,1.0,0.5177316977727963
val,2016-M006,1,427,14,0.0,0.4475225003442699
val,2016-M006,1,427,15,0.0,0.4292218744043768
val,2016-M006,1,427,16,1.0,0.25901694261325764
val,2016-M006,1,427,17,0.0,0.4538043287186411
val,2016-M006,1,427,18,1.0,0.6579250951403153
val,2016-M006,1,427,19,1.0,0.4322417575793547
val,2016-M006,1,427,20,1.0,0.3266649535446472
val,2016-M006,1,427,21,0.0,0.22836306587408242
val,2016-M006,1,427,22,1.0,0.6815838397042321
val,2016-M006,1,427,23,1.0,0.536613211375555
val,2016-M006,1,427,24,1.0,0.5215773806576585
val,2016-M006,1,427,25,0.0,0.6782362311722281
val,2016-M006,1,427,26,1.0,0.42488800497623114
val,2016-M006,1,427,27,1.0,0.41750185045218496
val,2016-M006,1,427,28,1.0,0.6741730274935143
val,2016-M006,1,427,29,0.0,0.6218208500389669
val,2016-M006,1,427,30,1.0,0.38345124517034623
val,2016-M006,1,427,31,0.0,0.6869071422604083
val,2016-M006,2,428,0,1.0,0.7033752809266319
val,2016-M006,2,428,1,1.0,0.9400603170292783
val,2016-M006,2,428,2,0.0,0.3150151075546854
val,2016-M006,2,428,3,0.0,0.3731693721949049
val,2016-M006,2,428,4,1.0,0.14817435047927516
val,2016-M006,2,428,5,0.0,0.3011658801693085
val,2016-M006,2,428,6,0.0,0.3317585717149733
val,2016-M006,2,428,7,1.0,0.8773921309630924
val,2016-M006,2,428,8,0.0,0.12757247718507503
val,2016-M006,2,428,9,0.0,0.37491423098076493
val,2016-M006,2,428,10,1.0,0.7094990558265429
val,2016-M006,2,428,11,0.0,0.5135277094632346
val,2016-M006,2,428,12,1.0,0.650186539670579
val,2016-M006,2,428,13,1.0,0.754099073689089
val,2016-M006,2,428,14,0.0,0.1942420368652442
val,2016-M006,2,428,15,0.0,0.22285373176122372
val,2016-M006,2,428,16,0.0,0.3272499439648958
val,2016-M006,2,428,17,0.0,0.4878901024800803
val,2016-M006,2,428,18,0.0,0.32640410633174605
val,2016-M006,2,428,19,1.0,0.7530340713299561
val,2016-M006,2,428,20,0.0,0.2235561305363275
val,2016-M006,2,428,21,0.0,0.6044929695875478
val,2016-M006,2,428,22,0.0,0.7158094003816146
val,2016-M006,2,428,23,1.0,0.8875791221790655
val,2016-M006,2,428,24,1.0,0.46220907260656446
val,2016-M006,2,428,25,1.0,0.7083339292135142
val,2016-M006,2,428,26,1.0,0.8918906071359631
val,2016-M006,2,428,27,1.0,0.689732608268648
val,2016-M006,2,428,28,0.0,0.16404703582598823
val,2016-M006,2,428,29,0.0,0.5612975691486864
val,2016-M006,2,428,30,1.0,0.8186472414433551
val,2016-M006,2,428,31,1.0,0.469940674142292
val,2016-M006,3,429,0,0.0,0.27200906742092384
val,2016-M006,3,429,1,1.0,0.7973481694332842
val,2016-M006,3,429,2,0.0,0.36068950720639137
val,2016-M006,3,429,3,1.0,0.6853143762071221
val,2016-M006,3,429,4,1.0,0.7237141676975833
val,2016-M006,3,429,5,1.0,0.8412156644429989
val,2016-M006,3,429,6,0.0,0.8351608262918364
val,2016-M006,3,429,7,1.0,0.7962481497431754
val,2016-M006,3,429,8,0.0,0.4995980710078564
val,2016-M006,3,429,9,1.0,0.1308496645929407
val,2016-M006,3,429,10,1.0,0.8451351931983142
val,2016-M006,3,429,11,0.0,0.25292115441475205
val,2016-M006,3,429,12,1.0,0.6601657583519647
val,2016-M006,3,429,13,1.0,0.8364442329686068
val,2016-M006,3,429,14,0.0,0.48324185036380196
val,2016-M006,3,429,15,0.0,0.2252462553238723
val,2016-M006,4,430,0,1.0,0.7747113311200854
val,2016-M006,4,430,1,1.0,0.23380605691944756
val,2016-M006,4,430,2,0.0,0.09005235255686377
val,2016-M006,4,430,3,0.0,0.4239768636324801
val,2016-M006,4,430,4,0.0,0.5655950815903643
val,2016-M006,4,430,5,0.0,0.24819737738990547
val,2016-M006,4,430,6,0.0,0.5705366573519528
val,2016-M006,4,430,7,1.0,0.699528848118134
val,2016-M006,5,431,0,1.0,0.7216368275162341
val,2016-M006,5,431,1,0.0,0.3589379755887175
val,2016-M006,5,431,2,0.0,0.6308719903570307
val,2016-M006,5,431,3,0.0,0.30927071240578957
val,2016-M006,6,432,0,0.0,0.3921964696858903
val,2016-M006,6,432,1,1.0,0.7291626514875327
val,2016-M006,7,433,0,1.0,0.7060620798450211
val,2016-M007,1,434,0,0.0,0.30565975585643407
val,2016-M007,1,434,1,1.0,0.5409673298033341
val,2016-M007,1,434,2,0.0,0.5736929584425714
val,2016-M007,1,434,3,0.0,0.6946651194841196
val,2016-M007,1,434,4,1.0,0.34629514506226433
val,2016-M007,1,434,5,0.0,0.3242569110696864
val,2016-M007,1,434,6,0.0,0.2806569938686838
val,2016-M007,1,434,7,0.0,0.38314294209302563
val,2016-M007,1,434,8,1.0,0.6907228156455227
val,2016-M007,1,434,9,0.0,0.2468627298939008
val,2016-M007,1,434,10,1.0,0.4978800830294229
val,2016-M007,1,434,11,0.0,0.6689650709586494
val,2016-M007,1,434,12,1.0,0.6260057671599953
val,2016-M007,1,434,13,0.0,0.3128487737150223
val,2016-M007,1,434,14,0.0,0.3948509666972391
val,2016-M007,1,434,15,0.0,0.6332447140647285
val,2016-M007,1,434,16,0.0,0.6145320308029675
val,2016-M007,1,434,17,1.0,0.6616196986127265
val,2016-M007,1,434,18,0.0,0.4402722030135941
val,2016-M007,1,434,19,1.0,0.6640521853207417
val,2016-M007,1,434,20,0.0,0.5009010953048265
val,2016-M007,1,434,21,1.0,0.6924635229641204
val,2016-M007,1,434,22,0.0,0.3688588823845865
val,2016-M007,1,434,23,1.0,0.6965537944572423
val,2016-M007,1,434,24,0.0,0.615895838144913
val,2016-M007,1,434,25,0.0,0.3697254918708953
val,2016-M007,1,434,26,1.0,0.5018268698566545
val,2016-M007,1,434,27,1.0,0.4995329562048388
val,2016-M007,1,434,28,0.0,0.40451470506661674
val,2016-M007,1,434,29,0.0,0.4963637235588939
val,2016-M007,1,434,30,1.0,0.6273344521749099
val,2016-M007,1,434,31,1.0,0.4578484314419944
val,2016-M007,2,435,0,1.0,0.463519898316527
val,2016-M007,2,435,1,0.0,0.04112585957133534
val,2016-M007,2,435,2,0.0,0.8560833818228605
val,2016-M007,2,435,3,1.0,0.6469110728783286
val,2016-M007,2,435,4,0.0,0.2847107228167721
val,2016-M007,2,435,5,0.0,0.5828394854961304
val,2016-M007,2,435,6,0.0,0.36241188101432953
val,2016-M007,2,435,7,1.0,0.8990601705153451
val,2016-M007,2,435,8,1.0,0.37624850780448676
val,2016-M007,2,435,9,1.0,0.44410463375255943
val,2016-M007,2,435,10,1.0,0.7138614254343338
val,2016-M007,2,435,11,1.0,0.5441849686144284
val,2016-M007,2,435,12,1.0,0.7596987287570002
val,2016-M007,2,435,13,1.0,0.3681576441270129
val,2016-M007,2,435,14,0.0,0.2230578408726967
val,2016-M007,2,435,15,1.0,0.9200875629206127
val,2016-M007,2,435,16,0.0,0.9301500640147429
val,2016-M007,2,435,17,1.0,0.6032638592401465
val,2016-M007,2,435,18,0.0,0.5070166773385962
val,2016-M007,2,435,19,1.0,0.8454922557903088
val,2016-M007,2,435,20,0.0,0.7981463559139446
val,2016-M007,2,435,21,0.0,0.4293162954154577
val,2016-M007,2,435,22,1.0,0.5326915266389943
val,2016-M007,2,435,23,0.0,0.8705946958229271
val,2016-M007,2,435,24,1.0,0.5564938840443673
val,2016-M007,2,435,25,0.0,0.22381759539181106
val,2016-M007,2,435,26,1.0,0.8070168653076136
val,2016-M007,2,435,27,1.0,0.8013046053566847
val,2016-M007,2,435,28,1.0,0.8712344708399942
val,2016-M007,2,435,29,0.0,0.2011829401770236
val,2016-M007,2,435,30,1.0,0.8779788566315062
val,2016-M007,2,435,31,0.0,0.3812440402420403
val,2016-M007,3,436,0,1.0,0.4044805963011375
val,2016-M007,3,436,1,1.0,0.35635273569598197
val,2016-M007,3,436,2,1.0,0.7083860513780316
val,2016-M007,3,436,3,0.0,0.4087209949175451
val,2016-M007,3,436,4,0.0,0.2773867979435597
val,2016-M007,3,436,5,1.0,0.7893663308566332
val,2016-M007,3,436,6,0.0,0.5691294682180729
val,2016-M007,3,436,7,1.0,0.5257937585857216
val,2016-M007,3,436,8,1.0,0.9316656880006178
val,2016-M007,3,436,9,0.0,0.2634325782943612
val,2016-M007,3,436,10,1.0,0.7350095446721502
val,2016-M007,3,436,11,1.0,0.8525567000573071
val,2016-M007,3,436,12,0.0,0.7621175154145173
val,2016-M007,3,436,13,1.0,0.6159474346134519
val,2016-M007,3,436,14,0.0,0.8789589589109663
val,2016-M007,3,436,15,0.0,0.7161360606711278
val,2016-M007,4,437,0,0.0,0.3545322943093852
val,2016-M007,4,437,1,0.0,0.08543712571841808
val,2016-M007,4,437,2,0.0,0.34429485635216334
val,2016-M007,4,437,3,1.0,0.7323396775207288
val,2016-M007,4,437,4,0.0,0.2039022663371536
val,2016-M007,4,437,5,0.0,0.1406476488213489
val,2016-M007,4,437,6,0.0,0.42079923899874366
val,2016-M007,4,437,7,1.0,0.3741027284566176
val,2016-M007,5,438,0,0.0,0.2540369385082826
val,2016-M007,5,438,1,0.0,0.6490269767103732
val,2016-M007,5,438,2,1.0,0.19710360577945563
val,2016-M007,5,438,3,0.0,0.3168674844342086
val,2016-M007,6,439,0,1.0,0.8959121483648714
val,2016-M007,6,439,1,1.0,0.7971533850400385
val,2016-M007,7,440,0,0.0,0.21606562652378716
val,2016-M009,2,453,0,0.0,0.2629090645641576
val,2016-M009,2,453,1,0.0,0.2083212319341068
val,2016-M009,2,453,2,0.0,0.36129381760040563
val,2016-M009,2,453,3,0.0,0.2990681971356063
val,2016-M009,2,453,4,0.0,0.5380409535428984
val,2016-M009,2,453,5,1.0,0.475204394379416
val,2016-M009,2,453,6,1.0,0.5189337224198627
val,2016-M009,2,453,7,0.0,0.5494162636767675
val,2016-M009,2,453,8,0.0,0.08875450310688938
val,2016-M009,2,453,9,0.0,0.6328470056197237
val,2016-M009,2,453,10,0.0,0.3945704161426423
val,2016-M009,2,453,11,0.0,0.45811472192355834
val,2016-M009,2,453,12,0.0,0.48006684059836363
val,2016-M009,2,453,13,0.0,0.24680838665689117
val,2016-M009,2,453,14,1.0,0.4979676073489237
val,2016-M009,2,453,15,0.0,0.4281043899037288
val,2016-M009,2,453,16,0.0,0.7577585287344195
val,2016-M009,2,453,17,1.0,0.47623249898770376
val,2016-M009,2,453,18,0.0,0.19537739764623197
val,2016-M009,2,453,19,0.0,0.20062499863268227
val,2016-M009,2,453,20,0.0,0.8374020266873813
val,2016-M009,2,453,21,0.0,0.21652114141815057
val,2016-M009,2,453,22,1.0,0.4273890897629752
val,2016-M009,2,453,23,1.0,0.9119714343457939
val,2016-M009,3,454,0,1.0,0.9457512760808072
val,2016-M009,3,454,1,1.0,0.527154786498868
val,2016-M009,3,454,2,0.0,0.7924242387591136
val,2016-M009,3,454,3,0.0,0.15669572669911677
val,2016-M009,3,454,4,0.0,0.1756546684861714
val,2016-M009,3,454,5,1.0,0.5707415316777219
val,2016-M009,3,454,6,1.0,0.7038162501634682
val,2016-M009,3,454,7,1.0,0.8220534541663692
val,2016-M009,3,454,8,0.0,0.6628398654327342
val,2016-M009,3,454,9,1.0,0.923443782102787
val,2016-M009,3,454,10,0.0,0.7188893251085074
val,2016-M009,3,454,11,0.0,0.18155900213474815
val,2016-M009,3,454,12,0.0,0.1461573571722432
val,2016-M009,3,454,13,1.0,0.6015655522257469
val,2016-M009,3,454,14,1.0,0.41398096895659214
val,2016-M009,3,454,15,0.0,0.10475807738091669
val,2016-M009,4,455,0,0.0,0.20840361425073703
val,2016-M009,4,455,1,1.0,0.24747808481252478
val,2016-M009,4,455,2,0.0,0.8661043988255547
val,2016-M009,4,455,3,0.0,0.39743969599134693
val,2016-M009,4,455,4,1.0,0.15086878550572044
val,2016-M009,4,455,5,1.0,0.8745202735494447
val,2016-M009,4,455,6,1.0,0.9364116729740221
val,2016-M009,4,455,7,1.0,0.16525684107094255
val,2016-M009,5,456,0,1.0,0.8062727431281513
val,2016-M009,5,456,1,0.0,0.5866506693378449
val,2016-M009,5,456,2,1.0,0.7636308750565416
val,2016-M009,5,456,3,0.0,0.36299811010074595
val,2016-M009,6,457,0,0.0,0.09801871622001955
val,2016-M009,6,457,1,1.0,0.7784686973970629
val,2016-M009,7,458,0,1.0,0.3219045322043059
val,2016-M021,2,447,0,1.0,0.7370786189008152
val,2016-M021,2,447,1,0.0,0.5683839329950771
val,2016-M021,2,447,2,0.0,0.8035131427236879
val,2016-M021,2,447,3,0.0,0.21332664001535384
val,2016-M021,2,447,4,0.0,0.1731095102317974
val,2016-M021,2,447,5,0.0,0.5679097292248056
val,2016-M021,2,447,6,1.0,0.5391532424010159
val,2016-M021,2,447,7,1.0,0.5710315321815315
val,2016-M021,2,447,8,0.0,0.4963002530457302
val,2016-M021,2,447,9,0.0,0.6316994686412053
val,2016-M021,2,447,10,0.0,0.7122653329498612
val,2016-M021,2,447,11,1.0,0.6188455878189617
val,2016-M021,2,447,12,1.0,0.445454531523728
val,2016-M021,2,447,13,0.0,0.34806670818193153
val,2016-M021,2,447,14,0.0,0.5615126931520229
val,2016-M021,2,447,15,1.0,0.5934650320872028
val,2016-M021,2,447,16,0.0,0.16144618773482974
val,2016-M021,2,447,17,1.0,0.7341448868356689
val,2016-M021,2,447,18,1.0,0.2814121042457024
val,2016-M021,2,447,19,1.0,0.6860363755574311
val,2016-M021,2,447,20,1.0,0.3184099783340725
val,2016-M021,2,447,21,1.0,0.5019916716417121
val,2016-M021,2,447,22,0.0,0.1101761110424814
val,2016-M021,2,447,23,0.0,0.3319535243427355
val,2016-M021,3,448,0,0.0,0.5168025197354211
val,2016-M021,3,448,1,1.0,0.7327925518805078
val,2016-M021,3,448,2,1.0,0.8257434393124258
val,2016-M021,3,448,3,1.0,0.1726488177646774
val,2016-M021,3,448,4,0.0,0.7612169687954007
val,2016-M021,3,448,5,1.0,0.5761188904706509
val,2016-M021,3,448,6,0.0,0.27199522160133344
val,2016-M021,3,448,7,0.0,0.08703045458756782
val,2016-M021,3,448,8,0.0,0.057856745500734906
val,2016-M021,3,448,9,1.0,0.6425762089684306
val,2016-M021,3,448,10,0.0,0.4015708201216202
val,2016-M021,3,448,11,1.0,0.43293153752699587
val,2016-M021,3,448,12,1.0,0.8699652804367342
val,2016-M021,3,448,13,0.0,0.15403471496716292
val,2016-M021,3,448,14,0.0,0.20619391304749324
val,2016-M021,3,448,15,0.0,0.11128354492670395
val,2016-M021,4,449,0,1.0,0.7297969234922029
val,2016-M021,4,449,1,0.0,0.5509684192968214
val,2016-M021,4,449,2,0.0,0.10001612213216335
val,2016-M021,4,449,3,1.0,0.6117643064845194
val,2016-M021,4,449,4,0.0,0.4025624961099499
val,2016-M021,4,449,5,1.0,0.5411578322594635
val,2016-M021,4,449,6,0.0,0.15297897242439046
val,2016-M021,4,449,7,0.0,0.490759984109034
val,2016-M021,5,450,0,0.0,0.20380244881715218
val,2016-M021,5,450,1,0.0,0.4124251312521385
val,2016-M021,5,450,2,1.0,0.8959770694419269
val,2016-M021,5,450,3,0.0,0.22880679890848007
val,2016-M021,6,451,0,0.0,0.5661665980637584
val,2016-M021,6,451,1,1.0,0.7730371674043424
val,2016-M021,7,452,0,1.0,0.6753073225676256
val,2016-M024,2,479,0,1.0,0.743627364552647
val,2016-M024,2,479,1,0.0,0.6513659292620628
val,2016-M024,2,479,2,0.0,0.4804023281747122
val,2016-M024,2,479,3,0.0,0.12248959856397908
val,2016-M024,2,479,4,1.0,0.17023052073284378
val,2016-M024,2,479,5,0.0,0.4263618484763619
val,2016-M024,2,479,6,0.0,0.8563271550302609
val,2016-M024,2,479,7,0.0,0.5369004816308449
val,2016-M024,2,479,8,0.0,0.36320436216431023
val,2016-M024,2,479,9,1.0,0.6217302419094229
val,2016-M024,2,479,10,1.0,0.5963940037437273
val,2016-M024,2,479,11,0.0,0.5256693493235578
val,2016-M024,2,479,12,0.0,0.5530833034054982
val,2016-M024,2,479,13,1.0,0.7801926812781579
val,2016-M024,2,479,14,1.0,0.43971326056004045
val,2016-M024,2,479,15,1.0,0.48600252727154
val,2016-M024,2,479,16,1.0,0.605028408892872
val,2016-M024,2,479,17,0.0,0.29542736806550385
val,2016-M024,2,479,18,0.0,0.4603356062217485
val,2016-M024,2,479,19,1.0,0.7228804288769843
val,2016-M024,2,479,20,1.0,0.637792642843567
val,2016-M024,2,479,21,1.0,0.3402866965308176
val,2016-M024,2,479,22,1.0,0.22627170093731558
val,2016-M024,2,479,23,0.0,0.1700372142108824
val,2016-M024,3,480,0,0.0,0.6406377466105713
val,2016-M024,3,480,1,0.0,0.11386953365126556
val,2016-M024,3,480,2,1.0,0.40387019915706096
val,2016-M024,3,480,3,0.0,0.18734019854783407
val,2016-M024,3,480,4,0.0,0.3986556742578285
val,2016-M024,3,480,5,1.0,0.31802461950954675
val,2016-M024,3,480,6,0.0,0.21980607631486168
val,2016-M024,3,480,7,0.0,0.2508909380552565
val,2016-M024,3,480,8,0.0,0.19102759754662169
val,2016-M024,3,480,9,1.0,0.651606499444397
val,2016-M024,3,480,10,1.0,0.3489878321548113
val,2016-M024,3,480,11,1.0,0.8825081609031985
val,2016-M024,3,480,12,1.0,0.511618983430545
val,2016-M024,3,480,13,1.0,0.9087382859796793
val,2016-M024,3,480,14,0.0,0.4756697305749177
val,2016-M024,3,480,15,1.0,0.9069354408055802
val,2016-M024,4,481,0,1.0,0.33943958310025657
val,2016-M024,4,481,1,0.0,0.7945093279435075
val,2016-M024,4,481,2,0.0,0.7075870872126322
val,2016-M024,4,481,3,1.0,0.38164432562264233
val,2016-M024,4,481,4,0.0,0.09270550311292543
val,2016-M024,4,481,5,1.0,0.21938199533320407
val,2016-M024,4,481,6,1.0,0.7946021623077688
val,2016-M024,4,481,7,0.0,0.8885374218771072
val,2016-M024,5,482,0,1.0,0.7236555397258668
val,2016-M024,5,482,1,1.0,0.748756035239173
val,2016-M024,5,482,2,1.0,0.7345929460115344
val,2016-M024,5,482,3,0.0,0.14603545463358245
val,2016-M024,6,483,0,1.0,0.4294619171646843
val,2016-M024,6,483,1,0.0,0.34163952401619835
val,2016-M024,7,484,0,1.0,0.21443924616221194
